"datetime","pm_fraction","Al","Si","P","S","Cl","K","Ca","Ti","V","Cr","Mn","Fe","Co","Ni","Cu","Zn","Ga","Ge","As","Se","Br","Sr","Y","Zr","Mo","Pd","Ag","Cd","In","Sn","Sb","Te","Ba","La","Ce","Pt","Hg","Tl","Pb","Bi","Al_Flags","Si_Flags","P_Flags","S_Flags","Cl_Flags","K_Flags","Ca_Flags","Ti_Flags","V_Flags","Cr_Flags","Mn_Flags","Fe_Flags","Co_Flags","Ni_Flags","Cu_Flags","Zn_Flags","Ga_Flags","Ge_Flags","As_Flags","Se_Flags","Br_Flags","Sr_Flags","Y_Flags","Zr_Flags","Mo_Flags","Pd_Flags","Ag_Flags","Cd_Flags","In_Flags","Sn_Flags","Sb_Flags","Te_Flags","Ba_Flags","La_Flags","Ce_Flags","Pt_Flags","Hg_Flags","Tl_Flags","Pb_Flags","Bi_Flags"
"2021-08-01 00:30:00","PM10",0,0,NA,388.177,0,83.3293,26.5157,NA,NA,NA,0,92.5079,0.0116,0,3.3537,9.166,0,0,0,0,2.6552,0,0,0,0,26.4396,NA,0,0,NA,0,0,NA,0,0,0,0,0,NA,0,NA,NA,"E: Uncertainty",NA,NA,NA,NA,"E: Uncertainty","E: Uncertainty","E: Uncertainty",NA,NA,NA,NA,NA,NA,NA,NA,NA,NA,NA,NA,NA,NA,NA,NA,"E: Uncertainty",NA,NA,"E: Uncertainty",NA,NA,"E: Uncertainty",NA,NA,NA,NA,NA,"E: Uncertainty",NA
"2021-08-01 01:00:00","PM2.5",NA,0,0,279.4852,0,39.2926,5.1173,NA,0,NA,0,29.2832,0,0,1.3888,5.016,0,0,0.8349,0,1.0024,NA,0,0,0,0,NA,NA,0,0,NA,0,NA,0,0,0,0,0,NA,0,"E: Uncertainty",NA,NA,NA,NA,NA,NA,"E: Uncertainty",NA,"E: Uncertainty",NA,NA,NA,NA,NA,NA,NA,NA,NA,NA,NA,"E: Uncertainty",NA,NA,NA,NA,"E: Uncertainty","E: Uncertainty",NA,NA,"E: Uncertainty",NA,"E: Uncertainty",NA,NA,NA,NA,NA,"E: Uncertainty",NA
"2021-08-01 02:00:00","PM10",NA,0,0,355.0283,0,47.6117,18.0236,1.194,0,NA,NA,46.5168,0,NA,1.6131,3.249,0,0,0.665,0,1.0042,NA,0,0,0,0,0,0,0,NA,NA,NA,NA,0,0,0,0,0,0,0,"E: Uncertainty",NA,NA,NA,NA,NA,NA,NA,NA,"E: Uncertainty","E: Uncertainty",NA,NA,"E: Uncertainty",NA,NA,NA,NA,NA,NA,NA,"E: Uncertainty",NA,NA,NA,NA,NA,NA,NA,"E: Uncertainty","E: Uncertainty","E: Uncertainty","E: Uncertainty",NA,NA,NA,NA,NA,NA,NA
"2021-08-01 03:00:00","PM2.5",725.6078,0,0,257.1946,0,20.1838,4.4546,0,0,NA,0,20.0444,0,0,NA,2.2033,0,0,0.4318,0,NA,NA,0,0,0,NA,NA,NA,0,0,NA,0,0,0.0323,0,0,0,0,0,0,NA,NA,NA,NA,NA,NA,NA,NA,NA,"E: Uncertainty",NA,NA,NA,NA,"E: Uncertainty",NA,NA,NA,NA,NA,"E: Uncertainty","E: Uncertainty",NA,NA,NA,"E: Uncertainty","E: Uncertainty","E: Uncertainty",NA,NA,"E: Uncertainty",NA,NA,NA,NA,NA,NA,NA,NA,NA
"2021-08-01 04:00:00","PM10",NA,0,0,345.7356,0,41.8117,21.134,4.391,NA,0,0.0011,41.7885,NA,0,1.0144,3.5035,0,0,0.7882,NA,0.6678,NA,0,0,0,NA,0,0,0,NA,NA,NA,NA,0,0,0,0,0,0,0,"E: Uncertainty",NA,NA,NA,NA,NA,NA,NA,"E: Uncertainty",NA,NA,NA,"E: Uncertainty",NA,NA,NA,NA,NA,NA,"E: Uncertainty",NA,"E: Uncertainty",NA,NA,NA,"E: Uncertainty",NA,NA,NA,"E: Uncertainty","E: Uncertainty","E: Uncertainty","E: Uncertainty",NA,NA,NA,NA,NA,NA,NA
"2021-08-01 05:00:00","PM2.5",NA,0,0,414.6707,0,18.766,5.8977,0,NA,0,0,10.6238,0,0,NA,1.93,0,0,NA,NA,NA,NA,0,0,0,NA,NA,0,0,NA,NA,NA,NA,0,0,0,0,0,0,0,"E: Uncertainty",NA,NA,NA,NA,NA,NA,NA,"E: Uncertainty",NA,NA,NA,NA,NA,"E: Uncertainty",NA,NA,NA,"E: Uncertainty","E: Uncertainty","E: Uncertainty","E: Uncertainty",NA,NA,NA,"E: Uncertainty","E: Uncertainty",NA,NA,"E: Uncertainty","E: Uncertainty","E: Uncertainty","E: Uncertainty",NA,NA,NA,NA,NA,NA,NA
"2021-08-01 06:00:00","PM10",NA,0,0,609.4561,142.2073,35.0376,32.5708,NA,NA,0,0,40.9634,NA,0,0.6974,2.2194,0,0,NA,0.6828,1.7309,0,0,0,0,NA,0,NA,0,NA,0,NA,NA,0,0,0,0,0,0,0,"E: Uncertainty",NA,NA,NA,NA,NA,NA,"E: Uncertainty","E: Uncertainty",NA,NA,NA,"E: Uncertainty",NA,NA,NA,NA,NA,"E: Uncertainty",NA,NA,NA,NA,NA,NA,"E: Uncertainty",NA,"E: Uncertainty",NA,"E: Uncertainty",NA,"E: Uncertainty","E: Uncertainty",NA,NA,NA,NA,NA,NA,NA
"2021-08-01 07:00:00","PM2.5",NA,0,0,353.7105,0,13.3955,10.5895,NA,NA,0,0,15.8438,0,NA,NA,1.6313,0,0,NA,0.6751,0.6435,NA,0,0,0,NA,NA,NA,0,NA,NA,NA,NA,0,0,0,0,0,0,0,"E: Uncertainty",NA,NA,NA,NA,NA,NA,"E: Uncertainty","E: Uncertainty",NA,NA,NA,NA,"E: Uncertainty","E: Uncertainty",NA,NA,NA,"E: Uncertainty",NA,NA,"E: Uncertainty",NA,NA,NA,"E: Uncertainty","E: Uncertainty","E: Uncertainty",NA,"E: Uncertainty","E: Uncertainty","E: Uncertainty","E: Uncertainty",NA,NA,NA,NA,NA,NA,NA
"2021-08-01 08:00:00","PM10",NA,0,0,542.7434,289.5783,38.0392,46.3779,7.0616,NA,NA,NA,78.017,0,0,2.1313,10.3465,0,0,1.3279,NA,1.9092,NA,0,0,0,NA,NA,NA,0,NA,0,NA,0,0,0,0,0,0,15.8559,0,"E: Uncertainty",NA,NA,NA,NA,NA,NA,NA,"E: Uncertainty","E: Uncertainty","E: Uncertainty",NA,NA,NA,NA,NA,NA,NA,NA,"E: Uncertainty",NA,"E: Uncertainty",NA,NA,NA,"E: Uncertainty","E: Uncertainty","E: Uncertainty",NA,"E: Uncertainty",NA,"E: Uncertainty",NA,NA,NA,NA,NA,NA,NA,NA
"2021-08-01 09:00:00","PM2.5",707.7054,0,0,647.8378,0,24.1997,32.7661,9.3537,NA,NA,0,39.263,0,NA,1.8199,14.7142,0,0,1.1903,0,1.2323,1.5736,0,0,0,11.8203,NA,0,0,0,NA,NA,0,0,0,0,0,0,7.5028,0,NA,NA,NA,NA,NA,NA,NA,NA,"E: Uncertainty","E: Uncertainty",NA,NA,NA,"E: Uncertainty",NA,NA,NA,NA,NA,NA,NA,NA,NA,NA,NA,NA,"E: Uncertainty",NA,NA,NA,"E: Uncertainty","E: Uncertainty",NA,NA,NA,NA,NA,NA,NA,NA
"2021-08-01 10:00:00","PM10",NA,0,0,572.8286,371.1778,68.783,83.0932,7.3771,NA,0,NA,108.6714,0,0,3.5417,14.8061,0,0,1.2577,0,2.1877,NA,0,0,0,18.5157,0,0,0,NA,NA,NA,0,0,NA,0,0,0,7.1981,0,"E: Uncertainty",NA,NA,NA,NA,NA,NA,NA,"E: Uncertainty",NA,"E: Uncertainty",NA,NA,NA,NA,NA,NA,NA,NA,NA,NA,"E: Uncertainty",NA,NA,NA,NA,NA,NA,NA,"E: Uncertainty","E: Uncertainty","E: Uncertainty",NA,NA,"E: Uncertainty",NA,NA,NA,NA,NA
"2021-08-01 11:00:00","PM2.5",NA,0,NA,412.5136,10.7449,22.2803,19.3361,NA,0,0,0,34.3653,NA,NA,1.4696,3.0902,0,0,NA,NA,1.1213,0,0,0,0,NA,NA,0,0,NA,NA,0,NA,0,0,0,0,0,0,0,"E: Uncertainty",NA,"E: Uncertainty",NA,NA,NA,NA,"E: Uncertainty",NA,NA,NA,NA,"E: Uncertainty","E: Uncertainty",NA,NA,NA,NA,"E: Uncertainty","E: Uncertainty",NA,NA,NA,NA,NA,"E: Uncertainty","E: Uncertainty",NA,NA,"E: Uncertainty","E: Uncertainty",NA,"E: Uncertainty",NA,NA,NA,NA,NA,NA,NA
"2021-08-01 12:00:00","PM10",NA,0,0,489.7415,292.6269,51.6315,78.6324,9.1389,NA,NA,NA,108.6495,0,NA,4.3531,4.8065,0,0,0.7785,1e-04,1.6455,0,0,0,0,17.2284,NA,NA,0,NA,NA,NA,0,0,0,0,0,0,NA,0,"E: Uncertainty",NA,NA,NA,NA,NA,NA,NA,"E: Uncertainty","E: Uncertainty","E: Uncertainty",NA,NA,"E: Uncertainty",NA,NA,NA,NA,NA,NA,NA,NA,NA,NA,NA,NA,"E: Uncertainty","E: Uncertainty",NA,"E: Uncertainty","E: Uncertainty","E: Uncertainty",NA,NA,NA,NA,NA,NA,"E: Uncertainty",NA
"2021-08-01 13:00:00","PM2.5",NA,0,0,722.745,0,24.4246,20.7059,NA,0,0,0,50.5426,NA,0,2.7302,5.692,0,0,1.3642,NA,1.2564,NA,0,0,0,NA,0,0,0,0,NA,NA,NA,0,0,0,0,0,3.538,0,"E: Uncertainty",NA,NA,NA,NA,NA,NA,"E: Uncertainty",NA,NA,NA,NA,"E: Uncertainty",NA,NA,NA,NA,NA,NA,"E: Uncertainty",NA,"E: Uncertainty",NA,NA,NA,"E: Uncertainty",NA,NA,NA,NA,"E: Uncertainty","E: Uncertainty","E: Uncertainty",NA,NA,NA,NA,NA,NA,NA
"2021-08-01 14:00:00","PM10",NA,0,0,541.7549,258.1005,41.7317,62.8975,1.6701,NA,NA,NA,121.5184,0.0118,0,4.1206,5.2759,0,0,0.9273,0,1.8348,0.0056,0,0,0,NA,NA,0,0,NA,NA,NA,NA,0,0,0,0,0,1.7528,0,"E: Uncertainty",NA,NA,NA,NA,NA,NA,NA,"E: Uncertainty","E: Uncertainty","E: Uncertainty",NA,NA,NA,NA,NA,NA,NA,NA,NA,NA,NA,NA,NA,NA,"E: Uncertainty","E: Uncertainty",NA,NA,"E: Uncertainty","E: Uncertainty","E: Uncertainty","E: Uncertainty",NA,NA,NA,NA,NA,NA,NA
"2021-08-01 15:00:00","PM2.5",NA,0,0,515.9604,0,18.2821,17.6941,NA,NA,0,0,44.1577,0,0,1.4022,3.0211,0,0,1.1693,NA,1.0215,NA,0,0,0,15.9631,0,NA,0,NA,0,0,0,0,0,0,0,0,1.456,0,"E: Uncertainty",NA,NA,NA,NA,NA,NA,"E: Uncertainty","E: Uncertainty",NA,NA,NA,NA,NA,NA,NA,NA,NA,NA,"E: Uncertainty",NA,"E: Uncertainty",NA,NA,NA,NA,NA,"E: Uncertainty",NA,"E: Uncertainty",NA,NA,NA,NA,NA,NA,NA,NA,NA,NA
"2021-08-01 16:00:00","PM10",705.7955,0,0,616.8169,57.604,35.2928,51.0961,3.5012,0,NA,0,101.0021,0,0,2.6913,2.2722,0,0,NA,NA,1.6705,NA,0,NA,0,NA,NA,NA,0,0,0,NA,NA,0,0,0,0,0,0,0,NA,NA,NA,NA,NA,NA,NA,NA,NA,"E: Uncertainty",NA,NA,NA,NA,NA,NA,NA,NA,"E: Uncertainty","E: Uncertainty",NA,"E: Uncertainty",NA,"E: Uncertainty",NA,"E: Uncertainty","E: Uncertainty","E: Uncertainty",NA,NA,NA,"E: Uncertainty","E: Uncertainty",NA,NA,NA,NA,NA,NA,NA
"2021-08-01 17:00:00","PM2.5",NA,0,0,381.0592,0,23.3858,14.1187,1.0541,NA,0,0,47.8425,0,0,1.2984,4.4713,0,0,0.6433,NA,1.1886,NA,0,0,0,NA,15.7659,NA,0,0,NA,NA,0,0,0,0,0,0,0,0,"E: Uncertainty",NA,NA,NA,NA,NA,NA,NA,"E: Uncertainty",NA,NA,NA,NA,NA,NA,NA,NA,NA,NA,"E: Uncertainty",NA,"E: Uncertainty",NA,NA,NA,"E: Uncertainty",NA,"E: Uncertainty",NA,NA,"E: Uncertainty","E: Uncertainty",NA,NA,NA,NA,NA,NA,NA,NA
"2021-08-01 18:00:00","PM10",NA,0,0,540.865,108.2302,66.5845,78.9809,7.8577,NA,NA,NA,109.9405,0,0,2.7539,6.0363,0,0,1.1199,0,2.1348,NA,0,0,0,11.1496,NA,0,0,NA,NA,NA,0,0,0,0,0,0,1.2199,0,"E: Uncertainty",NA,NA,NA,NA,NA,NA,NA,"E: Uncertainty","E: Uncertainty","E: Uncertainty",NA,NA,NA,NA,NA,NA,NA,NA,NA,NA,"E: Uncertainty",NA,NA,NA,NA,"E: Uncertainty",NA,NA,"E: Uncertainty","E: Uncertainty","E: Uncertainty",NA,NA,NA,NA,NA,NA,NA,NA
"2021-08-01 19:00:00","PM2.5",NA,0,0,358.7214,0,26.8123,18.3717,2.5171,0,0,0,42.4817,NA,0,1.6201,5.5327,0,0,0.554,0,0.9527,NA,0,0,0,12.7555,0,NA,0,0,NA,NA,0,0.0154,0,0,0,0,0,0,"E: Uncertainty",NA,NA,NA,NA,NA,NA,NA,NA,NA,NA,NA,"E: Uncertainty",NA,NA,NA,NA,NA,NA,NA,NA,"E: Uncertainty",NA,NA,NA,NA,NA,"E: Uncertainty",NA,NA,"E: Uncertainty","E: Uncertainty",NA,NA,NA,NA,NA,NA,NA,NA
"2021-08-01 20:00:00","PM10",NA,0,0,379.9467,461.5861,87.3953,63.4823,3.6666,NA,NA,NA,100.8425,0,0,2.6089,8.4014,0,0,0.956,0,2.7163,NA,0,0,0,15.8229,0,0,0,NA,NA,NA,0,0,0,0,0,0,0,0,"E: Uncertainty",NA,NA,NA,NA,NA,NA,NA,"E: Uncertainty","E: Uncertainty","E: Uncertainty",NA,NA,NA,NA,NA,NA,NA,NA,NA,NA,"E: Uncertainty",NA,NA,NA,NA,NA,NA,NA,"E: Uncertainty","E: Uncertainty","E: Uncertainty",NA,NA,NA,NA,NA,NA,NA,NA
"2021-08-01 21:00:00","PM2.5",703.6556,0,0,287.5207,84.7758,44.0917,19.9511,2.752,0,0,0,31.8245,0,0,0.9301,4.0055,0,0,0.8796,0,5.6928,NA,0,0,0,NA,NA,NA,0,0,0,0,0,0,0,0,0,0,0,0,NA,NA,NA,NA,NA,NA,NA,NA,NA,NA,NA,NA,NA,NA,NA,NA,NA,NA,NA,NA,NA,"E: Uncertainty",NA,NA,NA,"E: Uncertainty","E: Uncertainty","E: Uncertainty",NA,NA,NA,NA,NA,NA,NA,NA,NA,NA,NA,NA
"2021-08-01 22:00:00","PM10",627.1424,0,0,355.1519,938.6459,68.9649,78.5439,3.7785,0,1e-04,0,82.0036,NA,0,3.1594,3.9005,0,0,0.4094,0,2.5099,NA,0,0,0,17.8693,NA,0,0,NA,0,NA,NA,0,0,0,0,0,NA,0,NA,NA,NA,NA,NA,NA,NA,NA,NA,NA,NA,NA,"E: Uncertainty",NA,NA,NA,NA,NA,NA,NA,NA,"E: Uncertainty",NA,NA,NA,NA,"E: Uncertainty",NA,NA,"E: Uncertainty",NA,"E: Uncertainty","E: Uncertainty",NA,NA,NA,NA,NA,"E: Uncertainty",NA
"2021-08-01 23:00:00","PM2.5",0,0,0,327.8049,253.1263,304.597,15.5367,0,NA,NA,NA,35.1626,NA,0,11.6739,5.0273,0,0,NA,0,NA,11.6829,0,0,0,NA,0,NA,0,NA,NA,NA,19.6141,0,0,0,0,0,0,NA,NA,NA,NA,NA,NA,NA,NA,NA,"E: Uncertainty","E: Uncertainty","E: Uncertainty",NA,"E: Uncertainty",NA,NA,NA,NA,NA,"E: Uncertainty",NA,"E: Uncertainty",NA,NA,NA,NA,"E: Uncertainty",NA,"E: Uncertainty",NA,"E: Uncertainty","E: Uncertainty","E: Uncertainty",NA,NA,NA,NA,NA,NA,NA,"E: Uncertainty"
"2021-08-02 00:30:00","PM10",NA,0,0,300.8323,822.3212,117.8199,53.4643,0,0,0,0,79.4623,0,NA,6.9455,5.854,0,0,NA,0,NA,NA,0,0,0,30.5867,NA,NA,0,NA,NA,NA,6.1322,0,0,0,0,0,0,0,"E: Uncertainty",NA,NA,NA,NA,NA,NA,NA,NA,NA,NA,NA,NA,"E: Uncertainty",NA,NA,NA,NA,"E: Uncertainty",NA,"E: Uncertainty","E: Uncertainty",NA,NA,NA,NA,"E: Uncertainty","E: Uncertainty",NA,"E: Uncertainty","E: Uncertainty","E: Uncertainty",NA,NA,NA,NA,NA,NA,NA,NA
"2021-08-02 01:00:00","PM2.5",698.3402,0,0,233.2518,178.9105,39.9602,17.0773,NA,NA,0,0,29.5219,0,0,2.179,7.9792,0,0,1.372,0,NA,NA,0,0,0,NA,0,NA,0,0,NA,NA,NA,0,NA,0,0,0,0,0,NA,NA,NA,NA,NA,NA,NA,"E: Uncertainty","E: Uncertainty",NA,NA,NA,NA,NA,NA,NA,NA,NA,NA,NA,"E: Uncertainty","E: Uncertainty",NA,NA,NA,"E: Uncertainty",NA,"E: Uncertainty",NA,NA,"E: Uncertainty","E: Uncertainty","E: Uncertainty",NA,"E: Uncertainty",NA,NA,NA,NA,NA
"2021-08-02 02:00:00","PM10",792.8595,0,0,333.5519,1041.3366,58.1047,84.1978,3.0771,0,NA,0,60.0999,NA,NA,2.3279,6.2944,0,0,0.9191,0,1.6728,NA,0,0,0,NA,NA,NA,0,0,NA,0,NA,0,0.0069,0,0,0,1.0597,0,NA,NA,NA,NA,NA,NA,NA,NA,NA,"E: Uncertainty",NA,NA,"E: Uncertainty","E: Uncertainty",NA,NA,NA,NA,NA,NA,NA,"E: Uncertainty",NA,NA,NA,"E: Uncertainty","E: Uncertainty","E: Uncertainty",NA,NA,"E: Uncertainty",NA,"E: Uncertainty",NA,NA,NA,NA,NA,NA,NA
"2021-08-02 03:00:00","PM2.5",NA,0,0,241.6066,191.1276,31.9479,32.5095,3.2914,0,0,0,21.5659,0,0,1.0403,3.6539,0,0,0.7099,NA,0.5646,NA,0,0,0,NA,NA,NA,0,0,0,0.1057,0,NA,0,0,0,0,1.4792,0,"E: Uncertainty",NA,NA,NA,NA,NA,NA,NA,NA,NA,NA,NA,NA,NA,NA,NA,NA,NA,NA,"E: Uncertainty",NA,"E: Uncertainty",NA,NA,NA,"E: Uncertainty","E: Uncertainty","E: Uncertainty",NA,NA,NA,NA,NA,"E: Uncertainty",NA,NA,NA,NA,NA,NA
"2021-08-02 04:00:00","PM10",682.5968,0,0,310.2563,708.7316,61.8252,66.4555,3.8452,0,NA,0,84.7406,0,0,2.4085,5.1894,0,0,1.406,0,0.7456,NA,0,0,0,NA,NA,NA,0,0,NA,0,NA,0,0,0,NA,0,NA,0,NA,NA,NA,NA,NA,NA,NA,NA,NA,"E: Uncertainty",NA,NA,NA,NA,NA,NA,NA,NA,NA,NA,NA,"E: Uncertainty",NA,NA,NA,"E: Uncertainty","E: Uncertainty","E: Uncertainty",NA,NA,"E: Uncertainty",NA,"E: Uncertainty",NA,NA,NA,"E: Uncertainty",NA,"E: Uncertainty",NA
"2021-08-02 05:00:00","PM2.5",NA,0,0,244.4872,116.6201,45.1053,19.9375,1.4529,NA,NA,NA,80.7861,0,0,2.793,4.5187,0,0,0.8364,NA,1.0307,NA,0,0,0,18.2701,0,0,0,NA,NA,NA,NA,0,0,0,0,0,0.008,0,"E: Uncertainty",NA,NA,NA,NA,NA,NA,NA,"E: Uncertainty","E: Uncertainty","E: Uncertainty",NA,NA,NA,NA,NA,NA,NA,NA,"E: Uncertainty",NA,"E: Uncertainty",NA,NA,NA,NA,NA,NA,NA,"E: Uncertainty","E: Uncertainty","E: Uncertainty","E: Uncertainty",NA,NA,NA,NA,NA,NA,NA
"2021-08-02 06:00:00","PM10",NA,0,0,348.0898,1166.7299,97.7079,153.1627,3.736,0,NA,NA,170.8785,0,0,5.7797,6.142,0,0,0.7061,NA,2.2214,NA,0,0,0,21.7294,NA,NA,0,NA,NA,NA,NA,0,0,0,0,0,2.0824,0,"E: Uncertainty",NA,NA,NA,NA,NA,NA,NA,NA,"E: Uncertainty","E: Uncertainty",NA,NA,NA,NA,NA,NA,NA,NA,"E: Uncertainty",NA,"E: Uncertainty",NA,NA,NA,NA,"E: Uncertainty","E: Uncertainty",NA,"E: Uncertainty","E: Uncertainty","E: Uncertainty","E: Uncertainty",NA,NA,NA,NA,NA,NA,NA
"2021-08-02 07:00:00","PM2.5",NA,0,0,255.1096,128.143,35.9818,28.863,NA,0,0,0,49.0245,0,0,2.2432,2.8925,0,0,0.6498,NA,1.416,NA,0,0,0,13.0283,0,NA,0,0,0.1226,0,NA,0,0,0,0,0,0,0,"E: Uncertainty",NA,NA,NA,NA,NA,NA,"E: Uncertainty",NA,NA,NA,NA,NA,NA,NA,NA,NA,NA,NA,"E: Uncertainty",NA,"E: Uncertainty",NA,NA,NA,NA,NA,"E: Uncertainty",NA,NA,NA,NA,"E: Uncertainty",NA,NA,NA,NA,NA,NA,NA
"2021-08-02 08:00:00","PM10",NA,0,0,350.8437,695.3276,60.6289,123.7436,1.2549,NA,NA,NA,82.9718,0,0,2.7381,3.0185,0,0,1.371,NA,1.7482,NA,0,0,0,13.7386,NA,0,0,NA,NA,NA,NA,0,0,0,0,0,NA,0,"E: Uncertainty",NA,NA,NA,NA,NA,NA,NA,"E: Uncertainty","E: Uncertainty","E: Uncertainty",NA,NA,NA,NA,NA,NA,NA,NA,"E: Uncertainty",NA,"E: Uncertainty",NA,NA,NA,NA,"E: Uncertainty",NA,NA,"E: Uncertainty","E: Uncertainty","E: Uncertainty","E: Uncertainty",NA,NA,NA,NA,NA,"E: Uncertainty",NA
"2021-08-02 09:00:00","PM2.5",NA,0,0,365.4812,NA,22.5903,19.9987,NA,NA,0,0,31.1494,0,0,1.0805,2.1608,0,0,0.4182,0,1.2385,NA,0,0,0,0,NA,0,0,0,NA,0,NA,0,NA,0,0,0,0,0,"E: Uncertainty",NA,NA,NA,"E: Uncertainty",NA,NA,"E: Uncertainty","E: Uncertainty",NA,NA,NA,NA,NA,NA,NA,NA,NA,NA,NA,NA,"E: Uncertainty",NA,NA,NA,NA,"E: Uncertainty",NA,NA,NA,"E: Uncertainty",NA,"E: Uncertainty",NA,"E: Uncertainty",NA,NA,NA,NA,NA
"2021-08-02 10:00:00","PM10",NA,0,0,475.7155,202.8656,48.144,89.7831,2.3307,NA,0,NA,74.9406,0,NA,2.3772,2.8222,0,0,0.8388,NA,1.4108,NA,0,0,0,13.1809,NA,0,0,0,0,NA,0,0,NA,0,0,0,0,0,"E: Uncertainty",NA,NA,NA,NA,NA,NA,NA,"E: Uncertainty",NA,"E: Uncertainty",NA,NA,"E: Uncertainty",NA,NA,NA,NA,NA,"E: Uncertainty",NA,"E: Uncertainty",NA,NA,NA,NA,"E: Uncertainty",NA,NA,NA,NA,"E: Uncertainty",NA,NA,"E: Uncertainty",NA,NA,NA,NA,NA
"2021-08-02 11:00:00","PM2.5",NA,0,0,352.8533,0,21.7305,22.6033,NA,NA,0,0,33.642,0,0,1.758,2.5871,0,0,NA,0,1.2728,0,0,0,0,NA,NA,NA,0,0,NA,NA,NA,0,0,0,0,0,0,0,"E: Uncertainty",NA,NA,NA,NA,NA,NA,"E: Uncertainty","E: Uncertainty",NA,NA,NA,NA,NA,NA,NA,NA,NA,"E: Uncertainty",NA,NA,NA,NA,NA,NA,"E: Uncertainty","E: Uncertainty","E: Uncertainty",NA,NA,"E: Uncertainty","E: Uncertainty","E: Uncertainty",NA,NA,NA,NA,NA,NA,NA
"2021-08-02 12:00:00","PM10",NA,0,0,494.1674,52.9038,62.7241,107.3229,1.801,0,NA,NA,124.5724,0,0,9.173,6.9312,0,0,0.8389,NA,2.0505,0,0,0,0,NA,0.1167,0,0,0,0,NA,NA,0,0,0,0,0,NA,0,"E: Uncertainty",NA,NA,NA,NA,NA,NA,NA,NA,"E: Uncertainty","E: Uncertainty",NA,NA,NA,NA,NA,NA,NA,NA,"E: Uncertainty",NA,NA,NA,NA,NA,"E: Uncertainty",NA,NA,NA,NA,NA,"E: Uncertainty","E: Uncertainty",NA,NA,NA,NA,NA,"E: Uncertainty",NA
"2021-08-02 13:00:00","PM2.5",NA,0,0,326.0244,0,24.9215,31.1892,2.2153,0,NA,NA,110.0362,0,0,8.5338,4.9165,0,0,0.5974,NA,1.6243,NA,0,0,0,NA,0,0,NA,NA,NA,NA,NA,0,NA,0,0,0,0,0,"E: Uncertainty",NA,NA,NA,NA,NA,NA,NA,NA,"E: Uncertainty","E: Uncertainty",NA,NA,NA,NA,NA,NA,NA,NA,"E: Uncertainty",NA,"E: Uncertainty",NA,NA,NA,"E: Uncertainty",NA,NA,"E: Uncertainty","E: Uncertainty","E: Uncertainty","E: Uncertainty","E: Uncertainty",NA,"E: Uncertainty",NA,NA,NA,NA,NA
"2021-08-02 14:00:00","PM10",NA,NA,0,460.1516,0,61.4193,99.1414,4.2589,NA,NA,0.9376,227.0878,0,0,9.1878,10.5026,0,0,1.6285,NA,1.9154,NA,0,0,0,NA,NA,0,NA,NA,0,0,NA,0,0,0,0,0,8.5047,0,"E: Uncertainty","E: Uncertainty",NA,NA,NA,NA,NA,NA,"E: Uncertainty","E: Uncertainty",NA,NA,NA,NA,NA,NA,NA,NA,NA,"E: Uncertainty",NA,"E: Uncertainty",NA,NA,NA,"E: Uncertainty","E: Uncertainty",NA,"E: Uncertainty","E: Uncertainty",NA,NA,"E: Uncertainty",NA,NA,NA,NA,NA,NA,NA
"2021-08-02 15:00:00","PM2.5",NA,0,0,350.1429,0,32.4311,27.3689,1.3453,0,NA,NA,94.2759,0,0,7.8384,7.9098,0,0,0.9014,0,2.313,NA,0,0,0,9.488,NA,0,0,NA,0,0,NA,0,0,0,0,0,4.32,0,"E: Uncertainty",NA,NA,NA,NA,NA,NA,NA,NA,"E: Uncertainty","E: Uncertainty",NA,NA,NA,NA,NA,NA,NA,NA,NA,NA,"E: Uncertainty",NA,NA,NA,NA,"E: Uncertainty",NA,NA,"E: Uncertainty",NA,NA,"E: Uncertainty",NA,NA,NA,NA,NA,NA,NA
"2021-08-02 16:00:00","PM10",NA,1.2675,0,382.9371,0,57.506,94.7663,4.0221,0,NA,NA,210.2928,0,0,8.159,7.9908,0,0,1.4703,NA,2.0195,NA,0,0,0,NA,0,0,NA,NA,NA,NA,3.7529,0,0,0,0,0,0,0,"E: Uncertainty",NA,NA,NA,NA,NA,NA,NA,NA,"E: Uncertainty","E: Uncertainty",NA,NA,NA,NA,NA,NA,NA,NA,"E: Uncertainty",NA,"E: Uncertainty",NA,NA,NA,"E: Uncertainty",NA,NA,"E: Uncertainty","E: Uncertainty","E: Uncertainty","E: Uncertainty",NA,NA,NA,NA,NA,NA,NA,NA
"2021-08-02 17:00:00","PM2.5",NA,0,0,322.4334,0,49.9723,32.718,1.1853,0,NA,0,111.5393,0,0,5.5864,6.5271,0,0,2.1269,0,2.2786,NA,0,0,0,12.3602,NA,0,0,0,NA,NA,NA,0,0,0,0,0,0,0,"E: Uncertainty",NA,NA,NA,NA,NA,NA,NA,NA,"E: Uncertainty",NA,NA,NA,NA,NA,NA,NA,NA,NA,NA,NA,"E: Uncertainty",NA,NA,NA,NA,"E: Uncertainty",NA,NA,NA,"E: Uncertainty","E: Uncertainty","E: Uncertainty",NA,NA,NA,NA,NA,NA,NA
"2021-08-02 18:00:00","PM10",NA,0,0,314.4198,0,68.0463,181.5308,3.9823,NA,0,NA,162.4976,0,0,7.195,8.7014,0,0,1.929,NA,3.3836,NA,0,0,0,NA,0,0,0,0,0,NA,NA,0,NA,0,0,0,NA,0,"E: Uncertainty",NA,NA,NA,NA,NA,NA,NA,"E: Uncertainty",NA,"E: Uncertainty",NA,NA,NA,NA,NA,NA,NA,NA,"E: Uncertainty",NA,"E: Uncertainty",NA,NA,NA,"E: Uncertainty",NA,NA,NA,NA,NA,"E: Uncertainty","E: Uncertainty",NA,"E: Uncertainty",NA,NA,NA,"E: Uncertainty",NA
"2021-08-02 19:00:00","PM2.5",NA,0,0,206.7885,0,29.7814,53.7396,NA,0,NA,0,86.2698,0,0,2.8961,4.0099,0,0,0.5219,0,2.2881,NA,0,0,0,NA,NA,NA,0,0,NA,NA,NA,0,0,0,0,0,NA,0,"E: Uncertainty",NA,NA,NA,NA,NA,NA,"E: Uncertainty",NA,"E: Uncertainty",NA,NA,NA,NA,NA,NA,NA,NA,NA,NA,NA,"E: Uncertainty",NA,NA,NA,"E: Uncertainty","E: Uncertainty","E: Uncertainty",NA,NA,"E: Uncertainty","E: Uncertainty","E: Uncertainty",NA,NA,NA,NA,NA,"E: Uncertainty",NA
"2021-08-02 20:00:00","PM10",NA,0,NA,243.6089,0,57.2996,127.0459,3.3612,0,NA,1.3077,312.9213,0,0,17.8952,14.1048,0,0,1.097,NA,2.6624,NA,0,0,0,NA,NA,0.0372,0,0,NA,NA,6.729,0,0,0,0,0,0,0,"E: Uncertainty",NA,"E: Uncertainty",NA,NA,NA,NA,NA,NA,"E: Uncertainty",NA,NA,NA,NA,NA,NA,NA,NA,NA,"E: Uncertainty",NA,"E: Uncertainty",NA,NA,NA,"E: Uncertainty","E: Uncertainty",NA,NA,NA,"E: Uncertainty","E: Uncertainty",NA,NA,NA,NA,NA,NA,NA,NA
"2021-08-02 21:00:00","PM2.5",NA,0,0,232.1538,0,34.1875,47.2859,1.0879,0,0,NA,193.0233,0,NA,12.2435,7.5805,0,0,1.6086,0,1.7875,0,0,0,0,10.3849,NA,NA,0,NA,NA,0.0021,5.2859,0,0,0,0,0,1.7775,0,"E: Uncertainty",NA,NA,NA,NA,NA,NA,NA,NA,NA,"E: Uncertainty",NA,NA,"E: Uncertainty",NA,NA,NA,NA,NA,NA,NA,NA,NA,NA,NA,NA,"E: Uncertainty","E: Uncertainty",NA,"E: Uncertainty","E: Uncertainty",NA,NA,NA,NA,NA,NA,NA,NA,NA
"2021-08-02 22:00:00","PM10",NA,0,0,253.2246,0,63.0403,48.1042,3.4291,0,0.8068,1.0017,274.6768,0,NA,11.8962,13.7565,0,0,2.0122,0,2.3537,NA,0,0,0,18.9499,0,0,0,0,NA,0,5.2738,0,0,0,0,0,2.5316,0,"E: Uncertainty",NA,NA,NA,NA,NA,NA,NA,NA,NA,NA,NA,NA,"E: Uncertainty",NA,NA,NA,NA,NA,NA,NA,"E: Uncertainty",NA,NA,NA,NA,NA,NA,NA,NA,"E: Uncertainty",NA,NA,NA,NA,NA,NA,NA,NA,NA
"2021-08-02 23:00:00","PM2.5",0,0,0,213.6822,0,61.1342,10.7471,1.5697,0,NA,0,94.8913,0,0,12.9294,11.7763,0,0,1.6721,0,2.7849,NA,0,0,0,14.9523,0,NA,0,NA,NA,NA,0,NA,0,0,0,0,3.2821,0,NA,NA,NA,NA,NA,NA,NA,NA,NA,"E: Uncertainty",NA,NA,NA,NA,NA,NA,NA,NA,NA,NA,NA,"E: Uncertainty",NA,NA,NA,NA,NA,"E: Uncertainty",NA,"E: Uncertainty","E: Uncertainty","E: Uncertainty",NA,"E: Uncertainty",NA,NA,NA,NA,NA,NA
"2021-08-03 00:30:00","PM10",NA,0,0,360.2713,0,97.5996,99.903,20.1153,0,NA,NA,244.4235,0,0,15.4111,22.6989,0,0,1.3544,NA,3.1732,NA,0,0,0,50.1275,0,0,0,0,NA,NA,6.1006,0,0,0,0,0,5.492,0,"E: Uncertainty",NA,NA,NA,NA,NA,NA,NA,NA,"E: Uncertainty","E: Uncertainty",NA,NA,NA,NA,NA,NA,NA,NA,"E: Uncertainty",NA,"E: Uncertainty",NA,NA,NA,NA,NA,NA,NA,NA,"E: Uncertainty","E: Uncertainty",NA,NA,NA,NA,NA,NA,NA,NA
"2021-08-03 01:00:00","PM2.5",875.0697,0,0,272.2697,0,44.8387,12.5021,1.3299,0,NA,NA,82.1114,0,NA,5.2612,11.5814,0,0,1.8099,NA,1.7363,NA,0,0,0,NA,0,0,0,0,NA,0,NA,0,0,0,0,0,2.2047,0,NA,NA,NA,NA,NA,NA,NA,NA,NA,"E: Uncertainty","E: Uncertainty",NA,NA,"E: Uncertainty",NA,NA,NA,NA,NA,"E: Uncertainty",NA,"E: Uncertainty",NA,NA,NA,"E: Uncertainty",NA,NA,NA,NA,"E: Uncertainty",NA,"E: Uncertainty",NA,NA,NA,NA,NA,NA,NA
"2021-08-03 02:00:00","PM10",NA,2.0329,42.1059,342.4597,0,72.854,94.4277,2.7947,0,0.8119,1.5992,170.6767,0,NA,11.9902,23.1971,0,0,2.6992,NA,2.6973,NA,0,0,0,18.0296,0,NA,0,NA,NA,NA,3.6089,0,0,0,0,0,3.8479,0,"E: Uncertainty",NA,NA,NA,NA,NA,NA,NA,NA,NA,NA,NA,NA,"E: Uncertainty",NA,NA,NA,NA,NA,"E: Uncertainty",NA,"E: Uncertainty",NA,NA,NA,NA,NA,"E: Uncertainty",NA,"E: Uncertainty","E: Uncertainty","E: Uncertainty",NA,NA,NA,NA,NA,NA,NA,NA
"2021-08-03 03:00:00","PM2.5",NA,0,66.4741,356.6943,0,37.2987,44.3267,1.2244,0,1.2829,1.6017,65.3481,0,NA,54.4053,41.7299,0,0,3.3398,0.606,5.0842,NA,0,0,0,11.7969,0,0,0,0,NA,NA,NA,0,0,0,0,0,6.8221,0,"E: Uncertainty",NA,NA,NA,NA,NA,NA,NA,NA,NA,NA,NA,NA,"E: Uncertainty",NA,NA,NA,NA,NA,NA,NA,"E: Uncertainty",NA,NA,NA,NA,NA,NA,NA,NA,"E: Uncertainty","E: Uncertainty","E: Uncertainty",NA,NA,NA,NA,NA,NA,NA
"2021-08-03 04:00:00","PM10",NA,0,88.0097,510.6932,0,72.6622,167.0974,5.3133,0,NA,1.894,145.5826,0,0,46.3691,54.7178,0,0,2.5712,3.1563,4.5977,NA,0,0,0,17.5081,NA,NA,0,NA,0,NA,NA,0,0,0,0,0,6.1256,0,"E: Uncertainty",NA,NA,NA,NA,NA,NA,NA,NA,"E: Uncertainty",NA,NA,NA,NA,NA,NA,NA,NA,NA,NA,NA,"E: Uncertainty",NA,NA,NA,NA,"E: Uncertainty","E: Uncertainty",NA,"E: Uncertainty",NA,"E: Uncertainty","E: Uncertainty",NA,NA,NA,NA,NA,NA,NA
"2021-08-03 05:00:00","PM2.5",NA,0,57.5549,399.6187,0,50.2593,38.7145,NA,0,NA,NA,70.1086,0,NA,28.1855,50.4475,0,0,2.68,2.7148,3.4264,NA,0,0,0,13.2477,0,0,0,NA,NA,0,NA,0,0,0,0,0,6.598,0,"E: Uncertainty",NA,NA,NA,NA,NA,NA,"E: Uncertainty",NA,"E: Uncertainty","E: Uncertainty",NA,NA,"E: Uncertainty",NA,NA,NA,NA,NA,NA,NA,"E: Uncertainty",NA,NA,NA,NA,NA,NA,NA,"E: Uncertainty","E: Uncertainty",NA,"E: Uncertainty",NA,NA,NA,NA,NA,NA,NA
"2021-08-03 06:00:00","PM10",693.5403,NA,0.1238,612.3057,0,94.4218,325.5216,12.3479,NA,2.0356,4.7504,446.7046,0,0.8125,25.2542,72.3346,0,0,2.1212,2.0477,3.5851,NA,0,NA,0,NA,0,NA,0,NA,NA,NA,5.8558,0,0,0,0,0,9.2627,0,NA,"E: Uncertainty",NA,NA,NA,NA,NA,NA,"E: Uncertainty",NA,NA,NA,NA,NA,NA,NA,NA,NA,NA,NA,NA,"E: Uncertainty",NA,"E: Uncertainty",NA,"E: Uncertainty",NA,"E: Uncertainty",NA,"E: Uncertainty","E: Uncertainty","E: Uncertainty",NA,NA,NA,NA,NA,NA,NA,NA
"2021-08-03 07:00:00","PM2.5",NA,0,0,460.5201,0,41.2765,89.7889,4.1402,0,NA,1.3685,211.7183,0,0,8.3234,41.6119,0,0,1.758,1.2972,2.4828,NA,0,0,0,12.8892,0,NA,0,NA,0,NA,NA,0,0,0,0,0,3.811,0,"E: Uncertainty",NA,NA,NA,NA,NA,NA,NA,NA,"E: Uncertainty",NA,NA,NA,NA,NA,NA,NA,NA,NA,NA,NA,"E: Uncertainty",NA,NA,NA,NA,NA,"E: Uncertainty",NA,"E: Uncertainty",NA,"E: Uncertainty","E: Uncertainty",NA,NA,NA,NA,NA,NA,NA
"2021-08-03 08:00:00","PM10",NA,1004.013,0,601.6548,50.1776,135.3431,1256.3931,48.1868,1.5155,2.9395,10.0769,971.6465,NA,1.3073,26.5609,97.6695,0,0,1.4594,0.901,9.7063,3.1145,0,NA,0,NA,NA,0,0,0,NA,NA,17.4884,0,0,0,0,0,7.7008,0,"E: Uncertainty",NA,NA,NA,NA,NA,NA,NA,NA,NA,NA,NA,"E: Uncertainty",NA,NA,NA,NA,NA,NA,NA,NA,NA,NA,"E: Uncertainty",NA,"E: Uncertainty","E: Uncertainty",NA,NA,NA,"E: Uncertainty","E: Uncertainty",NA,NA,NA,NA,NA,NA,NA,NA
"2021-08-03 09:00:00","PM2.5",NA,0,0,367.7519,0,40.9779,86.1666,2.7215,0,NA,1.2707,142.9105,0,0,4.9483,12.2656,0,0,1.5969,NA,1.8878,NA,0,0,0,NA,NA,0,0,0,0,0,NA,0,0,0,0,0,1.0505,0,"E: Uncertainty",NA,NA,NA,NA,NA,NA,NA,NA,"E: Uncertainty",NA,NA,NA,NA,NA,NA,NA,NA,NA,"E: Uncertainty",NA,"E: Uncertainty",NA,NA,NA,"E: Uncertainty","E: Uncertainty",NA,NA,NA,NA,NA,"E: Uncertainty",NA,NA,NA,NA,NA,NA,NA
"2021-08-03 10:00:00","PM10",0,NA,0,405.9402,0,68.6835,220.5087,5.2688,0,NA,1.0415,172.417,0,NA,6.7997,11.7798,0,0,1.5391,NA,2.041,NA,0,0,0,9.771,0,NA,0,NA,NA,NA,NA,0,0,0,0,0,3.5479,0,NA,"E: Uncertainty",NA,NA,NA,NA,NA,NA,NA,"E: Uncertainty",NA,NA,NA,"E: Uncertainty",NA,NA,NA,NA,NA,"E: Uncertainty",NA,"E: Uncertainty",NA,NA,NA,NA,NA,"E: Uncertainty",NA,"E: Uncertainty","E: Uncertainty","E: Uncertainty","E: Uncertainty",NA,NA,NA,NA,NA,NA,NA
"2021-08-03 11:00:00","PM2.5",NA,0,0,338.7825,0,37.2935,41.3072,NA,0,NA,NA,53.8714,0,0,3.537,8.3255,0,0,2.6466,0,1.4982,0,0,0,0,NA,NA,NA,0,0,NA,0,NA,0,0,0,0,0,3.488,0,"E: Uncertainty",NA,NA,NA,NA,NA,NA,"E: Uncertainty",NA,"E: Uncertainty","E: Uncertainty",NA,NA,NA,NA,NA,NA,NA,NA,NA,NA,NA,NA,NA,NA,"E: Uncertainty","E: Uncertainty","E: Uncertainty",NA,NA,"E: Uncertainty",NA,"E: Uncertainty",NA,NA,NA,NA,NA,NA,NA
"2021-08-03 12:00:00","PM10",0,NA,0,306.6579,0,50.9927,103.2946,2.3101,NA,0,NA,97.0779,0,0,3.4008,5.9945,0,0,1.467,0,2.377,NA,0,0,0,0,0,NA,0,NA,NA,0,NA,0,0,0,0,0,NA,0,NA,"E: Uncertainty",NA,NA,NA,NA,NA,NA,"E: Uncertainty",NA,"E: Uncertainty",NA,NA,NA,NA,NA,NA,NA,NA,NA,NA,"E: Uncertainty",NA,NA,NA,NA,NA,"E: Uncertainty",NA,"E: Uncertainty","E: Uncertainty",NA,"E: Uncertainty",NA,NA,NA,NA,NA,"E: Uncertainty",NA
"2021-08-03 13:00:00","PM2.5",NA,0,0,247.504,0,32.1249,18.9266,NA,NA,0,0,32.8725,0,0,0.7486,3.6408,0,0,0.6562,0,1.2392,NA,0,0,0,NA,0,NA,0,0,0,NA,0,0,NA,0,0,0,NA,0,"E: Uncertainty",NA,NA,NA,NA,NA,NA,"E: Uncertainty","E: Uncertainty",NA,NA,NA,NA,NA,NA,NA,NA,NA,NA,NA,NA,"E: Uncertainty",NA,NA,NA,"E: Uncertainty",NA,"E: Uncertainty",NA,NA,NA,"E: Uncertainty",NA,NA,"E: Uncertainty",NA,NA,NA,"E: Uncertainty",NA
"2021-08-03 14:00:00","PM10",NA,0,0,318.592,0,60.0216,138.4335,3.6491,NA,NA,NA,105.2416,0,NA,3.2383,6.594,0,0,1.6125,NA,1.5826,NA,0,0,0,NA,NA,NA,0,0,NA,NA,NA,0,NA,0,0,0,0,0,"E: Uncertainty",NA,NA,NA,NA,NA,NA,NA,"E: Uncertainty","E: Uncertainty","E: Uncertainty",NA,NA,"E: Uncertainty",NA,NA,NA,NA,NA,"E: Uncertainty",NA,"E: Uncertainty",NA,NA,NA,"E: Uncertainty","E: Uncertainty","E: Uncertainty",NA,NA,"E: Uncertainty","E: Uncertainty","E: Uncertainty",NA,"E: Uncertainty",NA,NA,NA,NA,NA
"2021-08-03 15:00:00","PM2.5",1033.9328,0,0,286.3408,0,32.0421,22.3036,1.8856,0,0.001,NA,72.2602,0,NA,6.08,7.8056,0,0,1.4184,0,1.8127,0,0,0,0,NA,NA,0,0,0,NA,NA,0,0,0,0,0,0,NA,0,NA,NA,NA,NA,NA,NA,NA,NA,NA,NA,"E: Uncertainty",NA,NA,"E: Uncertainty",NA,NA,NA,NA,NA,NA,NA,NA,NA,NA,NA,"E: Uncertainty","E: Uncertainty",NA,NA,NA,"E: Uncertainty","E: Uncertainty",NA,NA,NA,NA,NA,NA,"E: Uncertainty",NA
"2021-08-03 16:00:00","PM10",NA,0,0,340.2094,0,72.5322,114.9588,2.8775,0,NA,NA,113.8802,0,0,3.3703,8.7494,0,0,NA,NA,1.8606,NA,0,0,0,NA,NA,NA,0,NA,NA,0,NA,0,0,0,0,0,1.8106,0,"E: Uncertainty",NA,NA,NA,NA,NA,NA,NA,NA,"E: Uncertainty","E: Uncertainty",NA,NA,NA,NA,NA,NA,NA,"E: Uncertainty","E: Uncertainty",NA,"E: Uncertainty",NA,NA,NA,"E: Uncertainty","E: Uncertainty","E: Uncertainty",NA,"E: Uncertainty","E: Uncertainty",NA,"E: Uncertainty",NA,NA,NA,NA,NA,NA,NA
"2021-08-03 17:00:00","PM2.5",0,0,0,326.5428,0,45.5633,19.4077,NA,NA,0,NA,61.3103,0,NA,2.1793,6.1253,0,0,0.7924,NA,2.4515,NA,0,0,0,19.0477,0,NA,0,NA,NA,NA,0,0,0,0,0,0,2.2702,0,NA,NA,NA,NA,NA,NA,NA,"E: Uncertainty","E: Uncertainty",NA,"E: Uncertainty",NA,NA,"E: Uncertainty",NA,NA,NA,NA,NA,"E: Uncertainty",NA,"E: Uncertainty",NA,NA,NA,NA,NA,"E: Uncertainty",NA,"E: Uncertainty","E: Uncertainty","E: Uncertainty",NA,NA,NA,NA,NA,NA,NA,NA
"2021-08-03 18:00:00","PM10",NA,0,0,360.679,0,104.6895,112.7792,4.4471,NA,NA,1.2029,196.1731,0,0,8.9953,9.8017,0,0,1.2811,0,4.3382,1.8466,0,0,0,12.6315,0,0,0,NA,NA,NA,NA,0,0,0,0,0,1.9491,0,"E: Uncertainty",NA,NA,NA,NA,NA,NA,NA,"E: Uncertainty","E: Uncertainty",NA,NA,NA,NA,NA,NA,NA,NA,NA,NA,NA,NA,NA,NA,NA,NA,NA,NA,NA,"E: Uncertainty","E: Uncertainty","E: Uncertainty","E: Uncertainty",NA,NA,NA,NA,NA,NA,NA
"2021-08-03 19:00:00","PM2.5",956.2155,0,0,290.3466,0,40.6015,24.1435,NA,0,0,NA,124.3879,0,0,6.276,11.639,0,0,1.7876,0,2.9947,NA,0,0,0,NA,NA,NA,0,0,NA,0,NA,0,0,0,0,0,NA,0,NA,NA,NA,NA,NA,NA,NA,"E: Uncertainty",NA,NA,"E: Uncertainty",NA,NA,NA,NA,NA,NA,NA,NA,NA,NA,"E: Uncertainty",NA,NA,NA,"E: Uncertainty","E: Uncertainty","E: Uncertainty",NA,NA,"E: Uncertainty",NA,"E: Uncertainty",NA,NA,NA,NA,NA,"E: Uncertainty",NA
"2021-08-03 20:00:00","PM10",NA,0,NA,365.2095,0,117.3244,95.9896,11.0762,0,1.3475,2.3243,445.5897,0,NA,19.1726,23.2281,0,0,2.8717,NA,4.1403,NA,0,0,0,NA,NA,0,0,0,NA,0,9.7855,0,0,0,0,0,16.4636,0,"E: Uncertainty",NA,"E: Uncertainty",NA,NA,NA,NA,NA,NA,NA,NA,NA,NA,"E: Uncertainty",NA,NA,NA,NA,NA,"E: Uncertainty",NA,"E: Uncertainty",NA,NA,NA,"E: Uncertainty","E: Uncertainty",NA,NA,NA,"E: Uncertainty",NA,NA,NA,NA,NA,NA,NA,NA,NA
"2021-08-03 21:00:00","PM2.5",NA,0,0,277.3334,0,84.6398,25.8027,2.7978,0,NA,NA,211.9319,0,0.0039,12.3419,20.933,0,0,3.1837,NA,4.9267,NA,0,0,0,11.1501,0.0384,0,0,NA,NA,0.1921,5.3345,0,0,0,0,0,14.7821,0,"E: Uncertainty",NA,NA,NA,NA,NA,NA,NA,NA,"E: Uncertainty","E: Uncertainty",NA,NA,NA,NA,NA,NA,NA,NA,"E: Uncertainty",NA,"E: Uncertainty",NA,NA,NA,NA,NA,NA,NA,"E: Uncertainty","E: Uncertainty",NA,NA,NA,NA,NA,NA,NA,NA,NA
"2021-08-03 22:00:00","PM10",1230.4986,0,0,332.1561,0,157.6332,93.4937,6.6787,0,0.8952,2.1395,461.9407,NA,NA,18.1912,25.9215,0,0,3.4098,0,7.2742,NA,0,NA,0,12.9575,NA,0,0,NA,NA,NA,14.8581,0,0,0,0,0,9.2184,NA,NA,NA,NA,NA,NA,NA,NA,NA,NA,NA,NA,NA,"E: Uncertainty","E: Uncertainty",NA,NA,NA,NA,NA,NA,NA,"E: Uncertainty",NA,"E: Uncertainty",NA,NA,"E: Uncertainty",NA,NA,"E: Uncertainty","E: Uncertainty","E: Uncertainty",NA,NA,NA,NA,NA,NA,NA,"E: Uncertainty"
"2021-08-03 23:00:00","PM2.5",NA,0,0,296.5034,0,138.1095,30.0072,NA,NA,NA,NA,238.9515,0,NA,13.2734,28.699,0,0,2.719,0,11.5488,NA,0,NA,0,15.1589,NA,0,NA,NA,NA,0,9.4683,0,0,0,0,0,12.6221,0,"E: Uncertainty",NA,NA,NA,NA,NA,NA,"E: Uncertainty","E: Uncertainty","E: Uncertainty","E: Uncertainty",NA,NA,"E: Uncertainty",NA,NA,NA,NA,NA,NA,NA,"E: Uncertainty",NA,"E: Uncertainty",NA,NA,"E: Uncertainty",NA,"E: Uncertainty","E: Uncertainty","E: Uncertainty",NA,NA,NA,NA,NA,NA,NA,NA,NA
"2021-08-04 00:30:00","PM10",NA,0,0,363.7558,0,132.7722,123.0584,3.8447,0,NA,1.8289,314.6098,NA,0,13.9455,17.7902,0,0,4.9945,2e-04,4.165,NA,0,0,0,0,NA,NA,0,NA,NA,NA,8.6974,0,0,0,0,0,9.7378,0,"E: Uncertainty",NA,NA,NA,NA,NA,NA,NA,NA,"E: Uncertainty",NA,NA,"E: Uncertainty",NA,NA,NA,NA,NA,NA,NA,NA,"E: Uncertainty",NA,NA,NA,NA,"E: Uncertainty","E: Uncertainty",NA,"E: Uncertainty","E: Uncertainty","E: Uncertainty",NA,NA,NA,NA,NA,NA,NA,NA
"2021-08-04 01:00:00","PM2.5",772.6004,0,0,328.0489,0,69.2446,23.6532,1.0599,0,NA,NA,109.7027,0,0,4.3929,11.0276,0,0,2.8888,NA,3.6427,NA,0,0,0,0,NA,0,0,0,0,NA,4.0098,0,0,0,0,0,12.1917,0,NA,NA,NA,NA,NA,NA,NA,NA,NA,"E: Uncertainty","E: Uncertainty",NA,NA,NA,NA,NA,NA,NA,NA,"E: Uncertainty",NA,"E: Uncertainty",NA,NA,NA,NA,"E: Uncertainty",NA,NA,NA,NA,"E: Uncertainty",NA,NA,NA,NA,NA,NA,NA,NA
"2021-08-04 02:00:00","PM10",NA,NA,0,373.0527,0,107.7209,100.1788,4.8372,NA,0.9515,1.6473,236.3167,0.0097,NA,8.2704,13.2211,0,0,2.5868,0,4.3265,NA,0,0,0,NA,NA,NA,0,NA,NA,0,2.9646,0,0,0,0,0,10.8656,0,"E: Uncertainty","E: Uncertainty",NA,NA,NA,NA,NA,NA,"E: Uncertainty",NA,NA,NA,NA,"E: Uncertainty",NA,NA,NA,NA,NA,NA,NA,"E: Uncertainty",NA,NA,NA,"E: Uncertainty","E: Uncertainty","E: Uncertainty",NA,"E: Uncertainty","E: Uncertainty",NA,NA,NA,NA,NA,NA,NA,NA,NA
"2021-08-04 03:00:00","PM2.5",NA,0,0,322.0413,0,63.1066,27.5523,1.3921,NA,NA,NA,97.7055,0,NA,3.4738,9.8959,0,0,2.8778,NA,4.2323,0,0,0,0,9.6194,0,0,0,NA,NA,NA,NA,0,0,0,0,0,5.8175,0,"E: Uncertainty",NA,NA,NA,NA,NA,NA,NA,"E: Uncertainty","E: Uncertainty","E: Uncertainty",NA,NA,"E: Uncertainty",NA,NA,NA,NA,NA,"E: Uncertainty",NA,NA,NA,NA,NA,NA,NA,NA,NA,"E: Uncertainty","E: Uncertainty","E: Uncertainty","E: Uncertainty",NA,NA,NA,NA,NA,NA,NA
"2021-08-04 04:00:00","PM10",818.0535,0,0,360.2519,0,85.9853,82.5794,3.4174,NA,NA,1.111,187.8406,0,NA,4.7607,11.685,0,0,2.0513,NA,3.2553,NA,0,0,0,9.599,0,NA,0,0,0,NA,NA,0,0,0,0,0,6.806,0,NA,NA,NA,NA,NA,NA,NA,NA,"E: Uncertainty","E: Uncertainty",NA,NA,NA,"E: Uncertainty",NA,NA,NA,NA,NA,"E: Uncertainty",NA,"E: Uncertainty",NA,NA,NA,NA,NA,"E: Uncertainty",NA,NA,NA,"E: Uncertainty","E: Uncertainty",NA,NA,NA,NA,NA,NA,NA
"2021-08-04 05:00:00","PM2.5",NA,0,0,365.9738,0,55.2804,37.7341,NA,NA,0,NA,96.973,NA,NA,3.0593,10.7382,0,0,2.1436,NA,3.0904,NA,0,0,0,13.2413,NA,NA,0,NA,NA,NA,NA,0,0,0,0,0,5.7182,0,"E: Uncertainty",NA,NA,NA,NA,NA,NA,"E: Uncertainty","E: Uncertainty",NA,"E: Uncertainty",NA,"E: Uncertainty","E: Uncertainty",NA,NA,NA,NA,NA,"E: Uncertainty",NA,"E: Uncertainty",NA,NA,NA,NA,"E: Uncertainty","E: Uncertainty",NA,"E: Uncertainty","E: Uncertainty","E: Uncertainty","E: Uncertainty",NA,NA,NA,NA,NA,NA,NA
"2021-08-04 06:00:00","PM10",NA,0,0,445.7871,0,116.2621,153.1948,3.9659,NA,NA,1.3894,272.0695,0,NA,8.5124,15.07,0,0,2.1567,NA,3.8083,NA,0,0,0,10.7078,0,0,0,0,NA,NA,3.9745,0,0,0,0,0,5.164,0,"E: Uncertainty",NA,NA,NA,NA,NA,NA,NA,"E: Uncertainty","E: Uncertainty",NA,NA,NA,"E: Uncertainty",NA,NA,NA,NA,NA,"E: Uncertainty",NA,"E: Uncertainty",NA,NA,NA,NA,NA,NA,NA,NA,"E: Uncertainty","E: Uncertainty",NA,NA,NA,NA,NA,NA,NA,NA
"2021-08-04 07:00:00","PM2.5",NA,NA,0,385.7683,0,110.287,39.3863,2.0447,0.8276,NA,NA,98.9683,NA,NA,3.1771,12.3362,0,0,1.3148,NA,2.9202,NA,0,0,0,NA,NA,0,0,NA,NA,NA,NA,0,0,0,0,0,4.6846,0,"E: Uncertainty","E: Uncertainty",NA,NA,NA,NA,NA,NA,NA,"E: Uncertainty","E: Uncertainty",NA,"E: Uncertainty","E: Uncertainty",NA,NA,NA,NA,NA,"E: Uncertainty",NA,"E: Uncertainty",NA,NA,NA,"E: Uncertainty","E: Uncertainty",NA,NA,"E: Uncertainty","E: Uncertainty","E: Uncertainty","E: Uncertainty",NA,NA,NA,NA,NA,NA,NA
"2021-08-04 08:00:00","PM10",NA,NA,0,456.971,0,142.443,388.1088,7.4077,NA,0.8708,1.8433,270.7326,0,0.0081,7.2228,25.3757,0,0,3.2836,NA,3.8015,NA,0,0,0,NA,NA,NA,0,0,NA,0,3.0187,0,0,0,0,0,4.8499,0,"E: Uncertainty","E: Uncertainty",NA,NA,NA,NA,NA,NA,"E: Uncertainty",NA,NA,NA,NA,NA,NA,NA,NA,NA,NA,"E: Uncertainty",NA,"E: Uncertainty",NA,NA,NA,"E: Uncertainty","E: Uncertainty","E: Uncertainty",NA,NA,"E: Uncertainty",NA,NA,NA,NA,NA,NA,NA,NA,NA
"2021-08-04 09:00:00","PM2.5",NA,0,0,365.3336,0,48.3279,49.9616,1.3301,NA,0,NA,63.1465,0,NA,2.5356,12.3277,0,0,0.9383,0,2.9419,NA,0,0,0,18.9907,NA,0,0,0,NA,NA,0,0,0,0,0,0,3.9612,0,"E: Uncertainty",NA,NA,NA,NA,NA,NA,NA,"E: Uncertainty",NA,"E: Uncertainty",NA,NA,"E: Uncertainty",NA,NA,NA,NA,NA,NA,NA,"E: Uncertainty",NA,NA,NA,NA,"E: Uncertainty",NA,NA,NA,"E: Uncertainty","E: Uncertainty",NA,NA,NA,NA,NA,NA,NA,NA
"2021-08-04 10:00:00","PM10",0,NA,0,480.9572,0,117.0848,219.0477,8.355,NA,NA,1.3986,135.5686,0,0,3.5047,18.5756,0,0,1.5444,NA,3.5585,NA,0,0,0,NA,NA,NA,0,0,0,NA,NA,0,0,0,0,0,3.4967,0,NA,"E: Uncertainty",NA,NA,NA,NA,NA,NA,"E: Uncertainty","E: Uncertainty",NA,NA,NA,NA,NA,NA,NA,NA,NA,"E: Uncertainty",NA,"E: Uncertainty",NA,NA,NA,"E: Uncertainty","E: Uncertainty","E: Uncertainty",NA,NA,NA,"E: Uncertainty","E: Uncertainty",NA,NA,NA,NA,NA,NA,NA
"2021-08-04 11:00:00","PM2.5",NA,0,0,388.537,0,52.4232,33.9387,1.4768,NA,NA,NA,55.5014,0,NA,1.6118,9.0404,0,0,0.5502,NA,3.1391,0,0,0,0,0,0,NA,0,NA,0,NA,NA,0,0,0,0,0,3.6776,0,"E: Uncertainty",NA,NA,NA,NA,NA,NA,NA,"E: Uncertainty","E: Uncertainty","E: Uncertainty",NA,NA,"E: Uncertainty",NA,NA,NA,NA,NA,"E: Uncertainty",NA,NA,NA,NA,NA,NA,NA,"E: Uncertainty",NA,"E: Uncertainty",NA,"E: Uncertainty","E: Uncertainty",NA,NA,NA,NA,NA,NA,NA
"2021-08-04 12:00:00","PM10",NA,NA,0,442.7822,0,96.9009,207.9459,5.415,NA,NA,2.011,145.671,0,NA,4.5884,13.3048,0,0,0.5019,0,4.023,NA,0,0,0,9.0143,NA,0,0,0,NA,NA,NA,0,0,0,0,0,4.2539,0,"E: Uncertainty","E: Uncertainty",NA,NA,NA,NA,NA,NA,"E: Uncertainty","E: Uncertainty",NA,NA,NA,"E: Uncertainty",NA,NA,NA,NA,NA,NA,NA,"E: Uncertainty",NA,NA,NA,NA,"E: Uncertainty",NA,NA,NA,"E: Uncertainty","E: Uncertainty","E: Uncertainty",NA,NA,NA,NA,NA,NA,NA
"2021-08-04 13:00:00","PM2.5",NA,0,0,368.0934,0,45.92,33.6115,1.111,NA,NA,NA,46.6389,0,NA,1.721,11.3583,0,0,1.3097,0,3.5743,NA,0,0,0,17.1563,NA,0,0,0,NA,NA,0,0,0,0,0,0,2.0178,0,"E: Uncertainty",NA,NA,NA,NA,NA,NA,NA,"E: Uncertainty","E: Uncertainty","E: Uncertainty",NA,NA,"E: Uncertainty",NA,NA,NA,NA,NA,NA,NA,"E: Uncertainty",NA,NA,NA,NA,"E: Uncertainty",NA,NA,NA,"E: Uncertainty","E: Uncertainty",NA,NA,NA,NA,NA,NA,NA,NA
"2021-08-04 14:00:00","PM10",NA,NA,0,464.5784,0,94.9221,234.7934,4.7074,NA,NA,1.8702,156.0833,0,NA,4.3228,17.2543,0,0,1.651,NA,4.04,NA,0,0,0,NA,0,NA,0,NA,NA,NA,NA,0,0,0,0,0,7.4032,0,"E: Uncertainty","E: Uncertainty",NA,NA,NA,NA,NA,NA,"E: Uncertainty","E: Uncertainty",NA,NA,NA,"E: Uncertainty",NA,NA,NA,NA,NA,"E: Uncertainty",NA,"E: Uncertainty",NA,NA,NA,"E: Uncertainty",NA,"E: Uncertainty",NA,"E: Uncertainty","E: Uncertainty","E: Uncertainty","E: Uncertainty",NA,NA,NA,NA,NA,NA,NA
"2021-08-04 15:00:00","PM2.5",NA,0,0,391.8118,0,51.5225,32.1778,NA,NA,0,NA,57.2759,NA,NA,1.3658,9.4679,0,0,0.3982,0,3.3438,0,0,0,0,10.6363,NA,0,0,NA,NA,0,0,0,0,0,0,0,3.5858,0,"E: Uncertainty",NA,NA,NA,NA,NA,NA,"E: Uncertainty","E: Uncertainty",NA,"E: Uncertainty",NA,"E: Uncertainty","E: Uncertainty",NA,NA,NA,NA,NA,NA,NA,NA,NA,NA,NA,NA,"E: Uncertainty",NA,NA,"E: Uncertainty","E: Uncertainty",NA,NA,NA,NA,NA,NA,NA,NA,NA
"2021-08-04 16:00:00","PM10",NA,NA,0,433.248,0,110.8344,267.7239,7.4819,NA,NA,1.6832,162.5707,0,NA,3.9764,15.9284,0,0,0.8784,NA,4.3755,NA,0,0,0,NA,NA,0,0,NA,NA,NA,0,0,0,0,0,0,3.2492,0,"E: Uncertainty","E: Uncertainty",NA,NA,NA,NA,NA,NA,"E: Uncertainty","E: Uncertainty",NA,NA,NA,"E: Uncertainty",NA,NA,NA,NA,NA,"E: Uncertainty",NA,"E: Uncertainty",NA,NA,NA,"E: Uncertainty","E: Uncertainty",NA,NA,"E: Uncertainty","E: Uncertainty","E: Uncertainty",NA,NA,NA,NA,NA,NA,NA,NA
"2021-08-04 17:00:00","PM2.5",NA,0,0,356.6587,0,52.9582,49.5653,1.0596,NA,0,NA,84.2035,NA,0,2.0447,10.503,0,0,1.1786,0,3.1987,NA,0,0,0,10.7958,NA,NA,0,NA,0,NA,0,0,0,0,0,0,2.9148,0,"E: Uncertainty",NA,NA,NA,NA,NA,NA,NA,"E: Uncertainty",NA,"E: Uncertainty",NA,"E: Uncertainty",NA,NA,NA,NA,NA,NA,NA,NA,"E: Uncertainty",NA,NA,NA,NA,"E: Uncertainty","E: Uncertainty",NA,"E: Uncertainty",NA,"E: Uncertainty",NA,NA,NA,NA,NA,NA,NA,NA
"2021-08-04 18:00:00","PM10",NA,0,0,422.8457,0,100.655,230.1194,4.728,NA,NA,1.5559,185.065,0,0.0022,5.4114,15.9208,0,0,1.3435,0,4.0047,1.8083,0,0,0,NA,NA,0,0,NA,NA,NA,3.3713,0,0,0,0,0,4.1241,0,"E: Uncertainty",NA,NA,NA,NA,NA,NA,NA,"E: Uncertainty","E: Uncertainty",NA,NA,NA,NA,NA,NA,NA,NA,NA,NA,NA,NA,NA,NA,NA,"E: Uncertainty","E: Uncertainty",NA,NA,"E: Uncertainty","E: Uncertainty","E: Uncertainty",NA,NA,NA,NA,NA,NA,NA,NA
"2021-08-04 19:00:00","PM2.5",NA,0,0,341.9865,0,45.8093,28.7765,1.5375,0,5e-04,NA,77.5598,0,0,4.3983,12.1741,0,0,0.7054,NA,10.4864,NA,0,0,0,NA,NA,0,0,0,NA,0,NA,0,0,0,NA,0,2.9776,0,"E: Uncertainty",NA,NA,NA,NA,NA,NA,NA,NA,NA,"E: Uncertainty",NA,NA,NA,NA,NA,NA,NA,NA,"E: Uncertainty",NA,"E: Uncertainty",NA,NA,NA,"E: Uncertainty","E: Uncertainty",NA,NA,NA,"E: Uncertainty",NA,"E: Uncertainty",NA,NA,NA,"E: Uncertainty",NA,NA,NA
"2021-08-04 20:00:00","PM10",NA,NA,0,344.5401,0,45.4744,82.9826,6.0529,0,0,1.7227,350.6669,0,0,26.0247,25.8439,0,0,1.2516,0,5.2367,NA,0,0,0,14.5026,0,NA,0,0,0,NA,11.1369,0,0,0,0,0,1.0822,0,"E: Uncertainty","E: Uncertainty",NA,NA,NA,NA,NA,NA,NA,NA,NA,NA,NA,NA,NA,NA,NA,NA,NA,NA,NA,"E: Uncertainty",NA,NA,NA,NA,NA,"E: Uncertainty",NA,NA,NA,"E: Uncertainty",NA,NA,NA,NA,NA,NA,NA,NA
"2021-08-04 21:00:00","PM2.5",NA,0,NA,381.6887,0,72.1209,21.7121,1.0979,0,NA,NA,152.9232,0,0,8.203,21.0852,0,0,2.7523,0,3.4922,NA,0,0,0,12.9,0,NA,0,0,NA,NA,2.9985,0,0,0,0,0,1.4501,0,"E: Uncertainty",NA,"E: Uncertainty",NA,NA,NA,NA,NA,NA,"E: Uncertainty","E: Uncertainty",NA,NA,NA,NA,NA,NA,NA,NA,NA,NA,"E: Uncertainty",NA,NA,NA,NA,NA,"E: Uncertainty",NA,NA,"E: Uncertainty","E: Uncertainty",NA,NA,NA,NA,NA,NA,NA,NA
"2021-08-04 22:00:00","PM10",NA,0,0,504.534,0,99.3499,135.9288,6.1491,0,NA,2.6779,376.0327,0,NA,11.561,22.1637,0,0,3.0058,0,3.7838,NA,0,0,0,17.1089,0,NA,0,NA,NA,NA,6.3406,0,0,0,0,0,3.5692,0,"E: Uncertainty",NA,NA,NA,NA,NA,NA,NA,NA,"E: Uncertainty",NA,NA,NA,"E: Uncertainty",NA,NA,NA,NA,NA,NA,NA,"E: Uncertainty",NA,NA,NA,NA,NA,"E: Uncertainty",NA,"E: Uncertainty","E: Uncertainty","E: Uncertainty",NA,NA,NA,NA,NA,NA,NA,NA
"2021-08-04 23:00:00","PM2.5",NA,0,0,408.282,0,62.1608,26.3074,NA,NA,0,NA,86.8848,0,0,2.8688,13.2197,0,0,1.6764,0,2.3602,NA,0,NA,0,NA,0,NA,0,NA,NA,NA,0,0,NA,0,0,0,5.726,0,"E: Uncertainty",NA,NA,NA,NA,NA,NA,"E: Uncertainty","E: Uncertainty",NA,"E: Uncertainty",NA,NA,NA,NA,NA,NA,NA,NA,NA,NA,"E: Uncertainty",NA,"E: Uncertainty",NA,"E: Uncertainty",NA,"E: Uncertainty",NA,"E: Uncertainty","E: Uncertainty","E: Uncertainty",NA,NA,"E: Uncertainty",NA,NA,NA,NA,NA
"2021-08-05 00:30:00","PM10",0,0,0,520.0285,0,109.2098,89.1073,NA,0,NA,NA,168.9127,0,0,5.0689,15.8988,0,0,4.5257,NA,2.5864,NA,0,0,0,37.5237,NA,NA,0,0,NA,NA,NA,0,0,0,0,0,2.189,0,NA,NA,NA,NA,NA,NA,NA,"E: Uncertainty",NA,"E: Uncertainty","E: Uncertainty",NA,NA,NA,NA,NA,NA,NA,NA,"E: Uncertainty",NA,"E: Uncertainty",NA,NA,NA,NA,"E: Uncertainty","E: Uncertainty",NA,NA,"E: Uncertainty","E: Uncertainty","E: Uncertainty",NA,NA,NA,NA,NA,NA,NA
"2021-08-05 01:00:00","PM2.5",665.1411,0,0,416.8663,0,86.2273,19.1739,1.4258,NA,NA,NA,71.0125,0,NA,2.6799,12.029,0,0,1.9253,NA,2.6857,NA,0,0,NA,NA,0.0834,0,0,NA,NA,NA,NA,0,NA,0,0,0,6.0019,0,NA,NA,NA,NA,NA,NA,NA,NA,"E: Uncertainty","E: Uncertainty","E: Uncertainty",NA,NA,"E: Uncertainty",NA,NA,NA,NA,NA,"E: Uncertainty",NA,"E: Uncertainty",NA,NA,"E: Uncertainty","E: Uncertainty",NA,NA,NA,"E: Uncertainty","E: Uncertainty","E: Uncertainty","E: Uncertainty",NA,"E: Uncertainty",NA,NA,NA,NA,NA
"2021-08-05 02:00:00","PM10",NA,NA,0,487.0551,0,154.3703,89.8505,4.0732,0,NA,1.4881,148.4375,0,0,3.7039,16.6377,0,0,2.6756,NA,3.9869,NA,0,0,0,14.0963,NA,NA,0,0,NA,NA,NA,0,0,0,0,0,5.7599,0,"E: Uncertainty","E: Uncertainty",NA,NA,NA,NA,NA,NA,NA,"E: Uncertainty",NA,NA,NA,NA,NA,NA,NA,NA,NA,"E: Uncertainty",NA,"E: Uncertainty",NA,NA,NA,NA,"E: Uncertainty","E: Uncertainty",NA,NA,"E: Uncertainty","E: Uncertainty","E: Uncertainty",NA,NA,NA,NA,NA,NA,NA
"2021-08-05 03:00:00","PM2.5",679.8264,0,0,440.9023,0,114.7136,35.7689,NA,NA,NA,NA,49.2002,0,0,2.0559,13.7418,0,0,3.0538,NA,3.3194,NA,0,0,0,22.3127,0,NA,0,NA,NA,NA,NA,0,0,0,0,0,4.4072,0,NA,NA,NA,NA,NA,NA,NA,"E: Uncertainty","E: Uncertainty","E: Uncertainty","E: Uncertainty",NA,NA,NA,NA,NA,NA,NA,NA,"E: Uncertainty",NA,"E: Uncertainty",NA,NA,NA,NA,NA,"E: Uncertainty",NA,"E: Uncertainty","E: Uncertainty","E: Uncertainty","E: Uncertainty",NA,NA,NA,NA,NA,NA,NA
"2021-08-05 04:00:00","PM10",NA,NA,0,571.8698,0,95.9932,146.0635,3.3101,NA,NA,NA,89.628,0,NA,2.9433,11.3056,0,0,2.2985,NA,2.8431,NA,0,0,0,11.2634,0,NA,0,NA,NA,0,NA,0,0,0,0,0,1.9409,0,"E: Uncertainty","E: Uncertainty",NA,NA,NA,NA,NA,NA,"E: Uncertainty","E: Uncertainty","E: Uncertainty",NA,NA,"E: Uncertainty",NA,NA,NA,NA,NA,"E: Uncertainty",NA,"E: Uncertainty",NA,NA,NA,NA,NA,"E: Uncertainty",NA,"E: Uncertainty","E: Uncertainty",NA,"E: Uncertainty",NA,NA,NA,NA,NA,NA,NA
"2021-08-05 05:00:00","PM2.5",651.3839,0,0,421.5415,0,41.8876,19.4176,NA,1.0483,0,2e-04,25.025,0,NA,0.879,5.511,0,0,0.988,0,3.1214,NA,0,0,0,0,NA,0,0,NA,0,NA,0,0,0,0,0,0,0,0,NA,NA,NA,NA,NA,NA,NA,"E: Uncertainty",NA,NA,NA,NA,NA,"E: Uncertainty",NA,NA,NA,NA,NA,NA,NA,"E: Uncertainty",NA,NA,NA,NA,"E: Uncertainty",NA,NA,"E: Uncertainty",NA,"E: Uncertainty",NA,NA,NA,NA,NA,NA,NA,NA
"2021-08-05 06:00:00","PM10",NA,NA,0,667.8272,0,64.709,300.2679,2.4302,1.9831,0,NA,85.8828,0,NA,2.0309,5.2989,0,0,0.6314,NA,2.7816,NA,0,0,0,NA,0,NA,0,NA,NA,NA,0,0,0,0,0,0,0,0,"E: Uncertainty","E: Uncertainty",NA,NA,NA,NA,NA,NA,NA,NA,"E: Uncertainty",NA,NA,"E: Uncertainty",NA,NA,NA,NA,NA,"E: Uncertainty",NA,"E: Uncertainty",NA,NA,NA,"E: Uncertainty",NA,"E: Uncertainty",NA,"E: Uncertainty","E: Uncertainty","E: Uncertainty",NA,NA,NA,NA,NA,NA,NA,NA
"2021-08-05 07:00:00","PM2.5",NA,0,0,504.5694,0,25.2112,42.6662,NA,1.539,0,0,35.2507,0,0.6598,1.0277,2.8801,0,0,NA,2e-04,2.2327,NA,0,0,0,NA,NA,0,0,0,NA,0,0,0,0,0,NA,0,NA,0,"E: Uncertainty",NA,NA,NA,NA,NA,NA,"E: Uncertainty",NA,NA,NA,NA,NA,NA,NA,NA,NA,NA,"E: Uncertainty",NA,NA,"E: Uncertainty",NA,NA,NA,"E: Uncertainty","E: Uncertainty",NA,NA,NA,"E: Uncertainty",NA,NA,NA,NA,NA,"E: Uncertainty",NA,"E: Uncertainty",NA
"2021-08-05 08:00:00","PM10",NA,NA,0,599.7364,0,71.832,226.9732,4.6915,2.1048,NA,0.8047,104.9836,NA,0.5329,9.1148,6.3334,0,0,0.8201,0,2.4947,NA,0,0,0,15.2495,0,0,0,NA,NA,NA,0,0,0,0,0,0,0,0,"E: Uncertainty","E: Uncertainty",NA,NA,NA,NA,NA,NA,NA,"E: Uncertainty",NA,NA,"E: Uncertainty",NA,NA,NA,NA,NA,NA,NA,NA,"E: Uncertainty",NA,NA,NA,NA,NA,NA,NA,"E: Uncertainty","E: Uncertainty","E: Uncertainty",NA,NA,NA,NA,NA,NA,NA,NA
"2021-08-05 09:00:00","PM2.5",NA,0,0,464.0097,0,58.9189,29.5612,NA,1.3647,0,0,24.719,NA,0.5917,0.7992,9.8753,0,0,0.7826,NA,2.2988,0,0,0,0,13.7552,NA,0,0,NA,NA,NA,NA,0,0,0,0,0,1.1804,0,"E: Uncertainty",NA,NA,NA,NA,NA,NA,"E: Uncertainty",NA,NA,NA,NA,"E: Uncertainty",NA,NA,NA,NA,NA,NA,"E: Uncertainty",NA,NA,NA,NA,NA,NA,"E: Uncertainty",NA,NA,"E: Uncertainty","E: Uncertainty","E: Uncertainty","E: Uncertainty",NA,NA,NA,NA,NA,NA,NA
"2021-08-05 10:00:00","PM10",NA,NA,0,487.6897,0,103.2213,244.0969,7.1895,1.8887,NA,1.8296,131.1081,0,NA,1.8005,24.4937,0,0,0.8238,NA,1.78,0,0,0,0,NA,NA,0,0,0,NA,NA,0,0,0,0,0,0,1.551,0,"E: Uncertainty","E: Uncertainty",NA,NA,NA,NA,NA,NA,NA,"E: Uncertainty",NA,NA,NA,"E: Uncertainty",NA,NA,NA,NA,NA,"E: Uncertainty",NA,NA,NA,NA,NA,"E: Uncertainty","E: Uncertainty",NA,NA,NA,"E: Uncertainty","E: Uncertainty",NA,NA,NA,NA,NA,NA,NA,NA
"2021-08-05 11:00:00","PM2.5",604.108,0,0,340.096,0,24.1785,72.2909,NA,1.4657,0,0,34.7543,0,NA,0.6587,3.1553,0,0,0.4624,0,2.3404,NA,0,0,0,NA,0,NA,0,NA,NA,NA,NA,0,0,0,0,0,0,0,NA,NA,NA,NA,NA,NA,NA,"E: Uncertainty",NA,NA,NA,NA,NA,"E: Uncertainty",NA,NA,NA,NA,NA,NA,NA,"E: Uncertainty",NA,NA,NA,"E: Uncertainty",NA,"E: Uncertainty",NA,"E: Uncertainty","E: Uncertainty","E: Uncertainty","E: Uncertainty",NA,NA,NA,NA,NA,NA,NA
"2021-08-05 12:00:00","PM10",626.6119,NA,0,370.69,0,70.503,198.2148,2.9397,NA,NA,NA,97.2679,0,NA,1.5767,8.8452,0,0,2.2342,0,2.2716,0,0,0,0,11.1766,0,NA,0,0,NA,NA,0.0011,0,0,0,0,0,2.2854,0,NA,"E: Uncertainty",NA,NA,NA,NA,NA,NA,"E: Uncertainty","E: Uncertainty","E: Uncertainty",NA,NA,"E: Uncertainty",NA,NA,NA,NA,NA,NA,NA,NA,NA,NA,NA,NA,NA,"E: Uncertainty",NA,NA,"E: Uncertainty","E: Uncertainty",NA,NA,NA,NA,NA,NA,NA,NA
"2021-08-05 13:00:00","PM2.5",NA,0,0,325.5445,0,29.8728,28.1359,NA,NA,0,0,25.1482,0,NA,1.0871,3.9214,0,0,0.9304,NA,1.8251,0,0,0,0,19.6115,0,NA,0,NA,NA,NA,0,0,0,0,0,0,0,0,"E: Uncertainty",NA,NA,NA,NA,NA,NA,"E: Uncertainty","E: Uncertainty",NA,NA,NA,NA,"E: Uncertainty",NA,NA,NA,NA,NA,"E: Uncertainty",NA,NA,NA,NA,NA,NA,NA,"E: Uncertainty",NA,"E: Uncertainty","E: Uncertainty","E: Uncertainty",NA,NA,NA,NA,NA,NA,NA,NA
"2021-08-05 14:00:00","PM10",NA,0,0,413.098,0,55.413,70.9029,2.2207,NA,NA,NA,72.6245,0,NA,1.8114,3.3209,0,0,0.741,0,2.2749,NA,0,NA,0,16.1459,0,0,0,NA,0,NA,0,0,0,0,0,0,0,0,"E: Uncertainty",NA,NA,NA,NA,NA,NA,NA,"E: Uncertainty","E: Uncertainty","E: Uncertainty",NA,NA,"E: Uncertainty",NA,NA,NA,NA,NA,NA,NA,"E: Uncertainty",NA,"E: Uncertainty",NA,NA,NA,NA,NA,"E: Uncertainty",NA,"E: Uncertainty",NA,NA,NA,NA,NA,NA,NA,NA
"2021-08-05 15:00:00","PM2.5",672.5452,0,0,284.5714,0,25.4083,20.5176,NA,NA,0,NA,31.0195,0,0,1.1749,2.3955,NA,0,0.3823,0,1.1234,0,0,0,0,11.0697,NA,0,0,0,NA,0,NA,0,0,0,0,0,0.7861,0,NA,NA,NA,NA,NA,NA,NA,"E: Uncertainty","E: Uncertainty",NA,"E: Uncertainty",NA,NA,NA,NA,NA,"E: Uncertainty",NA,NA,NA,NA,NA,NA,NA,NA,NA,"E: Uncertainty",NA,NA,NA,"E: Uncertainty",NA,"E: Uncertainty",NA,NA,NA,NA,NA,NA,NA
"2021-08-05 16:00:00","PM10",606.0927,0,0,247.1991,0,49.3747,40.6206,1.048,NA,NA,NA,68.5814,0,NA,2.2598,4.0315,0,0,1.4641,0,1.139,NA,0,0,0,0,NA,0.0339,0,0,0,0,NA,0,0,0,0,0,0,0,NA,NA,NA,NA,NA,NA,NA,NA,"E: Uncertainty","E: Uncertainty","E: Uncertainty",NA,NA,"E: Uncertainty",NA,NA,NA,NA,NA,NA,NA,"E: Uncertainty",NA,NA,NA,NA,"E: Uncertainty",NA,NA,NA,NA,NA,"E: Uncertainty",NA,NA,NA,NA,NA,NA,NA
"2021-08-05 17:00:00","PM2.5",NA,0,0,185.0067,0,19.7,6.3614,NA,NA,0,0,32.0678,NA,NA,1.0322,3.1879,0,0,0.7769,0,NA,NA,0,0,0,10.0043,0.0598,NA,0,NA,NA,NA,0,0,0,0,0,0,3.2048,0,"E: Uncertainty",NA,NA,NA,NA,NA,NA,"E: Uncertainty","E: Uncertainty",NA,NA,NA,"E: Uncertainty","E: Uncertainty",NA,NA,NA,NA,NA,NA,"E: Uncertainty","E: Uncertainty",NA,NA,NA,NA,NA,"E: Uncertainty",NA,"E: Uncertainty","E: Uncertainty","E: Uncertainty",NA,NA,NA,NA,NA,NA,NA,NA
"2021-08-05 18:00:00","PM10",NA,0,0,88.1134,0,36.7982,11.6983,0,NA,NA,0.0062,48.9568,0,0,1.2514,1.9627,0,0,1.6793,0,NA,NA,0,0,0,NA,NA,0,0,0,NA,0,NA,0,0,0,NA,0,0,0,"E: Uncertainty",NA,NA,NA,NA,NA,NA,NA,"E: Uncertainty","E: Uncertainty",NA,NA,NA,NA,NA,NA,NA,NA,NA,NA,"E: Uncertainty","E: Uncertainty",NA,NA,NA,"E: Uncertainty","E: Uncertainty",NA,NA,NA,"E: Uncertainty",NA,"E: Uncertainty",NA,NA,NA,"E: Uncertainty",NA,NA,NA
"2021-08-05 19:00:00","PM2.5",NA,0,NA,58.5101,0,21.7267,10.3555,0,0,9e-04,0,12.6262,0,0,0.6769,0.9228,0,0,0.6775,NA,NA,NA,0,0,0,12.6351,NA,0,0,NA,0,0,NA,0,0,0,0,0,0,0,"E: Uncertainty",NA,"E: Uncertainty",NA,NA,NA,NA,NA,NA,NA,NA,NA,NA,NA,NA,NA,NA,NA,NA,"E: Uncertainty","E: Uncertainty","E: Uncertainty",NA,NA,NA,NA,"E: Uncertainty",NA,NA,"E: Uncertainty",NA,NA,"E: Uncertainty",NA,NA,NA,NA,NA,NA,NA
"2021-08-05 20:00:00","PM10",985.2471,0,NA,127.9431,26.1137,70.9646,29.9775,0,NA,NA,0,48.2731,0,0,2.3798,2.0845,0,0,0.6574,0,NA,NA,0,0,0,9.5308,NA,NA,0,0,NA,0,NA,0,0,0,0,0,0,0,NA,NA,"E: Uncertainty",NA,NA,NA,NA,NA,"E: Uncertainty","E: Uncertainty",NA,NA,NA,NA,NA,NA,NA,NA,NA,NA,"E: Uncertainty","E: Uncertainty",NA,NA,NA,NA,"E: Uncertainty","E: Uncertainty",NA,NA,"E: Uncertainty",NA,"E: Uncertainty",NA,NA,NA,NA,NA,NA,NA
"2021-08-05 21:00:00","PM2.5",731.3426,0,NA,181.282,0,23.6804,6.7492,0,0,0,0,17.3913,0,0,0.7719,2.333,0,0,NA,NA,0.8648,NA,0,0,0,10.6944,NA,0,0,NA,0,NA,NA,0,0,0,0,0,0,0,NA,NA,"E: Uncertainty",NA,NA,NA,NA,NA,NA,NA,NA,NA,NA,NA,NA,NA,NA,NA,"E: Uncertainty","E: Uncertainty",NA,"E: Uncertainty",NA,NA,NA,NA,"E: Uncertainty",NA,NA,"E: Uncertainty",NA,"E: Uncertainty","E: Uncertainty",NA,NA,NA,NA,NA,NA,NA
"2021-08-05 22:00:00","PM10",NA,0,NA,364.5437,232.4943,83.9228,21.6085,0,NA,0,0,28.1388,NA,NA,0.9976,2.582,0,0,NA,0,1.1011,0,0,0,0,11.8521,NA,NA,0,NA,NA,NA,0,0,NA,0,0,0,0,0,"E: Uncertainty",NA,"E: Uncertainty",NA,NA,NA,NA,NA,"E: Uncertainty",NA,NA,NA,"E: Uncertainty","E: Uncertainty",NA,NA,NA,NA,"E: Uncertainty",NA,NA,NA,NA,NA,NA,NA,"E: Uncertainty","E: Uncertainty",NA,"E: Uncertainty","E: Uncertainty","E: Uncertainty",NA,NA,"E: Uncertainty",NA,NA,NA,NA,NA
"2021-08-05 23:00:00","PM2.5",1071.9195,0,0,335.5845,34.3826,28.0305,9.0212,0,0,0,0,9.9965,0,0,NA,3.4558,0,0,NA,0,1.1996,0,0,0,0,NA,NA,0,0,0,NA,NA,NA,0.0234,0,0,0,0,0,0,NA,NA,NA,NA,NA,NA,NA,NA,NA,NA,NA,NA,NA,NA,"E: Uncertainty",NA,NA,NA,"E: Uncertainty",NA,NA,NA,NA,NA,NA,"E: Uncertainty","E: Uncertainty",NA,NA,NA,"E: Uncertainty","E: Uncertainty","E: Uncertainty",NA,NA,NA,NA,NA,NA,NA
"2021-08-06 00:30:00","PM10",NA,0,NA,505.9469,370.6223,80.7536,21.9403,0,0,0,0,34.8425,0,0,NA,6.1622,0,0,NA,0,NA,NA,0,0,0,20.6163,NA,NA,0,NA,NA,NA,0,0,NA,0,0,0,0,0,"E: Uncertainty",NA,"E: Uncertainty",NA,NA,NA,NA,NA,NA,NA,NA,NA,NA,NA,"E: Uncertainty",NA,NA,NA,"E: Uncertainty",NA,"E: Uncertainty","E: Uncertainty",NA,NA,NA,NA,"E: Uncertainty","E: Uncertainty",NA,"E: Uncertainty","E: Uncertainty","E: Uncertainty",NA,NA,"E: Uncertainty",NA,NA,NA,NA,NA
"2021-08-06 01:00:00","PM2.5",594.1326,0,0,390.2083,286.9081,40.2282,17.204,0,0.0117,0,0,6.8176,0,0,0.8293,5.3881,0,0,0.4074,NA,0.9451,0,0,0,0,NA,NA,0,0,NA,0,NA,0,NA,0,0,0,0,0,0,NA,NA,NA,NA,NA,NA,NA,NA,NA,NA,NA,NA,NA,NA,NA,NA,NA,NA,NA,"E: Uncertainty",NA,NA,NA,NA,NA,"E: Uncertainty","E: Uncertainty",NA,NA,"E: Uncertainty",NA,"E: Uncertainty",NA,"E: Uncertainty",NA,NA,NA,NA,NA,NA
"2021-08-06 02:00:00","PM10",NA,0,NA,511.7946,1459.7955,134.8736,55.2006,0,0,NA,NA,15.8647,0,0,0.9445,8.6744,0,0,0.7778,NA,3.856,0,0,0,0,13.2426,0,0,0,NA,NA,NA,NA,NA,0,0,0,0,0,0,"E: Uncertainty",NA,"E: Uncertainty",NA,NA,NA,NA,NA,NA,"E: Uncertainty","E: Uncertainty",NA,NA,NA,NA,NA,NA,NA,NA,"E: Uncertainty",NA,NA,NA,NA,NA,NA,NA,NA,NA,"E: Uncertainty","E: Uncertainty","E: Uncertainty","E: Uncertainty","E: Uncertainty",NA,NA,NA,NA,NA,NA
"2021-08-06 03:00:00","PM2.5",818.137,0,0,300.2939,140.5788,36.943,9.1477,0,0,0,0,3.2287,0,0,0,1.442,0,0,NA,0,0.6719,NA,0,0,0,NA,NA,NA,0,NA,NA,NA,0.0248,NA,0,0,0,0,0,0,NA,NA,NA,NA,NA,NA,NA,NA,NA,NA,NA,NA,NA,NA,NA,NA,NA,NA,"E: Uncertainty",NA,NA,"E: Uncertainty",NA,NA,NA,"E: Uncertainty","E: Uncertainty","E: Uncertainty",NA,"E: Uncertainty","E: Uncertainty","E: Uncertainty",NA,"E: Uncertainty",NA,NA,NA,NA,NA,NA
"2021-08-06 04:00:00","PM10",0,0,NA,299.3103,312.9466,56.8826,17.5761,0,0.0063,0.0065,0,12.756,0,0,NA,1.0901,0,0,NA,0,0.8986,0,0,0,0,NA,NA,NA,0,NA,NA,NA,NA,0,0,0,0,0,0,0,NA,NA,"E: Uncertainty",NA,NA,NA,NA,NA,NA,NA,NA,NA,NA,NA,"E: Uncertainty",NA,NA,NA,"E: Uncertainty",NA,NA,NA,NA,NA,NA,"E: Uncertainty","E: Uncertainty","E: Uncertainty",NA,"E: Uncertainty","E: Uncertainty","E: Uncertainty","E: Uncertainty",NA,NA,NA,NA,NA,NA,NA
"2021-08-06 05:00:00","PM2.5",NA,0,0,278.4297,39.2662,15.3613,19.1854,0,0,NA,NA,17.3162,0,0,NA,5.3984,0,0,NA,0,NA,NA,0,0,0,NA,0,NA,0,0,0,0,NA,0,NA,0,0,0,0,0,"E: Uncertainty",NA,NA,NA,NA,NA,NA,NA,NA,"E: Uncertainty","E: Uncertainty",NA,NA,NA,"E: Uncertainty",NA,NA,NA,"E: Uncertainty",NA,"E: Uncertainty","E: Uncertainty",NA,NA,NA,"E: Uncertainty",NA,"E: Uncertainty",NA,NA,NA,NA,"E: Uncertainty",NA,"E: Uncertainty",NA,NA,NA,NA,NA
"2021-08-06 06:00:00","PM10",NA,0,0,307.2075,195.7253,51.4109,35.644,1.0072,0,NA,0,88.8709,0,0,4.2936,7.2786,0,0,0.6106,NA,0.7134,NA,0,0,0,10.7544,NA,0,0,0,NA,NA,NA,0,0,0,0,0,0,0,"E: Uncertainty",NA,NA,NA,NA,NA,NA,NA,NA,"E: Uncertainty",NA,NA,NA,NA,NA,NA,NA,NA,NA,"E: Uncertainty",NA,"E: Uncertainty",NA,NA,NA,NA,"E: Uncertainty",NA,NA,NA,"E: Uncertainty","E: Uncertainty","E: Uncertainty",NA,NA,NA,NA,NA,NA,NA
"2021-08-06 07:00:00","PM2.5",NA,0,0.3752,300.242,75.4085,26.8626,26.8454,NA,0,0,NA,65.0286,0,0,3.4674,4.5635,0,0,0.454,0,NA,NA,0,NA,0,9.1998,0,NA,0,NA,NA,NA,NA,0,NA,0,0,0,0,0,"E: Uncertainty",NA,NA,NA,NA,NA,NA,"E: Uncertainty",NA,NA,"E: Uncertainty",NA,NA,NA,NA,NA,NA,NA,NA,NA,"E: Uncertainty","E: Uncertainty",NA,"E: Uncertainty",NA,NA,NA,"E: Uncertainty",NA,"E: Uncertainty","E: Uncertainty","E: Uncertainty","E: Uncertainty",NA,"E: Uncertainty",NA,NA,NA,NA,NA
"2021-08-06 08:00:00","PM10",0,NA,0.2468,240.519,172.3019,62.7893,93.1203,2.1513,0,0,NA,98.1986,NA,0,3.897,3.637,0,0,NA,0,NA,NA,0,NA,0,NA,NA,NA,0,0,NA,NA,NA,0,0,0,0,0,0,0,NA,"E: Uncertainty",NA,NA,NA,NA,NA,NA,NA,NA,"E: Uncertainty",NA,"E: Uncertainty",NA,NA,NA,NA,NA,"E: Uncertainty",NA,"E: Uncertainty","E: Uncertainty",NA,"E: Uncertainty",NA,"E: Uncertainty","E: Uncertainty","E: Uncertainty",NA,NA,"E: Uncertainty","E: Uncertainty","E: Uncertainty",NA,NA,NA,NA,NA,NA,NA
"2021-08-06 09:00:00","PM2.5",645.9099,0,0,137.1831,64.0096,13.8598,17.1397,NA,NA,0,0,28.1269,0,0,1.6285,1.4053,0,0,NA,0,NA,0,0,0,0,0,0,NA,0,0,NA,NA,NA,0,0,0,0,0,0,0,NA,NA,NA,NA,NA,NA,NA,"E: Uncertainty","E: Uncertainty",NA,NA,NA,NA,NA,NA,NA,NA,NA,"E: Uncertainty",NA,"E: Uncertainty",NA,NA,NA,NA,NA,NA,"E: Uncertainty",NA,NA,"E: Uncertainty","E: Uncertainty","E: Uncertainty",NA,NA,NA,NA,NA,NA,NA
"2021-08-06 10:00:00","PM10",NA,NA,0,184.5289,500.1783,72.3427,130.9393,4.7959,0,NA,NA,128.3641,0,0,3.736,4.3412,0,0,NA,NA,0.6725,NA,0,0,0,15.1544,0,0,0,0,NA,NA,NA,0,0,0,0,0,0,0,"E: Uncertainty","E: Uncertainty",NA,NA,NA,NA,NA,NA,NA,"E: Uncertainty","E: Uncertainty",NA,NA,NA,NA,NA,NA,NA,"E: Uncertainty","E: Uncertainty",NA,"E: Uncertainty",NA,NA,NA,NA,NA,NA,NA,NA,"E: Uncertainty","E: Uncertainty","E: Uncertainty",NA,NA,NA,NA,NA,NA,NA
"2021-08-06 11:00:00","PM2.5",NA,0,0,232.5809,439.681,19.0912,42.3163,NA,NA,NA,0,30.4681,0,NA,1.5193,2.5124,0,0,0,0,1.1107,NA,0,0,0,9.9667,0,NA,0,0,0,NA,NA,0,0,0,0,0,0,0,"E: Uncertainty",NA,NA,NA,NA,NA,NA,"E: Uncertainty","E: Uncertainty","E: Uncertainty",NA,NA,NA,"E: Uncertainty",NA,NA,NA,NA,NA,NA,NA,"E: Uncertainty",NA,NA,NA,NA,NA,"E: Uncertainty",NA,NA,NA,"E: Uncertainty","E: Uncertainty",NA,NA,NA,NA,NA,NA,NA
"2021-08-06 12:00:00","PM10",685.132,NA,NA,246.4037,1040.6891,76.1861,213.0325,3.004,0,0,1.5234,98.8936,0,0,3.7788,3.7385,0,0,NA,0,6.2762,NA,0,0,0,NA,0,NA,0,0,0,NA,0,0,0,0,0,0,0,0,NA,"E: Uncertainty","E: Uncertainty",NA,NA,NA,NA,NA,NA,NA,NA,NA,NA,NA,NA,NA,NA,NA,"E: Uncertainty",NA,NA,"E: Uncertainty",NA,NA,NA,"E: Uncertainty",NA,"E: Uncertainty",NA,NA,NA,"E: Uncertainty",NA,NA,NA,NA,NA,NA,NA,NA
"2021-08-06 13:00:00","PM2.5",NA,0,0,264.8555,483.8573,26.1296,60.5603,NA,NA,0,0,34.7649,0,0,2.1435,4.0796,0,0,0,0,1.0522,NA,0,0,0,NA,NA,0,0,NA,NA,NA,0,0,0,0,0,0,0,0,"E: Uncertainty",NA,NA,NA,NA,NA,NA,"E: Uncertainty","E: Uncertainty",NA,NA,NA,NA,NA,NA,NA,NA,NA,NA,NA,NA,"E: Uncertainty",NA,NA,NA,"E: Uncertainty","E: Uncertainty",NA,NA,"E: Uncertainty","E: Uncertainty","E: Uncertainty",NA,NA,NA,NA,NA,NA,NA,NA
"2021-08-06 14:00:00","PM10",NA,NA,0,470.8084,1768.6796,99.5009,240.1273,6.1098,NA,0,2.8717,141.0342,0,NA,4.2953,3.7714,0,0,NA,0,2.7645,NA,0,0,0,NA,NA,NA,0,0,0,NA,0,0,0,0,0,0,0,0,"E: Uncertainty","E: Uncertainty",NA,NA,NA,NA,NA,NA,"E: Uncertainty",NA,NA,NA,NA,"E: Uncertainty",NA,NA,NA,NA,"E: Uncertainty",NA,NA,"E: Uncertainty",NA,NA,NA,"E: Uncertainty","E: Uncertainty","E: Uncertainty",NA,NA,NA,"E: Uncertainty",NA,NA,NA,NA,NA,NA,NA,NA
"2021-08-06 15:00:00","PM2.5",680.5159,0,0,352.1165,599.6294,26.019,52.3376,NA,NA,0,0,42.9187,0,0,3.0166,2.32,0,0,NA,0,0.8234,NA,0,0,0,NA,NA,NA,0,NA,0,NA,NA,0,0,0,NA,0,0,0,NA,NA,NA,NA,NA,NA,NA,"E: Uncertainty","E: Uncertainty",NA,NA,NA,NA,NA,NA,NA,NA,NA,"E: Uncertainty",NA,NA,"E: Uncertainty",NA,NA,NA,"E: Uncertainty","E: Uncertainty","E: Uncertainty",NA,"E: Uncertainty",NA,"E: Uncertainty","E: Uncertainty",NA,NA,NA,"E: Uncertainty",NA,NA,NA
"2021-08-06 16:00:00","PM10",NA,NA,0,256.8968,1143.8244,75.8712,233.3392,5.1764,0,0,1.8822,139.7587,NA,NA,4.9048,3.9688,0,0,0,NA,1.2164,NA,0,NA,0,11.9496,0,NA,0,NA,NA,NA,NA,0,0,0,0,0,NA,0,"E: Uncertainty","E: Uncertainty",NA,NA,NA,NA,NA,NA,NA,NA,NA,NA,"E: Uncertainty","E: Uncertainty",NA,NA,NA,NA,NA,"E: Uncertainty",NA,"E: Uncertainty",NA,"E: Uncertainty",NA,NA,NA,"E: Uncertainty",NA,"E: Uncertainty","E: Uncertainty","E: Uncertainty","E: Uncertainty",NA,NA,NA,NA,NA,"E: Uncertainty",NA
"2021-08-06 17:00:00","PM2.5",NA,0,0,240.8356,540.1584,23.0379,35.0054,NA,0,0.006,0,34.0148,0,0.0027,1.5377,1.4069,0,0,0.3964,0,2.9566,NA,0,0,0,NA,0,NA,0,0,0,0,0,0,0,0,0,0,0,0,"E: Uncertainty",NA,NA,NA,NA,NA,NA,"E: Uncertainty",NA,NA,NA,NA,NA,NA,NA,NA,NA,NA,NA,NA,NA,"E: Uncertainty",NA,NA,NA,"E: Uncertainty",NA,"E: Uncertainty",NA,NA,NA,NA,NA,NA,NA,NA,NA,NA,NA,NA
"2021-08-06 18:00:00","PM10",NA,0,0,422.2087,1973.0313,69.1051,138.8875,NA,0,0,0.7936,113.5759,0,0,4.2584,3.3589,0,0,0,0,1.7025,NA,0,0,0,0,NA,NA,0,0,NA,0.1942,NA,0,0,0.0051,0,0,1.5575,0,"E: Uncertainty",NA,NA,NA,NA,NA,NA,"E: Uncertainty",NA,NA,NA,NA,NA,NA,NA,NA,NA,NA,NA,NA,NA,"E: Uncertainty",NA,NA,NA,NA,"E: Uncertainty","E: Uncertainty",NA,NA,"E: Uncertainty",NA,"E: Uncertainty",NA,NA,NA,NA,NA,NA,NA
"2021-08-06 19:00:00","PM2.5",NA,0,0,391.1468,694.6447,26.7838,33.096,NA,0,0,0,28.3821,0,0,0.9371,2.4041,0,0,0.4329,0,NA,NA,0,0,0,NA,NA,NA,0,NA,0,NA,0,0,0,0,0,0,0,0,"E: Uncertainty",NA,NA,NA,NA,NA,NA,"E: Uncertainty",NA,NA,NA,NA,NA,NA,NA,NA,NA,NA,NA,NA,"E: Uncertainty","E: Uncertainty",NA,NA,NA,"E: Uncertainty","E: Uncertainty","E: Uncertainty",NA,"E: Uncertainty",NA,"E: Uncertainty",NA,NA,NA,NA,NA,NA,NA,NA
"2021-08-06 20:00:00","PM10",NA,0,0,405.7286,1573.0227,50.9535,77.0918,1.4034,NA,0,NA,89.2747,NA,0,2.3671,2.4176,0,0,0.3936,NA,0.7661,NA,0,0,0,18.9989,0,NA,0,NA,NA,NA,0,0,NA,0,NA,0,0,0,"E: Uncertainty",NA,NA,NA,NA,NA,NA,NA,"E: Uncertainty",NA,"E: Uncertainty",NA,"E: Uncertainty",NA,NA,NA,NA,NA,NA,"E: Uncertainty",NA,"E: Uncertainty",NA,NA,NA,NA,NA,"E: Uncertainty",NA,"E: Uncertainty","E: Uncertainty","E: Uncertainty",NA,NA,"E: Uncertainty",NA,"E: Uncertainty",NA,NA,NA
"2021-08-06 21:00:00","PM2.5",NA,0,0,344.3027,644.0485,25.8827,25.7106,NA,0,NA,0,29.7606,0,0,1.0507,1.9964,0,0,0.7226,NA,NA,NA,0,0,0,14.0115,NA,0,0,NA,NA,NA,NA,0,0,0,0,0,0,0,"E: Uncertainty",NA,NA,NA,NA,NA,NA,"E: Uncertainty",NA,"E: Uncertainty",NA,NA,NA,NA,NA,NA,NA,NA,NA,"E: Uncertainty","E: Uncertainty","E: Uncertainty",NA,NA,NA,NA,"E: Uncertainty",NA,NA,"E: Uncertainty","E: Uncertainty","E: Uncertainty","E: Uncertainty",NA,NA,NA,NA,NA,NA,NA
"2021-08-06 22:00:00","PM10",663.2185,0,0,381.9433,2277.8701,70.9526,77.0326,NA,0,NA,0,61.7487,0,0,1.5862,1.7584,0,0,0,0,2.2148,NA,0,0,0,10.39,NA,0,0,0,NA,NA,NA,0,0,0,0,0,0,0,NA,NA,NA,NA,NA,NA,NA,"E: Uncertainty",NA,"E: Uncertainty",NA,NA,NA,NA,NA,NA,NA,NA,NA,NA,NA,"E: Uncertainty",NA,NA,NA,NA,"E: Uncertainty",NA,NA,NA,"E: Uncertainty","E: Uncertainty","E: Uncertainty",NA,NA,NA,NA,NA,NA,NA
"2021-08-06 23:00:00","PM2.5",1085.628,0,0,290.2559,903.8543,43.3567,33.0498,0,0,0,0,18.6143,NA,0,0.7128,5.9311,0,0,NA,0,NA,NA,0,0,NA,NA,NA,0,0,NA,NA,NA,NA,0,0,0,0,0,0,0,NA,NA,NA,NA,NA,NA,NA,NA,NA,NA,NA,NA,"E: Uncertainty",NA,NA,NA,NA,NA,"E: Uncertainty",NA,"E: Uncertainty","E: Uncertainty",NA,NA,"E: Uncertainty","E: Uncertainty","E: Uncertainty",NA,NA,"E: Uncertainty","E: Uncertainty","E: Uncertainty","E: Uncertainty",NA,NA,NA,NA,NA,NA,NA
"2021-08-07 00:30:00","PM10",NA,0,0,342.4918,2029.1608,99.5664,88.204,0,NA,0,0,32.3881,0,0,1.0238,10.0457,0,0,1.1891,0,1.8642,NA,0,0,0,NA,NA,NA,0,0,NA,NA,NA,0,0,0,0,0,NA,0,"E: Uncertainty",NA,NA,NA,NA,NA,NA,NA,"E: Uncertainty",NA,NA,NA,NA,NA,NA,NA,NA,NA,NA,NA,NA,"E: Uncertainty",NA,NA,NA,"E: Uncertainty","E: Uncertainty","E: Uncertainty",NA,NA,"E: Uncertainty","E: Uncertainty","E: Uncertainty",NA,NA,NA,NA,NA,"E: Uncertainty",NA
"2021-08-07 01:00:00","PM2.5",840.77,0,0,219.0242,522.565,33.7154,21.8643,0,0,0,0,13.8286,0,NA,0.828,3.1087,0,0,0.8432,0,0.7738,NA,0,0,0,12.817,NA,0,0,NA,0,0,0,0,NA,0,0,0,2.45,0,NA,NA,NA,NA,NA,NA,NA,NA,NA,NA,NA,NA,NA,"E: Uncertainty",NA,NA,NA,NA,NA,NA,NA,"E: Uncertainty",NA,NA,NA,NA,"E: Uncertainty",NA,NA,"E: Uncertainty",NA,NA,NA,NA,"E: Uncertainty",NA,NA,NA,NA,NA
"2021-08-07 02:00:00","PM10",1024.5995,0,0,373.7832,2144.265,63.1651,75.6226,NA,NA,0,0,20.524,0,0,0.7861,1.7509,0,0,NA,NA,3.2309,NA,0,0,0,12.5819,NA,0,0,NA,NA,NA,0,0,0,0,0,0,1.733,0,NA,NA,NA,NA,NA,NA,NA,"E: Uncertainty","E: Uncertainty",NA,NA,NA,NA,NA,NA,NA,NA,NA,"E: Uncertainty","E: Uncertainty",NA,"E: Uncertainty",NA,NA,NA,NA,"E: Uncertainty",NA,NA,"E: Uncertainty","E: Uncertainty","E: Uncertainty",NA,NA,NA,NA,NA,NA,NA,NA
"2021-08-07 03:00:00","PM2.5",688.7128,0,0,283.9043,552.2543,28.1463,23.5316,NA,0,0,0,6.3745,0,0,NA,1.0336,0,0,0.4077,NA,1.0856,NA,0,0,0,NA,0,0,0,0,0,NA,0,0,NA,0,0,0,0,0,NA,NA,NA,NA,NA,NA,NA,"E: Uncertainty",NA,NA,NA,NA,NA,NA,"E: Uncertainty",NA,NA,NA,NA,"E: Uncertainty",NA,"E: Uncertainty",NA,NA,NA,"E: Uncertainty",NA,NA,NA,NA,NA,"E: Uncertainty",NA,NA,"E: Uncertainty",NA,NA,NA,NA,NA
"2021-08-07 04:00:00","PM10",621.0258,0,0,396.6643,2129.1388,107.9229,77.3933,0,NA,0,0,18.2016,NA,NA,NA,2.032,0,0,NA,0,3.2924,NA,0,0,0,16.3532,0,0,0,NA,NA,0.2361,0,0,0,0,0,0,0,0,NA,NA,NA,NA,NA,NA,NA,NA,"E: Uncertainty",NA,NA,NA,"E: Uncertainty","E: Uncertainty","E: Uncertainty",NA,NA,NA,"E: Uncertainty",NA,NA,"E: Uncertainty",NA,NA,NA,NA,NA,NA,NA,"E: Uncertainty","E: Uncertainty",NA,NA,NA,NA,NA,NA,NA,NA,NA
"2021-08-07 05:00:00","PM2.5",1102.1269,0,0,258.4418,498.2995,46.992,21.0702,0,NA,NA,0,9.1857,0,NA,NA,1.5248,0,0,NA,NA,1.1971,NA,0,0,0,NA,NA,NA,0,0,NA,0,NA,0,0,0,0,0,NA,0,NA,NA,NA,NA,NA,NA,NA,NA,"E: Uncertainty","E: Uncertainty",NA,NA,NA,"E: Uncertainty","E: Uncertainty",NA,NA,NA,"E: Uncertainty","E: Uncertainty",NA,"E: Uncertainty",NA,NA,NA,"E: Uncertainty","E: Uncertainty","E: Uncertainty",NA,NA,"E: Uncertainty",NA,"E: Uncertainty",NA,NA,NA,NA,NA,"E: Uncertainty",NA
"2021-08-07 06:00:00","PM10",671.0689,0,0,333.3562,1779.1933,88.1998,71.6178,1.2191,NA,0,0.0017,30.885,0,0.005,0.9499,1.6135,0,0,NA,0,2.3187,NA,0,0,0,11.5928,NA,0,0,0,0,NA,NA,0,0,0,0,0,0,0,NA,NA,NA,NA,NA,NA,NA,NA,"E: Uncertainty",NA,NA,NA,NA,NA,NA,NA,NA,NA,"E: Uncertainty",NA,NA,"E: Uncertainty",NA,NA,NA,NA,"E: Uncertainty",NA,NA,NA,NA,"E: Uncertainty","E: Uncertainty",NA,NA,NA,NA,NA,NA,NA
"2021-08-07 07:00:00","PM2.5",628.1474,0,0,271.5568,525.0677,49.8607,33.8435,0,NA,0,0,14.5732,0,NA,0.8557,1.721,0,0,NA,0,0.9258,NA,0,0,0,NA,0,0,0,NA,0,NA,0,0,0,0,0,0,0,0,NA,NA,NA,NA,NA,NA,NA,NA,"E: Uncertainty",NA,NA,NA,NA,"E: Uncertainty",NA,NA,NA,NA,"E: Uncertainty",NA,NA,"E: Uncertainty",NA,NA,NA,"E: Uncertainty",NA,NA,NA,"E: Uncertainty",NA,"E: Uncertainty",NA,NA,NA,NA,NA,NA,NA,NA
"2021-08-07 08:00:00","PM10",NA,0,0,331.3675,1583.5014,71.3822,114.5256,0.9937,NA,NA,0,39.177,0,NA,1.1286,1.9997,0,0,NA,0,1.8332,NA,0,0,0,13.9114,0,NA,0,NA,NA,NA,NA,0,0,0,0,0,0,0,"E: Uncertainty",NA,NA,NA,NA,NA,NA,NA,"E: Uncertainty","E: Uncertainty",NA,NA,NA,"E: Uncertainty",NA,NA,NA,NA,"E: Uncertainty",NA,NA,"E: Uncertainty",NA,NA,NA,NA,NA,"E: Uncertainty",NA,"E: Uncertainty","E: Uncertainty","E: Uncertainty","E: Uncertainty",NA,NA,NA,NA,NA,NA,NA
"2021-08-07 09:00:00","PM2.5",851.6543,0,0,247.154,473.183,29.0189,30.0202,0,NA,NA,0,15.8858,0,0,0.8404,2.7688,0,0,0.8258,0,NA,NA,0,0,0,NA,NA,NA,0,0.0932,NA,NA,0,0,0,0,0,0,1.1136,0,NA,NA,NA,NA,NA,NA,NA,NA,"E: Uncertainty","E: Uncertainty",NA,NA,NA,NA,NA,NA,NA,NA,NA,NA,"E: Uncertainty","E: Uncertainty",NA,NA,NA,"E: Uncertainty","E: Uncertainty","E: Uncertainty",NA,NA,"E: Uncertainty","E: Uncertainty",NA,NA,NA,NA,NA,NA,NA,NA
"2021-08-07 10:00:00","PM10",NA,0,0,312.6407,1095.0807,48.7845,87.8715,1.8014,0,0,0,56.656,0,0,1.9971,5.4189,0,0,1.1962,NA,1.3719,NA,0,0,0,NA,NA,0,0,0,NA,0,NA,0,0,0,0,0,6.2058,0,"E: Uncertainty",NA,NA,NA,NA,NA,NA,NA,NA,NA,NA,NA,NA,NA,NA,NA,NA,NA,NA,"E: Uncertainty",NA,"E: Uncertainty",NA,NA,NA,"E: Uncertainty","E: Uncertainty",NA,NA,NA,"E: Uncertainty",NA,"E: Uncertainty",NA,NA,NA,NA,NA,NA,NA
"2021-08-07 11:00:00","PM2.5",NA,0,0,267.4431,254.1298,14.6401,22.5299,0,0,0,0,21.3813,0,0,1.036,1.5297,0,0,NA,0,NA,NA,0,0,0,9.8597,NA,NA,0,0,NA,NA,NA,0,0,0,0,0,0,0,"E: Uncertainty",NA,NA,NA,NA,NA,NA,NA,NA,NA,NA,NA,NA,NA,NA,NA,NA,NA,"E: Uncertainty",NA,"E: Uncertainty","E: Uncertainty",NA,NA,NA,NA,"E: Uncertainty","E: Uncertainty",NA,NA,"E: Uncertainty","E: Uncertainty","E: Uncertainty",NA,NA,NA,NA,NA,NA,NA
"2021-08-07 12:00:00","PM10",NA,0,0,283.798,553.6077,39.822,76.6254,1.5653,NA,1e-04,NA,101.9843,NA,0,4.1422,2.6695,0,0,0.3858,0,0.8375,NA,0,0,0,0,NA,NA,0,NA,NA,0.1072,NA,0,0,0,0,0,0,0,"E: Uncertainty",NA,NA,NA,NA,NA,NA,NA,"E: Uncertainty",NA,"E: Uncertainty",NA,"E: Uncertainty",NA,NA,NA,NA,NA,NA,NA,NA,"E: Uncertainty",NA,NA,NA,NA,"E: Uncertainty","E: Uncertainty",NA,"E: Uncertainty","E: Uncertainty",NA,"E: Uncertainty",NA,NA,NA,NA,NA,NA,NA
"2021-08-07 13:00:00","PM2.5",NA,0,0,242.4328,60.8931,10.2417,14.5574,0,NA,0,0,33.223,0,0,1.4536,1.4086,0,0,NA,0,0.5705,0,0,0,0,11.7178,NA,0,0,NA,NA,NA,NA,0,0,0,0,0,0,0,"E: Uncertainty",NA,NA,NA,NA,NA,NA,NA,"E: Uncertainty",NA,NA,NA,NA,NA,NA,NA,NA,NA,"E: Uncertainty",NA,NA,NA,NA,NA,NA,NA,"E: Uncertainty",NA,NA,"E: Uncertainty","E: Uncertainty","E: Uncertainty","E: Uncertainty",NA,NA,NA,NA,NA,NA,NA
"2021-08-07 14:00:00","PM10",NA,0,0,273.7198,123.3367,25.6882,47.1093,NA,NA,NA,NA,81.4536,0,NA,3.7756,5.6966,0,0,NA,0,NA,NA,0,0,0,NA,NA,NA,0,0,NA,NA,NA,0,0,0,0,0,0,0,"E: Uncertainty",NA,NA,NA,NA,NA,NA,"E: Uncertainty","E: Uncertainty","E: Uncertainty","E: Uncertainty",NA,NA,"E: Uncertainty",NA,NA,NA,NA,"E: Uncertainty",NA,"E: Uncertainty","E: Uncertainty",NA,NA,NA,"E: Uncertainty","E: Uncertainty","E: Uncertainty",NA,NA,"E: Uncertainty","E: Uncertainty","E: Uncertainty",NA,NA,NA,NA,NA,NA,NA
"2021-08-07 15:00:00","PM2.5",NA,0,0,196.8658,0,12.6451,9.3281,NA,0,NA,0,27.2194,0,NA,1.3239,5.5165,0,0,0,0,NA,NA,0,0,0,11.3833,NA,0,0,0,NA,NA,NA,0,0,0,0,0,NA,0,"E: Uncertainty",NA,NA,NA,NA,NA,NA,"E: Uncertainty",NA,"E: Uncertainty",NA,NA,NA,"E: Uncertainty",NA,NA,NA,NA,NA,NA,"E: Uncertainty","E: Uncertainty",NA,NA,NA,NA,"E: Uncertainty",NA,NA,NA,"E: Uncertainty","E: Uncertainty","E: Uncertainty",NA,NA,NA,NA,NA,"E: Uncertainty",NA
"2021-08-07 16:00:00","PM10",NA,0,0,343.2904,41.2673,34.8346,30.0974,1.1893,0,NA,NA,94.1269,0,NA,6.6436,9.7148,0,0,0.3921,0,0.7656,0,0,0,0,9.6717,0,NA,0,0,0,NA,3.6018,0,0,0,0,0,0,0,"E: Uncertainty",NA,NA,NA,NA,NA,NA,NA,NA,"E: Uncertainty","E: Uncertainty",NA,NA,"E: Uncertainty",NA,NA,NA,NA,NA,NA,NA,NA,NA,NA,NA,NA,NA,"E: Uncertainty",NA,NA,NA,"E: Uncertainty",NA,NA,NA,NA,NA,NA,NA,NA
"2021-08-07 17:00:00","PM2.5",NA,0,0,433.1835,0,25.9256,9.458,NA,NA,0,NA,33.3975,0,NA,1.6136,2.5219,0,0,NA,0,0.8273,NA,0,0,0,13.0224,0,NA,0,NA,NA,0,NA,0,0,0,0,0,0,0,"E: Uncertainty",NA,NA,NA,NA,NA,NA,"E: Uncertainty","E: Uncertainty",NA,"E: Uncertainty",NA,NA,"E: Uncertainty",NA,NA,NA,NA,"E: Uncertainty",NA,NA,"E: Uncertainty",NA,NA,NA,NA,NA,"E: Uncertainty",NA,"E: Uncertainty","E: Uncertainty",NA,"E: Uncertainty",NA,NA,NA,NA,NA,NA,NA
"2021-08-07 18:00:00","PM10",NA,0,0,436.7245,252.9803,52.5091,44.341,2.1065,0,0,NA,115.3542,0,0,8.6179,4.8602,0,0,NA,NA,1.1653,NA,0,0,0,17.6651,0,NA,0,NA,0,NA,NA,0,0,0,0,0,0,0,"E: Uncertainty",NA,NA,NA,NA,NA,NA,NA,NA,NA,"E: Uncertainty",NA,NA,NA,NA,NA,NA,NA,"E: Uncertainty","E: Uncertainty",NA,"E: Uncertainty",NA,NA,NA,NA,NA,"E: Uncertainty",NA,"E: Uncertainty",NA,"E: Uncertainty","E: Uncertainty",NA,NA,NA,NA,NA,NA,NA
"2021-08-07 19:00:00","PM2.5",NA,0,0,369.0327,38.1594,19.4317,16.6042,1.1957,0,0,0,50.647,0,0,7.1114,15.5882,0,0,NA,0,NA,NA,0,0,0,13.0204,0,NA,0,NA,NA,0,3.0054,0,0,0,0,0,0,NA,"E: Uncertainty",NA,NA,NA,NA,NA,NA,NA,NA,NA,NA,NA,NA,NA,NA,NA,NA,NA,"E: Uncertainty",NA,"E: Uncertainty","E: Uncertainty",NA,NA,NA,NA,NA,"E: Uncertainty",NA,"E: Uncertainty","E: Uncertainty",NA,NA,NA,NA,NA,NA,NA,NA,"E: Uncertainty"
"2021-08-07 20:00:00","PM10",589.6933,0,0,392.3189,353.8947,45.3751,49.9798,1.0125,0,0,NA,84.8894,NA,0,4.9511,24.1262,0,0,0.3639,0,1.1427,NA,0,0,0,12.8028,0.0385,0,0,0,NA,NA,NA,0,0,0,0,0,0,0,NA,NA,NA,NA,NA,NA,NA,NA,NA,NA,"E: Uncertainty",NA,"E: Uncertainty",NA,NA,NA,NA,NA,NA,NA,NA,"E: Uncertainty",NA,NA,NA,NA,NA,NA,NA,NA,"E: Uncertainty","E: Uncertainty","E: Uncertainty",NA,NA,NA,NA,NA,NA,NA
"2021-08-07 21:00:00","PM2.5",754.6663,0,0,385.6228,181.5909,21.2438,15.0701,NA,0,NA,0,20.5328,0,NA,1.3251,5.6124,0,0,NA,0,0.663,NA,0,0,0,12.2519,NA,NA,0,NA,NA,NA,NA,0,0,0,0,0,0,0,NA,NA,NA,NA,NA,NA,NA,"E: Uncertainty",NA,"E: Uncertainty",NA,NA,NA,"E: Uncertainty",NA,NA,NA,NA,"E: Uncertainty",NA,NA,"E: Uncertainty",NA,NA,NA,NA,"E: Uncertainty","E: Uncertainty",NA,"E: Uncertainty","E: Uncertainty","E: Uncertainty","E: Uncertainty",NA,NA,NA,NA,NA,NA,NA
"2021-08-07 22:00:00","PM10",NA,0,0,396.7457,580.3337,47.1315,66.7193,NA,NA,0,0,27.0893,0,0,1.3947,3.6617,0,0,0,NA,1.5836,NA,0,0,0,11.9868,NA,NA,0,0,NA,NA,NA,0,0,0,0,0,0,0,"E: Uncertainty",NA,NA,NA,NA,NA,NA,"E: Uncertainty","E: Uncertainty",NA,NA,NA,NA,NA,NA,NA,NA,NA,NA,"E: Uncertainty",NA,"E: Uncertainty",NA,NA,NA,NA,"E: Uncertainty","E: Uncertainty",NA,NA,"E: Uncertainty","E: Uncertainty","E: Uncertainty",NA,NA,NA,NA,NA,NA,NA
"2021-08-07 23:00:00","PM2.5",900.7522,0,0,335.377,233.105,20.562,14.9746,0,0,0,NA,9.4418,0,0,0,1.8146,0,0,NA,0,0.9182,NA,0,0,0,33.6975,0,NA,0,NA,NA,NA,0,0.0156,0,0,0,0,0,0,NA,NA,NA,NA,NA,NA,NA,NA,NA,NA,"E: Uncertainty",NA,NA,NA,NA,NA,NA,NA,"E: Uncertainty",NA,NA,"E: Uncertainty",NA,NA,NA,NA,NA,"E: Uncertainty",NA,"E: Uncertainty","E: Uncertainty","E: Uncertainty",NA,NA,NA,NA,NA,NA,NA,NA
"2021-08-08 00:30:00","PM10",0,0,0,365.3724,964.2041,45.5872,47.0599,0,0,0,0,17.41,0,0,NA,1.6324,0,0,0,0,1.857,0,0,0,0,44.2028,0,0,0,NA,NA,NA,0,NA,NA,NA,0,0,0,0,NA,NA,NA,NA,NA,NA,NA,NA,NA,NA,NA,NA,NA,NA,"E: Uncertainty",NA,NA,NA,NA,NA,NA,NA,NA,NA,NA,NA,NA,NA,NA,"E: Uncertainty","E: Uncertainty","E: Uncertainty",NA,"E: Uncertainty","E: Uncertainty","E: Uncertainty",NA,NA,NA,NA
"2021-08-08 01:00:00","PM2.5",888.3768,0,0,307.7492,288.22,23.327,14.7239,0,0,0,0,6.2328,0,0,NA,0.8593,0,0,0,NA,NA,NA,0,0,0,17.4197,NA,NA,0,0,0,NA,NA,0,0,0,0,NA,0,0,NA,NA,NA,NA,NA,NA,NA,NA,NA,NA,NA,NA,NA,NA,"E: Uncertainty",NA,NA,NA,NA,"E: Uncertainty","E: Uncertainty","E: Uncertainty",NA,NA,NA,NA,"E: Uncertainty","E: Uncertainty",NA,NA,NA,"E: Uncertainty","E: Uncertainty",NA,NA,NA,NA,"E: Uncertainty",NA,NA
"2021-08-08 02:00:00","PM10",NA,0,0,370.0367,884.2124,47.1183,44.9502,NA,NA,0,0,17.8686,NA,0,NA,1.0892,0,0,NA,0,1.9073,NA,0,0,0,13.4362,0,0,0,0,NA,0,0,0,0,0,0,0,0,0,"E: Uncertainty",NA,NA,NA,NA,NA,NA,"E: Uncertainty","E: Uncertainty",NA,NA,NA,"E: Uncertainty",NA,"E: Uncertainty",NA,NA,NA,"E: Uncertainty",NA,NA,"E: Uncertainty",NA,NA,NA,NA,NA,NA,NA,NA,"E: Uncertainty",NA,NA,NA,NA,NA,NA,NA,NA,NA
"2021-08-08 03:00:00","PM2.5",NA,0,0,416.0875,351.7046,18.6799,17.8356,NA,0,0.0036,0,6.6505,0,NA,NA,1.0397,0,0,NA,0,0.6685,NA,0,0,0,15.2885,NA,NA,0,NA,0.1871,0,0,NA,0,0,0,0,0,0,"E: Uncertainty",NA,NA,NA,NA,NA,NA,"E: Uncertainty",NA,NA,NA,NA,NA,"E: Uncertainty","E: Uncertainty",NA,NA,NA,"E: Uncertainty",NA,NA,"E: Uncertainty",NA,NA,NA,NA,"E: Uncertainty","E: Uncertainty",NA,"E: Uncertainty",NA,NA,NA,"E: Uncertainty",NA,NA,NA,NA,NA,NA
"2021-08-08 04:00:00","PM10",890.7046,0,0,359.5676,653.4099,38.9578,35.7116,0,0,0.0081,0,13.3941,0,0,NA,0.747,0,0,0.4065,NA,1.3205,NA,0,0,0,NA,0.1056,NA,0,0,NA,0,0,0,0,0,NA,0,0,0,NA,NA,NA,NA,NA,NA,NA,NA,NA,NA,NA,NA,NA,NA,"E: Uncertainty",NA,NA,NA,NA,"E: Uncertainty",NA,"E: Uncertainty",NA,NA,NA,"E: Uncertainty",NA,"E: Uncertainty",NA,NA,"E: Uncertainty",NA,NA,NA,NA,NA,"E: Uncertainty",NA,NA,NA
"2021-08-08 05:00:00","PM2.5",632.8624,0,0,279.3359,166.1238,15.7012,11.07,NA,0,0,0,8.0265,0,NA,NA,0.7435,0,0,NA,0,NA,NA,0,0,0,14.6644,0,NA,0,0,0,NA,0,0,0,0,0.0051,0,0,0,NA,NA,NA,NA,NA,NA,NA,"E: Uncertainty",NA,NA,NA,NA,NA,"E: Uncertainty","E: Uncertainty",NA,NA,NA,"E: Uncertainty",NA,"E: Uncertainty","E: Uncertainty",NA,NA,NA,NA,NA,"E: Uncertainty",NA,NA,NA,"E: Uncertainty",NA,NA,NA,NA,NA,NA,NA,NA
"2021-08-08 06:00:00","PM10",NA,0,0,289.6714,406.5194,31.2306,27.3198,0,0,0,0,25.1738,0,0,0.582,1.9993,0,0,0,0,1.3856,NA,0,0,0,0,0,0,0,NA,NA,NA,NA,0,0,0,0,0,0,0,"E: Uncertainty",NA,NA,NA,NA,NA,NA,NA,NA,NA,NA,NA,NA,NA,NA,NA,NA,NA,NA,NA,NA,"E: Uncertainty",NA,NA,NA,NA,NA,NA,NA,"E: Uncertainty","E: Uncertainty","E: Uncertainty","E: Uncertainty",NA,NA,NA,NA,NA,NA,NA
"2021-08-08 07:00:00","PM2.5",NA,0,0,263.2921,102.9086,15.0138,11.6695,NA,0,NA,0,14.2888,0,NA,1.2988,1.2929,0,0,NA,NA,NA,NA,0,0,0,NA,0,0,0,0,NA,0,0,0,NA,0,0,0,0,0,"E: Uncertainty",NA,NA,NA,NA,NA,NA,"E: Uncertainty",NA,"E: Uncertainty",NA,NA,NA,"E: Uncertainty",NA,NA,NA,NA,"E: Uncertainty","E: Uncertainty","E: Uncertainty","E: Uncertainty",NA,NA,NA,"E: Uncertainty",NA,NA,NA,NA,"E: Uncertainty",NA,NA,NA,"E: Uncertainty",NA,NA,NA,NA,NA
"2021-08-08 08:00:00","PM10",NA,0,0,199.4354,259.6027,29.0786,23.9657,0.003,0,0,NA,51.8572,0,0,3.4638,2.2181,0,0,NA,0,NA,NA,0,0,0,10.9323,NA,0,0,0,0,NA,0,NA,NA,0,0,0,0,0,"E: Uncertainty",NA,NA,NA,NA,NA,NA,NA,NA,NA,"E: Uncertainty",NA,NA,NA,NA,NA,NA,NA,"E: Uncertainty",NA,"E: Uncertainty","E: Uncertainty",NA,NA,NA,NA,"E: Uncertainty",NA,NA,NA,NA,"E: Uncertainty",NA,"E: Uncertainty","E: Uncertainty",NA,NA,NA,NA,NA
"2021-08-08 09:00:00","PM2.5",982.957,0,0,155.5441,106.1115,9.6636,6.1664,0,0,0,0,14.56,0,0,1.6557,3.0011,0,0,0.4334,0,NA,NA,0,0,0,10.7908,NA,0,0,0,NA,0.0834,NA,0,0,0,0,0,0,0,NA,NA,NA,NA,NA,NA,NA,NA,NA,NA,NA,NA,NA,NA,NA,NA,NA,NA,NA,NA,"E: Uncertainty","E: Uncertainty",NA,NA,NA,NA,"E: Uncertainty",NA,NA,NA,"E: Uncertainty",NA,"E: Uncertainty",NA,NA,NA,NA,NA,NA,NA
"2021-08-08 10:00:00","PM10",NA,0,0,107.7793,81.5839,16.9746,20.3169,0,0,0,0,36.6312,0,0,1.5441,4.9362,0,0,NA,0,NA,NA,0,0,0,9.4812,0,0,0,0,NA,NA,NA,0,0,0,0,0,0,0,"E: Uncertainty",NA,NA,NA,NA,NA,NA,NA,NA,NA,NA,NA,NA,NA,NA,NA,NA,NA,"E: Uncertainty",NA,"E: Uncertainty","E: Uncertainty",NA,NA,NA,NA,NA,NA,NA,NA,"E: Uncertainty","E: Uncertainty","E: Uncertainty",NA,NA,NA,NA,NA,NA,NA
"2021-08-08 11:00:00","PM2.5",NA,0,NA,114.7825,26.9325,21.6811,5.136,0,0,0,0,14.4993,0,NA,NA,15.3409,0,0,1.1164,0,NA,NA,0,0,0,19.7916,0,0,0,0,0,NA,0,0,0,0,0,0,NA,0,"E: Uncertainty",NA,"E: Uncertainty",NA,NA,NA,NA,NA,NA,NA,NA,NA,NA,"E: Uncertainty","E: Uncertainty",NA,NA,NA,NA,NA,"E: Uncertainty","E: Uncertainty",NA,NA,NA,NA,NA,NA,NA,NA,NA,"E: Uncertainty",NA,NA,NA,NA,NA,NA,"E: Uncertainty",NA
"2021-08-08 12:00:00","PM10",NA,0,0,175.9188,166.4969,38.2764,35.3197,1.2014,0,NA,0,44.2713,NA,0,1.1446,2.2866,0,0,0.4995,0,0.7454,NA,0,0,0,0,0,0,0,NA,NA,0,NA,0,0,0,0,0,0,0,"E: Uncertainty",NA,NA,NA,NA,NA,NA,NA,NA,"E: Uncertainty",NA,NA,"E: Uncertainty",NA,NA,NA,NA,NA,NA,NA,NA,"E: Uncertainty",NA,NA,NA,NA,NA,NA,NA,"E: Uncertainty","E: Uncertainty",NA,"E: Uncertainty",NA,NA,NA,NA,NA,NA,NA
"2021-08-08 13:00:00","PM2.5",NA,0,0,206.6026,118.8154,8.4312,24.7473,NA,0,0,0,16.0985,0,NA,0.5813,1.8385,0,0,0,0,0.6664,NA,0,0,0,18.5347,NA,NA,0,NA,NA,0,NA,0,0,0,0,0,0,0,"E: Uncertainty",NA,NA,NA,NA,NA,NA,"E: Uncertainty",NA,NA,NA,NA,NA,"E: Uncertainty",NA,NA,NA,NA,NA,NA,NA,"E: Uncertainty",NA,NA,NA,NA,"E: Uncertainty","E: Uncertainty",NA,"E: Uncertainty","E: Uncertainty",NA,"E: Uncertainty",NA,NA,NA,NA,NA,NA,NA
"2021-08-08 14:00:00","PM10",NA,0,0,357.0176,602.5093,36.9393,53.3904,NA,0,NA,0,40.512,0,0,1.2861,1.5188,0,0,0,0,1.3427,NA,0,0,0,14.6561,0,NA,0,NA,NA,NA,0,0,0,0,0,0,0,0,"E: Uncertainty",NA,NA,NA,NA,NA,NA,"E: Uncertainty",NA,"E: Uncertainty",NA,NA,NA,NA,NA,NA,NA,NA,NA,NA,NA,"E: Uncertainty",NA,NA,NA,NA,NA,"E: Uncertainty",NA,"E: Uncertainty","E: Uncertainty","E: Uncertainty",NA,NA,NA,NA,NA,NA,NA,NA
"2021-08-08 15:00:00","PM2.5",NA,0,0,448.9297,373.7114,25.0642,22.4946,NA,NA,0,0,14.1635,NA,0,0.557,1.0912,0,0,0,0,1.5139,NA,0,0,0,15.3528,NA,NA,0,0,NA,NA,NA,0,0,0,0,0,0,0,"E: Uncertainty",NA,NA,NA,NA,NA,NA,"E: Uncertainty","E: Uncertainty",NA,NA,NA,"E: Uncertainty",NA,NA,NA,NA,NA,NA,NA,NA,"E: Uncertainty",NA,NA,NA,NA,"E: Uncertainty","E: Uncertainty",NA,NA,"E: Uncertainty","E: Uncertainty","E: Uncertainty",NA,NA,NA,NA,NA,NA,NA
"2021-08-08 16:00:00","PM10",706.0982,0,0,433.6137,1314.0098,54.6541,67.5935,NA,0,NA,0,39.7888,0,0,0.8241,1.7592,0,0,NA,0,2.2655,NA,0,0,0,NA,0,0,0,0,0,0,0,0,0,0,0,0,NA,0,NA,NA,NA,NA,NA,NA,NA,"E: Uncertainty",NA,"E: Uncertainty",NA,NA,NA,NA,NA,NA,NA,NA,"E: Uncertainty",NA,NA,"E: Uncertainty",NA,NA,NA,"E: Uncertainty",NA,NA,NA,NA,NA,NA,NA,NA,NA,NA,NA,NA,"E: Uncertainty",NA
"2021-08-08 17:00:00","PM2.5",NA,0,0,335.5251,493.9116,40.8823,23.558,0,0,0,0,15.077,0,0,NA,1.14,0,0,NA,0,0.8383,NA,0,0,0,15.4443,NA,0,0,NA,NA,NA,0,0,0,0,0,0,0,0,"E: Uncertainty",NA,NA,NA,NA,NA,NA,NA,NA,NA,NA,NA,NA,NA,"E: Uncertainty",NA,NA,NA,"E: Uncertainty",NA,NA,"E: Uncertainty",NA,NA,NA,NA,"E: Uncertainty",NA,NA,"E: Uncertainty","E: Uncertainty","E: Uncertainty",NA,NA,NA,NA,NA,NA,NA,NA
"2021-08-08 18:00:00","PM10",NA,0,0,345.1549,1307.0754,71.6539,63.2682,1.7879,0,NA,NA,59.9554,0,0,1.4166,1.4261,0,0,0,0,2.1229,NA,0,0,0,17.9226,0,NA,0,0,NA,NA,NA,0,NA,0,NA,0,0,0,"E: Uncertainty",NA,NA,NA,NA,NA,NA,NA,NA,"E: Uncertainty","E: Uncertainty",NA,NA,NA,NA,NA,NA,NA,NA,NA,NA,"E: Uncertainty",NA,NA,NA,NA,NA,"E: Uncertainty",NA,NA,"E: Uncertainty","E: Uncertainty","E: Uncertainty",NA,"E: Uncertainty",NA,"E: Uncertainty",NA,NA,NA
"2021-08-08 19:00:00","PM2.5",NA,0,0,343.3212,548.7882,33.763,25.8036,0,NA,NA,0,24.1435,0,0,0.8543,12.1561,0,0,NA,0,1.423,NA,0,0,0,11.4993,NA,0,0,0,NA,NA,0,0,0,0,0,0,0,0,"E: Uncertainty",NA,NA,NA,NA,NA,NA,NA,"E: Uncertainty","E: Uncertainty",NA,NA,NA,NA,NA,NA,NA,NA,"E: Uncertainty",NA,NA,"E: Uncertainty",NA,NA,NA,NA,"E: Uncertainty",NA,NA,NA,"E: Uncertainty","E: Uncertainty",NA,NA,NA,NA,NA,NA,NA,NA
"2021-08-08 20:00:00","PM10",NA,0,0,466.58,1889.0071,67.2542,78.9333,NA,0,0,0,36.4359,0,0,1.1121,4.9132,0,0,NA,NA,2.5037,NA,0,0,0,NA,NA,NA,0,0,0,NA,0,0,NA,0,0,0,0,0,"E: Uncertainty",NA,NA,NA,NA,NA,NA,"E: Uncertainty",NA,NA,NA,NA,NA,NA,NA,NA,NA,NA,"E: Uncertainty","E: Uncertainty",NA,"E: Uncertainty",NA,NA,NA,"E: Uncertainty","E: Uncertainty","E: Uncertainty",NA,NA,NA,"E: Uncertainty",NA,NA,"E: Uncertainty",NA,NA,NA,NA,NA
"2021-08-08 21:00:00","PM2.5",878.5533,0,0,326.0382,612.8735,38.2605,26.5372,NA,NA,NA,0,13.6148,0,0,0.911,3.006,0,0,0.644,0,0.7673,NA,0,0,0,0,NA,NA,0,NA,NA,NA,NA,0,0,0,0,0,0,0,NA,NA,NA,NA,NA,NA,NA,"E: Uncertainty","E: Uncertainty","E: Uncertainty",NA,NA,NA,NA,NA,NA,NA,NA,NA,NA,NA,"E: Uncertainty",NA,NA,NA,NA,"E: Uncertainty","E: Uncertainty",NA,"E: Uncertainty","E: Uncertainty","E: Uncertainty","E: Uncertainty",NA,NA,NA,NA,NA,NA,NA
"2021-08-08 22:00:00","PM10",NA,0,0,490.2966,2101.3279,329.4896,140.7228,5.2558,0,0,NA,62.6431,0,0,6.5112,1.85,0,0,NA,0,2.2843,3.5728,0,0,0,NA,NA,0,0,NA,NA,NA,8.7138,0,0,0,0,0,0,NA,"E: Uncertainty",NA,NA,NA,NA,NA,NA,NA,NA,NA,"E: Uncertainty",NA,NA,NA,NA,NA,NA,NA,"E: Uncertainty",NA,NA,NA,NA,NA,NA,"E: Uncertainty","E: Uncertainty",NA,NA,"E: Uncertainty","E: Uncertainty","E: Uncertainty",NA,NA,NA,NA,NA,NA,NA,"E: Uncertainty"
"2021-08-08 23:00:00","PM2.5",0,0,0,337.3949,525.883,47.4764,21.8445,NA,NA,NA,0,26.5855,0,NA,1.0313,2.5153,0,0,0.8383,0,1.9539,NA,0,0,0,NA,0.0879,0,0,0,0,NA,0,0,0,0,0.0047,0,0,0,NA,NA,NA,NA,NA,NA,NA,"E: Uncertainty","E: Uncertainty","E: Uncertainty",NA,NA,NA,"E: Uncertainty",NA,NA,NA,NA,NA,NA,NA,"E: Uncertainty",NA,NA,NA,"E: Uncertainty",NA,NA,NA,NA,NA,"E: Uncertainty",NA,NA,NA,NA,NA,NA,NA,NA
"2021-08-09 00:30:00","PM10",NA,0,0,568.2694,1949.5665,97.0576,104.211,NA,NA,0,0,76.7925,0,0,1.4656,6.6079,0,0,1.8106,0,1.328,NA,0,0,0,41.25,0,NA,0,NA,0.3977,NA,NA,0,NA,0,0,0,NA,0,"E: Uncertainty",NA,NA,NA,NA,NA,NA,"E: Uncertainty","E: Uncertainty",NA,NA,NA,NA,NA,NA,NA,NA,NA,NA,NA,NA,"E: Uncertainty",NA,NA,NA,NA,NA,"E: Uncertainty",NA,"E: Uncertainty",NA,"E: Uncertainty","E: Uncertainty",NA,"E: Uncertainty",NA,NA,NA,"E: Uncertainty",NA
"2021-08-09 01:00:00","PM2.5",783.2775,0,0,350.4267,497.48,39.7373,23.2159,0,NA,NA,0,16.23,0,0,NA,2.7362,0,0,0.7009,NA,0.8051,NA,0,0,NA,NA,0,NA,0,0,0,NA,NA,0.0238,0,0,0,0,0.9979,0,NA,NA,NA,NA,NA,NA,NA,NA,"E: Uncertainty","E: Uncertainty",NA,NA,NA,NA,"E: Uncertainty",NA,NA,NA,NA,"E: Uncertainty",NA,"E: Uncertainty",NA,NA,"E: Uncertainty","E: Uncertainty",NA,"E: Uncertainty",NA,NA,NA,"E: Uncertainty","E: Uncertainty",NA,NA,NA,NA,NA,NA,NA
"2021-08-09 02:00:00","PM10",NA,0,0,376.4882,1618.0146,84.4296,66.9166,0,NA,0,0,30.3476,0,0,0.99,2.0931,0,0,0.3941,NA,1.0162,NA,0,0,0,NA,NA,NA,0,0,0,0,0,0,0,0,0,0,0,0,"E: Uncertainty",NA,NA,NA,NA,NA,NA,NA,"E: Uncertainty",NA,NA,NA,NA,NA,NA,NA,NA,NA,NA,"E: Uncertainty",NA,"E: Uncertainty",NA,NA,NA,"E: Uncertainty","E: Uncertainty","E: Uncertainty",NA,NA,NA,NA,NA,NA,NA,NA,NA,NA,NA,NA
"2021-08-09 03:00:00","PM2.5",NA,0,0,280.9802,315.385,28.7721,19.6434,0,0.0063,NA,0,9.7552,0,0,0.5431,1.2733,0,0,NA,0,0.5655,NA,0,0,0,16.6664,0,0,0,0,0,NA,NA,0,0,0,0,0,0,0,"E: Uncertainty",NA,NA,NA,NA,NA,NA,NA,NA,"E: Uncertainty",NA,NA,NA,NA,NA,NA,NA,NA,"E: Uncertainty",NA,NA,"E: Uncertainty",NA,NA,NA,NA,NA,NA,NA,NA,NA,"E: Uncertainty","E: Uncertainty",NA,NA,NA,NA,NA,NA,NA
"2021-08-09 04:00:00","PM10",714.9553,0,0,342.1572,777.3848,37.9872,36.6947,NA,NA,0,0,21.9514,NA,0,0.6465,0.9424,0,0,NA,0,1.5809,NA,0,NA,0,NA,NA,0.0205,0,NA,0,NA,NA,0,NA,0,0,0,0,0,NA,NA,NA,NA,NA,NA,NA,"E: Uncertainty","E: Uncertainty",NA,NA,NA,"E: Uncertainty",NA,NA,NA,NA,NA,"E: Uncertainty",NA,NA,"E: Uncertainty",NA,"E: Uncertainty",NA,"E: Uncertainty","E: Uncertainty",NA,NA,"E: Uncertainty",NA,"E: Uncertainty","E: Uncertainty",NA,"E: Uncertainty",NA,NA,NA,NA,NA
"2021-08-09 05:00:00","PM2.5",NA,0,0,396.1857,171.196,21.1901,15.6144,NA,NA,0,0,23.3938,0,NA,1.375,2.6077,0,0,0.3878,0,1.0209,NA,0,0,0,18.1578,NA,NA,0,NA,NA,NA,0,0,NA,NA,0,0,0,0,"E: Uncertainty",NA,NA,NA,NA,NA,NA,"E: Uncertainty","E: Uncertainty",NA,NA,NA,NA,"E: Uncertainty",NA,NA,NA,NA,NA,NA,NA,"E: Uncertainty",NA,NA,NA,NA,"E: Uncertainty","E: Uncertainty",NA,"E: Uncertainty","E: Uncertainty","E: Uncertainty",NA,NA,"E: Uncertainty","E: Uncertainty",NA,NA,NA,NA
"2021-08-09 06:00:00","PM10",NA,0,0,483.1327,887.3647,55.8696,57.7636,2.0962,NA,NA,NA,106.8852,0,NA,5.903,4.4036,0,0,0.9324,NA,2.2869,NA,NA,0,0,0,NA,NA,0,0,NA,0,NA,0,0,0,0,0,0,0,"E: Uncertainty",NA,NA,NA,NA,NA,NA,NA,"E: Uncertainty","E: Uncertainty","E: Uncertainty",NA,NA,"E: Uncertainty",NA,NA,NA,NA,NA,"E: Uncertainty",NA,"E: Uncertainty","E: Uncertainty",NA,NA,NA,"E: Uncertainty","E: Uncertainty",NA,NA,"E: Uncertainty",NA,"E: Uncertainty",NA,NA,NA,NA,NA,NA,NA
"2021-08-09 07:00:00","PM2.5",0,0,0,334.2206,132.9993,21.5745,20.3941,NA,NA,0,0.0024,44.8069,0,0,2.8066,3.3855,0,0,0.5991,0,0.9069,NA,0,0,0,NA,0,NA,0,NA,0,0,NA,0,NA,0,0,0,0,0,NA,NA,NA,NA,NA,NA,NA,"E: Uncertainty","E: Uncertainty",NA,NA,NA,NA,NA,NA,NA,NA,NA,NA,NA,NA,"E: Uncertainty",NA,NA,NA,"E: Uncertainty",NA,"E: Uncertainty",NA,"E: Uncertainty",NA,NA,"E: Uncertainty",NA,"E: Uncertainty",NA,NA,NA,NA,NA
"2021-08-09 08:00:00","PM10",783.712,0,0,264.6218,190.1286,39.3548,76.429,3.2968,0,0,0.0015,94.6844,NA,NA,6.572,4.2902,0,0,0.6478,0,0.6199,NA,0,0,0,9.5925,NA,0,0,NA,NA,0,NA,0,0.0297,0,0,0,0,0,NA,NA,NA,NA,NA,NA,NA,NA,NA,NA,NA,NA,"E: Uncertainty","E: Uncertainty",NA,NA,NA,NA,NA,NA,NA,"E: Uncertainty",NA,NA,NA,NA,"E: Uncertainty",NA,NA,"E: Uncertainty","E: Uncertainty",NA,"E: Uncertainty",NA,NA,NA,NA,NA,NA,NA
"2021-08-09 09:00:00","PM2.5",NA,0,0,210.3727,57.0146,24.355,17.0586,NA,0,NA,0,34.6497,NA,0,2.67,1.7042,0,0,NA,0,NA,NA,0,0,0,16.853,NA,0,0,0,NA,NA,0,0,0,0,0,0,0,0,"E: Uncertainty",NA,NA,NA,NA,NA,NA,"E: Uncertainty",NA,"E: Uncertainty",NA,NA,"E: Uncertainty",NA,NA,NA,NA,NA,"E: Uncertainty",NA,"E: Uncertainty","E: Uncertainty",NA,NA,NA,NA,"E: Uncertainty",NA,NA,NA,"E: Uncertainty","E: Uncertainty",NA,NA,NA,NA,NA,NA,NA,NA
"2021-08-09 10:00:00","PM10",NA,0,0,194.1445,236.9201,69.1579,82.0327,2.1913,0,NA,NA,102.5474,0,0,4.946,4.3673,0,0,1.0118,0,0.8522,NA,0,0,0,9.7433,NA,0,0,NA,0,NA,NA,0,0,0,0,0,0,0,"E: Uncertainty",NA,NA,NA,NA,NA,NA,NA,NA,"E: Uncertainty","E: Uncertainty",NA,NA,NA,NA,NA,NA,NA,NA,NA,NA,"E: Uncertainty",NA,NA,NA,NA,"E: Uncertainty",NA,NA,"E: Uncertainty",NA,"E: Uncertainty","E: Uncertainty",NA,NA,NA,NA,NA,NA,NA
"2021-08-09 11:00:00","PM2.5",665.3423,0,0,185.3771,54.7099,18.0227,19.0385,NA,0,NA,0,29.1537,0,0,1.7758,3.469,0,0,NA,0,0.7798,0,0,0,0,NA,0.0383,NA,0,NA,NA,0.0467,0,0,0,0,0,0,0,0,NA,NA,NA,NA,NA,NA,NA,"E: Uncertainty",NA,"E: Uncertainty",NA,NA,NA,NA,NA,NA,NA,NA,"E: Uncertainty",NA,NA,NA,NA,NA,NA,"E: Uncertainty",NA,"E: Uncertainty",NA,"E: Uncertainty","E: Uncertainty",NA,NA,NA,NA,NA,NA,NA,NA,NA
"2021-08-09 12:00:00","PM10",7.6175,0,NA,182.8122,174.6614,43.8165,92.2451,2.5962,0,NA,NA,88.709,0,0,4.1427,3.1788,0,0,NA,0,0.6483,NA,0,0,0,9.2408,NA,NA,0,0,0,NA,NA,0,0,0,0,0,0,0,NA,NA,"E: Uncertainty",NA,NA,NA,NA,NA,NA,"E: Uncertainty","E: Uncertainty",NA,NA,NA,NA,NA,NA,NA,"E: Uncertainty",NA,NA,"E: Uncertainty",NA,NA,NA,NA,"E: Uncertainty","E: Uncertainty",NA,NA,NA,"E: Uncertainty","E: Uncertainty",NA,NA,NA,NA,NA,NA,NA
"2021-08-09 13:00:00","PM2.5",707.402,0,NA,126.0871,NA,22.0605,22.1707,0,0,0,0,31.1875,0,0,1.9072,6.5029,0,0,0,0,1.1564,NA,0,0,0,NA,NA,0,0,0,NA,NA,NA,0,0,0,0,0,0,0,NA,NA,"E: Uncertainty",NA,"E: Uncertainty",NA,NA,NA,NA,NA,NA,NA,NA,NA,NA,NA,NA,NA,NA,NA,NA,"E: Uncertainty",NA,NA,NA,"E: Uncertainty","E: Uncertainty",NA,NA,NA,"E: Uncertainty","E: Uncertainty","E: Uncertainty",NA,NA,NA,NA,NA,NA,NA
"2021-08-09 14:00:00","PM10",774.1493,NA,0,226.5794,51.122,35.9891,119.3362,2.5389,0,NA,NA,79.918,0,0,3.3702,26.6101,0,0,NA,0,0.7904,NA,0,0,0,0,0,NA,0,0,0,NA,0,0,0,0,0,0,0,0,NA,"E: Uncertainty",NA,NA,NA,NA,NA,NA,NA,"E: Uncertainty","E: Uncertainty",NA,NA,NA,NA,NA,NA,NA,"E: Uncertainty",NA,NA,"E: Uncertainty",NA,NA,NA,NA,NA,"E: Uncertainty",NA,NA,NA,"E: Uncertainty",NA,NA,NA,NA,NA,NA,NA,NA
"2021-08-09 15:00:00","PM2.5",0,0,0,209.0972,0,21.7104,26.1311,1.8516,0,0,NA,50.2747,0,NA,2.6805,4.8353,0,0,NA,0,0.9527,NA,0,0,0,0,0,NA,0,0,NA,NA,NA,0,0,0,0,0,0,0,NA,NA,NA,NA,NA,NA,NA,NA,NA,NA,"E: Uncertainty",NA,NA,"E: Uncertainty",NA,NA,NA,NA,"E: Uncertainty",NA,NA,"E: Uncertainty",NA,NA,NA,NA,NA,"E: Uncertainty",NA,NA,"E: Uncertainty","E: Uncertainty","E: Uncertainty",NA,NA,NA,NA,NA,NA,NA
"2021-08-09 16:00:00","PM10",NA,0,NA,125.1429,47.2301,40.5956,100.9179,3.7125,NA,NA,1.3405,209.8614,0,NA,7.9102,9.4643,0,0,0.8445,0,NA,NA,0,0,0,12.8033,NA,NA,0,NA,NA,NA,4.9012,0,0,0,0,0,0,0,"E: Uncertainty",NA,"E: Uncertainty",NA,NA,NA,NA,NA,"E: Uncertainty","E: Uncertainty",NA,NA,NA,"E: Uncertainty",NA,NA,NA,NA,NA,NA,"E: Uncertainty","E: Uncertainty",NA,NA,NA,NA,"E: Uncertainty","E: Uncertainty",NA,"E: Uncertainty","E: Uncertainty","E: Uncertainty",NA,NA,NA,NA,NA,NA,NA,NA
"2021-08-09 17:00:00","PM2.5",NA,0,0,144.3708,NA,14.8432,10.2802,0,0.0011,0,NA,69.7653,0,NA,4.524,5.961,0,0,NA,0,NA,0,0,0,0,14.4073,0.0442,NA,0,0,NA,NA,NA,0,0,0,0,0,0,0,"E: Uncertainty",NA,NA,NA,"E: Uncertainty",NA,NA,NA,NA,NA,"E: Uncertainty",NA,NA,"E: Uncertainty",NA,NA,NA,NA,"E: Uncertainty",NA,"E: Uncertainty",NA,NA,NA,NA,NA,NA,"E: Uncertainty",NA,NA,"E: Uncertainty","E: Uncertainty","E: Uncertainty",NA,NA,NA,NA,NA,NA,NA
"2021-08-09 18:00:00","PM10",622.7712,0,0,208.5559,74.8056,48.3968,62.2849,3.7971,NA,NA,1.0136,196.0824,0,0,10.3727,7.8968,0,0,0,0,1.3827,NA,0,0,0,NA,0,NA,0,NA,NA,NA,NA,0,0,0,0,0,0,0,NA,NA,NA,NA,NA,NA,NA,NA,"E: Uncertainty","E: Uncertainty",NA,NA,NA,NA,NA,NA,NA,NA,NA,NA,NA,"E: Uncertainty",NA,NA,NA,"E: Uncertainty",NA,"E: Uncertainty",NA,"E: Uncertainty","E: Uncertainty","E: Uncertainty","E: Uncertainty",NA,NA,NA,NA,NA,NA,NA
"2021-08-09 19:00:00","PM2.5",NA,0,0,176.5933,0,43.2193,12.3124,2.4137,0,0,0,89.8762,0,0,5.2021,4.848,0,0,0.5381,0,1.408,NA,0,0,0,NA,0,NA,0,NA,NA,NA,NA,0,NA,0,0,0,0,0,"E: Uncertainty",NA,NA,NA,NA,NA,NA,NA,NA,NA,NA,NA,NA,NA,NA,NA,NA,NA,NA,NA,NA,"E: Uncertainty",NA,NA,NA,"E: Uncertainty",NA,"E: Uncertainty",NA,"E: Uncertainty","E: Uncertainty","E: Uncertainty","E: Uncertainty",NA,"E: Uncertainty",NA,NA,NA,NA,NA
"2021-08-09 20:00:00","PM10",NA,0,0,233.8529,74.7768,45.1295,89.5504,3.2868,0,NA,NA,177.5406,NA,0,7.9019,6.9762,0,0,0.5588,0,1.9814,NA,0,0,0,NA,NA,0,0,NA,NA,0,3.9111,0,0,0,0,0,0,0,"E: Uncertainty",NA,NA,NA,NA,NA,NA,NA,NA,"E: Uncertainty","E: Uncertainty",NA,"E: Uncertainty",NA,NA,NA,NA,NA,NA,NA,NA,"E: Uncertainty",NA,NA,NA,"E: Uncertainty","E: Uncertainty",NA,NA,"E: Uncertainty","E: Uncertainty",NA,NA,NA,NA,NA,NA,NA,NA,NA
"2021-08-09 21:00:00","PM2.5",NA,0,0,211.4027,16.1167,26.0799,10.5928,NA,0,NA,0,58.7989,0,0,2.8777,4.0703,0,0,NA,0,1.5583,NA,0,0,0,NA,NA,NA,0,NA,NA,0,NA,0,0,0,0,0,0.7861,0,"E: Uncertainty",NA,NA,NA,NA,NA,NA,"E: Uncertainty",NA,"E: Uncertainty",NA,NA,NA,NA,NA,NA,NA,NA,"E: Uncertainty",NA,NA,"E: Uncertainty",NA,NA,NA,"E: Uncertainty","E: Uncertainty","E: Uncertainty",NA,"E: Uncertainty","E: Uncertainty",NA,"E: Uncertainty",NA,NA,NA,NA,NA,NA,NA
"2021-08-09 22:00:00","PM10",NA,0,0,270.9446,144.9464,56.9552,31.3469,1.2103,0,NA,NA,83.6418,0,0,4.6285,5.7157,0,0,0.6032,NA,2.0307,NA,0,0,0,10.8793,NA,0,0,NA,NA,0,NA,0,0,0,0,0,0,0,"E: Uncertainty",NA,NA,NA,NA,NA,NA,NA,NA,"E: Uncertainty","E: Uncertainty",NA,NA,NA,NA,NA,NA,NA,NA,"E: Uncertainty",NA,"E: Uncertainty",NA,NA,NA,NA,"E: Uncertainty",NA,NA,"E: Uncertainty","E: Uncertainty",NA,"E: Uncertainty",NA,NA,NA,NA,NA,NA,NA
"2021-08-09 23:00:00","PM2.5",NA,0,NA,256.315,NA,30.9707,28.1365,NA,NA,NA,NA,30.5247,0,0,1.0251,2.6123,0,0,0.8577,0,1.7316,NA,0,0,0,NA,0,NA,0,NA,NA,NA,0,0,0,0,0,0,0,0,"E: Uncertainty",NA,"E: Uncertainty",NA,"E: Uncertainty",NA,NA,"E: Uncertainty","E: Uncertainty","E: Uncertainty","E: Uncertainty",NA,NA,NA,NA,NA,NA,NA,NA,NA,NA,"E: Uncertainty",NA,NA,NA,"E: Uncertainty",NA,"E: Uncertainty",NA,"E: Uncertainty","E: Uncertainty","E: Uncertainty",NA,NA,NA,NA,NA,NA,NA,NA
"2021-08-10 00:30:00","PM10",NA,0,0,436.9961,397.0853,86.3223,57.599,NA,0,0,NA,73.6847,0,0,1.4079,5.9998,0,0,1.4073,0,1.9287,NA,0,0,0,21.3414,NA,NA,0,NA,NA,NA,0,0,0,0,0,0,0,0,"E: Uncertainty",NA,NA,NA,NA,NA,NA,"E: Uncertainty",NA,NA,"E: Uncertainty",NA,NA,NA,NA,NA,NA,NA,NA,NA,NA,"E: Uncertainty",NA,NA,NA,NA,"E: Uncertainty","E: Uncertainty",NA,"E: Uncertainty","E: Uncertainty","E: Uncertainty",NA,NA,NA,NA,NA,NA,NA,NA
"2021-08-10 01:00:00","PM2.5",NA,0,0,405.0471,76.6806,48.5342,21.7207,NA,0,NA,NA,35.6139,0,NA,1.9807,6.4959,0,0,1.3942,0,2.5828,NA,0,0,0,15.7629,0,0,0,0,NA,NA,0,0,0,0,0,0,0.8938,0,"E: Uncertainty",NA,NA,NA,NA,NA,NA,"E: Uncertainty",NA,"E: Uncertainty","E: Uncertainty",NA,NA,"E: Uncertainty",NA,NA,NA,NA,NA,NA,NA,"E: Uncertainty",NA,NA,NA,NA,NA,NA,NA,NA,"E: Uncertainty","E: Uncertainty",NA,NA,NA,NA,NA,NA,NA,NA
"2021-08-10 02:00:00","PM10",973.4582,0,0,419.6431,568.4659,69.2026,48.7712,1.0946,NA,0,1.4682,48.8897,0,0,0.5006,5.3315,0,0,1.4413,NA,3.5393,NA,0,0,0,9.2392,NA,0,0,0,NA,NA,0,0,NA,0,0,0,NA,0,NA,NA,NA,NA,NA,NA,NA,NA,"E: Uncertainty",NA,NA,NA,NA,NA,NA,NA,NA,NA,NA,"E: Uncertainty",NA,"E: Uncertainty",NA,NA,NA,NA,"E: Uncertainty",NA,NA,NA,"E: Uncertainty","E: Uncertainty",NA,NA,"E: Uncertainty",NA,NA,NA,"E: Uncertainty",NA
"2021-08-10 03:00:00","PM2.5",NA,0,0,406.3728,140.2263,41.5954,16.0904,NA,NA,0,3e-04,17.396,NA,0,NA,3.9497,0,0,0.6667,0,2.5641,NA,0,0,0,NA,0,0,0,NA,0,NA,NA,0,0,0,0,0,NA,0,"E: Uncertainty",NA,NA,NA,NA,NA,NA,"E: Uncertainty","E: Uncertainty",NA,NA,NA,"E: Uncertainty",NA,"E: Uncertainty",NA,NA,NA,NA,NA,NA,"E: Uncertainty",NA,NA,NA,"E: Uncertainty",NA,NA,NA,"E: Uncertainty",NA,"E: Uncertainty","E: Uncertainty",NA,NA,NA,NA,NA,"E: Uncertainty",NA
"2021-08-10 04:00:00","PM10",NA,0,0,517.1361,598.2981,78.0127,64.2096,NA,NA,0,NA,68.2011,0,0,1.2552,5.8203,0,0,0.9325,NA,3.4896,NA,0,0,0,NA,NA,NA,0,0,NA,0,NA,0,0,0,0,0,NA,0,"E: Uncertainty",NA,NA,NA,NA,NA,NA,"E: Uncertainty","E: Uncertainty",NA,"E: Uncertainty",NA,NA,NA,NA,NA,NA,NA,NA,"E: Uncertainty",NA,"E: Uncertainty",NA,NA,NA,"E: Uncertainty","E: Uncertainty","E: Uncertainty",NA,NA,"E: Uncertainty",NA,"E: Uncertainty",NA,NA,NA,NA,NA,"E: Uncertainty",NA
"2021-08-10 05:00:00","PM2.5",715.7075,0,0,581.101,66.6108,38.0792,15.04,0,NA,0,0,36.2791,0,0,0.8684,3.4059,0,0,0.7373,NA,2.1221,NA,0,0,0,9.1665,0,NA,0,NA,NA,NA,NA,0,0,0,NA,0,0,0,NA,NA,NA,NA,NA,NA,NA,NA,"E: Uncertainty",NA,NA,NA,NA,NA,NA,NA,NA,NA,NA,"E: Uncertainty",NA,"E: Uncertainty",NA,NA,NA,NA,NA,"E: Uncertainty",NA,"E: Uncertainty","E: Uncertainty","E: Uncertainty","E: Uncertainty",NA,NA,NA,"E: Uncertainty",NA,NA,NA
"2021-08-10 06:00:00","PM10",NA,0,0,667.9218,556.8841,84.1952,93.3715,2.5951,0,NA,0.8223,195.2057,0,0,5.5118,5.9888,0,0,1.6093,NA,3.2392,NA,0,0,0,20.3693,0,0,0,0,NA,NA,NA,0,0,0,0,0,1.678,0,"E: Uncertainty",NA,NA,NA,NA,NA,NA,NA,NA,"E: Uncertainty",NA,NA,NA,NA,NA,NA,NA,NA,NA,"E: Uncertainty",NA,"E: Uncertainty",NA,NA,NA,NA,NA,NA,NA,NA,"E: Uncertainty","E: Uncertainty","E: Uncertainty",NA,NA,NA,NA,NA,NA,NA
"2021-08-10 07:00:00","PM2.5",NA,0,0,524.4881,86.3186,42.8631,29.6622,NA,0,NA,NA,73.4317,NA,NA,3.7176,4.1902,0,0,0.5123,NA,2.0185,NA,0,0,0,NA,NA,NA,0,NA,NA,NA,NA,0,0,0,0,0,NA,0,"E: Uncertainty",NA,NA,NA,NA,NA,NA,"E: Uncertainty",NA,"E: Uncertainty","E: Uncertainty",NA,"E: Uncertainty","E: Uncertainty",NA,NA,NA,NA,NA,"E: Uncertainty",NA,"E: Uncertainty",NA,NA,NA,"E: Uncertainty","E: Uncertainty","E: Uncertainty",NA,"E: Uncertainty","E: Uncertainty","E: Uncertainty","E: Uncertainty",NA,NA,NA,NA,NA,"E: Uncertainty",NA
"2021-08-10 08:00:00","PM10",NA,NA,0,585.1303,323.6455,74.2426,216.0722,3.3064,0,NA,0.8059,132.1183,0,0,6.047,10.4556,0,0,0.8247,NA,2.1809,NA,0,0,0,NA,NA,0,0,NA,NA,NA,NA,0,0,0,0,0,3.8391,0,"E: Uncertainty","E: Uncertainty",NA,NA,NA,NA,NA,NA,NA,"E: Uncertainty",NA,NA,NA,NA,NA,NA,NA,NA,NA,"E: Uncertainty",NA,"E: Uncertainty",NA,NA,NA,"E: Uncertainty","E: Uncertainty",NA,NA,"E: Uncertainty","E: Uncertainty","E: Uncertainty","E: Uncertainty",NA,NA,NA,NA,NA,NA,NA
"2021-08-10 09:00:00","PM2.5",896.2731,0,0,489.2528,NA,24.61,24.0227,NA,NA,0,0,35.674,NA,NA,2.1196,2.1772,0,0,NA,NA,1.0824,NA,0,0,0,16.2334,NA,NA,0,0,0,0,0,0,0,0,NA,0,0,0,NA,NA,NA,NA,"E: Uncertainty",NA,NA,"E: Uncertainty","E: Uncertainty",NA,NA,NA,"E: Uncertainty","E: Uncertainty",NA,NA,NA,NA,"E: Uncertainty","E: Uncertainty",NA,"E: Uncertainty",NA,NA,NA,NA,"E: Uncertainty","E: Uncertainty",NA,NA,NA,NA,NA,NA,NA,NA,"E: Uncertainty",NA,NA,NA
"2021-08-10 10:00:00","PM10",NA,0,0,497.3366,70.8984,60.7319,154.407,2.9035,0,NA,1.0291,113.7505,0,0,6.2239,5.4484,0,0,0.3507,0,1.22,NA,0,0,0,NA,NA,NA,0,0,NA,NA,0.039,0,NA,0,0,0,0,0,"E: Uncertainty",NA,NA,NA,NA,NA,NA,NA,NA,"E: Uncertainty",NA,NA,NA,NA,NA,NA,NA,NA,NA,NA,NA,"E: Uncertainty",NA,NA,NA,"E: Uncertainty","E: Uncertainty","E: Uncertainty",NA,NA,"E: Uncertainty","E: Uncertainty",NA,NA,"E: Uncertainty",NA,NA,NA,NA,NA
"2021-08-10 11:00:00","PM2.5",NA,0,0,417.4342,0,20.2866,36.4744,NA,0,NA,NA,45.5779,NA,0,2.4784,4.4924,0,0,NA,NA,0.7392,0,0,0,0,12.2182,NA,NA,0,0,0,NA,0,0,0,0,0,0,0,0,"E: Uncertainty",NA,NA,NA,NA,NA,NA,"E: Uncertainty",NA,"E: Uncertainty","E: Uncertainty",NA,"E: Uncertainty",NA,NA,NA,NA,NA,"E: Uncertainty","E: Uncertainty",NA,NA,NA,NA,NA,NA,"E: Uncertainty","E: Uncertainty",NA,NA,NA,"E: Uncertainty",NA,NA,NA,NA,NA,NA,NA,NA
"2021-08-10 12:00:00","PM10",724.0458,NA,0,474.0269,24.4716,64.2005,184.245,7.4036,0,0.7376,4.43,260.4463,0,NA,10.6308,61.9895,0,0,1.6374,0,1.5618,NA,0,0,0,NA,NA,0,0,0,0,NA,NA,0,0,0,0,0,1.3444,15.0074,NA,"E: Uncertainty",NA,NA,NA,NA,NA,NA,NA,NA,NA,NA,NA,"E: Uncertainty",NA,NA,NA,NA,NA,NA,NA,"E: Uncertainty",NA,NA,NA,"E: Uncertainty","E: Uncertainty",NA,NA,NA,NA,"E: Uncertainty","E: Uncertainty",NA,NA,NA,NA,NA,NA,NA
"2021-08-10 13:00:00","PM2.5",NA,0,0,350.3474,0,31.8824,62.7944,2.7387,0,NA,1.6616,114.0784,0,NA,3.2748,48.0569,0,0,0.8905,0,1.5029,NA,0,0,0,NA,NA,NA,0,0,0,0,0,0,0,0,0,0,1.6265,18.1434,"E: Uncertainty",NA,NA,NA,NA,NA,NA,NA,NA,"E: Uncertainty",NA,NA,NA,"E: Uncertainty",NA,NA,NA,NA,NA,NA,NA,"E: Uncertainty",NA,NA,NA,"E: Uncertainty","E: Uncertainty","E: Uncertainty",NA,NA,NA,NA,NA,NA,NA,NA,NA,NA,NA,NA
"2021-08-10 14:00:00","PM10",648.0167,NA,0,389.4251,81.7882,62.7749,167.1473,4.1104,0,NA,NA,108.3299,0,NA,4.0915,6.048,0,0,NA,0,1.0369,NA,0,0,0,NA,NA,0,0,0,0,NA,0,0,0,0,0,0,0,0,NA,"E: Uncertainty",NA,NA,NA,NA,NA,NA,NA,"E: Uncertainty","E: Uncertainty",NA,NA,"E: Uncertainty",NA,NA,NA,NA,"E: Uncertainty",NA,NA,"E: Uncertainty",NA,NA,NA,"E: Uncertainty","E: Uncertainty",NA,NA,NA,NA,"E: Uncertainty",NA,NA,NA,NA,NA,NA,NA,NA
"2021-08-10 15:00:00","PM2.5",782.8323,0,0,301.3632,0,26.019,30.4419,1.1378,0,0,NA,48.5034,0,NA,1.5352,19.514,0,0,0,0.0018,1.1985,NA,NA,0,NA,0,0.0191,0,0,0,NA,0,0,0,0,0,0,0,3.5718,0,NA,NA,NA,NA,NA,NA,NA,NA,NA,NA,"E: Uncertainty",NA,NA,"E: Uncertainty",NA,NA,NA,NA,NA,NA,NA,"E: Uncertainty","E: Uncertainty",NA,"E: Uncertainty",NA,NA,NA,NA,NA,"E: Uncertainty",NA,NA,NA,NA,NA,NA,NA,NA,NA
"2021-08-10 16:00:00","PM10",665.6682,NA,0,367.3563,NA,50.7493,90.7454,1.6605,0,NA,0.8283,131.0559,0,NA,4.7119,7.4216,0,0,0.8154,NA,1.3697,NA,0,0,0,NA,NA,0,0,0,NA,0,3.3766,0,0,0,0,0,1.6097,0,NA,"E: Uncertainty",NA,NA,"E: Uncertainty",NA,NA,NA,NA,"E: Uncertainty",NA,NA,NA,"E: Uncertainty",NA,NA,NA,NA,NA,"E: Uncertainty",NA,"E: Uncertainty",NA,NA,NA,"E: Uncertainty","E: Uncertainty",NA,NA,NA,"E: Uncertainty",NA,NA,NA,NA,NA,NA,NA,NA,NA
"2021-08-10 17:00:00","PM2.5",657.3409,NA,0,443.0559,0,40.0715,421.0614,7.5199,0,NA,1.3404,119.9501,0,NA,3.9542,6.0378,0,0,NA,0,1.328,NA,0,0,0,NA,NA,NA,0,NA,0,NA,0,0,0.0165,0,0,0,NA,0,NA,"E: Uncertainty",NA,NA,NA,NA,NA,NA,NA,"E: Uncertainty",NA,NA,NA,"E: Uncertainty",NA,NA,NA,NA,"E: Uncertainty",NA,NA,"E: Uncertainty",NA,NA,NA,"E: Uncertainty","E: Uncertainty","E: Uncertainty",NA,"E: Uncertainty",NA,"E: Uncertainty",NA,NA,NA,NA,NA,NA,"E: Uncertainty",NA
"2021-08-10 18:00:00","PM10",NA,0,0,359.0429,70.3508,41.1617,77.003,2.8048,NA,NA,NA,149.9666,0,0,7.8651,6.2819,0,0,0.8038,NA,9.7837,NA,0,0,NA,NA,NA,0,0,0,0,0,NA,0,0,0,0,0,0,0,"E: Uncertainty",NA,NA,NA,NA,NA,NA,NA,"E: Uncertainty","E: Uncertainty","E: Uncertainty",NA,NA,NA,NA,NA,NA,NA,NA,"E: Uncertainty",NA,"E: Uncertainty",NA,NA,"E: Uncertainty","E: Uncertainty","E: Uncertainty",NA,NA,NA,NA,NA,"E: Uncertainty",NA,NA,NA,NA,NA,NA,NA
"2021-08-10 19:00:00","PM2.5",1092.4414,0,0,289.2859,0,23.3436,19.6062,NA,0,0,0,58.858,0,NA,2.3466,5.757,0,0,NA,0,1.1337,NA,0,0,0,10.7383,NA,NA,0,0,0,NA,0,0,0,0,0,0,0,0,NA,NA,NA,NA,NA,NA,NA,"E: Uncertainty",NA,NA,NA,NA,NA,"E: Uncertainty",NA,NA,NA,NA,"E: Uncertainty",NA,NA,"E: Uncertainty",NA,NA,NA,NA,"E: Uncertainty","E: Uncertainty",NA,NA,NA,"E: Uncertainty",NA,NA,NA,NA,NA,NA,NA,NA
"2021-08-10 20:00:00","PM10",NA,0,0,415.9994,148.7448,64.5977,85.7598,2.5481,NA,0.5997,NA,139.6144,NA,0,3.5259,13.9131,0,0,0.3727,0,1.6013,NA,0,0,0,10.8285,NA,0,0,NA,NA,NA,NA,0,0,0,0,0,0,0,"E: Uncertainty",NA,NA,NA,NA,NA,NA,NA,"E: Uncertainty",NA,"E: Uncertainty",NA,"E: Uncertainty",NA,NA,NA,NA,NA,NA,NA,NA,"E: Uncertainty",NA,NA,NA,NA,"E: Uncertainty",NA,NA,"E: Uncertainty","E: Uncertainty","E: Uncertainty","E: Uncertainty",NA,NA,NA,NA,NA,NA,NA
"2021-08-10 21:00:00","PM2.5",NA,0,0,350.1728,35.0438,30.5762,23.2267,0,NA,NA,0,52.2674,0,NA,1.8424,30.1446,0,0,NA,0,1.342,NA,0,0,0,14.7784,NA,0,0,0,0,NA,0,0,0,0,0,0,0,0,"E: Uncertainty",NA,NA,NA,NA,NA,NA,NA,"E: Uncertainty","E: Uncertainty",NA,NA,NA,"E: Uncertainty",NA,NA,NA,NA,"E: Uncertainty",NA,NA,"E: Uncertainty",NA,NA,NA,NA,"E: Uncertainty",NA,NA,NA,NA,"E: Uncertainty",NA,NA,NA,NA,NA,NA,NA,NA
"2021-08-10 22:00:00","PM10",675.7063,0,0,360.5474,134.7353,27.9902,33.5375,1.2524,0,NA,NA,83.2729,0,0,2.0602,8.8387,0,0,NA,NA,0.7167,NA,0,0,0,12.6796,NA,NA,0,0,NA,NA,0.0174,0,0,0,0,0,0,0,NA,NA,NA,NA,NA,NA,NA,NA,NA,"E: Uncertainty","E: Uncertainty",NA,NA,NA,NA,NA,NA,NA,"E: Uncertainty","E: Uncertainty",NA,"E: Uncertainty",NA,NA,NA,NA,"E: Uncertainty","E: Uncertainty",NA,NA,"E: Uncertainty","E: Uncertainty",NA,NA,NA,NA,NA,NA,NA,NA
"2021-08-10 23:00:00","PM2.5",NA,0,0,346.9138,12.1023,20.5746,14.6659,NA,NA,NA,0,33.4928,NA,NA,0.9704,3.8386,0,0,NA,0,0.833,NA,0,0,0,NA,0,NA,0,0,NA,NA,NA,0,0,0,0,0,0,0,"E: Uncertainty",NA,NA,NA,NA,NA,NA,"E: Uncertainty","E: Uncertainty","E: Uncertainty",NA,NA,"E: Uncertainty","E: Uncertainty",NA,NA,NA,NA,"E: Uncertainty",NA,NA,"E: Uncertainty",NA,NA,NA,"E: Uncertainty",NA,"E: Uncertainty",NA,NA,"E: Uncertainty","E: Uncertainty","E: Uncertainty",NA,NA,NA,NA,NA,NA,NA
"2021-08-11 00:30:00","PM10",NA,0,0,385.8126,135.7001,58.1896,53.0837,2.4202,0,0,NA,84.2029,0,0,3.1961,5.8201,0,0,5.5732,NA,2.3837,0,0,0,0,30.6638,NA,0,0,NA,0,NA,NA,0,0,0,0,0,NA,0,"E: Uncertainty",NA,NA,NA,NA,NA,NA,NA,NA,NA,"E: Uncertainty",NA,NA,NA,NA,NA,NA,NA,NA,"E: Uncertainty",NA,NA,NA,NA,NA,NA,"E: Uncertainty",NA,NA,"E: Uncertainty",NA,"E: Uncertainty","E: Uncertainty",NA,NA,NA,NA,NA,"E: Uncertainty",NA
"2021-08-11 01:00:00","PM2.5",NA,0,0,357.6266,NA,26.3803,16.0978,NA,NA,0,0,22.1642,0,0,NA,2.5597,0,0,0.6834,NA,1.1282,0,0,0,0,19.2503,0,NA,0,0,NA,NA,0,0,0,0,0,0,NA,0,"E: Uncertainty",NA,NA,NA,"E: Uncertainty",NA,NA,"E: Uncertainty","E: Uncertainty",NA,NA,NA,NA,NA,"E: Uncertainty",NA,NA,NA,NA,"E: Uncertainty",NA,NA,NA,NA,NA,NA,NA,"E: Uncertainty",NA,NA,"E: Uncertainty","E: Uncertainty",NA,NA,NA,NA,NA,NA,"E: Uncertainty",NA
"2021-08-11 02:00:00","PM10",799.0805,0,0,411.7622,141.2676,45.1119,43.1167,NA,0,NA,0,53.1052,0,0,1.6968,3.3031,0,0,1.8606,NA,1.1135,NA,0,0,0,13.417,0,0,0,NA,0,NA,0,0,0,0,0,0,1.9022,0,NA,NA,NA,NA,NA,NA,NA,"E: Uncertainty",NA,"E: Uncertainty",NA,NA,NA,NA,NA,NA,NA,NA,NA,"E: Uncertainty",NA,"E: Uncertainty",NA,NA,NA,NA,NA,NA,NA,"E: Uncertainty",NA,"E: Uncertainty",NA,NA,NA,NA,NA,NA,NA,NA
"2021-08-11 03:00:00","PM2.5",NA,0,NA,424.7386,0,22.9324,8.1774,NA,0,0,0,21.7001,NA,0,0.6086,2.5206,0,0,1.3233,NA,0.9874,NA,0,0,0,10.4022,NA,NA,0,0,0.1583,NA,NA,0,0,0,0,0,NA,0,"E: Uncertainty",NA,"E: Uncertainty",NA,NA,NA,NA,"E: Uncertainty",NA,NA,NA,NA,"E: Uncertainty",NA,NA,NA,NA,NA,NA,"E: Uncertainty",NA,"E: Uncertainty",NA,NA,NA,NA,"E: Uncertainty","E: Uncertainty",NA,NA,NA,"E: Uncertainty","E: Uncertainty",NA,NA,NA,NA,NA,"E: Uncertainty",NA
"2021-08-11 04:00:00","PM10",NA,0,0,455.1446,137.491,56.6308,37.0525,NA,0,0,0,50.5319,0,0,1.0857,3.4034,0,0,0.8169,NA,0.7761,NA,0,0,0,NA,0,0,0,0,0,NA,NA,0,0,0,0,0,0,0,"E: Uncertainty",NA,NA,NA,NA,NA,NA,"E: Uncertainty",NA,NA,NA,NA,NA,NA,NA,NA,NA,NA,NA,"E: Uncertainty",NA,"E: Uncertainty",NA,NA,NA,"E: Uncertainty",NA,NA,NA,NA,NA,"E: Uncertainty","E: Uncertainty",NA,NA,NA,NA,NA,NA,NA
"2021-08-11 05:00:00","PM2.5",NA,0,0,412.765,0,67.7347,12.983,NA,0,0,0,43.0843,0,NA,1.7838,6.2058,0,0,1.1488,NA,0.5716,0,0,0,0,NA,NA,NA,0,NA,NA,0,0,0.0134,0,0,0,0,4.4866,0,"E: Uncertainty",NA,NA,NA,NA,NA,NA,"E: Uncertainty",NA,NA,NA,NA,NA,"E: Uncertainty",NA,NA,NA,NA,NA,"E: Uncertainty",NA,NA,NA,NA,NA,"E: Uncertainty","E: Uncertainty","E: Uncertainty",NA,"E: Uncertainty","E: Uncertainty",NA,NA,NA,NA,NA,NA,NA,NA,NA
"2021-08-11 06:00:00","PM10",708.3207,0,0,599.7008,158.1457,120.5395,104.3499,3.4919,0,NA,NA,230.0291,0,0,5.7147,13.483,0,0,2.7762,NA,0.9203,NA,0,0,0,NA,NA,0,0,NA,NA,NA,NA,0,0,0,0,0,9.4968,0,NA,NA,NA,NA,NA,NA,NA,NA,NA,"E: Uncertainty","E: Uncertainty",NA,NA,NA,NA,NA,NA,NA,NA,"E: Uncertainty",NA,"E: Uncertainty",NA,NA,NA,"E: Uncertainty","E: Uncertainty",NA,NA,"E: Uncertainty","E: Uncertainty","E: Uncertainty","E: Uncertainty",NA,NA,NA,NA,NA,NA,NA
"2021-08-11 07:00:00","PM2.5",NA,0,0,698.1459,0,104.2593,39.7836,1.0887,NA,NA,NA,122.8477,0,NA,3.0567,10.8379,0,0,1.3687,NA,1.8049,NA,0,0,0,NA,NA,NA,0,0,0,NA,0.0198,0,0,0,0,0,7.227,0,"E: Uncertainty",NA,NA,NA,NA,NA,NA,NA,"E: Uncertainty","E: Uncertainty","E: Uncertainty",NA,NA,"E: Uncertainty",NA,NA,NA,NA,NA,"E: Uncertainty",NA,"E: Uncertainty",NA,NA,NA,"E: Uncertainty","E: Uncertainty","E: Uncertainty",NA,NA,NA,"E: Uncertainty",NA,NA,NA,NA,NA,NA,NA,NA
"2021-08-11 08:00:00","PM10",NA,NA,0,821.4427,310.733,114.2231,163.6308,6.7298,0,NA,1.869,172.4456,NA,0,4.6345,18.0786,0,0,1.8613,NA,2.2403,NA,0,0,0,NA,NA,NA,0,NA,NA,NA,NA,0,0,0,0,0,4.0022,0,"E: Uncertainty","E: Uncertainty",NA,NA,NA,NA,NA,NA,NA,"E: Uncertainty",NA,NA,"E: Uncertainty",NA,NA,NA,NA,NA,NA,"E: Uncertainty",NA,"E: Uncertainty",NA,NA,NA,"E: Uncertainty","E: Uncertainty","E: Uncertainty",NA,"E: Uncertainty","E: Uncertainty","E: Uncertainty","E: Uncertainty",NA,NA,NA,NA,NA,NA,NA
"2021-08-11 09:00:00","PM2.5",NA,0,0,534.0567,0,34.4297,31.4162,NA,NA,0,NA,46.5644,0,NA,1.2807,12.5931,0,0,0.4009,NA,1.5683,NA,0,0,0,11.0422,NA,NA,0,NA,0,0,NA,0,NA,0,0,0,1.8841,0,"E: Uncertainty",NA,NA,NA,NA,NA,NA,"E: Uncertainty","E: Uncertainty",NA,"E: Uncertainty",NA,NA,"E: Uncertainty",NA,NA,NA,NA,NA,"E: Uncertainty",NA,"E: Uncertainty",NA,NA,NA,NA,"E: Uncertainty","E: Uncertainty",NA,"E: Uncertainty",NA,NA,"E: Uncertainty",NA,"E: Uncertainty",NA,NA,NA,NA,NA
"2021-08-11 10:00:00","PM10",NA,NA,0,377.6895,136.4281,93.7637,255.9717,6.9197,NA,0,1.0863,124.8097,0,NA,2.7889,11.5731,0,0,NA,0,1.0489,NA,0,0,0,NA,NA,0,0,0,0,0,NA,0,0,0,0,0,2.0725,0,"E: Uncertainty","E: Uncertainty",NA,NA,NA,NA,NA,NA,"E: Uncertainty",NA,NA,NA,NA,"E: Uncertainty",NA,NA,NA,NA,"E: Uncertainty",NA,NA,"E: Uncertainty",NA,NA,NA,"E: Uncertainty","E: Uncertainty",NA,NA,NA,NA,NA,"E: Uncertainty",NA,NA,NA,NA,NA,NA,NA
"2021-08-11 11:00:00","PM2.5",979.1081,0,0,249.2962,0,26.8538,48.3453,NA,0,NA,NA,42.122,0,0,1.5438,3.6679,0,0,0.5416,0,0.8983,NA,0,0,0,17.8435,0,NA,0,0,0,NA,NA,0,0,0,NA,0,0,0,NA,NA,NA,NA,NA,NA,NA,"E: Uncertainty",NA,"E: Uncertainty","E: Uncertainty",NA,NA,NA,NA,NA,NA,NA,NA,NA,NA,"E: Uncertainty",NA,NA,NA,NA,NA,"E: Uncertainty",NA,NA,NA,"E: Uncertainty","E: Uncertainty",NA,NA,NA,"E: Uncertainty",NA,NA,NA
"2021-08-11 12:00:00","PM10",NA,NA,0,265.1804,NA,74.2346,250.7676,9.4531,0,0.819,1.5825,167.2754,0,0,3.4109,8.5593,0,0,NA,0,1.2828,NA,0,0,0,NA,NA,0,0,0,NA,NA,0,0,0,0,0,0,0,0,"E: Uncertainty","E: Uncertainty",NA,NA,"E: Uncertainty",NA,NA,NA,NA,NA,NA,NA,NA,NA,NA,NA,NA,NA,"E: Uncertainty",NA,NA,"E: Uncertainty",NA,NA,NA,"E: Uncertainty","E: Uncertainty",NA,NA,NA,"E: Uncertainty","E: Uncertainty",NA,NA,NA,NA,NA,NA,NA,NA
"2021-08-11 13:00:00","PM2.5",0,NA,0,216.3827,0,47.2134,59.4219,2.7253,0,0,NA,56.5204,0,NA,1.9511,4.0028,0,0,0.4653,NA,1.1508,0,0,0,0,NA,0,NA,0,0,0,NA,NA,0,0,0,0,0,0.0048,0,NA,"E: Uncertainty",NA,NA,NA,NA,NA,NA,NA,NA,"E: Uncertainty",NA,NA,"E: Uncertainty",NA,NA,NA,NA,NA,"E: Uncertainty",NA,NA,NA,NA,NA,"E: Uncertainty",NA,"E: Uncertainty",NA,NA,NA,"E: Uncertainty","E: Uncertainty",NA,NA,NA,NA,NA,NA,NA
"2021-08-11 14:00:00","PM10",NA,539.3888,0,256.6816,0,113.5946,359.2684,10.5473,NA,NA,2.2787,192.2426,0,NA,3.6488,5.4911,0,0,0.8344,0,1.4107,NA,0,0,0,NA,NA,NA,0,0,NA,NA,0,0,0,0,0,0,NA,0,"E: Uncertainty",NA,NA,NA,NA,NA,NA,NA,"E: Uncertainty","E: Uncertainty",NA,NA,NA,"E: Uncertainty",NA,NA,NA,NA,NA,NA,NA,"E: Uncertainty",NA,NA,NA,"E: Uncertainty","E: Uncertainty","E: Uncertainty",NA,NA,"E: Uncertainty","E: Uncertainty",NA,NA,NA,NA,NA,NA,"E: Uncertainty",NA
"2021-08-11 15:00:00","PM2.5",NA,0,0,171.0565,0,24.7165,37.5589,1.6706,NA,NA,NA,42.3799,0,NA,1.3196,4.96,0,0,NA,0,1.2654,NA,0,0,0,16.9175,NA,NA,0,NA,NA,NA,0,0,NA,0,0,0,0,0,"E: Uncertainty",NA,NA,NA,NA,NA,NA,NA,"E: Uncertainty","E: Uncertainty","E: Uncertainty",NA,NA,"E: Uncertainty",NA,NA,NA,NA,"E: Uncertainty",NA,NA,"E: Uncertainty",NA,NA,NA,NA,"E: Uncertainty","E: Uncertainty",NA,"E: Uncertainty","E: Uncertainty","E: Uncertainty",NA,NA,"E: Uncertainty",NA,NA,NA,NA,NA
"2021-08-11 16:00:00","PM10",0,252.1046,0,281.3301,NA,90.2004,308.5938,11.174,NA,0.8224,2.1549,188.7519,0,0,3.3941,6.2189,0,0,0,0,2.2099,NA,0,0,0,NA,NA,NA,0,NA,NA,0,0,0,0,0,0,0,0.9001,0,NA,NA,NA,NA,"E: Uncertainty",NA,NA,NA,"E: Uncertainty",NA,NA,NA,NA,NA,NA,NA,NA,NA,NA,NA,NA,"E: Uncertainty",NA,NA,NA,"E: Uncertainty","E: Uncertainty","E: Uncertainty",NA,"E: Uncertainty","E: Uncertainty",NA,NA,NA,NA,NA,NA,NA,NA,NA
"2021-08-11 17:00:00","PM2.5",NA,1.1048,0,190.879,0,27.3258,40.6738,1.3021,NA,0,0,44.4888,0,0,1.3555,2.3504,0,0,NA,0,1.4269,NA,0,0,0,0,NA,NA,0,0,NA,NA,0,0,0,0,0,0,0,0,"E: Uncertainty",NA,NA,NA,NA,NA,NA,NA,"E: Uncertainty",NA,NA,NA,NA,NA,NA,NA,NA,NA,"E: Uncertainty",NA,NA,"E: Uncertainty",NA,NA,NA,NA,"E: Uncertainty","E: Uncertainty",NA,NA,"E: Uncertainty","E: Uncertainty",NA,NA,NA,NA,NA,NA,NA,NA
"2021-08-11 18:00:00","PM10",0,NA,0,286.3144,12.4841,77.7218,319.9564,5.3104,NA,NA,2.0705,96.3099,0,NA,2.3987,4.4754,0,0,0.4607,NA,2.105,2.2874,0,0,0,NA,0,0,0,NA,NA,NA,0,0,0,0,0,0,1.1771,0,NA,"E: Uncertainty",NA,NA,NA,NA,NA,NA,"E: Uncertainty","E: Uncertainty",NA,NA,NA,"E: Uncertainty",NA,NA,NA,NA,NA,"E: Uncertainty",NA,NA,NA,NA,NA,"E: Uncertainty",NA,NA,NA,"E: Uncertainty","E: Uncertainty","E: Uncertainty",NA,NA,NA,NA,NA,NA,NA,NA
"2021-08-11 19:00:00","PM2.5",783.2404,0,NA,205.9936,0,30.4054,29.166,NA,NA,0,0,29.1696,NA,0,1.0552,2.6488,0,0,NA,0,1.1867,0,0,0,0,NA,NA,0,0,0,0,NA,NA,0,NA,0,0,0,0,0,NA,NA,"E: Uncertainty",NA,NA,NA,NA,"E: Uncertainty","E: Uncertainty",NA,NA,NA,"E: Uncertainty",NA,NA,NA,NA,NA,"E: Uncertainty",NA,NA,NA,NA,NA,NA,"E: Uncertainty","E: Uncertainty",NA,NA,NA,NA,"E: Uncertainty","E: Uncertainty",NA,"E: Uncertainty",NA,NA,NA,NA,NA
"2021-08-11 20:00:00","PM10",NA,0,0,258.107,10.6422,52.0201,118.0211,1.9032,NA,NA,NA,77.5532,0,NA,2.1899,3.7833,0,0,NA,0,1.6302,NA,0,0,0,NA,0.0592,0,0,NA,0,NA,0,0,0,0,0,0,0,0,"E: Uncertainty",NA,NA,NA,NA,NA,NA,NA,"E: Uncertainty","E: Uncertainty","E: Uncertainty",NA,NA,"E: Uncertainty",NA,NA,NA,NA,"E: Uncertainty",NA,NA,"E: Uncertainty",NA,NA,NA,"E: Uncertainty",NA,NA,NA,"E: Uncertainty",NA,"E: Uncertainty",NA,NA,NA,NA,NA,NA,NA,NA
"2021-08-11 21:00:00","PM2.5",NA,0,0,210.3523,0,32.8828,15.5789,NA,NA,0,0,21.4564,0,0.862,0.6407,2.6854,0,0,0.8083,0,1.4627,NA,0,0,0,NA,0,0,0,0,NA,0,0,0,0,0,0,0,0,0,"E: Uncertainty",NA,NA,NA,NA,NA,NA,"E: Uncertainty","E: Uncertainty",NA,NA,NA,NA,NA,NA,NA,NA,NA,NA,NA,NA,"E: Uncertainty",NA,NA,NA,"E: Uncertainty",NA,NA,NA,NA,"E: Uncertainty",NA,NA,NA,NA,NA,NA,NA,NA,NA
"2021-08-11 22:00:00","PM10",NA,0,0,336.7977,54.1423,52.9587,87.9219,1.2267,1.0267,0,NA,67.6125,NA,NA,2.5137,5.6626,0,0,0.8382,0,3.6152,NA,0,0,NA,NA,NA,0,0,0,0,0,NA,0,0,0,0,0,2.7841,0,"E: Uncertainty",NA,NA,NA,NA,NA,NA,NA,NA,NA,"E: Uncertainty",NA,"E: Uncertainty","E: Uncertainty",NA,NA,NA,NA,NA,NA,NA,"E: Uncertainty",NA,NA,"E: Uncertainty","E: Uncertainty","E: Uncertainty",NA,NA,NA,NA,NA,"E: Uncertainty",NA,NA,NA,NA,NA,NA,NA
"2021-08-11 23:00:00","PM2.5",0,0,0,227.4168,119.7872,15.0076,9.5788,0,NA,0,0,7.5524,0,0,NA,1.1831,0,0,NA,0,NA,NA,0,0,0,13.703,0,0,0,NA,NA,NA,0,0,0,0,0,0,0,0,NA,NA,NA,NA,NA,NA,NA,NA,"E: Uncertainty",NA,NA,NA,NA,NA,"E: Uncertainty",NA,NA,NA,"E: Uncertainty",NA,"E: Uncertainty","E: Uncertainty",NA,NA,NA,NA,NA,NA,NA,"E: Uncertainty","E: Uncertainty","E: Uncertainty",NA,NA,NA,NA,NA,NA,NA,NA
"2021-08-12 00:30:00","PM10",NA,0,0,429.6281,1968.3279,88.0075,60.8619,0,0,0,0,7.0403,0.0029,0,NA,1.7286,0,0,0,0,1.6087,NA,0,0,0,28.773,0,0,0,NA,NA,NA,0,NA,NA,0,0,0,0,0,"E: Uncertainty",NA,NA,NA,NA,NA,NA,NA,NA,NA,NA,NA,NA,NA,"E: Uncertainty",NA,NA,NA,NA,NA,NA,"E: Uncertainty",NA,NA,NA,NA,NA,NA,NA,"E: Uncertainty","E: Uncertainty","E: Uncertainty",NA,"E: Uncertainty","E: Uncertainty",NA,NA,NA,NA,NA
"2021-08-12 01:00:00","PM2.5",639.2116,0,0,357.045,503.0273,28.5151,20.6115,0,0,0,0,5.2172,NA,0,0.5821,0.929,0,0,NA,NA,0.9667,NA,0,0,0,10.0175,NA,NA,0,0,NA,NA,NA,0,0.0148,0,0,0,0,0,NA,NA,NA,NA,NA,NA,NA,NA,NA,NA,NA,NA,"E: Uncertainty",NA,NA,NA,NA,NA,"E: Uncertainty","E: Uncertainty",NA,"E: Uncertainty",NA,NA,NA,NA,"E: Uncertainty","E: Uncertainty",NA,NA,"E: Uncertainty","E: Uncertainty","E: Uncertainty",NA,NA,NA,NA,NA,NA,NA
"2021-08-12 02:00:00","PM10",887.3994,0,0,448.9938,2197.6712,94.7777,81.264,NA,NA,NA,0,15.2193,0,NA,NA,1.5978,NA,0,NA,NA,3.6199,NA,0,0,0,0,0,NA,0,0,NA,0,0,0,0,0,0,0,0,0,NA,NA,NA,NA,NA,NA,NA,"E: Uncertainty","E: Uncertainty","E: Uncertainty",NA,NA,NA,"E: Uncertainty","E: Uncertainty",NA,"E: Uncertainty",NA,"E: Uncertainty","E: Uncertainty",NA,"E: Uncertainty",NA,NA,NA,NA,NA,"E: Uncertainty",NA,NA,"E: Uncertainty",NA,NA,NA,NA,NA,NA,NA,NA,NA
"2021-08-12 03:00:00","PM2.5",0,0,0,288.652,644.0505,28.6622,23.6426,0,NA,NA,0,7.0303,0,0,0.5537,NA,0,0,NA,0,0.9188,NA,0,0,0,11.9194,NA,NA,0,NA,0,NA,0,0,0,0,0,0,0,0,NA,NA,NA,NA,NA,NA,NA,NA,"E: Uncertainty","E: Uncertainty",NA,NA,NA,NA,NA,"E: Uncertainty",NA,NA,"E: Uncertainty",NA,NA,"E: Uncertainty",NA,NA,NA,NA,"E: Uncertainty","E: Uncertainty",NA,"E: Uncertainty",NA,"E: Uncertainty",NA,NA,NA,NA,NA,NA,NA,NA
"2021-08-12 04:00:00","PM10",680.3643,0,0,355.0161,2051.3099,80.6698,71.7263,NA,NA,0,0,25.3189,0,NA,NA,1.526,0,0,NA,NA,1.9641,NA,0,0,0,0,NA,NA,0,0,0,0.1185,0,0,0,0,0,0,0,0,NA,NA,NA,NA,NA,NA,NA,"E: Uncertainty","E: Uncertainty",NA,NA,NA,NA,"E: Uncertainty","E: Uncertainty",NA,NA,NA,"E: Uncertainty","E: Uncertainty",NA,"E: Uncertainty",NA,NA,NA,NA,"E: Uncertainty","E: Uncertainty",NA,NA,NA,NA,NA,NA,NA,NA,NA,NA,NA,NA
"2021-08-12 05:00:00","PM2.5",NA,0,0,237.5174,570.0968,32.0388,27.029,0,NA,NA,0,51.3527,0,NA,2.4659,1.9344,0,0,NA,NA,0.7959,0,0,0,0,NA,0,0,0,0,0,NA,NA,0,0,0,0,0,0,0,"E: Uncertainty",NA,NA,NA,NA,NA,NA,NA,"E: Uncertainty","E: Uncertainty",NA,NA,NA,"E: Uncertainty",NA,NA,NA,NA,"E: Uncertainty","E: Uncertainty",NA,NA,NA,NA,NA,"E: Uncertainty",NA,NA,NA,NA,NA,"E: Uncertainty","E: Uncertainty",NA,NA,NA,NA,NA,NA,NA
"2021-08-12 06:00:00","PM10",NA,NA,0,406.6932,2860.8166,111.0537,197.8911,4.7536,0,NA,1.1005,201.0612,0,NA,7.3538,6.1901,0,0,0.9691,0,3.864,1.5248,0,0,0,16.2387,0.0329,NA,0,NA,0,NA,3.1204,0,0,0,NA,0,0,0,"E: Uncertainty","E: Uncertainty",NA,NA,NA,NA,NA,NA,NA,"E: Uncertainty",NA,NA,NA,"E: Uncertainty",NA,NA,NA,NA,NA,NA,NA,NA,NA,NA,NA,NA,NA,"E: Uncertainty",NA,"E: Uncertainty",NA,"E: Uncertainty",NA,NA,NA,NA,"E: Uncertainty",NA,NA,NA
"2021-08-12 07:00:00","PM2.5",784.6082,0,0,227.4043,1050.196,46.6242,42.827,NA,NA,0,0,55.6877,0,NA,2.4231,2.0886,NA,0,NA,0,NA,NA,0,0,0,NA,NA,NA,0,0,0,0,NA,0,0,0,0,0,0,0,NA,NA,NA,NA,NA,NA,NA,"E: Uncertainty","E: Uncertainty",NA,NA,NA,NA,"E: Uncertainty",NA,NA,"E: Uncertainty",NA,"E: Uncertainty",NA,"E: Uncertainty","E: Uncertainty",NA,NA,NA,"E: Uncertainty","E: Uncertainty","E: Uncertainty",NA,NA,NA,NA,"E: Uncertainty",NA,NA,NA,NA,NA,NA,NA
"2021-08-12 08:00:00","PM10",NA,356.4651,0,369.4844,3104.2192,195.822,257.7685,10.1303,NA,NA,3.0943,264.2202,0,0,4.5916,3.7681,0,0,1.7632,NA,3.5291,NA,0,0,0,13.3547,NA,0,0,0,0,NA,NA,0,0,0,0,0,4.6327,0,"E: Uncertainty",NA,NA,NA,NA,NA,NA,NA,"E: Uncertainty","E: Uncertainty",NA,NA,NA,NA,NA,NA,NA,NA,NA,"E: Uncertainty",NA,"E: Uncertainty",NA,NA,NA,NA,"E: Uncertainty",NA,NA,NA,NA,"E: Uncertainty","E: Uncertainty",NA,NA,NA,NA,NA,NA,NA
"2021-08-12 09:00:00","PM2.5",670.4532,0,0,242.9746,837.0375,50.3854,66.1021,1.1782,NA,NA,NA,59.1266,0,0,2.0688,3.7288,0,0,0.9077,NA,0.8253,NA,0,0,0,NA,NA,NA,0,0,NA,NA,0,0,0,0,0,0,1.1866,0,NA,NA,NA,NA,NA,NA,NA,NA,"E: Uncertainty","E: Uncertainty","E: Uncertainty",NA,NA,NA,NA,NA,NA,NA,NA,"E: Uncertainty",NA,"E: Uncertainty",NA,NA,NA,"E: Uncertainty","E: Uncertainty","E: Uncertainty",NA,NA,"E: Uncertainty","E: Uncertainty",NA,NA,NA,NA,NA,NA,NA,NA
"2021-08-12 10:00:00","PM10",NA,NA,0,365.5499,2193.6394,131.9179,281.8179,6.9043,NA,NA,2.4164,191.2155,0,0,3.2633,17.7498,0,0,1.2667,NA,2.4595,2.1965,0,0,0,10.5716,NA,0,0,0,NA,NA,NA,0,0,0,0,0,1.7174,0,"E: Uncertainty","E: Uncertainty",NA,NA,NA,NA,NA,NA,"E: Uncertainty","E: Uncertainty",NA,NA,NA,NA,NA,NA,NA,NA,NA,"E: Uncertainty",NA,NA,NA,NA,NA,NA,"E: Uncertainty",NA,NA,NA,"E: Uncertainty","E: Uncertainty","E: Uncertainty",NA,NA,NA,NA,NA,NA,NA
"2021-08-12 11:00:00","PM2.5",NA,0,0,241.7043,424.9512,41.0775,63.4072,1.1207,NA,0,NA,51.4627,NA,0,2.3386,11.9416,0,0,1.1353,0,NA,NA,0,0,0,NA,NA,NA,0,NA,NA,0,NA,0,0,0,0,0,1.1028,0,"E: Uncertainty",NA,NA,NA,NA,NA,NA,NA,"E: Uncertainty",NA,"E: Uncertainty",NA,"E: Uncertainty",NA,NA,NA,NA,NA,NA,NA,"E: Uncertainty","E: Uncertainty",NA,NA,NA,"E: Uncertainty","E: Uncertainty","E: Uncertainty",NA,"E: Uncertainty","E: Uncertainty",NA,"E: Uncertainty",NA,NA,NA,NA,NA,NA,NA
"2021-08-12 12:00:00","PM10",NA,398.9771,0,278.8871,829.9073,113.0421,408.8379,16.6846,0,NA,3.9135,253.2887,NA,NA,6.414,9.397,0,0,0.5133,0,0.9126,NA,0,NA,0,11.3945,0,NA,0,0,0,0,NA,0,0,0,0,0,0.8349,0,"E: Uncertainty",NA,NA,NA,NA,NA,NA,NA,NA,"E: Uncertainty",NA,NA,"E: Uncertainty","E: Uncertainty",NA,NA,NA,NA,NA,NA,NA,"E: Uncertainty",NA,"E: Uncertainty",NA,NA,NA,"E: Uncertainty",NA,NA,NA,NA,"E: Uncertainty",NA,NA,NA,NA,NA,NA,NA
"2021-08-12 13:00:00","PM2.5",704.0927,NA,0,247.9476,76.0445,32.266,84.3553,2.1847,NA,NA,NA,63.7727,0,NA,2.1266,4.3317,0,0,NA,0,0.6338,NA,0,0,0,NA,NA,NA,0,0,0,NA,0,0,0,0,0,0,NA,0,NA,"E: Uncertainty",NA,NA,NA,NA,NA,NA,"E: Uncertainty","E: Uncertainty","E: Uncertainty",NA,NA,"E: Uncertainty",NA,NA,NA,NA,"E: Uncertainty",NA,NA,"E: Uncertainty",NA,NA,NA,"E: Uncertainty","E: Uncertainty","E: Uncertainty",NA,NA,NA,"E: Uncertainty",NA,NA,NA,NA,NA,NA,"E: Uncertainty",NA
"2021-08-12 14:00:00","PM10",NA,1488.2771,0,343.4746,188.615,180.6667,1011.92,31.4155,NA,NA,8.8857,475.4684,0,NA,6.9882,9.6603,0,0,1.1711,0,1.3236,2.831,0,NA,0,NA,NA,NA,0,NA,NA,NA,0,0,NA,0,0,0,1.1492,0,"E: Uncertainty",NA,NA,NA,NA,NA,NA,NA,"E: Uncertainty","E: Uncertainty",NA,NA,NA,"E: Uncertainty",NA,NA,NA,NA,NA,NA,NA,NA,NA,"E: Uncertainty",NA,"E: Uncertainty","E: Uncertainty","E: Uncertainty",NA,"E: Uncertainty","E: Uncertainty","E: Uncertainty",NA,NA,"E: Uncertainty",NA,NA,NA,NA,NA
"2021-08-12 15:00:00","PM2.5",NA,NA,0,201.3336,0,26.7977,88.641,3.5142,0,NA,NA,70.7962,0,NA,1.4791,1.8405,0,0,NA,0,NA,NA,0,0,0,NA,0,0,0,NA,0.1525,NA,NA,0,0,0,0,0,NA,0,"E: Uncertainty","E: Uncertainty",NA,NA,NA,NA,NA,NA,NA,"E: Uncertainty","E: Uncertainty",NA,NA,"E: Uncertainty",NA,NA,NA,NA,"E: Uncertainty",NA,"E: Uncertainty","E: Uncertainty",NA,NA,NA,"E: Uncertainty",NA,NA,NA,"E: Uncertainty",NA,"E: Uncertainty","E: Uncertainty",NA,NA,NA,NA,NA,"E: Uncertainty",NA
"2021-08-12 16:00:00","PM10",NA,204.0739,0,310.6364,10.7053,68.2334,292.3581,9.7334,0,0,2.3063,194.6265,0,NA,4.4609,4.2511,0,0,0.6377,0,0.7344,NA,0,0,0,NA,NA,0.1214,0,0,NA,NA,NA,0,0,0,0,0,0,0,"E: Uncertainty",NA,NA,NA,NA,NA,NA,NA,NA,NA,NA,NA,NA,"E: Uncertainty",NA,NA,NA,NA,NA,NA,NA,"E: Uncertainty",NA,NA,NA,"E: Uncertainty","E: Uncertainty",NA,NA,NA,"E: Uncertainty","E: Uncertainty","E: Uncertainty",NA,NA,NA,NA,NA,NA,NA
"2021-08-12 17:00:00","PM2.5",NA,0,0,323.1572,0,34.2464,61.1877,2.362,NA,0,NA,61.0891,0,0,2.062,2.5353,0,0,0.8474,0,0.8308,NA,0,0,0,17.6852,0.0455,NA,0,NA,NA,NA,0,0,0,0,0,0,NA,0,"E: Uncertainty",NA,NA,NA,NA,NA,NA,NA,"E: Uncertainty",NA,"E: Uncertainty",NA,NA,NA,NA,NA,NA,NA,NA,NA,NA,"E: Uncertainty",NA,NA,NA,NA,NA,"E: Uncertainty",NA,"E: Uncertainty","E: Uncertainty","E: Uncertainty",NA,NA,NA,NA,NA,NA,"E: Uncertainty",NA
"2021-08-12 18:00:00","PM10",NA,NA,0,239.1419,634.4717,55.7466,125.8907,3.699,0,0,0.8793,144.3087,0,0,8.5914,5.9455,0,0,1.039,0,1.1438,NA,0,0,0,NA,NA,NA,0,NA,NA,0,3.0433,0,0,0,0,0,NA,0,"E: Uncertainty","E: Uncertainty",NA,NA,NA,NA,NA,NA,NA,NA,NA,NA,NA,NA,NA,NA,NA,NA,NA,NA,NA,"E: Uncertainty",NA,NA,NA,"E: Uncertainty","E: Uncertainty","E: Uncertainty",NA,"E: Uncertainty","E: Uncertainty",NA,NA,NA,NA,NA,NA,NA,"E: Uncertainty",NA
"2021-08-12 19:00:00","PM2.5",NA,0,0,224.5599,393.2971,56.6755,28.9356,NA,NA,0,NA,79.3731,0,0,5.3022,10.9833,0,0,0.8945,0,0.7434,NA,0,0,0,12.5368,NA,NA,0,NA,0,NA,NA,0,0,0,0,0,16.2318,0,"E: Uncertainty",NA,NA,NA,NA,NA,NA,"E: Uncertainty","E: Uncertainty",NA,"E: Uncertainty",NA,NA,NA,NA,NA,NA,NA,NA,NA,NA,"E: Uncertainty",NA,NA,NA,NA,"E: Uncertainty","E: Uncertainty",NA,"E: Uncertainty",NA,"E: Uncertainty","E: Uncertainty",NA,NA,NA,NA,NA,NA,NA
"2021-08-12 20:00:00","PM10",0,0,0,355.0129,1593.7869,203.2163,111.4112,4.2288,0,NA,1.0112,255.4074,0,0,25.1047,20.2521,0,0,2.7927,0.0027,2.511,1.7291,0,0,0,9.3253,0,NA,0,NA,NA,0,9.6495,0,0,0,0,0,0,0,NA,NA,NA,NA,NA,NA,NA,NA,NA,"E: Uncertainty",NA,NA,NA,NA,NA,NA,NA,NA,NA,NA,NA,NA,NA,NA,NA,NA,NA,"E: Uncertainty",NA,"E: Uncertainty","E: Uncertainty",NA,NA,NA,NA,NA,NA,NA,NA,NA
"2021-08-12 21:00:00","PM2.5",NA,0,0,254.7503,549.2881,59.1363,36.1232,0,NA,0,0,59.1233,0,0,3.3468,4.8773,0,0,2.2695,0,1.6184,NA,0,0,0,NA,NA,0,0,NA,0,NA,NA,0,0,0,0,0,1.0423,0,"E: Uncertainty",NA,NA,NA,NA,NA,NA,NA,"E: Uncertainty",NA,NA,NA,NA,NA,NA,NA,NA,NA,NA,NA,NA,"E: Uncertainty",NA,NA,NA,"E: Uncertainty","E: Uncertainty",NA,NA,"E: Uncertainty",NA,"E: Uncertainty","E: Uncertainty",NA,NA,NA,NA,NA,NA,NA
"2021-08-12 22:00:00","PM10",NA,NA,0,404.3351,2130.2989,94.7581,133.6079,1.9595,NA,NA,0.8975,159.4633,0,NA,4.1888,5.4879,0,0,0.7824,0,3.07,NA,0,0,0,NA,0,NA,0,0,0,0,NA,0,0,0,0,0,NA,0,"E: Uncertainty","E: Uncertainty",NA,NA,NA,NA,NA,NA,"E: Uncertainty","E: Uncertainty",NA,NA,NA,"E: Uncertainty",NA,NA,NA,NA,NA,NA,NA,"E: Uncertainty",NA,NA,NA,"E: Uncertainty",NA,"E: Uncertainty",NA,NA,NA,NA,"E: Uncertainty",NA,NA,NA,NA,NA,"E: Uncertainty",NA
"2021-08-12 23:00:00","PM2.5",1301.6179,0,NA,505.3543,725.337,65.3267,40.6464,0,NA,NA,0,43.7502,0,0,1.0993,3.1818,0.0016,0,1.3284,NA,2.6938,NA,0,0,0,NA,NA,NA,0,NA,NA,NA,0,0,0.0265,0,0,0,1.4792,0,NA,NA,"E: Uncertainty",NA,NA,NA,NA,NA,"E: Uncertainty","E: Uncertainty",NA,NA,NA,NA,NA,NA,NA,NA,NA,"E: Uncertainty",NA,"E: Uncertainty",NA,NA,NA,"E: Uncertainty","E: Uncertainty","E: Uncertainty",NA,"E: Uncertainty","E: Uncertainty","E: Uncertainty",NA,NA,NA,NA,NA,NA,NA,NA
"2021-08-13 00:30:00","PM10",14.1862,0,0,572.0065,3802.0008,110.5805,145.6744,NA,NA,0.0159,0,59.3221,0,0,2.0382,2.7358,0,0,0.8156,NA,5.8911,NA,0,0,0,NA,0,NA,0,NA,NA,NA,0,0,0,0,0,0,NA,0,NA,NA,NA,NA,NA,NA,NA,"E: Uncertainty","E: Uncertainty",NA,NA,NA,NA,NA,NA,NA,NA,NA,NA,"E: Uncertainty",NA,"E: Uncertainty",NA,NA,NA,"E: Uncertainty",NA,"E: Uncertainty",NA,"E: Uncertainty","E: Uncertainty","E: Uncertainty",NA,NA,NA,NA,NA,NA,"E: Uncertainty",NA
"2021-08-13 01:00:00","PM2.5",NA,0,0,322.1251,1223.4588,43.4058,40.3688,0,NA,0.0038,0,14.7724,0,0,0.5454,2.0939,0,0,NA,0,4.6435,NA,0,0,0,12.5153,0,0,0,NA,NA,0,0,0,0,0,0,0,0,0,"E: Uncertainty",NA,NA,NA,NA,NA,NA,NA,"E: Uncertainty",NA,NA,NA,NA,NA,NA,NA,NA,NA,"E: Uncertainty",NA,NA,"E: Uncertainty",NA,NA,NA,NA,NA,NA,NA,"E: Uncertainty","E: Uncertainty",NA,NA,NA,NA,NA,NA,NA,NA,NA
"2021-08-13 02:00:00","PM10",NA,0,0,427.0425,3482.3744,97.7219,100.6201,0,0,NA,0,25.931,0,0,0.615,1.7799,0,0,0.355,NA,6.783,1.7932,0,0,0,14.9855,0,0,0,0,0,NA,NA,0,0,0,0,0,0,0,"E: Uncertainty",NA,NA,NA,NA,NA,NA,NA,NA,"E: Uncertainty",NA,NA,NA,NA,NA,NA,NA,NA,NA,"E: Uncertainty",NA,NA,NA,NA,NA,NA,NA,NA,NA,NA,NA,"E: Uncertainty","E: Uncertainty",NA,NA,NA,NA,NA,NA,NA
"2021-08-13 03:00:00","PM2.5",NA,0,0,271.1751,1098.3194,36.0839,32.3893,0,0,NA,0,10.0441,0,0,0,1.3926,0,0,NA,0,4.0939,NA,0,0,0,NA,NA,0,0,0,NA,NA,NA,0,NA,0,0,0,0,0,"E: Uncertainty",NA,NA,NA,NA,NA,NA,NA,NA,"E: Uncertainty",NA,NA,NA,NA,NA,NA,NA,NA,"E: Uncertainty",NA,NA,"E: Uncertainty",NA,NA,NA,"E: Uncertainty","E: Uncertainty",NA,NA,NA,"E: Uncertainty","E: Uncertainty","E: Uncertainty",NA,"E: Uncertainty",NA,NA,NA,NA,NA
"2021-08-13 04:00:00","PM10",861.803,0,0,407.6811,3471.3776,91.4045,106.9505,NA,NA,NA,0,46.1359,0,0,1.7115,3.4176,0,0,1.1063,0,5.8614,NA,0,0,0,NA,NA,0,0,0,0,NA,NA,0,NA,0,NA,0,NA,0,NA,NA,NA,NA,NA,NA,NA,"E: Uncertainty","E: Uncertainty","E: Uncertainty",NA,NA,NA,NA,NA,NA,NA,NA,NA,NA,NA,"E: Uncertainty",NA,NA,NA,"E: Uncertainty","E: Uncertainty",NA,NA,NA,NA,"E: Uncertainty","E: Uncertainty",NA,"E: Uncertainty",NA,"E: Uncertainty",NA,"E: Uncertainty",NA
"2021-08-13 05:00:00","PM2.5",NA,0,0,293.2671,1063.9389,43.9633,39.0739,0,0,NA,0,37.3313,0,0,2.2411,3.8065,0,0,0.7683,0,2.9913,NA,0,0,0,16.1029,0,0,0,0,0,NA,0.0053,0,0,0,0,0,0,0,"E: Uncertainty",NA,NA,NA,NA,NA,NA,NA,NA,"E: Uncertainty",NA,NA,NA,NA,NA,NA,NA,NA,NA,NA,NA,"E: Uncertainty",NA,NA,NA,NA,NA,NA,NA,NA,NA,"E: Uncertainty",NA,NA,NA,NA,NA,NA,NA,NA
"2021-08-13 06:00:00","PM10",NA,0,0,367.3047,2014.71,63.613,98.573,1.169,0,0,NA,105.3547,NA,0,3.1718,3.5704,0,0,NA,0,4.2023,NA,0,0,0,12.5732,NA,NA,0,NA,NA,NA,NA,0,0,0,0,0,0,0,"E: Uncertainty",NA,NA,NA,NA,NA,NA,NA,NA,NA,"E: Uncertainty",NA,"E: Uncertainty",NA,NA,NA,NA,NA,"E: Uncertainty",NA,NA,"E: Uncertainty",NA,NA,NA,NA,"E: Uncertainty","E: Uncertainty",NA,"E: Uncertainty","E: Uncertainty","E: Uncertainty","E: Uncertainty",NA,NA,NA,NA,NA,NA,NA
"2021-08-13 07:00:00","PM2.5",NA,0,0,332.8944,1130.9087,45.7791,67.4326,0,0,0,NA,53.0305,NA,NA,1.7943,2.5253,0,0,NA,NA,2.4539,NA,0,0,0,16.6974,0,NA,0,0,NA,NA,NA,0,0,0,0,0,0,0,"E: Uncertainty",NA,NA,NA,NA,NA,NA,NA,NA,NA,"E: Uncertainty",NA,"E: Uncertainty","E: Uncertainty",NA,NA,NA,NA,"E: Uncertainty","E: Uncertainty",NA,"E: Uncertainty",NA,NA,NA,NA,NA,"E: Uncertainty",NA,NA,"E: Uncertainty","E: Uncertainty","E: Uncertainty",NA,NA,NA,NA,NA,NA,NA
"2021-08-13 08:00:00","PM10",NA,NA,0,516.2868,3014.2571,127.1631,243.0231,6.972,0,NA,1.1354,162.085,0,0,2.7433,5.0206,0,0,0.6935,NA,5.1366,NA,0,0,0,9.4724,NA,NA,0,0,0,NA,0,0,0,0,0,0,0,0,"E: Uncertainty","E: Uncertainty",NA,NA,NA,NA,NA,NA,NA,"E: Uncertainty",NA,NA,NA,NA,NA,NA,NA,NA,NA,"E: Uncertainty",NA,"E: Uncertainty",NA,NA,NA,NA,"E: Uncertainty","E: Uncertainty",NA,NA,NA,"E: Uncertainty",NA,NA,NA,NA,NA,NA,NA,NA
"2021-08-13 09:00:00","PM2.5",NA,0,0,334.8117,981.3361,39.6084,73.5421,NA,0,0,0,43.5287,0,0,1.2611,1.941,0,0,NA,0,2.0001,NA,0,0,0,NA,0,NA,0,0,NA,0,NA,0,0,0,0,0,0,0,"E: Uncertainty",NA,NA,NA,NA,NA,NA,"E: Uncertainty",NA,NA,NA,NA,NA,NA,NA,NA,NA,NA,"E: Uncertainty",NA,NA,"E: Uncertainty",NA,NA,NA,"E: Uncertainty",NA,"E: Uncertainty",NA,NA,"E: Uncertainty",NA,"E: Uncertainty",NA,NA,NA,NA,NA,NA,NA
"2021-08-13 10:00:00","PM10",0,550.6742,0,458.4596,2718.6867,142.3281,439.2203,13.4214,0,NA,3.0561,228.4739,0,NA,2.5169,3.7781,0,0,1.1965,0,3.3511,1.8723,0,0,0,19.8238,0,NA,0,0,NA,NA,0,0,0.0306,0,0,0,0,0,NA,NA,NA,NA,NA,NA,NA,NA,NA,"E: Uncertainty",NA,NA,NA,"E: Uncertainty",NA,NA,NA,NA,NA,NA,NA,NA,NA,NA,NA,NA,NA,"E: Uncertainty",NA,NA,"E: Uncertainty","E: Uncertainty",NA,NA,NA,NA,NA,NA,NA,NA
"2021-08-13 11:00:00","PM2.5",0,NA,0,323.1608,1008.6022,51.6627,90.7662,4.0368,0,NA,NA,68.5309,0,0,2.203,2.8394,0,0,NA,NA,1.8232,NA,0,0,0,11.1104,NA,NA,0,NA,NA,NA,NA,0,0,0,0,0,NA,0,NA,"E: Uncertainty",NA,NA,NA,NA,NA,NA,NA,"E: Uncertainty","E: Uncertainty",NA,NA,NA,NA,NA,NA,NA,"E: Uncertainty","E: Uncertainty",NA,"E: Uncertainty",NA,NA,NA,NA,"E: Uncertainty","E: Uncertainty",NA,"E: Uncertainty","E: Uncertainty","E: Uncertainty","E: Uncertainty",NA,NA,NA,NA,NA,"E: Uncertainty",NA
"2021-08-13 12:00:00","PM10",NA,1195.2024,0,376.0225,1827.4365,165.5415,617.7372,24.2737,NA,NA,4.6433,364.9117,0,0,5.5137,5.1248,0,0,0.9015,NA,2.4984,3.038,0,0,0,19.8984,0,0,0,0,NA,NA,0,0,NA,0,0,0,0,0,"E: Uncertainty",NA,NA,NA,NA,NA,NA,NA,"E: Uncertainty","E: Uncertainty",NA,NA,NA,NA,NA,NA,NA,NA,NA,"E: Uncertainty",NA,NA,NA,NA,NA,NA,NA,NA,NA,NA,"E: Uncertainty","E: Uncertainty",NA,NA,"E: Uncertainty",NA,NA,NA,NA,NA
"2021-08-13 13:00:00","PM2.5",700.8737,0,0,283.7226,673.3002,36.2566,64.6256,NA,NA,0,NA,45.1452,0,0,1.7284,1.4422,0,0,0,NA,1.3527,NA,0,0,0,NA,NA,NA,0,NA,0,NA,0,0,NA,0,0,0,NA,0,NA,NA,NA,NA,NA,NA,NA,"E: Uncertainty","E: Uncertainty",NA,"E: Uncertainty",NA,NA,NA,NA,NA,NA,NA,NA,"E: Uncertainty",NA,"E: Uncertainty",NA,NA,NA,"E: Uncertainty","E: Uncertainty","E: Uncertainty",NA,"E: Uncertainty",NA,"E: Uncertainty",NA,NA,"E: Uncertainty",NA,NA,NA,"E: Uncertainty",NA
"2021-08-13 14:00:00","PM10",NA,732.9765,0,286.0132,861.4786,117.3777,479.3667,18.01,NA,NA,4.1596,307.1999,0,NA,5.1752,4.5617,0,0,NA,0,1.8406,2.6959,0,0,0,NA,NA,NA,0,NA,0,NA,0,0,0,0,0,0,0,0,"E: Uncertainty",NA,NA,NA,NA,NA,NA,NA,"E: Uncertainty","E: Uncertainty",NA,NA,NA,"E: Uncertainty",NA,NA,NA,NA,"E: Uncertainty",NA,NA,NA,NA,NA,NA,"E: Uncertainty","E: Uncertainty","E: Uncertainty",NA,"E: Uncertainty",NA,"E: Uncertainty",NA,NA,NA,NA,NA,NA,NA,NA
"2021-08-13 15:00:00","PM2.5",0,0,0,247.1888,490.7502,36.8469,91.9375,2.7734,0,0,NA,60.2016,0,NA,1.3968,1.9336,0,0,NA,0,1.3843,NA,0,0,0,NA,NA,0,0,NA,NA,NA,NA,0,0,0,0,0,0,0,NA,NA,NA,NA,NA,NA,NA,NA,NA,NA,"E: Uncertainty",NA,NA,"E: Uncertainty",NA,NA,NA,NA,"E: Uncertainty",NA,NA,"E: Uncertainty",NA,NA,NA,"E: Uncertainty","E: Uncertainty",NA,NA,"E: Uncertainty","E: Uncertainty","E: Uncertainty","E: Uncertainty",NA,NA,NA,NA,NA,NA,NA
"2021-08-13 16:00:00","PM10",NA,273.3714,0,287.1494,1276.8822,92.4947,319.0911,10.2999,0,0.0044,2.151,178.3561,0,NA,3.8436,3.5523,0,0,NA,NA,2.2432,NA,0,0,0,NA,NA,NA,0,NA,0,NA,0,0,0,0,0,0,0,0,"E: Uncertainty",NA,NA,NA,NA,NA,NA,NA,NA,NA,NA,NA,NA,"E: Uncertainty",NA,NA,NA,NA,"E: Uncertainty","E: Uncertainty",NA,"E: Uncertainty",NA,NA,NA,"E: Uncertainty","E: Uncertainty","E: Uncertainty",NA,"E: Uncertainty",NA,"E: Uncertainty",NA,NA,NA,NA,NA,NA,NA,NA
"2021-08-13 17:00:00","PM2.5",NA,0,0,225.4683,679.0787,35.9784,53.2591,2.0186,NA,NA,0.0032,42.0302,NA,0,2.3072,2.2388,NA,0,NA,0,3.4671,NA,0,0,0,12.5437,NA,0,0,0,NA,NA,0,0,0,0,0,0,0,0,"E: Uncertainty",NA,NA,NA,NA,NA,NA,NA,"E: Uncertainty","E: Uncertainty",NA,NA,"E: Uncertainty",NA,NA,NA,"E: Uncertainty",NA,"E: Uncertainty",NA,NA,"E: Uncertainty",NA,NA,NA,NA,"E: Uncertainty",NA,NA,NA,"E: Uncertainty","E: Uncertainty",NA,NA,NA,NA,NA,NA,NA,NA
"2021-08-13 18:00:00","PM10",NA,NA,0,322.1819,2127.396,92.1224,158.5114,2.6033,0,0,0.7582,119.1529,NA,NA,5.7001,3.6909,0,0,0.5018,0,5.4606,NA,0,0,0,NA,NA,NA,0,NA,NA,NA,NA,0,0,0,0,0,0,0,"E: Uncertainty","E: Uncertainty",NA,NA,NA,NA,NA,NA,NA,NA,NA,NA,"E: Uncertainty","E: Uncertainty",NA,NA,NA,NA,NA,NA,NA,"E: Uncertainty",NA,NA,NA,"E: Uncertainty","E: Uncertainty","E: Uncertainty",NA,"E: Uncertainty","E: Uncertainty","E: Uncertainty","E: Uncertainty",NA,NA,NA,NA,NA,NA,NA
"2021-08-13 19:00:00","PM2.5",NA,0,0,281.8132,964.0714,44.3444,68.6034,1.393,0.0066,0,0.002,40.2055,0,0,2.0387,1.8858,0,0,0.9123,NA,3.5763,NA,0,0,0,NA,NA,NA,0,NA,NA,NA,0,0,0,0,0,0,0,0,"E: Uncertainty",NA,NA,NA,NA,NA,NA,NA,NA,NA,NA,NA,NA,NA,NA,NA,NA,NA,NA,"E: Uncertainty",NA,"E: Uncertainty",NA,NA,NA,"E: Uncertainty","E: Uncertainty","E: Uncertainty",NA,"E: Uncertainty","E: Uncertainty","E: Uncertainty",NA,NA,NA,NA,NA,NA,NA,NA
"2021-08-13 20:00:00","PM10",NA,0,0,367.1534,2315.1588,103.5437,127.7824,1.6405,NA,NA,NA,94.1769,0,0,3.2103,4.5497,0,0,1.3479,NA,4.2357,NA,0,0,NA,14.4943,0,NA,0,NA,NA,NA,NA,0,0,0,0,0,0,0,"E: Uncertainty",NA,NA,NA,NA,NA,NA,NA,"E: Uncertainty","E: Uncertainty","E: Uncertainty",NA,NA,NA,NA,NA,NA,NA,NA,"E: Uncertainty",NA,"E: Uncertainty",NA,NA,"E: Uncertainty",NA,NA,"E: Uncertainty",NA,"E: Uncertainty","E: Uncertainty","E: Uncertainty","E: Uncertainty",NA,NA,NA,NA,NA,NA,NA
"2021-08-13 21:00:00","PM2.5",NA,0,0,328.0403,978.199,43.1134,42.0005,0,NA,0,0,37.0806,0,0,1.9773,3.1574,0,0,1.2347,0,3.9342,NA,0,0,0,14.4006,NA,0,0,0,NA,NA,NA,0,0,0,0,0,0,0,"E: Uncertainty",NA,NA,NA,NA,NA,NA,NA,"E: Uncertainty",NA,NA,NA,NA,NA,NA,NA,NA,NA,NA,NA,NA,"E: Uncertainty",NA,NA,NA,NA,"E: Uncertainty",NA,NA,NA,"E: Uncertainty","E: Uncertainty","E: Uncertainty",NA,NA,NA,NA,NA,NA,NA
"2021-08-13 22:00:00","PM10",NA,0,0,517.1823,2464.3631,99.8473,125.725,1.2872,0,0,NA,88.8087,0,0,3.0011,6.7936,0,0,4.0742,NA,6.1227,NA,0,0,0,NA,0,0,0,NA,NA,NA,NA,0,0,0,0,0,0,0,"E: Uncertainty",NA,NA,NA,NA,NA,NA,NA,NA,NA,"E: Uncertainty",NA,NA,NA,NA,NA,NA,NA,NA,"E: Uncertainty",NA,"E: Uncertainty",NA,NA,NA,"E: Uncertainty",NA,NA,NA,"E: Uncertainty","E: Uncertainty","E: Uncertainty","E: Uncertainty",NA,NA,NA,NA,NA,NA,NA
"2021-08-13 23:00:00","PM2.5",876.8274,0,0,425.0524,943.7956,45.0775,38.3037,0,0,NA,NA,29.2446,0,0,0.7284,3.4895,0,0,0.5396,NA,4.5678,NA,0,0,0,19.4333,0,NA,0,NA,NA,NA,NA,0,0,0,0,0,2.9366,0,NA,NA,NA,NA,NA,NA,NA,NA,NA,"E: Uncertainty","E: Uncertainty",NA,NA,NA,NA,NA,NA,NA,NA,"E: Uncertainty",NA,"E: Uncertainty",NA,NA,NA,NA,NA,"E: Uncertainty",NA,"E: Uncertainty","E: Uncertainty","E: Uncertainty","E: Uncertainty",NA,NA,NA,NA,NA,NA,NA
"2021-08-14 00:30:00","PM10",1383.0454,0,0,592.168,2828.4517,123.4897,103.7853,NA,NA,NA,0,40.4863,0,0,1.5138,3.6042,NA,0,0.9863,NA,5.8567,3.1556,0,0,0,39.6584,0,0,0,0.3046,0,NA,NA,0,0,0,0,0,NA,0,NA,NA,NA,NA,NA,NA,NA,"E: Uncertainty","E: Uncertainty","E: Uncertainty",NA,NA,NA,NA,NA,NA,"E: Uncertainty",NA,NA,"E: Uncertainty",NA,NA,NA,NA,NA,NA,NA,NA,NA,NA,NA,"E: Uncertainty","E: Uncertainty",NA,NA,NA,NA,NA,"E: Uncertainty",NA
"2021-08-14 01:00:00","PM2.5",623.3162,0,0,526.2006,895.3872,51.9205,40.4222,0,NA,0,0,29.2844,0,0.0028,0.9455,3.7789,0,0,0.8509,NA,4.7916,0,0,0,0,9.3329,0.0603,NA,0,0,0,NA,0,0,0,0,0,0,2.2321,0,NA,NA,NA,NA,NA,NA,NA,NA,"E: Uncertainty",NA,NA,NA,NA,NA,NA,NA,NA,NA,NA,"E: Uncertainty",NA,NA,NA,NA,NA,NA,NA,"E: Uncertainty",NA,NA,NA,"E: Uncertainty",NA,NA,NA,NA,NA,NA,NA,NA
"2021-08-14 02:00:00","PM10",796.0133,0,0,685.8827,2526.2589,99.4453,104.5055,NA,0,0,0,58.6226,NA,NA,0.6481,4.5426,0,0,1.4194,NA,5.2297,1.8778,0,0,0,NA,NA,NA,0,0,NA,NA,NA,0,NA,0,0,0,1.577,0,NA,NA,NA,NA,NA,NA,NA,"E: Uncertainty",NA,NA,NA,NA,"E: Uncertainty","E: Uncertainty",NA,NA,NA,NA,NA,"E: Uncertainty",NA,NA,NA,NA,NA,"E: Uncertainty","E: Uncertainty","E: Uncertainty",NA,NA,"E: Uncertainty","E: Uncertainty","E: Uncertainty",NA,"E: Uncertainty",NA,NA,NA,NA,NA
"2021-08-14 03:00:00","PM2.5",NA,0,0,589.8111,806.4403,45.3157,34.8118,NA,0,0,0,18.4007,0,0,NA,3.0145,0,0,1.3316,NA,3.5936,NA,0,0,0,NA,NA,NA,0,0,NA,NA,0,0,0,0,0,0,0,0,"E: Uncertainty",NA,NA,NA,NA,NA,NA,"E: Uncertainty",NA,NA,NA,NA,NA,NA,"E: Uncertainty",NA,NA,NA,NA,"E: Uncertainty",NA,"E: Uncertainty",NA,NA,NA,"E: Uncertainty","E: Uncertainty","E: Uncertainty",NA,NA,"E: Uncertainty","E: Uncertainty",NA,NA,NA,NA,NA,NA,NA,NA
"2021-08-14 04:00:00","PM10",662.3749,0,0,673.3626,2095.5649,82.6891,88.1313,NA,0,0,0.0031,42.0166,NA,0,0.8358,3.3858,0,0,1.4525,NA,5.0525,1.5564,0,0,0,9.403,NA,NA,0,NA,NA,0,0,0,0,0,0,0,NA,0,NA,NA,NA,NA,NA,NA,NA,"E: Uncertainty",NA,NA,NA,NA,"E: Uncertainty",NA,NA,NA,NA,NA,NA,"E: Uncertainty",NA,NA,NA,NA,NA,NA,"E: Uncertainty","E: Uncertainty",NA,"E: Uncertainty","E: Uncertainty",NA,NA,NA,NA,NA,NA,NA,"E: Uncertainty",NA
"2021-08-14 05:00:00","PM2.5",1286.1888,0,0,581.3992,597.9802,44.5908,31.6606,NA,NA,NA,0,29.9484,0,NA,1.9581,3.269,0,0,1.3895,0,4.1793,0,0,0,0,NA,NA,0,0,0,NA,NA,0,0,NA,0,0,0,0,0,NA,NA,NA,NA,NA,NA,NA,"E: Uncertainty","E: Uncertainty","E: Uncertainty",NA,NA,NA,"E: Uncertainty",NA,NA,NA,NA,NA,NA,NA,NA,NA,NA,NA,"E: Uncertainty","E: Uncertainty",NA,NA,NA,"E: Uncertainty","E: Uncertainty",NA,NA,"E: Uncertainty",NA,NA,NA,NA,NA
"2021-08-14 06:00:00","PM10",NA,0,0,620.288,1864.8038,80.2079,94.1322,NA,NA,0,0,111.7108,0,0,4.5779,5.933,0,0,0.7435,0,5.5157,NA,0,0,0,15.5749,0,0,0,0,NA,NA,0,0,0,0,0,0,NA,0,"E: Uncertainty",NA,NA,NA,NA,NA,NA,"E: Uncertainty","E: Uncertainty",NA,NA,NA,NA,NA,NA,NA,NA,NA,NA,NA,NA,"E: Uncertainty",NA,NA,NA,NA,NA,NA,NA,NA,"E: Uncertainty","E: Uncertainty",NA,NA,NA,NA,NA,NA,"E: Uncertainty",NA
"2021-08-14 07:00:00","PM2.5",NA,0,0,420.6142,668.2939,39.6159,29.3374,NA,0,0,0,39.9691,0,NA,2.2352,3.2008,0,0,0.6743,NA,4.6037,0,0,0,NA,10.4279,NA,NA,0,0,NA,NA,NA,0,0,0,0,0,0,0,"E: Uncertainty",NA,NA,NA,NA,NA,NA,"E: Uncertainty",NA,NA,NA,NA,NA,"E: Uncertainty",NA,NA,NA,NA,NA,"E: Uncertainty",NA,NA,NA,NA,"E: Uncertainty",NA,"E: Uncertainty","E: Uncertainty",NA,NA,"E: Uncertainty","E: Uncertainty","E: Uncertainty",NA,NA,NA,NA,NA,NA,NA
"2021-08-14 08:00:00","PM10",0,0,0,506.3445,1620.4921,72.5035,102.5254,2.2562,NA,NA,NA,119.6726,0,NA,5.1526,4.3176,0,0,0.4643,NA,5.1656,NA,0,0,0,9.0197,0,0,0,0,NA,NA,NA,0,NA,0,0,0,0,0,NA,NA,NA,NA,NA,NA,NA,NA,"E: Uncertainty","E: Uncertainty","E: Uncertainty",NA,NA,"E: Uncertainty",NA,NA,NA,NA,NA,"E: Uncertainty",NA,"E: Uncertainty",NA,NA,NA,NA,NA,NA,NA,NA,"E: Uncertainty","E: Uncertainty","E: Uncertainty",NA,"E: Uncertainty",NA,NA,NA,NA,NA
"2021-08-14 09:00:00","PM2.5",NA,0,0,301.0713,292.3997,25.8184,23.3035,NA,NA,NA,0,36.7979,0,0,1.4696,1.705,0,0,0.4081,0,3.3365,NA,0,0,0,NA,NA,NA,0,0,0,NA,0,0,0,0,0,0,0,0,"E: Uncertainty",NA,NA,NA,NA,NA,NA,"E: Uncertainty","E: Uncertainty","E: Uncertainty",NA,NA,NA,NA,NA,NA,NA,NA,NA,NA,NA,"E: Uncertainty",NA,NA,NA,"E: Uncertainty","E: Uncertainty","E: Uncertainty",NA,NA,NA,"E: Uncertainty",NA,NA,NA,NA,NA,NA,NA,NA
"2021-08-14 10:00:00","PM10",667.1943,0,0,183.0965,189.8987,30.6742,48.717,1.6635,NA,NA,0.0036,77.1608,0,0,2.1477,2.1789,NA,0,NA,0,1.6488,NA,0,0,0,NA,0,NA,0,0,NA,0,0,0,0,0,0,0,0,0,NA,NA,NA,NA,NA,NA,NA,NA,"E: Uncertainty","E: Uncertainty",NA,NA,NA,NA,NA,NA,"E: Uncertainty",NA,"E: Uncertainty",NA,NA,"E: Uncertainty",NA,NA,NA,"E: Uncertainty",NA,"E: Uncertainty",NA,NA,"E: Uncertainty",NA,NA,NA,NA,NA,NA,NA,NA,NA
"2021-08-14 11:00:00","PM2.5",NA,0,0,221.2688,0,14.9112,11.2714,NA,0,0,0,41.1275,0,0,1.4886,2.3819,0,0,NA,NA,1.093,NA,0,0,0,NA,NA,0,0,NA,NA,NA,0,0,NA,0,0,0,0,0,"E: Uncertainty",NA,NA,NA,NA,NA,NA,"E: Uncertainty",NA,NA,NA,NA,NA,NA,NA,NA,NA,NA,"E: Uncertainty","E: Uncertainty",NA,"E: Uncertainty",NA,NA,NA,"E: Uncertainty","E: Uncertainty",NA,NA,"E: Uncertainty","E: Uncertainty","E: Uncertainty",NA,NA,"E: Uncertainty",NA,NA,NA,NA,NA
"2021-08-14 12:00:00","PM10",696.5969,0,0,346.8322,165.5163,71.5543,66.9114,1.7472,NA,0,NA,97.0276,0,NA,3.2996,13.342,0,0,5.5686,0,2.7043,NA,0,0,0,NA,NA,NA,0,0,NA,NA,NA,0,0,0,0,0,25.7598,0,NA,NA,NA,NA,NA,NA,NA,NA,"E: Uncertainty",NA,"E: Uncertainty",NA,NA,"E: Uncertainty",NA,NA,NA,NA,NA,NA,NA,"E: Uncertainty",NA,NA,NA,"E: Uncertainty","E: Uncertainty","E: Uncertainty",NA,NA,"E: Uncertainty","E: Uncertainty","E: Uncertainty",NA,NA,NA,NA,NA,NA,NA
"2021-08-14 13:00:00","PM2.5",714.4388,0,0,219.0775,18.8013,29.7561,39.3891,1.449,NA,NA,NA,79.2165,0,NA,6.735,6.4663,0,0,1.1862,0,2.9355,NA,0,0,0,10.2483,NA,NA,0,NA,0,NA,NA,0,0,0,0,0,0,0,NA,NA,NA,NA,NA,NA,NA,NA,"E: Uncertainty","E: Uncertainty","E: Uncertainty",NA,NA,"E: Uncertainty",NA,NA,NA,NA,NA,NA,NA,"E: Uncertainty",NA,NA,NA,NA,"E: Uncertainty","E: Uncertainty",NA,"E: Uncertainty",NA,"E: Uncertainty","E: Uncertainty",NA,NA,NA,NA,NA,NA,NA
"2021-08-14 14:00:00","PM10",NA,0,0,313.8946,73.3545,61.5226,82.4355,5.1878,NA,NA,1.8801,291.6755,0,0,15.7286,26.1422,0,0,2.733,0,2.9655,NA,0,0,0,11.6608,NA,0,0,NA,NA,NA,6.1923,0,0,0,0,0,30.7621,0,"E: Uncertainty",NA,NA,NA,NA,NA,NA,NA,"E: Uncertainty","E: Uncertainty",NA,NA,NA,NA,NA,NA,NA,NA,NA,NA,NA,"E: Uncertainty",NA,NA,NA,NA,"E: Uncertainty",NA,NA,"E: Uncertainty","E: Uncertainty","E: Uncertainty",NA,NA,NA,NA,NA,NA,NA,NA
"2021-08-14 15:00:00","PM2.5",NA,0,0,250.3338,0,33.2439,29.9707,1.3237,NA,NA,0,98.6112,0,0,5.376,9.677,0,0,2.468,NA,1.7618,NA,0,0,0,NA,NA,0,0,0,NA,NA,NA,0,0,0,0,0,9.2245,0,"E: Uncertainty",NA,NA,NA,NA,NA,NA,NA,"E: Uncertainty","E: Uncertainty",NA,NA,NA,NA,NA,NA,NA,NA,NA,"E: Uncertainty",NA,"E: Uncertainty",NA,NA,NA,"E: Uncertainty","E: Uncertainty",NA,NA,NA,"E: Uncertainty","E: Uncertainty","E: Uncertainty",NA,NA,NA,NA,NA,NA,NA
"2021-08-14 16:00:00","PM10",NA,0,0,332.1837,30.6833,65.4661,65.2726,3.598,0,0,0.8759,198.3979,0,0,12.4511,10.0308,0,0,0.9538,0,1.7745,NA,0,0,0,NA,NA,NA,0,NA,NA,NA,4.3187,0,0,0,0,0,NA,0,"E: Uncertainty",NA,NA,NA,NA,NA,NA,NA,NA,NA,NA,NA,NA,NA,NA,NA,NA,NA,NA,NA,NA,"E: Uncertainty",NA,NA,NA,"E: Uncertainty","E: Uncertainty","E: Uncertainty",NA,"E: Uncertainty","E: Uncertainty","E: Uncertainty",NA,NA,NA,NA,NA,NA,"E: Uncertainty",NA
"2021-08-14 17:00:00","PM2.5",695.4254,0,0,252.2684,0,35.0083,11.8376,NA,0,0.0051,NA,50.2228,0,NA,2.8285,5.8986,0,0,0.4844,0,0.8899,NA,0,0,0,11.238,NA,0,0,0,NA,NA,NA,0,0,0,NA,0,1.0492,0,NA,NA,NA,NA,NA,NA,NA,"E: Uncertainty",NA,NA,"E: Uncertainty",NA,NA,"E: Uncertainty",NA,NA,NA,NA,NA,NA,NA,"E: Uncertainty",NA,NA,NA,NA,"E: Uncertainty",NA,NA,NA,"E: Uncertainty","E: Uncertainty","E: Uncertainty",NA,NA,NA,"E: Uncertainty",NA,NA,NA
"2021-08-14 18:00:00","PM10",662.1251,NA,0,362.348,0,61.8683,82.5732,3.5241,NA,NA,NA,210.5456,0,NA,7.1641,12.4484,0,0,0,0,1.2982,NA,0,0,0,NA,0,0,0,NA,NA,NA,2.9643,0,0,0,0,0,4.1881,0,NA,"E: Uncertainty",NA,NA,NA,NA,NA,NA,"E: Uncertainty","E: Uncertainty","E: Uncertainty",NA,NA,"E: Uncertainty",NA,NA,NA,NA,NA,NA,NA,"E: Uncertainty",NA,NA,NA,"E: Uncertainty",NA,NA,NA,"E: Uncertainty","E: Uncertainty","E: Uncertainty",NA,NA,NA,NA,NA,NA,NA,NA
"2021-08-14 19:00:00","PM2.5",945.5528,0,0,295.5188,0,27.9194,27.4889,NA,0,NA,NA,177.9691,0,0,9.7879,12.7036,0,0,0.3853,NA,2.1495,NA,0,0,0,NA,NA,NA,0,0,NA,NA,4.1974,0,0,0,0,0,2.9378,0,NA,NA,NA,NA,NA,NA,NA,"E: Uncertainty",NA,"E: Uncertainty","E: Uncertainty",NA,NA,NA,NA,NA,NA,NA,NA,"E: Uncertainty",NA,"E: Uncertainty",NA,NA,NA,"E: Uncertainty","E: Uncertainty","E: Uncertainty",NA,NA,"E: Uncertainty","E: Uncertainty",NA,NA,NA,NA,NA,NA,NA,NA
"2021-08-14 20:00:00","PM10",NA,198.2263,0,381.605,0,70.3884,758.92,9.1819,0,NA,4.5408,770.911,0,1.5015,46.849,30.1877,0,0,4.602,0,2.6674,3.8826,0,0,NA,13.4912,NA,NA,0,0,NA,NA,14.7247,0,0,0,0,0,2.8229,0,"E: Uncertainty",NA,NA,NA,NA,NA,NA,NA,NA,"E: Uncertainty",NA,NA,NA,NA,NA,NA,NA,NA,NA,NA,NA,NA,NA,NA,"E: Uncertainty",NA,"E: Uncertainty","E: Uncertainty",NA,NA,"E: Uncertainty","E: Uncertainty",NA,NA,NA,NA,NA,NA,NA,NA
"2021-08-14 21:00:00","PM2.5",1063.4235,0,0,219.1724,0,64.5302,39.7179,1.7953,0,0,NA,209.3032,0,NA,21.3366,16.7248,0,0,3.1693,0,2.0151,NA,0,0,0,NA,NA,NA,0,NA,NA,NA,3.6427,0,0,0,0,0,NA,0,NA,NA,NA,NA,NA,NA,NA,NA,NA,NA,"E: Uncertainty",NA,NA,"E: Uncertainty",NA,NA,NA,NA,NA,NA,NA,"E: Uncertainty",NA,NA,NA,"E: Uncertainty","E: Uncertainty","E: Uncertainty",NA,"E: Uncertainty","E: Uncertainty","E: Uncertainty",NA,NA,NA,NA,NA,NA,"E: Uncertainty",NA
"2021-08-14 22:00:00","PM10",NA,NA,0,344.3376,100.8453,378.8848,120.5819,6.5279,0,0,NA,136.0888,0,NA,15.1491,15.4019,0,0,2.4699,0,3.0729,6.3475,0,0,0,17.8451,NA,NA,0,0,NA,NA,17.7007,0,0,0,NA,0,NA,NA,"E: Uncertainty","E: Uncertainty",NA,NA,NA,NA,NA,NA,NA,NA,"E: Uncertainty",NA,NA,"E: Uncertainty",NA,NA,NA,NA,NA,NA,NA,NA,NA,NA,NA,NA,"E: Uncertainty","E: Uncertainty",NA,NA,"E: Uncertainty","E: Uncertainty",NA,NA,NA,NA,"E: Uncertainty",NA,"E: Uncertainty","E: Uncertainty"
"2021-08-14 23:00:00","PM2.5",0,0,0,209.6612,0,37.6696,17.2438,0,NA,0,0,29.9465,0,NA,1.0701,4.5689,0,0,1.7297,0,1.6171,0,0,0,0,NA,0,NA,NA,NA,NA,NA,NA,0,0,0,0,0,1.2382,0,NA,NA,NA,NA,NA,NA,NA,NA,"E: Uncertainty",NA,NA,NA,NA,"E: Uncertainty",NA,NA,NA,NA,NA,NA,NA,NA,NA,NA,NA,"E: Uncertainty",NA,"E: Uncertainty","E: Uncertainty","E: Uncertainty","E: Uncertainty","E: Uncertainty","E: Uncertainty",NA,NA,NA,NA,NA,NA,NA
"2021-08-15 00:30:00","PM10",NA,0,0,281.2742,37.7796,67.5899,90.9007,0,NA,NA,0,101.7458,0,0,4.0755,5.6171,0,0,1.7852,0,2.4323,NA,0,0,0,21.9332,0,NA,0,0,0,NA,NA,0,0,0,0,0,0,0,"E: Uncertainty",NA,NA,NA,NA,NA,NA,NA,"E: Uncertainty","E: Uncertainty",NA,NA,NA,NA,NA,NA,NA,NA,NA,NA,NA,"E: Uncertainty",NA,NA,NA,NA,NA,"E: Uncertainty",NA,NA,NA,"E: Uncertainty","E: Uncertainty",NA,NA,NA,NA,NA,NA,NA
"2021-08-15 01:00:00","PM2.5",NA,0,0,217.405,0,34.4935,17.7734,NA,1.096,0,0,27.3886,0,NA,2.032,6.2048,0,0,1.4011,0,1.8871,NA,0,0,0,NA,0,NA,0,NA,NA,NA,NA,0,0,0,0,0,0,0,"E: Uncertainty",NA,NA,NA,NA,NA,NA,"E: Uncertainty",NA,NA,NA,NA,NA,"E: Uncertainty",NA,NA,NA,NA,NA,NA,NA,"E: Uncertainty",NA,NA,NA,"E: Uncertainty",NA,"E: Uncertainty",NA,"E: Uncertainty","E: Uncertainty","E: Uncertainty","E: Uncertainty",NA,NA,NA,NA,NA,NA,NA
"2021-08-15 02:00:00","PM10",NA,0,0,403.3073,50.4227,58.8168,48.302,1.249,1.3027,0,NA,73.8717,0,0.5266,1.8989,14.3665,0,0,1.9669,0,2.6788,NA,0,0,0,NA,NA,0,0,0,NA,NA,0,0,0,0,0,0,NA,0,"E: Uncertainty",NA,NA,NA,NA,NA,NA,NA,NA,NA,"E: Uncertainty",NA,NA,NA,NA,NA,NA,NA,NA,NA,NA,"E: Uncertainty",NA,NA,NA,"E: Conc. Uncertainty","E: Uncertainty",NA,NA,NA,"E: Uncertainty","E: Uncertainty",NA,NA,NA,NA,NA,NA,"E: Uncertainty",NA
"2021-08-15 03:00:00","PM2.5",NA,0,0,333.2322,0,32.1857,14.4063,0,1.255,NA,NA,36.9364,0,0.6217,2.3529,17.538,0,0,1.8124,0,2.2941,NA,0,0,0,10.2625,NA,0,0,0,NA,0,NA,0,0,0,0,0,NA,0,"E: Uncertainty",NA,NA,NA,NA,NA,NA,NA,NA,"E: Uncertainty","E: Uncertainty",NA,NA,NA,NA,NA,NA,NA,NA,NA,NA,"E: Uncertainty",NA,NA,NA,NA,"E: Uncertainty",NA,NA,NA,"E: Uncertainty",NA,"E: Uncertainty",NA,NA,NA,NA,NA,"E: Uncertainty",NA
"2021-08-15 04:00:00","PM10",773.3765,0,0,493.5786,70.6992,52.1847,69.5991,1.1017,1.4619,NA,NA,80.4554,0,NA,2.0225,26.7623,0,0,0.6719,NA,2.7495,NA,0,0,0,NA,NA,0,0,NA,0,0,0,0,0,0,0,0,2.9142,0,NA,NA,NA,NA,NA,NA,NA,NA,NA,"E: Uncertainty","E: Uncertainty",NA,NA,"E: Uncertainty",NA,NA,NA,NA,NA,"E: Uncertainty",NA,"E: Uncertainty",NA,NA,NA,"E: Uncertainty","E: Uncertainty",NA,NA,"E: Uncertainty",NA,NA,NA,NA,NA,NA,NA,NA,NA,NA
"2021-08-15 05:00:00","PM2.5",738.5171,0,0,342.4563,0,31.1072,18.5664,0,1.461,0,0.0029,22.3611,0,0.4886,1.0944,11.2762,0,0,0.8586,0,2.184,NA,0,0,0,NA,0,NA,0,0,NA,NA,0,0,0,0,0,0,1.9544,0,NA,NA,NA,NA,NA,NA,NA,NA,NA,NA,NA,NA,NA,NA,NA,NA,NA,NA,NA,NA,NA,"E: Uncertainty",NA,NA,NA,"E: Uncertainty",NA,"E: Uncertainty",NA,NA,"E: Uncertainty","E: Uncertainty",NA,NA,NA,NA,NA,NA,NA,NA
"2021-08-15 06:00:00","PM10",NA,0,0,372.8007,0,44.8097,31.9903,NA,1.4947,0,0,41.7037,NA,0.5744,1.3682,7.1484,0,0,1.2692,0,2.1909,0,0,0,0,12.7074,NA,NA,0,0.1374,NA,0,NA,0,0,0,0,0,0,0,"E: Uncertainty",NA,NA,NA,NA,NA,NA,"E: Uncertainty",NA,NA,NA,NA,"E: Uncertainty",NA,NA,NA,NA,NA,NA,NA,NA,NA,NA,NA,NA,NA,"E: Uncertainty","E: Uncertainty",NA,NA,"E: Uncertainty",NA,"E: Uncertainty",NA,NA,NA,NA,NA,NA,NA
"2021-08-15 07:00:00","PM2.5",NA,0,NA,243.3172,0,24.4296,14.1231,NA,NA,NA,0,16.5125,NA,0.5589,NA,7.5866,0,0,2.5379,0,1.0698,0,0,0,0,10.7742,NA,NA,0,NA,NA,NA,0.023,0,0,0,0,0,NA,0,"E: Uncertainty",NA,"E: Uncertainty",NA,NA,NA,NA,"E: Uncertainty","E: Uncertainty","E: Uncertainty",NA,NA,"E: Uncertainty",NA,"E: Uncertainty",NA,NA,NA,NA,NA,NA,NA,NA,NA,NA,NA,"E: Uncertainty","E: Uncertainty",NA,"E: Uncertainty","E: Uncertainty","E: Uncertainty",NA,NA,NA,NA,NA,NA,"E: Uncertainty",NA
"2021-08-15 08:00:00","PM10",NA,0,0,152.4915,297.7502,42.8004,120.4103,1.8836,0.8911,0,NA,61.3572,NA,NA,2.1296,4.2872,0,0,1.0598,0,1.1707,NA,0,0,0,15.1754,0,NA,0,NA,NA,0,NA,0,0,0,0,0,0,0,"E: Uncertainty",NA,NA,NA,NA,NA,NA,NA,NA,NA,"E: Uncertainty",NA,"E: Uncertainty","E: Uncertainty",NA,NA,NA,NA,NA,NA,NA,"E: Uncertainty",NA,NA,NA,NA,NA,"E: Uncertainty",NA,"E: Uncertainty","E: Uncertainty",NA,"E: Uncertainty",NA,NA,NA,NA,NA,NA,NA
"2021-08-15 09:00:00","PM2.5",0,0,0,132.8613,472.7247,17.4843,18.0767,NA,NA,0,0,19.0374,0,NA,0.8463,0.6673,0,0,0,0,NA,NA,0,0,0,13.914,NA,NA,0,NA,0,NA,0,0,0,0,0,0,0,0,NA,NA,NA,NA,NA,NA,NA,"E: Uncertainty","E: Uncertainty",NA,NA,NA,NA,"E: Uncertainty",NA,NA,NA,NA,NA,NA,"E: Uncertainty","E: Uncertainty",NA,NA,NA,NA,"E: Uncertainty","E: Uncertainty",NA,"E: Uncertainty",NA,"E: Uncertainty",NA,NA,NA,NA,NA,NA,NA,NA
"2021-08-15 10:00:00","PM10",NA,0,0,279.795,2135.1359,297.5691,117.095,2.212,0,NA,NA,56.4294,0,0,2.868,6.2522,0,0,0.7673,0,2.6058,2.3129,0,0,0,NA,NA,NA,0,NA,NA,NA,NA,0,0,0,0,0,2.4564,0,"E: Uncertainty",NA,NA,NA,NA,NA,NA,NA,NA,"E: Uncertainty","E: Uncertainty",NA,NA,NA,NA,NA,NA,NA,NA,NA,NA,NA,NA,NA,NA,"E: Uncertainty","E: Uncertainty","E: Uncertainty",NA,"E: Uncertainty","E: Uncertainty","E: Uncertainty","E: Uncertainty",NA,NA,NA,NA,NA,NA,NA
"2021-08-15 11:00:00","PM2.5",NA,0,0,315.8298,810.1003,144.4292,62.5885,1.879,NA,0,NA,38.3187,0,0,2.5634,6.9599,0,0,0.7362,0,1.94,NA,0,0,0,13.7477,0,NA,0,NA,NA,NA,0.006,0,0,0,0,0,0,0,"E: Uncertainty",NA,NA,NA,NA,NA,NA,NA,"E: Uncertainty",NA,"E: Uncertainty",NA,NA,NA,NA,NA,NA,NA,NA,NA,NA,"E: Uncertainty",NA,NA,NA,NA,NA,"E: Uncertainty",NA,"E: Uncertainty","E: Uncertainty","E: Uncertainty",NA,NA,NA,NA,NA,NA,NA,NA
"2021-08-15 12:00:00","PM10",0,NA,0,575.8128,1763.9248,106.1083,318.7644,10.3111,NA,0,1.1056,173.6872,0,0,4.4277,6.0995,0,0,0.6634,0,3.0728,NA,0,0,NA,19.8697,0,0,0,0.1266,NA,NA,NA,0,0,0,0,0,3.3425,0,NA,"E: Uncertainty",NA,NA,NA,NA,NA,NA,"E: Uncertainty",NA,NA,NA,NA,NA,NA,NA,NA,NA,NA,NA,NA,"E: Uncertainty",NA,NA,"E: Uncertainty",NA,NA,NA,NA,NA,"E: Uncertainty","E: Uncertainty","E: Uncertainty",NA,NA,NA,NA,NA,NA,NA
"2021-08-15 13:00:00","PM2.5",NA,0,0,434.6023,644.1321,45.351,60.104,1.0394,0,NA,0,43.0067,0,NA,1.3755,2.4301,0,0,0.5657,0,1.0696,NA,0,0,0,9.1948,0,0,0,NA,NA,0,NA,0,0,0,0,0,NA,0,"E: Uncertainty",NA,NA,NA,NA,NA,NA,NA,NA,"E: Uncertainty",NA,NA,NA,"E: Uncertainty",NA,NA,NA,NA,NA,NA,NA,"E: Uncertainty",NA,NA,NA,NA,NA,NA,NA,"E: Uncertainty","E: Uncertainty",NA,"E: Uncertainty",NA,NA,NA,NA,NA,"E: Uncertainty",NA
"2021-08-15 14:00:00","PM10",NA,0,0,322.8647,612.9174,50.081,66.8663,2.0341,0.002,NA,NA,79.9962,0,0,3.4746,2.3706,0,0,NA,0,1.5244,NA,0,0,0,10.5525,0,0,0,0,NA,NA,NA,0,0.0174,0,0,0,0,0,"E: Uncertainty",NA,NA,NA,NA,NA,NA,NA,NA,"E: Uncertainty","E: Uncertainty",NA,NA,NA,NA,NA,NA,NA,"E: Uncertainty",NA,NA,"E: Uncertainty",NA,NA,NA,NA,NA,NA,NA,NA,"E: Uncertainty","E: Uncertainty","E: Uncertainty",NA,NA,NA,NA,NA,NA,NA
"2021-08-15 15:00:00","PM2.5",0,0,0,260.7815,42.8077,17.4799,13.1351,NA,0,0,0,30.2401,0,0,1.9005,2.2851,0,0,0.367,0,NA,NA,0,0,0,NA,NA,0,0,0,NA,NA,0,0,0,0,0.0015,0,0,0,NA,NA,NA,NA,NA,NA,NA,"E: Uncertainty",NA,NA,NA,NA,NA,NA,NA,NA,NA,NA,NA,NA,"E: Uncertainty","E: Uncertainty",NA,NA,NA,"E: Uncertainty","E: Uncertainty",NA,NA,NA,"E: Uncertainty","E: Uncertainty",NA,NA,NA,NA,NA,NA,NA,NA
"2021-08-15 16:00:00","PM10",NA,0,0,279.6891,85.7748,37.487,62.3487,3.8168,0,NA,NA,107.7176,0,NA,4.2617,4.7235,0,0,NA,NA,0.7126,NA,0,0,0,NA,NA,0,0,0,0,0,NA,0,0,0,0,0,NA,0,"E: Uncertainty",NA,NA,NA,NA,NA,NA,NA,NA,"E: Uncertainty","E: Uncertainty",NA,NA,"E: Uncertainty",NA,NA,NA,NA,"E: Uncertainty","E: Uncertainty",NA,"E: Uncertainty",NA,NA,NA,"E: Uncertainty","E: Uncertainty",NA,NA,NA,NA,NA,"E: Uncertainty",NA,NA,NA,NA,NA,"E: Uncertainty",NA
"2021-08-15 17:00:00","PM2.5",NA,0,0,180.853,0,29.4072,5.1507,0,0,0,0,34.7075,0,NA,2.327,5.4847,0,0,0.7836,0,NA,NA,0,0,0,9.3123,NA,NA,0,NA,0,0,0,0,0,0,0,0,9.7666,0,"E: Uncertainty",NA,NA,NA,NA,NA,NA,NA,NA,NA,NA,NA,NA,"E: Uncertainty",NA,NA,NA,NA,NA,NA,"E: Uncertainty","E: Uncertainty",NA,NA,NA,NA,"E: Uncertainty","E: Uncertainty",NA,"E: Uncertainty",NA,NA,NA,NA,NA,NA,NA,NA,NA,NA
"2021-08-15 18:00:00","PM10",0,0,NA,277.5682,NA,48.8836,20.8937,1.0651,0,0,NA,108.6162,0,0,9.5081,9.1216,0,0,0.8792,0,1.9236,0,0,0,0,10.7371,NA,NA,0,0,0,NA,4.6709,0,0,0,0,0,4.5249,0,NA,NA,"E: Uncertainty",NA,"E: Uncertainty",NA,NA,NA,NA,NA,"E: Uncertainty",NA,NA,NA,NA,NA,NA,NA,NA,NA,NA,NA,NA,NA,NA,NA,"E: Uncertainty","E: Uncertainty",NA,NA,NA,"E: Uncertainty",NA,NA,NA,NA,NA,NA,NA,NA
"2021-08-15 19:00:00","PM2.5",625.0379,0,0,249.3832,0,18.5371,7.5987,0,NA,NA,0,37.1198,0,0,2.5931,2.8598,0,0,0.7767,0,NA,0,0,0,0,15.5163,NA,NA,0,0,0,0,NA,0,0,0,0,0,NA,0,NA,NA,NA,NA,NA,NA,NA,NA,"E: Uncertainty","E: Uncertainty",NA,NA,NA,NA,NA,NA,NA,NA,NA,NA,"E: Uncertainty",NA,NA,NA,NA,NA,"E: Uncertainty","E: Uncertainty",NA,NA,NA,NA,"E: Uncertainty",NA,NA,NA,NA,NA,"E: Uncertainty",NA
"2021-08-15 20:00:00","PM10",NA,0,NA,334.3431,179.0035,57.4873,23.8486,0.9866,0,0,NA,57.8362,0,NA,3.5553,3.6185,0,0,1.0107,0,1.5598,NA,0,0,0,23.1437,0,NA,0,NA,NA,0,0,0,0,0,0,0,0,0,"E: Uncertainty",NA,"E: Uncertainty",NA,NA,NA,NA,NA,NA,NA,"E: Uncertainty",NA,NA,"E: Uncertainty",NA,NA,NA,NA,NA,NA,NA,"E: Uncertainty",NA,NA,NA,NA,NA,"E: Uncertainty",NA,"E: Uncertainty","E: Uncertainty",NA,NA,NA,NA,NA,NA,NA,NA,NA
"2021-08-15 21:00:00","PM2.5",NA,0,0,408.894,20.5192,19.3431,9.6376,NA,NA,NA,0,26.7894,0,0,1.6741,2.8198,0,0,0.7393,NA,1.1401,NA,0,0,0,NA,NA,0,0,NA,NA,NA,NA,0,0,0,0,0,2.4414,0,"E: Uncertainty",NA,NA,NA,NA,NA,NA,"E: Uncertainty","E: Uncertainty","E: Uncertainty",NA,NA,NA,NA,NA,NA,NA,NA,NA,"E: Uncertainty",NA,"E: Uncertainty",NA,NA,NA,"E: Uncertainty","E: Uncertainty",NA,NA,"E: Uncertainty","E: Uncertainty","E: Uncertainty","E: Uncertainty",NA,NA,NA,NA,NA,NA,NA
"2021-08-15 22:00:00","PM10",691.9214,0,NA,419.3275,696.2997,64.9055,46.4828,0,NA,0,0,27.545,NA,0,1.255,1.6175,NA,0,0.8003,NA,0.8004,NA,0,0,0,11.9071,NA,NA,0,NA,NA,NA,NA,0,0,0,0,0,0,0,NA,NA,"E: Uncertainty",NA,NA,NA,NA,NA,"E: Uncertainty",NA,NA,NA,"E: Uncertainty",NA,NA,NA,"E: Uncertainty",NA,NA,"E: Uncertainty",NA,"E: Uncertainty",NA,NA,NA,NA,"E: Uncertainty","E: Uncertainty",NA,"E: Uncertainty","E: Uncertainty","E: Uncertainty","E: Uncertainty",NA,NA,NA,NA,NA,NA,NA
"2021-08-15 23:00:00","PM2.5",NA,0,0,371.9098,129.5227,19.3864,16.0679,0,0,0,0,10.6535,0,0,0.7851,NA,0,0,NA,0,NA,NA,0,0,NA,NA,0,0,0,0,NA,NA,0,0,0,NA,0,0,0,0,"E: Uncertainty",NA,NA,NA,NA,NA,NA,NA,NA,NA,NA,NA,NA,NA,NA,"E: Uncertainty",NA,NA,"E: Uncertainty",NA,"E: Uncertainty","E: Uncertainty",NA,NA,"E: Uncertainty","E: Uncertainty",NA,NA,NA,NA,"E: Uncertainty","E: Uncertainty",NA,NA,NA,"E: Uncertainty",NA,NA,NA,NA
"2021-08-16 00:30:00","PM10",NA,0,0,652.5073,560.2213,61.5019,31.342,NA,0,0,0,16.5571,0,0,NA,1.6297,0,0,NA,0,1.3436,NA,0,0,0,40.8175,0,0,0,NA,NA,0,0,0,0,0,0,0,0,0,"E: Uncertainty",NA,NA,NA,NA,NA,NA,"E: Uncertainty",NA,NA,NA,NA,NA,NA,"E: Uncertainty",NA,NA,NA,"E: Uncertainty",NA,NA,"E: Uncertainty",NA,NA,NA,NA,NA,NA,NA,"E: Uncertainty","E: Uncertainty",NA,NA,NA,NA,NA,NA,NA,NA,NA
"2021-08-16 01:00:00","PM2.5",NA,0,0,906.1983,13.3456,30.016,18.3243,NA,NA,0,0,7.2523,0,0,0.8352,3.7284,0,0,1.1533,NA,1.2062,NA,0,0,0,NA,0,NA,0,NA,NA,0,0,0,0,0,0,0,NA,0,"E: Uncertainty",NA,NA,NA,NA,NA,NA,"E: Uncertainty","E: Uncertainty",NA,NA,NA,NA,NA,NA,NA,NA,NA,NA,"E: Uncertainty",NA,"E: Uncertainty",NA,NA,NA,"E: Uncertainty",NA,"E: Uncertainty",NA,"E: Uncertainty","E: Uncertainty",NA,NA,NA,NA,NA,NA,NA,"E: Uncertainty",NA
"2021-08-16 02:00:00","PM10",973.4709,0,0,1725.855,286.3427,94.4265,43.0241,1.5999,0,0.0017,0,27.9797,NA,NA,NA,4.2157,0,0,0.9793,NA,1.0255,NA,0,0,0,17.2214,0,0,0,0,NA,NA,0,0,0,0,0,0,2.6322,0,NA,NA,NA,NA,NA,NA,NA,NA,NA,NA,NA,NA,"E: Uncertainty","E: Uncertainty","E: Uncertainty",NA,NA,NA,NA,"E: Uncertainty",NA,"E: Uncertainty",NA,NA,NA,NA,NA,NA,NA,NA,"E: Uncertainty","E: Uncertainty",NA,NA,NA,NA,NA,NA,NA,NA
"2021-08-16 03:00:00","PM2.5",610.0083,0,0,2089.3221,0,33.7853,17.9362,NA,0,0,0,12.62,NA,0,0.6359,2.495,0,0,NA,0.5504,1.4494,0,0,0,0,0,0,NA,0,0,0,NA,0,0,0,0,0,0,NA,0,NA,NA,NA,NA,NA,NA,NA,"E: Uncertainty",NA,NA,NA,NA,"E: Uncertainty",NA,NA,NA,NA,NA,"E: Uncertainty",NA,NA,NA,NA,NA,NA,NA,NA,"E: Uncertainty",NA,NA,NA,"E: Uncertainty",NA,NA,NA,NA,NA,NA,"E: Uncertainty",NA
"2021-08-16 04:00:00","PM10",NA,0,0,3663.1084,439.2769,88.1427,83.3549,8.4701,NA,0,NA,72.3465,0,0,1.7874,4.7745,0,0,0.4421,1.15,3.2717,NA,0,0,0,9.508,NA,NA,0,0,NA,0,0,0,0,0,0,0,0,0,"E: Uncertainty",NA,NA,NA,NA,NA,NA,NA,"E: Uncertainty",NA,"E: Uncertainty",NA,NA,NA,NA,NA,NA,NA,NA,NA,NA,"E: Uncertainty",NA,NA,NA,NA,"E: Uncertainty","E: Uncertainty",NA,NA,"E: Uncertainty",NA,NA,NA,NA,NA,NA,NA,NA,NA
"2021-08-16 05:00:00","PM2.5",1035.2753,0,0,3766.1708,0,41.7405,48.1356,4.802,0,NA,0,53.9718,0,0,2.5805,7.5044,0,0,0.6028,0.9602,3.3026,NA,0,0,0,18.248,NA,0,0,NA,NA,NA,0,NA,0,0,0,0,0,0,NA,NA,NA,NA,NA,NA,NA,NA,NA,"E: Uncertainty",NA,NA,NA,NA,NA,NA,NA,NA,NA,NA,NA,"E: Uncertainty",NA,NA,NA,NA,"E: Uncertainty",NA,NA,"E: Uncertainty","E: Uncertainty","E: Uncertainty",NA,"E: Uncertainty",NA,NA,NA,NA,NA,NA
"2021-08-16 06:00:00","PM10",708.8529,NA,0,4313.6247,1135.5664,98.0123,159.0785,14.1311,NA,NA,1.6628,225.4974,0,0,10.0561,22.0994,0,0,0.9164,1.3973,5.2234,NA,0,0,0,19.2619,0.0569,NA,0,0,0,0,NA,0,0,0,0,0,NA,0,NA,"E: Uncertainty",NA,NA,NA,NA,NA,NA,"E: Uncertainty","E: Uncertainty",NA,NA,NA,NA,NA,NA,NA,NA,NA,NA,NA,"E: Uncertainty",NA,NA,NA,NA,NA,"E: Uncertainty",NA,NA,NA,NA,"E: Uncertainty",NA,NA,NA,NA,NA,"E: Uncertainty",NA
"2021-08-16 07:00:00","PM2.5",753.249,0,0,3053.1236,287.6388,40.2742,58.9732,5.1071,NA,0,NA,75.6477,0,0,2.5583,25.1812,0,0,NA,0.4358,3.1013,NA,0,0,0,11.5248,NA,NA,0,0,0,0,0,0,0,0,0,0,0,0,NA,NA,NA,NA,NA,NA,NA,NA,"E: Uncertainty",NA,"E: Uncertainty",NA,NA,NA,NA,NA,NA,NA,"E: Uncertainty",NA,NA,"E: Uncertainty",NA,NA,NA,NA,"E: Uncertainty","E: Uncertainty",NA,NA,NA,NA,NA,NA,NA,NA,NA,NA,NA,NA
"2021-08-16 08:00:00","PM10",NA,NA,0,2348.0836,1780.2844,93.8474,227.7453,16.81,NA,0,1.8693,175.4288,NA,0,3.7405,18.929,0,0,0.4162,0.5167,4.7457,2.7602,0,0,0,16.0764,0,NA,0,0,NA,NA,0,0,0,0,0,0,0,0,"E: Uncertainty","E: Uncertainty",NA,NA,NA,NA,NA,NA,"E: Uncertainty",NA,NA,NA,"E: Uncertainty",NA,NA,NA,NA,NA,NA,NA,NA,NA,NA,NA,NA,NA,NA,"E: Uncertainty",NA,NA,"E: Uncertainty","E: Uncertainty",NA,NA,NA,NA,NA,NA,NA,NA
"2021-08-16 09:00:00","PM2.5",NA,0,0,1410.677,530.0401,32.452,60.8483,3.3105,0,0,NA,47.1664,0,0,1.4137,10.2928,0,0,2.3348,NA,1.9149,NA,0,0,0,14.16,NA,0,0,0,0,NA,0,0,0,0,0,0,8.978,0,"E: Uncertainty",NA,NA,NA,NA,NA,NA,NA,NA,NA,"E: Uncertainty",NA,NA,NA,NA,NA,NA,NA,NA,"E: Uncertainty",NA,"E: Uncertainty",NA,NA,NA,NA,"E: Uncertainty",NA,NA,NA,NA,"E: Uncertainty",NA,NA,NA,NA,NA,NA,NA,NA
"2021-08-16 10:00:00","PM10",NA,NA,0,1102.8399,2089.8902,80.7718,203.6052,10.4263,0,NA,0.8132,132.4068,0,0,6.4057,35.6012,0,0,2.3344,NA,4.1963,1.688,0,0,0,16.0852,0,NA,0,NA,0,NA,NA,0,0.0052,0,0,0,28.9091,0,"E: Uncertainty","E: Uncertainty",NA,NA,NA,NA,NA,NA,NA,"E: Uncertainty",NA,NA,NA,NA,NA,NA,NA,NA,NA,"E: Uncertainty",NA,NA,NA,NA,NA,NA,NA,"E: Uncertainty",NA,"E: Uncertainty",NA,"E: Uncertainty","E: Uncertainty",NA,NA,NA,NA,NA,NA,NA
"2021-08-16 11:00:00","PM2.5",NA,0,0,1044.4765,638.003,33.9482,55.0235,2.2627,0,0,NA,47.7679,0,0,2.7663,14.4216,0,0,NA,NA,2.0849,NA,0,0,0,14.6828,NA,NA,0,NA,NA,NA,NA,0,0,0,0,0,3.5843,0,"E: Uncertainty",NA,NA,NA,NA,NA,NA,NA,NA,NA,"E: Uncertainty",NA,NA,NA,NA,NA,NA,NA,"E: Uncertainty","E: Uncertainty",NA,"E: Uncertainty",NA,NA,NA,NA,"E: Uncertainty","E: Uncertainty",NA,"E: Uncertainty","E: Uncertainty","E: Uncertainty","E: Uncertainty",NA,NA,NA,NA,NA,NA,NA
"2021-08-16 12:00:00","PM10",NA,NA,0,1525.2307,1971.2926,82.4538,164.6995,7.2933,0,NA,1.1146,149.6708,0,NA,5.4786,13.7831,0,0,0.5418,NA,3.4785,NA,0,0,0,12.2429,NA,NA,0,0,NA,NA,0,0,0,0,0,0,0,0,"E: Uncertainty","E: Uncertainty",NA,NA,NA,NA,NA,NA,NA,"E: Uncertainty",NA,NA,NA,"E: Uncertainty",NA,NA,NA,NA,NA,"E: Uncertainty",NA,"E: Uncertainty",NA,NA,NA,NA,"E: Uncertainty","E: Uncertainty",NA,NA,"E: Uncertainty","E: Uncertainty",NA,NA,NA,NA,NA,NA,NA,NA
"2021-08-16 13:00:00","PM2.5",NA,NA,0,1587.5228,467.1587,34.1407,51.0371,1.611,0,0,0,60.8893,0,NA,2.4589,7.5748,0,0,0.3696,NA,2.193,NA,0,0,0,9.2825,NA,NA,0,0,0,NA,NA,0,0,0,0,0,1.9501,0,"E: Uncertainty","E: Uncertainty",NA,NA,NA,NA,NA,NA,NA,NA,NA,NA,NA,"E: Uncertainty",NA,NA,NA,NA,NA,"E: Uncertainty",NA,"E: Uncertainty",NA,NA,NA,NA,"E: Uncertainty","E: Uncertainty",NA,NA,NA,"E: Uncertainty","E: Uncertainty",NA,NA,NA,NA,NA,NA,NA
"2021-08-16 14:00:00","PM10",623.045,NA,0,1964.5715,1701.7218,90.9001,176.9354,9.1182,0,0,1.2779,159.6441,NA,0,5.9884,7.9051,0,0,0.5057,NA,4.1211,NA,0,0,0,NA,0,NA,0,0,NA,NA,NA,0,NA,0,0,0,NA,0,NA,"E: Uncertainty",NA,NA,NA,NA,NA,NA,NA,NA,NA,NA,"E: Uncertainty",NA,NA,NA,NA,NA,NA,"E: Uncertainty",NA,"E: Uncertainty",NA,NA,NA,"E: Uncertainty",NA,"E: Uncertainty",NA,NA,"E: Uncertainty","E: Uncertainty","E: Uncertainty",NA,"E: Uncertainty",NA,NA,NA,"E: Uncertainty",NA
"2021-08-16 15:00:00","PM2.5",1041.6957,0,0,620.1313,297.1725,19.0901,32.2587,1.3228,0,NA,0,41.9746,0,9e-04,2.0801,4.2901,0,0,0,0,0.8644,0,0,0,0,0,NA,NA,0,0,NA,0,0,0,NA,0,0,0,NA,0,NA,NA,NA,NA,NA,NA,NA,NA,NA,"E: Uncertainty",NA,NA,NA,NA,NA,NA,NA,NA,NA,NA,NA,NA,NA,NA,NA,NA,"E: Uncertainty","E: Uncertainty",NA,NA,"E: Uncertainty",NA,NA,NA,"E: Uncertainty",NA,NA,NA,"E: Uncertainty",NA
"2021-08-16 16:00:00","PM10",1412.4332,0,0,435.9003,651.3363,38.2347,106.2988,4.743,0,NA,NA,120.404,0,NA,3.5312,9.334,0,0,0.5057,0,1.3578,NA,0,0,NA,NA,NA,0,0,NA,NA,0,NA,0,0,0,0,0,0,0,NA,NA,NA,NA,NA,NA,NA,NA,NA,"E: Uncertainty","E: Uncertainty",NA,NA,"E: Uncertainty",NA,NA,NA,NA,NA,NA,NA,"E: Uncertainty",NA,NA,"E: Uncertainty","E: Uncertainty","E: Uncertainty",NA,NA,"E: Uncertainty","E: Uncertainty",NA,"E: Uncertainty",NA,NA,NA,NA,NA,NA,NA
"2021-08-16 17:00:00","PM2.5",660.2875,0,0,340.6969,91.4571,13.5521,16.9202,NA,0,NA,0,41.7004,NA,NA,2.1622,7.0672,0,0,1.7353,NA,1.9477,NA,0,0,0,NA,NA,0,0,NA,NA,0,NA,0,0,0,0,0,11.0676,0,NA,NA,NA,NA,NA,NA,NA,"E: Uncertainty",NA,"E: Uncertainty",NA,NA,"E: Uncertainty","E: Uncertainty",NA,NA,NA,NA,NA,"E: Uncertainty",NA,"E: Uncertainty",NA,NA,NA,"E: Uncertainty","E: Uncertainty",NA,NA,"E: Uncertainty","E: Uncertainty",NA,"E: Uncertainty",NA,NA,NA,NA,NA,NA,NA
"2021-08-16 18:00:00","PM10",0,0,0,393.9256,432.4971,35.5289,89.5494,2.6359,0,NA,NA,126.3093,NA,0,4.0002,5.5388,0,0,0.4535,0,1.3463,NA,0,NA,0,12.774,NA,0,0,NA,NA,NA,NA,0,0,0,0,0,0,0,NA,NA,NA,NA,NA,NA,NA,NA,NA,"E: Uncertainty","E: Uncertainty",NA,"E: Uncertainty",NA,NA,NA,NA,NA,NA,NA,NA,"E: Uncertainty",NA,"E: Uncertainty",NA,NA,"E: Uncertainty",NA,NA,"E: Uncertainty","E: Uncertainty","E: Uncertainty","E: Uncertainty",NA,NA,NA,NA,NA,NA,NA
"2021-08-16 19:00:00","PM2.5",865.2384,0,0,359.2778,91.0056,224.8485,61.9956,NA,0,0,0,42.5259,0.0065,0,2.1407,3.3671,0,0,1.0927,0,NA,NA,0,0,0,12.9259,NA,0,0,NA,NA,NA,NA,0,NA,0,0,0,0.9506,0,NA,NA,NA,NA,NA,NA,NA,"E: Uncertainty",NA,NA,NA,NA,NA,NA,NA,NA,NA,NA,NA,NA,"E: Uncertainty","E: Uncertainty",NA,NA,NA,NA,"E: Uncertainty",NA,NA,"E: Uncertainty","E: Uncertainty","E: Uncertainty","E: Uncertainty",NA,"E: Uncertainty",NA,NA,NA,NA,NA
"2021-08-16 20:00:00","PM10",NA,0,0,446.6356,463.1894,243.7418,51.0527,1.8356,0,0,NA,103.4651,0,0,4.4269,4.9295,0,0,0.438,0,3.4929,NA,0,0,0,10.228,NA,NA,0,NA,NA,NA,NA,0,0,0,0,0,1.2409,0,"E: Uncertainty",NA,NA,NA,NA,NA,NA,NA,NA,NA,"E: Uncertainty",NA,NA,NA,NA,NA,NA,NA,NA,NA,NA,"E: Uncertainty",NA,NA,NA,NA,"E: Uncertainty","E: Uncertainty",NA,"E: Uncertainty","E: Uncertainty","E: Uncertainty","E: Uncertainty",NA,NA,NA,NA,NA,NA,NA
"2021-08-16 21:00:00","PM2.5",781.6368,0,0,356.5127,66.5254,21.9352,12.1581,NA,0,0,0,48.1914,0,0,3.3237,19.0727,0,0,0.994,0,7.323,NA,0,0,0,10.1988,NA,NA,0,NA,NA,0,0,0,0,0,0,0,1.9992,0,NA,NA,NA,NA,NA,NA,NA,"E: Uncertainty",NA,NA,NA,NA,NA,NA,NA,NA,NA,NA,NA,NA,NA,"E: Uncertainty",NA,NA,NA,NA,"E: Uncertainty","E: Uncertainty",NA,"E: Uncertainty","E: Uncertainty",NA,NA,NA,NA,NA,NA,NA,NA,NA
"2021-08-16 22:00:00","PM10",826.6939,0,0,406.9237,267.5989,44.7495,56.257,1.3103,0,NA,0,82.8861,0,0,5.1373,7.6656,0,0,1.3185,4e-04,8.796,0,0,0,0,NA,NA,NA,0,0,NA,NA,NA,0,0,0,0,0,0,0,NA,NA,NA,NA,NA,NA,NA,NA,NA,"E: Uncertainty",NA,NA,NA,NA,NA,NA,NA,NA,NA,NA,NA,NA,NA,NA,NA,"E: Uncertainty","E: Uncertainty","E: Uncertainty",NA,NA,"E: Uncertainty","E: Uncertainty","E: Uncertainty",NA,NA,NA,NA,NA,NA,NA
"2021-08-16 23:00:00","PM2.5",NA,0,0,351.1066,NA,26.0737,9.3945,0,0,NA,0,18.5497,0,0,0.9403,1.3929,NA,NA,NA,0,NA,NA,0,0,NA,0,0,NA,0,NA,NA,NA,NA,0,NA,0,0,NA,0,0,"E: Uncertainty",NA,NA,NA,"E: Uncertainty",NA,NA,NA,NA,"E: Uncertainty",NA,NA,NA,NA,NA,NA,"E: Uncertainty","E: Uncertainty","E: Uncertainty",NA,"E: Uncertainty","E: Uncertainty",NA,NA,"E: Uncertainty",NA,NA,"E: Uncertainty",NA,"E: Uncertainty","E: Uncertainty","E: Uncertainty","E: Uncertainty",NA,"E: Uncertainty",NA,NA,"E: Uncertainty",NA,NA
"2021-08-17 00:30:00","PM10",NA,NA,NA,NA,NA,NA,NA,NA,NA,NA,NA,NA,NA,NA,NA,NA,NA,NA,NA,NA,NA,NA,NA,NA,NA,NA,NA,NA,NA,NA,NA,NA,NA,NA,NA,NA,NA,NA,NA,NA,"E: Uncertainty","E: Erroneous Data","E: Erroneous Data","E: Erroneous Data","E: Erroneous Data","E: Erroneous Data","E: Erroneous Data","E: Erroneous Data","E: Erroneous Data","E: Erroneous Data","E: Erroneous Data","E: Erroneous Data","E: Uncertainty","E: Erroneous Data","E: Uncertainty","E: Erroneous Data","E: Erroneous Data","E: Erroneous Data","E: Erroneous Data","E: Erroneous Data","E: Erroneous Data","E: Uncertainty","E: Erroneous Data","E: Erroneous Data","E: Erroneous Data","E: Erroneous Data","E: Erroneous Data","E: Uncertainty","E: Erroneous Data","E: Uncertainty","E: Uncertainty","E: Uncertainty","E: Uncertainty","E: Erroneous Data","E: Uncertainty","E: Erroneous Data","E: Erroneous Data","E: Erroneous Data","E: Erroneous Data","E: Erroneous Data"
"2021-08-17 01:00:00","PM2.5",NA,NA,NA,NA,NA,NA,NA,NA,NA,NA,NA,NA,NA,NA,NA,NA,NA,NA,NA,NA,NA,NA,NA,NA,NA,NA,NA,NA,NA,NA,NA,NA,NA,NA,NA,NA,NA,NA,NA,NA,"E: Erroneous Data","E: Erroneous Data","E: Erroneous Data","E: Erroneous Data","E: Erroneous Data","E: Erroneous Data","E: Erroneous Data","E: Uncertainty","E: Uncertainty","E: Erroneous Data","E: Erroneous Data","E: Erroneous Data","E: Uncertainty","E: Uncertainty","E: Uncertainty","E: Erroneous Data","E: Erroneous Data","E: Erroneous Data","E: Erroneous Data","E: Uncertainty","E: Erroneous Data","E: Uncertainty","E: Erroneous Data","E: Erroneous Data","E: Erroneous Data","E: Erroneous Data","E: Uncertainty","E: Uncertainty","E: Erroneous Data","E: Uncertainty","E: Uncertainty","E: Uncertainty","E: Erroneous Data","E: Erroneous Data","E: Erroneous Data","E: Erroneous Data","E: Erroneous Data","E: Erroneous Data","E: Erroneous Data","E: Erroneous Data"
"2021-08-17 02:00:00","PM10",NA,NA,NA,NA,NA,NA,NA,NA,NA,NA,NA,NA,NA,NA,NA,NA,NA,NA,NA,NA,NA,NA,NA,NA,NA,NA,NA,NA,NA,NA,NA,NA,NA,NA,NA,NA,NA,NA,NA,NA,"E: Erroneous Data","E: Erroneous Data","E: Erroneous Data","E: Erroneous Data","E: Erroneous Data","E: Erroneous Data","E: Erroneous Data","E: Uncertainty","E: Uncertainty","E: Erroneous Data","E: Erroneous Data","E: Erroneous Data","E: Erroneous Data","E: Erroneous Data","E: Erroneous Data","E: Erroneous Data","E: Erroneous Data","E: Erroneous Data","E: Uncertainty","E: Erroneous Data","E: Erroneous Data","E: Uncertainty","E: Erroneous Data","E: Erroneous Data","E: Erroneous Data","E: Uncertainty","E: Uncertainty","E: Uncertainty","E: Erroneous Data","E: Uncertainty","E: Uncertainty","E: Uncertainty","E: Erroneous Data","E: Erroneous Data","E: Erroneous Data","E: Erroneous Data","E: Erroneous Data","E: Erroneous Data","E: Erroneous Data","E: Erroneous Data"
"2021-08-17 03:00:00","PM2.5",NA,NA,NA,NA,NA,NA,NA,NA,NA,NA,NA,NA,NA,NA,NA,NA,NA,NA,NA,NA,NA,NA,NA,NA,NA,NA,NA,NA,NA,NA,NA,NA,NA,NA,NA,NA,NA,NA,NA,NA,"E: Uncertainty","E: Erroneous Data","E: Erroneous Data","E: Erroneous Data","E: Erroneous Data","E: Erroneous Data","E: Erroneous Data","E: Erroneous Data","E: Uncertainty","E: Erroneous Data","E: Erroneous Data","E: Erroneous Data","E: Uncertainty","E: Uncertainty","E: Uncertainty","E: Erroneous Data","E: Erroneous Data","E: Erroneous Data","E: Uncertainty","E: Erroneous Data","E: Uncertainty","E: Erroneous Data","E: Erroneous Data","E: Erroneous Data","E: Erroneous Data","E: Erroneous Data","E: Uncertainty","E: Uncertainty","E: Erroneous Data","E: Uncertainty","E: Uncertainty","E: Uncertainty","E: Erroneous Data","E: Erroneous Data","E: Erroneous Data","E: Erroneous Data","E: Erroneous Data","E: Erroneous Data","E: Erroneous Data","E: Erroneous Data"
"2021-08-17 04:00:00","PM10",NA,NA,NA,NA,NA,NA,NA,NA,NA,NA,NA,NA,NA,NA,NA,NA,NA,NA,NA,NA,NA,NA,NA,NA,NA,NA,NA,NA,NA,NA,NA,NA,NA,NA,NA,NA,NA,NA,NA,NA,"E: Uncertainty","E: Erroneous Data","E: Erroneous Data","E: Erroneous Data","E: Erroneous Data","E: Erroneous Data","E: Erroneous Data","E: Uncertainty","E: Uncertainty","E: Erroneous Data","E: Uncertainty","E: Erroneous Data","E: Erroneous Data","E: Erroneous Data","E: Erroneous Data","E: Erroneous Data","E: Erroneous Data","E: Erroneous Data","E: Erroneous Data","E: Erroneous Data","E: Erroneous Data","E: Uncertainty","E: Erroneous Data","E: Erroneous Data","E: Erroneous Data","E: Erroneous Data","E: Uncertainty","E: Uncertainty","E: Erroneous Data","E: Uncertainty","E: Uncertainty","E: Uncertainty","E: Erroneous Data","E: Erroneous Data","E: Erroneous Data","E: Erroneous Data","E: Uncertainty","E: Erroneous Data","E: Erroneous Data","E: Erroneous Data"
"2021-08-17 05:00:00","PM2.5",NA,NA,NA,NA,NA,NA,NA,NA,NA,NA,NA,NA,NA,NA,NA,NA,NA,NA,NA,NA,NA,NA,NA,NA,NA,NA,NA,NA,NA,NA,NA,NA,NA,NA,NA,NA,NA,NA,NA,NA,"E: Uncertainty","E: Erroneous Data","E: Uncertainty","E: Erroneous Data","E: Erroneous Data","E: Erroneous Data","E: Erroneous Data","E: Uncertainty","E: Erroneous Data","E: Erroneous Data","E: Erroneous Data","E: Erroneous Data","E: Erroneous Data","E: Erroneous Data","E: Erroneous Data","E: Erroneous Data","E: Erroneous Data","E: Erroneous Data","E: Erroneous Data","E: Erroneous Data","E: Uncertainty","E: Uncertainty","E: Erroneous Data","E: Erroneous Data","E: Erroneous Data","E: Erroneous Data","E: Uncertainty","E: Erroneous Data","E: Erroneous Data","E: Uncertainty","E: Uncertainty","E: Uncertainty","E: Uncertainty","E: Erroneous Data","E: Erroneous Data","E: Erroneous Data","E: Uncertainty","E: Erroneous Data","E: Erroneous Data","E: Erroneous Data"
"2021-08-17 06:00:00","PM10",NA,NA,NA,NA,NA,NA,NA,NA,NA,NA,NA,NA,NA,NA,NA,NA,NA,NA,NA,NA,NA,NA,NA,NA,NA,NA,NA,NA,NA,NA,NA,NA,NA,NA,NA,NA,NA,NA,NA,NA,"E: Uncertainty","E: Erroneous Data","E: Erroneous Data","E: Erroneous Data","E: Erroneous Data","E: Erroneous Data","E: Erroneous Data","E: Erroneous Data","E: Erroneous Data","E: Erroneous Data","E: Uncertainty","E: Erroneous Data","E: Erroneous Data","E: Uncertainty","E: Erroneous Data","E: Erroneous Data","E: Erroneous Data","E: Erroneous Data","E: Erroneous Data","E: Erroneous Data","E: Erroneous Data","E: Uncertainty","E: Erroneous Data","E: Erroneous Data","E: Erroneous Data","E: Erroneous Data","E: Erroneous Data","E: Uncertainty","E: Erroneous Data","E: Uncertainty","E: Erroneous Data","E: Uncertainty","E: Uncertainty","E: Erroneous Data","E: Erroneous Data","E: Erroneous Data","E: Uncertainty","E: Erroneous Data","E: Erroneous Data","E: Erroneous Data"
"2021-08-17 07:00:00","PM2.5",NA,NA,NA,NA,NA,NA,NA,NA,NA,NA,NA,NA,NA,NA,NA,NA,NA,NA,NA,NA,NA,NA,NA,NA,NA,NA,NA,NA,NA,NA,NA,NA,NA,NA,NA,NA,NA,NA,NA,NA,"E: Uncertainty","E: Erroneous Data","E: Uncertainty","E: Erroneous Data","E: Uncertainty","E: Erroneous Data","E: Erroneous Data","E: Erroneous Data","E: Erroneous Data","E: Uncertainty","E: Uncertainty","E: Erroneous Data","E: Erroneous Data","E: Erroneous Data","E: Erroneous Data","E: Erroneous Data","E: Erroneous Data","E: Erroneous Data","E: Erroneous Data","E: Erroneous Data","E: Erroneous Data","E: Erroneous Data","E: Erroneous Data","E: Erroneous Data","E: Erroneous Data","E: Uncertainty","E: Erroneous Data","E: Erroneous Data","E: Erroneous Data","E: Uncertainty","E: Erroneous Data","E: Erroneous Data","E: Uncertainty","E: Erroneous Data","E: Erroneous Data","E: Erroneous Data","E: Erroneous Data","E: Erroneous Data","E: Erroneous Data","E: Erroneous Data"
"2021-08-17 08:00:00","PM10",NA,NA,NA,NA,NA,NA,NA,NA,NA,NA,NA,NA,NA,NA,NA,NA,NA,NA,NA,NA,NA,NA,NA,NA,NA,NA,NA,NA,NA,NA,NA,NA,NA,NA,NA,NA,NA,NA,NA,NA,"E: Erroneous Data","E: Uncertainty","E: Erroneous Data","E: Erroneous Data","E: Erroneous Data","E: Erroneous Data","E: Erroneous Data","E: Erroneous Data","E: Erroneous Data","E: Erroneous Data","E: Erroneous Data","E: Erroneous Data","E: Erroneous Data","E: Erroneous Data","E: Erroneous Data","E: Erroneous Data","E: Erroneous Data","E: Erroneous Data","E: Erroneous Data","E: Erroneous Data","E: Uncertainty","E: Erroneous Data","E: Erroneous Data","E: Erroneous Data","E: Erroneous Data","E: Erroneous Data","E: Uncertainty","E: Uncertainty","E: Erroneous Data","E: Erroneous Data","E: Erroneous Data","E: Uncertainty","E: Uncertainty","E: Erroneous Data","E: Erroneous Data","E: Erroneous Data","E: Erroneous Data","E: Erroneous Data","E: Erroneous Data","E: Erroneous Data"
"2021-08-17 09:00:00","PM2.5",NA,NA,NA,NA,NA,NA,NA,NA,NA,NA,NA,NA,NA,NA,NA,NA,NA,NA,NA,NA,NA,NA,NA,NA,NA,NA,NA,NA,NA,NA,NA,NA,NA,NA,NA,NA,NA,NA,NA,NA,"E: Erroneous Data","E: Erroneous Data","E: Erroneous Data","E: Erroneous Data","E: Uncertainty","E: Erroneous Data","E: Erroneous Data","E: Uncertainty","E: Erroneous Data","E: Erroneous Data","E: Uncertainty","E: Erroneous Data","E: Erroneous Data","E: Erroneous Data","E: Erroneous Data","E: Erroneous Data","E: Erroneous Data","E: Erroneous Data","E: Erroneous Data","E: Erroneous Data","E: Uncertainty","E: Uncertainty","E: Erroneous Data","E: Erroneous Data","E: Erroneous Data","E: Erroneous Data","E: Uncertainty","E: Uncertainty","E: Erroneous Data","E: Erroneous Data","E: Uncertainty","E: Uncertainty","E: Uncertainty","E: Erroneous Data","E: Erroneous Data","E: Erroneous Data","E: Erroneous Data","E: Erroneous Data","E: Erroneous Data","E: Erroneous Data"
"2021-08-17 10:00:00","PM10",NA,NA,NA,NA,NA,NA,NA,NA,NA,NA,NA,NA,NA,NA,NA,NA,NA,NA,NA,NA,NA,NA,NA,NA,NA,NA,NA,NA,NA,NA,NA,NA,NA,NA,NA,NA,NA,NA,NA,NA,"E: Uncertainty","E: Uncertainty","E: Erroneous Data","E: Erroneous Data","E: Erroneous Data","E: Erroneous Data","E: Erroneous Data","E: Erroneous Data","E: Erroneous Data","E: Uncertainty","E: Erroneous Data","E: Erroneous Data","E: Erroneous Data","E: Erroneous Data","E: Erroneous Data","E: Erroneous Data","E: Erroneous Data","E: Erroneous Data","E: Erroneous Data","E: Erroneous Data","E: Erroneous Data","E: Uncertainty","E: Erroneous Data","E: Erroneous Data","E: Erroneous Data","E: Erroneous Data","E: Erroneous Data","E: Uncertainty","E: Erroneous Data","E: Erroneous Data","E: Erroneous Data","E: Erroneous Data","E: Erroneous Data","E: Erroneous Data","E: Erroneous Data","E: Erroneous Data","E: Erroneous Data","E: Erroneous Data","E: Erroneous Data","E: Erroneous Data"
"2021-08-17 11:00:00","PM2.5",NA,NA,NA,NA,NA,NA,NA,NA,NA,NA,NA,NA,NA,NA,NA,NA,NA,NA,NA,NA,NA,NA,NA,NA,NA,NA,NA,NA,NA,NA,NA,NA,NA,NA,NA,NA,NA,NA,NA,NA,"E: Uncertainty","E: Erroneous Data","E: Erroneous Data","E: Erroneous Data","E: Erroneous Data","E: Erroneous Data","E: Erroneous Data","E: Uncertainty","E: Erroneous Data","E: Erroneous Data","E: Erroneous Data","E: Erroneous Data","E: Erroneous Data","E: Erroneous Data","E: Erroneous Data","E: Erroneous Data","E: Erroneous Data","E: Erroneous Data","E: Erroneous Data","E: Erroneous Data","E: Uncertainty","E: Uncertainty","E: Erroneous Data","E: Erroneous Data","E: Erroneous Data","E: Uncertainty","E: Uncertainty","E: Uncertainty","E: Erroneous Data","E: Uncertainty","E: Uncertainty","E: Uncertainty","E: Uncertainty","E: Erroneous Data","E: Erroneous Data","E: Erroneous Data","E: Erroneous Data","E: Erroneous Data","E: Erroneous Data","E: Erroneous Data"
"2021-08-19 00:30:00","PM10",NA,NA,NA,NA,NA,NA,NA,NA,NA,NA,NA,NA,NA,NA,NA,NA,NA,NA,NA,NA,NA,NA,NA,NA,NA,NA,NA,NA,NA,NA,NA,NA,NA,NA,NA,NA,NA,NA,NA,NA,"E: Uncertainty","E: Erroneous Data","E: Erroneous Data","E: Erroneous Data","E: Erroneous Data","E: Erroneous Data","E: Erroneous Data","E: Uncertainty","E: Uncertainty","E: Uncertainty","E: Erroneous Data","E: Erroneous Data","E: Erroneous Data","E: Erroneous Data","E: Uncertainty","E: Erroneous Data","E: Erroneous Data","E: Erroneous Data","E: Erroneous Data","E: Erroneous Data","E: Uncertainty","E: Uncertainty","E: Erroneous Data","E: Erroneous Data","E: Erroneous Data","E: Uncertainty","E: Erroneous Data","E: Erroneous Data","E: Erroneous Data","E: Erroneous Data","E: Uncertainty","E: Uncertainty","E: Uncertainty","E: Erroneous Data","E: Erroneous Data","E: Erroneous Data","E: Erroneous Data","E: Erroneous Data","E: Erroneous Data","E: Erroneous Data"
"2021-08-19 01:00:00","PM2.5",NA,NA,NA,NA,NA,NA,NA,NA,NA,NA,NA,NA,NA,NA,NA,NA,NA,NA,NA,NA,NA,NA,NA,NA,NA,NA,NA,NA,NA,NA,NA,NA,NA,NA,NA,NA,NA,NA,NA,NA,"E: Erroneous Data","E: Erroneous Data","E: Erroneous Data","E: Erroneous Data","E: Erroneous Data","E: Erroneous Data","E: Erroneous Data","E: Erroneous Data","E: Erroneous Data","E: Erroneous Data","E: Erroneous Data","E: Erroneous Data","E: Erroneous Data","E: Erroneous Data","E: Uncertainty","E: Erroneous Data","E: Erroneous Data","E: Erroneous Data","E: Erroneous Data","E: Erroneous Data","E: Uncertainty","E: Uncertainty","E: Erroneous Data","E: Erroneous Data","E: Erroneous Data","E: Uncertainty","E: Erroneous Data","E: Uncertainty","E: Erroneous Data","E: Erroneous Data","E: Uncertainty","E: Uncertainty","E: Erroneous Data","E: Erroneous Data","E: Erroneous Data","E: Erroneous Data","E: Erroneous Data","E: Erroneous Data","E: Erroneous Data","E: Erroneous Data"
"2021-08-19 02:00:00","PM10",NA,NA,NA,NA,NA,NA,NA,NA,NA,NA,NA,NA,NA,NA,NA,NA,NA,NA,NA,NA,NA,NA,NA,NA,NA,NA,NA,NA,NA,NA,NA,NA,NA,NA,NA,NA,NA,NA,NA,NA,"E: Uncertainty","E: Erroneous Data","E: Erroneous Data","E: Erroneous Data","E: Erroneous Data","E: Erroneous Data","E: Erroneous Data","E: Erroneous Data","E: Erroneous Data","E: Uncertainty","E: Uncertainty","E: Erroneous Data","E: Erroneous Data","E: Erroneous Data","E: Erroneous Data","E: Erroneous Data","E: Erroneous Data","E: Erroneous Data","E: Erroneous Data","E: Erroneous Data","E: Erroneous Data","E: Uncertainty","E: Erroneous Data","E: Erroneous Data","E: Erroneous Data","E: Erroneous Data","E: Uncertainty","E: Erroneous Data","E: Erroneous Data","E: Erroneous Data","E: Uncertainty","E: Uncertainty","E: Erroneous Data","E: Erroneous Data","E: Erroneous Data","E: Erroneous Data","E: Erroneous Data","E: Erroneous Data","E: Erroneous Data","E: Erroneous Data"
"2021-08-19 03:00:00","PM2.5",NA,NA,NA,NA,NA,NA,NA,NA,NA,NA,NA,NA,NA,NA,NA,NA,NA,NA,NA,NA,NA,NA,NA,NA,NA,NA,NA,NA,NA,NA,NA,NA,NA,NA,NA,NA,NA,NA,NA,NA,"E: Uncertainty","E: Erroneous Data","E: Erroneous Data","E: Erroneous Data","E: Erroneous Data","E: Erroneous Data","E: Erroneous Data","E: Erroneous Data","E: Uncertainty","E: Erroneous Data","E: Erroneous Data","E: Erroneous Data","E: Uncertainty","E: Erroneous Data","E: Uncertainty","E: Erroneous Data","E: Erroneous Data","E: Erroneous Data","E: Uncertainty","E: Erroneous Data","E: Uncertainty","E: Uncertainty","E: Erroneous Data","E: Erroneous Data","E: Erroneous Data","E: Erroneous Data","E: Uncertainty","E: Uncertainty","E: Erroneous Data","E: Uncertainty","E: Erroneous Data","E: Uncertainty","E: Erroneous Data","E: Erroneous Data","E: Erroneous Data","E: Erroneous Data","E: Erroneous Data","E: Erroneous Data","E: Erroneous Data","E: Erroneous Data"
"2021-08-19 04:00:00","PM10",NA,NA,NA,NA,NA,NA,NA,NA,NA,NA,NA,NA,NA,NA,NA,NA,NA,NA,NA,NA,NA,NA,NA,NA,NA,NA,NA,NA,NA,NA,NA,NA,NA,NA,NA,NA,NA,NA,NA,NA,"E: Uncertainty","E: Erroneous Data","E: Erroneous Data","E: Erroneous Data","E: Erroneous Data","E: Erroneous Data","E: Erroneous Data","E: Uncertainty","E: Erroneous Data","E: Erroneous Data","E: Erroneous Data","E: Erroneous Data","E: Erroneous Data","E: Erroneous Data","E: Erroneous Data","E: Erroneous Data","E: Erroneous Data","E: Erroneous Data","E: Uncertainty","E: Uncertainty","E: Erroneous Data","E: Uncertainty","E: Erroneous Data","E: Erroneous Data","E: Erroneous Data","E: Erroneous Data","E: Uncertainty","E: Uncertainty","E: Erroneous Data","E: Erroneous Data","E: Erroneous Data","E: Uncertainty","E: Erroneous Data","E: Erroneous Data","E: Erroneous Data","E: Erroneous Data","E: Erroneous Data","E: Erroneous Data","E: Erroneous Data","E: Erroneous Data"
"2021-08-19 05:00:00","PM2.5",NA,NA,NA,NA,NA,NA,NA,NA,NA,NA,NA,NA,NA,NA,NA,NA,NA,NA,NA,NA,NA,NA,NA,NA,NA,NA,NA,NA,NA,NA,NA,NA,NA,NA,NA,NA,NA,NA,NA,NA,"E: Uncertainty","E: Erroneous Data","E: Uncertainty","E: Erroneous Data","E: Erroneous Data","E: Erroneous Data","E: Erroneous Data","E: Uncertainty","E: Uncertainty","E: Erroneous Data","E: Erroneous Data","E: Erroneous Data","E: Erroneous Data","E: Erroneous Data","E: Erroneous Data","E: Erroneous Data","E: Erroneous Data","E: Erroneous Data","E: Uncertainty","E: Erroneous Data","E: Uncertainty","E: Uncertainty","E: Erroneous Data","E: Erroneous Data","E: Erroneous Data","E: Erroneous Data","E: Uncertainty","E: Erroneous Data","E: Erroneous Data","E: Uncertainty","E: Uncertainty","E: Uncertainty","E: Erroneous Data","E: Erroneous Data","E: Erroneous Data","E: Erroneous Data","E: Erroneous Data","E: Erroneous Data","E: Erroneous Data","E: Erroneous Data"
"2021-08-19 06:00:00","PM10",NA,NA,NA,NA,NA,NA,NA,NA,NA,NA,NA,NA,NA,NA,NA,NA,NA,NA,NA,NA,NA,NA,NA,NA,NA,NA,NA,NA,NA,NA,NA,NA,NA,NA,NA,NA,NA,NA,NA,NA,"E: Uncertainty","E: Erroneous Data","E: Erroneous Data","E: Erroneous Data","E: Erroneous Data","E: Erroneous Data","E: Erroneous Data","E: Erroneous Data","E: Erroneous Data","E: Uncertainty","E: Erroneous Data","E: Erroneous Data","E: Erroneous Data","E: Erroneous Data","E: Erroneous Data","E: Erroneous Data","E: Erroneous Data","E: Erroneous Data","E: Uncertainty","E: Erroneous Data","E: Erroneous Data","E: Uncertainty","E: Erroneous Data","E: Erroneous Data","E: Erroneous Data","E: Erroneous Data","E: Uncertainty","E: Erroneous Data","E: Erroneous Data","E: Erroneous Data","E: Uncertainty","E: Uncertainty","E: Erroneous Data","E: Erroneous Data","E: Erroneous Data","E: Erroneous Data","E: Erroneous Data","E: Erroneous Data","E: Erroneous Data","E: Erroneous Data"
"2021-08-19 07:00:00","PM2.5",NA,NA,NA,NA,NA,NA,NA,NA,NA,NA,NA,NA,NA,NA,NA,NA,NA,NA,NA,NA,NA,NA,NA,NA,NA,NA,NA,NA,NA,NA,NA,NA,NA,NA,NA,NA,NA,NA,NA,NA,"E: Uncertainty","E: Erroneous Data","E: Erroneous Data","E: Erroneous Data","E: Erroneous Data","E: Erroneous Data","E: Erroneous Data","E: Uncertainty","E: Erroneous Data","E: Uncertainty","E: Uncertainty","E: Erroneous Data","E: Erroneous Data","E: Erroneous Data","E: Erroneous Data","E: Erroneous Data","E: Erroneous Data","E: Erroneous Data","E: Uncertainty","E: Erroneous Data","E: Erroneous Data","E: Uncertainty","E: Erroneous Data","E: Erroneous Data","E: Erroneous Data","E: Uncertainty","E: Uncertainty","E: Erroneous Data","E: Erroneous Data","E: Erroneous Data","E: Erroneous Data","E: Uncertainty","E: Uncertainty","E: Erroneous Data","E: Erroneous Data","E: Erroneous Data","E: Erroneous Data","E: Erroneous Data","E: Erroneous Data","E: Erroneous Data"
"2021-08-19 08:00:00","PM10",NA,NA,NA,NA,NA,NA,NA,NA,NA,NA,NA,NA,NA,NA,NA,NA,NA,NA,NA,NA,NA,NA,NA,NA,NA,NA,NA,NA,NA,NA,NA,NA,NA,NA,NA,NA,NA,NA,NA,NA,"E: Erroneous Data","E: Erroneous Data","E: Erroneous Data","E: Erroneous Data","E: Erroneous Data","E: Erroneous Data","E: Erroneous Data","E: Erroneous Data","E: Erroneous Data","E: Uncertainty","E: Erroneous Data","E: Erroneous Data","E: Erroneous Data","E: Erroneous Data","E: Erroneous Data","E: Erroneous Data","E: Erroneous Data","E: Erroneous Data","E: Erroneous Data","E: Erroneous Data","E: Erroneous Data","E: Uncertainty","E: Erroneous Data","E: Erroneous Data","E: Erroneous Data","E: Erroneous Data","E: Erroneous Data","E: Erroneous Data","E: Erroneous Data","E: Uncertainty","E: Uncertainty","E: Uncertainty","E: Uncertainty","E: Erroneous Data","E: Erroneous Data","E: Erroneous Data","E: Erroneous Data","E: Erroneous Data","E: Erroneous Data","E: Erroneous Data"
"2021-08-19 09:00:00","PM2.5",NA,NA,NA,NA,NA,NA,NA,NA,NA,NA,NA,NA,NA,NA,NA,NA,NA,NA,NA,NA,NA,NA,NA,NA,NA,NA,NA,NA,NA,NA,NA,NA,NA,NA,NA,NA,NA,NA,NA,NA,"E: Uncertainty","E: Erroneous Data","E: Erroneous Data","E: Erroneous Data","E: Erroneous Data","E: Erroneous Data","E: Erroneous Data","E: Erroneous Data","E: Erroneous Data","E: Erroneous Data","E: Uncertainty","E: Erroneous Data","E: Uncertainty","E: Erroneous Data","E: Erroneous Data","E: Erroneous Data","E: Erroneous Data","E: Erroneous Data","E: Erroneous Data","E: Uncertainty","E: Erroneous Data","E: Erroneous Data","E: Erroneous Data","E: Erroneous Data","E: Erroneous Data","E: Uncertainty","E: Erroneous Data","E: Erroneous Data","E: Erroneous Data","E: Uncertainty","E: Uncertainty","E: Erroneous Data","E: Uncertainty","E: Erroneous Data","E: Erroneous Data","E: Erroneous Data","E: Erroneous Data","E: Erroneous Data","E: Uncertainty","E: Erroneous Data"
"2021-08-19 10:00:00","PM10",NA,NA,NA,NA,NA,NA,NA,NA,NA,NA,NA,NA,NA,NA,NA,NA,NA,NA,NA,NA,NA,NA,NA,NA,NA,NA,NA,NA,NA,NA,NA,NA,NA,NA,NA,NA,NA,NA,NA,NA,"E: Erroneous Data","E: Erroneous Data","E: Erroneous Data","E: Erroneous Data","E: Erroneous Data","E: Erroneous Data","E: Erroneous Data","E: Erroneous Data","E: Erroneous Data","E: Uncertainty","E: Erroneous Data","E: Erroneous Data","E: Erroneous Data","E: Erroneous Data","E: Erroneous Data","E: Erroneous Data","E: Erroneous Data","E: Erroneous Data","E: Erroneous Data","E: Uncertainty","E: Erroneous Data","E: Uncertainty","E: Erroneous Data","E: Erroneous Data","E: Erroneous Data","E: Erroneous Data","E: Erroneous Data","E: Erroneous Data","E: Erroneous Data","E: Uncertainty","E: Erroneous Data","E: Uncertainty","E: Erroneous Data","E: Erroneous Data","E: Erroneous Data","E: Erroneous Data","E: Erroneous Data","E: Erroneous Data","E: Uncertainty","E: Erroneous Data"
"2021-08-19 11:00:00","PM2.5",NA,NA,NA,NA,NA,NA,NA,NA,NA,NA,NA,NA,NA,NA,NA,NA,NA,NA,NA,NA,NA,NA,NA,NA,NA,NA,NA,NA,NA,NA,NA,NA,NA,NA,NA,NA,NA,NA,NA,NA,"E: Uncertainty","E: Erroneous Data","E: Erroneous Data","E: Erroneous Data","E: Erroneous Data","E: Erroneous Data","E: Erroneous Data","E: Erroneous Data","E: Uncertainty","E: Erroneous Data","E: Uncertainty","E: Erroneous Data","E: Uncertainty","E: Erroneous Data","E: Erroneous Data","E: Erroneous Data","E: Erroneous Data","E: Erroneous Data","E: Uncertainty","E: Erroneous Data","E: Erroneous Data","E: Erroneous Data","E: Erroneous Data","E: Erroneous Data","E: Erroneous Data","E: Uncertainty","E: Uncertainty","E: Erroneous Data","E: Erroneous Data","E: Erroneous Data","E: Uncertainty","E: Erroneous Data","E: Uncertainty","E: Erroneous Data","E: Erroneous Data","E: Erroneous Data","E: Erroneous Data","E: Erroneous Data","E: Erroneous Data","E: Erroneous Data"
"2021-08-19 12:00:00","PM10",NA,NA,NA,NA,NA,NA,NA,NA,NA,NA,NA,NA,NA,NA,NA,NA,NA,NA,NA,NA,NA,NA,NA,NA,NA,NA,NA,NA,NA,NA,NA,NA,NA,NA,NA,NA,NA,NA,NA,NA,"E: Uncertainty","E: Erroneous Data","E: Erroneous Data","E: Erroneous Data","E: Erroneous Data","E: Erroneous Data","E: Erroneous Data","E: Erroneous Data","E: Erroneous Data","E: Uncertainty","E: Erroneous Data","E: Erroneous Data","E: Erroneous Data","E: Erroneous Data","E: Erroneous Data","E: Erroneous Data","E: Erroneous Data","E: Erroneous Data","E: Uncertainty","E: Erroneous Data","E: Erroneous Data","E: Erroneous Data","E: Erroneous Data","E: Erroneous Data","E: Erroneous Data","E: Uncertainty","E: Erroneous Data","E: Uncertainty","E: Erroneous Data","E: Erroneous Data","E: Erroneous Data","E: Erroneous Data","E: Uncertainty","E: Erroneous Data","E: Erroneous Data","E: Erroneous Data","E: Erroneous Data","E: Erroneous Data","E: Erroneous Data","E: Erroneous Data"
"2021-08-19 13:00:00","PM2.5",NA,NA,NA,NA,NA,NA,NA,NA,NA,NA,NA,NA,NA,NA,NA,NA,NA,NA,NA,NA,NA,NA,NA,NA,NA,NA,NA,NA,NA,NA,NA,NA,NA,NA,NA,NA,NA,NA,NA,NA,"E: Uncertainty","E: Erroneous Data","E: Erroneous Data","E: Erroneous Data","E: Erroneous Data","E: Erroneous Data","E: Erroneous Data","E: Uncertainty","E: Uncertainty","E: Uncertainty","E: Uncertainty","E: Erroneous Data","E: Erroneous Data","E: Erroneous Data","E: Erroneous Data","E: Erroneous Data","E: Erroneous Data","E: Erroneous Data","E: Erroneous Data","E: Erroneous Data","E: Erroneous Data","E: Uncertainty","E: Erroneous Data","E: Erroneous Data","E: Erroneous Data","E: Erroneous Data","E: Erroneous Data","E: Uncertainty","E: Erroneous Data","E: Erroneous Data","E: Uncertainty","E: Uncertainty","E: Uncertainty","E: Erroneous Data","E: Erroneous Data","E: Erroneous Data","E: Erroneous Data","E: Erroneous Data","E: Uncertainty","E: Erroneous Data"
"2021-08-19 14:00:00","PM10",NA,NA,NA,NA,NA,NA,NA,NA,NA,NA,NA,NA,NA,NA,NA,NA,NA,NA,NA,NA,NA,NA,NA,NA,NA,NA,NA,NA,NA,NA,NA,NA,NA,NA,NA,NA,NA,NA,NA,NA,"E: Uncertainty","E: Erroneous Data","E: Erroneous Data","E: Erroneous Data","E: Erroneous Data","E: Erroneous Data","E: Erroneous Data","E: Erroneous Data","E: Uncertainty","E: Uncertainty","E: Erroneous Data","E: Erroneous Data","E: Erroneous Data","E: Erroneous Data","E: Erroneous Data","E: Erroneous Data","E: Erroneous Data","E: Erroneous Data","E: Erroneous Data","E: Uncertainty","E: Erroneous Data","E: Uncertainty","E: Erroneous Data","E: Erroneous Data","E: Erroneous Data","E: Erroneous Data","E: Uncertainty","E: Erroneous Data","E: Erroneous Data","E: Erroneous Data","E: Uncertainty","E: Erroneous Data","E: Erroneous Data","E: Erroneous Data","E: Erroneous Data","E: Erroneous Data","E: Erroneous Data","E: Erroneous Data","E: Erroneous Data","E: Erroneous Data"
"2021-08-19 15:00:00","PM2.5",NA,NA,NA,NA,NA,NA,NA,NA,NA,NA,NA,NA,NA,NA,NA,NA,NA,NA,NA,NA,NA,NA,NA,NA,NA,NA,NA,NA,NA,NA,NA,NA,NA,NA,NA,NA,NA,NA,NA,NA,"E: Uncertainty","E: Erroneous Data","E: Erroneous Data","E: Erroneous Data","E: Erroneous Data","E: Erroneous Data","E: Erroneous Data","E: Uncertainty","E: Erroneous Data","E: Uncertainty","E: Uncertainty","E: Erroneous Data","E: Erroneous Data","E: Erroneous Data","E: Erroneous Data","E: Erroneous Data","E: Erroneous Data","E: Erroneous Data","E: Erroneous Data","E: Uncertainty","E: Erroneous Data","E: Uncertainty","E: Erroneous Data","E: Erroneous Data","E: Erroneous Data","E: Uncertainty","E: Erroneous Data","E: Erroneous Data","E: Erroneous Data","E: Erroneous Data","E: Uncertainty","E: Uncertainty","E: Uncertainty","E: Erroneous Data","E: Erroneous Data","E: Erroneous Data","E: Erroneous Data","E: Erroneous Data","E: Uncertainty","E: Erroneous Data"
"2021-08-19 16:00:00","PM10",NA,NA,NA,NA,NA,NA,NA,NA,NA,NA,NA,NA,NA,NA,NA,NA,NA,NA,NA,NA,NA,NA,NA,NA,NA,NA,NA,NA,NA,NA,NA,NA,NA,NA,NA,NA,NA,NA,NA,NA,"E: Erroneous Data","E: Uncertainty","E: Erroneous Data","E: Erroneous Data","E: Erroneous Data","E: Erroneous Data","E: Erroneous Data","E: Erroneous Data","E: Erroneous Data","E: Uncertainty","E: Erroneous Data","E: Erroneous Data","E: Erroneous Data","E: Uncertainty","E: Erroneous Data","E: Erroneous Data","E: Erroneous Data","E: Erroneous Data","E: Erroneous Data","E: Uncertainty","E: Erroneous Data","E: Uncertainty","E: Erroneous Data","E: Erroneous Data","E: Uncertainty","E: Uncertainty","E: Uncertainty","E: Uncertainty","E: Erroneous Data","E: Uncertainty","E: Erroneous Data","E: Uncertainty","E: Uncertainty","E: Erroneous Data","E: Erroneous Data","E: Erroneous Data","E: Erroneous Data","E: Erroneous Data","E: Uncertainty","E: Erroneous Data"
"2021-08-19 17:00:00","PM2.5",NA,NA,NA,NA,NA,NA,NA,NA,NA,NA,NA,NA,NA,NA,NA,NA,NA,NA,NA,NA,NA,NA,NA,NA,NA,NA,NA,NA,NA,NA,NA,NA,NA,NA,NA,NA,NA,NA,NA,NA,"E: Uncertainty","E: Erroneous Data","E: Erroneous Data","E: Erroneous Data","E: Erroneous Data","E: Erroneous Data","E: Erroneous Data","E: Erroneous Data","E: Erroneous Data","E: Uncertainty","E: Uncertainty","E: Erroneous Data","E: Erroneous Data","E: Uncertainty","E: Erroneous Data","E: Erroneous Data","E: Erroneous Data","E: Erroneous Data","E: Erroneous Data","E: Uncertainty","E: Erroneous Data","E: Uncertainty","E: Erroneous Data","E: Erroneous Data","E: Erroneous Data","E: Erroneous Data","E: Uncertainty","E: Uncertainty","E: Erroneous Data","E: Erroneous Data","E: Erroneous Data","E: Uncertainty","E: Uncertainty","E: Erroneous Data","E: Uncertainty","E: Erroneous Data","E: Erroneous Data","E: Erroneous Data","E: Erroneous Data","E: Erroneous Data"
"2021-08-19 18:00:00","PM10",NA,NA,NA,NA,NA,NA,NA,NA,NA,NA,NA,NA,NA,NA,NA,NA,NA,NA,NA,NA,NA,NA,NA,NA,NA,NA,NA,NA,NA,NA,NA,NA,NA,NA,NA,NA,NA,NA,NA,NA,"E: Uncertainty","E: Erroneous Data","E: Uncertainty","E: Erroneous Data","E: Erroneous Data","E: Erroneous Data","E: Erroneous Data","E: Erroneous Data","E: Erroneous Data","E: Erroneous Data","E: Uncertainty","E: Erroneous Data","E: Erroneous Data","E: Uncertainty","E: Erroneous Data","E: Erroneous Data","E: Erroneous Data","E: Erroneous Data","E: Erroneous Data","E: Erroneous Data","E: Uncertainty","E: Uncertainty","E: Erroneous Data","E: Erroneous Data","E: Erroneous Data","E: Erroneous Data","E: Uncertainty","E: Erroneous Data","E: Erroneous Data","E: Uncertainty","E: Uncertainty","E: Erroneous Data","E: Erroneous Data","E: Erroneous Data","E: Erroneous Data","E: Erroneous Data","E: Erroneous Data","E: Erroneous Data","E: Uncertainty","E: Erroneous Data"
"2021-08-19 19:00:00","PM2.5",NA,NA,NA,NA,NA,NA,NA,NA,NA,NA,NA,NA,NA,NA,NA,NA,NA,NA,NA,NA,NA,NA,NA,NA,NA,NA,NA,NA,NA,NA,NA,NA,NA,NA,NA,NA,NA,NA,NA,NA,"E: Uncertainty","E: Erroneous Data","E: Uncertainty","E: Erroneous Data","E: Erroneous Data","E: Erroneous Data","E: Erroneous Data","E: Erroneous Data","E: Erroneous Data","E: Uncertainty","E: Uncertainty","E: Erroneous Data","E: Erroneous Data","E: Erroneous Data","E: Erroneous Data","E: Erroneous Data","E: Erroneous Data","E: Erroneous Data","E: Erroneous Data","E: Erroneous Data","E: Uncertainty","E: Erroneous Data","E: Erroneous Data","E: Erroneous Data","E: Erroneous Data","E: Erroneous Data","E: Uncertainty","E: Uncertainty","E: Erroneous Data","E: Uncertainty","E: Uncertainty","E: Erroneous Data","E: Uncertainty","E: Erroneous Data","E: Erroneous Data","E: Erroneous Data","E: Erroneous Data","E: Erroneous Data","E: Erroneous Data","E: Erroneous Data"
"2021-08-19 20:00:00","PM10",NA,NA,NA,NA,NA,NA,NA,NA,NA,NA,NA,NA,NA,NA,NA,NA,NA,NA,NA,NA,NA,NA,NA,NA,NA,NA,NA,NA,NA,NA,NA,NA,NA,NA,NA,NA,NA,NA,NA,NA,"E: Erroneous Data","E: Erroneous Data","E: Erroneous Data","E: Erroneous Data","E: Erroneous Data","E: Erroneous Data","E: Erroneous Data","E: Erroneous Data","E: Erroneous Data","E: Uncertainty","E: Erroneous Data","E: Erroneous Data","E: Erroneous Data","E: Erroneous Data","E: Erroneous Data","E: Erroneous Data","E: Erroneous Data","E: Erroneous Data","E: Erroneous Data","E: Erroneous Data","E: Uncertainty","E: Uncertainty","E: Erroneous Data","E: Erroneous Data","E: Erroneous Data","E: Erroneous Data","E: Erroneous Data","E: Erroneous Data","E: Erroneous Data","E: Erroneous Data","E: Erroneous Data","E: Uncertainty","E: Erroneous Data","E: Erroneous Data","E: Erroneous Data","E: Erroneous Data","E: Erroneous Data","E: Erroneous Data","E: Erroneous Data","E: Erroneous Data"
"2021-08-19 21:00:00","PM2.5",NA,NA,NA,NA,NA,NA,NA,NA,NA,NA,NA,NA,NA,NA,NA,NA,NA,NA,NA,NA,NA,NA,NA,NA,NA,NA,NA,NA,NA,NA,NA,NA,NA,NA,NA,NA,NA,NA,NA,NA,"E: Erroneous Data","E: Erroneous Data","E: Uncertainty","E: Erroneous Data","E: Erroneous Data","E: Erroneous Data","E: Erroneous Data","E: Erroneous Data","E: Erroneous Data","E: Erroneous Data","E: Uncertainty","E: Erroneous Data","E: Uncertainty","E: Erroneous Data","E: Erroneous Data","E: Erroneous Data","E: Erroneous Data","E: Erroneous Data","E: Erroneous Data","E: Erroneous Data","E: Uncertainty","E: Uncertainty","E: Erroneous Data","E: Erroneous Data","E: Erroneous Data","E: Erroneous Data","E: Uncertainty","E: Erroneous Data","E: Erroneous Data","E: Erroneous Data","E: Uncertainty","E: Uncertainty","E: Erroneous Data","E: Erroneous Data","E: Erroneous Data","E: Erroneous Data","E: Erroneous Data","E: Erroneous Data","E: Uncertainty","E: Erroneous Data"
"2021-08-19 22:00:00","PM10",NA,NA,NA,NA,NA,NA,NA,NA,NA,NA,NA,NA,NA,NA,NA,NA,NA,NA,NA,NA,NA,NA,NA,NA,NA,NA,NA,NA,NA,NA,NA,NA,NA,NA,NA,NA,NA,NA,NA,NA,"E: Erroneous Data","E: Erroneous Data","E: Uncertainty","E: Erroneous Data","E: Erroneous Data","E: Erroneous Data","E: Erroneous Data","E: Erroneous Data","E: Erroneous Data","E: Erroneous Data","E: Uncertainty","E: Erroneous Data","E: Erroneous Data","E: Erroneous Data","E: Erroneous Data","E: Erroneous Data","E: Erroneous Data","E: Erroneous Data","E: Erroneous Data","E: Uncertainty","E: Uncertainty","E: Uncertainty","E: Erroneous Data","E: Erroneous Data","E: Erroneous Data","E: Erroneous Data","E: Uncertainty","E: Uncertainty","E: Erroneous Data","E: Uncertainty","E: Uncertainty","E: Uncertainty","E: Uncertainty","E: Erroneous Data","E: Erroneous Data","E: Erroneous Data","E: Erroneous Data","E: Erroneous Data","E: Uncertainty","E: Erroneous Data"
"2021-08-19 23:00:00","PM2.5",NA,NA,NA,NA,NA,NA,NA,NA,NA,NA,NA,NA,NA,NA,NA,NA,NA,NA,NA,NA,NA,NA,NA,NA,NA,NA,NA,NA,NA,NA,NA,NA,NA,NA,NA,NA,NA,NA,NA,NA,"E: Uncertainty","E: Erroneous Data","E: Erroneous Data","E: Erroneous Data","E: Erroneous Data","E: Erroneous Data","E: Uncertainty","E: Erroneous Data","E: Erroneous Data","E: Uncertainty","E: Erroneous Data","E: Erroneous Data","E: Uncertainty","E: Uncertainty","E: Erroneous Data","E: Erroneous Data","E: Erroneous Data","E: Erroneous Data","E: Erroneous Data","E: Uncertainty","E: Uncertainty","E: Uncertainty","E: Erroneous Data","E: Erroneous Data","E: Uncertainty","E: Uncertainty","E: Erroneous Data","E: Uncertainty","E: Erroneous Data","E: Erroneous Data","E: Uncertainty","E: Uncertainty","E: Uncertainty","E: Erroneous Data","E: Erroneous Data","E: Erroneous Data","E: Erroneous Data","E: Erroneous Data","E: Erroneous Data","E: Erroneous Data"
"2021-08-20 00:30:00","PM10",NA,0,NA,116.6899,NA,60.7016,9.4688,NA,0,NA,0,25.2309,0,0,NA,4.034,0,0,NA,0,NA,NA,0,0,0,19.6648,0,NA,0,NA,NA,NA,0,NA,NA,0,0,0,NA,0,"E: Uncertainty",NA,"E: Uncertainty",NA,"E: Uncertainty",NA,NA,"E: Uncertainty",NA,"E: Uncertainty",NA,NA,NA,NA,"E: Uncertainty",NA,NA,NA,"E: Uncertainty",NA,"E: Uncertainty","E: Uncertainty",NA,NA,NA,NA,NA,"E: Uncertainty",NA,"E: Uncertainty","E: Uncertainty","E: Uncertainty",NA,"E: Uncertainty","E: Uncertainty",NA,NA,NA,"E: Uncertainty",NA
"2021-08-20 01:00:00","PM2.5",NA,0,0,112.2823,0,16.643,9.5022,0.0156,NA,0,0,10.8227,0,0,NA,1.8274,0,0,0.4125,0,NA,NA,0,0,0,13.0624,NA,0,0,0,NA,NA,0,0,NA,0,0,0,0,0,"E: Uncertainty",NA,NA,NA,NA,NA,NA,NA,"E: Uncertainty",NA,NA,NA,NA,NA,"E: Uncertainty",NA,NA,NA,NA,NA,"E: Uncertainty","E: Uncertainty",NA,NA,NA,NA,"E: Uncertainty",NA,NA,NA,"E: Uncertainty","E: Uncertainty",NA,NA,"E: Uncertainty",NA,NA,NA,NA,NA
"2021-08-20 02:00:00","PM10",NA,0,NA,144.0569,0,42.7126,6.0672,0,0,NA,0,9.7482,0,0,0.5271,1.1428,0,0,0.4007,0,NA,NA,0,0,0,9.9151,NA,0,0,NA,NA,NA,0,NA,0,0,0,0,0,0,"E: Uncertainty",NA,"E: Uncertainty",NA,NA,NA,NA,NA,NA,"E: Uncertainty",NA,NA,NA,NA,NA,NA,NA,NA,NA,NA,"E: Uncertainty","E: Uncertainty",NA,NA,NA,NA,"E: Uncertainty",NA,NA,"E: Uncertainty","E: Uncertainty","E: Uncertainty",NA,"E: Uncertainty",NA,NA,NA,NA,NA,NA
"2021-08-20 03:00:00","PM2.5",NA,0,0,189.2047,0,8.1941,NA,0,NA,0,0,4.6628,0,0,0,0.4717,0,0,0.4672,NA,NA,NA,0,0,0,NA,NA,0.128,0,NA,0,0,NA,0,0,0,0,0,0,0,"E: Uncertainty",NA,NA,NA,NA,NA,"E: Uncertainty",NA,"E: Uncertainty",NA,NA,NA,NA,NA,NA,NA,NA,NA,NA,"E: Uncertainty","E: Uncertainty","E: Uncertainty",NA,NA,NA,"E: Uncertainty","E: Uncertainty",NA,NA,"E: Uncertainty",NA,NA,"E: Uncertainty",NA,NA,NA,NA,NA,NA,NA
"2021-08-20 04:00:00","PM10",NA,0,NA,435.9604,0,63.7691,9.2219,NA,NA,0,0,23.449,0,0,1.0107,1.5103,0,0,0.4516,NA,0,NA,0,0,0,NA,0,0,0,NA,0,0,0,0,NA,0,0,0,0,0,"E: Uncertainty",NA,"E: Uncertainty",NA,NA,NA,NA,"E: Uncertainty","E: Uncertainty",NA,NA,NA,NA,NA,NA,NA,NA,NA,NA,"E: Uncertainty",NA,"E: Uncertainty",NA,NA,NA,"E: Uncertainty",NA,NA,NA,"E: Uncertainty",NA,NA,NA,NA,"E: Uncertainty",NA,NA,NA,NA,NA
"2021-08-20 05:00:00","PM2.5",NA,0,NA,335.7948,0,18.0009,2.4016,0,0,0,0,32.5004,0,NA,2.042,0.9351,0,0,0.5549,0,NA,NA,0,0,0,16.4269,0,0,0,NA,0,NA,2.7419,0,0,0,0,0,0,0,"E: Uncertainty",NA,"E: Uncertainty",NA,NA,NA,NA,NA,NA,NA,NA,NA,NA,"E: Uncertainty",NA,NA,NA,NA,NA,NA,"E: Uncertainty","E: Uncertainty",NA,NA,NA,NA,NA,NA,NA,"E: Uncertainty",NA,"E: Uncertainty",NA,NA,NA,NA,NA,NA,NA,NA
"2021-08-20 06:00:00","PM10",NA,0,0,321.3971,0,63.4169,12.6039,NA,0,NA,NA,244.3108,0,0,7.5144,3.3505,0,0,0.453,0,NA,NA,0,0,0,NA,NA,NA,0,0,NA,0.2164,3.1322,0,0,0,0,0,0,0,"E: Uncertainty",NA,NA,NA,NA,NA,NA,"E: Uncertainty",NA,"E: Uncertainty","E: Uncertainty",NA,NA,NA,NA,NA,NA,NA,NA,NA,"E: Uncertainty","E: Uncertainty",NA,NA,NA,"E: Uncertainty","E: Uncertainty","E: Uncertainty",NA,NA,"E: Uncertainty",NA,NA,NA,NA,NA,NA,NA,NA,NA
"2021-08-20 07:00:00","PM2.5",NA,0,0,189.3485,0,15.3963,54.5906,NA,0,NA,0,55.5051,0,0,2.3559,1.5191,0,0,NA,0,0,NA,0,0,0,23.4641,NA,NA,0,0,NA,NA,NA,0,0,0,0,0,0,0,"E: Uncertainty",NA,NA,NA,NA,NA,NA,"E: Uncertainty",NA,"E: Uncertainty",NA,NA,NA,NA,NA,NA,NA,NA,"E: Uncertainty",NA,NA,"E: Uncertainty",NA,NA,NA,NA,"E: Uncertainty","E: Uncertainty",NA,NA,"E: Uncertainty","E: Uncertainty","E: Uncertainty",NA,NA,NA,NA,NA,NA,NA
"2021-08-20 08:00:00","PM10",NA,0,0,183.8634,0,57.5165,66.9173,2.1254,0,0.8191,NA,175.0723,0,0,6.414,5.4847,0,0,0.7261,0,0.618,NA,0,0,0,19.2482,NA,0,0,NA,NA,0,3.3105,0,0,0,0,0,0,0,"E: Uncertainty",NA,NA,NA,NA,NA,NA,NA,NA,NA,"E: Uncertainty",NA,NA,NA,NA,NA,NA,NA,NA,NA,NA,"E: Uncertainty",NA,NA,NA,NA,"E: Uncertainty",NA,NA,"E: Uncertainty","E: Uncertainty",NA,NA,NA,NA,NA,NA,NA,NA,NA
"2021-08-20 09:00:00","PM2.5",NA,0,NA,158.4391,0,11.0446,16.909,NA,NA,NA,0,53.3052,0,0,2.7957,4.9413,0,0,0.4159,0,NA,NA,0,0,0,18.2227,NA,0,0,0,0,NA,NA,0,0,0,0,0,NA,0,"E: Uncertainty",NA,"E: Uncertainty",NA,NA,NA,NA,"E: Uncertainty","E: Uncertainty","E: Uncertainty",NA,NA,NA,NA,NA,NA,NA,NA,NA,NA,"E: Uncertainty","E: Uncertainty",NA,NA,NA,NA,"E: Uncertainty",NA,NA,NA,NA,"E: Uncertainty","E: Uncertainty",NA,NA,NA,NA,NA,"E: Uncertainty",NA
"2021-08-20 10:00:00","PM10",NA,0.1399,0,189.5433,0,34.1731,72.2741,2.9918,0,NA,NA,118.0157,0,0,5.363,2.9413,0,0,NA,0,NA,NA,0,0,0,14.1556,NA,NA,NA,0,NA,NA,NA,0,0,0,0,0,0,0,"E: Uncertainty",NA,NA,NA,NA,NA,NA,NA,NA,"E: Uncertainty","E: Uncertainty",NA,NA,NA,NA,NA,NA,NA,"E: Uncertainty",NA,"E: Uncertainty","E: Uncertainty",NA,NA,NA,NA,"E: Uncertainty","E: Uncertainty","E: Uncertainty",NA,"E: Uncertainty","E: Uncertainty","E: Uncertainty",NA,NA,NA,NA,NA,NA,NA
"2021-08-20 11:00:00","PM2.5",602.7543,0,0,150.6258,0,11.0005,20.1466,1.1087,0,0,0,48.1898,0,0,3.2807,2.103,0,0,0,0,0.7087,0,0,0,0,NA,NA,NA,0,0.1576,NA,NA,0,0,0,0,0.0065,0,0,0,NA,NA,NA,NA,NA,NA,NA,NA,NA,NA,NA,NA,NA,NA,NA,NA,NA,NA,NA,NA,NA,NA,NA,NA,NA,"E: Uncertainty","E: Uncertainty","E: Uncertainty",NA,NA,"E: Uncertainty","E: Uncertainty",NA,NA,NA,NA,NA,NA,NA,NA
"2021-08-20 12:00:00","PM10",NA,NA,0,355.7512,NA,101.6028,108.9243,5.149,NA,NA,NA,108.4175,0,NA,3.6194,7.6389,0,0,0,0,1.4161,NA,0,0,0,11.06,NA,0,0,NA,0.1083,NA,NA,0,0,0,0,0,1.3871,0,"E: Uncertainty","E: Uncertainty",NA,NA,"E: Uncertainty",NA,NA,NA,"E: Uncertainty","E: Uncertainty","E: Uncertainty",NA,NA,"E: Uncertainty",NA,NA,NA,NA,NA,NA,NA,"E: Uncertainty",NA,NA,NA,NA,"E: Uncertainty",NA,NA,"E: Uncertainty",NA,"E: Uncertainty","E: Uncertainty",NA,NA,NA,NA,NA,NA,NA
"2021-08-20 13:00:00","PM2.5",NA,0,0,312.7817,0,33.0567,21.951,1.0461,0,0,NA,65.81,0,NA,2.3129,10.2576,0,0,0.9438,0,1.15,NA,0,0,0,NA,0,0,0,0,0,0,0,0,0,0,0,0,0,0,"E: Uncertainty",NA,NA,NA,NA,NA,NA,NA,NA,NA,"E: Uncertainty",NA,NA,"E: Uncertainty",NA,NA,NA,NA,NA,NA,NA,"E: Uncertainty",NA,NA,NA,"E: Uncertainty",NA,NA,NA,NA,NA,NA,NA,NA,NA,NA,NA,NA,NA,NA
"2021-08-20 14:00:00","PM10",0,NA,0,281.6322,81.0204,68.5653,142.1844,5.1334,0,NA,1.5937,186.1911,0,NA,5.3315,18.4486,0,0,1.0003,0,2.9374,NA,0,0,0,NA,0,NA,0,0,0,NA,3.1345,0,0,0,0,0,1.2407,0,NA,"E: Uncertainty",NA,NA,NA,NA,NA,NA,NA,"E: Uncertainty",NA,NA,NA,"E: Uncertainty",NA,NA,NA,NA,NA,NA,NA,"E: Uncertainty",NA,NA,NA,"E: Uncertainty",NA,"E: Uncertainty",NA,NA,NA,"E: Uncertainty",NA,NA,NA,NA,NA,NA,NA,NA
"2021-08-20 15:00:00","PM2.5",NA,0,0,148.8973,0,30.4283,26.1005,NA,0,NA,0,60.2924,0,0,2.2939,6.7721,0,0,0,0,1.7712,0,0,0,0,14.1704,NA,NA,0,0,0,NA,0,0,0,0,0,0,NA,0,"E: Uncertainty",NA,NA,NA,NA,NA,NA,"E: Uncertainty",NA,"E: Uncertainty",NA,NA,NA,NA,NA,NA,NA,NA,NA,NA,NA,NA,NA,NA,NA,NA,"E: Uncertainty","E: Uncertainty",NA,NA,NA,"E: Uncertainty",NA,NA,NA,NA,NA,NA,"E: Uncertainty",NA
"2021-08-20 16:00:00","PM10",NA,NA,0,215.1027,NA,65.3967,148.6064,4.7915,0,NA,2.0468,188.1096,0,0,6.4444,8.8668,0,0,NA,0,2.7742,NA,0,0,0,11.0652,NA,0,0,NA,NA,NA,NA,0,0,0,0,0,NA,0,"E: Uncertainty","E: Uncertainty",NA,NA,"E: Uncertainty",NA,NA,NA,NA,"E: Uncertainty",NA,NA,NA,NA,NA,NA,NA,NA,"E: Uncertainty",NA,NA,"E: Uncertainty",NA,NA,NA,NA,"E: Uncertainty",NA,NA,"E: Uncertainty","E: Uncertainty","E: Uncertainty","E: Uncertainty",NA,NA,NA,NA,NA,"E: Uncertainty",NA
"2021-08-20 17:00:00","PM2.5",NA,0,0,145.6092,0,41.5893,26.4132,NA,NA,0,NA,51.5197,0,0,1.6978,3.4812,0,0,0.4636,0,2.2886,NA,0,0,0,10.3494,NA,NA,0,NA,NA,NA,NA,0,0,0,0,0,0,0,"E: Uncertainty",NA,NA,NA,NA,NA,NA,"E: Uncertainty","E: Uncertainty",NA,"E: Uncertainty",NA,NA,NA,NA,NA,NA,NA,NA,NA,NA,"E: Uncertainty",NA,NA,NA,NA,"E: Uncertainty","E: Uncertainty",NA,"E: Uncertainty","E: Uncertainty","E: Uncertainty","E: Uncertainty",NA,NA,NA,NA,NA,NA,NA
"2021-08-20 18:00:00","PM10",4.263,NA,0,192.6004,NA,87.7252,284.2585,5.3367,0,NA,1.9273,183.8072,0.0124,NA,5.9577,7.703,0,0,1.5677,NA,2.5822,1.6148,0,0,0,NA,0,0,0,NA,NA,NA,NA,0,0,0,0,0,NA,0,NA,"E: Uncertainty",NA,NA,"E: Uncertainty",NA,NA,NA,NA,"E: Uncertainty",NA,NA,NA,"E: Uncertainty",NA,NA,NA,NA,NA,"E: Uncertainty",NA,NA,NA,NA,NA,"E: Uncertainty",NA,NA,NA,"E: Uncertainty","E: Uncertainty","E: Uncertainty","E: Uncertainty",NA,NA,NA,NA,NA,"E: Uncertainty",NA
"2021-08-20 19:00:00","PM2.5",NA,0,0,140.133,0,51.8459,54.6513,NA,NA,NA,NA,68.9497,0,NA,2.0881,4.9448,0,0,1.3,0,1.5307,NA,0,0,0,NA,NA,NA,0,0,NA,NA,NA,0,0,0,0,0,0,0,"E: Uncertainty",NA,NA,NA,NA,NA,NA,"E: Uncertainty","E: Uncertainty","E: Uncertainty","E: Uncertainty",NA,NA,"E: Uncertainty",NA,NA,NA,NA,NA,NA,NA,"E: Uncertainty",NA,NA,NA,"E: Uncertainty","E: Uncertainty","E: Uncertainty",NA,NA,"E: Uncertainty","E: Uncertainty","E: Uncertainty",NA,NA,NA,NA,NA,NA,NA
"2021-08-20 20:00:00","PM10",NA,0,0,209.9871,NA,74.6357,191.5681,3.1137,NA,NA,NA,120.2358,0,0,4.5943,16.7701,0,0,2.2589,0,2.0825,NA,0,0,0,NA,NA,0,0,0,NA,NA,NA,0,0,0,0,0,4.7948,0,"E: Uncertainty",NA,NA,NA,"E: Uncertainty",NA,NA,NA,"E: Uncertainty","E: Uncertainty","E: Uncertainty",NA,NA,NA,NA,NA,NA,NA,NA,NA,NA,"E: Uncertainty",NA,NA,NA,"E: Uncertainty","E: Uncertainty",NA,NA,NA,"E: Uncertainty","E: Uncertainty","E: Uncertainty",NA,NA,NA,NA,NA,NA,NA
"2021-08-20 21:00:00","PM2.5",658.198,0,0,153.9433,0,43.371,16.1444,0,NA,0,0,32.3107,NA,0,1.9641,36.874,0,0,2.7148,0,1.0338,NA,0,0,0,9.7764,NA,0,0,NA,NA,NA,NA,0,0,0,0,0,12.1287,0,NA,NA,NA,NA,NA,NA,NA,NA,"E: Uncertainty",NA,NA,NA,"E: Uncertainty",NA,NA,NA,NA,NA,NA,NA,NA,"E: Uncertainty",NA,NA,NA,NA,"E: Uncertainty",NA,NA,"E: Uncertainty","E: Uncertainty","E: Uncertainty","E: Uncertainty",NA,NA,NA,NA,NA,NA,NA
"2021-08-20 22:00:00","PM10",NA,0,0,276.5592,31.6882,68.4017,76.5033,1.8699,NA,NA,NA,93.1468,0,NA,3.4359,22.4967,0,0,2.6611,0,2.5556,NA,0,0,0,NA,0,0,0,0,NA,NA,NA,0,0,0,0,0,4.9999,0,"E: Uncertainty",NA,NA,NA,NA,NA,NA,NA,"E: Uncertainty","E: Uncertainty","E: Uncertainty",NA,NA,"E: Uncertainty",NA,NA,NA,NA,NA,NA,NA,"E: Uncertainty",NA,NA,NA,"E: Uncertainty",NA,NA,NA,NA,"E: Uncertainty","E: Uncertainty","E: Uncertainty",NA,NA,NA,NA,NA,NA,NA
"2021-08-20 23:00:00","PM2.5",NA,0,0,132.9272,0,28.4418,3.0952,0.0136,NA,NA,0,23.6198,NA,0,0.9577,6.0774,0,0,1.017,0,0.9096,NA,0,0,0,18.2109,NA,NA,0,0,NA,NA,0,0,0,0,0,0,NA,0,"E: Uncertainty",NA,NA,NA,NA,NA,NA,NA,"E: Uncertainty","E: Uncertainty",NA,NA,"E: Uncertainty",NA,NA,NA,NA,NA,NA,NA,NA,"E: Uncertainty",NA,NA,NA,NA,"E: Uncertainty","E: Uncertainty",NA,NA,"E: Uncertainty","E: Uncertainty",NA,NA,NA,NA,NA,NA,"E: Uncertainty",NA
"2021-08-21 00:30:00","PM10",NA,0,0,101.155,0,21.2076,5.4219,0,NA,NA,0,34.8084,0,0,1.1301,1.5945,0,0,NA,0,NA,NA,0,0,0,NA,0,NA,0,NA,NA,NA,0,0,0,0,0,0,0,0,"E: Uncertainty",NA,NA,NA,NA,NA,NA,NA,"E: Uncertainty","E: Uncertainty",NA,NA,NA,NA,NA,NA,NA,NA,"E: Uncertainty",NA,"E: Uncertainty","E: Uncertainty",NA,NA,NA,"E: Uncertainty",NA,"E: Uncertainty",NA,"E: Uncertainty","E: Uncertainty","E: Uncertainty",NA,NA,NA,NA,NA,NA,NA,NA
"2021-08-21 01:00:00","PM2.5",0,0,0,137.6924,0,35.1098,4.6915,0,NA,NA,0,16.4723,0,NA,0.9056,4.7586,0,0,0.8096,0,0.6939,0,0,0,0,8.8891,NA,NA,0,0,NA,NA,NA,0,0,0,0,0,0.7375,0,NA,NA,NA,NA,NA,NA,NA,NA,"E: Uncertainty","E: Uncertainty",NA,NA,NA,"E: Uncertainty",NA,NA,NA,NA,NA,NA,NA,NA,NA,NA,NA,NA,"E: Uncertainty","E: Uncertainty",NA,NA,"E: Uncertainty","E: Uncertainty","E: Uncertainty",NA,NA,NA,NA,NA,NA,NA
"2021-08-21 02:00:00","PM10",767.91,0,0,246.4625,0,77.7623,28.4647,0,NA,0,NA,48.7848,0,0,1.8088,9.3173,0,0,1.3885,0,1.3459,NA,0,0,0,19.6553,NA,NA,0,0,0,NA,NA,0,0,0,0,0,1.8577,0,NA,NA,NA,NA,NA,NA,NA,NA,"E: Uncertainty",NA,"E: Uncertainty",NA,NA,NA,NA,NA,NA,NA,NA,NA,NA,"E: Uncertainty",NA,NA,NA,NA,"E: Uncertainty","E: Uncertainty",NA,NA,NA,"E: Uncertainty","E: Uncertainty",NA,NA,NA,NA,NA,NA,NA
"2021-08-21 03:00:00","PM2.5",728.7966,0,0,207.7587,0,34.4183,9.5159,NA,NA,NA,0,21.4702,0,0,1.0366,7.2896,0,0,1.7497,NA,1.7835,NA,0,0,0,11.4377,0,NA,0,0,0,NA,NA,0,0,0,0,0,1.7293,0,NA,NA,NA,NA,NA,NA,NA,"E: Uncertainty","E: Uncertainty","E: Uncertainty",NA,NA,NA,NA,NA,NA,NA,NA,NA,"E: Uncertainty",NA,"E: Uncertainty",NA,NA,NA,NA,NA,"E: Uncertainty",NA,NA,NA,"E: Uncertainty","E: Uncertainty",NA,NA,NA,NA,NA,NA,NA
"2021-08-21 04:00:00","PM10",NA,0,0,285.4738,0,54.1059,41.87,NA,0.8857,0,0,36.8407,0,NA,1.0417,4.8307,0,0,1.9104,NA,1.6814,NA,0,0,0,NA,0.0337,NA,0,NA,0,NA,0,0,0,0,6e-04,0,0,0,"E: Uncertainty",NA,NA,NA,NA,NA,NA,"E: Uncertainty",NA,NA,NA,NA,NA,"E: Uncertainty",NA,NA,NA,NA,NA,"E: Uncertainty",NA,"E: Uncertainty",NA,NA,NA,"E: Uncertainty",NA,"E: Uncertainty",NA,"E: Uncertainty",NA,"E: Uncertainty",NA,NA,NA,NA,NA,NA,NA,NA
"2021-08-21 05:00:00","PM2.5",NA,0,0,216.8155,0,25.2704,7.1534,0,NA,0,0,18.7648,0,NA,0.5179,3.7868,0,0,1.5528,NA,1.25,NA,0,0,0,NA,0,0,0,NA,NA,NA,0,0,NA,0,0,0,0,0,"E: Uncertainty",NA,NA,NA,NA,NA,NA,NA,"E: Uncertainty",NA,NA,NA,NA,"E: Uncertainty",NA,NA,NA,NA,NA,"E: Uncertainty",NA,"E: Uncertainty",NA,NA,NA,"E: Uncertainty",NA,NA,NA,"E: Uncertainty","E: Uncertainty","E: Uncertainty",NA,NA,"E: Uncertainty",NA,NA,NA,NA,NA
"2021-08-21 06:00:00","PM10",656.7464,0,0,273.2819,0,58.5357,28.1721,NA,0.8131,NA,0,89.1859,0,NA,2.8594,4.8756,0,0,1.4728,0,3.3685,NA,0,0,0,14.7945,0,0,0,NA,NA,0,NA,0,0,0,0,0,0,0,NA,NA,NA,NA,NA,NA,NA,"E: Uncertainty",NA,"E: Uncertainty",NA,NA,NA,"E: Uncertainty",NA,NA,NA,NA,NA,NA,NA,"E: Uncertainty",NA,NA,NA,NA,NA,NA,NA,"E: Uncertainty","E: Uncertainty",NA,"E: Uncertainty",NA,NA,NA,NA,NA,NA,NA
"2021-08-21 07:00:00","PM2.5",NA,0,0,226.0119,0,28.7988,12.8529,1.7812,1.3066,0,0,30.4901,0,0,1.1455,4.2994,0,0,1.5594,0,2.0536,NA,0,0,0,13.1817,NA,0,0,0,NA,NA,NA,0,0,0,0,0,0,0,"E: Uncertainty",NA,NA,NA,NA,NA,NA,NA,NA,NA,NA,NA,NA,NA,NA,NA,NA,NA,NA,NA,NA,"E: Uncertainty",NA,NA,NA,NA,"E: Uncertainty",NA,NA,NA,"E: Uncertainty","E: Uncertainty","E: Uncertainty",NA,NA,NA,NA,NA,NA,NA
"2021-08-21 08:00:00","PM10",NA,0,NA,292.3764,0,62.5013,50.1633,2.4828,1.2665,0,NA,73.8258,0,NA,2.8495,4.1253,0,0,0.7321,NA,3.0208,NA,0,0,0,16.241,0,NA,0,NA,0,0,NA,0,0,0,0,0,0,0,"E: Uncertainty",NA,"E: Uncertainty",NA,NA,NA,NA,NA,NA,NA,"E: Uncertainty",NA,NA,"E: Uncertainty",NA,NA,NA,NA,NA,"E: Uncertainty",NA,"E: Uncertainty",NA,NA,NA,NA,NA,"E: Uncertainty",NA,"E: Uncertainty",NA,NA,"E: Uncertainty",NA,NA,NA,NA,NA,NA,NA
"2021-08-21 09:00:00","PM2.5",0,0,0,159.6303,0,19.6455,19.3509,NA,NA,0,0,19.6061,0,NA,1.0285,1.7085,0,0,0.4912,0,1.5333,NA,0,0,0,15.9088,0,0,0,NA,NA,NA,NA,0,0,0,0,0,0,0,NA,NA,NA,NA,NA,NA,NA,"E: Uncertainty","E: Uncertainty",NA,NA,NA,NA,"E: Uncertainty",NA,NA,NA,NA,NA,NA,NA,"E: Uncertainty",NA,NA,NA,NA,NA,NA,NA,"E: Uncertainty","E: Uncertainty","E: Uncertainty","E: Uncertainty",NA,NA,NA,NA,NA,NA,NA
"2021-08-21 10:00:00","PM10",NA,0,0,219.5626,0,46.2682,26.0176,1.3249,0,0,0,65.1786,NA,NA,2.4703,1.6835,0,0,0.4969,0.0057,1.5145,NA,0,0,0,22.2135,NA,0,0,NA,NA,NA,0,0,0,0,0,0,0,0,"E: Uncertainty",NA,NA,NA,NA,NA,NA,NA,NA,NA,NA,NA,"E: Uncertainty","E: Uncertainty",NA,NA,NA,NA,NA,NA,NA,"E: Uncertainty",NA,NA,NA,NA,"E: Uncertainty",NA,NA,"E: Uncertainty","E: Uncertainty","E: Uncertainty",NA,NA,NA,NA,NA,NA,NA,NA
"2021-08-21 11:00:00","PM2.5",NA,0,0,146.9273,0,20.5145,10.8083,0,NA,0,NA,26.5175,NA,0,0.9442,1.4621,0,0,NA,0,1.9783,NA,0,0,0,12.4272,0,NA,0,NA,NA,NA,NA,0,NA,0,NA,0,0,0,"E: Uncertainty",NA,NA,NA,NA,NA,NA,NA,"E: Uncertainty",NA,"E: Uncertainty",NA,"E: Uncertainty",NA,NA,NA,NA,NA,"E: Uncertainty",NA,NA,"E: Uncertainty",NA,NA,NA,NA,NA,"E: Uncertainty",NA,"E: Uncertainty","E: Uncertainty","E: Uncertainty","E: Uncertainty",NA,"E: Uncertainty",NA,"E: Uncertainty",NA,NA,NA
"2021-08-21 12:00:00","PM10",NA,0,0,182.0326,0,53.6404,52.8867,NA,NA,NA,NA,88.2674,0,0,2.839,5.726,0,0,3.2061,NA,2.2949,NA,0,0,0,16.5447,NA,0,0,0,0,NA,NA,0,0,0,0,0,NA,0,"E: Uncertainty",NA,NA,NA,NA,NA,NA,"E: Uncertainty","E: Uncertainty","E: Uncertainty","E: Uncertainty",NA,NA,NA,NA,NA,NA,NA,NA,"E: Uncertainty",NA,"E: Uncertainty",NA,NA,NA,NA,"E: Uncertainty",NA,NA,NA,NA,"E: Uncertainty","E: Uncertainty",NA,NA,NA,NA,NA,"E: Uncertainty",NA
"2021-08-21 13:00:00","PM2.5",859.2832,0,0,177.8241,0,27.3535,8.5531,NA,NA,0,0,44.3116,0,0,1.242,4.8227,0,0,0.9172,0,1.6465,NA,0,0,0,14.8977,0,NA,0,NA,NA,NA,NA,0,NA,0,0,0,4.5093,0,NA,NA,NA,NA,NA,NA,NA,"E: Uncertainty","E: Uncertainty",NA,NA,NA,NA,NA,NA,NA,NA,NA,NA,NA,NA,"E: Uncertainty",NA,NA,NA,NA,NA,"E: Uncertainty",NA,"E: Uncertainty","E: Uncertainty","E: Uncertainty","E: Uncertainty",NA,"E: Uncertainty",NA,NA,NA,NA,NA
"2021-08-21 14:00:00","PM10",NA,0,0,242.4665,0,56.2691,111.896,NA,NA,0,0,61.4699,0,NA,3.9064,20.4271,0,0,5.8122,0,2.1083,NA,0,0,0,NA,NA,0,0,NA,NA,0,0,0,0,0,0,0,50.1357,0,"E: Uncertainty",NA,NA,NA,NA,NA,NA,"E: Uncertainty","E: Uncertainty",NA,NA,NA,NA,"E: Uncertainty",NA,NA,NA,NA,NA,NA,NA,"E: Uncertainty",NA,NA,NA,"E: Uncertainty","E: Uncertainty",NA,NA,"E: Uncertainty","E: Uncertainty",NA,NA,NA,NA,NA,NA,NA,NA,NA
"2021-08-21 15:00:00","PM2.5",0,0,0,183.7394,0,34.7954,16.2872,0,NA,0,0.0047,32.6498,0,0,2.3105,8.2501,0,0,4.0628,0,2.8939,NA,0,0,0,12.4074,NA,0,0,NA,0,NA,NA,0,NA,0,0,0,32.8891,0,NA,NA,NA,NA,NA,NA,NA,NA,"E: Uncertainty",NA,NA,NA,NA,NA,NA,NA,NA,NA,NA,NA,NA,"E: Uncertainty",NA,NA,NA,NA,"E: Uncertainty",NA,NA,"E: Uncertainty",NA,"E: Uncertainty","E: Uncertainty",NA,"E: Uncertainty",NA,NA,NA,NA,NA
"2021-08-21 16:00:00","PM10",722.9636,0,NA,154.6597,0,62.8156,298.0645,NA,1.2322,NA,0,74.3951,0,NA,2.6658,21.6984,0,0,1.2297,NA,18.3339,0,0,0,0,14.4499,0,0.0693,0,NA,NA,NA,NA,0,0,0,0,0,5.684,0,NA,NA,"E: Uncertainty",NA,NA,NA,NA,"E: Uncertainty",NA,"E: Uncertainty",NA,NA,NA,"E: Uncertainty",NA,NA,NA,NA,NA,"E: Uncertainty",NA,NA,NA,NA,NA,NA,NA,NA,NA,"E: Uncertainty","E: Uncertainty","E: Uncertainty","E: Uncertainty",NA,NA,NA,NA,NA,NA,NA
"2021-08-21 17:00:00","PM2.5",0,0,0,136.6683,0,51.2734,4.0612,0,NA,NA,0,36.2509,0,0,1.6978,4.6259,0,0,1.7345,0,1.3815,0,0,0,0,9.3568,NA,0,0,0,NA,0,NA,0,0,0,0,0,0.9237,0,NA,NA,NA,NA,NA,NA,NA,NA,"E: Uncertainty","E: Uncertainty",NA,NA,NA,NA,NA,NA,NA,NA,NA,NA,NA,NA,NA,NA,NA,NA,"E: Uncertainty",NA,NA,NA,"E: Uncertainty",NA,"E: Uncertainty",NA,NA,NA,NA,NA,NA,NA
"2021-08-21 18:00:00","PM10",NA,0,0,153.1926,0,86.2649,24.2827,2.6361,NA,NA,1.0001,208.9208,0,NA,15.3516,12.1683,0,0,1.4714,0,1.117,NA,0,0,0,NA,NA,0,0,0,NA,NA,6.4615,0,0,0,0,0,NA,0,"E: Uncertainty",NA,NA,NA,NA,NA,NA,NA,"E: Uncertainty","E: Uncertainty",NA,NA,NA,"E: Uncertainty",NA,NA,NA,NA,NA,NA,NA,"E: Uncertainty",NA,NA,NA,"E: Uncertainty","E: Uncertainty",NA,NA,NA,"E: Uncertainty","E: Uncertainty",NA,NA,NA,NA,NA,NA,"E: Uncertainty",NA
"2021-08-21 19:00:00","PM2.5",852.2111,0,NA,120.136,0,36.0151,7.0424,NA,NA,0,0,108.8057,0,NA,8.6279,6.9691,0,0,2.6846,0,NA,NA,0,0,0,NA,NA,NA,0,0,NA,NA,NA,0,0,0,0,0,NA,0,NA,NA,"E: Uncertainty",NA,NA,NA,NA,"E: Uncertainty","E: Uncertainty",NA,NA,NA,NA,"E: Uncertainty",NA,NA,NA,NA,NA,NA,"E: Uncertainty","E: Uncertainty",NA,NA,NA,"E: Uncertainty","E: Uncertainty","E: Uncertainty",NA,NA,"E: Uncertainty","E: Uncertainty","E: Uncertainty",NA,NA,NA,NA,NA,"E: Uncertainty",NA
"2021-08-21 20:00:00","PM10",1027.7056,0,31.4129,152.3629,0,97.9989,45.2117,4.5759,NA,0.833,3.5669,675.3784,0,NA,29.6979,15.9503,0,0,3.1308,0,2.4937,NA,0,0,0,13.8066,NA,NA,0,0,0,NA,12.958,0,0,0,0,0,2.7994,0,NA,NA,NA,NA,NA,NA,NA,NA,"E: Uncertainty",NA,NA,NA,NA,"E: Uncertainty",NA,NA,NA,NA,NA,NA,NA,"E: Uncertainty",NA,NA,NA,NA,"E: Uncertainty","E: Uncertainty",NA,NA,NA,"E: Uncertainty",NA,NA,NA,NA,NA,NA,NA,NA
"2021-08-21 21:00:00","PM2.5",0,0,NA,115.587,0,41.1718,8.5764,0,NA,0,NA,122.2528,0,NA,6.8596,5.0311,0,0,2.4392,0,1.7293,NA,0,0,0,10.3541,NA,NA,0,0,NA,NA,NA,0,0,0,0,0,2.3615,0,NA,NA,"E: Uncertainty",NA,NA,NA,NA,NA,"E: Uncertainty",NA,"E: Uncertainty",NA,NA,"E: Uncertainty",NA,NA,NA,NA,NA,NA,NA,"E: Uncertainty",NA,NA,NA,NA,"E: Uncertainty","E: Uncertainty",NA,NA,"E: Uncertainty","E: Uncertainty","E: Uncertainty",NA,NA,NA,NA,NA,NA,NA
"2021-08-21 22:00:00","PM10",NA,0,NA,122.71,0,86.7413,23.7493,NA,NA,NA,NA,163.9103,NA,NA,9.3758,4.2597,0,0,3.1083,0,1.3588,NA,0,0,0,15.9868,NA,0,0,0,NA,NA,4.6807,0,0,0,0,0,0.847,0,"E: Uncertainty",NA,"E: Uncertainty",NA,NA,NA,NA,"E: Uncertainty","E: Uncertainty","E: Uncertainty","E: Uncertainty",NA,"E: Uncertainty","E: Uncertainty",NA,NA,NA,NA,NA,NA,NA,"E: Uncertainty",NA,NA,NA,NA,"E: Uncertainty",NA,NA,NA,"E: Uncertainty","E: Uncertainty",NA,NA,NA,NA,NA,NA,NA,NA
"2021-08-21 23:00:00","PM2.5",NA,0,0,41.967,0,24.024,7.1704,0,0,0,0,16.2617,0,0,NA,1.2576,0,0,NA,NA,NA,NA,0,0,0,NA,0,NA,0,NA,NA,NA,NA,0,0,0,0,0,0,0,"E: Uncertainty",NA,NA,NA,NA,NA,NA,NA,NA,NA,NA,NA,NA,NA,"E: Uncertainty",NA,NA,NA,"E: Uncertainty","E: Uncertainty","E: Uncertainty","E: Uncertainty",NA,NA,NA,"E: Uncertainty",NA,"E: Uncertainty",NA,"E: Uncertainty","E: Uncertainty","E: Uncertainty","E: Uncertainty",NA,NA,NA,NA,NA,NA,NA
"2021-08-22 00:30:00","PM10",NA,0,NA,133.055,0,114.8976,7.7924,0,0,NA,0,39.9397,0,0,1.9066,5.8176,0,0,0.8742,0,NA,NA,0,0,0,NA,NA,NA,0,NA,0,NA,NA,0,0,0,0,0,0,0,"E: Uncertainty",NA,"E: Uncertainty",NA,NA,NA,NA,NA,NA,"E: Uncertainty",NA,NA,NA,NA,NA,NA,NA,NA,NA,NA,"E: Uncertainty","E: Uncertainty",NA,NA,NA,"E: Uncertainty","E: Uncertainty","E: Uncertainty",NA,"E: Uncertainty",NA,"E: Uncertainty","E: Uncertainty",NA,NA,NA,NA,NA,NA,NA
"2021-08-22 01:00:00","PM2.5",NA,0,NA,229.2688,7.9077,18.3702,3.2509,0,0,0,0,9.1765,NA,NA,0.6353,2.8945,0,0,1.0534,0,1.0936,NA,0,0,0,14.3284,NA,NA,0,NA,NA,NA,NA,0,0,0,0,0,0,0,"E: Uncertainty",NA,"E: Uncertainty",NA,NA,NA,NA,NA,NA,NA,NA,NA,"E: Uncertainty","E: Uncertainty",NA,NA,NA,NA,NA,NA,NA,"E: Uncertainty",NA,NA,NA,NA,"E: Uncertainty","E: Uncertainty",NA,"E: Uncertainty","E: Uncertainty","E: Uncertainty","E: Uncertainty",NA,NA,NA,NA,NA,NA,NA
"2021-08-22 02:00:00","PM10",NA,0,0,318.7944,268.5644,92.8053,14.2763,0,NA,0,0,15.7072,0,0,0.8338,1.5217,0,0,1.0127,0,0.7422,NA,0,0,NA,16.0777,0,NA,0,NA,NA,NA,0,0,0,0,0,0,0,0,"E: Uncertainty",NA,NA,NA,NA,NA,NA,NA,"E: Uncertainty",NA,NA,NA,NA,NA,NA,NA,NA,NA,NA,NA,NA,"E: Uncertainty",NA,NA,"E: Uncertainty",NA,NA,"E: Uncertainty",NA,"E: Uncertainty","E: Uncertainty","E: Uncertainty",NA,NA,NA,NA,NA,NA,NA,NA
"2021-08-22 03:00:00","PM2.5",741.4518,0,NA,271.6369,NA,15.7841,2.081,NA,NA,0,0,6.7741,0,0,NA,NA,0,0,0.6265,0,NA,NA,0,0,0,10.1078,0,NA,0,0,NA,0,0,0,0,0,0,0,0,0,NA,NA,"E: Uncertainty",NA,"E: Uncertainty",NA,NA,"E: Uncertainty","E: Uncertainty",NA,NA,NA,NA,NA,"E: Uncertainty","E: Uncertainty",NA,NA,NA,NA,"E: Uncertainty","E: Uncertainty",NA,NA,NA,NA,NA,"E: Uncertainty",NA,NA,"E: Uncertainty",NA,NA,NA,NA,NA,NA,NA,NA,NA
"2021-08-22 04:00:00","PM10",NA,0,0,339.2362,189.647,74.0844,12.9499,NA,0,0,0,16.3738,0,0,NA,1.6481,0,0,0,0,1.4362,NA,0,0,0,14.3838,0,NA,0,NA,NA,NA,NA,0,NA,0,0,0,1.7786,0,"E: Uncertainty",NA,NA,NA,NA,NA,NA,"E: Uncertainty",NA,NA,NA,NA,NA,NA,"E: Uncertainty",NA,NA,NA,NA,NA,NA,"E: Uncertainty",NA,NA,NA,NA,NA,"E: Uncertainty",NA,"E: Uncertainty","E: Uncertainty","E: Uncertainty","E: Uncertainty",NA,"E: Uncertainty",NA,NA,NA,NA,NA
"2021-08-22 05:00:00","PM2.5",NA,0,0,287.7843,0,15.3654,4.4357,NA,0,0,0,8.982,0,0,NA,2.0913,0,0,1.2433,NA,0.9541,NA,0,0,0,11.7043,0,0,0,NA,NA,NA,0,NA,0,0,0,0,0,0,"E: Uncertainty",NA,NA,NA,NA,NA,NA,"E: Uncertainty",NA,NA,NA,NA,NA,NA,"E: Uncertainty",NA,NA,NA,NA,"E: Uncertainty",NA,"E: Uncertainty",NA,NA,NA,NA,NA,NA,NA,"E: Uncertainty","E: Uncertainty","E: Uncertainty",NA,"E: Uncertainty",NA,NA,NA,NA,NA,NA
"2021-08-22 06:00:00","PM10",NA,0,0,358.6892,285.9868,68.1591,26.8422,NA,NA,0,NA,36.2465,0,0,0.7878,1.786,0,0,0.7208,0,1.6586,NA,0,0,0,NA,NA,NA,0,NA,0,NA,NA,0,NA,0,0,0,0,0,"E: Uncertainty",NA,NA,NA,NA,NA,NA,"E: Uncertainty","E: Uncertainty",NA,"E: Uncertainty",NA,NA,NA,NA,NA,NA,NA,NA,NA,NA,"E: Uncertainty",NA,NA,NA,"E: Uncertainty","E: Uncertainty","E: Uncertainty",NA,"E: Uncertainty",NA,"E: Uncertainty","E: Uncertainty",NA,"E: Uncertainty",NA,NA,NA,NA,NA
"2021-08-22 07:00:00","PM2.5",650.5052,0,NA,383.7082,0,19.2866,12.9153,0,NA,0,0,15.0826,0,NA,NA,1.4034,0,0,0.5451,0,0.8042,NA,0,0,0,11.1311,NA,NA,0,0,0,NA,0,0,0,0,0,0,0,0,NA,NA,"E: Uncertainty",NA,NA,NA,NA,NA,"E: Uncertainty",NA,NA,NA,NA,"E: Uncertainty","E: Uncertainty",NA,NA,NA,NA,NA,NA,"E: Uncertainty",NA,NA,NA,NA,"E: Uncertainty","E: Uncertainty",NA,NA,NA,"E: Uncertainty",NA,NA,NA,NA,NA,NA,NA,NA
"2021-08-22 08:00:00","PM10",NA,0,0,469.5617,223.1806,88.8653,61.072,1.0556,NA,0,NA,69.0477,0,NA,1.8626,3.0218,0,0,0.4665,0,1.6891,NA,0,0,0,NA,0,NA,0,NA,0,0,0,0,0,0,0,0,NA,0,"E: Uncertainty",NA,NA,NA,NA,NA,NA,NA,"E: Uncertainty",NA,"E: Uncertainty",NA,NA,"E: Uncertainty",NA,NA,NA,NA,NA,NA,NA,"E: Uncertainty",NA,NA,NA,"E: Uncertainty",NA,"E: Uncertainty",NA,"E: Uncertainty",NA,NA,NA,NA,NA,NA,NA,NA,"E: Uncertainty",NA
"2021-08-22 09:00:00","PM2.5",NA,0,0,348.9485,0,29.0489,14.5507,1.6745,NA,0,0,40.2132,0,NA,1.6278,2.4428,0,0,1.053,0,0.7126,0,0,0,0,NA,NA,0,0,NA,NA,0,0,0,0,0,0,0,5.7042,0,"E: Uncertainty",NA,NA,NA,NA,NA,NA,NA,"E: Uncertainty",NA,NA,NA,NA,"E: Uncertainty",NA,NA,NA,NA,NA,NA,NA,NA,NA,NA,NA,"E: Uncertainty","E: Uncertainty",NA,NA,"E: Uncertainty","E: Uncertainty",NA,NA,NA,NA,NA,NA,NA,NA,NA
"2021-08-22 10:00:00","PM10",NA,0,NA,391.8533,64.3457,73.2745,52.7578,1.5994,NA,NA,0.844,99.6553,NA,0,3.6295,4.8687,0,0,0.4805,NA,1.4324,NA,0,0,0,15.8165,NA,0,0,NA,NA,NA,NA,0,0,0,0,0,1.6035,0,"E: Uncertainty",NA,"E: Uncertainty",NA,NA,NA,NA,NA,"E: Uncertainty","E: Uncertainty",NA,NA,"E: Uncertainty",NA,NA,NA,NA,NA,NA,"E: Uncertainty",NA,"E: Uncertainty",NA,NA,NA,NA,"E: Uncertainty",NA,NA,"E: Uncertainty","E: Uncertainty","E: Uncertainty","E: Uncertainty",NA,NA,NA,NA,NA,NA,NA
"2021-08-22 11:00:00","PM2.5",NA,0,0,194.0861,0,20.5889,9.2148,NA,NA,0,0,35.3228,0.013,0,1.885,1.9696,0,0,NA,0,0.6341,0,0,0,0,9.0725,0,NA,0,NA,0,0,0,0,0,0,0,0,0,0,"E: Uncertainty",NA,NA,NA,NA,NA,NA,"E: Uncertainty","E: Uncertainty",NA,NA,NA,NA,NA,NA,NA,NA,NA,"E: Uncertainty",NA,NA,NA,NA,NA,NA,NA,NA,"E: Uncertainty",NA,"E: Uncertainty",NA,NA,NA,NA,NA,NA,NA,NA,NA,NA
"2021-08-22 12:00:00","PM10",NA,0,NA,182.9301,0,47.7207,32.9828,NA,0,NA,NA,93.0136,NA,NA,4.2395,2.4465,0,0,NA,0,1.0329,NA,0,0,0,14.3362,0,0,0,0,NA,0,NA,0,0,0,0,0,0,0,"E: Uncertainty",NA,"E: Uncertainty",NA,NA,NA,NA,"E: Uncertainty",NA,"E: Uncertainty","E: Uncertainty",NA,"E: Uncertainty","E: Uncertainty",NA,NA,NA,NA,"E: Uncertainty",NA,NA,"E: Uncertainty",NA,NA,NA,NA,NA,NA,NA,NA,"E: Uncertainty",NA,"E: Uncertainty",NA,NA,NA,NA,NA,NA,NA
"2021-08-22 13:00:00","PM2.5",0,0,NA,263.1799,0,13.9814,8.397,1.5137,NA,0,0,40.8313,0,NA,2.3191,3.1408,0,0,0.8964,0,1.5865,NA,0,0,0,10.322,NA,0,0,0,NA,0,NA,0,0,0,0,0,0.0126,0,NA,NA,"E: Uncertainty",NA,NA,NA,NA,NA,"E: Uncertainty",NA,NA,NA,NA,"E: Uncertainty",NA,NA,NA,NA,NA,NA,NA,"E: Uncertainty",NA,NA,NA,NA,"E: Uncertainty",NA,NA,NA,"E: Uncertainty",NA,"E: Uncertainty",NA,NA,NA,NA,NA,NA,NA
"2021-08-22 14:00:00","PM10",NA,0,0,378.5444,0,51.5827,42.7124,6.7383,0,0,0.7884,98.7704,0,0,4.2914,3.6681,0,0,0.7244,0,1.5112,NA,0,0,0,NA,NA,0,0,NA,NA,NA,NA,0,0,0,0,0,NA,0,"E: Uncertainty",NA,NA,NA,NA,NA,NA,NA,NA,NA,NA,NA,NA,NA,NA,NA,NA,NA,NA,NA,NA,"E: Uncertainty",NA,NA,NA,"E: Uncertainty","E: Uncertainty",NA,NA,"E: Uncertainty","E: Uncertainty","E: Uncertainty","E: Uncertainty",NA,NA,NA,NA,NA,"E: Uncertainty",NA
"2021-08-22 15:00:00","PM2.5",0,0,NA,456.5988,0,10.5501,8.5602,0,0,NA,NA,35.53,NA,NA,1.5036,1.306,0,0,0.4469,0,NA,NA,0,0,0,NA,0,NA,0,0,0,NA,NA,0,0,0,0,0,NA,0,NA,NA,"E: Uncertainty",NA,NA,NA,NA,NA,NA,"E: Uncertainty","E: Uncertainty",NA,"E: Uncertainty","E: Uncertainty",NA,NA,NA,NA,NA,NA,"E: Uncertainty","E: Uncertainty",NA,NA,NA,"E: Uncertainty",NA,"E: Uncertainty",NA,NA,NA,"E: Uncertainty","E: Uncertainty",NA,NA,NA,NA,NA,"E: Uncertainty",NA
"2021-08-22 16:00:00","PM10",0,0,0,438.9775,0,34.1295,25.969,1.8761,0,0,NA,81.3418,NA,0,3.0985,2.8249,0,0,0.4653,0,1.4253,0,0,0,0,NA,NA,0,0,NA,NA,NA,NA,0,0,0,0,0,0,0,NA,NA,NA,NA,NA,NA,NA,NA,NA,NA,"E: Uncertainty",NA,"E: Uncertainty",NA,NA,NA,NA,NA,NA,NA,NA,NA,NA,NA,NA,"E: Uncertainty","E: Uncertainty",NA,NA,"E: Uncertainty","E: Uncertainty","E: Uncertainty","E: Uncertainty",NA,NA,NA,NA,NA,NA,NA
"2021-08-22 17:00:00","PM2.5",644.0603,0,0,374.0069,0,19.3207,5.9089,NA,0,0,0,41.4761,NA,0,1.92,3.0851,0,0,NA,0,0.9358,NA,0,0,0,NA,NA,NA,0,0,NA,NA,NA,0,0,0,0,0,0,0,NA,NA,NA,NA,NA,NA,NA,"E: Uncertainty",NA,NA,NA,NA,"E: Uncertainty",NA,NA,NA,NA,NA,"E: Uncertainty",NA,NA,"E: Uncertainty",NA,NA,NA,"E: Uncertainty","E: Uncertainty","E: Uncertainty",NA,NA,"E: Uncertainty","E: Uncertainty","E: Uncertainty",NA,NA,NA,NA,NA,NA,NA
"2021-08-22 18:00:00","PM10",NA,0,0,444.249,0,51.4188,45.4395,3.2259,0,0,NA,149.816,0,NA,8.2642,9.5742,0,0,0.6657,0.4547,1.635,NA,0,0,0,21.0483,NA,0,0.0713,NA,NA,NA,3.7739,0,0,0,0,0,0,0,"E: Uncertainty",NA,NA,NA,NA,NA,NA,NA,NA,NA,"E: Uncertainty",NA,NA,"E: Uncertainty",NA,NA,NA,NA,NA,NA,NA,"E: Uncertainty",NA,NA,NA,NA,"E: Uncertainty",NA,NA,"E: Uncertainty","E: Uncertainty","E: Uncertainty",NA,NA,NA,NA,NA,NA,NA,NA
"2021-08-22 19:00:00","PM2.5",NA,0,0,560.6529,0,36.3964,13.3879,NA,NA,0,NA,66.1645,0,NA,2.8649,6.0966,0,0,0.8251,2.429,1.2552,NA,0,0,0,18.9252,NA,0,0,NA,NA,NA,0,0,0,0,0,0,3.0684,0,"E: Uncertainty",NA,NA,NA,NA,NA,NA,"E: Uncertainty","E: Uncertainty",NA,"E: Uncertainty",NA,NA,"E: Uncertainty",NA,NA,NA,NA,NA,NA,NA,"E: Uncertainty",NA,NA,NA,NA,"E: Uncertainty",NA,NA,"E: Uncertainty","E: Uncertainty","E: Uncertainty",NA,NA,NA,NA,NA,NA,NA,NA
"2021-08-22 20:00:00","PM10",870.8782,0,0,522.1925,0,59.3137,53.6551,3.0383,NA,NA,0.8519,190.2422,0,0,5.5912,9.6796,0,0,1.3815,1.282,1.977,NA,0,0,0,NA,0,0,0,NA,NA,0,NA,0,0,0,0,0,0,0,NA,NA,NA,NA,NA,NA,NA,NA,"E: Uncertainty","E: Uncertainty",NA,NA,NA,NA,NA,NA,NA,NA,NA,NA,NA,"E: Uncertainty",NA,NA,NA,"E: Uncertainty",NA,NA,NA,"E: Uncertainty","E: Uncertainty",NA,"E: Uncertainty",NA,NA,NA,NA,NA,NA,NA
"2021-08-22 21:00:00","PM2.5",676.2328,0,0,297.7119,0,36.1338,45.1467,1.9052,0,NA,0,81.2753,0,0,5.0109,14.8895,0,0,0,0.995,6.9539,NA,0,0,0,NA,NA,NA,0,0,NA,0,NA,0,NA,0,0,0,1.9454,0,NA,NA,NA,NA,NA,NA,NA,NA,NA,"E: Uncertainty",NA,NA,NA,NA,NA,NA,NA,NA,NA,NA,NA,"E: Uncertainty",NA,NA,NA,"E: Uncertainty","E: Uncertainty","E: Uncertainty",NA,NA,"E: Uncertainty",NA,"E: Uncertainty",NA,"E: Uncertainty",NA,NA,NA,NA,NA
"2021-08-22 22:00:00","PM10",NA,0,0,359.7369,0,56.1398,71.134,1.8734,NA,NA,NA,125.1022,0,NA,4.0805,9.3949,0,0,0.7975,0,2.1266,NA,0,0,0,15.1359,NA,0,0,NA,NA,NA,NA,0,0,0,0,0,0,0,"E: Uncertainty",NA,NA,NA,NA,NA,NA,NA,"E: Uncertainty","E: Uncertainty","E: Uncertainty",NA,NA,"E: Uncertainty",NA,NA,NA,NA,NA,NA,NA,"E: Uncertainty",NA,NA,NA,NA,"E: Uncertainty",NA,NA,"E: Uncertainty","E: Uncertainty","E: Uncertainty","E: Uncertainty",NA,NA,NA,NA,NA,NA,NA
"2021-08-22 23:00:00","PM2.5",0,0,0,274.9231,0,26.7887,39.0692,NA,0,NA,0,42.6845,0,NA,1.6927,11.6905,0,0,0.6342,NA,2.6809,NA,0,0,0,16.1337,0,NA,0,NA,NA,NA,0,0,NA,0,0,0,1.1911,0,NA,NA,NA,NA,NA,NA,NA,"E: Uncertainty",NA,"E: Uncertainty",NA,NA,NA,"E: Uncertainty",NA,NA,NA,NA,NA,"E: Uncertainty",NA,"E: Uncertainty",NA,NA,NA,NA,NA,"E: Uncertainty",NA,"E: Uncertainty","E: Uncertainty","E: Uncertainty",NA,NA,"E: Uncertainty",NA,NA,NA,NA,NA
"2021-08-23 00:30:00","PM10",0,0,NA,304.6836,20.427,50.6433,70.4448,2.7756,NA,0,0,108.3959,0,0,5.5673,13.5594,0,0,2.541,NA,3.3025,0,0,0,0,18.9343,NA,0,0,0,NA,NA,0,0,NA,0,0,0,2.9723,0,NA,NA,"E: Uncertainty",NA,NA,NA,NA,NA,"E: Uncertainty",NA,NA,NA,NA,NA,NA,NA,NA,NA,NA,"E: Uncertainty",NA,NA,NA,NA,NA,NA,"E: Uncertainty",NA,NA,NA,"E: Uncertainty","E: Uncertainty",NA,NA,"E: Uncertainty",NA,NA,NA,NA,NA
"2021-08-23 01:00:00","PM2.5",0,0,0,280.433,0,34.0125,29.6052,NA,0,NA,0,33.973,0,NA,1.6112,13.171,0,0,1.1581,NA,1.3977,0,0,0,0,NA,0,NA,0,0,NA,NA,NA,0,0,0,0,0,1.8597,0,NA,NA,NA,NA,NA,NA,NA,"E: Uncertainty",NA,"E: Uncertainty",NA,NA,NA,"E: Uncertainty",NA,NA,NA,NA,NA,"E: Uncertainty",NA,NA,NA,NA,NA,"E: Uncertainty",NA,"E: Uncertainty",NA,NA,"E: Uncertainty","E: Uncertainty","E: Uncertainty",NA,NA,NA,NA,NA,NA,NA
"2021-08-23 02:00:00","PM10",NA,0,0,432.23,0,81.2009,99.19,2.9559,NA,NA,NA,69.9822,0,NA,3.755,14.3861,0,0,1.8965,0.4923,2.4899,NA,0,0,0,NA,NA,0,0,0,NA,0,0,0,0,0,0,0,0,0,"E: Uncertainty",NA,NA,NA,NA,NA,NA,NA,"E: Uncertainty","E: Uncertainty","E: Uncertainty",NA,NA,"E: Uncertainty",NA,NA,NA,NA,NA,NA,NA,"E: Uncertainty",NA,NA,NA,"E: Uncertainty","E: Uncertainty",NA,NA,NA,"E: Uncertainty",NA,NA,NA,NA,NA,NA,NA,NA,NA
"2021-08-23 03:00:00","PM2.5",754.1083,0,0,452.9176,0,37.8615,11.3602,4.9435,NA,0,0,25.364,0,NA,1.0071,5.8544,0,0,1.2101,NA,1.7281,NA,0,0,0,0,NA,0,0,0,NA,NA,0,0,NA,0,0,0,0,0,NA,NA,NA,NA,NA,NA,NA,NA,"E: Uncertainty",NA,NA,NA,NA,"E: Uncertainty",NA,NA,NA,NA,NA,"E: Uncertainty",NA,"E: Uncertainty",NA,NA,NA,NA,"E: Uncertainty",NA,NA,NA,"E: Uncertainty","E: Uncertainty",NA,NA,"E: Uncertainty",NA,NA,NA,NA,NA
"2021-08-23 04:00:00","PM10",812.1916,0,NA,837.7165,0,51.7561,65.773,11.9323,1.019,0,NA,78.9918,NA,NA,1.5909,4.4043,0,0,0.8925,NA,2.2654,NA,0,0,0,NA,NA,NA,NA,0,NA,NA,0,0,0,0,0,0,0,0,NA,NA,"E: Uncertainty",NA,NA,NA,NA,NA,NA,NA,"E: Uncertainty",NA,"E: Uncertainty","E: Uncertainty",NA,NA,NA,NA,NA,"E: Uncertainty",NA,"E: Uncertainty",NA,NA,NA,"E: Uncertainty","E: Uncertainty","E: Uncertainty","E: Uncertainty",NA,"E: Uncertainty","E: Uncertainty",NA,NA,NA,NA,NA,NA,NA,NA
"2021-08-23 05:00:00","PM2.5",NA,0,0,741.1033,0,52.6468,17.9952,2.9013,0.9362,NA,2.5155,59.2784,0,NA,1.2926,17.398,0,0,1.6322,0,1.9191,0,0,0,0,NA,NA,NA,0,NA,NA,0,NA,0,0,0,0,0,2.8087,0,"E: Uncertainty",NA,NA,NA,NA,NA,NA,NA,NA,"E: Uncertainty",NA,NA,NA,"E: Uncertainty",NA,NA,NA,NA,NA,NA,NA,NA,NA,NA,NA,"E: Uncertainty","E: Uncertainty","E: Uncertainty",NA,"E: Uncertainty","E: Uncertainty",NA,"E: Uncertainty",NA,NA,NA,NA,NA,NA,NA
"2021-08-23 06:00:00","PM10",NA,0,0,778.2787,0,99.8748,143.0436,2.342,NA,NA,2.4406,257.6011,0,0,6.8787,9.5736,0,0,1.7702,NA,2.4258,NA,0,0,0,15.1703,0,0,0,0,NA,NA,NA,0,0,0,0,0,6.2283,0,"E: Uncertainty",NA,NA,NA,NA,NA,NA,NA,"E: Uncertainty","E: Uncertainty",NA,NA,NA,NA,NA,NA,NA,NA,NA,"E: Uncertainty",NA,"E: Uncertainty",NA,NA,NA,NA,NA,NA,NA,NA,"E: Uncertainty","E: Uncertainty","E: Uncertainty",NA,NA,NA,NA,NA,NA,NA
"2021-08-23 07:00:00","PM2.5",NA,0,0,511.6154,0,21.9123,30.1406,NA,NA,NA,NA,66.165,0,0,1.9436,10.9228,0,0,0,0.6985,2.56,NA,0,0,0,14.4477,NA,NA,0,NA,NA,NA,0,0,0,0,0,0,2.7456,0,"E: Uncertainty",NA,NA,NA,NA,NA,NA,"E: Uncertainty","E: Uncertainty","E: Uncertainty","E: Uncertainty",NA,NA,NA,NA,NA,NA,NA,NA,NA,NA,"E: Uncertainty",NA,NA,NA,NA,"E: Uncertainty","E: Uncertainty",NA,"E: Uncertainty","E: Uncertainty","E: Uncertainty",NA,NA,NA,NA,NA,NA,NA,NA
"2021-08-23 08:00:00","PM10",NA,NA,0,594.4224,0,54.8599,287.7144,9.7801,NA,NA,1.5702,231.6087,0,NA,6.7179,25.2234,0,0,1.2943,1.6228,2.6012,NA,0,0,0,NA,0,0,0,0,NA,NA,NA,0,0,0,0,0,2.6072,0,"E: Uncertainty","E: Uncertainty",NA,NA,NA,NA,NA,NA,"E: Uncertainty","E: Uncertainty",NA,NA,NA,"E: Uncertainty",NA,NA,NA,NA,NA,NA,NA,"E: Uncertainty",NA,NA,NA,"E: Uncertainty",NA,NA,NA,NA,"E: Uncertainty","E: Uncertainty","E: Uncertainty",NA,NA,NA,NA,NA,NA,NA
"2021-08-23 09:00:00","PM2.5",NA,0,0,319.1841,0,19.8838,37.1535,1.9188,NA,NA,0.0048,65.5294,0,0,2.1296,9.8525,0,0,0.7222,NA,1.0712,NA,0,0,0,NA,0,NA,0,NA,0,NA,0,0,NA,0,0,0,NA,0,"E: Uncertainty",NA,NA,NA,NA,NA,NA,NA,"E: Uncertainty","E: Uncertainty",NA,NA,NA,NA,NA,NA,NA,NA,NA,"E: Uncertainty",NA,"E: Uncertainty",NA,NA,NA,"E: Uncertainty",NA,"E: Uncertainty",NA,"E: Uncertainty",NA,"E: Uncertainty",NA,NA,"E: Uncertainty",NA,NA,NA,"E: Uncertainty",NA
"2021-08-23 10:00:00","PM10",NA,NA,0,701.4962,0,63.1724,215.0579,7.7855,0,0.6843,2.0482,236.1014,0,0,7.2552,32.1508,0,0,2.098,0.5774,1.4215,NA,0,NA,0,11.8109,0,NA,0,NA,NA,0,6.7465,0,0,0,0.008,0,3.4141,0,"E: Uncertainty","E: Uncertainty",NA,NA,NA,NA,NA,NA,NA,NA,NA,NA,NA,NA,NA,NA,NA,NA,NA,NA,NA,"E: Uncertainty",NA,"E: Uncertainty",NA,NA,NA,"E: Uncertainty",NA,"E: Uncertainty","E: Uncertainty",NA,NA,NA,NA,NA,NA,NA,NA,NA
"2021-08-23 11:00:00","PM2.5",NA,0,0,571.4703,0,30.6015,41.9356,3.3967,0,NA,0.9504,72.2804,0,0,2.3851,16.3244,0,0,1.5789,0.5286,1.3653,NA,0,0,0,14.6818,NA,NA,0,0,NA,NA,0,0,0,0,0,0,5.5157,0,"E: Uncertainty",NA,NA,NA,NA,NA,NA,NA,NA,"E: Uncertainty",NA,NA,NA,NA,NA,NA,NA,NA,NA,NA,NA,"E: Uncertainty",NA,NA,NA,NA,"E: Uncertainty","E: Uncertainty",NA,NA,"E: Uncertainty","E: Uncertainty",NA,NA,NA,NA,NA,NA,NA,NA
"2021-08-23 12:00:00","PM10",NA,NA,0,752.1843,47.4554,92.9522,200.1478,6.1297,NA,NA,4.277,229.985,0,NA,6.5613,10.8549,0,0,1.4999,NA,2.9397,NA,0,0,0,10.4445,0,NA,0,0,NA,0,NA,0,0,0,0,0,6.4047,0,"E: Uncertainty","E: Uncertainty",NA,NA,NA,NA,NA,NA,"E: Uncertainty","E: Uncertainty",NA,NA,NA,"E: Uncertainty",NA,NA,NA,NA,NA,"E: Uncertainty",NA,"E: Uncertainty",NA,NA,NA,NA,NA,"E: Uncertainty",NA,NA,"E: Uncertainty",NA,"E: Uncertainty",NA,NA,NA,NA,NA,NA,NA
"2021-08-23 13:00:00","PM2.5",617.7882,0,0,575.5066,0,36.7102,56.7583,1.6669,NA,NA,1.2744,85.2507,0,NA,3.0838,8.2313,0,0,0.7376,NA,2.3248,NA,0,0,0,16.5405,0,0,0,NA,NA,NA,0,0,0,0,0,0,5.2784,0,NA,NA,NA,NA,NA,NA,NA,NA,"E: Uncertainty","E: Uncertainty",NA,NA,NA,"E: Uncertainty",NA,NA,NA,NA,NA,"E: Uncertainty",NA,"E: Uncertainty",NA,NA,NA,NA,NA,NA,NA,"E: Uncertainty","E: Uncertainty","E: Uncertainty",NA,NA,NA,NA,NA,NA,NA,NA
"2021-08-23 14:00:00","PM10",NA,NA,0,815.1272,0,115.3971,291.609,9.1569,0.0096,NA,3.0744,239.1398,0,0,4.3851,10.4803,0,0,0,NA,2.5616,NA,0,0,0,13.2088,0,NA,0,0,NA,NA,NA,0,0,0,0,0,5.65,0,"E: Uncertainty","E: Uncertainty",NA,NA,NA,NA,NA,NA,NA,"E: Uncertainty",NA,NA,NA,NA,NA,NA,NA,NA,NA,"E: Uncertainty",NA,"E: Uncertainty",NA,NA,NA,NA,NA,"E: Uncertainty",NA,NA,"E: Uncertainty","E: Uncertainty","E: Uncertainty",NA,NA,NA,NA,NA,NA,NA
"2021-08-23 15:00:00","PM2.5",NA,0,0,555.7931,0,55.4559,68.6564,1.7546,NA,NA,3.6415,93.4564,0,NA,2.2495,7.8466,0,0,0.6918,NA,2.7257,NA,0,0,0,11.6653,NA,NA,0,0,0,NA,0,0,0,0,0,0,4.4082,0,"E: Uncertainty",NA,NA,NA,NA,NA,NA,NA,"E: Uncertainty","E: Uncertainty",NA,NA,NA,"E: Uncertainty",NA,NA,NA,NA,NA,"E: Uncertainty",NA,"E: Uncertainty",NA,NA,NA,NA,"E: Uncertainty","E: Uncertainty",NA,NA,NA,"E: Uncertainty",NA,NA,NA,NA,NA,NA,NA,NA
"2021-08-23 16:00:00","PM10",NA,NA,0,821.6696,0,149.6245,365.4236,7.8201,0,0.8521,5.28,296.2572,0,0,4.6465,11.802,0,0,1.4549,NA,4.0341,NA,0,0,0,NA,NA,NA,0,NA,NA,NA,NA,0,0,0,0,0,6.7614,0,"E: Uncertainty","E: Uncertainty",NA,NA,NA,NA,NA,NA,NA,NA,NA,NA,NA,NA,NA,NA,NA,NA,NA,"E: Uncertainty",NA,"E: Uncertainty",NA,NA,NA,"E: Uncertainty","E: Uncertainty","E: Uncertainty",NA,"E: Uncertainty","E: Uncertainty","E: Uncertainty","E: Uncertainty",NA,NA,NA,NA,NA,NA,NA
"2021-08-23 17:00:00","PM2.5",NA,1.8876,0,489.2364,0,47.4807,52.7608,5.0607,NA,NA,NA,75.7412,0,0,1.5226,4.5455,0,0,NA,NA,2.6086,NA,0,NA,0,NA,NA,NA,0,0,NA,NA,0,0,0,0,0,0,0.8423,0,"E: Uncertainty",NA,NA,NA,NA,NA,NA,NA,"E: Uncertainty","E: Uncertainty","E: Uncertainty",NA,NA,NA,NA,NA,NA,NA,"E: Uncertainty","E: Uncertainty",NA,"E: Uncertainty",NA,"E: Uncertainty",NA,"E: Uncertainty","E: Uncertainty","E: Uncertainty",NA,NA,"E: Uncertainty","E: Uncertainty",NA,NA,NA,NA,NA,NA,NA,NA
"2021-08-23 18:00:00","PM10",0,197.8967,0,513.8382,82.7948,102.5786,271.3078,31.0963,0.9343,0.6483,2.9365,306.8895,0,0,6.7456,16.2356,0,0,1.1753,NA,3.1567,NA,0,0,0,17.1401,0,NA,0,NA,0,0,NA,0,0,0,0,0,0,0,NA,NA,NA,NA,NA,NA,NA,NA,NA,NA,NA,NA,NA,NA,NA,NA,NA,NA,NA,"E: Uncertainty",NA,"E: Uncertainty",NA,NA,NA,NA,NA,"E: Uncertainty",NA,"E: Uncertainty",NA,NA,"E: Uncertainty",NA,NA,NA,NA,NA,NA,NA
"2021-08-23 19:00:00","PM2.5",NA,0,0,309.5162,19.4131,50.8068,56.3671,7.9692,0,NA,0.969,140.3667,0,0,4.2396,16.7748,0,0,1.7094,NA,52.5595,NA,0,0,0,10.8175,0,0,0,0,NA,0,NA,0,0,0,0,0,NA,0,"E: Uncertainty",NA,NA,NA,NA,NA,NA,NA,NA,"E: Uncertainty",NA,NA,NA,NA,NA,NA,NA,NA,NA,"E: Uncertainty",NA,"E: Uncertainty",NA,NA,NA,NA,NA,NA,NA,NA,"E: Uncertainty",NA,"E: Uncertainty",NA,NA,NA,NA,NA,"E: Uncertainty",NA
"2021-08-23 20:00:00","PM10",NA,NA,0,369.619,439.9055,115.8911,247.9602,8.2386,0,NA,1.7093,221.2682,0,0,5.286,15.5444,0,0,1.2461,NA,3.8413,NA,0,0,0,NA,0,0,0,NA,0,0,NA,0,0,0,0,0,1.611,0,"E: Uncertainty","E: Uncertainty",NA,NA,NA,NA,NA,NA,NA,"E: Uncertainty",NA,NA,NA,NA,NA,NA,NA,NA,NA,"E: Uncertainty",NA,"E: Uncertainty",NA,NA,NA,"E: Uncertainty",NA,NA,NA,"E: Uncertainty",NA,NA,"E: Uncertainty",NA,NA,NA,NA,NA,NA,NA
"2021-08-23 21:00:00","PM2.5",683.5191,0,0,290.4349,59.354,40.5445,37.2145,1.1896,0,NA,NA,68.6775,0.0117,0,2.6483,10.2915,0,0,1.489,NA,17.5697,NA,0,0,0,NA,NA,0,0,0,NA,0,0,0,0,0,0,0,1.1708,0,NA,NA,NA,NA,NA,NA,NA,NA,NA,"E: Uncertainty","E: Uncertainty",NA,NA,NA,NA,NA,NA,NA,NA,"E: Uncertainty",NA,"E: Uncertainty",NA,NA,NA,"E: Uncertainty","E: Uncertainty",NA,NA,NA,"E: Uncertainty",NA,NA,NA,NA,NA,NA,NA,NA,NA
"2021-08-23 22:00:00","PM10",0,NA,0,397.9347,490.3218,97.2947,176.0014,3.4704,0,NA,1.2342,189.5911,0,0,4.8804,17.3832,0,0,1.4838,NA,8.9042,NA,0,0,0,14.1906,0,0,0,NA,NA,NA,NA,0,0,0,0,0,1.7229,0,NA,"E: Uncertainty",NA,NA,NA,NA,NA,NA,NA,"E: Uncertainty",NA,NA,NA,NA,NA,NA,NA,NA,NA,"E: Uncertainty",NA,"E: Uncertainty",NA,NA,NA,NA,NA,NA,NA,"E: Uncertainty","E: Uncertainty","E: Uncertainty","E: Uncertainty",NA,NA,NA,NA,NA,NA,NA
"2021-08-23 23:00:00","PM2.5",NA,0,0,360.8796,63.8477,30.0744,32.6694,NA,0,NA,NA,57.6013,NA,0,1.5359,7.1775,0,0,NA,NA,3.7932,0,0,0,0,16.4076,0,NA,NA,NA,NA,0,NA,0,0,0,0,0,1.6572,0,"E: Uncertainty",NA,NA,NA,NA,NA,NA,"E: Uncertainty",NA,"E: Uncertainty","E: Uncertainty",NA,"E: Uncertainty",NA,NA,NA,NA,NA,"E: Uncertainty","E: Uncertainty",NA,NA,NA,NA,NA,NA,NA,"E: Uncertainty","E: Uncertainty","E: Uncertainty","E: Uncertainty",NA,"E: Uncertainty",NA,NA,NA,NA,NA,NA,NA
"2021-08-24 00:30:00","PM10",NA,0,0,395.647,722.2915,54.0576,114.1139,3.4722,0,0,0,112.5389,0,0,1.9346,6.5491,0,0,0,NA,2.4066,0,0,0,0,23.3812,0,0,0,NA,0,NA,0,0,0,0,0,0,0,0,"E: Uncertainty",NA,NA,NA,NA,NA,NA,NA,NA,NA,NA,NA,NA,NA,NA,NA,NA,NA,NA,"E: Uncertainty",NA,NA,NA,NA,NA,NA,NA,NA,NA,"E: Uncertainty",NA,"E: Uncertainty",NA,NA,NA,NA,NA,NA,NA,NA
"2021-08-24 01:00:00","PM2.5",0,0,0,355.8219,101.4684,17.6943,17.5375,0,0,NA,0,21.4756,NA,0,0.5212,1.7209,0,0,0,0,1.8175,0,0,0,0,17.8245,NA,NA,0,0,NA,NA,0,0,0,0,NA,0,0,0,NA,NA,NA,NA,NA,NA,NA,NA,NA,"E: Uncertainty",NA,NA,"E: Uncertainty",NA,NA,NA,NA,NA,NA,NA,NA,NA,NA,NA,NA,NA,"E: Uncertainty","E: Uncertainty",NA,NA,"E: Uncertainty","E: Uncertainty",NA,NA,NA,NA,"E: Uncertainty",NA,NA,NA
"2021-08-24 02:00:00","PM10",0,0,0,391.7278,676.2417,45.3458,72.8367,1.2029,0,NA,NA,44.3211,0,NA,1.1297,2.7938,0,0,NA,0,1.71,NA,0,0,0,0,0,0,0,0,NA,NA,0,0,0,0,0,0,0,0,NA,NA,NA,NA,NA,NA,NA,NA,NA,"E: Uncertainty","E: Uncertainty",NA,NA,"E: Uncertainty",NA,NA,NA,NA,"E: Uncertainty",NA,NA,"E: Uncertainty",NA,NA,NA,NA,NA,NA,NA,NA,"E: Uncertainty","E: Uncertainty",NA,NA,NA,NA,NA,NA,NA,NA
"2021-08-24 03:00:00","PM2.5",NA,0,0,314.716,68.859,14.94,18.5641,NA,0,0,0,15.7936,NA,0,0.5672,1.9625,0,0,0,0,1.5949,0,0,0,0,NA,0,NA,0,NA,NA,0.2062,0,0,0,0,0,0,0,0,"E: Uncertainty",NA,NA,NA,NA,NA,NA,"E: Uncertainty",NA,NA,NA,NA,"E: Uncertainty",NA,NA,NA,NA,NA,NA,NA,NA,NA,NA,NA,NA,"E: Uncertainty",NA,"E: Uncertainty",NA,"E: Uncertainty","E: Uncertainty",NA,NA,NA,NA,NA,NA,NA,NA,NA
"2021-08-24 04:00:00","PM10",0,0,0,377.6726,461.1902,49.5665,80.6773,5.511,0,NA,NA,94.4567,0,0,2.2777,9.4443,0,0,NA,NA,1.2224,NA,0,0,0,11.1375,NA,NA,0,NA,NA,NA,NA,0,0,0,0,0,0,0,NA,NA,NA,NA,NA,NA,NA,NA,NA,"E: Uncertainty","E: Uncertainty",NA,NA,NA,NA,NA,NA,NA,"E: Uncertainty","E: Uncertainty",NA,"E: Uncertainty",NA,NA,NA,NA,"E: Uncertainty","E: Uncertainty",NA,"E: Uncertainty","E: Uncertainty","E: Uncertainty","E: Uncertainty",NA,NA,NA,NA,NA,NA,NA
"2021-08-24 05:00:00","PM2.5",0,0,0,294.0977,21.5236,22.9025,13.8743,1.5797,NA,NA,0,53.3672,0,0,1.844,1.6805,0,0,NA,0,1.0184,NA,0,0,0,24.6793,0,NA,0,NA,NA,NA,0,0,0,0,0,0,0,0,NA,NA,NA,NA,NA,NA,NA,NA,"E: Uncertainty","E: Uncertainty",NA,NA,NA,NA,NA,NA,NA,NA,"E: Uncertainty",NA,NA,"E: Uncertainty",NA,NA,NA,NA,NA,"E: Uncertainty",NA,"E: Uncertainty","E: Uncertainty","E: Uncertainty",NA,NA,NA,NA,NA,NA,NA,NA
"2021-08-24 06:00:00","PM10",NA,NA,0,357.608,316.8083,40.3311,135.6876,11.2036,0,1.6194,1.5764,286.0338,0,0,10.008,16.1132,0,0,0.9921,0,1.2563,1.7461,0,0,0,9.1938,NA,0,0,NA,NA,NA,NA,0,0,0,0,0,0,0,"E: Uncertainty","E: Uncertainty",NA,NA,NA,NA,NA,NA,NA,NA,NA,NA,NA,NA,NA,NA,NA,NA,NA,NA,NA,NA,NA,NA,NA,NA,"E: Uncertainty",NA,NA,"E: Uncertainty","E: Uncertainty","E: Uncertainty","E: Uncertainty",NA,NA,NA,NA,NA,NA,NA
"2021-08-24 07:00:00","PM2.5",NA,0,0,255.2143,26.001,15.0815,54.246,3.3001,0,NA,NA,77.7164,0,0,2.1409,6.9845,0,0,NA,0,0.6545,NA,0,0,0,NA,NA,0,0,0.1387,NA,NA,NA,0,0,0,0,0,0,0,"E: Uncertainty",NA,NA,NA,NA,NA,NA,NA,NA,"E: Uncertainty","E: Uncertainty",NA,NA,NA,NA,NA,NA,NA,"E: Uncertainty",NA,NA,"E: Uncertainty",NA,NA,NA,"E: Uncertainty","E: Uncertainty",NA,NA,NA,"E: Uncertainty","E: Uncertainty","E: Uncertainty",NA,NA,NA,NA,NA,NA,NA
"2021-08-24 08:00:00","PM10",0,NA,0,248.1166,323.1013,43.417,173.2819,5.5746,NA,NA,1.1803,150.7886,0,0,3.8868,6.6454,0,0,0,NA,1.3253,NA,0,0,0,NA,NA,0,0,NA,NA,NA,NA,0,NA,0,0,0,NA,0,NA,"E: Uncertainty",NA,NA,NA,NA,NA,NA,"E: Uncertainty","E: Uncertainty",NA,NA,NA,NA,NA,NA,NA,NA,NA,"E: Uncertainty",NA,"E: Uncertainty",NA,NA,NA,"E: Uncertainty","E: Uncertainty",NA,NA,"E: Uncertainty","E: Uncertainty","E: Uncertainty","E: Uncertainty",NA,"E: Uncertainty",NA,NA,NA,"E: Uncertainty",NA
"2021-08-24 09:00:00","PM2.5",NA,0,0,217.4851,25.8805,16.8351,45.5009,2.3314,0,NA,NA,65.3127,0,0,2.0349,5.2032,0,0,0,NA,1.4876,NA,0,0,NA,17.3675,0,0,0,NA,NA,0,0,0,0,0,0,0,0,0,"E: Uncertainty",NA,NA,NA,NA,NA,NA,NA,NA,"E: Uncertainty","E: Uncertainty",NA,NA,NA,NA,NA,NA,NA,NA,"E: Uncertainty",NA,"E: Uncertainty",NA,NA,"E: Uncertainty",NA,NA,NA,NA,"E: Uncertainty","E: Uncertainty",NA,NA,NA,NA,NA,NA,NA,NA,NA
"2021-08-24 10:00:00","PM10",NA,NA,0,155.6942,101.7019,45.6047,247.5813,7.5575,NA,NA,1.9514,179.9742,0,NA,5.5929,11.4846,0,0,0.5394,NA,0.8228,NA,0,0,0,15.4522,NA,NA,0,NA,0,NA,NA,0,0,0,0,0,0,0,"E: Uncertainty","E: Uncertainty",NA,NA,NA,NA,NA,NA,"E: Uncertainty","E: Uncertainty",NA,NA,NA,"E: Uncertainty",NA,NA,NA,NA,NA,"E: Uncertainty",NA,"E: Uncertainty",NA,NA,NA,NA,"E: Uncertainty","E: Uncertainty",NA,"E: Uncertainty",NA,"E: Uncertainty","E: Uncertainty",NA,NA,NA,NA,NA,NA,NA
"2021-08-24 11:00:00","PM2.5",NA,0,0,113.2464,0,17.7216,31.4517,2.0761,0,3e-04,NA,46.7361,0,0,1.3042,1.6289,0,0,0.5506,0,0.5693,NA,0,0,0,20.7826,NA,NA,0,NA,NA,NA,NA,0,0,0,0,0,0,0,"E: Uncertainty",NA,NA,NA,NA,NA,NA,NA,NA,NA,"E: Uncertainty",NA,NA,NA,NA,NA,NA,NA,NA,NA,NA,"E: Uncertainty",NA,NA,NA,NA,"E: Uncertainty","E: Uncertainty",NA,"E: Uncertainty","E: Uncertainty","E: Uncertainty","E: Uncertainty",NA,NA,NA,NA,NA,NA,NA
"2021-08-24 12:00:00","PM10",694.1504,NA,0,128.0863,8.6968,61.3439,228.3318,7.78,NA,NA,1.8472,209.2955,0,NA,5.3963,10.4418,0,0,0.6967,NA,NA,NA,0,0,0,NA,NA,NA,0,NA,NA,NA,NA,0,0,0,0,0,1.8336,0,NA,"E: Uncertainty",NA,NA,NA,NA,NA,NA,"E: Uncertainty","E: Uncertainty",NA,NA,NA,"E: Uncertainty",NA,NA,NA,NA,NA,"E: Uncertainty","E: Uncertainty","E: Uncertainty",NA,NA,NA,"E: Uncertainty","E: Uncertainty","E: Uncertainty",NA,"E: Uncertainty","E: Uncertainty","E: Uncertainty","E: Uncertainty",NA,NA,NA,NA,NA,NA,NA
"2021-08-24 13:00:00","PM2.5",NA,NA,0,88.4238,0,22.7273,59.3808,2.4217,0,0,NA,87.4957,0,NA,2.2113,6.2975,0,0,0.9471,0,0.6005,0,0,0,0,12.7032,NA,NA,0,NA,NA,NA,NA,0,0,0,0,0,3.9315,0,"E: Uncertainty","E: Uncertainty",NA,NA,NA,NA,NA,NA,NA,NA,"E: Uncertainty",NA,NA,"E: Uncertainty",NA,NA,NA,NA,NA,NA,NA,NA,NA,NA,NA,NA,"E: Uncertainty","E: Uncertainty",NA,"E: Uncertainty","E: Uncertainty","E: Uncertainty","E: Uncertainty",NA,NA,NA,NA,NA,NA,NA
"2021-08-24 14:00:00","PM10",0,235.4627,0,154.0981,0,98.9241,402.7401,13.4552,0,0.6651,3.0969,277.3433,0,0,7.637,14.9736,0,0,0.7187,0,0.8975,NA,0,0,0,17.8448,0,NA,0,NA,0,NA,NA,0,0,0,0,0,5.0132,0,NA,NA,NA,NA,NA,NA,NA,NA,NA,NA,NA,NA,NA,NA,NA,NA,NA,NA,NA,NA,NA,"E: Uncertainty",NA,NA,NA,NA,NA,"E: Uncertainty",NA,"E: Uncertainty",NA,"E: Uncertainty","E: Uncertainty",NA,NA,NA,NA,NA,NA,NA
"2021-08-24 15:00:00","PM2.5",0,0,0,146.554,0,30.9799,65.1598,2.464,NA,NA,NA,97.1612,NA,0,3.4943,10.3095,0,0,0.6649,0,0.8692,NA,0,0,0,9.2825,0,0,0,0,0,NA,0,0,0,0,0,0,NA,0,NA,NA,NA,NA,NA,NA,NA,NA,"E: Uncertainty","E: Uncertainty","E: Uncertainty",NA,"E: Uncertainty",NA,NA,NA,NA,NA,NA,NA,NA,"E: Uncertainty",NA,NA,NA,NA,NA,NA,NA,NA,NA,"E: Uncertainty",NA,NA,NA,NA,NA,NA,"E: Uncertainty",NA
"2021-08-24 16:00:00","PM10",NA,186.1301,0,245.2918,0,70.2235,327.8647,10.6136,NA,1.0905,2.2427,230.6671,0,NA,6.1059,8.76,0,0,0.8291,NA,1.1864,NA,0,0,0,10.2108,0,NA,0,0,NA,NA,NA,0,0,0,0,0,0,0,"E: Uncertainty",NA,NA,NA,NA,NA,NA,NA,"E: Uncertainty",NA,NA,NA,NA,"E: Uncertainty",NA,NA,NA,NA,NA,"E: Uncertainty",NA,"E: Uncertainty",NA,NA,NA,NA,NA,"E: Uncertainty",NA,NA,"E: Uncertainty","E: Uncertainty","E: Uncertainty",NA,NA,NA,NA,NA,NA,NA
"2021-08-24 17:00:00","PM2.5",NA,0,0,168.2071,0,21.1443,56.0761,2.0134,0,0,NA,76.3073,0,0,1.8388,7.7007,0,0,NA,0.0016,NA,NA,0,0,0,13.4906,NA,0,0,NA,NA,0,0,0,NA,0,0,0,0,0,"E: Uncertainty",NA,NA,NA,NA,NA,NA,NA,NA,NA,"E: Uncertainty",NA,NA,NA,NA,NA,NA,NA,"E: Uncertainty",NA,"E: Uncertainty","E: Uncertainty",NA,NA,NA,NA,"E: Uncertainty",NA,NA,"E: Uncertainty","E: Uncertainty",NA,NA,NA,"E: Uncertainty",NA,NA,NA,NA,NA
"2021-08-24 18:00:00","PM10",NA,NA,0,249.4882,0,69.9966,236.182,9.9857,0,0.7164,1.6212,222.1193,0,NA,6.2547,9.895,0,0,0.7886,0,3.0864,NA,0,0,0,NA,NA,NA,0,0,0,0.251,NA,0,0,0,0,0,0,0,"E: Uncertainty","E: Uncertainty",NA,NA,NA,NA,NA,NA,NA,NA,NA,NA,NA,"E: Uncertainty",NA,NA,NA,NA,NA,NA,NA,"E: Uncertainty",NA,NA,NA,"E: Uncertainty","E: Uncertainty","E: Uncertainty",NA,NA,NA,NA,"E: Uncertainty",NA,NA,NA,NA,NA,NA,NA
"2021-08-24 19:00:00","PM2.5",NA,0,0,178.6093,0,29.8362,40.1139,2.1746,NA,NA,NA,83.4101,0,0,2.4995,5.8982,0,0,0.7016,NA,1.0451,0,0,0,0,9.1765,NA,0,0,NA,NA,NA,0,0,0,0,NA,0,NA,0,"E: Uncertainty",NA,NA,NA,NA,NA,NA,NA,"E: Uncertainty","E: Uncertainty","E: Uncertainty",NA,NA,NA,NA,NA,NA,NA,NA,"E: Uncertainty",NA,NA,NA,NA,NA,NA,"E: Uncertainty",NA,NA,"E: Uncertainty","E: Uncertainty","E: Uncertainty",NA,NA,NA,NA,"E: Uncertainty",NA,"E: Uncertainty",NA
"2021-08-24 20:00:00","PM10",0,NA,0,224.1707,0,76.4744,155.0723,7.611,NA,0.6273,1.4535,201.9629,0,0,6.5035,10.8371,0,0,0.6293,NA,1.3033,NA,0,0,0,NA,0,NA,0,NA,NA,NA,2.9366,0,0,0,0,0,0,0,NA,"E: Uncertainty",NA,NA,NA,NA,NA,NA,"E: Uncertainty",NA,NA,NA,NA,NA,NA,NA,NA,NA,NA,"E: Uncertainty",NA,"E: Uncertainty",NA,NA,NA,"E: Uncertainty",NA,"E: Uncertainty",NA,"E: Uncertainty","E: Uncertainty","E: Uncertainty",NA,NA,NA,NA,NA,NA,NA,NA
"2021-08-24 21:00:00","PM2.5",0,0,0,194.0486,0,47.5396,36.4364,1.575,NA,0,0,71.2182,0,0,1.7651,10.4972,0,0,2.0091,NA,0.8838,NA,0,0,0,NA,NA,NA,0,0,0,NA,NA,0,0,0,0,0,0.9341,0,NA,NA,NA,NA,NA,NA,NA,NA,"E: Uncertainty",NA,NA,NA,NA,NA,NA,NA,NA,NA,NA,"E: Uncertainty",NA,"E: Uncertainty",NA,NA,NA,"E: Uncertainty","E: Uncertainty","E: Uncertainty",NA,NA,NA,"E: Uncertainty","E: Uncertainty",NA,NA,NA,NA,NA,NA,NA
"2021-08-24 22:00:00","PM10",0,NA,0,276.0839,0,107.8691,199.0147,5.5849,NA,NA,1.5905,171.2608,0,0,5.1673,16.5314,0,0,2.1603,0,1.428,NA,0,0,0,NA,NA,NA,0,0,NA,NA,3.446,0,0,0,0,0,0,0,NA,"E: Uncertainty",NA,NA,NA,NA,NA,NA,"E: Uncertainty","E: Uncertainty",NA,NA,NA,NA,NA,NA,NA,NA,NA,NA,NA,"E: Uncertainty",NA,NA,NA,"E: Uncertainty","E: Uncertainty","E: Uncertainty",NA,NA,"E: Uncertainty","E: Uncertainty",NA,NA,NA,NA,NA,NA,NA,NA
"2021-08-24 23:00:00","PM2.5",0,0,0,218.7005,0,45.6645,29.374,NA,NA,NA,0,54.4843,NA,NA,1.8679,17.574,0,0,1.8616,NA,1.6021,NA,0,0,0,NA,0.0445,0.0868,0,NA,NA,NA,NA,0,0,0,NA,0,1.0408,0,NA,NA,NA,NA,NA,NA,NA,"E: Uncertainty","E: Uncertainty","E: Uncertainty",NA,NA,"E: Uncertainty","E: Uncertainty",NA,NA,NA,NA,NA,"E: Uncertainty",NA,"E: Uncertainty",NA,NA,NA,"E: Uncertainty",NA,NA,NA,"E: Uncertainty","E: Uncertainty","E: Uncertainty","E: Uncertainty",NA,NA,NA,"E: Uncertainty",NA,NA,NA
"2021-08-25 00:30:00","PM10",NA,0,0,183.5075,0,48.4711,45.9676,NA,0,0,0,54.8914,0,0,1.7585,9.1782,0,0,0,0,NA,0,0,0,0,32.158,NA,NA,0,0,NA,NA,NA,0,0,0,0,0,0,0,"E: Uncertainty",NA,NA,NA,NA,NA,NA,"E: Uncertainty",NA,NA,NA,NA,NA,NA,NA,NA,NA,NA,NA,NA,"E: Uncertainty",NA,NA,NA,NA,NA,"E: Uncertainty","E: Uncertainty",NA,NA,"E: Uncertainty","E: Uncertainty","E: Uncertainty",NA,NA,NA,NA,NA,NA,NA
"2021-08-25 01:00:00","PM2.5",0,0,0,163.2833,0,19.1179,15.2632,NA,NA,0,NA,36.773,0,NA,1.5123,6.8098,0,0,0,0,1.9407,NA,0,0,0,NA,0,0,0,NA,NA,NA,0,0,0,0,0,0,0,0,NA,NA,NA,NA,NA,NA,NA,"E: Uncertainty","E: Uncertainty",NA,"E: Uncertainty",NA,NA,"E: Uncertainty",NA,NA,NA,NA,NA,NA,NA,"E: Uncertainty",NA,NA,NA,"E: Uncertainty",NA,NA,NA,"E: Uncertainty","E: Uncertainty","E: Uncertainty",NA,NA,NA,NA,NA,NA,NA,NA
"2021-08-25 02:00:00","PM10",0,NA,NA,251.8787,0,62.7247,144.4937,5.0507,NA,NA,0.9491,121.7885,0,NA,2.7885,7.0595,0,0,0.8591,NA,2.4393,NA,0,0,0,13.5576,0,0,0,NA,0,NA,NA,0,0,0,0,0,0,0,NA,"E: Uncertainty","E: Uncertainty",NA,NA,NA,NA,NA,"E: Uncertainty","E: Uncertainty",NA,NA,NA,"E: Uncertainty",NA,NA,NA,NA,NA,"E: Uncertainty",NA,"E: Uncertainty",NA,NA,NA,NA,NA,NA,NA,"E: Uncertainty",NA,"E: Uncertainty","E: Uncertainty",NA,NA,NA,NA,NA,NA,NA
"2021-08-25 03:00:00","PM2.5",NA,0,0,210.5812,0,25.978,36.579,NA,NA,0,0,30.9429,NA,0,1.3626,4.4916,0,0,0.382,0,1.7349,NA,0,0,0,12.1171,NA,0,0,0,NA,NA,NA,0,0,0,0,0,0,0,"E: Uncertainty",NA,NA,NA,NA,NA,NA,"E: Uncertainty","E: Uncertainty",NA,NA,NA,"E: Uncertainty",NA,NA,NA,NA,NA,NA,NA,NA,"E: Uncertainty",NA,NA,NA,NA,"E: Uncertainty",NA,NA,NA,"E: Uncertainty","E: Uncertainty","E: Uncertainty",NA,NA,NA,NA,NA,NA,NA
"2021-08-25 04:00:00","PM10",NA,0,0,356.0657,0,43.4153,116.6503,4.5119,0,NA,NA,65.1055,0,0,2.189,3.5634,0,0,0,0,35.6601,NA,0,0,0,NA,NA,NA,0,NA,NA,NA,0,0,0,0,0,0,NA,0,"E: Uncertainty",NA,NA,NA,NA,NA,NA,NA,NA,"E: Uncertainty","E: Uncertainty",NA,NA,NA,NA,NA,NA,NA,NA,NA,NA,"E: Uncertainty",NA,NA,NA,"E: Uncertainty","E: Uncertainty","E: Uncertainty",NA,"E: Uncertainty","E: Uncertainty","E: Uncertainty",NA,NA,NA,NA,NA,NA,"E: Uncertainty",NA
"2021-08-25 05:00:00","PM2.5",NA,0,0,318.0043,0,33.3768,15.8576,3.3192,NA,0,NA,56.4848,NA,0,0.8798,4.0572,0,0,0.7223,0,1.9328,0,0,NA,0,NA,0,0,0,0,NA,NA,0,0,0,0,0,0,0.7598,0,"E: Uncertainty",NA,NA,NA,NA,NA,NA,NA,"E: Uncertainty",NA,"E: Uncertainty",NA,"E: Uncertainty",NA,NA,NA,NA,NA,NA,NA,NA,NA,NA,"E: Uncertainty",NA,"E: Uncertainty",NA,NA,NA,NA,"E: Uncertainty","E: Uncertainty",NA,NA,NA,NA,NA,NA,NA,NA
"2021-08-25 06:00:00","PM10",NA,0,0,505.2194,0,54.9176,140.6573,7.5108,0,NA,2.2726,196.705,0,NA,6.0291,11.913,0,0,0,0,2.1337,NA,0,0,0,13.3351,NA,NA,0,NA,NA,NA,NA,0,0,0,0,0,3.9875,0,"E: Uncertainty",NA,NA,NA,NA,NA,NA,NA,NA,"E: Uncertainty",NA,NA,NA,"E: Uncertainty",NA,NA,NA,NA,NA,NA,NA,"E: Uncertainty",NA,NA,NA,NA,"E: Uncertainty","E: Uncertainty",NA,"E: Uncertainty","E: Uncertainty","E: Uncertainty","E: Uncertainty",NA,NA,NA,NA,NA,NA,NA
"2021-08-25 07:00:00","PM2.5",0,0,0,489.6766,0,43.7079,43.7472,2.2645,0,NA,0.9204,99.2448,0.001,0,3.1445,10.6718,0,0,1.3694,0,1.5207,NA,0,0,0,NA,0,NA,0,0,0,NA,NA,0,0,0,0,0,1.8242,0,NA,NA,NA,NA,NA,NA,NA,NA,NA,"E: Uncertainty",NA,NA,NA,NA,NA,NA,NA,NA,NA,NA,NA,"E: Uncertainty",NA,NA,NA,"E: Uncertainty",NA,"E: Uncertainty",NA,NA,NA,"E: Uncertainty","E: Uncertainty",NA,NA,NA,NA,NA,NA,NA
"2021-08-25 08:00:00","PM10",NA,NA,0,690.9835,0,80.4194,285.4689,7.6575,0,NA,2.4314,280.3411,0,0,7.4034,22.4828,0,0,0.7889,0,2.7432,NA,0,NA,0,12.8107,NA,NA,0,0,0,NA,NA,0,0,0,0,0,8.2589,0,"E: Uncertainty","E: Uncertainty",NA,NA,NA,NA,NA,NA,NA,"E: Uncertainty",NA,NA,NA,NA,NA,NA,NA,NA,NA,NA,NA,"E: Uncertainty",NA,"E: Uncertainty",NA,NA,"E: Uncertainty","E: Uncertainty",NA,NA,NA,"E: Uncertainty","E: Uncertainty",NA,NA,NA,NA,NA,NA,NA
"2021-08-25 09:00:00","PM2.5",NA,0,0,421.6884,0,39.0628,69.9878,2.3471,0,NA,NA,97.3493,0,0,3.9774,23.0117,0,0,0.9411,9e-04,1.3709,NA,0,0,0,9.238,NA,0,0,NA,0,NA,NA,0,0,0,0,0,3.6523,0,"E: Uncertainty",NA,NA,NA,NA,NA,NA,NA,NA,"E: Uncertainty","E: Uncertainty",NA,NA,NA,NA,NA,NA,NA,NA,NA,NA,"E: Uncertainty",NA,NA,NA,NA,"E: Uncertainty",NA,NA,"E: Uncertainty",NA,"E: Uncertainty","E: Uncertainty",NA,NA,NA,NA,NA,NA,NA
"2021-08-25 10:00:00","PM10",0,NA,0,488.1077,0,63.8403,312.8653,8.4607,0,1.3372,2.6748,236.3662,0.0032,0.5651,5.543,20.01,0,0,1.169,NA,3.0711,NA,0,0,0,NA,NA,NA,0,NA,0,NA,3.4132,0,0,0,0,0,3.0243,0,NA,"E: Uncertainty",NA,NA,NA,NA,NA,NA,NA,NA,NA,NA,NA,NA,NA,NA,NA,NA,NA,"E: Uncertainty",NA,"E: Uncertainty",NA,NA,NA,"E: Uncertainty","E: Uncertainty","E: Uncertainty",NA,"E: Uncertainty",NA,"E: Uncertainty",NA,NA,NA,NA,NA,NA,NA,NA
"2021-08-25 11:00:00","PM2.5",697.7197,0,0,496.006,0,37.5198,83.2682,2.6403,NA,NA,1.0833,100.5603,0,0,3.3712,11.8743,0,0,1.4058,0,1.041,NA,0,0,0,12.6418,0,NA,0,0,NA,NA,NA,0,0,0,0,0,1.761,0,NA,NA,NA,NA,NA,NA,NA,NA,"E: Uncertainty","E: Uncertainty",NA,NA,NA,NA,NA,NA,NA,NA,NA,NA,NA,"E: Uncertainty",NA,NA,NA,NA,NA,"E: Uncertainty",NA,NA,"E: Uncertainty","E: Uncertainty","E: Uncertainty",NA,NA,NA,NA,NA,NA,NA
"2021-08-25 12:00:00","PM10",7.7696,NA,0,619.9398,0,75.5435,281.9997,7.2605,NA,2.7701,3.1689,251.8497,0,1.2688,6.4625,19.2774,0,0,0.6341,0,2.1892,NA,0,NA,0,9.9804,NA,0.0154,0,0,0,0,NA,0,0,0,0,0,4.8776,0,NA,"E: Uncertainty",NA,NA,NA,NA,NA,NA,"E: Uncertainty",NA,NA,NA,NA,NA,NA,NA,NA,NA,NA,NA,NA,"E: Uncertainty",NA,"E: Uncertainty",NA,NA,"E: Uncertainty",NA,NA,NA,NA,NA,"E: Uncertainty",NA,NA,NA,NA,NA,NA,NA
"2021-08-25 13:00:00","PM2.5",NA,0,NA,662.8828,0,31.0219,44.6317,2.1099,0,NA,NA,74.2093,0,0,2.635,8.437,0,0,0.8755,0,2.1973,NA,0,0,0,0,NA,0,0,NA,NA,NA,NA,0,0,0,0,0,1.318,0,"E: Uncertainty",NA,"E: Uncertainty",NA,NA,NA,NA,NA,NA,"E: Uncertainty","E: Uncertainty",NA,NA,NA,NA,NA,NA,NA,NA,NA,NA,"E: Uncertainty",NA,NA,NA,NA,"E: Uncertainty",NA,NA,"E: Uncertainty","E: Uncertainty","E: Uncertainty","E: Uncertainty",NA,NA,NA,NA,NA,NA,NA
"2021-08-25 14:00:00","PM10",NA,183.1445,0,499.1839,0,73.9541,320.3857,10.4948,0,NA,2.27,237.8984,0,NA,6.4241,9.1556,0,0,1.2383,0,1.2869,NA,0,NA,0,NA,NA,NA,0,NA,NA,NA,NA,0,0,0,0,0,1.6266,0,"E: Uncertainty",NA,NA,NA,NA,NA,NA,NA,NA,"E: Uncertainty",NA,NA,NA,"E: Uncertainty",NA,NA,NA,NA,NA,NA,NA,"E: Uncertainty",NA,"E: Uncertainty",NA,"E: Uncertainty","E: Uncertainty","E: Uncertainty",NA,"E: Uncertainty","E: Uncertainty","E: Uncertainty","E: Uncertainty",NA,NA,NA,NA,NA,NA,NA
"2021-08-25 15:00:00","PM2.5",0,0,0,335.4292,0,30.1072,49.4353,2.2339,0,0,0.8608,86.9844,0,0,3.9038,5.9876,0,0,0.5003,0,1.1132,NA,0,0,0,11.57,NA,NA,0.1477,NA,0,NA,NA,0,0,0,0,0,1.1043,0,NA,NA,NA,NA,NA,NA,NA,NA,NA,NA,NA,NA,NA,NA,NA,NA,NA,NA,NA,NA,NA,"E: Uncertainty",NA,NA,NA,NA,"E: Uncertainty","E: Uncertainty",NA,"E: Uncertainty",NA,"E: Uncertainty","E: Uncertainty",NA,NA,NA,NA,NA,NA,NA
"2021-08-25 16:00:00","PM10",NA,265.9473,0,298.6421,0,90.2758,312.1104,14.2239,NA,0.6993,4.0086,317.9304,0,NA,7.1003,7.6026,0,0,NA,NA,1.2995,NA,0,0,0,NA,NA,0,0,NA,NA,0,5.7696,0,0,0,0,0,2.2058,0,"E: Uncertainty",NA,NA,NA,NA,NA,NA,NA,"E: Uncertainty",NA,NA,NA,NA,"E: Uncertainty",NA,NA,NA,NA,"E: Uncertainty","E: Uncertainty",NA,"E: Uncertainty",NA,NA,NA,"E: Uncertainty","E: Uncertainty",NA,NA,"E: Uncertainty","E: Uncertainty",NA,NA,NA,NA,NA,NA,NA,NA,NA
"2021-08-25 17:00:00","PM2.5",588.8356,0,0,215.1938,0,33.3067,64.0188,2.3626,0,NA,0.851,100.277,NA,0,3.0895,6.0077,0,0,0.6244,0,1.5651,0,0,0,0,NA,0,0,0,0,NA,NA,NA,0,0,0,0,0,0.8012,0,NA,NA,NA,NA,NA,NA,NA,NA,NA,"E: Uncertainty",NA,NA,"E: Uncertainty",NA,NA,NA,NA,NA,NA,NA,NA,NA,NA,NA,NA,"E: Uncertainty",NA,NA,NA,NA,"E: Uncertainty","E: Uncertainty","E: Uncertainty",NA,NA,NA,NA,NA,NA,NA
"2021-08-25 18:00:00","PM10",0,190.554,0,319.7104,0,82.3014,301.5859,11.2574,0,0.6952,3.5654,268.1329,0,NA,6.7133,14.8832,0,0,0.5392,0,2.6528,NA,0,0,0,12.4272,0,NA,0,NA,NA,0,5.5483,0,0,0,0,0,2.677,0,NA,NA,NA,NA,NA,NA,NA,NA,NA,NA,NA,NA,NA,"E: Uncertainty",NA,NA,NA,NA,NA,NA,NA,"E: Uncertainty",NA,NA,NA,NA,NA,"E: Uncertainty",NA,"E: Uncertainty","E: Uncertainty",NA,NA,NA,NA,NA,NA,NA,NA,NA
"2021-08-25 19:00:00","PM2.5",865.7541,0,0,495.1558,0,51.457,71.7884,4.2997,0.007,2.8442,2.9641,162.8634,0,NA,9.0788,52.12,0,0,0.9399,0.542,2.1987,NA,0,0,0,10.409,0,NA,0,NA,0,0,4.2179,0,0,0,0,0,2.9892,0,NA,NA,NA,NA,NA,NA,NA,NA,NA,NA,NA,NA,NA,"E: Uncertainty",NA,NA,NA,NA,NA,NA,NA,"E: Uncertainty",NA,NA,NA,NA,NA,"E: Uncertainty",NA,"E: Uncertainty",NA,NA,NA,NA,NA,NA,NA,NA,NA,NA
"2021-08-25 20:00:00","PM10",NA,171.2981,0,740.8044,0,147.9114,275.1044,13.8784,NA,10.8457,11.7776,631.5341,0,1.5692,31.5768,92.6197,0,0,1.3236,0.57,5.7585,2.596,0,0,NA,NA,NA,NA,0,NA,NA,NA,19.4558,0,0,0,0,0,10.2898,0,"E: Uncertainty",NA,NA,NA,NA,NA,NA,NA,"E: Uncertainty",NA,NA,NA,NA,NA,NA,NA,NA,NA,NA,NA,NA,NA,NA,NA,"E: Uncertainty","E: Uncertainty","E: Uncertainty","E: Uncertainty",NA,"E: Uncertainty","E: Uncertainty","E: Uncertainty",NA,NA,NA,NA,NA,NA,NA,NA
"2021-08-25 21:00:00","PM2.5",NA,0,0,666.319,0,95.2429,46.5325,36.4538,0,3.0661,3.1878,238.8713,0,1.0931,17.1948,49.5837,0,0,3.7438,0.7495,4.9938,0,0,0,0,10.681,NA,0,0,0,NA,0,3.3304,0,0,0,0,0,20.5915,0,"E: Uncertainty",NA,NA,NA,NA,NA,NA,NA,NA,NA,NA,NA,NA,NA,NA,NA,NA,NA,NA,NA,NA,NA,NA,NA,NA,NA,"E: Uncertainty",NA,NA,NA,"E: Uncertainty",NA,NA,NA,NA,NA,NA,NA,NA,NA
"2021-08-25 22:00:00","PM10",NA,NA,0,819.8832,32.5482,131.7831,208.1728,50.6015,0,6.4817,8.6617,625.7616,0,1.447,28.221,102.0418,0,0,2.8843,0.8696,5.3446,NA,0,0,0,NA,NA,NA,0,0,0,NA,10.1584,0,0,0,0,0,22.4725,0,"E: Uncertainty","E: Uncertainty",NA,NA,NA,NA,NA,NA,NA,NA,NA,NA,NA,NA,NA,NA,NA,NA,NA,NA,NA,"E: Uncertainty",NA,NA,NA,"E: Uncertainty","E: Uncertainty","E: Uncertainty",NA,NA,NA,"E: Uncertainty",NA,NA,NA,NA,NA,NA,NA,NA
"2021-08-25 23:00:00","PM2.5",NA,0,0,660.1246,0,104.2606,35.9972,18.7088,NA,2.814,2.8614,215.4914,0,1.0118,8.8693,76.438,0,0,2.321,0.6649,7.4784,NA,0,0,0,20.424,0,NA,0,NA,0,NA,0,0,0,0,0,0,13.2278,0,"E: Uncertainty",NA,NA,NA,NA,NA,NA,NA,"E: Uncertainty",NA,NA,NA,NA,NA,NA,NA,NA,NA,NA,NA,NA,"E: Uncertainty",NA,NA,NA,NA,NA,"E: Uncertainty",NA,"E: Uncertainty",NA,"E: Uncertainty",NA,NA,NA,NA,NA,NA,NA,NA
"2021-08-26 00:30:00","PM10",NA,NA,0,671.7265,0,125.9743,310.6435,15.3589,0,6.9401,6.8795,376.2754,0,NA,8.8019,75.5607,0,0,3.3105,NA,4.3679,NA,0,0,0,29.8481,0,NA,0,NA,NA,NA,NA,0,0,0,0,0,9.5339,0,"E: Uncertainty","E: Uncertainty",NA,NA,NA,NA,NA,NA,NA,NA,NA,NA,NA,"E: Uncertainty",NA,NA,NA,NA,NA,"E: Uncertainty",NA,"E: Uncertainty",NA,NA,NA,NA,NA,"E: Uncertainty",NA,"E: Uncertainty","E: Uncertainty","E: Uncertainty","E: Uncertainty",NA,NA,NA,NA,NA,NA,NA
"2021-08-26 01:00:00","PM2.5",NA,0,0,501.8138,0,64.595,55.4802,3.1289,0,1.8186,3.3709,112.3685,0,NA,3.0785,36.2999,0,0,2.8316,1.3382,4.0499,NA,0,0,0,11.1943,NA,0,0,0,NA,NA,NA,0,0,0,0,0,4.9476,0,"E: Uncertainty",NA,NA,NA,NA,NA,NA,NA,NA,NA,NA,NA,NA,"E: Uncertainty",NA,NA,NA,NA,NA,NA,NA,"E: Uncertainty",NA,NA,NA,NA,"E: Uncertainty",NA,NA,NA,"E: Uncertainty","E: Uncertainty","E: Uncertainty",NA,NA,NA,NA,NA,NA,NA
"2021-08-26 02:00:00","PM10",0,NA,0,498.1754,0,70.0639,204.1875,5.5179,0,0.7627,2.393,144.168,0,NA,2.4744,7.952,0,0,1.2141,0.6091,3.6982,NA,0,0,0,10.2096,NA,0,0,NA,NA,NA,NA,0,0,0,0,0,6.7089,0,NA,"E: Uncertainty",NA,NA,NA,NA,NA,NA,NA,NA,NA,NA,NA,"E: Uncertainty",NA,NA,NA,NA,NA,NA,NA,"E: Uncertainty",NA,NA,NA,NA,"E: Uncertainty",NA,NA,"E: Uncertainty","E: Uncertainty","E: Uncertainty","E: Uncertainty",NA,NA,NA,NA,NA,NA,NA
"2021-08-26 03:00:00","PM2.5",NA,0,0,370.5879,0,38.9662,40.8899,1.624,NA,0,1.0381,49.42,0,0,1.6134,4.7201,0,0,0.9018,NA,2.5216,0,0,0,0,18.6732,NA,0,0,0,NA,NA,0,0,NA,0,0,0,1.617,0,"E: Uncertainty",NA,NA,NA,NA,NA,NA,NA,"E: Uncertainty",NA,NA,NA,NA,NA,NA,NA,NA,NA,NA,"E: Uncertainty",NA,NA,NA,NA,NA,NA,"E: Uncertainty",NA,NA,NA,"E: Uncertainty","E: Uncertainty",NA,NA,"E: Uncertainty",NA,NA,NA,NA,NA
"2021-08-26 04:00:00","PM10",NA,NA,0,349.93,0,57.6402,110.9296,3.5023,NA,0,NA,108.4508,0,0,2.7646,5.0069,0,0,0.5086,0,1.7059,NA,0,0,0,21.6416,0,0,0,NA,NA,NA,0,0,NA,0,0,0,NA,0,"E: Uncertainty","E: Uncertainty",NA,NA,NA,NA,NA,NA,"E: Uncertainty",NA,"E: Uncertainty",NA,NA,NA,NA,NA,NA,NA,NA,NA,NA,"E: Uncertainty",NA,NA,NA,NA,NA,NA,NA,"E: Uncertainty","E: Uncertainty","E: Uncertainty",NA,NA,"E: Uncertainty",NA,NA,NA,"E: Uncertainty",NA
"2021-08-26 05:00:00","PM2.5",NA,0,0,242.2095,0,23.8102,20.5541,1.0314,NA,0.0041,1.2252,66.3798,0,0,2.3711,11.5295,0,0,1.1948,NA,1.3858,0,0,0,0,9.4268,0,NA,0,NA,NA,NA,NA,0,0,0,0,0,0,0,"E: Uncertainty",NA,NA,NA,NA,NA,NA,NA,"E: Uncertainty",NA,NA,NA,NA,NA,NA,NA,NA,NA,NA,"E: Uncertainty",NA,NA,NA,NA,NA,NA,NA,"E: Uncertainty",NA,"E: Uncertainty","E: Uncertainty","E: Uncertainty","E: Uncertainty",NA,NA,NA,NA,NA,NA,NA
"2021-08-26 06:00:00","PM10",NA,NA,0,194.8201,0,26.759,107.8856,4.5893,NA,NA,0.9347,176.0401,0,0,8.4033,6.0723,0,0,0.4067,0,NA,NA,0,0,0,15.4894,0,NA,0,NA,NA,NA,NA,0,0,0,0,0,0,0,"E: Uncertainty","E: Uncertainty",NA,NA,NA,NA,NA,NA,"E: Uncertainty","E: Uncertainty",NA,NA,NA,NA,NA,NA,NA,NA,NA,NA,"E: Uncertainty","E: Uncertainty",NA,NA,NA,NA,NA,"E: Uncertainty",NA,"E: Uncertainty","E: Uncertainty","E: Uncertainty","E: Uncertainty",NA,NA,NA,NA,NA,NA,NA
"2021-08-26 07:00:00","PM2.5",NA,1.4745,0,163.4074,0,7.2098,50.8838,NA,NA,NA,0.8045,63.7372,NA,NA,2.7375,12.5189,0,0,NA,NA,0,NA,0,0,0,13.3513,NA,NA,0,NA,NA,NA,NA,0,0,0,0,0,0,0,"E: Uncertainty",NA,NA,NA,NA,NA,NA,"E: Uncertainty","E: Uncertainty","E: Uncertainty",NA,NA,"E: Uncertainty","E: Uncertainty",NA,NA,NA,NA,"E: Uncertainty","E: Uncertainty",NA,"E: Uncertainty",NA,NA,NA,NA,"E: Uncertainty","E: Uncertainty",NA,"E: Uncertainty","E: Uncertainty","E: Uncertainty","E: Uncertainty",NA,NA,NA,NA,NA,NA,NA
"2021-08-26 08:00:00","PM10",NA,NA,0,341.9206,380.8685,52.3186,374.2206,7.0838,NA,1.8137,3.2648,174.4898,0,NA,6.1311,15.9143,0,0,NA,NA,1.3983,NA,0,0,0,10.0624,0,0,0,0.1436,NA,NA,NA,0,0,NA,0,0,1.4874,0,"E: Uncertainty","E: Uncertainty",NA,NA,NA,NA,NA,NA,"E: Uncertainty",NA,NA,NA,NA,"E: Uncertainty",NA,NA,NA,NA,"E: Uncertainty","E: Uncertainty",NA,"E: Uncertainty",NA,NA,NA,NA,NA,NA,NA,NA,"E: Uncertainty","E: Uncertainty","E: Uncertainty",NA,NA,"E: Uncertainty",NA,NA,NA,NA
"2021-08-26 09:00:00","PM2.5",NA,0,0,506.6258,526.5317,26.2445,77.7779,1.0458,0,0,NA,50.9852,0,0,2.0666,5.8776,0,0,NA,NA,1.4432,NA,0,0,0,NA,NA,0,0,NA,NA,NA,NA,0,0,0,0,0,0,0,"E: Uncertainty",NA,NA,NA,NA,NA,NA,NA,NA,NA,"E: Uncertainty",NA,NA,NA,NA,NA,NA,NA,"E: Uncertainty","E: Uncertainty",NA,"E: Uncertainty",NA,NA,NA,"E: Uncertainty","E: Uncertainty",NA,NA,"E: Uncertainty","E: Uncertainty","E: Uncertainty","E: Uncertainty",NA,NA,NA,NA,NA,NA,NA
"2021-08-26 10:00:00","PM10",NA,212.8319,0,754.3556,2173.2865,109.822,440.6638,11.8432,0,1.055,3.1865,179.802,0,NA,4.5268,11.0348,0,0,NA,NA,4.856,1.9452,0,0,0,12.0939,NA,NA,0,0,NA,NA,NA,0,0,0,0,0,1.4904,0,"E: Uncertainty",NA,NA,NA,NA,NA,NA,NA,NA,NA,NA,NA,NA,"E: Uncertainty",NA,NA,NA,NA,"E: Uncertainty","E: Uncertainty",NA,NA,NA,NA,NA,NA,"E: Uncertainty","E: Uncertainty",NA,NA,"E: Uncertainty","E: Uncertainty","E: Uncertainty",NA,NA,NA,NA,NA,NA,NA
"2021-08-26 11:00:00","PM2.5",NA,NA,0,626.9632,628.3245,42.7467,111.7127,2.8839,0,NA,0.9246,64.0877,NA,NA,2.0637,6.4616,0,0,0.8951,NA,2.6387,NA,0,0,0,0,0,0,0,NA,0,0,0.0158,0,0,0,0,0,NA,0,"E: Uncertainty","E: Uncertainty",NA,NA,NA,NA,NA,NA,NA,"E: Uncertainty",NA,NA,"E: Uncertainty","E: Uncertainty",NA,NA,NA,NA,NA,"E: Uncertainty",NA,"E: Uncertainty",NA,NA,NA,NA,NA,NA,NA,"E: Uncertainty",NA,NA,NA,NA,NA,NA,NA,NA,"E: Uncertainty",NA
"2021-08-26 12:00:00","PM10",0,235.5115,0,709.741,1757.3238,128.9098,452.6384,15.2823,NA,3.8392,3.5701,211.6797,0,0.7144,6.6487,16.6885,0,0,NA,NA,4.9709,1.8321,0,0,0,10.201,NA,NA,NA,0,NA,0,NA,0,0,0,0,0,3.4332,0,NA,NA,NA,NA,NA,NA,NA,NA,"E: Uncertainty",NA,NA,NA,NA,NA,NA,NA,NA,NA,"E: Uncertainty","E: Uncertainty",NA,NA,NA,NA,NA,NA,"E: Uncertainty","E: Uncertainty","E: Uncertainty",NA,"E: Uncertainty",NA,"E: Uncertainty",NA,NA,NA,NA,NA,NA,NA
"2021-08-26 13:00:00","PM2.5",0,0,0,561.2611,294.1209,40.4779,109.6425,2.442,NA,2.361,1.1164,74.2944,NA,1.0236,3.2441,10.2579,0,0,1.1326,NA,2.2125,1.5735,0,0,0,9.1859,NA,0,0,0,NA,NA,0,0,0,0,0,0,0.8771,0,NA,NA,NA,NA,NA,NA,NA,NA,"E: Uncertainty",NA,NA,NA,"E: Uncertainty",NA,NA,NA,NA,NA,NA,"E: Uncertainty",NA,NA,NA,NA,NA,NA,"E: Uncertainty",NA,NA,NA,"E: Uncertainty","E: Uncertainty",NA,NA,NA,NA,NA,NA,NA,NA
"2021-08-26 14:00:00","PM10",NA,298.3859,0,565.1179,872.6081,109.2364,519.785,12.4553,0,4.0588,4.4133,247.6235,0,0.7848,6.6345,13.5515,0,0,0.8602,NA,3.2784,NA,0,0,0,13.8364,NA,NA,0,NA,0,NA,NA,0,0,0,0,0,3.2192,0,"E: Uncertainty",NA,NA,NA,NA,NA,NA,NA,NA,NA,NA,NA,NA,NA,NA,NA,NA,NA,NA,"E: Uncertainty",NA,"E: Uncertainty",NA,NA,NA,NA,"E: Uncertainty","E: Uncertainty",NA,"E: Uncertainty",NA,"E: Uncertainty","E: Uncertainty",NA,NA,NA,NA,NA,NA,NA
"2021-08-26 15:00:00","PM2.5",755.0189,0,0,467.6907,121.7393,34.0383,93.4299,2.8094,NA,0.8611,NA,69.7111,0,NA,2.8656,7.4236,0,0,1.4697,NA,1.6423,NA,0,0,0,13.6173,NA,0,0,NA,NA,NA,NA,0,0,0,0,0,NA,0,NA,NA,NA,NA,NA,NA,NA,NA,"E: Uncertainty",NA,"E: Uncertainty",NA,NA,"E: Uncertainty",NA,NA,NA,NA,NA,"E: Uncertainty",NA,"E: Uncertainty",NA,NA,NA,NA,"E: Uncertainty",NA,NA,"E: Uncertainty","E: Uncertainty","E: Uncertainty","E: Uncertainty",NA,NA,NA,NA,NA,"E: Uncertainty",NA
"2021-08-26 16:00:00","PM10",NA,251.6161,0,537.8159,613.9336,99.1306,523.2763,11.693,0,2.7181,2.9812,255.7316,0,NA,6.605,10.6035,0,0,1.0829,NA,3.5648,2.1439,0,0,0,20.3901,0,0,0,NA,NA,0,NA,0,0,0,0,0,NA,0,"E: Uncertainty",NA,NA,NA,NA,NA,NA,NA,NA,NA,NA,NA,NA,"E: Uncertainty",NA,NA,NA,NA,NA,"E: Uncertainty",NA,NA,NA,NA,NA,NA,NA,NA,NA,"E: Uncertainty","E: Uncertainty",NA,"E: Uncertainty",NA,NA,NA,NA,NA,"E: Uncertainty",NA
"2021-08-26 17:00:00","PM2.5",NA,0,0,500.6072,24.9977,30.8734,68.7661,1.4375,0,0.8777,NA,83.2434,0,NA,3.3492,8.3468,0,0,0.57,NA,2.0581,NA,0,0,0,11.9602,NA,0,0,0,NA,NA,NA,0,0,0,0,0,NA,0,"E: Uncertainty",NA,NA,NA,NA,NA,NA,NA,NA,NA,"E: Uncertainty",NA,NA,"E: Uncertainty",NA,NA,NA,NA,NA,"E: Uncertainty",NA,"E: Uncertainty",NA,NA,NA,NA,"E: Uncertainty",NA,NA,NA,"E: Uncertainty","E: Uncertainty","E: Uncertainty",NA,NA,NA,NA,NA,"E: Uncertainty",NA
"2021-08-26 18:00:00","PM10",0,192.2387,0,527.4823,459.8632,90.1761,347.9665,9.8692,NA,3.1623,3.7753,265.2551,0,NA,7.5003,17.2862,0,0,1.25,0.4326,2.9274,NA,0,0,0,9.2947,0.094,NA,0,NA,NA,0,NA,0,0,0,0,0,NA,0,NA,NA,NA,NA,NA,NA,NA,NA,"E: Uncertainty",NA,NA,NA,NA,"E: Uncertainty",NA,NA,NA,NA,NA,NA,NA,"E: Uncertainty",NA,NA,NA,NA,NA,"E: Uncertainty",NA,"E: Uncertainty","E: Uncertainty",NA,"E: Uncertainty",NA,NA,NA,NA,NA,"E: Uncertainty",NA
"2021-08-26 19:00:00","PM2.5",NA,0,0,415.3402,58.0727,35.3087,60.9383,3.9072,NA,1.7766,1.0638,111.782,0,NA,4.8565,13.8876,0,0,1.1904,NA,1.4985,NA,0,0,0,12.8167,NA,NA,0,NA,0,0,NA,0,0,0,0,0,0,0,"E: Uncertainty",NA,NA,NA,NA,NA,NA,NA,"E: Uncertainty",NA,NA,NA,NA,"E: Uncertainty",NA,NA,NA,NA,NA,"E: Uncertainty",NA,"E: Uncertainty",NA,NA,NA,NA,"E: Uncertainty","E: Uncertainty",NA,"E: Uncertainty",NA,NA,"E: Uncertainty",NA,NA,NA,NA,NA,NA,NA
"2021-08-26 20:00:00","PM10",NA,NA,0,535.8687,1014.8253,89.2479,303.538,11.1846,NA,5.8921,5.0875,318.2448,0,1.0428,9.0357,23.372,0,0,1.5815,NA,4.1039,NA,0,0,0,22.4034,0.0436,NA,0,NA,NA,NA,4.4338,0,0,0,0,0,2.5839,0,"E: Uncertainty","E: Uncertainty",NA,NA,NA,NA,NA,NA,"E: Uncertainty",NA,NA,NA,NA,NA,NA,NA,NA,NA,NA,"E: Uncertainty",NA,"E: Uncertainty",NA,NA,NA,NA,NA,"E: Uncertainty",NA,"E: Uncertainty","E: Uncertainty","E: Uncertainty",NA,NA,NA,NA,NA,NA,NA,NA
"2021-08-26 21:00:00","PM2.5",NA,0,0,440.3721,416.6665,42.132,51.4552,2.3796,NA,2.1333,1.4785,79.5304,0,NA,3.7229,10.4385,0,0,0.8716,NA,2.804,NA,0,0,0,8.941,0,NA,0,NA,NA,NA,0,0,0,0,0,0,NA,0,"E: Uncertainty",NA,NA,NA,NA,NA,NA,NA,"E: Uncertainty",NA,NA,NA,NA,"E: Uncertainty",NA,NA,NA,NA,NA,"E: Uncertainty",NA,"E: Uncertainty",NA,NA,NA,NA,NA,"E: Uncertainty",NA,"E: Uncertainty","E: Uncertainty","E: Uncertainty",NA,NA,NA,NA,NA,NA,"E: Uncertainty",NA
"2021-08-26 22:00:00","PM10",0,0,0,537.1381,1643.3168,87.798,215.1553,5.058,0,2.8118,2.7891,153.2873,0,0.606,5.323,11.5354,0,0,0.5832,0,4.296,NA,0,0,0,12.3415,0,NA,0,0,NA,0,NA,0,0,0,0,0,1.0658,0,NA,NA,NA,NA,NA,NA,NA,NA,NA,NA,NA,NA,NA,NA,NA,NA,NA,NA,NA,NA,NA,"E: Uncertainty",NA,NA,NA,NA,NA,"E: Uncertainty",NA,NA,"E: Uncertainty",NA,"E: Uncertainty",NA,NA,NA,NA,NA,NA,NA
"2021-08-26 23:00:00","PM2.5",NA,0,0,380.2383,405.8927,35.2736,43.3531,NA,NA,NA,NA,56.0561,0,NA,2.665,7.5828,0,0,NA,0,2.355,NA,0,0,NA,NA,NA,NA,0,0,0,NA,NA,0,NA,0,0,0,0,0,"E: Uncertainty",NA,NA,NA,NA,NA,NA,"E: Uncertainty","E: Uncertainty","E: Uncertainty","E: Uncertainty",NA,NA,"E: Uncertainty",NA,NA,NA,NA,"E: Uncertainty",NA,NA,"E: Uncertainty",NA,NA,"E: Uncertainty","E: Uncertainty","E: Uncertainty","E: Uncertainty",NA,NA,NA,"E: Uncertainty","E: Uncertainty",NA,"E: Uncertainty",NA,NA,NA,NA,NA
"2021-08-27 00:30:00","PM10",NA,0,0,380.7901,1219.0443,55.8256,123.9633,NA,NA,NA,NA,84.2017,NA,0,18.9964,5.5063,0,0,1.1136,0,3.0752,0,0,0,0,22.5339,NA,NA,0,0,0,0,NA,0,0,0,NA,0,0,0,"E: Uncertainty",NA,NA,NA,NA,NA,NA,"E: Uncertainty","E: Uncertainty","E: Uncertainty","E: Uncertainty",NA,"E: Uncertainty",NA,NA,NA,NA,NA,NA,NA,NA,NA,NA,NA,NA,NA,"E: Uncertainty","E: Uncertainty",NA,NA,NA,NA,"E: Uncertainty",NA,NA,NA,"E: Uncertainty",NA,NA,NA
"2021-08-27 01:00:00","PM2.5",NA,0,0,302.5422,222.8672,22.0067,23.4546,0,0,NA,NA,27.72,0,NA,2.654,3.2658,0,0,0.4084,0,1.2248,0,0,0,0,14.8616,NA,NA,0,NA,NA,0,NA,0,0,0,0,0,0,0,"E: Uncertainty",NA,NA,NA,NA,NA,NA,NA,NA,"E: Uncertainty","E: Uncertainty",NA,NA,"E: Uncertainty",NA,NA,NA,NA,NA,NA,NA,NA,NA,NA,NA,NA,"E: Uncertainty","E: Uncertainty",NA,"E: Uncertainty","E: Uncertainty",NA,"E: Uncertainty",NA,NA,NA,NA,NA,NA,NA
"2021-08-27 02:00:00","PM10",NA,0,0,273.2571,692.3052,35.6141,67.532,1.1182,0,1.4516,NA,52.9437,0,NA,1.4193,5.2916,0,0,NA,0,1.8934,NA,0,0,0,21.5809,0,0,0,0,NA,0,0,0,0,0,0,0,0,0,"E: Uncertainty",NA,NA,NA,NA,NA,NA,NA,NA,NA,"E: Uncertainty",NA,NA,"E: Uncertainty",NA,NA,NA,NA,"E: Uncertainty",NA,NA,"E: Uncertainty",NA,NA,NA,NA,NA,NA,NA,NA,"E: Uncertainty",NA,NA,NA,NA,NA,NA,NA,NA,NA
"2021-08-27 03:00:00","PM2.5",NA,0,0,176.6483,132.086,13.7683,16.0757,0,NA,1.1811,NA,15.0739,0,NA,0.705,5.045,0,0,NA,NA,NA,NA,0,0,0,13.0504,NA,NA,0,NA,NA,NA,0,0,0,0,0,0,0,0,"E: Uncertainty",NA,NA,NA,NA,NA,NA,NA,"E: Uncertainty",NA,"E: Uncertainty",NA,NA,"E: Uncertainty",NA,NA,NA,NA,"E: Uncertainty","E: Uncertainty","E: Uncertainty","E: Uncertainty",NA,NA,NA,NA,"E: Uncertainty","E: Uncertainty",NA,"E: Uncertainty","E: Uncertainty","E: Uncertainty",NA,NA,NA,NA,NA,NA,NA,NA
"2021-08-27 04:00:00","PM10",NA,0,0,257.5188,527.0405,29.508,95.3919,11.416,0,1.8558,NA,55.3092,NA,NA,2.0338,14.6985,0,0,0.8871,0.4427,2.0518,NA,0,0,0,11.4261,0,0,0,NA,NA,NA,0,0,0,0,0,0,0,0,"E: Uncertainty",NA,NA,NA,NA,NA,NA,NA,NA,NA,"E: Uncertainty",NA,"E: Uncertainty","E: Uncertainty",NA,NA,NA,NA,NA,NA,NA,"E: Uncertainty",NA,NA,NA,NA,NA,NA,NA,"E: Uncertainty","E: Uncertainty","E: Uncertainty",NA,NA,NA,NA,NA,NA,NA,NA
"2021-08-27 05:00:00","PM2.5",NA,0,0,170.3287,102.5622,12.635,20.4475,5.1605,0,NA,NA,48.818,0,0,1.6861,34.082,0,0,0.3529,NA,0.9289,NA,0,0,0,11.0607,NA,NA,0,NA,NA,NA,0,0,0,0,0,0,0,0,"E: Uncertainty",NA,NA,NA,NA,NA,NA,NA,NA,"E: Uncertainty","E: Uncertainty",NA,NA,NA,NA,NA,NA,NA,NA,"E: Uncertainty",NA,"E: Uncertainty",NA,NA,NA,NA,"E: Uncertainty","E: Uncertainty",NA,"E: Uncertainty","E: Uncertainty","E: Uncertainty",NA,NA,NA,NA,NA,NA,NA,NA
"2021-08-27 06:00:00","PM10",NA,NA,0,211.3086,385.3685,35.605,159.5176,4.4073,0,NA,1.9396,249.5709,0,NA,10.0551,38.3486,0,0,NA,NA,0.8745,NA,0,0,0,14.0795,0,0,0,NA,NA,NA,5.7949,0,0,0,0,0,0,0,"E: Uncertainty","E: Uncertainty",NA,NA,NA,NA,NA,NA,NA,"E: Uncertainty",NA,NA,NA,"E: Uncertainty",NA,NA,NA,NA,"E: Uncertainty","E: Uncertainty",NA,"E: Uncertainty",NA,NA,NA,NA,NA,NA,NA,"E: Uncertainty","E: Uncertainty","E: Uncertainty",NA,NA,NA,NA,NA,NA,NA,NA
"2021-08-27 07:00:00","PM2.5",NA,0,0,153.1705,98.1514,12.417,46.4929,1.1917,0,NA,0.8618,91.0193,0.0024,0,3.3708,16.8092,0,0,NA,NA,NA,NA,0,0,0,22.5889,NA,NA,0,NA,NA,NA,NA,0,0,0,0,0,NA,0,"E: Uncertainty",NA,NA,NA,NA,NA,NA,NA,NA,"E: Uncertainty",NA,NA,NA,NA,NA,NA,NA,NA,"E: Uncertainty","E: Uncertainty","E: Uncertainty","E: Uncertainty",NA,NA,NA,NA,"E: Uncertainty","E: Uncertainty",NA,"E: Uncertainty","E: Uncertainty","E: Uncertainty","E: Uncertainty",NA,NA,NA,NA,NA,"E: Uncertainty",NA
"2021-08-27 08:00:00","PM10",NA,NA,0,233.2445,567.4443,50.5117,254.3452,7.9028,0,NA,1.9582,193.4892,0,NA,4.9949,9.8806,0,0,0.7002,NA,1.7565,NA,0,0,0,NA,NA,0,0,0,NA,NA,NA,0,0,0,NA,0,0,0,"E: Uncertainty","E: Uncertainty",NA,NA,NA,NA,NA,NA,NA,"E: Uncertainty",NA,NA,NA,"E: Uncertainty",NA,NA,NA,NA,NA,"E: Uncertainty",NA,"E: Uncertainty",NA,NA,NA,"E: Uncertainty","E: Uncertainty",NA,NA,NA,"E: Uncertainty","E: Uncertainty","E: Uncertainty",NA,NA,NA,"E: Uncertainty",NA,NA,NA
"2021-08-27 09:00:00","PM2.5",0,0,0,178.4568,147.4588,18.9182,46.8618,1.3085,0,0.7082,NA,66.9251,0,0,3.371,7.2477,0,0,0.8955,0,NA,NA,0,0,0,20.876,0,0,0,0,NA,NA,NA,0,0,0,0,0,0,0,NA,NA,NA,NA,NA,NA,NA,NA,NA,NA,"E: Uncertainty",NA,NA,NA,NA,NA,NA,NA,NA,NA,"E: Uncertainty","E: Uncertainty",NA,NA,NA,NA,NA,NA,NA,NA,"E: Uncertainty","E: Uncertainty","E: Uncertainty",NA,NA,NA,NA,NA,NA,NA
"2021-08-27 10:00:00","PM10",NA,NA,0,276.9415,504.0118,52.1086,286.7134,6.5348,0,1.2668,1.9337,170.8675,0,0.0059,4.4925,17.1199,0,0,0.4181,NA,1.1159,NA,0,0,0,NA,NA,0,0,NA,NA,NA,NA,0,0,0,0,0,1.4395,0,"E: Uncertainty","E: Uncertainty",NA,NA,NA,NA,NA,NA,NA,NA,NA,NA,NA,NA,NA,NA,NA,NA,NA,"E: Uncertainty",NA,"E: Uncertainty",NA,NA,NA,"E: Uncertainty","E: Uncertainty",NA,NA,"E: Uncertainty","E: Uncertainty","E: Uncertainty","E: Uncertainty",NA,NA,NA,NA,NA,NA,NA
"2021-08-27 11:00:00","PM2.5",NA,0,0,182.9502,90.4933,21.1653,63.3161,1.0203,0,0.7271,NA,64.0509,0,NA,2.1503,10.3634,0,0,2.1209,0,0.6229,NA,0,0,0,11.3892,0,0,0,0,NA,NA,NA,0,0,0,0,0,NA,0,"E: Uncertainty",NA,NA,NA,NA,NA,NA,NA,NA,NA,"E: Uncertainty",NA,NA,"E: Uncertainty",NA,NA,NA,NA,NA,NA,NA,"E: Uncertainty",NA,NA,NA,NA,NA,NA,NA,NA,"E: Uncertainty","E: Uncertainty","E: Uncertainty",NA,NA,NA,NA,NA,"E: Uncertainty",NA
"2021-08-27 12:00:00","PM10",NA,NA,0,227.9405,242.5448,50.53,240.56,7.9768,0,1.0626,2.2579,168.9975,0,NA,5.0289,13.0959,0,0,1.3343,NA,1.5574,NA,0,0,0,NA,NA,0,0,NA,0,0,NA,0,0,0,0,0,NA,0,"E: Uncertainty","E: Uncertainty",NA,NA,NA,NA,NA,NA,NA,NA,NA,NA,NA,"E: Uncertainty",NA,NA,NA,NA,NA,"E: Uncertainty",NA,"E: Uncertainty",NA,NA,NA,"E: Uncertainty","E: Uncertainty",NA,NA,"E: Uncertainty",NA,NA,"E: Uncertainty",NA,NA,NA,NA,NA,"E: Uncertainty",NA
"2021-08-27 13:00:00","PM2.5",NA,0,0,198.8183,52.8142,17.2309,46.674,1.324,0,NA,NA,66.7013,0,0,1.966,7.2863,0,0,0.8286,0,1.4575,0,0,0,0,NA,NA,0,0,0,0,NA,NA,0.0116,0,0,0,0,1.964,0,"E: Uncertainty",NA,NA,NA,NA,NA,NA,NA,NA,"E: Uncertainty","E: Uncertainty",NA,NA,NA,NA,NA,NA,NA,NA,NA,NA,NA,NA,NA,NA,"E: Uncertainty","E: Uncertainty",NA,NA,NA,NA,"E: Uncertainty","E: Uncertainty",NA,NA,NA,NA,NA,NA,NA
"2021-08-27 14:00:00","PM10",NA,250.4326,0,269.9577,330.2618,73.1579,263.3197,8.7593,0,NA,2.3435,226.6186,0,0.5597,5.52,9.3916,0,0,0.5558,NA,2.5616,NA,0,0,0,14.2187,NA,0,0,NA,NA,0,NA,0,0,0,0,0,0,0,"E: Uncertainty",NA,NA,NA,NA,NA,NA,NA,NA,"E: Uncertainty",NA,NA,NA,NA,NA,NA,NA,NA,NA,"E: Uncertainty",NA,"E: Uncertainty",NA,NA,NA,NA,"E: Uncertainty",NA,NA,"E: Uncertainty","E: Uncertainty",NA,"E: Uncertainty",NA,NA,NA,NA,NA,NA,NA
"2021-08-27 15:00:00","PM2.5",NA,0,0,240.2547,26.3924,22.4696,67.4943,1.9107,0,NA,NA,76.1534,0,NA,2.4351,5.3572,0,0,0,NA,1.516,0,NA,0,0,NA,0,NA,0,0.0489,NA,0,0,0,0,0,0,0,NA,0,"E: Uncertainty",NA,NA,NA,NA,NA,NA,NA,NA,"E: Uncertainty","E: Uncertainty",NA,NA,"E: Uncertainty",NA,NA,NA,NA,NA,"E: Uncertainty",NA,NA,"E: Uncertainty",NA,NA,"E: Uncertainty",NA,"E: Uncertainty",NA,NA,"E: Uncertainty",NA,NA,NA,NA,NA,NA,NA,"E: Uncertainty",NA
"2021-08-27 16:00:00","PM10",0,378.9116,0,311.6683,245.2161,97.9328,382.6137,10.6029,0,2.776,4.8947,312.0588,0,NA,9.2137,12.747,0,0,1.2119,NA,2.1581,NA,0,0,0,NA,0,0,0,NA,NA,0,3.5092,0,0,NA,0,0,NA,0,NA,NA,NA,NA,NA,NA,NA,NA,NA,NA,NA,NA,NA,"E: Uncertainty",NA,NA,NA,NA,NA,"E: Uncertainty",NA,"E: Uncertainty",NA,NA,NA,"E: Uncertainty",NA,NA,NA,"E: Uncertainty","E: Uncertainty",NA,NA,NA,NA,"E: Uncertainty",NA,NA,"E: Uncertainty",NA
"2021-08-27 17:00:00","PM2.5",0,0,0,225.5864,9.5549,34.8365,56.3081,2.7853,NA,NA,1.1843,100.3991,NA,NA,4.1845,5.5916,0,0,1.1071,NA,1.3717,0,0,0,0,11.4353,0,NA,0,NA,NA,NA,NA,0,0,0,0,0,NA,0,NA,NA,NA,NA,NA,NA,NA,NA,"E: Uncertainty","E: Uncertainty",NA,NA,"E: Uncertainty","E: Uncertainty",NA,NA,NA,NA,NA,"E: Uncertainty",NA,NA,NA,NA,NA,NA,NA,"E: Uncertainty",NA,"E: Uncertainty","E: Uncertainty","E: Uncertainty","E: Uncertainty",NA,NA,NA,NA,NA,"E: Uncertainty",NA
"2021-08-27 18:00:00","PM10",NA,NA,0,344.2982,410.2925,115.1451,332.0304,13.0043,0,3.2575,4.4237,353.6737,0,NA,10.7608,14.8563,0,0,1.2804,NA,3.4293,NA,0,NA,0,NA,0,NA,0,0,NA,NA,4.9277,0,0,0,0,0,2.5342,0,"E: Uncertainty","E: Uncertainty",NA,NA,NA,NA,NA,NA,NA,NA,NA,NA,NA,"E: Uncertainty",NA,NA,NA,NA,NA,"E: Uncertainty",NA,"E: Uncertainty",NA,"E: Uncertainty",NA,"E: Uncertainty",NA,"E: Uncertainty",NA,NA,"E: Uncertainty","E: Uncertainty",NA,NA,NA,NA,NA,NA,NA,NA
"2021-08-27 19:00:00","PM2.5",0,0,0,319.4634,55.183,50.7915,52.9836,1.7592,0,2.8531,2.0675,103.2067,0,1.17,3.9827,15.7658,0,0,2.0077,NA,3.2952,NA,0,0,0,13.9269,0,NA,0,0,NA,NA,NA,0,0,0,0,0,2.9984,0,NA,NA,NA,NA,NA,NA,NA,NA,NA,NA,NA,NA,NA,NA,NA,NA,NA,NA,NA,"E: Uncertainty",NA,"E: Uncertainty",NA,NA,NA,NA,NA,"E: Uncertainty",NA,NA,"E: Uncertainty","E: Uncertainty","E: Uncertainty",NA,NA,NA,NA,NA,NA,NA
"2021-08-27 20:00:00","PM10",NA,NA,0,344.7073,400.0299,91.9683,232.5176,6.1003,0,4.3264,4.4836,224.1306,0,0.7027,6.7574,18.366,0,0,1.0939,NA,3.9737,NA,0,0,0,NA,0,0,0,0,0,NA,NA,0,0,0,0,0,4.9626,0,"E: Uncertainty","E: Uncertainty",NA,NA,NA,NA,NA,NA,NA,NA,NA,NA,NA,NA,NA,NA,NA,NA,NA,"E: Uncertainty",NA,"E: Uncertainty",NA,NA,NA,"E: Uncertainty",NA,NA,NA,NA,NA,"E: Uncertainty","E: Uncertainty",NA,NA,NA,NA,NA,NA,NA
"2021-08-27 21:00:00","PM2.5",NA,0,0,219.0721,77.3002,34.3675,42.4809,1.745,0,5.7623,4.3822,96.4368,0,1.2896,3.3873,21.3376,0,0,1.1591,0.6945,2.4431,0,0,0,0,9.4564,0,0,0,0,NA,0,NA,0,0,0,0,0,2.6807,0,"E: Uncertainty",NA,NA,NA,NA,NA,NA,NA,NA,NA,NA,NA,NA,NA,NA,NA,NA,NA,NA,NA,NA,NA,NA,NA,NA,NA,NA,NA,NA,NA,"E: Uncertainty",NA,"E: Uncertainty",NA,NA,NA,NA,NA,NA,NA
"2021-08-27 22:00:00","PM10",0,NA,0,313.0785,567.6567,79.7809,205.178,6.6814,NA,11.3975,9.6183,281.4012,0,2.5118,9.9195,28.3442,0,0,0.9744,0.4935,3.4616,NA,0,0,NA,8.9655,NA,NA,NA,0,NA,NA,5.8935,0,0,0,0,0,4.6445,0,NA,"E: Uncertainty",NA,NA,NA,NA,NA,NA,"E: Uncertainty",NA,NA,NA,NA,NA,NA,NA,NA,NA,NA,NA,NA,"E: Uncertainty",NA,NA,"E: Uncertainty",NA,"E: Uncertainty","E: Uncertainty","E: Uncertainty",NA,"E: Uncertainty","E: Uncertainty",NA,NA,NA,NA,NA,NA,NA,NA
"2021-08-27 23:00:00","PM2.5",0,0,0,256.3368,112.4082,42.4224,37.7517,4.8301,NA,2.2991,1.8884,92.7866,0,NA,2.9918,18.0778,0,0,0.9694,0.7862,3.0889,NA,0,0,0,19.9791,0,0,0.1108,NA,NA,NA,0,0,0,0,0,0,1.7997,0,NA,NA,NA,NA,NA,NA,NA,NA,"E: Uncertainty",NA,NA,NA,NA,"E: Uncertainty",NA,NA,NA,NA,NA,NA,NA,"E: Uncertainty",NA,NA,NA,NA,NA,NA,NA,"E: Uncertainty","E: Uncertainty","E: Uncertainty",NA,NA,NA,NA,NA,NA,NA,NA
"2021-08-28 00:30:00","PM10",1248.2276,0,0,356.2401,1323.7189,98.8482,190.6425,3.449,0,2.9029,3.2561,476.1472,0,NA,6.9685,24.6011,0,0,2.3346,NA,4.2775,NA,0,0,0,NA,NA,0,0,NA,NA,NA,0,0,0,0,0,0,NA,0,NA,NA,NA,NA,NA,NA,NA,NA,NA,NA,NA,NA,NA,"E: Uncertainty",NA,NA,NA,NA,NA,"E: Uncertainty",NA,"E: Uncertainty",NA,NA,NA,"E: Uncertainty","E: Uncertainty",NA,NA,"E: Uncertainty","E: Uncertainty","E: Uncertainty",NA,NA,NA,NA,NA,NA,"E: Uncertainty",NA
"2021-08-28 01:00:00","PM2.5",NA,0,0,288.2929,220.6379,39.3786,31.3002,NA,NA,1.4786,NA,93.9456,0,0,2.6289,13.4584,0,0,0.9376,NA,2.831,NA,0,0,0,NA,0,NA,0,0,NA,NA,NA,0,0,0,0,0,0.8927,0,"E: Uncertainty",NA,NA,NA,NA,NA,NA,"E: Uncertainty","E: Uncertainty",NA,"E: Uncertainty",NA,NA,NA,NA,NA,NA,NA,NA,"E: Uncertainty",NA,"E: Uncertainty",NA,NA,NA,"E: Uncertainty",NA,"E: Uncertainty",NA,NA,"E: Uncertainty","E: Uncertainty","E: Uncertainty",NA,NA,NA,NA,NA,NA,NA
"2021-08-28 02:00:00","PM10",NA,0,0,420.4486,1503.5902,86.0744,155.5929,1.3611,0,5.4838,3.1591,206.0983,0,0.8634,3.2311,16.5734,0,0,2.7865,0.6637,4.6993,NA,0,0,0,NA,NA,NA,0,NA,NA,NA,NA,0,0,0,0,0,0.791,0,"E: Uncertainty",NA,NA,NA,NA,NA,NA,NA,NA,NA,NA,NA,NA,NA,NA,NA,NA,NA,NA,NA,NA,"E: Uncertainty",NA,NA,NA,"E: Uncertainty","E: Uncertainty","E: Uncertainty",NA,"E: Uncertainty","E: Uncertainty","E: Uncertainty","E: Uncertainty",NA,NA,NA,NA,NA,NA,NA
"2021-08-28 03:00:00","PM2.5",NA,0,0,325.9827,186.4483,44.3838,32.6402,NA,NA,2.4997,1.4633,37.2358,0,NA,1.5108,11.4631,0,0,1.2153,0.6603,4.2556,NA,0,0,0,13.537,NA,NA,0,0,0,0,NA,0,0,0,0,0,4.9413,0,"E: Uncertainty",NA,NA,NA,NA,NA,NA,"E: Uncertainty","E: Uncertainty",NA,NA,NA,NA,"E: Uncertainty",NA,NA,NA,NA,NA,NA,NA,"E: Uncertainty",NA,NA,NA,NA,"E: Uncertainty","E: Uncertainty",NA,NA,NA,NA,"E: Uncertainty",NA,NA,NA,NA,NA,NA,NA
"2021-08-28 04:00:00","PM10",NA,0,0,541.1204,1994.01,107.7677,164.9604,1.3519,NA,5.4001,3.7183,91.2588,0,1.0112,2.5103,26.1766,0,0,1.6325,1.1452,7.7289,1.4818,0,0,0,NA,0,NA,0,0,NA,NA,0,0,0,0,0,0,6.0032,0,"E: Uncertainty",NA,NA,NA,NA,NA,NA,NA,"E: Uncertainty",NA,NA,NA,NA,NA,NA,NA,NA,NA,NA,NA,NA,NA,NA,NA,NA,"E: Uncertainty",NA,"E: Uncertainty",NA,NA,"E: Uncertainty","E: Uncertainty",NA,NA,NA,NA,NA,NA,NA,NA
"2021-08-28 05:00:00","PM2.5",NA,0,0,467.1447,244.3762,51.7159,33.5565,NA,NA,2.5666,4.6945,48.9773,0,NA,1.9228,18.0968,0,0,1.053,0.6849,5.8183,NA,0,0,0,NA,NA,NA,0,0,NA,0,0,0,NA,0,0,0,3.5763,0,"E: Uncertainty",NA,NA,NA,NA,NA,NA,"E: Uncertainty","E: Uncertainty",NA,NA,NA,NA,"E: Uncertainty",NA,NA,NA,NA,NA,NA,NA,"E: Uncertainty",NA,NA,NA,"E: Uncertainty","E: Uncertainty","E: Uncertainty",NA,NA,"E: Uncertainty",NA,NA,NA,"E: Uncertainty",NA,NA,NA,NA,NA
"2021-08-28 06:00:00","PM10",726.1361,0,0,933.3585,2128.6853,129.2521,180.6813,3.3476,0,10.7775,8.0347,180.6799,NA,2.1285,5.9846,29.098,0,0,1.52,1.1244,11.6904,1.5588,0,0,0,11.2449,NA,NA,NA,NA,NA,NA,0,0,0,0,0,0,4.3386,0,NA,NA,NA,NA,NA,NA,NA,NA,NA,NA,NA,NA,"E: Uncertainty",NA,NA,NA,NA,NA,NA,NA,NA,NA,NA,NA,NA,NA,"E: Uncertainty","E: Uncertainty","E: Uncertainty","E: Uncertainty","E: Uncertainty","E: Uncertainty",NA,NA,NA,NA,NA,NA,NA,NA
"2021-08-28 07:00:00","PM2.5",1255.6197,0,0,658.7222,350.3303,47.0636,57.0813,NA,0,5.9126,4.1921,69.0152,0,0.701,2.3851,17.0846,0,0,1.9981,0.6507,6.9928,NA,0,0,0,NA,NA,NA,0,0,NA,NA,NA,0,0,0,0,0,1.3068,0,NA,NA,NA,NA,NA,NA,NA,"E: Uncertainty",NA,NA,NA,NA,NA,NA,NA,NA,NA,NA,NA,NA,NA,"E: Uncertainty",NA,NA,NA,"E: Uncertainty","E: Uncertainty","E: Uncertainty",NA,NA,"E: Uncertainty","E: Uncertainty","E: Uncertainty",NA,NA,NA,NA,NA,NA,NA
"2021-08-28 08:00:00","PM10",NA,0,0,916.8864,1224.3491,106.2474,170.8015,4.4231,NA,8.3967,5.3889,165.251,0,1.4919,4.7461,20.916,0,0,1.6058,0.7902,6.5973,NA,0,0,0,10.5184,NA,0,0,NA,NA,NA,NA,0,0,0,0,0,6.9452,0,"E: Uncertainty",NA,NA,NA,NA,NA,NA,NA,"E: Uncertainty",NA,NA,NA,NA,NA,NA,NA,NA,NA,NA,NA,NA,"E: Uncertainty",NA,NA,NA,NA,"E: Uncertainty",NA,NA,"E: Uncertainty","E: Uncertainty","E: Uncertainty","E: Uncertainty",NA,NA,NA,NA,NA,NA,NA
"2021-08-28 09:00:00","PM2.5",NA,0,0,698.8247,134.2166,50.5979,44.779,2.3888,NA,4.2837,2.3398,69.3586,0,NA,2.3651,14.8614,0,0,1.5255,0.5855,4.1808,NA,0,0,0,NA,NA,0,0,0,0,0,0,0,0,0,0,0,2.1074,0,"E: Uncertainty",NA,NA,NA,NA,NA,NA,NA,"E: Uncertainty",NA,NA,NA,NA,"E: Uncertainty",NA,NA,NA,NA,NA,NA,NA,"E: Uncertainty",NA,NA,NA,"E: Uncertainty","E: Uncertainty",NA,NA,NA,NA,NA,NA,NA,NA,NA,NA,NA,NA,NA
"2021-08-28 10:00:00","PM10",NA,NA,0,687.154,775.5935,80.114,212.4152,5.7103,0,3.6933,2.8033,152.5467,0,0.691,3.5689,13.451,0,0,1.4395,0.4234,5.0239,NA,0,0,0,9.4898,0,NA,0,0.0804,NA,NA,NA,0,0,0,0,0,1.2955,0,"E: Uncertainty","E: Uncertainty",NA,NA,NA,NA,NA,NA,NA,NA,NA,NA,NA,NA,NA,NA,NA,NA,NA,NA,NA,"E: Uncertainty",NA,NA,NA,NA,NA,"E: Uncertainty",NA,NA,"E: Uncertainty","E: Uncertainty","E: Uncertainty",NA,NA,NA,NA,NA,NA,NA
"2021-08-28 11:00:00","PM2.5",NA,0,0,570.4071,43.9538,33.5601,39.1783,1.7835,NA,0.7581,0,56.5569,0,NA,2.1631,6.3491,0,0,NA,NA,2.6075,NA,0,0,0,NA,NA,NA,0,0,0,NA,NA,0,0,0,0,0,2.916,0,"E: Uncertainty",NA,NA,NA,NA,NA,NA,NA,"E: Uncertainty",NA,NA,NA,NA,"E: Uncertainty",NA,NA,NA,NA,"E: Uncertainty","E: Uncertainty",NA,"E: Uncertainty",NA,NA,NA,"E: Uncertainty","E: Uncertainty","E: Uncertainty",NA,NA,NA,"E: Uncertainty","E: Uncertainty",NA,NA,NA,NA,NA,NA,NA
"2021-08-28 12:00:00","PM10",NA,NA,0,559.8411,407.538,91.1301,167.1031,7.8722,NA,NA,1.5115,167.0253,0,NA,4.5443,6.7225,0,0,0.5268,NA,2.9608,1.6795,0,0,0,NA,NA,0,0,0,0,0.2411,NA,0,0,0,0,0,1.7196,0,"E: Uncertainty","E: Uncertainty",NA,NA,NA,NA,NA,NA,"E: Uncertainty","E: Uncertainty",NA,NA,NA,"E: Uncertainty",NA,NA,NA,NA,NA,"E: Uncertainty",NA,NA,NA,NA,NA,"E: Uncertainty","E: Uncertainty",NA,NA,NA,NA,NA,"E: Uncertainty",NA,NA,NA,NA,NA,NA,NA
"2021-08-28 13:00:00","PM2.5",NA,0,0,426.3705,0,44.0125,27.7974,1.283,NA,NA,NA,53.5669,0,0,1.6836,3.2018,0,0,0.4016,NA,2.4731,NA,0,0,0,9.4825,NA,0,0,NA,NA,NA,0,0,0,0,0,0,1.2592,0,"E: Uncertainty",NA,NA,NA,NA,NA,NA,NA,"E: Uncertainty","E: Uncertainty","E: Uncertainty",NA,NA,NA,NA,NA,NA,NA,NA,"E: Uncertainty",NA,"E: Uncertainty",NA,NA,NA,NA,"E: Uncertainty",NA,NA,"E: Uncertainty","E: Uncertainty","E: Uncertainty",NA,NA,NA,NA,NA,NA,NA,NA
"2021-08-28 14:00:00","PM10",0,NA,0,480.6358,206.8344,85.8627,185.4422,7.3243,0,NA,1.8991,155.517,0,0,3.8666,5.1585,0,0,NA,0,3.3618,NA,0,0,0,10.4366,NA,0,0,0,0,NA,NA,0,0,0,0,0,2.4276,0,NA,"E: Uncertainty",NA,NA,NA,NA,NA,NA,NA,"E: Uncertainty",NA,NA,NA,NA,NA,NA,NA,NA,"E: Uncertainty",NA,NA,"E: Uncertainty",NA,NA,NA,NA,"E: Uncertainty",NA,NA,NA,NA,"E: Uncertainty","E: Uncertainty",NA,NA,NA,NA,NA,NA,NA
"2021-08-28 15:00:00","PM2.5",NA,0,0,374.4768,0,41.2843,37.7231,NA,0,NA,NA,65.026,0,0,2.2957,3.5562,0,0,0,NA,2.4208,NA,0,0,0,NA,NA,0,0,0,NA,0,NA,0,0,0,NA,0,2.3961,0,"E: Uncertainty",NA,NA,NA,NA,NA,NA,"E: Uncertainty",NA,"E: Uncertainty","E: Uncertainty",NA,NA,NA,NA,NA,NA,NA,NA,"E: Uncertainty",NA,"E: Uncertainty",NA,NA,NA,"E: Uncertainty","E: Uncertainty",NA,NA,NA,"E: Uncertainty",NA,"E: Uncertainty",NA,NA,NA,"E: Uncertainty",NA,NA,NA
"2021-08-28 16:00:00","PM10",0,NA,0,392.4808,122.3913,93.8801,170.7587,7.0707,0,NA,2.9922,177.7238,0,0,4.2907,5.4632,0,0,NA,NA,3.0932,NA,0,0,0,NA,NA,0,0,NA,NA,NA,NA,0,0,0,0,0,1.7057,0,NA,"E: Uncertainty",NA,NA,NA,NA,NA,NA,NA,"E: Uncertainty",NA,NA,NA,NA,NA,NA,NA,NA,"E: Uncertainty","E: Uncertainty",NA,"E: Uncertainty",NA,NA,NA,"E: Uncertainty","E: Uncertainty",NA,NA,"E: Uncertainty","E: Uncertainty","E: Uncertainty","E: Uncertainty",NA,NA,NA,NA,NA,NA,NA
"2021-08-28 17:00:00","PM2.5",NA,0,0,281.2105,0,30.3404,36.104,1.154,0,NA,NA,69.4078,0,0,2.1192,3.2043,0,0,NA,0,2.4931,NA,0,0,0,NA,NA,NA,0,0,0,0,0,0,0,0,0,0,1.4066,0,"E: Uncertainty",NA,NA,NA,NA,NA,NA,NA,NA,"E: Uncertainty","E: Uncertainty",NA,NA,NA,NA,NA,NA,NA,"E: Uncertainty",NA,NA,"E: Uncertainty",NA,NA,NA,"E: Uncertainty","E: Uncertainty","E: Uncertainty",NA,NA,NA,NA,NA,NA,NA,NA,NA,NA,NA,NA
"2021-08-28 18:00:00","PM10",NA,NA,0,338.336,45.7537,74.5573,160.9291,8.3211,0,NA,2.5709,289.246,0,0,13.9731,9.7349,0,0,0.3999,0,2.6329,NA,0,0,0,NA,NA,NA,0,NA,NA,NA,7.9855,0,0,0,0,0,2.2771,0,"E: Uncertainty","E: Uncertainty",NA,NA,NA,NA,NA,NA,NA,"E: Uncertainty",NA,NA,NA,NA,NA,NA,NA,NA,NA,NA,NA,"E: Uncertainty",NA,NA,NA,"E: Uncertainty","E: Uncertainty","E: Uncertainty",NA,"E: Uncertainty","E: Uncertainty","E: Uncertainty",NA,NA,NA,NA,NA,NA,NA,NA
"2021-08-28 19:00:00","PM2.5",NA,0,0,300.8613,0,70.9702,38.953,3.7283,0,NA,1.2499,244.4828,0,0,15.6013,16.0318,0,0,1.5347,0,3.5821,NA,0,0,0,11.3765,NA,0,0,0,NA,0,8.5412,0,0,0,0,0,2.815,0,"E: Uncertainty",NA,NA,NA,NA,NA,NA,NA,NA,"E: Uncertainty",NA,NA,NA,NA,NA,NA,NA,NA,NA,NA,NA,"E: Uncertainty",NA,NA,NA,NA,"E: Uncertainty",NA,NA,NA,"E: Uncertainty",NA,NA,NA,NA,NA,NA,NA,NA,NA
"2021-08-28 20:00:00","PM10",NA,NA,0,504.502,57.3795,170.4866,242.539,18.002,0,1.477,5.8896,749.3355,0,0,43.004,36.7337,0,0,1.472,NA,9.2166,2.2465,NA,0,0,10.1455,0,0,0,NA,NA,NA,23.3205,0,0,0,0,0,8.8667,0,"E: Uncertainty","E: Uncertainty",NA,NA,NA,NA,NA,NA,NA,NA,NA,NA,NA,NA,NA,NA,NA,NA,NA,"E: Uncertainty",NA,NA,"E: Uncertainty",NA,NA,NA,NA,NA,NA,"E: Uncertainty","E: Uncertainty","E: Uncertainty",NA,NA,NA,NA,NA,NA,NA,NA
"2021-08-28 21:00:00","PM2.5",NA,0,0,391.9591,32.7029,76.9049,49.3914,1.1773,0,NA,NA,132.938,NA,0,7.9594,18.9974,0,0,2.1175,0.4424,25.027,NA,0,0,0,24.0574,NA,NA,0,0,NA,0,NA,0,0,0,0,0,10.5404,0,"E: Uncertainty",NA,NA,NA,NA,NA,NA,NA,NA,"E: Uncertainty","E: Uncertainty",NA,"E: Uncertainty",NA,NA,NA,NA,NA,NA,NA,NA,"E: Uncertainty",NA,NA,NA,NA,"E: Uncertainty","E: Uncertainty",NA,NA,"E: Uncertainty",NA,"E: Uncertainty",NA,NA,NA,NA,NA,NA,NA
"2021-08-28 22:00:00","PM10",NA,NA,0,429.6263,225.0316,123.0041,259.8283,9.6511,0,0.7891,2.731,362.8357,0,NA,9.5197,15.1837,0,0,1.0782,1.5163,6.6632,1.7786,0,NA,0,NA,NA,NA,0,0,NA,NA,4.5153,0,0,0,0,0,7.1795,0,"E: Uncertainty","E: Uncertainty",NA,NA,NA,NA,NA,NA,NA,NA,NA,NA,NA,"E: Uncertainty",NA,NA,NA,NA,NA,NA,NA,NA,NA,"E: Uncertainty",NA,"E: Uncertainty","E: Uncertainty","E: Uncertainty",NA,NA,"E: Uncertainty","E: Uncertainty",NA,NA,NA,NA,NA,NA,NA,NA
"2021-08-28 23:00:00","PM2.5",NA,0,0,344.1305,0,63.6538,45.8375,2.8375,NA,NA,NA,137.5194,0,0,7.3634,10.1993,0,0,1.855,1.72,4.5806,0,0,0,0,NA,NA,0,0,NA,NA,NA,NA,0,0,0,0,0,5.1402,0,"E: Uncertainty",NA,NA,NA,NA,NA,NA,NA,"E: Uncertainty","E: Uncertainty","E: Uncertainty",NA,NA,NA,NA,NA,NA,NA,NA,NA,NA,NA,NA,NA,NA,"E: Uncertainty","E: Uncertainty",NA,NA,"E: Uncertainty","E: Uncertainty","E: Uncertainty","E: Uncertainty",NA,NA,NA,NA,NA,NA,NA
"2021-08-29 00:30:00","PM10",NA,0,0,613.1785,112.9252,99.4111,168.8756,3.7318,NA,0.0143,NA,236.731,0,NA,6.9615,17.0487,0,0,2.8122,13.5772,7.2099,NA,0,0,0,36.8558,0,NA,0,NA,NA,NA,NA,0,0,0,0,0,4.5519,0,"E: Uncertainty",NA,NA,NA,NA,NA,NA,NA,"E: Uncertainty",NA,"E: Uncertainty",NA,NA,"E: Uncertainty",NA,NA,NA,NA,NA,NA,NA,"E: Uncertainty",NA,NA,NA,NA,NA,"E: Uncertainty",NA,"E: Uncertainty","E: Uncertainty","E: Uncertainty","E: Uncertainty",NA,NA,NA,NA,NA,NA,NA
"2021-08-29 01:00:00","PM2.5",NA,0,0,524.5228,0,61.6775,20.75,1.1153,NA,NA,0,68.8281,0,NA,2.5735,11.5886,0,0,2.1571,7.7963,8.6112,NA,0,0,0,NA,NA,0,0,NA,0,NA,NA,0,0,0,NA,0,4.5633,0,"E: Uncertainty",NA,NA,NA,NA,NA,NA,NA,"E: Uncertainty","E: Uncertainty",NA,NA,NA,"E: Uncertainty",NA,NA,NA,NA,NA,NA,NA,"E: Uncertainty",NA,NA,NA,"E: Uncertainty","E: Uncertainty",NA,NA,"E: Uncertainty",NA,"E: Uncertainty","E: Uncertainty",NA,NA,NA,"E: Uncertainty",NA,NA,NA
"2021-08-29 02:00:00","PM10",NA,0,0,546.6642,35.5864,86.6141,79.0448,2.8549,NA,NA,NA,110.5708,NA,NA,3.2492,11.7752,0,0,2.477,2.6345,11.798,NA,0,0,0,NA,NA,0,0,NA,NA,NA,NA,0,0,0,0,0,13.849,0,"E: Uncertainty",NA,NA,NA,NA,NA,NA,NA,"E: Uncertainty","E: Uncertainty","E: Uncertainty",NA,"E: Uncertainty","E: Uncertainty",NA,NA,NA,NA,NA,NA,NA,"E: Uncertainty",NA,NA,NA,"E: Uncertainty","E: Uncertainty",NA,NA,"E: Uncertainty","E: Uncertainty","E: Uncertainty","E: Uncertainty",NA,NA,NA,NA,NA,NA,NA
"2021-08-29 03:00:00","PM2.5",NA,0,0,517.2755,0,56.4114,18.8075,NA,NA,0,0,29.5945,NA,NA,1.2788,7.136,0,0,2.2391,0.648,5.6319,NA,0,0,0,NA,0,NA,0,NA,0,NA,NA,0,0.0206,0,0,0,4.0733,0,"E: Uncertainty",NA,NA,NA,NA,NA,NA,"E: Uncertainty","E: Uncertainty",NA,NA,NA,"E: Uncertainty","E: Uncertainty",NA,NA,NA,NA,NA,NA,NA,"E: Uncertainty",NA,NA,NA,"E: Uncertainty",NA,"E: Uncertainty",NA,"E: Uncertainty",NA,"E: Uncertainty","E: Uncertainty",NA,NA,NA,NA,NA,NA,NA
"2021-08-29 04:00:00","PM10",NA,0,0,852.5979,0,69.1677,49.9613,2.0895,NA,NA,0.0011,86.3985,0,NA,1.7675,8.5284,0,0,1.1362,0.7552,5.5477,NA,0,0,0,11.0881,0,0,0,0,NA,NA,0.0135,0,0,0,0,0,1.9615,0,"E: Uncertainty",NA,NA,NA,NA,NA,NA,NA,"E: Uncertainty","E: Uncertainty",NA,NA,NA,"E: Uncertainty",NA,NA,NA,NA,NA,NA,NA,"E: Uncertainty",NA,NA,NA,NA,NA,NA,NA,NA,"E: Uncertainty","E: Uncertainty",NA,NA,NA,NA,NA,NA,NA,NA
"2021-08-29 05:00:00","PM2.5",NA,0,0,801.3252,0,48.5618,9.3521,0,NA,0,NA,30.6136,0,NA,1.6063,7.317,0,0,1.1915,0.6135,5.3188,NA,0,0,0,12.1888,NA,NA,0,NA,NA,NA,NA,0,0,0,0,0,2.6238,0,"E: Uncertainty",NA,NA,NA,NA,NA,NA,NA,"E: Uncertainty",NA,"E: Uncertainty",NA,NA,"E: Uncertainty",NA,NA,NA,NA,NA,NA,NA,"E: Uncertainty",NA,NA,NA,NA,"E: Uncertainty","E: Uncertainty",NA,"E: Uncertainty","E: Uncertainty","E: Uncertainty","E: Uncertainty",NA,NA,NA,NA,NA,NA,NA
"2021-08-29 06:00:00","PM10",NA,0,0,910.1647,0,78.9243,91.2606,6.4245,NA,0,0.8313,108.004,NA,NA,2.4035,8.3677,0,0,2.0461,0.5895,5.2036,NA,0,0,0,16.3702,0,NA,0,0,NA,NA,NA,0,0,0,0,0,1.6464,0,"E: Uncertainty",NA,NA,NA,NA,NA,NA,NA,"E: Uncertainty",NA,NA,NA,"E: Uncertainty","E: Uncertainty",NA,NA,NA,NA,NA,NA,NA,"E: Uncertainty",NA,NA,NA,NA,NA,"E: Uncertainty",NA,NA,"E: Uncertainty","E: Uncertainty","E: Uncertainty",NA,NA,NA,NA,NA,NA,NA
"2021-08-29 07:00:00","PM2.5",0,0,0,630.484,0,53.7938,39.099,5.0991,NA,0.9133,NA,48.6623,0,NA,1.7964,8.9253,0,0,1.6214,0.4792,5.0403,NA,0,0,0,NA,NA,NA,0,NA,NA,NA,NA,0,0,0,0,0,1.2513,0,NA,NA,NA,NA,NA,NA,NA,NA,"E: Uncertainty",NA,"E: Uncertainty",NA,NA,"E: Uncertainty",NA,NA,NA,NA,NA,NA,NA,"E: Uncertainty",NA,NA,NA,"E: Uncertainty","E: Uncertainty","E: Uncertainty",NA,"E: Uncertainty","E: Uncertainty","E: Uncertainty","E: Uncertainty",NA,NA,NA,NA,NA,NA,NA
"2021-08-29 08:00:00","PM10",802.3577,0,0,787.9456,297.2507,114.927,173.7549,12.6114,0,3.46,3.2267,135.46,0,0.805,3.9033,12.1094,0,0,1.4182,0.6641,5.5009,2.5309,0,0,0,NA,NA,0,0,0,NA,NA,0,0,0,0,0,0,1.0119,0,NA,NA,NA,NA,NA,NA,NA,NA,NA,NA,NA,NA,NA,NA,NA,NA,NA,NA,NA,NA,NA,NA,NA,NA,NA,"E: Uncertainty","E: Uncertainty",NA,NA,NA,"E: Uncertainty","E: Uncertainty",NA,NA,NA,NA,NA,NA,NA,NA
"2021-08-29 09:00:00","PM2.5",NA,0,0,557.8123,0,59.0013,28.4626,4.3727,NA,NA,NA,56.7993,0,NA,2.0207,4.3995,0,0,0.6197,0,4.6118,NA,0,0,0,NA,0,0,0,NA,0,NA,NA,0,0,0,0,0,0.9779,0,"E: Uncertainty",NA,NA,NA,NA,NA,NA,NA,"E: Uncertainty","E: Uncertainty","E: Uncertainty",NA,NA,"E: Uncertainty",NA,NA,NA,NA,NA,NA,NA,"E: Uncertainty",NA,NA,NA,"E: Uncertainty",NA,NA,NA,"E: Uncertainty",NA,"E: Uncertainty","E: Uncertainty",NA,NA,NA,NA,NA,NA,NA
"2021-08-29 10:00:00","PM10",0,0,0,475.0111,377.3181,81.0669,131.1903,5.0043,NA,0,0.7436,113.1352,0,NA,4.3778,3.6696,0,0,1.0135,NA,4.7004,NA,0,0,0,NA,NA,0,0,0,0,0,NA,0,0,0,0,0,0,0,NA,NA,NA,NA,NA,NA,NA,NA,"E: Uncertainty",NA,NA,NA,NA,"E: Uncertainty",NA,NA,NA,NA,NA,"E: Uncertainty",NA,"E: Uncertainty",NA,NA,NA,"E: Uncertainty","E: Uncertainty",NA,NA,NA,NA,NA,"E: Uncertainty",NA,NA,NA,NA,NA,NA,NA
"2021-08-29 11:00:00","PM2.5",NA,0,0,382.8969,21.6857,27.1429,27.092,1.6417,0,0,0,33.2718,0,0,1.5451,4.2256,0,0,0.3745,0,3.4801,NA,0,0,0,11.381,NA,0,0,0,0,NA,NA,0,0,0,0,0,0,0,"E: Uncertainty",NA,NA,NA,NA,NA,NA,NA,NA,NA,NA,NA,NA,NA,NA,NA,NA,NA,NA,NA,NA,"E: Uncertainty",NA,NA,NA,NA,"E: Uncertainty",NA,NA,NA,NA,"E: Uncertainty","E: Uncertainty",NA,NA,NA,NA,NA,NA,NA
"2021-08-29 12:00:00","PM10",NA,NA,0,433.429,320.2502,66.1979,133.0569,3.7965,0,NA,NA,117.5565,0,0,2.8732,4.046,0,0,0.5582,0,4.0187,NA,0,0,0,NA,NA,0,0,0,NA,0,NA,0,0,0,0,0,0,0,"E: Uncertainty","E: Uncertainty",NA,NA,NA,NA,NA,NA,NA,"E: Uncertainty","E: Uncertainty",NA,NA,NA,NA,NA,NA,NA,NA,NA,NA,"E: Uncertainty",NA,NA,NA,"E: Uncertainty","E: Uncertainty",NA,NA,NA,"E: Uncertainty",NA,"E: Uncertainty",NA,NA,NA,NA,NA,NA,NA
"2021-08-29 13:00:00","PM2.5",874.6064,0,0,398.0313,13.2683,35.1271,27.6258,NA,0,0,0,43.6158,0,0.0062,1.6228,2.6454,0,0,0.5313,0,4.2965,NA,0,0,0,NA,NA,0.034,0,0,NA,NA,NA,0,NA,0,0,0,0,0,NA,NA,NA,NA,NA,NA,NA,"E: Uncertainty",NA,NA,NA,NA,NA,NA,NA,NA,NA,NA,NA,NA,NA,"E: Uncertainty",NA,NA,NA,"E: Uncertainty","E: Uncertainty",NA,NA,NA,"E: Uncertainty","E: Uncertainty","E: Uncertainty",NA,"E: Uncertainty",NA,NA,NA,NA,NA
"2021-08-29 14:00:00","PM10",NA,NA,0,418.545,228.1664,69.3971,176.3952,5.4745,0,NA,NA,137.6446,0,0,3.8906,3.86,0,0,1.0065,0,3.6188,NA,0,0,0,0,NA,NA,0,0,0,NA,NA,0,0.0259,0,0,0,0,0,"E: Uncertainty","E: Uncertainty",NA,NA,NA,NA,NA,NA,NA,"E: Uncertainty","E: Uncertainty",NA,NA,NA,NA,NA,NA,NA,NA,NA,NA,"E: Uncertainty",NA,NA,NA,NA,"E: Uncertainty","E: Uncertainty",NA,NA,NA,"E: Uncertainty","E: Uncertainty",NA,NA,NA,NA,NA,NA,NA
"2021-08-29 15:00:00","PM2.5",NA,0,0,353.6359,0,27.3521,31.136,NA,NA,NA,NA,45.0052,0,0,1.6026,4.0431,0,0,NA,0,3.0968,NA,0,0,0,12.8638,NA,0,0,0,NA,0,0,0,0,0,0,0,0,0,"E: Uncertainty",NA,NA,NA,NA,NA,NA,"E: Uncertainty","E: Uncertainty","E: Uncertainty","E: Uncertainty",NA,NA,NA,NA,NA,NA,NA,"E: Uncertainty",NA,NA,"E: Uncertainty",NA,NA,NA,NA,"E: Uncertainty",NA,NA,NA,"E: Uncertainty",NA,NA,NA,NA,NA,NA,NA,NA,NA
"2021-08-29 16:00:00","PM10",NA,NA,0,471.6764,199.3411,84.1045,219.1465,6.0599,0,NA,2.7309,149.7691,0,0,2.632,10.2531,0,0,1.6252,0,4.4959,NA,0,0,0,15.0421,0,NA,0,0,0,NA,NA,0,0,0,0,0,0.885,0,"E: Uncertainty","E: Uncertainty",NA,NA,NA,NA,NA,NA,NA,"E: Uncertainty",NA,NA,NA,NA,NA,NA,NA,NA,NA,NA,NA,"E: Uncertainty",NA,NA,NA,NA,NA,"E: Uncertainty",NA,NA,NA,"E: Uncertainty","E: Uncertainty",NA,NA,NA,NA,NA,NA,NA
"2021-08-29 17:00:00","PM2.5",1152.7653,0,0,419.4296,0,34.7642,35.0698,NA,NA,0,NA,50.9,0,NA,1.3913,3.8226,0,0,NA,0,2.5825,NA,0,0,0,NA,NA,NA,0,0,NA,NA,0,0,0,0,0,0,NA,0,NA,NA,NA,NA,NA,NA,NA,"E: Uncertainty","E: Uncertainty",NA,"E: Uncertainty",NA,NA,"E: Uncertainty",NA,NA,NA,NA,"E: Uncertainty",NA,NA,"E: Uncertainty",NA,NA,NA,"E: Uncertainty","E: Uncertainty","E: Uncertainty",NA,NA,"E: Uncertainty","E: Uncertainty",NA,NA,NA,NA,NA,NA,"E: Uncertainty",NA
"2021-08-29 18:00:00","PM10",NA,NA,0,582.613,240.7379,82.8593,192.9891,5.7069,0,0.7697,2.3887,200.3423,0,0,5.2514,4.7648,0,0,0.8151,0,4.1335,NA,0,0,0,14.4581,NA,NA,0,NA,0.0663,0,NA,0,0,0,0,0,NA,0,"E: Uncertainty","E: Uncertainty",NA,NA,NA,NA,NA,NA,NA,NA,NA,NA,NA,NA,NA,NA,NA,NA,NA,NA,NA,"E: Uncertainty",NA,NA,NA,NA,"E: Uncertainty","E: Uncertainty",NA,"E: Uncertainty",NA,NA,"E: Uncertainty",NA,NA,NA,NA,NA,"E: Uncertainty",NA
"2021-08-29 19:00:00","PM2.5",NA,0,0,465.946,0,35.4447,35.3837,NA,0,NA,0,65.5239,NA,NA,2.1305,3.5729,0,0,0.8566,0,4.4138,NA,0,0,0,NA,0,0,0,NA,0,NA,NA,0,0,0,0,0,1.3754,0,"E: Uncertainty",NA,NA,NA,NA,NA,NA,"E: Uncertainty",NA,"E: Uncertainty",NA,NA,"E: Uncertainty","E: Uncertainty",NA,NA,NA,NA,NA,NA,NA,"E: Uncertainty",NA,NA,NA,"E: Uncertainty",NA,NA,NA,"E: Uncertainty",NA,"E: Uncertainty","E: Uncertainty",NA,NA,NA,NA,NA,NA,NA
"2021-08-29 20:00:00","PM10",NA,NA,0,454.8019,381.9063,110.4289,238.1195,6.0915,0,NA,2.0018,199.4643,0,0,4.6798,10.2861,0,0,1.4235,NA,6.5892,NA,0,0,0,19.34,0,0,0,NA,NA,NA,NA,0,0,0,0,0,0.7415,0,"E: Uncertainty","E: Uncertainty",NA,NA,NA,NA,NA,NA,NA,"E: Uncertainty",NA,NA,NA,NA,NA,NA,NA,NA,NA,"E: Uncertainty",NA,"E: Uncertainty",NA,NA,NA,NA,NA,NA,NA,"E: Uncertainty","E: Uncertainty","E: Uncertainty","E: Uncertainty",NA,NA,NA,NA,NA,NA,NA
"2021-08-29 21:00:00","PM2.5",NA,0,0,301.3132,53.0773,53.9359,46.4318,NA,0,0.008,0,56.8001,0,0,1.9283,5.7486,0,0,0.9684,NA,4.7398,0,0,0,0,10.5402,NA,NA,0,0,0,0,NA,0,0,0,0,0,0.8921,0,"E: Uncertainty",NA,NA,NA,NA,NA,NA,"E: Uncertainty",NA,NA,NA,NA,NA,NA,NA,NA,NA,NA,NA,"E: Uncertainty",NA,NA,NA,NA,NA,NA,"E: Uncertainty","E: Uncertainty",NA,NA,NA,NA,"E: Uncertainty",NA,NA,NA,NA,NA,NA,NA
"2021-08-29 22:00:00","PM10",0,NA,0,392.2585,505.7048,103.9033,198.4392,5.3457,0,NA,1.9854,141.5674,0,0,2.8293,7.9897,0,0,0.9981,0,3.795,NA,0,0,0,17.1165,0,NA,0,0,NA,0,NA,0,0,0,0,0,1.3783,0,NA,"E: Uncertainty",NA,NA,NA,NA,NA,NA,NA,"E: Uncertainty",NA,NA,NA,NA,NA,NA,NA,NA,NA,NA,NA,"E: Uncertainty",NA,NA,NA,NA,NA,"E: Uncertainty",NA,NA,"E: Uncertainty",NA,"E: Uncertainty",NA,NA,NA,NA,NA,NA,NA
"2021-08-29 23:00:00","PM2.5",NA,0,0,412.9231,58.2875,62.7682,54.6477,NA,NA,NA,2.5257,89.4037,0,NA,1.6443,6.9921,0,0,NA,0,2.8036,NA,0,0,0,28.8307,0,NA,0,NA,NA,NA,0,0,0,0,0,0,4.8239,0,"E: Uncertainty",NA,NA,NA,NA,NA,NA,"E: Uncertainty","E: Uncertainty","E: Uncertainty",NA,NA,NA,"E: Uncertainty",NA,NA,NA,NA,"E: Uncertainty",NA,NA,"E: Uncertainty",NA,NA,NA,NA,NA,"E: Uncertainty",NA,"E: Uncertainty","E: Uncertainty","E: Uncertainty",NA,NA,NA,NA,NA,NA,NA,NA
"2021-08-30 00:30:00","PM10",NA,0,0,842.422,295.2821,55.8738,171.3155,3.297,0,0,NA,123.9516,0,0,1.3202,4.8333,0,0,1.0102,0,2.6598,NA,0,0,0,27.7102,NA,NA,0,0,NA,0,0,0,0,0,0,0,0,0,"E: Uncertainty",NA,NA,NA,NA,NA,NA,NA,NA,NA,"E: Uncertainty",NA,NA,NA,NA,NA,NA,NA,NA,NA,NA,"E: Uncertainty",NA,NA,NA,NA,"E: Uncertainty","E: Uncertainty",NA,NA,"E: Uncertainty",NA,NA,NA,NA,NA,NA,NA,NA,NA
"2021-08-30 01:00:00","PM2.5",0,0,0,622.4839,0,21.7429,28.4514,NA,NA,NA,NA,44.5032,0,0,0.499,2.5188,0,0,0.6084,0,2.1532,0,0,0,0,19.9638,NA,NA,0,0,NA,NA,0,0,0,0,0,0,0,0,NA,NA,NA,NA,NA,NA,NA,"E: Uncertainty","E: Uncertainty","E: Uncertainty","E: Uncertainty",NA,NA,NA,NA,NA,NA,NA,NA,NA,NA,NA,NA,NA,NA,NA,"E: Uncertainty","E: Uncertainty",NA,NA,"E: Uncertainty","E: Uncertainty",NA,NA,NA,NA,NA,NA,NA,NA
"2021-08-30 02:00:00","PM10",NA,0,0,689.4243,512.6771,50.6805,85.5997,NA,NA,0,1.7383,69.0513,0,0,0.5207,3.0156,0,0,0.8722,NA,3.4454,1.6109,0,0,0,10.4236,NA,0,0,NA,NA,0,0,0,0,0,0,0,1.2941,0,"E: Uncertainty",NA,NA,NA,NA,NA,NA,"E: Uncertainty","E: Uncertainty",NA,NA,NA,NA,NA,NA,NA,NA,NA,NA,"E: Uncertainty",NA,NA,NA,NA,NA,NA,"E: Uncertainty",NA,NA,"E: Uncertainty","E: Uncertainty",NA,NA,NA,NA,NA,NA,NA,NA,NA
"2021-08-30 03:00:00","PM2.5",NA,0,0,463.501,54.8871,22.1285,29.9931,0,0,0,0,21.27,0,0,0.5727,1.3899,0,0,0.7168,0,2.7461,NA,0,0,0,14.5302,0,NA,0,0,0,NA,NA,0,0,0,0,0,1.4348,0,"E: Uncertainty",NA,NA,NA,NA,NA,NA,NA,NA,NA,NA,NA,NA,NA,NA,NA,NA,NA,NA,NA,NA,"E: Uncertainty",NA,NA,NA,NA,NA,"E: Uncertainty",NA,NA,NA,"E: Uncertainty","E: Uncertainty",NA,NA,NA,NA,NA,NA,NA
"2021-08-30 04:00:00","PM10",NA,0,0,497.936,606.9083,46.5392,71.7194,0,NA,0,NA,48.6608,0,NA,1.2167,1.3282,0,0,0.8511,0,3.7819,NA,0,0,0,16.9536,0,0.0875,0,NA,NA,NA,0,0,0,0,0,0,NA,0,"E: Uncertainty",NA,NA,NA,NA,NA,NA,NA,"E: Uncertainty",NA,"E: Uncertainty",NA,NA,"E: Uncertainty",NA,NA,NA,NA,NA,NA,NA,"E: Uncertainty",NA,NA,NA,NA,NA,NA,NA,"E: Uncertainty","E: Uncertainty","E: Uncertainty",NA,NA,NA,NA,NA,NA,"E: Uncertainty",NA
"2021-08-30 05:00:00","PM2.5",614.8249,0,0,381.007,61.4188,16.5855,16.1012,0,0,NA,0,18.8995,0,NA,0.7639,1.4401,0,0,NA,0,2.3125,0,0,0,0,18.9264,NA,NA,0,0,NA,NA,0,0,0,0,0,0,0,0,NA,NA,NA,NA,NA,NA,NA,NA,NA,"E: Uncertainty",NA,NA,NA,"E: Uncertainty",NA,NA,NA,NA,"E: Uncertainty",NA,NA,NA,NA,NA,NA,NA,"E: Uncertainty","E: Uncertainty",NA,NA,"E: Uncertainty","E: Uncertainty",NA,NA,NA,NA,NA,NA,NA,NA
"2021-08-30 06:00:00","PM10",NA,0,0,479.8952,707.6788,45.6712,80.2961,1.4089,0,5.4094,2.6477,94.5147,0,1.331,4.9296,8.8829,0,0,1.5296,NA,4.1617,NA,0,0,0,NA,NA,NA,0,NA,NA,0,0,0,0,0,0,0,1.1206,0,"E: Uncertainty",NA,NA,NA,NA,NA,NA,NA,NA,NA,NA,NA,NA,NA,NA,NA,NA,NA,NA,"E: Uncertainty",NA,"E: Uncertainty",NA,NA,NA,"E: Uncertainty","E: Uncertainty","E: Uncertainty",NA,"E: Uncertainty","E: Uncertainty",NA,NA,NA,NA,NA,NA,NA,NA,NA
"2021-08-30 07:00:00","PM2.5",NA,0,0,351.2824,74.042,28.9907,22.0317,NA,NA,1.3545,2.1235,66.4824,NA,0.5556,4.1378,5.1949,0,0,1.1761,NA,2.2551,NA,0,0,0,18.1848,0,0,0,NA,NA,NA,NA,0,0.0191,0,0,0,NA,0,"E: Uncertainty",NA,NA,NA,NA,NA,NA,"E: Uncertainty","E: Uncertainty",NA,NA,NA,"E: Uncertainty",NA,NA,NA,NA,NA,NA,"E: Uncertainty",NA,"E: Uncertainty",NA,NA,NA,NA,NA,NA,NA,"E: Uncertainty","E: Uncertainty","E: Uncertainty","E: Uncertainty",NA,NA,NA,NA,NA,"E: Uncertainty",NA
"2021-08-30 08:00:00","PM10",0,NA,0,439.941,712.7844,116.4581,106.5061,2.2117,0,3.1142,3.8559,131.1577,0,0.5593,5.0517,9.2532,0,0,0.8441,NA,4.6537,NA,0,0,0,17.629,0,NA,0,0,0,NA,NA,0,0,0,0,0,0,0,NA,"E: Uncertainty",NA,NA,NA,NA,NA,NA,NA,NA,NA,NA,NA,NA,NA,NA,NA,NA,NA,"E: Uncertainty",NA,"E: Uncertainty",NA,NA,NA,NA,NA,"E: Uncertainty",NA,NA,NA,"E: Uncertainty","E: Uncertainty",NA,NA,NA,NA,NA,NA,NA
"2021-08-30 09:00:00","PM2.5",NA,0,0,526.0852,17.5545,95.5988,22.6236,NA,0,NA,NA,41.6432,0,NA,1.6605,2.3132,0,0,0.4374,NA,3.42,NA,0,0,0,13.4213,NA,0,0,0,NA,NA,NA,0,0,0,0,0,NA,0,"E: Uncertainty",NA,NA,NA,NA,NA,NA,"E: Uncertainty",NA,"E: Uncertainty","E: Uncertainty",NA,NA,"E: Uncertainty",NA,NA,NA,NA,NA,"E: Uncertainty",NA,"E: Uncertainty",NA,NA,NA,NA,"E: Uncertainty",NA,NA,NA,"E: Uncertainty","E: Uncertainty","E: Uncertainty",NA,NA,NA,NA,NA,"E: Uncertainty",NA
"2021-08-30 10:00:00","PM10",NA,0,0,662.6297,433.7596,115.0634,129.1544,4.4905,0,NA,NA,118.3838,NA,NA,3.3807,4.5384,0,0,0.878,0,4.1403,NA,0,0,0,17.7042,0,0,0,NA,NA,NA,NA,0,NA,0,0,0,0,0,"E: Uncertainty",NA,NA,NA,NA,NA,NA,NA,NA,"E: Uncertainty","E: Uncertainty",NA,"E: Uncertainty","E: Uncertainty",NA,NA,NA,NA,NA,NA,NA,"E: Uncertainty",NA,NA,NA,NA,NA,NA,NA,"E: Uncertainty","E: Uncertainty","E: Uncertainty","E: Uncertainty",NA,"E: Uncertainty",NA,NA,NA,NA,NA
"2021-08-30 11:00:00","PM2.5",NA,0,0,473.9209,46.6077,73.2046,33.0189,NA,NA,NA,NA,41.346,NA,0,1.6762,3.7324,0,0,0.9069,0,2.8279,NA,0,0,0,13.594,0.1057,NA,0,NA,NA,NA,NA,0,0,0,0,0,0,0,"E: Uncertainty",NA,NA,NA,NA,NA,NA,"E: Uncertainty","E: Uncertainty","E: Uncertainty","E: Uncertainty",NA,"E: Uncertainty",NA,NA,NA,NA,NA,NA,NA,NA,"E: Uncertainty",NA,NA,NA,NA,NA,"E: Uncertainty",NA,"E: Uncertainty","E: Uncertainty","E: Uncertainty","E: Uncertainty",NA,NA,NA,NA,NA,NA,NA
"2021-08-30 12:00:00","PM10",NA,NA,0,525.51,635.0633,113.6762,162.745,4.6588,0,NA,1.1381,167.5612,0,0,4.1401,4.8715,0,0,1.4467,NA,4.7631,NA,0,0,0,NA,NA,NA,0,0,NA,NA,0,0,0,0,0,0,0.8309,0,"E: Uncertainty","E: Uncertainty",NA,NA,NA,NA,NA,NA,NA,"E: Uncertainty",NA,NA,NA,NA,NA,NA,NA,NA,NA,"E: Uncertainty",NA,"E: Uncertainty",NA,NA,NA,"E: Uncertainty","E: Uncertainty","E: Uncertainty",NA,NA,"E: Uncertainty","E: Uncertainty",NA,NA,NA,NA,NA,NA,NA,NA
"2021-08-30 13:00:00","PM2.5",NA,0,0,453.5754,41.8835,61.203,35.5163,NA,0,0,0,54.2057,0,0,1.942,3.1147,0,0,1.3404,0,4.8113,NA,0,0,0,17.2335,0,0,0,NA,NA,NA,NA,0,0,0,0,0,3.3224,0,"E: Uncertainty",NA,NA,NA,NA,NA,NA,"E: Uncertainty",NA,NA,NA,NA,NA,NA,NA,NA,NA,NA,NA,NA,NA,"E: Uncertainty",NA,NA,NA,NA,NA,NA,NA,"E: Uncertainty","E: Uncertainty","E: Uncertainty","E: Uncertainty",NA,NA,NA,NA,NA,NA,NA
"2021-08-30 14:00:00","PM10",NA,NA,0,699.6052,639.16,88.7187,193.9592,5.7896,0,NA,1.2261,182.48,NA,0,4.8983,8.4542,0,0,4.3937,NA,5.3231,NA,0,0,0,9.2777,0,0,0,0,NA,NA,NA,0,0,0,0,0,46.3145,0,"E: Uncertainty","E: Uncertainty",NA,NA,NA,NA,NA,NA,NA,"E: Uncertainty",NA,NA,"E: Uncertainty",NA,NA,NA,NA,NA,NA,"E: Uncertainty",NA,"E: Uncertainty",NA,NA,NA,NA,NA,NA,NA,NA,"E: Uncertainty","E: Uncertainty","E: Uncertainty",NA,NA,NA,NA,NA,NA,NA
"2021-08-30 15:00:00","PM2.5",0,0,0,645.441,11.2178,36.6616,42.023,NA,0,NA,0,52.8303,0,0,2.2758,4.2592,0,0,4.2056,0,3.9496,NA,0,0,0,12.1452,0,NA,0,NA,0,0,NA,0,NA,0,0,0,22.4272,0,NA,NA,NA,NA,NA,NA,NA,"E: Uncertainty",NA,"E: Uncertainty",NA,NA,NA,NA,NA,NA,NA,NA,NA,NA,NA,"E: Uncertainty",NA,NA,NA,NA,NA,"E: Uncertainty",NA,"E: Uncertainty",NA,NA,"E: Uncertainty",NA,"E: Uncertainty",NA,NA,NA,NA,NA
"2021-08-30 16:00:00","PM10",0,NA,0,355.585,437.3588,76.9407,244.6089,8.1739,0.0036,NA,2.1943,194.3111,0,0,4.4055,6.9041,0,0,1.2712,NA,3.76,NA,0,0,0,NA,NA,0,0,NA,NA,NA,NA,0,0,0,0,0,NA,0,NA,"E: Uncertainty",NA,NA,NA,NA,NA,NA,NA,"E: Uncertainty",NA,NA,NA,NA,NA,NA,NA,NA,NA,"E: Uncertainty",NA,"E: Uncertainty",NA,NA,NA,"E: Uncertainty","E: Uncertainty",NA,NA,"E: Uncertainty","E: Uncertainty","E: Uncertainty","E: Uncertainty",NA,NA,NA,NA,NA,"E: Uncertainty",NA
"2021-08-30 17:00:00","PM2.5",NA,0,0,263.0887,15.4135,29.8331,44.6294,1.7884,0,0,NA,86.7379,NA,0,3.8757,3.5498,0,0,NA,0,1.9901,NA,0,0,0,9.951,0.0205,NA,NA,NA,NA,NA,NA,0,0,0,0,0,NA,0,"E: Uncertainty",NA,NA,NA,NA,NA,NA,NA,NA,NA,"E: Uncertainty",NA,"E: Uncertainty",NA,NA,NA,NA,NA,"E: Uncertainty",NA,NA,"E: Uncertainty",NA,NA,NA,NA,NA,"E: Uncertainty","E: Uncertainty","E: Uncertainty","E: Uncertainty","E: Uncertainty","E: Uncertainty",NA,NA,NA,NA,NA,"E: Uncertainty",NA
"2021-08-30 18:00:00","PM10",NA,NA,0,195.7649,199.104,68.4734,257.6232,6.488,NA,NA,2.5026,197.5618,0,0,3.3993,5.9979,0,0,0.7023,0,2.0284,NA,0,0,0,NA,NA,NA,0,NA,0,NA,NA,0,0,0,0,0,NA,0,"E: Uncertainty","E: Uncertainty",NA,NA,NA,NA,NA,NA,"E: Uncertainty","E: Uncertainty",NA,NA,NA,NA,NA,NA,NA,NA,NA,NA,NA,"E: Uncertainty",NA,NA,NA,"E: Uncertainty","E: Uncertainty","E: Uncertainty",NA,"E: Uncertainty",NA,"E: Uncertainty","E: Uncertainty",NA,NA,NA,NA,NA,"E: Uncertainty",NA
"2021-08-30 19:00:00","PM2.5",NA,0,0,214.1887,86.4436,27.0801,45.3405,NA,0,0,0,50.6379,0,0,1.3294,1.8307,0,0,NA,0,2.4964,NA,0,0,0,20.6495,NA,NA,0,0,NA,NA,NA,0,0,0,0,0,NA,0,"E: Uncertainty",NA,NA,NA,NA,NA,NA,"E: Uncertainty",NA,NA,NA,NA,NA,NA,NA,NA,NA,NA,"E: Uncertainty",NA,NA,"E: Uncertainty",NA,NA,NA,NA,"E: Uncertainty","E: Uncertainty",NA,NA,"E: Uncertainty","E: Uncertainty","E: Uncertainty",NA,NA,NA,NA,NA,"E: Uncertainty",NA
"2021-08-30 20:00:00","PM10",NA,NA,0,323.3985,163.8871,57.2614,274.0491,5.154,0,0.6442,2.939,257.5954,NA,0,2.5411,12.0504,0,0,0.42,0,2.3062,NA,0,0,0,NA,0,NA,0,NA,NA,0,NA,0,0,0,NA,0,0.9591,0,"E: Uncertainty","E: Uncertainty",NA,NA,NA,NA,NA,NA,NA,NA,NA,NA,"E: Uncertainty",NA,NA,NA,NA,NA,NA,NA,NA,"E: Uncertainty",NA,NA,NA,"E: Uncertainty",NA,"E: Uncertainty",NA,"E: Uncertainty","E: Uncertainty",NA,"E: Uncertainty",NA,NA,NA,"E: Uncertainty",NA,NA,NA
"2021-08-30 21:00:00","PM2.5",NA,0,0,153.9127,28.9943,25.8205,26.6208,NA,0,0,0,42.1157,0,0,1.1219,7.048,0,0,NA,0,1.4102,NA,0,0,0,13.4913,NA,NA,0,0,NA,NA,0,0,0,0,0,0,1.0273,0,"E: Uncertainty",NA,NA,NA,NA,NA,NA,"E: Uncertainty",NA,NA,NA,NA,NA,NA,NA,NA,NA,NA,"E: Uncertainty",NA,NA,"E: Uncertainty",NA,NA,NA,NA,"E: Uncertainty","E: Uncertainty",NA,NA,"E: Uncertainty","E: Uncertainty",NA,NA,NA,NA,NA,NA,NA,NA
"2021-08-30 22:00:00","PM10",NA,NA,0,233.5381,250.8131,45.5719,146.8437,2.8588,NA,0,0.9929,97.4829,NA,0,2.8291,5.5537,0,0,0.6665,NA,3.1684,NA,0,0,0,19.5543,NA,0,0,0,NA,NA,NA,0,0,0,0,0,0,0,"E: Uncertainty","E: Uncertainty",NA,NA,NA,NA,NA,NA,"E: Uncertainty",NA,NA,NA,"E: Uncertainty",NA,NA,NA,NA,NA,NA,"E: Uncertainty",NA,"E: Uncertainty",NA,NA,NA,NA,"E: Uncertainty",NA,NA,NA,"E: Uncertainty","E: Uncertainty","E: Uncertainty",NA,NA,NA,NA,NA,NA,NA
"2021-08-30 23:00:00","PM2.5",NA,0,0,188.0513,0,17.1828,12.8202,0,NA,NA,0,19.7062,0,0,NA,3.6042,0,0,0.5569,NA,1.2258,NA,NA,0,0,20.0472,NA,NA,0,NA,NA,NA,0,0,0,0,0,0,1.8052,0,"E: Uncertainty",NA,NA,NA,NA,NA,NA,NA,"E: Uncertainty","E: Uncertainty",NA,NA,NA,NA,"E: Uncertainty",NA,NA,NA,NA,"E: Uncertainty",NA,"E: Uncertainty","E: Uncertainty",NA,NA,NA,"E: Uncertainty","E: Uncertainty",NA,"E: Uncertainty","E: Uncertainty","E: Uncertainty",NA,NA,NA,NA,NA,NA,NA,NA
"2021-08-31 00:30:00","PM10",NA,0,0,323.9731,548.7125,28.0584,62.9354,0,NA,NA,0,29.9408,0,0,NA,9.7544,0,0,NA,NA,2.3889,NA,0,0,0,21.3517,NA,NA,0,NA,NA,NA,NA,0,0,0,0,0,0,0,"E: Uncertainty",NA,NA,NA,NA,NA,NA,NA,"E: Uncertainty","E: Uncertainty",NA,NA,NA,NA,"E: Uncertainty",NA,NA,NA,"E: Uncertainty","E: Uncertainty",NA,"E: Uncertainty",NA,NA,NA,NA,"E: Uncertainty","E: Uncertainty",NA,"E: Uncertainty","E: Uncertainty","E: Uncertainty","E: Uncertainty",NA,NA,NA,NA,NA,NA,NA
"2021-08-31 01:00:00","PM2.5",NA,0,0,224.1061,70.7539,14.5562,10.7928,0,0,0,0,10.1316,NA,0,0.5719,6.8953,0,0,1.3384,NA,1.5336,0,0,0,0,12.2259,0,NA,0,0,NA,0,NA,0,0,0,0,0,0,0,"E: Uncertainty",NA,NA,NA,NA,NA,NA,NA,NA,NA,NA,NA,"E: Uncertainty",NA,NA,NA,NA,NA,NA,"E: Uncertainty",NA,NA,NA,NA,NA,NA,NA,"E: Uncertainty",NA,NA,"E: Uncertainty",NA,"E: Uncertainty",NA,NA,NA,NA,NA,NA,NA
"2021-08-31 02:00:00","PM10",NA,0,0,376.8025,553.0735,44.809,53.1611,NA,0,1.6987,NA,36.8216,NA,NA,1.1134,13.1227,0,0,0.8729,NA,3.1898,NA,0,0,0,0,NA,NA,0,NA,0,0,NA,0,0,0,NA,0,0,0,"E: Uncertainty",NA,NA,NA,NA,NA,NA,"E: Uncertainty",NA,NA,"E: Uncertainty",NA,"E: Uncertainty","E: Uncertainty",NA,NA,NA,NA,NA,"E: Uncertainty",NA,"E: Uncertainty",NA,NA,NA,NA,"E: Uncertainty","E: Uncertainty",NA,"E: Uncertainty",NA,NA,"E: Uncertainty",NA,NA,NA,"E: Uncertainty",NA,NA,NA
"2021-08-31 03:00:00","PM2.5",NA,0,0,270.9993,10.2049,23.8586,9.2836,0,0,1.4279,NA,11.5631,NA,0.503,0.8597,11.1123,0,0,0.6505,NA,0.7567,0,0,0,0,NA,NA,0,0,0,NA,0,0,0,NA,0,0,0,NA,0,"E: Uncertainty",NA,NA,NA,NA,NA,NA,NA,NA,NA,"E: Uncertainty",NA,"E: Uncertainty",NA,NA,NA,NA,NA,NA,"E: Uncertainty",NA,NA,NA,NA,NA,"E: Uncertainty","E: Uncertainty",NA,NA,NA,"E: Uncertainty",NA,NA,NA,"E: Uncertainty",NA,NA,NA,"E: Uncertainty",NA
"2021-08-31 04:00:00","PM10",NA,0,0,368.7383,133.1213,34.3559,25.211,0,0,3.9887,1.0664,42.074,0,0.5871,1.4856,10.6196,0,0,0.7801,NA,1.6591,NA,0,0,0,NA,NA,NA,0,0,0,NA,NA,0,0,0,0,0,NA,0,"E: Uncertainty",NA,NA,NA,NA,NA,NA,NA,NA,NA,NA,NA,NA,NA,NA,NA,NA,NA,NA,"E: Uncertainty",NA,"E: Uncertainty",NA,NA,NA,"E: Uncertainty","E: Uncertainty","E: Uncertainty",NA,NA,NA,"E: Uncertainty","E: Uncertainty",NA,NA,NA,NA,NA,"E: Uncertainty",NA
"2021-08-31 05:00:00","PM2.5",NA,0,0,261.757,0,19.2179,6.0206,NA,0,1.4829,1.0018,36.2348,NA,NA,1.9169,9.2253,0,0,0.7773,NA,0.679,NA,0,0,0,NA,0,0,0,NA,NA,NA,NA,0,0,0,0,0,0,0,"E: Uncertainty",NA,NA,NA,NA,NA,NA,"E: Uncertainty",NA,NA,NA,NA,"E: Uncertainty","E: Uncertainty",NA,NA,NA,NA,NA,"E: Uncertainty",NA,"E: Uncertainty",NA,NA,NA,"E: Uncertainty",NA,NA,NA,"E: Uncertainty","E: Uncertainty","E: Uncertainty","E: Uncertainty",NA,NA,NA,NA,NA,NA,NA
"2021-08-31 06:00:00","PM10",NA,0,0,276.1229,39.5972,23.6399,42.6054,1.538,NA,0.7314,NA,130.6108,NA,NA,7.7817,6.0152,0,0,0,NA,0.7487,NA,0,0,0,NA,0,0,0,0,NA,0,NA,0,0,0,0,0,NA,0,"E: Uncertainty",NA,NA,NA,NA,NA,NA,NA,"E: Uncertainty",NA,"E: Uncertainty",NA,"E: Uncertainty","E: Uncertainty",NA,NA,NA,NA,NA,"E: Uncertainty",NA,"E: Uncertainty",NA,NA,NA,"E: Uncertainty",NA,NA,NA,NA,"E: Uncertainty",NA,"E: Uncertainty",NA,NA,NA,NA,NA,"E: Uncertainty",NA
"2021-08-31 07:00:00","PM2.5",NA,0,0,248.9383,0,13.4996,23.4703,6.7708,0,NA,NA,60.5853,0,0,3.6963,7.8617,0,0,NA,0,0.7189,NA,0,0,0,11.0918,0,NA,0,NA,NA,NA,NA,0,0,0,0,0,0,0,"E: Uncertainty",NA,NA,NA,NA,NA,NA,NA,NA,"E: Uncertainty","E: Uncertainty",NA,NA,NA,NA,NA,NA,NA,"E: Uncertainty",NA,NA,"E: Uncertainty",NA,NA,NA,NA,NA,"E: Uncertainty",NA,"E: Uncertainty","E: Uncertainty","E: Uncertainty","E: Uncertainty",NA,NA,NA,NA,NA,NA,NA
"2021-08-31 08:00:00","PM10",0,NA,0,347.0526,163.6735,59.3918,209.0944,21.7973,NA,2.2495,3.8704,191.2092,0,0.902,5.4467,23.3955,0,0,0.7581,0,1.3907,NA,0,0,0,NA,NA,NA,0,0.0971,NA,NA,NA,0,0,0,0,0,1.5059,0,NA,"E: Uncertainty",NA,NA,NA,NA,NA,NA,"E: Uncertainty",NA,NA,NA,NA,NA,NA,NA,NA,NA,NA,NA,NA,"E: Uncertainty",NA,NA,NA,"E: Uncertainty","E: Uncertainty","E: Uncertainty",NA,NA,"E: Uncertainty","E: Uncertainty","E: Uncertainty",NA,NA,NA,NA,NA,NA,NA
"2021-08-31 09:00:00","PM2.5",NA,0,0,388.3703,NA,32.2066,38.2598,2.4408,0,0.7093,1.2708,80.2225,NA,0.0111,3.2435,20.2152,0,0,1.3294,0,1.0797,NA,0,0,0,11.6846,0.1031,NA,0,NA,NA,0,NA,0,0,0,0,0,0.9567,0,"E: Uncertainty",NA,NA,NA,"E: Uncertainty",NA,NA,NA,NA,NA,NA,NA,"E: Uncertainty",NA,NA,NA,NA,NA,NA,NA,NA,"E: Uncertainty",NA,NA,NA,NA,NA,"E: Uncertainty",NA,"E: Uncertainty","E: Uncertainty",NA,"E: Uncertainty",NA,NA,NA,NA,NA,NA,NA
"2021-08-31 10:00:00","PM10",NA,NA,0,373.8142,106.1974,63.0036,238.8231,8.1353,0,NA,2.4519,210.4881,0,0,5.2304,12.3861,0,0,0.8672,NA,1.9377,NA,0,0,0,18.5793,0.0781,NA,0,NA,NA,NA,NA,0,0,0,0,0,0.8127,0,"E: Uncertainty","E: Uncertainty",NA,NA,NA,NA,NA,NA,NA,"E: Uncertainty",NA,NA,NA,NA,NA,NA,NA,NA,NA,"E: Uncertainty",NA,"E: Uncertainty",NA,NA,NA,NA,NA,"E: Uncertainty",NA,"E: Uncertainty","E: Uncertainty","E: Uncertainty","E: Uncertainty",NA,NA,NA,NA,NA,NA,NA
"2021-08-31 11:00:00","PM2.5",NA,0,0,328.0213,13.5971,40.0325,58.7445,2.7314,0,NA,NA,89.5245,0,0,3.8528,10.0922,0,0,0.89,0,1.2153,NA,0,0,0,15.703,NA,0,0,0,NA,NA,NA,0,0,0,0,0,3.0957,0,"E: Uncertainty",NA,NA,NA,NA,NA,NA,NA,NA,"E: Uncertainty","E: Uncertainty",NA,NA,NA,NA,NA,NA,NA,NA,NA,NA,"E: Uncertainty",NA,NA,NA,NA,"E: Uncertainty",NA,NA,NA,"E: Uncertainty","E: Uncertainty","E: Uncertainty",NA,NA,NA,NA,NA,NA,NA
"2021-08-31 12:00:00","PM10",0,NA,0,305.7123,88.2763,57.3459,265.3584,8.8043,0,1.2687,2.4027,243.9047,NA,0,9.4122,13.9576,0,0,0.7781,NA,1.4936,NA,0,0,0,NA,NA,0,0,0,0,0,2.9041,0,0,0,0,0,1.4271,0,NA,"E: Uncertainty",NA,NA,NA,NA,NA,NA,NA,NA,NA,NA,"E: Uncertainty",NA,NA,NA,NA,NA,NA,"E: Uncertainty",NA,"E: Uncertainty",NA,NA,NA,"E: Uncertainty","E: Uncertainty",NA,NA,NA,NA,NA,NA,NA,NA,NA,NA,NA,NA,NA
"2021-08-31 13:00:00","PM2.5",0,0,0,314.9903,0,22.582,53.2639,1.2006,NA,0,NA,88.7226,0,NA,3.7377,15.5464,0,0,0.9501,0,2.4182,NA,0,0,0,19.1797,NA,0,0,NA,NA,NA,0,0,0,0,0,0,2.7812,0,NA,NA,NA,NA,NA,NA,NA,NA,"E: Uncertainty",NA,"E: Uncertainty",NA,NA,"E: Uncertainty",NA,NA,NA,NA,NA,NA,NA,"E: Uncertainty",NA,NA,NA,NA,"E: Uncertainty",NA,NA,"E: Uncertainty","E: Uncertainty","E: Uncertainty",NA,NA,NA,NA,NA,NA,NA,NA
"2021-08-31 14:00:00","PM10",NA,NA,0,293.3674,38.0425,54.4941,328.7355,8.9876,0,NA,3.3715,286.3444,0,NA,7.9256,11.0158,0,0,1.1533,NA,1.5402,NA,0,NA,0,NA,0,NA,0,0,0,0,3.947,0,0,0,0,0,4.4648,0,"E: Uncertainty","E: Uncertainty",NA,NA,NA,NA,NA,NA,NA,"E: Uncertainty",NA,NA,NA,"E: Uncertainty",NA,NA,NA,NA,NA,"E: Uncertainty",NA,"E: Uncertainty",NA,"E: Uncertainty",NA,"E: Uncertainty",NA,"E: Uncertainty",NA,NA,NA,NA,NA,NA,NA,NA,NA,NA,NA,NA
"2021-08-31 15:00:00","PM2.5",686.047,0,0,214.5026,0,34.2656,51.4317,1.7473,0,0,NA,101.027,0,0,3.039,18.2155,0,0,1.1439,NA,1.1906,NA,0,0,0,NA,NA,NA,0,0,0,0,0,0,0,0,0,0,3.9152,0,NA,NA,NA,NA,NA,NA,NA,NA,NA,NA,"E: Uncertainty",NA,NA,NA,NA,NA,NA,NA,NA,"E: Uncertainty",NA,"E: Uncertainty",NA,NA,NA,"E: Uncertainty","E: Uncertainty","E: Uncertainty",NA,NA,NA,NA,NA,NA,NA,NA,NA,NA,NA,NA
"2021-08-31 16:00:00","PM10",NA,NA,0,399.2314,292.9695,64.6313,215.3627,6.76,0,NA,2.0231,275.9239,0,0,7.1483,18.4403,0,0,1.3399,0,3.8089,NA,0,0,0,13.8455,NA,0,0,0,NA,NA,3.8583,0,0,0,0,0,3.1654,0,"E: Uncertainty","E: Uncertainty",NA,NA,NA,NA,NA,NA,NA,"E: Uncertainty",NA,NA,NA,NA,NA,NA,NA,NA,NA,NA,NA,"E: Uncertainty",NA,NA,NA,NA,"E: Uncertainty",NA,NA,NA,"E: Uncertainty","E: Uncertainty",NA,NA,NA,NA,NA,NA,NA,NA
"2021-08-31 17:00:00","PM2.5",0,0,0,223.4047,26.5663,29.0991,34.3581,1.2934,0,NA,NA,101.9033,0,NA,2.5957,11.138,0,0,2.0405,0,1.0975,NA,0,0,0,17.2353,0,0,0,NA,NA,NA,NA,0,0,0,0,0,4.8848,0,NA,NA,NA,NA,NA,NA,NA,NA,NA,"E: Uncertainty","E: Uncertainty",NA,NA,"E: Uncertainty",NA,NA,NA,NA,NA,NA,NA,"E: Uncertainty",NA,NA,NA,NA,NA,NA,NA,"E: Uncertainty","E: Uncertainty","E: Uncertainty","E: Uncertainty",NA,NA,NA,NA,NA,NA,NA
"2021-08-31 18:00:00","PM10",NA,NA,0,331.4103,250.267,61.8828,213.8855,7.0428,0,NA,3.1445,383.8409,NA,NA,9.6271,10.8452,0,0,0.7775,0,2.5932,1.4952,0,0,0,15.5207,0,0,0,NA,NA,NA,6.71,0,0,0,0,0,2.7355,0,"E: Uncertainty","E: Uncertainty",NA,NA,NA,NA,NA,NA,NA,"E: Uncertainty",NA,NA,"E: Uncertainty","E: Uncertainty",NA,NA,NA,NA,NA,NA,NA,NA,NA,NA,NA,NA,NA,NA,NA,"E: Uncertainty","E: Uncertainty","E: Uncertainty",NA,NA,NA,NA,NA,NA,NA,NA
"2021-08-31 19:00:00","PM2.5",0,0,0,361.3974,49.9224,33.7357,43.5566,1.2649,0,0,NA,106.0433,NA,0,3.2151,4.8064,0,0,0.9793,NA,1.9075,NA,0,0,0,14.9765,0,NA,0,0,0,0,NA,0,0,0,0,0,1.8716,0,NA,NA,NA,NA,NA,NA,NA,NA,NA,NA,"E: Uncertainty",NA,"E: Uncertainty",NA,NA,NA,NA,NA,NA,"E: Uncertainty",NA,"E: Uncertainty",NA,NA,NA,NA,NA,"E: Uncertainty",NA,NA,NA,NA,"E: Uncertainty",NA,NA,NA,NA,NA,NA,NA
"2021-08-31 20:00:00","PM10",NA,NA,0,445.1434,790.2312,76.6752,188.3168,5.9926,0,NA,2.8326,254.4797,0,0,5.5356,8.0462,0,0,1.8194,NA,2.947,NA,0,0,0,14.8239,NA,NA,0,NA,0,NA,NA,0,0,0,0,0,4.609,0,"E: Uncertainty","E: Uncertainty",NA,NA,NA,NA,NA,NA,NA,"E: Uncertainty",NA,NA,NA,NA,NA,NA,NA,NA,NA,"E: Uncertainty",NA,"E: Uncertainty",NA,NA,NA,NA,"E: Uncertainty","E: Uncertainty",NA,"E: Uncertainty",NA,"E: Uncertainty","E: Uncertainty",NA,NA,NA,NA,NA,NA,NA
"2021-08-31 21:00:00","PM2.5",NA,0,0,289.2459,81.3881,42.0361,35.5516,1.8976,0,NA,1.2808,112.951,NA,0,3.4284,6.8117,0,0,2.235,NA,1.8936,NA,0,0,0,17.7764,NA,NA,0,NA,0.0535,NA,NA,0,0,0,0,0,3.034,0,"E: Uncertainty",NA,NA,NA,NA,NA,NA,NA,NA,"E: Uncertainty",NA,NA,"E: Uncertainty",NA,NA,NA,NA,NA,NA,"E: Uncertainty",NA,"E: Uncertainty",NA,NA,NA,NA,"E: Uncertainty","E: Uncertainty",NA,"E: Uncertainty",NA,"E: Uncertainty","E: Uncertainty",NA,NA,NA,NA,NA,NA,NA
