"datetime","pm_fraction","Al","Si","P","S","Cl","K","Ca","Ti","V","Cr","Mn","Fe","Co","Ni","Cu","Zn","Ga","Ge","As","Se","Br","Sr","Y","Zr","Mo","Pd","Ag","Cd","In","Sn","Sb","Te","Ba","La","Ce","Pt","Hg","Tl","Pb","Bi","Al_Flags","Si_Flags","P_Flags","S_Flags","Cl_Flags","K_Flags","Ca_Flags","Ti_Flags","V_Flags","Cr_Flags","Mn_Flags","Fe_Flags","Co_Flags","Ni_Flags","Cu_Flags","Zn_Flags","Ga_Flags","Ge_Flags","As_Flags","Se_Flags","Br_Flags","Sr_Flags","Y_Flags","Zr_Flags","Mo_Flags","Pd_Flags","Ag_Flags","Cd_Flags","In_Flags","Sn_Flags","Sb_Flags","Te_Flags","Ba_Flags","La_Flags","Ce_Flags","Pt_Flags","Hg_Flags","Tl_Flags","Pb_Flags","Bi_Flags"
"2021-09-01 00:30:00","PM10",0,0,0,456.6321,543.6323,105.8095,96.4808,NA,0,NA,2.1689,90.2291,NA,0,1.0627,3.2675,0,0,2.2164,0,2.2848,NA,0,0,0,42.8699,NA,NA,0,NA,NA,NA,0,NA,0,0,0,0,16.4717,0,"1b","1b","1b","1b","1b","1b","1b","3b","1b","3b","1b","1b","3b","1b","1b","1b","1b","1b","1b","1b","1b","3b","1b","1b","1b","1b","3b","3b","1b","3b","3b","3b","1b","3b","1b","1b","1b","1b","1b","1b"
"2021-09-01 01:00:00","PM2.5",NA,0,0,320.9883,84.004,43.9901,22.6952,1.0221,0,NA,NA,34.9992,0,NA,1.1008,3.153,0,0,0.5976,0,1.4832,NA,0,0,0,NA,0,0,0,NA,0,0,0,0,0,0,0,0,6.0592,0,"3b","1b","1b","1b","1b","1b","1b","1b","1b","3b","3b","1b","1b","3b","1b","1b","1b","1b","1b","1b","1b","3b","1b","1b","1b","3b","1b","1b","1b","3b","1b","1b","1b","1b","1b","1b","1b","1b","1b","1b"
"2021-09-01 02:00:00","PM10",0,NA,0,449.5647,762.2628,62.7967,111.4105,2.9221,0,NA,NA,77.3679,0,0,1.3954,5.5081,0,0,1.1474,NA,2.926,NA,0,0,0,13.4935,0,0,0,0,0,0,0,0,0,0,0,0,0,0,"1b","3b","1b","1b","1b","1b","1b","1b","1b","3b","3b","1b","1b","1b","1b","1b","1b","1b","1b","3b","1b","3b","1b","1b","1b","1b","1b","1b","1b","1b","1b","1b","1b","1b","1b","1b","1b","1b","1b","1b"
"2021-09-01 03:00:00","PM2.5",NA,0,0,529.4404,106.7926,33.6904,29.5764,NA,NA,NA,0,21.8536,0,NA,0.7923,3.5011,0,0,0.5484,0,2.9109,NA,0,0,0,NA,NA,0.1003,0,0,NA,0,NA,0,0,0,0,0,0,0,"3b","1b","1b","1b","1b","1b","1b","3b","3b","3b","1b","1b","1b","3b","1b","1b","1b","1b","1b","1b","1b","3b","1b","1b","1b","3b","3b","1b","1b","1b","3b","1b","3b","1b","1b","1b","1b","1b","1b","1b"
"2021-09-01 04:00:00","PM10",714.4888,NA,0,649.4825,756.0315,79.2107,111.2717,4.1159,NA,2.8572,1.8037,93.3558,0,0.834,1.6623,11.3062,0,0,0.7534,0.4214,3.6277,NA,0,0,0,NA,NA,0,0,NA,0,0,0,0,0,0,0,0,NA,0,"1b","3b","1b","1b","1b","1b","1b","1b","3b","1b","1b","1b","1b","1b","1b","1b","1b","1b","1b","1b","1b","3b","1b","1b","1b","3b","3b","1b","1b","3b","1b","1b","1b","1b","1b","1b","1b","1b","3b","1b"
"2021-09-01 05:00:00","PM2.5",NA,0,0,619.733,NA,46.1438,31.392,1.8855,NA,1.9081,1.5203,60.9647,0,NA,1.7794,11.7188,0,0,NA,0.5428,3.5332,NA,0,0,0,17.0602,0,0,0,NA,NA,NA,NA,0,0,0,0,0,0,0,"3b","1b","1b","1b","3b","1b","1b","1b","3b","1b","1b","1b","1b","3b","1b","1b","1b","1b","3b","1b","1b","3b","1b","1b","1b","1b","1b","1b","1b","3b","3b","3b","3b","1b","1b","1b","1b","1b","1b","1b"
"2021-09-01 06:00:00","PM10",NA,NA,0,820.2018,568.4749,82.3194,192.822,7.91,0,0.7389,2.4574,298.1032,0,NA,11.9012,11.198,0,0,0.9051,1.2384,4.4085,NA,0,0,0,NA,NA,NA,0,NA,0,NA,14.3754,0,0,0,0,0,2.4391,0,"3b","3b","1b","1b","1b","1b","1b","1b","1b","1b","1b","1b","1b","3b","1b","1b","1b","1b","1b","1b","1b","3b","1b","1b","1b","3b","3b","3b","1b","3b","1b","3b","1b","1b","1b","1b","1b","1b","1b","1b"
"2021-09-01 07:00:00","PM2.5",NA,0,0,703.1525,0,45.5313,57.8111,3.1461,0,0.7503,0.8041,97.1045,0,NA,3.3561,7.2919,0,0,0.6305,0.7304,3.095,NA,0,0,0,NA,NA,NA,0,0,NA,0,NA,0,0,0,0,0,1.5298,0,"3b","1b","1b","1b","1b","1b","1b","1b","1b","1b","1b","1b","1b","3b","1b","1b","1b","1b","1b","1b","1b","3b","1b","1b","1b","3b","3b","3b","1b","1b","3b","1b","3b","1b","1b","1b","1b","1b","1b","1b"
"2021-09-01 08:00:00","PM10",NA,227.7703,0,946.8454,687.3024,120.072,538.8328,16.3523,NA,5.0612,5.0317,335.9723,0,1.6914,9.8683,21.0279,0,0,1.5695,1.1047,5.1471,NA,0,NA,0,17.0395,NA,NA,0,NA,NA,NA,NA,0,0,0,0,0,4.0661,0,"3b","1b","1b","1b","1b","1b","1b","1b","3b","1b","1b","1b","1b","1b","1b","1b","1b","1b","1b","1b","1b","3b","1b","3b","1b","1b","3b","3b","1b","3b","3b","3b","3b","1b","1b","1b","1b","1b","1b","1b"
"2021-09-01 09:00:00","PM2.5",NA,NA,0,706.8753,20.4766,53.5193,96.3272,4.2874,NA,2.0673,2.511,117.4453,0,0.5122,4.09,20.4019,0,0,NA,0.9922,3.3353,NA,0,0,0,13.1374,NA,NA,0,NA,NA,NA,0,0,0,0,0,0,4.9321,0,"3b","3b","1b","1b","1b","1b","1b","1b","3b","1b","1b","1b","1b","1b","1b","1b","1b","1b","3b","1b","1b","3b","1b","1b","1b","1b","3b","3b","1b","3b","3b","3b","1b","1b","1b","1b","1b","1b","1b","1b"
"2021-09-01 10:00:00","PM10",NA,457.0083,0,729.1752,612.7752,124.3238,376.7164,14.4104,0,3.4243,4.7983,305.2334,NA,1.0381,8.2602,27.4331,0,0,1.5958,1.0387,3.901,2.7121,0,0,0,NA,NA,NA,0,0,NA,0,4.2503,0,0,0,0,0,2.4161,0,"3b","1b","1b","1b","1b","1b","1b","1b","1b","1b","1b","1b","3b","1b","1b","1b","1b","1b","1b","1b","1b","1b","1b","1b","1b","3b","3b","3b","1b","1b","3b","1b","1b","1b","1b","1b","1b","1b","1b","1b"
"2021-09-01 11:00:00","PM2.5",NA,NA,0,709.9063,36.1718,53.9802,88.7045,3.8938,NA,0.6246,1.4338,110.9341,NA,NA,3.6892,15.1187,0,0,1.1027,0.4971,3.1777,NA,0,0,0,NA,NA,0,0,NA,NA,NA,NA,0,0,0,0,0,1.7983,0,"3b","3b","1b","1b","1b","1b","1b","1b","3b","1b","1b","1b","3b","3b","1b","1b","1b","1b","1b","1b","1b","3b","1b","1b","1b","3b","3b","1b","1b","3b","3b","3b","3b","1b","1b","1b","1b","1b","1b","1b"
"2021-09-01 12:00:00","PM10",NA,194.6002,0,750.9119,395.0455,89.7407,350.6191,12.2757,0,0.8602,3.0648,293.5258,0,NA,6.3136,17.926,0,0,NA,NA,3.9275,NA,0,0,0,14.0861,0.0783,0,0,0,NA,0,NA,0,0,0,0,0,8.3626,0,"3b","1b","1b","1b","1b","1b","1b","1b","1b","1b","1b","1b","1b","3b","1b","1b","1b","1b","3b","3b","1b","3b","1b","1b","1b","1b","1b","1b","1b","1b","3b","1b","3b","1b","1b","1b","1b","1b","1b","1b"
"2021-09-01 13:00:00","PM2.5",NA,0,0,619.2082,0,33.7104,77.5269,4.6769,0,NA,NA,100.5805,NA,NA,2.7064,11.0415,0,0,1.7796,NA,2.8667,NA,0,0,0,NA,0,NA,0,0,NA,NA,NA,0,0,0,0,0,2.0202,0,"3b","1b","1b","1b","1b","1b","1b","1b","1b","3b","3b","1b","3b","3b","1b","1b","1b","1b","1b","3b","1b","3b","1b","1b","1b","3b","1b","3b","1b","1b","3b","3b","3b","1b","1b","1b","1b","1b","1b","1b"
"2021-09-01 14:00:00","PM10",0,540.3561,0,1441.3652,480.2232,120.7357,582.678,35.5469,NA,0.748,4.4921,385.2901,0,NA,7.5133,17.3263,0,0,1.8156,NA,3.2935,2.478,0,0,0,15.1731,NA,NA,0,0,NA,NA,6.2887,0,0,0,0,0,2.2779,0,"1b","1b","1b","1b","1b","1b","1b","1b","3b","1b","1b","1b","1b","3b","1b","1b","1b","1b","1b","3b","1b","1b","1b","1b","1b","1b","3b","3b","1b","1b","3b","3b","1b","1b","1b","1b","1b","1b","1b","1b"
"2021-09-01 15:00:00","PM2.5",606.8037,0,0,1369.1506,0,50.5748,112.5108,4.9926,NA,NA,1.4285,120.6109,0,NA,2.6508,7.2408,0,0,1.2686,NA,2.8546,NA,0,0,0,13.3375,NA,NA,0,0,NA,0,NA,0,0,0,0,0,2.2574,0,"1b","1b","1b","1b","1b","1b","1b","1b","3b","3b","1b","1b","1b","3b","1b","1b","1b","1b","1b","3b","1b","3b","1b","1b","1b","1b","3b","3b","1b","1b","3b","1b","3b","1b","1b","1b","1b","1b","1b","1b"
"2021-09-01 16:00:00","PM10",0,484.751,0,2415.1526,1271.9228,147.0808,522.4174,24.3635,NA,0.7921,5.5023,409.5594,0,NA,7.0862,11.756,0,0,6.2451,0.5545,4.708,NA,0,0,0,12.6908,NA,NA,0,NA,0,NA,4.8418,0,0,0,0,0,4.1459,0,"1b","1b","1b","1b","1b","1b","1b","1b","3b","1b","1b","1b","1b","3b","1b","1b","1b","1b","1b","1b","1b","3b","1b","1b","1b","1b","3b","3b","1b","3b","1b","3b","1b","1b","1b","1b","1b","1b","1b","1b"
"2021-09-01 17:00:00","PM2.5",NA,1.5358,0,1991.5456,40.4451,65.3251,107.6981,5.6417,NA,NA,2.1281,140.773,0,0,2.8139,9.2969,0,0,1.5746,NA,3.5536,NA,0,0,0,NA,NA,0,0,NA,NA,NA,NA,0,NA,0,0,0,6.0718,0,"3b","1b","1b","1b","1b","1b","1b","1b","3b","3b","1b","1b","1b","1b","1b","1b","1b","1b","1b","3b","1b","3b","1b","1b","1b","3b","3b","1b","1b","3b","3b","3b","3b","1b","3b","1b","1b","1b","1b","1b"
"2021-09-01 18:00:00","PM10",NA,336.8575,0,2124.2432,1466.706,167.546,546.8176,28.0233,NA,0.6854,7.4322,488.8118,0,NA,8.4848,11.3224,0,0,2.3354,NA,5.6486,2.7321,0,NA,0,11.0782,NA,NA,0,NA,NA,NA,5.0966,0,0,0,0,0,5.6911,0,"3b","1b","1b","1b","1b","1b","1b","1b","3b","1b","1b","1b","1b","3b","1b","1b","1b","1b","1b","3b","1b","1b","1b","3b","1b","1b","3b","3b","1b","3b","3b","3b","1b","1b","1b","1b","1b","1b","1b","1b"
"2021-09-01 19:00:00","PM2.5",NA,NA,0,2175.3937,190.8017,88.9627,112.015,6.8239,0,NA,1.1564,145.0331,NA,NA,3.4971,10.6133,0,0,1.6749,NA,12.7525,NA,0,0,0,12.1853,NA,0,0,0,NA,NA,NA,0,0,0,0,0,3.1011,0,"3b","3b","1b","1b","1b","1b","1b","1b","1b","3b","1b","1b","3b","3b","1b","1b","1b","1b","1b","3b","1b","3b","1b","1b","1b","1b","3b","1b","1b","1b","3b","3b","3b","1b","1b","1b","1b","1b","1b","1b"
"2021-09-01 20:00:00","PM10",NA,205.3978,0,1970.2078,2453.797,145.0283,327.4513,22.6118,NA,NA,2.2761,260.6652,0,NA,5.6129,7.2301,0,0,0.9151,NA,8.7385,2.5699,0,NA,0,11.4583,NA,0,0,NA,0,NA,0,0,0,0,0,0,0,0,"3b","1b","1b","1b","1b","1b","1b","1b","3b","3b","1b","1b","1b","3b","1b","1b","1b","1b","1b","3b","1b","1b","1b","3b","1b","1b","3b","1b","1b","3b","1b","3b","1b","1b","1b","1b","1b","1b","1b","1b"
"2021-09-01 21:00:00","PM2.5",774.2112,0,0,1120.708,738.7598,60.8814,68.7432,7.4266,NA,NA,0,69.27,0,0,1.9582,12.1047,0,0,0.9756,0,4.6605,NA,0,0,0,14.9924,NA,NA,0,NA,0,0,0,0,0,0,0,0,0.914,0,"1b","1b","1b","1b","1b","1b","1b","1b","3b","3b","1b","1b","1b","1b","1b","1b","1b","1b","1b","1b","1b","3b","1b","1b","1b","1b","3b","3b","1b","3b","1b","1b","1b","1b","1b","1b","1b","1b","1b","1b"
"2021-09-01 22:00:00","PM10",NA,225.9851,0,1269.4557,2873.6419,140.1981,272.8228,22.1554,0.8473,NA,2.2615,239.0708,0,0,2.8929,15.9307,0,0,1.0819,0,6.1435,1.6041,0,0,0,16.3325,NA,0,0,NA,0,NA,0,0,0,0,0,0,1.0581,0,"3b","1b","1b","1b","1b","1b","1b","1b","1b","3b","1b","1b","1b","1b","1b","1b","1b","1b","1b","1b","1b","1b","1b","1b","1b","1b","3b","1b","1b","3b","1b","3b","1b","1b","1b","1b","1b","1b","1b","1b"
"2021-09-01 23:00:00","PM2.5",0,NA,0,1157.9266,646.7078,69.8868,83.5692,7.4306,NA,NA,0,68.9511,0,0,1.9114,7.0001,0,0,0.6912,NA,4.4065,NA,0,0,0,14.7847,NA,NA,NA,NA,NA,NA,0,0,0,0,NA,0,0,0,"1b","3b","1b","1b","1b","1b","1b","1b","3b","3b","1b","1b","1b","1b","1b","1b","1b","1b","1b","3b","1b","3b","1b","1b","1b","1b","3b","3b","3b","3b","3b","3b","1b","1b","1b","1b","3b","1b","1b","1b"
"2021-09-02 00:30:00","PM10",NA,NA,0,917.1376,717.1923,82.4474,300.8458,8.0933,0,NA,3.2276,177.1224,0,0,1.3834,7.3752,NA,0,1.0652,NA,3.5638,NA,0,0,0,0,0,0,0.287,0,NA,0,0,0,0,0,0,0,6.6289,0,"3b","3b","1b","1b","1b","1b","1b","1b","1b","3b","1b","1b","1b","1b","1b","1b","3b","1b","1b","3b","1b","3b","1b","1b","1b","1b","1b","1b","1b","1b","3b","1b","1b","1b","1b","1b","1b","1b","1b","1b"
"2021-09-02 01:00:00","PM2.5",NA,0,0,745.2595,122.5094,32.0004,35.0403,2.6606,NA,0,NA,39.849,0,0,NA,4.5997,0,0,0,0,2.5835,NA,0,0,0,12.2369,NA,0,0,0,0,NA,0,0,0,0,0,0,7.0931,0,"3b","1b","1b","1b","1b","1b","1b","1b","3b","1b","3b","1b","1b","1b","3b","1b","1b","1b","1b","1b","1b","3b","1b","1b","1b","1b","3b","1b","1b","1b","1b","3b","1b","1b","1b","1b","1b","1b","1b","1b"
"2021-09-02 02:00:00","PM10",623.9325,0,0,835.5187,1395.4557,69.2313,120.7901,3.5291,NA,0,1.3225,81.1171,0,0,0.6996,7.8064,0,0,1.0773,NA,4.8457,NA,0,0,0,9.4419,0,0,0,NA,NA,NA,0,0,0,0,0,0,2.5829,0,"1b","1b","1b","1b","1b","1b","1b","1b","3b","1b","1b","1b","1b","1b","1b","1b","1b","1b","1b","3b","1b","3b","1b","1b","1b","1b","1b","1b","1b","3b","3b","3b","1b","1b","1b","1b","1b","1b","1b","1b"
"2021-09-02 03:00:00","PM2.5",NA,0,0,725.7123,216.1831,31.8236,29.1875,NA,NA,0,0,21.2019,0,0,0.5625,8.5501,0,0,0.4792,0,3.7652,NA,0,0,0,11.3572,NA,0,0,0,NA,0,NA,0,0,0,0,0,0,0,"3b","1b","1b","1b","1b","1b","1b","3b","3b","1b","1b","1b","1b","1b","1b","1b","1b","1b","1b","1b","1b","3b","1b","1b","1b","1b","3b","1b","1b","1b","3b","1b","3b","1b","1b","1b","1b","1b","1b","1b"
"2021-09-02 04:00:00","PM10",0,0,0,2137.6031,669.5252,88.115,136.1814,1.7678,0,NA,2.223,130.5476,0,0,1.3283,11.5326,0,0,0.6218,NA,6.2184,NA,0,0,0,19.3218,NA,0,0,NA,NA,NA,NA,0,0,0,0,0,2.0077,0,"1b","1b","1b","1b","1b","1b","1b","1b","1b","3b","1b","1b","1b","1b","1b","1b","1b","1b","1b","3b","1b","3b","1b","1b","1b","1b","3b","1b","1b","3b","3b","3b","3b","1b","1b","1b","1b","1b","1b","1b"
"2021-09-02 05:00:00","PM2.5",NA,0,0,1177.7379,80.1078,34.02,38.7439,NA,NA,0,0,36.9991,0,NA,1.1189,10.2251,0,0,NA,NA,4.8734,NA,0,0,0,15.9663,NA,NA,0,NA,NA,0,0,0,0,0,0,0,0,0,"3b","1b","1b","1b","1b","1b","1b","3b","3b","1b","1b","1b","1b","3b","1b","1b","1b","1b","3b","3b","1b","3b","1b","1b","1b","1b","3b","3b","1b","3b","3b","1b","1b","1b","1b","1b","1b","1b","1b","1b"
"2021-09-02 06:00:00","PM10",926.7499,NA,0,1027.4228,1098.5358,89.4302,276.9531,12.8286,NA,1.2973,1.6688,269.5549,0,0,7.6021,35.8816,0,0,0.4404,NA,4.7832,2.1589,0,0,0,10.0276,NA,NA,0,NA,NA,NA,3.6376,0,0,0,0,0,2.5223,0,"1b","3b","1b","1b","1b","1b","1b","1b","3b","1b","1b","1b","1b","1b","1b","1b","1b","1b","1b","3b","1b","1b","1b","1b","1b","1b","3b","3b","1b","3b","3b","3b","1b","1b","1b","1b","1b","1b","1b","1b"
"2021-09-02 07:00:00","PM2.5",0,0.037,0,1173.7451,70.4209,57.0985,84.7565,4.7843,NA,NA,1.5682,142.6589,NA,0,4.015,12.0203,0,0,1.041,NA,3.3057,NA,0,0,0,8.9929,0,NA,NA,NA,NA,NA,NA,0,0,0,0,0,0,0,"1b","1b","1b","1b","1b","1b","1b","1b","3b","3b","1b","1b","3b","1b","1b","1b","1b","1b","1b","3b","1b","3b","1b","1b","1b","1b","1b","3b","3b","3b","3b","3b","3b","1b","1b","1b","1b","1b","1b","1b"
"2021-09-02 08:00:00","PM10",NA,306.4104,0,1070.6515,810.5998,122.1891,549.4909,19.3843,NA,0.9833,3.4042,395.1909,0,NA,7.925,18.9463,0,0,1.4297,NA,5.0975,NA,0,0,0,NA,NA,NA,0,NA,0,0,4.3023,0,0,0,0,0,1.8675,0,"3b","1b","1b","1b","1b","1b","1b","1b","3b","1b","1b","1b","1b","3b","1b","1b","1b","1b","1b","3b","1b","3b","1b","1b","1b","3b","3b","3b","1b","3b","1b","1b","1b","1b","1b","1b","1b","1b","1b","1b"
"2021-09-02 09:00:00","PM2.5",0,0,0,659.1441,148.7339,45.5781,63.6487,2.9508,NA,0,NA,76.8167,NA,NA,2.3612,10.5713,0,0,1.0422,NA,2.2125,NA,0,0,0,13.7501,0,NA,0,NA,NA,NA,0,0,0,0,0,0,0,0,"1b","1b","1b","1b","1b","1b","1b","1b","3b","1b","3b","1b","3b","3b","1b","1b","1b","1b","1b","3b","1b","3b","1b","1b","1b","1b","1b","3b","1b","3b","3b","3b","1b","1b","1b","1b","1b","1b","1b","1b"
"2021-09-02 10:00:00","PM10",NA,337.8456,0,800.1383,1068.5972,102.3306,406.2821,12.8522,NA,1.0249,3.431,269.2077,NA,0,5.5122,20.9003,0,0,NA,NA,5.0039,1.519,0,0,0,NA,NA,NA,0,0,0,0,NA,0,0,0,0,0,2.5323,0,"3b","1b","1b","1b","1b","1b","1b","1b","3b","1b","1b","1b","3b","1b","1b","1b","1b","1b","3b","3b","1b","1b","1b","1b","1b","3b","3b","3b","1b","1b","1b","1b","3b","1b","1b","1b","1b","1b","1b","1b"
"2021-09-02 11:00:00","PM2.5",NA,NA,0,613.4566,276.6295,55.6424,90.3535,3.7599,NA,0,NA,92.6367,NA,0,2.447,13.6885,0,0,1.5012,NA,4.3576,0,0,0,0,NA,NA,NA,0,NA,NA,NA,0,0,NA,0,0,0,NA,0,"3b","3b","1b","1b","1b","1b","1b","1b","3b","1b","3b","1b","3b","1b","1b","1b","1b","1b","1b","3b","1b","1b","1b","1b","1b","3b","3b","3b","1b","3b","3b","3b","1b","1b","3b","1b","1b","1b","3b","1b"
"2021-09-02 12:00:00","PM10",NA,263.2553,0,773.0382,1172.7845,119.4777,362.6547,16.786,NA,NA,2.9599,256.005,0,0.0105,4.7329,18.5216,0,0,1.9074,0,5.6516,NA,0,0,0,13.9877,NA,0,0,0,NA,0,0,0,0,0,0,0,0.8289,0,"3b","1b","1b","1b","1b","1b","1b","1b","3b","3b","1b","1b","1b","1b","1b","1b","1b","1b","1b","1b","1b","3b","1b","1b","1b","1b","3b","1b","1b","1b","3b","1b","1b","1b","1b","1b","1b","1b","1b","1b"
"2021-09-02 13:00:00","PM2.5",NA,0,0,713.2708,279.9054,66.3469,128.2634,8.4146,NA,0,1.013,108.5698,0,0,2.1235,13.5667,0,0,0.7305,NA,5.1174,NA,0,0,0,10.4739,0,0,0,0,NA,0,0,0,0,0,0,0,0,0,"3b","1b","1b","1b","1b","1b","1b","1b","3b","1b","1b","1b","1b","1b","1b","1b","1b","1b","1b","3b","1b","3b","1b","1b","1b","1b","1b","1b","1b","1b","3b","1b","1b","1b","1b","1b","1b","1b","1b","1b"
"2021-09-02 14:00:00","PM10",0,318.5822,0,755.6535,1252.5328,128.078,514.5434,15.4044,NA,NA,2.8428,264.5776,NA,NA,5.0062,16.1955,0,0,1.2448,NA,3.8395,NA,0,0,0,21.4595,0,NA,0,NA,NA,NA,NA,0,0,0,0,0,NA,0,"1b","1b","1b","1b","1b","1b","1b","1b","3b","3b","1b","1b","3b","3b","1b","1b","1b","1b","1b","3b","1b","3b","1b","1b","1b","1b","1b","3b","1b","3b","3b","3b","3b","1b","1b","1b","1b","1b","3b","1b"
"2021-09-02 15:00:00","PM2.5",NA,0,0,819.6904,271.2539,51.5925,97.8402,3.3043,0,NA,NA,75.3379,0,NA,1.8153,6.068,0,0,0.6118,NA,3.6251,NA,0,0,0,NA,NA,0,0,NA,NA,NA,0,0,0,0,0,0,2.2204,0,"3b","1b","1b","1b","1b","1b","1b","1b","1b","3b","3b","1b","1b","3b","1b","1b","1b","1b","1b","3b","1b","3b","1b","1b","1b","3b","3b","1b","1b","3b","3b","3b","1b","1b","1b","1b","1b","1b","1b","1b"
"2021-09-02 16:00:00","PM10",0,541.4035,0,890.9498,1496.7807,140.0362,505.6256,16.7065,0,NA,2.674,284.5936,0,0.0073,4.099,8.4774,0,0,0.7493,NA,3.9569,NA,0,0,0,19.0607,0,0,0,0,0,0,NA,0,0,0,0,0,0.9613,0,"1b","1b","1b","1b","1b","1b","1b","1b","1b","3b","1b","1b","1b","1b","1b","1b","1b","1b","1b","3b","1b","3b","1b","1b","1b","1b","1b","1b","1b","1b","1b","1b","3b","1b","1b","1b","1b","1b","1b","1b"
"2021-09-02 17:00:00","PM2.5",NA,0,0,637.8963,493.8946,56.3186,91.9262,5.1624,0,NA,0,83.1908,0,NA,1.4193,5.4487,0,0,NA,0,3.4737,NA,0,0,0,15.2164,NA,NA,0,NA,NA,0,NA,0,0,0,0,0,0.9325,0,"3b","1b","1b","1b","1b","1b","1b","1b","1b","3b","1b","1b","1b","3b","1b","1b","1b","1b","3b","1b","1b","3b","1b","1b","1b","1b","3b","3b","1b","3b","3b","1b","3b","1b","1b","1b","1b","1b","1b","1b"
"2021-09-02 18:00:00","PM10",0,466.5472,0,842.3141,2271.3105,171.6055,468.2195,36.8696,1.4,0.8941,2.8455,306.057,0,0,5.7639,13.5891,0,0,0.8782,NA,7.3147,2.9921,0,0,0,NA,0,0,0,NA,NA,0,NA,0,NA,0,0,0,2.0287,0,"1b","1b","1b","1b","1b","1b","1b","1b","1b","1b","1b","1b","1b","1b","1b","1b","1b","1b","1b","3b","1b","1b","1b","1b","1b","3b","1b","1b","1b","3b","3b","1b","3b","1b","3b","1b","1b","1b","1b","1b"
"2021-09-02 19:00:00","PM2.5",NA,0,0,797.0784,867.5421,88.4846,80.8715,7.4045,0,NA,NA,73.1746,0,NA,2.1083,6.2131,0,0,0.965,0,7.0211,NA,0,0,0,NA,0,NA,0,NA,NA,NA,NA,0,0,0,0,0,0,0,"3b","1b","1b","1b","1b","1b","1b","1b","1b","3b","3b","1b","1b","3b","1b","1b","1b","1b","1b","1b","1b","3b","1b","1b","1b","3b","1b","3b","1b","3b","3b","3b","3b","1b","1b","1b","1b","1b","1b","1b"
"2021-09-02 20:00:00","PM10",NA,NA,0,885.358,2706.901,133.022,281.1908,8.2562,NA,0,0.8882,152.545,0,NA,2.9803,5.6343,0,0,0.446,NA,8.0215,2.1157,0,0,0,12.9551,NA,0,0,NA,NA,0,0,0,0,0,NA,0,0,0,"3b","3b","1b","1b","1b","1b","1b","1b","3b","1b","1b","1b","1b","3b","1b","1b","1b","1b","1b","3b","1b","1b","1b","1b","1b","1b","3b","1b","1b","3b","3b","1b","1b","1b","1b","1b","3b","1b","1b","1b"
"2021-09-02 21:00:00","PM2.5",0,0,0,762.5443,1044.1956,64.5562,70.9563,2.1602,0,0.0018,NA,57.5263,0,0,1.1353,2.8636,0,0,NA,NA,6.9046,NA,0,0,0,18.2519,0,0,0,NA,0,NA,NA,0,0,0,0,0,0,0,"1b","1b","1b","1b","1b","1b","1b","1b","1b","1b","3b","1b","1b","1b","1b","1b","1b","1b","3b","3b","1b","3b","1b","1b","1b","1b","1b","1b","1b","3b","1b","3b","3b","1b","1b","1b","1b","1b","1b","1b"
"2021-09-02 22:00:00","PM10",NA,NA,0,939.6923,3096.8665,146.381,201.6414,8.7339,0,NA,NA,151.3131,0,0,2.2213,4.046,0,0,NA,NA,9.033,2.9408,0,0,0,17.2338,NA,0,0,NA,NA,NA,0,0,0,0,0,0,0,0,"3b","3b","1b","1b","1b","1b","1b","1b","1b","3b","3b","1b","1b","1b","1b","1b","1b","1b","3b","3b","1b","1b","1b","1b","1b","1b","3b","1b","1b","3b","3b","3b","1b","1b","1b","1b","1b","1b","1b","1b"
"2021-09-02 23:00:00","PM2.5",NA,NA,0,857.586,987.549,74.0575,82.4514,3.9804,0,NA,NA,58.8136,0,0,1.3231,4.5517,0,0,NA,NA,7.4348,NA,NA,0,0,14.2315,0,NA,0,NA,NA,NA,0.0329,0,0,0,0,0,NA,0,"3b","3b","1b","1b","1b","1b","1b","1b","1b","3b","3b","1b","1b","1b","1b","1b","1b","1b","3b","3b","1b","3b","3b","1b","1b","1b","1b","3b","1b","3b","3b","3b","1b","1b","1b","1b","1b","1b","3b","1b"
"2021-09-03 00:30:00","PM10",NA,0,0,968.8108,3036.237,115.6409,215.7542,9.4115,0,0,0,108.9127,0,0,1.1294,4.7588,0,0,0,NA,7.5553,NA,0,0,0,26.7505,0,0,0,0,NA,NA,0,0,0,0,0,0,0,0,"3b","1b","1b","1b","1b","1b","1b","1b","1b","1b","1b","1b","1b","1b","1b","1b","1b","1b","1b","3b","1b","3b","1b","1b","1b","1b","1b","1b","1b","1b","3b","3b","1b","1b","1b","1b","1b","1b","1b","1b"
"2021-09-03 01:00:00","PM2.5",NA,0,0,839.6922,631.2847,54.423,58.5498,4.803,NA,0,0,34.5641,NA,NA,0.8756,4.5552,0,0,0.4341,NA,5.9912,NA,0,0,0,15.633,0.0393,NA,0,0,NA,NA,0,0,0,0,NA,0,0,0,"3b","1b","1b","1b","1b","1b","1b","1b","3b","1b","1b","1b","3b","3b","1b","1b","1b","1b","1b","3b","1b","3b","1b","1b","1b","1b","1b","3b","1b","1b","3b","3b","1b","1b","1b","1b","3b","1b","1b","1b"
"2021-09-03 02:00:00","PM10",NA,NA,0,1003.441,2583.8762,122.009,185.7038,8.2529,0,0,NA,91.7417,0,NA,0.9824,4.2411,0,0,NA,NA,7.4491,2.4254,0,0,0,13.3848,NA,NA,0,NA,0,NA,0,0,0,0,0,0,0,0,"3b","3b","1b","1b","1b","1b","1b","1b","1b","1b","3b","1b","1b","3b","1b","1b","1b","1b","3b","3b","1b","1b","1b","1b","1b","1b","3b","3b","1b","3b","1b","3b","1b","1b","1b","1b","1b","1b","1b","1b"
"2021-09-03 03:00:00","PM2.5",NA,NA,0,898.2259,439.344,52.2449,58.4989,4.185,0,0,NA,39.8119,0,0,0.5447,3.565,0,0,0,NA,5.7593,NA,0,0,0,19.5602,0,NA,0,NA,NA,NA,0,0,0,0,0,0,NA,0,"3b","3b","1b","1b","1b","1b","1b","1b","1b","1b","3b","1b","1b","1b","1b","1b","1b","1b","1b","3b","1b","3b","1b","1b","1b","1b","1b","3b","1b","3b","3b","3b","1b","1b","1b","1b","1b","1b","3b","1b"
"2021-09-03 04:00:00","PM10",NA,NA,0,1146.0595,2313.5789,106.2626,192.906,11.5913,NA,0.7517,1.7774,126.6426,0,NA,1.6755,5.1239,0,0,NA,0.6184,7.709,2.1197,0,0,0,11.6497,NA,NA,0,NA,0,0,NA,0,0,0,0,0,0,0,"3b","3b","1b","1b","1b","1b","1b","1b","3b","1b","1b","1b","1b","3b","1b","1b","1b","1b","3b","1b","1b","1b","1b","1b","1b","1b","3b","3b","1b","3b","1b","1b","3b","1b","1b","1b","1b","1b","1b","1b"
"2021-09-03 05:00:00","PM2.5",755.029,0,0,926.5768,366.7565,50.1625,54.3783,6.0694,NA,NA,0,63.5382,NA,0,1.7923,3.1432,0,0,NA,NA,4.7173,NA,0,0,0,17.1942,NA,0,0,NA,0,0,NA,0,0.006,0,0,0,0,0,"1b","1b","1b","1b","1b","1b","1b","1b","3b","3b","1b","1b","3b","1b","1b","1b","1b","1b","3b","3b","1b","3b","1b","1b","1b","1b","3b","1b","1b","3b","1b","1b","3b","1b","1b","1b","1b","1b","1b","1b"
"2021-09-03 06:00:00","PM10",NA,177.8707,0,1089.3431,1948.1449,117.074,332.7094,16.8427,NA,NA,2.1725,263.617,0,NA,6.1356,8.0306,0,0,0.4935,NA,7.1242,NA,0,0,0,10.3737,0,NA,0,0,NA,NA,NA,0,0,0,0,0,0,0,"3b","1b","1b","1b","1b","1b","1b","1b","3b","3b","1b","1b","1b","3b","1b","1b","1b","1b","1b","3b","1b","3b","1b","1b","1b","1b","1b","3b","1b","1b","3b","3b","3b","1b","1b","1b","1b","1b","1b","1b"
"2021-09-03 07:00:00","PM2.5",NA,NA,0,872.6452,167.8367,49.3501,120.9175,7.0823,0,NA,2.0111,144.4486,0,0,3.6868,7.8027,0,0,0.5941,NA,4.6434,NA,0,0,0,14.666,NA,NA,0,NA,NA,NA,0,0,0.0079,0,0,0,0,0,"3b","3b","1b","1b","1b","1b","1b","1b","1b","3b","1b","1b","1b","1b","1b","1b","1b","1b","1b","3b","1b","3b","1b","1b","1b","1b","3b","3b","1b","3b","3b","3b","1b","1b","1b","1b","1b","1b","1b","1b"
"2021-09-03 08:00:00","PM10",0,611.3407,0,1044.5245,1259.1502,126.3948,574.4878,23.0706,1.352,1.1957,6.8629,425.5499,0,NA,8.5475,11.9233,0,0,0.9634,NA,6.0166,NA,0,NA,0,23.7869,NA,NA,0,NA,0,NA,3.3769,0,0,0,0,0,0,0,"1b","1b","1b","1b","1b","1b","1b","1b","1b","1b","1b","1b","1b","3b","1b","1b","1b","1b","1b","3b","1b","3b","1b","3b","1b","1b","3b","3b","1b","3b","1b","3b","1b","1b","1b","1b","1b","1b","1b","1b"
"2021-09-03 09:00:00","PM2.5",NA,NA,0,858.9518,244.0761,52.7649,118.0696,9.6361,0,NA,1.1248,122.2402,NA,0,4.4008,18.5834,0,0,0.6945,NA,4.4747,NA,0,0,0,12.1527,0,0,0,NA,NA,0,0,0,NA,0,0,0,2.6635,0,"3b","3b","1b","1b","1b","1b","1b","1b","1b","3b","1b","1b","3b","1b","1b","1b","1b","1b","1b","3b","1b","3b","1b","1b","1b","1b","1b","1b","1b","3b","3b","1b","1b","1b","3b","1b","1b","1b","1b","1b"
"2021-09-03 10:00:00","PM10",NA,427.1448,0,1058.6807,1389.9025,132.5788,557.4414,20.2876,0,1.0363,3.718,408.3147,0,NA,9.5118,24.1698,0,0,0.8734,NA,6.7596,NA,0,0,0,13.2924,NA,0,0,0,0,NA,4.1661,0,0,0,0,0,3.093,0,"3b","1b","1b","1b","1b","1b","1b","1b","1b","1b","1b","1b","1b","3b","1b","1b","1b","1b","1b","3b","1b","3b","1b","1b","1b","1b","3b","1b","1b","1b","1b","3b","1b","1b","1b","1b","1b","1b","1b","1b"
"2021-09-03 11:00:00","PM2.5",NA,NA,0,900.3404,240.8678,70.4897,122.5684,5.9715,0,NA,0.8524,131.1564,NA,NA,3.2091,10.0009,0,0,1.0137,NA,5.7899,NA,0,0,0,13.9417,NA,NA,NA,NA,NA,NA,NA,0,0,0,0,0,2.1056,0,"3b","3b","1b","1b","1b","1b","1b","1b","1b","3b","1b","1b","3b","3b","1b","1b","1b","1b","1b","3b","1b","3b","1b","1b","1b","1b","3b","3b","3b","3b","3b","3b","3b","1b","1b","1b","1b","1b","1b","1b"
"2021-09-03 12:00:00","PM10",NA,346.0635,0,1076.0874,1475.1506,161.2491,440.4516,15.2168,NA,0.8599,3.5959,315.0794,0,NA,10.2563,24.1278,0,0,2.5757,NA,7.7402,2.2987,0,0,0,15.9424,NA,NA,0,NA,NA,NA,NA,0,0,0,0,0,NA,0,"3b","1b","1b","1b","1b","1b","1b","1b","3b","1b","1b","1b","1b","3b","1b","1b","1b","1b","1b","3b","1b","1b","1b","1b","1b","1b","3b","3b","1b","3b","3b","3b","3b","1b","1b","1b","1b","1b","3b","1b"
"2021-09-03 13:00:00","PM2.5",NA,0,0,903.6121,278.0687,106.3705,94.541,2.7237,NA,NA,NA,89.1697,NA,NA,1.8552,25.767,0,0,3.7467,NA,6.6751,NA,0,0,0,NA,NA,0,0,0,NA,NA,0,0,NA,0,0,0,NA,0,"3b","1b","1b","1b","1b","1b","1b","1b","3b","3b","3b","1b","3b","3b","1b","1b","1b","1b","1b","3b","1b","3b","1b","1b","1b","3b","3b","1b","1b","1b","3b","3b","1b","1b","3b","1b","1b","1b","3b","1b"
"2021-09-03 14:00:00","PM10",0,436.7789,0,1027.6954,1319.5541,165.4554,494.6359,18.9944,NA,1.2935,2.6023,308.9783,0,NA,6.5168,14.7491,0,0,2.1012,NA,7.903,2.1431,0,0,0,10.3257,NA,NA,0,0,NA,NA,NA,0,0,0,0,0,0.8164,0,"1b","1b","1b","1b","1b","1b","1b","1b","3b","1b","1b","1b","1b","3b","1b","1b","1b","1b","1b","3b","1b","1b","1b","1b","1b","1b","3b","3b","1b","1b","3b","3b","3b","1b","1b","1b","1b","1b","1b","1b"
"2021-09-03 15:00:00","PM2.5",679.9953,NA,0,894.1773,193.2684,72.8821,99.3173,2.0474,NA,0,NA,85.1379,0,0,1.9716,7.5408,0,0,1.0597,0,6.4848,NA,0,0,0,14.2146,NA,NA,0,0,NA,NA,NA,0,0,0,0,0,1.1376,0,"1b","3b","1b","1b","1b","1b","1b","1b","3b","1b","3b","1b","1b","1b","1b","1b","1b","1b","1b","1b","1b","3b","1b","1b","1b","1b","3b","3b","1b","1b","3b","3b","3b","1b","1b","1b","1b","1b","1b","1b"
"2021-09-03 16:00:00","PM10",NA,326.6049,0,958.6349,1138.4377,159.7729,378.7738,15.124,NA,NA,3.0509,306.2495,0,NA,5.7742,10.0276,0,0,1.0748,NA,7.6495,2.3011,0,0,NA,10.5382,0,NA,0,0,NA,0,NA,0,0,0,0,0,0.8938,0,"3b","1b","1b","1b","1b","1b","1b","1b","3b","3b","1b","1b","1b","3b","1b","1b","1b","1b","1b","3b","1b","1b","1b","1b","3b","1b","1b","3b","1b","1b","3b","1b","3b","1b","1b","1b","1b","1b","1b","1b"
"2021-09-03 17:00:00","PM2.5",NA,0,0,843.003,148.9356,71.4032,78.5586,3.0881,NA,NA,NA,91.0571,0,0,2.0453,5.4591,0,0,1.075,0,6.7064,NA,0,0,0,NA,NA,NA,0,NA,0,NA,0,0,0,0,0,0,0,0,"3b","1b","1b","1b","1b","1b","1b","1b","3b","3b","3b","1b","1b","1b","1b","1b","1b","1b","1b","1b","1b","3b","1b","1b","1b","3b","3b","3b","1b","3b","1b","3b","1b","1b","1b","1b","1b","1b","1b","1b"
"2021-09-03 18:00:00","PM10",NA,553.7944,0,1052.2853,866.5359,166.5324,370.6744,14.7617,NA,NA,2.934,322.4148,0,0,5.4257,15.1104,0,0,0.9404,NA,6.6918,1.4594,0,0,0,15.391,NA,NA,0,0,0,NA,NA,0,0,0,0,0,NA,0,"3b","1b","1b","1b","1b","1b","1b","1b","3b","3b","1b","1b","1b","1b","1b","1b","1b","1b","1b","3b","1b","1b","1b","1b","1b","1b","3b","3b","1b","1b","1b","3b","3b","1b","1b","1b","1b","1b","3b","1b"
"2021-09-03 19:00:00","PM2.5",NA,0,0,725.8116,106.6692,66.8275,69.8067,3.9409,NA,NA,0,89.4154,0,NA,2.8499,5.4801,0,0,NA,0,4.4869,NA,0,0,0,NA,NA,NA,0,NA,NA,NA,0,0,0,0,0,0,0,0,"3b","1b","1b","1b","1b","1b","1b","1b","3b","3b","1b","1b","1b","3b","1b","1b","1b","1b","3b","1b","1b","3b","1b","1b","1b","3b","3b","3b","1b","3b","3b","3b","1b","1b","1b","1b","1b","1b","1b","1b"
"2021-09-03 20:00:00","PM10",NA,199.6377,0,749.317,901.4199,156.0039,273.7542,13.9023,NA,NA,2.1423,260.5868,0,0,6.0735,16.9464,0,0,1.3114,NA,6.0751,NA,0,0,0,NA,NA,0,0,0,0,0,NA,0,0,0,0,0,NA,0,"3b","1b","1b","1b","1b","1b","1b","1b","3b","3b","1b","1b","1b","1b","1b","1b","1b","1b","1b","3b","1b","3b","1b","1b","1b","3b","3b","1b","1b","1b","1b","1b","3b","1b","1b","1b","1b","1b","3b","1b"
"2021-09-03 21:00:00","PM2.5",NA,0,0,579.0681,166.8932,80.1056,53.7061,1.8234,NA,0,NA,65.4733,0,NA,1.619,13.5633,0,0,1.3451,0,4.5572,NA,0,0,0,14.3435,0,0,0,NA,NA,0,NA,0,0,0,0,0,0,0,"3b","1b","1b","1b","1b","1b","1b","1b","3b","1b","3b","1b","1b","3b","1b","1b","1b","1b","1b","1b","1b","3b","1b","1b","1b","1b","1b","1b","1b","3b","3b","1b","3b","1b","1b","1b","1b","1b","1b","1b"
"2021-09-03 22:00:00","PM10",NA,NA,0,636.3913,870.7169,105.1923,156.9916,4.3741,0,NA,0.8738,145.0977,0,0,3.1499,5.6812,0,0,NA,NA,5.7161,NA,0,0,0,13.3386,0,0,0,0,0,NA,NA,0,0,0,0,0,0,0,"3b","3b","1b","1b","1b","1b","1b","1b","1b","3b","1b","1b","1b","1b","1b","1b","1b","1b","3b","3b","1b","3b","1b","1b","1b","1b","1b","1b","1b","1b","1b","3b","3b","1b","1b","1b","1b","1b","1b","1b"
"2021-09-03 23:00:00","PM2.5",NA,0,0,551.0494,166.1616,88.1272,39.1185,0,NA,NA,NA,54.8154,NA,0,1.4503,10.0676,0,0,0.5764,NA,4.687,NA,0,0,0,NA,0,NA,0,NA,NA,NA,NA,0,0,0,0,0,0,0,"3b","1b","1b","1b","1b","1b","1b","1b","3b","3b","3b","1b","3b","1b","1b","1b","1b","1b","1b","3b","1b","3b","1b","1b","1b","3b","1b","3b","1b","3b","3b","3b","3b","1b","1b","1b","1b","1b","1b","1b"
"2021-09-04 00:30:00","PM10",0,0,0,609.4873,887.0864,121.1173,161.3811,4.6216,0.0114,NA,NA,138.3586,0,0,2.4914,6.7078,0,0,NA,NA,5.4025,NA,0,0,0,22.2264,NA,NA,0,0,NA,NA,0,0,0,0,0,0,0,0,"1b","1b","1b","1b","1b","1b","1b","1b","1b","3b","3b","1b","1b","1b","1b","1b","1b","1b","3b","3b","1b","3b","1b","1b","1b","1b","3b","3b","1b","1b","3b","3b","1b","1b","1b","1b","1b","1b","1b","1b"
"2021-09-04 01:00:00","PM2.5",751.812,0,0,510.1149,91.6938,70.697,34.3872,NA,0,0,0,34.7059,NA,NA,0.7163,4.4987,0,0,0.506,NA,5.0647,0,0,0,0,20.2903,NA,NA,0,0,NA,0,0,0,0,0,0,0,0,0,"1b","1b","1b","1b","1b","1b","1b","3b","1b","1b","1b","1b","3b","3b","1b","1b","1b","1b","1b","3b","1b","1b","1b","1b","1b","1b","3b","3b","1b","1b","3b","1b","1b","1b","1b","1b","1b","1b","1b","1b"
"2021-09-04 02:00:00","PM10",NA,NA,0,628.3776,788.3547,116.9346,121.802,3.2464,NA,0,NA,112.3862,0,0,1.2785,7.1133,0,0,0.4755,NA,6.6016,NA,0,0,0,12.1042,NA,NA,0,0,NA,0,NA,0,0,0,0,0,0,0,"3b","3b","1b","1b","1b","1b","1b","1b","3b","1b","3b","1b","1b","1b","1b","1b","1b","1b","1b","3b","1b","3b","1b","1b","1b","1b","3b","3b","1b","1b","3b","1b","3b","1b","1b","1b","1b","1b","1b","1b"
"2021-09-04 03:00:00","PM2.5",NA,0,0,504.3782,78.15,75.434,31.6498,NA,NA,0,0,32.867,0,0,0.5372,5.6289,0,0,0,NA,5.7081,0,0,0,0,NA,NA,0,0,NA,NA,0,0,0,0,0,0,0,NA,0,"3b","1b","1b","1b","1b","1b","1b","3b","3b","1b","1b","1b","1b","1b","1b","1b","1b","1b","1b","3b","1b","1b","1b","1b","1b","3b","3b","1b","1b","3b","3b","1b","1b","1b","1b","1b","1b","1b","3b","1b"
"2021-09-04 04:00:00","PM10",NA,0,0,583.0068,593.8541,110.5757,157.7893,6.1691,NA,NA,NA,111.825,0,0,1.7081,12.132,0,0,0.7946,NA,6.6288,NA,0,0,0,16.5827,NA,0,0,0,NA,NA,0,0,0,0,0,0,0,0,"3b","1b","1b","1b","1b","1b","1b","1b","3b","3b","3b","1b","1b","1b","1b","1b","1b","1b","1b","3b","1b","3b","1b","1b","1b","1b","3b","1b","1b","1b","3b","3b","1b","1b","1b","1b","1b","1b","1b","1b"
"2021-09-04 05:00:00","PM2.5",NA,0,0,577.2724,34.1774,88.097,39.9884,NA,NA,NA,0,50.2157,0,NA,1.7632,6.8062,0,0,0.569,0.5955,5.6435,NA,0,0,0,9.9598,0,0,0,0,NA,NA,0,0,0,0,0,0,NA,0,"3b","1b","1b","1b","1b","1b","1b","3b","3b","3b","1b","1b","1b","3b","1b","1b","1b","1b","1b","1b","1b","3b","1b","1b","1b","1b","1b","1b","1b","1b","3b","3b","1b","1b","1b","1b","1b","1b","3b","1b"
"2021-09-04 06:00:00","PM10",NA,NA,0,639.3163,585.6675,130.9872,219.7343,4.6962,0,NA,1.1605,190.0694,0,0,5.7334,10.1149,0,0,0.8578,0.7816,6.4292,2.0763,0,0,0,0,0,NA,0,0,0,NA,NA,0,0,0,0,0,0,0,"3b","3b","1b","1b","1b","1b","1b","1b","1b","3b","1b","1b","1b","1b","1b","1b","1b","1b","1b","1b","1b","1b","1b","1b","1b","1b","1b","3b","1b","1b","1b","3b","3b","1b","1b","1b","1b","1b","1b","1b"
"2021-09-04 07:00:00","PM2.5",NA,0,0,543.4431,79.5931,92.9522,69.3319,1.1792,0,NA,NA,81.6079,0,0,3.0874,6.4325,0,0,0.5539,0.4717,5.4218,NA,0,0,0,15.9716,NA,0,0,0,0.0497,0,NA,0,0,0,0,0,0,0,"3b","1b","1b","1b","1b","1b","1b","1b","1b","3b","3b","1b","1b","1b","1b","1b","1b","1b","1b","1b","1b","3b","1b","1b","1b","1b","3b","1b","1b","1b","1b","1b","3b","1b","1b","1b","1b","1b","1b","1b"
"2021-09-04 08:00:00","PM10",NA,NA,0,547.5529,756.0591,145.1817,266.5781,5.5694,0,NA,1.242,152.9732,0,0,3.6028,7.6327,0,0,0.6038,NA,7.4838,NA,0,0,0,14.7362,NA,0,0,NA,NA,NA,NA,0,0,0,0,0,0,0,"3b","3b","1b","1b","1b","1b","1b","1b","1b","3b","1b","1b","1b","1b","1b","1b","1b","1b","1b","3b","1b","3b","1b","1b","1b","1b","3b","1b","1b","3b","3b","3b","3b","1b","1b","1b","1b","1b","1b","1b"
"2021-09-04 09:00:00","PM2.5",NA,0,0,482.494,70.4452,93.3453,51.6672,1.6212,0,NA,0,50.602,0,0,1.7125,5.0971,0,0,0.6914,NA,6.341,NA,0,0,0,14.4731,NA,0,0,NA,NA,0,0,0,0,0,0,0,0,0,"3b","1b","1b","1b","1b","1b","1b","1b","1b","3b","1b","1b","1b","1b","1b","1b","1b","1b","1b","3b","1b","3b","1b","1b","1b","1b","3b","1b","1b","3b","3b","1b","1b","1b","1b","1b","1b","1b","1b","1b"
"2021-09-04 10:00:00","PM10",NA,NA,0,618.7596,879.9495,131.4312,162.1071,5.4126,0,NA,1.2662,112.9301,0,NA,3.1997,5.657,0,0,0.6152,NA,7.6343,NA,0,0,0,11.4463,NA,NA,0,0,NA,NA,0,0,0,0,0,0,0,0,"3b","3b","1b","1b","1b","1b","1b","1b","1b","3b","1b","1b","1b","3b","1b","1b","1b","1b","1b","3b","1b","3b","1b","1b","1b","1b","3b","3b","1b","1b","3b","3b","1b","1b","1b","1b","1b","1b","1b","1b"
"2021-09-04 11:00:00","PM2.5",NA,0,0,697.9016,44.4287,97.4477,47.1555,1.6102,NA,NA,0,57.3265,0,NA,2.1588,5.632,0,0,0.4342,0,7.2539,NA,0,0,0,NA,NA,NA,0,NA,0,NA,0,0,0,0,0,0,1.8075,0,"3b","1b","1b","1b","1b","1b","1b","1b","3b","3b","1b","1b","1b","3b","1b","1b","1b","1b","1b","1b","1b","3b","1b","1b","1b","3b","3b","3b","1b","3b","1b","3b","1b","1b","1b","1b","1b","1b","1b","1b"
"2021-09-04 12:00:00","PM10",0,NA,0,847.7213,718.3889,162.2672,232.7955,6.9817,0,NA,1.7409,229.5812,0,0,5.4916,12.2372,0,0,NA,NA,7.1886,NA,0,NA,0,15.2739,NA,NA,0,0,NA,0,NA,0,0,0,0,0,5.0604,0,"1b","3b","1b","1b","1b","1b","1b","1b","1b","3b","1b","1b","1b","1b","1b","1b","1b","1b","3b","3b","1b","3b","1b","3b","1b","1b","3b","3b","1b","1b","3b","1b","3b","1b","1b","1b","1b","1b","1b","1b"
"2021-09-04 13:00:00","PM2.5",NA,0,0,727.6291,0,98.5509,51.3227,2.0174,0,NA,NA,73.0188,0,NA,2.4516,10.6682,0,0,1.999,NA,5.9063,NA,0,0,0,10.6862,NA,0,0,0,0,0,NA,0,0,0,0,0,2.5383,0,"3b","1b","1b","1b","1b","1b","1b","1b","1b","3b","3b","1b","1b","3b","1b","1b","1b","1b","1b","3b","1b","3b","1b","1b","1b","1b","3b","1b","1b","1b","1b","1b","3b","1b","1b","1b","1b","1b","1b","1b"
"2021-09-04 14:00:00","PM10",0,219.7151,0,946.0339,288.7536,178.6199,250.5461,14.6498,NA,0.7315,2.1451,247.2942,0,NA,5.5986,27.3496,0,0,1.6078,NA,7.2672,NA,0,0,0,12.4073,NA,NA,0,0,0,0,NA,0,0,0,0,0,15.0754,0,"1b","1b","1b","1b","1b","1b","1b","1b","3b","1b","1b","1b","1b","3b","1b","1b","1b","1b","1b","3b","1b","3b","1b","1b","1b","1b","3b","3b","1b","1b","1b","1b","3b","1b","1b","1b","1b","1b","1b","1b"
"2021-09-04 15:00:00","PM2.5",0,0,0,770.527,0,86.6646,55.303,1.5802,NA,NA,0.907,92.2664,0,0,2.7565,10.0572,0,0,2.0182,NA,6.6584,NA,0,0,0,NA,0,0,0,NA,NA,NA,NA,0,0,0,0,0,18.9861,0,"1b","1b","1b","1b","1b","1b","1b","1b","3b","3b","1b","1b","1b","1b","1b","1b","1b","1b","1b","3b","1b","3b","1b","1b","1b","3b","1b","1b","1b","3b","3b","3b","3b","1b","1b","1b","1b","1b","1b","1b"
"2021-09-04 16:00:00","PM10",0,186.6968,0,1144.6894,67.7048,147.533,265.2433,10.7527,0.7645,0.6692,3.0464,292.1663,0,NA,7.7054,11.618,0,0,1.014,NA,8.0154,NA,0,0,0,15.3187,0,NA,0,NA,NA,0,NA,0,0,0,0,0,23.2553,0,"1b","1b","1b","1b","1b","1b","1b","1b","1b","1b","1b","1b","1b","3b","1b","1b","1b","1b","1b","3b","1b","3b","1b","1b","1b","1b","1b","3b","1b","3b","3b","1b","3b","1b","1b","1b","1b","1b","1b","1b"
"2021-09-04 17:00:00","PM2.5",NA,0.1913,0,657.0077,0,88.4602,46.2396,NA,NA,NA,NA,111.3232,0,NA,3.304,8.1577,0,0,1.7029,NA,5.3354,NA,0,0,0,NA,NA,0,0,NA,0,NA,NA,0,0,0,0,0,0,0,"3b","1b","1b","1b","1b","1b","1b","3b","3b","3b","3b","1b","1b","3b","1b","1b","1b","1b","1b","3b","1b","3b","1b","1b","1b","3b","3b","1b","1b","3b","1b","3b","3b","1b","1b","1b","1b","1b","1b","1b"
"2021-09-04 18:00:00","PM10",0,242.6838,0,921.7052,25.9028,173.5802,238.6724,10.0789,NA,1.3877,4.9005,618.0452,0,0.0091,18.698,15.5494,0,0,1.5578,NA,6.6622,1.5716,0,NA,0,14.3155,NA,NA,0,NA,NA,NA,9.8338,0,0,0,0,0,5.4574,0,"1b","1b","1b","1b","1b","1b","1b","1b","3b","1b","1b","1b","1b","1b","1b","1b","1b","1b","1b","3b","1b","1b","1b","3b","1b","1b","3b","3b","1b","3b","3b","3b","1b","1b","1b","1b","1b","1b","1b","1b"
"2021-09-04 19:00:00","PM2.5",NA,0,0,522.5246,0,94.4879,55.9923,2.7393,NA,NA,NA,203.3083,0,NA,8.7794,13.3897,0,0,2.5329,0.4561,5.7128,NA,0,0,0,NA,NA,0,0,0,0,NA,3.7563,0,0,0,0,0,3.8701,0,"3b","1b","1b","1b","1b","1b","1b","1b","3b","3b","3b","1b","1b","3b","1b","1b","1b","1b","1b","1b","1b","3b","1b","1b","1b","3b","3b","1b","1b","1b","1b","3b","1b","1b","1b","1b","1b","1b","1b","1b"
"2021-09-04 20:00:00","PM10",0,385.8309,0,826.7861,263.8247,248.4697,361.4627,14.8835,0,1.0628,6.0248,709.4909,0,NA,29.4977,27.4816,0,0,2.8528,NA,12.5887,1.7037,0,NA,0,9.1019,NA,0,0,NA,0,NA,17.2531,0,0,0,0,0,7.4447,0,"1b","1b","1b","1b","1b","1b","1b","1b","1b","1b","1b","1b","1b","3b","1b","1b","1b","1b","1b","3b","1b","1b","1b","3b","1b","1b","3b","1b","1b","3b","1b","3b","1b","1b","1b","1b","1b","1b","1b","1b"
"2021-09-04 21:00:00","PM2.5",0,NA,0,563.3147,0,269.2353,56.8254,2.1037,NA,NA,NA,87.5037,0,0,2.6982,10.9569,0,0,2.4231,NA,5.8219,NA,0,0,0,13.8506,NA,NA,0,NA,NA,NA,NA,0,0,0,0,0,4.5636,0,"1b","3b","1b","1b","1b","1b","1b","1b","3b","3b","3b","1b","1b","1b","1b","1b","1b","1b","1b","3b","1b","3b","1b","1b","1b","1b","3b","3b","1b","3b","3b","3b","3b","1b","1b","1b","1b","1b","1b","1b"
"2021-09-04 22:00:00","PM10",NA,322.9805,0,568.9339,443.0845,325.3552,337.5549,8.6418,NA,NA,3.304,296.4951,NA,0,4.8998,13.6722,0,0,1.385,NA,4.9772,2.0531,0,0,0,NA,0,NA,0,NA,NA,NA,0,0,0,0,0,0,4.4924,0,"3b","1b","1b","1b","1b","1b","1b","1b","3b","3b","1b","1b","3b","1b","1b","1b","1b","1b","1b","3b","1b","1b","1b","1b","1b","3b","1b","3b","1b","3b","3b","3b","1b","1b","1b","1b","1b","1b","1b","1b"
"2021-09-04 23:00:00","PM2.5",NA,0,0,474.2459,0,142.0404,62.2135,2.9738,NA,NA,0,107.5926,0,NA,2.5588,10.5176,0,0,1.5334,0.7545,5.1832,0,0,0,0,25.3223,NA,NA,0,NA,NA,NA,0,0,0,0,NA,0,1.7722,0,"3b","1b","1b","1b","1b","1b","1b","1b","3b","3b","1b","1b","1b","3b","1b","1b","1b","1b","1b","1b","1b","1b","1b","1b","1b","1b","3b","3b","1b","3b","3b","3b","1b","1b","1b","1b","3b","1b","1b","1b"
"2021-09-05 00:30:00","PM10",NA,NA,0,758.7864,309.8851,214.907,369.6233,8.5158,NA,NA,2.0962,258.9698,0,0,5.0572,13.2916,0,0,3.7405,NA,5.9397,NA,0,0,0,29.5679,NA,0,0,0,NA,NA,NA,0,0,0,0,0,NA,0,"3b","3b","1b","1b","1b","1b","1b","1b","3b","3b","1b","1b","1b","1b","1b","1b","1b","1b","1b","3b","1b","3b","1b","1b","1b","1b","3b","1b","1b","1b","3b","3b","3b","1b","1b","1b","1b","1b","3b","1b"
"2021-09-05 01:00:00","PM2.5",NA,0,0,621.0493,0,110.0256,53.3086,1.6826,NA,0,NA,67.9884,NA,0,1.7707,8.3948,0,0,0.3731,NA,5.0233,NA,0,0,0,17.1807,NA,0,0,0,NA,NA,NA,0,0,0,0,0,3.8439,0,"3b","1b","1b","1b","1b","1b","1b","1b","3b","1b","3b","1b","3b","1b","1b","1b","1b","1b","1b","3b","1b","3b","1b","1b","1b","1b","3b","1b","1b","1b","3b","3b","3b","1b","1b","1b","1b","1b","1b","1b"
"2021-09-05 02:00:00","PM10",NA,NA,0,587.8981,321.3966,122.955,163.0199,3.5554,NA,0.0066,1.0698,105.0663,NA,0,1.6439,5.4899,0,0,0.8813,NA,4.6076,NA,0,0,0,NA,0,0,0,0,NA,0,0,0,0,0,0,0,0,0,"3b","3b","1b","1b","1b","1b","1b","1b","3b","1b","1b","1b","3b","1b","1b","1b","1b","1b","1b","3b","1b","3b","1b","1b","1b","3b","1b","1b","1b","1b","3b","1b","1b","1b","1b","1b","1b","1b","1b","1b"
"2021-09-05 03:00:00","PM2.5",NA,0,0,427.4536,0,69.0222,28.3047,2.6705,NA,0,0,33.2924,NA,NA,1.1661,4.7044,0,0,0.7895,0,3.9561,NA,0,0,0,11.092,NA,NA,0,0,NA,0,NA,0,0,0,0,0,0,0,"3b","1b","1b","1b","1b","1b","1b","1b","3b","1b","1b","1b","3b","3b","1b","1b","1b","1b","1b","1b","1b","3b","1b","1b","1b","1b","3b","3b","1b","1b","3b","1b","3b","1b","1b","1b","1b","1b","1b","1b"
"2021-09-05 04:00:00","PM10",NA,NA,0,530.8534,465.3482,123.8549,180.5433,4.1959,NA,NA,0.7915,145.8222,0,NA,2.6611,12.99,0,0,NA,0,5.2768,NA,0,0,0,14.0913,14.3027,NA,0,0,NA,NA,NA,0,0,0,0,0,0.8941,0,"3b","3b","1b","1b","1b","1b","1b","1b","3b","3b","1b","1b","1b","3b","1b","1b","1b","1b","3b","1b","1b","3b","1b","1b","1b","1b","1b","3b","1b","1b","3b","3b","3b","1b","1b","1b","1b","1b","1b","1b"
"2021-09-05 05:00:00","PM2.5",NA,0,0,451.0454,0,107.3007,33.5709,1.7471,NA,0,0,50.3099,0,0,0.9825,6.8445,0,0,0.9915,0,3.6003,NA,0,0,0,24.8285,0,0,0,NA,0,NA,0,0,0,0,0,0,0,0,"3b","1b","1b","1b","1b","1b","1b","1b","3b","1b","1b","1b","1b","1b","1b","1b","1b","1b","1b","1b","1b","3b","1b","1b","1b","1b","1b","1b","1b","3b","1b","3b","1b","1b","1b","1b","1b","1b","1b","1b"
"2021-09-05 06:00:00","PM10",NA,NA,0,565.977,591.0589,264.942,201.3573,6.5241,NA,NA,1.409,170.5025,NA,NA,4.4352,9.5062,0,0,1.2162,0.5491,6.4078,NA,0,0,0,9.4538,NA,NA,0,NA,NA,0,NA,0,0,0,0,0,NA,0,"3b","3b","1b","1b","1b","1b","1b","1b","3b","3b","1b","1b","3b","3b","1b","1b","1b","1b","1b","1b","1b","3b","1b","1b","1b","1b","3b","3b","1b","3b","3b","1b","3b","1b","1b","1b","1b","1b","3b","1b"
"2021-09-05 07:00:00","PM2.5",0,NA,0,518.6402,17.9214,198.8077,43.2482,1.3388,NA,NA,NA,65.9743,0,NA,1.5152,6.4306,0,0,NA,NA,5.8213,NA,0,0,0,25.5906,NA,NA,0,NA,NA,NA,0,0,0,0,NA,0,1.1792,0,"1b","3b","1b","1b","1b","1b","1b","1b","3b","3b","3b","1b","1b","3b","1b","1b","1b","1b","3b","3b","1b","3b","1b","1b","1b","1b","3b","3b","1b","3b","3b","3b","1b","1b","1b","1b","3b","1b","1b","1b"
"2021-09-05 08:00:00","PM10",0,NA,0,639.9578,651.2183,242.6683,211.8031,7.7773,0.8386,NA,1.2972,186.9085,0,0,3.3557,9.0395,0,0,0.69,0.5014,5.732,NA,0,0,0,18.4675,NA,0,0,0,NA,0,NA,0,0,0,0,0,0.9031,0,"1b","3b","1b","1b","1b","1b","1b","1b","1b","3b","1b","1b","1b","1b","1b","1b","1b","1b","1b","1b","1b","3b","1b","1b","1b","1b","3b","1b","1b","1b","3b","1b","3b","1b","1b","1b","1b","1b","1b","1b"
"2021-09-05 09:00:00","PM2.5",0,0,0,586.3877,0,131.338,48.1634,2.7197,NA,NA,0,69.3799,0,NA,1.474,4.8682,0,0,NA,NA,4.1275,0,0,0,0,NA,NA,0,0,NA,NA,NA,0,0,0,0,0,0,NA,0,"1b","1b","1b","1b","1b","1b","1b","1b","3b","3b","1b","1b","1b","3b","1b","1b","1b","1b","3b","3b","1b","1b","1b","1b","1b","3b","3b","1b","1b","3b","3b","3b","1b","1b","1b","1b","1b","1b","3b","1b"
"2021-09-05 10:00:00","PM10",0,189.0341,0,905.2149,178.922,137.9778,291.1461,8.7607,NA,NA,2.4535,191.4146,0,0,2.8321,9.0798,0,0,0.826,NA,4.5976,NA,0,0,0,15.3772,NA,0,0,0,NA,0,0,0,0,0,0,0,1.0003,0,"1b","1b","1b","1b","1b","1b","1b","1b","3b","3b","1b","1b","1b","1b","1b","1b","1b","1b","1b","3b","1b","3b","1b","1b","1b","1b","3b","1b","1b","1b","3b","1b","1b","1b","1b","1b","1b","1b","1b","1b"
"2021-09-05 11:00:00","PM2.5",NA,0,0,749.6264,0,75.4844,61.831,2.687,NA,NA,1.018,76.5421,0,NA,2.2733,6.3428,0,0,1.0578,NA,3.8682,NA,0,0,0,NA,0,NA,0,0,NA,NA,0,0,NA,0,0,0,1.0045,0,"3b","1b","1b","1b","1b","1b","1b","1b","3b","3b","1b","1b","1b","3b","1b","1b","1b","1b","1b","3b","1b","3b","1b","1b","1b","3b","1b","3b","1b","1b","3b","3b","1b","1b","3b","1b","1b","1b","1b","1b"
"2021-09-05 12:00:00","PM10",0,307.3791,0,1023.5952,81.4912,145.7583,217.0035,11.6731,1.5198,NA,4.3888,229.2123,0,NA,3.8947,11.394,0,0,0,NA,4.1175,NA,0,0,0,NA,NA,NA,0,NA,0,0,0,0,0,0,0,0,3.1298,0,"1b","1b","1b","1b","1b","1b","1b","1b","1b","3b","1b","1b","1b","3b","1b","1b","1b","1b","1b","3b","1b","3b","1b","1b","1b","3b","3b","3b","1b","3b","1b","1b","1b","1b","1b","1b","1b","1b","1b","1b"
"2021-09-07 00:30:00","PM10",NA,NA,NA,NA,NA,NA,NA,NA,NA,NA,NA,NA,NA,NA,NA,NA,NA,NA,NA,NA,NA,NA,NA,NA,NA,NA,NA,NA,NA,NA,NA,NA,NA,NA,NA,NA,NA,NA,NA,NA,"0c","3b","0c","0c","0c","0c","0c","0c","3b","3b","0c","0c","0c","0c","0c","0c","0c","0c","0c","0c","0c","3b","0c","0c","3b","0c","3b","0c","0c","3b","0c","3b","3b","0c","0c","0c","0c","0c","0c","0c"
"2021-09-07 01:00:00","PM2.5",NA,NA,NA,NA,NA,NA,NA,NA,NA,NA,NA,NA,NA,NA,NA,NA,NA,NA,NA,NA,NA,NA,NA,NA,NA,NA,NA,NA,NA,NA,NA,NA,NA,NA,NA,NA,NA,NA,NA,NA,"3b","3b","0c","0c","0c","0c","0c","0c","0c","0c","0c","0c","0c","3b","0c","0c","0c","0c","0c","0c","0c","3b","0c","0c","3b","3b","3b","3b","0c","3b","0c","3b","3b","0c","0c","0c","0c","0c","0c","0c"
"2021-09-07 02:00:00","PM10",NA,NA,0,626.5117,0,144.753,140.6127,8.8221,NA,1.6155,3.8652,314.8522,0,NA,9.0991,34.5549,0,0,4.4989,0.7418,6.6276,NA,0,0,NA,14.3576,NA,0,0,NA,NA,NA,5.0946,0,0,0,0,0,26.2711,0,"3b","3b","1b","1b","1b","1b","1b","1b","3b","1b","1b","1b","1b","3b","1b","1b","1b","1b","1b","1b","1b","3b","1b","1b","3b","1b","3b","1b","1b","3b","3b","3b","1b","1b","1b","1b","1b","1b","1b","1b"
"2021-09-07 03:00:00","PM2.5",NA,0,NA,612.4111,0,99.3511,34.8419,3.1619,NA,1.9195,3.6027,194.1214,0,NA,9.9126,40.503,0,0,4.2187,0.6843,6.5969,NA,0,0,0,NA,NA,NA,0,NA,0,0,NA,0,0,0,0,0,34.5166,0,"3b","1b","3b","1b","1b","1b","1b","1b","3b","1b","1b","1b","1b","3b","1b","1b","1b","1b","1b","1b","1b","3b","1b","1b","1b","3b","3b","3b","1b","3b","1b","1b","3b","1b","1b","1b","1b","1b","1b","1b"
"2021-09-07 04:00:00","PM10",NA,NA,37.7825,719.6916,0,152.1862,149.4452,9.6733,0,3.1059,6.2484,447.7794,0,NA,17.2986,56.2949,0,0,6.2685,1.0873,8.9683,NA,0,0,NA,NA,NA,0,0,NA,NA,NA,8.3162,0,0,0,0,0,31.5526,0,"3b","3b","1b","1b","1b","1b","1b","1b","1b","1b","1b","1b","1b","3b","1b","1b","1b","1b","1b","1b","1b","3b","1b","1b","3b","3b","3b","1b","1b","3b","3b","3b","1b","1b","1b","1b","1b","1b","1b","1b"
"2021-09-07 05:00:00","PM2.5",NA,NA,NA,NA,NA,NA,NA,NA,NA,NA,NA,NA,NA,NA,NA,NA,NA,NA,NA,NA,NA,NA,NA,NA,NA,NA,NA,NA,NA,NA,NA,NA,NA,NA,NA,NA,NA,NA,NA,NA,"3b","0c","0c","0c","0c","0c","0c","0c","0c","0c","0c","0c","0c","3b","0c","0c","0c","0c","0c","0c","0c","3b","0c","0c","3b","0c","3b","3b","0c","3b","3b","3b","0c","0c","0c","0c","0c","0c","0c","0c"
"2021-09-07 06:00:00","PM10",NA,NA,NA,NA,NA,NA,NA,NA,NA,NA,NA,NA,NA,NA,NA,NA,NA,NA,NA,NA,NA,NA,NA,NA,NA,NA,NA,NA,NA,NA,NA,NA,NA,NA,NA,NA,NA,NA,NA,NA,"0c","0c","0c","0c","3b","0c","0c","0c","3b","0c","0c","0c","0c","0c","0c","0c","0c","0c","0c","0c","0c","0c","0c","0c","3b","0c","3b","0c","0c","0c","3b","3b","0c","0c","0c","0c","0c","0c","0c","0c"
"2021-09-07 07:00:00","PM2.5",NA,NA,NA,NA,NA,NA,NA,NA,NA,NA,NA,NA,NA,NA,NA,NA,NA,NA,NA,NA,NA,NA,NA,NA,NA,NA,NA,NA,NA,NA,NA,NA,NA,NA,NA,NA,NA,NA,NA,NA,"3b","3b","0c","0c","0c","0c","0c","0c","3b","0c","0c","0c","0c","3b","0c","0c","0c","0c","0c","0c","0c","3b","0c","3b","0c","3b","0c","3b","0c","0c","3b","0c","0c","0c","0c","0c","0c","0c","0c","0c"
"2021-09-07 08:00:00","PM10",NA,NA,NA,NA,NA,NA,NA,NA,NA,NA,NA,NA,NA,NA,NA,NA,NA,NA,NA,NA,NA,NA,NA,NA,NA,NA,NA,NA,NA,NA,NA,NA,NA,NA,NA,NA,NA,NA,NA,NA,"0c","0c","0c","0c","0c","0c","0c","0c","0c","0c","0c","0c","0c","3b","0c","0c","0c","0c","0c","0c","0c","3b","3b","3b","3b","0c","3b","3b","0c","0c","3b","0c","0c","0c","0c","0c","0c","0c","0c","0c"
"2021-09-07 09:00:00","PM2.5",NA,NA,NA,NA,NA,NA,NA,NA,NA,NA,NA,NA,NA,NA,NA,NA,NA,NA,NA,NA,NA,NA,NA,NA,NA,NA,NA,NA,NA,NA,NA,NA,NA,NA,NA,NA,NA,NA,NA,NA,"0c","3b","0c","0c","0c","0c","0c","0c","0c","3b","0c","0c","0c","0c","0c","0c","0c","0c","0c","3b","0c","3b","0c","0c","0c","3b","3b","3b","0c","0c","3b","3b","3b","0c","0c","0c","0c","0c","0c","0c"
"2021-09-07 10:00:00","PM10",NA,700.5573,0,545.8333,0,184.1495,395.9802,33.694,2.308,NA,4.2331,336.6833,0,NA,6.602,18.8968,0,0,NA,NA,4.4029,2.4333,NA,0,0,NA,NA,0,0,0,0,NA,0,0,NA,0,0,0,7.5466,0,"3b","1b","1b","1b","1b","1b","1b","1b","1b","3b","1b","1b","1b","3b","1b","1b","1b","1b","3b","3b","1b","1b","3b","1b","1b","3b","3b","1b","1b","1b","1b","3b","1b","1b","3b","1b","1b","1b","1b","1b"
"2021-09-07 16:00:00","PM10",NA,NA,0,518.9611,0,207.6969,422.7193,23.8602,0,0,4.2896,404.3539,0,0,5.513,36.5826,0,0,0,1.5399,3.4588,NA,NA,0,0,NA,NA,NA,0,NA,0,0.4044,0,0,0,0,0,0,4.3687,0,"3b","3b","1b","1b","1b","1b","1b","1b","1b","1b","1b","1b","1b","1b","1b","1b","1b","1b","1b","1b","1b","3b","3b","1b","1b","3b","3b","3b","1b","3b","1b","1b","1b","1b","1b","1b","1b","1b","1b","1b"
"2021-09-10 00:30:00","PM2.5",0,0,0,185.2995,0,20.0119,NA,0,0,0,0,20.9244,0,0,1.7555,3.1412,0,0,1.6492,NA,0,NA,0,0,0,NA,0,0,0,0,NA,NA,0,0,NA,0,0,0,0,0,"1b","1b","1b","1b","1b","1b","3b","1b","1b","1b","1b","1b","1b","1b","1b","1b","1b","1b","1b","3b","1b","3b","1b","1b","1b","3b","1b","1b","1b","1b","3b","3b","1b","1b","3b","1b","1b","1b","1b","1b"
"2021-09-10 01:00:00","PM10",NA,0,NA,363.7985,0,89.8199,29.9973,NA,0,NA,NA,62.5125,0,0,1.9383,6.8276,0,0,1.615,NA,0.8781,NA,0,0,0,9.6602,0,NA,0,NA,0,0,0,0,0,0,NA,0,0,0,"3b","1b","3b","1b","1b","1b","1b","3b","1b","3b","3b","1b","1b","1b","1b","1b","1b","1b","1b","3b","1b","3b","1b","1b","1b","1b","1b","3b","1b","3b","1b","1b","1b","1b","1b","1b","3b","1b","1b","1b"
"2021-09-10 02:00:00","PM2.5",NA,0,NA,346.99,0,26.9441,4.7364,NA,NA,0,NA,27.5967,0.0024,0,NA,5.336,0,0,1.5624,0,1.0014,NA,0,0,0,22.2012,0,NA,0,NA,NA,NA,NA,0,0,0,0,0,NA,0,"3b","1b","3b","1b","1b","1b","1b","3b","3b","1b","3b","1b","1b","1b","3b","1b","1b","1b","1b","1b","1b","3b","1b","1b","1b","1b","1b","3b","1b","3b","3b","3b","3b","1b","1b","1b","1b","1b","3b","1b"
"2021-09-10 03:00:00","PM10",1050.8801,0,NA,601.1479,0,91.8971,29.5332,NA,NA,NA,NA,73.0146,0,NA,1.7428,5.8255,0,0,2.0022,NA,1.5598,NA,0,0,0,NA,0,NA,0,NA,NA,NA,NA,0,0,0,0,0,NA,0,"1b","1b","3b","1b","1b","1b","1b","3b","3b","3b","3b","1b","1b","3b","1b","1b","1b","1b","1b","3b","1b","3b","1b","1b","1b","3b","1b","3b","1b","3b","3b","3b","3b","1b","1b","1b","1b","1b","3b","1b"
"2021-09-10 04:00:00","PM2.5",877.3719,0,0,304.0291,0,20.0901,5.4461,0,NA,0,0,14.5597,NA,NA,0.9133,4.7433,0,0,1.4869,0,0.7715,NA,0,0,0,NA,NA,0,0,NA,0,NA,NA,0,0,0,0,0,0,0,"1b","1b","1b","1b","1b","1b","1b","1b","3b","1b","1b","1b","3b","3b","1b","1b","1b","1b","1b","1b","1b","3b","1b","1b","1b","3b","3b","1b","1b","3b","1b","3b","3b","1b","1b","1b","1b","1b","1b","1b"
"2021-09-10 05:00:00","PM10",NA,0,NA,178.4264,0,68.2008,17.7889,NA,0,NA,0.0072,45.6391,0,NA,1.8638,10.981,0,0,0.9449,NA,0.7685,NA,0,0,0,NA,NA,0,0,0,NA,NA,NA,0,0,0,0,0,0,0,"3b","1b","3b","1b","1b","1b","1b","3b","1b","3b","1b","1b","1b","3b","1b","1b","1b","1b","1b","3b","1b","3b","1b","1b","1b","3b","3b","1b","1b","1b","3b","3b","3b","1b","1b","1b","1b","1b","1b","1b"
"2021-09-10 06:00:00","PM2.5",NA,0,0,140.4269,0,32.3149,6.1882,NA,NA,0,0,42.3674,0,0,2.3171,15.8763,0,0,1.2314,0,NA,NA,0,0,0,18.0135,0,0,0,0,NA,NA,0,0,0,0,0,0,NA,0,"3b","1b","1b","1b","1b","1b","1b","3b","3b","1b","1b","1b","1b","1b","1b","1b","1b","1b","1b","1b","3b","3b","1b","1b","1b","1b","1b","1b","1b","1b","3b","3b","1b","1b","1b","1b","1b","1b","3b","1b"
"2021-09-10 07:00:00","PM10",NA,0,0,258.7286,0,69.6017,79.6784,1.1504,NA,NA,NA,98.879,0,NA,3.4368,10.2703,0,0,0.717,0,0.9756,NA,0,0,0,NA,NA,NA,0,0,NA,0.1433,NA,0,0,0,0,0,NA,0,"3b","1b","1b","1b","1b","1b","1b","1b","3b","3b","3b","1b","1b","3b","1b","1b","1b","1b","1b","1b","1b","3b","1b","1b","1b","3b","3b","3b","1b","1b","3b","1b","3b","1b","1b","1b","1b","1b","3b","1b"
"2021-09-10 08:00:00","PM2.5",737.9593,0,0,182.5148,0,30.1781,22.596,NA,NA,0,0,46.0483,0,NA,3.3746,7.164,0,0,0.5304,0.0028,NA,NA,0,0,0,NA,NA,0,0,NA,NA,NA,0,0,0,0,0,0,0,0,"1b","1b","1b","1b","1b","1b","1b","3b","3b","1b","1b","1b","1b","3b","1b","1b","1b","1b","1b","1b","3b","3b","1b","1b","1b","3b","3b","1b","1b","3b","3b","3b","1b","1b","1b","1b","1b","1b","1b","1b"
"2021-09-10 09:00:00","PM10",748.3511,0,0,171.406,0,43.5838,85.1557,1.8453,NA,NA,NA,122.4453,NA,0,5.0554,5.019,0,0,NA,NA,NA,NA,0,0,0,NA,NA,NA,0,0,NA,0,NA,0,0,0,0,0,0,0,"1b","1b","1b","1b","1b","1b","1b","1b","3b","3b","3b","1b","3b","1b","1b","1b","1b","1b","3b","3b","3b","3b","1b","1b","1b","3b","3b","3b","1b","1b","3b","1b","3b","1b","1b","1b","1b","1b","1b","1b"
"2021-09-10 10:00:00","PM2.5",NA,0,0,224.807,0,22.1494,27.7524,1.2929,NA,NA,NA,54.0913,0,NA,1.9878,3.8321,0,0,NA,0,NA,NA,0,0,0,NA,NA,NA,0,0,NA,NA,0,0,0,0,0,0,0,0,"3b","1b","1b","1b","1b","1b","1b","1b","3b","3b","3b","1b","1b","3b","1b","1b","1b","1b","3b","1b","3b","3b","1b","1b","1b","3b","3b","3b","1b","1b","3b","3b","1b","1b","1b","1b","1b","1b","1b","1b"
"2021-09-10 11:00:00","PM10",NA,0,0,196.3875,0,39.7506,78.1929,1.6816,0,NA,0.8454,134.0343,0,0,5.13,5.7411,0,0,NA,0,0.6771,0,0,0,0,NA,0,0,0,NA,NA,NA,2.9285,0,0,0,NA,0,0,0,"3b","1b","1b","1b","1b","1b","1b","1b","1b","3b","1b","1b","1b","1b","1b","1b","1b","1b","3b","1b","1b","1b","1b","1b","1b","3b","1b","1b","1b","3b","3b","3b","1b","1b","1b","1b","3b","1b","1b","1b"
"2021-09-10 12:00:00","PM2.5",NA,0,0,252.2214,0,23.6999,30.6962,1.1654,0,NA,NA,53.2895,0,0,1.7345,3.5358,0,0,NA,0,NA,NA,0,0,0,NA,NA,NA,0,NA,0,NA,0,0,0,0,0,0,0,0,"3b","1b","1b","1b","1b","1b","1b","1b","1b","3b","3b","1b","1b","1b","1b","1b","1b","1b","3b","1b","3b","3b","1b","1b","1b","3b","3b","3b","1b","3b","1b","3b","1b","1b","1b","1b","1b","1b","1b","1b"
"2021-09-10 13:00:00","PM10",NA,NA,0,488.2158,0,52.0161,155.9456,2.8932,0,NA,1.2242,158.1087,0,NA,6.3519,7.9997,0,0,0.7394,NA,0.9527,NA,0,0,0,15.4106,NA,0,0,NA,NA,NA,NA,0,0,NA,0,0,0,0,"3b","3b","1b","1b","1b","1b","1b","1b","1b","3b","1b","1b","1b","3b","1b","1b","1b","1b","1b","3b","1b","3b","1b","1b","1b","1b","3b","1b","1b","3b","3b","3b","3b","1b","1b","3b","1b","1b","1b","1b"
"2021-09-10 14:00:00","PM2.5",854.7368,0,0,274.1982,0,20.919,15.2607,NA,NA,0,NA,42.8262,0,0,1.6961,2.2141,0,0,0,0,NA,NA,0,0,0,NA,0,0,0,0,NA,NA,NA,0,0,0,0,0,0.7675,0,"1b","1b","1b","1b","1b","1b","1b","3b","3b","1b","3b","1b","1b","1b","1b","1b","1b","1b","1b","1b","3b","3b","1b","1b","1b","3b","1b","1b","1b","1b","3b","3b","3b","1b","1b","1b","1b","1b","1b","1b"
"2021-09-10 15:00:00","PM10",0,NA,0,261.9515,0,49.8501,91.4205,2.2005,NA,NA,NA,152.0727,0,0,5.5126,3.8794,0,0,NA,0,0.7474,0,0,0,0,0,0,NA,0,0,NA,NA,NA,0,0,0,0,0,0,0,"1b","3b","1b","1b","1b","1b","1b","1b","3b","3b","3b","1b","1b","1b","1b","1b","1b","1b","3b","1b","1b","1b","1b","1b","1b","1b","1b","3b","1b","1b","3b","3b","3b","1b","1b","1b","1b","1b","1b","1b"
"2021-09-10 16:00:00","PM2.5",895.5792,0,NA,84.1051,0,14.4335,9.9609,NA,0,0,NA,48.3063,NA,0,3.1296,1.7239,0,0,0,0,NA,0,0.003,0,0,15.7361,NA,0,0,0,NA,NA,NA,0,0,0,0,0,0,0,"1b","1b","3b","1b","1b","1b","1b","3b","1b","1b","3b","1b","3b","1b","1b","1b","1b","1b","1b","1b","3b","1b","1b","1b","1b","1b","3b","1b","1b","1b","3b","3b","3b","1b","1b","1b","1b","1b","1b","1b"
"2021-09-10 17:00:00","PM10",666.8032,0,0,131.298,0,45.9083,36.0202,3.5342,0,NA,NA,108.4933,0,0,5.3887,3.9658,0,0,2.1733,0,NA,NA,0,0,0,10.0129,0,0,NA,0,0,NA,0,0,0,0,0,0,0,0,"1b","1b","1b","1b","1b","1b","1b","1b","1b","3b","3b","1b","1b","1b","1b","1b","1b","1b","1b","1b","3b","3b","1b","1b","1b","1b","1b","1b","3b","1b","1b","3b","1b","1b","1b","1b","1b","1b","1b","1b"
"2021-09-10 18:00:00","PM2.5",753.2038,0,NA,141.353,0,14.6818,14.617,NA,0,NA,0,101.6152,0,0,6.2232,3.461,NA,0,0.4638,0,NA,0,0,0,0,NA,NA,0,0,0,NA,NA,NA,0,0,0,0,0,0,0,"1b","1b","3b","1b","1b","1b","1b","3b","1b","3b","1b","1b","1b","1b","1b","1b","3b","1b","1b","1b","3b","1b","1b","1b","1b","3b","3b","1b","1b","1b","3b","3b","3b","1b","1b","1b","1b","1b","1b","1b"
"2021-09-10 19:00:00","PM10",NA,0,NA,141.4641,0,38.2214,19.6023,1.4764,0,NA,NA,242.5832,NA,0,11.5276,5.8164,0,0,0.5418,NA,NA,NA,0,0,0,NA,NA,0,0,NA,NA,0,5.0966,0,0,0,0,0,0,0,"3b","1b","3b","1b","1b","1b","1b","1b","1b","3b","3b","1b","3b","1b","1b","1b","1b","1b","1b","3b","3b","3b","1b","1b","1b","3b","3b","1b","1b","3b","3b","1b","1b","1b","1b","1b","1b","1b","1b","1b"
"2021-09-10 20:00:00","PM2.5",670.283,0,0,122.0631,0,13.0053,3.9142,NA,NA,0,0.0018,53.2955,0,0,3.5084,1.9969,0,0,NA,0,NA,NA,0,0,0,10.4327,0,0,0,NA,NA,NA,NA,0,NA,0,0,0,0,0,"1b","1b","1b","1b","1b","1b","1b","3b","3b","1b","1b","1b","1b","1b","1b","1b","1b","1b","3b","1b","3b","3b","1b","1b","1b","1b","1b","1b","1b","3b","3b","3b","3b","1b","3b","1b","1b","1b","1b","1b"
"2021-09-10 21:00:00","PM10",NA,0,0,138.3621,0,47.5958,16.2919,NA,0,NA,NA,134.0235,0,0,8.1359,3.6401,0,0,NA,0,NA,NA,0,0,0,14.7814,NA,NA,0,NA,0,NA,3.7539,0,0,0,0,0,0,0,"3b","1b","1b","1b","1b","1b","1b","3b","1b","3b","3b","1b","1b","1b","1b","1b","1b","1b","3b","1b","3b","3b","1b","1b","1b","1b","3b","3b","1b","3b","1b","3b","1b","1b","1b","1b","1b","1b","1b","1b"
"2021-09-10 22:00:00","PM2.5",1130.9363,0,0,130.1317,0,19.2605,4.8314,NA,0.0034,NA,0,54.9131,0,0,3.8967,3.7839,0,0,NA,0,NA,0,0,0,0,10.953,NA,NA,0,0,NA,NA,NA,0,NA,0,0,0,0,0,"1b","1b","1b","1b","1b","1b","1b","3b","1b","3b","1b","1b","1b","1b","1b","1b","1b","1b","3b","1b","3b","1b","1b","1b","1b","1b","3b","3b","1b","1b","3b","3b","3b","1b","3b","1b","1b","1b","1b","1b"
"2021-09-10 23:00:00","PM10",NA,0,0,145.713,0,56.2743,15.8458,NA,NA,NA,0,74.967,0,0,3.9245,6.4973,0,0,1.1923,NA,NA,NA,0,0,0,NA,NA,0,0,NA,NA,NA,0,0,0,0,0,0,NA,0,"3b","1b","1b","1b","1b","1b","1b","3b","3b","3b","1b","1b","1b","1b","1b","1b","1b","1b","1b","3b","3b","3b","1b","1b","1b","3b","3b","1b","1b","3b","3b","3b","1b","1b","1b","1b","1b","1b","3b","1b"
"2021-09-11 00:30:00","PM2.5",1922.3857,0,0,127.0559,0,18.9697,27.4824,0,NA,NA,0,24.1736,0,0,1.006,4.1192,0,0,0.8311,NA,NA,NA,0,0,0,23.0445,NA,NA,0,0,0,NA,0,0,NA,0,0,0,0,0,"1b","1b","1b","1b","1b","1b","1b","1b","3b","3b","1b","1b","1b","1b","1b","1b","1b","1b","1b","3b","3b","3b","1b","1b","1b","1b","3b","3b","1b","1b","1b","3b","1b","1b","3b","1b","1b","1b","1b","1b"
"2021-09-11 01:00:00","PM10",1041.8221,0,NA,216.5691,0,56.9006,19.1151,NA,0,2e-04,0,30.5795,0,0,1.1646,3.4861,0,0,0.8697,NA,0.7469,NA,0,0,0,14.7039,0,0,0,NA,NA,NA,0,NA,0,0,NA,0,0,0,"1b","1b","3b","1b","1b","1b","1b","3b","1b","1b","1b","1b","1b","1b","1b","1b","1b","1b","1b","3b","1b","3b","1b","1b","1b","1b","1b","1b","1b","3b","3b","3b","1b","3b","1b","1b","3b","1b","1b","1b"
"2021-09-11 02:00:00","PM2.5",920.9795,0,0,345.6282,0,23.1548,3.5242,NA,0,0,0,12.1736,0,0,0.5101,3.3286,0,0,0.5574,NA,0.7092,NA,0,0,0,13.9152,NA,NA,0,0,NA,0,0,0,0,0,0,0,NA,0,"1b","1b","1b","1b","1b","1b","1b","3b","1b","1b","1b","1b","1b","1b","1b","1b","1b","1b","1b","3b","1b","3b","1b","1b","1b","1b","3b","3b","1b","1b","3b","1b","1b","1b","1b","1b","1b","1b","3b","1b"
"2021-09-11 03:00:00","PM10",NA,0,NA,546.7791,0,59.2862,31.8729,NA,0,NA,NA,35.7916,0,0,0.6046,5.0332,0,0,1.9141,NA,1.7814,NA,0,0,0,13.9549,NA,0,0,NA,NA,NA,NA,0,0,0,0,0,0.9844,0,"3b","1b","3b","1b","1b","1b","1b","3b","1b","3b","3b","1b","1b","1b","1b","1b","1b","1b","1b","3b","1b","3b","1b","1b","1b","1b","3b","1b","1b","3b","3b","3b","3b","1b","1b","1b","1b","1b","1b","1b"
"2021-09-11 04:00:00","PM2.5",NA,0,0,374.0561,0,23.9453,6.0574,0,NA,0,0,13.2808,0,0,NA,2.8926,0,0,1.1624,0.0047,0.8905,NA,0,0,0,11.0212,0,NA,0,0,NA,0,NA,0,0,0,0,0,0,0,"3b","1b","1b","1b","1b","1b","1b","1b","3b","1b","1b","1b","1b","1b","3b","1b","1b","1b","1b","1b","1b","3b","1b","1b","1b","1b","1b","3b","1b","1b","3b","1b","3b","1b","1b","1b","1b","1b","1b","1b"
"2021-09-11 05:00:00","PM10",NA,0,0,376.8593,0,48.2052,23.9474,1.9073,NA,NA,NA,52.1584,0,0,4.7814,3.683,0,0,NA,0,0.5913,NA,0,0,0,11.539,0,0,0,NA,NA,NA,0.034,0,0,0,0,0,0,0,"3b","1b","1b","1b","1b","1b","1b","1b","3b","3b","3b","1b","1b","1b","1b","1b","1b","1b","3b","1b","1b","3b","1b","1b","1b","1b","1b","1b","1b","3b","3b","3b","1b","1b","1b","1b","1b","1b","1b","1b"
"2021-09-11 06:00:00","PM2.5",NA,0,0,312.6343,0,24.5543,7.6101,0,0.0105,NA,0,29.282,NA,NA,2.29,4.2431,0,0,1.1486,0,NA,NA,0,0,0,8.9997,NA,NA,0,NA,0,NA,NA,0,0,0,0,0,0,0,"3b","1b","1b","1b","1b","1b","1b","1b","1b","3b","1b","1b","3b","3b","1b","1b","1b","1b","1b","1b","3b","3b","1b","1b","1b","1b","3b","3b","1b","3b","1b","3b","3b","1b","1b","1b","1b","1b","1b","1b"
"2021-09-11 07:00:00","PM10",NA,0,0,424.6262,0,60.3863,44.3266,3.3062,0,NA,NA,126.4351,NA,0,9.477,10.5064,0,0,3.5158,NA,0.7105,NA,0,0,0,19.36,NA,0,0,0,0.1143,NA,NA,0,0,0,0,0,2.6309,0,"3b","1b","1b","1b","1b","1b","1b","1b","1b","3b","3b","1b","3b","1b","1b","1b","1b","1b","1b","3b","1b","3b","1b","1b","1b","1b","3b","1b","1b","1b","1b","3b","3b","1b","1b","1b","1b","1b","1b","1b"
"2021-09-11 08:00:00","PM2.5",NA,0,0,364.2736,0,24.8217,10.4762,NA,NA,NA,0,48.9415,0,0,3.7981,4.2442,0,0,1.1886,NA,NA,NA,0,0,0,12.1896,NA,NA,0,0,NA,NA,NA,0,NA,0,0,0,1.6976,0,"3b","1b","1b","1b","1b","1b","1b","3b","3b","3b","1b","1b","1b","1b","1b","1b","1b","1b","1b","3b","3b","3b","1b","1b","1b","1b","3b","3b","1b","1b","3b","3b","3b","1b","3b","1b","1b","1b","1b","1b"
"2021-09-11 09:00:00","PM10",NA,0,0,386.7813,0,37.0906,37.1242,NA,0,0.0067,0,63.8373,0,0,3.2902,3.2804,0,0,NA,NA,0.6193,NA,0,0,0,NA,NA,NA,0,0,0,NA,NA,0,0,0,0,0,0,0,"3b","1b","1b","1b","1b","1b","1b","3b","1b","1b","1b","1b","1b","1b","1b","1b","1b","1b","3b","3b","1b","3b","1b","1b","1b","3b","3b","3b","1b","1b","1b","3b","3b","1b","1b","1b","1b","1b","1b","1b"
"2021-09-11 10:00:00","PM2.5",NA,0,0,332.9622,0,19.261,11.9604,NA,NA,0.0068,NA,28.615,0,0,2.1412,2.5188,0,0,NA,0,NA,NA,0,0,0,9.3722,NA,NA,0,NA,NA,NA,0,0,0,0,0,0,0,0,"3b","1b","1b","1b","1b","1b","1b","3b","3b","1b","3b","1b","1b","1b","1b","1b","1b","1b","3b","1b","3b","3b","1b","1b","1b","1b","3b","3b","1b","3b","3b","3b","1b","1b","1b","1b","1b","1b","1b","1b"
"2021-09-11 11:00:00","PM10",NA,0,0,423.9107,79.2848,40.0441,43.9134,2.1113,0,NA,NA,77.0234,0,0,3.9984,2.7333,0,0,0,0,0.677,NA,0,0,0,0,0,0,0,NA,NA,0,NA,0,0,0,NA,0,0,0,"3b","1b","1b","1b","1b","1b","1b","1b","1b","3b","3b","1b","1b","1b","1b","1b","1b","1b","1b","1b","1b","3b","1b","1b","1b","1b","1b","1b","1b","3b","3b","1b","3b","1b","1b","1b","3b","1b","1b","1b"
"2021-09-11 12:00:00","PM2.5",NA,0,0,316.683,0,16.6702,9.8878,NA,0,0,0,26.2113,NA,0,1.2403,1.2376,0,0,0,0,NA,0,0,0,0,13.1649,NA,NA,0,NA,NA,NA,0,0,0,0,0,0,0,0,"3b","1b","1b","1b","1b","1b","1b","3b","1b","1b","1b","1b","3b","1b","1b","1b","1b","1b","1b","1b","3b","1b","1b","1b","1b","1b","3b","3b","1b","3b","3b","3b","1b","1b","1b","1b","1b","1b","1b","1b"
"2021-09-11 13:00:00","PM10",934.4818,0,0,403.4242,68.511,29.9591,43.215,1.19,0,0,NA,65.316,0,0,3.1383,3.1566,0,0,NA,0,0.7908,NA,0,0,0,NA,NA,0,0,0,NA,NA,NA,0,0,0,0,0,0,0,"1b","1b","1b","1b","1b","1b","1b","1b","1b","1b","3b","1b","1b","1b","1b","1b","1b","1b","3b","1b","1b","3b","1b","1b","1b","3b","3b","1b","1b","1b","3b","3b","3b","1b","1b","1b","1b","1b","1b","1b"
"2021-09-11 14:00:00","PM2.5",NA,0,0,349.0423,0,18.7003,9.2608,NA,NA,NA,0,25.0549,NA,0.0112,2.1768,1.5027,0,0,NA,0,NA,NA,0,0,0,NA,0,NA,0,0,NA,NA,0,0,0,0,0,0,0,0,"3b","1b","1b","1b","1b","1b","1b","3b","3b","3b","1b","1b","3b","1b","1b","1b","1b","1b","3b","1b","3b","3b","1b","1b","1b","3b","1b","3b","1b","1b","3b","3b","1b","1b","1b","1b","1b","1b","1b","1b"
"2021-09-11 15:00:00","PM10",NA,0,0,567.1808,71.6278,44.4103,63.6443,1.9313,0,NA,NA,119.9137,0,0,5.5389,9.5483,0,0,1.0841,NA,1.1309,0,0,0,0,12.8391,NA,0.0992,0,NA,0,0,NA,0,0,0,0,0,1.2442,0,"3b","1b","1b","1b","1b","1b","1b","1b","1b","3b","3b","1b","1b","1b","1b","1b","1b","1b","1b","3b","1b","1b","1b","1b","1b","1b","3b","1b","1b","3b","1b","1b","3b","1b","1b","1b","1b","1b","1b","1b"
"2021-09-11 16:00:00","PM2.5",792.9171,0,0,497.3025,0,105.9653,11.6951,0,0,0,0,50.4646,NA,NA,5.8407,5.517,0,0,0.7872,0,0.7208,0,0,0,0,16.2875,NA,NA,0,NA,NA,0,NA,0,0,0,0,0,0,0,"1b","1b","1b","1b","1b","1b","1b","1b","1b","1b","1b","1b","3b","3b","1b","1b","1b","1b","1b","1b","1b","1b","1b","1b","1b","1b","3b","3b","1b","3b","3b","1b","3b","1b","1b","1b","1b","1b","1b","1b"
"2021-09-11 17:00:00","PM10",972.1966,0,0,551.7386,255.9089,137.631,68.1641,2.5619,NA,NA,NA,113.8603,0,0,8.4885,9.2366,0,0,0.6654,0,1.2111,NA,0,0,0,17.8378,NA,0,0,0,NA,NA,3.5041,0,0,0,0,0,0,0,"1b","1b","1b","1b","1b","1b","1b","1b","3b","3b","3b","1b","1b","1b","1b","1b","1b","1b","1b","1b","1b","3b","1b","1b","1b","1b","3b","1b","1b","1b","3b","3b","1b","1b","1b","1b","1b","1b","1b","1b"
"2021-09-11 18:00:00","PM2.5",819.9902,0,0,469.5963,50.7754,58.0797,19.9548,NA,0,NA,0,49.3092,0,0,3.8526,3.1245,0,0,NA,NA,1.0113,0,0,0,0,9.8846,0,0,0,0,NA,0,NA,0,0,0,0,0,0,0,"1b","1b","1b","1b","1b","1b","1b","3b","1b","3b","1b","1b","1b","1b","1b","1b","1b","1b","3b","3b","1b","1b","1b","1b","1b","1b","1b","1b","1b","1b","3b","1b","3b","1b","1b","1b","1b","1b","1b","1b"
"2021-09-11 19:00:00","PM10",1055.6864,0,0,504.8129,306.7677,59.5806,55.4187,2.6166,NA,0.0046,NA,100.2566,0,0,4.3908,3.9808,0,0,NA,0,1.8046,NA,0,0,0,NA,NA,NA,0,NA,0,0,0,0,0,0,0,0,0,0,"1b","1b","1b","1b","1b","1b","1b","1b","3b","1b","3b","1b","1b","1b","1b","1b","1b","1b","3b","1b","1b","3b","1b","1b","1b","3b","3b","3b","1b","3b","1b","1b","1b","1b","1b","1b","1b","1b","1b","1b"
"2021-09-11 20:00:00","PM2.5",NA,0,0,424.0109,0,33.3553,13.167,NA,0,NA,0,81.7065,NA,0,6.6966,4.8067,0,0,NA,NA,1.1543,0,0,0,0,15.8169,NA,NA,0,NA,0,0,4.0251,0,0,0,0,0,0,0,"3b","1b","1b","1b","1b","1b","1b","3b","1b","3b","1b","1b","3b","1b","1b","1b","1b","1b","3b","3b","1b","1b","1b","1b","1b","1b","3b","3b","1b","3b","1b","1b","1b","1b","1b","1b","1b","1b","1b","1b"
"2021-09-11 21:00:00","PM10",879.9311,0,0,511.9673,106.3676,145.3225,55.1233,2.2534,0,NA,1.7083,313.1426,0,NA,13.7648,11.4835,0,0,1.9161,NA,1.2315,1.7836,0,0,0,NA,0,0,0,NA,0,NA,16.5575,0,0,0,0,0,0.893,0,"1b","1b","1b","1b","1b","1b","1b","1b","1b","3b","1b","1b","1b","3b","1b","1b","1b","1b","1b","3b","1b","1b","1b","1b","1b","3b","1b","1b","1b","3b","1b","3b","1b","1b","1b","1b","1b","1b","1b","1b"
"2021-09-11 22:00:00","PM2.5",619.3078,0,0,499.7571,NA,290.8524,10.9324,2.4377,0,NA,NA,109.9609,0,0,11.1626,11.0194,0,0,2.5157,0,1.0204,7.6951,0,0,0,10.2296,0,0,0,0,NA,0,25.3284,0,0,0,0,0,1.1373,2.7068,"1b","1b","1b","1b","3b","1b","1b","1b","1b","3b","3b","1b","1b","1b","1b","1b","1b","1b","1b","1b","1b","1b","1b","1b","1b","1b","1b","1b","1b","1b","3b","1b","1b","1b","1b","1b","1b","1b","1b","1b"
"2021-09-11 23:00:00","PM10",1128.4245,0,0,520.0939,18.3261,98.7903,35.6163,1.8464,0,0,NA,207.1932,NA,0,6.4079,14.9527,0,0,1.1654,NA,1.0114,NA,0,0,0,27.1727,0,NA,0,NA,NA,NA,5.9454,0,0,0,0,0,8.1658,0,"1b","1b","1b","1b","1b","1b","1b","1b","1b","1b","3b","1b","3b","1b","1b","1b","1b","1b","1b","3b","1b","3b","1b","1b","1b","1b","1b","3b","1b","3b","3b","3b","1b","1b","1b","1b","1b","1b","1b","1b"
"2021-09-12 00:30:00","PM2.5",NA,0,0,389.8408,0,56.012,46.0915,NA,0,0,0,107.4121,0,0,3.2444,16.5808,0,0,2.0313,0,NA,NA,0,0,0,NA,NA,NA,0,0,NA,NA,NA,0,0,0,0,0,2.1303,0,"3b","1b","1b","1b","1b","1b","1b","3b","1b","1b","1b","1b","1b","1b","1b","1b","1b","1b","1b","1b","3b","3b","1b","1b","1b","3b","3b","3b","1b","1b","3b","3b","3b","1b","1b","1b","1b","1b","1b","1b"
"2021-09-12 01:00:00","PM10",NA,0,0,457.3872,0,87.5536,135.9458,3.9399,NA,NA,0.9112,205.6447,0,NA,6.3781,13.8374,0,0,2.8979,NA,1.9251,NA,0,0,0,NA,0,0,0,NA,NA,NA,2.8988,0,NA,0,NA,0,3.0405,0,"3b","1b","1b","1b","1b","1b","1b","1b","3b","3b","1b","1b","1b","3b","1b","1b","1b","1b","1b","3b","1b","3b","1b","1b","1b","3b","1b","1b","1b","3b","3b","3b","1b","1b","3b","1b","3b","1b","1b","1b"
"2021-09-12 02:00:00","PM2.5",NA,0,0,370.95,0,42.1105,37.0797,NA,0,0,0,53.446,0,0,1.7097,7.5027,0,0,1.8447,NA,1.6762,NA,0,0,0,21.754,0,NA,0,0,0,0,NA,0,0,0,0,0,1.506,0,"3b","1b","1b","1b","1b","1b","1b","3b","1b","1b","1b","1b","1b","1b","1b","1b","1b","1b","1b","3b","1b","3b","1b","1b","1b","1b","1b","3b","1b","1b","1b","1b","3b","1b","1b","1b","1b","1b","1b","1b"
"2021-09-12 03:00:00","PM10",NA,0,0,489.2857,0,55.4952,23.0632,NA,0,0,NA,75.1483,0,NA,2.5622,8.4412,0,0,1.9175,0.4362,1.6674,NA,0,0,0,13.8946,0,NA,0,0,NA,0,NA,0,0,0,0,0,1.237,0,"3b","1b","1b","1b","1b","1b","1b","3b","1b","1b","3b","1b","1b","3b","1b","1b","1b","1b","1b","1b","1b","3b","1b","1b","1b","1b","1b","3b","1b","1b","3b","1b","3b","1b","1b","1b","1b","1b","1b","1b"
"2021-09-12 04:00:00","PM2.5",NA,0,0,361.9791,0,25.8872,7.0098,NA,0,0,0,26.9239,0,NA,1.3317,5.5636,0,0,1.57,NA,NA,NA,0,0,3.4837,NA,0,NA,0,0,NA,NA,NA,0,0,0,0,0,0,0,"3b","1b","1b","1b","1b","1b","1b","3b","1b","1b","1b","1b","1b","3b","1b","1b","1b","1b","1b","3b","3b","3b","1b","1b","1b","3b","1b","3b","1b","1b","3b","3b","3b","1b","1b","1b","1b","1b","1b","1b"
"2021-09-12 05:00:00","PM10",NA,0,0,427.9831,0,40.1817,28.3534,1.0825,0,NA,0,57.6254,NA,NA,2.0827,6.2278,0,0,1.7638,0,0.9116,NA,0,0,9.576,NA,NA,NA,0,0,0,NA,NA,0,0,0,0,0,NA,0,"3b","1b","1b","1b","1b","1b","1b","1b","1b","3b","1b","1b","3b","3b","1b","1b","1b","1b","1b","1b","1b","3b","1b","1b","1b","3b","3b","3b","1b","1b","1b","3b","3b","1b","1b","1b","1b","1b","3b","1b"
"2021-09-12 06:00:00","PM2.5",NA,0,0,326.8129,0,26.3563,47.1291,NA,NA,NA,0,56.4349,NA,0,1.7186,5.2493,0,0,1.6283,NA,NA,NA,0,0,NA,32.3628,0,0,0,NA,NA,NA,NA,0,0,0,0,0,0,0,"3b","1b","1b","1b","1b","1b","1b","3b","3b","3b","1b","1b","3b","1b","1b","1b","1b","1b","1b","3b","3b","3b","1b","1b","3b","1b","1b","1b","1b","3b","3b","3b","3b","1b","1b","1b","1b","1b","1b","1b"
"2021-09-12 07:00:00","PM10",NA,NA,0,485.8778,0,42.678,164.3224,4.6599,0,NA,NA,230.7683,0,0,6.8486,8.1821,0,0,0.9994,NA,0.6568,NA,0,0,NA,14.6573,NA,NA,NA,NA,0,NA,3.278,0,0,0,0,0,0.7303,0,"3b","3b","1b","1b","1b","1b","1b","1b","1b","3b","3b","1b","1b","1b","1b","1b","1b","1b","1b","3b","1b","3b","1b","1b","3b","1b","3b","3b","3b","3b","1b","3b","1b","1b","1b","1b","1b","1b","1b","1b"
"2021-09-12 08:00:00","PM2.5",912.7356,0,0,367.2472,0,15.8378,9.3314,NA,0,0,0,33.2487,0,0,1.1247,2.3895,0,0,0.432,NA,0.6444,NA,0,0,0,11.7632,NA,NA,0,NA,NA,0.0901,NA,0,0,0,0,0,0,0,"1b","1b","1b","1b","1b","1b","1b","3b","1b","1b","1b","1b","1b","1b","1b","1b","1b","1b","1b","3b","1b","3b","1b","1b","1b","1b","3b","3b","1b","3b","3b","1b","3b","1b","1b","1b","1b","1b","1b","1b"
"2021-09-12 09:00:00","PM10",779.9174,0,NA,490.2541,0,32.216,70.1339,3.7747,0,NA,0.7976,175.0781,0,0,5.4376,7.2115,0,0,1.3413,1.7966,2.0795,NA,0,0,0,NA,0,NA,0,NA,NA,0,NA,0,0,0,0,0,12.2574,0,"1b","1b","3b","1b","1b","1b","1b","1b","1b","3b","1b","1b","1b","1b","1b","1b","1b","1b","1b","1b","1b","3b","1b","1b","1b","3b","1b","3b","1b","3b","3b","1b","3b","1b","1b","1b","1b","1b","1b","1b"
"2021-09-12 10:00:00","PM2.5",728.027,0,NA,412.5462,0,20.993,17.1788,NA,NA,NA,NA,68.8108,0,NA,2.4784,4.0068,0,0,1.0548,0.5822,1.548,NA,0,0,0,11.3217,0,0,0,NA,0,NA,NA,0,0,0,0.0025,0,4.0849,0,"1b","1b","3b","1b","1b","1b","1b","3b","3b","3b","3b","1b","1b","3b","1b","1b","1b","1b","1b","1b","1b","3b","1b","1b","1b","1b","1b","1b","1b","3b","1b","3b","3b","1b","1b","1b","1b","1b","1b","1b"
"2021-09-12 11:00:00","PM10",682.0084,0,0,434.9209,0,25.8645,65.6559,2.8236,0,0,0,116.4842,0,0,4.9587,6.0772,0,0,1.4618,0,NA,NA,0,0,0,NA,NA,NA,0,NA,NA,NA,NA,0,0,0,0,0,0.89,0,"1b","1b","1b","1b","1b","1b","1b","1b","1b","1b","1b","1b","1b","1b","1b","1b","1b","1b","1b","1b","3b","3b","1b","1b","1b","3b","3b","3b","1b","3b","3b","3b","3b","1b","1b","1b","1b","1b","1b","1b"
"2021-09-12 12:00:00","PM2.5",NA,0,0,327.4776,0,22.7053,8.5805,0,0,NA,0,37.3949,0,0,2.4174,3.5763,0,0,0.8834,NA,NA,NA,0,0,0,NA,NA,NA,0,NA,NA,NA,NA,0,0,0,0,0,0,0,"3b","1b","1b","1b","1b","1b","1b","1b","1b","3b","1b","1b","1b","1b","1b","1b","1b","1b","1b","3b","3b","3b","1b","1b","1b","3b","3b","3b","1b","3b","3b","3b","3b","1b","1b","1b","1b","1b","1b","1b"
"2021-09-12 13:00:00","PM10",NA,0,0,455.919,0,126.0552,29.4088,1.7643,NA,NA,NA,100.283,0,NA,5.0887,5.2353,0,0,1.2061,0,0.9348,NA,0,0,0,11.7083,0,0,0,0,0,0,NA,0,0,0,0,0,0,0,"3b","1b","1b","1b","1b","1b","1b","1b","3b","3b","3b","1b","1b","3b","1b","1b","1b","1b","1b","1b","1b","3b","1b","1b","1b","1b","1b","1b","1b","1b","1b","1b","3b","1b","1b","1b","1b","1b","1b","1b"
"2021-09-12 14:00:00","PM2.5",NA,0,0,371.5895,0,21.8191,10.3517,NA,0,0,0.004,45.4859,0,NA,2.0038,1.7491,0,0,0.4124,0,NA,NA,0,0,0,NA,NA,NA,0,NA,NA,0,NA,0,0,0,0,0,0,0,"3b","1b","1b","1b","1b","1b","1b","3b","1b","1b","1b","1b","1b","3b","1b","1b","1b","1b","1b","1b","3b","3b","1b","1b","1b","3b","3b","3b","1b","3b","3b","1b","3b","1b","1b","1b","1b","1b","1b","1b"
"2021-09-12 15:00:00","PM10",NA,NA,0,557.6943,0,110.914,94.7267,3.8506,0,1.1821,2.3949,340.8037,0,NA,17.4944,13.6618,0,0,1.3898,NA,1.2637,NA,0,0,0,10.8599,NA,NA,0,NA,0,0,9.157,0,0,0,0,0,2.0153,NA,"3b","3b","1b","1b","1b","1b","1b","1b","1b","1b","1b","1b","1b","3b","1b","1b","1b","1b","1b","3b","1b","3b","1b","1b","1b","1b","3b","3b","1b","3b","1b","1b","1b","1b","1b","1b","1b","1b","1b","3b"
"2021-09-12 16:00:00","PM2.5",NA,0,0,510.7973,0,71.5665,19.0355,NA,0,0,NA,123.9836,0,0,5.4672,16.2589,0,0,2.7744,NA,0.6229,NA,0,0,0,NA,0.0424,0,0,NA,NA,0.2133,3.3487,0,0,0,0,0,7.8673,0,"3b","1b","1b","1b","1b","1b","1b","3b","1b","1b","3b","1b","1b","1b","1b","1b","1b","1b","1b","3b","1b","3b","1b","1b","1b","3b","1b","1b","1b","3b","3b","1b","1b","1b","1b","1b","1b","1b","1b","1b"
"2021-09-12 17:00:00","PM10",837.445,0,0,615.184,0,57.9826,85.9893,4.4499,0.0034,1.0765,1.49,382.4932,0,0,13.4453,10.3395,0,0,1.2519,NA,1.5228,NA,0,0,0,NA,NA,NA,0,NA,NA,0,5.8875,0,0,0,0,0,2.866,0,"1b","1b","1b","1b","1b","1b","1b","1b","1b","1b","1b","1b","1b","1b","1b","1b","1b","1b","1b","3b","1b","3b","1b","1b","1b","3b","3b","3b","1b","3b","3b","1b","1b","1b","1b","1b","1b","1b","1b","1b"
"2021-09-12 18:00:00","PM2.5",643.384,0,0,460.5919,0,38.9187,23.0604,1.6727,0,NA,NA,114.4084,0,0,3.9674,6.3488,0,0,2.3862,NA,1.3241,NA,0,0,0,13.5245,0,NA,NA,NA,NA,NA,NA,0,0,0,0,0,NA,0,"1b","1b","1b","1b","1b","1b","1b","1b","1b","3b","3b","1b","1b","1b","1b","1b","1b","1b","1b","3b","1b","3b","1b","1b","1b","1b","1b","3b","3b","3b","3b","3b","3b","1b","1b","1b","1b","1b","3b","1b"
"2021-09-12 19:00:00","PM10",869.1862,NA,0,638.0398,0,76.0046,121.2676,5.1338,0,2.2726,2.7753,264.1704,0,NA,6.6272,11.4364,0,0,1.9771,NA,2.0304,NA,0,0,0,9.2753,0,NA,0,NA,0,NA,NA,0,0,0,0,0,3.1702,0,"1b","3b","1b","1b","1b","1b","1b","1b","1b","1b","1b","1b","1b","3b","1b","1b","1b","1b","1b","3b","1b","3b","1b","1b","1b","1b","1b","3b","1b","3b","1b","3b","3b","1b","1b","1b","1b","1b","1b","1b"
"2021-09-12 20:00:00","PM2.5",NA,0,0,369.4531,0,67.6417,21.4087,1.5193,0,0.7434,NA,106.7536,0,NA,3.9395,7.5524,0,0,0.8456,0.4894,0.9533,NA,0,0,0,12.9854,NA,0,0,0,NA,0,NA,0,0,0,0,0,1.8991,0,"3b","1b","1b","1b","1b","1b","1b","1b","1b","1b","3b","1b","1b","3b","1b","1b","1b","1b","1b","1b","1b","3b","1b","1b","1b","1b","3b","1b","1b","1b","3b","1b","3b","1b","1b","1b","1b","1b","1b","1b"
"2021-09-12 21:00:00","PM10",NA,NA,0,512.4656,0,71.3691,100.6256,3.9399,0,0.8941,2.2929,251.9954,0,NA,6.6085,8.4579,0,0,1.4254,0.5774,1.6887,NA,0,0,0,10.4594,NA,NA,0,0,0,0,4.3938,0,0,0,0,0,1.4069,0,"3b","3b","1b","1b","1b","1b","1b","1b","1b","1b","1b","1b","1b","3b","1b","1b","1b","1b","1b","1b","1b","3b","1b","1b","1b","1b","3b","3b","1b","1b","1b","1b","1b","1b","1b","1b","1b","1b","1b","1b"
"2021-09-12 22:00:00","PM2.5",NA,0,0,305.1668,0,30.0006,18.5532,NA,0,NA,NA,74.4469,NA,0,2.0557,4.3489,0,0,1.0509,0.5166,0.7124,0,0,0,0,NA,NA,NA,0,0,NA,NA,NA,0,0,0,0,0,NA,0,"3b","1b","1b","1b","1b","1b","1b","3b","1b","3b","3b","1b","3b","1b","1b","1b","1b","1b","1b","1b","1b","1b","1b","1b","1b","3b","3b","3b","1b","1b","3b","3b","3b","1b","1b","1b","1b","1b","3b","1b"
"2021-09-12 23:00:00","PM10",0,0,0,306.1635,241.0592,73.8251,90.2817,6.0462,NA,NA,NA,144.3342,0,NA,3.4892,4.96,0,0,1.1611,0,1.2064,NA,0,NA,0,NA,NA,0,0,NA,NA,NA,NA,0,0,0,0,0,0,0,"1b","1b","1b","1b","1b","1b","1b","1b","3b","3b","3b","1b","1b","3b","1b","1b","1b","1b","1b","1b","1b","3b","1b","3b","1b","3b","3b","1b","1b","3b","3b","3b","3b","1b","1b","1b","1b","1b","1b","1b"
"2021-09-13 00:30:00","PM2.5",0,0,0,145.6234,81.6149,25.6137,16.6358,0,NA,0,0,14.1791,NA,0,NA,1.7655,0,0,NA,NA,NA,0,0,0,0,NA,NA,0,0,NA,0,NA,0,0,NA,0,0,0,0,0,"1b","1b","1b","1b","1b","1b","1b","1b","3b","1b","1b","1b","3b","1b","3b","1b","1b","1b","3b","3b","3b","1b","1b","1b","1b","3b","3b","1b","1b","3b","1b","3b","1b","1b","3b","1b","1b","1b","1b","1b"
"2021-09-13 01:00:00","PM10",580.0527,0,0,181.4432,727.5477,55.2349,76.6553,1.0013,NA,NA,0,36.4819,0,0,0.5391,1.5788,0,0,NA,NA,1.1321,NA,0,0,0,NA,0,NA,0,NA,NA,0,NA,0,0,0,0,0,0,0,"1b","1b","1b","1b","1b","1b","1b","1b","3b","3b","1b","1b","1b","1b","1b","1b","1b","1b","3b","3b","1b","3b","1b","1b","1b","E: Conc. Uncertainty","1b","3b","1b","3b","3b","1b","3b","1b","1b","1b","1b","1b","1b","1b"
"2021-09-13 02:00:00","PM2.5",NA,0,0,177.1602,149.0472,36.993,35.5772,2.1686,NA,0,0,9.4297,NA,0,0.6641,3.834,0,0,0.8268,0,0.8147,NA,0,0,0,NA,NA,NA,0,NA,0,NA,0,0,NA,0,0,0,1.1825,0,"3b","1b","1b","1b","1b","1b","1b","1b","3b","1b","1b","1b","3b","1b","1b","1b","1b","1b","1b","1b","1b","3b","1b","1b","1b","3b","3b","3b","1b","3b","1b","3b","1b","1b","3b","1b","1b","1b","1b","1b"
"2021-09-13 03:00:00","PM10",NA,0,0,244.9418,955.1549,60.7764,109.8204,6.3563,0,0.0018,0,32.8892,0,0,0.8739,4.429,0,0,0.7003,NA,0.9701,NA,0,0,0,14.6295,NA,0,0,NA,NA,0,0,0,0,0,0,0,1.6145,0,"3b","1b","1b","1b","1b","1b","1b","1b","1b","1b","1b","1b","1b","1b","1b","1b","1b","1b","1b","3b","1b","3b","1b","1b","1b","1b","3b","1b","1b","3b","3b","1b","1b","1b","1b","1b","1b","1b","1b","1b"
"2021-09-13 04:00:00","PM2.5",855.2432,0,0,191.2659,253.3086,36.6518,22.6536,1.4405,0,0,0,20.0848,0,0,0.7982,6.4278,0,0,1.2443,0,0.8719,NA,0,0,0,NA,0,NA,0,0,NA,NA,0,0,0,0,0,0,NA,0,"1b","1b","1b","1b","1b","1b","1b","1b","1b","1b","1b","1b","1b","1b","1b","1b","1b","1b","1b","1b","1b","3b","1b","1b","1b","3b","1b","3b","1b","1b","3b","3b","1b","1b","1b","1b","1b","1b","3b","1b"
"2021-09-13 05:00:00","PM10",NA,0,0,244.9382,1422.0862,81.7822,116.3498,1.6852,NA,NA,NA,67.0984,0,0,1.976,7.2935,0,0,0.7865,0,1.5205,NA,0,0,0,12.1574,0,NA,0,NA,0,0,4.7524,0,NA,0,0,0,0,0,"3b","1b","1b","1b","1b","1b","1b","1b","3b","3b","3b","1b","1b","1b","1b","1b","1b","1b","1b","1b","1b","3b","1b","1b","1b","1b","1b","3b","1b","3b","1b","1b","1b","1b","3b","1b","1b","1b","1b","1b"
"2021-09-13 06:00:00","PM2.5",NA,0,0,174.8614,325.2505,49.5761,30.857,NA,0,NA,0,50.9653,0,0,1.8884,3.7637,0,0,NA,NA,1.1941,NA,0,0,0,19.9013,0,0.0658,0,NA,NA,NA,3.0374,0,0,0,0,0,0,0,"3b","1b","1b","1b","1b","1b","1b","3b","1b","3b","1b","1b","1b","1b","1b","1b","1b","1b","3b","3b","1b","3b","1b","1b","1b","1b","1b","1b","1b","3b","3b","3b","1b","1b","1b","1b","1b","1b","1b","1b"
"2021-09-13 07:00:00","PM10",0,0,0,291.538,1784.5436,91.4601,137.858,1.5222,0,NA,0.8489,213.8687,0,0,6.3301,3.9307,0,0,0,NA,1.5439,NA,0,0,0,14.282,NA,0,0,NA,0,0,5.8238,0,0,0,0,0,0,0,"1b","1b","1b","1b","1b","1b","1b","1b","1b","3b","1b","1b","1b","1b","1b","1b","1b","1b","1b","3b","1b","3b","1b","1b","1b","1b","3b","1b","1b","3b","1b","1b","1b","1b","1b","1b","1b","1b","1b","1b"
"2021-09-13 08:00:00","PM2.5",NA,0,0,203.6473,413.0344,31.3003,52.4157,1.7096,0,NA,NA,74.1958,0,NA,2.3906,2.131,0,0,NA,0,1.2894,NA,0,0,0,14.1595,0,0,0,0,NA,NA,0,0,0,0,0,0,0,0,"3b","1b","1b","1b","1b","1b","1b","1b","1b","3b","3b","1b","1b","3b","1b","1b","1b","1b","3b","1b","1b","3b","1b","1b","1b","1b","1b","1b","1b","1b","3b","3b","1b","1b","1b","1b","1b","1b","1b","1b"
"2021-09-13 09:00:00","PM10",NA,NA,0,392.7782,1774.8737,89.9374,235.7565,4.3957,0,NA,0.8663,167.1225,0,NA,4.206,5.8682,0,0,3.6253,NA,1.9967,NA,0,0,0,20.9611,NA,0,0,NA,NA,0,NA,0,0,0,0,0,4.2226,0,"3b","3b","1b","1b","1b","1b","1b","1b","1b","3b","1b","1b","1b","3b","1b","1b","1b","1b","1b","3b","1b","3b","1b","1b","1b","1b","3b","1b","1b","3b","3b","1b","3b","1b","1b","1b","1b","1b","1b","1b"
"2021-09-13 10:00:00","PM2.5",NA,0,0,234.2796,284.1391,30.4199,56.6868,NA,0,NA,NA,48.1912,0,0,1.7751,2.5333,0,0,1.5261,0,1.1192,NA,0,0,0,NA,0,0,0,0,NA,NA,NA,0,0,0,0,0,0,0,"3b","1b","1b","1b","1b","1b","1b","3b","1b","3b","3b","1b","1b","1b","1b","1b","1b","1b","1b","1b","1b","3b","1b","1b","1b","3b","1b","1b","1b","1b","3b","3b","3b","1b","1b","1b","1b","1b","1b","1b"
"2021-09-13 11:00:00","PM10",NA,1.8271,0,297.7883,979.3689,77.1616,200.7533,5.2947,NA,NA,NA,143.4967,0,NA,4.0766,3.8358,0,0,1.3408,NA,1.6744,NA,0,0,0,10.7732,NA,0,0,0,NA,NA,NA,0,0,0,0,0,NA,0,"3b","1b","1b","1b","1b","1b","1b","1b","3b","3b","3b","1b","1b","3b","1b","1b","1b","1b","1b","3b","1b","3b","1b","1b","1b","1b","3b","1b","1b","1b","3b","3b","3b","1b","1b","1b","1b","1b","3b","1b"
"2021-09-13 12:00:00","PM2.5",990.3578,0,0,226.6346,185.8946,46.2042,47.8828,1.1906,NA,0,NA,51.1322,NA,0,1.8128,12.3845,0,0,1.6819,0,1.2283,NA,0,0,NA,11.8017,0,NA,0,0,0,NA,0,0,0,0,0,0,5.2956,0,"1b","1b","1b","1b","1b","1b","1b","1b","3b","1b","3b","1b","3b","1b","1b","1b","1b","1b","1b","1b","1b","3b","1b","1b","3b","1b","1b","3b","1b","1b","1b","3b","1b","1b","1b","1b","1b","1b","1b","1b"
"2021-09-13 13:00:00","PM10",0,NA,0,334.5884,547.4812,86.912,214.2747,6.5367,0,NA,1.4795,172.7692,0,0,3.2552,4.5565,0,0,0.9474,0,2.1232,NA,0,0,0,NA,0,0,0,0,0,NA,0,0,0,0,0,0,1.2517,0,"1b","3b","1b","1b","1b","1b","1b","1b","1b","3b","1b","1b","1b","1b","1b","1b","1b","1b","1b","1b","1b","3b","1b","1b","1b","3b","1b","1b","1b","1b","1b","3b","1b","1b","1b","1b","1b","1b","1b","1b"
"2021-09-13 14:00:00","PM2.5",NA,0,0,330.4346,0,38.9277,43.9251,1.0402,NA,NA,NA,61.7651,NA,NA,1.8548,3.8592,0,0,0.4883,0,1.7417,NA,0,0,0,NA,NA,NA,NA,NA,NA,NA,0,0,0,0,0,0,NA,0,"3b","1b","1b","1b","1b","1b","1b","1b","3b","3b","3b","1b","3b","3b","1b","1b","1b","1b","1b","1b","1b","3b","1b","1b","1b","3b","3b","3b","3b","3b","3b","3b","1b","1b","1b","1b","1b","1b","3b","1b"
"2021-09-13 15:00:00","PM10",NA,NA,0,450.1817,324.957,97.0127,242.142,5.9469,NA,NA,1.1315,200.7826,0,0,4.5833,7.5674,0,0,NA,0,2.232,NA,0,0,0,NA,0.0679,0,0,NA,NA,NA,NA,0,0,0,0,0,NA,0,"3b","3b","1b","1b","1b","1b","1b","1b","3b","3b","1b","1b","1b","1b","1b","1b","1b","1b","3b","1b","1b","3b","1b","1b","1b","3b","1b","1b","1b","3b","3b","3b","3b","1b","1b","1b","1b","1b","3b","1b"
"2021-09-13 16:00:00","PM2.5",NA,0,0,376.4167,0,49.818,45.767,1.6675,NA,NA,NA,73.8004,0,NA,2.323,4.548,0,0,0.7575,0,1.6088,NA,0,0,0,0,0,NA,0,NA,NA,0,NA,0,NA,0,0,0,1.677,0,"3b","1b","1b","1b","1b","1b","1b","1b","3b","3b","3b","1b","1b","3b","1b","1b","1b","1b","1b","1b","1b","3b","1b","1b","1b","1b","1b","3b","1b","3b","3b","1b","3b","1b","3b","1b","1b","1b","1b","1b"
"2021-09-13 17:00:00","PM10",NA,NA,0,492.6187,170.4489,367.6826,269.7989,7.9328,NA,NA,2.7462,272.5584,0,0,6.4111,9.6639,0,0,1.3552,NA,2.7566,NA,0,0,0,NA,NA,NA,0,NA,NA,0,3.336,0,0,0,0,0,1.3647,0,"3b","3b","1b","1b","1b","1b","1b","1b","3b","3b","1b","1b","1b","1b","1b","1b","1b","1b","1b","3b","1b","3b","1b","1b","1b","3b","3b","3b","1b","3b","3b","1b","1b","1b","1b","1b","1b","1b","1b","1b"
"2021-09-13 18:00:00","PM2.5",868.7674,0,0,448.5476,0,80.3198,44.7482,1.1327,0,NA,NA,103.5848,0,NA,3.5861,15.1684,0,0,4.6049,0,2.6361,NA,0,0,0,NA,NA,NA,0,0,NA,NA,NA,0,0,0,0,0,1.6022,0,"1b","1b","1b","1b","1b","1b","1b","1b","1b","3b","3b","1b","1b","3b","1b","1b","1b","1b","1b","1b","1b","3b","1b","1b","1b","3b","3b","3b","1b","1b","3b","3b","3b","1b","1b","1b","1b","1b","1b","1b"
"2021-09-13 19:00:00","PM10",NA,170.2494,0,462.9336,129.9188,125.0456,245.7909,8.6018,NA,0.8261,2.5164,316.0164,0,0,7.5247,17.7461,0,0,11.5424,0,3.2189,NA,0,NA,0,NA,NA,0,0,NA,NA,NA,4.5666,0,0,0,0,0,1.1356,0,"3b","1b","1b","1b","1b","1b","1b","1b","3b","1b","1b","1b","1b","1b","1b","1b","1b","1b","1b","1b","1b","3b","1b","3b","1b","3b","3b","1b","1b","3b","3b","3b","1b","1b","1b","1b","1b","1b","1b","1b"
"2021-09-13 20:00:00","PM2.5",944.6454,0,0,354.7243,0,88.1512,50.0119,1.7643,NA,NA,NA,110.8688,0,0,3.6083,7.4248,0,0,3.3294,0,3.6336,NA,0,0,0,NA,NA,NA,0,NA,NA,0,3.093,0,0,0,0,0,NA,0,"1b","1b","1b","1b","1b","1b","1b","1b","3b","3b","3b","1b","1b","1b","1b","1b","1b","1b","1b","1b","1b","3b","1b","1b","1b","3b","3b","3b","1b","3b","3b","1b","1b","1b","1b","1b","1b","1b","3b","1b"
"2021-09-13 21:00:00","PM10",NA,NA,0,355.1977,143.9034,113.2616,199.3801,6.12,0,0.6727,1.0321,200.0225,0,NA,5.4555,9.335,0,0,0.9926,NA,2.5655,NA,0,0,0,NA,NA,NA,0,NA,NA,NA,NA,0,0,0,0,0,1.9394,0,"3b","3b","1b","1b","1b","1b","1b","1b","1b","1b","1b","1b","1b","3b","1b","1b","1b","1b","1b","3b","1b","3b","1b","1b","1b","3b","3b","3b","1b","3b","3b","3b","3b","1b","1b","1b","1b","1b","1b","1b"
"2021-09-13 22:00:00","PM2.5",NA,0,0,255.0303,0,99.1008,28.7285,1.4778,NA,0,NA,55.3736,0,0,1.7624,3.2246,0,0,1.377,NA,1.2812,0,0,0,0,NA,NA,NA,0,0,0,NA,0.0125,0,0,0,0,0,2.6147,0,"3b","1b","1b","1b","1b","1b","1b","1b","3b","1b","3b","1b","1b","1b","1b","1b","1b","1b","1b","3b","1b","1b","1b","1b","1b","3b","3b","3b","1b","1b","1b","3b","1b","1b","1b","1b","1b","1b","1b","1b"
"2021-09-13 23:00:00","PM10",NA,NA,0,303.733,237.8978,108.122,118.7218,4.93,0,0,NA,135.7347,NA,0,3.5171,3.808,0,0,0.6074,NA,1.1576,NA,0,0,NA,20.574,NA,0,0,NA,NA,NA,NA,0,0,0,0,0,0,0,"3b","3b","1b","1b","1b","1b","1b","1b","1b","1b","3b","1b","3b","1b","1b","1b","1b","1b","1b","3b","1b","3b","1b","1b","3b","1b","3b","1b","1b","3b","3b","3b","3b","1b","1b","1b","1b","1b","1b","1b"
"2021-09-14 00:30:00","PM2.5",NA,0,0,200.535,0,62.3531,14.0851,0,0,0,0,28.5471,0,0,1.4566,3.4653,0,0,NA,NA,1.3716,NA,0,0,0,NA,0.0514,NA,0,0,NA,NA,NA,0,NA,0,0,0,NA,0,"3b","1b","1b","1b","1b","1b","1b","1b","1b","1b","1b","1b","1b","1b","1b","1b","1b","1b","3b","3b","1b","3b","1b","1b","1b","3b","1b","3b","1b","1b","3b","3b","3b","1b","3b","1b","1b","1b","3b","1b"
"2021-09-14 01:00:00","PM10",NA,NA,0,237.8565,151.8698,96.7093,89.9197,4.9459,0,0,NA,95.0387,0,0,2.5187,4.9463,0,0,1.3738,0,0.9056,NA,0,0,0,NA,0,0,0,0,NA,NA,NA,0,NA,0,0,0,1.104,0,"3b","3b","1b","1b","1b","1b","1b","1b","1b","1b","3b","1b","1b","1b","1b","1b","1b","1b","1b","1b","1b","3b","1b","1b","1b","3b","1b","1b","1b","1b","3b","3b","3b","1b","3b","1b","1b","1b","1b","1b"
"2021-09-14 02:00:00","PM2.5",NA,0,0,186.7229,7.9968,48.8139,20.2513,1.5531,0,0,NA,36.896,0,0,1.3462,6.8311,0,0,0.3921,0,0.9414,NA,0,0,0,NA,NA,NA,0,0,NA,NA,0,0,0,0,0,0,1.894,0,"3b","1b","1b","1b","1b","1b","1b","1b","1b","1b","3b","1b","1b","1b","1b","1b","1b","1b","1b","1b","1b","3b","1b","1b","1b","3b","3b","3b","1b","1b","3b","3b","1b","1b","1b","1b","1b","1b","1b","1b"
"2021-09-14 03:00:00","PM10",NA,NA,0,263.2148,300.6788,85.5704,143.6834,5.0336,NA,0,0.9278,133.7056,0,NA,3.1272,6.4195,0,0,1.0693,NA,1.615,NA,0,0,0,NA,0,NA,0,0,NA,NA,0,0,NA,0,0,0,NA,0,"3b","3b","1b","1b","1b","1b","1b","1b","3b","1b","1b","1b","1b","3b","1b","1b","1b","1b","1b","3b","1b","3b","1b","1b","1b","3b","1b","3b","1b","1b","3b","3b","1b","1b","3b","1b","1b","1b","3b","1b"
"2021-09-14 04:00:00","PM2.5",NA,0,0,282.6427,0,280.6999,28.3688,1.5466,0,0,NA,52.0454,0,0,1.6386,6.8589,0,0,0.8783,0,2.2613,0,0,0,0,15.0531,0,NA,0,NA,NA,NA,NA,0,0,0,0,0,NA,0,"3b","1b","1b","1b","1b","1b","1b","1b","1b","1b","3b","1b","1b","1b","1b","1b","1b","1b","1b","1b","1b","1b","1b","1b","1b","1b","1b","3b","1b","3b","3b","3b","3b","1b","1b","1b","1b","1b","3b","1b"
"2021-09-14 05:00:00","PM10",NA,NA,0,390.0222,438.5858,111.6164,182.2922,4.8567,NA,NA,2.1441,233.5707,NA,0,5.9382,34.5898,0,0,1.0157,NA,2.9654,1.5133,0,0,0,9.4566,NA,0,NA,0,0,0,NA,0,0,0,0,0,0,0,"3b","3b","1b","1b","1b","1b","1b","1b","3b","3b","1b","1b","3b","1b","1b","1b","1b","1b","1b","3b","1b","1b","1b","1b","1b","1b","3b","1b","3b","1b","1b","1b","3b","1b","1b","1b","1b","1b","1b","1b"
"2021-09-14 06:00:00","PM2.5",NA,0,0,529.4098,0,34.1128,31.0406,NA,0,NA,NA,105.6037,0,NA,4.0188,28.4815,0,0,0.7867,NA,2.5588,NA,0,0,0,16.7834,NA,0,0,NA,NA,NA,NA,0,0,0,0,0,NA,0,"3b","1b","1b","1b","1b","1b","1b","3b","1b","3b","3b","1b","1b","3b","1b","1b","1b","1b","1b","3b","1b","3b","1b","1b","1b","1b","3b","1b","1b","3b","3b","3b","3b","1b","1b","1b","1b","1b","3b","1b"
"2021-09-14 07:00:00","PM10",868.5577,0,0,573.1853,172.0583,57.4985,135.2237,5.5857,NA,1.372,1.5532,334.6171,0,0,9.9546,16.725,0,0,0.9439,0,2.983,NA,0,0,0,0,NA,0.0341,0,NA,0,0,5.4815,0,0,0,0,0,1.1188,0,"1b","1b","1b","1b","1b","1b","1b","1b","3b","1b","1b","1b","1b","1b","1b","1b","1b","1b","1b","1b","1b","3b","1b","1b","1b","1b","3b","1b","1b","3b","1b","1b","1b","1b","1b","1b","1b","1b","1b","1b"
"2021-09-14 08:00:00","PM2.5",1005.77,0,0,454.5963,0,30.7209,46.1416,3.2997,NA,NA,NA,151.2244,0,0,4.8729,21.9733,0,0,1.441,0,1.9111,NA,0,0,0,NA,NA,0,0,0,NA,NA,0,0,0,0,0,0,NA,0,"1b","1b","1b","1b","1b","1b","1b","1b","3b","3b","3b","1b","1b","1b","1b","1b","1b","1b","1b","1b","1b","3b","1b","1b","1b","3b","3b","1b","1b","1b","3b","3b","1b","1b","1b","1b","1b","1b","3b","1b"
"2021-09-14 09:00:00","PM10",NA,NA,0,539.3806,222.9492,87.4324,264.398,8.787,NA,0.9954,2.9884,332.1403,0,NA,10.0715,43.3257,0,0,4.8249,NA,3.6009,2.1363,0,0,0,NA,NA,NA,0,NA,NA,NA,10.2288,0,0,0,0,0,3.9305,0,"3b","3b","1b","1b","1b","1b","1b","1b","3b","1b","1b","1b","1b","3b","1b","1b","1b","1b","1b","3b","1b","1b","1b","1b","1b","3b","3b","3b","1b","3b","3b","3b","1b","1b","1b","1b","1b","1b","1b","1b"
"2021-09-14 10:00:00","PM2.5",0,0,0,547.311,0,45.418,101.2329,2.5383,NA,NA,1.1184,137.7206,0,NA,4.8254,33.0298,0,0,2.6183,NA,1.9345,NA,0,NA,0,11.8293,NA,NA,0,0,NA,NA,NA,0,0,0,0,0,2.8673,0,"1b","1b","1b","1b","1b","1b","1b","1b","3b","3b","1b","1b","1b","3b","1b","1b","1b","1b","1b","3b","1b","3b","1b","3b","1b","1b","3b","3b","1b","1b","3b","3b","3b","1b","1b","1b","1b","1b","1b","1b"
"2021-09-14 11:00:00","PM10",NA,NA,0,631.2345,0,57.7286,133.4836,4.3978,0,NA,1.662,244.4966,0,0,7.2239,15.1505,0,0,2.1418,0.003,0.956,NA,0,0,0,10.9613,0,0,0,0,0,0,4.8398,0,0,0,0,0,3.1796,0,"3b","3b","1b","1b","1b","1b","1b","1b","1b","3b","1b","1b","1b","1b","1b","1b","1b","1b","1b","1b","1b","3b","1b","1b","1b","1b","1b","1b","1b","1b","1b","1b","1b","1b","1b","1b","1b","1b","1b","1b"
"2021-09-14 12:00:00","PM2.5",NA,0,0,418.8737,0,31.5783,33.9388,1.1873,0,NA,0.9485,103.6921,0,NA,4.354,11.3257,0,0,1.8087,0,2.2805,NA,0,0,0,NA,0,0,0,NA,NA,NA,NA,0,0,0,0,0,1.5689,0,"3b","1b","1b","1b","1b","1b","1b","1b","1b","3b","1b","1b","1b","3b","1b","1b","1b","1b","1b","1b","1b","3b","1b","1b","1b","3b","1b","1b","1b","3b","3b","3b","3b","1b","1b","1b","1b","1b","1b","1b"
"2021-09-14 13:00:00","PM10",633.8888,NA,0,389.2638,0,53.1098,111.3562,4.935,NA,NA,1.8014,198.3135,0,NA,7.4415,12.8831,0,0,1.9129,0,1.1601,NA,0,0,0,18.2807,NA,NA,0,0,0,NA,NA,0,0,0,0,0,5.4228,0,"1b","3b","1b","1b","1b","1b","1b","1b","3b","3b","1b","1b","1b","3b","1b","1b","1b","1b","1b","1b","1b","3b","1b","1b","1b","1b","3b","3b","1b","1b","1b","3b","3b","1b","1b","1b","1b","1b","1b","1b"
"2021-09-14 14:00:00","PM2.5",0,0,0,431.5931,0,35.4448,28.308,1.7051,NA,NA,1.2288,105.9308,0,5e-04,3.1523,10.7185,0,0,1.712,NA,1.6008,0,0,0,0,NA,NA,NA,0,NA,NA,0,NA,0,0,0,0,0,10.5526,0,"1b","1b","1b","1b","1b","1b","1b","1b","3b","3b","1b","1b","1b","1b","1b","1b","1b","1b","1b","3b","1b","1b","1b","1b","1b","3b","3b","3b","1b","3b","3b","1b","3b","1b","1b","1b","1b","1b","1b","1b"
"2021-09-14 15:00:00","PM10",NA,NA,0,606.2419,0,78.198,76.1745,6.4293,NA,1.0403,3.0955,304.0796,0,NA,9.9547,25.5648,0,0,2.3593,0,1.9602,NA,0,0,0,21.5584,NA,0,0,0,0,NA,3.6249,0,0,0,0,0,21.518,0,"3b","3b","1b","1b","1b","1b","1b","1b","3b","1b","1b","1b","1b","3b","1b","1b","1b","1b","1b","1b","1b","3b","1b","1b","1b","1b","3b","1b","1b","1b","1b","3b","1b","1b","1b","1b","1b","1b","1b","1b"
"2021-09-14 16:00:00","PM2.5",1225.9434,0,0,553.8708,0,38.1958,16.8085,3.695,NA,NA,1.1955,121.3114,0,NA,4.6965,14.0632,0,0,2.1441,NA,1.9732,NA,0,0,0,13.5455,NA,NA,0,NA,0,0,NA,0,0,0,0,0,12.4606,0,"1b","1b","1b","1b","1b","1b","1b","1b","3b","3b","1b","1b","1b","3b","1b","1b","1b","1b","1b","3b","1b","3b","1b","1b","1b","1b","3b","3b","1b","3b","1b","1b","3b","1b","1b","1b","1b","1b","1b","1b"
"2021-09-14 17:00:00","PM10",759.0611,0,0,608.0094,0,65.0105,93.654,4.5551,0,0.963,2.4779,293.4976,0,NA,10.4604,20.9673,0,0,1.3389,0.4823,1.7278,NA,0,0,0,11.764,NA,0,0,NA,NA,NA,5.4986,0,0,0,0,0,3.6867,0,"1b","1b","1b","1b","1b","1b","1b","1b","1b","1b","1b","1b","1b","3b","1b","1b","1b","1b","1b","1b","1b","3b","1b","1b","1b","1b","3b","1b","1b","3b","3b","3b","1b","1b","1b","1b","1b","1b","1b","1b"
"2021-09-14 18:00:00","PM2.5",NA,0,0,467.0259,0,32.6777,16.3665,1.5561,0,NA,NA,105.4915,NA,0.6313,4.8224,17.1339,0,0,1.2276,NA,1.947,NA,0,0,0,NA,NA,0,0,0,NA,NA,NA,0,0,0,0,0,5.0429,0,"3b","1b","1b","1b","1b","1b","1b","1b","1b","3b","3b","1b","3b","1b","1b","1b","1b","1b","1b","3b","1b","3b","1b","1b","1b","3b","3b","1b","1b","1b","3b","3b","3b","1b","1b","1b","1b","1b","1b","1b"
"2021-09-14 19:00:00","PM10",1155.5983,0,NA,425.7293,0,46.7074,38.7408,3.0461,0,0.7501,1.147,224.8442,0,NA,9.2729,9.6237,0,0,0.4118,NA,1.4501,NA,0,0,0,NA,0,NA,0,0,NA,NA,3.9118,0,0,0,0,0,2.8338,0,"1b","1b","3b","1b","1b","1b","1b","1b","1b","1b","1b","1b","1b","3b","1b","1b","1b","1b","1b","3b","1b","3b","1b","1b","1b","3b","1b","3b","1b","1b","3b","3b","1b","1b","1b","1b","1b","1b","1b","1b"
"2021-09-14 20:00:00","PM2.5",824.892,0,0,411.6179,0,27.4377,12.9297,2.7295,0,NA,1.657,87.8511,NA,NA,3.6257,8.9846,0,0,1.5008,NA,1.2093,NA,0,0,0,16.5765,NA,NA,0,NA,NA,0,NA,0,0,0,0,0,3.2316,0,"1b","1b","1b","1b","1b","1b","1b","1b","1b","3b","1b","1b","3b","3b","1b","1b","1b","1b","1b","3b","1b","3b","1b","1b","1b","1b","3b","3b","1b","3b","3b","1b","3b","1b","1b","1b","1b","1b","1b","1b"
"2021-09-14 21:00:00","PM10",675.9022,0,NA,524.2742,0,68.9909,72.5143,5.1871,0.8447,1.921,3.5447,236.4018,0,NA,8.7802,13.4521,0,0,2.3148,NA,2.0029,0,0,0,0,25.2107,0,0,0,NA,NA,0,NA,0,0,0,0,0,1.676,0,"1b","1b","3b","1b","1b","1b","1b","1b","1b","1b","1b","1b","1b","3b","1b","1b","1b","1b","1b","3b","1b","1b","1b","1b","1b","1b","1b","1b","1b","3b","3b","1b","3b","1b","1b","1b","1b","1b","1b","1b"
"2021-09-14 22:00:00","PM2.5",NA,0,0,539.1408,0,37.4972,15.2501,2.7037,NA,2.0079,2.4134,114.9302,0,0.6904,3.8513,18.8922,0,0,1.6798,NA,2.2314,0,0,0,0,11.8499,NA,NA,0,NA,NA,NA,NA,0,0,0,0,0,4.4512,0,"3b","1b","1b","1b","1b","1b","1b","1b","3b","1b","1b","1b","1b","1b","1b","1b","1b","1b","1b","3b","1b","1b","1b","1b","1b","1b","3b","3b","1b","3b","3b","3b","3b","1b","1b","1b","1b","1b","1b","1b"
"2021-09-14 23:00:00","PM10",NA,0,0,495.0181,0,66.5335,34.9334,3.4873,0,2.168,1.7766,119.6307,0,NA,3.4073,21.5305,0,0,2.0704,NA,2.584,NA,NA,0,0,NA,NA,0,NA,NA,NA,NA,NA,0,0,0,0,0,NA,0,"3b","1b","1b","1b","1b","1b","1b","1b","1b","1b","1b","1b","1b","3b","1b","1b","1b","1b","1b","3b","1b","3b","3b","1b","1b","3b","3b","1b","3b","3b","3b","3b","3b","1b","1b","1b","1b","1b","3b","1b"
"2021-09-15 00:30:00","PM2.5",1510.5568,0,0,724.2747,0,44.8267,17.3856,2.3121,NA,4.2937,2.5398,84.1714,0,1.0714,4.278,44.0394,0,0,2.5,NA,2.5327,NA,0,0,0,NA,NA,0,0,0,NA,NA,0,0,0,0,0,0,2.8198,0,"1b","1b","1b","1b","1b","1b","1b","1b","3b","1b","1b","1b","1b","1b","1b","1b","1b","1b","1b","3b","1b","3b","1b","1b","1b","3b","3b","1b","1b","1b","3b","3b","1b","1b","1b","1b","1b","1b","1b","1b"
"2021-09-15 01:00:00","PM10",797.4413,0,0,856.9976,0,115.5064,88.4862,5.0299,NA,8.4269,7.4282,191.2934,0,1.7326,8.1317,55.3342,0,0,2.7912,0.7548,5.026,NA,0,0,0,NA,NA,NA,0,0,NA,NA,0,0,0,0,0,0,9.0144,0,"1b","1b","1b","1b","1b","1b","1b","1b","3b","1b","1b","1b","1b","1b","1b","1b","1b","1b","1b","1b","1b","3b","1b","1b","1b","3b","3b","3b","1b","1b","3b","3b","1b","1b","1b","1b","1b","1b","1b","1b"
"2021-09-15 02:00:00","PM2.5",NA,0,0,814.3955,0,69.1008,14.5586,2.0605,NA,1.0888,3.964,113.1625,0,NA,9.4969,34.7096,0,0,3.1109,0.5092,7.1051,NA,0,0,0,NA,NA,0,0,0,NA,0,0,0,0,0,0,0,6.57,0,"3b","1b","1b","1b","1b","1b","1b","1b","3b","1b","1b","1b","1b","3b","1b","1b","1b","1b","1b","1b","1b","3b","1b","1b","1b","3b","3b","1b","1b","1b","3b","1b","1b","1b","1b","1b","1b","1b","1b","1b"
"2021-09-15 03:00:00","PM10",NA,0,NA,864.3377,0,88.3352,83.7083,3.8517,NA,NA,1.7618,110.5178,0,NA,11.4742,53.6788,0,0,2.7464,0.6342,6.3636,NA,0,0,0,NA,NA,0,0,0,NA,NA,2.8614,0,0,0,0,0,9.918,0,"3b","1b","3b","1b","1b","1b","1b","1b","3b","3b","1b","1b","1b","3b","1b","1b","1b","1b","1b","1b","1b","3b","1b","1b","1b","3b","3b","1b","1b","1b","3b","3b","1b","1b","1b","1b","1b","1b","1b","1b"
"2021-09-15 04:00:00","PM2.5",NA,0,NA,463.2411,0,41.8449,7.4142,1.009,NA,NA,NA,36.6805,0,0,4.5087,19.1444,0,0,2.2054,NA,2.3838,NA,0,NA,0,12.0787,NA,0,0,0,NA,NA,0.0348,0,0,0,0,0,1.8338,0,"3b","1b","3b","1b","1b","1b","1b","1b","3b","3b","3b","1b","1b","1b","1b","1b","1b","1b","1b","3b","1b","3b","1b","3b","1b","1b","3b","1b","1b","1b","3b","3b","1b","1b","1b","1b","1b","1b","1b","1b"
"2021-09-15 05:00:00","PM10",NA,0,0,528.7638,0,57.8218,20.0536,8.406,0,NA,NA,135.9284,0,0,3.751,81.7885,0,0,1.7611,0,1.6808,NA,0,0,0,NA,NA,0,0,NA,NA,NA,NA,0,0,0,0,0,1.0506,17.0569,"3b","1b","1b","1b","1b","1b","1b","1b","1b","3b","3b","1b","1b","1b","1b","1b","1b","1b","1b","1b","1b","3b","1b","1b","1b","3b","3b","1b","1b","3b","3b","3b","3b","1b","1b","1b","1b","1b","1b","1b"
"2021-09-15 06:00:00","PM2.5",900.2217,0,0,273.6618,0,43.9422,4.3144,1.411,NA,NA,NA,73.4745,0,0,1.9421,50.2246,0,0,0.8726,0,0.595,0,0,0,0,NA,0.0762,NA,0,0,0,NA,NA,0,0,0,0,0,0,13.5141,"1b","1b","1b","1b","1b","1b","1b","1b","3b","3b","3b","1b","1b","1b","1b","1b","1b","1b","1b","1b","1b","1b","1b","1b","1b","3b","1b","3b","1b","1b","1b","3b","3b","1b","1b","1b","1b","1b","1b","1b"
"2021-09-15 07:00:00","PM10",NA,0,NA,448.1936,0,33.0425,41.5669,3.5694,0,0.6656,0.9719,212.3057,NA,0,6.9077,9.5265,0,0,0.7373,0,0.8409,NA,0,0,0,16.5253,NA,NA,0,NA,NA,NA,3.6112,0,0,0,0,0,0,0,"3b","1b","3b","1b","1b","1b","1b","1b","1b","1b","1b","1b","3b","1b","1b","1b","1b","1b","1b","1b","1b","3b","1b","1b","1b","1b","3b","3b","1b","3b","3b","3b","1b","1b","1b","1b","1b","1b","1b","1b"
"2021-09-15 08:00:00","PM2.5",694.4731,0,0,499.1234,0,24.3982,35.2741,NA,0,0,NA,100.5521,0,0,2.9096,52.2247,0,0,1.7134,0,0.7841,0,0,0,0,9.8423,NA,0,0,NA,NA,NA,NA,0,0,0,0,0,1.5726,16.9756,"1b","1b","1b","1b","1b","1b","1b","3b","1b","1b","3b","1b","1b","1b","1b","1b","1b","1b","1b","1b","1b","1b","1b","1b","1b","1b","3b","1b","1b","3b","3b","3b","3b","1b","1b","1b","1b","1b","1b","1b"
"2021-09-15 09:00:00","PM10",NA,NA,0,554.209,0,73.9951,186.2592,12.3443,0,1.4515,4.9374,403.4756,0,0,13.563,67.9393,0,0,2.0152,0,1.5587,NA,0,0,0,12.666,NA,NA,0,0,NA,0,6.0714,0,0,0,0,0,2.6223,18.6984,"3b","3b","1b","1b","1b","1b","1b","1b","1b","1b","1b","1b","1b","1b","1b","1b","1b","1b","1b","1b","1b","3b","1b","1b","1b","1b","3b","3b","1b","1b","3b","1b","1b","1b","1b","1b","1b","1b","1b","1b"
"2021-09-15 10:00:00","PM2.5",NA,0,0,516.0117,0,86.5123,31.9598,1.7487,0,NA,2.4241,150.9777,0,0,7.62,54.8416,0,0,2.5031,NA,1.1006,NA,0,0,0,16.1883,NA,0,0,NA,NA,NA,3.5878,0,0,0,0,0,1.0739,0,"3b","1b","1b","1b","1b","1b","1b","1b","1b","3b","1b","1b","1b","1b","1b","1b","1b","1b","1b","3b","1b","3b","1b","1b","1b","1b","3b","1b","1b","3b","3b","3b","1b","1b","1b","1b","1b","1b","1b","1b"
"2021-09-15 11:00:00","PM10",NA,NA,0,649.164,0,67.2231,108.7567,5.6763,NA,NA,1.7621,206.1344,0,0,11.0785,49.5057,0,0,2.5971,0.619,1.768,NA,0,0,0,NA,NA,NA,0,NA,0,NA,NA,0,0,0,0,0,23.891,0,"3b","3b","1b","1b","1b","1b","1b","1b","3b","3b","1b","1b","1b","1b","1b","1b","1b","1b","1b","1b","1b","3b","1b","1b","1b","3b","3b","3b","1b","3b","1b","3b","3b","1b","1b","1b","1b","1b","1b","1b"
"2021-09-15 12:00:00","PM2.5",NA,0,0,335.6263,0,21.4793,39.8373,1.339,0,NA,NA,62.6156,0,0,2.6381,8.0767,0,0,1.1872,NA,0.9977,0,0,0,0,10.6111,13.4106,0,0,0,NA,NA,NA,0,0,0,0,0,1.0581,0,"3b","1b","1b","1b","1b","1b","1b","1b","1b","3b","3b","1b","1b","1b","1b","1b","1b","1b","1b","3b","1b","1b","1b","1b","1b","1b","1b","1b","1b","1b","3b","3b","3b","1b","1b","1b","1b","1b","1b","1b"
"2021-09-15 13:00:00","PM10",970.4339,NA,0,266.5218,0,48.7961,131.8942,5.4384,0,NA,1.6847,171.4183,0,NA,5.3121,25.6712,0,0,1.0379,NA,4.0081,NA,0,0,0,9.6422,NA,0,0,0,NA,0,NA,0,0,0,0,0,0.9135,0,"1b","3b","1b","1b","1b","1b","1b","1b","1b","3b","1b","1b","1b","3b","1b","1b","1b","1b","1b","3b","1b","3b","1b","1b","1b","1b","3b","1b","1b","1b","3b","1b","3b","1b","1b","1b","1b","1b","1b","1b"
"2021-09-15 14:00:00","PM2.5",800.6414,0,0,361.0179,0,24.2978,52.152,3.1301,0,NA,0.8799,101.2401,0,0,5.2366,19.2532,0,0,0.9431,NA,1.1706,NA,0,NA,0,15.1725,0,NA,0,NA,0,NA,NA,0,0,0,0,0,1.0337,0,"1b","1b","1b","1b","1b","1b","1b","1b","1b","3b","1b","1b","1b","1b","1b","1b","1b","1b","1b","3b","1b","3b","1b","3b","1b","1b","1b","3b","1b","3b","1b","3b","3b","1b","1b","1b","1b","1b","1b","1b"
"2021-09-15 15:00:00","PM10",NA,NA,0,588.3511,0,67.6288,165.1934,9.9175,0,0.8159,3.9759,299.442,0,0,10.7103,23.3952,0,0,1.4688,1.2152,1.4702,NA,0,0,0,8.804,NA,NA,0,0,NA,NA,2.8848,0,0,0,0,0,3.1862,0,"3b","3b","1b","1b","1b","1b","1b","1b","1b","1b","1b","1b","1b","1b","1b","1b","1b","1b","1b","1b","1b","3b","1b","1b","1b","1b","3b","3b","1b","1b","3b","3b","1b","1b","1b","1b","1b","1b","1b","1b"
"2021-09-15 16:00:00","PM2.5",NA,0,0,404.242,0,30.5611,24.8007,1.3978,0,NA,NA,83.0018,0,0,4.7598,8.9712,0,0,0.5202,NA,1.8084,0,0,0,0,0,0,NA,0,0,NA,0,NA,0,0,0,0,0,2.4602,0,"3b","1b","1b","1b","1b","1b","1b","1b","1b","3b","3b","1b","1b","1b","1b","1b","1b","1b","1b","3b","1b","1b","1b","1b","1b","1b","1b","3b","1b","1b","3b","1b","3b","1b","1b","1b","1b","1b","1b","1b"
"2021-09-15 17:00:00","PM10",706.282,0,0,586.6334,0,52.9981,82.8465,5.8295,0,0.9868,0.9828,274.9973,NA,NA,9.3083,9.5533,0,0,1.2841,1.382,1.8833,NA,0,0,0,NA,NA,0,0,NA,NA,NA,3.7629,0,0,0,0,0,NA,0,"1b","1b","1b","1b","1b","1b","1b","1b","1b","1b","1b","1b","3b","3b","1b","1b","1b","1b","1b","1b","1b","3b","1b","1b","1b","3b","3b","1b","1b","3b","3b","3b","1b","1b","1b","1b","1b","1b","3b","1b"
"2021-09-15 18:00:00","PM2.5",837.9844,0,0,632.3254,0,32.0386,27.9336,5.9951,0,NA,0.9993,300.988,0,0,34.4153,23.9986,0,0,0.9908,1.4553,2.0787,1.5138,0,0,0,12.3902,NA,NA,0,NA,NA,NA,16.5928,0,0,0,0,0,1.6463,0,"1b","1b","1b","1b","1b","1b","1b","1b","1b","3b","1b","1b","1b","1b","1b","1b","1b","1b","1b","1b","1b","1b","1b","1b","1b","1b","3b","3b","1b","3b","3b","3b","1b","1b","1b","1b","1b","1b","1b","1b"
"2021-09-15 19:00:00","PM10",773.3281,NA,0,762.588,0,63.2966,155.1789,10.5061,0,1.7376,4.9344,873.8135,0,0,50.131,62.9206,0,0,2.2197,1.7944,58.623,NA,0,NA,0,11.0729,NA,0,0,NA,NA,NA,24.8872,0,0,0,0,0,6.079,0,"1b","3b","1b","1b","1b","1b","1b","1b","1b","1b","1b","1b","1b","1b","1b","1b","1b","1b","1b","1b","1b","3b","1b","3b","1b","1b","3b","1b","1b","3b","3b","3b","1b","1b","1b","1b","1b","1b","1b","1b"
"2021-09-15 20:00:00","PM2.5",1464.5262,0,0,729.4383,0,44.6478,36.3331,4.3253,0,NA,1.8172,393.6567,0,0,33.2918,57.1298,0,0,2.9103,1.075,92.953,NA,0,0,0,0,NA,NA,0,0,NA,NA,14.3617,0,0,0,0,0,17.588,0,"1b","1b","1b","1b","1b","1b","1b","1b","1b","3b","1b","1b","1b","1b","1b","1b","1b","1b","1b","1b","1b","3b","1b","1b","1b","1b","3b","3b","1b","1b","3b","3b","1b","1b","1b","1b","1b","1b","1b","1b"
"2021-09-15 21:00:00","PM10",898.8056,2.0941,0,781.7274,0,89.498,121.8537,12.0261,0,1.7084,6.7225,1140.1131,0,0,80.8634,55.697,0,0,4.4559,1.3329,59.2024,NA,0,2.5566,0,17.1175,NA,0,0,NA,NA,NA,37.606,0,0,0,0,0,24.3952,0,"1b","1b","1b","1b","1b","1b","1b","1b","1b","1b","1b","1b","1b","1b","1b","1b","1b","1b","1b","1b","1b","3b","1b","1b","1b","1b","3b","1b","1b","3b","3b","3b","1b","1b","1b","1b","1b","1b","1b","1b"
"2021-09-15 22:00:00","PM2.5",NA,0,0,562.567,0,63.1507,24.0305,2.8697,0,NA,1.8583,347.4926,0,0,30.4665,22.4388,0,0,3.2929,0.5957,11.5437,NA,0,0,0,16.3817,NA,0,0,NA,0,0,10.5154,0,0,0,0,0,13.8596,0,"3b","1b","1b","1b","1b","1b","1b","1b","1b","3b","1b","1b","1b","1b","1b","1b","1b","1b","1b","1b","1b","3b","1b","1b","1b","1b","3b","1b","1b","3b","1b","1b","1b","1b","1b","1b","1b","1b","1b","1b"
"2021-09-15 23:00:00","PM10",NA,0,0,547.0887,0,91.3467,48.078,4.7264,0,NA,1.6448,301.3181,0,0,21.6619,17.98,0,0,3.4096,0.8448,2.4711,0,0,0,0,13.3469,0,0,0,NA,NA,NA,5.3057,0,0,0,0,0,18.1094,0,"3b","1b","1b","1b","1b","1b","1b","1b","1b","3b","1b","1b","1b","1b","1b","1b","1b","1b","1b","1b","1b","1b","1b","1b","1b","1b","1b","1b","1b","3b","3b","3b","1b","1b","1b","1b","1b","1b","1b","1b"
"2021-09-16 00:30:00","PM2.5",NA,0,0,493.6622,0,75.4796,7.0171,NA,0.0195,0,0,79.5406,0,0,3.2022,13.7456,0,0,2.7953,NA,1.6293,0,0,0,0,NA,NA,0,0,NA,NA,NA,NA,0,0,0,0,0,8.8726,0,"3b","1b","1b","1b","1b","1b","1b","3b","1b","1b","1b","1b","1b","1b","1b","1b","1b","1b","1b","3b","1b","1b","1b","1b","1b","3b","3b","1b","1b","3b","3b","3b","3b","1b","1b","1b","1b","1b","1b","1b"
"2021-09-16 01:00:00","PM10",NA,NA,0,640.2142,0,118.2619,168.7497,2.7871,0,NA,1.6696,238.7874,0,NA,6.4698,20.346,0,0,3.3424,0.9768,3.4599,NA,0,0,0,12.7702,0,0,0,NA,NA,NA,3.3569,0,0,0,0,0,10.7384,0,"3b","3b","1b","1b","1b","1b","1b","1b","1b","3b","1b","1b","1b","3b","1b","1b","1b","1b","1b","1b","1b","3b","1b","1b","1b","1b","1b","1b","1b","3b","3b","3b","1b","1b","1b","1b","1b","1b","1b","1b"
"2021-09-16 02:00:00","PM2.5",NA,0,0,540.9732,0,88.7242,13.4604,1.1732,0,NA,0.9077,89.7705,0,0,3.126,19.0492,0,0,3.4442,0.7535,4.6337,NA,0,0,NA,NA,NA,0,0,NA,NA,NA,NA,0,0,0,0,0,7.2046,0,"3b","1b","1b","1b","1b","1b","1b","1b","1b","3b","1b","1b","1b","1b","1b","1b","1b","1b","1b","1b","1b","3b","1b","1b","3b","3b","3b","1b","1b","3b","3b","3b","3b","1b","1b","1b","1b","1b","1b","1b"
"2021-09-16 03:00:00","PM10",618.4451,0.4481,0,602.887,0,107.6887,78.8343,4.9316,NA,0.9852,1.8567,201.6932,0,NA,6.3803,49.451,0,0,2.9549,1.152,6.3345,NA,0,NA,0,0,0,NA,0,NA,NA,NA,NA,0,0,0,0,0,8.0404,0,"1b","1b","1b","1b","1b","1b","1b","1b","3b","1b","1b","1b","1b","3b","1b","1b","1b","1b","1b","1b","1b","3b","1b","3b","1b","1b","1b","3b","1b","3b","3b","3b","3b","1b","1b","1b","1b","1b","1b","1b"
"2021-09-16 04:00:00","PM2.5",NA,0,0,516.0541,0,60.8124,27.2848,1.6714,NA,NA,NA,73.9087,0,NA,2.7972,82.8238,0,0,2.1099,NA,4.8615,NA,0,0,0,13.9265,0,NA,0,0,0,0,NA,0,0,0,0,0,6.888,0,"3b","1b","1b","1b","1b","1b","1b","1b","3b","3b","3b","1b","1b","3b","1b","1b","1b","1b","1b","3b","1b","3b","1b","1b","1b","1b","1b","3b","1b","1b","1b","1b","3b","1b","1b","1b","1b","1b","1b","1b"
"2021-09-16 05:00:00","PM10",NA,NA,0,467.4061,0,65.8349,162.8013,6.0047,NA,1.2051,1.8563,240.6498,0,NA,8.5903,57.5564,0,0,2.5367,0.8431,3.1725,NA,0,0,0,0,NA,0,0,0,0,0,3.8499,0,0,0,0,0,1.8549,0,"3b","3b","1b","1b","1b","1b","1b","1b","3b","1b","1b","1b","1b","3b","1b","1b","1b","1b","1b","1b","1b","3b","1b","1b","1b","1b","3b","1b","1b","1b","1b","1b","1b","1b","1b","1b","1b","1b","1b","1b"
"2021-09-16 06:00:00","PM2.5",NA,0,0,376.0028,0,36.4182,29.9489,1.4445,NA,NA,NA,153.6356,0,NA,8.3556,33.2322,0,0,3.0045,NA,2.3224,NA,0,0,NA,11.0061,0.0822,NA,0,0,NA,0,3.1845,0,0,0,0,0,1.5933,0,"3b","1b","1b","1b","1b","1b","1b","1b","3b","3b","3b","1b","1b","3b","1b","1b","1b","1b","1b","3b","1b","3b","1b","1b","3b","1b","1b","3b","1b","1b","3b","1b","1b","1b","1b","1b","1b","1b","1b","1b"
"2021-09-16 07:00:00","PM10",680.5073,NA,0,372.5288,0,55.0222,77.5355,4.8422,NA,0.8968,1.1062,270.5634,0,NA,11.5945,14.9365,0,0,1.3347,0,1.6995,NA,0,0,0,15.8868,NA,0,0,0,NA,NA,4.4918,0,0,0,0,0,0,0,"1b","3b","1b","1b","1b","1b","1b","1b","3b","1b","1b","1b","1b","3b","1b","1b","1b","1b","1b","1b","1b","3b","1b","1b","1b","1b","3b","1b","1b","1b","3b","3b","1b","1b","1b","1b","1b","1b","1b","1b"
"2021-09-16 08:00:00","PM2.5",NA,0,0,242.592,0,24.3643,34.8369,2.0525,NA,0,NA,106.9237,0,0,3.8189,7.6236,0,0,0.5935,NA,1.3999,NA,0,0,0,NA,NA,0,0,NA,NA,0,0,0,0,0,0,0,0,0,"3b","1b","1b","1b","1b","1b","1b","1b","3b","1b","3b","1b","1b","1b","1b","1b","1b","1b","1b","3b","1b","3b","1b","1b","1b","3b","3b","1b","1b","3b","3b","1b","1b","1b","1b","1b","1b","1b","1b","1b"
"2021-09-16 09:00:00","PM10",NA,NA,0,258.7215,0,49.7398,132.7098,7.6083,NA,NA,1.869,188.3853,0,0,6.4272,10.5624,0,0,0.8935,NA,1.233,NA,0,0,0,9.988,0,NA,0,NA,NA,NA,0,0,0,0,0,0,0,0,"3b","3b","1b","1b","1b","1b","1b","1b","3b","3b","1b","1b","1b","1b","1b","1b","1b","1b","1b","3b","1b","3b","1b","1b","1b","1b","1b","3b","1b","3b","3b","3b","1b","1b","1b","1b","1b","1b","1b","1b"
"2021-09-16 10:00:00","PM2.5",NA,0,0,204.596,0,26.8628,26.6251,1.2076,NA,0,NA,58.2783,0,NA,3.3349,5.2022,0,0,NA,0,0.8349,NA,0,0,0,NA,NA,NA,0,0,NA,0,0,0,0,0,0,0,1.0109,0,"3b","1b","1b","1b","1b","1b","1b","1b","3b","1b","3b","1b","1b","3b","1b","1b","1b","1b","3b","1b","1b","3b","1b","1b","1b","3b","3b","3b","1b","1b","3b","1b","1b","1b","1b","1b","1b","1b","1b","1b"
"2021-09-16 11:00:00","PM10",NA,NA,0,256.64,0,63.3926,172.0203,9.2434,NA,NA,0.9543,147.8886,0,NA,4.3647,6.9578,0,0,0.7603,0,2.3144,NA,0,0,0,NA,NA,0,0,NA,NA,NA,0,0,0,0,0,0,3.5806,0,"3b","3b","1b","1b","1b","1b","1b","1b","3b","3b","1b","1b","1b","3b","1b","1b","1b","1b","1b","1b","1b","3b","1b","1b","1b","3b","3b","1b","1b","3b","3b","3b","1b","1b","1b","1b","1b","1b","1b","1b"
"2021-09-16 12:00:00","PM2.5",NA,0,0,255.3739,0,25.3542,31.383,NA,NA,0,0.0033,46.9334,0,0,2.5106,3.5988,0,0,1.5911,0,1.0399,NA,0,0,0,0,NA,0,0,0,0,NA,0,0,0,0,0,0,NA,0,"3b","1b","1b","1b","1b","1b","1b","3b","3b","1b","1b","1b","1b","1b","1b","1b","1b","1b","1b","1b","1b","3b","1b","1b","1b","1b","3b","1b","1b","1b","1b","3b","1b","1b","1b","1b","1b","1b","3b","1b"
"2021-09-16 13:00:00","PM10",NA,NA,0,238.3397,0,61.9009,125.3794,5.2885,0,NA,1.0871,143.6827,0,0,3.1015,4.1762,0,0,NA,0,0.7871,NA,0,0,0,0,0,NA,0,NA,0,NA,NA,0,0,0,0,0,0.7913,0,"3b","3b","1b","1b","1b","1b","1b","1b","1b","3b","1b","1b","1b","1b","1b","1b","1b","1b","3b","1b","1b","3b","1b","1b","1b","1b","1b","3b","1b","3b","1b","3b","3b","1b","1b","1b","1b","1b","1b","1b"
"2021-09-16 14:00:00","PM2.5",NA,0,NA,194.1726,0,31.161,21.6306,NA,NA,0,NA,42.6536,0,NA,2.6016,6.9356,0,0,1.0002,NA,0.748,NA,0,0,0,NA,0,0,NA,0,0,NA,NA,0,0,0,0,0,0,0,"3b","1b","3b","1b","1b","1b","1b","3b","3b","1b","3b","1b","1b","3b","1b","1b","1b","1b","1b","3b","1b","3b","1b","1b","1b","3b","1b","1b","3b","1b","1b","3b","3b","1b","1b","1b","1b","1b","1b","1b"
"2021-09-16 15:00:00","PM10",NA,NA,0,168.51,0,47.8261,105.7293,6.0217,0,NA,0.7921,129.2343,0,0,4.5993,4.2923,0,0,0.403,0,0.8178,NA,0,0,0,0,NA,NA,0,NA,NA,NA,0,0,0,0,0,0,0,0,"3b","3b","1b","1b","1b","1b","1b","1b","1b","3b","1b","1b","1b","1b","1b","1b","1b","1b","1b","1b","1b","3b","1b","1b","1b","1b","3b","3b","1b","3b","3b","3b","1b","1b","1b","1b","1b","1b","1b","1b"
"2021-09-16 16:00:00","PM2.5",1042.3497,0,NA,157.2622,0,19.323,14.5933,NA,0.0059,NA,0,59.5051,0,0,4.0578,3.3797,0,0,0.5676,0,1.0787,NA,0,0,0,NA,NA,NA,0,NA,NA,NA,NA,0,0,0,0,0,NA,0,"1b","1b","3b","1b","1b","1b","1b","3b","1b","3b","1b","1b","1b","1b","1b","1b","1b","1b","1b","1b","1b","3b","1b","1b","1b","3b","3b","3b","1b","3b","3b","3b","3b","1b","1b","1b","1b","1b","3b","1b"
"2021-09-16 17:00:00","PM10",NA,NA,0,204.1979,0,55.2413,94.2243,6.3573,0,NA,1.8167,264.0512,0,NA,11.3054,7.6423,0,0,0.7702,0,0.8963,NA,0,0,0,NA,NA,NA,0,0,0,0,4.1816,0,NA,0,0,0,NA,0,"3b","3b","1b","1b","1b","1b","1b","1b","1b","3b","1b","1b","1b","3b","1b","1b","1b","1b","1b","1b","1b","3b","1b","1b","1b","3b","3b","3b","1b","1b","1b","1b","1b","1b","3b","1b","1b","1b","3b","1b"
"2021-09-16 18:00:00","PM2.5",NA,0,0,197.8397,0,28.3961,22.0812,2.9283,0,NA,NA,194.7948,0,0,15.7875,7.5363,0,0,0.5505,0,1.1323,NA,0,0,0,14.5742,NA,NA,0,0,0,NA,4.3977,0,0,0,0,0,0,0,"3b","1b","1b","1b","1b","1b","1b","1b","1b","3b","3b","1b","1b","1b","1b","1b","1b","1b","1b","1b","1b","3b","1b","1b","1b","1b","3b","3b","1b","1b","1b","3b","1b","1b","1b","1b","1b","1b","1b","1b"
"2021-09-16 19:00:00","PM10",NA,NA,0,280.6826,0,68.5547,145.7823,12.694,NA,1.3618,4.3836,761.1844,0,0,57.1032,37.7505,0,0,1.6462,0,1.8699,1.623,0,0,0,14.9217,0,NA,0,0,NA,NA,28.0525,0,0,0,0,0,NA,0,"3b","3b","1b","1b","1b","1b","1b","1b","3b","1b","1b","1b","1b","1b","1b","1b","1b","1b","1b","1b","1b","1b","1b","1b","1b","1b","1b","3b","1b","1b","3b","3b","1b","1b","1b","1b","1b","1b","3b","1b"
"2021-09-16 20:00:00","PM2.5",1055.6235,0,0,348.7958,0,54.6533,31.6796,3.1687,0,NA,0.9368,299.0736,0,NA,13.7294,18.7458,0,0,1.8907,NA,1.9176,0,0,0,0,NA,NA,NA,0,0,NA,0,7.1556,0,0,0,0,0,2.5176,0,"1b","1b","1b","1b","1b","1b","1b","1b","1b","3b","1b","1b","1b","3b","1b","1b","1b","1b","1b","3b","1b","1b","1b","1b","1b","3b","3b","3b","1b","1b","3b","1b","1b","1b","1b","1b","1b","1b","1b","1b"
"2021-09-16 21:00:00","PM10",662.6701,NA,0,519.0939,0,114.7133,136.8034,6.8943,NA,0.652,2.9392,664.2809,0,NA,24.7198,44.4286,0,0,2.3327,NA,2.9066,NA,0,0,0,NA,NA,0,0,NA,NA,NA,11.946,0,0,0,0,0,8.0662,0,"1b","3b","1b","1b","1b","1b","1b","1b","3b","1b","1b","1b","1b","3b","1b","1b","1b","1b","1b","3b","1b","3b","1b","1b","1b","3b","3b","1b","1b","3b","3b","3b","1b","1b","1b","1b","1b","1b","1b","1b"
"2021-09-16 22:00:00","PM2.5",1192.9031,0,0,446.0692,0,82.9135,28.8746,1.9984,0,NA,NA,251.3489,0,NA,8.5791,18.1669,0,0,2.5965,NA,2.282,0,0,0,0,12.5854,NA,0,0,0,NA,NA,NA,0,0,0,0,0,8.6307,0,"1b","1b","1b","1b","1b","1b","1b","1b","1b","3b","3b","1b","1b","3b","1b","1b","1b","1b","1b","3b","1b","1b","1b","1b","1b","1b","3b","1b","1b","1b","3b","3b","3b","1b","1b","1b","1b","1b","1b","1b"
"2021-09-16 23:00:00","PM10",NA,0,0,472.4928,0,182.9224,146.575,4.6624,0,1.0158,2.0424,385.8488,0,0,9.9791,37.7241,0,0,3.5685,NA,3.237,NA,0,0,0,NA,NA,NA,NA,0,NA,NA,6.1991,0,0,0,0,0,7.515,0,"3b","1b","1b","1b","1b","1b","1b","1b","1b","1b","1b","1b","1b","1b","1b","1b","1b","1b","1b","3b","1b","3b","1b","1b","1b","3b","3b","3b","3b","1b","3b","3b","1b","1b","1b","1b","1b","1b","1b","1b"
"2021-09-17 00:30:00","PM2.5",NA,0,0,304.9284,0,124.4378,27.9986,NA,0,0,0,107.4192,0,0,3.4395,17.9684,0,0,1.379,0,2.3157,NA,0,0,0,26.9703,NA,0,0,NA,NA,NA,0,0,0,0,0,0,5.8431,0,"3b","1b","1b","1b","1b","1b","1b","3b","1b","1b","1b","1b","1b","1b","1b","1b","1b","1b","1b","1b","1b","3b","1b","1b","1b","1b","3b","1b","1b","3b","3b","3b","1b","1b","1b","1b","1b","1b","1b","1b"
"2021-09-17 01:00:00","PM10",NA,0,NA,431.6117,0,186.3406,136.6135,2.6424,NA,NA,1.0886,244.0792,0,0,4.5587,20.9867,0,0,3.1698,NA,3.0227,NA,0,0,0,14.4261,0,0,0,NA,NA,0,NA,0,0,0,0,0,7.4168,0,"3b","1b","3b","1b","1b","1b","1b","1b","3b","3b","1b","1b","1b","1b","1b","1b","1b","1b","1b","3b","1b","3b","1b","1b","1b","1b","1b","1b","1b","3b","3b","1b","3b","1b","1b","1b","1b","1b","1b","1b"
"2021-09-17 02:00:00","PM2.5",NA,0,0,275.6696,0,119.8529,16.1396,0,0,NA,0,82.9714,0,0,1.8126,15.7761,0,0,4.0308,NA,2.0831,0,0,0,0,NA,NA,NA,0,NA,NA,NA,NA,0,0,0,0,0,6.5444,0,"3b","1b","1b","1b","1b","1b","1b","1b","1b","3b","1b","1b","1b","1b","1b","1b","1b","1b","1b","3b","1b","1b","1b","1b","1b","3b","3b","3b","1b","3b","3b","3b","3b","1b","1b","1b","1b","1b","1b","1b"
"2021-09-17 03:00:00","PM10",0,0,0,334.7765,0,139.2922,73.8852,1.5471,NA,NA,NA,221.1645,0,0,3.303,21.391,0,0,5.6326,0.0037,2.693,NA,0,0,0,0,0,NA,0,0,NA,NA,NA,0,0,0,0,0,10.2268,0,"1b","1b","1b","1b","1b","1b","1b","1b","3b","3b","3b","1b","1b","1b","1b","1b","1b","1b","1b","1b","1b","3b","1b","1b","1b","1b","1b","3b","1b","1b","3b","3b","3b","1b","1b","1b","1b","1b","1b","1b"
"2021-09-17 04:00:00","PM2.5",616.2452,0,0,252.4713,0,105.2494,12.8625,NA,NA,0,NA,122.5279,0,0,3.08,19.1919,0,0,4.1018,NA,2.247,NA,0,0,0,16.3383,NA,NA,0,0,NA,NA,0,0,NA,0,0,0,10.3412,0,"1b","1b","1b","1b","1b","1b","1b","3b","3b","1b","3b","1b","1b","1b","1b","1b","1b","1b","1b","3b","1b","3b","1b","1b","1b","1b","3b","3b","1b","1b","3b","3b","1b","1b","3b","1b","1b","1b","1b","1b"
"2021-09-17 05:00:00","PM10",NA,0,0,506.2653,8.5375,115.1353,78.5223,2.5578,NA,0,NA,207.3281,0,0,3.7986,24.8263,0,0,3.6606,NA,2.7995,0,0,0,0,9.8778,0,NA,0,NA,NA,0,0,0,NA,0,0,0,9.0841,0,"3b","1b","1b","1b","1b","1b","1b","1b","3b","1b","3b","1b","1b","1b","1b","1b","1b","1b","1b","3b","1b","1b","1b","1b","1b","1b","1b","3b","1b","3b","3b","1b","1b","1b","3b","1b","1b","1b","1b","1b"
"2021-09-17 06:00:00","PM2.5",NA,0,0,272.8542,0,90.0403,44.5257,NA,0,NA,NA,122.1279,0,0,3.3147,20.2465,0,0,2.2913,NA,2.0086,NA,0,0,0,11.7959,NA,0,0,0,0,NA,NA,0,0,0,0,0,7.32,0,"3b","1b","1b","1b","1b","1b","1b","3b","1b","3b","3b","1b","1b","1b","1b","1b","1b","1b","1b","3b","1b","3b","1b","1b","1b","1b","3b","1b","1b","1b","1b","3b","3b","1b","1b","1b","1b","1b","1b","1b"
"2021-09-17 07:00:00","PM10",603.8193,NA,0,336.8125,87.4826,93.8857,435.1836,8.716,NA,NA,2.4944,302.9224,NA,0,8.2998,15.6022,0,0,2.0404,NA,2.7983,NA,0,NA,0,11.443,NA,NA,0,0,NA,0,NA,0,0,0,0,0,2.0334,0,"1b","3b","1b","1b","1b","1b","1b","1b","3b","3b","1b","1b","3b","1b","1b","1b","1b","1b","1b","3b","1b","3b","1b","3b","1b","1b","3b","3b","1b","1b","3b","1b","3b","1b","1b","1b","1b","1b","1b","1b"
"2021-09-17 08:00:00","PM2.5",NA,0,0,296.7491,0,62.0329,31.3573,7.0251,NA,0.0058,0.0055,69.1441,NA,NA,2.3194,7.2012,0,0,1.6193,NA,1.3745,NA,0,0,0,13.0567,NA,NA,0,0,0,NA,0,0,0,0,0,0,NA,0,"3b","1b","1b","1b","1b","1b","1b","1b","3b","1b","1b","1b","3b","3b","1b","1b","1b","1b","1b","3b","1b","3b","1b","1b","1b","1b","3b","3b","1b","1b","1b","3b","1b","1b","1b","1b","1b","1b","3b","1b"
"2021-09-17 09:00:00","PM10",NA,1.8625,0,389.4708,17.3368,66.5304,146.0647,2.7366,1.0149,NA,NA,120.7779,0,0,3.652,6.2336,0,0,0.9533,0,1.7814,NA,0,0,0,9.5688,NA,0,0,NA,NA,NA,NA,0,0,0,0,0,NA,0,"3b","1b","1b","1b","1b","1b","1b","1b","1b","3b","3b","1b","1b","1b","1b","1b","1b","1b","1b","1b","1b","3b","1b","1b","1b","1b","3b","1b","1b","3b","3b","3b","3b","1b","1b","1b","1b","1b","3b","1b"
"2021-09-17 10:00:00","PM2.5",611.5001,0,NA,231.1741,0,22.9882,32.7087,NA,NA,0,NA,34.342,0,NA,1.2692,2.9135,0,0,NA,0,1.0264,NA,0,0,0,NA,NA,NA,0,NA,NA,NA,0,0,0,0,0,0,1.2312,0,"1b","1b","3b","1b","1b","1b","1b","3b","3b","1b","3b","1b","1b","3b","1b","1b","1b","1b","3b","1b","1b","3b","1b","1b","1b","3b","3b","3b","1b","3b","3b","3b","1b","1b","1b","1b","1b","1b","1b","1b"
"2021-09-17 11:00:00","PM10",1036.9947,0,0,298.5521,34.0497,51.4984,203.8773,6.2509,NA,NA,NA,96.5232,0,NA,3.5704,6.1516,0,0,0.723,NA,1.4199,NA,0,0,0,10.6413,0,NA,0,0,0,0,NA,0,0,0,0,0,NA,0,"1b","1b","1b","1b","1b","1b","1b","1b","3b","3b","3b","1b","1b","3b","1b","1b","1b","1b","1b","3b","1b","3b","1b","1b","1b","1b","1b","3b","1b","1b","1b","1b","3b","1b","1b","1b","1b","1b","3b","1b"
"2021-09-17 12:00:00","PM2.5",653.1011,0,0,193.6084,0,18.6287,45.695,2.1103,1.5015,0,0,46.5375,NA,NA,2.0177,3.318,0,0,0.4287,0,0.8325,NA,0,0,0,15.9615,0,NA,0,NA,0,NA,0,0,0,0,0,0,0,0,"1b","1b","1b","1b","1b","1b","1b","1b","1b","1b","1b","1b","3b","3b","1b","1b","1b","1b","1b","1b","1b","3b","1b","1b","1b","1b","1b","3b","1b","3b","1b","3b","1b","1b","1b","1b","1b","1b","1b","1b"
"2021-09-17 13:00:00","PM10",0,NA,0,242.7183,41.8038,77.6967,341.3836,10.3668,0.802,NA,1.7035,198.2068,0,NA,3.7886,5.4286,0,0,0.6292,0,1.2351,NA,0,0,0,NA,0,NA,0,NA,NA,NA,NA,0,0,0,0,0,0,0,"1b","3b","1b","1b","1b","1b","1b","1b","1b","3b","1b","1b","1b","3b","1b","1b","1b","1b","1b","1b","1b","3b","1b","1b","1b","3b","1b","3b","1b","3b","3b","3b","3b","1b","1b","1b","1b","1b","1b","1b"
"2021-09-17 14:00:00","PM2.5",NA,NA,0,177.8648,0,29.3173,42.5327,1.1507,1.3657,0,NA,38.6837,0,NA,0.932,2.2176,0,0,0.4546,NA,1.3388,NA,0,0,0,NA,NA,0,0,NA,NA,NA,0,0,0,0,0,0,NA,0,"3b","3b","1b","1b","1b","1b","1b","1b","1b","1b","3b","1b","1b","3b","1b","1b","1b","1b","1b","3b","1b","3b","1b","1b","1b","3b","3b","1b","1b","3b","3b","3b","1b","1b","1b","1b","1b","1b","3b","1b"
"2021-09-17 15:00:00","PM10",NA,NA,0,243.3442,41.1603,74.269,222.0237,5.5666,NA,NA,NA,136.9443,0,NA,3.9181,5.1957,0,0,NA,0,1.6952,NA,0,0,0,NA,NA,NA,0,0,NA,0,0,0,0,0,0,0,NA,0,"3b","3b","1b","1b","1b","1b","1b","1b","3b","3b","3b","1b","1b","3b","1b","1b","1b","1b","3b","1b","1b","3b","1b","1b","1b","3b","3b","3b","1b","1b","3b","1b","1b","1b","1b","1b","1b","1b","3b","1b"
"2021-09-17 16:00:00","PM2.5",637.2674,0,0,206.2406,0,57.4525,33.6688,1.0836,0.8109,NA,NA,46.0429,0,NA,1.5225,6.5563,0,0,0.4477,0,1.4979,0,0,0,0,0,0,0,0,0,0,NA,NA,0,0,0,0,0,0,0,"1b","1b","1b","1b","1b","1b","1b","1b","1b","3b","3b","1b","1b","3b","1b","1b","1b","1b","1b","1b","1b","1b","1b","1b","1b","1b","1b","1b","1b","1b","1b","3b","3b","1b","1b","1b","1b","1b","1b","1b"
"2021-09-17 17:00:00","PM10",NA,NA,0,292.5855,0,106.4092,184.2201,3.7521,NA,NA,NA,148.0665,0,NA,3.8502,7.7589,0,0,0.4855,NA,2.0871,NA,0,0,0,NA,NA,0,0,NA,0,0,0,0,0,0,0,0,0,0,"3b","3b","1b","1b","1b","1b","1b","1b","3b","3b","3b","1b","1b","3b","1b","1b","1b","1b","1b","3b","1b","3b","1b","1b","1b","3b","3b","1b","1b","3b","1b","1b","1b","1b","1b","1b","1b","1b","1b","1b"
"2021-09-17 18:00:00","PM2.5",992.8335,0,0,191.1214,0,43.3668,67.649,NA,1.3671,0,NA,84.6154,0,NA,2.1505,4.9507,0,0,0.5773,NA,1.5369,NA,0,0,0,0,NA,0,0,NA,NA,0,0,0,0,0,0,0,0,0,"1b","1b","1b","1b","1b","1b","1b","3b","1b","1b","3b","1b","1b","3b","1b","1b","1b","1b","1b","3b","1b","3b","1b","1b","1b","1b","3b","1b","1b","3b","3b","1b","1b","1b","1b","1b","1b","1b","1b","1b"
"2021-09-17 19:00:00","PM10",NA,NA,0,280.4203,0,91.2192,526.9812,5.0564,1.6139,0.6896,1.3244,295.0747,0,0,7.7998,7.8818,0,0,2.9226,NA,4.359,NA,0,0,0,NA,0,NA,0,0,0,0,NA,0,0,0,0,0,NA,0,"3b","3b","1b","1b","1b","1b","1b","1b","1b","1b","1b","1b","1b","1b","1b","1b","1b","1b","1b","3b","1b","3b","1b","1b","1b","3b","1b","3b","1b","1b","1b","1b","3b","1b","1b","1b","1b","1b","3b","1b"
"2021-09-17 20:00:00","PM2.5",NA,0,0,213.5392,0,98.4227,42.2817,NA,1.4422,NA,NA,106.7376,0,0,3.5814,6.9764,0,0,4.2752,NA,1.5941,NA,0,0,0,17.0808,NA,NA,0,0,0,NA,NA,0,0,0,0,0,NA,0,"3b","1b","1b","1b","1b","1b","1b","3b","1b","3b","3b","1b","1b","1b","1b","1b","1b","1b","1b","3b","1b","3b","1b","1b","1b","1b","3b","3b","1b","1b","1b","3b","3b","1b","1b","1b","1b","1b","3b","1b"
"2021-09-17 21:00:00","PM10",NA,NA,0,244.5892,0,154.0893,170.0455,6.0029,NA,NA,0.9457,269.2963,0,NA,16.017,14.1388,0,0,5.1928,0,1.8087,NA,0,0,0,0,0,0,0,NA,NA,0,3.4192,0,0,0,0,0,1.3279,0,"3b","3b","1b","1b","1b","1b","1b","1b","3b","3b","1b","1b","1b","3b","1b","1b","1b","1b","1b","1b","1b","3b","1b","1b","1b","1b","1b","1b","1b","3b","3b","1b","1b","1b","1b","1b","1b","1b","1b","1b"
"2021-09-17 22:00:00","PM2.5",NA,0,0,254.4313,0,121.4123,24.7803,NA,NA,NA,0.7567,134.9445,0,NA,6.9788,13.0683,0,0,2.6934,0,2.2861,NA,0,0,0,14.7456,NA,0,0,NA,0,0,NA,0,0,0,0,0,6.6251,0,"3b","1b","1b","1b","1b","1b","1b","3b","3b","3b","1b","1b","1b","3b","1b","1b","1b","1b","1b","1b","1b","3b","1b","1b","1b","1b","3b","1b","1b","3b","1b","1b","3b","1b","1b","1b","1b","1b","1b","1b"
"2021-09-17 23:00:00","PM10",NA,0,0,385.6495,0,198.4223,110.6853,6.558,NA,NA,1.4354,208.7494,0,0,8.9977,30.3928,0,0,5.4102,NA,3.2745,NA,0,0,0,0,NA,NA,0,NA,NA,NA,NA,0,0,0,0,0,13.7859,0,"3b","1b","1b","1b","1b","1b","1b","1b","3b","3b","1b","1b","1b","1b","1b","1b","1b","1b","1b","3b","1b","3b","1b","1b","1b","1b","3b","3b","1b","3b","3b","3b","3b","1b","1b","1b","1b","1b","1b","1b"
"2021-09-18 00:30:00","PM2.5",NA,0,NA,343.6325,0,135.1765,12.8471,0,NA,0,0,67.8266,0,0,2.5418,27.2603,0,0,4.2675,0,2.6724,0,0,0,0,29.7365,NA,NA,0,0,0,0,NA,NA,0,0,0,0,12.7239,0,"3b","1b","3b","1b","1b","1b","1b","1b","3b","1b","1b","1b","1b","1b","1b","1b","1b","1b","1b","1b","1b","1b","1b","1b","1b","1b","3b","3b","1b","1b","1b","1b","3b","3b","1b","1b","1b","1b","1b","1b"
"2021-09-18 01:00:00","PM10",709.7683,0.1941,0,368.3528,0,158.2699,71.778,2.391,NA,NA,NA,149.7115,NA,NA,3.9028,26.3804,0,0,3.6356,NA,4.2185,NA,0,0,0,10.6027,NA,NA,0,0,0,NA,NA,0,0,0,0,0,12.4756,0,"1b","1b","1b","1b","1b","1b","1b","1b","3b","3b","3b","1b","3b","3b","1b","1b","1b","1b","1b","3b","1b","3b","1b","1b","1b","1b","3b","3b","1b","1b","1b","3b","3b","1b","1b","1b","1b","1b","1b","1b"
"2021-09-18 02:00:00","PM2.5",NA,0,0,301.7772,0,137.9581,10.8102,0,0.9684,NA,NA,71.9584,0,0,2.517,17.1213,0,0,3.2312,NA,3.9802,0,0,0,0,11.2501,NA,NA,0,NA,0,0,NA,0,0,0,0,0,7.1621,0,"3b","1b","1b","1b","1b","1b","1b","1b","1b","3b","3b","1b","1b","1b","1b","1b","1b","1b","1b","3b","1b","1b","1b","1b","1b","1b","3b","3b","1b","3b","1b","1b","3b","1b","1b","1b","1b","1b","1b","1b"
"2021-09-18 03:00:00","PM10",NA,0,0,348.0875,0,167.0977,61.8284,2.8367,0.8402,NA,0.8896,231.146,0,NA,5.7496,18.7201,0,0,3.8035,NA,3.1472,NA,0,NA,0,15.4612,NA,0,0,0,NA,0,3.4072,0,NA,0,0,0,7.4909,0,"3b","1b","1b","1b","1b","1b","1b","1b","1b","3b","1b","1b","1b","3b","1b","1b","1b","1b","1b","3b","1b","3b","1b","3b","1b","1b","3b","1b","1b","1b","3b","1b","1b","1b","3b","1b","1b","1b","1b","1b"
"2021-09-18 04:00:00","PM2.5",631.1707,0,0,302.2321,0,85.4501,9.5322,NA,0.8866,NA,0,58.5672,0,0,1.6535,9.6394,0,0,2.0346,NA,3.0424,0,0,0,0,29.0372,NA,NA,0,0,0,NA,NA,0,0,0,0,0,4.1601,0,"1b","1b","1b","1b","1b","1b","1b","3b","1b","3b","1b","1b","1b","1b","1b","1b","1b","1b","1b","3b","1b","1b","1b","1b","1b","1b","3b","3b","1b","1b","1b","3b","3b","1b","1b","1b","1b","1b","1b","1b"
"2021-09-18 05:00:00","PM10",NA,0,0,469.2462,0,82.7194,298.3678,2.2216,0.9065,NA,NA,85.5417,0,0.6284,2.9656,9.6142,0,0,1.5092,NA,14.2928,NA,0,0,0,NA,NA,NA,0,NA,NA,0,NA,0,0,0,0,0,3.2727,0,"3b","1b","1b","1b","1b","1b","1b","1b","1b","3b","3b","1b","1b","1b","1b","1b","1b","1b","1b","3b","1b","3b","1b","1b","1b","3b","3b","3b","1b","3b","3b","1b","3b","1b","1b","1b","1b","1b","1b","1b"
"2021-09-18 06:00:00","PM2.5",879.0299,0,0,368.0272,0,42.0102,16.0935,0,0.9361,0,0,30.9916,0,NA,1.3621,7.4507,0,0,2.2652,0,6.4238,NA,0,0,0,NA,0,0,0,NA,NA,NA,NA,0,0,0,0,0,0.9396,0,"1b","1b","1b","1b","1b","1b","1b","1b","1b","1b","1b","1b","1b","3b","1b","1b","1b","1b","1b","1b","1b","3b","1b","1b","1b","3b","1b","1b","1b","3b","3b","3b","3b","1b","1b","1b","1b","1b","1b","1b"
"2021-09-18 07:00:00","PM10",NA,0,0,578.1817,0,294.9181,212.5964,1.4167,0.9115,NA,NA,103.2538,0,NA,3.7997,24.3777,0,0,2.4678,NA,6.0971,NA,0,0,0,13.3385,NA,NA,0,NA,NA,NA,0,0,0,0,0,0,11.098,0,"3b","1b","1b","1b","1b","1b","1b","1b","1b","3b","3b","1b","1b","3b","1b","1b","1b","1b","1b","3b","1b","3b","1b","1b","1b","1b","3b","3b","1b","3b","3b","3b","1b","1b","1b","1b","1b","1b","1b","1b"
"2021-09-18 08:00:00","PM2.5",NA,0,0,440.2521,0,303.1861,48.5213,1.5326,1.0329,0,NA,69.5878,0,NA,2.0735,17.2956,0,0,2.3246,NA,5.8204,0,0,0,0,NA,0,NA,0,0,NA,NA,0,0,0,0,0,0,5.4217,0,"3b","1b","1b","1b","1b","1b","1b","1b","1b","1b","3b","1b","1b","3b","1b","1b","1b","1b","1b","3b","1b","1b","1b","1b","1b","3b","1b","3b","1b","1b","3b","3b","1b","1b","1b","1b","1b","1b","1b","1b"
"2021-09-18 09:00:00","PM10",NA,0,0,303.0398,0,64.4879,209.9994,4.8983,NA,0.9814,2.0961,213.8018,0,NA,6.2664,5.6389,0,0,2.0205,0,2.1975,NA,0,0,0,12.2685,NA,NA,0,NA,NA,NA,NA,0,0,0,0,0,1.7105,0,"E: Conc. Uncertainty","1b","1b","1b","1b","1b","1b","1b","3b","1b","1b","1b","1b","3b","1b","1b","1b","1b","1b","1b","1b","3b","1b","1b","1b","1b","3b","3b","1b","3b","3b","3b","3b","1b","1b","1b","1b","1b","1b","1b"
"2021-09-18 10:00:00","PM2.5",0,0,0,216.9436,0,25.1766,15.0994,0,NA,0,NA,47.8741,NA,NA,2.5899,4.6466,0,0,1.7617,NA,1.5969,NA,0,0,0,NA,NA,NA,0,NA,NA,NA,NA,0,0,0,0,0,16.6617,0,"1b","1b","1b","1b","1b","1b","1b","1b","3b","1b","3b","1b","3b","3b","1b","1b","1b","1b","1b","3b","1b","3b","1b","1b","1b","3b","3b","3b","1b","3b","3b","3b","3b","1b","1b","1b","1b","1b","1b","1b"
"2021-09-18 11:00:00","PM10",NA,279.3966,0,289.9771,0,106.3652,125.5398,7.9399,NA,NA,0.8226,166.947,0,NA,4.0714,7.2761,0,0,0.7502,0,1.9215,NA,0,0,0,NA,NA,NA,0,0,NA,NA,NA,0,0,0,0,0,12.337,0,"3b","1b","1b","1b","1b","1b","1b","1b","3b","3b","1b","1b","1b","3b","1b","1b","1b","1b","1b","1b","1b","3b","1b","1b","1b","3b","3b","3b","1b","1b","3b","3b","3b","1b","1b","1b","1b","1b","1b","1b"
"2021-09-18 12:00:00","PM2.5",NA,0,0,303.1445,0,38.8669,18.3973,1.1043,0,NA,0,42.4491,NA,NA,1.2179,4.5695,0,0,0.5819,NA,2.612,NA,0,0,0,12.438,NA,0,0,NA,NA,NA,NA,0,0,0,0,0,0,0,"3b","1b","1b","1b","1b","1b","1b","1b","1b","3b","1b","1b","3b","3b","1b","1b","1b","1b","1b","3b","1b","3b","1b","1b","1b","1b","3b","1b","1b","3b","3b","3b","3b","1b","1b","1b","1b","1b","1b","1b"
"2021-09-18 13:00:00","PM10",NA,NA,0,376.4803,0,97.6288,126.1447,7.5163,0.974,NA,1.2633,146.8282,0,0,3.729,9.8398,0,0,NA,NA,3.9848,NA,0,0,0,NA,NA,0,0,0,NA,0.0181,0,0,0,0,0,0,1.7101,0,"3b","3b","1b","1b","1b","1b","1b","1b","1b","3b","1b","1b","1b","1b","1b","1b","1b","1b","3b","3b","1b","3b","1b","1b","1b","3b","3b","1b","1b","1b","3b","1b","1b","1b","1b","1b","1b","1b","1b","1b"
"2021-09-18 14:00:00","PM2.5",NA,0,0,335.3573,0,47.0247,19.6176,1.6226,0,NA,NA,50.4751,NA,NA,1.4011,5.0715,0,0,0,NA,2.4101,NA,0,0,0,0,NA,NA,0,0,0,NA,0,0,0,0,0,0,2.2868,0,"3b","1b","1b","1b","1b","1b","1b","1b","1b","3b","3b","1b","3b","3b","1b","1b","1b","1b","1b","3b","1b","3b","1b","1b","1b","1b","3b","3b","1b","1b","1b","3b","1b","1b","1b","1b","1b","1b","1b","1b"
"2021-09-18 15:00:00","PM10",NA,NA,0,376.3374,0,100.2081,134.976,9.0971,0.996,NA,1.526,215.9498,0,NA,5.1038,8.6727,0,0,0,NA,2.2798,NA,0,0,0,10.3446,NA,0,0,0,NA,NA,0,0,0,0,0,0,5.1029,0,"3b","3b","1b","1b","1b","1b","1b","1b","1b","3b","1b","1b","1b","3b","1b","1b","1b","1b","1b","3b","1b","3b","1b","1b","1b","1b","3b","1b","1b","1b","3b","3b","1b","1b","1b","1b","1b","1b","1b","1b"
"2021-09-18 16:00:00","PM2.5",805.993,0,0,308.2079,0,48.2258,22.6963,1.9648,NA,0,NA,103.354,0,NA,3.1281,6.5853,0,0,0.7298,0.0027,2.3345,NA,0,0,0,NA,0,NA,0,0,NA,NA,NA,0,0,0,NA,0,2.35,0,"1b","1b","1b","1b","1b","1b","1b","1b","3b","1b","3b","1b","1b","3b","1b","1b","1b","1b","1b","1b","1b","3b","1b","1b","1b","3b","1b","3b","1b","1b","3b","3b","3b","1b","1b","1b","3b","1b","1b","1b"
"2021-09-18 17:00:00","PM10",NA,194.3807,0,353.7162,0,110.7791,130.775,9.8613,NA,1.686,2.6847,420.0725,0,NA,10.9353,11.9314,0,0,0.8315,NA,2.1819,NA,0,0,0,0,NA,0,0,NA,NA,NA,NA,0,0,0,0,0,1.4016,0,"3b","1b","1b","1b","1b","1b","1b","1b","3b","1b","1b","1b","1b","3b","1b","1b","1b","1b","1b","3b","1b","3b","1b","1b","1b","1b","3b","1b","1b","3b","3b","3b","3b","1b","1b","1b","1b","1b","1b","1b"
"2021-09-18 18:00:00","PM2.5",NA,0,0,331.9839,0,89.5654,29.1814,4.0716,NA,1.1678,1.6156,304.3877,0,0.006,10.1561,10.4016,0,0,0.9372,NA,2.5505,NA,0,NA,0,NA,NA,0,0,NA,NA,NA,3.5381,0,0,0,0,0,2.4845,0,"3b","1b","1b","1b","1b","1b","1b","1b","3b","1b","1b","1b","1b","1b","1b","1b","1b","1b","1b","3b","1b","3b","1b","3b","1b","3b","3b","1b","1b","3b","3b","3b","1b","1b","1b","1b","1b","1b","1b","1b"
"2021-09-18 19:00:00","PM10",NA,NA,0,418.5706,0,230.7075,105.4683,7.869,0.8124,1.5022,2.7284,458.8762,0,NA,13.0343,22.3753,0,0,1.8465,NA,3.6728,NA,NA,NA,0,NA,NA,0.0461,0,NA,NA,0.0476,7.7727,0,0,0,0,0,5.6598,0,"3b","3b","1b","1b","1b","1b","1b","1b","1b","1b","1b","1b","1b","3b","1b","1b","1b","1b","1b","3b","1b","3b","3b","3b","1b","3b","3b","1b","1b","3b","3b","1b","1b","1b","1b","1b","1b","1b","1b","1b"
"2021-09-18 20:00:00","PM2.5",0,0,0,398.9751,0,128.7904,26.1866,2.1969,0.8902,NA,1.0353,173.1216,0,NA,5.8042,14.4928,0,0,1.4613,NA,8.9037,NA,0,NA,0,NA,0,0,0,0,0,NA,NA,0,0,0,0,0,4.1998,0,"1b","1b","1b","1b","1b","1b","1b","1b","1b","3b","1b","1b","1b","3b","1b","1b","1b","1b","1b","3b","1b","3b","1b","3b","1b","3b","1b","1b","1b","1b","1b","3b","3b","1b","1b","1b","1b","1b","1b","1b"
"2021-09-18 21:00:00","PM10",NA,NA,0,412.3958,0,134.6352,306.2546,6.4981,1.3495,NA,1.4943,246.1818,0,NA,7.0013,14.8208,0,0,3.3673,NA,31.6069,NA,0,0,0,0,NA,0,0,0,NA,0,NA,0,0,0,0,0,4.1269,0,"3b","3b","1b","1b","1b","1b","1b","1b","1b","3b","1b","1b","1b","3b","1b","1b","1b","1b","1b","3b","1b","3b","1b","1b","1b","1b","3b","1b","1b","1b","3b","1b","3b","1b","1b","1b","1b","1b","1b","1b"
"2021-09-18 22:00:00","PM2.5",NA,0,NA,379.8823,0,76.1746,33.9034,1.5506,0.8972,NA,NA,77.6022,0,NA,4.0425,8.5482,0,0,3.234,NA,5.0429,NA,0,0,0,NA,NA,NA,0,NA,0,NA,NA,0,0,0,0,0,NA,0,"3b","1b","3b","1b","1b","1b","1b","1b","1b","3b","3b","1b","1b","3b","1b","1b","1b","1b","1b","3b","1b","3b","1b","1b","1b","3b","3b","3b","1b","3b","1b","3b","3b","1b","1b","1b","1b","1b","3b","1b"
"2021-09-18 23:00:00","PM10",0,NA,0,413.0476,0,152.2057,156.4344,4.883,1.3463,NA,1.3269,159.354,0,NA,3.9967,12.0163,0,0,NA,NA,3.6684,0,0,0,0,13.3831,0,NA,0,0,NA,NA,0,0,0,0,NA,0,5.0781,0,"1b","3b","1b","1b","1b","1b","1b","1b","1b","3b","1b","1b","1b","3b","1b","1b","1b","1b","3b","3b","1b","1b","1b","1b","1b","1b","1b","3b","1b","1b","3b","3b","1b","1b","1b","1b","3b","1b","1b","1b"
"2021-09-19 00:30:00","PM2.5",2662.109,0,0,351.6284,0,99.923,19.6377,NA,NA,0,0,51.9386,0,NA,2.7003,10.0306,0,0,2.409,NA,2.5412,0,0,0,0,NA,NA,0,0,0,0.2269,NA,0,0,0,0,0,0,0,0,"1b","1b","1b","1b","1b","1b","1b","3b","3b","1b","1b","1b","1b","3b","1b","1b","1b","1b","1b","3b","1b","1b","1b","1b","1b","3b","3b","1b","1b","1b","1b","3b","1b","1b","1b","1b","1b","1b","1b","1b"
"2021-09-19 01:00:00","PM10",NA,0,0,385.8738,0,120.1303,81.7309,3.1091,1.0366,NA,0.8071,146.4514,NA,0,4.0809,11.3436,0,0,2.2238,0.4995,3.2648,NA,0,0,0,NA,NA,0,NA,NA,0,NA,NA,0,0,0,0,0,0.9486,0,"3b","1b","1b","1b","1b","1b","1b","1b","1b","3b","1b","1b","3b","1b","1b","1b","1b","1b","1b","1b","1b","3b","1b","1b","1b","3b","3b","1b","3b","3b","1b","3b","3b","1b","1b","1b","1b","1b","1b","1b"
"2021-09-19 02:00:00","PM2.5",NA,0,0,288.7387,0,76.0911,10.9718,1.1352,NA,NA,NA,48.2688,NA,0,1.9814,8.5717,0,0,2.0802,NA,1.7883,NA,0,0,0,20.6626,NA,0,0,0,NA,NA,0,0,0,0,0,0,1.3912,0,"3b","1b","1b","1b","1b","1b","1b","1b","3b","3b","3b","1b","3b","1b","1b","1b","1b","1b","1b","3b","1b","3b","1b","1b","1b","1b","3b","1b","1b","1b","3b","3b","1b","1b","1b","1b","1b","1b","1b","1b"
"2021-09-19 03:00:00","PM10",0,0,0,347.42,0,91.5038,38.8145,3.1533,NA,NA,NA,104.1502,NA,NA,3.2843,11.2162,0,0,2.4898,NA,3.0748,0,0,0,0,13.1401,NA,0,0,NA,NA,NA,NA,0,0,0,0,0,2.4799,0,"1b","1b","1b","1b","1b","1b","1b","1b","3b","3b","3b","1b","3b","3b","1b","1b","1b","1b","1b","3b","1b","1b","1b","1b","1b","1b","3b","1b","1b","3b","3b","3b","3b","1b","1b","1b","1b","1b","1b","1b"
"2021-09-19 04:00:00","PM2.5",NA,0,NA,266.456,0,43.7901,7.8236,NA,NA,0,0,25.1733,0,NA,1.2186,7.7479,0,0,2.8753,NA,1.7529,NA,0,0,0,11.9272,NA,0,0,NA,NA,NA,NA,0,0,0,0,0,2.6482,0,"3b","1b","3b","1b","1b","1b","1b","3b","3b","1b","1b","1b","1b","3b","1b","1b","1b","1b","1b","3b","1b","3b","1b","1b","1b","1b","3b","1b","1b","3b","3b","3b","3b","1b","1b","1b","1b","1b","1b","1b"
"2021-09-19 05:00:00","PM10",790.6637,0,0,199.5216,601.4506,37.7164,34.5082,NA,0,0,0,23.3415,0,NA,NA,2.2592,0,0,0.4405,0,1.3955,NA,0,0,0,NA,NA,0,0,0,0,0,0,0,NA,0,0,0,0,0,"1b","1b","1b","1b","1b","1b","1b","3b","1b","1b","1b","1b","1b","3b","3b","1b","1b","1b","1b","1b","1b","3b","1b","1b","1b","3b","3b","1b","1b","1b","1b","1b","1b","1b","3b","1b","1b","1b","1b","1b"
"2021-09-19 06:00:00","PM2.5",NA,0,0,171.5893,256.6005,17.5012,20.1006,NA,NA,0,0,13.8414,NA,NA,0.5298,1.1787,0,0,NA,NA,NA,NA,0,0,0,9.7043,0,NA,0,NA,0,0,NA,0,0,0,0,0,0,0,"3b","1b","1b","1b","1b","1b","1b","3b","3b","1b","1b","1b","3b","3b","1b","1b","1b","1b","3b","3b","3b","3b","1b","1b","1b","1b","1b","3b","1b","3b","1b","1b","3b","1b","1b","1b","1b","1b","1b","1b"
"2021-09-19 07:00:00","PM10",684.5272,0,0,153.6674,422.4965,25.0402,30.8669,NA,NA,0,0,48.2722,0,0,1.6791,1.5489,0,0,0.6416,0,0.9654,0,0,0,0,NA,NA,NA,0,0,0,NA,0,0,0,0,0,0,0,0,"1b","1b","1b","1b","1b","1b","1b","3b","3b","1b","1b","1b","1b","1b","1b","1b","1b","1b","1b","1b","1b","1b","1b","1b","1b","3b","3b","3b","1b","1b","1b","3b","1b","1b","1b","1b","1b","1b","1b","1b"
"2021-09-19 08:00:00","PM2.5",805.7283,0,0,133.5266,97.1758,14.7285,11.707,NA,0,0,0,18.8825,0,0,NA,1.6797,0,0,0.5081,0,0.6296,NA,0,0,0,NA,0,0,0,0,0,NA,0,0,0,0,0,0,0,0,"1b","1b","1b","1b","1b","1b","1b","3b","1b","1b","1b","1b","1b","1b","3b","1b","1b","1b","1b","1b","1b","3b","1b","1b","1b","3b","1b","1b","1b","1b","1b","3b","1b","1b","1b","1b","1b","1b","1b","1b"
"2021-09-19 09:00:00","PM10",965.5631,0,0,198.1243,621.059,33.2524,56.8723,NA,NA,NA,NA,76.6333,0,NA,2.3867,2.4821,0,0,NA,NA,1.297,NA,0,0,0,NA,NA,NA,0,NA,0,NA,NA,0,0,0,0,0,0,0,"1b","1b","1b","1b","1b","1b","1b","3b","3b","3b","3b","1b","1b","3b","1b","1b","1b","1b","3b","3b","1b","3b","1b","1b","1b","3b","3b","3b","1b","3b","1b","3b","3b","1b","1b","1b","1b","1b","1b","1b"
"2021-09-19 10:00:00","PM2.5",NA,0,0,166.5716,356.6736,17.7912,19.1804,NA,0,0,0,26.3882,0,0,0.5981,1.2563,0,0,NA,0,0.6883,NA,0,0,0,NA,NA,0,0,0,0,0,0,0,NA,0,0,0,0,0,"3b","1b","1b","1b","1b","1b","1b","3b","1b","1b","1b","1b","1b","1b","1b","1b","1b","1b","3b","1b","1b","3b","1b","1b","1b","3b","3b","1b","1b","1b","1b","1b","1b","1b","3b","1b","1b","1b","1b","1b"
"2021-09-19 11:00:00","PM10",NA,0,0,177.4175,678.1874,37.2166,49.0465,1.4206,NA,NA,NA,72.4747,0,0,3.1113,2.8059,0,0,NA,NA,1.4924,NA,0,0,0,11.6562,NA,NA,0,0,NA,0,NA,0,0,0,0,0,0,0,"3b","1b","1b","1b","1b","1b","1b","1b","3b","3b","3b","1b","1b","1b","1b","1b","1b","1b","3b","3b","1b","3b","1b","1b","1b","1b","3b","3b","1b","1b","3b","1b","3b","1b","1b","1b","1b","1b","1b","1b"
"2021-09-19 12:00:00","PM2.5",NA,0,0,165.076,212.592,23.4978,19.0374,0,0,0,0,27.7428,0,0,0.9339,1.7011,0,0,0.7483,0,1.3177,NA,0,0,0,NA,NA,NA,0,0,NA,NA,NA,0,0,0,0,0,0,0,"3b","1b","1b","1b","1b","1b","1b","1b","1b","1b","1b","1b","1b","1b","1b","1b","1b","1b","1b","1b","1b","3b","1b","1b","1b","3b","3b","3b","1b","1b","3b","3b","3b","1b","1b","1b","1b","1b","1b","1b"
"2021-09-19 13:00:00","PM10",1165.6572,0,0,230.3232,848.9891,51.2252,53.3723,1.5528,NA,NA,0.0063,80.7196,0,0,3.7708,2.9372,0,0,0.7109,NA,3.0597,NA,0,0,0,0,NA,NA,0,NA,NA,0,NA,0,0,0,0,0,1.76,0,"1b","1b","1b","1b","1b","1b","1b","1b","3b","3b","1b","1b","1b","1b","1b","1b","1b","1b","1b","3b","1b","3b","1b","1b","1b","1b","3b","3b","1b","3b","3b","1b","3b","1b","1b","1b","1b","1b","1b","1b"
"2021-09-19 14:00:00","PM2.5",NA,0,0,200.3948,315.0152,24.1753,20.7946,NA,0,NA,0,39.9603,0,0,2.0951,1.3773,0,0,0.509,0,1.4855,NA,0,0,0,NA,0,NA,0,0,NA,NA,0,0,0,0,0,0,0,0,"3b","1b","1b","1b","1b","1b","1b","3b","1b","3b","1b","1b","1b","1b","1b","1b","1b","1b","1b","1b","1b","3b","1b","1b","1b","3b","1b","3b","1b","1b","3b","3b","1b","1b","1b","1b","1b","1b","1b","1b"
"2021-09-19 15:00:00","PM10",1213.5907,0,0,193.1707,687.2818,43.2314,46.3517,NA,NA,NA,NA,96.6341,0,0,2.8908,2.355,0,0,NA,0,1.4745,NA,0,0,0,11.9556,NA,NA,0,NA,0,0,NA,0,0,0,0,0,NA,0,"1b","1b","1b","1b","1b","1b","1b","3b","3b","3b","3b","1b","1b","1b","1b","1b","1b","1b","3b","1b","1b","3b","1b","1b","1b","1b","3b","3b","1b","3b","1b","1b","3b","1b","1b","1b","1b","1b","3b","1b"
"2021-09-19 16:00:00","PM2.5",911.6105,0,0,156.7678,130.0218,23.9124,15.8935,NA,NA,0,0,50.2225,0,0.005,1.6872,5.1311,0,0,0.6654,0,1.4686,NA,0,0,0,9.8224,NA,NA,0,0,NA,NA,0,0,NA,0,0,0,2.5495,0,"1b","1b","1b","1b","1b","1b","1b","3b","3b","1b","1b","1b","1b","1b","1b","1b","1b","1b","1b","1b","1b","3b","1b","1b","1b","1b","3b","3b","1b","1b","3b","3b","1b","1b","3b","1b","1b","1b","1b","1b"
"2021-09-19 17:00:00","PM10",NA,0,NA,156.9394,114.0063,38.8423,40.2707,1.5639,0,NA,0,144.8894,0,0,4.4241,6.4581,0,0,1.4838,0,1.4414,NA,0,0,0,12.1017,0,NA,0,0,NA,NA,NA,0,0,0,0,0,0.9613,0,"3b","1b","3b","1b","1b","1b","1b","1b","1b","3b","1b","1b","1b","1b","1b","1b","1b","1b","1b","1b","1b","3b","1b","1b","1b","1b","1b","3b","1b","1b","3b","3b","3b","1b","1b","1b","1b","1b","1b","1b"
"2021-09-19 18:00:00","PM2.5",NA,0,0,351.7043,113.6608,46.8837,21.4094,0,0,NA,0,62.169,NA,0,2.5606,4.6179,0,0,1.4126,NA,1.2463,NA,0,0,0,12.8825,0,0,0,0,NA,NA,NA,0,0,0,0,0,NA,0,"3b","1b","1b","1b","1b","1b","1b","1b","1b","3b","1b","1b","3b","1b","1b","1b","1b","1b","1b","3b","1b","3b","1b","1b","1b","1b","1b","1b","1b","1b","3b","3b","3b","1b","1b","1b","1b","1b","3b","1b"
"2021-09-19 19:00:00","PM10",693.4233,0,0,467.7076,953.2414,78.4887,64.9519,1.6273,0,NA,NA,144.2041,0,NA,3.942,9.5549,0,0,1.9478,1.7161,2.222,NA,0,0,0,NA,NA,0,0,NA,0,0,NA,0,0,0,0,0,3.7477,0,"1b","1b","1b","1b","1b","1b","1b","1b","1b","3b","3b","1b","1b","3b","1b","1b","1b","1b","1b","1b","1b","3b","1b","1b","1b","3b","3b","1b","1b","3b","1b","1b","3b","1b","1b","1b","1b","1b","1b","1b"
"2021-09-19 20:00:00","PM2.5",NA,0,0,410.8222,362.9278,67.4474,25.679,1.0836,NA,0,0,33.1109,0,0,3.6347,11.0394,0,0,1.4501,0.7358,NA,NA,0,0,0,NA,NA,0,0,0,NA,0,NA,0,0,0,0,0,6.0241,0,"3b","1b","1b","1b","1b","1b","1b","1b","3b","1b","1b","1b","1b","1b","1b","1b","1b","1b","1b","1b","3b","3b","1b","1b","1b","3b","3b","1b","1b","1b","3b","1b","3b","1b","1b","1b","1b","1b","1b","1b"
"2021-09-19 21:00:00","PM10",855.086,0,0,430.7742,1237.117,59.4655,68.3359,2.5272,NA,NA,0,103.5497,0,NA,6.058,9.0749,0,0,1.135,4.108,1.9391,NA,0,0,0,NA,NA,NA,0,0,NA,0,NA,0,0,0,0,0,1.941,0,"1b","1b","1b","1b","1b","1b","1b","1b","3b","3b","1b","1b","1b","3b","1b","1b","1b","1b","1b","1b","1b","3b","1b","1b","1b","3b","3b","3b","1b","1b","3b","1b","3b","1b","1b","1b","1b","1b","1b","1b"
"2021-09-19 22:00:00","PM2.5",673.9856,0,0,233.3336,312.0206,29.7353,15.5559,NA,NA,0,0,32.8624,NA,NA,1.8134,5.5189,0,0,1.1991,1.0617,1.4602,NA,0,0,0,12.5093,0,NA,0,NA,NA,NA,0,NA,0,0,0,0,4.3448,0,"1b","1b","1b","1b","1b","1b","1b","3b","3b","1b","1b","1b","3b","3b","1b","1b","1b","1b","1b","1b","1b","3b","1b","1b","1b","1b","1b","3b","1b","3b","3b","3b","1b","3b","1b","1b","1b","1b","1b","1b"
"2021-09-19 23:00:00","PM10",NA,0,0,237.3103,1555.4855,238.9044,60.054,2.4516,0,NA,NA,60.2147,NA,0,20.0878,4.9658,0,0,1.0262,NA,2.4001,6.4559,0,0,0,NA,0,NA,NA,NA,NA,NA,9.2291,0,0,0,0,0,0,3.1971,"3b","1b","1b","1b","1b","1b","1b","1b","1b","3b","3b","1b","3b","1b","1b","1b","1b","1b","1b","3b","1b","1b","1b","1b","1b","3b","1b","3b","3b","3b","3b","3b","1b","1b","1b","1b","1b","1b","1b","1b"
"2021-09-20 00:30:00","PM2.5",NA,0,0,119.8057,250.5077,21.6349,17.8701,0,0,0,0,18.7489,0,0,1.5031,2.2762,0,0,NA,NA,NA,NA,0,0,NA,23.3467,NA,0,0,NA,0,NA,0,0,0,0,0,0,0,0,"3b","1b","1b","1b","1b","1b","1b","1b","1b","1b","1b","1b","1b","1b","1b","1b","1b","1b","3b","3b","3b","3b","1b","1b","3b","1b","3b","1b","1b","3b","1b","3b","1b","1b","1b","1b","1b","1b","1b","1b"
"2021-09-20 01:00:00","PM10",NA,0,0,172.9842,1009.7185,59.3926,56.8153,1.1568,0,NA,NA,46.9437,NA,0,2.4648,6.5089,0,0,1.0268,NA,1.0685,NA,0,0,0,NA,0,0,0,NA,NA,0,6e-04,0,0,0,0,0,1.8327,0,"3b","1b","1b","1b","1b","1b","1b","1b","1b","3b","3b","1b","3b","1b","1b","1b","1b","1b","1b","3b","1b","3b","1b","1b","1b","3b","1b","1b","1b","3b","3b","1b","1b","1b","1b","1b","1b","1b","1b","1b"
"2021-09-20 02:00:00","PM2.5",729.0603,0,0,112.2419,201.8066,36.7207,15.091,0,NA,0,0,20.7318,NA,0,1.121,6.0141,0,0,0.938,0,1.2372,NA,0,NA,0,11.8154,0,NA,0,NA,0,NA,0,0,0,0,NA,0,1.4209,0,"1b","1b","1b","1b","1b","1b","1b","1b","3b","1b","1b","1b","3b","1b","1b","1b","1b","1b","1b","1b","1b","3b","1b","3b","1b","1b","1b","3b","1b","3b","1b","3b","1b","1b","1b","1b","3b","1b","1b","1b"
"2021-09-20 03:00:00","PM10",NA,0,0,197.4913,907.6234,63.8221,58.6608,1.099,NA,NA,0,43.7885,0,0,2.345,5.5934,0,0,0.8953,0.5461,2.0167,NA,0,0,0,15.5669,0,0,0,0,NA,NA,0,NA,0,0,0,0,1.7746,0,"3b","1b","1b","1b","1b","1b","1b","1b","3b","3b","1b","1b","1b","1b","1b","1b","1b","1b","1b","1b","1b","3b","1b","1b","1b","1b","1b","1b","1b","1b","3b","3b","1b","3b","1b","1b","1b","1b","1b","1b"
"2021-09-20 04:00:00","PM2.5",850.3785,0,0,141.3467,155.4851,36.8884,14.8588,NA,NA,0,0,23.5833,NA,0,1.5474,3.8804,NA,0,1.1683,0.6234,0.9593,NA,0,0,0,NA,0,NA,0,NA,0,0,0,0,0,0,0,0,0,0,"1b","1b","1b","1b","1b","1b","1b","3b","3b","1b","1b","1b","3b","1b","1b","1b","3b","1b","1b","1b","1b","3b","1b","1b","1b","3b","1b","3b","1b","3b","1b","1b","1b","1b","1b","1b","1b","1b","1b","1b"
"2021-09-20 05:00:00","PM10",661.7587,0,0,236.4647,751.352,72.9844,108.5158,2.0876,NA,NA,0.9302,151.645,0,0,6.0596,11.2075,0,0,1.6478,3.0642,1.5845,NA,0,0,0,12.7185,NA,0,0,0,NA,NA,NA,0,0,0,0,0,1.1876,0,"1b","1b","1b","1b","1b","1b","1b","1b","3b","3b","1b","1b","1b","1b","1b","1b","1b","1b","1b","1b","1b","3b","1b","1b","1b","1b","3b","1b","1b","1b","3b","3b","3b","1b","1b","1b","1b","1b","1b","1b"
"2021-09-20 06:00:00","PM2.5",689.4843,0,0,283.8733,154.7828,46.3546,42.3878,1.8013,NA,NA,2.2614,194.2924,NA,0,8.9146,22.9171,0,0,1.5123,1.9978,1.629,NA,0,0,0,14.9351,NA,0,0,0,NA,NA,NA,0,0,0,0,0,3.7494,0,"1b","1b","1b","1b","1b","1b","1b","1b","3b","3b","1b","1b","3b","1b","1b","1b","1b","1b","1b","1b","1b","3b","1b","1b","1b","1b","3b","1b","1b","1b","3b","3b","3b","1b","1b","1b","1b","1b","1b","1b"
"2021-09-20 07:00:00","PM10",NA,NA,0,355.9891,1168.0957,125.3367,313.0862,16.9271,NA,2.698,12.137,561.5793,NA,0.7314,19.2134,63.7808,0,0,2.4442,0.5811,2.6978,NA,0,NA,0,NA,NA,NA,0,0,0,0,7.3015,0,0,0,0,0,10.0597,0,"3b","3b","1b","1b","1b","1b","1b","1b","3b","1b","1b","1b","3b","1b","1b","1b","1b","1b","1b","1b","1b","3b","1b","3b","1b","3b","3b","3b","1b","1b","1b","1b","1b","1b","1b","1b","1b","1b","1b","1b"
"2021-09-20 08:00:00","PM2.5",647.632,0,0,260.6739,260.954,66.0943,79.0909,8.6174,NA,1.1675,7.4402,211.8103,0,NA,7.0738,40.1445,0,0,1.1637,NA,1.631,NA,0,0,0,NA,NA,NA,0,NA,0,NA,0,0,0,0,0,0,0.8929,0,"1b","1b","1b","1b","1b","1b","1b","1b","3b","1b","1b","1b","1b","3b","1b","1b","1b","1b","1b","3b","1b","3b","1b","1b","1b","3b","3b","3b","1b","3b","1b","3b","1b","1b","1b","1b","1b","1b","1b","1b"
"2021-09-20 09:00:00","PM10",NA,NA,0,284.7246,879.9008,112.9621,263.9715,13.2634,0,0.955,5.6745,286.5136,0,NA,8.5256,21.2897,0,0,1.275,NA,8.344,NA,0,NA,0,18.6646,NA,0,0,0,0,0,NA,0,0,0,0,0,NA,0,"3b","3b","1b","1b","1b","1b","1b","1b","1b","1b","1b","1b","1b","3b","1b","1b","1b","1b","1b","3b","1b","3b","1b","3b","1b","1b","3b","1b","1b","1b","1b","1b","3b","1b","1b","1b","1b","1b","3b","1b"
"2021-09-20 10:00:00","PM2.5",NA,0,0,154.7287,86.956,31.662,36.4163,3.8426,NA,NA,NA,68.2528,NA,0,2.7258,7.6256,0,0,0.8248,NA,2.8703,NA,0,0,0,14.9161,0,NA,0,NA,NA,0,NA,0,0,0,0,0,0,0,"3b","1b","1b","1b","1b","1b","1b","1b","3b","3b","3b","1b","3b","1b","1b","1b","1b","1b","1b","3b","1b","3b","1b","1b","1b","1b","1b","3b","1b","3b","3b","1b","3b","1b","1b","1b","1b","1b","1b","1b"
"2021-09-20 11:00:00","PM10",0,NA,0,174.3776,475.2366,65.8678,273.5365,13.9059,NA,0.7226,2.718,246.4008,0,NA,10.4006,14.9782,0,0,1.4313,0,1.234,NA,0,0,0,21.3656,NA,0,0,NA,NA,0,NA,0,NA,0,0,0,1.3338,0,"1b","3b","1b","1b","1b","1b","1b","1b","3b","1b","1b","1b","1b","3b","1b","1b","1b","1b","1b","1b","1b","3b","1b","1b","1b","1b","3b","1b","1b","3b","3b","1b","3b","1b","3b","1b","1b","1b","1b","1b"
"2021-09-20 12:00:00","PM2.5",718.0367,0,0,179.9963,111.8488,27.7034,52.4982,2.2931,NA,NA,1.4623,68.7283,0,NA,2.3469,10.7177,0,0,0.5521,0,1.0062,NA,0,0,0,NA,NA,NA,0,0,NA,NA,0,0,0,0,0,0,4.2784,0,"1b","1b","1b","1b","1b","1b","1b","1b","3b","3b","1b","1b","1b","3b","1b","1b","1b","1b","1b","1b","1b","3b","1b","1b","1b","3b","3b","3b","1b","1b","3b","3b","1b","1b","1b","1b","1b","1b","1b","1b"
"2021-09-20 13:00:00","PM10",NA,NA,0,327.6884,636.7515,106.8931,253.7073,12.5096,0,NA,2.9842,191.2909,0,NA,5.7841,28.8172,0,0,1.9063,0,1.9209,NA,0,NA,0,NA,NA,0.1092,0,0,0,NA,NA,0,0,0,0,0,18.0406,0,"3b","3b","1b","1b","1b","1b","1b","1b","1b","3b","1b","1b","1b","3b","1b","1b","1b","1b","1b","1b","1b","3b","1b","3b","1b","3b","3b","1b","1b","1b","1b","3b","3b","1b","1b","1b","1b","1b","1b","1b"
"2021-09-20 14:00:00","PM2.5",767.7553,0,0,285.9348,161.0238,86.099,64.4756,1.9748,0,NA,0.8793,83.6729,0,0,3.0072,27.2323,0,0,2.2063,0,0.8389,NA,0,0,0,NA,NA,0,0,0,0,NA,0,0,0,0,0,0,19.2353,0,"1b","1b","1b","1b","1b","1b","1b","1b","1b","3b","1b","1b","1b","1b","1b","1b","1b","1b","1b","1b","1b","3b","1b","1b","1b","3b","3b","1b","1b","1b","1b","3b","1b","1b","1b","1b","1b","1b","1b","1b"
"2021-09-20 15:00:00","PM10",NA,NA,0,319.8158,373.2381,87.8753,278.9465,6.2682,0,NA,3.2503,223.1115,0,NA,7.6435,16.0106,0,0,1.286,NA,1.1029,NA,0,0,0,15.1446,NA,0,0,0,0,NA,4.1686,0,0,0,0,0,8.0738,0,"3b","3b","1b","1b","1b","1b","1b","1b","1b","3b","1b","1b","1b","3b","1b","1b","1b","1b","1b","3b","1b","3b","1b","1b","1b","1b","3b","1b","1b","1b","1b","3b","1b","1b","1b","1b","1b","1b","1b","1b"
"2021-09-20 16:00:00","PM2.5",NA,0,0,613.081,0,51.9199,64.4677,4.8583,0,NA,NA,112.4526,0,NA,5.5598,9.3096,0,0,0,0.4585,1.8689,NA,0,0,0,21.421,NA,NA,0,NA,NA,0,NA,0,0,0,0,0,6.6483,0,"3b","1b","1b","1b","1b","1b","1b","1b","1b","3b","3b","1b","1b","3b","1b","1b","1b","1b","1b","1b","1b","3b","1b","1b","1b","1b","3b","3b","1b","3b","3b","1b","3b","1b","1b","1b","1b","1b","1b","1b"
"2021-09-20 17:00:00","PM10",NA,NA,0,808.4352,232.3657,82.6564,175.0919,4.592,0,NA,2.0024,272.6097,0,NA,9.0528,14.6811,0,0,1.9437,NA,2.1285,NA,0,0,0,NA,NA,0,0,0,0,NA,3.1432,0,0,0,0,0,4.4599,0,"3b","3b","1b","1b","1b","1b","1b","1b","1b","3b","1b","1b","1b","3b","1b","1b","1b","1b","1b","3b","1b","3b","1b","1b","1b","3b","3b","1b","1b","1b","1b","3b","1b","1b","1b","1b","1b","1b","1b","1b"
"2021-09-20 18:00:00","PM2.5",754.0876,0,0,308.978,59.9578,59.469,36.7558,NA,0,NA,NA,103.7614,0,NA,4.8451,13.4298,0,0,1.0242,NA,1.7593,0,0,0,0,NA,NA,NA,0,NA,0,0,NA,0,0,0,0,0,13.2428,0,"1b","1b","1b","1b","1b","1b","1b","3b","1b","3b","3b","1b","1b","3b","1b","1b","1b","1b","1b","3b","1b","1b","1b","1b","1b","3b","3b","3b","1b","3b","1b","1b","3b","1b","1b","1b","1b","1b","1b","1b"
"2021-09-20 19:00:00","PM10",1228.0695,NA,0,196.7233,412.1935,97.9568,133.6273,5.2842,0,1.2077,2.0643,370.2546,0,NA,11.3278,32.586,0,0,2.3201,0,4.3824,NA,0,0,0,NA,0,0,0,0,0,0,6.198,0,0,0,0,0,9.0501,0,"1b","3b","1b","1b","1b","1b","1b","1b","1b","1b","1b","1b","1b","3b","1b","1b","1b","1b","1b","1b","1b","3b","1b","1b","1b","3b","1b","1b","1b","1b","1b","1b","1b","1b","1b","1b","1b","1b","1b","1b"
"2021-09-20 20:00:00","PM2.5",NA,0,0,134.3243,157.2423,44.8146,39.102,1.634,0,NA,NA,98.8996,0,NA,3.7069,30.568,0,0,1.2412,1.1449,4.0692,NA,0,0,0,12.7893,NA,0,0,NA,NA,NA,NA,0,0,0,0,0,4.5992,0,"3b","1b","1b","1b","1b","1b","1b","1b","1b","3b","3b","1b","1b","3b","1b","1b","1b","1b","1b","1b","1b","3b","1b","1b","1b","1b","3b","1b","1b","3b","3b","3b","3b","1b","1b","1b","1b","1b","1b","1b"
"2021-09-20 21:00:00","PM10",NA,0,0,246.0926,775.8468,65.0155,158.3049,3.4259,NA,NA,1.7064,216.6001,0,0,6.7777,35.6854,0,0,1.7891,4.2203,1.4936,NA,0,0,0,13.6233,0,0,0,NA,NA,NA,NA,0,0,0,0,0,6.7575,0,"3b","1b","1b","1b","1b","1b","1b","1b","3b","3b","1b","1b","1b","1b","1b","1b","1b","1b","1b","1b","1b","3b","1b","1b","1b","1b","1b","1b","1b","3b","3b","3b","3b","1b","1b","1b","1b","1b","1b","1b"
"2021-09-20 22:00:00","PM2.5",0,0,0,256.2189,95.4479,39.5847,30.8951,NA,NA,NA,1.1774,102.5944,0,NA,6.0856,20.3187,0,0,3.3402,6.2255,3.7104,NA,0,0,0,NA,NA,NA,0,NA,NA,0,NA,0,0,0,0,0,14.8971,0,"1b","1b","1b","1b","1b","1b","1b","3b","3b","3b","1b","1b","1b","3b","1b","1b","1b","1b","1b","1b","1b","3b","1b","1b","1b","3b","3b","3b","1b","3b","3b","1b","3b","1b","1b","1b","1b","1b","1b","1b"
"2021-09-20 23:00:00","PM10",NA,0,NA,226.3484,345.4303,36.8101,75.6989,3.7623,1.5286,NA,1.1628,182.8007,0,NA,7.5438,16.1058,0,0,3.1344,3.0748,4.5141,NA,0,0,0,24.7036,NA,NA,NA,NA,NA,NA,NA,0,0,0,0,0,9.7916,0,"3b","1b","3b","1b","1b","1b","1b","1b","1b","3b","1b","1b","1b","3b","1b","1b","1b","1b","1b","1b","1b","3b","1b","1b","1b","1b","3b","3b","3b","3b","3b","3b","3b","1b","1b","1b","1b","1b","1b","1b"
"2021-09-21 00:30:00","PM2.5",NA,0,NA,171.2042,0,30.2418,14.0379,NA,NA,0,0,48.4419,0,0,3.0546,12.8114,0,0,1.8206,NA,2.1442,NA,0,0,0,23.1359,NA,NA,0,0,NA,NA,0,NA,0,0,0,0,11.1061,0,"3b","1b","3b","1b","1b","1b","1b","3b","3b","1b","1b","1b","1b","1b","1b","1b","1b","1b","1b","3b","1b","3b","1b","1b","1b","1b","3b","3b","1b","1b","3b","3b","1b","3b","1b","1b","1b","1b","1b","1b"
"2021-09-21 01:00:00","PM10",NA,0,0,192.1079,130.3852,53.0019,69.4739,3.3258,1.4037,NA,NA,130.3388,0,NA,3.7612,14.452,0,0,1.2787,0.7461,1.5349,NA,0,0,0,10.8658,NA,0,0,NA,NA,0,NA,0,0,0,0,0,4.3884,0,"3b","1b","1b","1b","1b","1b","1b","1b","1b","3b","3b","1b","1b","3b","1b","1b","1b","1b","1b","1b","1b","3b","1b","1b","1b","1b","3b","1b","1b","3b","3b","1b","3b","1b","1b","1b","1b","1b","1b","1b"
"2021-09-21 02:00:00","PM2.5",NA,0,0,188.7935,8.9139,51.0985,11.1482,NA,NA,NA,NA,47.6831,0,NA,1.2993,12.2686,0,0,0.8522,0.5308,1.4768,NA,0,0,0,9.7512,NA,NA,0,0,NA,NA,NA,0,0,0,0,0,8.2501,0,"3b","1b","1b","1b","1b","1b","1b","3b","3b","3b","3b","1b","1b","3b","1b","1b","1b","1b","1b","1b","1b","3b","1b","1b","1b","1b","3b","3b","1b","1b","3b","3b","3b","1b","1b","1b","1b","1b","1b","1b"
"2021-09-21 03:00:00","PM10",NA,0,0,233.2421,164.0533,68.9486,43.9257,1.1305,NA,NA,NA,98.5681,0,0.0036,1.7551,9.6872,0,0,2.0173,NA,1.7508,NA,0,0,0,NA,NA,0,0,0,NA,0,NA,0,NA,0,0,0,13.2242,0,"3b","1b","1b","1b","1b","1b","1b","1b","3b","3b","3b","1b","1b","1b","1b","1b","1b","1b","1b","3b","1b","3b","1b","1b","1b","3b","3b","1b","1b","1b","3b","1b","3b","1b","3b","1b","1b","1b","1b","1b"
"2021-09-21 04:00:00","PM2.5",NA,0,0,163.8559,18.8046,44.6963,15.0168,NA,NA,NA,0,35.7875,0,0,0.9622,12.9935,0,0,1.3535,0,1.2698,0,0,0,0,17.3536,0,0,0,NA,0,NA,0,0,0,0,0,0,7.7218,0,"3b","1b","1b","1b","1b","1b","1b","3b","3b","3b","1b","1b","1b","1b","1b","1b","1b","1b","1b","1b","1b","1b","1b","1b","1b","1b","1b","1b","1b","3b","1b","3b","1b","1b","1b","1b","1b","1b","1b","1b"
"2021-09-21 05:00:00","PM10",NA,0,0.3109,191.8535,155.4142,45.0705,86.3599,2.5223,NA,0.9843,1.3179,193.6737,0,NA,9.3624,21.7835,0,0,0.8487,NA,1.8766,0,0,0,0,15.4166,NA,NA,0,0,NA,NA,5.2156,0,0,0,0,0,4.6262,0,"3b","1b","1b","1b","1b","1b","1b","1b","3b","1b","1b","1b","1b","3b","1b","1b","1b","1b","1b","3b","1b","1b","1b","1b","1b","1b","3b","3b","1b","1b","3b","3b","1b","1b","1b","1b","1b","1b","1b","1b"
"2021-09-21 06:00:00","PM2.5",648.9984,0,0,157.7216,25.9457,19.3342,30.609,NA,0,NA,NA,144.915,0,0,8.5793,47.6597,0,0,0.55,0,0.7985,NA,0,0,0,NA,NA,0,0,0,NA,NA,4.5932,0,0,0,0,0,0,0,"1b","1b","1b","1b","1b","1b","1b","3b","1b","3b","3b","1b","1b","1b","1b","1b","1b","1b","1b","1b","1b","3b","1b","1b","1b","3b","3b","1b","1b","1b","3b","3b","1b","1b","1b","1b","1b","1b","1b","1b"
"2021-09-21 07:00:00","PM10",NA,264.5783,0,281.9011,301.7811,73.9891,397.5577,16.5363,0,1.1925,7.1914,547.8314,0,NA,18.5598,76.3303,0,0,1.6807,0.6675,4.6347,1.9162,0,0,0,NA,NA,0,0,0,0,NA,9.327,0,0,0,0,0,18.1898,0,"3b","1b","1b","1b","1b","1b","1b","1b","1b","1b","1b","1b","1b","3b","1b","1b","1b","1b","1b","1b","1b","1b","1b","1b","1b","3b","3b","1b","1b","1b","1b","3b","1b","1b","1b","1b","1b","1b","1b","1b"
"2021-09-21 08:00:00","PM2.5",NA,0,0,275.8416,123.3303,27.7255,78.2958,1.3009,NA,NA,3.3713,197.8338,0,NA,6.6132,34.3963,0,0,3.0479,0.6149,3.9116,NA,0,0,0,NA,0,0,0,0,NA,0,NA,0,NA,0,0,0,14.7741,0,"3b","1b","1b","1b","1b","1b","1b","1b","3b","3b","1b","1b","1b","3b","1b","1b","1b","1b","1b","1b","1b","3b","1b","1b","1b","3b","1b","1b","1b","1b","3b","1b","3b","1b","3b","1b","1b","1b","1b","1b"
"2021-09-21 09:00:00","PM10",678.8836,NA,0,382.095,927.0929,85.7182,311.7734,8.1881,1.065,NA,3.8881,316.9601,NA,0.9954,8.8681,24.4582,0,0,2.2433,NA,3.9442,1.7756,0,0,0,14.6475,NA,0,0,0,0,NA,NA,0,0,0,0,0,9.8836,0,"1b","3b","1b","1b","1b","1b","1b","1b","1b","3b","1b","1b","3b","1b","1b","1b","1b","1b","1b","3b","1b","1b","1b","1b","1b","1b","3b","1b","1b","1b","1b","3b","3b","1b","1b","1b","1b","1b","1b","1b"
"2021-09-21 10:00:00","PM2.5",NA,0,NA,305.6485,425.7702,37.4394,64.974,NA,NA,NA,1.09,84.1751,0,NA,2.9032,18.4583,0,0,2.095,0,3.1415,NA,0,0,0,14.6912,0,0,0,0,0,NA,NA,0,0,0,0,0,3.065,0,"3b","1b","3b","1b","1b","1b","1b","3b","3b","3b","1b","1b","1b","3b","1b","1b","1b","1b","1b","1b","1b","3b","1b","1b","1b","1b","1b","1b","1b","1b","1b","3b","3b","1b","1b","1b","1b","1b","1b","1b"
"2021-09-21 11:00:00","PM10",955.8185,NA,0,428.6379,1303.4551,88.3255,350.9017,14.1008,0.8777,1.4256,3.8918,264.0119,0,1.7083,5.9486,23.9998,0,0,1.2449,NA,4.304,NA,0,0,0,NA,NA,0,0,NA,NA,0,NA,0,0,0,0,0,3.4449,0,"1b","3b","1b","1b","1b","1b","1b","1b","1b","1b","1b","1b","1b","1b","1b","1b","1b","1b","1b","3b","1b","3b","1b","1b","1b","3b","3b","1b","1b","3b","3b","1b","3b","1b","1b","1b","1b","1b","1b","1b"
"2021-09-21 12:00:00","PM2.5",798.2469,0,0,329.0219,248.3052,35.7614,54.8415,1.5509,NA,0,NA,62.2469,0,NA,1.7159,8.8275,0,0,1.3482,0,2.6562,0,0,0,0,NA,NA,0,0,0,NA,0,NA,0,0,0,0,0,0,0,"1b","1b","1b","1b","1b","1b","1b","1b","3b","1b","3b","1b","1b","3b","1b","1b","1b","1b","1b","1b","1b","1b","1b","1b","1b","3b","3b","1b","1b","1b","3b","1b","3b","1b","1b","1b","1b","1b","1b","1b"
"2021-09-21 13:00:00","PM10",NA,172.5435,0,356.5935,503.264,88.6938,286.2937,10.7669,NA,NA,3.2944,220.6123,0,0,4.6909,24.4078,0,0,2.288,0,2.911,NA,0,0,0,13.1998,0,NA,0,NA,NA,NA,NA,0,0,0,0,0,1.1438,0,"3b","1b","1b","1b","1b","1b","1b","1b","3b","3b","1b","1b","1b","1b","1b","1b","1b","1b","1b","1b","1b","3b","1b","1b","1b","1b","1b","3b","1b","3b","3b","3b","3b","1b","1b","1b","1b","1b","1b","1b"
"2021-09-21 14:00:00","PM2.5",NA,0,0,238.2309,66.0221,40.6096,53.4711,1.6824,NA,NA,0.9402,83.458,0,NA,2.9228,24.1294,0,0,NA,NA,1.7974,NA,NA,0,0,16.0831,NA,NA,0,NA,NA,0.2408,NA,0,0,0,0,0,1.4799,0,"3b","1b","1b","1b","1b","1b","1b","1b","3b","3b","1b","1b","1b","3b","1b","1b","1b","1b","3b","3b","1b","3b","3b","1b","1b","1b","3b","3b","1b","3b","3b","1b","3b","1b","1b","1b","1b","1b","1b","1b"
"2021-09-21 15:00:00","PM10",NA,392.8393,0,239.9366,251.4966,98.8028,268.7503,14.5321,NA,NA,2.9765,286.4943,0,NA,8.4462,36.1132,0,0,0.5222,0,2.1912,NA,0,0,0,0,NA,NA,0,NA,NA,0,3.7548,0,0,0,0,0,2.1797,0,"3b","1b","1b","1b","1b","1b","1b","1b","3b","3b","1b","1b","1b","3b","1b","1b","1b","1b","1b","1b","1b","3b","1b","1b","1b","1b","3b","3b","1b","3b","3b","1b","1b","1b","1b","1b","1b","1b","1b","1b"
"2021-09-21 16:00:00","PM2.5",NA,0.6072,0,224.8003,28.4336,49.7941,48.4834,2.2241,0,NA,NA,113.0366,0,0,5.728,19.4095,0,0,1.438,0,1.9604,NA,0,0,0,9.3047,NA,0,0,NA,NA,0,NA,0,0,0,0,0,NA,0,"3b","1b","1b","1b","1b","1b","1b","1b","1b","3b","3b","1b","1b","1b","1b","1b","1b","1b","1b","1b","1b","3b","1b","1b","1b","1b","3b","1b","1b","3b","3b","1b","3b","1b","1b","1b","1b","1b","3b","1b"
"2021-09-21 17:00:00","PM10",NA,262.331,0,245.5789,174.1515,110.1269,185.4988,14.2496,0,0.6889,3.3461,393.1197,0,NA,16.0092,21.7956,0,0,0.6725,0,2.6655,NA,0,NA,0,10.3613,NA,NA,0,NA,NA,NA,4.3363,0,0,0,0,0,2.7962,0,"3b","1b","1b","1b","1b","1b","1b","1b","1b","1b","1b","1b","1b","3b","1b","1b","1b","1b","1b","1b","1b","3b","1b","3b","1b","1b","3b","3b","1b","3b","3b","3b","1b","1b","1b","1b","1b","1b","1b","1b"
"2021-09-21 18:00:00","PM2.5",0,0,0,210.5472,NA,63.0969,48.5223,2.6127,0,NA,2.3978,353.3797,0,0,19.8371,14.1179,0,0,0.8506,0.0029,2.6001,NA,0,0,0,9.6525,NA,NA,0,0,0,NA,8.5885,0,0,0,0,0,2.2997,0,"1b","1b","1b","1b","3b","1b","1b","1b","1b","3b","1b","1b","1b","1b","1b","1b","1b","1b","1b","1b","1b","3b","1b","1b","1b","1b","3b","3b","1b","1b","1b","3b","1b","1b","1b","1b","1b","1b","1b","1b"
"2021-09-21 19:00:00","PM10",797.9237,NA,0,283.5363,101.8166,122.7728,250.7544,17.4569,0,2.3209,7.4666,1187.4043,0,NA,68.3255,49.2044,0,0,5.69,NA,3.4549,2.5858,0,NA,0,NA,0,NA,NA,NA,NA,NA,37.8323,0,0,0,0,0,5.712,0,"1b","3b","1b","1b","1b","1b","1b","1b","1b","1b","1b","1b","1b","3b","1b","1b","1b","1b","1b","3b","1b","1b","1b","3b","1b","3b","1b","3b","3b","3b","3b","3b","1b","1b","1b","1b","1b","1b","1b","1b"
"2021-09-21 20:00:00","PM2.5",NA,NA,0,243.0925,0,74.8955,92.7702,13.7818,0,1.2726,4.4582,870.2536,0,0.0099,74.3016,61.2093,0,0,3.6199,0,4.1011,2.4623,0,0,0,23.2027,0,0,0,NA,0,NA,39.8358,0,0,0,0,0,4.0254,0,"3b","3b","1b","1b","1b","1b","1b","1b","1b","1b","1b","1b","1b","1b","1b","1b","1b","1b","1b","1b","1b","1b","1b","1b","1b","1b","1b","1b","1b","3b","1b","3b","1b","1b","1b","1b","1b","1b","1b","1b"
"2021-09-21 21:00:00","PM10",755.4894,NA,0,287.36,75.1175,209.6033,177.952,10.6089,0,2.0725,6.869,968.5395,0,NA,43.6816,37.4958,0,0,4.7689,NA,22.9795,NA,0,NA,NA,16.4781,0,NA,0,NA,NA,0,23.5009,0,0,0,0,0,19.6679,0,"1b","3b","1b","1b","1b","1b","1b","1b","1b","1b","1b","1b","1b","3b","1b","1b","1b","1b","1b","3b","1b","3b","1b","3b","3b","1b","1b","3b","1b","3b","3b","1b","1b","1b","1b","1b","1b","1b","1b","1b"
"2021-09-21 22:00:00","PM2.5",669.083,0,0,223.7714,0,127.313,30.0483,2.0873,0.0019,NA,1.4516,229.3861,0.0122,0,10.3081,22.3038,0,0,2.8859,0,6.5381,NA,0,0,0,NA,NA,0,0,NA,NA,NA,4.2086,0,0,0,0,0,11.8242,0,"1b","1b","1b","1b","1b","1b","1b","1b","1b","3b","1b","1b","1b","1b","1b","1b","1b","1b","1b","1b","1b","3b","1b","1b","1b","3b","3b","1b","1b","3b","3b","3b","1b","1b","1b","1b","1b","1b","1b","1b"
"2021-09-21 23:00:00","PM10",NA,NA,0,268.8934,150.0915,137.1979,107.883,7.8962,0,NA,4.0819,440.5187,0,0,16.1884,30.4437,0,0,5.3547,NA,7.9814,NA,0,NA,0,16.8161,0,NA,NA,NA,NA,NA,8.1796,0,0,0,NA,0,13.8326,0,"3b","3b","1b","1b","1b","1b","1b","1b","1b","3b","1b","1b","1b","1b","1b","1b","1b","1b","1b","3b","1b","3b","1b","3b","1b","1b","1b","3b","3b","3b","3b","3b","1b","1b","1b","1b","3b","1b","1b","1b"
"2021-09-22 00:30:00","PM2.5",NA,0,NA,197.005,56.2148,60.6757,18.0993,0,0,0,0,91.6983,0,0,3.3912,13.6326,0,0,2.1998,0,3.9185,NA,0,0,0,NA,0,NA,0,0,NA,NA,NA,0,NA,0,0,0,6.1832,0,"3b","1b","3b","1b","1b","1b","1b","1b","1b","1b","1b","1b","1b","1b","1b","1b","1b","1b","1b","1b","1b","3b","1b","1b","1b","3b","1b","3b","1b","1b","3b","3b","3b","1b","3b","1b","1b","1b","1b","1b"
"2021-09-22 01:00:00","PM10",NA,0,0,261.0677,391.9695,65.1233,57.1196,2.9322,NA,NA,NA,86.8895,NA,NA,1.9759,5.4948,0,0,1.2197,0,3.7203,NA,0,0,0,NA,0,NA,0,NA,NA,NA,NA,0,0,0,0,0,1.1288,0,"3b","1b","1b","1b","1b","1b","1b","1b","3b","3b","3b","1b","3b","3b","1b","1b","1b","1b","1b","1b","1b","3b","1b","1b","1b","3b","1b","3b","1b","3b","3b","3b","3b","1b","1b","1b","1b","1b","1b","1b"
"2021-09-22 02:00:00","PM2.5",780.6558,0,0,204.1029,45.3417,44.5502,13.8917,NA,0,NA,0,57.3468,0,0,1.9091,4.953,0,0,1.4195,0,2.6519,NA,0,0,0,10.3217,0,0,0,NA,NA,NA,NA,0,0,0,0,0,NA,0,"1b","1b","1b","1b","1b","1b","1b","3b","1b","3b","1b","1b","1b","1b","1b","1b","1b","1b","1b","1b","1b","3b","1b","1b","1b","1b","1b","1b","1b","3b","3b","3b","3b","1b","1b","1b","1b","1b","3b","1b"
"2021-09-22 03:00:00","PM10",671.9232,0,0,241.9882,380.4453,60.6253,56.1719,1.7228,0,NA,NA,88.2796,0,0,2.9702,4.6102,0,0,1.0682,NA,3.2303,NA,0,0,0,NA,NA,NA,0,NA,NA,NA,NA,0,0,0,0,0,0,0,"1b","1b","1b","1b","1b","1b","1b","1b","1b","3b","3b","1b","1b","1b","1b","1b","1b","1b","1b","3b","1b","3b","1b","1b","1b","3b","3b","3b","1b","3b","3b","3b","3b","1b","1b","1b","1b","1b","1b","1b"
"2021-09-22 04:00:00","PM2.5",NA,0,0,218.3722,87.2709,34.9478,11.7397,NA,0,0,NA,45.9296,0,0,1.8259,4.8359,0,0,1.4499,NA,2.6509,NA,0,0,0,NA,NA,0,0,NA,NA,0,NA,0,0,0,0,0,0,0,"3b","1b","1b","1b","1b","1b","1b","3b","1b","1b","3b","1b","1b","1b","1b","1b","1b","1b","1b","3b","1b","3b","1b","1b","1b","3b","3b","1b","1b","3b","3b","1b","3b","1b","1b","1b","1b","1b","1b","1b"
"2021-09-22 05:00:00","PM10",NA,0,0,276.0605,324.4677,62.8563,80.6797,3.22,0,0.6268,1.0832,252.0071,0,NA,10.7568,11.0146,0,0,1.5359,0,3.2193,0.0043,0,NA,0,9.3707,NA,NA,0,NA,NA,NA,4.9555,0,0,0,0,0,0.9297,0,"3b","1b","1b","1b","1b","1b","1b","1b","1b","1b","1b","1b","1b","3b","1b","1b","1b","1b","1b","1b","1b","1b","1b","3b","1b","1b","3b","3b","1b","3b","3b","3b","1b","1b","1b","1b","1b","1b","1b","1b"
"2021-09-22 06:00:00","PM2.5",NA,0,0,240.2288,46.0839,35.2135,25.6796,1.395,NA,NA,NA,185.0516,0,0,12.3289,10.0422,0,0,1.1082,0,3.0053,NA,0,0,0,14.1122,0,NA,0,0,NA,NA,5.4829,0,0,0,0,0,0,0,"3b","1b","1b","1b","1b","1b","1b","1b","3b","3b","3b","1b","1b","1b","1b","1b","1b","1b","1b","1b","1b","3b","1b","1b","1b","1b","1b","3b","1b","1b","3b","3b","1b","1b","1b","1b","1b","1b","1b","1b"
"2021-09-22 07:00:00","PM10",NA,NA,0,353.2808,262.6928,68.1539,204.5214,5.5637,0,1.1046,2.7679,436.411,0,8e-04,16.4792,10.5715,0,0,0.8199,0,3.6128,NA,0,0,0,NA,NA,0,0,0,NA,0,11.0826,0,0,0,0,0,0,0,"3b","3b","1b","1b","1b","1b","1b","1b","1b","1b","1b","1b","1b","1b","1b","1b","1b","1b","1b","1b","1b","3b","1b","1b","1b","3b","3b","1b","1b","1b","3b","1b","1b","1b","1b","1b","1b","1b","1b","1b"
"2021-09-22 08:00:00","PM2.5",NA,0,0,325.0765,37.0124,34.3533,29.8419,NA,NA,0,0,64.9854,0,0,2.9007,3.2655,0,0,4.7239,NA,2.4338,NA,0,0,0,NA,0,NA,0,0,0,NA,NA,0,0,0,0,0,0,0,"3b","1b","1b","1b","1b","1b","1b","3b","3b","1b","1b","1b","1b","1b","1b","1b","1b","1b","1b","3b","1b","3b","1b","1b","1b","3b","1b","3b","1b","1b","1b","3b","3b","1b","1b","1b","1b","1b","1b","1b"
"2021-09-22 09:00:00","PM10",NA,NA,0,362.1095,141.8244,75.8404,150.4588,5.796,0,NA,1.8861,191.624,0,NA,5.7265,7.639,0,0,0.6994,0,2.7727,NA,0,0,0,10.6014,NA,0,0,NA,NA,NA,NA,0,0,0,0,0,0,0,"3b","3b","1b","1b","1b","1b","1b","1b","1b","3b","1b","1b","1b","3b","1b","1b","1b","1b","1b","1b","1b","3b","1b","1b","1b","1b","3b","1b","1b","3b","3b","3b","3b","1b","1b","1b","1b","1b","1b","1b"
"2021-09-22 10:00:00","PM2.5",NA,NA,0,302.4917,0,56.1794,39.6594,NA,NA,NA,NA,47.3846,0,0,2.4388,6.0317,0,0,0.4598,0,2.2747,NA,0,0,0,NA,NA,NA,0,NA,NA,NA,0,0,0,0,0,0,0,0,"3b","3b","1b","1b","1b","1b","1b","3b","3b","3b","3b","1b","1b","1b","1b","1b","1b","1b","1b","1b","1b","3b","1b","1b","1b","3b","3b","3b","1b","3b","3b","3b","1b","1b","1b","1b","1b","1b","1b","1b"
"2021-09-22 11:00:00","PM10",NA,NA,0,316.864,107.8579,71.9753,271.1135,6.4561,NA,0,1.6683,156.2132,0,0,4.3375,12.2538,0,0,1.3041,NA,2.907,NA,0,0,0,NA,NA,0.0306,0,NA,NA,0,NA,0,0.0258,0,0,0,1.5734,0,"3b","3b","1b","1b","1b","1b","1b","1b","3b","1b","1b","1b","1b","1b","1b","1b","1b","1b","1b","3b","1b","3b","1b","1b","1b","3b","3b","1b","1b","3b","3b","1b","3b","1b","1b","1b","1b","1b","1b","1b"
"2021-09-22 12:00:00","PM2.5",NA,0,0,251.1798,0,36.7359,35.8955,1.2888,0,0,NA,47.1002,NA,0,2.1742,2.8491,0,0,NA,0,2.0876,NA,0,0,0,NA,NA,NA,0,0.1686,0,NA,NA,0,0,0,0,0,NA,0,"3b","1b","1b","1b","1b","1b","1b","1b","1b","1b","3b","1b","3b","1b","1b","1b","1b","1b","3b","1b","1b","3b","1b","1b","1b","3b","3b","3b","1b","1b","1b","3b","3b","1b","1b","1b","1b","1b","3b","1b"
"2021-09-22 13:00:00","PM10",0,NA,0,243.757,16.1777,85.0206,270.1431,10.6974,NA,NA,3.5177,180.1627,0,0,5.1146,6.6096,0,0,NA,0,1.4727,1.8258,0,NA,0,NA,0,NA,0,0,NA,NA,0,0,0,0,0,0,NA,0,"1b","3b","1b","1b","1b","1b","1b","1b","3b","3b","1b","1b","1b","1b","1b","1b","1b","1b","3b","1b","1b","1b","1b","3b","1b","3b","1b","3b","1b","1b","3b","3b","1b","1b","1b","1b","1b","1b","3b","1b"
"2021-09-22 14:00:00","PM2.5",805.8939,NA,0,105.864,0,28.3333,42.1643,1.6453,0,NA,NA,49.3099,0,NA,2.5494,4.1113,0,0,0.4469,0,0.8207,0,0,0,0,NA,NA,0,0,0,0,NA,0,0,0,0,0,0,1.3168,0,"1b","3b","1b","1b","1b","1b","1b","1b","1b","3b","3b","1b","1b","3b","1b","1b","1b","1b","1b","1b","1b","1b","1b","1b","1b","3b","3b","1b","1b","1b","1b","3b","1b","1b","1b","1b","1b","1b","1b","1b"
"2021-09-22 15:00:00","PM10",0,281.7172,0,93.8653,0,76.1097,231.8069,13.7978,NA,NA,2.5974,217.6618,0,NA,5.5764,6.3892,0,0,0,0,0.7907,NA,0,0,0,0,0,NA,0,0,0,0,0,0,0,0,0,0,1.5491,0,"1b","1b","1b","1b","1b","1b","1b","1b","3b","3b","1b","1b","1b","3b","1b","1b","1b","1b","1b","1b","1b","3b","1b","1b","1b","1b","1b","3b","1b","1b","1b","1b","1b","1b","1b","1b","1b","1b","1b","1b"
"2021-09-22 16:00:00","PM2.5",850.4944,0,0,72.8038,0,25.1039,28.2645,1.4991,0,NA,NA,60.8777,NA,NA,4.0141,3.7131,0,0,NA,0,NA,NA,0,0,0,0,0,0,0,0,0,NA,NA,0,0,0,0,0,NA,0,"1b","1b","1b","1b","1b","1b","1b","1b","1b","3b","3b","1b","3b","3b","1b","1b","1b","1b","3b","1b","3b","3b","1b","1b","1b","1b","1b","1b","1b","1b","1b","3b","3b","1b","1b","1b","1b","1b","3b","1b"
"2021-09-22 17:00:00","PM10",0,NA,0,98.8357,0,52.559,71.5478,4.6524,NA,0,1.2152,146.2218,0,0,5.3234,5.1086,0,0,0.842,NA,0.6368,NA,0,0,0,9.0711,NA,NA,0,0,NA,NA,0,0,NA,0,0,0,NA,0,"1b","3b","1b","1b","1b","1b","1b","1b","3b","1b","1b","1b","1b","1b","1b","1b","1b","1b","1b","3b","1b","3b","1b","1b","1b","1b","3b","3b","1b","1b","3b","3b","1b","1b","3b","1b","1b","1b","3b","1b"
"2021-09-22 18:00:00","PM2.5",NA,0,0,80.4134,0,24.5685,11.1158,NA,0,0,0,49.1093,0,0,4.0734,3.8533,0,0,0.5131,0,0.8968,NA,0,0,0,NA,0,NA,0,NA,NA,NA,NA,0,0,0,0,0,0,0,"3b","1b","1b","1b","1b","1b","1b","3b","1b","1b","1b","1b","1b","1b","1b","1b","1b","1b","1b","1b","1b","3b","1b","1b","1b","3b","1b","3b","1b","3b","3b","3b","3b","1b","1b","1b","1b","1b","1b","1b"
"2021-09-22 19:00:00","PM10",NA,NA,0,103.2409,NA,42.0788,50.4324,5.3566,0,0,NA,147.9365,0,0,8.019,7.3577,0,0,0.9623,0,1.9466,NA,0,0,0,NA,NA,NA,0,NA,NA,NA,NA,0,0,0,0,0,0,0,"3b","3b","1b","1b","3b","1b","1b","1b","1b","1b","3b","1b","1b","1b","1b","1b","1b","1b","1b","1b","1b","3b","1b","1b","1b","3b","3b","3b","1b","3b","3b","3b","3b","1b","1b","1b","1b","1b","1b","1b"
"2021-09-22 20:00:00","PM2.5",NA,0,0,88.7022,0,23.2381,8.0936,1.1758,0,NA,0,57.6631,0,0,5.1875,5.7351,0,0,0.7795,0,2.7597,NA,0,0,0,12.9417,NA,0,0,NA,NA,0,NA,0,0,0,0,0,0,0,"3b","1b","1b","1b","1b","1b","1b","1b","1b","3b","1b","1b","1b","1b","1b","1b","1b","1b","1b","1b","1b","3b","1b","1b","1b","1b","3b","1b","1b","3b","3b","1b","3b","1b","1b","1b","1b","1b","1b","1b"
"2021-09-22 21:00:00","PM10",NA,0,0,115.5096,86.8933,27.6204,33.96,1.9624,0,NA,NA,85.8143,0,0,4.0761,3.1307,0,0,0.4293,0,0.6701,0,0,0,0,14.0433,NA,0,0,0,0,NA,NA,0,0,0,0,0,0,0,"3b","1b","1b","1b","1b","1b","1b","1b","1b","3b","3b","1b","1b","1b","1b","1b","1b","1b","1b","1b","1b","1b","1b","1b","1b","1b","3b","1b","1b","1b","1b","3b","3b","1b","1b","1b","1b","1b","1b","1b"
"2021-09-22 22:00:00","PM2.5",819.143,0,0,94.268,14.2219,7.1442,7.0798,0,NA,0,0,19.6304,0,0,1.3416,0.5928,0,0,NA,0,NA,NA,0,0,0,NA,NA,0,0,0,0,0,NA,0,0,0,0,0,0,0,"1b","1b","1b","1b","1b","1b","1b","1b","3b","1b","1b","1b","1b","1b","1b","1b","1b","1b","3b","1b","3b","3b","1b","1b","1b","3b","3b","1b","1b","1b","1b","1b","3b","1b","1b","1b","1b","1b","1b","1b"
"2021-09-22 23:00:00","PM10",NA,0,0,132.5585,190.818,30.2334,80.4845,1.5091,NA,NA,NA,54.3712,NA,NA,1.3762,1.375,0,0,NA,0,0.9144,NA,0,0,0,23.8048,NA,NA,0,NA,NA,NA,0,0,0,0,0,0,0,0,"3b","1b","1b","1b","1b","1b","1b","1b","3b","3b","3b","1b","3b","3b","1b","1b","1b","1b","3b","1b","1b","3b","1b","1b","1b","1b","3b","3b","1b","3b","3b","3b","1b","1b","1b","1b","1b","1b","1b","1b"
"2021-09-23 00:30:00","PM2.5",NA,0,0,126.4061,22.4311,8.0369,12.7933,NA,NA,0.0162,0,10.4631,0.0213,0,NA,1.1688,0,0,0,0,NA,0,0,0,0,NA,0,0,0,0,NA,0,0,0,0,0,0,0,0,0,"3b","1b","1b","1b","1b","1b","1b","3b","3b","1b","1b","1b","1b","1b","3b","1b","1b","1b","1b","1b","3b","1b","1b","1b","1b","3b","1b","1b","1b","1b","3b","1b","1b","1b","1b","1b","1b","1b","1b","1b"
"2021-09-23 01:00:00","PM10",638.8154,0,0,151.7253,230.3971,30.7459,61.429,2.2626,0,0,0,36.1955,0,0,0.9816,1.3977,0,0,0.0011,0,NA,0,0,0,0,NA,0,NA,0,0,NA,NA,0,0,0.0124,0,NA,0,0,0,"1b","1b","1b","1b","1b","1b","1b","1b","1b","1b","1b","1b","1b","1b","1b","1b","1b","1b","1b","1b","3b","1b","1b","1b","1b","3b","1b","3b","1b","1b","3b","3b","1b","1b","1b","1b","3b","1b","1b","1b"
"2021-09-23 02:00:00","PM2.5",NA,0,0,140.7106,35.3524,13.6922,13.548,0,9e-04,0.0075,0,9.3807,0,0,NA,1.2352,0,0,0,0,0.7508,NA,0,0,0,18.7349,0,0,0,NA,NA,NA,0,0,0,0,0,0,0,0,"3b","1b","1b","1b","1b","1b","1b","1b","1b","1b","1b","1b","1b","1b","3b","1b","1b","1b","1b","1b","1b","3b","1b","1b","1b","1b","1b","1b","1b","3b","3b","3b","1b","1b","1b","1b","1b","1b","1b","1b"
"2021-09-23 03:00:00","PM10",NA,0,0,176.9108,321.0128,34.1705,50.091,1.6627,0,NA,0,28.0554,NA,0,0.531,3.3629,0,0,0.0039,0,0.8381,NA,0,0,0,NA,NA,0.1117,0,NA,NA,NA,0,0,0,0,NA,0,0,0,"3b","1b","1b","1b","1b","1b","1b","1b","1b","3b","1b","1b","3b","1b","1b","1b","1b","1b","1b","1b","1b","3b","1b","1b","1b","3b","3b","1b","1b","3b","3b","3b","1b","1b","1b","1b","3b","1b","1b","1b"
"2021-09-23 04:00:00","PM2.5",NA,0,0,142.7907,50.9288,12.6118,7.599,0,NA,0.0029,0,8.9998,0,0,NA,1.3254,0,0,0,0,NA,NA,0,0,0,18.0336,NA,NA,0,0,0,NA,0,0,0,0,0,0,0,0,"3b","1b","1b","1b","1b","1b","1b","1b","3b","1b","1b","1b","1b","1b","3b","1b","1b","1b","1b","1b","3b","3b","1b","1b","1b","1b","3b","3b","1b","1b","1b","3b","1b","1b","1b","1b","1b","1b","1b","1b"
"2021-09-23 05:00:00","PM10",0,0,0,187.7413,389.2193,38.8801,70.055,1.5297,0.0094,NA,NA,78.7608,NA,0,2.6013,2.2141,0,0,NA,0,1.2298,NA,0,0,0,12.4622,NA,0.0364,0,NA,NA,NA,NA,0,0,0,0,0,0,0,"1b","1b","1b","1b","1b","1b","1b","1b","1b","3b","3b","1b","3b","1b","1b","1b","1b","1b","3b","1b","1b","3b","1b","1b","1b","1b","3b","1b","1b","3b","3b","3b","3b","1b","1b","1b","1b","1b","1b","1b"
"2021-09-23 06:00:00","PM2.5",NA,0,0,171.3807,150.8,21.4971,36.7751,NA,0,0,NA,87.4517,0,0,5.2423,2.6095,0,0,NA,0,0.8127,NA,0,0,0,9.6398,0,NA,0,NA,NA,0,3.0964,0,0,0,0,0,0,0,"3b","1b","1b","1b","1b","1b","1b","3b","1b","1b","3b","1b","1b","1b","1b","1b","1b","1b","3b","1b","1b","3b","1b","1b","1b","1b","1b","3b","1b","3b","3b","1b","1b","1b","1b","1b","1b","1b","1b","1b"
"2021-09-23 07:00:00","PM10",0,NA,0,236.9935,828.915,67.3026,230.612,7.9898,NA,NA,2.65,296.4671,0,0,10.5653,10.3824,0,0,0.4944,0,2.242,NA,0,0,0,20.702,NA,NA,0,NA,NA,NA,NA,0,0,0,0,0,0,0,"1b","3b","1b","1b","1b","1b","1b","1b","3b","3b","1b","1b","1b","1b","1b","1b","1b","1b","1b","1b","1b","3b","1b","1b","1b","1b","3b","3b","1b","3b","3b","3b","3b","1b","1b","1b","1b","1b","1b","1b"
"2021-09-23 08:00:00","PM2.5",NA,0,0,129.6795,196.7098,31.7174,43.5477,1.8781,0,NA,0.003,77.0393,0,0,2.8183,26.9791,0,0,1.0562,0,1.0726,NA,0,0,0,11.452,NA,NA,0,NA,NA,0,NA,0,0,0,0,0,5.5516,0,"3b","1b","1b","1b","1b","1b","1b","1b","1b","3b","1b","1b","1b","1b","1b","1b","1b","1b","1b","1b","1b","3b","1b","1b","1b","1b","3b","3b","1b","3b","3b","1b","3b","1b","1b","1b","1b","1b","1b","1b"
"2021-09-23 09:00:00","PM10",NA,NA,0,199.5024,354.1142,105.9847,128.0568,9.7372,0,0,1.4457,183.1651,0,NA,7.0884,33.8614,0,0,4.0062,0,1.3808,NA,0,0,NA,12.954,NA,NA,0,0,0,NA,NA,0,0,0,0,0,65.5961,0,"3b","3b","1b","1b","1b","1b","1b","1b","1b","1b","1b","1b","1b","3b","1b","1b","1b","1b","1b","1b","1b","3b","1b","1b","3b","1b","3b","3b","1b","1b","1b","3b","3b","1b","1b","1b","1b","1b","1b","1b"
"2021-09-23 10:00:00","PM2.5",NA,0,0,78.696,62.316,18.1538,21.0008,0,0,0,NA,37.9251,0,0,1.867,3.1071,0,0,0,0,NA,NA,0,0,0,0,NA,0,0,NA,NA,NA,NA,0,0,0,0,0,4.6543,0,"3b","1b","1b","1b","1b","1b","1b","1b","1b","1b","3b","1b","1b","1b","1b","1b","1b","1b","1b","1b","3b","3b","1b","1b","1b","1b","3b","1b","1b","3b","3b","3b","3b","1b","1b","1b","1b","1b","1b","1b"
"2021-09-23 11:00:00","PM10",NA,NA,0,119.619,307.4072,38.0773,141.0668,4.1809,0,0,2.1789,123.5,0,0,4.6546,5.8825,0,0,NA,0,NA,NA,0,0,0,NA,NA,0,0,NA,NA,0,NA,0,0,0,0,0,0,0,"3b","3b","1b","1b","1b","1b","1b","1b","1b","1b","1b","1b","1b","1b","1b","1b","1b","1b","3b","1b","3b","3b","1b","1b","1b","3b","3b","1b","1b","3b","3b","1b","3b","1b","1b","1b","1b","1b","1b","1b"
"2021-09-23 12:00:00","PM2.5",NA,0,0,107.5952,156.5413,20.4086,24.4556,NA,0,0,NA,34.4125,0,0,1.7444,9.5017,0,0,NA,NA,0.7381,NA,0,0,0,NA,NA,NA,0,NA,0,NA,0,0,0,0,0,0,0,0,"3b","1b","1b","1b","1b","1b","1b","3b","1b","1b","3b","1b","1b","1b","1b","1b","1b","1b","3b","3b","1b","3b","1b","1b","1b","3b","3b","3b","1b","3b","1b","3b","1b","1b","1b","1b","1b","1b","1b","1b"
"2021-09-23 13:00:00","PM10",0,NA,0,122.8266,314.2551,50.2873,110.1474,8.0326,NA,0,1.1871,123.277,0,0,3.9727,18.7268,0,0,NA,0,0.8609,NA,0,0,0,NA,NA,NA,0,NA,NA,NA,0,0,0,0,0,0,0,0,"1b","3b","1b","1b","1b","1b","1b","1b","3b","1b","1b","1b","1b","1b","1b","1b","1b","1b","3b","1b","1b","3b","1b","1b","1b","3b","3b","3b","1b","3b","3b","3b","1b","1b","1b","1b","1b","1b","1b","1b"
"2021-09-23 14:00:00","PM2.5",NA,0,0,117.3782,107.1129,22.7722,29.7078,1.5843,0,0,NA,42.1729,0,0,2.0922,7.4149,0,0,0,0,0.7585,NA,0,0,NA,NA,NA,0,0,NA,NA,NA,0,0,0,0,NA,0,0.7431,0,"3b","1b","1b","1b","1b","1b","1b","1b","1b","1b","3b","1b","1b","1b","1b","1b","1b","1b","1b","1b","1b","3b","1b","1b","3b","3b","3b","1b","1b","3b","3b","3b","1b","1b","1b","1b","3b","1b","1b","1b"
"2021-09-23 15:00:00","PM10",NA,159.2786,0,139.6318,361.5134,74.7183,108.0239,7.9863,NA,NA,1.9265,159.1432,0,0,5.4863,20.3115,0,0,0.6856,NA,1.182,NA,0,0,NA,NA,NA,0,0,0,NA,NA,0,0,0,0,0,0,0,0,"3b","1b","1b","1b","1b","1b","1b","1b","3b","3b","1b","1b","1b","1b","1b","1b","1b","1b","1b","3b","1b","3b","1b","1b","3b","3b","3b","1b","1b","1b","3b","3b","1b","1b","1b","1b","1b","1b","1b","1b"
"2021-09-23 16:00:00","PM2.5",NA,0,0,113.0398,87.3038,35.4482,29.2886,NA,NA,0,NA,71.8982,0,0,5.3052,10.7131,0,0,NA,0.0013,0.9297,NA,NA,0,0,12.0274,NA,0,0,NA,0,NA,3.3785,0,0,0,0,0,0,0,"3b","1b","1b","1b","1b","1b","1b","3b","3b","1b","3b","1b","1b","1b","1b","1b","1b","1b","3b","1b","1b","3b","3b","1b","1b","1b","3b","1b","1b","3b","1b","3b","1b","1b","1b","1b","1b","1b","1b","1b"
"2021-09-23 17:00:00","PM10",0,237.2074,0,160.5219,260.0417,82.2885,86.1373,11.7751,0,NA,2.4152,263.098,0,NA,17.7946,11.123,0,0,0,0,1.2014,NA,NA,0,0,18.4839,0.05,0,0,NA,NA,NA,11.3337,0,0,0,0,0,NA,0,"1b","1b","1b","1b","1b","1b","1b","1b","1b","3b","1b","1b","1b","3b","1b","1b","1b","1b","1b","1b","1b","3b","3b","1b","1b","1b","1b","1b","1b","3b","3b","3b","1b","1b","1b","1b","1b","1b","3b","1b"
"2021-09-23 18:00:00","PM2.5",NA,NA,0,122.5881,36.3554,29.9354,25.6911,3.461,0,NA,NA,152.2675,0,0,12.5408,8.778,0,0,NA,0,0.9694,NA,0,0,0,NA,0,NA,0,0,0,NA,4.0542,0,0,0,0,0,NA,0,"3b","3b","1b","1b","1b","1b","1b","1b","1b","3b","3b","1b","1b","1b","1b","1b","1b","1b","3b","1b","1b","3b","1b","1b","1b","3b","1b","3b","1b","1b","1b","3b","1b","1b","1b","1b","1b","1b","3b","1b"
"2021-09-23 19:00:00","PM10",NA,331.4363,0,182.0729,380.4502,106.1102,184.5921,15.4271,0,0.7192,4.9491,588.3751,0,NA,35.096,33.8713,0,0,1.8911,0,9.5045,1.7067,0,0,0,NA,NA,NA,0,0,0,NA,15.7646,0,0,0,0,0,7.3487,0,"3b","1b","1b","1b","1b","1b","1b","1b","1b","1b","1b","1b","1b","3b","1b","1b","1b","1b","1b","1b","1b","1b","1b","1b","1b","3b","3b","3b","1b","1b","1b","3b","1b","1b","1b","1b","1b","1b","1b","1b"
"2021-09-23 20:00:00","PM2.5",1088.3191,0,0,300.8043,270.8807,188.3546,79.4742,4.9997,0,NA,1.6057,200.8395,0,NA,18.2762,55.5849,0,0,2.0304,0.5491,4.1735,2.2764,0,0,0,NA,NA,NA,0,NA,0,0,8.5617,0,NA,0,0,0,19.1079,0,"1b","1b","1b","1b","1b","1b","1b","1b","1b","3b","1b","1b","1b","3b","1b","1b","1b","1b","1b","1b","1b","1b","1b","1b","1b","3b","3b","3b","1b","3b","1b","1b","1b","1b","3b","1b","1b","1b","1b","1b"
"2021-09-23 21:00:00","PM10",924.8935,169.7605,0,459.5084,1025.9567,160.9229,354.4072,12.0572,NA,1.0721,6.6316,598.8235,0,NA,29.4294,73.6815,0,0,2.1353,2.6455,15.7032,NA,0,0,NA,0,0,0,0,0,0,NA,10.8535,0,0,0,0,0,21.5522,0,"1b","1b","1b","1b","1b","1b","1b","1b","3b","1b","1b","1b","1b","3b","1b","1b","1b","1b","1b","1b","1b","3b","1b","1b","3b","1b","1b","1b","1b","1b","1b","3b","1b","1b","1b","1b","1b","1b","1b","1b"
"2021-09-23 22:00:00","PM2.5",880.3741,0,NA,412.1576,219.361,76.7796,70.5536,2.0179,0,NA,3.7868,254.9903,0,NA,23.0302,71.0465,0,0,3.9654,2.6946,16.4707,NA,0,0,0,NA,NA,NA,0,NA,NA,0,5.4437,0,0,0,0,0,19.9714,0,"1b","1b","3b","1b","1b","1b","1b","1b","1b","3b","1b","1b","1b","3b","1b","1b","1b","1b","1b","1b","1b","3b","1b","1b","1b","3b","3b","3b","1b","3b","3b","1b","1b","1b","1b","1b","1b","1b","1b","1b"
"2021-09-23 23:00:00","PM10",1116.8479,NA,0,721.0258,1322.8533,125.3847,233.9998,6.0482,NA,1.527,6.2898,378.975,NA,NA,42.0223,96.0189,0,0,4.5339,2.6009,24.7716,NA,0,NA,0,14.2463,NA,0.0263,0,NA,NA,NA,6.1314,0,0,0,0,0,47.8344,0,"1b","3b","1b","1b","1b","1b","1b","1b","3b","1b","1b","1b","3b","3b","1b","1b","1b","1b","1b","1b","1b","3b","1b","3b","1b","1b","3b","1b","1b","3b","3b","3b","1b","1b","1b","1b","1b","1b","1b","1b"
"2021-09-24 00:30:00","PM2.5",NA,0,0,492.0672,83.0596,66.8828,39.2257,0,0,NA,NA,153.0817,0,0.0153,12.1012,42.5789,0,0,3.7494,1.3241,14.6293,NA,0,0,0,NA,NA,NA,0,NA,0,0,NA,0,0,0,0,0,19.5488,0,"3b","1b","1b","1b","1b","1b","1b","1b","1b","3b","3b","1b","1b","1b","1b","1b","1b","1b","1b","1b","1b","3b","1b","1b","1b","3b","3b","3b","1b","3b","1b","1b","3b","1b","1b","1b","1b","1b","1b","1b"
"2021-09-24 01:00:00","PM10",NA,NA,0,625.2666,617.9991,115.5716,174.832,6.5503,NA,0.7135,2.5351,287.8584,0,NA,9.5086,35.2225,0,0,3.7939,2.5976,8.5486,NA,0,NA,NA,21.265,NA,NA,0,NA,NA,NA,3.7654,0,0,0,0,0,35.5219,0,"3b","3b","1b","1b","1b","1b","1b","1b","3b","1b","1b","1b","1b","3b","1b","1b","1b","1b","1b","1b","1b","3b","1b","3b","3b","1b","3b","3b","1b","3b","3b","3b","1b","1b","1b","1b","1b","1b","1b","1b"
"2021-09-24 02:00:00","PM2.5",919.0059,0,0,648.1104,0,60.1975,26.8688,NA,NA,0,NA,77.7505,0,NA,2.8763,15.7019,0,0,1.6143,2.7475,3.42,NA,0,0,0,NA,NA,0,0,0,NA,0,NA,0,0,0,0,0,18.1818,0,"1b","1b","1b","1b","1b","1b","1b","3b","3b","1b","3b","1b","1b","3b","1b","1b","1b","1b","1b","1b","1b","3b","1b","1b","1b","3b","3b","1b","1b","1b","3b","1b","3b","1b","1b","1b","1b","1b","1b","1b"
"2021-09-24 03:00:00","PM10",NA,NA,0,532.0873,672.0335,81.0271,151.3727,3.0846,NA,NA,0.9093,108.0127,NA,NA,2.8249,7.4115,0,0,1.9311,2.073,3.3433,NA,0,0,0,28.5805,NA,NA,0,0,NA,0,NA,0,0,0,0,0,4.6483,0,"3b","3b","1b","1b","1b","1b","1b","1b","3b","3b","1b","1b","3b","3b","1b","1b","1b","1b","1b","1b","1b","3b","1b","1b","1b","1b","3b","3b","1b","1b","3b","1b","3b","1b","1b","1b","1b","1b","1b","1b"
"2021-09-24 04:00:00","PM2.5",NA,0,0,159.784,67.8,36.0155,17.549,NA,NA,0,0,23.1206,0,0,0.7174,2.9057,0,0,0.8223,0,1.0247,NA,0,0,0,17.7825,NA,NA,0,0,NA,NA,0,0,0.022,0,0,0,0,0,"3b","1b","1b","1b","1b","1b","1b","3b","3b","1b","1b","1b","1b","1b","1b","1b","1b","1b","1b","1b","1b","3b","1b","1b","1b","1b","3b","3b","1b","1b","3b","3b","1b","1b","1b","1b","1b","1b","1b","1b"
"2021-09-24 05:00:00","PM10",NA,0,0,177.4398,253.6031,59.3933,74.6918,1.4082,0,0,NA,121.4656,NA,0,3.6144,4.7001,NA,0,0.7122,NA,1.0016,NA,0,0,0,9.2204,NA,0,NA,NA,NA,NA,NA,0,0,0,0,0,NA,0,"3b","1b","1b","1b","1b","1b","1b","1b","1b","1b","3b","1b","3b","1b","1b","1b","3b","1b","1b","3b","1b","3b","1b","1b","1b","1b","3b","1b","3b","3b","3b","3b","3b","1b","1b","1b","1b","1b","3b","1b"
"2021-09-24 06:00:00","PM2.5",NA,0,0,155.8713,94.3615,31.7203,36.7731,NA,0,NA,0,89.2003,0,0,3.9588,3.656,0,0,0.4952,0,0.761,NA,0,0,0,10.7672,NA,NA,0,0,NA,NA,NA,0,0,0,0,0,0,0,"3b","1b","1b","1b","1b","1b","1b","3b","1b","3b","1b","1b","1b","1b","1b","1b","1b","1b","1b","1b","1b","3b","1b","1b","1b","1b","3b","3b","1b","1b","3b","3b","3b","1b","1b","1b","1b","1b","1b","1b"
"2021-09-24 07:00:00","PM10",NA,NA,0,211.2944,681.6533,93.133,345.3606,10.4583,0,0.7157,2.6681,330.4326,0,0,9.4741,7.5605,0,0,0.6653,0,1.64,NA,0,0,0,9.435,0,0,0,NA,NA,NA,5.4235,0,0,0,0,0,0,0,"3b","3b","1b","1b","1b","1b","1b","1b","1b","1b","1b","1b","1b","1b","1b","1b","1b","1b","1b","1b","1b","3b","1b","1b","1b","1b","1b","1b","1b","3b","3b","3b","1b","1b","1b","1b","1b","1b","1b","1b"
"2021-09-24 08:00:00","PM2.5",605.3535,0,0,156.4621,110.4675,41.3059,65.5153,2.6784,0,NA,NA,114.9227,NA,0,4.2991,3.9278,0,0,0.6536,0,1.537,NA,0,0,0,13.4306,NA,0,0,0,0,NA,NA,0,0,0,0,0,0,0,"1b","1b","1b","1b","1b","1b","1b","1b","1b","3b","3b","1b","3b","1b","1b","1b","1b","1b","1b","1b","1b","3b","1b","1b","1b","1b","3b","1b","1b","1b","1b","3b","3b","1b","1b","1b","1b","1b","1b","1b"
"2021-09-24 09:00:00","PM10",NA,770.9146,0,186.8209,382.3568,170.9977,444.3198,19.1657,NA,0.6526,5.0266,376.7619,0,0,7.7383,8.8697,0,0,1.2014,0,1.3255,NA,0,0,0,NA,0,NA,0,NA,NA,NA,NA,0,0,0,0,0,1.7854,0,"3b","1b","1b","1b","1b","1b","1b","1b","3b","1b","1b","1b","1b","1b","1b","1b","1b","1b","1b","1b","1b","3b","1b","1b","1b","3b","1b","3b","1b","3b","3b","3b","3b","1b","1b","1b","1b","1b","1b","1b"
"2021-09-24 10:00:00","PM2.5",NA,0,0,138.383,74.9035,100.3199,65.4162,3.4432,0,NA,0.7334,110.7845,0,0,4.5703,8.411,0,0,1.2394,0,1.2672,NA,0,0,0,NA,NA,NA,0,NA,NA,0,NA,0,0,0,0,0,1.1193,0,"3b","1b","1b","1b","1b","1b","1b","1b","1b","3b","1b","1b","1b","1b","1b","1b","1b","1b","1b","1b","1b","3b","1b","1b","1b","3b","3b","3b","1b","3b","3b","1b","3b","1b","1b","1b","1b","1b","1b","1b"
"2021-09-24 11:00:00","PM10",NA,1033.9847,0,170.3443,180.3833,197.5771,499.2939,24.8866,NA,NA,5.6271,430.5516,0,NA,8.0966,10.1219,0,0,1.5565,0,1.0377,NA,0,NA,0,NA,13.1464,NA,0,NA,NA,0,NA,0,0,0,0,0,2.0771,0,"3b","1b","1b","1b","1b","1b","1b","1b","3b","3b","1b","1b","1b","3b","1b","1b","1b","1b","1b","1b","1b","3b","1b","3b","1b","3b","1b","3b","1b","3b","3b","1b","3b","1b","1b","1b","1b","1b","1b","1b"
"2021-09-24 12:00:00","PM2.5",0,0,0,84.9461,19.6555,47.3083,62.0804,1.7142,0,NA,NA,70.5561,0,0,3.4984,4.893,0,0,2.9138,NA,NA,NA,0,0,0,11.1684,NA,NA,0,0,0,NA,NA,0,0,0,0,0,NA,0,"1b","1b","1b","1b","1b","1b","1b","1b","1b","3b","3b","1b","1b","1b","1b","1b","1b","1b","1b","3b","3b","3b","1b","1b","1b","1b","3b","3b","1b","1b","1b","3b","3b","1b","1b","1b","1b","1b","3b","1b"
"2021-09-24 13:00:00","PM10",0,339.7769,0,101.3798,51.5237,83.0796,285.6995,12.877,0,0,3.6919,205.7706,0,0,5.2782,4.3321,0,0,0.8248,0,0.6534,1.5817,0,0,0,NA,NA,0,0,0,0,NA,0,0,NA,0,0,0,1.562,0,"1b","1b","1b","1b","1b","1b","1b","1b","1b","1b","1b","1b","1b","1b","1b","1b","1b","1b","1b","1b","1b","1b","1b","1b","1b","3b","3b","1b","1b","1b","1b","3b","1b","1b","3b","1b","1b","1b","1b","1b"
"2021-09-24 14:00:00","PM2.5",NA,0,0,95.6525,63.2515,24.1537,50.5422,1.3794,0,0,0.0019,52.9964,NA,0,2.686,2.8618,0,0,NA,0,NA,NA,0,0,0,NA,NA,0,0,0,0,NA,NA,0,0,0,NA,0,0,0,"3b","1b","1b","1b","1b","1b","1b","1b","1b","1b","1b","1b","3b","1b","1b","1b","1b","1b","3b","1b","3b","3b","1b","1b","1b","3b","3b","1b","1b","1b","1b","3b","3b","1b","1b","1b","3b","1b","1b","1b"
"2021-09-24 15:00:00","PM10",NA,NA,0,161.7396,196.8715,52.2256,245.2452,7.3723,0,0,2.0946,184.6551,0,0,6.3286,5.9779,0,0,NA,0,1.1407,1.8534,0,0,0,NA,NA,0,0,0,NA,NA,NA,0,0,0,0,0,0,0,"3b","3b","1b","1b","1b","1b","1b","1b","1b","1b","1b","1b","1b","1b","1b","1b","1b","1b","3b","1b","1b","1b","1b","1b","1b","3b","3b","1b","1b","1b","3b","3b","3b","1b","1b","1b","1b","1b","1b","1b"
"2021-09-24 16:00:00","PM2.5",NA,0,0,134.2665,76.6848,24.0135,38.3727,1.8802,NA,NA,NA,58.3224,0,0,2.8456,2.2845,0,0,0,0,0.9289,NA,0,0,0,NA,NA,NA,0,0,NA,NA,NA,0,0,0,NA,0,NA,0,"3b","1b","1b","1b","1b","1b","1b","1b","3b","3b","3b","1b","1b","1b","1b","1b","1b","1b","1b","1b","1b","3b","1b","1b","1b","3b","3b","3b","1b","1b","3b","3b","3b","1b","1b","1b","3b","1b","3b","1b"
"2021-09-24 17:00:00","PM10",0,NA,0,138.8634,123.4234,50.02,71.4713,5.6051,0,NA,1.071,211.8517,0,0,12.0877,6.5257,0,0,0,NA,1.0812,NA,0,0,0,NA,NA,0,0,NA,0,NA,3.3476,0,0,0,0,0,NA,0,"1b","3b","1b","1b","1b","1b","1b","1b","1b","3b","1b","1b","1b","1b","1b","1b","1b","1b","1b","3b","1b","3b","1b","1b","1b","3b","3b","1b","1b","3b","1b","3b","1b","1b","1b","1b","1b","1b","3b","1b"
"2021-09-24 18:00:00","PM2.5",NA,0,NA,132.5902,39.7671,33.1808,15.8366,1.1811,NA,0,NA,101.7731,0,0,7.9578,4.7484,0,0,0,NA,1.2761,NA,0,0,0,12.9677,NA,0,0,0,NA,NA,2.7555,0,0,0,0,0,NA,0,"3b","1b","3b","1b","1b","1b","1b","1b","3b","1b","3b","1b","1b","1b","1b","1b","1b","1b","1b","3b","1b","3b","1b","1b","1b","1b","3b","1b","1b","1b","3b","3b","1b","1b","1b","1b","1b","1b","3b","1b"
"2021-09-24 19:00:00","PM10",NA,1.6058,0,162.2761,143.287,77.844,104.386,10.0366,0,NA,3.2782,567.1133,0,0,60.7652,36.4442,0,0,0.3944,0,2.5223,NA,0,0,NA,8.8263,NA,0,0,NA,NA,0,27.1698,0,0,0,0,0,1.7323,0,"3b","1b","1b","1b","1b","1b","1b","1b","1b","3b","1b","1b","1b","1b","1b","1b","1b","1b","1b","1b","1b","3b","1b","1b","3b","1b","3b","1b","1b","3b","3b","1b","1b","1b","1b","1b","1b","1b","1b","1b"
"2021-09-24 20:00:00","PM2.5",1016.2607,0,NA,200.7102,150.221,42.3782,24.8738,2.5723,0,0,NA,156.9008,0,0,16.9617,420.8178,0,0,5.1603,0,34.6743,NA,0,0,0,NA,NA,0.106,0,NA,0,NA,4.9949,0,0,0,0,0,51.2692,0,"1b","1b","3b","1b","1b","1b","1b","1b","1b","1b","3b","1b","1b","1b","1b","1b","1b","1b","1b","1b","1b","3b","1b","1b","1b","3b","3b","1b","1b","3b","1b","3b","1b","1b","1b","1b","1b","1b","1b","1b"
"2021-09-24 21:00:00","PM10",NA,0,0,229.3652,140.6194,53.4269,69.6372,3.4712,0,NA,0.8239,274.5219,0,0,24.3352,120.8949,0,0,4.2616,0,3.451,NA,0,0,0,NA,NA,NA,0,NA,NA,0,9.4078,0,0,0,0,0,41.6748,0,"3b","1b","1b","1b","1b","1b","1b","1b","1b","3b","1b","1b","1b","1b","1b","1b","1b","1b","1b","1b","1b","3b","1b","1b","1b","3b","3b","3b","1b","3b","3b","1b","1b","1b","1b","1b","1b","1b","1b","1b"
"2021-09-24 22:00:00","PM2.5",1461.1663,0,0,185.8753,11.5595,29.6975,11.1939,0,0,0,NA,133.1294,6e-04,0,13.5523,8.8759,0,0,0.887,0,1.7408,NA,0,0,0,NA,NA,NA,0,NA,0,NA,4.549,0,0,0,0,0,4.1152,0,"1b","1b","1b","1b","1b","1b","1b","1b","1b","1b","3b","1b","1b","1b","1b","1b","1b","1b","1b","1b","1b","3b","1b","1b","1b","3b","3b","3b","1b","3b","1b","3b","1b","1b","1b","1b","1b","1b","1b","1b"
"2021-09-24 23:00:00","PM10",NA,0,0,211.5979,112.7907,48.946,64.4182,1.9785,NA,0,NA,99.3206,0,0,3.4464,4.1379,0,0,2.1093,0,2.1166,NA,0,0,0,NA,0,0,0,NA,NA,NA,0,0,0,0,0,0,13.3352,0,"3b","1b","1b","1b","1b","1b","1b","1b","3b","1b","3b","1b","1b","1b","1b","1b","1b","1b","1b","1b","1b","3b","1b","1b","1b","3b","1b","1b","1b","3b","3b","3b","1b","1b","1b","1b","1b","1b","1b","1b"
"2021-09-25 00:30:00","PM2.5",NA,0,0,180.6884,NA,21.9271,9.7724,0,NA,0,0,17.7172,0,0,1.2695,2.314,0,0,2.4029,0,1.7241,NA,0,0,0,32.4168,0,0,0,NA,0.2195,NA,NA,0,0,0,0,0,0,0,"3b","1b","1b","1b","3b","1b","1b","1b","3b","1b","1b","1b","1b","1b","1b","1b","1b","1b","1b","1b","1b","3b","1b","1b","1b","1b","1b","1b","1b","3b","1b","3b","3b","1b","1b","1b","1b","1b","1b","1b"
"2021-09-25 01:00:00","PM10",NA,0,NA,294.88,113.1194,54.9721,80.9186,1.4031,0,NA,NA,70.3965,0,0,1.4212,4.2622,0,0,1.3836,NA,2.1931,NA,0,0,0,10.4192,NA,NA,0,0,0.0985,0,NA,0,0,0,0,0,NA,0,"3b","1b","3b","1b","1b","1b","1b","1b","1b","3b","3b","1b","1b","1b","1b","1b","1b","1b","1b","3b","1b","3b","1b","1b","1b","1b","3b","3b","1b","1b","1b","1b","3b","1b","1b","1b","1b","1b","3b","1b"
"2021-09-25 02:00:00","PM2.5",0,0,0,346.5146,0,42.6102,20.1718,NA,NA,0,0,39.3996,0,0,0.8371,3.9285,0,0,1.2944,NA,1.6838,NA,0,0,0,9.0268,0,NA,0,NA,NA,NA,0,0,0,0,0,0,NA,0,"1b","1b","1b","1b","1b","1b","1b","3b","3b","1b","1b","1b","1b","1b","1b","1b","1b","1b","1b","3b","1b","3b","1b","1b","1b","1b","1b","3b","1b","3b","3b","3b","1b","1b","1b","1b","1b","1b","3b","1b"
"2021-09-25 03:00:00","PM10",NA,0,0,422.5217,0,61.4932,57.7229,1.5741,0,NA,0.7343,96.9059,0,0,2.0806,4.3695,0,0,1.1781,NA,1.8102,0,0,0,0,NA,NA,NA,0,0,0,NA,0,0,0,0,0,0,1.1914,0,"3b","1b","1b","1b","1b","1b","1b","1b","1b","3b","1b","1b","1b","1b","1b","1b","1b","1b","1b","3b","1b","1b","1b","1b","1b","3b","3b","3b","1b","1b","1b","3b","1b","1b","1b","1b","1b","1b","1b","1b"
"2021-09-25 04:00:00","PM2.5",681.6048,0,0,304.4071,0,34.088,7.8415,NA,NA,0,0,23.0355,0,0,0.7203,3.014,0,0,1.2367,0,2.0107,0,0,0,0,13.4066,NA,0,0,0,NA,0,0.0233,0,0,0,0,0,0,0,"1b","1b","1b","1b","1b","1b","1b","3b","3b","1b","1b","1b","1b","1b","1b","1b","1b","1b","1b","1b","1b","1b","1b","1b","1b","1b","3b","1b","1b","1b","3b","1b","1b","1b","1b","1b","1b","1b","1b","1b"
"2021-09-25 05:00:00","PM10",NA,0,0,403.1077,0,55.0811,62.3673,NA,0,0,NA,104.1863,0,0,2.3893,4.0278,0,0,0.9321,NA,2.5225,NA,0,0,0,NA,0,0,0,NA,0,NA,NA,0,0,0,0,0,0.9392,0,"3b","1b","1b","1b","1b","1b","1b","3b","1b","1b","3b","1b","1b","1b","1b","1b","1b","1b","1b","3b","1b","3b","1b","1b","1b","3b","1b","1b","1b","3b","1b","3b","3b","1b","1b","1b","1b","1b","1b","1b"
"2021-09-25 06:00:00","PM2.5",NA,0,0,377.8239,0,44.3675,30.3086,NA,0,NA,NA,61.5664,0,0,2.5913,4.6696,0,0,1.4023,NA,2.1008,NA,0,0,0,NA,NA,NA,0,NA,NA,NA,NA,0,NA,0,0,0,0.884,0,"3b","1b","1b","1b","1b","1b","1b","3b","1b","3b","3b","1b","1b","1b","1b","1b","1b","1b","1b","3b","1b","3b","1b","1b","1b","3b","3b","3b","1b","3b","3b","3b","3b","1b","3b","1b","1b","1b","1b","1b"
"2021-09-25 07:00:00","PM10",NA,0,0,570.6509,0,90.1958,136.5173,4.8276,0,NA,2.2704,273.7966,0,0,8.6896,11.3127,0,0,1.8401,NA,2.8661,NA,0,0,0,NA,NA,0,0,0,NA,0,3.9614,0,0,0,0,0,2.7066,0,"3b","1b","1b","1b","1b","1b","1b","1b","1b","3b","1b","1b","1b","1b","1b","1b","1b","1b","1b","3b","1b","3b","1b","1b","1b","3b","3b","1b","1b","1b","3b","1b","1b","1b","1b","1b","1b","1b","1b","1b"
"2021-09-25 08:00:00","PM2.5",NA,0,0,491.5775,0,69.3144,46.9353,NA,0,NA,0.9272,115.5844,0,0,4.7929,11.6878,0,0,1.4946,0,2.4549,NA,0,0,0,8.94,NA,NA,0,NA,NA,NA,NA,0,0,0,0,0,3.5199,0,"3b","1b","1b","1b","1b","1b","1b","3b","1b","3b","1b","1b","1b","1b","1b","1b","1b","1b","1b","1b","1b","3b","1b","1b","1b","1b","3b","3b","1b","3b","3b","3b","3b","1b","1b","1b","1b","1b","1b","1b"
"2021-09-25 09:00:00","PM10",NA,NA,0,635.3368,0,113.2843,190.9709,6.4857,NA,NA,2.3497,300.5327,NA,0.0046,8.8747,18.8979,0,0,4.1967,NA,2.4198,NA,0,0,0,NA,NA,0,0,NA,NA,NA,NA,0,0,0,0,0,9.3122,0,"3b","3b","1b","1b","1b","1b","1b","1b","3b","3b","1b","1b","3b","1b","1b","1b","1b","1b","1b","3b","1b","3b","1b","1b","1b","3b","3b","1b","1b","3b","3b","3b","3b","1b","1b","1b","1b","1b","1b","1b"
"2021-09-25 10:00:00","PM2.5",NA,0,0,481.4142,0,63.5808,26.308,NA,0,NA,NA,77.064,0,NA,2.6358,7.558,0,0,1.1152,0,1.6209,NA,0,0,0,NA,0.0756,NA,0,NA,0,NA,0.0384,0,0,0,0,0,5.1196,0,"3b","1b","1b","1b","1b","1b","1b","3b","1b","3b","3b","1b","1b","3b","1b","1b","1b","1b","1b","1b","1b","3b","1b","1b","1b","3b","1b","3b","1b","3b","1b","3b","1b","1b","1b","1b","1b","1b","1b","1b"
"2021-09-25 11:00:00","PM10",NA,NA,0,390.3803,0,69.3511,107.7094,4.1197,0,NA,NA,134.6386,0,0,3.4931,5.3706,0,0,0.9082,0,1.6528,NA,0,0,0,NA,0,NA,0,0,NA,NA,0,0,NA,0,0,0,5.2244,0,"3b","3b","1b","1b","1b","1b","1b","1b","1b","3b","3b","1b","1b","1b","1b","1b","1b","1b","1b","1b","1b","3b","1b","1b","1b","3b","1b","3b","1b","1b","3b","3b","1b","1b","3b","1b","1b","1b","1b","1b"
"2021-09-25 12:00:00","PM2.5",985.051,0,0,373.6544,0,47.0821,18.4704,NA,0,NA,NA,48.4944,0,NA,1.3313,7.4977,0,0,1.0954,NA,1.2123,NA,0,0,0,NA,0,NA,0,NA,NA,NA,NA,0,0,0,0,0,3.2198,0,"1b","1b","1b","1b","1b","1b","1b","3b","1b","3b","3b","1b","1b","3b","1b","1b","1b","1b","1b","3b","1b","3b","1b","1b","1b","3b","1b","3b","1b","3b","3b","3b","3b","1b","1b","1b","1b","1b","1b","1b"
"2021-09-25 13:00:00","PM10",NA,0.8235,0,382.0705,0,64.4722,117.2292,4.4482,0,0.0046,0.8072,131.1491,0,0,5.4782,5.9791,0,0,1.0823,NA,1.9714,NA,0,0,0,NA,NA,0,0,0,0,NA,NA,0,NA,0,0,0,1.8716,0,"3b","1b","1b","1b","1b","1b","1b","1b","1b","1b","1b","1b","1b","1b","1b","1b","1b","1b","1b","3b","1b","3b","1b","1b","1b","3b","3b","1b","1b","1b","1b","3b","3b","1b","3b","1b","1b","1b","1b","1b"
"2021-09-25 14:00:00","PM2.5",NA,0,0,301.0368,0,43.5595,24.3578,1.0882,0,0,NA,46.7064,0,0,3.2269,4.5861,0,0,0.4512,0,1.8891,NA,0,0,0,NA,NA,0,0,0,NA,0,NA,0,0,0,0,0,1.7174,0,"3b","1b","1b","1b","1b","1b","1b","1b","1b","1b","3b","1b","1b","1b","1b","1b","1b","1b","1b","1b","1b","3b","1b","1b","1b","3b","3b","1b","1b","1b","3b","1b","3b","1b","1b","1b","1b","1b","1b","1b"
"2021-09-25 15:00:00","PM10",NA,NA,0,352.6003,0,109.3527,171.7222,8.7394,0,NA,NA,146.4566,0,0,3.077,8.2795,0,0,0.7407,0,2.8781,NA,0,0,0,NA,NA,NA,0,0,NA,NA,NA,0,0,0,0,0,5.3141,0,"3b","3b","1b","1b","1b","1b","1b","1b","1b","3b","3b","1b","1b","1b","1b","1b","1b","1b","1b","1b","1b","3b","1b","1b","1b","3b","3b","3b","1b","1b","3b","3b","3b","1b","1b","1b","1b","1b","1b","1b"
"2021-09-25 16:00:00","PM2.5",731.9914,0,0,296.4766,0,48.6371,22.199,1.3663,0,0,NA,59.6458,0,0,3.0642,6.3569,0,0,0.8378,NA,2.1789,NA,0,0,0,NA,NA,NA,0,0,NA,NA,NA,0,0,0,0,0,1.733,0,"1b","1b","1b","1b","1b","1b","1b","1b","1b","1b","3b","1b","1b","1b","1b","1b","1b","1b","1b","3b","1b","3b","1b","1b","1b","3b","3b","3b","1b","1b","3b","3b","3b","1b","1b","1b","1b","1b","1b","1b"
"2021-09-25 17:00:00","PM10",0,162.7375,0,311.1592,0,100.9288,129.5311,9.5321,0,0.7487,1.1325,203.9092,0,0,7.7186,11.8328,0,0,1.1398,0,2.558,NA,0,0,0,NA,NA,0,0,NA,0,NA,NA,0,0,0,0,0,4.4281,0,"1b","1b","1b","1b","1b","1b","1b","1b","1b","1b","1b","1b","1b","1b","1b","1b","1b","1b","1b","1b","1b","3b","1b","1b","1b","3b","3b","1b","1b","3b","1b","3b","3b","1b","1b","1b","1b","1b","1b","1b"
"2021-09-25 18:00:00","PM2.5",698.886,0,0,270.3449,0,83.0267,25.2133,1.0992,0,0,NA,164.0845,0,0,4.6276,13.108,0,0,2.353,0,3.1801,NA,0,0,0,9.8775,NA,NA,0,0,0,NA,3.3023,0,0,0,0,0,9.9368,0,"1b","1b","1b","1b","1b","1b","1b","1b","1b","1b","3b","1b","1b","1b","1b","1b","1b","1b","1b","1b","1b","3b","1b","1b","1b","1b","3b","3b","1b","1b","1b","3b","1b","1b","1b","1b","1b","1b","1b","1b"
"2021-09-25 19:00:00","PM10",NA,NA,0,254.7409,0,111.712,354.7125,7.4204,NA,NA,1.7371,273.3907,0,0,6.1415,18.0635,0,0,0.8023,0,2.9558,NA,0,0,0,NA,0,NA,0,0,NA,0,NA,0,0,0,0,0,8.6644,0,"3b","3b","1b","1b","1b","1b","1b","1b","3b","3b","1b","1b","1b","1b","1b","1b","1b","1b","1b","1b","1b","3b","1b","1b","1b","3b","1b","3b","1b","1b","3b","1b","3b","1b","1b","1b","1b","1b","1b","1b"
"2021-09-25 20:00:00","PM2.5",NA,0,0,144.4814,0,50.2258,53.0811,NA,0,NA,NA,36.1379,0,0,0.9962,2.8286,0,0,0.537,0,1.4938,NA,0,0,0,9.8936,NA,0,0,NA,0,NA,0,0,NA,0,0,0,0,0,"3b","1b","1b","1b","1b","1b","1b","3b","1b","3b","3b","1b","1b","1b","1b","1b","1b","1b","1b","1b","1b","3b","1b","1b","1b","1b","3b","1b","1b","3b","1b","3b","1b","1b","3b","1b","1b","1b","1b","1b"
"2021-09-25 21:00:00","PM10",NA,NA,0,160.2177,0,68.1265,259.9085,2.8019,0,NA,NA,132.9882,NA,0,2.6787,5.7733,0,0,1.1658,NA,2.7488,NA,0,0,0,10.4032,NA,0,0,NA,0,NA,0,0,0,0,0,0,NA,0,"3b","3b","1b","1b","1b","1b","1b","1b","1b","3b","3b","1b","3b","1b","1b","1b","1b","1b","1b","3b","1b","3b","1b","1b","1b","1b","3b","1b","1b","3b","1b","3b","1b","1b","1b","1b","1b","1b","3b","1b"
"2021-09-25 22:00:00","PM2.5",NA,0,0,117.4015,0,54.3917,19.3867,0,0,NA,0,52.0222,0,0.0105,3.1685,10.6866,0,0,1.992,0,1.7908,NA,0,0,0,NA,NA,NA,0,NA,0,0,NA,0,0,0,0,0,NA,0,"3b","1b","1b","1b","1b","1b","1b","1b","1b","3b","1b","1b","1b","1b","1b","1b","1b","1b","1b","1b","1b","3b","1b","1b","1b","3b","3b","3b","1b","3b","1b","1b","3b","1b","1b","1b","1b","1b","3b","1b"
"2021-09-25 23:00:00","PM10",NA,NA,0,199.0238,0,90.2091,278.365,5.4265,0,1e-04,NA,123.6983,NA,NA,4.1407,9.8061,0,0,2.5989,0,3.2385,NA,0,0,0,NA,0,NA,0,NA,NA,NA,NA,0,0,0,0,0,1.1076,0,"3b","3b","1b","1b","1b","1b","1b","1b","1b","1b","3b","1b","3b","3b","1b","1b","1b","1b","1b","1b","1b","3b","1b","1b","1b","3b","1b","3b","1b","3b","3b","3b","3b","1b","1b","1b","1b","1b","1b","1b"
"2021-09-26 00:30:00","PM2.5",1301.3491,0,NA,256.2787,0,6.7613,0,0,NA,0,0,11.9072,0,NA,1.3193,3.0779,NA,0,1.095,0,NA,NA,0,0,0,NA,NA,NA,0,0,0,NA,0,0,0,0,0,0,0,0,"1b","1b","3b","1b","1b","1b","1b","1b","3b","1b","1b","1b","1b","3b","1b","1b","3b","1b","1b","1b","3b","3b","1b","1b","1b","3b","3b","3b","1b","1b","1b","3b","1b","1b","1b","1b","1b","1b","1b","1b"
"2021-09-26 01:00:00","PM10",812.9775,0,0,356.3646,0,37.2417,26.8895,NA,NA,0,0,35.21,NA,NA,1.2101,3.6429,0,0,0.4702,0,1.937,NA,0,0,0,NA,NA,NA,0,NA,0,0,NA,0,0,0,0,0,1.6836,0,"1b","1b","1b","1b","1b","1b","1b","3b","3b","1b","1b","1b","3b","3b","1b","1b","1b","1b","1b","1b","1b","3b","1b","1b","1b","3b","3b","3b","1b","3b","1b","1b","3b","1b","1b","1b","1b","1b","1b","1b"
"2021-09-26 02:00:00","PM2.5",NA,0,0,266.3961,0,23.4338,6.2601,NA,NA,0,0,14.5759,0,NA,0.8199,4.7453,0,0,1.368,0,1.2886,NA,0,0,0,10.4924,0,NA,0,NA,0,NA,0,0,0,0,0,0,1.0105,0,"3b","1b","1b","1b","1b","1b","1b","3b","3b","1b","1b","1b","1b","3b","1b","1b","1b","1b","1b","1b","1b","3b","1b","1b","1b","1b","1b","3b","1b","3b","1b","3b","1b","1b","1b","1b","1b","1b","1b","1b"
"2021-09-26 03:00:00","PM10",0,0,0,378.2171,0,55.0845,69.7583,1.1243,1.0956,0,0,36.7847,0,NA,0.812,4.6479,0,0,1.0068,NA,2.6942,NA,0,0,0,18.0048,NA,0,0,NA,NA,0,NA,0,NA,0,0,0,0,0,"1b","1b","1b","1b","1b","1b","1b","1b","1b","1b","1b","1b","1b","3b","1b","1b","1b","1b","1b","3b","1b","3b","1b","1b","1b","1b","3b","1b","1b","3b","3b","1b","3b","1b","3b","1b","1b","1b","1b","1b"
"2021-09-26 04:00:00","PM2.5",NA,0,0,367.3151,0,54.2635,3.6756,NA,1.8258,0,0,12.0907,0,0.7197,0.488,3.3883,0,0,0.9131,0,3.8828,NA,0,0,0,NA,NA,NA,0,NA,NA,NA,NA,0,0,0,0,0,0,0,"3b","1b","1b","1b","1b","1b","1b","3b","1b","1b","1b","1b","1b","1b","1b","1b","1b","1b","1b","1b","1b","3b","1b","1b","1b","3b","3b","3b","1b","3b","3b","3b","3b","1b","1b","1b","1b","1b","1b","1b"
"2021-09-26 05:00:00","PM10",NA,0,0,381.3445,0,64.3153,21.2351,1.529,2.3704,0,0,48.0334,NA,NA,1.3113,3.4088,0,0,NA,NA,3.1715,NA,0,0,0,12.0987,NA,0,0,NA,NA,NA,NA,0,0,0,0,0,1.1294,0,"3b","1b","1b","1b","1b","1b","1b","1b","1b","1b","1b","1b","3b","3b","1b","1b","1b","1b","3b","3b","1b","3b","1b","1b","1b","1b","3b","1b","1b","3b","3b","3b","3b","1b","1b","1b","1b","1b","1b","1b"
"2021-09-26 06:00:00","PM2.5",NA,0,0,405.7818,0,37.4868,3.9897,NA,2.4906,0,0,19.9835,0,0.5654,0.8314,4.1452,0,0,0.8416,NA,2.2406,NA,0,0,0,NA,NA,NA,0,0,0,0,0,0,0,0,0,0,NA,0,"3b","1b","1b","1b","1b","1b","1b","3b","1b","1b","1b","1b","1b","1b","1b","1b","1b","1b","1b","3b","1b","3b","1b","1b","1b","3b","3b","3b","1b","1b","1b","1b","1b","1b","1b","1b","1b","1b","3b","1b"
"2021-09-26 07:00:00","PM10",NA,NA,0,488.9824,0,73.4097,55.3371,4.8762,2.2458,NA,NA,83.1972,NA,0.8911,1.6299,13.4893,0,0,1.4738,NA,2.9725,NA,0,0,0,NA,NA,NA,0,NA,NA,NA,0,0,0,0,0,0,0,0,"3b","3b","1b","1b","1b","1b","1b","1b","1b","3b","3b","1b","3b","1b","1b","1b","1b","1b","1b","3b","1b","3b","1b","1b","1b","3b","3b","3b","1b","3b","3b","3b","1b","1b","1b","1b","1b","1b","1b","1b"
"2021-09-26 08:00:00","PM2.5",766.5015,0,0,446.8926,0,34.0608,9.6544,NA,1.5916,0,0,27.8008,0,NA,1.055,7.8434,0,0,1.2228,NA,3.0734,0,0,0,0,17.9507,0,0,0,NA,NA,0,0,0,0,0,0,0,NA,0,"1b","1b","1b","1b","1b","1b","1b","3b","1b","1b","1b","1b","1b","3b","1b","1b","1b","1b","1b","3b","1b","1b","1b","1b","1b","1b","1b","1b","1b","3b","3b","1b","1b","1b","1b","1b","1b","1b","3b","1b"
"2021-09-26 09:00:00","PM10",NA,NA,0,467.2185,0,50.716,51.3253,2.3759,1.6356,0,NA,78.7618,0,NA,1.976,5.6665,0,0,0.9469,NA,2.2177,NA,0,0,0,12.1575,NA,0,0,0,NA,NA,0,0,0,0,0,0,0,0,"3b","3b","1b","1b","1b","1b","1b","1b","1b","1b","3b","1b","1b","3b","1b","1b","1b","1b","1b","3b","1b","3b","1b","1b","1b","1b","3b","1b","1b","1b","3b","3b","1b","1b","1b","1b","1b","1b","1b","1b"
"2021-09-26 10:00:00","PM2.5",NA,0,0,368.875,0,16.73,8.3594,0,1.0507,0,0,28.9569,NA,NA,0.8941,3.9348,0,0,0.991,0,1.9572,NA,0,0,0,NA,0,NA,0,NA,NA,0,NA,0,0.0134,0,0,0,NA,0,"3b","1b","1b","1b","1b","1b","1b","1b","1b","1b","1b","1b","3b","3b","1b","1b","1b","1b","1b","1b","1b","3b","1b","1b","1b","3b","1b","3b","1b","3b","3b","1b","3b","1b","1b","1b","1b","1b","3b","1b"
"2021-09-26 11:00:00","PM10",NA,NA,0,522.4745,0,48.8202,62.4548,1.2151,NA,0,NA,96.9347,0,NA,2.1095,4.6944,0,0,0.901,0,1.3512,0,0,0,0,NA,0,0,0,NA,0,0,NA,0,0,0,0,0,1.6677,0,"3b","3b","1b","1b","1b","1b","1b","1b","3b","1b","3b","1b","1b","3b","1b","1b","1b","1b","1b","1b","1b","1b","1b","1b","1b","3b","1b","1b","1b","3b","1b","1b","3b","1b","1b","1b","1b","1b","1b","1b"
"2021-09-26 12:00:00","PM2.5",NA,0,0,338.2271,0,21.1224,11.6877,0,NA,0,0,28.2686,0,NA,0.5517,2.8705,0,0,0.7831,NA,1.4022,NA,0,0,0,NA,NA,NA,0,NA,0,NA,NA,0,0,0,0,0,0,0,"3b","1b","1b","1b","1b","1b","1b","1b","3b","1b","1b","1b","1b","3b","1b","1b","1b","1b","1b","3b","1b","3b","1b","1b","1b","3b","3b","3b","1b","3b","1b","3b","3b","1b","1b","1b","1b","1b","1b","1b"
"2021-09-26 13:00:00","PM10",NA,NA,0,300.4081,0,60.959,93.6871,4.0825,0.8006,NA,0.7799,113.1645,0,NA,2.2274,3.7447,0,0,0.6776,0,2.1818,NA,0,0,0,NA,NA,NA,0,0,NA,0,0.0411,0,0,0,NA,0,NA,0,"3b","3b","1b","1b","1b","1b","1b","1b","1b","3b","1b","1b","1b","3b","1b","1b","1b","1b","1b","1b","1b","3b","1b","1b","1b","3b","3b","3b","1b","1b","3b","1b","1b","1b","1b","1b","3b","1b","3b","1b"
"2021-09-26 14:00:00","PM2.5",NA,0,0,279.9619,0,17.6991,17.0776,NA,NA,0,0,29.5912,NA,0,0.707,2.8906,0,0,NA,0,1.5339,NA,0,0,0,NA,0,NA,0,0,NA,NA,0,0,NA,0,0,0,NA,0,"3b","1b","1b","1b","1b","1b","1b","3b","3b","1b","1b","1b","3b","1b","1b","1b","1b","1b","3b","1b","1b","3b","1b","1b","1b","3b","1b","3b","1b","1b","3b","3b","1b","1b","3b","1b","1b","1b","3b","1b"
"2021-09-26 15:00:00","PM10",NA,NA,0,288.7016,0,48.4599,74.4625,4.0809,0.7873,0,NA,96.4105,0,NA,2.5256,8.106,0,0,0.7048,0,1.7831,NA,0,0,0,NA,NA,0,0,NA,NA,0,NA,0,0,0,0,0,NA,0,"3b","3b","1b","1b","1b","1b","1b","1b","1b","1b","3b","1b","1b","3b","1b","1b","1b","1b","1b","1b","1b","3b","1b","1b","1b","3b","3b","1b","1b","3b","3b","1b","3b","1b","1b","1b","1b","1b","3b","1b"
"2021-09-26 16:00:00","PM2.5",NA,0,0,231.615,0,21.7526,12.0716,NA,NA,0,0,28.4323,NA,NA,0.9856,2.1528,0,0,NA,0,1.8846,NA,0,0,0,9.5278,0,0,0,NA,NA,NA,0,0,0,0,0,0,0,0,"3b","1b","1b","1b","1b","1b","1b","3b","3b","1b","1b","1b","3b","3b","1b","1b","1b","1b","3b","1b","1b","3b","1b","1b","1b","1b","1b","1b","1b","3b","3b","3b","1b","1b","1b","1b","1b","1b","1b","1b"
"2021-09-26 17:00:00","PM10",NA,NA,0,260.6578,0,47.2606,60.5601,3.2939,NA,0,NA,101.3495,NA,0,2.0462,2.4826,0,0,0.7247,0,0.951,0,0,0,0,NA,NA,NA,0,NA,NA,NA,0,0,0,0,0,0,0,0,"3b","3b","1b","1b","1b","1b","1b","1b","3b","1b","3b","1b","3b","1b","1b","1b","1b","1b","1b","1b","1b","1b","1b","1b","1b","3b","3b","3b","1b","3b","3b","3b","1b","1b","1b","1b","1b","1b","1b","1b"
"2021-09-26 18:00:00","PM2.5",NA,0,0,263.0395,0,42.7638,13.8785,0,0.8034,NA,0,41.3852,0,NA,1.7894,9.9581,0,0,1.8222,NA,7.9524,NA,0,0,0,8.8753,NA,0,0,0,NA,NA,0,0,0,0,0,0,2.8063,0,"3b","1b","1b","1b","1b","1b","1b","1b","1b","3b","1b","1b","1b","3b","1b","1b","1b","1b","1b","3b","1b","3b","1b","1b","1b","1b","3b","1b","1b","1b","3b","3b","1b","1b","1b","1b","1b","1b","1b","1b"
"2021-09-26 19:00:00","PM10",673.8421,NA,0,324.8864,59.3127,81.3232,107.9887,4.6382,1.1817,NA,NA,92.6077,0,NA,2.472,23.8033,0,0,1.6989,NA,4.0964,NA,NA,0,0,9.3551,NA,0,0,0,0,NA,NA,0,0,0,0,0,1.1341,0,"1b","3b","1b","1b","1b","1b","1b","1b","1b","3b","3b","1b","1b","3b","1b","1b","1b","1b","1b","3b","1b","3b","3b","1b","1b","1b","3b","1b","1b","1b","1b","3b","3b","1b","1b","1b","1b","1b","1b","1b"
"2021-09-26 20:00:00","PM2.5",0,0,0,189.4389,NA,23.0553,16.9089,0,1.3519,0,0,14.5411,0,0.5315,0.6522,5.3874,0,0,NA,0,1.5041,NA,0,0,0,NA,0,NA,0,NA,0,NA,0,0,0,0,0,0,NA,0,"1b","1b","1b","1b","3b","1b","1b","1b","1b","1b","1b","1b","1b","1b","1b","1b","1b","1b","3b","1b","1b","3b","1b","1b","1b","3b","1b","3b","1b","3b","1b","3b","1b","1b","1b","1b","1b","1b","3b","1b"
"2021-09-26 21:00:00","PM10",1039.0918,0,0,215.9523,394.7344,39.0087,78.0288,1.3342,0.9539,0,0,46.9913,0,NA,0.6999,3.0277,0,0,0.5542,0,2.2809,NA,0,0,0,12.352,NA,NA,0,NA,0,0,0,0,0,0,0,0,0,0,"1b","1b","1b","1b","1b","1b","1b","1b","1b","1b","1b","1b","1b","3b","1b","1b","1b","1b","1b","1b","1b","3b","1b","1b","1b","1b","3b","3b","1b","3b","1b","1b","1b","1b","1b","1b","1b","1b","1b","1b"
"2021-09-26 22:00:00","PM2.5",674.1052,0,0,150.2556,144.5506,12.3752,16.869,0,0.9383,0,0,6.8156,NA,NA,NA,1.2801,0,0,NA,NA,1.4628,NA,0,0,0,9.1314,0,NA,0,NA,0,0,0,0,0,0,0,0,0,0,"1b","1b","1b","1b","1b","1b","1b","1b","1b","1b","1b","1b","3b","3b","3b","1b","1b","1b","3b","3b","1b","3b","1b","1b","1b","1b","1b","3b","1b","3b","1b","1b","1b","1b","1b","1b","1b","1b","1b","1b"
"2021-09-26 23:00:00","PM10",NA,0,0,192.94,748.9618,40.796,113.94,0,NA,0,0,27.5024,0,0,0.7438,1.6389,0,0,0,0,1.5449,NA,0,0,0,NA,NA,NA,0,NA,NA,NA,0,0,NA,0,0,0,0,0,"3b","1b","1b","1b","1b","1b","1b","1b","3b","1b","1b","1b","1b","1b","1b","1b","1b","1b","1b","1b","1b","3b","1b","1b","1b","3b","3b","3b","1b","3b","3b","3b","1b","1b","3b","1b","1b","1b","1b","1b"
"2021-09-27 00:30:00","PM2.5",NA,0,0,189.3568,105.3772,15.0881,99.151,0,NA,0,0,9.3543,0,0,0,NA,0,0,0,0,NA,NA,0,0,0,NA,NA,NA,0,0,NA,NA,0,0,0,0,0,0,0,0,"3b","1b","1b","1b","1b","1b","1b","1b","3b","1b","1b","1b","1b","1b","1b","3b","1b","1b","1b","1b","3b","3b","1b","1b","1b","3b","3b","3b","1b","1b","3b","3b","1b","1b","1b","1b","1b","1b","1b","1b"
"2021-09-27 01:00:00","PM10",624.8285,0,0,244.665,362.038,44.0084,416.3041,NA,0,0,0,31.9655,0,0,0.7354,1.5206,0,0,NA,0,1.3754,NA,0,0,0,12.0596,NA,NA,0,NA,0,NA,0,0,NA,0,0,0,0,0,"1b","1b","1b","1b","1b","1b","1b","3b","1b","1b","1b","1b","1b","1b","1b","1b","1b","1b","3b","1b","1b","3b","1b","1b","1b","1b","3b","3b","1b","3b","1b","3b","1b","1b","3b","1b","1b","1b","1b","1b"
"2021-09-27 02:00:00","PM2.5",0,0,NA,173.2714,107.4389,15.9613,133.1012,NA,NA,0,0,7.0462,0,0,NA,0.7458,0,0,NA,0,1.0985,NA,0,0,0,NA,NA,NA,0,NA,NA,NA,0,0,0,0,0,0,0,0,"1b","1b","3b","1b","1b","1b","1b","3b","3b","1b","1b","1b","1b","1b","3b","1b","1b","1b","3b","1b","1b","3b","1b","1b","1b","3b","3b","3b","1b","3b","3b","3b","1b","1b","1b","1b","1b","1b","1b","1b"
"2021-09-27 03:00:00","PM10",NA,0,0,146.697,625.9839,36.4546,279.4514,NA,NA,0,0,15.5365,0,NA,0,0.4165,0,0,0,NA,1.2196,0,0,0,0,9.6377,0,0,0,0,NA,NA,0,0,0,0,0,0,0,0,"3b","1b","1b","1b","1b","1b","1b","3b","3b","1b","1b","1b","1b","3b","1b","1b","1b","1b","1b","3b","1b","1b","1b","1b","1b","1b","1b","1b","1b","1b","3b","3b","1b","1b","1b","1b","1b","1b","1b","1b"
"2021-09-27 04:00:00","PM2.5",839.5585,0,NA,117.8306,281.4872,13.7375,21.6927,0,NA,0,0,6.6643,0,0,NA,NA,0,0,0,0,NA,NA,0,0,0,0,NA,0,0,NA,NA,NA,0,0,0,0,0,0,0,0,"1b","1b","3b","1b","1b","1b","1b","1b","3b","1b","1b","1b","1b","1b","3b","3b","1b","1b","1b","1b","3b","3b","1b","1b","1b","1b","3b","1b","1b","3b","3b","3b","1b","1b","1b","1b","1b","1b","1b","1b"
"2021-09-27 05:00:00","PM10",1123.0438,0,NA,188.363,1031.7732,60.6327,112.9332,NA,NA,0,NA,24.8862,0,0,0.8239,0.802,0,0,0,0,1.9821,NA,0,0,0,NA,0,NA,0,NA,NA,NA,NA,0,0,NA,0,0,0,0,"1b","1b","3b","1b","1b","1b","1b","3b","3b","1b","3b","1b","1b","1b","1b","1b","1b","1b","1b","1b","1b","3b","1b","1b","1b","3b","1b","3b","1b","3b","3b","3b","3b","1b","1b","3b","1b","1b","1b","1b"
"2021-09-27 06:00:00","PM2.5",0,0,NA,55.8176,99.2898,18.7509,11.2929,0,0,NA,0,15.9368,0,0,0.824,4.963,0,0,NA,0,NA,NA,0,0,0,19.2951,0,0,0,NA,0,NA,NA,0,0,0,0,0,0,0,"1b","1b","3b","1b","1b","1b","1b","1b","1b","3b","1b","1b","1b","1b","1b","1b","1b","1b","3b","1b","3b","3b","1b","1b","1b","1b","1b","1b","1b","3b","1b","3b","3b","1b","1b","1b","1b","1b","1b","1b"
"2021-09-27 07:00:00","PM10",NA,0,NA,23.9174,10.1698,40.0094,20.1228,NA,NA,NA,NA,88.4615,NA,0,3.515,18.465,0,0,0.5661,0,0,NA,0,NA,0,NA,NA,NA,0,NA,NA,NA,NA,0,0,0,0,0,0,0,"3b","1b","3b","1b","1b","1b","1b","3b","3b","3b","3b","1b","3b","1b","1b","1b","1b","1b","1b","1b","1b","3b","1b","3b","1b","3b","3b","3b","1b","3b","3b","3b","3b","1b","1b","1b","1b","1b","1b","1b"
"2021-09-27 08:00:00","PM2.5",NA,0,0,250.112,0,12.1343,396.6287,NA,0,0,NA,56.9542,0,0,3.1119,5.0476,0,0,NA,0,NA,NA,0,0,0,10.7618,0,0,0,0,NA,NA,NA,0,0,0,NA,0,0,0,"3b","1b","1b","1b","1b","1b","1b","3b","1b","1b","3b","1b","1b","1b","1b","1b","1b","1b","3b","1b","3b","3b","1b","1b","1b","1b","1b","1b","1b","1b","3b","3b","3b","1b","1b","1b","3b","1b","1b","1b"
"2021-09-27 09:00:00","PM10",NA,0,0,82.2318,157.24,27.4042,73.9574,1.9582,0,0,0,76.0786,0,0,4.8329,3.349,0,0,0,NA,NA,NA,0,0,0,NA,NA,0,0,0.102,0,0,NA,0,0,0,NA,0,0,0,"3b","1b","1b","1b","1b","1b","1b","1b","1b","1b","1b","1b","1b","1b","1b","1b","1b","1b","1b","3b","3b","3b","1b","1b","1b","3b","3b","1b","1b","1b","1b","1b","3b","1b","1b","1b","3b","1b","1b","1b"
"2021-09-27 10:00:00","PM2.5",705.3672,0,0,95,160.2132,11.2674,49.7791,NA,0,7e-04,0,30.8004,0,0,1.6129,1.8227,0,0,0,0,NA,NA,0,0,0,NA,0,0,0,0,NA,NA,NA,0,8e-04,0,0.0056,0,0,0,"1b","1b","1b","1b","1b","1b","1b","3b","1b","1b","1b","1b","1b","1b","1b","1b","1b","1b","1b","1b","3b","3b","1b","1b","1b","3b","1b","1b","1b","1b","3b","3b","3b","1b","1b","1b","1b","1b","1b","1b"
"2021-09-27 11:00:00","PM10",NA,NA,0,146.5457,1097.9488,53.9826,166.2547,3.5243,0,NA,NA,104.6096,NA,NA,3.4601,3.6073,0,0,1.2236,0,0.9361,NA,0,0,0,9.181,NA,0,0,NA,NA,0,NA,0,0,0,0,0,0,0,"3b","3b","1b","1b","1b","1b","1b","1b","1b","3b","3b","1b","3b","3b","1b","1b","1b","1b","1b","1b","1b","3b","1b","1b","1b","1b","3b","1b","1b","3b","3b","1b","3b","1b","1b","1b","1b","1b","1b","1b"
"2021-09-27 12:00:00","PM2.5",NA,0,0,112.6322,366.5476,16.9637,76.8908,NA,0,0.0034,0,35.8339,0,0,1.7405,6.1711,0,0,0.4915,NA,NA,NA,0,0,0,14.2601,NA,NA,0,NA,NA,0,0,0,0,0,0,0,0,0,"3b","1b","1b","1b","1b","1b","1b","3b","1b","1b","1b","1b","1b","1b","1b","1b","1b","1b","1b","3b","3b","3b","1b","1b","1b","1b","3b","3b","1b","3b","3b","1b","1b","1b","1b","1b","1b","1b","1b","1b"
"2021-09-27 13:00:00","PM10",NA,NA,0,78.4642,544.3066,42.6204,93.915,1.6248,0,NA,NA,117.7757,0,0,6.8938,20.6008,0,0,0.367,0,0.8797,NA,0,0,0,11.984,NA,0,0,0,NA,NA,NA,0,0,0,0,0,0,0,"3b","3b","1b","1b","1b","1b","1b","1b","1b","3b","3b","1b","1b","1b","1b","1b","1b","1b","1b","1b","1b","3b","1b","1b","1b","1b","3b","1b","1b","1b","3b","3b","3b","1b","1b","1b","1b","1b","1b","1b"
"2021-09-27 14:00:00","PM2.5",883.6709,0,0,102.3907,457.9907,24.7632,80.0286,0,0,NA,NA,44.7364,0,NA,2.7091,4.8597,0,0,1.1802,0,NA,NA,0,0,0,NA,NA,0,0,NA,NA,NA,NA,0,0,0,0,0,NA,0,"1b","1b","1b","1b","1b","1b","1b","1b","1b","3b","3b","1b","1b","3b","1b","1b","1b","1b","1b","1b","3b","3b","1b","1b","1b","3b","3b","1b","1b","3b","3b","3b","3b","1b","1b","1b","1b","1b","3b","1b"
"2021-09-27 15:00:00","PM10",660.7747,0,0,107.3218,1218.388,59.9288,112.0477,3.918,0,NA,NA,143.4252,0,0,7.4075,5.1035,0,0,NA,0,1.7517,NA,0,0,0,NA,NA,0,0,NA,0,NA,NA,0,0,0,0,0,0,0,"1b","1b","1b","1b","1b","1b","1b","1b","1b","3b","3b","1b","1b","1b","1b","1b","1b","1b","3b","1b","1b","3b","1b","1b","1b","3b","3b","1b","1b","3b","1b","3b","3b","1b","1b","1b","1b","1b","1b","1b"
"2021-09-27 16:00:00","PM2.5",NA,0,0.0178,96.9544,459.9761,27.138,68.9815,1.1037,0,0,0,54.3798,0,NA,3.7095,1.9539,0,0,0,0,NA,NA,0,0,0,NA,NA,0,0,0,NA,NA,NA,0,0,0,0,0,0,0,"3b","1b","1b","1b","1b","1b","1b","1b","1b","1b","1b","1b","1b","3b","1b","1b","1b","1b","1b","1b","3b","3b","1b","1b","1b","3b","3b","1b","1b","1b","3b","3b","3b","1b","1b","1b","1b","1b","1b","1b"
"2021-09-27 17:00:00","PM10",950.4103,0,0,155.7204,1580.1071,55.2844,104.4744,3.5835,0,NA,NA,225.4005,0,0,13.712,8.1807,0,0,0.845,0,2.1938,NA,0,0,0,9.4195,NA,0,0,0,NA,NA,7.9426,0,0,0,0,0,0,0,"1b","1b","1b","1b","1b","1b","1b","1b","1b","3b","3b","1b","1b","1b","1b","1b","1b","1b","1b","1b","1b","3b","1b","1b","1b","1b","3b","1b","1b","1b","3b","3b","1b","1b","1b","1b","1b","1b","1b","1b"
"2021-09-27 18:00:00","PM2.5",NA,0,0,80.7819,275.8646,28.4415,27.3992,1.4914,0,NA,0,61.1237,NA,0,3.9718,4.0074,0,0,0.9886,0,0.6192,NA,0,0,0,NA,NA,NA,0,NA,0,0,0,0,0,0,0,0,NA,0,"3b","1b","1b","1b","1b","1b","1b","1b","1b","3b","1b","1b","3b","1b","1b","1b","1b","1b","1b","1b","1b","3b","1b","1b","1b","3b","3b","3b","1b","3b","1b","1b","1b","1b","1b","1b","1b","1b","3b","1b"
"2021-09-27 19:00:00","PM10",NA,0,0,97.0539,402.836,52.8897,50.1928,2.1744,0,0,1.0823,273.2847,0,0,9.8278,5.984,0,0,1.5429,0,NA,NA,0,0,0,18.5104,0,NA,0,0,0,NA,5.2203,0,0,0,0,0,0,0,"3b","1b","1b","1b","1b","1b","1b","1b","1b","1b","1b","1b","1b","1b","1b","1b","1b","1b","1b","1b","3b","3b","1b","1b","1b","1b","1b","3b","1b","1b","1b","3b","1b","1b","1b","1b","1b","1b","1b","1b"
"2021-09-27 20:00:00","PM2.5",NA,0,0,61.7467,237.1067,38.67,26.1574,0,0,NA,0,42.3328,0,0,1.6433,3.188,0,0,1.0169,0,0.5563,NA,0,0,0,NA,NA,NA,0,0,NA,NA,NA,0,0,0,0,0,NA,0,"3b","1b","1b","1b","1b","1b","1b","1b","1b","3b","1b","1b","1b","1b","1b","1b","1b","1b","1b","1b","1b","3b","1b","1b","1b","3b","3b","3b","1b","1b","3b","3b","3b","1b","1b","1b","1b","1b","3b","1b"
"2021-09-27 21:00:00","PM10",NA,0,0,95.937,1149.38,70.3037,54.8408,1.098,0,NA,0,67.7032,NA,NA,2.2752,3.8609,0,0,0.7249,0,1.6802,NA,0,0,0,15.8374,NA,NA,0,0,0,NA,NA,0,0,0,0,0,0,0,"3b","1b","1b","1b","1b","1b","1b","1b","1b","3b","1b","1b","3b","3b","1b","1b","1b","1b","1b","1b","1b","3b","1b","1b","1b","1b","3b","3b","1b","1b","1b","3b","3b","1b","1b","1b","1b","1b","1b","1b"
"2021-09-27 22:00:00","PM2.5",NA,0,0,49.0061,407.4355,19.4734,13.3371,NA,0,NA,0,18.3886,NA,0,NA,1.7689,0,0,0.5027,0,NA,0,0,0,0,17.537,0,NA,0,NA,0,NA,0,0,0,0,0,0,0,0,"3b","1b","1b","1b","1b","1b","1b","3b","1b","3b","1b","1b","3b","1b","3b","1b","1b","1b","1b","1b","3b","1b","1b","1b","1b","1b","1b","3b","1b","3b","1b","3b","1b","1b","1b","1b","1b","1b","1b","1b"
"2021-09-27 23:00:00","PM10",NA,0,0,109.8908,1537.7242,75.7469,59.0889,NA,NA,0,NA,39.8456,0,0,0.8494,3.6311,0,0,0.808,NA,1.9525,NA,0,0,0,NA,NA,NA,0,0,NA,NA,NA,0,0,0,0,0,NA,0,"3b","1b","1b","1b","1b","1b","1b","3b","3b","1b","3b","1b","1b","1b","1b","1b","1b","1b","1b","3b","1b","3b","1b","1b","1b","3b","3b","3b","1b","1b","3b","3b","3b","1b","1b","1b","1b","1b","3b","1b"
"2021-09-28 00:30:00","PM2.5",NA,0,NA,43.696,408.4308,64.5372,15.3447,NA,NA,0,0,15.7254,0,0,NA,3.4302,0,0,0,NA,NA,0,0,0,0,NA,0,0,0,0,NA,NA,0,0,0,0,0,0,5.1968,0,"3b","1b","3b","1b","1b","1b","1b","3b","3b","1b","1b","1b","1b","1b","3b","1b","1b","1b","1b","3b","3b","1b","1b","1b","1b","3b","1b","1b","1b","1b","3b","3b","1b","1b","1b","1b","1b","1b","1b","1b"
"2021-09-28 01:00:00","PM10",NA,0,NA,111.0473,1595.8729,83.5824,58.9351,NA,0,NA,0,32.1707,NA,0,1.2042,3.8705,0,0,1.6239,NA,1.7277,NA,0,0,0,NA,NA,0,0,NA,NA,0,NA,0,0,0,0,0,1.2719,0,"3b","1b","3b","1b","1b","1b","1b","3b","1b","3b","1b","1b","3b","1b","1b","1b","1b","1b","1b","3b","1b","3b","1b","1b","1b","3b","3b","1b","1b","3b","3b","1b","3b","1b","1b","1b","1b","1b","1b","1b"
"2021-09-28 02:00:00","PM2.5",NA,0,0,63.3663,538.4603,29.6717,19.156,0.0065,NA,NA,0,9.7455,0,0,NA,3.5392,0,0,0.6221,0,NA,0,0,0,0,15.2832,0,0,0,0,0.1493,0,0,NA,0,0,0,0,0,0,"3b","1b","1b","1b","1b","1b","1b","1b","3b","3b","1b","1b","1b","1b","3b","1b","1b","1b","1b","1b","3b","1b","1b","1b","1b","1b","1b","1b","1b","1b","1b","1b","1b","3b","1b","1b","1b","1b","1b","1b"
"2021-09-28 03:00:00","PM10",613.4125,0,0,167.9259,2802.5562,99.4987,87.8336,NA,0,NA,0,21.7423,0,0,0.9049,4.0477,0,0,0.6741,NA,3.4729,NA,0,0,0,21.8308,0,0,0,NA,0,NA,0,0,0,0,0,0,0,0,"1b","1b","1b","1b","1b","1b","1b","3b","1b","3b","1b","1b","1b","1b","1b","1b","1b","1b","1b","3b","1b","3b","1b","1b","1b","1b","1b","1b","1b","3b","1b","3b","1b","1b","1b","1b","1b","1b","1b","1b"
"2021-09-28 04:00:00","PM2.5",NA,0,0,77.2279,888.5704,56.4883,26.5198,NA,0,0,0,8.4072,0,0,NA,4.701,0,0,NA,0,NA,0,0,0,0,NA,0,0,0,NA,0,0,0,0,0,0,0,0,0,0,"3b","1b","1b","1b","1b","1b","1b","3b","1b","1b","1b","1b","1b","1b","3b","1b","1b","1b","3b","1b","3b","1b","1b","1b","1b","3b","1b","1b","1b","3b","1b","1b","1b","1b","1b","1b","1b","1b","1b","1b"
"2021-09-28 05:00:00","PM10",NA,0,0,207.0777,3303.4823,118.417,107.5666,NA,0,0,0,54.185,0,0,3.0898,3.9525,0,0,0.9499,NA,2.7841,1.5507,0,0,0,NA,NA,NA,0,0,NA,NA,NA,0,NA,0,0,0,0,0,"3b","1b","1b","1b","1b","1b","1b","3b","1b","1b","1b","1b","1b","1b","1b","1b","1b","1b","1b","3b","1b","1b","1b","1b","1b","3b","3b","3b","1b","1b","3b","3b","3b","1b","3b","1b","1b","1b","1b","1b"
"2021-09-28 06:00:00","PM2.5",NA,0,0,72.0021,873.6721,35.7379,32.7045,NA,0,NA,0,32.2986,NA,NA,1.379,1.5315,0,0,NA,0,NA,NA,0,0,0,0,NA,NA,0,0,NA,0.1378,0,0,0,0,0,0,0,0,"3b","1b","1b","1b","1b","1b","1b","3b","1b","3b","1b","1b","3b","3b","1b","1b","1b","1b","3b","1b","3b","3b","1b","1b","1b","1b","3b","3b","1b","1b","3b","1b","1b","1b","1b","1b","1b","1b","1b","1b"
"2021-09-28 07:00:00","PM10",NA,0.6318,0,191.9721,2753.7454,80.078,174.7664,3.3752,0,NA,NA,151.086,0,0,5.6997,4.0787,0,0,NA,NA,2.8652,NA,0,0,0,9.6015,0,NA,0,NA,NA,NA,NA,0,0,0,0,0,0,0,"3b","1b","1b","1b","1b","1b","1b","1b","1b","3b","3b","1b","1b","1b","1b","1b","1b","1b","3b","3b","1b","3b","1b","1b","1b","1b","1b","3b","1b","3b","3b","3b","3b","1b","1b","1b","1b","1b","1b","1b"
"2021-09-28 08:00:00","PM2.5",1105.4171,0,0,89.6054,891.2903,42.0156,45.061,2.9713,NA,NA,0,39.6311,0,0,1.3782,3.9661,0,0,NA,NA,NA,NA,0,0,0,12.7491,NA,NA,0,0,0,NA,NA,0,0,0,0,0,0,0,"1b","1b","1b","1b","1b","1b","1b","1b","3b","3b","1b","1b","1b","1b","1b","1b","1b","1b","3b","3b","3b","3b","1b","1b","1b","1b","3b","3b","1b","1b","1b","3b","3b","1b","1b","1b","1b","1b","1b","1b"
"2021-09-28 09:00:00","PM10",NA,1.2586,0,204.5832,2443.3599,103.2259,174.8517,4.1962,NA,0,NA,80.6949,0,0,3.602,3.9725,0,0,NA,NA,2.2308,NA,0,0,0,NA,0,NA,0,NA,NA,NA,NA,0,NA,0,0,0,0,0,"3b","1b","1b","1b","1b","1b","1b","1b","3b","1b","3b","1b","1b","1b","1b","1b","1b","1b","3b","3b","1b","3b","1b","1b","1b","3b","1b","3b","1b","3b","3b","3b","3b","1b","3b","1b","1b","1b","1b","1b"
"2021-09-28 10:00:00","PM2.5",NA,0,0,140.9221,1040.6531,42.633,75.5354,NA,NA,0.0022,0,28.2266,NA,NA,0.9463,1.3428,0,0,NA,0,1.0984,NA,0,0,0,16.5592,NA,NA,0,0,NA,0.1462,0,0,0,0,0,0,0,0,"3b","1b","1b","1b","1b","1b","1b","3b","3b","1b","1b","1b","3b","3b","1b","1b","1b","1b","3b","1b","1b","3b","1b","1b","1b","1b","3b","3b","1b","1b","3b","1b","1b","1b","1b","1b","1b","1b","1b","1b"
"2021-09-28 11:00:00","PM10",1104.8352,0,0,346.5529,2854.7337,117.9245,484.4329,5.9001,0,0,12.8464,90.1062,0,NA,2.5313,6.2788,0,0,NA,NA,3.7784,1.9299,0,0,0,0,NA,NA,0,NA,0,NA,NA,0,0,0,0,0,0,0,"1b","1b","1b","1b","1b","1b","1b","1b","1b","1b","1b","1b","1b","3b","1b","1b","1b","1b","3b","3b","1b","1b","1b","1b","1b","1b","3b","3b","1b","3b","1b","3b","3b","1b","1b","1b","1b","1b","1b","1b"
"2021-09-28 12:00:00","PM2.5",630.1156,0,0,208.3618,808.9058,43.5166,140.638,1.1355,0,0,0,30.2064,0,0,1.0945,4.772,0,0,NA,0,1.3999,NA,0,0,0,11.6982,NA,NA,0,0,0,NA,NA,0,NA,0,0,0,0,0,"1b","1b","1b","1b","1b","1b","1b","1b","1b","1b","1b","1b","1b","1b","1b","1b","1b","1b","3b","1b","1b","3b","1b","1b","1b","1b","3b","3b","1b","1b","1b","3b","3b","1b","3b","1b","1b","1b","1b","1b"
"2021-09-28 13:00:00","PM10",NA,0,NA,196.937,1829.6464,73.8081,163.1479,3.287,NA,0,0,59.7909,0,NA,2.3678,17.3288,0,0,0.7066,0,2.3429,NA,0,0,0,14.3133,NA,NA,0,0,0,NA,0,0,0,0,0,0,NA,0,"3b","1b","3b","1b","1b","1b","1b","1b","3b","1b","1b","1b","1b","3b","1b","1b","1b","1b","1b","1b","1b","3b","1b","1b","1b","1b","3b","3b","1b","1b","1b","3b","1b","1b","1b","1b","1b","1b","3b","1b"
"2021-09-28 14:00:00","PM2.5",NA,0,0,148.9132,453.1754,50.3059,82.7698,1.6139,NA,0,0,24.0112,0,0,1.0959,4.8916,0,0,0.4608,0,1.2427,NA,NA,0,0,16.6558,NA,0,0,0,NA,NA,0,0,0,0,0,0,0,0,"3b","1b","1b","1b","1b","1b","1b","1b","3b","1b","1b","1b","1b","1b","1b","1b","1b","1b","1b","1b","1b","3b","3b","1b","1b","1b","3b","1b","1b","1b","3b","3b","1b","1b","1b","1b","1b","1b","1b","1b"
"2021-09-28 15:00:00","PM10",NA,0,0,119.0706,685.2152,62.2321,72.5232,1.57,NA,NA,NA,63.4904,0,0,3.0343,5.0632,0,0,0,0,1.3061,NA,0,0,0,NA,NA,NA,0,NA,NA,NA,NA,0,0,0,0,0,0,0,"3b","1b","1b","1b","1b","1b","1b","1b","3b","3b","3b","1b","1b","1b","1b","1b","1b","1b","1b","1b","1b","3b","1b","1b","1b","3b","3b","3b","1b","3b","3b","3b","3b","1b","1b","1b","1b","1b","1b","1b"
"2021-09-28 16:00:00","PM2.5",NA,0,NA,52.7164,35.292,19.0583,49.4309,NA,0,0,0,40.2126,0,0,3.8903,4.0549,0,0,NA,0,NA,NA,0,0,0,12.1513,NA,0,0,NA,NA,NA,NA,0,0,0,0,0,0,0,"3b","1b","3b","1b","1b","1b","1b","3b","1b","1b","1b","1b","1b","1b","1b","1b","1b","1b","3b","1b","3b","3b","1b","1b","1b","1b","3b","1b","1b","3b","3b","3b","3b","1b","1b","1b","1b","1b","1b","1b"
"2021-09-28 17:00:00","PM10",NA,0,NA,17.8538,38.0517,51.0163,21.3975,1.0822,0,0,0,103.2238,NA,0,4.6248,2.4021,0,0,0.5755,0,0,NA,0,0,0,NA,0,NA,0,0,0,NA,NA,0,0,0,0,0,0,0,"3b","1b","3b","1b","1b","1b","1b","1b","1b","1b","1b","1b","3b","1b","1b","1b","1b","1b","1b","1b","1b","3b","1b","1b","1b","3b","1b","3b","1b","1b","1b","3b","3b","1b","1b","1b","1b","1b","1b","1b"
"2021-09-28 18:00:00","PM2.5",NA,0,NA,38.465,NA,14.0422,10.4281,NA,0,0,0,46.1926,0,0,3.9056,2.0246,0,0,NA,0,0,NA,0,0,0,15.4971,NA,NA,0,NA,NA,NA,NA,0,NA,0,0,0,0,0,"3b","1b","3b","1b","3b","1b","1b","3b","1b","1b","1b","1b","1b","1b","1b","1b","1b","1b","3b","1b","1b","3b","1b","1b","1b","1b","3b","3b","1b","3b","3b","3b","3b","1b","3b","1b","1b","1b","1b","1b"
"2021-09-28 19:00:00","PM10",695.2704,0,0,57.7436,13.7234,40.5831,24.9577,NA,0,NA,NA,99.2852,NA,0,5.446,3.3764,0,0,0.7938,NA,NA,NA,0,0,0,9.0056,0,NA,0,NA,NA,NA,NA,0,0,0,0,0,0,0,"1b","1b","1b","1b","1b","1b","1b","3b","1b","3b","3b","1b","3b","1b","1b","1b","1b","1b","1b","3b","3b","3b","1b","1b","1b","1b","1b","3b","1b","3b","3b","3b","3b","1b","1b","1b","1b","1b","1b","1b"
"2021-09-28 20:00:00","PM2.5",1026.3005,0,NA,62.5071,0,14.2558,10.2201,NA,0,0,0,33.267,0,0,3.0499,2.626,0,0,NA,NA,NA,NA,0,0,0,NA,NA,NA,0,NA,0,NA,NA,0,0,0,0,0,1.12,0,"1b","1b","3b","1b","1b","1b","1b","3b","1b","1b","1b","1b","1b","1b","1b","1b","1b","1b","3b","3b","3b","3b","1b","1b","1b","3b","3b","3b","1b","3b","1b","3b","3b","1b","1b","1b","1b","1b","1b","1b"
"2021-09-28 21:00:00","PM10",0,0,0,88.401,29.3729,40.5751,7.9102,0,0,0,NA,73.8197,0,NA,6.0894,2.046,0,0,0.917,0,0.5345,0,0,0,0,11.5932,NA,0,0,NA,0,NA,2.6433,0,0,0,0,0,0,0,"1b","1b","1b","1b","1b","1b","1b","1b","1b","1b","3b","1b","1b","3b","1b","1b","1b","1b","1b","1b","1b","1b","1b","1b","1b","1b","3b","1b","1b","3b","1b","3b","1b","1b","1b","1b","1b","1b","1b","1b"
"2021-09-28 22:00:00","PM2.5",583.6099,0,0,100.5333,0,17.9297,NA,0,0,0,0,19.8833,0,0,1.7386,1.9084,0,0,0.8829,0,0.6951,NA,0,0,0,15.8339,0,NA,0,NA,NA,0,0,0,NA,0,0,0,0,0,"1b","1b","1b","1b","1b","1b","3b","1b","1b","1b","1b","1b","1b","1b","1b","1b","1b","1b","1b","1b","1b","3b","1b","1b","1b","1b","1b","3b","1b","3b","3b","1b","1b","1b","3b","1b","1b","1b","1b","1b"
"2021-09-28 23:00:00","PM10",NA,0,0,112.9151,150.3289,67.7486,11.7138,NA,0,NA,NA,28.7084,0,NA,1.0802,3.8858,NA,0,1.4179,NA,1.7459,0,0,0,0,27.2233,0,NA,0,0,NA,0,0,NA,NA,0,0,0,NA,0,"3b","1b","1b","1b","1b","1b","1b","3b","1b","3b","3b","1b","1b","3b","1b","1b","3b","1b","1b","3b","1b","1b","1b","1b","1b","1b","1b","3b","1b","1b","3b","1b","1b","3b","3b","1b","1b","1b","3b","1b"
"2021-09-29 00:30:00","PM2.5",NA,0,NA,63.7702,46.7086,24.2212,7.7243,0,0,0,0,5.5399,0,0,NA,2.3518,0,0,NA,0,NA,0,0,0,0,NA,NA,0,0,0,0,0.3334,0,0,0,0,0,0,0,0,"3b","1b","3b","1b","1b","1b","1b","1b","1b","1b","1b","1b","1b","1b","3b","1b","1b","1b","3b","1b","3b","1b","1b","1b","1b","3b","3b","1b","1b","1b","1b","1b","1b","1b","1b","1b","1b","1b","1b","1b"
"2021-09-29 01:00:00","PM10",NA,0,NA,84.2598,338.6266,53.9145,18.2101,NA,NA,NA,0,12.5547,0,0,0.7848,2.2839,0,0,0.4973,0,NA,NA,0,0,NA,NA,NA,NA,0,NA,NA,NA,NA,0,0,0,0,0,0,0,"3b","1b","3b","1b","1b","1b","1b","3b","3b","3b","1b","1b","1b","1b","1b","1b","1b","1b","1b","1b","3b","3b","1b","1b","3b","3b","3b","3b","1b","3b","3b","3b","3b","1b","1b","1b","1b","1b","1b","1b"
"2021-09-29 02:00:00","PM2.5",NA,0,0,51.5315,53.213,17.5296,7.0683,NA,0,0,0,10.5051,0,0,0.5462,0.8169,0,0,NA,0,NA,NA,0,0,0,17.8854,0,0.0523,0,0,NA,NA,0,NA,0,0,0,0,0,0,"3b","1b","1b","1b","1b","1b","1b","3b","1b","1b","1b","1b","1b","1b","1b","1b","1b","1b","3b","1b","3b","3b","1b","1b","1b","1b","1b","1b","1b","1b","3b","3b","1b","3b","1b","1b","1b","1b","1b","1b"
"2021-09-29 03:00:00","PM10",0,0,0,58.7245,243.7278,34.9788,10.8638,NA,0,0,0,12.3613,NA,0,NA,0.6905,0,0,NA,0,NA,0,0,0,0,NA,0,NA,0,NA,NA,0,0,0,0.0022,0,0,0,0,0,"1b","1b","1b","1b","1b","1b","1b","3b","1b","1b","1b","1b","3b","1b","3b","1b","1b","1b","3b","1b","3b","1b","1b","1b","1b","3b","1b","3b","1b","3b","3b","1b","1b","1b","1b","1b","1b","1b","1b","1b"
"2021-09-29 04:00:00","PM2.5",606.5957,0,0,60.2183,88.4157,12.0624,5.198,0,0,NA,0,10.8584,0,0,0.4824,0.9795,0,0,NA,0,NA,0,0,0,0,NA,NA,0,0,0,0,0,0,0,NA,0,0,0,0,0,"1b","1b","1b","1b","1b","1b","1b","1b","1b","3b","1b","1b","1b","1b","1b","1b","1b","1b","3b","1b","3b","1b","1b","1b","1b","3b","3b","1b","1b","1b","1b","1b","1b","1b","3b","1b","1b","1b","1b","1b"
"2021-09-29 05:00:00","PM10",NA,0,0,70.3763,422.8978,38.3405,20.4454,NA,0,NA,0,109.6482,0,0,6.1321,1.9397,0,0,0.3557,0,NA,NA,0,0,0,10.0096,NA,0,0,NA,NA,NA,NA,0,0,0,0,0,0,0,"3b","1b","1b","1b","1b","1b","1b","3b","1b","3b","1b","1b","1b","1b","1b","1b","1b","1b","1b","1b","3b","3b","1b","1b","1b","1b","3b","1b","1b","3b","3b","3b","3b","1b","1b","1b","1b","1b","1b","1b"
"2021-09-29 06:00:00","PM2.5",NA,0,0,55.3757,116.6035,10.7146,12.3655,NA,0,0,NA,138.0116,NA,NA,13.6579,7.0779,0,0,NA,NA,NA,NA,0,0,0,NA,0,0,0,NA,NA,NA,7.2382,0,0,0,0,0,0,0,"3b","1b","1b","1b","1b","1b","1b","3b","1b","1b","3b","1b","3b","3b","1b","1b","1b","1b","3b","3b","3b","3b","1b","1b","1b","3b","1b","1b","1b","3b","3b","3b","1b","1b","1b","1b","1b","1b","1b","1b"
"2021-09-29 07:00:00","PM10",597.846,0,0,96.8575,585.1924,49.1034,77.3825,4.6996,0,1.2866,3.1458,261.9682,0,NA,12.0291,9.4327,0,0,0.4914,NA,1.1483,NA,0,0,8.5685,12.6527,NA,NA,0,NA,NA,NA,7.0408,0,0,0,0,0,NA,0,"1b","1b","1b","1b","1b","1b","1b","1b","1b","1b","1b","1b","1b","3b","1b","1b","1b","1b","1b","3b","1b","3b","1b","1b","1b","1b","3b","3b","1b","3b","3b","3b","1b","1b","1b","1b","1b","1b","3b","1b"
"2021-09-29 08:00:00","PM2.5",1104.8637,0,0,68.7987,270.4403,19.8315,26.5203,NA,0,0,NA,104.651,0,0,3.538,9.3816,0,0,0.3961,0,NA,0,0,0,0,NA,NA,NA,0,0,0,NA,NA,0,0,0,0,0,0,0,"1b","1b","1b","1b","1b","1b","1b","3b","1b","1b","3b","1b","1b","1b","1b","1b","1b","1b","1b","1b","3b","1b","1b","1b","1b","3b","3b","3b","1b","1b","1b","3b","3b","1b","1b","1b","1b","1b","1b","1b"
"2021-09-29 09:00:00","PM10",679.2539,0,0,131.1304,1697.6752,55.1707,115.819,3.5326,0,NA,0.8652,121.4763,0,0,4.8487,8.7116,0,0,0.7808,0,3.2361,NA,0,0,0,18.4956,NA,NA,0,0,NA,0,NA,0,0,0,0,0,0,0,"1b","1b","1b","1b","1b","1b","1b","1b","1b","3b","1b","1b","1b","1b","1b","1b","1b","1b","1b","1b","1b","3b","1b","1b","1b","1b","3b","3b","1b","1b","3b","1b","3b","1b","1b","1b","1b","1b","1b","1b"
"2021-09-29 10:00:00","PM2.5",NA,0,0,63.0195,537.1439,21.4532,28.5628,NA,NA,2.2142,0,89.0313,0,0,2.2696,12.0975,0,0,0.8471,NA,NA,NA,0,0,0,9.3845,0,0,0,NA,0,0,0,0,0,0,0,0,0,0,"3b","1b","1b","1b","1b","1b","1b","3b","3b","1b","1b","1b","1b","1b","1b","1b","1b","1b","1b","3b","3b","3b","1b","1b","1b","1b","1b","1b","1b","3b","1b","1b","1b","1b","1b","1b","1b","1b","1b","1b"
"2021-09-29 11:00:00","PM10",NA,0,0,105.0802,1306.9199,43.5908,132.1509,4.1765,0,3.2634,1.0295,196.8599,0,NA,7.9294,8.3867,0,0,1.2662,0,2.3984,NA,0,0,0,11.0393,NA,0,0,NA,NA,0,NA,0,0,0,0,0,1.2247,0,"3b","1b","1b","1b","1b","1b","1b","1b","1b","1b","1b","1b","1b","3b","1b","1b","1b","1b","1b","1b","1b","3b","1b","1b","1b","1b","3b","1b","1b","3b","3b","1b","3b","1b","1b","1b","1b","1b","1b","1b"
"2021-09-29 12:00:00","PM2.5",NA,0,0,80.0765,598.9053,21.3666,87.2907,0,0,NA,NA,33.2756,0,0,1.2741,11.5377,0,0,0.6102,0,NA,NA,0,0,0,12.7041,NA,NA,0,NA,NA,NA,NA,0,0,0,0,0,0,0,"3b","1b","1b","1b","1b","1b","1b","1b","1b","3b","3b","1b","1b","1b","1b","1b","1b","1b","1b","1b","3b","3b","1b","1b","1b","1b","3b","3b","1b","3b","3b","3b","3b","1b","1b","1b","1b","1b","1b","1b"
"2021-09-29 13:00:00","PM10",NA,NA,0,120.1962,1219.8122,52.495,152.2988,7.3357,0,1.8062,3.5709,207.4529,0,NA,10.3199,70.417,0,0,1.7825,0,2.798,NA,0,0,0,10.1558,NA,NA,0,0,0,0,NA,0,0,0,0,0,8.8253,16.3297,"3b","3b","1b","1b","1b","1b","1b","1b","1b","1b","1b","1b","1b","3b","1b","1b","1b","1b","1b","1b","1b","3b","1b","1b","1b","1b","3b","3b","1b","1b","1b","1b","3b","1b","1b","1b","1b","1b","1b","1b"
"2021-09-29 14:00:00","PM2.5",NA,0,0,89.0309,726.3076,21.1782,41.4333,NA,NA,5.4253,NA,168.5586,0,NA,3.9155,9.6354,0,0,1.4354,0,1.3474,0,0,0,NA,NA,NA,NA,0,0,NA,0,NA,0,0,0,0,0,1.1936,0,"3b","1b","1b","1b","1b","1b","1b","3b","3b","1b","3b","1b","1b","3b","1b","1b","1b","1b","1b","1b","1b","1b","1b","1b","3b","3b","3b","3b","1b","1b","3b","1b","3b","1b","1b","1b","1b","1b","1b","1b"
"2021-09-29 15:00:00","PM10",NA,0,0,152.5908,2049.6417,64.8968,119.4271,6.402,NA,NA,0.9416,195.1015,0,0,6.0673,11.1286,0,0,NA,NA,4.1276,NA,0,0,0,9.6076,0,NA,0,NA,NA,NA,NA,0,0,0,0,0,0,0,"3b","1b","1b","1b","1b","1b","1b","1b","3b","3b","1b","1b","1b","1b","1b","1b","1b","1b","3b","3b","1b","3b","1b","1b","1b","1b","1b","3b","1b","3b","3b","3b","3b","1b","1b","1b","1b","1b","1b","1b"
"2021-09-29 16:00:00","PM2.5",NA,0,0,87.5803,790.0143,22.696,40.6586,NA,0,0.0017,NA,64.1685,NA,0,2.6003,7.5483,0,0,NA,NA,0.8269,NA,0,0,0,NA,NA,0,0,0,0,NA,NA,0,0,0,0,0,0,0,"3b","1b","1b","1b","1b","1b","1b","3b","1b","1b","3b","1b","3b","1b","1b","1b","1b","1b","3b","3b","1b","3b","1b","1b","1b","3b","3b","1b","1b","1b","1b","3b","3b","1b","1b","1b","1b","1b","1b","1b"
"2021-09-29 17:00:00","PM10",NA,0,0,180.5857,2604.4438,72.4431,199.9999,4.9107,0,0.0016,1.9636,278.1406,NA,NA,15.056,7.3348,0,0,0.433,NA,5.7503,NA,0,0,0,13.8721,0,NA,0,NA,0,NA,5.6438,0,0,0,0,0,0,0,"3b","1b","1b","1b","1b","1b","1b","1b","1b","1b","1b","1b","3b","3b","1b","1b","1b","1b","1b","3b","1b","3b","1b","1b","1b","1b","1b","3b","1b","3b","1b","3b","1b","1b","1b","1b","1b","1b","1b","1b"
"2021-09-29 18:00:00","PM2.5",NA,0,0,72.1936,771.5852,37.7061,35.2963,NA,0,0,NA,84.9344,0,0,5.6234,3.7642,0,0,NA,NA,2.1976,NA,0,0,0,10.4958,0,NA,0,0.1568,NA,NA,NA,0,0,0,0,0,0,0,"3b","1b","1b","1b","1b","1b","1b","3b","1b","1b","3b","1b","1b","1b","1b","1b","1b","1b","3b","3b","1b","3b","1b","1b","1b","1b","1b","3b","1b","1b","3b","3b","3b","1b","1b","1b","1b","1b","1b","1b"
"2021-09-29 19:00:00","PM10",627.5913,0,0,156.495,2091.584,62.049,99.0011,1.6459,0,0.0028,NA,225.0617,0,0,11.4258,6.5594,0,0,NA,0,6.1917,NA,0,0,0,NA,NA,NA,0,NA,NA,NA,5.1968,0,0,0,0,0,0,0,"1b","1b","1b","1b","1b","1b","1b","1b","1b","1b","3b","1b","1b","1b","1b","1b","1b","1b","3b","1b","1b","3b","1b","1b","1b","3b","3b","3b","1b","3b","3b","3b","1b","1b","1b","1b","1b","1b","1b","1b"
"2021-09-29 20:00:00","PM2.5",NA,0,0,73.4634,693.2641,29.2915,32.2465,0,0,0,0,52.9272,0,0,3.4897,2.3296,0,0,NA,0,1.997,NA,0,0,0,9.6176,NA,NA,0,0,0,NA,NA,0,0,0,0,0,0,0,"3b","1b","1b","1b","1b","1b","1b","1b","1b","1b","1b","1b","1b","1b","1b","1b","1b","1b","3b","1b","1b","3b","1b","1b","1b","1b","3b","3b","1b","1b","1b","3b","3b","1b","1b","1b","1b","1b","1b","1b"
"2021-09-29 21:00:00","PM10",NA,0,0,139.6171,2071.2391,68.3413,90.8318,1.1132,0,0,NA,103.0957,0,0,6.8766,2.624,0,0,0.3727,NA,3.0421,NA,0,0,0,15.9372,NA,NA,0,0,0,0,NA,0,0,0,0,0,0,0,"3b","1b","1b","1b","1b","1b","1b","1b","1b","1b","3b","1b","1b","1b","1b","1b","1b","1b","1b","3b","1b","3b","1b","1b","1b","1b","3b","3b","1b","1b","1b","1b","3b","1b","1b","1b","1b","1b","1b","1b"
"2021-09-29 22:00:00","PM2.5",NA,0,0,66.2986,622.7157,33.8597,25.0585,NA,NA,0,NA,29.3101,0,NA,1.7417,1.795,0,0,0.3966,NA,NA,NA,0,0,0,16.9503,0,NA,0,0,NA,NA,0,0,0,0,NA,0,0,0,"3b","1b","1b","1b","1b","1b","1b","3b","3b","1b","3b","1b","1b","3b","1b","1b","1b","1b","1b","3b","3b","3b","1b","1b","1b","1b","1b","3b","1b","1b","3b","3b","1b","1b","1b","1b","3b","1b","1b","1b"
"2021-09-29 23:00:00","PM10",NA,0,0,137.1542,1813.2759,73.4823,96.8515,0,0,0,0,59.4978,NA,NA,1.9843,10.288,0,0,1.6745,0,3.0205,NA,0,0,0,NA,0,NA,0,NA,NA,NA,NA,0,0,0,0,0,0,0,"3b","1b","1b","1b","1b","1b","1b","1b","1b","1b","1b","1b","3b","3b","1b","1b","1b","1b","1b","1b","1b","3b","1b","1b","1b","3b","1b","3b","1b","3b","3b","3b","3b","1b","1b","1b","1b","1b","1b","1b"
"2021-09-30 00:30:00","PM2.5",1250.7957,0,0,72.3135,497.011,54.6574,20.1838,NA,0,0,0,23.7751,0,0,1.3104,3.3424,0,0,NA,0,NA,NA,0,0,0,NA,0,NA,0,0,NA,0,0.0041,0,0,0,0,0,0,0,"1b","1b","1b","1b","1b","1b","1b","3b","1b","1b","1b","1b","1b","1b","1b","1b","1b","1b","3b","1b","3b","3b","1b","1b","1b","3b","1b","3b","1b","1b","3b","1b","1b","1b","1b","1b","1b","1b","1b","1b"
"2021-09-30 01:00:00","PM10",NA,0,NA,130.6451,1422.9118,139.1644,66.3874,NA,0,NA,0,78.254,0,0,2.5023,5.0506,0,0,1.4524,NA,1.7569,NA,0,0,0,9.2927,0,0,0,NA,NA,NA,NA,0,0,0,0,0,0,0,"3b","1b","3b","1b","1b","1b","1b","3b","1b","3b","1b","1b","1b","1b","1b","1b","1b","1b","1b","3b","1b","3b","1b","1b","1b","1b","1b","1b","1b","3b","3b","3b","3b","1b","1b","1b","1b","1b","1b","1b"
"2021-09-30 02:00:00","PM2.5",NA,0,0,83.7982,411.2642,63.2985,23.6279,NA,0,NA,0,19.7746,0,0,0.5276,4.3436,0,0,0.4711,0,NA,NA,0,0,0,13.9018,0,NA,0,NA,0,0,0,0,NA,0,0,0,1.5695,0,"3b","1b","1b","1b","1b","1b","1b","3b","1b","3b","1b","1b","1b","1b","1b","1b","1b","1b","1b","1b","3b","3b","1b","1b","1b","1b","1b","3b","1b","3b","1b","1b","1b","1b","3b","1b","1b","1b","1b","1b"
"2021-09-30 03:00:00","PM10",0,0,0.0346,116.4226,1206.5172,54.7155,54.523,NA,0,0,0.0017,44.9731,0,0,0.8008,4.8906,0.0059,0,0.9087,0,0.6352,NA,0,0,0,NA,0,0.1237,0,NA,NA,NA,0,0,0,0,0,0,0,0,"1b","1b","1b","1b","1b","1b","1b","3b","1b","1b","1b","1b","1b","1b","1b","1b","1b","1b","1b","1b","1b","3b","1b","1b","1b","3b","1b","1b","1b","3b","3b","3b","1b","1b","1b","1b","1b","1b","1b","1b"
"2021-09-30 04:00:00","PM2.5",NA,0,0,65.8238,279.9147,44.8672,19.2256,NA,0,0,0,14.2349,0,0,0.5686,4.2099,0,0,0.3846,NA,0.9476,0,0,0,0,15.7221,NA,NA,0,NA,NA,NA,0,0,0,0,0,0,0,0,"3b","1b","1b","1b","1b","1b","1b","3b","1b","1b","1b","1b","1b","1b","1b","1b","1b","1b","1b","3b","1b","1b","1b","1b","1b","1b","3b","3b","1b","3b","3b","3b","1b","1b","1b","1b","1b","1b","1b","1b"
"2021-09-30 05:00:00","PM10",NA,0,0,112.5015,1226.6393,76.8547,49.1651,0,0,0,0,22.4884,NA,0,1.2442,2.2186,0,0,0,0,0.7064,NA,0,0,0,13.7698,0,NA,0,0,0,NA,0.03,0,0,0,0,0,0,0,"3b","1b","1b","1b","1b","1b","1b","1b","1b","1b","1b","1b","3b","1b","1b","1b","1b","1b","1b","1b","1b","3b","1b","1b","1b","1b","1b","3b","1b","1b","1b","3b","1b","1b","1b","1b","1b","1b","1b","1b"
"2021-09-30 06:00:00","PM2.5",NA,0,0,62.4174,382.638,30.536,20.1436,NA,NA,NA,0,18.5586,0,NA,1.1186,3.9338,0,0,NA,0,0.6097,NA,0,0,0,20.1244,0,0,0,NA,NA,0,0,0,0,0,0,0,0,0,"3b","1b","1b","1b","1b","1b","1b","3b","3b","3b","1b","1b","1b","3b","1b","1b","1b","1b","3b","1b","1b","3b","1b","1b","1b","1b","1b","1b","1b","3b","3b","1b","1b","1b","1b","1b","1b","1b","1b","1b"
"2021-09-30 07:00:00","PM10",NA,0,0,156.5264,1606.4402,58.6794,70.4938,0.9671,NA,0,NA,65.4134,NA,NA,2.3054,6.0798,0,0,NA,0,1.1352,NA,0,0,0,15.8598,0,NA,NA,NA,0,0.1343,0,0,0,0,0,0,0,0,"3b","1b","1b","1b","1b","1b","1b","1b","3b","1b","3b","1b","3b","3b","1b","1b","1b","1b","3b","1b","1b","3b","1b","1b","1b","1b","1b","3b","3b","3b","1b","1b","1b","1b","1b","1b","1b","1b","1b","1b"
"2021-09-30 08:00:00","PM2.5",NA,0,0,87.2046,480.9999,21.2263,28.1662,0,NA,0,0,26.4419,0,NA,1.39,2.7891,0,0,NA,0,0.9248,NA,0,0,0,NA,0,NA,0,0,NA,0,NA,0,0,0,0,0,0,0,"3b","1b","1b","1b","1b","1b","1b","1b","3b","1b","1b","1b","1b","3b","1b","1b","1b","1b","3b","1b","1b","3b","1b","1b","1b","3b","1b","3b","1b","1b","3b","1b","3b","1b","1b","1b","1b","1b","1b","1b"
"2021-09-30 09:00:00","PM10",0,0,0,206.1311,2113.3111,67.7196,135.3571,1.2155,NA,0,0,65.0024,0,NA,2.8393,3.6958,0,0,0.5943,0,2.043,NA,0,0,0,22.8612,NA,0,0,NA,NA,NA,0,0,0,0,0,0,0,0,"1b","1b","1b","1b","1b","1b","1b","1b","3b","1b","1b","1b","1b","3b","1b","1b","1b","1b","1b","1b","1b","3b","1b","1b","1b","1b","3b","1b","1b","3b","3b","3b","1b","1b","1b","1b","1b","1b","1b","1b"
"2021-09-30 10:00:00","PM2.5",0,0,0,144.9327,501.5899,18.7956,43.9266,NA,NA,0,0,20.234,0,NA,1.6393,1.2634,0,0,0.3875,0,1.1944,NA,0,0,0,14.8904,NA,0.0466,0,NA,NA,NA,0,0,0,0,0,0,0,0,"1b","1b","1b","1b","1b","1b","1b","3b","3b","1b","1b","1b","1b","3b","1b","1b","1b","1b","1b","1b","1b","3b","1b","1b","1b","1b","3b","1b","1b","3b","3b","3b","1b","1b","1b","1b","1b","1b","1b","1b"
"2021-09-30 11:00:00","PM10",772.8018,0,0,181.589,1060.0499,39.8185,115.7536,NA,NA,NA,0,79.3752,0,NA,2.6259,2.3873,0,0,0,0,1.8012,NA,0,0,0,15.4691,NA,NA,0,0,NA,NA,NA,0,0,0,0,0,0,0,"1b","1b","1b","1b","1b","1b","1b","3b","3b","3b","1b","1b","1b","3b","1b","1b","1b","1b","1b","1b","1b","3b","1b","1b","1b","1b","3b","3b","1b","1b","3b","3b","3b","1b","1b","1b","1b","1b","1b","1b"
"2021-09-30 12:00:00","PM2.5",NA,0,0,99.1263,146.5829,13.9739,22.6918,NA,NA,NA,0,21.5224,0,NA,0.7824,2.0385,0,0,NA,0,1.2547,NA,0,0,0,9.9193,0,NA,0,0,NA,NA,0,0,0,0,0,0,0,0,"3b","1b","1b","1b","1b","1b","1b","3b","3b","3b","1b","1b","1b","3b","1b","1b","1b","1b","3b","1b","1b","3b","1b","1b","1b","1b","1b","3b","1b","1b","3b","3b","1b","1b","1b","1b","1b","1b","1b","1b"
"2021-09-30 13:00:00","PM10",0,0,0,104.5151,395.6822,33.4573,80.612,3.9294,NA,NA,NA,72.549,0,0,1.7892,2.5754,0,0,0.4571,0,1.7838,NA,0,0,0,14.8228,0,NA,0,NA,NA,NA,0,0,0,0,0,0,0,0,"1b","1b","1b","1b","1b","1b","1b","1b","3b","3b","3b","1b","1b","1b","1b","1b","1b","1b","1b","1b","1b","3b","1b","1b","1b","1b","1b","3b","1b","3b","3b","3b","1b","1b","1b","1b","1b","1b","1b","1b"
"2021-09-30 14:00:00","PM2.5",988.8787,0,0,81.0468,75.7456,9.0567,21.9182,NA,NA,0,0,21.9257,0.0023,NA,0.9341,3.7647,0,0,0,0,0.8607,NA,0,0,0,NA,NA,NA,0,NA,0,NA,0,0,0,0,0,0,NA,0,"1b","1b","1b","1b","1b","1b","1b","3b","3b","1b","1b","1b","1b","3b","1b","1b","1b","1b","1b","1b","1b","3b","1b","1b","1b","3b","3b","3b","1b","3b","1b","3b","1b","1b","1b","1b","1b","1b","3b","1b"
"2021-09-30 15:00:00","PM10",987.9415,0,0,58.7479,112.2725,16.4528,29.6503,NA,NA,NA,0,56.3733,0,NA,2.3957,2.6766,0,0,0.5063,NA,0.7767,NA,0,0,0,0,NA,NA,0,NA,NA,NA,0,NA,0,0,0,0,0,0,"1b","1b","1b","1b","1b","1b","1b","3b","3b","3b","1b","1b","1b","3b","1b","1b","1b","1b","1b","3b","1b","3b","1b","1b","1b","1b","3b","3b","1b","3b","3b","3b","1b","3b","1b","1b","1b","1b","1b","1b"
"2021-09-30 16:00:00","PM2.5",NA,0,0,37.7435,22.7278,9.7575,7.5135,0,0,NA,0,24.619,0,0,0.6512,1.8683,0,0,0.3537,0,NA,NA,0,0,0,15.2614,0,NA,0,NA,NA,NA,NA,0,0,0,0,0,0,0,"3b","1b","1b","1b","1b","1b","1b","1b","1b","3b","1b","1b","1b","1b","1b","1b","1b","1b","1b","1b","3b","3b","1b","1b","1b","1b","1b","3b","1b","3b","3b","3b","3b","1b","1b","1b","1b","1b","1b","1b"
"2021-09-30 17:00:00","PM10",NA,0,0,53.7013,134.927,25.247,20.6995,NA,NA,0.0036,0,54.2716,0,0,2.1403,2.8586,0,0,NA,0,NA,0,0,0,0,NA,NA,NA,0,NA,0,0,0.0224,0,0,0,0,0,0,NA,"3b","1b","1b","1b","1b","1b","1b","3b","3b","1b","1b","1b","1b","1b","1b","1b","1b","1b","3b","1b","3b","1b","1b","1b","1b","3b","3b","3b","1b","3b","1b","1b","1b","1b","1b","1b","1b","1b","1b","3b"
"2021-09-30 18:00:00","PM2.5",602.66,0,0,22.4732,23.0002,13.4577,3.997,NA,0,NA,0,24.7626,0,0,2.2293,1.3921,0,0,NA,0,0,0,0,0,0,14.9504,0,0,0,0,NA,NA,NA,0,0,0,0,0,0,0,"1b","1b","1b","1b","1b","1b","1b","3b","1b","3b","1b","1b","1b","1b","1b","1b","1b","1b","3b","1b","1b","1b","1b","1b","1b","1b","1b","1b","1b","1b","3b","3b","3b","1b","1b","1b","1b","1b","1b","1b"
"2021-09-30 19:00:00","PM10",NA,0,NA,66.5098,38.7178,34.6689,18.3464,2.052,0,NA,NA,83.7315,0,0,5.6735,3.5816,0,0,0.4809,0,NA,NA,0,0,0,NA,NA,0,0,NA,NA,0,NA,0,0,0,0,0,0,0,"3b","1b","3b","1b","1b","1b","1b","1b","1b","3b","3b","1b","1b","1b","1b","1b","1b","1b","1b","1b","3b","3b","1b","1b","1b","3b","3b","1b","1b","3b","3b","1b","3b","1b","1b","1b","1b","1b","1b","1b"
"2021-09-30 20:00:00","PM2.5",NA,0,0.042,77.3736,63.5624,14.8674,6.4341,0,NA,0,0,20.7072,0,0,1.1496,2.1284,0,0,0.6366,0,NA,0,0,0,0,15.7182,0,NA,0,NA,NA,0,NA,0,0,0,0,0,0,0,"3b","1b","1b","1b","1b","1b","1b","1b","3b","1b","1b","1b","1b","1b","1b","1b","1b","1b","1b","1b","3b","1b","1b","1b","1b","1b","1b","3b","1b","3b","3b","1b","3b","1b","1b","1b","1b","1b","1b","1b"
"2021-09-30 21:00:00","PM10",0,0,0,247.8286,2848.7051,87.136,81.8219,NA,NA,0,0,55.0479,0,0,4.1305,0.9961,0,0,NA,NA,2.843,NA,0,0,0,NA,NA,NA,NA,NA,NA,NA,NA,0,0,0,0,0,0,0,"1b","1b","1b","1b","1b","1b","1b","3b","3b","1b","1b","1b","1b","1b","1b","1b","1b","1b","3b","3b","1b","3b","1b","1b","1b","3b","3b","3b","3b","3b","3b","3b","3b","1b","1b","1b","1b","1b","1b","1b"
