"datetime","pm_fraction","Al","Si","P","S","Cl","K","Ca","Ti","V","Cr","Mn","Fe","Co","Ni","Cu","Zn","Ga","Ge","As","Se","Br","Sr","Y","Zr","Mo","Pd","Ag","Cd","In","Sn","Sb","Te","Ba","La","Ce","Pt","Hg","Tl","Pb","Bi","Al_Flags","Si_Flags","P_Flags","S_Flags","Cl_Flags","K_Flags","Ca_Flags","Ti_Flags","V_Flags","Cr_Flags","Mn_Flags","Fe_Flags","Co_Flags","Ni_Flags","Cu_Flags","Zn_Flags","Ga_Flags","Ge_Flags","As_Flags","Se_Flags","Br_Flags","Sr_Flags","Y_Flags","Zr_Flags","Mo_Flags","Pd_Flags","Ag_Flags","Cd_Flags","In_Flags","Sn_Flags","Sb_Flags","Te_Flags","Ba_Flags","La_Flags","Ce_Flags","Pt_Flags","Hg_Flags","Tl_Flags","Pb_Flags","Bi_Flags"
"2025-11-01 00:30:00","PM2.5",0,0,0,127.5291,1146.8074,54.4194,30.0234,0,0,NA,0,12.2760081,0,0,0,1.508531648,0,0,NA,0,NA,NA,0,0,0,NA,NA,0,NA,NA,0,0,0,0,0,0,0,0,0,0,"1b","1b","1b","1b","1b","1b","1b","1b","1b","E: Conc. Uncertainty","1b","1b","1b","1b","1b","1b","1b","1b","E: Conc. Uncertainty","1b","E: Conc. Uncertainty","E: Conc. Uncertainty","1b","1b","1b","E: Conc. Uncertainty","E: Conc. Uncertainty","1b","E: Conc. Uncertainty","E: Conc. Uncertainty","1b","1b","1b","1b","1b","1b","1b","1b","1b","1b"
"2025-11-01 01:00:00","PM10",0,0,0,206.6759,3388.6681,116.4399,86.0187,0,0,NA,0,13.02776731,0,0,NA,1.430230308,0,0,NA,0,3.262057796,NA,0,0,0,NA,0,0,0,0,NA,NA,0,0,0,0,0,0,0,0,"1b","1b","1b","1b","1b","1b","1b","1b","1b","E: Conc. Uncertainty","1b","1b","1b","1b","E: Conc. Uncertainty","1b","1b","1b","E: Conc. Uncertainty","1b","1b","E: Conc. Uncertainty","1b","1b","1b","E: Conc. Uncertainty","1b","1b","1b","1b","E: Conc. Uncertainty","E: Conc. Uncertainty","1b","1b","1b","1b","1b","1b","1b","1b"
"2025-11-01 02:00:00","PM2.5",0,0,NA,133.6525,1937.9861,52.5996,43.7295,0,0,NA,0,7.329530188,0,NA,NA,NA,0,0,NA,NA,NA,NA,NA,0,0,0,0,NA,0,0,0,0,0,0,0,0,0,0,0,0,"1b","1b","E: Conc. Uncertainty","1b","1b","1b","1b","1b","1b","E: Conc. Uncertainty","1b","1b","1b","E: Conc. Uncertainty","E: Conc. Uncertainty","E: Conc. Uncertainty","1b","1b","E: Conc. Uncertainty","E: Conc. Uncertainty","E: Conc. Uncertainty","E: Conc. Uncertainty","E: Conc. Uncertainty","1b","1b","1b","1b","E: Conc. Uncertainty","1b","1b","1b","1b","1b","1b","1b","1b","1b","1b","1b","1b"
"2025-11-01 03:00:00","PM10",NA,0,0,286.7428,5894.595,147.0319,129.3722,NA,NA,NA,0,9.420974378,0,NA,NA,NA,0,NA,0,0,5.904273086,1.73831928,NA,0,0,0,NA,0,0,0,NA,0,0,0,0,0,0,0,0,0,"E: Conc. Uncertainty","1b","1b","1b","1b","1b","1b","E: Conc. Uncertainty","E: Conc. Uncertainty","E: Conc. Uncertainty","1b","1b","1b","E: Conc. Uncertainty","E: Conc. Uncertainty","E: Conc. Uncertainty","1b","E: Conc. Uncertainty","1b","1b","1b","1b","E: Conc. Uncertainty","1b","1b","1b","E: Conc. Uncertainty","1b","1b","1b","E: Conc. Uncertainty","1b","1b","1b","1b","1b","1b","1b","1b","1b"
"2025-11-01 04:00:00","PM2.5",0,0,0,95.0503,1702.8835,43.5096,36.7983,NA,0,NA,0,3.092238894,0,NA,0,1.457802361,0,0,0,0,1.656561644,NA,NA,0,0,0,0,0,0,0,NA,NA,0,NA,0,0,0,0,0,0,"1b","1b","1b","1b","1b","1b","1b","E: Conc. Uncertainty","1b","E: Conc. Uncertainty","1b","1b","1b","E: Conc. Uncertainty","1b","1b","1b","1b","1b","1b","1b","E: Conc. Uncertainty","E: Conc. Uncertainty","1b","1b","1b","1b","1b","1b","1b","E: Conc. Uncertainty","E: Conc. Uncertainty","1b","E: Conc. Uncertainty","1b","1b","1b","1b","1b","1b"
"2025-11-01 05:00:00","PM10",0,0,0,252.1163,5547.9485,134.0809,126.6538,NA,0,NA,0,19.07303474,0,0,NA,2.270670113,0,0,0,0,8.91473515,1.8436438,0,0,0,0,0,0,0,0,0,0,0,0,0,0,0,0,0,0,"1b","1b","1b","1b","1b","1b","1b","E: Conc. Uncertainty","1b","E: Conc. Uncertainty","1b","1b","1b","1b","E: Conc. Uncertainty","1b","1b","1b","1b","1b","1b","1b","1b","1b","1b","1b","1b","1b","1b","1b","1b","1b","1b","1b","1b","1b","1b","1b","1b","1b"
"2025-11-01 06:00:00","PM2.5",0,0,0,112.7167,1970.3488,51.9099,41.0148,NA,NA,NA,0,5.538507,0,NA,NA,1.423179604,0,0,0,NA,1.027899488,0,NA,0,0,NA,0,0,0,0,NA,0.1784,0,0,0,0,0,0,0,0,"1b","1b","1b","1b","1b","1b","1b","E: Conc. Uncertainty","E: Conc. Uncertainty","E: Conc. Uncertainty","1b","1b","1b","E: Conc. Uncertainty","E: Conc. Uncertainty","1b","1b","1b","1b","E: Conc. Uncertainty","1b","1b","E: Conc. Uncertainty","1b","1b","E: Conc. Uncertainty","1b","1b","1b","1b","E: Conc. Uncertainty","1b","1b","1b","1b","1b","1b","1b","1b","1b"
"2025-11-01 07:00:00","PM10",0,0,0,272.8799,5721.9673,132.1187,129.975,0,0,0.7569,0,24.79849205,0,0,0.756285676,NA,0,NA,NA,0,7.986233071,1.604401754,NA,0,0,0,NA,0,0,0,0,0,0,0,0,0,0,0,0,0,"1b","1b","1b","1b","1b","1b","1b","1b","1b","1b","1b","1b","1b","1b","1b","E: Conc. Uncertainty","1b","E: Conc. Uncertainty","E: Conc. Uncertainty","1b","1b","1b","E: Conc. Uncertainty","1b","1b","1b","E: Conc. Uncertainty","1b","1b","1b","1b","1b","1b","1b","1b","1b","1b","1b","1b","1b"
"2025-11-01 08:00:00","PM2.5",NA,0,0,111.4476,1980.339,60.7768,49.381,NA,0,NA,0,18.22451182,0,0,NA,1.728614771,0,0,0,0,2.432947812,2.250341064,0,0,0,0,0,0,NA,NA,NA,NA,0,0,NA,0,0.005691189,0,0,0,"E: Conc. Uncertainty","1b","1b","1b","1b","1b","1b","E: Conc. Uncertainty","1b","E: Conc. Uncertainty","1b","1b","1b","1b","E: Conc. Uncertainty","1b","1b","1b","1b","1b","1b","1b","1b","1b","1b","1b","1b","1b","E: Conc. Uncertainty","E: Conc. Uncertainty","E: Conc. Uncertainty","E: Conc. Uncertainty","1b","1b","E: Conc. Uncertainty","1b","1b","1b","1b","1b"
"2025-11-01 09:00:00","PM10",0,0,0,210.1006,4296.4775,106.2712,101.1699,0,0,NA,0,58.92723704,NA,NA,2.092563026,2.86784701,0,0,NA,NA,7.173115841,NA,NA,0,0,NA,0,0,NA,0,NA,0,NA,0,0,0,0,0,0,0,"1b","1b","1b","1b","1b","1b","1b","1b","1b","E: Conc. Uncertainty","1b","1b","E: Conc. Uncertainty","E: Conc. Uncertainty","1b","1b","1b","1b","E: Conc. Uncertainty","E: Conc. Uncertainty","1b","E: Conc. Uncertainty","E: Conc. Uncertainty","1b","1b","E: Conc. Uncertainty","1b","1b","E: Conc. Uncertainty","1b","E: Conc. Uncertainty","1b","E: Conc. Uncertainty","1b","1b","1b","1b","1b","1b","1b"
"2025-11-01 10:00:00","PM2.5",0,0,NA,83.7396,1141.6368,39.5983,26.2917,0,0,0.7018,0,23.66051074,0,0,0.934440925,NA,0,0,NA,0,1.262205743,0,NA,0,0,NA,0,0,0,0,NA,NA,0,0,0,0,0,0,0,0,"1b","1b","E: Conc. Uncertainty","1b","1b","1b","1b","1b","1b","1b","1b","1b","1b","1b","1b","E: Conc. Uncertainty","1b","1b","E: Conc. Uncertainty","1b","1b","1b","E: Conc. Uncertainty","1b","1b","E: Conc. Uncertainty","1b","1b","1b","1b","E: Conc. Uncertainty","E: Conc. Uncertainty","1b","1b","1b","1b","1b","1b","1b","1b"
"2025-11-01 11:00:00","PM10",0,0,0,100.3617,1697.5487,52.7132,45.4879,0,0,NA,0,74.04661784,0,NA,4.538114129,NA,0,0,0.007557726,0,2.875678975,NA,0,0,0,0,0,0,0,0,NA,NA,NA,0,0,0,0,0.005950565,0,0,"1b","1b","1b","1b","1b","1b","1b","1b","1b","E: Conc. Uncertainty","1b","1b","1b","E: Conc. Uncertainty","1b","E: Conc. Uncertainty","1b","1b","1b","1b","1b","E: Conc. Uncertainty","1b","1b","1b","1b","1b","1b","1b","1b","E: Conc. Uncertainty","E: Conc. Uncertainty","E: Conc. Uncertainty","1b","1b","1b","1b","1b","1b","1b"
"2025-11-01 12:00:00","PM2.5",0,0,0,70.6869,903.0893,45.6633,27.8534,0,0,NA,0,26.47161505,NA,0,1.200412761,2.242126024,0,0,NA,0,1.58365019,0,NA,0,0,0,0,NA,0,0,NA,NA,0,0,0,0,0,0,0,0,"1b","1b","1b","1b","1b","1b","1b","1b","1b","E: Conc. Uncertainty","1b","1b","E: Conc. Uncertainty","1b","1b","1b","1b","1b","E: Conc. Uncertainty","1b","1b","1b","E: Conc. Uncertainty","1b","1b","1b","1b","E: Conc. Uncertainty","1b","1b","E: Conc. Uncertainty","E: Conc. Uncertainty","1b","1b","1b","1b","1b","1b","1b","1b"
"2025-11-01 13:00:00","PM10",0,0,0,118.9933,2315.2275,66.3607,62.1659,1.2003,0,NA,0,65.99075055,0,0,4.255184989,1.522593921,0,0,NA,0,4.575472659,NA,NA,0,0,0,0,0,0,0,NA,NA,NA,0,0,0,0,0,0,0,"1b","1b","1b","1b","1b","1b","1b","1b","1b","E: Conc. Uncertainty","1b","1b","1b","1b","1b","1b","1b","1b","E: Conc. Uncertainty","1b","1b","E: Conc. Uncertainty","E: Conc. Uncertainty","1b","1b","1b","1b","1b","1b","1b","E: Conc. Uncertainty","E: Conc. Uncertainty","E: Conc. Uncertainty","1b","1b","1b","1b","1b","1b","1b"
"2025-11-01 14:00:00","PM2.5",0,0,0,60.5681,777.8202,30.2752,19.5071,NA,0,NA,0,42.35440923,0,0,2.409212684,2.761054916,0,0,1.151768888,0,NA,NA,0,0,NA,0,0,0,0,0,0,0,0,0,NA,0,0,0,0,0,"1b","1b","1b","1b","1b","1b","1b","E: Conc. Uncertainty","1b","E: Conc. Uncertainty","1b","1b","1b","1b","1b","1b","1b","1b","1b","1b","E: Conc. Uncertainty","E: Conc. Uncertainty","1b","1b","E: Conc. Uncertainty","1b","1b","1b","1b","1b","1b","1b","1b","1b","E: Conc. Uncertainty","1b","1b","1b","1b","1b"
"2025-11-01 15:00:00","PM10",0,NA,0,118.5565,1839.5517,66.8553,72.5159,2.2107,0,0.9581,0,131.9067206,NA,0,4.308365828,4.67755368,0,0,NA,0,2.39303204,NA,0,0,0,NA,NA,NA,0,0,NA,NA,NA,0,0,0,0,0,0,0,"1b","E: Conc. Uncertainty","1b","1b","1b","1b","1b","1b","1b","1b","1b","1b","E: Conc. Uncertainty","1b","1b","1b","1b","1b","E: Conc. Uncertainty","1b","1b","E: Conc. Uncertainty","1b","1b","1b","E: Conc. Uncertainty","E: Conc. Uncertainty","E: Conc. Uncertainty","1b","1b","E: Conc. Uncertainty","E: Conc. Uncertainty","E: Conc. Uncertainty","1b","1b","1b","1b","1b","1b","1b"
"2025-11-01 16:00:00","PM2.5",0,0,0,83.5699,1003.0279,49.7255,35.7388,NA,0,0.721,0,63.62676343,0,NA,2.235480325,5.428180282,0,0,1.644413004,0,1.255806852,NA,0,0,0,0,NA,0,0,NA,NA,0,0,0,NA,0,0,0,0,0,"1b","1b","1b","1b","1b","1b","1b","E: Conc. Uncertainty","1b","1b","1b","1b","1b","E: Conc. Uncertainty","1b","1b","1b","1b","1b","1b","1b","E: Conc. Uncertainty","1b","1b","1b","1b","E: Conc. Uncertainty","1b","1b","E: Conc. Uncertainty","E: Conc. Uncertainty","1b","1b","1b","E: Conc. Uncertainty","1b","1b","1b","1b","1b"
"2025-11-01 17:00:00","PM10",0,NA,0,97.2992,1504.8401,81.252,67.5181,1.8375,0,0.9039,0,133.7012445,0,0,5.702283235,4.057111432,0,0,2.584109009,0,3.739688779,NA,NA,NA,0,NA,0,0,0,NA,0,0,NA,0,0,0,0,0,0,0,"1b","E: Conc. Uncertainty","1b","1b","1b","1b","1b","1b","1b","1b","1b","1b","1b","1b","1b","1b","1b","1b","1b","1b","1b","E: Conc. Uncertainty","E: Conc. Uncertainty","E: Conc. Uncertainty","1b","E: Conc. Uncertainty","1b","1b","1b","E: Conc. Uncertainty","1b","1b","E: Conc. Uncertainty","1b","1b","1b","1b","1b","1b","1b"
"2025-11-01 18:00:00","PM2.5",0,0,NA,92.9,382.5467,308.6329,19.1581,2.3567,0,1.2147,0,57.44174357,0.011131348,0,10.70903837,11.45114519,0,0,7.193486025,0,2.36297962,4.218658744,NA,0,0,0,0,0,0,0,NA,NA,10.3505,0,0,0,0,0,0,2.016798771,"1b","1b","E: Conc. Uncertainty","1b","1b","1b","1b","1b","1b","1b","1b","1b","1b","1b","1b","1b","1b","1b","1b","1b","1b","1b","E: Conc. Uncertainty","1b","1b","1b","1b","1b","1b","1b","E: Conc. Uncertainty","E: Conc. Uncertainty","1b","1b","1b","1b","1b","1b","1b","1b"
"2025-11-01 19:00:00","PM10",0,0,0,423.3297,1898.887,1664.3106,42.0718,22.2281,0,1.0799,1.0665,178.7439899,0,0,42.37214775,24.68263589,0,0,3.147634667,0,8.530936761,28.50405427,0.005612827,0,0,NA,NA,NA,0,NA,NA,0,83.7993,0,0,0,0,0,0,18.76283514,"1b","1b","1b","1b","1b","1b","1b","1b","1b","1b","1b","1b","1b","1b","1b","1b","1b","1b","1b","1b","1b","1b","1b","1b","1b","E: Conc. Uncertainty","E: Conc. Uncertainty","E: Conc. Uncertainty","1b","E: Conc. Uncertainty","E: Conc. Uncertainty","1b","1b","1b","1b","1b","1b","1b","1b","1b"
"2025-11-01 20:00:00","PM2.5",0,0,0,159.5659,677.2918,549.6007,10.3347,4.3952,0,NA,0,70.52140937,0,0,18.0744187,8.795659079,0,0,2.984485076,0,11.71682209,8.619986155,NA,0,0,NA,NA,0,NA,0,0,0,21.1677,0,0,0,0,0,0,4.032139512,"1b","1b","1b","1b","1b","1b","1b","1b","1b","E: Conc. Uncertainty","1b","1b","1b","1b","1b","1b","1b","1b","1b","1b","1b","1b","E: Conc. Uncertainty","1b","1b","E: Conc. Uncertainty","E: Conc. Uncertainty","1b","E: Conc. Uncertainty","1b","1b","1b","1b","1b","1b","1b","1b","1b","1b","1b"
"2025-11-01 21:00:00","PM10",0,0,0,564.9153,2141.4141,1940.6924,47.7794,17.1517,0,1.0887,NA,144.0138292,0,0,56.98066152,71.7555551,0,0,8.761186582,0,15.53125318,41.43476446,NA,0,0,0,0,0,0,0,NA,0,84.4127,0,0,0,0,0,21.77771441,20.99873725,"1b","1b","1b","1b","1b","1b","1b","1b","1b","1b","E: Conc. Uncertainty","1b","1b","1b","1b","1b","1b","1b","1b","1b","1b","1b","E: Conc. Uncertainty","1b","1b","1b","1b","1b","1b","1b","E: Conc. Uncertainty","1b","1b","1b","1b","1b","1b","1b","1b","1b"
"2025-11-01 22:00:00","PM2.5",0,0,0,195.1974,545.2761,690.1437,5.0019,3.2707,0,0.9589,0,27.89269748,0,0,14.63973157,61.42858889,0,0,8.442255013,0,5.63447693,7.377906089,NA,0,0,0,NA,NA,0,0,0,NA,15.0109,0,0,0,0,0,13.11663052,5.214890172,"1b","1b","1b","1b","1b","1b","1b","1b","1b","1b","1b","1b","1b","1b","1b","1b","1b","1b","1b","1b","1b","1b","E: Conc. Uncertainty","1b","1b","1b","E: Conc. Uncertainty","E: Conc. Uncertainty","1b","1b","1b","E: Conc. Uncertainty","1b","1b","1b","1b","1b","1b","1b","1b"
"2025-11-01 23:00:00","PM10",0,0,0,230.8865,1640.923,483.1077,54.6204,3.7637,0,NA,0,57.21577651,0,0,10.82960029,82.78393843,0,0,6.250269797,0,5.602095254,6.609781923,NA,0,0,0,0,0,NA,NA,NA,NA,7.3986,0,0,0,0,0,3.928844862,NA,"1b","1b","1b","1b","1b","1b","1b","1b","1b","E: Conc. Uncertainty","1b","1b","1b","1b","1b","1b","1b","1b","1b","1b","1b","1b","E: Conc. Uncertainty","1b","1b","1b","1b","1b","E: Conc. Uncertainty","E: Conc. Uncertainty","E: Conc. Uncertainty","E: Conc. Uncertainty","1b","1b","1b","1b","1b","1b","1b","E: Conc. Uncertainty"
"2025-11-02 00:30:00","PM2.5",0,0,NA,108.9889,531.9428,281.0437,7.4584,NA,0,NA,0,11.57626593,0,0,7.414354482,12.14879243,0,0,1.719211619,0,NA,4.999814061,NA,0,0,0,0,0,0,NA,0,0.1969,6.6361,0,0,0,0,0,0,NA,"1b","1b","E: Conc. Uncertainty","1b","1b","1b","1b","E: Conc. Uncertainty","1b","E: Conc. Uncertainty","1b","1b","1b","1b","1b","1b","1b","1b","1b","1b","E: Conc. Uncertainty","1b","E: Conc. Uncertainty","1b","1b","1b","1b","1b","1b","E: Conc. Uncertainty","1b","1b","1b","1b","1b","1b","1b","1b","1b","E: Conc. Uncertainty"
"2025-11-02 01:00:00","PM10",0,0,0,162.2447,2300.7181,245.5686,60.8765,1.5101,0,0.8028,0,31.37120117,0,NA,4.387098744,14.03450241,0,0,3.764437071,0,5.495582877,3.573890122,NA,0,0,NA,0,NA,0,0,NA,0,3.873,0,0,0,0,0,0,0,"1b","1b","1b","1b","1b","1b","1b","1b","1b","1b","1b","1b","1b","E: Conc. Uncertainty","1b","1b","1b","1b","1b","1b","1b","1b","E: Conc. Uncertainty","1b","1b","E: Conc. Uncertainty","1b","E: Conc. Uncertainty","1b","1b","E: Conc. Uncertainty","1b","1b","1b","1b","1b","1b","1b","1b","1b"
"2025-11-02 02:00:00","PM2.5",0,0,0,86.2325,790.3923,167.9171,26.3888,1.553,0,NA,NA,19.49415118,0,0,2.844510053,10.2431153,0,0,3.259923645,0,1.80072283,3.139669127,0,0,0,NA,0,0,0,0,NA,NA,NA,0,0,0,0,0,NA,NA,"1b","1b","1b","1b","1b","1b","1b","1b","1b","E: Conc. Uncertainty","E: Conc. Uncertainty","1b","1b","1b","1b","1b","1b","1b","1b","1b","1b","1b","1b","1b","1b","E: Conc. Uncertainty","1b","1b","1b","1b","E: Conc. Uncertainty","E: Conc. Uncertainty","E: Conc. Uncertainty","1b","1b","1b","1b","1b","E: Conc. Uncertainty","E: Conc. Uncertainty"
"2025-11-02 03:00:00","PM10",0,0,0,186.6006,3316.2987,224.8471,76.7386,NA,0,NA,0,19.580917,0,0,2.501602972,6.846073991,0,0,2.1784642,NA,4.90703781,2.334161111,0,0,0,0,0,0,0,0,0,0,3.075,0,0,0,0,0,0,0,"1b","1b","1b","1b","1b","1b","1b","E: Conc. Uncertainty","1b","E: Conc. Uncertainty","1b","1b","1b","1b","1b","1b","1b","1b","1b","E: Conc. Uncertainty","1b","1b","1b","1b","1b","1b","1b","1b","1b","1b","1b","1b","1b","1b","1b","1b","1b","1b","1b","1b"
"2025-11-02 04:00:00","PM2.5",0,0,NA,69.4076,708.8829,96.0191,13.438,0,0,NA,0,3.438699577,0,0,0.774286353,4.994601903,0,0,1.175738045,NA,NA,NA,0,0,0,NA,0,NA,0,0,NA,NA,NA,0,0,0,0,0,0,0,"1b","1b","E: Conc. Uncertainty","1b","1b","1b","1b","1b","1b","E: Conc. Uncertainty","1b","1b","1b","1b","1b","1b","1b","1b","1b","E: Conc. Uncertainty","E: Conc. Uncertainty","E: Conc. Uncertainty","1b","1b","1b","E: Conc. Uncertainty","1b","E: Conc. Uncertainty","1b","1b","E: Conc. Uncertainty","E: Conc. Uncertainty","E: Conc. Uncertainty","1b","1b","1b","1b","1b","1b","1b"
"2025-11-02 05:00:00","PM10",0,0,0,138.3081,1851.6384,100.8423,43.4612,NA,0,NA,0,9.386221294,0,NA,NA,3.994132193,0,0,0.637331009,NA,2.712315301,0,0,0,0,NA,0,0,0,NA,NA,NA,0,0,0,0,0,0,0,0,"1b","1b","1b","1b","1b","1b","1b","E: Conc. Uncertainty","1b","E: Conc. Uncertainty","1b","1b","1b","E: Conc. Uncertainty","E: Conc. Uncertainty","1b","1b","1b","1b","E: Conc. Uncertainty","1b","1b","1b","1b","1b","E: Conc. Uncertainty","1b","1b","1b","E: Conc. Uncertainty","E: Conc. Uncertainty","E: Conc. Uncertainty","1b","1b","1b","1b","1b","1b","1b","1b"
"2025-11-02 06:00:00","PM2.5",0,0,NA,68.1144,236.8963,43.1475,4.3983,NA,NA,NA,0,5.414106245,0,NA,NA,3.990277523,0,0,0.930008348,NA,NA,NA,0,0,0,0,0,0,0,0,NA,NA,0,0,0.0144,0,0,0,0,0,"1b","1b","E: Conc. Uncertainty","1b","1b","1b","1b","E: Conc. Uncertainty","E: Conc. Uncertainty","E: Conc. Uncertainty","1b","1b","1b","E: Conc. Uncertainty","E: Conc. Uncertainty","1b","1b","1b","1b","E: Conc. Uncertainty","E: Conc. Uncertainty","E: Conc. Uncertainty","1b","1b","1b","1b","1b","1b","1b","1b","E: Conc. Uncertainty","E: Conc. Uncertainty","1b","1b","1b","1b","1b","1b","1b","1b"
"2025-11-02 07:00:00","PM10",0,0,0,121.0138,989.4602,87.9339,28.313,NA,0,0.681,0,28.76624011,NA,NA,0.798654165,7.85858555,0,0,2.238972198,NA,1.94614625,NA,NA,0,0,0,0,NA,0,0,NA,NA,0,0,0,0,0,0,0,0,"1b","1b","1b","1b","1b","1b","1b","E: Conc. Uncertainty","1b","1b","1b","1b","E: Conc. Uncertainty","E: Conc. Uncertainty","1b","1b","1b","1b","1b","E: Conc. Uncertainty","1b","E: Conc. Uncertainty","E: Conc. Uncertainty","1b","1b","1b","1b","E: Conc. Uncertainty","1b","1b","E: Conc. Uncertainty","E: Conc. Uncertainty","1b","1b","1b","1b","1b","1b","1b","1b"
"2025-11-02 08:00:00","PM2.5",0,0,0,93.5152,207.3239,40.8618,11.8309,0,0,NA,0,9.280018747,NA,0,NA,6.25761358,0,0,1.303687326,NA,0.847392177,NA,NA,0,0,NA,0,0,0,0,0,NA,0,0,0,0,0,0,0,0,"1b","1b","1b","1b","1b","1b","1b","1b","1b","E: Conc. Uncertainty","1b","1b","E: Conc. Uncertainty","1b","E: Conc. Uncertainty","1b","1b","1b","1b","E: Conc. Uncertainty","1b","E: Conc. Uncertainty","E: Conc. Uncertainty","1b","1b","E: Conc. Uncertainty","1b","1b","1b","1b","1b","E: Conc. Uncertainty","1b","1b","1b","1b","1b","1b","1b","1b"
"2025-11-02 09:00:00","PM10",0,0,0,75.0615,986.5989,47.8504,30.1327,NA,0,NA,0,35.2754884,0,NA,1.216585267,2.410144485,0,0,NA,0,1.658058608,NA,NA,0,0,NA,NA,0,0,0,0,0,NA,0,0,0,0,0,0,0,"1b","1b","1b","1b","1b","1b","1b","E: Conc. Uncertainty","1b","E: Conc. Uncertainty","1b","1b","1b","E: Conc. Uncertainty","1b","1b","1b","1b","E: Conc. Uncertainty","1b","1b","E: Conc. Uncertainty","E: Conc. Uncertainty","1b","1b","E: Conc. Uncertainty","E: Conc. Uncertainty","1b","1b","1b","1b","1b","E: Conc. Uncertainty","1b","1b","1b","1b","1b","1b","1b"
"2025-11-02 10:00:00","PM2.5",0,0,0,68.3874,647.9243,27.4829,15.2947,NA,0,NA,0,21.33897494,0,0,NA,1.473508518,0,0,0,0,0.988011154,NA,NA,0,0,0,0,0,0,0,NA,0,0,0,0,0,0,0.001496061,0,0,"1b","1b","1b","1b","1b","1b","1b","E: Conc. Uncertainty","1b","E: Conc. Uncertainty","1b","1b","1b","1b","E: Conc. Uncertainty","1b","1b","1b","1b","1b","1b","E: Conc. Uncertainty","E: Conc. Uncertainty","1b","1b","1b","1b","1b","1b","1b","E: Conc. Uncertainty","1b","1b","1b","1b","1b","1b","1b","1b","1b"
"2025-11-02 11:00:00","PM10",0,0,NA,138.0006,2391.9117,70.1197,57.413,NA,0,NA,0,55.41170604,0,NA,4.577505928,1.194113397,0,0,NA,NA,4.961203782,NA,NA,0,0,0,NA,0,0,0,0,0,NA,0,0,0,0,0,0,0,"1b","1b","E: Conc. Uncertainty","1b","1b","1b","1b","E: Conc. Uncertainty","1b","E: Conc. Uncertainty","1b","1b","1b","E: Conc. Uncertainty","1b","1b","1b","1b","E: Conc. Uncertainty","E: Conc. Uncertainty","1b","E: Conc. Uncertainty","E: Conc. Uncertainty","1b","1b","1b","E: Conc. Uncertainty","1b","1b","1b","1b","1b","E: Conc. Uncertainty","1b","1b","1b","1b","1b","1b","1b"
"2025-11-02 12:00:00","PM2.5",0,0,0,88.7018,938.6826,33.3855,20.9459,0,0,NA,0,16.49680841,0,0,2.447178474,NA,0,0,NA,0,1.581642522,0,NA,0,0,0,0,0,NA,0,0,0,0,0,0,0,0,0,0,0,"1b","1b","1b","1b","1b","1b","1b","1b","1b","E: Conc. Uncertainty","1b","1b","1b","1b","1b","E: Conc. Uncertainty","1b","1b","E: Conc. Uncertainty","1b","1b","1b","E: Conc. Uncertainty","1b","1b","1b","1b","1b","E: Conc. Uncertainty","1b","1b","1b","1b","1b","1b","1b","1b","1b","1b","1b"
"2025-11-02 13:00:00","PM10",0,0,0,139.1916,2586.7866,65.4615,62.8345,NA,0,NA,0,83.49325424,0,NA,6.514681942,1.851745961,0,0,NA,0,5.381628749,NA,NA,NA,0,0,NA,0,0,0,NA,0,NA,0,0,0,0,0,0,0,"1b","1b","1b","1b","1b","1b","1b","E: Conc. Uncertainty","1b","E: Conc. Uncertainty","1b","1b","1b","E: Conc. Uncertainty","1b","1b","1b","1b","E: Conc. Uncertainty","1b","1b","E: Conc. Uncertainty","E: Conc. Uncertainty","E: Conc. Uncertainty","1b","1b","E: Conc. Uncertainty","1b","1b","1b","E: Conc. Uncertainty","1b","E: Conc. Uncertainty","1b","1b","1b","1b","1b","1b","1b"
"2025-11-02 14:00:00","PM2.5",0,0,0,82.9045,939.7789,29.3319,19.844,0,0,NA,0,26.48209667,0,0,1.083253559,2.370674379,0,0,NA,0,1.169572479,NA,NA,0,0,0,0,0,0,0,0,NA,0,NA,0,0,0,0,0,0,"1b","1b","1b","1b","1b","1b","1b","1b","1b","E: Conc. Uncertainty","1b","1b","1b","1b","1b","1b","1b","1b","E: Conc. Uncertainty","1b","1b","E: Conc. Uncertainty","E: Conc. Uncertainty","1b","1b","1b","1b","1b","1b","1b","1b","E: Conc. Uncertainty","1b","E: Conc. Uncertainty","1b","1b","1b","1b","1b","1b"
"2025-11-02 15:00:00","PM10",NA,0,NA,146.2469,2505.8872,68.0173,68.8858,NA,0,NA,0,147.7957055,0,0,9.255510736,3.843601027,0,0,NA,0,4.647007293,NA,0,0,0,0,0,0,0,0,NA,NA,NA,0,0,0,0,0,0,0,"E: Conc. Uncertainty","1b","E: Conc. Uncertainty","1b","1b","1b","1b","E: Conc. Uncertainty","1b","E: Conc. Uncertainty","1b","1b","1b","1b","1b","1b","1b","1b","E: Conc. Uncertainty","1b","1b","E: Conc. Uncertainty","1b","1b","1b","1b","1b","1b","1b","1b","E: Conc. Uncertainty","E: Conc. Uncertainty","E: Conc. Uncertainty","1b","1b","1b","1b","1b","1b","1b"
"2025-11-02 16:00:00","PM2.5",0,0,0,81.2301,937.5742,45.2609,32.4465,1.1029,0,1.4212,0,137.1264754,0,0,3.763369963,10.16382784,0,0,1.197313797,0,0.992836793,0,0,0,0,NA,0,0,0,0,0,NA,0,0,0,0,0,0,0,0,"1b","1b","1b","1b","1b","1b","1b","1b","1b","1b","1b","1b","1b","1b","1b","1b","1b","1b","1b","1b","1b","1b","1b","1b","1b","E: Conc. Uncertainty","1b","1b","1b","1b","1b","E: Conc. Uncertainty","1b","1b","1b","1b","1b","1b","1b","1b"
"2025-11-02 17:00:00","PM10",0,NA,0,171.4617,2253.8107,200.3945,170.9621,5.5239,0,1.2811,NA,395.3350786,0,0.007537868,27.09307229,11.94816188,0,0,2.366014403,0,3.800603029,1.390013344,NA,NA,0,0,0,0,0,NA,0,NA,13.7898,0,0,0,0,0,NA,0,"1b","E: Conc. Uncertainty","1b","1b","1b","1b","1b","1b","1b","1b","E: Conc. Uncertainty","1b","1b","1b","1b","1b","1b","1b","1b","1b","1b","1b","E: Conc. Uncertainty","E: Conc. Uncertainty","1b","1b","1b","1b","1b","E: Conc. Uncertainty","1b","E: Conc. Uncertainty","1b","1b","1b","1b","1b","1b","E: Conc. Uncertainty","1b"
"2025-11-02 18:00:00","PM2.5",0,0,NA,209.6893,846.0223,614.5617,33.7865,2.3205,0,1.1201,NA,139.9479766,0,NA,19.10483075,12.01046577,0,0,2.097673708,0,1.126770171,8.327126495,NA,0,0,0,NA,0,0,NA,NA,NA,20.891,0,0,0,0,0,0,3.432191397,"1b","1b","E: Conc. Uncertainty","1b","1b","1b","1b","1b","1b","1b","E: Conc. Uncertainty","1b","1b","E: Conc. Uncertainty","1b","1b","1b","1b","1b","1b","1b","1b","E: Conc. Uncertainty","1b","1b","1b","E: Conc. Uncertainty","1b","1b","E: Conc. Uncertainty","E: Conc. Uncertainty","E: Conc. Uncertainty","1b","1b","1b","1b","1b","1b","1b","1b"
"2025-11-02 19:00:00","PM10",0,0,0,259.4321,2942.4886,555.1305,80.5113,5.3079,0,1.3204,NA,176.3593513,0,0,19.36332169,14.50658169,0,0,3.13003553,0,5.254655034,8.827654311,NA,0,0,NA,0,0,0,NA,NA,NA,19.4711,0,0,0,0,0,0,4.728781292,"1b","1b","1b","1b","1b","1b","1b","1b","1b","1b","E: Conc. Uncertainty","1b","1b","1b","1b","1b","1b","1b","1b","1b","1b","1b","E: Conc. Uncertainty","1b","1b","E: Conc. Uncertainty","1b","1b","1b","E: Conc. Uncertainty","E: Conc. Uncertainty","E: Conc. Uncertainty","1b","1b","1b","1b","1b","1b","1b","1b"
"2025-11-02 20:00:00","PM2.5",0,0,0,133.2426,975.5692,271.5521,21.3142,1.564,0,NA,0,66.32846894,0,0,6.339001679,6.144527553,0,0,1.186678879,0,1.021828728,2.509886531,0,0,0,0,0,0,0,0,0,NA,5.6051,0,0,0,0,0,0,NA,"1b","1b","1b","1b","1b","1b","1b","1b","1b","E: Conc. Uncertainty","1b","1b","1b","1b","1b","1b","1b","1b","1b","1b","1b","1b","1b","1b","1b","1b","1b","1b","1b","1b","1b","E: Conc. Uncertainty","1b","1b","1b","1b","1b","1b","1b","E: Conc. Uncertainty"
"2025-11-02 21:00:00","PM10",0,0,0,280.0987,4339.8862,214.5453,108.6215,NA,0,NA,0,154.0435044,0,0,6.084900761,5.805391203,0,0,1.343971812,0,5.630945956,2.246137866,NA,0,0,0,0,0,0,0,0,0,2.7739,0,0,0,0,0,3.764982637,0,"1b","1b","1b","1b","1b","1b","1b","E: Conc. Uncertainty","1b","E: Conc. Uncertainty","1b","1b","1b","1b","1b","1b","1b","1b","1b","1b","1b","1b","E: Conc. Uncertainty","1b","1b","1b","1b","1b","1b","1b","1b","1b","1b","1b","1b","1b","1b","1b","1b","1b"
"2025-11-02 22:00:00","PM2.5",0,0,NA,130.5408,1086.5379,222.6987,25.0088,0,0,0.6895,0,26.80668884,0,NA,3.587867322,12.69407911,0,0,2.398645144,0,2.155452483,1.785094545,NA,0,0,0,0,0,0,NA,0,NA,NA,0,0,0,0,0,0,0,"1b","1b","E: Conc. Uncertainty","1b","1b","1b","1b","1b","1b","1b","1b","1b","1b","E: Conc. Uncertainty","1b","1b","1b","1b","1b","1b","1b","1b","E: Conc. Uncertainty","1b","1b","1b","1b","1b","1b","E: Conc. Uncertainty","1b","E: Conc. Uncertainty","E: Conc. Uncertainty","1b","1b","1b","1b","1b","1b","1b"
"2025-11-02 23:00:00","PM10",0,0,0,294.7505,3864.2835,392.4729,104.6899,4.7065,0,1.4982,0,68.96048988,0,NA,6.959156249,16.19820214,0,0,2.896465366,NA,7.700533453,5.670368938,0,0,0,NA,0,NA,0,0,NA,NA,8.3542,0,0,0,0,0,3.168455023,NA,"1b","1b","1b","1b","1b","1b","1b","1b","1b","1b","1b","1b","1b","E: Conc. Uncertainty","1b","1b","1b","1b","1b","E: Conc. Uncertainty","1b","1b","1b","1b","1b","E: Conc. Uncertainty","1b","E: Conc. Uncertainty","1b","1b","E: Conc. Uncertainty","E: Conc. Uncertainty","1b","1b","1b","1b","1b","1b","1b","E: Conc. Uncertainty"
"2025-11-03 00:30:00","PM2.5",0,0,0,170.7725,1051.2792,155.1161,22.4659,0,0,NA,0,11.27355132,0,NA,NA,14.52013659,0,0,2.063762417,NA,2.690666391,0,0,0,0,0,0,NA,NA,0,NA,NA,NA,0,0,0,0,0,0,0,"1b","1b","1b","1b","1b","1b","1b","1b","1b","E: Conc. Uncertainty","1b","1b","1b","E: Conc. Uncertainty","E: Conc. Uncertainty","1b","1b","1b","1b","E: Conc. Uncertainty","1b","1b","1b","1b","1b","1b","1b","E: Conc. Uncertainty","E: Conc. Uncertainty","1b","E: Conc. Uncertainty","E: Conc. Uncertainty","E: Conc. Uncertainty","1b","1b","1b","1b","1b","1b","1b"
"2025-11-03 01:00:00","PM10",0,0,0,240.6652,3056.5298,137.3954,79.8795,0,0,NA,0,18.97388989,0,0,1.347033773,10.89088433,0,0,1.914351922,0,5.673598195,1.509477493,0,0,0,0,NA,0,0,NA,0,0,0.0195,0,0,0,0,0,0,0,"1b","1b","1b","1b","1b","1b","1b","1b","1b","E: Conc. Uncertainty","1b","1b","1b","1b","1b","1b","1b","1b","1b","1b","1b","1b","1b","1b","1b","1b","E: Conc. Uncertainty","1b","1b","E: Conc. Uncertainty","1b","1b","1b","1b","1b","1b","1b","1b","1b","1b"
"2025-11-03 02:00:00","PM2.5",0,0,0,156.0711,1019.3722,90.0203,24.1021,0,0,NA,0,4.760512106,0,0,1.008796103,6.902307325,0,0,0.972350746,0,3.981960362,NA,NA,0,0,NA,0,0,0,NA,NA,NA,0,0,NA,0,0,0,0,0,"1b","1b","1b","1b","1b","1b","1b","1b","1b","E: Conc. Uncertainty","1b","1b","1b","1b","1b","1b","1b","1b","1b","1b","1b","E: Conc. Uncertainty","E: Conc. Uncertainty","1b","1b","E: Conc. Uncertainty","1b","1b","1b","E: Conc. Uncertainty","E: Conc. Uncertainty","E: Conc. Uncertainty","1b","1b","E: Conc. Uncertainty","1b","1b","1b","1b","1b"
"2025-11-03 03:00:00","PM10",0,0,0,306.9185,4390.0516,138.2769,107.3517,NA,0,0.8956,0,11.61643529,0,NA,0.865180187,3.678225167,0,0,0.693093356,NA,9.335311693,1.670867294,0,0,0,NA,0,NA,0,0,NA,NA,NA,0,0,0,0,0,0,0,"1b","1b","1b","1b","1b","1b","1b","E: Conc. Uncertainty","1b","1b","1b","1b","1b","E: Conc. Uncertainty","1b","1b","1b","1b","1b","E: Conc. Uncertainty","1b","1b","1b","1b","1b","E: Conc. Uncertainty","1b","E: Conc. Uncertainty","1b","1b","E: Conc. Uncertainty","E: Conc. Uncertainty","E: Conc. Uncertainty","1b","1b","1b","1b","1b","1b","1b"
"2025-11-03 04:00:00","PM2.5",0,0,0,137.0375,991.3423,33.902,23.2551,0,0,NA,0,3.293454276,NA,NA,NA,0.880281475,0,0,NA,NA,3.338990634,NA,NA,0,0,NA,NA,0,0,0,NA,0,0,0,0,NA,0,0,0,0,"1b","1b","1b","1b","1b","1b","1b","1b","1b","E: Conc. Uncertainty","1b","1b","E: Conc. Uncertainty","E: Conc. Uncertainty","E: Conc. Uncertainty","1b","1b","1b","E: Conc. Uncertainty","E: Conc. Uncertainty","1b","E: Conc. Uncertainty","E: Conc. Uncertainty","1b","1b","E: Conc. Uncertainty","E: Conc. Uncertainty","1b","1b","1b","E: Conc. Uncertainty","1b","1b","1b","1b","E: Conc. Uncertainty","1b","1b","1b","1b"
"2025-11-03 05:00:00","PM10",0,0,0,217.7932,2710.7932,80.1388,74.3767,NA,0,NA,0,24.47160599,0,NA,0.717260179,2.40270361,0,0,NA,0,4.679025154,NA,0,0,0,0,0,0,0,0,NA,0,0,0,0,0,0,0,0,0,"1b","1b","1b","1b","1b","1b","1b","E: Conc. Uncertainty","1b","E: Conc. Uncertainty","1b","1b","1b","E: Conc. Uncertainty","1b","1b","1b","1b","E: Conc. Uncertainty","1b","1b","E: Conc. Uncertainty","1b","1b","1b","1b","1b","1b","1b","1b","E: Conc. Uncertainty","1b","1b","1b","1b","1b","1b","1b","1b","1b"
"2025-11-03 06:00:00","PM2.5",0,0,0,135.9492,844.2009,28.4299,20.6966,0,0,NA,0,6.598881566,0,0,NA,1.644831064,0,0,NA,NA,2.575015534,0,NA,0,0,NA,0,0,0,NA,0,0,0,0,0,0,0,0,0,0,"1b","1b","1b","1b","1b","1b","1b","1b","1b","E: Conc. Uncertainty","1b","1b","1b","1b","E: Conc. Uncertainty","1b","1b","1b","E: Conc. Uncertainty","E: Conc. Uncertainty","1b","1b","E: Conc. Uncertainty","1b","1b","E: Conc. Uncertainty","1b","1b","1b","E: Conc. Uncertainty","1b","1b","1b","1b","1b","1b","1b","1b","1b","1b"
"2025-11-03 07:00:00","PM10",0,0,0,306.3595,3802.3142,103.0271,99.128,1.3264,0,NA,0,54.53483636,0,0,1.370817295,2.824535142,0,0,NA,0.005967292,5.145180343,1.700057025,0,0,0,0,0,0,0,0,NA,0,0,0,0,0,0,0,0,0,"1b","1b","1b","1b","1b","1b","1b","1b","1b","E: Conc. Uncertainty","1b","1b","1b","1b","1b","1b","1b","1b","E: Conc. Uncertainty","1b","1b","1b","1b","1b","1b","1b","1b","1b","1b","1b","E: Conc. Uncertainty","1b","1b","1b","1b","1b","1b","1b","1b","1b"
"2025-11-03 08:00:00","PM2.5",0,0,0,148.1037,931.1995,34.7008,23.9731,NA,0,NA,0,25.86109359,0,0,NA,1.480118435,0,0,NA,0,1.454945972,NA,0,0,0,8.9621,0,0,0,0,0,NA,NA,0,0,0,0,0,0,0,"1b","1b","1b","1b","1b","1b","1b","E: Conc. Uncertainty","1b","E: Conc. Uncertainty","1b","1b","1b","1b","E: Conc. Uncertainty","1b","1b","1b","E: Conc. Uncertainty","1b","1b","E: Conc. Uncertainty","1b","1b","1b","1b","1b","1b","1b","1b","1b","E: Conc. Uncertainty","E: Conc. Uncertainty","1b","1b","1b","1b","1b","1b","1b"
"2025-11-03 09:00:00","PM10",0,0,NA,152.5057,1784.3964,60.2927,64.5201,1.0664,0,0.8748,0,72.96794297,0,NA,1.216832994,3.543044807,0,0,0,0,2.702810591,NA,0,0,0,NA,0,0,0,0,NA,0,0,0,0,0,0,0,0,0,"1b","1b","E: Conc. Uncertainty","1b","1b","1b","1b","1b","1b","1b","1b","1b","1b","E: Conc. Uncertainty","1b","1b","1b","1b","1b","1b","1b","E: Conc. Uncertainty","1b","1b","1b","E: Conc. Uncertainty","1b","1b","1b","1b","E: Conc. Uncertainty","1b","1b","1b","1b","1b","1b","1b","1b","1b"
"2025-11-03 10:00:00","PM2.5",0,0,0,132.6264,973.3084,37.9324,28.7202,NA,0,NA,0,27.6976453,0,NA,0.924014293,5.888546152,0,0,NA,NA,1.63688931,NA,0,0,0,0,0,0,NA,0,NA,0,0,0,0,0,0,0,0,0,"1b","1b","1b","1b","1b","1b","1b","E: Conc. Uncertainty","1b","E: Conc. Uncertainty","1b","1b","1b","E: Conc. Uncertainty","1b","1b","1b","1b","E: Conc. Uncertainty","E: Conc. Uncertainty","1b","E: Conc. Uncertainty","1b","1b","1b","1b","1b","1b","E: Conc. Uncertainty","1b","E: Conc. Uncertainty","1b","1b","1b","1b","1b","1b","1b","1b","1b"
"2025-11-03 11:00:00","PM10",0,0,0,168.9324,2173.0295,69.0469,97.9722,NA,0,0.9509,0,66.72204915,0,0,0.992456173,6.592602773,0,0,NA,0,3.174882414,NA,0,NA,0,0,0,0,0,0,NA,NA,0,0,0,0,0,0,0,0,"1b","1b","1b","1b","1b","1b","1b","E: Conc. Uncertainty","1b","1b","1b","1b","1b","1b","1b","1b","1b","1b","E: Conc. Uncertainty","1b","1b","E: Conc. Uncertainty","1b","E: Conc. Uncertainty","1b","1b","1b","1b","1b","1b","E: Conc. Uncertainty","E: Conc. Uncertainty","1b","1b","1b","1b","1b","1b","1b","1b"
"2025-11-03 12:00:00","PM2.5",0,0,0,82.5612,478.0925,19.877,26.2063,NA,0,NA,0,15.55234551,0,NA,NA,2.924789245,0,0,NA,0,1.022016128,NA,NA,0,0,0,0,0,0,0,NA,0,0,0,0,0,0,0,0,0,"1b","1b","1b","1b","1b","1b","1b","E: Conc. Uncertainty","1b","E: Conc. Uncertainty","1b","1b","1b","E: Conc. Uncertainty","E: Conc. Uncertainty","1b","1b","1b","E: Conc. Uncertainty","1b","1b","E: Conc. Uncertainty","E: Conc. Uncertainty","1b","1b","1b","1b","1b","1b","1b","E: Conc. Uncertainty","1b","1b","1b","1b","1b","1b","1b","1b","1b"
"2025-11-03 13:00:00","PM10",0,0,0,127.8429,1484.781,55.5202,75.3717,NA,0,NA,0,69.41653104,0,0,1.07235129,8.170019937,0,0,NA,0,2.163316787,NA,NA,0,0,0,0,0,0,0,0,NA,0,0,0,0,0,0,0,0,"1b","1b","1b","1b","1b","1b","1b","E: Conc. Uncertainty","1b","E: Conc. Uncertainty","1b","1b","1b","1b","1b","1b","1b","1b","E: Conc. Uncertainty","1b","1b","E: Conc. Uncertainty","E: Conc. Uncertainty","1b","1b","1b","1b","1b","1b","1b","1b","E: Conc. Uncertainty","1b","1b","1b","1b","1b","1b","1b","1b"
"2025-11-03 14:00:00","PM2.5",0,0,0,126.7462,856.7701,39.7762,29.7972,NA,0,NA,0,23.68027024,0,0,NA,5.925032813,0,0,1.331166122,0,1.956187744,0,0.000600307,0,0,0,0,0,0,NA,0,0,0,0,0,0,0,0,0,0,"1b","1b","1b","1b","1b","1b","1b","E: Conc. Uncertainty","1b","E: Conc. Uncertainty","1b","1b","1b","1b","E: Conc. Uncertainty","1b","1b","1b","1b","1b","1b","1b","1b","1b","1b","1b","1b","1b","1b","E: Conc. Uncertainty","1b","1b","1b","1b","1b","1b","1b","1b","1b","1b"
"2025-11-03 15:00:00","PM10",0,0,0,199.8057,2402.875,80.8115,103.5199,1.3499,0,NA,0,63.7719036,0,0.009294285,1.790705715,4.453782794,0,0,0.766839536,0,4.281655481,NA,NA,0,0,0,0,0,0,0,NA,NA,0,0,0,0,0,0,0,0,"1b","1b","1b","1b","1b","1b","1b","1b","1b","E: Conc. Uncertainty","1b","1b","1b","1b","1b","1b","1b","1b","1b","1b","1b","E: Conc. Uncertainty","E: Conc. Uncertainty","1b","1b","1b","1b","1b","1b","1b","E: Conc. Uncertainty","E: Conc. Uncertainty","1b","1b","1b","1b","1b","1b","1b","1b"
"2025-11-03 16:00:00","PM2.5",0,0,0,110.4157,738.7415,35.0347,26.579,0,0,NA,0,20.78255961,0,0,NA,2.456912686,0,0,NA,0,2.541144519,NA,NA,0,0,0,0,0,0,NA,NA,NA,0,0,0,0,0,0,0,0,"1b","1b","1b","1b","1b","1b","1b","1b","1b","E: Conc. Uncertainty","1b","1b","1b","1b","E: Conc. Uncertainty","1b","1b","1b","E: Conc. Uncertainty","1b","1b","E: Conc. Uncertainty","E: Conc. Uncertainty","1b","1b","1b","1b","1b","1b","E: Conc. Uncertainty","E: Conc. Uncertainty","E: Conc. Uncertainty","1b","1b","1b","1b","1b","1b","1b","1b"
"2025-11-03 17:00:00","PM10",0,0,0,181.928,2246.4487,88.5963,77.9883,NA,0,1.0828,0,54.87215718,0,NA,1.615341545,3.44246157,0,0.000366487,NA,NA,3.986613051,NA,0,0,0,0,NA,0,0,NA,NA,NA,0,0,0,0,0,0,0,0,"1b","1b","1b","1b","1b","1b","1b","E: Conc. Uncertainty","1b","1b","1b","1b","1b","E: Conc. Uncertainty","1b","1b","1b","1b","E: Conc. Uncertainty","E: Conc. Uncertainty","1b","E: Conc. Uncertainty","1b","1b","1b","1b","E: Conc. Uncertainty","1b","1b","E: Conc. Uncertainty","E: Conc. Uncertainty","E: Conc. Uncertainty","1b","1b","1b","1b","1b","1b","1b","1b"
"2025-11-03 18:00:00","PM2.5",0,0,0,118.3009,726.9379,68.6318,21.6746,NA,NA,NA,0,13.9495044,0,NA,1.738768871,1.567813755,0,0,NA,NA,1.811569156,NA,NA,0,0,0,0,0,0,0,0,0,NA,0,0,0,0,0,0,0,"1b","1b","1b","1b","1b","1b","1b","E: Conc. Uncertainty","E: Conc. Uncertainty","E: Conc. Uncertainty","1b","1b","1b","E: Conc. Uncertainty","1b","1b","1b","1b","E: Conc. Uncertainty","E: Conc. Uncertainty","1b","E: Conc. Uncertainty","E: Conc. Uncertainty","1b","1b","1b","1b","1b","1b","1b","1b","1b","E: Conc. Uncertainty","1b","1b","1b","1b","1b","1b","1b"
"2025-11-03 19:00:00","PM10",0,0,0,253.6098,3397.0812,108.5676,117.1286,0,0,NA,0,53.51848306,0,NA,3.297887941,7.415548178,0,0,1.137049634,NA,4.369834416,NA,NA,0,0,0,0,0,0,0,NA,0,NA,0,0,0,0,0,0,0,"1b","1b","1b","1b","1b","1b","1b","1b","1b","E: Conc. Uncertainty","1b","1b","1b","E: Conc. Uncertainty","1b","1b","1b","1b","1b","E: Conc. Uncertainty","1b","E: Conc. Uncertainty","E: Conc. Uncertainty","1b","1b","1b","1b","1b","1b","1b","E: Conc. Uncertainty","1b","E: Conc. Uncertainty","1b","1b","1b","1b","1b","1b","1b"
"2025-11-03 20:00:00","PM2.5",0,0,0,153.0759,763.6319,42.9125,29.2172,0,0,0.813,0,17.00881865,0,0,NA,6.239783709,0,0,1.07297278,0,2.91737355,NA,NA,0,0,9.1357,0,NA,0,0,0,0,0,0,0,0,0,0,0,0,"1b","1b","1b","1b","1b","1b","1b","1b","1b","1b","1b","1b","1b","1b","E: Conc. Uncertainty","1b","1b","1b","1b","1b","1b","E: Conc. Uncertainty","E: Conc. Uncertainty","1b","1b","1b","1b","E: Conc. Uncertainty","1b","1b","1b","1b","1b","1b","1b","1b","1b","1b","1b","1b"
"2025-11-03 21:00:00","PM10",0,0,0,235.7847,2284.1322,93.2426,106.8889,3.2077,0,1.2399,0,52.67328988,0,0,1.020154361,4.034268515,0,0,NA,NA,5.218779553,1.698406565,NA,0,0,0,0,0,0,0,NA,0,0,0,NA,0,0,0,0,0,"1b","1b","1b","1b","1b","1b","1b","1b","1b","1b","1b","1b","1b","1b","1b","1b","1b","1b","E: Conc. Uncertainty","E: Conc. Uncertainty","1b","1b","E: Conc. Uncertainty","1b","1b","1b","1b","1b","1b","1b","E: Conc. Uncertainty","1b","1b","1b","E: Conc. Uncertainty","1b","1b","1b","1b","1b"
"2025-11-03 22:00:00","PM2.5",0,0,0,149.407,745.5501,38.8857,29.4781,0,0,NA,0,14.76845692,0,0,NA,1.156413386,0,0,NA,0,2.159129285,NA,NA,0,0,0,0,0,0,0,NA,0,0,0,0,0.008696979,0,0,0,0,"1b","1b","1b","1b","1b","1b","1b","1b","1b","E: Conc. Uncertainty","1b","1b","1b","1b","E: Conc. Uncertainty","1b","1b","1b","E: Conc. Uncertainty","1b","1b","E: Conc. Uncertainty","E: Conc. Uncertainty","1b","1b","1b","1b","1b","1b","1b","E: Conc. Uncertainty","1b","1b","1b","1b","1b","1b","1b","1b","1b"
"2025-11-03 23:00:00","PM10",NA,0,0,238.9707,2492.6197,79.2664,82.6179,NA,NA,NA,0,27.00113033,0,0,NA,NA,0,0,NA,NA,2.698465392,NA,0,0,0,NA,0,NA,NA,NA,0,NA,0,0,0,NA,0,0,0,0,"E: Conc. Uncertainty","1b","1b","1b","1b","1b","1b","E: Conc. Uncertainty","E: Conc. Uncertainty","E: Conc. Uncertainty","1b","1b","1b","1b","E: Conc. Uncertainty","E: Conc. Uncertainty","1b","1b","E: Conc. Uncertainty","E: Conc. Uncertainty","1b","E: Conc. Uncertainty","1b","1b","1b","E: Conc. Uncertainty","1b","E: Conc. Uncertainty","E: Conc. Uncertainty","E: Conc. Uncertainty","1b","E: Conc. Uncertainty","1b","1b","1b","E: Conc. Uncertainty","1b","1b","1b","1b"
"2025-11-04 00:30:00","PM2.5",0,0,0,159.0247,1029.082,36.8076,29.8476,0,0,NA,0,8.192323583,0,0,NA,0,0,0,0,0,1.659333168,NA,NA,0,0,0,NA,0,0,0,NA,NA,0,0,0,0,0,0,0,0,"1b","1b","1b","1b","1b","1b","1b","1b","1b","E: Conc. Uncertainty","1b","1b","1b","1b","E: Conc. Uncertainty","1b","1b","1b","1b","1b","1b","E: Conc. Uncertainty","E: Conc. Uncertainty","1b","1b","1b","E: Conc. Uncertainty","1b","1b","1b","E: Conc. Uncertainty","E: Conc. Uncertainty","1b","1b","1b","1b","1b","1b","1b","1b"
"2025-11-04 01:00:00","PM10",0,0,0,282.8534,3216.7853,94.4857,93.0504,NA,0,0.7708,0,12.31742867,0,0,NA,NA,0.003132787,0.008320195,0,0.006753802,3.182230585,NA,0,0,0,0,0,0,0,0,0,0,0,0,0,0,0,0,0,0,"1b","1b","1b","1b","1b","1b","1b","E: Conc. Uncertainty","1b","1b","1b","1b","1b","1b","E: Conc. Uncertainty","E: Conc. Uncertainty","1b","1b","1b","1b","1b","E: Conc. Uncertainty","1b","1b","1b","1b","1b","1b","1b","1b","1b","1b","1b","1b","1b","1b","1b","1b","1b","1b"
"2025-11-04 02:00:00","PM2.5",0,0,0,201.3402,1191.4484,39.1817,38.8334,0,NA,NA,0,11.46785776,0,NA,NA,NA,0,0,0,NA,1.531174559,0,0,0,0,0,NA,0,0,NA,0.1444,NA,0,0,0,0,0,0,0,0,"1b","1b","1b","1b","1b","1b","1b","1b","E: Conc. Uncertainty","E: Conc. Uncertainty","1b","1b","1b","E: Conc. Uncertainty","E: Conc. Uncertainty","E: Conc. Uncertainty","1b","1b","1b","E: Conc. Uncertainty","1b","1b","1b","1b","1b","1b","E: Conc. Uncertainty","1b","1b","E: Conc. Uncertainty","1b","E: Conc. Uncertainty","1b","1b","1b","1b","1b","1b","1b","1b"
"2025-11-04 03:00:00","PM10",0,0,0,382.4616,4369.4722,119.2304,121.7486,NA,0,0.7268,0,19.67863178,0,0,0.868563575,NA,0,0,0,0,3.372177543,1.374488445,NA,0,0,0,0,0,0,0,0,0,0,0,0,0,0,0,0,0,"1b","1b","1b","1b","1b","1b","1b","E: Conc. Uncertainty","1b","1b","1b","1b","1b","1b","1b","E: Conc. Uncertainty","1b","1b","1b","1b","1b","1b","E: Conc. Uncertainty","1b","1b","1b","1b","1b","1b","1b","1b","1b","1b","1b","1b","1b","1b","1b","1b","1b"
"2025-11-04 04:00:00","PM2.5",0,0,0,205.3253,1455.6541,51.7823,41.4897,0,NA,NA,0,4.964065155,0,0,0,0,0,0,NA,NA,2.43141145,NA,NA,0,0,0,0,0,0,0,0,NA,0,0,0,0,0,0,0,0,"1b","1b","1b","1b","1b","1b","1b","1b","E: Conc. Uncertainty","E: Conc. Uncertainty","1b","1b","1b","1b","1b","1b","1b","1b","E: Conc. Uncertainty","E: Conc. Uncertainty","1b","E: Conc. Uncertainty","E: Conc. Uncertainty","1b","1b","1b","1b","1b","1b","1b","1b","E: Conc. Uncertainty","1b","1b","1b","1b","1b","1b","1b","1b"
"2025-11-04 05:00:00","PM10",0,0,0,348.9657,3907.239,107.2754,105.2035,NA,0,NA,0,18.2322716,0,NA,NA,NA,0,0,0,NA,3.93744654,2.718545069,NA,0,0,0,NA,NA,0,0,0,0,0,0,0,0,0,0,0,0,"1b","1b","1b","1b","1b","1b","1b","E: Conc. Uncertainty","1b","E: Conc. Uncertainty","1b","1b","1b","E: Conc. Uncertainty","E: Conc. Uncertainty","E: Conc. Uncertainty","1b","1b","1b","E: Conc. Uncertainty","1b","1b","E: Conc. Uncertainty","1b","1b","1b","E: Conc. Uncertainty","E: Conc. Uncertainty","1b","1b","1b","1b","1b","1b","1b","1b","1b","1b","1b","1b"
"2025-11-04 06:00:00","PM2.5",0,0,0,191.573,1109.9204,38.9549,41.7995,0,0,0.8454,0,19.10894565,0,0,NA,1.147720334,0,0,NA,0,2.147262365,0,0,0,0,0,0,0,0,0,NA,0,0,0,0.0186,0,0,0,0,0,"1b","1b","1b","1b","1b","1b","1b","1b","1b","1b","1b","1b","1b","1b","E: Conc. Uncertainty","1b","1b","1b","E: Conc. Uncertainty","1b","1b","1b","1b","1b","1b","1b","1b","1b","1b","1b","E: Conc. Uncertainty","1b","1b","1b","1b","1b","1b","1b","1b","1b"
"2025-11-04 07:00:00","PM10",0,0,0,299.6518,2655.7837,92.786,84.2766,3.3087,0,NA,0,46.94838184,0,0,1.089700794,1.71562182,0,0,0,0,3.388540607,NA,NA,0,0,NA,0.0708,0,0,0,0,NA,0,0,0,0,0,0,0,0,"1b","1b","1b","1b","1b","1b","1b","1b","1b","E: Conc. Uncertainty","1b","1b","1b","1b","1b","1b","1b","1b","1b","1b","1b","E: Conc. Uncertainty","E: Conc. Uncertainty","1b","1b","E: Conc. Uncertainty","1b","1b","1b","1b","1b","E: Conc. Uncertainty","1b","1b","1b","1b","1b","1b","1b","1b"
"2025-11-04 08:00:00","PM2.5",0,0,0,193.7794,704.9751,37.296,31.4269,3.8053,0,NA,0,28.05457653,0,NA,1.221877416,1.039925115,0,0,0,0,1.76071385,NA,0,0,0,0,0,0,0,0,NA,NA,0,0,0,0,NA,0,0,0,"1b","1b","1b","1b","1b","1b","1b","1b","1b","E: Conc. Uncertainty","1b","1b","1b","E: Conc. Uncertainty","1b","1b","1b","1b","1b","1b","1b","E: Conc. Uncertainty","1b","1b","1b","1b","1b","1b","1b","1b","E: Conc. Uncertainty","E: Conc. Uncertainty","1b","1b","1b","1b","E: Conc. Uncertainty","1b","1b","1b"
"2025-11-04 09:00:00","PM10",0,1.2085,0,341.9264,2715.9303,107.0998,140.3895,3.219,0,NA,0,87.85257121,0,NA,1.610358047,2.663439734,0,0,NA,0,4.396272079,NA,0,0,0,0,0,0,0,0,0,0,0,0,0,0,0,0,0,0,"1b","1b","1b","1b","1b","1b","1b","1b","1b","E: Conc. Uncertainty","1b","1b","1b","E: Conc. Uncertainty","1b","1b","1b","1b","E: Conc. Uncertainty","1b","1b","E: Conc. Uncertainty","1b","1b","1b","1b","1b","1b","1b","1b","1b","1b","1b","1b","1b","1b","1b","1b","1b","1b"
"2025-11-04 10:00:00","PM2.5",NA,0,0,217.5701,870.5134,51.4966,56.2884,1.1042,NA,0.8657,0,47.88664314,0,NA,1.366680568,2.099522933,NA,0,NA,0,2.610920669,NA,NA,0,0,0,NA,NA,0,0,0,0,NA,0,0,0,0,0,0,0,"E: Conc. Uncertainty","1b","1b","1b","1b","1b","1b","1b","E: Conc. Uncertainty","1b","1b","1b","1b","E: Conc. Uncertainty","1b","1b","E: Conc. Uncertainty","1b","E: Conc. Uncertainty","1b","1b","E: Conc. Uncertainty","E: Conc. Uncertainty","1b","1b","1b","E: Conc. Uncertainty","E: Conc. Uncertainty","1b","1b","1b","1b","E: Conc. Uncertainty","1b","1b","1b","1b","1b","1b","1b"
"2025-11-04 11:00:00","PM10",0,0,0,395.0919,2402.1127,130.7942,152.1195,1.7534,NA,1.2861,0,104.5953978,0,NA,3.099249926,5.476200169,0,0,NA,0,5.817621136,NA,NA,0,0,0,0,NA,NA,0,NA,NA,0,0,0,0,0,0,0,0,"1b","1b","1b","1b","1b","1b","1b","1b","E: Conc. Uncertainty","1b","1b","1b","1b","E: Conc. Uncertainty","1b","1b","1b","1b","E: Conc. Uncertainty","1b","1b","E: Conc. Uncertainty","E: Conc. Uncertainty","1b","1b","1b","1b","E: Conc. Uncertainty","E: Conc. Uncertainty","1b","E: Conc. Uncertainty","E: Conc. Uncertainty","1b","1b","1b","1b","1b","1b","1b","1b"
"2025-11-04 12:00:00","PM2.5",0,0,0,377.4381,896.6486,83.9581,70.3211,1.5884,NA,0.7102,0,72.71992424,0,0,1.684996232,5.060212623,0,0,NA,NA,3.739516507,NA,NA,0,0,0,0,0,0,NA,0,0,0,0,0,0,0,0,0,0,"1b","1b","1b","1b","1b","1b","1b","1b","E: Conc. Uncertainty","1b","1b","1b","1b","1b","1b","1b","1b","1b","E: Conc. Uncertainty","E: Conc. Uncertainty","1b","E: Conc. Uncertainty","E: Conc. Uncertainty","1b","1b","1b","1b","1b","1b","E: Conc. Uncertainty","1b","1b","1b","1b","1b","1b","1b","1b","1b","1b"
"2025-11-04 13:00:00","PM10",0,0,0,461.7746,2720.8973,125.5443,159.2719,2.7867,0,0.7695,0,86.65761683,0,0.01018361,2.437773048,7.134250537,0,0,0.67679257,NA,5.94722853,NA,NA,0,0,0,0,0,0,0,0,NA,NA,0,NA,0,0,0,0,0,"1b","1b","1b","1b","1b","1b","1b","1b","1b","1b","1b","1b","1b","1b","1b","1b","1b","1b","1b","E: Conc. Uncertainty","1b","E: Conc. Uncertainty","E: Conc. Uncertainty","1b","1b","1b","1b","1b","1b","1b","1b","E: Conc. Uncertainty","E: Conc. Uncertainty","1b","E: Conc. Uncertainty","1b","1b","1b","1b","1b"
"2025-11-04 14:00:00","PM2.5",0,0,0,321.0198,658.8961,64.1606,39.2249,0,0,NA,0,31.22574741,0,NA,0.941275168,7.341356518,0,0,1.092007322,0.000305064,4.435682327,0,0,0,0,NA,0,0,0,NA,0,NA,NA,0,0,0,0,0,0,0,"1b","1b","1b","1b","1b","1b","1b","1b","1b","E: Conc. Uncertainty","1b","1b","1b","E: Conc. Uncertainty","1b","1b","1b","1b","1b","1b","1b","1b","1b","1b","1b","E: Conc. Uncertainty","1b","1b","1b","E: Conc. Uncertainty","1b","E: Conc. Uncertainty","E: Conc. Uncertainty","1b","1b","1b","1b","1b","1b","1b"
"2025-11-04 15:00:00","PM10",0,0,0,314.2475,1381.6659,111.4653,166.8381,1.9018,0,0.9021,NA,79.61641674,0,NA,1.805953435,9.37837095,0,0,1.117002107,NA,5.155127305,NA,0,0,0,0,0,0,0,0,0,NA,NA,0,0,0,0,0,0,0,"1b","1b","1b","1b","1b","1b","1b","1b","1b","1b","E: Conc. Uncertainty","1b","1b","E: Conc. Uncertainty","1b","1b","1b","1b","1b","E: Conc. Uncertainty","1b","E: Conc. Uncertainty","1b","1b","1b","1b","1b","1b","1b","1b","1b","E: Conc. Uncertainty","E: Conc. Uncertainty","1b","1b","1b","1b","1b","1b","1b"
"2025-11-04 16:00:00","PM2.5",0,0,0,233.3592,260.5155,61.7846,35.292,1.5729,0,0.7802,0,37.70827571,NA,0,2.01517247,17.51447079,0,0,1.994671331,NA,3.805951025,NA,NA,0,0,0,0,0,0,0,NA,0,0,0,0,0,0,0,3.830550358,0,"1b","1b","1b","1b","1b","1b","1b","1b","1b","1b","1b","1b","E: Conc. Uncertainty","1b","1b","1b","1b","1b","1b","E: Conc. Uncertainty","1b","E: Conc. Uncertainty","E: Conc. Uncertainty","1b","1b","1b","1b","1b","1b","1b","E: Conc. Uncertainty","1b","1b","1b","1b","1b","1b","1b","1b","1b"
"2025-11-04 17:00:00","PM10",0,0,0,259.0557,520.2537,117.5537,137.4846,1.4249,0,0.8794,0,59.10536642,0,NA,2.46798345,8.416199896,0,0,1.121844853,NA,3.768336197,NA,NA,0,0,NA,NA,0,0,0,NA,NA,NA,0,0,0,0,0,0,0,"1b","1b","1b","1b","1b","1b","1b","1b","1b","1b","1b","1b","1b","E: Conc. Uncertainty","1b","1b","1b","1b","1b","E: Conc. Uncertainty","1b","E: Conc. Uncertainty","E: Conc. Uncertainty","1b","1b","E: Conc. Uncertainty","E: Conc. Uncertainty","1b","1b","1b","E: Conc. Uncertainty","E: Conc. Uncertainty","E: Conc. Uncertainty","1b","1b","1b","1b","1b","1b","1b"
"2025-11-04 18:00:00","PM2.5",0,0,0,147.2989,67.6662,63.5692,15.4265,NA,NA,0.7144,0,23.68148684,0,NA,1.059019364,5.32697359,0,0,0.705442772,0,1.312435096,0,NA,0,0,0,0,0,0,0,0,NA,0,0,0,0,0,0,0,0,"1b","1b","1b","1b","1b","1b","1b","E: Conc. Uncertainty","E: Conc. Uncertainty","1b","1b","1b","1b","E: Conc. Uncertainty","1b","1b","1b","1b","1b","1b","1b","1b","E: Conc. Uncertainty","1b","1b","1b","1b","1b","1b","1b","1b","E: Conc. Uncertainty","1b","1b","1b","1b","1b","1b","1b","1b"
"2025-11-04 19:00:00","PM10",0,0,0,120.0005,165.1172,98.7156,24.1262,2.1966,0,0.7566,0,40.95515558,0,NA,2.2853976,3.207799471,0,0,NA,0,1.65144397,NA,NA,0,NA,0,0,NA,0,0,NA,NA,NA,0,0,0,0,0,0,0,"1b","1b","1b","1b","1b","1b","1b","1b","1b","1b","1b","1b","1b","E: Conc. Uncertainty","1b","1b","1b","1b","E: Conc. Uncertainty","1b","1b","E: Conc. Uncertainty","E: Conc. Uncertainty","1b","E: Conc. Uncertainty","1b","1b","E: Conc. Uncertainty","1b","1b","E: Conc. Uncertainty","E: Conc. Uncertainty","E: Conc. Uncertainty","1b","1b","1b","1b","1b","1b","1b"
"2025-11-04 20:00:00","PM2.5",NA,0,NA,89.7985,31.3546,38.7197,4.9436,NA,0,NA,0,15.69855495,0,0,NA,2.52493457,0,0.008157072,NA,0,1.502164017,NA,NA,0,0,0,0,0,0,NA,NA,0.0715,0,0,0,0,0,0,0,0,"E: Conc. Uncertainty","1b","E: Conc. Uncertainty","1b","1b","1b","1b","E: Conc. Uncertainty","1b","E: Conc. Uncertainty","1b","1b","1b","1b","E: Conc. Uncertainty","1b","1b","1b","E: Conc. Uncertainty","1b","1b","E: Conc. Uncertainty","E: Conc. Uncertainty","1b","1b","1b","1b","1b","1b","E: Conc. Uncertainty","E: Conc. Uncertainty","1b","1b","1b","1b","1b","1b","1b","1b","1b"
"2025-11-04 21:00:00","PM10",0,0,0,170.2832,427.1024,93.0602,38.882,NA,0,NA,0,34.54352915,0,NA,1.475105846,3.322921755,0,0,NA,0,2.677546409,NA,0,0,0,0,0,0,0,0,0,0,NA,0,0,0,0,0,0,0,"1b","1b","1b","1b","1b","1b","1b","E: Conc. Uncertainty","1b","E: Conc. Uncertainty","1b","1b","1b","E: Conc. Uncertainty","1b","1b","1b","1b","E: Conc. Uncertainty","1b","1b","E: Conc. Uncertainty","1b","1b","1b","1b","1b","1b","1b","1b","1b","1b","E: Conc. Uncertainty","1b","1b","1b","1b","1b","1b","1b"
"2025-11-04 22:00:00","PM2.5",0,0,0,156.6071,92.6696,54.4195,39.5563,NA,0,0.8017,0,31.48907746,NA,NA,NA,3.136127306,0,0,NA,0,1.77849679,0,NA,0,0,0,0,0,0,NA,0,0,0,0,0,0,0,0,0,0,"1b","1b","1b","1b","1b","1b","1b","E: Conc. Uncertainty","1b","1b","1b","1b","E: Conc. Uncertainty","E: Conc. Uncertainty","E: Conc. Uncertainty","1b","1b","1b","E: Conc. Uncertainty","1b","1b","1b","E: Conc. Uncertainty","1b","1b","1b","1b","1b","1b","E: Conc. Uncertainty","1b","1b","1b","1b","1b","1b","1b","1b","1b","1b"
"2025-11-04 23:00:00","PM10",0,0,0,113.9278,264.4674,67.9631,27.3784,NA,0,NA,0,26.59670954,0,0,NA,3.704265191,0,0,0.818068048,NA,2.187324488,NA,NA,0,0,0,NA,NA,NA,0,NA,NA,0,0,0,0,0,0,0,0,"1b","1b","1b","1b","1b","1b","1b","E: Conc. Uncertainty","1b","E: Conc. Uncertainty","1b","1b","1b","1b","E: Conc. Uncertainty","1b","1b","1b","1b","E: Conc. Uncertainty","1b","E: Conc. Uncertainty","E: Conc. Uncertainty","1b","1b","1b","E: Conc. Uncertainty","E: Conc. Uncertainty","E: Conc. Uncertainty","1b","E: Conc. Uncertainty","E: Conc. Uncertainty","1b","1b","1b","1b","1b","1b","1b","1b"
"2025-11-05 00:30:00","PM2.5",0,0,NA,92.2233,114.131,44.4422,NA,NA,0,NA,0,7.541658044,0.019225198,0,NA,NA,0,0,NA,0,NA,0,0,0,0,0,0,0,0,0,0.065,NA,0,NA,0,0,0,0,0,0,"1b","1b","E: Conc. Uncertainty","1b","1b","1b","E: Conc. Uncertainty","E: Conc. Uncertainty","1b","E: Conc. Uncertainty","1b","1b","1b","1b","E: Conc. Uncertainty","E: Conc. Uncertainty","1b","1b","E: Conc. Uncertainty","1b","E: Conc. Uncertainty","1b","1b","1b","1b","1b","1b","1b","1b","1b","1b","E: Conc. Uncertainty","1b","E: Conc. Uncertainty","1b","1b","1b","1b","1b","1b"
"2025-11-05 01:00:00","PM10",0,0,0,160.1335,710.997,89.1927,77.1337,2.1134,0,0.8739,0,81.18158138,0,NA,2.5722164,9.912668776,0,0,2.471586573,0,2.61962129,NA,NA,0,0,NA,0,NA,0,0,NA,0,NA,0,0,0,0,0,0,0,"1b","1b","1b","1b","1b","1b","1b","1b","1b","1b","1b","1b","1b","E: Conc. Uncertainty","1b","1b","1b","1b","1b","1b","1b","E: Conc. Uncertainty","E: Conc. Uncertainty","1b","1b","E: Conc. Uncertainty","1b","E: Conc. Uncertainty","1b","1b","E: Conc. Uncertainty","1b","E: Conc. Uncertainty","1b","1b","1b","1b","1b","1b","1b"
"2025-11-05 02:00:00","PM2.5",0,0,0,131.6622,393.567,44.1459,13.7099,0,NA,NA,0,3.933704696,0,0,0,0.97537603,0,0,NA,0,2.356029207,NA,NA,0,0,0,0,0,0,0,NA,0,0,0,NA,0,0,0,0,0,"1b","1b","1b","1b","1b","1b","1b","1b","E: Conc. Uncertainty","E: Conc. Uncertainty","1b","1b","1b","1b","1b","1b","1b","1b","E: Conc. Uncertainty","1b","1b","E: Conc. Uncertainty","E: Conc. Uncertainty","1b","1b","1b","1b","1b","1b","1b","E: Conc. Uncertainty","1b","1b","1b","E: Conc. Uncertainty","1b","1b","1b","1b","1b"
"2025-11-05 03:00:00","PM10",0,0,NA,228.3162,1370.0739,117.587,58.1259,1.6983,NA,0.7879,0,30.09379351,0,NA,NA,2.483063508,0,0,NA,0,4.815461854,NA,NA,0,0,0,0,NA,0,0,NA,0,0,0,0,0,0,0,0,0,"1b","1b","E: Conc. Uncertainty","1b","1b","1b","1b","1b","E: Conc. Uncertainty","1b","1b","1b","1b","E: Conc. Uncertainty","E: Conc. Uncertainty","1b","1b","1b","E: Conc. Uncertainty","1b","1b","E: Conc. Uncertainty","E: Conc. Uncertainty","1b","1b","1b","1b","E: Conc. Uncertainty","1b","1b","E: Conc. Uncertainty","1b","1b","1b","1b","1b","1b","1b","1b","1b"
"2025-11-05 04:00:00","PM2.5",0,0,0,171.4063,234.5405,54.5448,60.3474,1.0261,NA,NA,0,18.60341882,0,NA,NA,2.915465029,0,0,NA,NA,2.33644166,NA,NA,0,0,0,NA,NA,0,0,0,0,0,0,0,0,0,0,0,0,"1b","1b","1b","1b","1b","1b","1b","1b","E: Conc. Uncertainty","E: Conc. Uncertainty","1b","1b","1b","E: Conc. Uncertainty","E: Conc. Uncertainty","1b","1b","1b","E: Conc. Uncertainty","E: Conc. Uncertainty","1b","E: Conc. Uncertainty","E: Conc. Uncertainty","1b","1b","1b","E: Conc. Uncertainty","E: Conc. Uncertainty","1b","1b","1b","1b","1b","1b","1b","1b","1b","1b","1b","1b"
"2025-11-05 05:00:00","PM10",0,NA,0,307.0604,1343.679,164.0086,171.6963,6.3029,NA,1.3004,1.0847,141.6706337,0,0,3.373858204,8.426711423,0,0,0.751815685,NA,4.064377988,1.832723019,0,0,NA,0,NA,0,0,NA,NA,NA,NA,0,0,0,0,0,0,0,"1b","E: Conc. Uncertainty","1b","1b","1b","1b","1b","1b","E: Conc. Uncertainty","1b","1b","1b","1b","1b","1b","1b","1b","1b","1b","E: Conc. Uncertainty","1b","1b","1b","1b","E: Conc. Uncertainty","1b","E: Conc. Uncertainty","1b","1b","E: Conc. Uncertainty","E: Conc. Uncertainty","E: Conc. Uncertainty","E: Conc. Uncertainty","1b","1b","1b","1b","1b","1b","1b"
"2025-11-05 06:00:00","PM2.5",0,NA,0,246.3264,342.1594,109.8373,35.0025,1.5536,NA,0.7777,0,38.23980989,0,NA,0.970404144,5.971971463,0,0,0.648564479,NA,4.180078773,0,NA,0,0,0,0,NA,0,0,NA,0,0,0,0,0,0,0,0,0,"1b","E: Conc. Uncertainty","1b","1b","1b","1b","1b","1b","E: Conc. Uncertainty","1b","1b","1b","1b","E: Conc. Uncertainty","1b","1b","1b","1b","1b","E: Conc. Uncertainty","1b","1b","E: Conc. Uncertainty","1b","1b","1b","1b","E: Conc. Uncertainty","1b","1b","E: Conc. Uncertainty","1b","1b","1b","1b","1b","1b","1b","1b","1b"
"2025-11-05 07:00:00","PM10",0,NA,0,318.7415,1790.0997,219.6705,169.8963,6.7449,NA,1.2191,0.8303,167.2669151,0,0,3.062234032,10.16367357,0,0,1.354997658,NA,5.738327938,NA,NA,0,0,0,0,0,0,NA,0,0,NA,0,0,0,0,0,0,0,"1b","E: Conc. Uncertainty","1b","1b","1b","1b","1b","1b","E: Conc. Uncertainty","1b","1b","1b","1b","1b","1b","1b","1b","1b","1b","E: Conc. Uncertainty","1b","E: Conc. Uncertainty","E: Conc. Uncertainty","1b","1b","1b","1b","1b","1b","E: Conc. Uncertainty","1b","1b","E: Conc. Uncertainty","1b","1b","1b","1b","1b","1b","1b"
"2025-11-05 08:00:00","PM2.5",0,0,0,191.8321,221.9501,115.397,51.0765,1.6015,NA,1.1851,0,71.84275769,NA,0,1.40840254,9.147817945,0,0,1.450364354,NA,2.722418987,0,0,0,0,0,NA,0,0,0,NA,0,0,0,0,0,0,0,0,0,"1b","1b","1b","1b","1b","1b","1b","1b","E: Conc. Uncertainty","1b","1b","1b","E: Conc. Uncertainty","1b","1b","1b","1b","1b","1b","E: Conc. Uncertainty","1b","1b","1b","1b","1b","1b","E: Conc. Uncertainty","1b","1b","1b","E: Conc. Uncertainty","1b","1b","1b","1b","1b","1b","1b","1b","1b"
"2025-11-05 09:00:00","PM10",0,NA,0,339.1469,1146.483,208.4375,213.2766,5.7184,NA,1.0746,1.2882,164.5848905,0,NA,3.609777705,14.58425914,0,0,1.297699663,NA,5.845921204,NA,NA,0,0,0,0,0,0,0,NA,0,NA,0,0,0,0,0,0,0,"1b","E: Conc. Uncertainty","1b","1b","1b","1b","1b","1b","E: Conc. Uncertainty","1b","1b","1b","1b","E: Conc. Uncertainty","1b","1b","1b","1b","1b","E: Conc. Uncertainty","1b","E: Conc. Uncertainty","E: Conc. Uncertainty","1b","1b","1b","1b","1b","1b","1b","E: Conc. Uncertainty","1b","E: Conc. Uncertainty","1b","1b","1b","1b","1b","1b","1b"
"2025-11-05 10:00:00","PM2.5",0,0,0,209.0791,272.5991,141.8442,66.7431,2.8811,0,0.7501,0,63.94064094,0,NA,1.721402458,14.64849948,0,0,2.543009603,NA,3.882035459,0,NA,0,0,0,0,0,0,0,0,NA,NA,0,0,0,0,0,0,0,"1b","1b","1b","1b","1b","1b","1b","1b","1b","1b","1b","1b","1b","E: Conc. Uncertainty","1b","1b","1b","1b","1b","E: Conc. Uncertainty","1b","1b","E: Conc. Uncertainty","1b","1b","1b","1b","1b","1b","1b","1b","E: Conc. Uncertainty","E: Conc. Uncertainty","1b","1b","1b","1b","1b","1b","1b"
"2025-11-05 11:00:00","PM10",0,NA,0,356.0767,1118.9511,230.2788,316.0627,6.7529,NA,1.2197,1.0603,143.6461028,0,NA,3.513839386,25.83870344,0,0,2.937452901,NA,5.403236318,NA,NA,NA,0,0,0,NA,0,0,NA,NA,NA,0,0,0,0,0,NA,0,"1b","E: Conc. Uncertainty","1b","1b","1b","1b","1b","1b","E: Conc. Uncertainty","1b","1b","1b","1b","E: Conc. Uncertainty","1b","1b","1b","1b","1b","E: Conc. Uncertainty","1b","E: Conc. Uncertainty","E: Conc. Uncertainty","E: Conc. Uncertainty","1b","1b","1b","E: Conc. Uncertainty","1b","1b","E: Conc. Uncertainty","E: Conc. Uncertainty","E: Conc. Uncertainty","1b","1b","1b","1b","1b","E: Conc. Uncertainty","1b"
"2025-11-05 12:00:00","PM2.5",0,0,0,241.1419,280.0599,145.4859,74.7922,2.9478,0,0.9796,NA,85.51246602,NA,NA,2.418255673,24.7809869,0,0,2.126217842,NA,5.851405418,NA,NA,0,0,0,0,0,0,NA,0,0,0,0,0,0,0,0,0,0,"1b","1b","1b","1b","1b","1b","1b","1b","1b","1b","E: Conc. Uncertainty","1b","E: Conc. Uncertainty","E: Conc. Uncertainty","1b","1b","1b","1b","1b","E: Conc. Uncertainty","1b","E: Conc. Uncertainty","E: Conc. Uncertainty","1b","1b","1b","1b","1b","1b","E: Conc. Uncertainty","1b","1b","1b","1b","1b","1b","1b","1b","1b","1b"
"2025-11-05 13:00:00","PM10",0,NA,0,341.0579,1609.9527,235.0365,246.8032,7.6199,0,1.0711,NA,151.704904,0,NA,2.813356269,33.32781996,0,0,4.859973943,NA,7.806465403,NA,NA,0,0,0,0,0,0,0,NA,NA,0,0,0,0,0,0,0,0,"1b","E: Conc. Uncertainty","1b","1b","1b","1b","1b","1b","1b","1b","E: Conc. Uncertainty","1b","1b","E: Conc. Uncertainty","1b","1b","1b","1b","1b","E: Conc. Uncertainty","1b","E: Conc. Uncertainty","E: Conc. Uncertainty","1b","1b","1b","1b","1b","1b","1b","E: Conc. Uncertainty","E: Conc. Uncertainty","1b","1b","1b","1b","1b","1b","1b","1b"
"2025-11-05 14:00:00","PM2.5",0,0,0,272.8951,456.5102,179.0838,54.2266,1.3036,NA,0.9195,NA,57.64838575,0,0,1.700348999,71.67684496,0,0,6.778441408,NA,4.039427763,0,0,0,0,NA,NA,0,0.0444,0,NA,0,0,0,0,0,0,0,2.898780029,0,"1b","1b","1b","1b","1b","1b","1b","1b","E: Conc. Uncertainty","1b","E: Conc. Uncertainty","1b","1b","1b","1b","1b","1b","1b","1b","E: Conc. Uncertainty","1b","1b","1b","1b","1b","E: Conc. Uncertainty","E: Conc. Uncertainty","1b","1b","1b","E: Conc. Uncertainty","1b","1b","1b","1b","1b","1b","1b","1b","1b"
"2025-11-05 15:00:00","PM10",0,NA,0,390.3512,2022.6665,263.9258,313.8019,7.9686,NA,1.1983,NA,209.1296424,0,NA,5.131251018,32.18410979,0,0,5.371681056,0,8.662699544,1.444422952,0,NA,0,0,0,NA,0,0,NA,NA,NA,0,0,0,0,0,14.83117161,0,"1b","E: Conc. Uncertainty","1b","1b","1b","1b","1b","1b","E: Conc. Uncertainty","1b","E: Conc. Uncertainty","1b","1b","E: Conc. Uncertainty","1b","1b","1b","1b","1b","1b","1b","1b","1b","E: Conc. Uncertainty","1b","1b","1b","E: Conc. Uncertainty","1b","1b","E: Conc. Uncertainty","E: Conc. Uncertainty","E: Conc. Uncertainty","1b","1b","1b","1b","1b","1b","1b"
"2025-11-05 16:00:00","PM2.5",NA,NA,0,290.9138,429.3915,166.1637,59.2247,2.54,1.0477,1.1772,1.0167,73.36196431,NA,0,2.530552387,14.3619745,0,0,3.563498045,0,4.553395389,NA,NA,0,0,0,0,NA,0,0.0253,NA,NA,0,0,0,0,0,0,NA,0,"E: Conc. Uncertainty","E: Conc. Uncertainty","1b","1b","1b","1b","1b","1b","1b","1b","1b","1b","E: Conc. Uncertainty","1b","1b","1b","1b","1b","1b","1b","1b","E: Conc. Uncertainty","E: Conc. Uncertainty","1b","1b","1b","1b","E: Conc. Uncertainty","1b","1b","E: Conc. Uncertainty","E: Conc. Uncertainty","1b","1b","1b","1b","1b","1b","E: Conc. Uncertainty","1b"
"2025-11-05 17:00:00","PM10",0,161.9378,0,441.1735,2392.2542,331.9754,327.856,9.6771,0,0.8188,1.8875,203.2030534,0,NA,6.607949109,20.83310941,NA,0,2.019765903,NA,9.706249364,3.232478372,NA,0,0,0,0,NA,0,0,0,0,0,0,0,0,0,0,5.195826972,0,"1b","1b","1b","1b","1b","1b","1b","1b","1b","1b","1b","1b","1b","E: Conc. Uncertainty","1b","1b","E: Conc. Uncertainty","1b","1b","E: Conc. Uncertainty","1b","1b","E: Conc. Uncertainty","1b","1b","1b","1b","E: Conc. Uncertainty","1b","1b","1b","1b","1b","1b","1b","1b","1b","1b","1b","1b"
"2025-11-05 18:00:00","PM2.5",0,0,0,412.5406,910.9578,808.5089,47.5855,5.7193,0,0.8606,NA,52.36926239,0,NA,20.63118532,37.8293497,0,0,8.293629232,0,10.91268557,11.06315822,0,0,0,0,0,NA,0,NA,NA,0,24.652,0,0,0,0,0,53.76671042,8.475309584,"1b","1b","1b","1b","1b","1b","1b","1b","1b","1b","E: Conc. Uncertainty","1b","1b","E: Conc. Uncertainty","1b","1b","1b","1b","1b","1b","1b","1b","1b","1b","1b","1b","1b","E: Conc. Uncertainty","1b","E: Conc. Uncertainty","E: Conc. Uncertainty","1b","1b","1b","1b","1b","1b","1b","1b","1b"
"2025-11-05 19:00:00","PM10",NA,0,0,920.121,2950.018,2378.9352,318.1932,27.7596,0,2.1475,3.4795,187.1586573,0,NA,79.21084442,273.6171793,0,0,7.122668675,0,17.96036874,55.75667728,0,0,0,0,0,0,0,NA,NA,NA,130.1423,0,0,0,0,0,42.8695577,39.23270011,"E: Conc. Uncertainty","1b","1b","1b","1b","1b","1b","1b","1b","1b","1b","1b","1b","E: Conc. Uncertainty","1b","1b","1b","1b","1b","1b","1b","1b","1b","1b","1b","1b","1b","1b","1b","E: Conc. Uncertainty","E: Conc. Uncertainty","E: Conc. Uncertainty","1b","1b","1b","1b","1b","1b","1b","1b"
"2025-11-05 20:00:00","PM2.5",0,0,0,525.6513,1231.8314,1304.7648,41.7436,7.9126,0,0.9606,NA,55.48404732,0,NA,38.87811011,239.4932199,0,0,7.22714501,0,32.32942745,15.97673779,NA,0,0,NA,0,0,0,NA,0,NA,45.0828,0,0,0,0,0,25.85487845,17.47236022,"1b","1b","1b","1b","1b","1b","1b","1b","1b","1b","E: Conc. Uncertainty","1b","1b","E: Conc. Uncertainty","1b","1b","1b","1b","1b","1b","1b","1b","E: Conc. Uncertainty","1b","1b","E: Conc. Uncertainty","1b","1b","1b","E: Conc. Uncertainty","1b","E: Conc. Uncertainty","1b","1b","1b","1b","1b","1b","1b","1b"
"2025-11-05 21:00:00","PM10",0,0,0,573.2542,1974.7867,1486.4623,197.2475,15.5012,0,1.3896,1.864,160.3809766,0,NA,42.03120322,147.2628953,0,0,8.713956922,0,15.43013392,23.35217679,0,0,0,NA,0,0,0,NA,NA,0,58.0053,0,0,0,0,0,31.3200774,16.79352309,"1b","1b","1b","1b","1b","1b","1b","1b","1b","1b","1b","1b","1b","E: Conc. Uncertainty","1b","1b","1b","1b","1b","1b","1b","1b","1b","1b","1b","E: Conc. Uncertainty","1b","1b","1b","E: Conc. Uncertainty","E: Conc. Uncertainty","1b","1b","1b","1b","1b","1b","1b","1b","1b"
"2025-11-05 22:00:00","PM2.5",0,0,0,376.3499,553.0944,777.5795,24.4661,3.9596,0,0.7366,0,50.70120779,0,NA,15.24194385,88.79333327,0,0,14.25948575,0,11.68218032,7.997588498,0,0,0,0,0,0,0,0,NA,NA,15.229,0,0,0,0,0,26.22181748,2.547421117,"1b","1b","1b","1b","1b","1b","1b","1b","1b","1b","1b","1b","1b","E: Conc. Uncertainty","1b","1b","1b","1b","1b","1b","1b","1b","1b","1b","1b","1b","1b","1b","1b","1b","E: Conc. Uncertainty","E: Conc. Uncertainty","1b","1b","1b","1b","1b","1b","1b","1b"
"2025-11-05 23:00:00","PM10",0,0,0,459.4428,1182.5227,856.8803,148.3485,8.7812,NA,1.1693,NA,135.8896093,0,NA,21.84667841,72.10021272,0,0,11.46784257,0,9.268923472,12.76198716,0,0,0,NA,0,NA,0,0,NA,NA,32.9992,0,0,0,0,0,20.00118065,7.076050117,"1b","1b","1b","1b","1b","1b","1b","1b","E: Conc. Uncertainty","1b","E: Conc. Uncertainty","1b","1b","E: Conc. Uncertainty","1b","1b","1b","1b","1b","1b","1b","1b","1b","1b","1b","E: Conc. Uncertainty","1b","E: Conc. Uncertainty","1b","1b","E: Conc. Uncertainty","E: Conc. Uncertainty","1b","1b","1b","1b","1b","1b","1b","1b"
"2025-11-06 00:30:00","PM2.5",0,0,0,335.4527,280.0201,533.1978,14.6934,NA,NA,NA,0,36.47629181,0,NA,11.61318981,43.86196566,0,0,9.650234499,0,6.887027128,6.22947873,NA,0,0,0,NA,0,0,0,NA,0,7.6128,0,0,0,0,0,10.81665668,NA,"1b","1b","1b","1b","1b","1b","1b","E: Conc. Uncertainty","E: Conc. Uncertainty","E: Conc. Uncertainty","1b","1b","1b","E: Conc. Uncertainty","1b","1b","1b","1b","1b","1b","1b","1b","E: Conc. Uncertainty","1b","1b","1b","E: Conc. Uncertainty","1b","1b","1b","E: Conc. Uncertainty","1b","1b","1b","1b","1b","1b","1b","1b","E: Conc. Uncertainty"
"2025-11-06 01:00:00","PM10",0,NA,0,423.0924,1027.5488,693.2509,114.3172,5.6862,NA,1.0353,NA,101.9661096,0,1.062668663,15.72851047,52.21440137,0,0,7.930671392,0,9.974042506,9.733897494,0,0,0,0,0,0,0,0,NA,NA,20.4216,0,0,0,0,0,18.01523437,5.203606961,"1b","E: Conc. Uncertainty","1b","1b","1b","1b","1b","1b","E: Conc. Uncertainty","1b","E: Conc. Uncertainty","1b","1b","1b","1b","1b","1b","1b","1b","1b","1b","1b","1b","1b","1b","1b","1b","1b","1b","1b","E: Conc. Uncertainty","E: Conc. Uncertainty","1b","1b","1b","1b","1b","1b","1b","1b"
"2025-11-06 02:00:00","PM2.5",0,0,0,303.4918,250.1895,491.6975,20.7113,2.2906,NA,0.9683,0,31.62700061,0,0.826593362,9.689696599,47.14801466,0,0,7.458766035,NA,6.401038485,6.069537772,0,0,0,0,0,0,0,0,NA,0,9.5431,0,0,0,0,0,12.80439829,2.077285685,"1b","1b","1b","1b","1b","1b","1b","1b","E: Conc. Uncertainty","1b","1b","1b","1b","1b","1b","1b","1b","1b","1b","E: Conc. Uncertainty","1b","1b","1b","1b","1b","1b","1b","1b","1b","1b","E: Conc. Uncertainty","1b","1b","1b","1b","1b","1b","1b","1b","1b"
"2025-11-06 03:00:00","PM10",0,0,0,315.4529,1040.7316,376.352,359.7951,6.3797,0.9948,1.4293,NA,76.52513824,0,NA,6.699552939,30.90058759,0,0,4.957615813,NA,5.749910893,3.829668931,0,0,0,NA,0,NA,0,0,NA,0,3.7942,0,0,0,0,0,6.515473996,NA,"1b","1b","1b","1b","1b","1b","1b","1b","1b","1b","E: Conc. Uncertainty","1b","1b","E: Conc. Uncertainty","1b","1b","1b","1b","1b","E: Conc. Uncertainty","1b","1b","1b","1b","1b","E: Conc. Uncertainty","1b","E: Conc. Uncertainty","1b","1b","E: Conc. Uncertainty","1b","1b","1b","1b","1b","1b","1b","1b","E: Conc. Uncertainty"
"2025-11-06 04:00:00","PM2.5",0,0,0,246.8742,269.5703,221.7587,79.0367,3.162,NA,2.4699,0,76.03985511,0,1.362694722,9.030809617,29.38552721,0,0,3.308869466,0,4.34873475,NA,0,0,0,0,NA,0,0,NA,NA,0,NA,0,0,0,0,0,3.584599261,0,"1b","1b","1b","1b","1b","1b","1b","1b","E: Conc. Uncertainty","1b","1b","1b","1b","1b","1b","1b","1b","1b","1b","1b","1b","E: Conc. Uncertainty","1b","1b","1b","1b","E: Conc. Uncertainty","1b","1b","E: Conc. Uncertainty","E: Conc. Uncertainty","1b","E: Conc. Uncertainty","1b","1b","1b","1b","1b","1b","1b"
"2025-11-06 05:00:00","PM10",0,NA,0,340.4678,1162.8728,274.322,163.7527,4.6554,0,1.3499,NA,104.3210593,0,0.804714216,4.689067334,25.39967025,0,NA,4.219202899,NA,5.778761602,2.542979564,0,0,0,0,NA,0,0,NA,NA,NA,NA,0,0,0,0,0,4.833679368,0,"1b","E: Conc. Uncertainty","1b","1b","1b","1b","1b","1b","1b","1b","E: Conc. Uncertainty","1b","1b","1b","1b","1b","1b","E: Conc. Uncertainty","1b","E: Conc. Uncertainty","1b","1b","1b","1b","1b","1b","E: Conc. Uncertainty","1b","1b","E: Conc. Uncertainty","E: Conc. Uncertainty","E: Conc. Uncertainty","E: Conc. Uncertainty","1b","1b","1b","1b","1b","1b","1b"
"2025-11-06 06:00:00","PM2.5",0,0,0.4535,241.1489,237.2777,185.2778,38.6717,1.1169,NA,1.225,0,68.13016722,0,0.850618439,3.745697372,24.49589063,0,0,3.091494426,0,4.684799414,NA,0,0,0,NA,0,0.1257,0,NA,NA,0,NA,0,0,0,0,0,7.200087477,0,"1b","1b","1b","1b","1b","1b","1b","1b","E: Conc. Uncertainty","1b","1b","1b","1b","1b","1b","1b","1b","1b","1b","1b","1b","E: Conc. Uncertainty","1b","1b","1b","E: Conc. Uncertainty","1b","1b","1b","E: Conc. Uncertainty","E: Conc. Uncertainty","1b","E: Conc. Uncertainty","1b","1b","1b","1b","1b","1b","1b"
"2025-11-06 07:00:00","PM10",NA,NA,0,282.9357,653.9767,263.0509,160.0648,6.5092,NA,3.4844,3.4387,710.7562349,0,NA,18.80321191,33.1848529,0,0,4.53006711,NA,5.096723933,2.093862338,NA,0,0,NA,0,0,0,0,NA,NA,12.1788,0,0,0,0,0,5.989561799,0,"E: Conc. Uncertainty","E: Conc. Uncertainty","1b","1b","1b","1b","1b","1b","E: Conc. Uncertainty","1b","1b","1b","1b","E: Conc. Uncertainty","1b","1b","1b","1b","1b","E: Conc. Uncertainty","1b","1b","E: Conc. Uncertainty","1b","1b","E: Conc. Uncertainty","1b","1b","1b","1b","E: Conc. Uncertainty","E: Conc. Uncertainty","1b","1b","1b","1b","1b","1b","1b","1b"
"2025-11-06 08:00:00","PM2.5",0,0,0,241.0969,195.0093,168.605,38.6274,3.2592,NA,1.7973,NA,207.9047357,0,NA,7.036263994,22.59006407,0,0,4.836170278,0,4.225376646,0,0,0,0,0,0,NA,0,NA,NA,0,NA,0,0,0,0,0,6.73946969,0,"1b","1b","1b","1b","1b","1b","1b","1b","E: Conc. Uncertainty","1b","E: Conc. Uncertainty","1b","1b","E: Conc. Uncertainty","1b","1b","1b","1b","1b","1b","1b","1b","1b","1b","1b","1b","1b","E: Conc. Uncertainty","1b","E: Conc. Uncertainty","E: Conc. Uncertainty","1b","E: Conc. Uncertainty","1b","1b","1b","1b","1b","1b","1b"
"2025-11-06 09:00:00","PM10",NA,363.6783,0,364.9368,1459.3498,314.0567,485.1884,47.7105,NA,8.9071,11.8305,1073.900347,0,4.283513599,29.34586543,44.51560322,0,0,6.67353812,NA,7.446474904,2.753034666,NA,2.074602416,0,0,NA,0,0,0,0,NA,19.5637,0,0,0,0,0,15.02601724,0,"E: Conc. Uncertainty","1b","1b","1b","1b","1b","1b","1b","E: Conc. Uncertainty","1b","1b","1b","1b","1b","1b","1b","1b","1b","1b","E: Conc. Uncertainty","1b","1b","E: Conc. Uncertainty","1b","1b","1b","E: Conc. Uncertainty","1b","1b","1b","1b","E: Conc. Uncertainty","1b","1b","1b","1b","1b","1b","1b","1b"
"2025-11-06 10:00:00","PM2.5",0,1538.9929,0,434.7407,1015.5906,333.0587,386.1891,26.7891,NA,4.913,3.9835,487.5790749,0,2.113495183,13.54450192,35.45953074,0,0,4.233528178,NA,7.221358887,1.915741665,0,NA,0,NA,0,0,0,0,0,NA,6.3723,0,0,0,0,0,10.12400456,0,"1b","1b","1b","1b","1b","1b","1b","1b","E: Conc. Uncertainty","1b","1b","1b","1b","1b","1b","1b","1b","1b","1b","E: Conc. Uncertainty","1b","1b","1b","E: Conc. Uncertainty","1b","E: Conc. Uncertainty","1b","1b","1b","1b","1b","E: Conc. Uncertainty","1b","1b","1b","1b","1b","1b","1b","1b"
"2025-11-06 11:00:00","PM10",0,156.9714,0,489.537,1799.5265,247.4412,288.5385,12.138,NA,1.7947,1.2525,236.5250466,0,NA,6.602309643,49.90818457,0,0,3.067252564,0,5.737700744,2.007169262,0,0,0,0,0,0,0,0,NA,NA,0,0,0,0,0,0,2.150116602,0,"1b","1b","1b","1b","1b","1b","1b","1b","E: Conc. Uncertainty","1b","1b","1b","1b","E: Conc. Uncertainty","1b","1b","1b","1b","1b","1b","1b","1b","1b","1b","1b","1b","1b","1b","1b","1b","E: Conc. Uncertainty","E: Conc. Uncertainty","1b","1b","1b","1b","1b","1b","1b","1b"
"2025-11-06 12:00:00","PM2.5",0,0,0,645.2701,251.5719,151.8815,54.6036,3.6987,NA,0.7867,0,62.68002036,0.016360397,NA,1.987141766,12.29479257,0,0,3.177592263,0,4.916935607,NA,NA,0,0,0,NA,0,NA,0,0,NA,0,0,0,0,0,0,NA,0,"1b","1b","1b","1b","1b","1b","1b","1b","E: Conc. Uncertainty","1b","1b","1b","1b","E: Conc. Uncertainty","1b","1b","1b","1b","1b","1b","1b","E: Conc. Uncertainty","E: Conc. Uncertainty","1b","1b","1b","E: Conc. Uncertainty","1b","E: Conc. Uncertainty","1b","1b","E: Conc. Uncertainty","1b","1b","1b","1b","1b","1b","E: Conc. Uncertainty","1b"
"2025-11-06 13:00:00","PM10",0,157.0505,0,747.2281,2143.6515,242.4578,279.2728,8.7025,NA,0.964,NA,173.8276052,0,NA,2.821083369,14.27342653,0,0,2.387318642,NA,8.083633478,1.944152779,0,0,0,0,0,0,0,NA,0,0,0,0,0,0,0,0,NA,0,"1b","1b","1b","1b","1b","1b","1b","1b","E: Conc. Uncertainty","1b","E: Conc. Uncertainty","1b","1b","E: Conc. Uncertainty","1b","1b","1b","1b","1b","E: Conc. Uncertainty","1b","1b","1b","1b","1b","1b","1b","1b","1b","E: Conc. Uncertainty","1b","1b","1b","1b","1b","1b","1b","1b","E: Conc. Uncertainty","1b"
"2025-11-06 14:00:00","PM2.5",0,NA,0,672.0729,311.2844,159.9457,60.1246,2.2268,NA,1.1731,NA,72.6332743,0,NA,2.226215193,14.47219508,0,0,3.350421348,NA,6.188527927,0,NA,0,0,NA,0,NA,0,0,NA,0,0,0,0,0,0,0,NA,0,"1b","E: Conc. Uncertainty","1b","1b","1b","1b","1b","1b","E: Conc. Uncertainty","1b","E: Conc. Uncertainty","1b","1b","E: Conc. Uncertainty","1b","1b","1b","1b","1b","E: Conc. Uncertainty","1b","1b","E: Conc. Uncertainty","1b","1b","E: Conc. Uncertainty","1b","E: Conc. Uncertainty","1b","1b","E: Conc. Uncertainty","1b","1b","1b","1b","1b","1b","1b","E: Conc. Uncertainty","1b"
"2025-11-06 15:00:00","PM10",0,250.9161,0,806.9285,1844.8507,266.5586,311.8584,15.6695,0,2.2418,2.195,272.6651599,0,NA,6.566914063,24.14598414,0,0,5.347281187,0,6.123280698,1.692118954,0,0,0,0,0,0,0,NA,0,0,NA,0,0,0,0,0,30.52323794,0,"1b","1b","1b","1b","1b","1b","1b","1b","1b","1b","1b","1b","1b","E: Conc. Uncertainty","1b","1b","1b","1b","1b","1b","1b","1b","1b","1b","1b","1b","1b","1b","1b","E: Conc. Uncertainty","1b","1b","E: Conc. Uncertainty","1b","1b","1b","1b","1b","1b","1b"
"2025-11-06 16:00:00","PM2.5",0,0,0,660.1421,300.6724,188.1519,50.9287,3.8015,NA,1.13,NA,184.5347524,0,NA,3.526124073,63.27473265,0,0,6.148258565,0,4.08607971,0,0,NA,0,0,NA,NA,0,NA,NA,NA,NA,0,0,0,0,0,175.7681546,0,"1b","1b","1b","1b","1b","1b","1b","1b","E: Conc. Uncertainty","1b","E: Conc. Uncertainty","1b","1b","E: Conc. Uncertainty","1b","1b","1b","1b","1b","1b","1b","1b","1b","E: Conc. Uncertainty","1b","1b","E: Conc. Uncertainty","E: Conc. Uncertainty","1b","E: Conc. Uncertainty","E: Conc. Uncertainty","E: Conc. Uncertainty","E: Conc. Uncertainty","1b","1b","1b","1b","1b","1b","1b"
"2025-11-06 17:00:00","PM10",0,271.3052,0,723.1507,1879.3219,313.1394,332.1385,13.1355,NA,2.3746,3.8039,520.7791295,0,NA,10.75071519,108.1228811,0,0,4.526688725,0,6.444988547,NA,NA,NA,0,0,NA,NA,0,0,0,0,6.0434,0,0,0,0,0,449.0435225,0,"1b","1b","1b","1b","1b","1b","1b","1b","E: Conc. Uncertainty","1b","1b","1b","1b","E: Conc. Uncertainty","1b","1b","1b","1b","1b","1b","1b","E: Conc. Uncertainty","E: Conc. Uncertainty","E: Conc. Uncertainty","1b","1b","E: Conc. Uncertainty","E: Conc. Uncertainty","1b","1b","1b","1b","1b","1b","1b","1b","1b","1b","1b","1b"
"2025-11-06 18:00:00","PM2.5",0,0,0,676.1781,347.8645,420.8724,38.7968,4.8222,NA,1.2914,NA,122.0395071,0,NA,11.46017771,47.84967772,0,0,6.972936703,0,6.977928468,2.54508855,0,0,0,0,0,NA,0,NA,NA,0,7.0525,0,0,0,0,0,74.46259734,1.224720929,"1b","1b","1b","1b","1b","1b","1b","1b","E: Conc. Uncertainty","1b","E: Conc. Uncertainty","1b","1b","E: Conc. Uncertainty","1b","1b","1b","1b","1b","1b","1b","1b","1b","1b","1b","1b","1b","E: Conc. Uncertainty","1b","E: Conc. Uncertainty","E: Conc. Uncertainty","1b","1b","1b","1b","1b","1b","1b","1b","1b"
"2025-11-06 19:00:00","PM10",0,NA,0,819.9361,1700.8676,1161.2834,238.1241,17.4919,0,2.119,2.5736,308.5595576,0,NA,39.41759081,31.56946608,0,0,6.794967362,0,9.568936547,23.24548111,NA,0,0,0,0,NA,0,0,0,NA,37.8682,0,0,0,0,0,9.225155042,11.02419577,"1b","E: Conc. Uncertainty","1b","1b","1b","1b","1b","1b","1b","1b","1b","1b","1b","E: Conc. Uncertainty","1b","1b","1b","1b","1b","1b","1b","1b","E: Conc. Uncertainty","1b","1b","1b","1b","E: Conc. Uncertainty","1b","1b","1b","E: Conc. Uncertainty","1b","1b","1b","1b","1b","1b","1b","1b"
"2025-11-06 20:00:00","PM2.5",0,0,0,627.2508,264.2534,843.7594,33.4565,7.6287,0,NA,NA,64.90771141,0,NA,21.42266709,21.82312711,0,0,4.784931353,0,6.644239087,14.44375464,NA,0,0,0,0,0,0,0,NA,NA,39.7514,0,0,0,0,0,3.636799414,4.99625472,"1b","1b","1b","1b","1b","1b","1b","1b","1b","E: Conc. Uncertainty","E: Conc. Uncertainty","1b","1b","E: Conc. Uncertainty","1b","1b","1b","1b","1b","1b","1b","1b","E: Conc. Uncertainty","1b","1b","1b","1b","1b","1b","1b","E: Conc. Uncertainty","E: Conc. Uncertainty","1b","1b","1b","1b","1b","1b","1b","1b"
"2025-11-06 21:00:00","PM10",0,NA,0,646.8898,1069.0779,898.3444,146.6603,14.0193,0,NA,1.1432,304.643468,0,NA,28.99486887,18.71727887,0,0,4.556870011,NA,8.803917576,16.20722023,NA,0,0,0,0,0,0,NA,0,0,46.531,0,0,0,0,0,NA,5.183000081,"1b","E: Conc. Uncertainty","1b","1b","1b","1b","1b","1b","1b","E: Conc. Uncertainty","1b","1b","1b","E: Conc. Uncertainty","1b","1b","1b","1b","1b","E: Conc. Uncertainty","1b","1b","E: Conc. Uncertainty","1b","1b","1b","1b","1b","1b","E: Conc. Uncertainty","1b","1b","1b","1b","1b","1b","1b","1b","E: Conc. Uncertainty","1b"
"2025-11-06 22:00:00","PM2.5",0,0,0,451.7832,189.0916,361.1644,25.4951,4.8538,NA,NA,0,50.48839362,NA,NA,6.337907393,12.83395044,0,0,4.006947553,NA,6.173058144,4.877049681,NA,0,0,0,NA,0,0,NA,NA,NA,8.9505,0,0,0,0,0,2.532499898,0,"1b","1b","1b","1b","1b","1b","1b","1b","E: Conc. Uncertainty","E: Conc. Uncertainty","1b","1b","E: Conc. Uncertainty","E: Conc. Uncertainty","1b","1b","1b","1b","1b","E: Conc. Uncertainty","1b","1b","E: Conc. Uncertainty","1b","1b","1b","E: Conc. Uncertainty","1b","1b","E: Conc. Uncertainty","E: Conc. Uncertainty","E: Conc. Uncertainty","1b","1b","1b","1b","1b","1b","1b","1b"
"2025-11-06 23:00:00","PM10",0,0,0,548.565,1778.4746,259.0254,161.136,19.6631,NA,NA,NA,123.6852272,0,NA,3.130963879,14.11776786,0,0,4.028303325,NA,8.191403272,NA,NA,0,0,NA,0,0,0,0,NA,NA,0,0,0,0,0,0,5.629911654,0,"1b","1b","1b","1b","1b","1b","1b","1b","E: Conc. Uncertainty","E: Conc. Uncertainty","E: Conc. Uncertainty","1b","1b","E: Conc. Uncertainty","1b","1b","1b","1b","1b","E: Conc. Uncertainty","1b","E: Conc. Uncertainty","E: Conc. Uncertainty","1b","1b","E: Conc. Uncertainty","1b","1b","1b","1b","E: Conc. Uncertainty","E: Conc. Uncertainty","1b","1b","1b","1b","1b","1b","1b","1b"
"2025-11-07 00:30:00","PM2.5",0,0,0,378.5588,283.7052,173.6542,62.0208,NA,NA,NA,0,76.37493533,0,0,1.818575006,7.388883141,0,0,1.999606812,NA,4.480309583,0,0,0,0,0,0,NA,0,0,0,NA,0,0,0,0,0,0,0,0,"1b","1b","1b","1b","1b","1b","1b","E: Conc. Uncertainty","E: Conc. Uncertainty","E: Conc. Uncertainty","1b","1b","1b","1b","1b","1b","1b","1b","1b","E: Conc. Uncertainty","1b","1b","1b","1b","1b","1b","1b","E: Conc. Uncertainty","1b","1b","1b","E: Conc. Uncertainty","1b","1b","1b","1b","1b","1b","1b","1b"
"2025-11-07 01:00:00","PM10",0,NA,0,464.7429,1488.8212,194.4025,126.5841,4.0277,NA,0.9731,0,67.39331936,0,NA,1.478612999,8.283464246,0,0,1.786140165,NA,8.065972081,NA,0,0,0,NA,0,NA,0,0,NA,0,0,0,0,0,0,0,0,0,"1b","E: Conc. Uncertainty","1b","1b","1b","1b","1b","1b","E: Conc. Uncertainty","1b","1b","1b","1b","E: Conc. Uncertainty","1b","1b","1b","1b","1b","E: Conc. Uncertainty","1b","E: Conc. Uncertainty","1b","1b","1b","E: Conc. Uncertainty","1b","E: Conc. Uncertainty","1b","1b","E: Conc. Uncertainty","1b","1b","1b","1b","1b","1b","1b","1b","1b"
"2025-11-07 02:00:00","PM2.5",0,0,0,304.1225,138.6447,114.3999,17.5038,1.5158,0,0.8191,0,16.83965201,0,NA,NA,5.643426943,0,0,1.106084656,NA,4.156145706,NA,0,0,0,NA,0,0,0,0,NA,0,0,0,0,0,0,0,0,0,"1b","1b","1b","1b","1b","1b","1b","1b","1b","1b","1b","1b","1b","E: Conc. Uncertainty","E: Conc. Uncertainty","1b","1b","1b","1b","E: Conc. Uncertainty","1b","E: Conc. Uncertainty","1b","1b","1b","E: Conc. Uncertainty","1b","1b","1b","1b","E: Conc. Uncertainty","1b","1b","1b","1b","1b","1b","1b","1b","1b"
"2025-11-07 03:00:00","PM10",0,0,0,366.2382,989.1657,151.3376,104.7956,2.5832,NA,NA,0,42.94611424,0,NA,1.021529883,7.259823772,0,0,1.060010989,NA,4.948474797,NA,0,0,0,0,NA,0,0,0,NA,NA,0,0,0,0,0,0,0,0,"1b","1b","1b","1b","1b","1b","1b","1b","E: Conc. Uncertainty","E: Conc. Uncertainty","1b","1b","1b","E: Conc. Uncertainty","1b","1b","1b","1b","1b","E: Conc. Uncertainty","1b","E: Conc. Uncertainty","1b","1b","1b","1b","E: Conc. Uncertainty","1b","1b","1b","E: Conc. Uncertainty","E: Conc. Uncertainty","1b","1b","1b","1b","1b","1b","1b","1b"
"2025-11-07 04:00:00","PM2.5",0,0,0,277.3459,138.88,78.8779,21.7952,0,NA,NA,0,15.54247075,NA,NA,NA,4.429015143,0,0,1.011538031,0,3.896229009,0.0036661,NA,0,0,NA,0,0,0,0,NA,NA,0,0,NA,0,0,0,0,0,"1b","1b","1b","1b","1b","1b","1b","1b","E: Conc. Uncertainty","E: Conc. Uncertainty","1b","1b","E: Conc. Uncertainty","E: Conc. Uncertainty","E: Conc. Uncertainty","1b","1b","1b","1b","1b","1b","1b","E: Conc. Uncertainty","1b","1b","E: Conc. Uncertainty","1b","1b","1b","1b","E: Conc. Uncertainty","E: Conc. Uncertainty","1b","1b","E: Conc. Uncertainty","1b","1b","1b","1b","1b"
"2025-11-07 05:00:00","PM10",0,0,0,339.2829,664.3786,115.6143,66.8344,2.8183,NA,1.1773,0,57.00904779,0,NA,1.596492835,5.079221625,0,NA,1.304673506,0,4.19379987,NA,0,0,0,0,NA,NA,0,0,0,NA,0,0,0,0,0,0,0,0,"1b","1b","1b","1b","1b","1b","1b","1b","E: Conc. Uncertainty","1b","1b","1b","1b","E: Conc. Uncertainty","1b","1b","1b","E: Conc. Uncertainty","1b","1b","1b","E: Conc. Uncertainty","1b","1b","1b","1b","E: Conc. Uncertainty","E: Conc. Uncertainty","1b","1b","1b","E: Conc. Uncertainty","1b","1b","1b","1b","1b","1b","1b","1b"
"2025-11-07 06:00:00","PM2.5",0,0,0,354.1505,68.651,54.7286,NA,NA,NA,NA,0,17.79023959,0,NA,NA,2.570452327,0,0,0.799839326,0,3.778544989,NA,NA,0,0,NA,0,0,0,0,0.1193,0,0,0,NA,0,0,0,0,0,"1b","1b","1b","1b","1b","1b","E: Conc. Uncertainty","E: Conc. Uncertainty","E: Conc. Uncertainty","E: Conc. Uncertainty","1b","1b","1b","E: Conc. Uncertainty","E: Conc. Uncertainty","1b","1b","1b","1b","1b","1b","E: Conc. Uncertainty","E: Conc. Uncertainty","1b","1b","E: Conc. Uncertainty","1b","1b","1b","1b","1b","1b","1b","1b","E: Conc. Uncertainty","1b","1b","1b","1b","1b"
"2025-11-07 07:00:00","PM10",0,0,0,794.6955,429.7993,93.1147,46.1076,2.5016,0,0.8713,0,104.6995225,0,NA,2.491595997,4.496380832,0,0,0.874891832,0,4.952833742,NA,NA,0,0,0,0,0,0,0,NA,NA,0,0,0,0,0,0,0,0,"1b","1b","1b","1b","1b","1b","1b","1b","1b","1b","1b","1b","1b","E: Conc. Uncertainty","1b","1b","1b","1b","1b","1b","1b","E: Conc. Uncertainty","E: Conc. Uncertainty","1b","1b","1b","1b","1b","1b","1b","E: Conc. Uncertainty","E: Conc. Uncertainty","1b","1b","1b","1b","1b","1b","1b","1b"
"2025-11-07 08:00:00","PM2.5",0,0,0,706.3698,77.7776,71.2577,8.7336,0,NA,NA,0,55.10411962,0,0,2.136496796,5.491506459,0,0,1.681710914,0,3.697762181,NA,NA,0,0,NA,NA,0,0,0,0,NA,NA,0,0,0,0,0,0,0,"1b","1b","1b","1b","1b","1b","1b","1b","E: Conc. Uncertainty","E: Conc. Uncertainty","1b","1b","1b","1b","1b","1b","1b","1b","1b","1b","1b","E: Conc. Uncertainty","E: Conc. Uncertainty","1b","1b","E: Conc. Uncertainty","E: Conc. Uncertainty","1b","1b","1b","1b","E: Conc. Uncertainty","E: Conc. Uncertainty","1b","1b","1b","1b","1b","1b","1b"
"2025-11-07 09:00:00","PM10",0,NA,0,725.3674,348.7681,127.1818,95.267,3.9238,NA,1.1331,NA,157.7260469,0,NA,3.570589732,23.90011703,0,0,2.615936498,0,4.957095609,NA,0,0,0,0,0,0,0,0,NA,0,NA,0,0,0,0,0,0,0,"1b","E: Conc. Uncertainty","1b","1b","1b","1b","1b","1b","E: Conc. Uncertainty","1b","E: Conc. Uncertainty","1b","1b","E: Conc. Uncertainty","1b","1b","1b","1b","1b","1b","1b","E: Conc. Uncertainty","1b","1b","1b","1b","1b","1b","1b","1b","E: Conc. Uncertainty","1b","E: Conc. Uncertainty","1b","1b","1b","1b","1b","1b","1b"
"2025-11-07 10:00:00","PM2.5",0,0,0,387.4235,49.3027,75.7448,8.4369,NA,NA,NA,0,27.10552089,0,0,0.733606849,24.24779338,0,0,3.127968888,NA,3.130463111,NA,NA,0,0,10.9244,0,0,NA,0,NA,NA,NA,0,0,0,0,0,NA,0,"1b","1b","1b","1b","1b","1b","1b","E: Conc. Uncertainty","E: Conc. Uncertainty","E: Conc. Uncertainty","1b","1b","1b","1b","1b","1b","1b","1b","1b","E: Conc. Uncertainty","1b","E: Conc. Uncertainty","E: Conc. Uncertainty","1b","1b","1b","1b","1b","E: Conc. Uncertainty","1b","E: Conc. Uncertainty","E: Conc. Uncertainty","E: Conc. Uncertainty","1b","1b","1b","1b","1b","E: Conc. Uncertainty","1b"
"2025-11-07 11:00:00","PM10",0,NA,0,490.7351,477.1839,128.4582,97.3208,4.992,0.9395,1.047,NA,122.7437242,0,NA,2.721676256,11.55735017,0,0,2.589317175,NA,3.605030806,NA,0,0,0,0,0,0,NA,0,NA,NA,NA,0,0,0,0,0,0,0,"1b","E: Conc. Uncertainty","1b","1b","1b","1b","1b","1b","1b","1b","E: Conc. Uncertainty","1b","1b","E: Conc. Uncertainty","1b","1b","1b","1b","1b","E: Conc. Uncertainty","1b","E: Conc. Uncertainty","1b","1b","1b","1b","1b","1b","E: Conc. Uncertainty","1b","E: Conc. Uncertainty","E: Conc. Uncertainty","E: Conc. Uncertainty","1b","1b","1b","1b","1b","1b","1b"
"2025-11-07 12:00:00","PM2.5",0,0,0,525.9552,86.3511,95.0245,23.8832,NA,NA,NA,0,46.48526629,0,NA,1.176000733,11.41976841,0,0,2.254624636,NA,3.178768392,NA,0,0,0,0,NA,0,0,0,NA,NA,0,0,0,0,0,0,2.879016667,0,"1b","1b","1b","1b","1b","1b","1b","E: Conc. Uncertainty","E: Conc. Uncertainty","E: Conc. Uncertainty","1b","1b","1b","E: Conc. Uncertainty","1b","1b","1b","1b","1b","E: Conc. Uncertainty","1b","E: Conc. Uncertainty","1b","1b","1b","1b","E: Conc. Uncertainty","1b","1b","1b","E: Conc. Uncertainty","E: Conc. Uncertainty","1b","1b","1b","1b","1b","1b","1b","1b"
"2025-11-07 13:00:00","PM10",0,NA,0,612.6255,620.6183,152.4966,182.1064,3.855,1.0249,0.735,NA,128.0321175,0,NA,2.937465632,10.56143459,0,0,1.907802285,NA,4.082411764,NA,0,0,0,0,0,0,0,0,0,0,0,0,0,0,0,0,1.790269037,0,"1b","E: Conc. Uncertainty","1b","1b","1b","1b","1b","1b","1b","1b","E: Conc. Uncertainty","1b","1b","E: Conc. Uncertainty","1b","1b","1b","1b","1b","E: Conc. Uncertainty","1b","E: Conc. Uncertainty","1b","1b","1b","1b","1b","1b","1b","1b","1b","1b","1b","1b","1b","1b","1b","1b","1b","1b"
"2025-11-07 14:00:00","PM2.5",0,0,0,348.0394,99.4127,73.719,30.5845,0,0.9272,0.816,0,36.89431664,0,NA,1.043422031,7.146905773,0,0,1.522052159,0,12.85767676,NA,NA,0,0,0,0,NA,0,0,0,NA,0,0,0,0,0,0,0,0,"1b","1b","1b","1b","1b","1b","1b","1b","1b","1b","1b","1b","1b","E: Conc. Uncertainty","1b","1b","1b","1b","1b","1b","1b","E: Conc. Uncertainty","E: Conc. Uncertainty","1b","1b","1b","1b","E: Conc. Uncertainty","1b","1b","1b","E: Conc. Uncertainty","1b","1b","1b","1b","1b","1b","1b","1b"
"2025-11-07 15:00:00","PM10",0,NA,0,295.7156,803.5601,138.3784,163.2226,3.6489,NA,1.1331,NA,175.6210782,0,NA,3.705280743,13.03782292,0,0,1.465844267,NA,5.535245701,NA,NA,0,0,0,NA,0,0,0,NA,NA,NA,0,0,0,0,0,2.605625051,0,"1b","E: Conc. Uncertainty","1b","1b","1b","1b","1b","1b","E: Conc. Uncertainty","1b","E: Conc. Uncertainty","1b","1b","E: Conc. Uncertainty","1b","1b","1b","1b","1b","E: Conc. Uncertainty","1b","E: Conc. Uncertainty","E: Conc. Uncertainty","1b","1b","1b","E: Conc. Uncertainty","1b","1b","1b","E: Conc. Uncertainty","E: Conc. Uncertainty","E: Conc. Uncertainty","1b","1b","1b","1b","1b","1b","1b"
"2025-11-07 16:00:00","PM2.5",0,0,0,346.9786,328.521,89.787,84.2799,2.8102,0,0.9616,NA,149.7354379,0,NA,3.481080202,13.98319934,0,0,3.308987793,NA,3.140178272,0,0,0,0,0,NA,0,0,0,NA,0,NA,0,0,0,0,0,4.800882212,0,"1b","1b","1b","1b","1b","1b","1b","1b","1b","1b","E: Conc. Uncertainty","1b","1b","E: Conc. Uncertainty","1b","1b","1b","1b","1b","E: Conc. Uncertainty","1b","1b","1b","1b","1b","1b","E: Conc. Uncertainty","1b","1b","1b","E: Conc. Uncertainty","1b","E: Conc. Uncertainty","1b","1b","1b","1b","1b","1b","1b"
"2025-11-07 17:00:00","PM10",0,0,0,477.3566,590.086,152.8042,82.5891,2.7627,NA,0.9572,0,126.5703876,0,NA,5.927811024,8.281509526,0,0,1.248676926,0,2.416910927,NA,NA,0,0,0,0,0,0,0,NA,NA,4.0264,0,0,0,0,0,0,NA,"1b","1b","1b","1b","1b","1b","1b","1b","E: Conc. Uncertainty","1b","1b","1b","1b","E: Conc. Uncertainty","1b","1b","1b","1b","1b","1b","1b","E: Conc. Uncertainty","E: Conc. Uncertainty","1b","1b","1b","1b","1b","1b","1b","E: Conc. Uncertainty","E: Conc. Uncertainty","1b","1b","1b","1b","1b","1b","1b","E: Conc. Uncertainty"
"2025-11-07 18:00:00","PM2.5",0,0,0,333.0812,163.3721,230.3483,13.9412,1.1049,NA,NA,0,31.77127546,0,0,8.697654081,11.78343722,0,0,7.864044498,0,0.946919393,3.716130607,0,0,0,0,0,NA,NA,0,0,0,7.9987,0,0,0,0,0,18.45182579,2.078410836,"1b","1b","1b","1b","1b","1b","1b","1b","E: Conc. Uncertainty","E: Conc. Uncertainty","1b","1b","1b","1b","1b","1b","1b","1b","1b","1b","1b","1b","1b","1b","1b","1b","1b","E: Conc. Uncertainty","E: Conc. Uncertainty","1b","1b","1b","1b","1b","1b","1b","1b","1b","1b","1b"
"2025-11-07 19:00:00","PM10",0,0,0,361.7624,460.04,468.6835,70.145,6.4611,0,1.0088,NA,111.3356199,0,NA,11.27287439,29.74195453,0,0,4.790288436,0,3.269933031,7.477151057,0,0,0,0,NA,0,0,NA,NA,NA,9.7468,0,0,0,0,0,3.248397012,2.084373155,"1b","1b","1b","1b","1b","1b","1b","1b","1b","1b","E: Conc. Uncertainty","1b","1b","E: Conc. Uncertainty","1b","1b","1b","1b","1b","1b","1b","1b","1b","1b","1b","1b","E: Conc. Uncertainty","1b","1b","E: Conc. Uncertainty","E: Conc. Uncertainty","E: Conc. Uncertainty","1b","1b","1b","1b","1b","1b","1b","1b"
"2025-11-07 20:00:00","PM2.5",0,0,0,314.9981,135.6054,318.0136,3.7113,2.2424,0,0.6958,0,30.18686992,NA,NA,6.282937211,29.6777255,0,0,4.750056007,0,21.78787601,3.259455001,1.551526445,0,0,0,0,0,0,NA,NA,NA,8.4662,0,0,0,0,0,3.43824973,1.76765239,"1b","1b","1b","1b","1b","1b","1b","1b","1b","1b","1b","1b","E: Conc. Uncertainty","E: Conc. Uncertainty","1b","1b","1b","1b","1b","1b","1b","1b","1b","1b","1b","1b","1b","1b","1b","E: Conc. Uncertainty","E: Conc. Uncertainty","E: Conc. Uncertainty","1b","1b","1b","1b","1b","1b","1b","1b"
"2025-11-07 21:00:00","PM10",0,0,0,370.9014,170.6454,442.9142,19.3537,2.7854,0,NA,0,65.01963759,0,NA,11.32709966,15.78947368,0,0,2.897261529,NA,2.690043775,7.676147816,NA,0,0,0,0,0,0,0,NA,0,14.688,0,0,0,0,0,NA,2.873002138,"1b","1b","1b","1b","1b","1b","1b","1b","1b","E: Conc. Uncertainty","1b","1b","1b","E: Conc. Uncertainty","1b","1b","1b","1b","1b","E: Conc. Uncertainty","1b","1b","E: Conc. Uncertainty","1b","1b","1b","1b","1b","1b","1b","E: Conc. Uncertainty","1b","1b","1b","1b","1b","1b","1b","E: Conc. Uncertainty","1b"
"2025-11-07 22:00:00","PM2.5",0,0,0,203.5034,239.7543,154.8641,0,NA,NA,NA,0,14.83744504,0,0,3.525128236,43.97936004,0,0,4.87045066,0,3.593602426,NA,0,0,0,0,0,NA,0,0,0,NA,NA,0,0,0,0,0,12.11100594,0,"1b","1b","1b","1b","1b","1b","1b","E: Conc. Uncertainty","E: Conc. Uncertainty","E: Conc. Uncertainty","1b","1b","1b","1b","1b","1b","1b","1b","1b","1b","1b","E: Conc. Uncertainty","1b","1b","1b","1b","1b","E: Conc. Uncertainty","1b","1b","1b","E: Conc. Uncertainty","E: Conc. Uncertainty","1b","1b","1b","1b","1b","1b","1b"
"2025-11-07 23:00:00","PM10",0,0,0,189.8943,282.7003,231.2926,7.1919,1.8761,0,NA,0,37.71646515,0,0,3.743262498,118.3526706,0,0,6.859530207,0,3.860883814,2.040211285,NA,0,NA,0,0,0,0,NA,NA,NA,NA,0,0,0,0,0,39.63831216,0,"1b","1b","1b","1b","1b","1b","1b","1b","1b","E: Conc. Uncertainty","1b","1b","1b","1b","1b","1b","1b","1b","1b","1b","1b","1b","E: Conc. Uncertainty","1b","E: Conc. Uncertainty","1b","1b","1b","1b","E: Conc. Uncertainty","E: Conc. Uncertainty","E: Conc. Uncertainty","E: Conc. Uncertainty","1b","1b","1b","1b","1b","1b","1b"
"2025-11-08 00:30:00","PM2.5",0,0,NA,132.0318,65.6907,129.3121,0,NA,NA,NA,0,10.65067841,0,0,2.149706296,17.08281625,0,0,5.173430132,0,1.83931083,NA,NA,0,0,0,0,0,0,0,0,0,NA,0,0,0,0,0,0,0,"1b","1b","E: Conc. Uncertainty","1b","1b","1b","1b","E: Conc. Uncertainty","E: Conc. Uncertainty","E: Conc. Uncertainty","1b","1b","1b","1b","1b","1b","1b","1b","1b","1b","1b","E: Conc. Uncertainty","E: Conc. Uncertainty","1b","1b","1b","1b","1b","1b","1b","1b","1b","E: Conc. Uncertainty","1b","1b","1b","1b","1b","1b","1b"
"2025-11-08 01:00:00","PM10",0,0,0,129.6412,53.1018,159.5127,3.6043,1.0572,0,NA,0,29.05744813,0,NA,1.584118658,34.59350189,0,0,4.137790113,0,1.200504234,1.673803206,0,0,0,0,NA,0,0,0,0,0,NA,0,0,0,0,0,4.352679252,0,"1b","1b","1b","1b","1b","1b","1b","1b","1b","E: Conc. Uncertainty","1b","1b","1b","E: Conc. Uncertainty","1b","1b","1b","1b","1b","1b","1b","1b","1b","1b","1b","1b","E: Conc. Uncertainty","1b","1b","1b","1b","1b","E: Conc. Uncertainty","1b","1b","1b","1b","1b","1b","1b"
"2025-11-08 02:00:00","PM2.5",0,0,0,129.706,35.6289,93.6581,0,0,0,NA,0,4.326742859,0,0,1.188791101,13.72449375,0,0,2.777360143,0,1.329269038,NA,NA,0,0,0,0,NA,0,0,NA,NA,NA,0,0,0,0,0,1.352778796,0,"1b","1b","1b","1b","1b","1b","1b","1b","1b","E: Conc. Uncertainty","1b","1b","1b","1b","1b","1b","1b","1b","1b","1b","1b","E: Conc. Uncertainty","E: Conc. Uncertainty","1b","1b","1b","1b","E: Conc. Uncertainty","1b","1b","E: Conc. Uncertainty","E: Conc. Uncertainty","E: Conc. Uncertainty","1b","1b","1b","1b","1b","1b","1b"
"2025-11-08 03:00:00","PM10",0,0,0,140.1302,152.2707,127.9062,4.3879,NA,0,NA,0,14.69486543,0,NA,1.423713815,9.947535448,0,0,2.365665114,0,1.994314136,NA,0,0,0,9.0848,NA,0,0,0,NA,NA,NA,0,0,0,0,0,1.478487296,0,"1b","1b","1b","1b","1b","1b","1b","E: Conc. Uncertainty","1b","E: Conc. Uncertainty","1b","1b","1b","E: Conc. Uncertainty","1b","1b","1b","1b","1b","1b","1b","E: Conc. Uncertainty","1b","1b","1b","1b","E: Conc. Uncertainty","1b","1b","1b","E: Conc. Uncertainty","E: Conc. Uncertainty","E: Conc. Uncertainty","1b","1b","1b","1b","1b","1b","1b"
"2025-11-08 04:00:00","PM2.5",0,0,0,126.2005,44.3357,65.6147,0,0,0,NA,0,4.019656894,0,0,1.156106044,7.626498673,0,0,2.597140446,0,1.605377427,0,0,0,0,0,0,0,0,0,NA,0,0,0,0,0,0,0,NA,0,"1b","1b","1b","1b","1b","1b","1b","1b","1b","E: Conc. Uncertainty","1b","1b","1b","1b","1b","1b","1b","1b","1b","1b","1b","1b","1b","1b","1b","1b","1b","1b","1b","1b","E: Conc. Uncertainty","1b","1b","1b","1b","1b","1b","1b","E: Conc. Uncertainty","1b"
"2025-11-08 05:00:00","PM10",0,0,NA,177.2129,369.3068,128.9044,11.8545,1.5619,0,NA,0,15.95064972,NA,NA,1.200914498,7.42281763,0,NA,3.448409304,0,2.038178745,NA,NA,0,0,0,0.057,0,0,0,0,NA,0,0,0,0,0,0,NA,0,"1b","1b","E: Conc. Uncertainty","1b","1b","1b","1b","1b","1b","E: Conc. Uncertainty","1b","1b","E: Conc. Uncertainty","E: Conc. Uncertainty","1b","1b","1b","E: Conc. Uncertainty","1b","1b","1b","E: Conc. Uncertainty","E: Conc. Uncertainty","1b","1b","1b","1b","1b","1b","1b","1b","E: Conc. Uncertainty","1b","1b","1b","1b","1b","1b","E: Conc. Uncertainty","1b"
"2025-11-08 06:00:00","PM2.5",0,0,0,176.5387,73.4531,86.7832,NA,NA,0,NA,0,12.73600945,0,0,1.553381453,8.690981095,0,0,2.85510094,NA,2.626080406,NA,NA,0,0,0,0,0,0,0,NA,0,NA,0,0,0,0,0,NA,0,"1b","1b","1b","1b","1b","1b","E: Conc. Uncertainty","E: Conc. Uncertainty","1b","E: Conc. Uncertainty","1b","1b","1b","1b","1b","1b","1b","1b","1b","E: Conc. Uncertainty","1b","E: Conc. Uncertainty","E: Conc. Uncertainty","1b","1b","1b","1b","1b","1b","1b","E: Conc. Uncertainty","1b","E: Conc. Uncertainty","1b","1b","1b","1b","1b","E: Conc. Uncertainty","1b"
"2025-11-08 07:00:00","PM10",0,0,0,234.3265,497.9535,131.6639,19.2442,0,0,0.7582,0,92.41725901,0,NA,4.849650706,12.8284792,0,0,3.063565449,0,4.028014827,NA,0,0,0,0,NA,0,0,0,0,0,NA,0,0,0,0,0,NA,0,"1b","1b","1b","1b","1b","1b","1b","1b","1b","1b","1b","1b","1b","E: Conc. Uncertainty","1b","1b","1b","1b","1b","1b","1b","E: Conc. Uncertainty","1b","1b","1b","1b","E: Conc. Uncertainty","1b","1b","1b","1b","1b","E: Conc. Uncertainty","1b","1b","1b","1b","1b","E: Conc. Uncertainty","1b"
"2025-11-08 08:00:00","PM2.5",0,0,0,174.6114,70.9861,67.6886,2.2395,NA,0,NA,0,37.19820921,0,0,1.487261763,9.343356864,0,0,2.021452801,0,2.03990058,NA,0,0,0,0,NA,0,NA,0,NA,0,0,0,0,0,0,0,0,0,"1b","1b","1b","1b","1b","1b","1b","E: Conc. Uncertainty","1b","E: Conc. Uncertainty","1b","1b","1b","1b","1b","1b","1b","1b","1b","1b","1b","E: Conc. Uncertainty","1b","1b","1b","1b","E: Conc. Uncertainty","1b","E: Conc. Uncertainty","1b","E: Conc. Uncertainty","1b","1b","1b","1b","1b","1b","1b","1b","1b"
"2025-11-08 09:00:00","PM10",0,0,NA,212.9053,606.8057,102.7874,26.8034,NA,0,0.6772,0,88.53619691,0,NA,1.46417988,6.571156529,0,0.000122201,1.686544669,0,2.064980295,NA,0,0,0,0,0,0,0,0,0,0,NA,0,0,0,0,0,0,0,"1b","1b","E: Conc. Uncertainty","1b","1b","1b","1b","E: Conc. Uncertainty","1b","1b","1b","1b","1b","E: Conc. Uncertainty","1b","1b","1b","1b","1b","1b","1b","E: Conc. Uncertainty","1b","1b","1b","1b","1b","1b","1b","1b","1b","1b","E: Conc. Uncertainty","1b","1b","1b","1b","1b","1b","1b"
"2025-11-08 10:00:00","PM2.5",0,0,NA,152.4284,300.1083,70.6333,15.1819,0,0,NA,0,36.60070229,0,NA,2.187216285,11.6415369,0,0,2.911033079,0,3.466910941,NA,0,0,NA,0,NA,0,0,0,NA,0,NA,0,0,0,0,0,5.81864631,0,"1b","1b","E: Conc. Uncertainty","1b","1b","1b","1b","1b","1b","E: Conc. Uncertainty","1b","1b","1b","E: Conc. Uncertainty","1b","1b","1b","1b","1b","1b","1b","E: Conc. Uncertainty","1b","1b","E: Conc. Uncertainty","1b","E: Conc. Uncertainty","1b","1b","1b","E: Conc. Uncertainty","1b","E: Conc. Uncertainty","1b","1b","1b","1b","1b","1b","1b"
"2025-11-08 11:00:00","PM10",0,0,0,181.896,1415.0284,90.3168,49.5772,NA,0,NA,0,81.4358604,0,0,4.800181062,14.47554141,0,0,1.921726393,0,3.619668596,NA,0,0,0,0,NA,NA,0,0,NA,0,NA,0,0,0,0,0,10.38342369,0,"1b","1b","1b","1b","1b","1b","1b","E: Conc. Uncertainty","1b","E: Conc. Uncertainty","1b","1b","1b","1b","1b","1b","1b","1b","1b","1b","1b","E: Conc. Uncertainty","1b","1b","1b","1b","E: Conc. Uncertainty","E: Conc. Uncertainty","1b","1b","E: Conc. Uncertainty","1b","E: Conc. Uncertainty","1b","1b","1b","1b","1b","1b","1b"
"2025-11-08 12:00:00","PM2.5",0,0,0,138.0119,457.3,51.5724,14.9511,0,0,0.8549,0,35.77363275,0,NA,2.920959364,10.35595274,0,0,3.098166819,0,1.986006722,NA,NA,0,0,0,0,0,0,0,NA,0,0,0,0,0,0,0,1.193909767,0,"1b","1b","1b","1b","1b","1b","1b","1b","1b","1b","1b","1b","1b","E: Conc. Uncertainty","1b","1b","1b","1b","1b","1b","1b","E: Conc. Uncertainty","E: Conc. Uncertainty","1b","1b","1b","1b","1b","1b","1b","E: Conc. Uncertainty","1b","1b","1b","1b","1b","1b","1b","1b","1b"
"2025-11-08 13:00:00","PM10",0,0,0,172.4341,1979.4773,99.6788,66.8919,1.63,0,NA,0,153.2216555,0,0,5.555222999,11.30546987,0,0,2.766769488,0,5.17720836,NA,NA,0,0,0,NA,0,0,0,NA,0,NA,0,0,0,0,0,NA,0,"1b","1b","1b","1b","1b","1b","1b","1b","1b","E: Conc. Uncertainty","1b","1b","1b","1b","1b","1b","1b","1b","1b","1b","1b","E: Conc. Uncertainty","E: Conc. Uncertainty","1b","1b","1b","E: Conc. Uncertainty","1b","1b","1b","E: Conc. Uncertainty","1b","E: Conc. Uncertainty","1b","1b","1b","1b","1b","E: Conc. Uncertainty","1b"
"2025-11-08 14:00:00","PM2.5",0,0,0,121.9813,1081.0909,50.2225,23.8519,NA,0,NA,0,46.55478594,0,0,2.440721991,3.063602009,0,0,1.48710949,0,1.992024284,0,NA,0,0,0,0,0,0,NA,0,0,0,0,0,0,0,0,0,0,"1b","1b","1b","1b","1b","1b","1b","E: Conc. Uncertainty","1b","E: Conc. Uncertainty","1b","1b","1b","1b","1b","1b","1b","1b","1b","1b","1b","1b","E: Conc. Uncertainty","1b","1b","1b","1b","1b","1b","E: Conc. Uncertainty","1b","1b","1b","1b","1b","1b","1b","1b","1b","1b"
"2025-11-08 15:00:00","PM10",0,0,0,259.7052,3753.7509,113.7317,105.5487,1.5083,0,0.9465,0,148.4050303,0,0,8.041532701,3.398569452,0,0,2.745136543,NA,9.551106996,NA,NA,0,0,0,0,0,0,0,0,NA,NA,0,0,0,0,0,0,0,"1b","1b","1b","1b","1b","1b","1b","1b","1b","1b","1b","1b","1b","1b","1b","1b","1b","1b","1b","E: Conc. Uncertainty","1b","E: Conc. Uncertainty","E: Conc. Uncertainty","1b","1b","1b","1b","1b","1b","1b","1b","E: Conc. Uncertainty","E: Conc. Uncertainty","1b","1b","1b","1b","1b","1b","1b"
"2025-11-08 16:00:00","PM2.5",0,0,0,130.3686,1174.0088,78.1326,38.2618,0,0,0.8015,NA,168.2968917,0,0,15.25492191,8.926204406,0,0,1.126560513,0.005941904,3.045062827,NA,NA,0,0,0,0,0,0,NA,NA,NA,4.8848,0,0,0,0,0,0,0,"1b","1b","1b","1b","1b","1b","1b","1b","1b","1b","E: Conc. Uncertainty","1b","1b","1b","1b","1b","1b","1b","1b","1b","1b","E: Conc. Uncertainty","E: Conc. Uncertainty","1b","1b","1b","1b","1b","1b","E: Conc. Uncertainty","E: Conc. Uncertainty","E: Conc. Uncertainty","1b","1b","1b","1b","1b","1b","1b","1b"
"2025-11-08 17:00:00","PM10",0,0,0,234.0656,2892.8485,171.8164,136.8922,2.9863,0,1.1496,1.5234,386.3069344,0,0,17.24323912,16.54678419,0,0,3.880293947,0,7.33417134,1.573186496,NA,0,0,0,0,0,0,0,NA,0,7.5517,0,0,0,0,0,0,0,"1b","1b","1b","1b","1b","1b","1b","1b","1b","1b","1b","1b","1b","1b","1b","1b","1b","1b","1b","1b","1b","1b","E: Conc. Uncertainty","1b","1b","1b","1b","1b","1b","1b","E: Conc. Uncertainty","1b","1b","1b","1b","1b","1b","1b","1b","1b"
"2025-11-08 18:00:00","PM2.5",0,0,0,207.8052,1030.5555,587.356,28.8961,1.9361,0,0.9514,NA,201.430489,0,NA,23.48875805,34.26057333,0,0,4.482382013,0,16.13255438,7.077966584,NA,0,0,0,NA,NA,0,0,NA,0,22.0102,0,0,0,0,0,2.74888394,2.274535526,"1b","1b","1b","1b","1b","1b","1b","1b","1b","1b","E: Conc. Uncertainty","1b","1b","E: Conc. Uncertainty","1b","1b","1b","1b","1b","1b","1b","1b","E: Conc. Uncertainty","1b","1b","1b","E: Conc. Uncertainty","E: Conc. Uncertainty","1b","1b","E: Conc. Uncertainty","1b","1b","1b","1b","1b","1b","1b","1b","1b"
"2025-11-08 19:00:00","PM10",806.9291,0,0,1193.5208,4681.0735,4111.1949,126.7403,36.8871,0,5.2678,11.5324,963.1004336,0,0,154.3444542,88.90750504,0,0,8.952337818,NA,59.28572883,60.57987461,0,0,0,0,0,0,NA,0,NA,0,172.9056,0,0,0,0,0,14.53177479,56.40284365,"1b","1b","1b","1b","1b","1b","1b","1b","1b","1b","1b","1b","1b","1b","1b","1b","1b","1b","1b","E: Conc. Uncertainty","1b","1b","1b","1b","1b","1b","1b","1b","E: Conc. Uncertainty","1b","E: Conc. Uncertainty","1b","1b","1b","1b","1b","1b","1b","1b","1b"
"2025-11-08 20:00:00","PM2.5",0,0,0,1232.654,2608.0393,4391.794,22.0277,25.4469,0,2.4266,4.5878,235.6789445,0,0,129.3070063,133.3871887,0,0,12.85252377,0,28.22712927,94.4912854,0,0,0,0,NA,0,0,0,0,NA,167.7477,0,0,0,0,0,34.81582269,50.41332234,"1b","1b","1b","1b","1b","1b","1b","1b","1b","1b","1b","1b","1b","1b","1b","1b","1b","1b","1b","1b","1b","1b","1b","1b","1b","1b","E: Conc. Uncertainty","1b","1b","1b","1b","E: Conc. Uncertainty","1b","1b","1b","1b","1b","1b","1b","1b"
"2025-11-08 21:00:00","PM10",1325.737,0,0,1453.8911,5671.0108,4722.2713,105.2633,32.369,0,3.5214,6.5518,599.6795015,0,NA,122.8505834,316.2933966,0,0,32.27627212,0,34.61583963,94.24644173,0,0,0,0,0,0,0,0,0,NA,184.6427,0,0,0,0,0,69.7909226,47.15066889,"1b","1b","1b","1b","1b","1b","1b","1b","1b","1b","1b","1b","1b","E: Conc. Uncertainty","1b","1b","1b","1b","1b","1b","1b","1b","1b","1b","1b","1b","1b","1b","1b","1b","1b","E: Conc. Uncertainty","1b","1b","1b","1b","1b","1b","1b","1b"
"2025-11-08 22:00:00","PM2.5",0,0,0,929.6227,2307.519,3210.914,26.636,15.6161,0,1.2339,1.6534,132.4222243,0,0,73.88926567,155.4928258,0,0,17.1358466,0,28.23048096,62.75994664,0,0,0,0,0,NA,0,0,0,0,127.1762,0,0,0,0,0,45.44654223,33.59004674,"1b","1b","1b","1b","1b","1b","1b","1b","1b","1b","1b","1b","1b","1b","1b","1b","1b","1b","1b","1b","1b","1b","1b","1b","1b","1b","1b","E: Conc. Uncertainty","1b","1b","1b","1b","1b","1b","1b","1b","1b","1b","1b","1b"
"2025-11-08 23:00:00","PM10",0,0,0,690.8611,3580.1772,1674.3552,91.9125,13.8841,0,NA,1.9292,364.6666802,0,NA,42.12611412,102.8477677,0,0,14.3759615,0,26.21378861,22.59860201,0,0,0,NA,0,NA,0,0,NA,0,48.9686,0,0,0,0,0,28.34921249,11.63420292,"1b","1b","1b","1b","1b","1b","1b","1b","1b","E: Conc. Uncertainty","1b","1b","1b","E: Conc. Uncertainty","1b","1b","1b","1b","1b","1b","1b","1b","1b","1b","1b","E: Conc. Uncertainty","1b","E: Conc. Uncertainty","1b","1b","E: Conc. Uncertainty","1b","1b","1b","1b","1b","1b","1b","1b","1b"
"2025-11-09 00:30:00","PM2.5",0,0,0,335.5614,1295.2204,820.2963,12.687,4.1986,0,1.6941,0,54.62972833,0,0,18.43375684,71.95845471,0,0,12.55370313,0,21.62776573,9.721537031,NA,0,0,0,NA,0,0,0,NA,NA,18.1516,0,0,0,0,0,25.93498606,5.76469373,"1b","1b","1b","1b","1b","1b","1b","1b","1b","1b","1b","1b","1b","1b","1b","1b","1b","1b","1b","1b","1b","1b","E: Conc. Uncertainty","1b","1b","1b","E: Conc. Uncertainty","1b","1b","1b","E: Conc. Uncertainty","E: Conc. Uncertainty","1b","1b","1b","1b","1b","1b","1b","1b"
"2025-11-09 01:00:00","PM10",0,0,0,511.8278,2767.6806,648.4796,72.7446,3.3164,0,1.4383,0,76.63148148,0,NA,12.24439357,75.68710826,0,0,9.519312169,0,23.40499593,7.313268213,0,0,0,0,NA,0,0,0,0,NA,12.2211,0,0,0,0,0,32.21126374,2.788400488,"1b","1b","1b","1b","1b","1b","1b","1b","1b","1b","1b","1b","1b","E: Conc. Uncertainty","1b","1b","1b","1b","1b","1b","1b","1b","1b","1b","1b","1b","E: Conc. Uncertainty","1b","1b","1b","1b","E: Conc. Uncertainty","1b","1b","1b","1b","1b","1b","1b","1b"
"2025-11-09 02:00:00","PM2.5",0,0,0,372.8706,849.4783,820.9103,11.699,3.3432,0,0.8006,0,20.59287568,0,0,17.43194748,88.32913338,0,0,9.942425322,0,16.16167116,12.12514376,0,0,0,NA,0,0,0,0,0,0,19.7254,0,0,0,0,0,30.54533612,4.898386851,"1b","1b","1b","1b","1b","1b","1b","1b","1b","1b","1b","1b","1b","1b","1b","1b","1b","1b","1b","1b","1b","1b","1b","1b","1b","E: Conc. Uncertainty","1b","1b","1b","1b","1b","1b","1b","1b","1b","1b","1b","1b","1b","1b"
"2025-11-09 03:00:00","PM10",NA,0,0,482.7841,3636.9651,825.6562,90.1524,6.1474,0,0.8669,NA,43.37254345,0,0,16.73584887,69.42548725,0,0,10.3623522,0,17.56959458,12.40848155,0,0,0,0,0,0,NA,0,NA,NA,18.7166,0,0,0,0,0,24.98121971,4.284807431,"E: Conc. Uncertainty","1b","1b","1b","1b","1b","1b","1b","1b","1b","E: Conc. Uncertainty","1b","1b","1b","1b","1b","1b","1b","1b","1b","1b","1b","1b","1b","1b","1b","1b","1b","E: Conc. Uncertainty","1b","E: Conc. Uncertainty","E: Conc. Uncertainty","1b","1b","1b","1b","1b","1b","1b","1b"
"2025-11-09 04:00:00","PM2.5",0,0,0,204.8269,692.2661,493.0858,10.6749,1.565,0,NA,0,10.02293013,NA,NA,7.256780825,54.4330772,0,0,7.295832273,0,8.628904381,4.576184418,0,0,0,NA,NA,0,0,0,0,0,5.4533,0,0,0,0,0,19.46124879,NA,"1b","1b","1b","1b","1b","1b","1b","1b","1b","E: Conc. Uncertainty","1b","1b","E: Conc. Uncertainty","E: Conc. Uncertainty","1b","1b","1b","1b","1b","1b","1b","1b","1b","1b","1b","E: Conc. Uncertainty","E: Conc. Uncertainty","1b","1b","1b","1b","1b","1b","1b","1b","1b","1b","1b","1b","E: Conc. Uncertainty"
"2025-11-09 05:00:00","PM10",0,0,0,369.5436,3287.0492,421.3664,89.8053,1.7062,0,0.8594,0,35.85056758,0,0,5.547339084,47.54402311,0,0,7.479331109,NA,15.77943689,3.208641875,0,0,0,0,NA,NA,0,NA,NA,0.0126,3.7314,0,0,0,0,0,12.69752421,NA,"1b","1b","1b","1b","1b","1b","1b","1b","1b","1b","1b","1b","1b","1b","1b","1b","1b","1b","1b","E: Conc. Uncertainty","1b","1b","1b","1b","1b","1b","E: Conc. Uncertainty","E: Conc. Uncertainty","1b","E: Conc. Uncertainty","E: Conc. Uncertainty","1b","1b","1b","1b","1b","1b","1b","1b","E: Conc. Uncertainty"
"2025-11-09 06:00:00","PM2.5",0,0,0,215.1475,500.7282,222.5036,11.227,0,0,NA,0,6.775928206,0,0,3.100924899,35.37199459,0,NA,4.855618075,0,10.76000448,NA,NA,0,0,NA,0,NA,0,NA,NA,NA,NA,0,0,0,0,0,10.61381142,0,"1b","1b","1b","1b","1b","1b","1b","1b","1b","E: Conc. Uncertainty","1b","1b","1b","1b","1b","1b","1b","E: Conc. Uncertainty","1b","1b","1b","E: Conc. Uncertainty","E: Conc. Uncertainty","1b","1b","E: Conc. Uncertainty","1b","E: Conc. Uncertainty","1b","E: Conc. Uncertainty","E: Conc. Uncertainty","E: Conc. Uncertainty","E: Conc. Uncertainty","1b","1b","1b","1b","1b","1b","1b"
"2025-11-09 07:00:00","PM10",0,0,NA,408.1329,3332.6538,227.1363,91.4873,NA,0,NA,0,14.98232637,0,NA,2.590423475,28.60410859,0,0,3.703007672,NA,13.66151482,1.429264769,0,0,0,0,0,NA,0,0,0,0,NA,0,0,0,0,0,5.851875216,0,"1b","1b","E: Conc. Uncertainty","1b","1b","1b","1b","E: Conc. Uncertainty","1b","E: Conc. Uncertainty","1b","1b","1b","E: Conc. Uncertainty","1b","1b","1b","1b","1b","E: Conc. Uncertainty","1b","1b","1b","1b","1b","1b","1b","E: Conc. Uncertainty","1b","1b","1b","1b","E: Conc. Uncertainty","1b","1b","1b","1b","1b","1b","1b"
"2025-11-09 08:00:00","PM2.5",0,0,0,190.8499,663.4652,115.8254,17.6757,0,NA,0.6742,0,8.001425662,0,NA,1.552729124,31.96654786,0,0,3.436293279,0,7.744338086,0,NA,0,0,0,0,0,0,NA,NA,0,NA,0,0,0,0,0,7.747016293,0,"1b","1b","1b","1b","1b","1b","1b","1b","E: Conc. Uncertainty","1b","1b","1b","1b","E: Conc. Uncertainty","1b","1b","1b","1b","1b","1b","1b","1b","E: Conc. Uncertainty","1b","1b","1b","1b","1b","1b","E: Conc. Uncertainty","E: Conc. Uncertainty","1b","E: Conc. Uncertainty","1b","1b","1b","1b","1b","1b","1b"
"2025-11-09 09:00:00","PM10",NA,0,0,256.7066,2697.5807,141.0481,71.9936,NA,NA,NA,0,33.94130889,0,NA,1.303865546,17.25745862,0,0,3.408983957,NA,6.807771836,1.791403107,0,0,0,0,NA,0,0,0,NA,0,NA,0,0,0,0,0,1.098955946,0,"E: Conc. Uncertainty","1b","1b","1b","1b","1b","1b","E: Conc. Uncertainty","E: Conc. Uncertainty","E: Conc. Uncertainty","1b","1b","1b","E: Conc. Uncertainty","1b","1b","1b","1b","1b","E: Conc. Uncertainty","1b","1b","1b","1b","1b","1b","E: Conc. Uncertainty","1b","1b","1b","E: Conc. Uncertainty","1b","E: Conc. Uncertainty","1b","1b","1b","1b","1b","1b","1b"
"2025-11-09 10:00:00","PM2.5",0,0,0,164.8592,663.5381,79.8069,20.4349,1.3951,0,NA,0,16.49252653,0,0,1.094453658,16.08539799,0,0,2.711500697,0,4.631932927,NA,NA,0,0,0,0,0,0,NA,NA,NA,0,0,0,0,0,0,2.073452651,0,"1b","1b","1b","1b","1b","1b","1b","1b","1b","E: Conc. Uncertainty","1b","1b","1b","1b","1b","1b","1b","1b","1b","1b","1b","E: Conc. Uncertainty","E: Conc. Uncertainty","1b","1b","1b","1b","1b","1b","E: Conc. Uncertainty","E: Conc. Uncertainty","E: Conc. Uncertainty","1b","1b","1b","1b","1b","1b","1b","1b"
"2025-11-09 11:00:00","PM10",0,0,0,326.7564,3825.7815,152.5906,114.6926,2.5145,0,NA,0,58.57243964,0,NA,1.25884174,12.32839438,0,0,2.999470463,NA,6.1873848,NA,0,0,0,NA,0,NA,0,0,0,0,NA,0,0,0,0,0,18.36539069,0,"1b","1b","1b","1b","1b","1b","1b","1b","1b","E: Conc. Uncertainty","1b","1b","1b","E: Conc. Uncertainty","1b","1b","1b","1b","1b","E: Conc. Uncertainty","1b","E: Conc. Uncertainty","1b","1b","1b","E: Conc. Uncertainty","1b","E: Conc. Uncertainty","1b","1b","1b","1b","E: Conc. Uncertainty","1b","1b","1b","1b","1b","1b","1b"
"2025-11-09 12:00:00","PM2.5",0,0,0,214.0035,1058.8034,56.5701,32.1582,NA,0,0.739,0,18.7724001,0,NA,0.810302876,6.723379995,0,0,2.276650547,0,5.319928735,0,0,0,0,0,0,0,NA,0,NA,NA,0,0,0,0,0,0,2.805853907,0,"1b","1b","1b","1b","1b","1b","1b","E: Conc. Uncertainty","1b","1b","1b","1b","1b","E: Conc. Uncertainty","1b","1b","1b","1b","1b","1b","1b","1b","1b","1b","1b","1b","1b","1b","E: Conc. Uncertainty","1b","E: Conc. Uncertainty","E: Conc. Uncertainty","1b","1b","1b","1b","1b","1b","1b","1b"
"2025-11-09 13:00:00","PM10",0,0,0,364.553,4617.1392,158.0035,132.3618,NA,NA,0.7257,0,56.12314478,0,0,1.646008414,7.303415539,0,0,2.08222555,NA,6.908178753,NA,NA,0,0,0,0,0,0,NA,0,NA,0,0,0,0,0,0,3.424879544,0,"1b","1b","1b","1b","1b","1b","1b","E: Conc. Uncertainty","E: Conc. Uncertainty","1b","1b","1b","1b","1b","1b","1b","1b","1b","1b","E: Conc. Uncertainty","1b","E: Conc. Uncertainty","E: Conc. Uncertainty","1b","1b","1b","1b","1b","1b","E: Conc. Uncertainty","1b","E: Conc. Uncertainty","1b","1b","1b","1b","1b","1b","1b","1b"
"2025-11-09 14:00:00","PM2.5",0,0,0,272.1868,1179.0319,127.7341,58.6241,NA,NA,0.8612,0,20.3086156,0,NA,1.032723019,8.376513071,0,0,3.176034991,0,5.532244939,NA,0,0,0,0,0,0,0,NA,0,0,0,0,0,0,0,0,0,0,"1b","1b","1b","1b","1b","1b","1b","E: Conc. Uncertainty","E: Conc. Uncertainty","1b","1b","1b","1b","E: Conc. Uncertainty","1b","1b","1b","1b","1b","1b","1b","E: Conc. Uncertainty","1b","1b","1b","1b","1b","1b","1b","E: Conc. Uncertainty","1b","1b","1b","1b","1b","1b","1b","1b","1b","1b"
"2025-11-09 15:00:00","PM10",0,0,0,328.1789,4067.4572,175.9906,141.1434,1.252,0,NA,0,45.39868377,0,NA,1.070927973,4.771103946,0,0,0.898617652,NA,5.904680046,1.651870086,0,0,0,NA,0,0,0,0,0.1618,0,NA,0,0,0,0,0,0,0,"1b","1b","1b","1b","1b","1b","1b","1b","1b","E: Conc. Uncertainty","1b","1b","1b","E: Conc. Uncertainty","1b","1b","1b","1b","1b","E: Conc. Uncertainty","1b","1b","1b","1b","1b","E: Conc. Uncertainty","1b","1b","1b","1b","1b","1b","E: Conc. Uncertainty","1b","1b","1b","1b","1b","1b","1b"
"2025-11-09 16:00:00","PM2.5",0,0,0,194.801,1133.033,68.0465,40.41,0,NA,NA,0,18.89978836,0,NA,NA,3.670010785,0,0,1.348863474,0.000661362,4.450631855,NA,0,0,0,0,0,0,0,0,NA,0,0,0,0,0,0,0,0,0,"1b","1b","1b","1b","1b","1b","1b","1b","E: Conc. Uncertainty","E: Conc. Uncertainty","1b","1b","1b","E: Conc. Uncertainty","E: Conc. Uncertainty","1b","1b","1b","1b","1b","1b","E: Conc. Uncertainty","1b","1b","1b","1b","1b","1b","1b","1b","E: Conc. Uncertainty","1b","1b","1b","1b","1b","1b","1b","1b","1b"
"2025-11-09 17:00:00","PM10",0,0,0.1727,309.1909,3796.471,155.049,105.8581,NA,0,NA,0,47.07297383,0,NA,1.6377778,2.928532888,0,0,1.072566606,NA,5.515306382,NA,NA,NA,0,NA,0,NA,NA,NA,0,NA,0,0,0,0,0,0,0,0,"1b","1b","1b","1b","1b","1b","1b","E: Conc. Uncertainty","1b","E: Conc. Uncertainty","1b","1b","1b","E: Conc. Uncertainty","1b","1b","1b","1b","1b","E: Conc. Uncertainty","1b","E: Conc. Uncertainty","E: Conc. Uncertainty","E: Conc. Uncertainty","1b","E: Conc. Uncertainty","1b","E: Conc. Uncertainty","E: Conc. Uncertainty","E: Conc. Uncertainty","1b","E: Conc. Uncertainty","1b","1b","1b","1b","1b","1b","1b","1b"
"2025-11-09 18:00:00","PM2.5",0,0,0,174.2726,616.4707,139.2838,17.0944,NA,NA,NA,0,11.7620036,0,0,2.426910045,7.777102856,0,0,1.700477193,0,4.256249809,2.256259984,NA,0,0,0,0,0,0,0,NA,0,NA,0,NA,0,0,0,0,0,"1b","1b","1b","1b","1b","1b","1b","E: Conc. Uncertainty","E: Conc. Uncertainty","E: Conc. Uncertainty","1b","1b","1b","1b","1b","1b","1b","1b","1b","1b","1b","1b","E: Conc. Uncertainty","1b","1b","1b","1b","1b","1b","1b","E: Conc. Uncertainty","1b","E: Conc. Uncertainty","1b","E: Conc. Uncertainty","1b","1b","1b","1b","1b"
"2025-11-09 19:00:00","PM10",0,0,0,238,1622.0745,162.5063,53.467,NA,0,NA,0,36.15496084,0,0,2.659579018,6.598926669,0,0,1.884469292,0,10.29646941,NA,0,0,0,0,0.0732,NA,0,0,NA,NA,NA,0,0,0,0,0,NA,0,"1b","1b","1b","1b","1b","1b","1b","E: Conc. Uncertainty","1b","E: Conc. Uncertainty","1b","1b","1b","1b","1b","1b","1b","1b","1b","1b","1b","E: Conc. Uncertainty","1b","1b","1b","1b","1b","E: Conc. Uncertainty","1b","1b","E: Conc. Uncertainty","E: Conc. Uncertainty","E: Conc. Uncertainty","1b","1b","1b","1b","1b","E: Conc. Uncertainty","1b"
"2025-11-09 20:00:00","PM2.5",0,0,0,160.262,273.9603,80.9929,13.2747,NA,0,NA,0,19.71040696,NA,0,1.683225203,4.342898981,0,0,2.072840611,NA,8.319510261,NA,0,0,0,0,0,0,0,0,NA,0,0,0,0,0,0,0,0,0,"1b","1b","1b","1b","1b","1b","1b","E: Conc. Uncertainty","1b","E: Conc. Uncertainty","1b","1b","E: Conc. Uncertainty","1b","1b","1b","1b","1b","1b","E: Conc. Uncertainty","1b","E: Conc. Uncertainty","1b","1b","1b","1b","1b","1b","1b","1b","E: Conc. Uncertainty","1b","1b","1b","1b","1b","1b","1b","1b","1b"
"2025-11-09 21:00:00","PM10",0,0,0,153.8253,467.3959,106.9989,16.6235,1.0626,0,0.6754,0,14.65184115,0,0,1.125837116,12.08357929,0,0,3.410497283,0,16.20915179,NA,NA,0,0,0,0,0,0,NA,NA,NA,0,0,0,0,0,0,2.242097014,0,"1b","1b","1b","1b","1b","1b","1b","1b","1b","1b","1b","1b","1b","1b","1b","1b","1b","1b","1b","1b","1b","E: Conc. Uncertainty","E: Conc. Uncertainty","1b","1b","1b","1b","1b","1b","E: Conc. Uncertainty","E: Conc. Uncertainty","E: Conc. Uncertainty","1b","1b","1b","1b","1b","1b","1b","1b"
"2025-11-09 22:00:00","PM2.5",0,0,0,126.8624,160.7501,64.2358,2.4366,0,0,NA,0,2.413890612,0,NA,NA,6.354975537,0,0,2.082239017,0,8.261801833,0,NA,0,0,0,0,0,0,NA,0,0,0,0,0,0,0,0,NA,0,"1b","1b","1b","1b","1b","1b","1b","1b","1b","E: Conc. Uncertainty","1b","1b","1b","E: Conc. Uncertainty","E: Conc. Uncertainty","1b","1b","1b","1b","1b","1b","1b","E: Conc. Uncertainty","1b","1b","1b","1b","1b","1b","E: Conc. Uncertainty","1b","1b","1b","1b","1b","1b","1b","1b","E: Conc. Uncertainty","1b"
"2025-11-09 23:00:00","PM10",0,0,NA,74.4179,135.9394,31.2015,52.8272,0,0.0091,NA,0,5.389629946,0,NA,0,1.346153455,0,0,NA,NA,1.616739416,0,0,0,NA,0,0,0,0,0,NA,NA,0,0,0,0,0,0,0,0,"1b","1b","E: Conc. Uncertainty","1b","1b","1b","1b","1b","1b","E: Conc. Uncertainty","1b","1b","1b","E: Conc. Uncertainty","1b","1b","1b","1b","E: Conc. Uncertainty","E: Conc. Uncertainty","1b","1b","1b","1b","E: Conc. Uncertainty","1b","1b","1b","1b","1b","E: Conc. Uncertainty","E: Conc. Uncertainty","1b","1b","1b","1b","1b","1b","1b","1b"
"2025-11-10 00:30:00","PM2.5",0,0,0,60.4418,79.3222,12.4469,19.602,0,0,NA,0,5.642674053,0,NA,0,0,NA,0,NA,0,NA,0,NA,0,0,NA,0,NA,0,0,0,0,0,0,0,0,0,0,0,0,"1b","1b","1b","1b","1b","1b","1b","1b","1b","E: Conc. Uncertainty","1b","1b","1b","E: Conc. Uncertainty","1b","1b","E: Conc. Uncertainty","1b","E: Conc. Uncertainty","1b","E: Conc. Uncertainty","1b","E: Conc. Uncertainty","1b","1b","E: Conc. Uncertainty","1b","E: Conc. Uncertainty","1b","1b","1b","1b","1b","1b","1b","1b","1b","1b","1b","1b"
"2025-11-10 01:00:00","PM10",0,0,0,102.6199,621.8112,52.3638,35.3521,0,0,NA,0,9.986945595,0,NA,0,1.735391378,0,0,0,0,1.543340015,NA,NA,0,0,0,0,0,0,0,NA,NA,0,0,0,0,0,0,0,0,"1b","1b","1b","1b","1b","1b","1b","1b","1b","E: Conc. Uncertainty","1b","1b","1b","E: Conc. Uncertainty","1b","1b","1b","1b","1b","1b","1b","E: Conc. Uncertainty","E: Conc. Uncertainty","1b","1b","1b","1b","1b","1b","1b","E: Conc. Uncertainty","E: Conc. Uncertainty","1b","1b","1b","1b","1b","1b","1b","1b"
"2025-11-10 02:00:00","PM2.5",0,0,0,40.2648,62.3783,8.7911,5.3416,1.8522,0,NA,0,2.389082947,0,NA,NA,NA,0,0,0,0,NA,NA,0,0,0,NA,0,0,0,0,0,NA,0,0,0,NA,0,0,0,0,"1b","1b","1b","1b","1b","1b","1b","1b","1b","E: Conc. Uncertainty","1b","1b","1b","E: Conc. Uncertainty","E: Conc. Uncertainty","E: Conc. Uncertainty","1b","1b","1b","1b","E: Conc. Uncertainty","E: Conc. Uncertainty","1b","1b","1b","E: Conc. Uncertainty","1b","1b","1b","1b","1b","E: Conc. Uncertainty","1b","1b","1b","E: Conc. Uncertainty","1b","1b","1b","1b"
"2025-11-10 03:00:00","PM10",0,0,NA,42.9796,215.281,37.2084,14.3906,0,0,NA,0,16.95916643,NA,0,NA,1.059148104,0,NA,NA,0,NA,0,0,0,0,NA,0.1311,0,0,0,0,0,0,0,0,0,0,0,0,0,"1b","1b","E: Conc. Uncertainty","1b","1b","1b","1b","1b","1b","E: Conc. Uncertainty","1b","1b","E: Conc. Uncertainty","1b","E: Conc. Uncertainty","1b","1b","E: Conc. Uncertainty","E: Conc. Uncertainty","1b","E: Conc. Uncertainty","1b","1b","1b","1b","E: Conc. Uncertainty","1b","1b","1b","1b","1b","1b","1b","1b","1b","1b","1b","1b","1b","1b"
"2025-11-10 04:00:00","PM2.5",0,0,0,78.8286,116.3246,21.8804,3.572,0,0,NA,0,2.178196276,0,0,0,NA,0,0,NA,0,NA,NA,NA,0,0,0,0,0,0,0,NA,NA,0,NA,0,0,0,0,0,0,"1b","1b","1b","1b","1b","1b","1b","1b","1b","E: Conc. Uncertainty","1b","1b","1b","1b","1b","E: Conc. Uncertainty","1b","1b","E: Conc. Uncertainty","1b","E: Conc. Uncertainty","E: Conc. Uncertainty","E: Conc. Uncertainty","1b","1b","1b","1b","1b","1b","1b","E: Conc. Uncertainty","E: Conc. Uncertainty","1b","E: Conc. Uncertainty","1b","1b","1b","1b","1b","1b"
"2025-11-10 05:00:00","PM10",0,0,NA,127.5518,680.1788,69.2446,28.6742,NA,0,NA,NA,15.08523682,0,0,NA,5.806470666,0,0,NA,NA,NA,0,NA,0,0,0,0,0,0,0,0,0,0,0,0,0,0,0,0,0,"1b","1b","E: Conc. Uncertainty","1b","1b","1b","1b","E: Conc. Uncertainty","1b","E: Conc. Uncertainty","E: Conc. Uncertainty","1b","1b","1b","E: Conc. Uncertainty","1b","1b","1b","E: Conc. Uncertainty","E: Conc. Uncertainty","E: Conc. Uncertainty","1b","E: Conc. Uncertainty","1b","1b","1b","1b","1b","1b","1b","1b","1b","1b","1b","1b","1b","1b","1b","1b","1b"
"2025-11-10 06:00:00","PM2.5",0,0,0,119.6005,183.0494,17.2878,7.2339,0,0,0.8261,0,11.27827918,0,0,0.941442221,4.857609459,0,0,NA,0,1.972628944,NA,NA,0,0,0,0,0,0,0,0,0,0,0,0,0,0,0,0,0,"1b","1b","1b","1b","1b","1b","1b","1b","1b","1b","1b","1b","1b","1b","1b","1b","1b","1b","E: Conc. Uncertainty","1b","1b","E: Conc. Uncertainty","E: Conc. Uncertainty","1b","1b","1b","1b","1b","1b","1b","1b","1b","1b","1b","1b","1b","1b","1b","1b","1b"
"2025-11-10 07:00:00","PM10",0,0,NA,242.8612,1308.2974,119.6368,54.9668,1.493,NA,1.0406,NA,71.40657461,0,NA,2.071683164,4.660739745,0,0,NA,0,2.548158784,NA,NA,0,0,0,NA,0,NA,NA,0,0,NA,0,0,0,0,0,0,0,"1b","1b","E: Conc. Uncertainty","1b","1b","1b","1b","1b","E: Conc. Uncertainty","1b","E: Conc. Uncertainty","1b","1b","E: Conc. Uncertainty","1b","1b","1b","1b","E: Conc. Uncertainty","1b","1b","E: Conc. Uncertainty","E: Conc. Uncertainty","1b","1b","1b","E: Conc. Uncertainty","1b","E: Conc. Uncertainty","E: Conc. Uncertainty","1b","1b","E: Conc. Uncertainty","1b","1b","1b","1b","1b","1b","1b"
"2025-11-10 08:00:00","PM2.5",0,0,0,136.538,239.1964,57.3206,13.7857,NA,NA,NA,0,34.09727195,0,NA,1.007394825,1.738943364,0,0,NA,0,1.128824559,NA,NA,0,0,0,NA,NA,0,NA,NA,NA,0,0,0,0,0,0,0,0,"1b","1b","1b","1b","1b","1b","1b","E: Conc. Uncertainty","E: Conc. Uncertainty","E: Conc. Uncertainty","1b","1b","1b","E: Conc. Uncertainty","1b","1b","1b","1b","E: Conc. Uncertainty","1b","1b","E: Conc. Uncertainty","E: Conc. Uncertainty","1b","1b","1b","E: Conc. Uncertainty","E: Conc. Uncertainty","1b","E: Conc. Uncertainty","E: Conc. Uncertainty","E: Conc. Uncertainty","1b","1b","1b","1b","1b","1b","1b","1b"
"2025-11-10 09:00:00","PM10",0,0,0,242.7305,1791.7878,129.377,120.3675,12.3502,1.1778,1.6633,NA,190.3927293,0,0,3.535641631,3.288977948,0,0,0.682653186,NA,2.632018472,NA,NA,0,0,NA,0,0,0,0,NA,NA,3.2975,0,0,0,0,0,0,0,"1b","1b","1b","1b","1b","1b","1b","1b","1b","1b","E: Conc. Uncertainty","1b","1b","1b","1b","1b","1b","1b","1b","E: Conc. Uncertainty","1b","E: Conc. Uncertainty","E: Conc. Uncertainty","1b","1b","E: Conc. Uncertainty","1b","1b","1b","1b","E: Conc. Uncertainty","E: Conc. Uncertainty","1b","1b","1b","1b","1b","1b","1b","1b"
"2025-11-10 10:00:00","PM2.5",0,0,0,149.4247,367.6502,33.5045,19.7445,NA,NA,0.9647,0,49.34219533,NA,NA,1.228924744,1.625351424,0,0,0.998319276,0,1.894460742,0,0,0,0,NA,0,0,0,0,NA,NA,NA,0,0,0,0,0,0,0,"1b","1b","1b","1b","1b","1b","1b","E: Conc. Uncertainty","E: Conc. Uncertainty","1b","1b","1b","E: Conc. Uncertainty","E: Conc. Uncertainty","1b","1b","1b","1b","1b","1b","1b","1b","1b","1b","1b","E: Conc. Uncertainty","1b","1b","1b","1b","E: Conc. Uncertainty","E: Conc. Uncertainty","E: Conc. Uncertainty","1b","1b","1b","1b","1b","1b","1b"
"2025-11-10 11:00:00","PM10",0,0,0,208.2108,1231.4567,77.7274,63.0615,1.0961,NA,NA,0,86.46280681,0,NA,2.377078862,2.093621263,0,0,1.925135539,NA,2.072341854,NA,NA,0,0,NA,0,0,0,0,NA,0,0,0,0,0,0,0,0,0,"1b","1b","1b","1b","1b","1b","1b","1b","E: Conc. Uncertainty","E: Conc. Uncertainty","1b","1b","1b","E: Conc. Uncertainty","1b","1b","1b","1b","1b","E: Conc. Uncertainty","1b","E: Conc. Uncertainty","E: Conc. Uncertainty","1b","1b","E: Conc. Uncertainty","1b","1b","1b","1b","E: Conc. Uncertainty","1b","1b","1b","1b","1b","1b","1b","1b","1b"
"2025-11-10 12:00:00","PM2.5",0,0,0,109.4688,247.8058,33.1314,23.354,0,0,NA,0,24.84155069,0,NA,1.157176744,2.058833111,0,0,0.861504474,NA,1.086055769,NA,0,0,0,0,0,0,0,0,NA,NA,NA,0,0,0,0,0,0,0,"1b","1b","1b","1b","1b","1b","1b","1b","1b","E: Conc. Uncertainty","1b","1b","1b","E: Conc. Uncertainty","1b","1b","1b","1b","1b","E: Conc. Uncertainty","1b","E: Conc. Uncertainty","1b","1b","1b","1b","1b","1b","1b","1b","E: Conc. Uncertainty","E: Conc. Uncertainty","E: Conc. Uncertainty","1b","1b","1b","1b","1b","1b","1b"
"2025-11-10 13:00:00","PM10",0,0,0,106.3675,397.1782,55.1535,47.1702,1.8649,NA,NA,0,85.6704959,0,NA,3.022487445,2.810645955,0,0,1.270276315,0,NA,0,NA,0,0,NA,0,0,0,0,NA,NA,NA,0,0,0,0,0,0,0,"1b","1b","1b","1b","1b","1b","1b","1b","E: Conc. Uncertainty","E: Conc. Uncertainty","1b","1b","1b","E: Conc. Uncertainty","1b","1b","1b","1b","1b","1b","E: Conc. Uncertainty","1b","E: Conc. Uncertainty","1b","1b","E: Conc. Uncertainty","1b","1b","1b","1b","E: Conc. Uncertainty","E: Conc. Uncertainty","E: Conc. Uncertainty","1b","1b","1b","1b","1b","1b","1b"
"2025-11-10 14:00:00","PM2.5",0,0,0,79.2728,102.2376,48.2734,10.5581,NA,0,NA,NA,36.48864191,0,0.004905553,1.309752076,3.480530451,0,0,1.517413695,0,NA,NA,0,0,0,NA,NA,0,0,0,NA,0,0,0,0,0,0,0,0,0,"1b","1b","1b","1b","1b","1b","1b","E: Conc. Uncertainty","1b","E: Conc. Uncertainty","E: Conc. Uncertainty","1b","1b","1b","1b","1b","1b","1b","1b","1b","E: Conc. Uncertainty","E: Conc. Uncertainty","1b","1b","1b","E: Conc. Uncertainty","E: Conc. Uncertainty","1b","1b","1b","E: Conc. Uncertainty","1b","1b","1b","1b","1b","1b","1b","1b","1b"
"2025-11-10 15:00:00","PM10",0,0,NA,76.7236,196.5021,51.3689,36.5835,2.1631,0,0.9292,0,138.2193106,0,NA,3.08107833,12.1037709,0,0,NA,0,1.208346059,NA,0,0,0,0,0,0,0,0,NA,NA,NA,0,0,0,0,0,0,0,"1b","1b","E: Conc. Uncertainty","1b","1b","1b","1b","1b","1b","1b","1b","1b","1b","E: Conc. Uncertainty","1b","1b","1b","1b","E: Conc. Uncertainty","1b","1b","E: Conc. Uncertainty","1b","1b","1b","1b","1b","1b","1b","1b","E: Conc. Uncertainty","E: Conc. Uncertainty","E: Conc. Uncertainty","1b","1b","1b","1b","1b","1b","1b"
"2025-11-10 16:00:00","PM2.5",0,0,NA,60.5974,77.5434,19.1442,10.6432,1.6137,0,0.9075,0,84.87378305,0,0,8.02585645,3.898682227,0,0,1.027078496,0,NA,0,0,0,0,0,0,0,0,0,NA,0,3.0865,0,0,0,0,0,0,0,"1b","1b","E: Conc. Uncertainty","1b","1b","1b","1b","1b","1b","1b","1b","1b","1b","1b","1b","1b","1b","1b","1b","1b","E: Conc. Uncertainty","1b","1b","1b","1b","1b","1b","1b","1b","1b","E: Conc. Uncertainty","1b","1b","1b","1b","1b","1b","1b","1b","1b"
"2025-11-10 17:00:00","PM10",0,0,NA,113.4776,194.2949,62.8305,41.1638,1.2472,0,1.1112,NA,230.0962752,0,0,10.69134948,7.521483818,0,0,1.695450845,0,NA,NA,0,0,0,0,0,0,0,0,NA,NA,4.5514,0,0,0,0,0,4.777111744,0,"1b","1b","E: Conc. Uncertainty","1b","1b","1b","1b","1b","1b","1b","E: Conc. Uncertainty","1b","1b","1b","1b","1b","1b","1b","1b","1b","E: Conc. Uncertainty","E: Conc. Uncertainty","1b","1b","1b","1b","1b","1b","1b","1b","E: Conc. Uncertainty","E: Conc. Uncertainty","1b","1b","1b","1b","1b","1b","1b","1b"
"2025-11-10 18:00:00","PM2.5",0,0,0,76.0574,52.445,22.6665,4.9479,0,0,NA,0,47.79886954,0,NA,2.03046135,1.883796721,NA,0,0.758122008,0.004175578,NA,NA,NA,0,0,0,NA,0,0,0,NA,0,NA,NA,0,0,0,0,0,0,"1b","1b","1b","1b","1b","1b","1b","1b","1b","E: Conc. Uncertainty","1b","1b","1b","E: Conc. Uncertainty","1b","1b","E: Conc. Uncertainty","1b","1b","1b","E: Conc. Uncertainty","E: Conc. Uncertainty","E: Conc. Uncertainty","1b","1b","1b","E: Conc. Uncertainty","1b","1b","1b","E: Conc. Uncertainty","1b","E: Conc. Uncertainty","E: Conc. Uncertainty","1b","1b","1b","1b","1b","1b"
"2025-11-10 19:00:00","PM10",0,0,0,111.4453,501.128,61.3919,25.9212,NA,0,0.8158,NA,189.2569577,0,0,13.23280429,2.957397824,0,0,NA,0,NA,NA,NA,0,NA,0,0,0,0,NA,NA,NA,6.2102,0,0,0,0,0,0,0,"1b","1b","1b","1b","1b","1b","1b","E: Conc. Uncertainty","1b","1b","E: Conc. Uncertainty","1b","1b","1b","1b","1b","1b","1b","E: Conc. Uncertainty","1b","E: Conc. Uncertainty","E: Conc. Uncertainty","E: Conc. Uncertainty","1b","E: Conc. Uncertainty","1b","1b","1b","1b","E: Conc. Uncertainty","E: Conc. Uncertainty","E: Conc. Uncertainty","1b","1b","1b","1b","1b","1b","1b","1b"
"2025-11-10 20:00:00","PM2.5",0,0,0,77.0284,61.2347,69.995,3.5751,0,0,0.9531,0,104.850086,0,NA,5.060138664,3.587672948,0,0,1.161520214,0,0,0,NA,0,0,NA,0,0,0,NA,NA,NA,NA,0,0,0,0,0,0,0,"1b","1b","1b","1b","1b","1b","1b","1b","1b","1b","1b","1b","1b","E: Conc. Uncertainty","1b","1b","1b","1b","1b","1b","1b","1b","E: Conc. Uncertainty","1b","1b","E: Conc. Uncertainty","1b","1b","1b","E: Conc. Uncertainty","E: Conc. Uncertainty","E: Conc. Uncertainty","E: Conc. Uncertainty","1b","1b","1b","1b","1b","1b","1b"
"2025-11-10 21:00:00","PM10",0,0,0,103.6874,387.5149,119.5239,28.1683,1.5278,0,1.1555,NA,250.9674567,0,0,10.74891251,10.27418896,0,0,1.98209204,0,0.956348077,0,0,0,0,0,0,0,0,0,NA,0,6.2543,0,0,0,0,0,0,0,"1b","1b","1b","1b","1b","1b","1b","1b","1b","1b","E: Conc. Uncertainty","1b","1b","1b","1b","1b","1b","1b","1b","1b","1b","1b","1b","1b","1b","1b","1b","1b","1b","1b","E: Conc. Uncertainty","1b","1b","1b","1b","1b","1b","1b","1b","1b"
"2025-11-10 22:00:00","PM2.5",0,0,0,93.9633,55.6158,92.9926,3.6275,0,0,NA,0,68.794508,0,0,4.064253145,4.395961405,0,0,2.056609535,0,NA,0,0,0,0,0,0,0,0,0,0,NA,NA,0,0,0,0,0,0,0,"1b","1b","1b","1b","1b","1b","1b","1b","1b","E: Conc. Uncertainty","1b","1b","1b","1b","1b","1b","1b","1b","1b","1b","E: Conc. Uncertainty","1b","1b","1b","1b","1b","1b","1b","1b","1b","1b","E: Conc. Uncertainty","E: Conc. Uncertainty","1b","1b","1b","1b","1b","1b","1b"
"2025-11-10 23:00:00","PM10",0,0,0,172.562,946.9785,150.8785,35.8767,1.5791,0,NA,0,65.16513789,0,0,3.834607593,3.060859031,0,0,NA,0,1.616072974,NA,1.828967595,0,0,0,0,0,NA,NA,NA,0,NA,0,0,0,0,0,0,0,"1b","1b","1b","1b","1b","1b","1b","1b","1b","E: Conc. Uncertainty","1b","1b","1b","1b","1b","1b","1b","1b","E: Conc. Uncertainty","1b","1b","E: Conc. Uncertainty","1b","1b","1b","1b","1b","1b","E: Conc. Uncertainty","E: Conc. Uncertainty","E: Conc. Uncertainty","1b","E: Conc. Uncertainty","1b","1b","1b","1b","1b","1b","1b"
"2025-11-11 00:30:00","PM2.5",0,0,NA,137.6194,149.4183,62.8755,NA,0,0,NA,0,11.42184074,0,0,NA,2.986494312,0,0,NA,0,NA,0,0.011023785,0,0,0,0,0,0,0,NA,0,0,0,NA,0,0,0,0,0,"1b","1b","E: Conc. Uncertainty","1b","1b","1b","E: Conc. Uncertainty","1b","1b","E: Conc. Uncertainty","1b","1b","1b","1b","E: Conc. Uncertainty","1b","1b","1b","E: Conc. Uncertainty","1b","E: Conc. Uncertainty","1b","1b","1b","1b","1b","1b","1b","1b","1b","E: Conc. Uncertainty","1b","1b","1b","E: Conc. Uncertainty","1b","1b","1b","1b","1b"
"2025-11-11 01:00:00","PM10",0,0,0,196.6382,1098.753,118.8986,50.155,NA,NA,NA,0,28.71055285,0,NA,1.575992098,6.93196607,0,0,0.796488834,NA,3.532377471,NA,NA,0,0,0,0,0,0,0,0,NA,NA,0,0,0,0,0,0,0,"1b","1b","1b","1b","1b","1b","1b","E: Conc. Uncertainty","E: Conc. Uncertainty","E: Conc. Uncertainty","1b","1b","1b","E: Conc. Uncertainty","1b","1b","1b","1b","1b","E: Conc. Uncertainty","1b","E: Conc. Uncertainty","E: Conc. Uncertainty","1b","1b","1b","1b","1b","1b","1b","1b","E: Conc. Uncertainty","E: Conc. Uncertainty","1b","1b","1b","1b","1b","1b","1b"
"2025-11-11 02:00:00","PM2.5",0,0,0,143.1089,137.5194,85.5362,5.209,0,0,NA,0,9.249585128,NA,NA,1.197733728,4.301548517,0,0,0.842246724,0,1.331857101,NA,NA,0,0,NA,NA,0,0,NA,0,0,NA,0,0,0,0,0,0,0,"1b","1b","1b","1b","1b","1b","1b","1b","1b","E: Conc. Uncertainty","1b","1b","E: Conc. Uncertainty","E: Conc. Uncertainty","1b","1b","1b","1b","1b","1b","1b","E: Conc. Uncertainty","E: Conc. Uncertainty","1b","1b","E: Conc. Uncertainty","E: Conc. Uncertainty","1b","1b","E: Conc. Uncertainty","1b","1b","E: Conc. Uncertainty","1b","1b","1b","1b","1b","1b","1b"
"2025-11-11 03:00:00","PM10",0,0,0,144.9559,1594.886,91.5653,53.3743,14.0133,NA,0.8089,0,25.39079769,NA,NA,1.563964918,3.596795388,0,0,0.679895285,NA,1.903708835,NA,NA,0,0,NA,0,0,0,NA,NA,0,0,0,0,0,0,0,0,0,"1b","1b","1b","1b","1b","1b","1b","1b","E: Conc. Uncertainty","1b","1b","1b","E: Conc. Uncertainty","E: Conc. Uncertainty","1b","1b","1b","1b","1b","E: Conc. Uncertainty","1b","E: Conc. Uncertainty","E: Conc. Uncertainty","1b","1b","E: Conc. Uncertainty","1b","1b","1b","E: Conc. Uncertainty","E: Conc. Uncertainty","1b","1b","1b","1b","1b","1b","1b","1b","1b"
"2025-11-11 04:00:00","PM2.5",0,0,0,44.8052,393.2904,33.9216,9.6811,0,0,NA,0,4.842812119,0,0,1.017517283,4.594093127,0,0,NA,NA,4.216663278,NA,NA,0,0,0,NA,0,0,NA,0,0,0,0,0,0,0,0,0,0,"1b","1b","1b","1b","1b","1b","1b","1b","1b","E: Conc. Uncertainty","1b","1b","1b","1b","1b","1b","1b","1b","E: Conc. Uncertainty","E: Conc. Uncertainty","1b","E: Conc. Uncertainty","E: Conc. Uncertainty","1b","1b","1b","E: Conc. Uncertainty","1b","1b","E: Conc. Uncertainty","1b","1b","1b","1b","1b","1b","1b","1b","1b","1b"
"2025-11-11 05:00:00","PM10",0,0,0,117.8511,1283.1068,95.5176,51.1353,NA,0,0.8958,0,25.36771999,0,NA,0.735806593,2.360907156,0,0,0.758913205,0,1.336344288,NA,NA,0,0,0,0,NA,0,0,NA,0,0,0,0,0,0,0,0,0,"1b","1b","1b","1b","1b","1b","1b","E: Conc. Uncertainty","1b","1b","1b","1b","1b","E: Conc. Uncertainty","1b","1b","1b","1b","1b","1b","1b","E: Conc. Uncertainty","E: Conc. Uncertainty","1b","1b","1b","1b","E: Conc. Uncertainty","1b","1b","E: Conc. Uncertainty","1b","1b","1b","1b","1b","1b","1b","1b","1b"
"2025-11-11 06:00:00","PM2.5",0,0,0,111.7566,219.543,38.8136,9.9143,0,0,NA,0,9.501395169,0,0,0,1.05124445,0,0,NA,0,2.044075115,NA,0,0,0,0,0,NA,0,0,NA,0,0,0,0,0,0,0,0,0,"1b","1b","1b","1b","1b","1b","1b","1b","1b","E: Conc. Uncertainty","1b","1b","1b","1b","1b","1b","1b","1b","E: Conc. Uncertainty","1b","1b","E: Conc. Uncertainty","1b","1b","1b","1b","1b","E: Conc. Uncertainty","1b","1b","E: Conc. Uncertainty","1b","1b","1b","1b","1b","1b","1b","1b","1b"
"2025-11-11 07:00:00","PM10",NA,0,0,204.3025,2092.9114,87.2362,57.6148,NA,0,NA,0,57.24242054,0,0,NA,1.275375155,0,NA,NA,NA,3.235294118,NA,0,0,0,0,0,0,0,0,NA,NA,0,0,0,0,0,0,0,0,"E: Conc. Uncertainty","1b","1b","1b","1b","1b","1b","E: Conc. Uncertainty","1b","E: Conc. Uncertainty","1b","1b","1b","1b","E: Conc. Uncertainty","1b","1b","E: Conc. Uncertainty","E: Conc. Uncertainty","E: Conc. Uncertainty","1b","E: Conc. Uncertainty","1b","1b","1b","1b","1b","1b","1b","1b","E: Conc. Uncertainty","E: Conc. Uncertainty","1b","1b","1b","1b","1b","1b","1b","1b"
"2025-11-11 08:00:00","PM2.5",0,0,0,144.8757,510.8559,30.4529,17.3176,NA,0,NA,0,24.55457791,0,0,NA,NA,0,0.003214355,0,0,2.548434019,0,0,0,0,0,0,0,NA,0,NA,0,0,0,0,0,0,0,0,0,"1b","1b","1b","1b","1b","1b","1b","E: Conc. Uncertainty","1b","E: Conc. Uncertainty","1b","1b","1b","1b","E: Conc. Uncertainty","E: Conc. Uncertainty","1b","1b","1b","1b","1b","1b","1b","1b","1b","1b","1b","1b","E: Conc. Uncertainty","1b","E: Conc. Uncertainty","1b","1b","1b","1b","1b","1b","1b","1b","1b"
"2025-11-11 09:00:00","PM10",0,0,0,306.2762,4392.6377,122.0483,145.6941,2.1083,0,1.1044,0,78.48923578,0,NA,1.849982204,1.128662226,0,0,0,0,4.763288758,NA,0,0,0,0,NA,NA,0,NA,NA,0,0,0,0,0,0,0,0,0,"1b","1b","1b","1b","1b","1b","1b","1b","1b","1b","1b","1b","1b","E: Conc. Uncertainty","1b","1b","1b","1b","1b","1b","1b","E: Conc. Uncertainty","1b","1b","1b","1b","E: Conc. Uncertainty","E: Conc. Uncertainty","1b","E: Conc. Uncertainty","E: Conc. Uncertainty","1b","1b","1b","1b","1b","1b","1b","1b","1b"
"2025-11-11 10:00:00","PM2.5",0,0,0,178.4693,1289.8021,42.8017,177.7933,0,0,0.7102,0,26.02189432,0,0,NA,18.06188454,0,0,NA,0,3.246713307,NA,NA,0,0,0,0,0,0,0,NA,NA,0,0,0,0,0,0,0,0,"1b","1b","1b","1b","1b","1b","1b","1b","1b","1b","1b","1b","1b","1b","E: Conc. Uncertainty","1b","1b","1b","E: Conc. Uncertainty","1b","1b","E: Conc. Uncertainty","E: Conc. Uncertainty","1b","1b","1b","1b","1b","1b","1b","E: Conc. Uncertainty","E: Conc. Uncertainty","1b","1b","1b","1b","1b","1b","1b","1b"
"2025-11-11 11:00:00","PM10",0,0,0,311.4909,3967.7887,127.1703,162.7188,3.3748,0,NA,0,81.53099516,0,0,4.290486129,164.8141512,0,0,4.533550522,NA,5.226826164,1.735881904,NA,0,0,NA,0,NA,0,0.1765,NA,NA,0,0,0,0,0,0,0,0,"1b","1b","1b","1b","1b","1b","1b","1b","1b","E: Conc. Uncertainty","1b","1b","1b","1b","1b","1b","1b","1b","1b","E: Conc. Uncertainty","1b","1b","E: Conc. Uncertainty","1b","1b","E: Conc. Uncertainty","1b","E: Conc. Uncertainty","1b","1b","E: Conc. Uncertainty","E: Conc. Uncertainty","1b","1b","1b","1b","1b","1b","1b","1b"
"2025-11-11 12:00:00","PM2.5",0,0,NA,173.0034,1385.2493,59.1999,37.433,NA,0,0.8719,0,16.10630346,0,NA,1.584837067,361.651222,0,0,8.089735234,0,3.808706721,0,NA,0,0,NA,0,0,0,0,NA,NA,0,0,0,0,0,0,0,0,"1b","1b","E: Conc. Uncertainty","1b","1b","1b","1b","E: Conc. Uncertainty","1b","1b","1b","1b","1b","E: Conc. Uncertainty","1b","1b","1b","1b","1b","1b","1b","1b","E: Conc. Uncertainty","1b","1b","E: Conc. Uncertainty","1b","1b","1b","1b","E: Conc. Uncertainty","E: Conc. Uncertainty","1b","1b","1b","1b","1b","1b","1b","1b"
"2025-11-11 13:00:00","PM10",0,0.2571,0,316.4453,4026.2735,125.4235,152.4261,2.5005,0,NA,0,80.01124305,0,NA,3.038474856,100.5161924,0,0,2.196274721,0,6.819204839,NA,NA,0,0,0,0,0,0,0,0,0,0,0,0,0,0,0,0,0,"1b","1b","1b","1b","1b","1b","1b","1b","1b","E: Conc. Uncertainty","1b","1b","1b","E: Conc. Uncertainty","1b","1b","1b","1b","1b","1b","1b","E: Conc. Uncertainty","E: Conc. Uncertainty","1b","1b","1b","1b","1b","1b","1b","1b","1b","1b","1b","1b","1b","1b","1b","1b","1b"
"2025-11-11 14:00:00","PM2.5",0,0,0,186.2621,1210.5476,46.4704,39.3243,2.395,NA,NA,0,17.24316125,0,0,NA,3.066499028,0,0,NA,0,4.096887821,0,NA,0,0,NA,0,NA,0,0,0,0,0,0,0,0,0,0,0,0,"1b","1b","1b","1b","1b","1b","1b","1b","E: Conc. Uncertainty","E: Conc. Uncertainty","1b","1b","1b","1b","E: Conc. Uncertainty","1b","1b","1b","E: Conc. Uncertainty","1b","1b","1b","E: Conc. Uncertainty","1b","1b","E: Conc. Uncertainty","1b","E: Conc. Uncertainty","1b","1b","1b","1b","1b","1b","1b","1b","1b","1b","1b","1b"
"2025-11-11 15:00:00","PM10",0,0.6365,0,207.1978,2020.0647,71.9448,93.4627,NA,NA,0.8962,0,54.74816957,0,0,1.200710787,29.43559638,0,0,NA,0,4.030172809,NA,0,0,0,0,0,NA,0,0.0037,NA,0,0,0,0,0,0,0,0,0,"1b","1b","1b","1b","1b","1b","1b","E: Conc. Uncertainty","E: Conc. Uncertainty","1b","1b","1b","1b","1b","1b","1b","1b","1b","E: Conc. Uncertainty","1b","1b","E: Conc. Uncertainty","1b","1b","1b","1b","1b","E: Conc. Uncertainty","1b","1b","E: Conc. Uncertainty","1b","1b","1b","1b","1b","1b","1b","1b","1b"
"2025-11-11 16:00:00","PM2.5",0,0,0,160.6252,627.5486,38.4034,20.71,NA,NA,0.9343,0,17.42076152,0,NA,NA,8.439667115,0,0,NA,NA,3.423369189,NA,NA,0,0,0,0,0.0385,NA,0,0,NA,0,0,0,0,0,0,0,0,"1b","1b","1b","1b","1b","1b","1b","E: Conc. Uncertainty","E: Conc. Uncertainty","1b","1b","1b","1b","E: Conc. Uncertainty","E: Conc. Uncertainty","1b","1b","1b","E: Conc. Uncertainty","E: Conc. Uncertainty","1b","E: Conc. Uncertainty","E: Conc. Uncertainty","1b","1b","1b","1b","1b","E: Conc. Uncertainty","1b","1b","E: Conc. Uncertainty","1b","1b","1b","1b","1b","1b","1b","1b"
"2025-11-11 17:00:00","PM10",0,0,0,334.4853,2334.6692,109.4791,97.5963,1.143,0,1.0349,0,48.58851368,0,NA,1.541778619,7.349016854,0,0,0.636805895,0,5.550449845,NA,0,0,0,0,0,0,0,0,NA,NA,NA,0,0,0,0,0,0,0,"1b","1b","1b","1b","1b","1b","1b","1b","1b","1b","1b","1b","1b","E: Conc. Uncertainty","1b","1b","1b","1b","1b","1b","1b","E: Conc. Uncertainty","1b","1b","1b","1b","1b","1b","1b","1b","E: Conc. Uncertainty","E: Conc. Uncertainty","E: Conc. Uncertainty","1b","1b","1b","1b","1b","1b","1b"
"2025-11-11 18:00:00","PM2.5",NA,0,NA,236.5718,530.4778,47.4173,18.8457,0,0,NA,0,13.43087431,0,0,NA,3.568068628,0,NA,NA,0,3.3978005,NA,0,0,0,NA,0,0,0,0,NA,NA,0,0,0,0,0,0,0,0,"E: Conc. Uncertainty","1b","E: Conc. Uncertainty","1b","1b","1b","1b","1b","1b","E: Conc. Uncertainty","1b","1b","1b","1b","E: Conc. Uncertainty","1b","1b","E: Conc. Uncertainty","E: Conc. Uncertainty","1b","1b","E: Conc. Uncertainty","1b","1b","1b","E: Conc. Uncertainty","1b","1b","1b","1b","E: Conc. Uncertainty","E: Conc. Uncertainty","1b","1b","1b","1b","1b","1b","1b","1b"
"2025-11-11 19:00:00","PM10",NA,0,0,365.7961,1382.6611,100.1602,64.2735,0,0,0.8015,0,40.75481385,0,NA,NA,4.620422521,0,0,NA,0,4.812397064,NA,0,0,0,0,NA,NA,0,NA,0,NA,NA,0,0,NA,0,0,0,0,"E: Conc. Uncertainty","1b","1b","1b","1b","1b","1b","1b","1b","1b","1b","1b","1b","E: Conc. Uncertainty","E: Conc. Uncertainty","1b","1b","1b","E: Conc. Uncertainty","1b","1b","E: Conc. Uncertainty","1b","1b","1b","1b","E: Conc. Uncertainty","E: Conc. Uncertainty","1b","E: Conc. Uncertainty","1b","E: Conc. Uncertainty","E: Conc. Uncertainty","1b","1b","E: Conc. Uncertainty","1b","1b","1b","1b"
"2025-11-11 20:00:00","PM2.5",NA,0,0,212.5886,214.8026,46.859,12.5705,0,0,NA,0,10.16515098,0,0,NA,3.293528184,0,0,NA,0,2.404144814,0,NA,0,0,0,NA,NA,0,0,NA,0,0,0,NA,0,0,0,0,0,"E: Conc. Uncertainty","1b","1b","1b","1b","1b","1b","1b","1b","E: Conc. Uncertainty","1b","1b","1b","1b","E: Conc. Uncertainty","1b","1b","1b","E: Conc. Uncertainty","1b","1b","1b","E: Conc. Uncertainty","1b","1b","1b","E: Conc. Uncertainty","E: Conc. Uncertainty","1b","1b","E: Conc. Uncertainty","1b","1b","1b","E: Conc. Uncertainty","1b","1b","1b","1b","1b"
"2025-11-11 21:00:00","PM10",0,0,0,138.4107,275.0983,67.9134,20.1112,NA,NA,NA,0,19.21800307,0,NA,NA,2.912404307,0,0,NA,0,2.086233365,0,NA,0,0,0,NA,NA,0,0,NA,NA,0,0,0,0,0,0,0,0,"1b","1b","1b","1b","1b","1b","1b","E: Conc. Uncertainty","E: Conc. Uncertainty","E: Conc. Uncertainty","1b","1b","1b","E: Conc. Uncertainty","E: Conc. Uncertainty","1b","1b","1b","E: Conc. Uncertainty","1b","1b","1b","E: Conc. Uncertainty","1b","1b","1b","E: Conc. Uncertainty","E: Conc. Uncertainty","1b","1b","E: Conc. Uncertainty","E: Conc. Uncertainty","1b","1b","1b","1b","1b","1b","1b","1b"
"2025-11-11 22:00:00","PM2.5",0,0,NA,121.8067,118.1087,42.3685,7.3005,0,0,NA,0,6.342234887,0,0,0,1.837777325,0,0,NA,NA,1.327437411,0,NA,0,0,0,0,0,0,0,NA,NA,0,0,0,0,0,0,0,0,"1b","1b","E: Conc. Uncertainty","1b","1b","1b","1b","1b","1b","E: Conc. Uncertainty","1b","1b","1b","1b","1b","1b","1b","1b","E: Conc. Uncertainty","E: Conc. Uncertainty","1b","1b","E: Conc. Uncertainty","1b","1b","1b","1b","1b","1b","1b","E: Conc. Uncertainty","E: Conc. Uncertainty","1b","1b","1b","1b","1b","1b","1b","1b"
"2025-11-11 23:00:00","PM10",0,0,0,123.1779,851.2351,61.5526,30.4333,0,NA,NA,0,16.84809212,NA,NA,NA,1.671332872,0,NA,NA,0,2.094029972,0,NA,0,0,0,NA,0,0,NA,0,NA,0,0,NA,0,0,0,0,0,"1b","1b","1b","1b","1b","1b","1b","1b","E: Conc. Uncertainty","E: Conc. Uncertainty","1b","1b","E: Conc. Uncertainty","E: Conc. Uncertainty","E: Conc. Uncertainty","1b","1b","E: Conc. Uncertainty","E: Conc. Uncertainty","1b","1b","1b","E: Conc. Uncertainty","1b","1b","1b","E: Conc. Uncertainty","1b","1b","E: Conc. Uncertainty","1b","E: Conc. Uncertainty","1b","1b","E: Conc. Uncertainty","1b","1b","1b","1b","1b"
"2025-11-12 00:30:00","PM2.5",0,0,0,100.3151,221.7087,22.0526,NA,0,0,NA,0,2.743642186,0,NA,0,0,0,0,0,NA,NA,NA,NA,0,0,NA,NA,0,0,0,NA,NA,0,NA,0,0,0,0,0,0,"1b","1b","1b","1b","1b","1b","E: Conc. Uncertainty","1b","1b","E: Conc. Uncertainty","1b","1b","1b","E: Conc. Uncertainty","1b","1b","1b","1b","1b","E: Conc. Uncertainty","E: Conc. Uncertainty","E: Conc. Uncertainty","E: Conc. Uncertainty","1b","1b","E: Conc. Uncertainty","E: Conc. Uncertainty","1b","1b","1b","E: Conc. Uncertainty","E: Conc. Uncertainty","1b","E: Conc. Uncertainty","1b","1b","1b","1b","1b","1b"
"2025-11-12 01:00:00","PM10",0,0,0,142.2414,1321.9443,77.2416,38.3302,0,0,NA,0,7.077146986,0,0,0,0.785515094,0,0,NA,0,2.531021638,NA,NA,NA,0,0,0,0,0,0,0,0,0,0,0,0,0,0,0,0,"1b","1b","1b","1b","1b","1b","1b","1b","1b","E: Conc. Uncertainty","1b","1b","1b","1b","1b","1b","1b","1b","E: Conc. Uncertainty","1b","1b","E: Conc. Uncertainty","E: Conc. Uncertainty","E: Conc. Uncertainty","1b","1b","1b","1b","1b","1b","1b","1b","1b","1b","1b","1b","1b","1b","1b","1b"
"2025-11-12 02:00:00","PM2.5",0,0,0,99.5166,301.0917,31.9895,9.4428,0,0,NA,0,3.72940889,0,0,0,1.61265297,0,0,NA,0,1.352874102,NA,0,0,0,NA,0,0,0,0,NA,NA,0,0,0,0,0,0,0,0,"1b","1b","1b","1b","1b","1b","1b","1b","1b","E: Conc. Uncertainty","1b","1b","1b","1b","1b","1b","1b","1b","E: Conc. Uncertainty","1b","1b","E: Conc. Uncertainty","1b","1b","1b","E: Conc. Uncertainty","1b","1b","1b","1b","E: Conc. Uncertainty","E: Conc. Uncertainty","1b","1b","1b","1b","1b","1b","1b","1b"
"2025-11-12 03:00:00","PM10",0,0,0,187.316,2221.7108,104.4557,65.4883,NA,0,NA,0,12.95672612,0,NA,0.946286668,32.54366561,0,0,NA,NA,4.674891383,NA,0,0,2.77054568,0,NA,0,0,0,NA,0,0,0,NA,0,0,0,0,0,"1b","1b","1b","1b","1b","1b","1b","E: Conc. Uncertainty","1b","E: Conc. Uncertainty","1b","1b","1b","E: Conc. Uncertainty","1b","1b","1b","1b","E: Conc. Uncertainty","E: Conc. Uncertainty","1b","E: Conc. Uncertainty","1b","1b","1b","1b","E: Conc. Uncertainty","1b","1b","1b","E: Conc. Uncertainty","1b","1b","1b","E: Conc. Uncertainty","1b","1b","1b","1b","1b"
"2025-11-12 04:00:00","PM2.5",0,0,0,134.2943,991.7745,56.1297,24.5318,0,0,NA,0,4.05505913,0,NA,NA,21.54722262,0,0,NA,NA,2.532852287,NA,NA,0,0,NA,0,NA,0,NA,NA,NA,0,0,0,0,0,0,0,0,"1b","1b","1b","1b","1b","1b","1b","1b","1b","E: Conc. Uncertainty","1b","1b","1b","E: Conc. Uncertainty","E: Conc. Uncertainty","1b","1b","1b","E: Conc. Uncertainty","E: Conc. Uncertainty","1b","E: Conc. Uncertainty","E: Conc. Uncertainty","1b","1b","E: Conc. Uncertainty","1b","E: Conc. Uncertainty","1b","E: Conc. Uncertainty","E: Conc. Uncertainty","E: Conc. Uncertainty","1b","1b","1b","1b","1b","1b","1b","1b"
"2025-11-12 05:00:00","PM10",0,0,0,304.493,4218.4282,161.1812,119.571,NA,0,NA,0,42.90881626,0,0,1.020395292,3.986369231,0,0,1.006235568,0,2.791266136,1.529311239,NA,0,0,0,0,0,NA,NA,0,NA,0,0,0,0,0,0,0,0,"1b","1b","1b","1b","1b","1b","1b","E: Conc. Uncertainty","1b","E: Conc. Uncertainty","1b","1b","1b","1b","1b","1b","1b","1b","1b","1b","1b","1b","E: Conc. Uncertainty","1b","1b","1b","1b","1b","E: Conc. Uncertainty","E: Conc. Uncertainty","1b","E: Conc. Uncertainty","1b","1b","1b","1b","1b","1b","1b","1b"
"2025-11-12 06:00:00","PM2.5",0,0,0,119.1314,748.2174,41.6748,21.0056,4.668,0,0.7591,0,12.65568112,0,0,0,0.841508858,0,NA,NA,0,0.857646101,0,NA,0,0,0,0,0,0,NA,NA,0,0,0,0,0,0,0,0,0,"1b","1b","1b","1b","1b","1b","1b","1b","1b","1b","1b","1b","1b","1b","1b","1b","1b","E: Conc. Uncertainty","E: Conc. Uncertainty","1b","1b","1b","E: Conc. Uncertainty","1b","1b","1b","1b","1b","1b","E: Conc. Uncertainty","E: Conc. Uncertainty","1b","1b","1b","1b","1b","1b","1b","1b","1b"
"2025-11-12 07:00:00","PM10",0,0,0,119.6147,1010.7104,53.6233,38.1334,1.9492,NA,NA,0,55.4114699,0,0,1.935713558,1.476021188,0,0,NA,0,1.294346542,NA,0,0,0,0,0,0,0,0,NA,NA,NA,0,0,0,0,0,0,0,"1b","1b","1b","1b","1b","1b","1b","1b","E: Conc. Uncertainty","E: Conc. Uncertainty","1b","1b","1b","1b","1b","1b","1b","1b","E: Conc. Uncertainty","1b","1b","E: Conc. Uncertainty","1b","1b","1b","1b","1b","1b","1b","1b","E: Conc. Uncertainty","E: Conc. Uncertainty","E: Conc. Uncertainty","1b","1b","1b","1b","1b","1b","1b"
"2025-11-12 08:00:00","PM2.5",0,0,0,38.9244,75.0104,13.541,3.8633,6.8903,NA,NA,0,23.59604287,0,NA,NA,NA,0,0,NA,0,NA,NA,NA,0,0,10.8603,0,0,0,0,0,0,0,0,0,0,0,0,0,0,"1b","1b","1b","1b","1b","1b","1b","1b","E: Conc. Uncertainty","E: Conc. Uncertainty","1b","1b","1b","E: Conc. Uncertainty","E: Conc. Uncertainty","E: Conc. Uncertainty","1b","1b","E: Conc. Uncertainty","1b","E: Conc. Uncertainty","E: Conc. Uncertainty","E: Conc. Uncertainty","1b","1b","1b","1b","1b","1b","1b","1b","1b","1b","1b","1b","1b","1b","1b","1b","1b"
"2025-11-12 09:00:00","PM10",0,0,0,15.1599,14.5686,21.8241,18.2983,1.1607,0,1.0827,0,68.51639253,0,NA,1.993316854,0.856470038,0,0,NA,0,NA,NA,0,NA,0,NA,0,0,0,NA,0,0.0168,0,0,0,0,0,0,0,0,"1b","1b","1b","1b","1b","1b","1b","1b","1b","1b","1b","1b","1b","E: Conc. Uncertainty","1b","1b","1b","1b","E: Conc. Uncertainty","1b","E: Conc. Uncertainty","E: Conc. Uncertainty","1b","E: Conc. Uncertainty","1b","E: Conc. Uncertainty","1b","1b","1b","E: Conc. Uncertainty","1b","1b","1b","1b","1b","1b","1b","1b","1b","1b"
"2025-11-12 10:00:00","PM2.5",0,0,0,16.7494,8.9934,6.2339,9.5786,0,0,NA,0,31.03142598,0,NA,1.059124838,NA,0,0,NA,0,NA,0.002372733,NA,0,0,0,0,0,0,0,NA,0,NA,0,0,0,0,0,0,0,"1b","1b","1b","1b","1b","1b","1b","1b","1b","E: Conc. Uncertainty","1b","1b","1b","E: Conc. Uncertainty","1b","E: Conc. Uncertainty","1b","1b","E: Conc. Uncertainty","1b","E: Conc. Uncertainty","1b","E: Conc. Uncertainty","1b","1b","1b","1b","1b","1b","1b","E: Conc. Uncertainty","1b","E: Conc. Uncertainty","1b","1b","1b","1b","1b","1b","1b"
"2025-11-12 11:00:00","PM10",0,0,0,117.1771,563.018,65.4745,89.0263,2.9884,0,1.8009,0,165.1339172,0,NA,3.380481553,6.993774604,0,0,2.612580996,0,1.599041777,0,NA,0,0,0,0,NA,0,0,0,NA,NA,0,0,0,0,0,0,0,"1b","1b","1b","1b","1b","1b","1b","1b","1b","1b","1b","1b","1b","E: Conc. Uncertainty","1b","1b","1b","1b","1b","1b","1b","1b","E: Conc. Uncertainty","1b","1b","1b","1b","E: Conc. Uncertainty","1b","1b","1b","E: Conc. Uncertainty","E: Conc. Uncertainty","1b","1b","1b","1b","1b","1b","1b"
"2025-11-12 12:00:00","PM2.5",0,0,0,258.5273,449.7263,97.8897,29.2405,NA,NA,0.7442,0,40.44859927,0,0,1.482381543,8.189337375,0,0,1.921357801,0,4.981628792,0,0,0,0,NA,0,NA,0,NA,0,NA,0,0,0,0,0,0,7.01868655,0,"1b","1b","1b","1b","1b","1b","1b","E: Conc. Uncertainty","E: Conc. Uncertainty","1b","1b","1b","1b","1b","1b","1b","1b","1b","1b","1b","1b","1b","1b","1b","1b","E: Conc. Uncertainty","1b","E: Conc. Uncertainty","1b","E: Conc. Uncertainty","1b","E: Conc. Uncertainty","1b","1b","1b","1b","1b","1b","1b","1b"
"2025-11-12 13:00:00","PM10",0,0,0,256.7259,1230.646,133.8548,101.0226,1.9574,0,1.0058,NA,101.2237595,0,0,3.25876041,8.603587645,0,0,0.842811476,0,5.081750249,NA,0,0,0,NA,0,0,0,0,NA,NA,NA,0,0,0,0,0,0,0,"1b","1b","1b","1b","1b","1b","1b","1b","1b","1b","E: Conc. Uncertainty","1b","1b","1b","1b","1b","1b","1b","1b","1b","1b","E: Conc. Uncertainty","1b","1b","1b","E: Conc. Uncertainty","1b","1b","1b","1b","E: Conc. Uncertainty","E: Conc. Uncertainty","E: Conc. Uncertainty","1b","1b","1b","1b","1b","1b","1b"
"2025-11-12 14:00:00","PM2.5",0,0,0,172.8902,285.2176,83.5097,16.0693,NA,0,0.7474,0,22.24793615,0,0,0.815321269,4.554737698,0,0,0.889406263,0,3.838582757,0,0,0,0,9.8341,NA,0,0,NA,0,NA,0,NA,0,0,NA,0,0,0,"1b","1b","1b","1b","1b","1b","1b","E: Conc. Uncertainty","1b","1b","1b","1b","1b","1b","1b","1b","1b","1b","1b","1b","1b","1b","1b","1b","1b","1b","E: Conc. Uncertainty","1b","1b","E: Conc. Uncertainty","1b","E: Conc. Uncertainty","1b","E: Conc. Uncertainty","1b","1b","E: Conc. Uncertainty","1b","1b","1b"
"2025-11-12 15:00:00","PM10",0,0,0,282.5066,1873.9688,142.0278,129.9455,4.2334,0,0.7543,0,140.8616757,0,0,3.703963179,10.18698831,0,0,2.543531832,0,6.330230948,NA,0,0,0,NA,0,0,0,NA,NA,NA,0,0,0,0,0,0,2.426337013,0,"1b","1b","1b","1b","1b","1b","1b","1b","1b","1b","1b","1b","1b","1b","1b","1b","1b","1b","1b","1b","1b","E: Conc. Uncertainty","1b","1b","1b","E: Conc. Uncertainty","1b","1b","1b","E: Conc. Uncertainty","E: Conc. Uncertainty","E: Conc. Uncertainty","1b","1b","1b","1b","1b","1b","1b","1b"
"2025-11-12 16:00:00","PM2.5",0,0,0,223.4255,472.6323,94.3238,28.0637,1.4741,0,NA,0,42.2140655,0,NA,1.248873152,8.401432598,0,0,1.194937069,NA,4.19710428,0,NA,0,0,NA,0,NA,0,0,0,0,0,0,0,0,0,0,0,0,"1b","1b","1b","1b","1b","1b","1b","1b","1b","E: Conc. Uncertainty","1b","1b","1b","E: Conc. Uncertainty","1b","1b","1b","1b","1b","E: Conc. Uncertainty","1b","1b","E: Conc. Uncertainty","1b","1b","E: Conc. Uncertainty","1b","E: Conc. Uncertainty","1b","1b","1b","1b","1b","1b","1b","1b","1b","1b","1b","1b"
"2025-11-12 17:00:00","PM10",0,0,0,346.5391,2546.8445,211.2766,135.6894,6.0413,NA,1.2363,NA,145.28014,0,NA,4.201977459,11.67765594,0,0,3.016814501,0,7.202007975,NA,NA,0,0,NA,0,0,0,0,0,NA,0,0,0,0,0,0,0,0,"1b","1b","1b","1b","1b","1b","1b","1b","E: Conc. Uncertainty","1b","E: Conc. Uncertainty","1b","1b","E: Conc. Uncertainty","1b","1b","1b","1b","1b","1b","1b","E: Conc. Uncertainty","E: Conc. Uncertainty","1b","1b","E: Conc. Uncertainty","1b","1b","1b","1b","1b","E: Conc. Uncertainty","1b","1b","1b","1b","1b","1b","1b","1b"
"2025-11-12 18:00:00","PM2.5",0,0,0,241.9854,369.8634,99.2473,22.5144,NA,0,NA,0,43.63003156,NA,0.002473786,1.146564186,7.910872442,0,0,1.742369948,0,4.839326071,NA,0,0,0,NA,0,NA,0,0,NA,NA,0,0,0,0,0,0,NA,0,"1b","1b","1b","1b","1b","1b","1b","E: Conc. Uncertainty","1b","E: Conc. Uncertainty","1b","1b","E: Conc. Uncertainty","1b","1b","1b","1b","1b","1b","1b","1b","E: Conc. Uncertainty","1b","1b","1b","E: Conc. Uncertainty","1b","E: Conc. Uncertainty","1b","1b","E: Conc. Uncertainty","E: Conc. Uncertainty","1b","1b","1b","1b","1b","1b","E: Conc. Uncertainty","1b"
"2025-11-12 19:00:00","PM10",0,0,0,468.6858,2534.3212,257.7507,173.9193,5.3951,0,1.8123,NA,156.0473045,0,0,5.276540094,13.88092451,0,0,2.786987187,0,8.785552174,1.35881413,0,0,0,NA,NA,NA,0,0,NA,0,NA,0,0,0,0,0,NA,0,"1b","1b","1b","1b","1b","1b","1b","1b","1b","1b","E: Conc. Uncertainty","1b","1b","1b","1b","1b","1b","1b","1b","1b","1b","1b","1b","1b","1b","E: Conc. Uncertainty","E: Conc. Uncertainty","E: Conc. Uncertainty","1b","1b","E: Conc. Uncertainty","1b","E: Conc. Uncertainty","1b","1b","1b","1b","1b","E: Conc. Uncertainty","1b"
"2025-11-12 20:00:00","PM2.5",0,0,0,385.2561,277.8762,134.502,24.7252,0,0.0051,0.9217,0,26.11072569,NA,NA,2.182654161,6.505533742,0,0,1.633989787,0,6.375450125,NA,0,0,0,0,NA,NA,0,NA,0,0,NA,0,0,0,0,0,0,0,"1b","1b","1b","1b","1b","1b","1b","1b","1b","1b","1b","1b","E: Conc. Uncertainty","E: Conc. Uncertainty","1b","1b","1b","1b","1b","1b","1b","E: Conc. Uncertainty","1b","1b","1b","1b","E: Conc. Uncertainty","E: Conc. Uncertainty","1b","E: Conc. Uncertainty","1b","1b","E: Conc. Uncertainty","1b","1b","1b","1b","1b","1b","1b"
"2025-11-12 21:00:00","PM10",0,0,0,532.5312,1951.1778,221.5335,132.9486,3.2276,0,0.7582,NA,87.20718739,0,NA,2.706881799,9.326029825,0,0,1.736055087,NA,9.171576417,NA,NA,0,0,0,0,0,0,0,NA,NA,NA,0,0,0,0,0,0,0,"1b","1b","1b","1b","1b","1b","1b","1b","1b","1b","E: Conc. Uncertainty","1b","1b","E: Conc. Uncertainty","1b","1b","1b","1b","1b","E: Conc. Uncertainty","1b","E: Conc. Uncertainty","E: Conc. Uncertainty","1b","1b","1b","1b","1b","1b","1b","E: Conc. Uncertainty","E: Conc. Uncertainty","E: Conc. Uncertainty","1b","1b","1b","1b","1b","1b","1b"
"2025-11-12 22:00:00","PM2.5",0,0,0,416.6898,202.1731,130.7357,22.2795,0,0,1.0696,0,38.7513347,0,NA,1.212300558,10.53948158,0,0,2.778964174,0,5.076014115,NA,0,0,0,0,0,0,0,NA,NA,NA,NA,0,0,0,0,0,0,0,"1b","1b","1b","1b","1b","1b","1b","1b","1b","1b","1b","1b","1b","E: Conc. Uncertainty","1b","1b","1b","1b","1b","1b","1b","E: Conc. Uncertainty","1b","1b","1b","1b","1b","1b","1b","E: Conc. Uncertainty","E: Conc. Uncertainty","E: Conc. Uncertainty","E: Conc. Uncertainty","1b","1b","1b","1b","1b","1b","1b"
"2025-11-12 23:00:00","PM10",0,NA,0,385.1202,856.2471,223.6831,123.5001,5.2802,NA,1.3898,NA,99.65490794,0,NA,3.139782321,16.13487946,0,0,3.042488048,0,5.875455193,NA,NA,0,0,NA,0,0,0,NA,NA,NA,NA,0,0,0,0,0,0,0,"1b","E: Conc. Uncertainty","1b","1b","1b","1b","1b","1b","E: Conc. Uncertainty","1b","E: Conc. Uncertainty","1b","1b","E: Conc. Uncertainty","1b","1b","1b","1b","1b","1b","1b","E: Conc. Uncertainty","E: Conc. Uncertainty","1b","1b","E: Conc. Uncertainty","1b","1b","1b","E: Conc. Uncertainty","E: Conc. Uncertainty","E: Conc. Uncertainty","E: Conc. Uncertainty","1b","1b","1b","1b","1b","1b","1b"
"2025-11-13 00:30:00","PM2.5",0,0,0,285.4833,274.4819,158.0288,15.611,NA,NA,NA,0,32.64797456,0,0,1.503922864,10.56402527,0,0,1.523826238,NA,3.53528513,0,0,0,0,0,0,0,0,0,NA,0,NA,0,0,0,0,0,0,0,"1b","1b","1b","1b","1b","1b","1b","E: Conc. Uncertainty","E: Conc. Uncertainty","E: Conc. Uncertainty","1b","1b","1b","1b","1b","1b","1b","1b","1b","E: Conc. Uncertainty","1b","1b","1b","1b","1b","1b","1b","1b","1b","1b","E: Conc. Uncertainty","1b","E: Conc. Uncertainty","1b","1b","1b","1b","1b","1b","1b"
"2025-11-13 01:00:00","PM10",0,NA,0,451.6356,2144.8026,247.7671,138.744,2.3001,NA,NA,NA,63.08354688,NA,NA,1.475625381,11.42005288,0,0,1.683597722,NA,7.755969087,NA,NA,0,0,0,0,NA,0,0,NA,0,0,0,0,0,0,0,0,0,"1b","E: Conc. Uncertainty","1b","1b","1b","1b","1b","1b","E: Conc. Uncertainty","E: Conc. Uncertainty","E: Conc. Uncertainty","1b","E: Conc. Uncertainty","E: Conc. Uncertainty","1b","1b","1b","1b","1b","E: Conc. Uncertainty","1b","E: Conc. Uncertainty","E: Conc. Uncertainty","1b","1b","1b","1b","E: Conc. Uncertainty","1b","1b","E: Conc. Uncertainty","1b","1b","1b","1b","1b","1b","1b","1b","1b"
"2025-11-13 02:00:00","PM2.5",0,0,0,244.0319,223.352,98.2644,15.4505,NA,0,1.3787,0,15.7815809,0,NA,NA,5.155842174,0,0,NA,NA,3.95342332,NA,NA,0,0,0,0,0,0,0,0,0,0,0,0,0,0,0,0,0,"1b","1b","1b","1b","1b","1b","1b","E: Conc. Uncertainty","1b","1b","1b","1b","1b","E: Conc. Uncertainty","E: Conc. Uncertainty","1b","1b","1b","E: Conc. Uncertainty","E: Conc. Uncertainty","1b","E: Conc. Uncertainty","E: Conc. Uncertainty","1b","1b","1b","1b","1b","1b","1b","1b","1b","1b","1b","1b","1b","1b","1b","1b","1b"
"2025-11-13 03:00:00","PM10",0,0,NA,135.1617,348.9881,120.4949,25.5375,NA,0,0.7045,0,21.55397776,0,NA,1.380870521,2.947675187,0,0,NA,0,1.671667904,3.519047086,NA,0,NA,0,NA,0,NA,0,NA,NA,0,0,0,0,0,0,0,0,"1b","1b","E: Conc. Uncertainty","1b","1b","1b","1b","E: Conc. Uncertainty","1b","1b","1b","1b","1b","E: Conc. Uncertainty","1b","1b","1b","1b","E: Conc. Uncertainty","1b","1b","1b","E: Conc. Uncertainty","1b","E: Conc. Uncertainty","1b","E: Conc. Uncertainty","1b","E: Conc. Uncertainty","1b","E: Conc. Uncertainty","E: Conc. Uncertainty","1b","1b","1b","1b","1b","1b","1b","1b"
"2025-11-13 04:00:00","PM2.5",0,0,NA,68.6256,55.4634,22.9225,NA,NA,0,NA,0,3.178123601,0,NA,0,NA,0,0,NA,0,NA,NA,0,0,0,NA,0,0,0,0,NA,NA,0,NA,0,0,0,0,0,0,"1b","1b","E: Conc. Uncertainty","1b","1b","1b","E: Conc. Uncertainty","E: Conc. Uncertainty","1b","E: Conc. Uncertainty","1b","1b","1b","E: Conc. Uncertainty","1b","E: Conc. Uncertainty","1b","1b","E: Conc. Uncertainty","1b","E: Conc. Uncertainty","E: Conc. Uncertainty","1b","1b","1b","E: Conc. Uncertainty","1b","1b","1b","1b","E: Conc. Uncertainty","E: Conc. Uncertainty","1b","E: Conc. Uncertainty","1b","1b","1b","1b","1b","1b"
"2025-11-13 05:00:00","PM10",0,0,0,88.6249,297.4531,59.6445,15.4456,NA,0,0.7189,0,37.31073849,0,0,0.844111841,NA,0,0,NA,0,NA,0,0,0,0,0,NA,0,0,0,0,NA,0,NA,0,0,0,0,0,0,"1b","1b","1b","1b","1b","1b","1b","E: Conc. Uncertainty","1b","1b","1b","1b","1b","1b","1b","E: Conc. Uncertainty","1b","1b","E: Conc. Uncertainty","1b","E: Conc. Uncertainty","1b","1b","1b","1b","1b","E: Conc. Uncertainty","1b","1b","1b","1b","E: Conc. Uncertainty","1b","E: Conc. Uncertainty","1b","1b","1b","1b","1b","1b"
"2025-11-13 06:00:00","PM2.5",0,0,NA,90.6279,156.9188,58.3808,5.0573,0,0,0.7573,0,13.9948719,0,0,NA,1.407114222,0,0,NA,0,NA,0,NA,0,0,0,NA,0,0,0,0,NA,0,NA,0,0,0,0,0,0,"1b","1b","E: Conc. Uncertainty","1b","1b","1b","1b","1b","1b","1b","1b","1b","1b","1b","E: Conc. Uncertainty","1b","1b","1b","E: Conc. Uncertainty","1b","E: Conc. Uncertainty","1b","E: Conc. Uncertainty","1b","1b","1b","E: Conc. Uncertainty","1b","1b","1b","1b","E: Conc. Uncertainty","1b","E: Conc. Uncertainty","1b","1b","1b","1b","1b","1b"
"2025-11-13 07:00:00","PM10",0,0,NA,177.5102,1261.0266,120.7273,67.218,0,0,0.9208,0,133.8950976,0,NA,5.122067542,3.36811438,0,0,0.901381954,NA,1.077059966,NA,0,0,0,0,0,NA,0,0,0,0,NA,0,0,0,0,0,0,0,"1b","1b","E: Conc. Uncertainty","1b","1b","1b","1b","1b","1b","1b","1b","1b","1b","E: Conc. Uncertainty","1b","1b","1b","1b","1b","E: Conc. Uncertainty","1b","E: Conc. Uncertainty","1b","1b","1b","1b","1b","E: Conc. Uncertainty","1b","1b","1b","1b","E: Conc. Uncertainty","1b","1b","1b","1b","1b","1b","1b"
"2025-11-13 08:00:00","PM2.5",0,0,NA,106.5037,346.2587,46.5073,30.6036,0,0,NA,0,45.20643868,0,0,1.621035602,48.32551561,0,0,0.890762202,NA,1.155849045,NA,NA,0,0,0,NA,0,0,NA,NA,0,NA,0,0,0,0,0,0,0,"1b","1b","E: Conc. Uncertainty","1b","1b","1b","1b","1b","1b","E: Conc. Uncertainty","1b","1b","1b","1b","1b","1b","1b","1b","1b","E: Conc. Uncertainty","1b","E: Conc. Uncertainty","E: Conc. Uncertainty","1b","1b","1b","E: Conc. Uncertainty","1b","1b","E: Conc. Uncertainty","E: Conc. Uncertainty","1b","E: Conc. Uncertainty","1b","1b","1b","1b","1b","1b","1b"
"2025-11-13 09:00:00","PM10",0,0,0,233.3079,2373.193,126.899,312.3466,5.124,0,0,0,166.4040001,0,0,4.042577242,13.46884865,0,0,1.061925905,0,3.288233976,NA,0,0,0,0,0,NA,0,NA,NA,0,0,0,0,0,0,0,0,0,"1b","1b","1b","1b","1b","1b","1b","1b","1b","1b","1b","1b","1b","1b","1b","1b","1b","1b","1b","1b","1b","E: Conc. Uncertainty","1b","1b","1b","1b","1b","E: Conc. Uncertainty","1b","E: Conc. Uncertainty","E: Conc. Uncertainty","1b","1b","1b","1b","1b","1b","1b","1b","1b"
"2025-11-13 10:00:00","PM2.5",0,0,0,191.6187,887.9194,53.7043,33.2369,NA,0,0.7503,0,39.30458583,0,NA,1.152236953,1.765936448,0,0,NA,0,2.076657747,NA,NA,0,0,0,NA,0,0,0,0,NA,0,0,0,0,0,0,0,0,"1b","1b","1b","1b","1b","1b","1b","E: Conc. Uncertainty","1b","1b","1b","1b","1b","E: Conc. Uncertainty","1b","1b","1b","1b","E: Conc. Uncertainty","1b","1b","E: Conc. Uncertainty","E: Conc. Uncertainty","1b","1b","1b","E: Conc. Uncertainty","1b","1b","1b","1b","E: Conc. Uncertainty","1b","1b","1b","1b","1b","1b","1b","1b"
"2025-11-13 11:00:00","PM10",0,0,0,359.1791,3545.7687,136.6347,133.5764,1.9397,0,0.7823,NA,121.2112111,0,0,2.984840772,2.240094071,0,0,NA,0,4.890912608,1.340242711,NA,0,0,0,NA,0,0,0,NA,NA,0,0,0,0,0,0,0,0,"1b","1b","1b","1b","1b","1b","1b","1b","1b","1b","E: Conc. Uncertainty","1b","1b","1b","1b","1b","1b","1b","E: Conc. Uncertainty","1b","1b","1b","E: Conc. Uncertainty","1b","1b","1b","E: Conc. Uncertainty","1b","1b","1b","E: Conc. Uncertainty","E: Conc. Uncertainty","1b","1b","1b","1b","1b","1b","1b","1b"
"2025-11-13 12:00:00","PM2.5",0,0,0,215.0304,1081.6416,71.6115,44.1723,0,0,NA,0,44.05007782,NA,0,1.157231937,2.783535252,0,0,0.91253929,NA,2.977214237,NA,0,NA,0,0,NA,NA,0,0,NA,0,0,0,0,0,0,0,0,0,"1b","1b","1b","1b","1b","1b","1b","1b","1b","E: Conc. Uncertainty","1b","1b","E: Conc. Uncertainty","1b","1b","1b","1b","1b","1b","E: Conc. Uncertainty","1b","E: Conc. Uncertainty","1b","E: Conc. Uncertainty","1b","1b","E: Conc. Uncertainty","E: Conc. Uncertainty","1b","1b","E: Conc. Uncertainty","1b","1b","1b","1b","1b","1b","1b","1b","1b"
"2025-11-13 13:00:00","PM10",0,0,0,327.8098,3657.7539,141.2631,182.4005,3.2138,0,0.907,0,121.8908414,NA,0,3.50918304,2.991951485,0,0,NA,NA,4.788428861,2.29617721,0,0,0,0,0,0,0,0,NA,NA,NA,0,0,0,0,0,0,0,"1b","1b","1b","1b","1b","1b","1b","1b","1b","1b","1b","1b","E: Conc. Uncertainty","1b","1b","1b","1b","1b","E: Conc. Uncertainty","E: Conc. Uncertainty","1b","1b","1b","1b","1b","1b","1b","1b","1b","1b","E: Conc. Uncertainty","E: Conc. Uncertainty","E: Conc. Uncertainty","1b","1b","1b","1b","1b","1b","1b"
"2025-11-13 14:00:00","PM2.5",0,0,0,182.5565,934.5872,62.4734,41.1167,NA,NA,NA,0,37.88666429,0,NA,1.106095015,2.229808035,0,0,NA,0,2.138479556,NA,0,0,0,0,0,NA,0,NA,NA,NA,0,0,NA,0,0,0,0,0,"1b","1b","1b","1b","1b","1b","1b","E: Conc. Uncertainty","E: Conc. Uncertainty","E: Conc. Uncertainty","1b","1b","1b","E: Conc. Uncertainty","1b","1b","1b","1b","E: Conc. Uncertainty","1b","1b","E: Conc. Uncertainty","1b","1b","1b","1b","1b","E: Conc. Uncertainty","1b","E: Conc. Uncertainty","E: Conc. Uncertainty","E: Conc. Uncertainty","1b","1b","E: Conc. Uncertainty","1b","1b","1b","1b","1b"
"2025-11-13 15:00:00","PM10",0,0,0,287.0605,3207.0434,139.541,199.5323,4.7395,0,1.3657,NA,177.3564504,0,NA,3.660526289,4.590574809,0,0,0.660322853,0,3.976747261,NA,NA,0,0,10.5913,0,0,0,NA,0,0,NA,0,0,0,0,0,0,0,"1b","1b","1b","1b","1b","1b","1b","1b","1b","1b","E: Conc. Uncertainty","1b","1b","E: Conc. Uncertainty","1b","1b","1b","1b","1b","1b","1b","E: Conc. Uncertainty","E: Conc. Uncertainty","1b","1b","1b","1b","1b","1b","E: Conc. Uncertainty","1b","1b","E: Conc. Uncertainty","1b","1b","1b","1b","1b","1b","1b"
"2025-11-13 16:00:00","PM2.5",0,0,0,142.1444,512.2401,45.0949,66.0195,3.9706,NA,2.4455,1.2163,381.6795345,0,NA,7.842656169,8.243919558,0,0,1.522872227,NA,3.293193771,NA,0,0,0,0,0,0,0,0,0,NA,NA,0,0,0,0,0,0,0,"1b","1b","1b","1b","1b","1b","1b","1b","E: Conc. Uncertainty","1b","1b","1b","1b","E: Conc. Uncertainty","1b","1b","1b","1b","1b","E: Conc. Uncertainty","1b","E: Conc. Uncertainty","1b","1b","1b","1b","1b","1b","1b","1b","1b","E: Conc. Uncertainty","E: Conc. Uncertainty","1b","1b","1b","1b","1b","1b","1b"
"2025-11-13 17:00:00","PM10",0,NA,0,256.9524,2035.1049,143.4773,306.7766,9.2238,NA,2.5126,4.2658,792.5305154,0,NA,30.17426626,34.92746541,0,0,9.498895438,0,17.12952387,1.592462511,0,0,0,0,0,0,0,NA,NA,NA,13.9285,0,0,0,0,0,5.746052591,0,"1b","E: Conc. Uncertainty","1b","1b","1b","1b","1b","1b","E: Conc. Uncertainty","1b","1b","1b","1b","E: Conc. Uncertainty","1b","1b","1b","1b","1b","1b","1b","1b","1b","1b","1b","1b","1b","1b","1b","E: Conc. Uncertainty","E: Conc. Uncertainty","E: Conc. Uncertainty","1b","1b","1b","1b","1b","1b","1b","1b"
"2025-11-13 18:00:00","PM2.5",0,0,0,212.6974,985.5907,303.3238,67.6386,11.8025,NA,3.2542,3.4436,423.8068477,0,NA,16.77962392,118.0362033,0,0,9.25027743,0,28.78379809,0,NA,0,0,0,0,0,0,NA,NA,0,6.9928,0,0,0,0,0,32.26828747,0,"1b","1b","1b","1b","1b","1b","1b","1b","E: Conc. Uncertainty","1b","1b","1b","1b","E: Conc. Uncertainty","1b","1b","1b","1b","1b","1b","1b","1b","E: Conc. Uncertainty","1b","1b","1b","1b","1b","1b","E: Conc. Uncertainty","E: Conc. Uncertainty","1b","1b","1b","1b","1b","1b","1b","1b","1b"
"2025-11-13 19:00:00","PM10",NA,536.4314,0,336.8733,2313.1488,438.6257,598.7992,40.214,0,8.221,16.6062,1671.887881,0,1.003165298,45.93091305,162.2904135,0,0,5.818275269,NA,46.78513633,2.085636062,NA,3.327989985,0,NA,NA,0,NA,0,NA,0,31.5546,0,0,0,0,0,17.6961823,0,"E: Conc. Uncertainty","1b","1b","1b","1b","1b","1b","1b","1b","1b","1b","1b","1b","1b","1b","1b","1b","1b","1b","E: Conc. Uncertainty","1b","1b","E: Conc. Uncertainty","1b","1b","E: Conc. Uncertainty","E: Conc. Uncertainty","1b","E: Conc. Uncertainty","1b","E: Conc. Uncertainty","1b","1b","1b","1b","1b","1b","1b","1b","1b"
"2025-11-13 20:00:00","PM2.5",0,0,0,278.4024,941.0948,379.8923,91.0291,6.2559,0,4.1089,6.8697,446.4209754,0,NA,14.84471132,98.41273479,0,0,5.971519374,0,51.83726521,NA,0,0,0,0,NA,NA,0,0,0,0,9.9585,0,0,0,0,0,25.87120564,0,"1b","1b","1b","1b","1b","1b","1b","1b","1b","1b","1b","1b","1b","E: Conc. Uncertainty","1b","1b","1b","1b","1b","1b","1b","E: Conc. Uncertainty","1b","1b","1b","1b","E: Conc. Uncertainty","E: Conc. Uncertainty","1b","1b","1b","1b","1b","1b","1b","1b","1b","1b","1b","1b"
"2025-11-13 21:00:00","PM10",NA,267.9241,0,349.32,2307.5451,353.0279,406.716,17.577,NA,6.8207,7.7505,862.0088527,0,2.677659629,21.97953701,77.74513355,0,0,5.625072501,0,18.18057492,3.006797253,0,NA,0,0,0,0,0,0,0,0,16.7479,0,0,0,0,0,15.22026965,0,"E: Conc. Uncertainty","1b","1b","1b","1b","1b","1b","1b","E: Conc. Uncertainty","1b","1b","1b","1b","1b","1b","1b","1b","1b","1b","1b","1b","1b","1b","E: Conc. Uncertainty","1b","1b","1b","1b","1b","1b","1b","1b","1b","1b","1b","1b","1b","1b","1b","1b"
"2025-11-13 22:00:00","PM2.5",0,0,0,317.9445,941.6025,181.9986,37.7102,2.8566,0,1.6516,2.2137,209.1773646,0,NA,6.022399447,31.04815576,0,0,4.512481436,0,7.759170346,NA,0,0,0,0,0,0,0,NA,NA,NA,NA,0,0,0,0,0,16.98068277,0,"1b","1b","1b","1b","1b","1b","1b","1b","1b","1b","1b","1b","1b","E: Conc. Uncertainty","1b","1b","1b","1b","1b","1b","1b","E: Conc. Uncertainty","1b","1b","1b","1b","1b","1b","1b","E: Conc. Uncertainty","E: Conc. Uncertainty","E: Conc. Uncertainty","E: Conc. Uncertainty","1b","1b","1b","1b","1b","1b","1b"
"2025-11-13 23:00:00","PM10",0,212.2523,0,846.0372,929.2334,265.9011,221.4381,13.4122,0,2.1133,6.5923,366.3452552,0,NA,6.890656974,31.63623591,0,0,4.742076703,NA,8.827993443,NA,NA,0,0,NA,NA,0,0,0,NA,0,NA,0,0,0,0,0,1.487126233,0,"1b","1b","1b","1b","1b","1b","1b","1b","1b","1b","1b","1b","1b","E: Conc. Uncertainty","1b","1b","1b","1b","1b","E: Conc. Uncertainty","1b","E: Conc. Uncertainty","E: Conc. Uncertainty","1b","1b","E: Conc. Uncertainty","E: Conc. Uncertainty","1b","1b","1b","E: Conc. Uncertainty","1b","E: Conc. Uncertainty","1b","1b","1b","1b","1b","1b","1b"
"2025-11-14 00:30:00","PM2.5",0,0,NA,638.6954,199.5989,158.9406,35.6012,2.5795,0,1.4841,NA,84.21536969,NA,0,1.641546053,19.80835381,0,0,3.713005595,NA,6.676728677,NA,0,0,0,NA,0,NA,0,0,0,NA,0,0,0,0,0,0,0,0,"1b","1b","E: Conc. Uncertainty","1b","1b","1b","1b","1b","1b","1b","E: Conc. Uncertainty","1b","E: Conc. Uncertainty","1b","1b","1b","1b","1b","1b","E: Conc. Uncertainty","1b","E: Conc. Uncertainty","1b","1b","1b","E: Conc. Uncertainty","1b","E: Conc. Uncertainty","1b","1b","1b","E: Conc. Uncertainty","1b","1b","1b","1b","1b","1b","1b","1b"
"2025-11-14 01:00:00","PM10",0,0,0,735.4279,854.5645,231.1182,138.3173,3.7688,0,1.4181,2.6812,146.8982433,0,NA,3.192216093,29.88437112,0,0,2.872697295,0,7.221772142,NA,0,0,0,0,0,0,0,0,NA,0,NA,0,0,0,0,0,4.439574979,0,"1b","1b","1b","1b","1b","1b","1b","1b","1b","1b","1b","1b","1b","E: Conc. Uncertainty","1b","1b","1b","1b","1b","1b","1b","E: Conc. Uncertainty","1b","1b","1b","1b","1b","1b","1b","1b","E: Conc. Uncertainty","1b","E: Conc. Uncertainty","1b","1b","1b","1b","1b","1b","1b"
"2025-11-14 02:00:00","PM2.5",0,0,0,486.4586,126.8786,138.9795,6.9694,NA,NA,0.7992,0,33.68742816,0,NA,1.092078896,23.00816829,0,0,1.95179387,NA,5.852401151,0,0,0,0,0,NA,0,0,0,0,0,NA,0,0,0,0,0,3.106960847,0,"1b","1b","1b","1b","1b","1b","1b","E: Conc. Uncertainty","E: Conc. Uncertainty","1b","1b","1b","1b","E: Conc. Uncertainty","1b","1b","1b","1b","1b","E: Conc. Uncertainty","1b","1b","1b","1b","1b","1b","E: Conc. Uncertainty","1b","1b","1b","1b","1b","E: Conc. Uncertainty","1b","1b","1b","1b","1b","1b","1b"
"2025-11-14 03:00:00","PM10",0,0,0,379.5969,273.8294,149.4163,39.2269,NA,0,NA,0,44.10190531,0,NA,0.919764967,17.971405,0,0,2.688224931,NA,4.449424129,NA,NA,NA,0,0,NA,0,0,0.1201,0,0,0,0,0,0,0,0,NA,0,"1b","1b","1b","1b","1b","1b","1b","E: Conc. Uncertainty","1b","E: Conc. Uncertainty","1b","1b","1b","E: Conc. Uncertainty","1b","1b","1b","1b","1b","E: Conc. Uncertainty","1b","E: Conc. Uncertainty","E: Conc. Uncertainty","E: Conc. Uncertainty","1b","1b","E: Conc. Uncertainty","1b","1b","1b","1b","1b","1b","1b","1b","1b","1b","1b","E: Conc. Uncertainty","1b"
"2025-11-14 04:00:00","PM2.5",0,0,0,400.5239,57.9483,118.9874,3.3843,0,NA,NA,0,13.56438457,0,NA,NA,19.45258098,0,0,2.474241082,0,3.264921231,NA,NA,0,NA,NA,0,0,0,0,0,NA,0,0,0,0,0,0,NA,0,"1b","1b","1b","1b","1b","1b","1b","1b","E: Conc. Uncertainty","E: Conc. Uncertainty","1b","1b","1b","E: Conc. Uncertainty","E: Conc. Uncertainty","1b","1b","1b","1b","1b","1b","E: Conc. Uncertainty","E: Conc. Uncertainty","1b","E: Conc. Uncertainty","E: Conc. Uncertainty","1b","1b","1b","1b","1b","E: Conc. Uncertainty","1b","1b","1b","1b","1b","1b","E: Conc. Uncertainty","1b"
"2025-11-14 05:00:00","PM10",0,0,0,185.5459,139.8894,94.8698,17.6599,0,0,NA,0,27.5048051,0,0,NA,10.54766965,0,0,1.780643324,0,1.842890993,0,0,0,0,0,0,0,0,0,NA,NA,0,0,0,0,0,0,0,0,"1b","1b","1b","1b","1b","1b","1b","1b","1b","E: Conc. Uncertainty","1b","1b","1b","1b","E: Conc. Uncertainty","1b","1b","1b","1b","1b","1b","1b","1b","1b","1b","1b","1b","1b","1b","1b","E: Conc. Uncertainty","E: Conc. Uncertainty","1b","1b","1b","1b","1b","1b","1b","1b"
"2025-11-14 06:00:00","PM2.5",NA,0,NA,118.5174,32.8128,51.5018,6.9344,0,NA,NA,0,13.27529016,0,0.012553451,NA,4.387385461,0,0,0.84676237,0,1.455324781,NA,NA,0,0,NA,0,0,0,NA,0,NA,NA,0,0,0,0,0,0,0,"E: Conc. Uncertainty","1b","E: Conc. Uncertainty","1b","1b","1b","1b","1b","E: Conc. Uncertainty","E: Conc. Uncertainty","1b","1b","1b","1b","E: Conc. Uncertainty","1b","1b","1b","1b","1b","1b","E: Conc. Uncertainty","E: Conc. Uncertainty","1b","1b","E: Conc. Uncertainty","1b","1b","1b","E: Conc. Uncertainty","1b","E: Conc. Uncertainty","E: Conc. Uncertainty","1b","1b","1b","1b","1b","1b","1b"
"2025-11-14 07:00:00","PM10",0,0,0,87.173,134.073,76.2573,58.3518,2.7912,NA,NA,NA,40.56284476,NA,NA,1.413533758,4.885474974,0,NA,0.665482709,0,1.040668444,0,NA,0,0,NA,0,0,0,0,0,0,0,0,NA,0,0,0,0,0,"1b","1b","1b","1b","1b","1b","1b","1b","E: Conc. Uncertainty","E: Conc. Uncertainty","E: Conc. Uncertainty","1b","E: Conc. Uncertainty","E: Conc. Uncertainty","1b","1b","1b","E: Conc. Uncertainty","1b","1b","1b","1b","E: Conc. Uncertainty","1b","1b","E: Conc. Uncertainty","1b","1b","1b","1b","1b","1b","1b","1b","E: Conc. Uncertainty","1b","1b","1b","1b","1b"
"2025-11-14 08:00:00","PM2.5",0,0,0,58.2548,42.9035,118.741,13.8856,NA,0,NA,0,65.5413726,0,0,1.410823582,11.7672441,0,0,1.203588851,0,NA,0,NA,0,0,0,0,0,0,0,0,0,0,0,0,0,0,0,0,0,"1b","1b","1b","1b","1b","1b","1b","E: Conc. Uncertainty","1b","E: Conc. Uncertainty","1b","1b","1b","1b","1b","1b","1b","1b","1b","1b","E: Conc. Uncertainty","1b","E: Conc. Uncertainty","1b","1b","1b","1b","1b","1b","1b","1b","1b","1b","1b","1b","1b","1b","1b","1b","1b"
"2025-11-14 09:00:00","PM10",0,0,0,48.19,41.8452,73.4969,27.9678,1.373,0,3.3964,0,152.9055601,0,6.002066095,2.964021455,7.82430053,0,0,1.344925855,0,0,0,NA,0,0,0,0,0,0,0,NA,NA,NA,0,0,0,0,0,0,0,"1b","1b","1b","1b","1b","1b","1b","1b","1b","1b","1b","1b","1b","1b","1b","1b","1b","1b","1b","1b","1b","1b","E: Conc. Uncertainty","1b","1b","1b","1b","1b","1b","1b","E: Conc. Uncertainty","E: Conc. Uncertainty","E: Conc. Uncertainty","1b","1b","1b","1b","1b","1b","1b"
"2025-11-14 10:00:00","PM2.5",0,0,0,41.2223,33.766,54.7099,5.4396,NA,0,0.7386,0,40.17851398,0,NA,1.741585388,7.256022072,0,0,0.781494981,0,NA,0,0,0,0,0,0,0,0,NA,0,NA,0,0,0,0,0,0,0,0,"1b","1b","1b","1b","1b","1b","1b","E: Conc. Uncertainty","1b","1b","1b","1b","1b","E: Conc. Uncertainty","1b","1b","1b","1b","1b","1b","E: Conc. Uncertainty","1b","1b","1b","1b","1b","1b","1b","1b","E: Conc. Uncertainty","1b","E: Conc. Uncertainty","1b","1b","1b","1b","1b","1b","1b","1b"
"2025-11-23 00:30:00","PM10",0,0,0,209.3664,359.4179,248.852,8.8402,8.1108,0,1.8738,0,88.93771326,0,0,2.337841471,38.93157144,0,0,2.422296669,0,NA,0,NA,0,0,NA,0,NA,0,0,0,0,0,0,0,0,0,0,0,0,"1b","1b","1b","1b","1b","1b","1b","1b","1b","1b","1b","1b","1b","1b","1b","1b","1b","1b","1b","1b","E: Conc. Uncertainty","1b","E: Conc. Uncertainty","1b","1b","E: Conc. Uncertainty","1b","E: Conc. Uncertainty","1b","1b","1b","1b","1b","1b","1b","1b","1b","1b","1b","1b"
"2025-11-23 01:00:00","PM2.5",0,0,0,196.4372,54.7247,172.4211,NA,1.8165,NA,NA,0,17.70929641,0,NA,NA,6.413420222,0,0,2.132786885,0,1.925547297,0,NA,0,0,NA,0,NA,0,NA,NA,0,NA,0,0,0,0,0,0,0,"1b","1b","1b","1b","1b","1b","E: Conc. Uncertainty","1b","E: Conc. Uncertainty","E: Conc. Uncertainty","1b","1b","1b","E: Conc. Uncertainty","E: Conc. Uncertainty","1b","1b","1b","1b","1b","1b","1b","E: Conc. Uncertainty","1b","1b","E: Conc. Uncertainty","1b","E: Conc. Uncertainty","1b","E: Conc. Uncertainty","E: Conc. Uncertainty","1b","E: Conc. Uncertainty","1b","1b","1b","1b","1b","1b","1b"
"2025-11-23 02:00:00","PM10",0,0,NA,238.4095,279.8453,342.1632,20.5727,1.7616,0,13.5043,0,28.60204434,0,NA,4.493439788,7.014768104,0,0,2.67442026,0,3.201718877,3.846816517,NA,0,0,0,0,NA,0,0,0,0,6.744,0,0,0,0,0,0,NA,"1b","1b","E: Conc. Uncertainty","1b","1b","1b","1b","1b","1b","1b","1b","1b","1b","E: Conc. Uncertainty","1b","1b","1b","1b","1b","1b","1b","1b","E: Conc. Uncertainty","1b","1b","1b","1b","E: Conc. Uncertainty","1b","1b","1b","1b","1b","1b","1b","1b","1b","1b","1b","E: Conc. Uncertainty"
"2025-11-23 03:00:00","PM2.5",0,0,0,99.8576,99.0094,65.7389,19.964,NA,0,5.8386,0,18.86146966,0,NA,NA,2.916563942,0,0,0.980429711,0,1.272893978,NA,NA,0,0,0,0,0,NA,NA,0,NA,0,0,0,0,0,0,0,0,"1b","1b","1b","1b","1b","1b","1b","E: Conc. Uncertainty","1b","1b","1b","1b","1b","E: Conc. Uncertainty","E: Conc. Uncertainty","1b","1b","1b","1b","1b","1b","E: Conc. Uncertainty","E: Conc. Uncertainty","1b","1b","1b","1b","1b","E: Conc. Uncertainty","E: Conc. Uncertainty","1b","E: Conc. Uncertainty","1b","1b","1b","1b","1b","1b","1b","1b"
"2025-11-23 04:00:00","PM10",0,0,0,140.4825,570.3788,52.6001,41.8056,0,0,1.3745,0,6.795110582,0,0,NA,0.947787854,0,0,NA,NA,1.268938353,NA,NA,0,0,0,NA,NA,0,0,0,0,0,0,0,0,0,0,0,0,"1b","1b","1b","1b","1b","1b","1b","1b","1b","1b","1b","1b","1b","1b","E: Conc. Uncertainty","1b","1b","1b","E: Conc. Uncertainty","E: Conc. Uncertainty","1b","E: Conc. Uncertainty","E: Conc. Uncertainty","1b","1b","1b","E: Conc. Uncertainty","E: Conc. Uncertainty","1b","1b","1b","1b","1b","1b","1b","1b","1b","1b","1b","1b"
"2025-11-23 05:00:00","PM2.5",0,0,0,137.4718,76.6473,22.4712,7.8795,NA,0,NA,0,2.31546226,0,NA,NA,NA,0,0,NA,0,1.58686583,0,NA,NA,0,0,0,0,0,0,0,NA,0,0,0,0,0,0,0,0,"1b","1b","1b","1b","1b","1b","1b","E: Conc. Uncertainty","1b","E: Conc. Uncertainty","1b","1b","1b","E: Conc. Uncertainty","E: Conc. Uncertainty","E: Conc. Uncertainty","1b","1b","E: Conc. Uncertainty","1b","1b","1b","E: Conc. Uncertainty","E: Conc. Uncertainty","1b","1b","1b","1b","1b","1b","1b","E: Conc. Uncertainty","1b","1b","1b","1b","1b","1b","1b","1b"
"2025-11-23 06:00:00","PM10",0,0,0,66.4536,181.3422,24.5525,4.6562,0.0015,0,NA,0,4.453348137,NA,NA,0,NA,0,0,NA,0,NA,0,NA,0,0,0,0,0,NA,0,0,NA,0,0,0,0,0,0,0,0,"1b","1b","1b","1b","1b","1b","1b","1b","1b","E: Conc. Uncertainty","1b","1b","E: Conc. Uncertainty","E: Conc. Uncertainty","1b","E: Conc. Uncertainty","1b","1b","E: Conc. Uncertainty","1b","E: Conc. Uncertainty","1b","E: Conc. Uncertainty","1b","1b","1b","1b","1b","E: Conc. Uncertainty","1b","1b","E: Conc. Uncertainty","1b","1b","1b","1b","1b","1b","1b","1b"
"2025-11-23 07:00:00","PM2.5",0,0,0,46.3509,45.7451,7.3038,NA,0,NA,NA,0,2.744795918,0,NA,0,NA,0,0,NA,0,NA,0,NA,0,0,0,0,NA,0,0,NA,NA,0,0.0032,0,0,0,0,0,0,"1b","1b","1b","1b","1b","1b","E: Conc. Uncertainty","1b","E: Conc. Uncertainty","E: Conc. Uncertainty","1b","1b","1b","E: Conc. Uncertainty","1b","E: Conc. Uncertainty","1b","1b","E: Conc. Uncertainty","1b","E: Conc. Uncertainty","1b","E: Conc. Uncertainty","1b","1b","1b","1b","E: Conc. Uncertainty","1b","1b","E: Conc. Uncertainty","E: Conc. Uncertainty","1b","1b","1b","1b","1b","1b","1b","1b"
"2025-11-23 08:00:00","PM10",0,0,0,63.0988,816.3825,30.2146,14.9334,NA,0,NA,0,10.44666443,NA,NA,0,0,0,0,0,0,1.591350217,0,NA,0,0,0,0,0,0,0,0,NA,0,0,0,0,0,0,0,0,"1b","1b","1b","1b","1b","1b","1b","E: Conc. Uncertainty","1b","E: Conc. Uncertainty","1b","1b","E: Conc. Uncertainty","E: Conc. Uncertainty","1b","1b","1b","1b","1b","1b","1b","1b","E: Conc. Uncertainty","1b","1b","1b","1b","1b","1b","1b","1b","E: Conc. Uncertainty","1b","1b","1b","1b","1b","1b","1b","1b"
"2025-11-23 09:00:00","PM2.5",0,0,0,36.542,610.8464,10.7126,10.4059,0,0,NA,0,17.69769644,0,NA,1.393906065,0,0,0,0,0,NA,NA,NA,0,0,0,0,0,0,0,0,NA,0,0,0,0,0,0,0,0,"1b","1b","1b","1b","1b","1b","1b","1b","1b","E: Conc. Uncertainty","1b","1b","1b","E: Conc. Uncertainty","1b","1b","1b","1b","1b","1b","E: Conc. Uncertainty","E: Conc. Uncertainty","E: Conc. Uncertainty","1b","1b","1b","1b","1b","1b","1b","1b","E: Conc. Uncertainty","1b","1b","1b","1b","1b","1b","1b","1b"
"2025-11-23 10:00:00","PM10",NA,0,0,94.2052,1865.3152,39.0727,40.0601,NA,0,NA,0,55.33503839,0,0,1.503371129,NA,0,0,NA,0,3.763695531,NA,NA,0,0,0,0,0,0,NA,0,NA,NA,0,0,0,0,0,0,0,"E: Conc. Uncertainty","1b","1b","1b","1b","1b","1b","E: Conc. Uncertainty","1b","E: Conc. Uncertainty","1b","1b","1b","1b","1b","E: Conc. Uncertainty","1b","1b","E: Conc. Uncertainty","1b","1b","E: Conc. Uncertainty","E: Conc. Uncertainty","1b","1b","1b","1b","1b","1b","E: Conc. Uncertainty","1b","E: Conc. Uncertainty","E: Conc. Uncertainty","1b","1b","1b","1b","1b","1b","1b"
"2025-11-23 11:00:00","PM2.5",0,0,0,65.1342,1048.9548,17.9905,19.982,0,0,NA,0,25.6956628,0,0,1.67690459,NA,0,0,NA,0,0.967595751,NA,NA,0,0,0,0,0,0.0842,0,NA,0,0,0,0,0,0,0,0,0,"1b","1b","1b","1b","1b","1b","1b","1b","1b","E: Conc. Uncertainty","1b","1b","1b","1b","1b","E: Conc. Uncertainty","1b","1b","E: Conc. Uncertainty","1b","1b","E: Conc. Uncertainty","E: Conc. Uncertainty","1b","1b","1b","1b","1b","1b","1b","E: Conc. Uncertainty","1b","1b","1b","1b","1b","1b","1b","1b","1b"
"2025-11-23 12:00:00","PM10",0,0,0,83.4252,2131.2446,44.3287,48.1554,0,0,0.8801,0,52.36355136,0,0,4.590654092,NA,0,0,0,0,4.634426196,NA,NA,0,0,NA,0,0,0,0,NA,NA,NA,0,0,0,0,0,0,0,"1b","1b","1b","1b","1b","1b","1b","1b","1b","1b","1b","1b","1b","1b","1b","E: Conc. Uncertainty","1b","1b","1b","1b","1b","E: Conc. Uncertainty","E: Conc. Uncertainty","1b","1b","E: Conc. Uncertainty","1b","1b","1b","1b","E: Conc. Uncertainty","E: Conc. Uncertainty","E: Conc. Uncertainty","1b","1b","1b","1b","1b","1b","1b"
"2025-11-23 13:00:00","PM2.5",0,0,0,55.3706,1194.9465,24.8045,24.3689,0,0,0.7366,0,32.5282466,0,0,1.042260542,1.561757973,0,0,NA,NA,1.820733506,NA,NA,0,NA,NA,NA,0,0,0,NA,NA,0,0,0,0,0,0,0,0,"1b","1b","1b","1b","1b","1b","1b","1b","1b","1b","1b","1b","1b","1b","1b","1b","1b","1b","E: Conc. Uncertainty","E: Conc. Uncertainty","1b","E: Conc. Uncertainty","E: Conc. Uncertainty","1b","E: Conc. Uncertainty","E: Conc. Uncertainty","E: Conc. Uncertainty","1b","1b","1b","E: Conc. Uncertainty","E: Conc. Uncertainty","1b","1b","1b","1b","1b","1b","1b","1b"
"2025-11-23 14:00:00","PM10",0,0,0,106.4379,2488.2705,51.1841,61.4184,NA,0,1.0737,0,125.4157759,0,0,1.794158369,2.733828111,0,0,0,NA,5.21847576,NA,NA,0,0,0,0,0,0,NA,0,0,0,0,0,0,0,0,0,0,"1b","1b","1b","1b","1b","1b","1b","E: Conc. Uncertainty","1b","1b","1b","1b","1b","1b","1b","1b","1b","1b","1b","E: Conc. Uncertainty","1b","E: Conc. Uncertainty","E: Conc. Uncertainty","1b","1b","1b","1b","1b","1b","E: Conc. Uncertainty","1b","1b","1b","1b","1b","1b","1b","1b","1b","1b"
"2025-11-23 15:00:00","PM2.5",0,0,0,64.0436,1053.7787,20.256,20.4421,0,0,NA,0,29.64414717,0,NA,1.308462118,NA,0,0.008877487,0,0,1.196312585,NA,0,0,0,0,0,0,0,0,0,NA,0,0,NA,0,0,NA,0,0,"1b","1b","1b","1b","1b","1b","1b","1b","1b","E: Conc. Uncertainty","1b","1b","1b","E: Conc. Uncertainty","1b","E: Conc. Uncertainty","1b","1b","1b","1b","1b","E: Conc. Uncertainty","1b","1b","1b","1b","1b","1b","1b","1b","1b","E: Conc. Uncertainty","1b","1b","E: Conc. Uncertainty","1b","1b","E: Conc. Uncertainty","1b","1b"
"2025-11-23 16:00:00","PM10",0,0,0,76.8389,1547.6672,60.0667,45.2592,0,0,0.6896,0,81.25204236,0,0,3.019940382,1.051183706,0,0,NA,0,3.331529204,NA,0,0,0,0,0,0,0,0,0,NA,NA,0,0,0,0,0,0,0,"1b","1b","1b","1b","1b","1b","1b","1b","1b","1b","1b","1b","1b","1b","1b","1b","1b","1b","E: Conc. Uncertainty","1b","1b","E: Conc. Uncertainty","1b","1b","1b","1b","1b","1b","1b","1b","1b","E: Conc. Uncertainty","E: Conc. Uncertainty","1b","1b","1b","1b","1b","1b","1b"
"2025-11-23 17:00:00","PM2.5",0,0,NA,36.5106,569.9432,20.131,11.4649,0,0,NA,0,49.48854301,0,0,1.56780032,1.499536834,0,0,NA,NA,NA,NA,NA,0,0,0,NA,0,0,0,NA,NA,0,0,0,NA,0,0,0,0,"1b","1b","E: Conc. Uncertainty","1b","1b","1b","1b","1b","1b","E: Conc. Uncertainty","1b","1b","1b","1b","1b","1b","1b","1b","E: Conc. Uncertainty","E: Conc. Uncertainty","E: Conc. Uncertainty","E: Conc. Uncertainty","E: Conc. Uncertainty","1b","1b","1b","E: Conc. Uncertainty","1b","1b","1b","E: Conc. Uncertainty","E: Conc. Uncertainty","1b","1b","1b","E: Conc. Uncertainty","1b","1b","1b","1b"
"2025-11-23 18:00:00","PM10",0,0.8098,0,84.7149,1689.679,55.2017,48.7164,NA,0,1.0634,NA,182.9204378,0,0.007533724,4.619261899,4.019770934,0,0,NA,0,2.461063884,NA,NA,0,0,NA,0,0,0,0,0,NA,0,0,0,0,0,0,0,0,"1b","1b","1b","1b","1b","1b","1b","E: Conc. Uncertainty","1b","1b","E: Conc. Uncertainty","1b","1b","1b","1b","1b","1b","1b","E: Conc. Uncertainty","1b","1b","E: Conc. Uncertainty","E: Conc. Uncertainty","1b","1b","E: Conc. Uncertainty","1b","1b","1b","1b","1b","E: Conc. Uncertainty","1b","1b","1b","1b","1b","1b","1b","1b"
"2025-11-23 19:00:00","PM2.5",0,0,0,58.0207,827.368,35.712,15.5672,NA,0,0.7237,0,48.07492678,0,0,1.845071998,1.241762935,0,0,NA,NA,0.97354987,NA,0,0,0,0,NA,0,NA,0,0,0,0,0,0,0,0,0,0,0,"1b","1b","1b","1b","1b","1b","1b","E: Conc. Uncertainty","1b","1b","1b","1b","1b","1b","1b","1b","1b","1b","E: Conc. Uncertainty","E: Conc. Uncertainty","1b","E: Conc. Uncertainty","1b","1b","1b","1b","E: Conc. Uncertainty","1b","E: Conc. Uncertainty","1b","1b","1b","1b","1b","1b","1b","1b","1b","1b","1b"
"2025-11-23 20:00:00","PM10",0,0,0,99.8845,1890.2792,51.1295,41.2148,NA,0,NA,0,64.17827264,0,0,1.04873084,1.156482179,0,0,NA,0,3.868158039,NA,NA,0,0,0,0,0,0,0,NA,0,0,0,0,0,0,0,0,0,"1b","1b","1b","1b","1b","1b","1b","E: Conc. Uncertainty","1b","E: Conc. Uncertainty","1b","1b","1b","1b","1b","1b","1b","1b","E: Conc. Uncertainty","1b","1b","E: Conc. Uncertainty","E: Conc. Uncertainty","1b","1b","1b","1b","1b","1b","1b","E: Conc. Uncertainty","1b","1b","1b","1b","1b","1b","1b","1b","1b"
"2025-11-23 21:00:00","PM2.5",0,0,0,40.8411,558.5695,35.1011,8.8156,NA,0,0.8842,0,26.2831952,0,0,0.798261046,0.900269487,0,0,NA,NA,1.085127371,0,NA,0,0,0,NA,0,0,NA,NA,NA,0,0,0,0,0,0,0,0,"1b","1b","1b","1b","1b","1b","1b","E: Conc. Uncertainty","1b","1b","1b","1b","1b","1b","1b","1b","1b","1b","E: Conc. Uncertainty","E: Conc. Uncertainty","1b","1b","E: Conc. Uncertainty","1b","1b","1b","E: Conc. Uncertainty","1b","1b","E: Conc. Uncertainty","E: Conc. Uncertainty","E: Conc. Uncertainty","1b","1b","1b","1b","1b","1b","1b","1b"
"2025-11-23 22:00:00","PM10",0,0,NA,86.0756,1373.0637,56.3287,34.0774,NA,0,1.3796,0,125.6845308,0,0,3.374250857,2.089306973,0,0,NA,0,2.36641602,0,NA,0,0,0,NA,NA,0,0,NA,0,0,0,0,0,0,0,0,0,"1b","1b","E: Conc. Uncertainty","1b","1b","1b","1b","E: Conc. Uncertainty","1b","1b","1b","1b","1b","1b","1b","1b","1b","1b","E: Conc. Uncertainty","1b","1b","1b","E: Conc. Uncertainty","1b","1b","1b","E: Conc. Uncertainty","E: Conc. Uncertainty","1b","1b","E: Conc. Uncertainty","1b","1b","1b","1b","1b","1b","1b","1b","1b"
"2025-11-23 23:00:00","PM2.5",0,0,0,52.3469,454.9329,30.5002,8.7173,0,0,NA,0,27.29639886,0,0,2.496310981,NA,0,0,NA,NA,NA,0,NA,NA,0,0,0,0,0,0,0,NA,NA,0,0,0,0,0,0,0,"1b","1b","1b","1b","1b","1b","1b","1b","1b","E: Conc. Uncertainty","1b","1b","1b","1b","1b","E: Conc. Uncertainty","1b","1b","E: Conc. Uncertainty","E: Conc. Uncertainty","E: Conc. Uncertainty","1b","E: Conc. Uncertainty","E: Conc. Uncertainty","1b","1b","1b","1b","1b","1b","1b","E: Conc. Uncertainty","E: Conc. Uncertainty","1b","1b","1b","1b","1b","1b","1b"
"2025-11-24 00:30:00","PM10",0,0,0,108.2688,1758.0797,66.8966,35.3071,0,0,1.842,0,21.2922914,0,NA,NA,2.202599992,0,0,NA,0,2.554699506,0,3.384557877,0,0,0,0,0,0,0,0,NA,0,0,0,0,0,0,0,0,"1b","1b","1b","1b","1b","1b","1b","1b","1b","1b","1b","1b","1b","E: Conc. Uncertainty","E: Conc. Uncertainty","1b","1b","1b","E: Conc. Uncertainty","1b","1b","1b","1b","1b","1b","1b","1b","1b","1b","1b","1b","E: Conc. Uncertainty","1b","1b","1b","1b","1b","1b","1b","1b"
"2025-11-24 01:00:00","PM2.5",0,0,NA,60.3517,548.4212,49.4536,11.081,0,0,NA,0,4.388758282,0,NA,NA,1.357371844,0,0,0.70052616,NA,0.95835496,NA,0,0,0,NA,NA,0,0,0,NA,NA,0,0,0,0,0,0,0,0,"1b","1b","E: Conc. Uncertainty","1b","1b","1b","1b","1b","1b","E: Conc. Uncertainty","1b","1b","1b","E: Conc. Uncertainty","E: Conc. Uncertainty","1b","1b","1b","1b","E: Conc. Uncertainty","1b","E: Conc. Uncertainty","1b","1b","1b","E: Conc. Uncertainty","E: Conc. Uncertainty","1b","1b","1b","E: Conc. Uncertainty","E: Conc. Uncertainty","1b","1b","1b","1b","1b","1b","1b","1b"
"2025-11-24 02:00:00","PM10",0,0,0,124.394,1683.2184,104.4461,39.0953,0,0,NA,0,12.6140317,0,0,NA,4.633876559,0,0,0.752071409,NA,2.991643199,NA,NA,0,0,NA,0,0,0,NA,NA,NA,NA,0,0,0,0,0,0,0,"1b","1b","1b","1b","1b","1b","1b","1b","1b","E: Conc. Uncertainty","1b","1b","1b","1b","E: Conc. Uncertainty","1b","1b","1b","1b","E: Conc. Uncertainty","1b","E: Conc. Uncertainty","E: Conc. Uncertainty","1b","1b","E: Conc. Uncertainty","1b","1b","1b","E: Conc. Uncertainty","E: Conc. Uncertainty","E: Conc. Uncertainty","E: Conc. Uncertainty","1b","1b","1b","1b","1b","1b","1b"
"2025-11-24 03:00:00","PM2.5",0,0,0,82.9076,486.3944,125.3203,8.7734,0,0,0.8065,0,5.062803259,0,NA,NA,12.77161342,0,0,0.840886203,0,1.027607393,NA,NA,0,0,0,0,0,0,NA,NA,0,0,0,0,0,0,0,0,0,"1b","1b","1b","1b","1b","1b","1b","1b","1b","1b","1b","1b","1b","E: Conc. Uncertainty","E: Conc. Uncertainty","1b","1b","1b","1b","1b","1b","E: Conc. Uncertainty","E: Conc. Uncertainty","1b","1b","1b","1b","1b","1b","E: Conc. Uncertainty","E: Conc. Uncertainty","1b","1b","1b","1b","1b","1b","1b","1b","1b"
"2025-11-24 04:00:00","PM10",0,0,0,122.0792,1540.0039,117.1547,41.091,0,0,NA,0,11.78521066,0,NA,NA,11.65667378,0,0,NA,NA,2.340367132,NA,NA,0,0,0,NA,0,0,0,NA,0,0,0,0,0,0,0,0,0,"1b","1b","1b","1b","1b","1b","1b","1b","1b","E: Conc. Uncertainty","1b","1b","1b","E: Conc. Uncertainty","E: Conc. Uncertainty","1b","1b","1b","E: Conc. Uncertainty","E: Conc. Uncertainty","1b","E: Conc. Uncertainty","E: Conc. Uncertainty","1b","1b","1b","E: Conc. Uncertainty","1b","1b","1b","E: Conc. Uncertainty","1b","1b","1b","1b","1b","1b","1b","1b","1b"
"2025-11-24 05:00:00","PM2.5",0,0,NA,73.1864,350.6107,32.1292,7.074,0,0,NA,0,8.074202504,0,0,NA,5.623608131,0,0,NA,0,0,NA,NA,0,NA,0,0,0,NA,0,NA,0,0,NA,NA,0,0,0,0,0,"1b","1b","E: Conc. Uncertainty","1b","1b","1b","1b","1b","1b","E: Conc. Uncertainty","1b","1b","1b","1b","E: Conc. Uncertainty","1b","1b","1b","E: Conc. Uncertainty","1b","1b","E: Conc. Uncertainty","E: Conc. Uncertainty","1b","E: Conc. Uncertainty","1b","1b","1b","E: Conc. Uncertainty","1b","E: Conc. Uncertainty","1b","1b","E: Conc. Uncertainty","E: Conc. Uncertainty","1b","1b","1b","1b","1b"
"2025-11-24 06:00:00","PM10",0,0,0,91.8131,803.2013,54.8635,22.7235,0,0,NA,0,89.83482274,NA,0,4.72773762,4.56559002,0,0,NA,0,NA,NA,NA,0,0,0,NA,0,0,NA,NA,0,NA,0,0,0,0,0,0,0,"1b","1b","1b","1b","1b","1b","1b","1b","1b","E: Conc. Uncertainty","1b","1b","E: Conc. Uncertainty","1b","1b","1b","1b","1b","E: Conc. Uncertainty","1b","E: Conc. Uncertainty","E: Conc. Uncertainty","E: Conc. Uncertainty","1b","1b","1b","E: Conc. Uncertainty","1b","1b","E: Conc. Uncertainty","E: Conc. Uncertainty","1b","E: Conc. Uncertainty","1b","1b","1b","1b","1b","1b","1b"
"2025-11-24 07:00:00","PM2.5",0,0,NA,74.6114,103.2489,17.6394,4.8614,1.1281,0,NA,NA,259.8386522,0,0,16.60217168,5.370468459,0,0,NA,0,NA,NA,NA,0,0,NA,0,0,0,0,0,NA,6.0236,0,0,0,0,0,0,0,"1b","1b","E: Conc. Uncertainty","1b","1b","1b","1b","1b","1b","E: Conc. Uncertainty","E: Conc. Uncertainty","1b","1b","1b","1b","1b","1b","1b","E: Conc. Uncertainty","1b","E: Conc. Uncertainty","E: Conc. Uncertainty","E: Conc. Uncertainty","1b","1b","E: Conc. Uncertainty","1b","1b","1b","1b","1b","E: Conc. Uncertainty","1b","1b","1b","1b","1b","1b","1b","1b"
"2025-11-24 08:00:00","PM10",0,NA,NA,176.9164,769.0829,85.1659,77.4883,7.5668,0,3.6478,7.6493,737.6411811,0,NA,22.8526425,32.00965628,0,NA,3.116587639,0,2.565131566,NA,NA,NA,0,0,NA,0,0,0,0,0,12.4837,0,0,0,0,0,NA,0,"1b","E: Conc. Uncertainty","E: Conc. Uncertainty","1b","1b","1b","1b","1b","1b","1b","1b","1b","1b","E: Conc. Uncertainty","1b","1b","1b","E: Conc. Uncertainty","1b","1b","1b","E: Conc. Uncertainty","E: Conc. Uncertainty","E: Conc. Uncertainty","1b","1b","E: Conc. Uncertainty","1b","1b","1b","1b","1b","1b","1b","1b","1b","1b","1b","E: Conc. Uncertainty","1b"
"2025-11-24 09:00:00","PM2.5",0,0,0,174.1596,266.4442,61.6284,23.3701,4.108,0,1.8363,9.8892,270.1487771,0,NA,6.545106015,40.55132964,0,0,2.965332791,NA,2.427701225,0,0,0,0,0,0,0,0,0,NA,NA,0,0,0,0,0,0,3.743448416,0,"1b","1b","1b","1b","1b","1b","1b","1b","1b","1b","1b","1b","1b","E: Conc. Uncertainty","1b","1b","1b","1b","1b","E: Conc. Uncertainty","1b","1b","1b","1b","1b","1b","1b","1b","1b","1b","E: Conc. Uncertainty","E: Conc. Uncertainty","1b","1b","1b","1b","1b","1b","1b","1b"
"2025-11-24 10:00:00","PM10",0,NA,0,317.7102,1080.7047,89.0771,95.7517,4.8092,NA,2.353,4.7254,245.6232186,0,NA,8.288291602,39.23597618,0,0,3.476927478,0,2.082012933,2.185142052,0,0,0,NA,0,0,0,NA,NA,0,NA,0,0,0,0,0,19.85335131,0,"1b","E: Conc. Uncertainty","1b","1b","1b","1b","1b","1b","E: Conc. Uncertainty","1b","1b","1b","1b","E: Conc. Uncertainty","1b","1b","1b","1b","1b","1b","1b","1b","1b","1b","1b","E: Conc. Uncertainty","1b","1b","1b","E: Conc. Uncertainty","E: Conc. Uncertainty","1b","E: Conc. Uncertainty","1b","1b","1b","1b","1b","1b","1b"
"2025-11-24 11:00:00","PM2.5",0,0,0,489.8448,246.6937,51.4109,25.3273,1.2462,0,1.5545,1.5393,66.28173428,0,NA,2.787834386,20.04350967,0,0,2.7660592,NA,0.862521241,NA,0,0,0,0,0,NA,0,0,0,NA,0,0,0,0,0,0,12.80631277,0,"1b","1b","1b","1b","1b","1b","1b","1b","1b","1b","1b","1b","1b","E: Conc. Uncertainty","1b","1b","1b","1b","1b","E: Conc. Uncertainty","1b","E: Conc. Uncertainty","1b","1b","1b","1b","1b","E: Conc. Uncertainty","1b","1b","1b","E: Conc. Uncertainty","1b","1b","1b","1b","1b","1b","1b","1b"
"2025-11-24 12:00:00","PM10",0,0,0,413.572,321.3571,51.1276,55.0385,2.583,0,1.6514,2.5045,184.7819926,0,NA,3.653063929,12.51548021,0,0,2.205244003,NA,1.456597311,NA,NA,NA,0,0,NA,0,0,0,NA,0,NA,0,0,0,0,0,3.727768546,0,"1b","1b","1b","1b","1b","1b","1b","1b","1b","1b","1b","1b","1b","E: Conc. Uncertainty","1b","1b","1b","1b","1b","E: Conc. Uncertainty","1b","E: Conc. Uncertainty","E: Conc. Uncertainty","E: Conc. Uncertainty","1b","1b","E: Conc. Uncertainty","1b","1b","1b","E: Conc. Uncertainty","1b","E: Conc. Uncertainty","1b","1b","1b","1b","1b","1b","1b"
"2025-11-24 13:00:00","PM2.5",0,0,0,259.6088,132.4915,56.3955,25.9704,1.5151,0,1.6902,1.0313,88.57219621,0,NA,3.563698351,22.38577244,0,0,3.028963973,NA,2.026572359,NA,NA,0,0,0,0,0,0,NA,NA,NA,NA,0,0,0,0,0,6.610085487,0,"1b","1b","1b","1b","1b","1b","1b","1b","1b","1b","1b","1b","1b","E: Conc. Uncertainty","1b","1b","1b","1b","1b","E: Conc. Uncertainty","1b","E: Conc. Uncertainty","E: Conc. Uncertainty","1b","1b","1b","1b","1b","1b","E: Conc. Uncertainty","E: Conc. Uncertainty","E: Conc. Uncertainty","E: Conc. Uncertainty","1b","1b","1b","1b","1b","1b","1b"
"2025-11-24 14:00:00","PM10",0,0,0,192.2219,375.3276,56.5252,61.049,4.0599,NA,1.2311,0.8795,125.1959766,0,NA,3.119876611,13.10709995,0,0,2.656842384,0,3.466373465,NA,NA,0,0,0,0,0,0,0,NA,NA,NA,0,0,0,0,0,4.066021216,0,"1b","1b","1b","1b","1b","1b","1b","1b","E: Conc. Uncertainty","1b","1b","1b","1b","E: Conc. Uncertainty","1b","1b","1b","1b","1b","1b","1b","E: Conc. Uncertainty","E: Conc. Uncertainty","1b","1b","1b","1b","1b","1b","1b","E: Conc. Uncertainty","E: Conc. Uncertainty","E: Conc. Uncertainty","1b","1b","1b","1b","1b","1b","1b"
"2025-11-24 15:00:00","PM2.5",0,0,0,115.2802,244.4008,29.4967,20.477,NA,0,1.0895,1.3327,81.8085619,0,NA,2.150905801,11.40404205,0,0,2.391497062,0,0.842923368,NA,NA,0,0,0,0,0,0,0,0,NA,NA,0,0,0,0,0,NA,0,"1b","1b","1b","1b","1b","1b","1b","E: Conc. Uncertainty","1b","1b","1b","1b","1b","E: Conc. Uncertainty","1b","1b","1b","1b","1b","1b","1b","E: Conc. Uncertainty","E: Conc. Uncertainty","1b","1b","1b","1b","1b","1b","1b","1b","E: Conc. Uncertainty","E: Conc. Uncertainty","1b","1b","1b","1b","1b","E: Conc. Uncertainty","1b"
"2025-11-24 16:00:00","PM10",0,0,0,124.8497,762.0727,39.9496,89.4434,1.6517,0,0.8163,NA,85.49797921,0,0,2.232059779,9.033635688,0,0,1.828207556,0,1.591556465,0,NA,0,0,NA,NA,0,0,NA,NA,NA,0,0,0.0127,0,0,0,2.552993515,0,"1b","1b","1b","1b","1b","1b","1b","1b","1b","1b","E: Conc. Uncertainty","1b","1b","1b","1b","1b","1b","1b","1b","1b","1b","1b","E: Conc. Uncertainty","1b","1b","E: Conc. Uncertainty","E: Conc. Uncertainty","1b","1b","E: Conc. Uncertainty","E: Conc. Uncertainty","E: Conc. Uncertainty","1b","1b","1b","1b","1b","1b","1b","1b"
"2025-11-24 17:00:00","PM2.5",0,0,0,101.2109,343.6246,31.134,14.2722,NA,0,NA,0,51.12526096,0,0.012169662,1.383278171,8.295116859,0,0,1.7982382,0,1.244737512,NA,NA,0,0,0,0,0,0,NA,NA,0,0,0,0,0,0,0,1.048087988,0,"1b","1b","1b","1b","1b","1b","1b","E: Conc. Uncertainty","1b","E: Conc. Uncertainty","1b","1b","1b","1b","1b","1b","1b","1b","1b","1b","1b","E: Conc. Uncertainty","E: Conc. Uncertainty","1b","1b","1b","1b","1b","1b","E: Conc. Uncertainty","E: Conc. Uncertainty","1b","1b","1b","1b","1b","1b","1b","1b","1b"
"2025-11-24 18:00:00","PM10",0,0,0,131.8266,758.8594,53.8939,42.6785,2.9225,0,0.9051,NA,127.419322,0,NA,2.915382266,15.7292884,0,0,2.245128779,0,4.673948895,NA,NA,NA,0,0,NA,0,0,0,0,0,NA,0,0,0,0,0,11.83291255,0,"1b","1b","1b","1b","1b","1b","1b","1b","1b","1b","E: Conc. Uncertainty","1b","1b","E: Conc. Uncertainty","1b","1b","1b","1b","1b","1b","1b","E: Conc. Uncertainty","E: Conc. Uncertainty","E: Conc. Uncertainty","1b","1b","E: Conc. Uncertainty","1b","1b","1b","1b","1b","E: Conc. Uncertainty","1b","1b","1b","1b","1b","1b","1b"
"2025-11-24 19:00:00","PM2.5",0,0,287.2297,119.0302,260.5614,54.1796,12.2274,NA,0,NA,0,51.04367989,0,NA,1.833263839,10.75501632,0,0,2.254726479,0,1.891598613,NA,0,0,0,0,NA,0,0,0,NA,0,0,0,0,0,0,0,20.93890917,0,"1b","1b","1b","1b","1b","1b","1b","E: Conc. Uncertainty","1b","E: Conc. Uncertainty","1b","1b","1b","E: Conc. Uncertainty","1b","1b","1b","1b","1b","1b","1b","E: Conc. Uncertainty","1b","1b","1b","1b","E: Conc. Uncertainty","1b","1b","1b","E: Conc. Uncertainty","1b","1b","1b","1b","1b","1b","1b","1b","1b"
"2025-11-24 20:00:00","PM10",0,0,125.7705,144.0655,770.298,60.3325,31.3855,1.7129,0,NA,0,81.0725932,0,0,2.356619031,5.394232823,0,0,1.680821848,0,2.38277984,NA,NA,0,0,0,0,0,0,NA,0,NA,NA,0,0,0,0,0,1.762335351,0,"1b","1b","1b","1b","1b","1b","1b","1b","1b","E: Conc. Uncertainty","1b","1b","1b","1b","1b","1b","1b","1b","1b","1b","1b","E: Conc. Uncertainty","E: Conc. Uncertainty","1b","1b","1b","1b","1b","1b","E: Conc. Uncertainty","1b","E: Conc. Uncertainty","E: Conc. Uncertainty","1b","1b","1b","1b","1b","1b","1b"
"2025-11-24 21:00:00","PM2.5",NA,0,NA,113.5677,212.8918,60.5545,13.2439,NA,0,NA,0,41.97755129,0,NA,1.171625319,18.96277196,0,0,1.764883586,0.003010792,2.600988679,NA,1.817287643,NA,0,0,0,0,NA,0,0,NA,0,0,0,0,0,0,0,0,"E: Conc. Uncertainty","1b","E: Conc. Uncertainty","1b","1b","1b","1b","E: Conc. Uncertainty","1b","E: Conc. Uncertainty","1b","1b","1b","E: Conc. Uncertainty","1b","1b","1b","1b","1b","1b","1b","E: Conc. Uncertainty","1b","E: Conc. Uncertainty","1b","1b","1b","1b","E: Conc. Uncertainty","1b","1b","E: Conc. Uncertainty","1b","1b","1b","1b","1b","1b","1b","1b"
"2025-11-24 22:00:00","PM10",0,0,0,157.0188,575.4214,75.0974,63.1312,1.4789,0,0.7588,0,76.19119994,0,NA,3.185547411,20.98665148,0,0,1.563057247,0,2.535546903,0,0,0,0,0,NA,0,0,0,0,NA,NA,0,0,0,0,0,1.60572573,0,"1b","1b","1b","1b","1b","1b","1b","1b","1b","1b","1b","1b","1b","E: Conc. Uncertainty","1b","1b","1b","1b","1b","1b","1b","1b","1b","1b","1b","1b","E: Conc. Uncertainty","1b","1b","1b","1b","E: Conc. Uncertainty","E: Conc. Uncertainty","1b","1b","1b","1b","1b","1b","1b"
"2025-11-24 23:00:00","PM2.5",NA,0,NA,109.6307,76.7203,46.4434,9.4865,0,0,NA,0,28.19278813,NA,0,1.692426726,9.020707138,0,0,1.050352754,0,1.726073279,NA,NA,0,0,0,0,0,NA,NA,NA,NA,0,0,0,0,0,0.014395227,0,0,"E: Conc. Uncertainty","1b","E: Conc. Uncertainty","1b","1b","1b","1b","1b","1b","E: Conc. Uncertainty","1b","1b","E: Conc. Uncertainty","1b","1b","1b","1b","1b","1b","1b","1b","E: Conc. Uncertainty","E: Conc. Uncertainty","1b","1b","1b","1b","1b","E: Conc. Uncertainty","E: Conc. Uncertainty","E: Conc. Uncertainty","E: Conc. Uncertainty","1b","1b","1b","1b","1b","1b","1b","1b"
"2025-11-25 00:30:00","PM10",0,0,NA,107.5144,239.5154,56.0017,37.5803,NA,0,NA,0,33.9840442,0,0,1.719459448,17.68953457,0,0,NA,0,NA,NA,0,0,0,0,0,0,0,0,0,NA,0,0,0,0,0,0,0,0,"1b","1b","E: Conc. Uncertainty","1b","1b","1b","1b","E: Conc. Uncertainty","1b","E: Conc. Uncertainty","1b","1b","1b","1b","1b","1b","1b","1b","E: Conc. Uncertainty","1b","E: Conc. Uncertainty","E: Conc. Uncertainty","1b","1b","1b","1b","1b","1b","1b","1b","1b","E: Conc. Uncertainty","1b","1b","1b","1b","1b","1b","1b","1b"
"2025-11-25 01:00:00","PM2.5",0,0,0,98.068,63.2413,30.3212,7.5519,0,0,0.7784,0,13.7327595,0,0,NA,8.272201283,0,0,1.111785678,NA,0.815391668,0,NA,0,0,0,0,0,0,0.076,NA,0,0,0,0,0,0,0,0,0,"1b","1b","1b","1b","1b","1b","1b","1b","1b","1b","1b","1b","1b","1b","E: Conc. Uncertainty","1b","1b","1b","1b","E: Conc. Uncertainty","1b","1b","E: Conc. Uncertainty","1b","1b","1b","1b","1b","1b","1b","E: Conc. Uncertainty","1b","1b","1b","1b","1b","1b","1b","1b","1b"
"2025-11-25 02:00:00","PM10",0,0,NA,94.888,138.0273,36.5335,29.2154,NA,0,0.7242,0,26.59980256,NA,NA,1.079951964,8.96706663,0,0,0.649589351,NA,0.889048331,0,NA,0,0,0,0,NA,0,0,NA,NA,0,0,NA,0,0,0,0,0,"1b","1b","E: Conc. Uncertainty","1b","1b","1b","1b","E: Conc. Uncertainty","1b","1b","1b","1b","E: Conc. Uncertainty","E: Conc. Uncertainty","1b","1b","1b","1b","1b","E: Conc. Uncertainty","1b","1b","E: Conc. Uncertainty","1b","1b","1b","1b","E: Conc. Uncertainty","1b","1b","E: Conc. Uncertainty","E: Conc. Uncertainty","1b","1b","E: Conc. Uncertainty","1b","1b","1b","1b","1b"
"2025-11-25 03:00:00","PM2.5",0,0,0,89.9669,84.5324,38.9586,10.9451,NA,0,NA,0,15.12120376,0,NA,1.202425097,14.79378505,0,0,0.963970866,0,1.134197542,NA,NA,0,0,0,0,NA,0,NA,0,NA,0,0,0,0,0,0,0,0,"1b","1b","1b","1b","1b","1b","1b","E: Conc. Uncertainty","1b","E: Conc. Uncertainty","1b","1b","1b","E: Conc. Uncertainty","1b","1b","1b","1b","1b","1b","1b","E: Conc. Uncertainty","E: Conc. Uncertainty","1b","1b","1b","1b","E: Conc. Uncertainty","1b","E: Conc. Uncertainty","1b","E: Conc. Uncertainty","1b","1b","1b","1b","1b","1b","1b","1b"
"2025-11-25 04:00:00","PM10",0,0,0,95.4069,187.5779,38.2168,16.9003,NA,0,0.7833,0,31.34947928,NA,NA,1.713658899,12.13044009,0,0,NA,0,NA,NA,NA,0,0,0,0,NA,0,0,NA,0,0,0,0,0,0,0,0,0,"1b","1b","1b","1b","1b","1b","1b","E: Conc. Uncertainty","1b","1b","1b","1b","E: Conc. Uncertainty","E: Conc. Uncertainty","1b","1b","1b","1b","E: Conc. Uncertainty","1b","E: Conc. Uncertainty","E: Conc. Uncertainty","E: Conc. Uncertainty","1b","1b","1b","1b","E: Conc. Uncertainty","1b","1b","E: Conc. Uncertainty","1b","1b","1b","1b","1b","1b","1b","1b","1b"
"2025-11-25 05:00:00","PM2.5",0,0,0,102.788,69.1507,33.0233,6.4102,NA,0,1.095,0,14.20296501,0,NA,1.867967503,15.67499771,0,NA,0.876091797,0,NA,0,NA,0,0,NA,0,0,NA,NA,NA,0,0,0,0,0,0,0,0,0,"1b","1b","1b","1b","1b","1b","1b","E: Conc. Uncertainty","1b","1b","1b","1b","1b","E: Conc. Uncertainty","1b","1b","1b","E: Conc. Uncertainty","1b","1b","E: Conc. Uncertainty","1b","E: Conc. Uncertainty","1b","1b","E: Conc. Uncertainty","1b","1b","E: Conc. Uncertainty","E: Conc. Uncertainty","E: Conc. Uncertainty","1b","1b","1b","1b","1b","1b","1b","1b","1b"
"2025-11-25 06:00:00","PM10",0,0,NA,151.2781,385.7347,69.4363,40.8261,1.8404,0,2.4548,3.2786,77.21795185,0,NA,3.048822679,42.9033722,0,0,1.419866903,0,1.126472923,NA,0,0,0,NA,0,0,0,0,NA,NA,NA,0,0,0,0,0,0,0,"1b","1b","E: Conc. Uncertainty","1b","1b","1b","1b","1b","1b","1b","1b","1b","1b","E: Conc. Uncertainty","1b","1b","1b","1b","1b","1b","1b","E: Conc. Uncertainty","1b","1b","1b","E: Conc. Uncertainty","1b","1b","1b","1b","E: Conc. Uncertainty","E: Conc. Uncertainty","E: Conc. Uncertainty","1b","1b","1b","1b","1b","1b","1b"
"2025-11-25 07:00:00","PM2.5",0,0,0,106.267,148.4783,52.5709,8.8344,0,0,1.4563,1.9729,70.433983,0,NA,5.404997201,27.60185232,0,0,1.310783166,0,NA,0,0,0,0,NA,0,0,0,0,NA,0,NA,0,0,0,0,0,0,0,"1b","1b","1b","1b","1b","1b","1b","1b","1b","1b","1b","1b","1b","E: Conc. Uncertainty","1b","1b","1b","1b","1b","1b","E: Conc. Uncertainty","1b","1b","1b","1b","E: Conc. Uncertainty","1b","1b","1b","1b","E: Conc. Uncertainty","1b","E: Conc. Uncertainty","1b","1b","1b","1b","1b","1b","1b"
"2025-11-25 08:00:00","PM10",0,0,0,110.6708,521.7942,74.4993,43.7563,2.756,0,2.063,3.1713,178.7067236,0,NA,9.033032177,35.33395806,0,NA,3.196532793,0,1.600130377,0.006763295,NA,0,0,0,0,0,NA,0,NA,0,NA,0,0,0,0,0,5.223046131,0,"1b","1b","1b","1b","1b","1b","1b","1b","1b","1b","1b","1b","1b","E: Conc. Uncertainty","1b","1b","1b","E: Conc. Uncertainty","1b","1b","1b","1b","E: Conc. Uncertainty","1b","1b","1b","1b","1b","E: Conc. Uncertainty","1b","E: Conc. Uncertainty","1b","E: Conc. Uncertainty","1b","1b","1b","1b","1b","1b","1b"
"2025-11-25 09:00:00","PM2.5",0,0,0,106.3788,272.5345,64.6738,30.3656,NA,0,3.13,3.8509,106.8772927,0,1.156906823,4.252342465,46.80487805,0,0,1.275036529,0,1.559769892,0,0,0,0,11.0966,0,0,0,0,NA,NA,NA,0,0,0,0,0,5.59933379,0,"1b","1b","1b","1b","1b","1b","1b","E: Conc. Uncertainty","1b","1b","1b","1b","1b","1b","1b","1b","1b","1b","1b","1b","1b","1b","1b","1b","1b","1b","1b","1b","1b","1b","E: Conc. Uncertainty","E: Conc. Uncertainty","E: Conc. Uncertainty","1b","1b","1b","1b","1b","1b","1b"
"2025-11-25 10:00:00","PM10",0,0,0,106.3736,607.5923,56.3383,81.1927,3.0294,0,2.4482,3.2496,179.9653339,NA,NA,4.72336251,31.85087479,0,0,1.831478036,0,1.458995395,0,0,0,0,0,NA,0,0,0,0,0,NA,0,0,0,0,0,0,0,"1b","1b","1b","1b","1b","1b","1b","1b","1b","1b","1b","1b","E: Conc. Uncertainty","E: Conc. Uncertainty","1b","1b","1b","1b","1b","1b","1b","1b","1b","1b","1b","1b","E: Conc. Uncertainty","1b","1b","1b","1b","1b","E: Conc. Uncertainty","1b","1b","1b","1b","1b","1b","1b"
"2025-11-25 11:00:00","PM2.5",0,0,0,84.6475,270.5652,37.3165,21.2758,NA,0,1.9692,3.0679,77.68050262,0,NA,4.103876648,32.25838208,0,0,2.504820333,0,1.228451175,NA,0,NA,0,NA,0,0,0,0,NA,0,0,0,0,0,0,0,3.845871634,0,"1b","1b","1b","1b","1b","1b","1b","E: Conc. Uncertainty","1b","1b","1b","1b","1b","E: Conc. Uncertainty","1b","1b","1b","1b","1b","1b","1b","E: Conc. Uncertainty","1b","E: Conc. Uncertainty","1b","E: Conc. Uncertainty","1b","1b","1b","1b","E: Conc. Uncertainty","1b","1b","1b","1b","1b","1b","1b","1b","1b"
"2025-11-25 12:00:00","PM10",0,NA,0,123.293,863.2855,76.3377,101.1791,4.8516,0,2.0307,2.5318,155.4146386,0,0.806172739,4.690660448,34.10918885,0,0,4.680599963,0,2.137435595,0,0,0,0,0,0,0,0,0,NA,NA,0,0,0,0,0,0,1.185609841,0,"1b","E: Conc. Uncertainty","1b","1b","1b","1b","1b","1b","1b","1b","1b","1b","1b","1b","1b","1b","1b","1b","1b","1b","1b","1b","1b","1b","1b","1b","1b","1b","1b","1b","E: Conc. Uncertainty","E: Conc. Uncertainty","1b","1b","1b","1b","1b","1b","1b","1b"
"2025-11-25 13:00:00","PM2.5",0,0,0,93.9303,414.9084,46.0848,29.1906,NA,0,1.0883,NA,79.49090373,0.01684005,NA,2.504306619,16.38465684,0,0,1.894983577,0,1.928460295,0,NA,0,0,NA,0,0,0,0,NA,NA,0,0,NA,0,0,0,0,0,"1b","1b","1b","1b","1b","1b","1b","E: Conc. Uncertainty","1b","1b","E: Conc. Uncertainty","1b","1b","E: Conc. Uncertainty","1b","1b","1b","1b","1b","1b","1b","1b","E: Conc. Uncertainty","1b","1b","E: Conc. Uncertainty","1b","1b","1b","1b","E: Conc. Uncertainty","E: Conc. Uncertainty","1b","1b","E: Conc. Uncertainty","1b","1b","1b","1b","1b"
"2025-11-25 14:00:00","PM10",0,NA,0,145.1205,1184.2037,74.5984,115.5694,4.1912,0,1.2865,1.0821,154.8793612,0,NA,3.591353881,16.29353067,0,0,1.960512664,0,2.686817211,1.420852406,0,NA,0,NA,NA,NA,0,0,NA,0,NA,0,0,0,0,0,0,0,"1b","E: Conc. Uncertainty","1b","1b","1b","1b","1b","1b","1b","1b","1b","1b","1b","E: Conc. Uncertainty","1b","1b","1b","1b","1b","1b","1b","1b","1b","E: Conc. Uncertainty","1b","E: Conc. Uncertainty","E: Conc. Uncertainty","E: Conc. Uncertainty","1b","1b","E: Conc. Uncertainty","1b","E: Conc. Uncertainty","1b","1b","1b","1b","1b","1b","1b"
"2025-11-25 15:00:00","PM2.5",0,0,0,104.2476,397.3659,88.0049,33.3636,NA,0,0.8723,1.0048,84.20210393,0,0,3.196350194,32.68609021,0,0,3.362607819,NA,2.977494221,NA,0,0,0,0,NA,0,0,0,NA,NA,NA,0,0,0,0,0,6.666211799,0,"1b","1b","1b","1b","1b","1b","1b","E: Conc. Uncertainty","1b","1b","1b","1b","1b","1b","1b","1b","1b","1b","1b","E: Conc. Uncertainty","1b","E: Conc. Uncertainty","1b","1b","1b","1b","E: Conc. Uncertainty","1b","1b","1b","E: Conc. Uncertainty","E: Conc. Uncertainty","E: Conc. Uncertainty","1b","1b","1b","1b","1b","1b","1b"
"2025-11-25 16:00:00","PM10",NA,NA,0,137.5964,939.1534,117.4204,128.081,9.8547,0,2.0711,2.3839,274.6572527,0,NA,7.484230981,52.81923617,0,0,5.403015443,NA,3.693429914,NA,0,0,0,0,0,NA,0,0,NA,NA,NA,0,0,0,0,0,19.83140375,0,"E: Conc. Uncertainty","E: Conc. Uncertainty","1b","1b","1b","1b","1b","1b","1b","1b","1b","1b","1b","E: Conc. Uncertainty","1b","1b","1b","1b","1b","E: Conc. Uncertainty","1b","E: Conc. Uncertainty","1b","1b","1b","1b","1b","E: Conc. Uncertainty","1b","1b","E: Conc. Uncertainty","E: Conc. Uncertainty","E: Conc. Uncertainty","1b","1b","1b","1b","1b","1b","1b"
"2025-11-25 17:00:00","PM2.5",0,0,0,136.2611,329.5655,115.4174,38.166,3.7707,0,1.1721,3.4298,155.5849126,0,NA,19.98025526,81.15742871,0,0,6.249384249,1.411443809,13.71223563,0,0,0,0,NA,0,0,0,0,NA,0,NA,0,0,0,0,0,21.28668553,0,"1b","1b","1b","1b","1b","1b","1b","1b","1b","1b","1b","1b","1b","E: Conc. Uncertainty","1b","1b","1b","1b","1b","1b","1b","1b","1b","1b","1b","E: Conc. Uncertainty","1b","1b","1b","1b","E: Conc. Uncertainty","1b","E: Conc. Uncertainty","1b","1b","1b","1b","1b","1b","1b"
"2025-11-25 18:00:00","PM10",0,NA,NA,307.0902,1094.7077,130.1061,114.9273,6.2758,0,2.1538,2.3112,297.5984889,0,NA,44.04540317,147.2882322,0,0,7.617804885,4.277276013,32.03986396,NA,0,0,0,NA,NA,0,0,NA,NA,NA,NA,0,0,0,0,0,71.36507856,0,"1b","E: Conc. Uncertainty","E: Conc. Uncertainty","1b","1b","1b","1b","1b","1b","1b","1b","1b","1b","E: Conc. Uncertainty","1b","1b","1b","1b","1b","1b","1b","E: Conc. Uncertainty","1b","1b","1b","E: Conc. Uncertainty","E: Conc. Uncertainty","1b","1b","E: Conc. Uncertainty","E: Conc. Uncertainty","E: Conc. Uncertainty","E: Conc. Uncertainty","1b","1b","1b","1b","1b","1b","1b"
"2025-11-25 19:00:00","PM2.5",0,0,NA,253.0754,454.9791,113.7595,23.6027,1.5821,0,NA,NA,104.0885688,0,0,14.46747369,56.36693227,0,0,5.289529063,1.60325876,93.89636326,0,0,NA,0,0,0.0886,0,0,0,0,NA,NA,0,0,0,0,0,21.92411891,0,"1b","1b","E: Conc. Uncertainty","1b","1b","1b","1b","1b","1b","E: Conc. Uncertainty","E: Conc. Uncertainty","1b","1b","1b","1b","1b","1b","1b","1b","1b","1b","1b","1b","E: Conc. Uncertainty","1b","1b","1b","1b","1b","1b","1b","E: Conc. Uncertainty","E: Conc. Uncertainty","1b","1b","1b","1b","1b","1b","1b"
"2025-11-25 20:00:00","PM10",0,1.2455,NA,234.3893,958.6984,168.0416,110.0523,3.736,0,21.9308,3.1408,252.6400815,NA,NA,24.45359817,74.85454545,0,0,4.6392055,NA,21.14224599,0,0,0,0,0,0,0,0,0,0,0,NA,0,0,0,0,0,23.81515661,0,"1b","1b","E: Conc. Uncertainty","1b","1b","1b","1b","1b","1b","1b","1b","1b","E: Conc. Uncertainty","E: Conc. Uncertainty","1b","1b","1b","1b","1b","E: Conc. Uncertainty","1b","1b","1b","1b","1b","1b","1b","1b","1b","1b","1b","1b","E: Conc. Uncertainty","1b","1b","1b","1b","1b","1b","1b"
"2025-11-25 21:00:00","PM2.5",0,0,30.8168,182.0265,324.6851,163.3444,24.2559,NA,0,1.1672,0.887,117.2035208,0,NA,29.05130707,83.27161849,0,0,4.817020368,0,14.76040777,0,0,0,0,0,0,NA,0,NA,NA,NA,NA,0,0,0,0,0,31.46455869,0,"1b","1b","1b","1b","1b","1b","1b","E: Conc. Uncertainty","1b","1b","1b","1b","1b","E: Conc. Uncertainty","1b","1b","1b","1b","1b","1b","1b","1b","1b","1b","1b","1b","1b","E: Conc. Uncertainty","1b","E: Conc. Uncertainty","E: Conc. Uncertainty","E: Conc. Uncertainty","E: Conc. Uncertainty","1b","1b","1b","1b","1b","1b","1b"
"2025-11-25 22:00:00","PM10",0,NA,NA,293.6397,935.7439,185.6859,127.5128,5.0292,0,1.8331,3.675,417.6822122,0,NA,48.56555976,150.5071623,0,0,3.953811093,NA,56.20744313,0,0,0,0,0,0,0,0,0,0,0,6.5239,0,0,0,0,0,45.4137468,0,"1b","E: Conc. Uncertainty","E: Conc. Uncertainty","1b","1b","1b","1b","1b","1b","1b","1b","1b","1b","E: Conc. Uncertainty","1b","1b","1b","1b","1b","E: Conc. Uncertainty","1b","1b","1b","1b","1b","1b","1b","1b","1b","1b","1b","1b","1b","1b","1b","1b","1b","1b","1b","1b"
"2025-11-25 23:00:00","PM2.5",NA,0,0,210.0926,278.4646,160.258,23.6613,NA,0,NA,NA,293.9139735,0,0,23.15145805,69.04057894,0,0,6.73072653,NA,29.25969912,0,0,0,0,0,NA,0,0.0427,NA,NA,NA,NA,0,0,0,0,0,21.12234796,0,"E: Conc. Uncertainty","1b","1b","1b","1b","1b","1b","E: Conc. Uncertainty","1b","E: Conc. Uncertainty","E: Conc. Uncertainty","1b","1b","1b","1b","1b","1b","1b","1b","E: Conc. Uncertainty","1b","1b","1b","1b","1b","1b","E: Conc. Uncertainty","1b","1b","E: Conc. Uncertainty","E: Conc. Uncertainty","E: Conc. Uncertainty","E: Conc. Uncertainty","1b","1b","1b","1b","1b","1b","1b"
"2025-11-26 00:30:00","PM10",0,0,0,410.3874,807.2643,240.4795,83.8761,NA,0,2.413,0,310.8235441,0,0,8.282408368,100.8058819,0,0,7.892324935,2.306276203,20.40687394,NA,0,0,0,0,0,0,0,0,NA,NA,NA,0,0,0,0,0,33.10379395,0,"1b","1b","1b","1b","1b","1b","1b","E: Conc. Uncertainty","1b","1b","1b","1b","1b","1b","1b","1b","1b","1b","1b","1b","1b","E: Conc. Uncertainty","1b","1b","1b","1b","1b","1b","1b","1b","E: Conc. Uncertainty","E: Conc. Uncertainty","E: Conc. Uncertainty","1b","1b","1b","1b","1b","1b","1b"
"2025-11-26 01:00:00","PM2.5",0,0,0,277.525,224.9897,183.0526,11.0787,0,NA,1.1719,NA,79.83249124,0,NA,3.888049059,96.23467933,0,0,4.917447641,1.812963491,17.08471192,NA,0,0,4.855502812,NA,NA,0,0.0653,0,NA,0,NA,0,NA,0,0,0,23.36758414,0,"1b","1b","1b","1b","1b","1b","1b","1b","E: Conc. Uncertainty","1b","E: Conc. Uncertainty","1b","1b","E: Conc. Uncertainty","1b","1b","1b","1b","1b","1b","1b","E: Conc. Uncertainty","1b","1b","1b","E: Conc. Uncertainty","E: Conc. Uncertainty","1b","1b","1b","E: Conc. Uncertainty","1b","E: Conc. Uncertainty","1b","E: Conc. Uncertainty","1b","1b","1b","1b","1b"
"2025-11-26 02:00:00","PM10",0,0,0,285.9295,465.7433,169.9836,59.8054,2.384,NA,0.9044,NA,118.9818215,NA,NA,2.92360346,195.5116905,0,0,5.505080181,1.275023463,13.48824826,NA,0,0,4.467203248,0,0,0,0,NA,NA,NA,NA,0,0,0,0,0,14.45149345,0,"1b","1b","1b","1b","1b","1b","1b","1b","E: Conc. Uncertainty","1b","E: Conc. Uncertainty","1b","E: Conc. Uncertainty","E: Conc. Uncertainty","1b","1b","1b","1b","1b","1b","1b","E: Conc. Uncertainty","1b","1b","1b","1b","1b","1b","1b","E: Conc. Uncertainty","E: Conc. Uncertainty","E: Conc. Uncertainty","E: Conc. Uncertainty","1b","1b","1b","1b","1b","1b","1b"
"2025-11-26 03:00:00","PM2.5",0,0,0,233.025,133.5299,117.0539,9.9628,0,0,1.0684,0,43.42957675,0,NA,1.735422133,243.9288547,0,0,4.306282669,1.141049891,8.685205524,NA,0,0,NA,NA,0,0,0,0,NA,0,NA,0,0,0,0,0,9.466034129,0,"1b","1b","1b","1b","1b","1b","1b","1b","1b","1b","1b","1b","1b","E: Conc. Uncertainty","1b","1b","1b","1b","1b","1b","1b","E: Conc. Uncertainty","1b","1b","E: Conc. Uncertainty","E: Conc. Uncertainty","1b","1b","1b","1b","E: Conc. Uncertainty","1b","E: Conc. Uncertainty","1b","1b","1b","1b","1b","1b","1b"
"2025-11-26 04:00:00","PM10",NA,0,0,211.9497,344.0237,106.2171,36.857,NA,NA,1.1328,0,83.88345907,0,0,2.311322195,151.0072997,0,0,4.115298861,1.419687853,6.468495159,0,0,0,NA,0,0,0,0,NA,NA,0,0,0,NA,0,0,0,5.520102216,0,"E: Conc. Uncertainty","1b","1b","1b","1b","1b","1b","E: Conc. Uncertainty","E: Conc. Uncertainty","1b","1b","1b","1b","1b","1b","1b","1b","1b","1b","1b","1b","1b","1b","1b","E: Conc. Uncertainty","1b","1b","1b","1b","E: Conc. Uncertainty","E: Conc. Uncertainty","1b","1b","1b","E: Conc. Uncertainty","1b","1b","1b","1b","1b"
"2025-11-26 05:00:00","PM2.5",0,0,0,168.1932,81.6481,107.9497,3.308,0,0,NA,0,34.44903421,0,0.003948627,1.507133989,68.30964157,0,0,3.959831878,0.707211333,3.982638253,NA,0,0,NA,0,NA,NA,0,0,NA,NA,0,0,0,0,0,0,2.887688018,0,"1b","1b","1b","1b","1b","1b","1b","1b","1b","E: Conc. Uncertainty","1b","1b","1b","1b","1b","1b","1b","1b","1b","1b","1b","E: Conc. Uncertainty","1b","1b","E: Conc. Uncertainty","1b","E: Conc. Uncertainty","E: Conc. Uncertainty","1b","1b","E: Conc. Uncertainty","E: Conc. Uncertainty","1b","1b","1b","1b","1b","1b","1b","1b"
"2025-11-26 06:00:00","PM10",0,0,NA,170.7737,409.5299,91.0846,23.085,NA,0,1.0478,NA,189.4361598,0,NA,66.17953778,32.79317044,0,0,2.512776173,NA,3.503000773,0,0,0,0,0,NA,0,0,0,0,NA,4.3636,0,0,0,0,0,2.247151809,0,"1b","1b","E: Conc. Uncertainty","1b","1b","1b","1b","E: Conc. Uncertainty","1b","1b","E: Conc. Uncertainty","1b","1b","E: Conc. Uncertainty","1b","1b","1b","1b","1b","E: Conc. Uncertainty","1b","1b","1b","1b","1b","1b","E: Conc. Uncertainty","1b","1b","1b","1b","E: Conc. Uncertainty","1b","1b","1b","1b","1b","1b","1b","1b"
"2025-11-26 07:00:00","PM2.5",0,0,NA,134.7916,66.8283,79.6351,4.7698,0,0,1.0341,NA,151.6672778,0,NA,37.03140215,45.43459838,0,0,3.662806331,NA,2.671077023,0,0,0,0,NA,0,NA,0,NA,0,0,3.8754,0,0,0,0,0,0,0,"1b","1b","E: Conc. Uncertainty","1b","1b","1b","1b","1b","1b","1b","E: Conc. Uncertainty","1b","1b","E: Conc. Uncertainty","1b","1b","1b","1b","1b","E: Conc. Uncertainty","1b","1b","1b","1b","1b","E: Conc. Uncertainty","1b","E: Conc. Uncertainty","1b","E: Conc. Uncertainty","1b","1b","1b","1b","1b","1b","1b","1b","1b","1b"
"2025-11-26 08:00:00","PM10",0,0,0,140.2059,422.5238,69.4379,39.7522,3.2024,0,2.3203,2.1169,515.2690921,0,NA,44.82300218,15.52254996,0,0,1.612128496,0,1.850675277,NA,0,NA,0,0,0,0,0,0,0,0,11.0848,0,0,0,0,0,0,0,"1b","1b","1b","1b","1b","1b","1b","1b","1b","1b","1b","1b","1b","E: Conc. Uncertainty","1b","1b","1b","1b","1b","1b","1b","E: Conc. Uncertainty","1b","E: Conc. Uncertainty","1b","1b","1b","1b","1b","1b","1b","1b","1b","1b","1b","1b","1b","1b","1b","1b"
"2025-11-26 09:00:00","PM2.5",0,0,0.2868,150.3631,100.7591,91.7618,16.2217,NA,0,0.914,NA,132.0382321,0,NA,5.993424401,8.722898557,0,0,2.122076098,NA,2.623725087,0,0.0027076,0,0,0,0,0,0,NA,0,NA,NA,0,0,0,0,0,0,0,"1b","1b","1b","1b","1b","1b","1b","E: Conc. Uncertainty","1b","1b","E: Conc. Uncertainty","1b","1b","E: Conc. Uncertainty","1b","1b","1b","1b","1b","E: Conc. Uncertainty","1b","1b","1b","1b","1b","1b","1b","1b","1b","E: Conc. Uncertainty","1b","E: Conc. Uncertainty","E: Conc. Uncertainty","1b","1b","1b","1b","1b","1b","1b"
"2025-11-26 10:00:00","PM10",0,0,0,342.0237,447.0863,174.4449,44.312,4.9601,NA,0.9355,0,114.7195311,0,0,2.655122934,9.548929415,0,0,2.573475535,NA,3.4832085,NA,NA,0,0,0,0,0,0,NA,NA,NA,0,0,0,0,0,0,0,0,"1b","1b","1b","1b","1b","1b","1b","1b","E: Conc. Uncertainty","1b","1b","1b","1b","1b","1b","1b","1b","1b","1b","E: Conc. Uncertainty","1b","E: Conc. Uncertainty","E: Conc. Uncertainty","1b","1b","1b","1b","1b","1b","E: Conc. Uncertainty","E: Conc. Uncertainty","E: Conc. Uncertainty","1b","1b","1b","1b","1b","1b","1b","1b"
"2025-11-26 11:00:00","PM2.5",0,0,0,186.1504,175.6502,124.6307,20.4542,2.2601,0,2.0706,0,49.92264187,0,0,1.777965395,8.248685268,0,0,2.982137953,0,2.491175782,NA,0,0,0,NA,0,0,0,0,NA,NA,0,0,0,0,0,0,6.194122613,0,"1b","1b","1b","1b","1b","1b","1b","1b","1b","1b","1b","1b","1b","1b","1b","1b","1b","1b","1b","1b","1b","E: Conc. Uncertainty","1b","1b","1b","E: Conc. Uncertainty","1b","1b","1b","1b","E: Conc. Uncertainty","E: Conc. Uncertainty","1b","1b","1b","1b","1b","1b","1b","1b"
"2025-11-26 12:00:00","PM10",0,0,0,169.5174,1093.619,112.3316,108.4164,2.3069,0,NA,0,77.35242497,0,NA,2.023302928,9.12653215,0,0,2.837938266,NA,3.444089262,NA,0,0,0,0,0,0,0,NA,NA,0,0,0,0,0,0,0,12.76285784,0,"1b","1b","1b","1b","1b","1b","1b","1b","1b","E: Conc. Uncertainty","1b","1b","1b","E: Conc. Uncertainty","1b","1b","1b","1b","1b","E: Conc. Uncertainty","1b","E: Conc. Uncertainty","1b","1b","1b","1b","1b","1b","1b","E: Conc. Uncertainty","E: Conc. Uncertainty","1b","1b","1b","1b","1b","1b","1b","1b","1b"
"2025-11-26 13:00:00","PM2.5",0,0,0,140.9317,290.3776,117.3919,30.4995,1.5876,0,NA,NA,61.87662278,0,NA,1.206394551,12.08680933,0,0,3.999664515,0.000182992,2.931561023,0,0,0,0,0,0,0,0,NA,NA,0,0,0,0,0,0,0,9.907456921,0,"1b","1b","1b","1b","1b","1b","1b","1b","1b","E: Conc. Uncertainty","E: Conc. Uncertainty","1b","1b","E: Conc. Uncertainty","1b","1b","1b","1b","1b","1b","1b","1b","1b","1b","1b","1b","1b","1b","1b","E: Conc. Uncertainty","E: Conc. Uncertainty","1b","1b","1b","1b","1b","1b","1b","1b","1b"
"2025-11-26 14:00:00","PM10",0,0.7559,0,137.9217,875.1892,129.7764,185.2047,2.9501,0,0.889,0,127.8432334,0,NA,2.403108374,17.9822116,0,0,2.563224377,0,2.737115665,NA,0,0,0,NA,0,0,0,0,NA,NA,0,0,NA,0,0,0,9.425859551,0,"1b","1b","1b","1b","1b","1b","1b","1b","1b","1b","1b","1b","1b","E: Conc. Uncertainty","1b","1b","1b","1b","1b","1b","1b","E: Conc. Uncertainty","1b","1b","1b","E: Conc. Uncertainty","1b","1b","1b","1b","E: Conc. Uncertainty","E: Conc. Uncertainty","1b","1b","E: Conc. Uncertainty","1b","1b","1b","1b","1b"
"2025-11-26 15:00:00","PM2.5",0,0,0,120.2833,261.2658,114.5441,37.848,NA,0,1.1975,0,48.19987348,0,0,1.945575316,11.65781016,0,0,2.735202588,0,2.864723948,0,NA,0,0,0,NA,7e-04,0,NA,0,0,0,0,0,0,0,0,6.887844746,0,"1b","1b","1b","1b","1b","1b","1b","E: Conc. Uncertainty","1b","1b","1b","1b","1b","1b","1b","1b","1b","1b","1b","1b","1b","1b","E: Conc. Uncertainty","1b","1b","1b","E: Conc. Uncertainty","1b","1b","E: Conc. Uncertainty","1b","1b","1b","1b","1b","1b","1b","1b","1b","1b"
"2025-11-26 16:00:00","PM10",0,0,0,121.5711,701.3917,103.1582,209.8758,2.2431,0,0.9451,0,123.1014578,0,NA,2.964877632,13.992833,0,0,3.462678666,NA,3.233090361,NA,0,0,0,0,0,0,0,NA,NA,0,NA,0,0,0,0,0,1.472604553,0,"1b","1b","1b","1b","1b","1b","1b","1b","1b","1b","1b","1b","1b","E: Conc. Uncertainty","1b","1b","1b","1b","1b","E: Conc. Uncertainty","1b","E: Conc. Uncertainty","1b","1b","1b","1b","1b","1b","1b","E: Conc. Uncertainty","E: Conc. Uncertainty","1b","E: Conc. Uncertainty","1b","1b","1b","1b","1b","1b","1b"
"2025-11-26 17:00:00","PM2.5",NA,0,0,91.9843,157.4001,84.673,26.782,0,0,NA,0,35.23383895,0,NA,0.92582714,11.18508602,0,0,3.506189555,NA,3.723506057,NA,0,0,0,NA,0,NA,NA,NA,NA,0,0,0,0,0,0,0,6.088445485,0,"E: Conc. Uncertainty","1b","1b","1b","1b","1b","1b","1b","1b","E: Conc. Uncertainty","1b","1b","1b","E: Conc. Uncertainty","1b","1b","1b","1b","1b","E: Conc. Uncertainty","1b","E: Conc. Uncertainty","1b","1b","1b","E: Conc. Uncertainty","1b","E: Conc. Uncertainty","E: Conc. Uncertainty","E: Conc. Uncertainty","E: Conc. Uncertainty","1b","1b","1b","1b","1b","1b","1b","1b","1b"
"2025-11-26 18:00:00","PM10",0,0,NA,136.776,487.9823,109.2377,88.2113,1.3334,0,NA,0,80.08383356,0,NA,1.999724835,9.709160951,0,0,3.359823894,NA,3.527164885,0,0,0,0,0,0,0,0,0,0,0.1811,NA,0,0,0,0,0,1.303048215,0,"1b","1b","E: Conc. Uncertainty","1b","1b","1b","1b","1b","1b","E: Conc. Uncertainty","1b","1b","1b","E: Conc. Uncertainty","1b","1b","1b","1b","1b","E: Conc. Uncertainty","1b","1b","1b","1b","1b","1b","1b","1b","1b","1b","1b","1b","E: Conc. Uncertainty","1b","1b","1b","1b","1b","1b","1b"
"2025-11-26 19:00:00","PM2.5",0,0,0,128.2225,64.195,62.9312,7.88,0,NA,NA,0,22.43887441,0,NA,NA,4.395626324,0,0,2.272153445,0,3.296913178,0,NA,0,0,0,NA,NA,NA,0,NA,NA,0,0,0,0,0,0,0,0,"1b","1b","1b","1b","1b","1b","1b","1b","E: Conc. Uncertainty","E: Conc. Uncertainty","1b","1b","1b","E: Conc. Uncertainty","E: Conc. Uncertainty","1b","1b","1b","1b","1b","1b","1b","E: Conc. Uncertainty","1b","1b","1b","E: Conc. Uncertainty","E: Conc. Uncertainty","E: Conc. Uncertainty","1b","E: Conc. Uncertainty","E: Conc. Uncertainty","1b","1b","1b","1b","1b","1b","1b","1b"
"2025-11-26 20:00:00","PM10",0,0,0,230.5147,467.3634,73.9119,34.4177,NA,NA,1.1677,0,40.93894816,0,NA,1.33109704,6.336716618,0,0,3.127153154,0,4.476859958,NA,NA,0,0,NA,0,NA,0,0,0,0,0,0,0,0,0,0,NA,0,"1b","1b","1b","1b","1b","1b","1b","E: Conc. Uncertainty","E: Conc. Uncertainty","1b","1b","1b","1b","E: Conc. Uncertainty","1b","1b","1b","1b","1b","1b","1b","E: Conc. Uncertainty","E: Conc. Uncertainty","1b","1b","E: Conc. Uncertainty","1b","E: Conc. Uncertainty","1b","1b","1b","1b","1b","1b","1b","1b","1b","1b","E: Conc. Uncertainty","1b"
"2025-11-26 21:00:00","PM2.5",0,0,0,160.7231,69.0101,46.28,NA,NA,NA,0.9284,0,14.42091074,0,NA,0.772417442,6.072578184,0,0,2.061550044,0,2.822969866,NA,0,0,0,NA,0,0,0,0,NA,NA,0,0,0,0,0,0,0,0,"1b","1b","1b","1b","1b","1b","E: Conc. Uncertainty","E: Conc. Uncertainty","E: Conc. Uncertainty","1b","1b","1b","1b","E: Conc. Uncertainty","1b","1b","1b","1b","1b","1b","1b","E: Conc. Uncertainty","1b","1b","1b","E: Conc. Uncertainty","1b","1b","1b","1b","E: Conc. Uncertainty","E: Conc. Uncertainty","1b","1b","1b","1b","1b","1b","1b","1b"
"2025-11-26 22:00:00","PM10",0,0,0,204.6902,188.817,47.9525,17.0763,NA,NA,0.8952,0,30.45191877,NA,NA,0.978289179,5.195397387,0,0,1.633713832,0,2.808448297,NA,0,0,0,0,0,0,0,0,0,0,0,0,0,0,0,0,0,0,"1b","1b","1b","1b","1b","1b","1b","E: Conc. Uncertainty","E: Conc. Uncertainty","1b","1b","1b","E: Conc. Uncertainty","E: Conc. Uncertainty","1b","1b","1b","1b","1b","1b","1b","E: Conc. Uncertainty","1b","1b","1b","1b","1b","1b","1b","1b","1b","1b","1b","1b","1b","1b","1b","1b","1b","1b"
"2025-11-26 23:00:00","PM2.5",NA,0,0,143.8224,NA,37.8642,0,0,NA,NA,0,11.36166662,0,NA,NA,2.818266011,0,0,0.821359875,0,1.269919295,NA,NA,0,0,NA,0,NA,0,NA,NA,NA,NA,0,0,0,0,0,0,0,"E: Conc. Uncertainty","1b","1b","1b","E: Conc. Uncertainty","1b","1b","1b","E: Conc. Uncertainty","E: Conc. Uncertainty","1b","1b","1b","E: Conc. Uncertainty","E: Conc. Uncertainty","1b","1b","1b","1b","1b","1b","E: Conc. Uncertainty","E: Conc. Uncertainty","1b","1b","E: Conc. Uncertainty","1b","E: Conc. Uncertainty","1b","E: Conc. Uncertainty","E: Conc. Uncertainty","E: Conc. Uncertainty","E: Conc. Uncertainty","1b","1b","1b","1b","1b","1b","1b"
"2025-11-27 00:30:00","PM10",0,0,0,106.8233,NA,15.3802,0,0,0,1.5479,0,9.078214027,NA,NA,0,0,0,0,NA,0,NA,NA,0,0,0,0,0,NA,0,0,NA,0,0,0,0,0,0,0,0,0,"1b","1b","1b","1b","E: Conc. Uncertainty","1b","1b","1b","1b","1b","1b","1b","E: Conc. Uncertainty","E: Conc. Uncertainty","1b","1b","1b","1b","E: Conc. Uncertainty","1b","E: Conc. Uncertainty","E: Conc. Uncertainty","1b","1b","1b","1b","1b","E: Conc. Uncertainty","1b","1b","E: Conc. Uncertainty","1b","1b","1b","1b","1b","1b","1b","1b","1b"
"2025-11-27 01:00:00","PM2.5",0,0,NA,125.4087,NA,20.1796,3.9652,0,0,NA,0,1.338584682,0,NA,NA,NA,0,0,NA,0,NA,NA,0,0,0,0,0,NA,0,NA,0,0,NA,NA,0,0,0,0,0,0,"1b","1b","E: Conc. Uncertainty","1b","E: Conc. Uncertainty","1b","1b","1b","1b","E: Conc. Uncertainty","1b","1b","1b","E: Conc. Uncertainty","E: Conc. Uncertainty","E: Conc. Uncertainty","1b","1b","E: Conc. Uncertainty","1b","E: Conc. Uncertainty","E: Conc. Uncertainty","1b","1b","1b","1b","1b","E: Conc. Uncertainty","1b","E: Conc. Uncertainty","1b","1b","E: Conc. Uncertainty","E: Conc. Uncertainty","1b","1b","1b","1b","1b","1b"
"2025-11-27 02:00:00","PM10",0,0,NA,101.8191,12.278,18.3923,0,NA,0,NA,0,6.512076508,0,0,0,1.045182623,0,0,NA,0,NA,0,0,0,0,0,0,NA,0,0,NA,0,0,0,0,0,0,0,0,0,"1b","1b","E: Conc. Uncertainty","1b","1b","1b","1b","E: Conc. Uncertainty","1b","E: Conc. Uncertainty","1b","1b","1b","1b","1b","1b","1b","1b","E: Conc. Uncertainty","1b","E: Conc. Uncertainty","1b","1b","1b","1b","1b","1b","E: Conc. Uncertainty","1b","1b","E: Conc. Uncertainty","1b","1b","1b","1b","1b","1b","1b","1b","1b"
"2025-11-27 03:00:00","PM2.5",0,0,0,92.4414,0,15.5936,0,0,0,0.6646,0,2.011185569,0,0,0,0.698955675,0,0,NA,0,0,0,0,0,0,0,0,0,0,0,0,0,NA,NA,0,0,0,0,0,0,"1b","1b","1b","1b","1b","1b","1b","1b","1b","1b","1b","1b","1b","1b","1b","1b","1b","1b","E: Conc. Uncertainty","1b","1b","1b","1b","1b","1b","1b","1b","1b","1b","1b","1b","1b","E: Conc. Uncertainty","E: Conc. Uncertainty","1b","1b","1b","1b","1b","1b"
"2025-11-27 04:00:00","PM10",0,0,0,91.4102,40.258,18.7624,0,0,0,NA,0,8.476756493,0,0,0,NA,0,0,NA,0,0,0,0,0,0,NA,0,0,NA,NA,NA,NA,0,0,0,0,0,0,0,0,"1b","1b","1b","1b","1b","1b","1b","1b","1b","E: Conc. Uncertainty","1b","1b","1b","1b","1b","E: Conc. Uncertainty","1b","1b","E: Conc. Uncertainty","1b","1b","1b","1b","1b","1b","E: Conc. Uncertainty","1b","1b","E: Conc. Uncertainty","E: Conc. Uncertainty","E: Conc. Uncertainty","E: Conc. Uncertainty","1b","1b","1b","1b","1b","1b","1b","1b"
"2025-11-27 05:00:00","PM2.5",0,0,0,73.5389,19.5705,6.5118,0,0,0,NA,0,5.857594776,0,0,NA,0.790064184,0,0,NA,0,0,0,0,0,0,NA,0,NA,0,NA,NA,0,0,0,0,0,0,0,0,0,"1b","1b","1b","1b","1b","1b","1b","1b","1b","E: Conc. Uncertainty","1b","1b","1b","1b","E: Conc. Uncertainty","1b","1b","1b","E: Conc. Uncertainty","1b","1b","1b","1b","1b","1b","E: Conc. Uncertainty","1b","E: Conc. Uncertainty","1b","E: Conc. Uncertainty","E: Conc. Uncertainty","1b","1b","1b","1b","1b","1b","1b","1b","1b"
"2025-11-27 06:00:00","PM10",0,0,0,38.7669,106.3922,16.1277,2.7734,0,0,1.063,0,37.36724119,0,NA,1.852189317,0.804106814,0,0,NA,0,0,NA,NA,0,0,NA,0,NA,0,0,NA,NA,0,0,0,0,0,0,0,0,"1b","1b","1b","1b","1b","1b","1b","1b","1b","1b","1b","1b","1b","E: Conc. Uncertainty","1b","1b","1b","1b","E: Conc. Uncertainty","1b","1b","E: Conc. Uncertainty","E: Conc. Uncertainty","1b","1b","E: Conc. Uncertainty","1b","E: Conc. Uncertainty","1b","1b","E: Conc. Uncertainty","E: Conc. Uncertainty","1b","1b","1b","1b","1b","1b","1b","1b"
"2025-11-27 07:00:00","PM2.5",0,0,NA,59.9085,30.5933,10.345,0,0,0,NA,0,23.03834994,0,NA,NA,NA,0,0,NA,0,0,NA,1.972848606,NA,0,NA,0,0.0305,0,0,NA,NA,0,0,0,0,0,0,0,0,"1b","1b","E: Conc. Uncertainty","1b","1b","1b","1b","1b","1b","E: Conc. Uncertainty","1b","1b","1b","E: Conc. Uncertainty","E: Conc. Uncertainty","E: Conc. Uncertainty","1b","1b","E: Conc. Uncertainty","1b","1b","E: Conc. Uncertainty","1b","E: Conc. Uncertainty","1b","E: Conc. Uncertainty","1b","1b","1b","1b","E: Conc. Uncertainty","E: Conc. Uncertainty","1b","1b","1b","1b","1b","1b","1b","1b"
"2025-11-27 08:00:00","PM10",0,0,0,62.8134,240.6124,20.7494,20.3439,0,0,1.2864,0,103.1603125,0,0,2.294274626,1.502745042,0,0.006600324,NA,0,NA,NA,0,0,0,0,0,0,0,0,0,0,NA,0,0,0,0,0,0,0,"1b","1b","1b","1b","1b","1b","1b","1b","1b","1b","1b","1b","1b","1b","1b","1b","1b","1b","E: Conc. Uncertainty","1b","E: Conc. Uncertainty","E: Conc. Uncertainty","1b","1b","1b","1b","1b","1b","1b","1b","1b","1b","E: Conc. Uncertainty","1b","1b","1b","1b","1b","1b","1b"
"2025-11-27 09:00:00","PM2.5",0,0,0,66.1491,115.2207,21.2869,13.0613,0,0,NA,0,24.27417384,0,NA,NA,1.450552807,0,0,NA,0,0,0,0,0,0,NA,NA,0,0,0,NA,0,0,0,0,0,0,0,0,0,"1b","1b","1b","1b","1b","1b","1b","1b","1b","E: Conc. Uncertainty","1b","1b","1b","E: Conc. Uncertainty","E: Conc. Uncertainty","1b","1b","1b","E: Conc. Uncertainty","1b","1b","1b","1b","1b","1b","E: Conc. Uncertainty","E: Conc. Uncertainty","1b","1b","1b","E: Conc. Uncertainty","1b","1b","1b","1b","1b","1b","1b","1b","1b"
"2025-11-27 10:00:00","PM10",0,0,0,89.6467,368.2319,38.8113,33.3298,0,0,0.9404,0,64.81627959,0,NA,2.500203546,4.545502656,0,0,NA,0,NA,NA,0,0,0,0,0,0,0,NA,0,NA,NA,0,0,0,0,0,0,0,"1b","1b","1b","1b","1b","1b","1b","1b","1b","1b","1b","1b","1b","E: Conc. Uncertainty","1b","1b","1b","1b","E: Conc. Uncertainty","1b","E: Conc. Uncertainty","E: Conc. Uncertainty","1b","1b","1b","1b","1b","1b","1b","E: Conc. Uncertainty","1b","E: Conc. Uncertainty","E: Conc. Uncertainty","1b","1b","1b","1b","1b","1b","1b"
"2025-11-27 11:00:00","PM2.5",0,0,NA,57.5979,62.705,15.8958,4.1993,NA,0,NA,0,16.88531232,NA,NA,NA,2.912044955,0,0,NA,0,NA,0,NA,0,0,0,NA,0,0,0,NA,0,NA,0,0,0,0,0,0,0,"1b","1b","E: Conc. Uncertainty","1b","1b","1b","1b","E: Conc. Uncertainty","1b","E: Conc. Uncertainty","1b","1b","E: Conc. Uncertainty","E: Conc. Uncertainty","E: Conc. Uncertainty","1b","1b","1b","E: Conc. Uncertainty","1b","E: Conc. Uncertainty","1b","E: Conc. Uncertainty","1b","1b","1b","E: Conc. Uncertainty","1b","1b","1b","E: Conc. Uncertainty","1b","E: Conc. Uncertainty","1b","1b","1b","1b","1b","1b","1b"
"2025-11-27 12:00:00","PM10",0,0,0,66.5607,123.5683,23.6989,28.8582,NA,0,NA,0,51.43351001,0,NA,1.670710908,3.890815691,0,0.001092762,NA,0,NA,0,NA,0,0,0,0,0,0,0,NA,NA,0,0,0,0,0,0,0,0,"1b","1b","1b","1b","1b","1b","1b","E: Conc. Uncertainty","1b","E: Conc. Uncertainty","1b","1b","1b","E: Conc. Uncertainty","1b","1b","1b","1b","E: Conc. Uncertainty","1b","E: Conc. Uncertainty","1b","E: Conc. Uncertainty","1b","1b","1b","1b","1b","1b","1b","E: Conc. Uncertainty","E: Conc. Uncertainty","1b","1b","1b","1b","1b","1b","1b","1b"
"2025-11-27 13:00:00","PM2.5",NA,0,NA,64.9117,27.9455,26.2344,5.767,0,0,NA,0,21.55363375,0,NA,NA,2.930143356,0,0,NA,0,NA,NA,NA,0,0,0,0,0,0,NA,0,0,0,0,0,0,0,0,0,0,"E: Conc. Uncertainty","1b","E: Conc. Uncertainty","1b","1b","1b","1b","1b","1b","E: Conc. Uncertainty","1b","1b","1b","E: Conc. Uncertainty","E: Conc. Uncertainty","1b","1b","1b","E: Conc. Uncertainty","1b","E: Conc. Uncertainty","E: Conc. Uncertainty","E: Conc. Uncertainty","1b","1b","1b","1b","1b","1b","E: Conc. Uncertainty","1b","1b","1b","1b","1b","1b","1b","1b","1b","1b"
"2025-11-27 14:00:00","PM10",0,2.0259,0,56.7782,44.9788,28.225,22.8597,NA,NA,NA,0,52.79675599,0,0,1.614521788,7.083398586,0,0,0.782763004,0,NA,0,NA,0,0,0,NA,0,0,0,0,NA,0,0,0,0,0,0,0,0,"1b","1b","1b","1b","1b","1b","1b","E: Conc. Uncertainty","E: Conc. Uncertainty","E: Conc. Uncertainty","1b","1b","1b","1b","1b","1b","1b","1b","1b","1b","E: Conc. Uncertainty","1b","E: Conc. Uncertainty","1b","1b","1b","E: Conc. Uncertainty","1b","1b","1b","1b","E: Conc. Uncertainty","1b","1b","1b","1b","1b","1b","1b","1b"
"2025-11-27 15:00:00","PM2.5",0,0,0,43.9201,11.7076,19.0122,3.9641,0,0,NA,0,21.59062064,0,NA,0.948560195,4.855082355,0,0,0.952705937,0,0,0,0,0,0,NA,0,0,0,NA,0,0,0,0,0,0,0,0,0,0,"1b","1b","1b","1b","1b","1b","1b","1b","1b","E: Conc. Uncertainty","1b","1b","1b","E: Conc. Uncertainty","1b","1b","1b","1b","1b","1b","1b","1b","1b","1b","1b","E: Conc. Uncertainty","1b","1b","1b","E: Conc. Uncertainty","1b","1b","1b","1b","1b","1b","1b","1b","1b","1b"
"2025-11-27 16:00:00","PM10",0,0,0,55.0703,37.9909,25.0406,18.34,NA,0,0.8056,0,48.90988129,0,NA,1.136481176,3.720318449,0,0,NA,0,NA,0,0,0,0,NA,0,0,0,NA,NA,0,0,0,0,0,0,0,0,0,"1b","1b","1b","1b","1b","1b","1b","E: Conc. Uncertainty","1b","1b","1b","1b","1b","E: Conc. Uncertainty","1b","1b","1b","1b","E: Conc. Uncertainty","1b","E: Conc. Uncertainty","1b","1b","1b","1b","E: Conc. Uncertainty","1b","1b","1b","E: Conc. Uncertainty","E: Conc. Uncertainty","1b","1b","1b","1b","1b","1b","1b","1b","1b"
"2025-11-27 17:00:00","PM2.5",0,0,0,54.2707,18.6972,21.6413,NA,NA,0,0.6609,0,21.46389059,NA,NA,0.981302307,2.64741784,0,0,NA,0,NA,0,0,0,0,12.8768,0,NA,0,NA,NA,NA,0,NA,0,0,0,0,0,0,"1b","1b","1b","1b","1b","1b","E: Conc. Uncertainty","E: Conc. Uncertainty","1b","1b","1b","1b","E: Conc. Uncertainty","E: Conc. Uncertainty","1b","1b","1b","1b","E: Conc. Uncertainty","1b","E: Conc. Uncertainty","1b","1b","1b","1b","1b","1b","E: Conc. Uncertainty","1b","E: Conc. Uncertainty","E: Conc. Uncertainty","E: Conc. Uncertainty","1b","E: Conc. Uncertainty","1b","1b","1b","1b","1b","1b"
"2025-11-27 18:00:00","PM10",0,0,0,48.3626,63.5774,29.096,5.7118,NA,NA,NA,0,60.87850762,0,NA,1.150826552,2.328277941,0,0,NA,0,0,0,0,0,0,0,0,NA,0,0,0,NA,NA,0,0,0,0,0,0,0,"1b","1b","1b","1b","1b","1b","1b","E: Conc. Uncertainty","E: Conc. Uncertainty","E: Conc. Uncertainty","1b","1b","1b","E: Conc. Uncertainty","1b","1b","1b","1b","E: Conc. Uncertainty","1b","1b","1b","1b","1b","1b","1b","1b","E: Conc. Uncertainty","1b","1b","1b","E: Conc. Uncertainty","E: Conc. Uncertainty","1b","1b","1b","1b","1b","1b","1b"
"2025-11-27 19:00:00","PM2.5",0,0,0,53.3571,89.9264,16.5566,NA,0,0,NA,0,24.27195447,NA,NA,1.56439232,2.126901228,0,0,NA,0,NA,0,0,0,0,0,0,0,NA,0.127,NA,0,0,0,0,0,0,0,0,0,"1b","1b","1b","1b","1b","1b","E: Conc. Uncertainty","1b","1b","E: Conc. Uncertainty","1b","1b","E: Conc. Uncertainty","E: Conc. Uncertainty","1b","1b","1b","1b","E: Conc. Uncertainty","1b","E: Conc. Uncertainty","1b","1b","1b","1b","1b","1b","1b","E: Conc. Uncertainty","1b","E: Conc. Uncertainty","1b","1b","1b","1b","1b","1b","1b","1b","1b"
"2025-11-27 20:00:00","PM10",0,0,0,192.1171,1746.7902,50.2278,36.6138,0,0,NA,0,49.85063489,0,0,1.471945752,NA,0,0,0,0,2.855270783,NA,0,0,0,0,NA,0,0,0,0,0,NA,0,0,0,0,0,0,0,"1b","1b","1b","1b","1b","1b","1b","1b","1b","E: Conc. Uncertainty","1b","1b","1b","1b","1b","E: Conc. Uncertainty","1b","1b","1b","1b","1b","E: Conc. Uncertainty","1b","1b","1b","1b","E: Conc. Uncertainty","1b","1b","1b","1b","1b","E: Conc. Uncertainty","1b","1b","1b","1b","1b","1b","1b"
"2025-11-27 21:00:00","PM2.5",0,0,0,184.9388,1832.5799,45.5854,37.9723,0,0,NA,0,21.48005699,0.012956084,0,NA,0,0,0,0,0,1.734323953,NA,0,0,0,0,NA,NA,0,NA,NA,0,0,0,0,NA,0,0,0,0,"1b","1b","1b","1b","1b","1b","1b","1b","1b","E: Conc. Uncertainty","1b","1b","1b","1b","E: Conc. Uncertainty","1b","1b","1b","1b","1b","1b","E: Conc. Uncertainty","1b","1b","1b","1b","E: Conc. Uncertainty","E: Conc. Uncertainty","1b","E: Conc. Uncertainty","E: Conc. Uncertainty","1b","1b","1b","1b","E: Conc. Uncertainty","1b","1b","1b","1b"
"2025-11-27 22:00:00","PM10",0,0,0,316.8134,5302.703,118.0725,114.9833,0,0,NA,0,57.74011794,0,NA,2.214792785,NA,0,NA,NA,0,6.959870853,1.44338633,0,0,0,0,0,NA,0,0,0,0,0,0,0,0,0,0,0,0,"1b","1b","1b","1b","1b","1b","1b","1b","1b","E: Conc. Uncertainty","1b","1b","1b","E: Conc. Uncertainty","1b","E: Conc. Uncertainty","1b","E: Conc. Uncertainty","E: Conc. Uncertainty","1b","1b","1b","1b","1b","1b","1b","1b","E: Conc. Uncertainty","1b","1b","1b","1b","1b","1b","1b","1b","1b","1b","1b","1b"
"2025-11-27 23:00:00","PM2.5",0,0,0,205.8096,3319.0435,68.6292,71.0899,0,NA,NA,0,9.185869178,0.014690761,NA,NA,0,0,0,NA,NA,3.760162891,NA,0,0,0,0,0,NA,0,NA,NA,NA,0,0,0,NA,0,0,0,0,"1b","1b","1b","1b","1b","1b","1b","1b","E: Conc. Uncertainty","E: Conc. Uncertainty","1b","1b","1b","E: Conc. Uncertainty","E: Conc. Uncertainty","1b","1b","1b","E: Conc. Uncertainty","E: Conc. Uncertainty","1b","E: Conc. Uncertainty","1b","1b","1b","1b","1b","E: Conc. Uncertainty","1b","E: Conc. Uncertainty","E: Conc. Uncertainty","E: Conc. Uncertainty","1b","1b","1b","E: Conc. Uncertainty","1b","1b","1b","1b"
"2025-11-28 00:30:00","PM10",0,0,0,371.269,6663.8363,149.1771,145.4294,0,0,NA,0,6.326039297,0,0.00647363,0,0,0,NA,0,0,9.214705274,NA,0.005191313,0,0,0,NA,0,0,0,0,NA,0,NA,0,0,0,0,0,0,"1b","1b","1b","1b","1b","1b","1b","1b","1b","E: Conc. Uncertainty","1b","1b","1b","1b","1b","1b","1b","E: Conc. Uncertainty","1b","1b","1b","E: Conc. Uncertainty","1b","1b","1b","1b","E: Conc. Uncertainty","1b","1b","1b","1b","E: Conc. Uncertainty","1b","E: Conc. Uncertainty","1b","1b","1b","1b","1b","1b"
"2025-11-28 01:00:00","PM2.5",0,0,0,217.4633,3429.5981,87.7966,70.8618,0,0,0.7002,0,4.123997721,0,NA,NA,NA,0,0,NA,0.006278237,3.016718222,NA,0,0,0,0,NA,0,0,NA,NA,0,0,0,0,0,0,0,0,0,"1b","1b","1b","1b","1b","1b","1b","1b","1b","1b","1b","1b","1b","E: Conc. Uncertainty","E: Conc. Uncertainty","E: Conc. Uncertainty","1b","1b","E: Conc. Uncertainty","1b","1b","E: Conc. Uncertainty","1b","1b","1b","1b","E: Conc. Uncertainty","1b","1b","E: Conc. Uncertainty","E: Conc. Uncertainty","1b","1b","1b","1b","1b","1b","1b","1b","1b"
"2025-11-28 02:00:00","PM10",0,0,0,347.1325,6539.0566,142.521,131.6951,0,0,NA,0,10.7793793,0,0,NA,NA,0,0,0,NA,8.196879228,NA,NA,0,0,0,0,0,0,0,NA,NA,0,0,NA,0,0,0,0,0,"1b","1b","1b","1b","1b","1b","1b","1b","1b","E: Conc. Uncertainty","1b","1b","1b","1b","E: Conc. Uncertainty","E: Conc. Uncertainty","1b","1b","1b","E: Conc. Uncertainty","1b","E: Conc. Uncertainty","E: Conc. Uncertainty","1b","1b","1b","1b","1b","1b","1b","E: Conc. Uncertainty","E: Conc. Uncertainty","1b","1b","E: Conc. Uncertainty","1b","1b","1b","1b","1b"
"2025-11-28 03:00:00","PM2.5",0,0,0,183.3457,3357.6694,81.6639,72.4012,NA,0,NA,0,2.022103271,0,0,0,NA,0,0,NA,0,2.164838296,NA,NA,0,0,NA,0,0,0,NA,0,0,0,0,0,0,0,0,0,0,"1b","1b","1b","1b","1b","1b","1b","E: Conc. Uncertainty","1b","E: Conc. Uncertainty","1b","1b","1b","1b","1b","E: Conc. Uncertainty","1b","1b","E: Conc. Uncertainty","1b","1b","E: Conc. Uncertainty","E: Conc. Uncertainty","1b","1b","E: Conc. Uncertainty","1b","1b","1b","E: Conc. Uncertainty","1b","1b","1b","1b","1b","1b","1b","1b","1b","1b"
"2025-11-28 04:00:00","PM10",NA,0,0,314.6482,6903.1115,151.075,145.6677,0,0,NA,0,7.730799772,0,NA,NA,1.031335261,0,0,NA,NA,8.066793582,NA,0,0,0,NA,0,NA,0,0,NA,NA,0,0,0,0,0,0,0,0,"E: Conc. Uncertainty","1b","1b","1b","1b","1b","1b","1b","1b","E: Conc. Uncertainty","1b","1b","1b","E: Conc. Uncertainty","E: Conc. Uncertainty","1b","1b","1b","E: Conc. Uncertainty","E: Conc. Uncertainty","1b","E: Conc. Uncertainty","1b","1b","1b","E: Conc. Uncertainty","1b","E: Conc. Uncertainty","1b","1b","E: Conc. Uncertainty","E: Conc. Uncertainty","1b","1b","1b","1b","1b","1b","1b","1b"
"2025-11-28 05:00:00","PM2.5",NA,0,0,150.1321,2903.8505,66.1573,59.443,0,0,1.0146,0,11.88220396,NA,NA,NA,1.720965478,0,0,NA,NA,1.602070916,1.426114287,0,0,0,0,0,0,0,0,0.108,NA,0,0,0,0,0,0,0,0,"E: Conc. Uncertainty","1b","1b","1b","1b","1b","1b","1b","1b","1b","1b","1b","E: Conc. Uncertainty","E: Conc. Uncertainty","E: Conc. Uncertainty","1b","1b","1b","E: Conc. Uncertainty","E: Conc. Uncertainty","1b","1b","1b","1b","1b","1b","1b","1b","1b","1b","1b","E: Conc. Uncertainty","1b","1b","1b","1b","1b","1b","1b","1b"
"2025-11-28 06:00:00","PM10",0,0,0,329.8576,6394.0803,142.1939,134.2708,NA,0,0.8735,0,61.45000408,0,0,1.153981742,0.792334026,0,0,NA,NA,5.843399764,1.897155316,0,0,0,NA,0,0,0,0,0,0,0,0,0,0,0,0,0,0,"1b","1b","1b","1b","1b","1b","1b","E: Conc. Uncertainty","1b","1b","1b","1b","1b","1b","1b","1b","1b","1b","E: Conc. Uncertainty","E: Conc. Uncertainty","1b","1b","1b","1b","1b","E: Conc. Uncertainty","1b","1b","1b","1b","1b","1b","1b","1b","1b","1b","1b","1b","1b","1b"
"2025-11-28 07:00:00","PM2.5",0,0,0,131.4677,1978.1345,66.4735,55.183,0,0,NA,0,27.21240799,0,0.006166223,0.904158117,2.021010076,0,0,NA,0,1.35413923,NA,0,0,0,0,NA,NA,0,0,0,0,0,0,0,0,0,0,0,0,"1b","1b","1b","1b","1b","1b","1b","1b","1b","E: Conc. Uncertainty","1b","1b","1b","1b","1b","1b","1b","1b","E: Conc. Uncertainty","1b","1b","E: Conc. Uncertainty","1b","1b","1b","1b","E: Conc. Uncertainty","E: Conc. Uncertainty","1b","1b","1b","1b","1b","1b","1b","1b","1b","1b","1b","1b"
"2025-11-28 08:00:00","PM10",0,0,0,283.7052,4943.5876,134.4125,129.0143,NA,0,0.6853,0,77.18919331,0,0,1.879530321,2.736776292,0,0,NA,0,4.992934479,NA,0,0,0,NA,0,0,0,0,0,NA,0,0,0,0,0,0,0,0,"1b","1b","1b","1b","1b","1b","1b","E: Conc. Uncertainty","1b","1b","1b","1b","1b","1b","1b","1b","1b","1b","E: Conc. Uncertainty","1b","1b","E: Conc. Uncertainty","1b","1b","1b","E: Conc. Uncertainty","1b","1b","1b","1b","1b","E: Conc. Uncertainty","1b","1b","1b","1b","1b","1b","1b","1b"
"2025-11-28 09:00:00","PM2.5",0,0,0,159.2689,1969.5151,56.4007,47.3711,0,0,0.8053,0,22.78286704,0,NA,0.992977628,3.230341946,0,0,NA,NA,2.234296489,0,NA,0,0,0,NA,0,0,0,NA,0,0,0,0,0,0,0,0,0,"1b","1b","1b","1b","1b","1b","1b","1b","1b","1b","1b","1b","1b","E: Conc. Uncertainty","1b","1b","1b","1b","E: Conc. Uncertainty","E: Conc. Uncertainty","1b","1b","E: Conc. Uncertainty","1b","1b","1b","E: Conc. Uncertainty","1b","1b","1b","E: Conc. Uncertainty","1b","1b","1b","1b","1b","1b","1b","1b","1b"
"2025-11-28 10:00:00","PM10",0,0,0,297.1793,5021.1424,123.1535,132.132,0,0,NA,0,59.614507,NA,NA,1.447260218,7.290211285,0,0,1.626974434,0,6.998330891,2.065817864,0,0,0,NA,0,0,0,0,NA,0,0,0,0,0,0,0,0,0,"1b","1b","1b","1b","1b","1b","1b","1b","1b","E: Conc. Uncertainty","1b","1b","E: Conc. Uncertainty","E: Conc. Uncertainty","1b","1b","1b","1b","1b","1b","1b","1b","1b","1b","1b","E: Conc. Uncertainty","1b","1b","1b","1b","E: Conc. Uncertainty","1b","1b","1b","1b","1b","1b","1b","1b","1b"
"2025-11-28 11:00:00","PM2.5",0,0,0,171.5159,2516.9314,65.6179,63.1499,0,0,0.721,0,20.91129073,NA,NA,NA,3.459294927,0,0,NA,NA,3.574614938,0,0,NA,0,NA,NA,0,0,NA,NA,NA,0,0,0,0,0,0,0,0,"1b","1b","1b","1b","1b","1b","1b","1b","1b","1b","1b","1b","E: Conc. Uncertainty","E: Conc. Uncertainty","E: Conc. Uncertainty","1b","1b","1b","E: Conc. Uncertainty","E: Conc. Uncertainty","1b","1b","1b","E: Conc. Uncertainty","1b","E: Conc. Uncertainty","E: Conc. Uncertainty","1b","1b","E: Conc. Uncertainty","E: Conc. Uncertainty","E: Conc. Uncertainty","1b","1b","1b","1b","1b","1b","1b","1b"
"2025-11-28 12:00:00","PM10",0,0,0,253.0171,5033.9379,116.8152,171.4879,NA,0,0.9156,0,55.66016994,0,NA,1.333034477,6.586834705,0,0,NA,0,7.686598337,NA,0,0,0,0,0,NA,0,0,NA,NA,0,0,0,0,0,0,0,0,"1b","1b","1b","1b","1b","1b","1b","E: Conc. Uncertainty","1b","1b","1b","1b","1b","E: Conc. Uncertainty","1b","1b","1b","1b","E: Conc. Uncertainty","1b","1b","E: Conc. Uncertainty","1b","1b","1b","1b","1b","E: Conc. Uncertainty","1b","1b","E: Conc. Uncertainty","E: Conc. Uncertainty","1b","1b","1b","1b","1b","1b","1b","1b"
"2025-11-28 13:00:00","PM2.5",0,0,0,82.9916,1275.0263,41.5443,33.6192,0,0,NA,0,31.2380618,0,0,3.739323807,3.782669761,0,0,1.149344569,NA,2.109000977,NA,0,0,0,NA,0,NA,0,0,NA,NA,NA,0,0,0,0,0,0,0,"1b","1b","1b","1b","1b","1b","1b","1b","1b","E: Conc. Uncertainty","1b","1b","1b","1b","1b","1b","1b","1b","1b","E: Conc. Uncertainty","1b","E: Conc. Uncertainty","1b","1b","1b","E: Conc. Uncertainty","1b","E: Conc. Uncertainty","1b","1b","E: Conc. Uncertainty","E: Conc. Uncertainty","E: Conc. Uncertainty","1b","1b","1b","1b","1b","1b","1b"
"2025-11-28 14:00:00","PM10",0,0,0,48.793,706.1192,44.3229,21.0548,NA,0,NA,0,59.36590627,0,NA,2.609501231,33.71488167,0,0,3.044270568,0,1.254888993,0,NA,0,0,NA,0,0,NA,NA,0,NA,NA,0,0,0,0,0,19.33353005,0,"1b","1b","1b","1b","1b","1b","1b","E: Conc. Uncertainty","1b","E: Conc. Uncertainty","1b","1b","1b","E: Conc. Uncertainty","1b","1b","1b","1b","1b","1b","1b","1b","E: Conc. Uncertainty","1b","1b","E: Conc. Uncertainty","1b","1b","E: Conc. Uncertainty","E: Conc. Uncertainty","1b","E: Conc. Uncertainty","E: Conc. Uncertainty","1b","1b","1b","1b","1b","1b","1b"
"2025-11-28 15:00:00","PM2.5",0,0,0,27.967,511.1592,22.7845,9.4043,0,0,0.8312,0,48.74339634,0,NA,1.597523883,1.523709888,0,0,NA,0,NA,0,0,0,0,0,NA,NA,0,NA,NA,NA,NA,0,0,0,0,0,0,0,"1b","1b","1b","1b","1b","1b","1b","1b","1b","1b","1b","1b","1b","E: Conc. Uncertainty","1b","1b","1b","1b","E: Conc. Uncertainty","1b","E: Conc. Uncertainty","1b","1b","1b","1b","1b","E: Conc. Uncertainty","E: Conc. Uncertainty","1b","E: Conc. Uncertainty","E: Conc. Uncertainty","E: Conc. Uncertainty","E: Conc. Uncertainty","1b","1b","1b","1b","1b","1b","1b"
"2025-11-28 16:00:00","PM10",0,0,0,81.9252,1439.8307,38.3005,37.4955,NA,0,NA,0,86.89307014,0,0,3.281452964,0.925421756,0,0,NA,0,2.635247743,0,0,0,0,0,NA,0,0,0,NA,0,NA,0,0,0,0,0,0,0,"1b","1b","1b","1b","1b","1b","1b","E: Conc. Uncertainty","1b","E: Conc. Uncertainty","1b","1b","1b","1b","1b","1b","1b","1b","E: Conc. Uncertainty","1b","1b","1b","1b","1b","1b","1b","E: Conc. Uncertainty","1b","1b","1b","E: Conc. Uncertainty","1b","E: Conc. Uncertainty","1b","1b","1b","1b","1b","1b","1b"
"2025-11-28 17:00:00","PM2.5",0,0,0,61.129,1034.4203,32.555,20.1492,0,0,NA,0,41.71132906,0,0,1.852932181,NA,0,NA,NA,NA,1.242435056,NA,NA,0,0,NA,0,0,0,NA,NA,NA,NA,0,0,0,0,0,0,0,"1b","1b","1b","1b","1b","1b","1b","1b","1b","E: Conc. Uncertainty","1b","1b","1b","1b","1b","E: Conc. Uncertainty","1b","E: Conc. Uncertainty","E: Conc. Uncertainty","E: Conc. Uncertainty","1b","E: Conc. Uncertainty","E: Conc. Uncertainty","1b","1b","E: Conc. Uncertainty","1b","1b","1b","E: Conc. Uncertainty","E: Conc. Uncertainty","E: Conc. Uncertainty","E: Conc. Uncertainty","1b","1b","1b","1b","1b","1b","1b"
"2025-11-28 18:00:00","PM10",0,0,0,165.9158,3553.6075,83.0173,79.1931,NA,0,1.1034,0,96.47900785,0,0,2.575709153,1.00922128,0,0,0,0,5.714476189,NA,0,0,0,NA,0,0,0,0,NA,0,NA,0,0,0,0,0,0,0,"1b","1b","1b","1b","1b","1b","1b","E: Conc. Uncertainty","1b","1b","1b","1b","1b","1b","1b","1b","1b","1b","1b","1b","1b","E: Conc. Uncertainty","1b","1b","1b","E: Conc. Uncertainty","1b","1b","1b","1b","E: Conc. Uncertainty","1b","E: Conc. Uncertainty","1b","1b","1b","1b","1b","1b","1b"
"2025-11-28 19:00:00","PM2.5",0,0,0,103.4052,2048.9562,65.2642,40.4583,0,0,0.7522,0,37.91472301,0,0,1.63061882,4.053639847,0,0,2.590688741,0,4.173369107,0.000853685,NA,0,0,NA,0,0,0,0,NA,0,0,0,0,0,0,0,NA,0,"1b","1b","1b","1b","1b","1b","1b","1b","1b","1b","1b","1b","1b","1b","1b","1b","1b","1b","1b","1b","1b","1b","E: Conc. Uncertainty","1b","1b","E: Conc. Uncertainty","1b","1b","1b","1b","E: Conc. Uncertainty","1b","1b","1b","1b","1b","1b","1b","E: Conc. Uncertainty","1b"
"2025-11-28 20:00:00","PM10",0,0,0,202.6957,4088.9132,125.0385,92.1082,0,0,NA,0,106.5032593,0,NA,5.629456101,4.399083316,0,0,2.067029945,NA,8.314473416,1.537838664,0,0,0,NA,NA,NA,0,NA,NA,NA,NA,0,0,0,0,0,0,0,"1b","1b","1b","1b","1b","1b","1b","1b","1b","E: Conc. Uncertainty","1b","1b","1b","E: Conc. Uncertainty","1b","1b","1b","1b","1b","E: Conc. Uncertainty","1b","1b","1b","1b","1b","E: Conc. Uncertainty","E: Conc. Uncertainty","E: Conc. Uncertainty","1b","E: Conc. Uncertainty","E: Conc. Uncertainty","E: Conc. Uncertainty","E: Conc. Uncertainty","1b","1b","1b","1b","1b","1b","1b"
"2025-11-28 21:00:00","PM2.5",0,0,0,94.7317,1662.9549,81.3164,34.4891,NA,0,0.6821,0,26.04378261,0,NA,1.477268096,2.869885067,0,0,1.61161151,0,1.9851239,0,0,0,0,NA,0,0,0,0,NA,NA,0,0,0,0,0,0,0,0,"1b","1b","1b","1b","1b","1b","1b","E: Conc. Uncertainty","1b","1b","1b","1b","1b","E: Conc. Uncertainty","1b","1b","1b","1b","1b","1b","1b","1b","1b","1b","1b","E: Conc. Uncertainty","1b","1b","1b","1b","E: Conc. Uncertainty","E: Conc. Uncertainty","1b","1b","1b","1b","1b","1b","1b","1b"
"2025-11-28 22:00:00","PM10",0,0,NA,208.1247,3978.5409,116.1928,94.7877,0,0,0.7366,0,45.33356742,0,0,1.870155512,3.125559762,0,0,0.809579059,0,4.688283667,NA,0,0,0,0,0,0,0,0,NA,0,NA,0,0,0,0,0,0,0,"1b","1b","E: Conc. Uncertainty","1b","1b","1b","1b","1b","1b","1b","1b","1b","1b","1b","1b","1b","1b","1b","1b","1b","1b","E: Conc. Uncertainty","1b","1b","1b","1b","1b","1b","1b","1b","E: Conc. Uncertainty","1b","E: Conc. Uncertainty","1b","1b","1b","1b","1b","1b","1b"
"2025-11-28 23:00:00","PM2.5",0,0,0,108.7797,1454.186,60.4935,30.6882,0,0,NA,0,16.90676646,0,0,NA,2.260495901,0,0,NA,0,2.650272389,0,NA,0,0,0,0,0,0,0,NA,NA,0,0,0,0,0,0,0,0,"1b","1b","1b","1b","1b","1b","1b","1b","1b","E: Conc. Uncertainty","1b","1b","1b","1b","E: Conc. Uncertainty","1b","1b","1b","E: Conc. Uncertainty","1b","1b","1b","E: Conc. Uncertainty","1b","1b","1b","1b","1b","1b","1b","E: Conc. Uncertainty","E: Conc. Uncertainty","1b","1b","1b","1b","1b","1b","1b","1b"
"2025-11-29 00:30:00","PM10",0,0,0,186.482,3096.9949,113.3548,113.6595,0,0,1.4508,0,51.66516464,0,NA,NA,2.618884227,0,0,NA,0,4.052605469,NA,NA,0,0,0,NA,0,0,0,NA,0,NA,0,0,0,0,0,0,0,"1b","1b","1b","1b","1b","1b","1b","1b","1b","1b","1b","1b","1b","E: Conc. Uncertainty","E: Conc. Uncertainty","1b","1b","1b","E: Conc. Uncertainty","1b","1b","E: Conc. Uncertainty","E: Conc. Uncertainty","1b","1b","1b","E: Conc. Uncertainty","1b","1b","1b","E: Conc. Uncertainty","1b","E: Conc. Uncertainty","1b","1b","1b","1b","1b","1b","1b"
"2025-11-29 01:00:00","PM2.5",0,0,0,98.5761,1088.6826,52.7213,24.043,0,0,NA,0,3.391832117,0,NA,NA,0.996208569,0,0,NA,NA,2.766633373,NA,NA,0,0,0,0,0,0,0,NA,0,0,0,0,0,0,0,0,0,"1b","1b","1b","1b","1b","1b","1b","1b","1b","E: Conc. Uncertainty","1b","1b","1b","E: Conc. Uncertainty","E: Conc. Uncertainty","1b","1b","1b","E: Conc. Uncertainty","E: Conc. Uncertainty","1b","E: Conc. Uncertainty","E: Conc. Uncertainty","1b","1b","1b","1b","1b","1b","1b","E: Conc. Uncertainty","1b","1b","1b","1b","1b","1b","1b","1b","1b"
"2025-11-29 02:00:00","PM10",0,0,0,181.8539,2575.8055,78.6483,60.8582,0,0,NA,0,4.480491329,0,NA,0,0,0,NA,0,NA,4.631553774,NA,NA,NA,0,0,0,0,0,0,NA,0,0,0,0,0,0,0,0,0,"1b","1b","1b","1b","1b","1b","1b","1b","1b","E: Conc. Uncertainty","1b","1b","1b","E: Conc. Uncertainty","1b","1b","1b","E: Conc. Uncertainty","1b","E: Conc. Uncertainty","1b","E: Conc. Uncertainty","E: Conc. Uncertainty","E: Conc. Uncertainty","1b","1b","1b","1b","1b","1b","E: Conc. Uncertainty","1b","1b","1b","1b","1b","1b","1b","1b","1b"
"2025-11-29 03:00:00","PM2.5",0,0,0,99.5772,765.6568,32.717,19.2382,0,0,NA,0,1.303973422,0,0,0,NA,NA,NA,NA,0,1.769146107,NA,NA,0,0,0,NA,NA,0,0,NA,NA,0,0,0,0,0,0,0,0,"1b","1b","1b","1b","1b","1b","1b","1b","1b","E: Conc. Uncertainty","1b","1b","1b","1b","1b","E: Conc. Uncertainty","E: Conc. Uncertainty","E: Conc. Uncertainty","E: Conc. Uncertainty","1b","1b","E: Conc. Uncertainty","E: Conc. Uncertainty","1b","1b","1b","E: Conc. Uncertainty","E: Conc. Uncertainty","1b","1b","E: Conc. Uncertainty","E: Conc. Uncertainty","1b","1b","1b","1b","1b","1b","1b","1b"
"2025-11-29 04:00:00","PM10",0,0,0,109.3146,1309.6689,40.7141,31.2709,0,NA,NA,0,4.324283053,0,0.012918792,NA,NA,NA,0,0.001180914,0,1.759256431,NA,NA,0,0,0,NA,0,0,0.1616,0,0,0,0,0,0,0,0,0,0,"1b","1b","1b","1b","1b","1b","1b","1b","E: Conc. Uncertainty","E: Conc. Uncertainty","1b","1b","1b","1b","E: Conc. Uncertainty","E: Conc. Uncertainty","E: Conc. Uncertainty","1b","1b","1b","1b","E: Conc. Uncertainty","E: Conc. Uncertainty","1b","1b","1b","E: Conc. Uncertainty","1b","1b","1b","1b","1b","1b","1b","1b","1b","1b","1b","1b","1b"
"2025-11-29 05:00:00","PM2.5",0,0,0,54.5421,397.4488,13.7428,7.3287,0,0,NA,0,1.684409369,0,NA,NA,NA,0,0,0,0,0.904389002,0,NA,0,0,0,0,NA,0,0,0,NA,0,0,0,0,0,0,0,0,"1b","1b","1b","1b","1b","1b","1b","1b","1b","E: Conc. Uncertainty","1b","1b","1b","E: Conc. Uncertainty","E: Conc. Uncertainty","E: Conc. Uncertainty","1b","1b","1b","1b","1b","1b","E: Conc. Uncertainty","1b","1b","1b","1b","E: Conc. Uncertainty","1b","1b","1b","E: Conc. Uncertainty","1b","1b","1b","1b","1b","1b","1b","1b"
"2025-11-29 06:00:00","PM10",0,0,NA,47.1135,340.9746,26.3389,9.9444,NA,0,NA,0,25.47382844,0,NA,1.754757539,NA,0,0,NA,0,0,NA,NA,0,0,0,0,0,0,NA,NA,0,0,0,0,0,0,0,0,0,"1b","1b","E: Conc. Uncertainty","1b","1b","1b","1b","E: Conc. Uncertainty","1b","E: Conc. Uncertainty","1b","1b","1b","E: Conc. Uncertainty","1b","E: Conc. Uncertainty","1b","1b","E: Conc. Uncertainty","1b","1b","E: Conc. Uncertainty","E: Conc. Uncertainty","1b","1b","1b","1b","1b","1b","E: Conc. Uncertainty","E: Conc. Uncertainty","1b","1b","1b","1b","1b","1b","1b","1b","1b"
"2025-11-29 07:00:00","PM2.5",0,0,0,30.6415,8.0546,NA,0,0,0,NA,0,14.07131881,0,NA,NA,NA,0,0,0,NA,0,0,NA,NA,0,0,0,0,0,0,NA,NA,0,NA,0,0,0,0,0,0,"1b","1b","1b","1b","1b","E: Conc. Uncertainty","1b","1b","1b","E: Conc. Uncertainty","1b","1b","1b","E: Conc. Uncertainty","E: Conc. Uncertainty","E: Conc. Uncertainty","1b","1b","1b","E: Conc. Uncertainty","1b","1b","E: Conc. Uncertainty","E: Conc. Uncertainty","1b","1b","1b","1b","1b","1b","E: Conc. Uncertainty","E: Conc. Uncertainty","1b","E: Conc. Uncertainty","1b","1b","1b","1b","1b","1b"
"2025-11-29 08:00:00","PM10",0,0,0,41.6587,NA,9.4611,4.9496,0,0,NA,0,36.77286514,0,0,1.604152672,1.147226463,0,0,NA,NA,0,0,NA,0,0,0,0,NA,0,0,0,0,NA,0,0,0,0,0,0,0,"1b","1b","1b","1b","E: Conc. Uncertainty","1b","1b","1b","1b","E: Conc. Uncertainty","1b","1b","1b","1b","1b","1b","1b","1b","E: Conc. Uncertainty","E: Conc. Uncertainty","1b","1b","E: Conc. Uncertainty","1b","1b","1b","1b","E: Conc. Uncertainty","1b","1b","1b","1b","E: Conc. Uncertainty","1b","1b","1b","1b","1b","1b","1b"
"2025-11-29 09:00:00","PM2.5",0,0,NA,41.1663,7.9321,6.4629,NA,NA,0,NA,0,34.18561466,0,0.001669636,2.588302367,1.574151184,0,NA,NA,0,NA,NA,1.638310003,0,0,0,0,0,0,0,0,NA,NA,0,0,0,0,0,0,0,"1b","1b","E: Conc. Uncertainty","1b","1b","1b","E: Conc. Uncertainty","E: Conc. Uncertainty","1b","E: Conc. Uncertainty","1b","1b","1b","1b","1b","1b","1b","E: Conc. Uncertainty","E: Conc. Uncertainty","1b","E: Conc. Uncertainty","E: Conc. Uncertainty","1b","1b","1b","1b","1b","1b","1b","1b","1b","E: Conc. Uncertainty","E: Conc. Uncertainty","1b","1b","1b","1b","1b","1b","1b"
"2025-11-29 10:00:00","PM10",0,0,0,101.5582,36.0493,30.1407,35.6433,2.2508,0,0.9341,0,72.76331645,0,NA,3.509568645,9.196550386,0,0,1.611811201,0,0,NA,NA,0,0,0,NA,NA,0,NA,NA,NA,NA,0,0,0,0,0,3.679690372,0,"1b","1b","1b","1b","1b","1b","1b","1b","1b","1b","1b","1b","1b","E: Conc. Uncertainty","1b","1b","1b","1b","1b","1b","1b","E: Conc. Uncertainty","E: Conc. Uncertainty","1b","1b","1b","E: Conc. Uncertainty","E: Conc. Uncertainty","1b","E: Conc. Uncertainty","E: Conc. Uncertainty","E: Conc. Uncertainty","E: Conc. Uncertainty","1b","1b","1b","1b","1b","1b","1b"
"2025-11-29 11:00:00","PM2.5",0,0,NA,128.7203,24.1345,18.6805,2.4129,0,0,NA,0,25.3715065,0,0,1.327325096,3.62325198,0,0,1.362509414,0,NA,NA,NA,0,0,NA,0,0,0,0,0,0,NA,0,0,0,0,0,0,0,"1b","1b","E: Conc. Uncertainty","1b","1b","1b","1b","1b","1b","E: Conc. Uncertainty","1b","1b","1b","1b","1b","1b","1b","1b","1b","1b","E: Conc. Uncertainty","E: Conc. Uncertainty","E: Conc. Uncertainty","1b","1b","E: Conc. Uncertainty","1b","1b","1b","1b","1b","1b","E: Conc. Uncertainty","1b","1b","1b","1b","1b","1b","1b"
"2025-11-29 12:00:00","PM10",0,0,0,264.6301,753.748,42.6799,33.0001,0,0,0.8133,0,64.49346032,0,0,1.950320872,5.835194051,0,0,0.779158602,NA,1.37874096,NA,1.812804319,0,0,0,0,0,0,0,NA,NA,NA,0,0,0,0,0,0,0,"1b","1b","1b","1b","1b","1b","1b","1b","1b","1b","1b","1b","1b","1b","1b","1b","1b","1b","1b","E: Conc. Uncertainty","1b","E: Conc. Uncertainty","1b","1b","1b","1b","1b","1b","1b","1b","E: Conc. Uncertainty","E: Conc. Uncertainty","E: Conc. Uncertainty","1b","1b","1b","1b","1b","1b","1b"
"2025-11-29 13:00:00","PM2.5",0,0,0,119.7149,324.3075,32.2815,12.5573,0,0,NA,0,34.6231393,0,0,1.830296186,4.328469827,0,0,1.013430603,0,1.260156894,NA,NA,0,0,0,0,NA,0,0,NA,NA,0,0.0299,0,0,0,0,0,0,"1b","1b","1b","1b","1b","1b","1b","1b","1b","E: Conc. Uncertainty","1b","1b","1b","1b","1b","1b","1b","1b","1b","1b","1b","E: Conc. Uncertainty","E: Conc. Uncertainty","1b","1b","1b","1b","E: Conc. Uncertainty","1b","1b","E: Conc. Uncertainty","E: Conc. Uncertainty","1b","1b","1b","1b","1b","1b","1b","1b"
"2025-11-29 14:00:00","PM10",0,0,0,73.7498,655.6095,33.7829,20.0794,NA,0,0.7984,0,88.93247877,0,0,4.631980732,3.027402433,0,0,1.203788374,0,NA,0,NA,NA,0,0,0,0,0,0,NA,0,NA,0,0,0,0,0,0,0,"1b","1b","1b","1b","1b","1b","1b","E: Conc. Uncertainty","1b","1b","1b","1b","1b","1b","1b","1b","1b","1b","1b","1b","E: Conc. Uncertainty","1b","E: Conc. Uncertainty","E: Conc. Uncertainty","1b","1b","1b","1b","1b","1b","E: Conc. Uncertainty","1b","E: Conc. Uncertainty","1b","1b","1b","1b","1b","1b","1b"
"2025-11-29 15:00:00","PM2.5",0,0,0,38.3753,242.7358,17.9425,3.3939,NA,0,NA,0,53.47406744,0,0,2.131541697,1.751499537,0,0,NA,0,NA,NA,NA,0,0,0,0.0554,NA,0,NA,NA,0,NA,0,0,0,0,0,0,0,"1b","1b","1b","1b","1b","1b","1b","E: Conc. Uncertainty","1b","E: Conc. Uncertainty","1b","1b","1b","1b","1b","1b","1b","1b","E: Conc. Uncertainty","1b","E: Conc. Uncertainty","E: Conc. Uncertainty","E: Conc. Uncertainty","1b","1b","1b","1b","E: Conc. Uncertainty","1b","E: Conc. Uncertainty","E: Conc. Uncertainty","1b","E: Conc. Uncertainty","1b","1b","1b","1b","1b","1b","1b"
"2025-11-29 16:00:00","PM10",0,0,0,44.0456,337.5985,35.3254,15.664,NA,0,NA,0,130.853209,0,0,5.486068395,2.23722427,0,0,NA,0,NA,0,NA,0,0,0,0,0,0,0,NA,0,NA,0,0,0,0,0,0,0,"1b","1b","1b","1b","1b","1b","1b","E: Conc. Uncertainty","1b","E: Conc. Uncertainty","1b","1b","1b","1b","1b","1b","1b","1b","E: Conc. Uncertainty","1b","E: Conc. Uncertainty","1b","E: Conc. Uncertainty","1b","1b","1b","1b","1b","1b","1b","E: Conc. Uncertainty","1b","E: Conc. Uncertainty","1b","1b","1b","1b","1b","1b","1b"
"2025-11-29 17:00:00","PM2.5",0,0,0,43.8018,176.3496,39.8603,NA,NA,0,0.7756,0,69.48394096,0,0,3.68255763,6.241766749,0,0,1.324287708,0,0.917326244,NA,NA,0,0,0,0,NA,0,0,NA,0,0,0,0,0,0,0,NA,0,"1b","1b","1b","1b","1b","1b","E: Conc. Uncertainty","E: Conc. Uncertainty","1b","1b","1b","1b","1b","1b","1b","1b","1b","1b","1b","1b","1b","E: Conc. Uncertainty","E: Conc. Uncertainty","1b","1b","1b","1b","E: Conc. Uncertainty","1b","1b","E: Conc. Uncertainty","1b","1b","1b","1b","1b","1b","1b","E: Conc. Uncertainty","1b"
"2025-11-29 18:00:00","PM10",0,0,NA,58.8307,262.6069,45.1997,24.5602,NA,0,NA,0,76.75934273,0,NA,4.850587577,3.464780994,0,0,0.91368978,0,6.256264944,NA,NA,0,0,0,NA,0,0,0,NA,0,NA,0,0,0,0,0,0,0,"1b","1b","E: Conc. Uncertainty","1b","1b","1b","1b","E: Conc. Uncertainty","1b","E: Conc. Uncertainty","1b","1b","1b","E: Conc. Uncertainty","1b","1b","1b","1b","1b","1b","1b","E: Conc. Uncertainty","E: Conc. Uncertainty","1b","1b","1b","E: Conc. Uncertainty","1b","1b","1b","E: Conc. Uncertainty","1b","E: Conc. Uncertainty","1b","1b","1b","1b","1b","1b","1b"
"2025-11-29 19:00:00","PM2.5",0,0,NA,56.0505,40.9986,43.7869,0,0,0,NA,0,25.55155343,0,0,1.548385454,4.059661811,0,0,NA,0,NA,0,NA,0,0,0,0,0,0,NA,NA,NA,0,0,0,0,0,0,0,0,"1b","1b","E: Conc. Uncertainty","1b","1b","1b","1b","1b","1b","E: Conc. Uncertainty","1b","1b","1b","1b","1b","1b","1b","1b","E: Conc. Uncertainty","1b","E: Conc. Uncertainty","1b","E: Conc. Uncertainty","1b","1b","1b","1b","1b","1b","E: Conc. Uncertainty","E: Conc. Uncertainty","E: Conc. Uncertainty","1b","1b","1b","1b","1b","1b","1b","1b"
"2025-11-29 20:00:00","PM10",0,0,0,172.5823,125.1166,55.9793,4.3517,NA,0,NA,0,58.43563117,0,NA,2.498294697,5.524836342,0,0,1.239791088,0,6.825865632,NA,NA,0,0,0,0,0,0,0,NA,NA,NA,0,0,0,0,0,0,0,"1b","1b","1b","1b","1b","1b","1b","E: Conc. Uncertainty","1b","E: Conc. Uncertainty","1b","1b","1b","E: Conc. Uncertainty","1b","1b","1b","1b","1b","1b","1b","E: Conc. Uncertainty","E: Conc. Uncertainty","1b","1b","1b","1b","1b","1b","1b","E: Conc. Uncertainty","E: Conc. Uncertainty","E: Conc. Uncertainty","1b","1b","1b","1b","1b","1b","1b"
"2025-11-29 21:00:00","PM2.5",0,0,NA,445.8635,20.7278,38.9208,0,0,0,NA,0,12.79451009,0,NA,0.832737932,5.160096893,0,0,1.611268867,NA,0.959706065,0,NA,0,0,0,0,NA,0,NA,0,0,NA,0,0,0,0,0,1.05335206,0,"1b","1b","E: Conc. Uncertainty","1b","1b","1b","1b","1b","1b","E: Conc. Uncertainty","1b","1b","1b","E: Conc. Uncertainty","1b","1b","1b","1b","1b","E: Conc. Uncertainty","1b","1b","E: Conc. Uncertainty","1b","1b","1b","1b","E: Conc. Uncertainty","1b","E: Conc. Uncertainty","1b","1b","E: Conc. Uncertainty","1b","1b","1b","1b","1b","1b","1b"
"2025-11-29 22:00:00","PM10",0,0,0.205,192.7483,173.9059,35.3461,9.7215,NA,0,NA,0,38.72062807,0,0,1.971916176,3.763476773,0,0,2.088599475,NA,0.830590799,0,NA,0,0,0,0,0,NA,NA,NA,0,0,0,0,0,0,0,4.403834796,0,"1b","1b","1b","1b","1b","1b","1b","E: Conc. Uncertainty","1b","E: Conc. Uncertainty","1b","1b","1b","1b","1b","1b","1b","1b","1b","E: Conc. Uncertainty","1b","1b","E: Conc. Uncertainty","1b","1b","1b","1b","1b","E: Conc. Uncertainty","E: Conc. Uncertainty","E: Conc. Uncertainty","1b","1b","1b","1b","1b","1b","1b","1b","1b"
"2025-11-29 23:00:00","PM2.5",0,0,NA,156.533,207.2286,24.9546,4.8695,0,NA,1.3927,0,13.94001527,0.008144566,NA,NA,1.704077373,0,0,NA,NA,NA,NA,NA,0,0,NA,NA,0.0335,0,NA,NA,NA,0,0,0,0,0,0,0,0,"1b","1b","E: Conc. Uncertainty","1b","1b","1b","1b","1b","E: Conc. Uncertainty","1b","1b","1b","1b","E: Conc. Uncertainty","E: Conc. Uncertainty","1b","1b","1b","E: Conc. Uncertainty","E: Conc. Uncertainty","E: Conc. Uncertainty","E: Conc. Uncertainty","E: Conc. Uncertainty","1b","1b","E: Conc. Uncertainty","E: Conc. Uncertainty","1b","1b","E: Conc. Uncertainty","E: Conc. Uncertainty","E: Conc. Uncertainty","1b","1b","1b","1b","1b","1b","1b","1b"
"2025-11-30 00:30:00","PM10",0,0,0.8433,98.3565,1222.9234,36.5586,22.1632,0,0,NA,0,16.83631353,0,NA,NA,NA,0,0,NA,0,NA,NA,0,0,0,0,0,0,NA,0,NA,0,NA,0,0,0,0,0,0,0,"1b","1b","1b","1b","1b","1b","1b","1b","1b","E: Conc. Uncertainty","1b","1b","1b","E: Conc. Uncertainty","E: Conc. Uncertainty","E: Conc. Uncertainty","1b","1b","E: Conc. Uncertainty","1b","E: Conc. Uncertainty","E: Conc. Uncertainty","1b","1b","1b","1b","1b","1b","E: Conc. Uncertainty","1b","E: Conc. Uncertainty","1b","E: Conc. Uncertainty","1b","1b","1b","1b","1b","1b","1b"
"2025-11-30 01:00:00","PM2.5",0,0,0,70.667,407.0467,26.4977,7.8815,0,0,NA,0,4.058576938,0,0,NA,1.783233789,0,0,NA,0,NA,NA,0,0,0,NA,NA,NA,0,NA,NA,0,0,0,0,0,0,0,0,0,"1b","1b","1b","1b","1b","1b","1b","1b","1b","E: Conc. Uncertainty","1b","1b","1b","1b","E: Conc. Uncertainty","1b","1b","1b","E: Conc. Uncertainty","1b","E: Conc. Uncertainty","E: Conc. Uncertainty","1b","1b","1b","E: Conc. Uncertainty","E: Conc. Uncertainty","E: Conc. Uncertainty","1b","E: Conc. Uncertainty","E: Conc. Uncertainty","1b","1b","1b","1b","1b","1b","1b","1b","1b"
"2025-11-30 02:00:00","PM10",0,0,NA,84.7796,1327.206,51.5225,30.3231,NA,0,NA,0,11.91461217,0,0,NA,3.965142211,0,0,0.803073351,0,1.401531584,0,0,0,0,0,0,0,0,0,NA,0,0,0,0,0,0,0,0,0,"1b","1b","E: Conc. Uncertainty","1b","1b","1b","1b","E: Conc. Uncertainty","1b","E: Conc. Uncertainty","1b","1b","1b","1b","E: Conc. Uncertainty","1b","1b","1b","1b","1b","1b","1b","1b","1b","1b","1b","1b","1b","1b","1b","E: Conc. Uncertainty","1b","1b","1b","1b","1b","1b","1b","1b","1b"
"2025-11-30 03:00:00","PM2.5",NA,0,0,53.5348,471.2769,21.5932,9.5606,0,0,NA,0,2.832474516,0,NA,NA,3.248390355,0,0,NA,0,NA,0,NA,0,0,0,0,0,0,NA,NA,NA,0,0,0,0,0,0,0,0,"E: Conc. Uncertainty","1b","1b","1b","1b","1b","1b","1b","1b","E: Conc. Uncertainty","1b","1b","1b","E: Conc. Uncertainty","E: Conc. Uncertainty","1b","1b","1b","E: Conc. Uncertainty","1b","E: Conc. Uncertainty","1b","E: Conc. Uncertainty","1b","1b","1b","1b","1b","1b","E: Conc. Uncertainty","E: Conc. Uncertainty","E: Conc. Uncertainty","1b","1b","1b","1b","1b","1b","1b","1b"
"2025-11-30 04:00:00","PM10",0,0,0,81.9411,1197.3201,43.2633,26.7732,0,0,NA,0,5.326714746,0,0,NA,3.514978283,0,0,NA,0,3.824695603,NA,NA,0,0,0,0,0,0,NA,NA,0,0,0,0,0,0,0,0,0,"1b","1b","1b","1b","1b","1b","1b","1b","1b","E: Conc. Uncertainty","1b","1b","1b","1b","E: Conc. Uncertainty","1b","1b","1b","E: Conc. Uncertainty","1b","1b","E: Conc. Uncertainty","E: Conc. Uncertainty","1b","1b","1b","1b","1b","1b","E: Conc. Uncertainty","E: Conc. Uncertainty","1b","1b","1b","1b","1b","1b","1b","1b","1b"
"2025-11-30 05:00:00","PM2.5",0,0,0,46.9867,358.1851,16.6237,6.585,0,0,NA,0,1.551050838,0,NA,0,NA,0,0,NA,0,21.11921329,NA,NA,0,0,0,0,0,0,NA,NA,0,0,0,0.0157,0,0,NA,0,0,"1b","1b","1b","1b","1b","1b","1b","1b","1b","E: Conc. Uncertainty","1b","1b","1b","E: Conc. Uncertainty","1b","E: Conc. Uncertainty","1b","1b","E: Conc. Uncertainty","1b","1b","E: Conc. Uncertainty","E: Conc. Uncertainty","1b","1b","1b","1b","1b","1b","E: Conc. Uncertainty","E: Conc. Uncertainty","1b","1b","1b","1b","1b","1b","E: Conc. Uncertainty","1b","1b"
"2025-11-30 06:00:00","PM10",0,0,NA,64.5419,890.5421,35.5499,18.2687,0,0,0.7129,0,8.953812294,0,NA,0,1.538581458,0,0,NA,0,40.16718462,NA,0,0,0,0,0,NA,0.0472,0,NA,NA,0,0,0,0,0,0,0,0,"1b","1b","E: Conc. Uncertainty","1b","1b","1b","1b","1b","1b","1b","1b","1b","1b","E: Conc. Uncertainty","1b","1b","1b","1b","E: Conc. Uncertainty","1b","1b","E: Conc. Uncertainty","1b","1b","1b","1b","1b","E: Conc. Uncertainty","1b","1b","E: Conc. Uncertainty","E: Conc. Uncertainty","1b","1b","1b","1b","1b","1b","1b","1b"
"2025-11-30 07:00:00","PM2.5",0,0,0,69.3293,322.2379,18.8762,3.7278,NA,0,NA,0,4.167493455,0,NA,0,0.74479225,0,0,NA,0,3.592323599,0,0,0,0,0,0,0,0,NA,NA,0,0,0,0,0,0,0,0,0,"1b","1b","1b","1b","1b","1b","1b","E: Conc. Uncertainty","1b","E: Conc. Uncertainty","1b","1b","1b","E: Conc. Uncertainty","1b","1b","1b","1b","E: Conc. Uncertainty","1b","1b","1b","1b","1b","1b","1b","1b","1b","1b","E: Conc. Uncertainty","E: Conc. Uncertainty","1b","1b","1b","1b","1b","1b","1b","1b","1b"
"2025-11-30 08:00:00","PM10",0,0,0,105.6196,997.1818,32.6669,20.6949,0,0,NA,0,11.85755432,0,NA,NA,1.628914559,0,0,NA,0,NA,NA,0,0,0,0,0,0,0,NA,NA,0,0,0.0053,0,0,0,0,0,0,"1b","1b","1b","1b","1b","1b","1b","1b","1b","E: Conc. Uncertainty","1b","1b","1b","E: Conc. Uncertainty","E: Conc. Uncertainty","1b","1b","1b","E: Conc. Uncertainty","1b","E: Conc. Uncertainty","E: Conc. Uncertainty","1b","1b","1b","1b","1b","1b","1b","E: Conc. Uncertainty","E: Conc. Uncertainty","1b","1b","1b","1b","1b","1b","1b","1b","1b"
"2025-11-30 09:00:00","PM2.5",0,0,0,84.1193,404.7554,21.2269,8.8934,0,0,NA,0,20.70410769,0,0,1.279968254,1.073240468,0,0,NA,0,NA,NA,0,0,0,0,NA,0,0,NA,0,NA,NA,0,0,0,0,0,0,0,"1b","1b","1b","1b","1b","1b","1b","1b","1b","E: Conc. Uncertainty","1b","1b","1b","1b","1b","1b","1b","1b","E: Conc. Uncertainty","1b","E: Conc. Uncertainty","E: Conc. Uncertainty","1b","1b","1b","1b","E: Conc. Uncertainty","1b","1b","E: Conc. Uncertainty","1b","E: Conc. Uncertainty","E: Conc. Uncertainty","1b","1b","1b","1b","1b","1b","1b"
"2025-11-30 10:00:00","PM10",0,0,NA,112.036,855.733,35.4132,21.682,0,0,NA,0,58.27655329,0,0,1.864222668,1.597310312,0,0,NA,0,1.270984556,0,0,0,0,0,0,0,0,NA,0.1052,NA,NA,0,0,0,0,0,0,0,"1b","1b","E: Conc. Uncertainty","1b","1b","1b","1b","1b","1b","E: Conc. Uncertainty","1b","1b","1b","1b","1b","1b","1b","1b","E: Conc. Uncertainty","1b","1b","1b","1b","1b","1b","1b","1b","1b","1b","E: Conc. Uncertainty","1b","E: Conc. Uncertainty","E: Conc. Uncertainty","1b","1b","1b","1b","1b","1b","1b"
"2025-11-30 11:00:00","PM2.5",0,0,0,96.6294,365.1919,20.3139,8.7209,0,0,NA,0,34.88357483,0,NA,1.444022442,0.920272073,0,0,0.004867171,NA,0.946104736,NA,NA,0,0,0,0,0,0,0,NA,0,0,0,0,NA,0,0,0,0,"1b","1b","1b","1b","1b","1b","1b","1b","1b","E: Conc. Uncertainty","1b","1b","1b","E: Conc. Uncertainty","1b","1b","1b","1b","1b","E: Conc. Uncertainty","1b","E: Conc. Uncertainty","E: Conc. Uncertainty","1b","1b","1b","1b","1b","1b","1b","E: Conc. Uncertainty","1b","1b","1b","1b","E: Conc. Uncertainty","1b","1b","1b","1b"
"2025-11-30 12:00:00","PM10",0,0,0,103.1365,824.7409,36.2453,21.9875,NA,0,NA,0,69.66140088,0,0,2.290534829,NA,0,0,0,0,2.189089539,0,NA,0,0,0,0,0,0,NA,0,NA,0,0,0,0,0,0,0,0,"1b","1b","1b","1b","1b","1b","1b","E: Conc. Uncertainty","1b","E: Conc. Uncertainty","1b","1b","1b","1b","1b","E: Conc. Uncertainty","1b","1b","1b","1b","1b","1b","E: Conc. Uncertainty","1b","1b","1b","1b","1b","1b","E: Conc. Uncertainty","1b","E: Conc. Uncertainty","1b","1b","1b","1b","1b","1b","1b","1b"
"2025-11-30 13:00:00","PM2.5",0,0,0,65.3546,315.8374,30.2792,6.3962,0,0,1.2445,0,23.4477033,0,0,0,1.342010425,0,0,1.526316325,0,1.340432463,0,NA,0,0,0,0,NA,0,0,NA,0,0,0,0.0032,0,0,0,0,0,"1b","1b","1b","1b","1b","1b","1b","1b","1b","1b","1b","1b","1b","1b","1b","1b","1b","1b","1b","1b","1b","1b","E: Conc. Uncertainty","1b","1b","1b","1b","E: Conc. Uncertainty","1b","1b","E: Conc. Uncertainty","1b","1b","1b","1b","1b","1b","1b","1b","1b"
"2025-11-30 14:00:00","PM10",0,0,0,64.667,660.8963,44.3486,17.295,0,0,0.6812,0,64.0524863,0,NA,3.662419279,4.260679582,0,0,NA,0,2.056621646,0,NA,0,0,NA,0,0,0,0,NA,0,NA,0,0,0,0,0,0,0,"1b","1b","1b","1b","1b","1b","1b","1b","1b","1b","1b","1b","1b","E: Conc. Uncertainty","1b","1b","1b","1b","E: Conc. Uncertainty","1b","1b","1b","E: Conc. Uncertainty","1b","1b","E: Conc. Uncertainty","1b","1b","1b","1b","E: Conc. Uncertainty","1b","E: Conc. Uncertainty","1b","1b","1b","1b","1b","1b","1b"
"2025-11-30 15:00:00","PM2.5",0,0,NA,57.4181,287.829,26.1399,7.4378,NA,0,0.7451,0,92.10425021,0,0.007673988,2.989893541,3.201304781,0,0,NA,0,1.036649907,NA,NA,0,0,NA,0,0,NA,0,NA,NA,0,0,0,0,NA,0,0,0,"1b","1b","E: Conc. Uncertainty","1b","1b","1b","1b","E: Conc. Uncertainty","1b","1b","1b","1b","1b","1b","1b","1b","1b","1b","E: Conc. Uncertainty","1b","1b","E: Conc. Uncertainty","E: Conc. Uncertainty","1b","1b","E: Conc. Uncertainty","1b","1b","E: Conc. Uncertainty","1b","E: Conc. Uncertainty","E: Conc. Uncertainty","1b","1b","1b","1b","E: Conc. Uncertainty","1b","1b","1b"
"2025-11-30 16:00:00","PM10",0,0,0,94.7394,846.3362,80.6115,32.0726,1.8856,0,0.9781,NA,261.0694501,0,0,7.275152749,6.241069246,0,0,2.594338086,0,2.896955193,NA,0,0,0,0,NA,0,0,NA,NA,NA,NA,0,0,0,0,0,4.156934827,0,"1b","1b","1b","1b","1b","1b","1b","1b","1b","1b","E: Conc. Uncertainty","1b","1b","1b","1b","1b","1b","1b","1b","1b","1b","E: Conc. Uncertainty","1b","1b","1b","1b","E: Conc. Uncertainty","1b","1b","E: Conc. Uncertainty","E: Conc. Uncertainty","E: Conc. Uncertainty","E: Conc. Uncertainty","1b","1b","1b","1b","1b","1b","1b"
"2025-11-30 17:00:00","PM2.5",0,0,0,90.2445,317.6396,90.1984,8.7128,NA,0,0.7142,0,37.67301093,0,0,1.023920814,5.294218882,0,0,2.018645811,NA,2.458762309,NA,0,0,0,NA,0,NA,0,0,NA,0,0,0,NA,0,0,0,0,0,"1b","1b","1b","1b","1b","1b","1b","E: Conc. Uncertainty","1b","1b","1b","1b","1b","1b","1b","1b","1b","1b","1b","E: Conc. Uncertainty","1b","E: Conc. Uncertainty","1b","1b","1b","E: Conc. Uncertainty","1b","E: Conc. Uncertainty","1b","1b","E: Conc. Uncertainty","1b","1b","1b","E: Conc. Uncertainty","1b","1b","1b","1b","1b"
"2025-11-30 18:00:00","PM10",0,0,0,150.1949,1137.9402,108.0332,47.9822,NA,0,0.7921,0,65.32578683,0,0,1.535665889,12.24399116,0,0,3.131598521,NA,3.45891367,0,0,0,0,0,0,NA,0,0,0,0,0.021,0,0,0,0,0,NA,0,"1b","1b","1b","1b","1b","1b","1b","E: Conc. Uncertainty","1b","1b","1b","1b","1b","1b","1b","1b","1b","1b","1b","E: Conc. Uncertainty","1b","1b","1b","1b","1b","1b","1b","E: Conc. Uncertainty","1b","1b","1b","1b","1b","1b","1b","1b","1b","1b","E: Conc. Uncertainty","1b"
"2025-11-30 19:00:00","PM2.5",0,0,0,96.8784,267.2144,85.6804,5.8299,0,0.0116,0.8502,0,27.86483953,NA,NA,0.73104432,5.05757514,0,0,2.07912379,NA,1.902058074,NA,NA,0,0,NA,NA,0,0,NA,NA,0,0.0114,0,0,0,0,0,0,0,"1b","1b","1b","1b","1b","1b","1b","1b","1b","1b","1b","1b","E: Conc. Uncertainty","E: Conc. Uncertainty","1b","1b","1b","1b","1b","E: Conc. Uncertainty","1b","E: Conc. Uncertainty","E: Conc. Uncertainty","1b","1b","E: Conc. Uncertainty","E: Conc. Uncertainty","1b","1b","E: Conc. Uncertainty","E: Conc. Uncertainty","1b","1b","1b","1b","1b","1b","1b","1b","1b"
"2025-11-30 20:00:00","PM10",0,0,0,142.3382,994.2101,102.8661,37.237,0,0,0.8881,0,54.50018829,0,0,1.556053127,4.621820772,0,0,2.628039286,NA,3.302681797,NA,0,0,0,NA,NA,0,NA,0.0554,NA,0,0,0,0,0,0,0,1.290835072,0,"1b","1b","1b","1b","1b","1b","1b","1b","1b","1b","1b","1b","1b","1b","1b","1b","1b","1b","1b","E: Conc. Uncertainty","1b","E: Conc. Uncertainty","1b","1b","1b","E: Conc. Uncertainty","E: Conc. Uncertainty","1b","E: Conc. Uncertainty","1b","E: Conc. Uncertainty","1b","1b","1b","1b","1b","1b","1b","1b","1b"
"2025-11-30 21:00:00","PM2.5",0,0,0,85.7653,280.4372,101.0195,5.4895,0,0,NA,0,18.23442888,0,NA,NA,3.303172714,0,0,1.517714913,NA,2.752611716,0,0,0,0,0,0,NA,0,0,0,0,0,0,0,0,0,0,0,0,"1b","1b","1b","1b","1b","1b","1b","1b","1b","E: Conc. Uncertainty","1b","1b","1b","E: Conc. Uncertainty","E: Conc. Uncertainty","1b","1b","1b","1b","E: Conc. Uncertainty","1b","1b","1b","1b","1b","1b","1b","E: Conc. Uncertainty","1b","1b","1b","1b","1b","1b","1b","1b","1b","1b","1b","1b"
"2025-11-30 22:00:00","PM10",0,0,0,117.387,1086.1101,91.3178,32.3149,0,0,NA,0,28.70871317,0,NA,1.058114928,3.021538743,0,0,1.338301726,0.006104509,2.424660182,0,0,0,0,0,0,NA,0,0,0,NA,0,0,0,0,0,0,0,0,"1b","1b","1b","1b","1b","1b","1b","1b","1b","E: Conc. Uncertainty","1b","1b","1b","E: Conc. Uncertainty","1b","1b","1b","1b","1b","1b","1b","1b","1b","1b","1b","1b","1b","E: Conc. Uncertainty","1b","1b","1b","E: Conc. Uncertainty","1b","1b","1b","1b","1b","1b","1b","1b"
"2025-11-30 23:00:00","PM2.5",0,0,NA,53.6674,333.6349,68.7626,5.5544,NA,0,NA,0,8.083523375,0,0,NA,1.40098143,0,0,NA,NA,1.135903649,0,0,0,0,0,NA,0,NA,0,NA,0,0,0,0,0,0,0,0,0,"1b","1b","E: Conc. Uncertainty","1b","1b","1b","1b","E: Conc. Uncertainty","1b","E: Conc. Uncertainty","1b","1b","1b","1b","E: Conc. Uncertainty","1b","1b","1b","E: Conc. Uncertainty","E: Conc. Uncertainty","1b","1b","1b","1b","1b","1b","E: Conc. Uncertainty","1b","E: Conc. Uncertainty","1b","E: Conc. Uncertainty","1b","1b","1b","1b","1b","1b","1b","1b","1b"
