"datetime","pm_fraction","Al","Si","P","S","Cl","K","Ca","Ti","V","Cr","Mn","Fe","Co","Ni","Cu","Zn","Ga","Ge","As","Se","Br","Sr","Y","Zr","Mo","Pd","Ag","Cd","In","Sn","Sb","Te","Ba","La","Ce","Pt","Hg","Tl","Pb","Bi","Al_Flags","Si_Flags","P_Flags","S_Flags","Cl_Flags","K_Flags","Ca_Flags","Ti_Flags","V_Flags","Cr_Flags","Mn_Flags","Fe_Flags","Co_Flags","Ni_Flags","Cu_Flags","Zn_Flags","Ga_Flags","Ge_Flags","As_Flags","Se_Flags","Br_Flags","Sr_Flags","Y_Flags","Zr_Flags","Mo_Flags","Pd_Flags","Ag_Flags","Cd_Flags","In_Flags","Sn_Flags","Sb_Flags","Te_Flags","Ba_Flags","La_Flags","Ce_Flags","Pt_Flags","Hg_Flags","Tl_Flags","Pb_Flags","Bi_Flags"
"2023-10-01 00:30:00","PM10",NA,0,0,179.8255,191.7259,39.9738,19.2224,0,0,NA,0,13.8885,0,0,0,3.0046,0,0,0,0,1.3815,NA,0,0,0,NA,NA,0,0,NA,NA,0,0,0,0,0,0,0,0,0,"E: Uncertainty",NA,NA,NA,NA,NA,NA,NA,NA,"E: Uncertainty",NA,NA,NA,NA,NA,NA,NA,NA,NA,NA,NA,"E: Uncertainty",NA,NA,NA,"E: Uncertainty","E: Uncertainty",NA,NA,"E: Uncertainty","E: Uncertainty",NA,NA,NA,NA,NA,NA,NA,NA,NA
"2023-10-01 01:00:00","PM2.5",NA,0,0,166.5035,10.6878,24.6171,6.6906,0,NA,0,0,7.2381,NA,0,NA,2.0716,0,0,0,0,1.4778,NA,0,0,0,NA,NA,0,0,0,NA,NA,0,0,0,NA,0.0064,0,NA,0,"E: Uncertainty",NA,NA,NA,NA,NA,NA,NA,"E: Uncertainty",NA,NA,NA,"E: Uncertainty",NA,"E: Uncertainty",NA,NA,NA,NA,NA,NA,"E: Uncertainty",NA,NA,NA,"E: Uncertainty","E: Uncertainty",NA,NA,NA,"E: Uncertainty","E: Uncertainty",NA,NA,NA,"E: Uncertainty",NA,NA,"E: Uncertainty",NA
"2023-10-01 02:00:00","PM10",NA,0,0.4351,140.3868,73.1729,24.8838,13.3381,0,NA,0,0,12.3832,0,NA,NA,2.9603,0,0,NA,NA,1.1418,NA,0,0,0,22.7194,NA,0,0,NA,NA,NA,NA,0,0,0,0,0,0,0,"E: Uncertainty",NA,NA,NA,NA,NA,NA,NA,"E: Uncertainty",NA,NA,NA,NA,"E: Uncertainty","E: Uncertainty",NA,NA,NA,"E: Uncertainty","E: Uncertainty",NA,"E: Uncertainty",NA,NA,NA,NA,"E: Uncertainty",NA,NA,"E: Uncertainty","E: Uncertainty","E: Uncertainty","E: Uncertainty",NA,NA,NA,NA,NA,NA,NA
"2023-10-01 03:00:00","PM2.5",NA,0,0,104.5391,0,8.4991,4.2347,0,0,0,0,4.2186,0,NA,NA,3.6019,0,0,0,NA,NA,NA,0,0,0,9.7806,NA,0,0,NA,0,0,0,NA,0,0,0,0,NA,0,"E: Uncertainty",NA,NA,NA,NA,NA,NA,NA,NA,NA,NA,NA,NA,"E: Uncertainty","E: Uncertainty",NA,NA,NA,NA,"E: Uncertainty","E: Uncertainty","E: Uncertainty",NA,NA,NA,NA,"E: Uncertainty",NA,NA,"E: Uncertainty",NA,NA,NA,"E: Uncertainty",NA,NA,NA,NA,"E: Uncertainty",NA
"2023-10-01 04:00:00","PM10",0,0,0,112.4051,33.2711,11.1939,18.9805,NA,NA,0,0,9.2015,0,NA,0.4699,6.0816,0,0,0,0,0.6003,0,0,0,0,12.3853,NA,NA,0,NA,NA,0,0,0,0,0,0,0,NA,0,NA,NA,NA,NA,NA,NA,NA,"E: Uncertainty","E: Uncertainty",NA,NA,NA,NA,"E: Uncertainty",NA,NA,NA,NA,NA,NA,NA,NA,NA,NA,NA,NA,"E: Uncertainty","E: Uncertainty",NA,"E: Uncertainty","E: Uncertainty",NA,NA,NA,NA,NA,NA,NA,"E: Uncertainty",NA
"2023-10-01 05:00:00","PM2.5",NA,0,0,109.4081,0,9.4071,3.6633,0,NA,0,0,4.7071,0,0,NA,2.1482,0,0,NA,NA,0.7297,NA,0,0,0,15.6132,0,NA,0,NA,0,NA,NA,0,0,0,0,0,0,0,"E: Uncertainty",NA,NA,NA,NA,NA,NA,NA,"E: Uncertainty",NA,NA,NA,NA,NA,"E: Uncertainty",NA,NA,NA,"E: Uncertainty","E: Uncertainty",NA,"E: Uncertainty",NA,NA,NA,NA,NA,"E: Uncertainty",NA,"E: Uncertainty",NA,"E: Uncertainty","E: Uncertainty",NA,NA,NA,NA,NA,NA,NA
"2023-10-01 06:00:00","PM10",NA,0,0.4328,116.757,29.9504,18.8065,10.6785,NA,0,0,0,19.367,0,NA,0.6513,1.2195,0,0,NA,0,0.6169,NA,0,0,0,NA,NA,NA,0,0,0,0,NA,0,0,0,0,0,0,0,"E: Uncertainty",NA,NA,NA,NA,NA,NA,"E: Uncertainty",NA,NA,NA,NA,NA,"E: Uncertainty",NA,NA,NA,NA,"E: Uncertainty",NA,NA,"E: Uncertainty",NA,NA,NA,"E: Uncertainty","E: Uncertainty","E: Uncertainty",NA,NA,NA,NA,"E: Uncertainty",NA,NA,NA,NA,NA,NA,NA
"2023-10-01 07:00:00","PM2.5",NA,0,0,71.551,NA,9.4733,4.5638,0,0,0,0,11.8728,0,NA,0.7599,1.6625,0,0,0,0,NA,NA,0,0,0,19.1486,NA,NA,0,NA,NA,NA,NA,0,0,0,NA,0,0,0,"E: Uncertainty",NA,NA,NA,"E: Uncertainty",NA,NA,NA,NA,NA,NA,NA,NA,"E: Uncertainty",NA,NA,NA,NA,NA,NA,"E: Uncertainty","E: Uncertainty",NA,NA,NA,NA,"E: Uncertainty","E: Uncertainty",NA,"E: Uncertainty","E: Uncertainty","E: Uncertainty","E: Uncertainty",NA,NA,NA,"E: Uncertainty",NA,NA,NA
"2023-10-01 08:00:00","PM10",NA,0,NA,93.8307,9.6651,18.9809,9.9206,NA,NA,0,0,32.3259,0,NA,0.8463,2.7368,0,0,0,0,0.6107,NA,0,0,0,12.4725,NA,NA,0,NA,NA,NA,0,0,0,0,0,0,NA,0,"E: Uncertainty",NA,"E: Uncertainty",NA,NA,NA,NA,"E: Uncertainty","E: Uncertainty",NA,NA,NA,NA,"E: Uncertainty",NA,NA,NA,NA,NA,NA,NA,"E: Uncertainty",NA,NA,NA,NA,"E: Uncertainty","E: Uncertainty",NA,"E: Uncertainty","E: Uncertainty","E: Uncertainty",NA,NA,NA,NA,NA,NA,"E: Uncertainty",NA
"2023-10-01 09:00:00","PM2.5",NA,0,NA,103.5112,0,12.0852,3.33,NA,NA,0,0,23.7062,0,NA,0.8935,1.9591,0,0,0,0,0.5806,NA,0,0,0,NA,NA,NA,0,0,0,NA,0,0,0,0,0,0,NA,0,"E: Uncertainty",NA,"E: Uncertainty",NA,NA,NA,NA,"E: Uncertainty","E: Uncertainty",NA,NA,NA,NA,"E: Uncertainty",NA,NA,NA,NA,NA,NA,NA,"E: Uncertainty",NA,NA,NA,"E: Uncertainty","E: Uncertainty","E: Uncertainty",NA,NA,NA,"E: Uncertainty",NA,NA,NA,NA,NA,NA,"E: Uncertainty",NA
"2023-10-01 10:00:00","PM10",NA,0,0,154.7908,27.3908,19.9629,24.1885,NA,NA,1.4442,NA,49.2805,0,NA,1.7598,5.4094,0,0,NA,0,1.1272,NA,0,0,0,NA,NA,0,0,NA,NA,NA,NA,0,0,0,0,0,0,0,"E: Uncertainty",NA,NA,NA,NA,NA,NA,"E: Uncertainty","E: Uncertainty",NA,"E: Uncertainty",NA,NA,"E: Uncertainty",NA,NA,NA,NA,"E: Uncertainty",NA,NA,"E: Uncertainty",NA,NA,NA,"E: Uncertainty","E: Uncertainty",NA,NA,"E: Uncertainty","E: Uncertainty","E: Uncertainty","E: Uncertainty",NA,NA,NA,NA,NA,NA,NA
"2023-10-01 11:00:00","PM2.5",674.559,0,0,162.3085,0,13.2157,5.6699,NA,NA,0,0,28.8578,0,NA,1.6857,5.2309,0,0,0,NA,NA,NA,0,0,NA,NA,NA,NA,0,NA,NA,NA,0,0,0,0,0,0,0.8367,0,NA,NA,NA,NA,NA,NA,NA,"E: Uncertainty","E: Uncertainty",NA,NA,NA,NA,"E: Uncertainty",NA,NA,NA,NA,NA,"E: Uncertainty","E: Uncertainty","E: Uncertainty",NA,NA,"E: Uncertainty","E: Uncertainty","E: Uncertainty","E: Uncertainty",NA,"E: Uncertainty","E: Uncertainty","E: Uncertainty",NA,NA,NA,NA,NA,NA,NA,NA
"2023-10-01 12:00:00","PM10",NA,0,0,156.8419,12.0774,25.4107,28.4783,1.7286,NA,NA,NA,76.3445,0,NA,2.7118,6.6625,0,0,0,0,1.3531,NA,0,0,0,13.7468,NA,0,0,NA,NA,NA,0,0,0,0,0,0,0.9439,0,"E: Uncertainty",NA,NA,NA,NA,NA,NA,NA,"E: Uncertainty","E: Uncertainty","E: Uncertainty",NA,NA,"E: Uncertainty",NA,NA,NA,NA,NA,NA,NA,"E: Uncertainty",NA,NA,NA,NA,"E: Uncertainty",NA,NA,"E: Uncertainty","E: Uncertainty","E: Uncertainty",NA,NA,NA,NA,NA,NA,NA,NA
"2023-10-01 13:00:00","PM2.5",0,0,0,104.3716,0,15.9307,5.2963,NA,0,NA,0,26.1589,0,0.0107,1.0943,4.4932,0,0,0,NA,0.9736,NA,0,0,0,NA,0,0,0,NA,NA,NA,NA,0,0,0,0,0,NA,0,NA,NA,NA,NA,NA,NA,NA,"E: Uncertainty",NA,"E: Uncertainty",NA,NA,NA,NA,NA,NA,NA,NA,NA,"E: Uncertainty",NA,"E: Uncertainty",NA,NA,NA,"E: Uncertainty",NA,NA,NA,"E: Uncertainty","E: Uncertainty","E: Uncertainty","E: Uncertainty",NA,NA,NA,NA,NA,"E: Uncertainty",NA
"2023-10-01 14:00:00","PM10",0,1.7716,0,129.9337,NA,31.97,29.5232,NA,0,0,0,95.7235,0,NA,2.773,6.6199,0,0,0,0,1.8678,NA,0,0,0,17.1175,NA,NA,0,NA,NA,NA,NA,0,0,0,0,0,1.7171,0,NA,NA,NA,NA,"E: Uncertainty",NA,NA,"E: Uncertainty",NA,NA,NA,NA,NA,"E: Uncertainty",NA,NA,NA,NA,NA,NA,NA,"E: Uncertainty",NA,NA,NA,NA,"E: Uncertainty","E: Uncertainty",NA,"E: Uncertainty","E: Uncertainty","E: Uncertainty","E: Uncertainty",NA,NA,NA,NA,NA,NA,NA
"2023-10-01 15:00:00","PM2.5",NA,0,0,98.5591,0,23.7347,5.7761,0,0,NA,0,43.711,0,NA,1.919,3.3369,0,0,NA,0,1.3433,NA,0,0,0,NA,NA,0,0,NA,NA,NA,NA,NA,0,0,0,0,0,0,"E: Uncertainty",NA,NA,NA,NA,NA,NA,NA,NA,"E: Uncertainty",NA,NA,NA,"E: Uncertainty",NA,NA,NA,NA,"E: Uncertainty",NA,NA,"E: Uncertainty",NA,NA,NA,"E: Uncertainty","E: Uncertainty",NA,NA,"E: Uncertainty","E: Uncertainty","E: Uncertainty","E: Uncertainty","E: Uncertainty",NA,NA,NA,NA,NA,NA
"2023-10-01 16:00:00","PM10",NA,0,NA,118.1573,0,31.3552,26.2421,NA,NA,0,NA,96.3232,NA,NA,3.4394,7.238,0,0,0.4993,0,1.4008,NA,0,0,0,NA,NA,NA,0,NA,NA,NA,NA,0,0,0,0,0,0,0,"E: Uncertainty",NA,"E: Uncertainty",NA,NA,NA,NA,"E: Uncertainty","E: Uncertainty",NA,"E: Uncertainty",NA,"E: Uncertainty","E: Uncertainty",NA,NA,NA,NA,NA,NA,NA,"E: Uncertainty",NA,NA,NA,"E: Uncertainty","E: Uncertainty","E: Uncertainty",NA,"E: Uncertainty","E: Uncertainty","E: Uncertainty","E: Uncertainty",NA,NA,NA,NA,NA,NA,NA
"2023-10-01 17:00:00","PM2.5",NA,0,0,96.7604,0,25.5139,8.3713,NA,NA,0,0,46.5047,NA,NA,1.8569,5.6672,0,0,0,0,1.4779,NA,0,0,0,17.6511,0,NA,0,0,NA,NA,NA,0,0,0,NA,0,1.269,0,"E: Uncertainty",NA,NA,NA,NA,NA,NA,"E: Uncertainty","E: Uncertainty",NA,NA,NA,"E: Uncertainty","E: Uncertainty",NA,NA,NA,NA,NA,NA,NA,"E: Uncertainty",NA,NA,NA,NA,NA,"E: Uncertainty",NA,NA,"E: Uncertainty","E: Uncertainty","E: Uncertainty",NA,NA,NA,"E: Uncertainty",NA,NA,NA
"2023-10-01 18:00:00","PM10",NA,0,NA,124.6153,0,31.0082,27.8838,NA,NA,NA,0,123.7093,NA,0,4.7037,5.9424,0,0,0,0,0.8101,NA,0,0,0,NA,NA,NA,0,0,NA,NA,NA,0,0,0,0,0,1.7255,0,"E: Uncertainty",NA,"E: Uncertainty",NA,NA,NA,NA,"E: Uncertainty","E: Uncertainty","E: Uncertainty",NA,NA,"E: Uncertainty",NA,NA,NA,NA,NA,NA,NA,NA,"E: Uncertainty",NA,NA,NA,"E: Uncertainty","E: Uncertainty","E: Uncertainty",NA,NA,"E: Uncertainty","E: Uncertainty","E: Uncertainty",NA,NA,NA,NA,NA,NA,NA
"2023-10-01 19:00:00","PM2.5",NA,0,0,58.64,0,30.2575,7.0672,NA,0,0,0,73.045,0,0.0091,3.1808,3.0429,0,0,0,0,NA,0,0,0,0,10.4209,NA,NA,0,NA,NA,NA,NA,0,0,0,0,0,1.37,0,"E: Uncertainty",NA,NA,NA,NA,NA,NA,"E: Uncertainty",NA,NA,NA,NA,NA,NA,NA,NA,NA,NA,NA,NA,"E: Uncertainty",NA,NA,NA,NA,NA,"E: Uncertainty","E: Uncertainty",NA,"E: Uncertainty","E: Uncertainty","E: Uncertainty","E: Uncertainty",NA,NA,NA,NA,NA,NA,NA
"2023-10-01 20:00:00","PM10",NA,0,0,69.3891,NA,38.77,10.1965,2.9663,NA,NA,NA,104.8826,0,NA,4.0465,4.4696,0,0,NA,0,0.697,NA,0,0,0,NA,NA,NA,0,0,NA,NA,NA,0,NA,0,0,0,NA,0,"E: Uncertainty",NA,NA,NA,"E: Uncertainty",NA,NA,NA,"E: Uncertainty","E: Uncertainty","E: Uncertainty",NA,NA,"E: Uncertainty",NA,NA,NA,NA,"E: Uncertainty",NA,NA,"E: Uncertainty",NA,NA,NA,"E: Uncertainty","E: Uncertainty","E: Uncertainty",NA,NA,"E: Uncertainty","E: Uncertainty","E: Uncertainty",NA,"E: Uncertainty",NA,NA,NA,"E: Uncertainty",NA
"2023-10-01 21:00:00","PM2.5",NA,0,0,53.021,0,18.4878,2.9697,NA,NA,0,0,40.0641,NA,0,1.8834,3.2885,0,0,NA,NA,NA,NA,0,0,0,NA,0.0359,NA,0,NA,0,0,NA,0,0,0,0,0,0.8504,0,"E: Uncertainty",NA,NA,NA,NA,NA,NA,"E: Uncertainty","E: Uncertainty",NA,NA,NA,"E: Uncertainty",NA,NA,NA,NA,NA,"E: Uncertainty","E: Uncertainty","E: Uncertainty","E: Uncertainty",NA,NA,NA,"E: Uncertainty",NA,"E: Uncertainty",NA,"E: Uncertainty",NA,NA,"E: Uncertainty",NA,NA,NA,NA,NA,NA,NA
"2023-10-01 22:00:00","PM10",NA,0,0,46.2386,NA,22.2147,6.716,1.4898,0,0,0,74.01,NA,0,2.7524,3.2275,0,0,0,0,1.0447,NA,0,0,0,NA,NA,NA,0,NA,NA,0,0,0,0,0,NA,0,1.1755,0,"E: Uncertainty",NA,NA,NA,"E: Uncertainty",NA,NA,NA,NA,NA,NA,NA,"E: Uncertainty",NA,NA,NA,NA,NA,NA,NA,NA,"E: Uncertainty",NA,NA,NA,"E: Uncertainty","E: Uncertainty","E: Uncertainty",NA,"E: Uncertainty","E: Uncertainty",NA,NA,NA,NA,NA,"E: Uncertainty",NA,NA,NA
"2023-10-01 23:00:00","PM2.5",NA,0,0,33.3859,0,13.7787,NA,0,0,0,0,25.3659,NA,0,0.7853,1.2243,0,0,0,0,NA,0,0,0,0,NA,NA,0,0,NA,0,NA,0,NA,NA,0,0,0,NA,0,"E: Uncertainty",NA,NA,NA,NA,NA,"E: Uncertainty",NA,NA,NA,NA,NA,"E: Uncertainty",NA,NA,NA,NA,NA,NA,NA,"E: Uncertainty",NA,NA,NA,NA,"E: Uncertainty","E: Uncertainty",NA,NA,"E: Uncertainty",NA,"E: Uncertainty",NA,"E: Uncertainty","E: Uncertainty",NA,NA,NA,"E: Uncertainty",NA
"2023-10-02 00:30:00","PM10",0,0,0,78.2276,NA,32.5256,7.1439,0,0,0,0,59.2066,0,0,1.4326,4.4879,0,0,0,NA,NA,NA,0,0,0,21.7579,NA,NA,0,0,0,NA,0,0,0,0,NA,0,0,0,NA,NA,NA,NA,"E: Uncertainty",NA,NA,NA,NA,NA,NA,NA,NA,NA,NA,NA,NA,NA,NA,"E: Uncertainty","E: Uncertainty","E: Uncertainty",NA,NA,NA,NA,"E: Uncertainty","E: Uncertainty",NA,NA,NA,"E: Uncertainty",NA,NA,NA,NA,"E: Uncertainty",NA,NA,NA
"2023-10-02 01:00:00","PM2.5",NA,0,0,110.0575,0,16.8405,3.628,NA,0,0,0,10.6092,0,NA,0.4933,1.7331,NA,0,NA,NA,0.6108,NA,0,0,0,NA,NA,NA,0,NA,NA,NA,NA,0,0,0,0,0,NA,0,"E: Uncertainty",NA,NA,NA,NA,NA,NA,"E: Uncertainty",NA,NA,NA,NA,NA,"E: Uncertainty",NA,NA,"E: Uncertainty",NA,"E: Uncertainty","E: Uncertainty",NA,"E: Uncertainty",NA,NA,NA,"E: Uncertainty","E: Uncertainty","E: Uncertainty",NA,"E: Uncertainty","E: Uncertainty","E: Uncertainty","E: Uncertainty",NA,NA,NA,NA,NA,"E: Uncertainty",NA
"2023-10-02 02:00:00","PM10",NA,0,NA,172.5655,49.1276,47.1019,9.5604,0,0,NA,0,21.1242,0,NA,NA,2.4028,0,0,0.4136,NA,1.5371,NA,0,0,NA,11.9242,NA,NA,0,NA,NA,NA,NA,0,0,0,0,0,0,0,"E: Uncertainty",NA,"E: Uncertainty",NA,NA,NA,NA,NA,NA,"E: Uncertainty",NA,NA,NA,"E: Uncertainty","E: Uncertainty",NA,NA,NA,NA,"E: Uncertainty",NA,"E: Uncertainty",NA,NA,"E: Uncertainty",NA,"E: Uncertainty","E: Uncertainty",NA,"E: Uncertainty","E: Uncertainty","E: Uncertainty","E: Uncertainty",NA,NA,NA,NA,NA,NA,NA
"2023-10-02 03:00:00","PM2.5",0,0,0,221.4512,0,32.7197,2.2624,NA,0,0,0,11.4043,0,NA,0.7023,2.6492,0,0,NA,0,2.1118,NA,0,0,0,10.9116,NA,NA,0,0,NA,NA,0,NA,0,0,0,0,NA,0,NA,NA,NA,NA,NA,NA,NA,"E: Uncertainty",NA,NA,NA,NA,NA,"E: Uncertainty",NA,NA,NA,NA,"E: Uncertainty",NA,NA,"E: Uncertainty",NA,NA,NA,NA,"E: Uncertainty","E: Uncertainty",NA,NA,"E: Uncertainty","E: Uncertainty",NA,"E: Uncertainty",NA,NA,NA,NA,"E: Uncertainty",NA
"2023-10-02 04:00:00","PM10",NA,0,0,263.4174,265.1987,70.7709,21.1173,0,NA,0,0,47.6024,0,0,1.2097,3.1121,0,0,NA,0,3.3726,NA,0,0,0,18.6713,NA,NA,0,NA,0,0,NA,0,0,0,0,0,NA,0,"E: Uncertainty",NA,NA,NA,NA,NA,NA,NA,"E: Uncertainty",NA,NA,NA,NA,NA,NA,NA,NA,NA,"E: Uncertainty",NA,NA,"E: Uncertainty",NA,NA,NA,NA,"E: Uncertainty","E: Uncertainty",NA,"E: Uncertainty",NA,NA,"E: Uncertainty",NA,NA,NA,NA,NA,"E: Uncertainty",NA
"2023-10-02 05:00:00","PM2.5",0,0,0,241.4241,91.8499,40.9631,14.6864,NA,0,0,0,63.935,NA,0,4.8422,3.7437,0,0,0,NA,3.45,NA,0,0,0,15.6421,NA,0,0,0,NA,NA,NA,0,0,0,0,0,0,0,NA,NA,NA,NA,NA,NA,NA,"E: Uncertainty",NA,NA,NA,NA,"E: Uncertainty",NA,NA,NA,NA,NA,NA,"E: Uncertainty",NA,"E: Uncertainty",NA,NA,NA,NA,"E: Uncertainty",NA,NA,NA,"E: Uncertainty","E: Uncertainty","E: Uncertainty",NA,NA,NA,NA,NA,NA,NA
"2023-10-02 06:00:00","PM10",NA,0,0,316.0921,366.3246,62.3774,42.1194,2.6446,0,0.6684,1.6529,339.8707,0.0046,NA,9.5492,5.5849,0,0,NA,NA,3.6608,NA,0,NA,0,NA,NA,NA,0,0,0,NA,3.265,0,0,0,0,0,0,0,"E: Uncertainty",NA,NA,NA,NA,NA,NA,NA,NA,NA,NA,NA,NA,"E: Uncertainty",NA,NA,NA,NA,"E: Uncertainty","E: Uncertainty",NA,"E: Uncertainty",NA,"E: Uncertainty",NA,"E: Uncertainty","E: Uncertainty","E: Uncertainty",NA,NA,NA,"E: Uncertainty",NA,NA,NA,NA,NA,NA,NA,NA
"2023-10-02 07:00:00","PM2.5",NA,0,0,304.345,163.5327,41.969,23.6084,1.5903,NA,NA,NA,269.9234,0,NA,8.5738,5.245,0,0,1.2139,0,3.7556,NA,0,0,NA,9.1628,NA,0,0,NA,NA,NA,3.6927,0,0,0,0,0,NA,0,"E: Uncertainty",NA,NA,NA,NA,NA,NA,NA,"E: Uncertainty","E: Uncertainty","E: Uncertainty",NA,NA,"E: Uncertainty",NA,NA,NA,NA,NA,NA,NA,"E: Uncertainty",NA,NA,"E: Uncertainty",NA,"E: Uncertainty",NA,NA,"E: Uncertainty","E: Uncertainty","E: Uncertainty",NA,NA,NA,NA,NA,NA,"E: Uncertainty",NA
"2023-10-02 08:00:00","PM10",NA,2.292,0,359.3518,763.8084,77.2143,152.9127,6.0677,NA,1.5447,2.6975,491.5532,0,NA,12.2603,9.9604,0,0,2.04,NA,4.7937,1.5142,0,NA,4.2326,25.0569,NA,NA,0,NA,NA,NA,9.1385,0,0,0,0,0,1.3538,0,"E: Uncertainty",NA,NA,NA,NA,NA,NA,NA,"E: Uncertainty",NA,NA,NA,NA,"E: Uncertainty",NA,NA,NA,NA,NA,"E: Uncertainty",NA,NA,NA,"E: Uncertainty",NA,NA,"E: Uncertainty","E: Uncertainty",NA,"E: Uncertainty","E: Uncertainty","E: Uncertainty",NA,NA,NA,NA,NA,NA,NA,NA
"2023-10-02 09:00:00","PM2.5",NA,0,0,303.0495,529.6694,78.3326,57.8163,1.3456,0,NA,0.8973,137.522,0,NA,4.2245,9.5449,0,0,0.4667,0,4.1865,NA,0,NA,0,15.7493,NA,0,0,0,NA,0,NA,0,0,0,0,0,NA,0,"E: Uncertainty",NA,NA,NA,NA,NA,NA,NA,NA,"E: Uncertainty",NA,NA,NA,"E: Uncertainty",NA,NA,NA,NA,NA,NA,NA,"E: Uncertainty",NA,"E: Uncertainty",NA,NA,"E: Uncertainty",NA,NA,NA,"E: Uncertainty",NA,"E: Uncertainty",NA,NA,NA,NA,NA,"E: Uncertainty",NA
"2023-10-02 10:00:00","PM10",NA,NA,0,300.4606,1129.9922,79.1605,154.3358,3.4121,0,0.7466,2.2922,207.9076,NA,NA,5.9211,12.5817,0,0,0.4797,NA,3.5452,NA,0,NA,0,22.6276,0,NA,0,0,NA,NA,NA,0,0,0,0,0,3.0087,0,"E: Uncertainty","E: Uncertainty",NA,NA,NA,NA,NA,NA,NA,NA,NA,NA,"E: Uncertainty","E: Uncertainty",NA,NA,NA,NA,NA,"E: Uncertainty",NA,"E: Uncertainty",NA,"E: Uncertainty",NA,NA,NA,"E: Uncertainty",NA,NA,"E: Uncertainty","E: Uncertainty","E: Uncertainty",NA,NA,NA,NA,NA,NA,NA
"2023-10-02 11:00:00","PM2.5",NA,0,0,230.7392,395.7479,50.7854,61.0041,1.7439,0,NA,NA,109.6404,0,0,2.9702,7.7698,0,0,0.7007,0,2.9024,NA,0,0,0,19.0377,NA,NA,NA,0,0,NA,NA,0,0,0,0,0,1.8686,0,"E: Uncertainty",NA,NA,NA,NA,NA,NA,NA,NA,"E: Uncertainty","E: Uncertainty",NA,NA,NA,NA,NA,NA,NA,NA,NA,NA,"E: Uncertainty",NA,NA,NA,NA,"E: Uncertainty","E: Uncertainty","E: Uncertainty",NA,NA,"E: Uncertainty","E: Uncertainty",NA,NA,NA,NA,NA,NA,NA
"2023-10-02 12:00:00","PM10",NA,0,0,280.3509,717.3696,76.8283,190.4238,5.1087,NA,NA,0.8936,231.2095,NA,NA,7.5526,7.3352,0,0,3.3558,NA,5.4691,1.9111,0,0,0,NA,0,0,0,0,0,NA,4.55,0,0,0,0,0,24.4038,0,"E: Uncertainty",NA,NA,NA,NA,NA,NA,NA,"E: Uncertainty","E: Uncertainty",NA,NA,"E: Uncertainty","E: Uncertainty",NA,NA,NA,NA,NA,"E: Uncertainty",NA,NA,NA,NA,NA,"E: Uncertainty",NA,NA,NA,NA,NA,"E: Uncertainty",NA,NA,NA,NA,NA,NA,NA,NA
"2023-10-02 13:00:00","PM2.5",NA,0,0,290.7847,183.9439,59.7463,56.8155,1.4142,0,NA,NA,112.1022,0,NA,2.9383,6.7678,0,0,3.8528,0,3.515,NA,0,0,0,11.0868,NA,NA,0,NA,0,NA,NA,0,0,0,0,0,51.6139,0,"E: Uncertainty",NA,NA,NA,NA,NA,NA,NA,NA,"E: Uncertainty","E: Uncertainty",NA,NA,"E: Uncertainty",NA,NA,NA,NA,NA,NA,NA,"E: Uncertainty",NA,NA,NA,NA,"E: Uncertainty","E: Uncertainty",NA,"E: Uncertainty",NA,"E: Uncertainty","E: Uncertainty",NA,NA,NA,NA,NA,NA,NA
"2023-10-02 14:00:00","PM10",NA,1.1987,0,263.504,555.8437,90.4589,215.0614,9.1443,0,0.671,1.0745,263.0588,0,0,9.8786,10.5828,0,0,1.3794,NA,4.1811,NA,0,0,0,20.2694,0,0,0,0,NA,NA,3.67,0,0,0,0,0,0.907,0,"E: Uncertainty",NA,NA,NA,NA,NA,NA,NA,NA,NA,NA,NA,NA,NA,NA,NA,NA,NA,NA,"E: Uncertainty",NA,"E: Uncertainty",NA,NA,NA,NA,NA,NA,NA,NA,"E: Uncertainty","E: Uncertainty",NA,NA,NA,NA,NA,NA,NA,NA
"2023-10-02 15:00:00","PM2.5",NA,0,0,235.4932,274.5984,65.1239,72.5053,4.6765,NA,0.6273,3.0307,205.2706,0,0,6.7397,21.8362,0,0,1.7541,0,2.8201,NA,0,0,0,14.1598,0,0,0,NA,NA,NA,3.0366,0,0,0,0,0,11.9737,0,"E: Uncertainty",NA,NA,NA,NA,NA,NA,NA,"E: Uncertainty",NA,NA,NA,NA,NA,NA,NA,NA,NA,NA,NA,NA,"E: Uncertainty",NA,NA,NA,NA,NA,NA,NA,"E: Uncertainty","E: Uncertainty","E: Uncertainty",NA,NA,NA,NA,NA,NA,NA,NA
"2023-10-02 16:00:00","PM10",NA,0.6481,0,280.1478,948.9478,103.7968,203.1874,5.6787,0,0.6176,2.4053,307.7928,0,0.0092,7.2917,20.7408,0,0,1.1793,NA,3.209,2.2572,0,0,0,12.2592,NA,0,0,0,NA,NA,6.7412,0,0,0,0,0,6.4806,0,"E: Uncertainty",NA,NA,NA,NA,NA,NA,NA,NA,NA,NA,NA,NA,NA,NA,NA,NA,NA,NA,"E: Uncertainty",NA,NA,NA,NA,NA,NA,"E: Uncertainty",NA,NA,NA,"E: Uncertainty","E: Uncertainty",NA,NA,NA,NA,NA,NA,NA,NA
"2023-10-02 17:00:00","PM2.5",NA,0,0,171.4261,311.8935,51.681,38.3619,1.1918,0,NA,NA,118.5895,0,NA,3.6157,16.22,0,0,1.3161,NA,2.3557,NA,0,0,0,11.7801,0,NA,0,0,0,NA,NA,0,0,0,0,0,4.7386,0,"E: Uncertainty",NA,NA,NA,NA,NA,NA,NA,NA,"E: Uncertainty","E: Uncertainty",NA,NA,"E: Uncertainty",NA,NA,NA,NA,NA,"E: Uncertainty",NA,"E: Uncertainty",NA,NA,NA,NA,NA,"E: Uncertainty",NA,NA,NA,"E: Uncertainty","E: Uncertainty",NA,NA,NA,NA,NA,NA,NA
"2023-10-02 18:00:00","PM10",727.4816,NA,0,207.7277,752.3261,84.6494,97.1815,5.5117,0,0.6357,3.5152,456.4188,0,0,13.1451,14.2532,0,0,0.8992,NA,3.3464,NA,0,NA,0,NA,NA,NA,0,NA,NA,NA,8.5088,0,0,0,0,0,3.8504,0,NA,"E: Uncertainty",NA,NA,NA,NA,NA,NA,NA,NA,NA,NA,NA,NA,NA,NA,NA,NA,NA,"E: Uncertainty",NA,"E: Uncertainty",NA,"E: Uncertainty",NA,"E: Uncertainty","E: Uncertainty","E: Uncertainty",NA,"E: Uncertainty","E: Uncertainty","E: Uncertainty",NA,NA,NA,NA,NA,NA,NA,NA
"2023-10-02 19:00:00","PM2.5",NA,0,0,142.956,117.4957,52.4185,22.5246,2.0909,0,NA,NA,100.1626,0,NA,4.0909,18.9251,0,0,0,0,4.2991,NA,0,0,0,9.0585,NA,NA,0,NA,NA,NA,NA,0,0,0,0,0,4.8349,0,"E: Uncertainty",NA,NA,NA,NA,NA,NA,NA,NA,"E: Uncertainty","E: Uncertainty",NA,NA,"E: Uncertainty",NA,NA,NA,NA,NA,NA,NA,"E: Uncertainty",NA,NA,NA,NA,"E: Uncertainty","E: Uncertainty",NA,"E: Uncertainty","E: Uncertainty","E: Uncertainty","E: Uncertainty",NA,NA,NA,NA,NA,NA,NA
"2023-10-02 20:00:00","PM10",0,0,0,147.3635,143.3583,53.6656,50.838,NA,0,NA,1.0136,72.901,NA,NA,3.1303,9.4691,0,0,0.4952,NA,2.093,NA,0,0,NA,16.2168,NA,0,0,0,NA,0,NA,0,0,0,0.008,0,2.4031,0,NA,NA,NA,NA,NA,NA,NA,"E: Uncertainty",NA,"E: Uncertainty",NA,NA,"E: Uncertainty","E: Uncertainty",NA,NA,NA,NA,NA,"E: Uncertainty",NA,"E: Uncertainty",NA,NA,"E: Uncertainty",NA,"E: Uncertainty",NA,NA,NA,"E: Uncertainty",NA,"E: Uncertainty",NA,NA,NA,NA,NA,NA,NA
"2023-10-02 21:00:00","PM2.5",NA,0,0,81.2093,NA,16.8713,15.2163,NA,0,0,NA,27.9548,0,0,1.4885,3.7451,0,0,0.4844,0,NA,NA,0,0,0,15.3701,0,NA,0,NA,NA,0,NA,0,0,0,0,0,NA,0,"E: Uncertainty",NA,NA,NA,"E: Uncertainty",NA,NA,"E: Uncertainty",NA,NA,"E: Uncertainty",NA,NA,NA,NA,NA,NA,NA,NA,NA,"E: Uncertainty","E: Uncertainty",NA,NA,NA,NA,NA,"E: Uncertainty",NA,"E: Uncertainty","E: Uncertainty",NA,"E: Uncertainty",NA,NA,NA,NA,NA,"E: Uncertainty",NA
"2023-10-02 22:00:00","PM10",598.4675,0,0,88.9333,27.7774,33.819,27.9241,NA,NA,NA,0,52.3576,0,0,2.5197,9.7422,0,0,0.5849,NA,0.7624,NA,0,0,0,NA,NA,0,0,0,NA,NA,0,0,0,0,0,0,0,0,NA,NA,NA,NA,NA,NA,NA,"E: Uncertainty","E: Uncertainty","E: Uncertainty",NA,NA,NA,NA,NA,NA,NA,NA,NA,"E: Uncertainty",NA,"E: Uncertainty",NA,NA,NA,"E: Uncertainty","E: Uncertainty",NA,NA,NA,"E: Uncertainty","E: Uncertainty",NA,NA,NA,NA,NA,NA,NA,NA
"2023-10-02 23:00:00","PM2.5",0,0,0,61.8452,NA,19.1984,7.8646,0,0,NA,0,33.0247,NA,0,0.8117,18.85,0,0,0,0,1.2572,NA,0,0,0,0,NA,NA,0,0,NA,NA,NA,0,NA,0,0,0,1.4,0,NA,NA,NA,NA,"E: Uncertainty",NA,NA,NA,NA,"E: Uncertainty",NA,NA,"E: Uncertainty",NA,NA,NA,NA,NA,NA,NA,NA,"E: Uncertainty",NA,NA,NA,NA,"E: Uncertainty","E: Uncertainty",NA,NA,"E: Uncertainty","E: Uncertainty","E: Uncertainty",NA,"E: Uncertainty",NA,NA,NA,NA,NA
"2023-10-03 00:30:00","PM10",NA,0,0,226.0512,0,46.9097,14.0679,0,0.0079,NA,0,28.3101,0,0,7.1858,10.2514,0,0,1.5786,NA,1.9786,NA,0,0,0,37.5223,0,NA,0,NA,NA,NA,NA,0,0,0,0,0,2.096,0,"E: Uncertainty",NA,NA,NA,NA,NA,NA,NA,NA,"E: Uncertainty",NA,NA,NA,NA,NA,NA,NA,NA,NA,"E: Uncertainty",NA,"E: Uncertainty",NA,NA,NA,NA,NA,"E: Uncertainty",NA,"E: Uncertainty","E: Uncertainty","E: Uncertainty","E: Uncertainty",NA,NA,NA,NA,NA,NA,NA
"2023-10-03 01:00:00","PM2.5",NA,0,0,181.0586,0,20.032,6.0418,NA,0,0,0,11.5521,0,0,0.6103,3.8077,0,0,0,0.9617,0.6715,NA,0,0,0,14.0044,NA,0,0,0,0.1376,0,NA,0,0,0,0,0,1.7049,0,"E: Uncertainty",NA,NA,NA,NA,NA,NA,"E: Uncertainty",NA,NA,NA,NA,NA,NA,NA,NA,NA,NA,NA,NA,NA,"E: Uncertainty",NA,NA,NA,NA,"E: Uncertainty",NA,NA,NA,NA,NA,"E: Uncertainty",NA,NA,NA,NA,NA,NA,NA
"2023-10-03 02:00:00","PM10",NA,0,0,248.385,0,44.1507,10.6061,0,0,0,0,18.6402,0,0,0.4731,3.5801,0,0,0.3755,4.0889,1.0096,NA,0,0,0,20.6856,0,NA,0,NA,NA,0,0,0,0,0,0,0,2.9586,0,"E: Uncertainty",NA,NA,NA,NA,NA,NA,NA,NA,NA,NA,NA,NA,NA,NA,NA,NA,NA,NA,NA,NA,"E: Uncertainty",NA,NA,NA,NA,NA,"E: Uncertainty",NA,"E: Uncertainty","E: Uncertainty",NA,NA,NA,NA,NA,NA,NA,NA,NA
"2023-10-03 03:00:00","PM2.5",0,0,0,143.7033,102.9542,32.0581,2.9465,0,0.005,NA,0.0012,8.2596,0,NA,1.6226,6.8563,0,0,1.2804,NA,3.4915,0,0,0,0,20.6204,0,0,0,NA,0,NA,NA,0,0,0,0,0,6.0066,0,NA,NA,NA,NA,NA,NA,NA,NA,NA,"E: Uncertainty",NA,NA,NA,"E: Uncertainty",NA,NA,NA,NA,NA,"E: Uncertainty",NA,NA,NA,NA,NA,NA,NA,NA,NA,"E: Uncertainty",NA,"E: Uncertainty","E: Uncertainty",NA,NA,NA,NA,NA,NA,NA
"2023-10-03 04:00:00","PM10",NA,0,0.1649,97.1747,74.3146,44.7586,9.7231,NA,1.1718,0,0,19.0237,0,0,1.3545,3.2051,0,0,1.2123,0,1.8853,0,0,0,0,NA,NA,NA,0,NA,NA,NA,NA,0,0,0,0,0,2.1114,0,"E: Uncertainty",NA,NA,NA,NA,NA,NA,"E: Uncertainty",NA,NA,NA,NA,NA,NA,NA,NA,NA,NA,NA,NA,NA,NA,NA,NA,NA,"E: Uncertainty","E: Uncertainty","E: Uncertainty",NA,"E: Uncertainty","E: Uncertainty","E: Uncertainty","E: Uncertainty",NA,NA,NA,NA,NA,NA,NA
"2023-10-03 05:00:00","PM2.5",NA,0,NA,94.5801,31.4082,21.9364,3.1879,0,0,0,0,36.964,0,0,1.4629,1.9234,0,0,NA,0,1.3315,NA,0,0,0,17.6323,0,0,0,NA,0,NA,NA,0,NA,0,0,0,NA,0,"E: Uncertainty",NA,"E: Uncertainty",NA,NA,NA,NA,NA,NA,NA,NA,NA,NA,NA,NA,NA,NA,NA,"E: Uncertainty",NA,NA,"E: Uncertainty",NA,NA,NA,NA,NA,NA,NA,"E: Uncertainty",NA,"E: Uncertainty","E: Uncertainty",NA,"E: Uncertainty",NA,NA,NA,"E: Uncertainty",NA
"2023-10-03 06:00:00","PM10",NA,0,NA,108.4651,200.7906,53.5477,53.708,0,0,NA,NA,219.0662,NA,NA,5.7384,3.7303,0,0,0.7407,NA,1.5676,NA,0,0,0,11.355,0,NA,0,0,NA,NA,4.7079,0,0,0,0,0,0,0,"E: Uncertainty",NA,"E: Uncertainty",NA,NA,NA,NA,NA,NA,"E: Uncertainty","E: Uncertainty",NA,"E: Uncertainty","E: Uncertainty",NA,NA,NA,NA,NA,"E: Uncertainty",NA,"E: Uncertainty",NA,NA,NA,NA,NA,"E: Uncertainty",NA,NA,"E: Uncertainty","E: Uncertainty",NA,NA,NA,NA,NA,NA,NA,NA
"2023-10-03 07:00:00","PM2.5",NA,0,0,133.8774,92.0283,27.7947,11.8483,NA,0,NA,0,80.1176,NA,0,3.1319,3.4198,0,0,NA,NA,1.2712,0,0,0,0,NA,0.0214,NA,0,0,0,NA,NA,0,0,0,0,0,0,0,"E: Uncertainty",NA,NA,NA,NA,NA,NA,"E: Uncertainty",NA,"E: Uncertainty",NA,NA,"E: Uncertainty",NA,NA,NA,NA,NA,"E: Uncertainty","E: Uncertainty",NA,NA,NA,NA,NA,"E: Uncertainty",NA,"E: Uncertainty",NA,NA,NA,"E: Uncertainty","E: Uncertainty",NA,NA,NA,NA,NA,NA,NA
"2023-10-03 08:00:00","PM10",NA,0,0,194.7725,810.9087,55.5906,54.8739,1.161,NA,NA,NA,168.6586,0.0121,0,8.519,7.606,0,0,NA,0,2.0501,NA,0,0,0,12.4681,NA,NA,0,0,NA,NA,NA,0,NA,0,0,0,0,0,"E: Uncertainty",NA,NA,NA,NA,NA,NA,NA,"E: Uncertainty","E: Uncertainty","E: Uncertainty",NA,NA,NA,NA,NA,NA,NA,"E: Uncertainty",NA,NA,"E: Uncertainty",NA,NA,NA,NA,"E: Uncertainty","E: Uncertainty",NA,NA,"E: Uncertainty","E: Uncertainty","E: Uncertainty",NA,"E: Uncertainty",NA,NA,NA,NA,NA
"2023-10-03 10:00:00","PM10",NA,0,0,109.4104,1127.9128,41.914,83.3437,NA,0,0,NA,65.2502,0,0,4.6381,6.25,0,0,NA,0,2.0668,NA,0,0,NA,31.354,0,0,0,NA,NA,NA,NA,0,0,0,NA,0,0,0,"E: Uncertainty",NA,NA,NA,NA,NA,NA,"E: Uncertainty",NA,NA,"E: Uncertainty",NA,NA,NA,NA,NA,NA,NA,"E: Uncertainty",NA,NA,"E: Uncertainty",NA,NA,"E: Uncertainty",NA,NA,NA,NA,"E: Uncertainty","E: Uncertainty","E: Uncertainty","E: Uncertainty",NA,NA,NA,"E: Uncertainty",NA,NA,NA
"2023-10-03 11:00:00","PM2.5",NA,0,NA,82.4623,727.8529,86.4949,55.1007,NA,0,NA,0,37.38,0,0,3.1516,3.2146,0,0,0,0,1.2241,NA,0,0,0,14.16,NA,NA,0,NA,NA,NA,0,0,0,0,0,0,0,0,"E: Uncertainty",NA,"E: Uncertainty",NA,NA,NA,NA,"E: Uncertainty",NA,"E: Uncertainty",NA,NA,NA,NA,NA,NA,NA,NA,NA,NA,NA,"E: Uncertainty",NA,NA,NA,NA,"E: Uncertainty","E: Uncertainty",NA,"E: Uncertainty","E: Uncertainty","E: Uncertainty",NA,NA,NA,NA,NA,NA,NA,NA
"2023-10-03 12:00:00","PM10",0,NA,0,132.2724,1683.0527,78.6425,261.1038,3.968,0,0,NA,112.672,0,NA,4.7845,3.1602,0,0,0,0,3.8225,NA,0,0,0,10.5745,0,0,0,NA,NA,0,NA,0,0,0,0,0,0,0,NA,"E: Uncertainty",NA,NA,NA,NA,NA,NA,NA,NA,"E: Uncertainty",NA,NA,"E: Uncertainty",NA,NA,NA,NA,NA,NA,NA,"E: Uncertainty",NA,NA,NA,NA,NA,NA,NA,"E: Uncertainty","E: Uncertainty",NA,"E: Uncertainty",NA,NA,NA,NA,NA,NA,NA
"2023-10-03 13:00:00","PM2.5",NA,0,0,94.7049,785.9763,27.9241,91.8922,NA,NA,NA,0,38.8483,0,0,1.6043,1.0481,0,0,0,NA,1.1349,NA,0,0,0,0,NA,0,0,0,0,NA,0,0,0,0,0,0,NA,0,"E: Uncertainty",NA,NA,NA,NA,NA,NA,"E: Uncertainty","E: Uncertainty","E: Uncertainty",NA,NA,NA,NA,NA,NA,NA,NA,NA,"E: Uncertainty",NA,"E: Uncertainty",NA,NA,NA,NA,"E: Uncertainty",NA,NA,NA,NA,"E: Uncertainty",NA,NA,NA,NA,NA,NA,"E: Uncertainty",NA
"2023-10-03 14:00:00","PM10",NA,231.2476,0,179.5086,1504.6068,97.9135,412.4802,20.9665,0,0.7548,NA,159.4276,0,0.5702,5.0296,22.3539,0,0,0,NA,3.6318,NA,0,NA,0,14.9303,NA,0,0,NA,0,NA,NA,0,0,0,0,0,NA,0,"E: Uncertainty",NA,NA,NA,NA,NA,NA,NA,NA,NA,"E: Uncertainty",NA,NA,NA,NA,NA,NA,NA,NA,"E: Uncertainty",NA,"E: Uncertainty",NA,"E: Uncertainty",NA,NA,"E: Uncertainty",NA,NA,"E: Uncertainty",NA,"E: Uncertainty","E: Uncertainty",NA,NA,NA,NA,NA,"E: Uncertainty",NA
"2023-10-03 15:00:00","PM2.5",0,0,0,77.4829,650.6365,24.3744,36.939,NA,0,0,0,41.0646,NA,0,1.6851,1.6711,0,0,0,NA,1.3262,NA,0,0,0,10.4417,NA,0,0,0,NA,0,NA,0,0,0,0,0,0,0,NA,NA,NA,NA,NA,NA,NA,"E: Uncertainty",NA,NA,NA,NA,"E: Uncertainty",NA,NA,NA,NA,NA,NA,"E: Uncertainty",NA,"E: Uncertainty",NA,NA,NA,NA,"E: Uncertainty",NA,NA,NA,"E: Uncertainty",NA,"E: Uncertainty",NA,NA,NA,NA,NA,NA,NA
"2023-10-03 16:00:00","PM10",NA,0,0,134.6448,1241.5168,46.4676,66.1705,NA,0,0,NA,100.523,NA,0,7.1945,2.4707,0,0,0,0,3.5053,NA,0,NA,0,13.9354,NA,0,NA,0,NA,NA,3.1244,0,0,0,NA,0,NA,0,"E: Uncertainty",NA,NA,NA,NA,NA,NA,"E: Uncertainty",NA,NA,"E: Uncertainty",NA,"E: Uncertainty",NA,NA,NA,NA,NA,NA,NA,NA,"E: Uncertainty",NA,"E: Uncertainty",NA,NA,"E: Uncertainty",NA,"E: Uncertainty",NA,"E: Uncertainty","E: Uncertainty",NA,NA,NA,NA,"E: Uncertainty",NA,"E: Uncertainty",NA
"2023-10-03 17:00:00","PM2.5",NA,0,0,97.8659,678.7641,31.4325,24.975,0,0,NA,NA,79.284,0,0,5.6555,1.9921,0,0,0,0,1.7823,NA,0,0,0,19.0351,0,0,0,0,NA,NA,NA,0,0,0,0,0,NA,0,"E: Uncertainty",NA,NA,NA,NA,NA,NA,NA,NA,"E: Uncertainty","E: Uncertainty",NA,NA,NA,NA,NA,NA,NA,NA,NA,NA,"E: Uncertainty",NA,NA,NA,NA,NA,NA,NA,NA,"E: Uncertainty","E: Uncertainty","E: Uncertainty",NA,NA,NA,NA,NA,"E: Uncertainty",NA
"2023-10-03 18:00:00","PM10",NA,0,0,146.9645,1350.3983,51.3034,61.2723,1.5645,NA,0,NA,171.678,0,0,9.336,3.7966,0,0,0,0,2.9691,NA,0,0,0,NA,NA,NA,0,0,NA,0,NA,0,0,0,NA,0,NA,0,"E: Uncertainty",NA,NA,NA,NA,NA,NA,NA,"E: Uncertainty",NA,"E: Uncertainty",NA,NA,NA,NA,NA,NA,NA,NA,NA,NA,"E: Uncertainty",NA,NA,NA,"E: Uncertainty","E: Uncertainty","E: Uncertainty",NA,NA,"E: Uncertainty",NA,"E: Uncertainty",NA,NA,NA,"E: Uncertainty",NA,"E: Uncertainty",NA
"2023-10-03 19:00:00","PM2.5",NA,0,0,86.2783,580.3487,33.8378,24.8646,0,0,0,0,96.1736,0,0,5.5129,2.4028,0,0,0,NA,1.8293,NA,0,0,0,10.0154,NA,NA,0,0,0,0,NA,0,0,0,0,0,NA,0,"E: Uncertainty",NA,NA,NA,NA,NA,NA,NA,NA,NA,NA,NA,NA,NA,NA,NA,NA,NA,NA,"E: Uncertainty",NA,"E: Uncertainty",NA,NA,NA,NA,"E: Uncertainty","E: Uncertainty",NA,NA,NA,NA,"E: Uncertainty",NA,NA,NA,NA,NA,"E: Uncertainty",NA
"2023-10-03 20:00:00","PM10",NA,0,0,137.2724,1170.0686,52.9903,52.5071,NA,0,NA,NA,140.3757,NA,0,6.1008,2.9792,0,0,0,0,2.33,NA,0,0,0,13.8497,0,NA,0,NA,NA,NA,NA,0,0,0,0,0,0.9343,0,"E: Uncertainty",NA,NA,NA,NA,NA,NA,"E: Uncertainty",NA,"E: Uncertainty","E: Uncertainty",NA,"E: Uncertainty",NA,NA,NA,NA,NA,NA,NA,NA,"E: Uncertainty",NA,NA,NA,NA,NA,"E: Uncertainty",NA,"E: Uncertainty","E: Uncertainty","E: Uncertainty","E: Uncertainty",NA,NA,NA,NA,NA,NA,NA
"2023-10-03 21:00:00","PM2.5",628.503,0,0,102.0528,610.1285,31.2179,22.0048,0,0,0,0,69.4007,0,0,5.0509,2.7747,0,0,1.4965,0,1.2195,NA,0,0,0,15.4101,0,NA,0,0,NA,NA,NA,0,0,0,0,0,NA,0,NA,NA,NA,NA,NA,NA,NA,NA,NA,NA,NA,NA,NA,NA,NA,NA,NA,NA,NA,NA,NA,"E: Uncertainty",NA,NA,NA,NA,NA,"E: Uncertainty",NA,NA,"E: Uncertainty","E: Uncertainty","E: Uncertainty",NA,NA,NA,NA,NA,"E: Uncertainty",NA
"2023-10-03 22:00:00","PM10",NA,0,0,164.2725,1910.55,66.2444,70.0404,2.1086,0,0,NA,96.9971,0.0094,0,5.6966,1.99,0,0,0,0,3.9699,NA,0,NA,0,24.3974,NA,0,NA,NA,NA,NA,NA,0,0,0,0,0,NA,0,"E: Uncertainty",NA,NA,NA,NA,NA,NA,NA,NA,NA,"E: Uncertainty",NA,NA,NA,NA,NA,NA,NA,NA,NA,NA,"E: Uncertainty",NA,"E: Uncertainty",NA,NA,"E: Uncertainty",NA,"E: Uncertainty","E: Uncertainty","E: Uncertainty","E: Uncertainty","E: Uncertainty",NA,NA,NA,NA,NA,"E: Uncertainty",NA
"2023-10-03 23:00:00","PM2.5",NA,0,NA,128.6137,791.3545,37.3279,26.9814,0,NA,0,0,22.8034,0,0,NA,1.4369,0,0,0,0,2.6508,NA,0,0,0,22.7498,0,NA,NA,0,NA,NA,0,0,NA,NA,0,0,0,0,"E: Uncertainty",NA,"E: Uncertainty",NA,NA,NA,NA,NA,"E: Uncertainty",NA,NA,NA,NA,NA,"E: Uncertainty",NA,NA,NA,NA,NA,NA,"E: Uncertainty",NA,NA,NA,NA,NA,"E: Uncertainty","E: Uncertainty",NA,"E: Uncertainty","E: Uncertainty",NA,NA,"E: Uncertainty","E: Uncertainty",NA,NA,NA,NA
"2023-10-04 00:30:00","PM10",0,0,0,161.5643,1940.063,60.7081,67.6788,0,NA,0,0,14.3706,0,0,1.5044,3.2985,0,0,3.47,NA,3.7276,0,0,0,0,29.1037,NA,NA,0,0,NA,NA,0,NA,0,0,0,0,NA,0,NA,NA,NA,NA,NA,NA,NA,NA,"E: Uncertainty",NA,NA,NA,NA,NA,NA,NA,NA,NA,NA,"E: Uncertainty",NA,NA,NA,NA,NA,NA,"E: Uncertainty","E: Uncertainty",NA,NA,"E: Uncertainty","E: Uncertainty",NA,"E: Uncertainty",NA,NA,NA,NA,"E: Uncertainty",NA
"2023-10-04 01:00:00","PM2.5",NA,0,0,135.96,747.4494,39.3395,24.3958,NA,0,0,0,8.1091,0,NA,0.4632,2.1581,0,0,0,NA,2.5531,NA,0,0,0,13.2683,NA,NA,0,0,0,NA,0,0.0016,NA,0,0,0,2.2376,0,"E: Uncertainty",NA,NA,NA,NA,NA,NA,"E: Uncertainty",NA,NA,NA,NA,NA,"E: Uncertainty",NA,NA,NA,NA,NA,"E: Uncertainty",NA,"E: Uncertainty",NA,NA,NA,NA,"E: Uncertainty","E: Uncertainty",NA,NA,NA,"E: Uncertainty",NA,NA,"E: Uncertainty",NA,NA,NA,NA,NA
"2023-10-04 02:00:00","PM10",0,0,0,186.5905,1829.0902,80.094,58.7235,NA,NA,0.004,0,16.7968,NA,0,0.5411,3.5785,0,0,0.5644,0,4.3809,0,0,0,0,NA,NA,NA,0,NA,NA,NA,0,0,0,0,0,0,1.8331,0,NA,NA,NA,NA,NA,NA,NA,"E: Uncertainty","E: Uncertainty",NA,NA,NA,"E: Uncertainty",NA,NA,NA,NA,NA,NA,NA,NA,NA,NA,NA,NA,"E: Uncertainty","E: Uncertainty","E: Uncertainty",NA,"E: Uncertainty","E: Uncertainty","E: Uncertainty",NA,NA,NA,NA,NA,NA,NA,NA
"2023-10-04 03:00:00","PM2.5",NA,0,0,164.012,594.1167,40.0287,18.9147,0,0,0,0,8.8939,0,NA,0.6143,2.7197,0,0,0.4989,NA,1.5602,NA,0,0,0,10.6587,0,0,0,0,NA,0,0,0,0,0,0,0,1.7618,0,"E: Uncertainty",NA,NA,NA,NA,NA,NA,NA,NA,NA,NA,NA,NA,"E: Uncertainty",NA,NA,NA,NA,NA,"E: Uncertainty",NA,"E: Uncertainty",NA,NA,NA,NA,NA,NA,NA,NA,"E: Uncertainty",NA,NA,NA,NA,NA,NA,NA,NA,NA
"2023-10-04 04:00:00","PM10",NA,0,0,200.2133,1560.9495,70.918,56.7395,NA,0,0.0053,0,33.1322,0,NA,1.3071,3.7889,0,0,0,NA,3.2439,NA,0,0,0,NA,NA,0,0,NA,NA,0,0,0,0,0,0,0,1.9514,0,"E: Uncertainty",NA,NA,NA,NA,NA,NA,"E: Uncertainty",NA,NA,NA,NA,NA,"E: Uncertainty",NA,NA,NA,NA,NA,"E: Uncertainty",NA,"E: Uncertainty",NA,NA,NA,"E: Uncertainty","E: Uncertainty",NA,NA,"E: Uncertainty","E: Uncertainty",NA,NA,NA,NA,NA,NA,NA,NA,NA
"2023-10-04 05:00:00","PM2.5",745.4007,0,0,111.2716,610.3517,37.8824,22.2704,0,0,0,0,23.7684,0,0,0.9157,2.2525,0,0,NA,0,1.1916,0,0,0,0,25.2207,NA,NA,0,0,0,NA,0,0,NA,0,0,0,NA,0,NA,NA,NA,NA,NA,NA,NA,NA,NA,NA,NA,NA,NA,NA,NA,NA,NA,NA,"E: Uncertainty",NA,NA,NA,NA,NA,NA,NA,"E: Uncertainty","E: Uncertainty",NA,NA,NA,"E: Uncertainty",NA,NA,"E: Uncertainty",NA,NA,NA,"E: Uncertainty",NA
"2023-10-04 06:00:00","PM10",615.277,0,0,148.9707,1452.3435,55.5755,60.574,NA,NA,NA,0,101.9506,0.004,NA,2.7184,3.1727,0,0,0,NA,2.3403,NA,0,0,0,20.609,NA,0,0,NA,NA,NA,NA,0,0,0,0,0,1.796,0,NA,NA,NA,NA,NA,NA,NA,"E: Uncertainty","E: Uncertainty","E: Uncertainty",NA,NA,NA,"E: Uncertainty",NA,NA,NA,NA,NA,"E: Uncertainty",NA,"E: Uncertainty",NA,NA,NA,NA,"E: Uncertainty",NA,NA,"E: Uncertainty","E: Uncertainty","E: Uncertainty","E: Uncertainty",NA,NA,NA,NA,NA,NA,NA
"2023-10-04 07:00:00","PM2.5",634.7789,0,0,125.191,736.9058,29.2018,34.8299,NA,0,NA,NA,65.5509,0,NA,1.2916,2.3979,0,0,0,0,1.4141,NA,0,0,0,NA,NA,0,0,0,NA,NA,NA,0,0,0,0,0,1.5942,0,NA,NA,NA,NA,NA,NA,NA,"E: Uncertainty",NA,"E: Uncertainty","E: Uncertainty",NA,NA,"E: Uncertainty",NA,NA,NA,NA,NA,NA,NA,"E: Uncertainty",NA,NA,NA,"E: Uncertainty","E: Uncertainty",NA,NA,NA,"E: Uncertainty","E: Uncertainty","E: Uncertainty",NA,NA,NA,NA,NA,NA,NA
"2023-10-04 08:00:00","PM10",804.4685,0,0,173.0804,1694.6917,66.2229,132.2601,4.4609,NA,1.1202,1.1446,160.5396,0,NA,3.8932,4.4724,0,0,0.4227,NA,2.8733,2.0977,0,0,0,0,0,NA,0,NA,NA,NA,NA,0,0,0,0,0,2.3484,0,NA,NA,NA,NA,NA,NA,NA,NA,"E: Uncertainty",NA,NA,NA,NA,"E: Uncertainty",NA,NA,NA,NA,NA,"E: Uncertainty",NA,NA,NA,NA,NA,NA,NA,"E: Uncertainty",NA,"E: Uncertainty","E: Uncertainty","E: Uncertainty","E: Uncertainty",NA,NA,NA,NA,NA,NA,NA
"2023-10-04 09:00:00","PM2.5",0,0,0,157.3674,774.8908,35.896,44.7003,NA,0,NA,NA,56.8903,NA,0,1.591,2.2699,0,0,0,NA,1.5586,NA,0,0,0,NA,NA,NA,0,0,0,0,NA,0,0,0,0,0,1.5685,0,NA,NA,NA,NA,NA,NA,NA,"E: Uncertainty",NA,"E: Uncertainty","E: Uncertainty",NA,"E: Uncertainty",NA,NA,NA,NA,NA,NA,"E: Uncertainty",NA,"E: Uncertainty",NA,NA,NA,"E: Uncertainty","E: Uncertainty","E: Uncertainty",NA,NA,NA,NA,"E: Uncertainty",NA,NA,NA,NA,NA,NA,NA
"2023-10-04 10:00:00","PM10",NA,0,0,223.0939,1872.288,68.8605,166.5565,3.3733,NA,NA,NA,86.3697,0,NA,1.9457,2.9792,0,0,0.4529,NA,3.8514,NA,0,0,0,15.2902,NA,0,0,NA,0,NA,NA,0,0,0,0,0,NA,0,"E: Uncertainty",NA,NA,NA,NA,NA,NA,NA,"E: Uncertainty","E: Uncertainty","E: Uncertainty",NA,NA,"E: Uncertainty",NA,NA,NA,NA,NA,"E: Uncertainty",NA,"E: Uncertainty",NA,NA,NA,NA,"E: Uncertainty",NA,NA,"E: Uncertainty",NA,"E: Uncertainty","E: Uncertainty",NA,NA,NA,NA,NA,"E: Uncertainty",NA
"2023-10-04 11:00:00","PM2.5",666.689,0,0,148.9273,705.115,37.3678,40.5904,NA,NA,NA,0,29.5348,NA,0,1.2379,2.7314,0,0,NA,NA,1.7594,NA,0,0,0,NA,NA,0,0,0,NA,NA,NA,0,0,0,0,0,0,0,NA,NA,NA,NA,NA,NA,NA,"E: Uncertainty","E: Uncertainty","E: Uncertainty",NA,NA,"E: Uncertainty",NA,NA,NA,NA,NA,"E: Uncertainty","E: Uncertainty",NA,"E: Uncertainty",NA,NA,NA,"E: Uncertainty","E: Uncertainty",NA,NA,NA,"E: Uncertainty","E: Uncertainty","E: Uncertainty",NA,NA,NA,NA,NA,NA,NA
"2023-10-04 12:00:00","PM10",NA,NA,0,192.058,1565.629,74.7363,163.8162,2.7262,0,0,NA,56.6231,0,NA,1.2854,3.3377,0,0,0,0,3.7894,NA,0,NA,0,NA,NA,0,0,NA,NA,NA,0,0,NA,0,0,0,NA,0,"E: Uncertainty","E: Uncertainty",NA,NA,NA,NA,NA,NA,NA,NA,"E: Uncertainty",NA,NA,"E: Uncertainty",NA,NA,NA,NA,NA,NA,NA,"E: Uncertainty",NA,"E: Uncertainty",NA,"E: Uncertainty","E: Uncertainty",NA,NA,"E: Uncertainty","E: Uncertainty","E: Uncertainty",NA,NA,"E: Uncertainty",NA,NA,NA,"E: Uncertainty",NA
"2023-10-04 13:00:00","PM2.5",656.4,0,0,102.0815,437.1193,21.8814,72.7481,NA,0,0,0,30.9197,0,0,0.668,2.0981,0,0,0,0,1.1327,NA,0,NA,0,NA,NA,0,0,0,NA,NA,0,0,0,0,0,0,NA,0,NA,NA,NA,NA,NA,NA,NA,"E: Uncertainty",NA,NA,NA,NA,NA,NA,NA,NA,NA,NA,NA,NA,NA,"E: Uncertainty",NA,"E: Uncertainty",NA,"E: Uncertainty","E: Uncertainty",NA,NA,NA,"E: Uncertainty","E: Uncertainty",NA,NA,NA,NA,NA,NA,"E: Uncertainty",NA
"2023-10-04 14:00:00","PM10",0,0,0,128.7051,1070.8146,40.5253,102.7065,1.6962,NA,0,0,61.3233,0,0,1.587,1.7089,0,0,0,0,2.0545,0.0037,0,0,0,9.2183,0,NA,0,NA,NA,0,0,0,0,0,0,0,NA,0,NA,NA,NA,NA,NA,NA,NA,NA,"E: Uncertainty",NA,NA,NA,NA,NA,NA,NA,NA,NA,NA,NA,NA,NA,NA,NA,NA,NA,NA,"E: Uncertainty",NA,"E: Uncertainty","E: Uncertainty",NA,NA,NA,NA,NA,NA,NA,"E: Uncertainty",NA
"2023-10-04 15:00:00","PM2.5",NA,1.8665,0,149.0763,606.614,21.4744,31.9387,0,0,0.0039,0,34.9056,0,NA,0.8639,1.9695,0,0,0,NA,1.5808,0,0,0,NA,NA,NA,0,0,0,NA,NA,NA,0,0,0,0,0,1.9574,0,"E: Uncertainty",NA,NA,NA,NA,NA,NA,NA,NA,NA,NA,NA,NA,"E: Uncertainty",NA,NA,NA,NA,NA,"E: Uncertainty",NA,NA,NA,NA,"E: Uncertainty","E: Uncertainty","E: Uncertainty",NA,NA,NA,"E: Uncertainty","E: Uncertainty","E: Uncertainty",NA,NA,NA,NA,NA,NA,NA
"2023-10-04 16:00:00","PM10",NA,0,0,203.1479,1695.8103,49.6899,101.1761,1.893,0,NA,NA,85.743,0,4e-04,2.4714,2.327,NA,0,0,0,3.083,NA,0,0,0,NA,0,0,0,0,0,0,NA,0,0,0,0,0,0.9908,0,"E: Uncertainty",NA,NA,NA,NA,NA,NA,NA,NA,"E: Uncertainty","E: Uncertainty",NA,NA,NA,NA,NA,"E: Uncertainty",NA,NA,NA,NA,"E: Uncertainty",NA,NA,NA,"E: Uncertainty",NA,NA,NA,NA,NA,NA,"E: Uncertainty",NA,NA,NA,NA,NA,NA,NA
"2023-10-04 17:00:00","PM2.5",740.9097,0,0,177.0085,811.4382,25.3899,30.2506,1.0636,0,NA,0,39.794,NA,0,0.9048,0.9676,0,0,0,NA,1.707,NA,0,0,0,NA,0,NA,0,NA,NA,NA,0,NA,0,0,0.0019,0,NA,0,NA,NA,NA,NA,NA,NA,NA,NA,NA,"E: Uncertainty",NA,NA,"E: Uncertainty",NA,NA,NA,NA,NA,NA,"E: Uncertainty",NA,"E: Uncertainty",NA,NA,NA,"E: Uncertainty",NA,"E: Uncertainty",NA,"E: Uncertainty","E: Uncertainty","E: Uncertainty",NA,"E: Uncertainty",NA,NA,NA,NA,"E: Uncertainty",NA
"2023-10-04 18:00:00","PM10",NA,0,0,252.5022,2176.3168,61.6797,77.5264,NA,0,0,0,61.1244,0,0,1.1897,2.0723,NA,0,0,NA,4.0744,1.6481,0,0,0,11.5411,NA,NA,0,0,NA,0.2291,0,0,0,0,0,0,NA,0,"E: Uncertainty",NA,NA,NA,NA,NA,NA,"E: Uncertainty",NA,NA,NA,NA,NA,NA,NA,NA,"E: Uncertainty",NA,NA,"E: Uncertainty",NA,NA,NA,NA,NA,NA,"E: Uncertainty","E: Uncertainty",NA,NA,"E: Uncertainty",NA,NA,NA,NA,NA,NA,NA,"E: Uncertainty",NA
"2023-10-04 19:00:00","PM2.5",NA,0,NA,166.9321,785.0523,27.0531,31.5152,NA,0,0,0,22.6613,NA,NA,NA,2.2832,0,0,0.5948,NA,1.8549,NA,0,0,0,NA,NA,NA,0,0,NA,NA,NA,0,NA,0,0,0,0.802,0,"E: Uncertainty",NA,"E: Uncertainty",NA,NA,NA,NA,"E: Uncertainty",NA,NA,NA,NA,"E: Uncertainty","E: Uncertainty","E: Uncertainty",NA,NA,NA,NA,"E: Uncertainty",NA,"E: Uncertainty",NA,NA,NA,"E: Uncertainty","E: Uncertainty","E: Uncertainty",NA,NA,"E: Uncertainty","E: Uncertainty","E: Uncertainty",NA,"E: Uncertainty",NA,NA,NA,NA,NA
"2023-10-04 20:00:00","PM10",NA,0,0,239.6442,1828.8557,54.6798,60.6965,NA,0,0,NA,45.5728,NA,0,0.9613,3.8558,0,0,0,0,3.0053,NA,0,0,0,15.7555,0,NA,0,0,0,NA,NA,0,0,0,0,0,1.9298,0,"E: Uncertainty",NA,NA,NA,NA,NA,NA,"E: Uncertainty",NA,NA,"E: Uncertainty",NA,"E: Uncertainty",NA,NA,NA,NA,NA,NA,NA,NA,"E: Uncertainty",NA,NA,NA,NA,NA,"E: Uncertainty",NA,NA,NA,"E: Uncertainty","E: Uncertainty",NA,NA,NA,NA,NA,NA,NA
"2023-10-04 21:00:00","PM2.5",NA,0,0,174.3558,714.4102,30.0864,22.4238,0,NA,0,0,15.4954,0,0,0.5179,1.3745,0,0,0,0,2.0331,0,0,0,0,NA,NA,NA,0,NA,NA,NA,0,0,0,0,0,0,1.3241,0,"E: Uncertainty",NA,NA,NA,NA,NA,NA,NA,"E: Uncertainty",NA,NA,NA,NA,NA,NA,NA,NA,NA,NA,NA,NA,NA,NA,NA,NA,"E: Uncertainty","E: Uncertainty","E: Uncertainty",NA,"E: Uncertainty","E: Uncertainty","E: Uncertainty",NA,NA,NA,NA,NA,NA,NA,NA
"2023-10-04 22:00:00","PM10",NA,0,0,212.9139,1683.4204,57.2795,62.8032,NA,0,0,0,35.8095,NA,0,0.777,2.1001,NA,0,0,0,3.3334,NA,0,0,0,NA,0,NA,0,0,0,0,NA,0,0,0,0,0,0.8438,0,"E: Uncertainty",NA,NA,NA,NA,NA,NA,"E: Uncertainty",NA,NA,NA,NA,"E: Uncertainty",NA,NA,NA,"E: Uncertainty",NA,NA,NA,NA,"E: Uncertainty",NA,NA,NA,"E: Uncertainty",NA,"E: Uncertainty",NA,NA,NA,NA,"E: Uncertainty",NA,NA,NA,NA,NA,NA,NA
"2023-10-04 23:00:00","PM2.5",NA,0,NA,192.2019,630.4384,34.087,21.0661,NA,0,0,0,11.5133,NA,0,0.7159,1.1031,0,0,0,NA,2.3384,NA,0,0,0,24.6308,0,NA,0,NA,NA,NA,NA,0,0,0,0,0,NA,0,"E: Uncertainty",NA,"E: Uncertainty",NA,NA,NA,NA,"E: Uncertainty",NA,NA,NA,NA,"E: Uncertainty",NA,NA,NA,NA,NA,NA,"E: Uncertainty",NA,"E: Uncertainty",NA,NA,NA,NA,NA,"E: Uncertainty",NA,"E: Uncertainty","E: Uncertainty","E: Uncertainty","E: Uncertainty",NA,NA,NA,NA,NA,"E: Uncertainty",NA
"2023-10-05 00:30:00","PM10",1336.0894,0,NA,233.0415,1951.3417,52.2003,56.7319,NA,0,0,0,16.6865,0,NA,NA,NA,0,0,NA,0,2.5621,NA,0,NA,0,46.4799,NA,0,0,NA,NA,NA,0,NA,0,NA,0,0,NA,0,NA,NA,"E: Uncertainty",NA,NA,NA,NA,"E: Uncertainty",NA,NA,NA,NA,NA,"E: Uncertainty","E: Uncertainty","E: Uncertainty",NA,NA,"E: Uncertainty",NA,NA,"E: Uncertainty",NA,"E: Uncertainty",NA,NA,"E: Uncertainty",NA,NA,"E: Uncertainty","E: Uncertainty","E: Uncertainty",NA,"E: Uncertainty",NA,"E: Uncertainty",NA,NA,"E: Uncertainty",NA
"2023-10-05 01:00:00","PM2.5",NA,0,0,183.1449,580.623,31.8147,19.2312,0,0,0,0,7.7185,0,NA,NA,1.1622,0,0,0.495,0,2.2772,NA,0,0,0,NA,NA,0,0,0,0,NA,0,0,NA,0,0,0,0,0,"E: Uncertainty",NA,NA,NA,NA,NA,NA,NA,NA,NA,NA,NA,NA,"E: Uncertainty","E: Uncertainty",NA,NA,NA,NA,NA,NA,"E: Uncertainty",NA,NA,NA,"E: Uncertainty","E: Uncertainty",NA,NA,NA,NA,"E: Uncertainty",NA,NA,"E: Uncertainty",NA,NA,NA,NA,NA
"2023-10-05 02:00:00","PM10",0,0,0.3388,247.3645,1663.8319,57.584,51.7688,0,0,NA,0.0051,11.9931,0,0,0.461,1.0173,0,0,0.3903,NA,3.7743,NA,0,0,0,NA,0,0,0,0,NA,0,NA,0,0,0,0,0,NA,0,NA,NA,NA,NA,NA,NA,NA,NA,NA,"E: Uncertainty",NA,NA,NA,NA,NA,NA,NA,NA,NA,"E: Uncertainty",NA,"E: Uncertainty",NA,NA,NA,"E: Uncertainty",NA,NA,NA,NA,"E: Uncertainty",NA,"E: Uncertainty",NA,NA,NA,NA,NA,"E: Uncertainty",NA
"2023-10-05 03:00:00","PM2.5",0,0,0,243.1751,668.043,27.3777,24.0435,NA,NA,0,0,4.7039,0,0,NA,0.7519,0,0,NA,NA,2.2841,NA,0,0,0,15.1729,0,NA,0,0,0,NA,0,NA,0,0,0,0,0,0,NA,NA,NA,NA,NA,NA,NA,"E: Uncertainty","E: Uncertainty",NA,NA,NA,NA,NA,"E: Uncertainty",NA,NA,NA,"E: Uncertainty","E: Uncertainty",NA,"E: Uncertainty",NA,NA,NA,NA,NA,"E: Uncertainty",NA,NA,NA,"E: Uncertainty",NA,"E: Uncertainty",NA,NA,NA,NA,NA,NA
"2023-10-05 04:00:00","PM10",896.7128,0,0,321.848,1789.1566,60.1996,55.8432,0,0,NA,0,20.7665,0,NA,1.8641,1.3835,0,0,0.5703,NA,3.4499,NA,0,0,0,NA,NA,0,0,NA,0,0,NA,0,0,0,0,0,1.1619,0,NA,NA,NA,NA,NA,NA,NA,NA,NA,"E: Uncertainty",NA,NA,NA,"E: Uncertainty",NA,NA,NA,NA,NA,"E: Uncertainty",NA,"E: Uncertainty",NA,NA,NA,"E: Uncertainty","E: Uncertainty",NA,NA,"E: Uncertainty",NA,NA,"E: Uncertainty",NA,NA,NA,NA,NA,NA,NA
"2023-10-05 05:00:00","PM2.5",NA,0,0,241.9113,655.9261,37.6244,23.2676,NA,0,0,NA,24.7773,0,NA,1.2046,1.8095,0,0,0.559,0,2.8508,NA,0,0,0,NA,NA,0,0,NA,NA,NA,0,NA,0,0,0,0,NA,0,"E: Uncertainty",NA,NA,NA,NA,NA,NA,"E: Uncertainty",NA,NA,"E: Uncertainty",NA,NA,"E: Uncertainty",NA,NA,NA,NA,NA,NA,NA,"E: Uncertainty",NA,NA,NA,"E: Uncertainty","E: Uncertainty",NA,NA,"E: Uncertainty","E: Uncertainty","E: Uncertainty",NA,"E: Uncertainty",NA,NA,NA,NA,"E: Uncertainty",NA
"2023-10-05 06:00:00","PM10",0,0,0,308.491,1779.4832,65.9048,60.3158,NA,NA,0.007,0,130.3183,NA,NA,4.478,2.7435,0,0,0,NA,3.428,NA,0,NA,0,NA,0,0,0,0,0,NA,NA,0,NA,0,0,0,NA,0,NA,NA,NA,NA,NA,NA,NA,"E: Uncertainty","E: Uncertainty",NA,NA,NA,"E: Uncertainty","E: Uncertainty",NA,NA,NA,NA,NA,"E: Uncertainty",NA,"E: Uncertainty",NA,"E: Uncertainty",NA,"E: Uncertainty",NA,NA,NA,NA,NA,"E: Uncertainty","E: Uncertainty",NA,"E: Uncertainty",NA,NA,NA,"E: Uncertainty",NA
"2023-10-05 07:00:00","PM2.5",NA,0,0,196.0038,589.9508,33.5727,28.2819,NA,0,NA,NA,114.4143,0,0,5.8012,3.7833,0,0,0.8445,0,2.321,NA,0,0,0,9.5048,NA,0,0,NA,NA,NA,3.5088,0,0,0,0,0,NA,0,"E: Uncertainty",NA,NA,NA,NA,NA,NA,"E: Uncertainty",NA,"E: Uncertainty","E: Uncertainty",NA,NA,NA,NA,NA,NA,NA,NA,NA,NA,"E: Uncertainty",NA,NA,NA,NA,"E: Uncertainty",NA,NA,"E: Uncertainty","E: Uncertainty","E: Uncertainty",NA,NA,NA,NA,NA,NA,"E: Uncertainty",NA
"2023-10-05 08:00:00","PM10",NA,0,0,257.8598,1626.009,62.819,87.1891,2.071,0,NA,1.1594,180.3318,NA,NA,6.1386,4.1765,0,0,0,NA,4.2166,NA,0,0,0,12.8575,0,NA,0,NA,NA,0,NA,0,0,0,0,0,1.2416,0,"E: Uncertainty",NA,NA,NA,NA,NA,NA,NA,NA,"E: Uncertainty",NA,NA,"E: Uncertainty","E: Uncertainty",NA,NA,NA,NA,NA,"E: Uncertainty",NA,"E: Uncertainty",NA,NA,NA,NA,NA,"E: Uncertainty",NA,"E: Uncertainty","E: Uncertainty",NA,"E: Uncertainty",NA,NA,NA,NA,NA,NA,NA
"2023-10-05 09:00:00","PM2.5",NA,0,0,238.0358,688.0317,43.5042,34.7344,NA,0,0,NA,63.0119,0,0,2.1396,3.5382,0,0,0,NA,3.1466,NA,0,0,0,16.6934,NA,0,0,NA,NA,NA,0,0,0,0,0,0,1.46,0,"E: Uncertainty",NA,NA,NA,NA,NA,NA,"E: Uncertainty",NA,NA,"E: Uncertainty",NA,NA,NA,NA,NA,NA,NA,NA,"E: Uncertainty",NA,"E: Uncertainty",NA,NA,NA,NA,"E: Uncertainty",NA,NA,"E: Uncertainty","E: Uncertainty","E: Uncertainty",NA,NA,NA,NA,NA,NA,NA,NA
"2023-10-05 10:00:00","PM10",NA,0,0,313.9598,1097.1319,61.1144,110.6582,1.6521,0,0,1.1621,105.9355,0,NA,3.2895,4.3621,0,0,0.6401,NA,3.307,1.5799,0,0,0,10.4814,NA,0,0,0,0,NA,NA,0,NA,0,0,0,NA,0,"E: Uncertainty",NA,NA,NA,NA,NA,NA,NA,NA,NA,NA,NA,NA,"E: Uncertainty",NA,NA,NA,NA,NA,"E: Uncertainty",NA,NA,NA,NA,NA,NA,"E: Uncertainty",NA,NA,NA,NA,"E: Uncertainty","E: Uncertainty",NA,"E: Uncertainty",NA,NA,NA,"E: Uncertainty",NA
"2023-10-05 11:00:00","PM2.5",617.5764,0,0,488.6154,304.348,61.2881,32.3082,NA,NA,NA,NA,63.089,NA,NA,2.1017,4.8522,0,0,0.5792,NA,4.0606,NA,0,0,0,18.867,NA,NA,0,NA,0,NA,0,0,0,0,0,0,2.166,0,NA,NA,NA,NA,NA,NA,NA,"E: Uncertainty","E: Uncertainty","E: Uncertainty","E: Uncertainty",NA,"E: Uncertainty","E: Uncertainty",NA,NA,NA,NA,NA,"E: Uncertainty",NA,"E: Uncertainty",NA,NA,NA,NA,"E: Uncertainty","E: Uncertainty",NA,"E: Uncertainty",NA,"E: Uncertainty",NA,NA,NA,NA,NA,NA,NA,NA
"2023-10-05 12:00:00","PM10",NA,0,0,368.438,1428.0218,74.6044,110.958,1.1464,0,NA,NA,86.3278,0,0,2.9802,4.0835,0,0,0.584,NA,4.2014,NA,0,0,0,14.0786,0,0,0,0,0,NA,NA,0,0.0101,0,0,0,NA,0,"E: Uncertainty",NA,NA,NA,NA,NA,NA,NA,NA,"E: Uncertainty","E: Uncertainty",NA,NA,NA,NA,NA,NA,NA,NA,"E: Uncertainty",NA,"E: Uncertainty",NA,NA,NA,NA,NA,NA,NA,NA,NA,"E: Uncertainty","E: Uncertainty",NA,NA,NA,NA,NA,"E: Uncertainty",NA
"2023-10-05 13:00:00","PM2.5",637.3337,0,0,227.0925,392.478,38.1618,41.5895,0,NA,0,0,34.6096,0,0,1.3946,2.2547,0,0,0.4621,NA,4.0157,NA,0,0,0,NA,NA,NA,0,NA,NA,0,NA,0,0,0,0,0,0,0,NA,NA,NA,NA,NA,NA,NA,NA,"E: Uncertainty",NA,NA,NA,NA,NA,NA,NA,NA,NA,NA,"E: Uncertainty",NA,"E: Uncertainty",NA,NA,NA,"E: Uncertainty","E: Uncertainty","E: Uncertainty",NA,"E: Uncertainty","E: Uncertainty",NA,"E: Uncertainty",NA,NA,NA,NA,NA,NA,NA
"2023-10-05 14:00:00","PM10",NA,NA,0,290.1488,984.775,77.8095,144.9071,3.421,0,0,NA,116.207,0,NA,2.897,4.0904,0,0,0,NA,3.8746,NA,0,0,0,10.0533,NA,0,0,0,NA,0,NA,0,0,0,NA,0,NA,0,"E: Uncertainty","E: Uncertainty",NA,NA,NA,NA,NA,NA,NA,NA,"E: Uncertainty",NA,NA,"E: Uncertainty",NA,NA,NA,NA,NA,"E: Uncertainty",NA,"E: Uncertainty",NA,NA,NA,NA,"E: Uncertainty",NA,NA,NA,"E: Uncertainty",NA,"E: Uncertainty",NA,NA,NA,"E: Uncertainty",NA,"E: Uncertainty",NA
"2023-10-05 15:00:00","PM2.5",NA,0,0,240.415,326.9531,36.2366,41.3613,0,NA,0,0,51.3527,NA,0,1.6052,2.1318,0,0,0,0,3.3302,NA,0,0,0,21.0675,NA,0,0,NA,NA,NA,NA,0,0,0,NA,0,NA,0,"E: Uncertainty",NA,NA,NA,NA,NA,NA,NA,"E: Uncertainty",NA,NA,NA,"E: Uncertainty",NA,NA,NA,NA,NA,NA,NA,NA,"E: Uncertainty",NA,NA,NA,NA,"E: Uncertainty",NA,NA,"E: Uncertainty","E: Uncertainty","E: Uncertainty","E: Uncertainty",NA,NA,NA,"E: Uncertainty",NA,"E: Uncertainty",NA
"2023-10-05 16:00:00","PM10",NA,0.4117,0,292.0273,902.7011,66.5462,121.4104,2.933,NA,0.5991,NA,122.4124,NA,NA,2.4577,3.4521,0,0,0,NA,3.595,NA,0,0,0,9.7877,NA,NA,0,NA,NA,NA,0,0,0,0,0,0,1.804,0,"E: Uncertainty",NA,NA,NA,NA,NA,NA,NA,"E: Uncertainty",NA,"E: Uncertainty",NA,"E: Uncertainty","E: Uncertainty",NA,NA,NA,NA,NA,"E: Uncertainty",NA,"E: Uncertainty",NA,NA,NA,NA,"E: Uncertainty","E: Uncertainty",NA,"E: Uncertainty","E: Uncertainty","E: Uncertainty",NA,NA,NA,NA,NA,NA,NA,NA
"2023-10-05 17:00:00","PM2.5",NA,0,0,247.5658,236.0065,36.458,27.1751,NA,NA,NA,0,54.876,0,NA,1.8343,3.4051,0,0,0.5091,0,6.1864,NA,0,0,0,18.6728,NA,0,0,0,NA,NA,0,0,0,0,NA,0,0,0,"E: Uncertainty",NA,NA,NA,NA,NA,NA,"E: Uncertainty","E: Uncertainty","E: Uncertainty",NA,NA,NA,"E: Uncertainty",NA,NA,NA,NA,NA,NA,NA,"E: Uncertainty",NA,NA,NA,NA,"E: Uncertainty",NA,NA,NA,"E: Uncertainty","E: Uncertainty",NA,NA,NA,NA,"E: Uncertainty",NA,NA,NA
"2023-10-05 18:00:00","PM10",0,0,0,288.5725,745.7377,61.5405,81.007,1.7865,3e-04,NA,NA,110.2438,NA,0,2.2598,3.2666,0,0,0,NA,4.312,NA,0,0,0,16.7488,NA,0,0,0,0,0,NA,0,0,0,0,0,2.1641,0,NA,NA,NA,NA,NA,NA,NA,NA,NA,"E: Uncertainty","E: Uncertainty",NA,"E: Uncertainty",NA,NA,NA,NA,NA,NA,"E: Uncertainty",NA,"E: Uncertainty",NA,NA,NA,NA,"E: Uncertainty",NA,NA,NA,NA,NA,"E: Uncertainty",NA,NA,NA,NA,NA,NA,NA
"2023-10-05 19:00:00","PM2.5",NA,0,0,258.0268,206.0487,34.3837,26.6877,NA,NA,NA,0,38.482,NA,NA,1.6016,2.0752,NA,0,0.4091,0,3.1681,NA,0,0,0,9.576,NA,NA,0,NA,NA,NA,0,0,NA,0,0,0,NA,0,"E: Uncertainty",NA,NA,NA,NA,NA,NA,"E: Uncertainty","E: Uncertainty","E: Uncertainty",NA,NA,"E: Uncertainty","E: Uncertainty",NA,NA,"E: Uncertainty",NA,NA,NA,NA,"E: Uncertainty",NA,NA,NA,NA,"E: Uncertainty","E: Uncertainty",NA,"E: Uncertainty","E: Uncertainty","E: Uncertainty",NA,NA,"E: Uncertainty",NA,NA,NA,"E: Uncertainty",NA
"2023-10-05 20:00:00","PM10",0,0,0,302.6155,629.0519,59.7012,79.2266,1.1159,1.1185,NA,NA,73.9762,NA,NA,1.754,7.7479,0,0,0.6703,0,4.4611,NA,0,0,0,12.6489,NA,0,0,0,NA,NA,0,0,0,0,0,0,NA,0,NA,NA,NA,NA,NA,NA,NA,NA,NA,"E: Uncertainty","E: Uncertainty",NA,"E: Uncertainty","E: Uncertainty",NA,NA,NA,NA,NA,NA,NA,"E: Uncertainty",NA,NA,NA,NA,"E: Uncertainty",NA,NA,NA,"E: Uncertainty","E: Uncertainty",NA,NA,NA,NA,NA,NA,"E: Uncertainty",NA
"2023-10-05 21:00:00","PM2.5",NA,0,0,303.9853,117.0092,38.2974,27.4089,NA,1.3297,0,0,36.4344,0,NA,1.4763,7.7207,0,0,0.5115,NA,3.3242,NA,0,0,0,23.1548,0,NA,0,0,0,NA,0,0,NA,0,0,0,3.4438,0,"E: Uncertainty",NA,NA,NA,NA,NA,NA,"E: Uncertainty",NA,NA,NA,NA,NA,"E: Uncertainty",NA,NA,NA,NA,NA,"E: Uncertainty",NA,"E: Uncertainty",NA,NA,NA,NA,NA,"E: Uncertainty",NA,NA,NA,"E: Uncertainty",NA,NA,"E: Uncertainty",NA,NA,NA,NA,NA
"2023-10-05 22:00:00","PM10",NA,0,0,437.2972,575.1373,64.1947,73.5406,1.3639,1.1174,NA,NA,83.2553,NA,NA,3.4124,6.7327,0,0,0.7702,NA,3.6013,NA,0,0,0,16.7108,NA,0,0,0,NA,NA,0,0,0,0,0.0073,0,3.1726,0,"E: Uncertainty",NA,NA,NA,NA,NA,NA,NA,NA,"E: Uncertainty","E: Uncertainty",NA,"E: Uncertainty","E: Uncertainty",NA,NA,NA,NA,NA,"E: Uncertainty",NA,"E: Uncertainty",NA,NA,NA,NA,"E: Uncertainty",NA,NA,NA,"E: Uncertainty","E: Uncertainty",NA,NA,NA,NA,NA,NA,NA,NA
"2023-10-05 23:00:00","PM2.5",NA,0,0,463.6217,137.3235,46.3086,26.8106,NA,NA,0,0,34.4913,NA,NA,0.8105,5.2688,0,0,0,0,3.5339,NA,0,0,0,26.6757,NA,NA,0,0,NA,NA,0,0,0,0,NA,0,4.3132,0,"E: Uncertainty",NA,NA,NA,NA,NA,NA,"E: Uncertainty","E: Uncertainty",NA,NA,NA,"E: Uncertainty","E: Uncertainty",NA,NA,NA,NA,NA,NA,NA,"E: Uncertainty",NA,NA,NA,NA,"E: Uncertainty","E: Uncertainty",NA,NA,"E: Uncertainty","E: Uncertainty",NA,NA,NA,NA,"E: Uncertainty",NA,NA,NA
"2023-10-06 00:30:00","PM10",0,0,0,562.0329,707.7516,64.4168,62.221,NA,0,0,0,66.329,NA,NA,1.3334,4.1804,0,0,0,NA,4.0854,NA,0,0,0,31.7404,0,NA,0,NA,NA,NA,0,0,0.0156,0,0,0,5.3736,0,NA,NA,NA,NA,NA,NA,NA,"E: Uncertainty",NA,NA,NA,NA,"E: Uncertainty","E: Uncertainty",NA,NA,NA,NA,NA,"E: Uncertainty",NA,"E: Uncertainty",NA,NA,NA,NA,NA,"E: Uncertainty",NA,"E: Uncertainty","E: Uncertainty","E: Uncertainty",NA,NA,NA,NA,NA,NA,NA,NA
"2023-10-06 01:00:00","PM2.5",NA,0,0,469.532,165.7283,36.6645,18.6417,0,NA,NA,0,29.2159,NA,NA,0.6408,4.8192,0,0,0.4794,NA,4.0506,NA,0,0,0,15.403,NA,NA,0,0.1116,NA,NA,0,0,0,0,0,0,3.4159,0,"E: Uncertainty",NA,NA,NA,NA,NA,NA,NA,"E: Uncertainty","E: Uncertainty",NA,NA,"E: Uncertainty","E: Uncertainty",NA,NA,NA,NA,NA,"E: Uncertainty",NA,"E: Uncertainty",NA,NA,NA,NA,"E: Uncertainty","E: Uncertainty",NA,NA,"E: Uncertainty","E: Uncertainty",NA,NA,NA,NA,NA,NA,NA,NA
"2023-10-06 02:00:00","PM10",NA,0,0,423.7849,722.1455,58.2308,58.7381,NA,1.1976,0,0,93.6186,0,NA,0.9898,4.1207,0,0,NA,NA,3.7393,NA,0,0,0,NA,NA,NA,0,0,NA,NA,0,0,0,0,0,0,3.7471,0,"E: Uncertainty",NA,NA,NA,NA,NA,NA,"E: Uncertainty",NA,NA,NA,NA,NA,"E: Uncertainty",NA,NA,NA,NA,"E: Uncertainty","E: Uncertainty",NA,"E: Uncertainty",NA,NA,NA,"E: Uncertainty","E: Uncertainty","E: Uncertainty",NA,NA,"E: Uncertainty","E: Uncertainty",NA,NA,NA,NA,NA,NA,NA,NA
"2023-10-06 03:00:00","PM2.5",NA,0,0,442.8234,204.9742,37.1343,20.5084,0,NA,0,0,37.2117,0,NA,0.8151,3.6475,0,0,NA,NA,3.2522,1.5427,0,0,0,9.782,0.0183,NA,0,0,NA,0,0,0,0,0,0,0,3.1914,0,"E: Uncertainty",NA,NA,NA,NA,NA,NA,NA,"E: Uncertainty",NA,NA,NA,NA,"E: Uncertainty",NA,NA,NA,NA,"E: Uncertainty","E: Uncertainty",NA,NA,NA,NA,NA,NA,NA,"E: Uncertainty",NA,NA,"E: Uncertainty",NA,NA,NA,NA,NA,NA,NA,NA,NA
"2023-10-06 04:00:00","PM10",NA,0,0,558.3055,817.3036,66.5179,59.079,2.4713,1.0869,0,NA,73.6031,0,0.7091,1.1493,4.0618,0,0,0.6363,NA,4.0379,NA,0,0,0,15.3932,NA,0,0,0,0,NA,0,0,0,0,0,0,4.6805,0,"E: Uncertainty",NA,NA,NA,NA,NA,NA,NA,NA,NA,"E: Uncertainty",NA,NA,NA,NA,NA,NA,NA,NA,"E: Uncertainty",NA,"E: Uncertainty",NA,NA,NA,NA,"E: Uncertainty",NA,NA,NA,NA,"E: Uncertainty",NA,NA,NA,NA,NA,NA,NA,NA
"2023-10-06 05:00:00","PM2.5",0,0,0,531.5112,149.5527,33.226,21.8609,NA,0.7485,3e-04,0,35.8388,NA,NA,1.2812,3.2864,0,0,0.6304,NA,3.1388,NA,0,0,0,NA,NA,0,0,0,0,NA,0.0058,0,0,0,0,0,2.2783,0,NA,NA,NA,NA,NA,NA,NA,"E: Uncertainty",NA,NA,NA,NA,"E: Uncertainty","E: Uncertainty",NA,NA,NA,NA,NA,"E: Uncertainty",NA,"E: Uncertainty",NA,NA,NA,"E: Uncertainty","E: Uncertainty",NA,NA,NA,NA,"E: Uncertainty",NA,NA,NA,NA,NA,NA,NA,NA
"2023-10-06 06:00:00","PM10",714.0755,0,0,516.7439,625.0518,55.5814,61.847,3.2445,NA,0,NA,92.2307,NA,NA,2.0132,2.8378,0,0,0,NA,3.9087,NA,0,0,0,14.2465,NA,NA,0,0,NA,NA,NA,0,0,0,NA,0,2.1311,0,NA,NA,NA,NA,NA,NA,NA,NA,"E: Uncertainty",NA,"E: Uncertainty",NA,"E: Uncertainty","E: Uncertainty",NA,NA,NA,NA,NA,"E: Uncertainty",NA,"E: Uncertainty",NA,NA,NA,NA,"E: Uncertainty","E: Uncertainty",NA,NA,"E: Uncertainty","E: Uncertainty","E: Uncertainty",NA,NA,NA,"E: Uncertainty",NA,NA,NA
"2023-10-06 07:00:00","PM2.5",710.4531,0,0,540.7827,175.9689,30.6283,29.8315,1.1022,NA,NA,0,60.1373,0,NA,1.3675,3.2889,0,0,0,NA,3.1458,NA,0,0,0,12.1781,NA,NA,0,0,0,NA,0,0,NA,0,0,0,1.8383,0,NA,NA,NA,NA,NA,NA,NA,NA,"E: Uncertainty","E: Uncertainty",NA,NA,NA,"E: Uncertainty",NA,NA,NA,NA,NA,"E: Uncertainty",NA,"E: Uncertainty",NA,NA,NA,NA,"E: Uncertainty","E: Uncertainty",NA,NA,NA,"E: Uncertainty",NA,NA,"E: Uncertainty",NA,NA,NA,NA,NA
"2023-10-06 08:00:00","PM10",NA,NA,0,628.0435,717.6187,66.1459,143.9139,2.5641,NA,NA,NA,147.4134,0,0,3.339,4.5929,0,0,0,NA,3.4324,0,0,0,0,23.8767,0,NA,0,NA,0,NA,NA,0,0,0,0,0,2.3864,0,"E: Uncertainty","E: Uncertainty",NA,NA,NA,NA,NA,NA,"E: Uncertainty","E: Uncertainty","E: Uncertainty",NA,NA,NA,NA,NA,NA,NA,NA,"E: Uncertainty",NA,NA,NA,NA,NA,NA,NA,"E: Uncertainty",NA,"E: Uncertainty",NA,"E: Uncertainty","E: Uncertainty",NA,NA,NA,NA,NA,NA,NA
"2023-10-06 09:00:00","PM2.5",NA,0,0,494.8022,131.9862,32.0119,46.4996,NA,NA,0,NA,53.1195,0,NA,1.7588,3.0219,0,0,0,NA,2.4257,0,0,0,0,NA,0,NA,0,0,NA,0,0,0,0,0,0,0,2.4468,0,"E: Uncertainty",NA,NA,NA,NA,NA,NA,"E: Uncertainty","E: Uncertainty",NA,"E: Uncertainty",NA,NA,"E: Uncertainty",NA,NA,NA,NA,NA,"E: Uncertainty",NA,NA,NA,NA,NA,"E: Uncertainty",NA,"E: Uncertainty",NA,NA,"E: Uncertainty",NA,NA,NA,NA,NA,NA,NA,NA,NA
"2023-10-06 10:00:00","PM10",NA,NA,0,428.6911,318.2789,60.3428,192.6991,3.8017,NA,0,NA,138.5615,0,NA,4.1668,3.6558,0,0,0.3841,NA,1.7163,NA,0,NA,0,NA,0,0,0,NA,NA,NA,NA,0,0,0,0,0,1.3934,0,"E: Uncertainty","E: Uncertainty",NA,NA,NA,NA,NA,NA,"E: Uncertainty",NA,"E: Uncertainty",NA,NA,"E: Uncertainty",NA,NA,NA,NA,NA,"E: Uncertainty",NA,"E: Uncertainty",NA,"E: Uncertainty",NA,"E: Uncertainty",NA,NA,NA,"E: Uncertainty","E: Uncertainty","E: Uncertainty","E: Uncertainty",NA,NA,NA,NA,NA,NA,NA
"2023-10-06 11:00:00","PM2.5",NA,0,0,287.2753,21.118,23.2201,28.517,NA,NA,0.0032,0,66.0273,0,NA,1.8963,2.3739,0,0,NA,0,0.8128,NA,0,0,0,NA,0,NA,0,NA,0,0,NA,0,0,0,0,0,2.9126,0,"E: Uncertainty",NA,NA,NA,NA,NA,NA,"E: Uncertainty","E: Uncertainty",NA,NA,NA,NA,"E: Uncertainty",NA,NA,NA,NA,"E: Uncertainty",NA,NA,"E: Uncertainty",NA,NA,NA,"E: Uncertainty",NA,"E: Uncertainty",NA,"E: Uncertainty",NA,NA,"E: Uncertainty",NA,NA,NA,NA,NA,NA,NA
"2023-10-06 12:00:00","PM10",NA,NA,0,214.75,48.182,49.1846,141.8558,3.5277,0,NA,NA,126.7711,0,0,3.1073,4.6877,0,0,1.7868,NA,1.2162,NA,0,0,0,10.0025,0,0,0,NA,NA,NA,NA,0,0,0,0,0,3.2582,0,"E: Uncertainty","E: Uncertainty",NA,NA,NA,NA,NA,NA,NA,"E: Uncertainty","E: Uncertainty",NA,NA,NA,NA,NA,NA,NA,NA,"E: Uncertainty",NA,"E: Uncertainty",NA,NA,NA,NA,NA,NA,NA,"E: Uncertainty","E: Uncertainty","E: Uncertainty","E: Uncertainty",NA,NA,NA,NA,NA,NA,NA
"2023-10-06 13:00:00","PM2.5",785.073,0,0,315.3117,NA,35.8086,85.4857,1.649,0,NA,0,56.3183,NA,0,1.0699,5.704,0,0,2.2136,NA,1.5428,NA,0,0,0,15.1735,NA,NA,0,0,NA,NA,0,0,0,0,0,0,3.7762,0,NA,NA,NA,NA,"E: Uncertainty",NA,NA,NA,NA,"E: Uncertainty",NA,NA,"E: Uncertainty",NA,NA,NA,NA,NA,NA,"E: Uncertainty",NA,"E: Uncertainty",NA,NA,NA,NA,"E: Uncertainty","E: Uncertainty",NA,NA,"E: Uncertainty","E: Uncertainty",NA,NA,NA,NA,NA,NA,NA,NA
"2023-10-06 14:00:00","PM10",NA,NA,0,371.0383,135.5996,58.1545,125.9729,4.0333,NA,NA,0.7706,137.4156,0,NA,3.5381,4.9459,0,0,1.3676,0,1.6602,NA,0,0,0,19.575,NA,0,0,0,NA,NA,NA,0,0,0,0,0,3.8219,0,"E: Uncertainty","E: Uncertainty",NA,NA,NA,NA,NA,NA,"E: Uncertainty","E: Uncertainty",NA,NA,NA,"E: Uncertainty",NA,NA,NA,NA,NA,NA,NA,"E: Uncertainty",NA,NA,NA,NA,"E: Uncertainty",NA,NA,NA,"E: Uncertainty","E: Uncertainty","E: Uncertainty",NA,NA,NA,NA,NA,NA,NA
"2023-10-06 15:00:00","PM2.5",NA,0,0,127.5121,77.2274,20.1177,30.2125,NA,NA,0,0,49.2741,NA,NA,1.274,1.9576,0,0,0,NA,0.8388,NA,0,0,0,19.3711,NA,0.0604,0,NA,NA,0,NA,0,0,0,0,0,1.2607,0,"E: Uncertainty",NA,NA,NA,NA,NA,NA,"E: Uncertainty","E: Uncertainty",NA,NA,NA,"E: Uncertainty","E: Uncertainty",NA,NA,NA,NA,NA,"E: Uncertainty",NA,"E: Uncertainty",NA,NA,NA,NA,"E: Uncertainty",NA,NA,"E: Uncertainty","E: Uncertainty",NA,"E: Uncertainty",NA,NA,NA,NA,NA,NA,NA
"2023-10-06 16:00:00","PM10",NA,0.3378,0,69.0131,69.2059,25.2575,45.3478,2.5187,NA,0,0.0043,100.7113,NA,NA,3.1399,1.6263,0,0,0,0,0.8555,NA,0,NA,0,11.4429,0,0,0,NA,NA,NA,NA,0,0,0,0,0,0,0,"E: Uncertainty",NA,NA,NA,NA,NA,NA,NA,"E: Uncertainty",NA,NA,NA,"E: Uncertainty","E: Uncertainty",NA,NA,NA,NA,NA,NA,NA,"E: Uncertainty",NA,"E: Uncertainty",NA,NA,NA,NA,NA,"E: Uncertainty","E: Uncertainty","E: Uncertainty","E: Uncertainty",NA,NA,NA,NA,NA,NA,NA
"2023-10-06 17:00:00","PM2.5",657.4926,0,0,44.7289,30.3643,21.2015,14.0667,NA,NA,0,0,50.9369,NA,NA,1.6291,1.0955,0,0,NA,NA,NA,NA,0,0,0,12.9155,0,0,0,0,NA,0,NA,0,0,0,0,0,0,0,NA,NA,NA,NA,NA,NA,NA,"E: Uncertainty","E: Uncertainty",NA,NA,NA,"E: Uncertainty","E: Uncertainty",NA,NA,NA,NA,"E: Uncertainty","E: Uncertainty","E: Uncertainty","E: Uncertainty",NA,NA,NA,NA,NA,NA,NA,NA,"E: Uncertainty",NA,"E: Uncertainty",NA,NA,NA,NA,NA,NA,NA
"2023-10-06 18:00:00","PM10",0,0,0,112.9255,118.1823,62.5217,47.773,3.6969,0,0,NA,109.9669,0,NA,2.5507,3.9745,0,0,0,0,1.3459,NA,0,NA,0,NA,0,0,0,0,0,NA,NA,0,0,0,0,0,1.9953,0,NA,NA,NA,NA,NA,NA,NA,NA,NA,NA,"E: Uncertainty",NA,NA,"E: Uncertainty",NA,NA,NA,NA,NA,NA,NA,"E: Uncertainty",NA,"E: Uncertainty",NA,"E: Uncertainty",NA,NA,NA,NA,NA,"E: Uncertainty","E: Uncertainty",NA,NA,NA,NA,NA,NA,NA
"2023-10-06 19:00:00","PM2.5",NA,0,0,224.5238,38.5988,40.3092,19.0979,1.0653,0,0,0,46.1156,0,NA,1.3522,3.6666,0,0,NA,0,1.422,NA,0,0,0,18.3281,NA,NA,0,NA,NA,0,0,0,NA,0,0,0,4.69,0,"E: Uncertainty",NA,NA,NA,NA,NA,NA,NA,NA,NA,NA,NA,NA,"E: Uncertainty",NA,NA,NA,NA,"E: Uncertainty",NA,NA,"E: Uncertainty",NA,NA,NA,NA,"E: Uncertainty","E: Uncertainty",NA,"E: Uncertainty","E: Uncertainty",NA,NA,NA,"E: Uncertainty",NA,NA,NA,NA,NA
"2023-10-06 20:00:00","PM10",NA,NA,0,144.4464,243.2047,41.3162,61.6052,3.3185,NA,NA,NA,74.8249,0,NA,1.9809,2.6761,2e-04,0,0,NA,1.6776,NA,0,0,0,14.56,0,0,0,NA,NA,NA,NA,0,0,0,0,0,1.3933,0,"E: Uncertainty","E: Uncertainty",NA,NA,NA,NA,NA,NA,"E: Uncertainty","E: Uncertainty","E: Uncertainty",NA,NA,"E: Uncertainty",NA,NA,NA,NA,NA,"E: Uncertainty",NA,"E: Uncertainty",NA,NA,NA,NA,NA,NA,NA,"E: Uncertainty","E: Uncertainty","E: Uncertainty","E: Uncertainty",NA,NA,NA,NA,NA,NA,NA
"2023-10-06 21:00:00","PM2.5",NA,0,0,196.4369,64.5401,31.0455,21.494,NA,0.0113,0.0023,NA,34.8904,0,NA,0.9851,3.3945,0,0,0,0,2.2121,NA,0,0,0,15.7178,0,0,0,NA,0,NA,NA,0,0,0,0,0,1.9221,0,"E: Uncertainty",NA,NA,NA,NA,NA,NA,"E: Uncertainty",NA,NA,"E: Uncertainty",NA,NA,"E: Uncertainty",NA,NA,NA,NA,NA,NA,NA,"E: Uncertainty",NA,NA,NA,NA,NA,NA,NA,"E: Uncertainty",NA,"E: Uncertainty","E: Uncertainty",NA,NA,NA,NA,NA,NA,NA
"2023-10-06 22:00:00","PM10",NA,0,0,255.3934,240.3802,55.847,44.9682,1.3999,0,0,1.0859,65.3675,NA,0,1.9705,4.8008,0,0,0.7473,0,2.544,NA,0,0,0,11.2012,0,0,0,NA,0,NA,NA,0,0,0,0,0,1.8055,0,"E: Uncertainty",NA,NA,NA,NA,NA,NA,NA,NA,NA,NA,NA,"E: Uncertainty",NA,NA,NA,NA,NA,NA,NA,NA,"E: Uncertainty",NA,NA,NA,NA,NA,NA,NA,"E: Uncertainty",NA,"E: Uncertainty","E: Uncertainty",NA,NA,NA,NA,NA,NA,NA
"2023-10-06 23:00:00","PM2.5",NA,0,0,253.1043,134.0873,42.6321,21.3077,NA,0,0,NA,37.4632,0,NA,NA,3.0402,0,0,NA,0,2.3491,NA,0,0,0,NA,0,NA,0,NA,0,NA,0,0,NA,0,0,0,4.0248,0,"E: Uncertainty",NA,NA,NA,NA,NA,NA,"E: Uncertainty",NA,NA,"E: Uncertainty",NA,NA,"E: Uncertainty","E: Uncertainty",NA,NA,NA,"E: Uncertainty",NA,NA,"E: Uncertainty",NA,NA,NA,"E: Uncertainty",NA,"E: Uncertainty",NA,"E: Uncertainty",NA,"E: Uncertainty",NA,NA,"E: Uncertainty",NA,NA,NA,NA,NA
"2023-10-07 00:30:00","PM10",NA,0,0,303.9897,569.3688,74.4127,54.6533,0,0,NA,NA,82.0545,NA,0,1.2217,5.7861,0,0,1.7403,0,2.6587,NA,0,0,0,26.4392,NA,0,0,NA,NA,0,0,0,0,0,0,0,6.8834,0,"E: Uncertainty",NA,NA,NA,NA,NA,NA,NA,NA,"E: Uncertainty","E: Uncertainty",NA,"E: Uncertainty",NA,NA,NA,NA,NA,NA,NA,NA,"E: Uncertainty",NA,NA,NA,NA,"E: Uncertainty",NA,NA,"E: Uncertainty","E: Uncertainty",NA,NA,NA,NA,NA,NA,NA,NA,NA
"2023-10-07 01:00:00","PM2.5",NA,0,0,385.6733,171.9441,60.5288,33.5758,0,0,5e-04,NA,59.6942,0,0,0.8726,10.7812,0,0,0,NA,3.351,NA,0,0,0,NA,0,0,0,NA,NA,0,NA,0,0,0,0,0,7.6426,0,"E: Uncertainty",NA,NA,NA,NA,NA,NA,NA,NA,NA,"E: Uncertainty",NA,NA,NA,NA,NA,NA,NA,NA,"E: Uncertainty",NA,"E: Uncertainty",NA,NA,NA,"E: Uncertainty",NA,NA,NA,"E: Uncertainty","E: Uncertainty",NA,"E: Uncertainty",NA,NA,NA,NA,NA,NA,NA
"2023-10-07 02:00:00","PM10",0,0,0,368.8086,510.4274,65.5479,66.2913,NA,NA,0,0.8865,88.1369,0,0,1.3643,14.1008,0,0,0,NA,3.412,NA,0,0,0,26.3947,NA,0,0,0,0,NA,0.0118,0,0,0,0,0,4.3758,0,NA,NA,NA,NA,NA,NA,NA,"E: Uncertainty","E: Uncertainty",NA,NA,NA,NA,NA,NA,NA,NA,NA,NA,"E: Uncertainty",NA,"E: Uncertainty",NA,NA,NA,NA,"E: Uncertainty",NA,NA,NA,NA,"E: Uncertainty",NA,NA,NA,NA,NA,NA,NA,NA
"2023-10-07 03:00:00","PM2.5",NA,0,0,378.1503,108.7889,43.5786,25.5686,NA,NA,NA,0,41.202,0,NA,0.6532,6.6812,0,0,0,0,3.4822,NA,0,0,0,13.2084,NA,NA,0,0,0,NA,NA,0,0,0,0,0,2.4004,0,"E: Uncertainty",NA,NA,NA,NA,NA,NA,"E: Uncertainty","E: Uncertainty","E: Uncertainty",NA,NA,NA,"E: Uncertainty",NA,NA,NA,NA,NA,NA,NA,"E: Uncertainty",NA,NA,NA,NA,"E: Uncertainty","E: Uncertainty",NA,NA,NA,"E: Uncertainty","E: Uncertainty",NA,NA,NA,NA,NA,NA,NA
"2023-10-07 04:00:00","PM10",NA,0,0,473.118,393.6562,79.726,76.5005,2.5772,1.0311,0,NA,79.1777,NA,0,1.0543,5.9565,0,0,0.5749,NA,3.7404,NA,0,0,0,14.6427,0,NA,0,0,0,0,NA,0,0,0,0,0,1.5355,0,"E: Uncertainty",NA,NA,NA,NA,NA,NA,NA,NA,NA,"E: Uncertainty",NA,"E: Uncertainty",NA,NA,NA,NA,NA,NA,"E: Uncertainty",NA,"E: Uncertainty",NA,NA,NA,NA,NA,"E: Uncertainty",NA,NA,NA,NA,"E: Uncertainty",NA,NA,NA,NA,NA,NA,NA
"2023-10-07 05:00:00","PM2.5",NA,0,0,501.382,0,59.0188,39.2258,2.9841,NA,0,NA,50.0664,0,NA,1.3556,5.6223,0,0,0,NA,4.3031,NA,0,0.0052,0,17.9514,NA,NA,0,NA,NA,NA,0,0,0,0,NA,0,1.3664,0,"E: Uncertainty",NA,NA,NA,NA,NA,NA,NA,"E: Uncertainty",NA,"E: Uncertainty",NA,NA,"E: Uncertainty",NA,NA,NA,NA,NA,"E: Uncertainty",NA,"E: Uncertainty",NA,NA,NA,NA,"E: Uncertainty","E: Uncertainty",NA,"E: Uncertainty","E: Uncertainty","E: Uncertainty",NA,NA,NA,NA,"E: Uncertainty",NA,NA,NA
"2023-10-07 06:00:00","PM10",0,197.5776,0,567.81,143.4516,93.7719,113.3413,8.1358,1.1324,0,0.7862,154.7014,0,0.5609,3.8338,6.005,0,0,NA,NA,4.3183,NA,0,0,NA,11.5302,NA,NA,0,NA,0,NA,0,0,0,0,0,0,1.4446,0,NA,NA,NA,NA,NA,NA,NA,NA,NA,NA,NA,NA,NA,NA,NA,NA,NA,NA,"E: Uncertainty","E: Uncertainty",NA,"E: Uncertainty",NA,NA,"E: Uncertainty",NA,"E: Uncertainty","E: Uncertainty",NA,"E: Uncertainty",NA,"E: Uncertainty",NA,NA,NA,NA,NA,NA,NA,NA
"2023-10-07 07:00:00","PM2.5",0,NA,0,509.9041,0,61.5514,65.8042,4.4473,1.5829,0,NA,83.9845,0,1.0155,1.621,5.0281,0,0,0.3671,NA,4.4416,NA,0,0,0,18.775,0,0,0,NA,NA,NA,0,0,0,0,0,0,0,0,NA,"E: Uncertainty",NA,NA,NA,NA,NA,NA,NA,NA,"E: Uncertainty",NA,NA,NA,NA,NA,NA,NA,NA,"E: Uncertainty",NA,"E: Uncertainty",NA,NA,NA,NA,NA,NA,NA,"E: Uncertainty","E: Uncertainty","E: Uncertainty",NA,NA,NA,NA,NA,NA,NA,NA
"2023-10-07 08:00:00","PM10",NA,440.354,0,561.3562,177.8482,114.0065,184.4901,13.195,1.8525,NA,2.0999,197.9474,0,0.6439,2.8105,5.826,0,0,0.4375,NA,4.209,NA,0,0,0,NA,0,0,0,0,NA,NA,NA,0,0,0,0,0,0,0,"E: Uncertainty",NA,NA,NA,NA,NA,NA,NA,NA,"E: Uncertainty",NA,NA,NA,NA,NA,NA,NA,NA,NA,"E: Uncertainty",NA,"E: Uncertainty",NA,NA,NA,"E: Uncertainty",NA,NA,NA,NA,"E: Uncertainty","E: Uncertainty","E: Uncertainty",NA,NA,NA,NA,NA,NA,NA
"2023-10-07 09:00:00","PM2.5",0,344.1417,0,536.5752,74.2189,86.0376,128.1246,10.6728,0.7957,0,0.8285,132.9029,0,NA,1.6309,4.9433,NA,0,0.6509,NA,3.8416,NA,0,0,0,11.6201,0,NA,0,NA,NA,NA,0,0,0.0175,0,0,0,0,0,NA,NA,NA,NA,NA,NA,NA,NA,NA,NA,NA,NA,NA,"E: Uncertainty",NA,NA,"E: Uncertainty",NA,NA,"E: Uncertainty",NA,"E: Uncertainty",NA,NA,NA,NA,NA,"E: Uncertainty",NA,"E: Uncertainty","E: Uncertainty","E: Uncertainty",NA,NA,NA,NA,NA,NA,NA,NA
"2023-10-07 10:00:00","PM10",0,1283.6696,0,549.6501,390.5684,174.5222,337.7599,27.7983,NA,NA,3.2403,313.6538,0,NA,3.4319,6.6424,0,0,0,NA,4.3936,2.6649,0,0,0,24.2027,0,0,0,NA,NA,NA,NA,0,0,0,0,0,0.9204,0,NA,NA,NA,NA,NA,NA,NA,NA,"E: Uncertainty","E: Uncertainty",NA,NA,NA,"E: Uncertainty",NA,NA,NA,NA,NA,"E: Uncertainty",NA,NA,NA,NA,NA,NA,NA,NA,NA,"E: Uncertainty","E: Uncertainty","E: Uncertainty","E: Uncertainty",NA,NA,NA,NA,NA,NA,NA
"2023-10-07 11:00:00","PM2.5",0,830.6509,0,480.7268,96.8072,124.133,203.4028,17.7522,NA,NA,1.9714,222.5535,0,NA,2.6547,5.9182,0,0,0.4007,0,3.6957,NA,0,0,0,19.4398,NA,NA,0,NA,NA,NA,NA,0,NA,0,0,0,NA,0,NA,NA,NA,NA,NA,NA,NA,NA,"E: Uncertainty","E: Uncertainty",NA,NA,NA,"E: Uncertainty",NA,NA,NA,NA,NA,NA,NA,"E: Uncertainty",NA,NA,NA,NA,"E: Uncertainty","E: Uncertainty",NA,"E: Uncertainty","E: Uncertainty","E: Uncertainty","E: Uncertainty",NA,"E: Uncertainty",NA,NA,NA,"E: Uncertainty",NA
"2023-10-07 12:00:00","PM10",NA,2438.4714,0,500.6176,299.4943,263.4676,574.7026,49.1079,1.166,6.2297,6.0217,529.2813,0,NA,6.5803,7.5028,0,0,2.516,NA,4.1546,4.5764,0,NA,0,13.3453,NA,0,0,NA,NA,NA,NA,0,0,0,0,0,0.9417,0,"E: Uncertainty",NA,NA,NA,NA,NA,NA,NA,NA,NA,NA,NA,NA,"E: Uncertainty",NA,NA,NA,NA,NA,"E: Uncertainty",NA,NA,NA,"E: Uncertainty",NA,NA,"E: Uncertainty",NA,NA,"E: Uncertainty","E: Uncertainty","E: Uncertainty","E: Uncertainty",NA,NA,NA,NA,NA,NA,NA
"2023-10-07 13:00:00","PM2.5",0,1278.1442,0,468.7895,54.6743,173.4076,284.7302,29.4319,NA,NA,3.3393,313.8039,0,NA,2.8495,6.1939,0,0,0,NA,3.5494,3.1252,0,0,0,19.8207,0,NA,0,NA,NA,0,0,0,0,0,0,0,1.3704,0,NA,NA,NA,NA,NA,NA,NA,NA,"E: Uncertainty","E: Uncertainty",NA,NA,NA,"E: Uncertainty",NA,NA,NA,NA,NA,"E: Uncertainty",NA,NA,NA,NA,NA,NA,NA,"E: Uncertainty",NA,"E: Uncertainty","E: Uncertainty",NA,NA,NA,NA,NA,NA,NA,NA,NA
"2023-10-07 14:00:00","PM10",1195.6298,2909.6659,0,511.6145,166.809,292.8193,695.7338,61.6473,0.9171,NA,6.8826,608.7092,0,NA,4.1488,6.9161,NA,0,0,NA,4.0206,4.782,0,0,0,14.706,0,NA,0,0,0,NA,4.0525,0,NA,0,0,0,2.6839,0,NA,NA,NA,NA,NA,NA,NA,NA,NA,"E: Uncertainty",NA,NA,NA,"E: Uncertainty",NA,NA,"E: Uncertainty",NA,NA,"E: Uncertainty",NA,NA,NA,NA,NA,NA,NA,"E: Uncertainty",NA,NA,NA,"E: Uncertainty",NA,NA,"E: Uncertainty",NA,NA,NA,NA,NA
"2023-10-07 15:00:00","PM2.5",NA,1882.3622,0,482.9891,15.3271,198.3831,469.6936,39.8005,NA,NA,3.7048,410.5912,0,NA,2.6928,5.5701,0,0,NA,NA,3.7514,3.6741,0,NA,0,12.9883,NA,NA,0,NA,NA,NA,0,0,NA,0,0,0,1.9087,0,"E: Uncertainty",NA,NA,NA,NA,NA,NA,NA,"E: Uncertainty","E: Uncertainty",NA,NA,NA,"E: Uncertainty",NA,NA,NA,NA,"E: Uncertainty","E: Uncertainty",NA,NA,NA,"E: Uncertainty",NA,NA,"E: Uncertainty","E: Uncertainty",NA,"E: Uncertainty","E: Uncertainty","E: Uncertainty",NA,NA,"E: Uncertainty",NA,NA,NA,NA,NA
"2023-10-07 16:00:00","PM10",1295.2738,3936.2492,0,412.9272,246.4148,340.8784,888.5572,76.0191,2.2103,NA,8.5077,790.8708,NA,0.5199,6.2175,7.7923,0,0,0,0,2.7649,6.3697,0,NA,0,13.2507,0,NA,0,NA,0,NA,NA,0,NA,0,NA,0,1.9787,0,NA,NA,NA,NA,NA,NA,NA,NA,NA,"E: Uncertainty",NA,NA,"E: Uncertainty",NA,NA,NA,NA,NA,NA,NA,NA,NA,NA,"E: Uncertainty",NA,NA,NA,"E: Uncertainty",NA,"E: Uncertainty",NA,"E: Uncertainty","E: Uncertainty",NA,"E: Uncertainty",NA,"E: Uncertainty",NA,NA,NA
"2023-10-07 17:00:00","PM2.5",0,857.5937,0,312.8116,42.1176,122.6345,205.1417,21.8372,NA,NA,2.5711,288.5362,0,NA,4.728,6.6152,0,0,0,NA,2.6954,1.6658,0,0,0,19.516,NA,0,0,NA,NA,NA,NA,0,0,0,0,0,1.0251,0,NA,NA,NA,NA,NA,NA,NA,NA,"E: Uncertainty","E: Uncertainty",NA,NA,NA,"E: Uncertainty",NA,NA,NA,NA,NA,"E: Uncertainty",NA,NA,NA,NA,NA,NA,"E: Uncertainty",NA,NA,"E: Uncertainty","E: Uncertainty","E: Uncertainty","E: Uncertainty",NA,NA,NA,NA,NA,NA,NA
"2023-10-07 18:00:00","PM10",NA,1692.0305,0,354.7688,101.1242,180.3048,379.8189,34.4477,NA,NA,7.8221,1052.1323,0,0,67.1126,14.3807,0,0,0.618,NA,2.6208,2.7076,0,NA,NA,NA,NA,0,0,NA,NA,0,29.6763,0,0,0,0,0,1.0959,0,"E: Uncertainty",NA,NA,NA,NA,NA,NA,NA,"E: Uncertainty","E: Uncertainty",NA,NA,NA,NA,NA,NA,NA,NA,NA,"E: Uncertainty",NA,NA,NA,"E: Uncertainty","E: Uncertainty","E: Uncertainty","E: Uncertainty",NA,NA,"E: Uncertainty","E: Uncertainty",NA,NA,NA,NA,NA,NA,NA,NA,NA
"2023-10-07 19:00:00","PM2.5",NA,NA,0,384.4527,0,116.8204,76.9225,7.1151,NA,NA,1.4654,238.0269,0,NA,12.6182,13.4033,0,0,1.097,NA,3.5867,NA,0,NA,0,11.3886,0.0681,NA,0,NA,NA,NA,5.9849,0,0,0,0,0,5.5145,0,"E: Uncertainty","E: Uncertainty",NA,NA,NA,NA,NA,NA,"E: Uncertainty","E: Uncertainty",NA,NA,NA,"E: Uncertainty",NA,NA,NA,NA,NA,"E: Uncertainty",NA,"E: Uncertainty",NA,"E: Uncertainty",NA,NA,NA,"E: Uncertainty",NA,"E: Uncertainty","E: Uncertainty","E: Uncertainty",NA,NA,NA,NA,NA,NA,NA,NA
"2023-10-07 20:00:00","PM10",0,273.7051,0,445.29,26.6981,161.4415,147.7019,14.5391,0.9064,NA,2.9278,324.668,0,0.6308,6.6447,18.4951,0,0,1.3315,0.509,4.6441,NA,0,0,0,NA,NA,NA,0,0,0,NA,NA,0,0,0,0,0,5.9186,0,NA,NA,NA,NA,NA,NA,NA,NA,NA,"E: Uncertainty",NA,NA,NA,NA,NA,NA,NA,NA,NA,NA,NA,"E: Uncertainty",NA,NA,NA,"E: Uncertainty","E: Uncertainty","E: Uncertainty",NA,NA,NA,"E: Uncertainty","E: Uncertainty",NA,NA,NA,NA,NA,NA,NA
"2023-10-07 21:00:00","PM2.5",NA,0,0,331.8545,0,111.2066,43.3561,2.5271,0,0.0028,NA,113.3396,NA,NA,3.4432,15.9957,0,0,1.4206,NA,5.4345,0,0,0,0,17.3384,0,0,0,0,NA,NA,NA,0,0,0,0,0,6.5237,0,"E: Uncertainty",NA,NA,NA,NA,NA,NA,NA,NA,NA,"E: Uncertainty",NA,"E: Uncertainty","E: Uncertainty",NA,NA,NA,NA,NA,"E: Uncertainty",NA,NA,NA,NA,NA,NA,NA,NA,NA,NA,"E: Uncertainty","E: Uncertainty","E: Uncertainty",NA,NA,NA,NA,NA,NA,NA
"2023-10-07 22:00:00","PM10",NA,NA,0,360.0124,19.7201,133.247,114.8009,6.6389,NA,NA,1.3666,202.9222,NA,NA,5.0602,11.3601,0,0,0,NA,4.3594,NA,0,0,0,16.3761,NA,NA,0,0,0,NA,NA,0,0,0,NA,0,6.968,0,"E: Uncertainty","E: Uncertainty",NA,NA,NA,NA,NA,NA,"E: Uncertainty","E: Uncertainty",NA,NA,"E: Uncertainty","E: Uncertainty",NA,NA,NA,NA,NA,"E: Uncertainty",NA,"E: Uncertainty",NA,NA,NA,NA,"E: Uncertainty","E: Uncertainty",NA,NA,NA,"E: Uncertainty","E: Uncertainty",NA,NA,NA,"E: Uncertainty",NA,NA,NA
"2023-10-07 23:00:00","PM2.5",NA,NA,0,304.8594,0,103.3845,56.2364,3.3826,NA,NA,NA,89.8277,0,NA,3.0867,8.1328,0,0,1.6571,NA,3.2073,NA,0,0,NA,NA,NA,0,0,0.0817,NA,NA,NA,0,0,0,0,0,1.6969,0,"E: Uncertainty","E: Uncertainty",NA,NA,NA,NA,NA,NA,"E: Uncertainty","E: Uncertainty","E: Uncertainty",NA,NA,"E: Uncertainty",NA,NA,NA,NA,NA,"E: Uncertainty",NA,"E: Uncertainty",NA,NA,"E: Uncertainty","E: Uncertainty","E: Uncertainty",NA,NA,NA,"E: Uncertainty","E: Uncertainty","E: Uncertainty",NA,NA,NA,NA,NA,NA,NA
"2023-10-08 00:30:00","PM10",NA,NA,0,261.7888,0,99.2372,99.0035,4.5676,NA,0,NA,111.8253,0.0201,NA,1.8064,6.3352,0,0,1.0356,0,3.3071,NA,0,0,0,52.0732,NA,0,0,NA,NA,NA,0,0,0,0,0,0,NA,0,"E: Uncertainty","E: Uncertainty",NA,NA,NA,NA,NA,NA,"E: Uncertainty",NA,"E: Uncertainty",NA,NA,"E: Uncertainty",NA,NA,NA,NA,NA,NA,NA,"E: Uncertainty",NA,NA,NA,NA,"E: Uncertainty",NA,NA,"E: Uncertainty","E: Uncertainty","E: Uncertainty",NA,NA,NA,NA,NA,NA,"E: Uncertainty",NA
"2023-10-08 01:00:00","PM2.5",0,NA,0,246.3907,0,69.9479,42.2359,2.627,NA,NA,0,55.3792,0,NA,0.8506,5.446,0,0,0,NA,3.159,NA,0,0,0,24.3559,NA,NA,0,NA,NA,NA,NA,0,0,0,0,0,2.7192,0,NA,"E: Uncertainty",NA,NA,NA,NA,NA,NA,"E: Uncertainty","E: Uncertainty",NA,NA,NA,"E: Uncertainty",NA,NA,NA,NA,NA,"E: Uncertainty",NA,"E: Uncertainty",NA,NA,NA,NA,"E: Uncertainty","E: Uncertainty",NA,"E: Uncertainty","E: Uncertainty","E: Uncertainty","E: Uncertainty",NA,NA,NA,NA,NA,NA,NA
"2023-10-08 02:00:00","PM10",0,NA,0,240.9827,0,86.0139,69.2209,4.5572,0,NA,NA,79.7985,0,0,0.7315,5.6731,0,0,0.6383,NA,3.2197,NA,0,0,0,15.6334,NA,NA,0,NA,NA,0,0,0,0,0,0,0,0.8023,0,NA,"E: Uncertainty",NA,NA,NA,NA,NA,NA,NA,"E: Uncertainty","E: Uncertainty",NA,NA,NA,NA,NA,NA,NA,NA,"E: Uncertainty",NA,"E: Uncertainty",NA,NA,NA,NA,"E: Uncertainty","E: Uncertainty",NA,"E: Uncertainty","E: Uncertainty",NA,NA,NA,NA,NA,NA,NA,NA,NA
"2023-10-08 03:00:00","PM2.5",0,NA,0,202.5498,0,69.36,32.2307,1.8033,NA,NA,0,51.5293,NA,NA,1.3194,5.0069,0,0,NA,NA,2.514,NA,0,0,0,14.0174,NA,NA,0,0,0,NA,NA,0,0,0,0,0,1.3536,0,NA,"E: Uncertainty",NA,NA,NA,NA,NA,NA,"E: Uncertainty","E: Uncertainty",NA,NA,"E: Uncertainty","E: Uncertainty",NA,NA,NA,NA,"E: Uncertainty","E: Uncertainty",NA,"E: Uncertainty",NA,NA,NA,NA,"E: Uncertainty","E: Uncertainty",NA,NA,NA,"E: Uncertainty","E: Uncertainty",NA,NA,NA,NA,NA,NA,NA
"2023-10-08 04:00:00","PM10",0,NA,0,220.9443,0,85.2406,52.3315,1.9183,NA,0,NA,87.0878,0,NA,1.4605,5.791,0,0,0,NA,2.6075,NA,0,0,0,17.3472,0,NA,0,NA,0,NA,3.0489,0,0,0,0,0,1.8868,0,NA,"E: Uncertainty",NA,NA,NA,NA,NA,NA,"E: Uncertainty",NA,"E: Uncertainty",NA,NA,"E: Uncertainty",NA,NA,NA,NA,NA,"E: Uncertainty",NA,"E: Uncertainty",NA,NA,NA,NA,NA,"E: Uncertainty",NA,"E: Uncertainty",NA,"E: Uncertainty",NA,NA,NA,NA,NA,NA,NA,NA
"2023-10-08 05:00:00","PM2.5",0,0,0,191.2186,0,65.2985,45.0917,2.2702,NA,0,0,69.0513,0,NA,1.3617,5.1551,0,0,1.4951,NA,3.0478,NA,0,0,0,NA,0,0,NA,0,NA,NA,0,0,NA,0,0,0,0,0,NA,NA,NA,NA,NA,NA,NA,NA,"E: Uncertainty",NA,NA,NA,NA,"E: Uncertainty",NA,NA,NA,NA,NA,"E: Uncertainty",NA,"E: Uncertainty",NA,NA,NA,"E: Uncertainty",NA,NA,"E: Uncertainty",NA,"E: Uncertainty","E: Uncertainty",NA,NA,"E: Uncertainty",NA,NA,NA,NA,NA
"2023-10-08 06:00:00","PM10",NA,NA,0,219.7309,0,90.7714,137.1444,3.2626,NA,0,NA,135.4479,0,0,2.774,6.4268,0,0,1.2224,0,2.6545,NA,0,0,0,NA,NA,0,0,0,NA,NA,NA,0,0,0,0,0,1.4186,0,"E: Uncertainty","E: Uncertainty",NA,NA,NA,NA,NA,NA,"E: Uncertainty",NA,"E: Uncertainty",NA,NA,NA,NA,NA,NA,NA,NA,NA,NA,"E: Uncertainty",NA,NA,NA,"E: Uncertainty","E: Uncertainty",NA,NA,NA,"E: Uncertainty","E: Uncertainty","E: Uncertainty",NA,NA,NA,NA,NA,NA,NA
"2023-10-08 07:00:00","PM2.5",NA,NA,0,222.4807,0,90.0066,103.4377,4.3947,NA,NA,0.9962,229.1772,NA,NA,2.9389,7.5588,0,0,1.4457,NA,3.9098,NA,0,0,0,15.8078,NA,NA,0,NA,NA,NA,3.6125,0,0,0,0,0,2.1536,0,"E: Uncertainty","E: Uncertainty",NA,NA,NA,NA,NA,NA,"E: Uncertainty","E: Uncertainty",NA,NA,"E: Uncertainty","E: Uncertainty",NA,NA,NA,NA,NA,"E: Uncertainty",NA,"E: Uncertainty",NA,NA,NA,NA,"E: Uncertainty","E: Uncertainty",NA,"E: Uncertainty","E: Uncertainty","E: Uncertainty",NA,NA,NA,NA,NA,NA,NA,NA
"2023-10-08 08:00:00","PM10",NA,NA,0,247.3255,0,120.1451,141.2888,8.2517,NA,NA,2.3692,370.8067,NA,NA,9.4701,10.225,0,0,0.5611,NA,5.5197,NA,0,0,0,NA,0,0,0,NA,NA,NA,6.1794,0,0,0,0,0,4.1902,0,"E: Uncertainty","E: Uncertainty",NA,NA,NA,NA,NA,NA,"E: Uncertainty","E: Uncertainty",NA,NA,"E: Uncertainty","E: Uncertainty",NA,NA,NA,NA,NA,"E: Uncertainty",NA,"E: Uncertainty",NA,NA,NA,"E: Uncertainty",NA,NA,NA,"E: Uncertainty","E: Uncertainty","E: Uncertainty",NA,NA,NA,NA,NA,NA,NA,NA
"2023-10-08 09:00:00","PM2.5",0,NA,0,217.1353,0,94.7566,66.0038,4.425,NA,NA,1.3786,155.7184,NA,NA,3.1888,8.8314,0,0,0.4722,NA,3.5174,NA,0,0,0,NA,NA,0,0,NA,NA,NA,NA,0,0,0,0,0,5.3889,0,NA,"E: Uncertainty",NA,NA,NA,NA,NA,NA,"E: Uncertainty","E: Uncertainty",NA,NA,"E: Uncertainty","E: Uncertainty",NA,NA,NA,NA,NA,"E: Uncertainty",NA,"E: Uncertainty",NA,NA,NA,"E: Uncertainty","E: Uncertainty",NA,NA,"E: Uncertainty","E: Uncertainty","E: Uncertainty","E: Uncertainty",NA,NA,NA,NA,NA,NA,NA
"2023-10-08 10:00:00","PM10",0,411.8219,0,252.475,0,138.6718,181.9422,13.3427,0,NA,2.2955,271.6263,0,0.5402,6.2624,8.2225,0,0,0,NA,3.7056,1.8244,0,NA,0,NA,0,NA,0,NA,0,0,NA,0,0,0,0,0,2.8867,0,NA,NA,NA,NA,NA,NA,NA,NA,NA,"E: Uncertainty",NA,NA,NA,NA,NA,NA,NA,NA,NA,"E: Uncertainty",NA,NA,NA,"E: Uncertainty",NA,"E: Uncertainty",NA,"E: Uncertainty",NA,"E: Uncertainty",NA,NA,"E: Uncertainty",NA,NA,NA,NA,NA,NA,NA
"2023-10-08 11:00:00","PM2.5",0,NA,0,208.5768,0,84.1932,89.2055,6.9905,NA,NA,0.817,126.5522,NA,NA,2.5132,5.6573,0,0,0.5517,NA,2.6024,NA,0,0,0,20.2309,NA,NA,0,0,NA,NA,NA,0,0,0,NA,0,1.8413,0,NA,"E: Uncertainty",NA,NA,NA,NA,NA,NA,"E: Uncertainty","E: Uncertainty",NA,NA,"E: Uncertainty","E: Uncertainty",NA,NA,NA,NA,NA,"E: Uncertainty",NA,"E: Uncertainty",NA,NA,NA,NA,"E: Uncertainty","E: Uncertainty",NA,NA,"E: Uncertainty","E: Uncertainty","E: Uncertainty",NA,NA,NA,"E: Uncertainty",NA,NA,NA
"2023-10-08 12:00:00","PM10",NA,438.5024,0,281.9752,0,129.1145,202.0486,13.819,NA,NA,2.8327,244.9672,0,NA,3.7663,8.2622,0,0,0.4069,NA,3.3396,NA,0,NA,0,14.2378,NA,NA,0,NA,NA,NA,0,0,0,0,0,0,6.2653,0,"E: Uncertainty",NA,NA,NA,NA,NA,NA,NA,"E: Uncertainty","E: Uncertainty",NA,NA,NA,"E: Uncertainty",NA,NA,NA,NA,NA,"E: Uncertainty",NA,"E: Uncertainty",NA,"E: Uncertainty",NA,NA,"E: Uncertainty","E: Uncertainty",NA,"E: Uncertainty","E: Uncertainty","E: Uncertainty",NA,NA,NA,NA,NA,NA,NA,NA
"2023-10-08 13:00:00","PM2.5",NA,NA,0,257.0437,0,103.613,80.1992,5.941,0,0,1.2589,151.9315,0,NA,2.8881,8.0118,0,0,1.0137,NA,3.0021,NA,0,0,0,NA,NA,NA,0,0,NA,0,0,0,0,0,NA,0,7.5323,0,"E: Uncertainty","E: Uncertainty",NA,NA,NA,NA,NA,NA,NA,NA,NA,NA,NA,"E: Uncertainty",NA,NA,NA,NA,NA,"E: Uncertainty",NA,"E: Uncertainty",NA,NA,NA,"E: Uncertainty","E: Uncertainty","E: Uncertainty",NA,NA,"E: Uncertainty",NA,NA,NA,NA,NA,"E: Uncertainty",NA,NA,NA
"2023-10-08 14:00:00","PM10",NA,232.4849,0,252.3388,0,141.2125,163.8721,13.1354,NA,NA,2.2825,232.4676,0,NA,4.1515,8.0189,0,0,NA,NA,3.3196,NA,0,0,0,11.245,NA,NA,0,0,0,0,NA,0,0,0,0,0,9.4653,0,"E: Uncertainty",NA,NA,NA,NA,NA,NA,NA,"E: Uncertainty","E: Uncertainty",NA,NA,NA,"E: Uncertainty",NA,NA,NA,NA,"E: Uncertainty","E: Uncertainty",NA,"E: Uncertainty",NA,NA,NA,NA,"E: Uncertainty","E: Uncertainty",NA,NA,NA,NA,"E: Uncertainty",NA,NA,NA,NA,NA,NA,NA
"2023-10-08 15:00:00","PM2.5",NA,NA,0,233.5822,0,112.6146,75.0718,6.9005,0,0.6674,NA,126.7374,NA,NA,3.3674,7.8618,0,0,0.4781,NA,3.3689,NA,0,0,0,NA,NA,NA,0,NA,NA,NA,NA,0,0,0,0,0,6.7747,0,"E: Uncertainty","E: Uncertainty",NA,NA,NA,NA,NA,NA,NA,NA,"E: Uncertainty",NA,"E: Uncertainty","E: Uncertainty",NA,NA,NA,NA,NA,"E: Uncertainty",NA,"E: Uncertainty",NA,NA,NA,"E: Uncertainty","E: Uncertainty","E: Uncertainty",NA,"E: Uncertainty","E: Uncertainty","E: Uncertainty","E: Uncertainty",NA,NA,NA,NA,NA,NA,NA
"2023-10-08 16:00:00","PM10",NA,371.2835,0,274.6733,0,169.9686,173.0004,15.7827,0,NA,2.6703,290.2798,0,0,5.9218,9.0622,0,0,0.7453,NA,3.5956,1.519,0,0,0,13.0789,NA,0,0,NA,NA,NA,3.2772,0,0,0,0,0,8.5738,0,"E: Uncertainty",NA,NA,NA,NA,NA,NA,NA,NA,"E: Uncertainty",NA,NA,NA,NA,NA,NA,NA,NA,NA,"E: Uncertainty",NA,NA,NA,NA,NA,NA,"E: Uncertainty",NA,NA,"E: Uncertainty","E: Uncertainty","E: Uncertainty",NA,NA,NA,NA,NA,NA,NA,NA
"2023-10-08 17:00:00","PM2.5",NA,NA,0,267.2939,0,113.8418,70.1576,6.2949,NA,NA,1.1691,174.1431,0,NA,4.6433,7.8745,0,0,1.3006,NA,3.5765,NA,0,0,0,16.5708,NA,NA,0,0,NA,0,NA,0,0,0,0,0,3.9162,0,"E: Uncertainty","E: Uncertainty",NA,NA,NA,NA,NA,NA,"E: Uncertainty","E: Uncertainty",NA,NA,NA,"E: Uncertainty",NA,NA,NA,NA,NA,"E: Uncertainty",NA,"E: Uncertainty",NA,NA,NA,NA,"E: Uncertainty","E: Uncertainty",NA,NA,"E: Uncertainty",NA,"E: Uncertainty",NA,NA,NA,NA,NA,NA,NA
"2023-10-08 18:00:00","PM10",NA,452.2218,0,276.0656,0,152.1051,153.8794,11.8674,NA,0.7611,3.0549,390.6987,0,NA,8.5954,11.6737,0,0,0.5288,NA,3.4171,NA,0,0,0,10.9428,0,0,0,NA,NA,NA,3.9543,0,0,0,0,0,6.295,0,"E: Uncertainty",NA,NA,NA,NA,NA,NA,NA,"E: Uncertainty",NA,NA,NA,NA,"E: Uncertainty",NA,NA,NA,NA,NA,"E: Uncertainty",NA,"E: Uncertainty",NA,NA,NA,NA,NA,NA,NA,"E: Uncertainty","E: Uncertainty","E: Uncertainty",NA,NA,NA,NA,NA,NA,NA,NA
"2023-10-08 19:00:00","PM2.5",0,NA,0,275.5766,0,122.384,63.8579,7.4986,NA,NA,1.3654,308.0041,0,NA,18.7095,12.3831,0,0,1.7705,0,3.4748,NA,0,0,NA,11.1251,0,NA,0,NA,NA,NA,6.4236,0,0,0,NA,0,3.2988,0,NA,"E: Uncertainty",NA,NA,NA,NA,NA,NA,"E: Uncertainty","E: Uncertainty",NA,NA,NA,"E: Uncertainty",NA,NA,NA,NA,NA,NA,NA,"E: Uncertainty",NA,NA,"E: Uncertainty",NA,NA,"E: Uncertainty",NA,"E: Uncertainty","E: Uncertainty","E: Uncertainty",NA,NA,NA,NA,"E: Uncertainty",NA,NA,NA
"2023-10-08 20:00:00","PM10",774.6814,367.2849,0,274.4801,0,139.3143,138.5883,12.034,NA,0.8225,5.6154,793.3827,0,NA,28.7941,17.6514,0,0,1.3589,NA,3.6105,1.5822,0,0,0,16.5122,NA,NA,0,NA,NA,NA,12.5189,0,0,0,NA,0,3.9617,0,NA,NA,NA,NA,NA,NA,NA,NA,"E: Uncertainty",NA,NA,NA,NA,"E: Uncertainty",NA,NA,NA,NA,NA,"E: Uncertainty",NA,NA,NA,NA,NA,NA,"E: Uncertainty","E: Uncertainty",NA,"E: Uncertainty","E: Uncertainty","E: Uncertainty",NA,NA,NA,NA,"E: Uncertainty",NA,NA,NA
"2023-10-08 21:00:00","PM2.5",0,NA,0,247.1285,0,114.2254,56.8565,4.8131,NA,NA,1.9232,282.6608,0,NA,10.6219,17.1599,0,0,0.6071,NA,4.2906,NA,0,0,0,18.1822,12.0145,0.0297,0,0,NA,NA,NA,0,0,0,0,0,4.4538,0,NA,"E: Uncertainty",NA,NA,NA,NA,NA,NA,"E: Uncertainty","E: Uncertainty",NA,NA,NA,"E: Uncertainty",NA,NA,NA,NA,NA,"E: Uncertainty",NA,"E: Uncertainty",NA,NA,NA,NA,NA,NA,NA,NA,"E: Uncertainty","E: Uncertainty","E: Uncertainty",NA,NA,NA,NA,NA,NA,NA
"2023-10-08 22:00:00","PM10",NA,199.6824,0,267.8044,0,133.7176,111.8564,9.335,NA,NA,2.1858,359.4915,0,NA,17.8541,14.8343,0,0,0.661,NA,4.1874,NA,0,0,0,16.8705,0,0,0,NA,NA,0,7.7705,0,0,0,0,0,3.0542,0,"E: Uncertainty",NA,NA,NA,NA,NA,NA,NA,"E: Uncertainty","E: Uncertainty",NA,NA,NA,"E: Uncertainty",NA,NA,NA,NA,NA,"E: Uncertainty",NA,"E: Uncertainty",NA,NA,NA,NA,NA,NA,NA,"E: Uncertainty","E: Uncertainty",NA,NA,NA,NA,NA,NA,NA,NA,NA
"2023-10-08 23:00:00","PM2.5",NA,0.0358,0,231.4828,0,92.7348,46.2719,3.7022,0.0064,NA,NA,159.2073,0,NA,2.1621,10.4105,0,0,1.1382,NA,3.4191,NA,0,0,0,18.9656,0,NA,NA,NA,NA,NA,NA,0,0,0,0,0,1.1832,0,"E: Uncertainty",NA,NA,NA,NA,NA,NA,NA,NA,"E: Uncertainty","E: Uncertainty",NA,NA,"E: Uncertainty",NA,NA,NA,NA,NA,"E: Uncertainty",NA,"E: Uncertainty",NA,NA,NA,NA,NA,"E: Uncertainty","E: Uncertainty","E: Uncertainty","E: Uncertainty","E: Uncertainty","E: Uncertainty",NA,NA,NA,NA,NA,NA,NA
"2023-10-09 00:30:00","PM10",NA,NA,0,258.3041,0,123.4503,113.9684,7.9784,0,0,NA,148.2614,0,0.0176,1.6545,10.4438,0,0,NA,NA,3.0884,NA,0,0,0,25.3384,0,0,0,0,NA,0.2211,0,0,0.0611,0,NA,0,NA,0,"E: Uncertainty","E: Uncertainty",NA,NA,NA,NA,NA,NA,NA,NA,"E: Uncertainty",NA,NA,NA,NA,NA,NA,NA,"E: Uncertainty","E: Uncertainty",NA,"E: Uncertainty",NA,NA,NA,NA,NA,NA,NA,NA,"E: Uncertainty",NA,NA,NA,NA,NA,"E: Uncertainty",NA,"E: Uncertainty",NA
"2023-10-09 01:00:00","PM2.5",NA,NA,0,213.3355,0,88.0608,44.7708,3.3932,NA,0,NA,67.5841,0,NA,1.2257,8.9593,0,0,NA,NA,3.5231,NA,0,0,0,NA,NA,NA,0,0,NA,NA,0,0,0,0,0,0,2.3785,0,"E: Uncertainty","E: Uncertainty",NA,NA,NA,NA,NA,NA,"E: Uncertainty",NA,"E: Uncertainty",NA,NA,"E: Uncertainty",NA,NA,NA,NA,"E: Uncertainty","E: Uncertainty",NA,"E: Uncertainty",NA,NA,NA,"E: Uncertainty","E: Uncertainty","E: Uncertainty",NA,NA,"E: Uncertainty","E: Uncertainty",NA,NA,NA,NA,NA,NA,NA,NA
"2023-10-09 02:00:00","PM10",NA,NA,0,193.9141,0,103.7293,80.7968,5.4342,NA,0,NA,92.2271,0,NA,1.5612,8.36,0,0,0,NA,3.2936,NA,0,0,0,NA,0,0,0,0,NA,NA,0,0,0,0,0,0,2.3051,0,"E: Uncertainty","E: Uncertainty",NA,NA,NA,NA,NA,NA,"E: Uncertainty",NA,"E: Uncertainty",NA,NA,"E: Uncertainty",NA,NA,NA,NA,NA,"E: Uncertainty",NA,"E: Uncertainty",NA,NA,NA,"E: Uncertainty",NA,NA,NA,NA,"E: Uncertainty","E: Uncertainty",NA,NA,NA,NA,NA,NA,NA,NA
"2023-10-09 03:00:00","PM2.5",NA,0,0,181.6121,0,72.0078,31.2481,3.7057,1.069,NA,0,48.6578,NA,NA,1.1303,7.3253,0,0,0,0,2.7578,NA,0,0,0,NA,0,0,0,NA,0,NA,0,0,0,0,0,0,1.6558,0,"E: Uncertainty",NA,NA,NA,NA,NA,NA,NA,NA,"E: Uncertainty",NA,NA,"E: Uncertainty","E: Uncertainty",NA,NA,NA,NA,NA,NA,NA,"E: Uncertainty",NA,NA,NA,"E: Uncertainty",NA,NA,NA,"E: Uncertainty",NA,"E: Uncertainty",NA,NA,NA,NA,NA,NA,NA,NA
"2023-10-09 04:00:00","PM10",NA,286.8065,0,214.2993,0,102.7259,88.1658,6.8078,2.6175,NA,0.8383,187.8887,NA,NA,4.4522,8.7123,0,0,1.1595,0,2.9316,NA,0,0,0,18.5842,0,NA,0,NA,NA,0,NA,0,0,NA,0,0,NA,0,"E: Uncertainty",NA,NA,NA,NA,NA,NA,NA,NA,"E: Uncertainty",NA,NA,"E: Uncertainty","E: Uncertainty",NA,NA,NA,NA,NA,NA,NA,"E: Uncertainty",NA,NA,NA,NA,NA,"E: Uncertainty",NA,"E: Uncertainty","E: Uncertainty",NA,"E: Uncertainty",NA,NA,"E: Uncertainty",NA,NA,"E: Uncertainty",NA
"2023-10-09 05:00:00","PM2.5",NA,NA,0,204.0546,0,73.8197,34.5079,2.7526,1.5047,NA,1.6124,210.8553,0,NA,8.6478,8.3565,0,0,0.601,NA,2.9932,NA,0,0,0,18.4942,0,0,0,NA,NA,NA,3.7669,0,0,0,0,0,1.8153,0,"E: Uncertainty","E: Uncertainty",NA,NA,NA,NA,NA,NA,NA,"E: Uncertainty",NA,NA,NA,"E: Uncertainty",NA,NA,NA,NA,NA,"E: Uncertainty",NA,"E: Uncertainty",NA,NA,NA,NA,NA,NA,NA,"E: Uncertainty","E: Uncertainty","E: Uncertainty",NA,NA,NA,NA,NA,NA,NA,NA
"2023-10-09 06:00:00","PM10",0,283.8983,0,218.8681,0,94.118,96.6754,10.1188,1.8409,1.426,5.2729,803.2997,0,0.5934,22.6702,12.5587,0,0,0.7607,NA,3.0237,NA,0,0,0,10.5147,0,0,0,0,NA,NA,11.7833,0,0,0,0,0,1.3589,0,NA,NA,NA,NA,NA,NA,NA,NA,NA,NA,NA,NA,NA,NA,NA,NA,NA,NA,NA,"E: Uncertainty",NA,"E: Uncertainty",NA,NA,NA,NA,NA,NA,NA,NA,"E: Uncertainty","E: Uncertainty",NA,NA,NA,NA,NA,NA,NA,NA
"2023-10-09 07:00:00","PM2.5",NA,NA,0,213.4514,0,82.4076,51.2222,5.3854,NA,NA,4.1809,581.2316,0,0.7141,28.4414,15.9419,0,0,1.7898,NA,3.3251,NA,0,0,0,12.2044,NA,NA,0,NA,NA,0,15.5964,0,0,0,0,0,3.0553,0,"E: Uncertainty","E: Uncertainty",NA,NA,NA,NA,NA,NA,"E: Uncertainty","E: Uncertainty",NA,NA,NA,NA,NA,NA,NA,NA,NA,"E: Uncertainty",NA,"E: Uncertainty",NA,NA,NA,NA,"E: Uncertainty","E: Uncertainty",NA,"E: Uncertainty","E: Uncertainty",NA,NA,NA,NA,NA,NA,NA,NA,NA
"2023-10-09 08:00:00","PM10",952.9297,783.52,0,267.7985,0,141.7538,246.4322,18.4538,1.0542,2.2428,6.2707,928.2341,0,NA,28.4716,20.6859,0,0,8.0612,NA,3.4919,1.7969,0,NA,NA,NA,NA,0,0,NA,0,0,16.1934,0,0,0,NA,0,2.1244,0,NA,NA,NA,NA,NA,NA,NA,NA,NA,NA,NA,NA,NA,"E: Uncertainty",NA,NA,NA,NA,NA,"E: Uncertainty",NA,NA,NA,"E: Uncertainty","E: Uncertainty","E: Uncertainty","E: Uncertainty",NA,NA,"E: Uncertainty",NA,NA,NA,NA,NA,NA,"E: Uncertainty",NA,NA,NA
"2023-10-09 09:00:00","PM2.5",NA,NA,0,296.4481,0,94.8068,128.4047,9.5167,3.0624,1.2134,5.9324,543.7992,0,0.704,21.2043,33.8673,0,0,1.8541,NA,3.4162,NA,0,NA,6.4477,NA,0,0,0,NA,NA,NA,11.5354,0,0,0,0,0,2.039,0,"E: Uncertainty","E: Uncertainty",NA,NA,NA,NA,NA,NA,NA,NA,NA,NA,NA,NA,NA,NA,NA,NA,NA,"E: Uncertainty",NA,"E: Uncertainty",NA,"E: Uncertainty",NA,"E: Uncertainty",NA,NA,NA,"E: Uncertainty","E: Uncertainty","E: Uncertainty",NA,NA,NA,NA,NA,NA,NA,NA
"2023-10-09 10:00:00","PM10",NA,997.1282,0,407.7759,0,151.4723,344.7136,26.135,1.7608,0.8328,3.8147,385.2788,0,NA,5.7331,24.2215,0,0,1.0504,0,3.8209,NA,0,NA,0,NA,NA,NA,0,NA,NA,0,NA,0,0,0,0,0,1.8709,0,"E: Uncertainty",NA,NA,NA,NA,NA,NA,NA,NA,NA,NA,NA,NA,"E: Uncertainty",NA,NA,NA,NA,NA,NA,NA,"E: Uncertainty",NA,"E: Uncertainty",NA,"E: Uncertainty","E: Uncertainty","E: Uncertainty",NA,"E: Uncertainty","E: Uncertainty",NA,"E: Uncertainty",NA,NA,NA,NA,NA,NA,NA
"2023-10-09 11:00:00","PM2.5",NA,504.4032,0,408.0309,NA,133.957,168.6356,18.2054,1.2086,0.9776,4.9194,310.0687,0,0.8043,4.7532,65.5049,0,0,1.066,NA,3.5022,1.7375,0,NA,0,17.2985,NA,NA,0,0,NA,0.1563,NA,0,0,0,0,0,1.9022,0,"E: Uncertainty",NA,NA,NA,"E: Uncertainty",NA,NA,NA,NA,NA,NA,NA,NA,NA,NA,NA,NA,NA,NA,"E: Uncertainty",NA,NA,NA,"E: Uncertainty",NA,NA,"E: Uncertainty","E: Uncertainty",NA,NA,"E: Uncertainty",NA,"E: Uncertainty",NA,NA,NA,NA,NA,NA,NA
"2023-10-09 12:00:00","PM10",937.2164,2584.7629,0,529.0086,144.8839,262.4864,719.5919,60.597,1.5225,3.2281,11.1745,722.9215,NA,1.1664,8.1923,44.0095,0,0,NA,NA,4.3483,4.3688,0,NA,0,17.7769,NA,NA,0,NA,NA,NA,8.9228,0,0,0,0,0,7.56,0,NA,NA,NA,NA,NA,NA,NA,NA,NA,NA,NA,NA,"E: Uncertainty",NA,NA,NA,NA,NA,"E: Uncertainty","E: Uncertainty",NA,NA,NA,"E: Uncertainty",NA,NA,"E: Uncertainty","E: Uncertainty",NA,"E: Uncertainty","E: Uncertainty","E: Uncertainty",NA,NA,NA,NA,NA,NA,NA,NA
"2023-10-09 13:00:00","PM2.5",NA,1773.5013,0,491.3246,123.5865,187.9187,415.0497,35.6362,1.6066,0.769,6.9244,463.2925,0,NA,6.7388,27.0757,0,0,NA,NA,2.6171,3.5562,0,NA,0,16.4948,0,0,0,NA,NA,NA,NA,0,0,0,NA,0,3.6582,0,"E: Uncertainty",NA,NA,NA,NA,NA,NA,NA,NA,NA,NA,NA,NA,"E: Uncertainty",NA,NA,NA,NA,"E: Uncertainty","E: Uncertainty",NA,NA,NA,"E: Uncertainty",NA,NA,NA,NA,NA,"E: Uncertainty","E: Uncertainty","E: Uncertainty","E: Uncertainty",NA,NA,NA,"E: Uncertainty",NA,NA,NA
"2023-10-09 14:00:00","PM10",NA,2902.5833,0,557.7645,84.0987,304.2753,706.354,58.8974,3.0521,NA,8.5736,685.4021,0,0.7124,7.447,32.6882,0,0,0.3954,NA,4.5039,4.7159,0,0,0,NA,NA,0,0,0,NA,NA,NA,0,NA,0,0,0,3.6723,0,"E: Uncertainty",NA,NA,NA,NA,NA,NA,NA,NA,"E: Uncertainty",NA,NA,NA,NA,NA,NA,NA,NA,NA,"E: Uncertainty",NA,NA,NA,NA,NA,"E: Uncertainty","E: Uncertainty",NA,NA,NA,"E: Uncertainty","E: Uncertainty","E: Uncertainty",NA,"E: Uncertainty",NA,NA,NA,NA,NA
"2023-10-09 15:00:00","PM2.5",NA,716.6309,0,376.4493,0,172.5989,202.988,20.3146,1.0744,1.1547,4.0739,359.3681,0,0.5403,6.2489,12.9052,0,0,0,0,3.0005,NA,0,NA,0,NA,NA,NA,0,NA,NA,NA,NA,0,0,0,0,0,4.6032,0,"E: Uncertainty",NA,NA,NA,NA,NA,NA,NA,NA,NA,NA,NA,NA,NA,NA,NA,NA,NA,NA,NA,NA,"E: Uncertainty",NA,"E: Uncertainty",NA,"E: Uncertainty","E: Uncertainty","E: Uncertainty",NA,"E: Uncertainty","E: Uncertainty","E: Uncertainty","E: Uncertainty",NA,NA,NA,NA,NA,NA,NA
"2023-10-09 16:00:00","PM10",NA,1664.8484,0,477.5898,0,268.3278,452.8517,34.9559,1.7629,1.0548,5.479,501.9473,0,0.6065,5.6445,14.7905,0,0,0,NA,4.1171,3.6047,0,0,0,NA,NA,NA,0,0,NA,0,3.7661,0,0,0,0,0,4.9952,0,"E: Uncertainty",NA,NA,NA,NA,NA,NA,NA,NA,NA,NA,NA,NA,NA,NA,NA,NA,NA,NA,"E: Uncertainty",NA,NA,NA,NA,NA,"E: Uncertainty","E: Uncertainty","E: Uncertainty",NA,NA,"E: Uncertainty",NA,NA,NA,NA,NA,NA,NA,NA,NA
"2023-10-09 17:00:00","PM2.5",0,270.2172,0,383.004,0,158.6827,103.7935,10.6999,1.2434,NA,2.0572,239.24,0,NA,7.4354,14.1302,0,0,NA,NA,4.3088,NA,0,0,0,10.0402,NA,NA,0,0,NA,NA,NA,0,0,0,0,0,4.2479,0,NA,NA,NA,NA,NA,NA,NA,NA,NA,"E: Uncertainty",NA,NA,NA,"E: Uncertainty",NA,NA,NA,NA,"E: Uncertainty","E: Uncertainty",NA,"E: Uncertainty",NA,NA,NA,NA,"E: Uncertainty","E: Uncertainty",NA,NA,"E: Uncertainty","E: Uncertainty","E: Uncertainty",NA,NA,NA,NA,NA,NA,NA
"2023-10-09 18:00:00","PM10",NA,815.2911,0,498.6288,0,261.5248,345.0327,26.0566,NA,0.9278,5.151,594.0891,0,0.6297,16.6826,18.3997,0,0,0.8197,NA,4.7418,2.5727,0,0,0,NA,NA,0,0,NA,NA,NA,14.5037,0,0,0,0,0,2.8934,NA,"E: Uncertainty",NA,NA,NA,NA,NA,NA,NA,"E: Uncertainty",NA,NA,NA,NA,NA,NA,NA,NA,NA,NA,"E: Uncertainty",NA,NA,NA,NA,NA,"E: Uncertainty","E: Uncertainty",NA,NA,"E: Uncertainty","E: Uncertainty","E: Uncertainty",NA,NA,NA,NA,NA,NA,NA,"E: Uncertainty"
"2023-10-09 19:00:00","PM2.5",0,NA,0,423.3086,0,127.059,109.2893,6.9863,NA,NA,1.9081,238.9513,0,0.5482,5.2351,13.7097,0,0,1.0724,NA,4.2895,NA,0,NA,0,0,NA,NA,0,0,0,NA,NA,0,0,0,0,0,2.2516,0,NA,"E: Uncertainty",NA,NA,NA,NA,NA,NA,"E: Uncertainty","E: Uncertainty",NA,NA,NA,NA,NA,NA,NA,NA,NA,"E: Uncertainty",NA,"E: Uncertainty",NA,"E: Uncertainty",NA,NA,"E: Uncertainty","E: Uncertainty",NA,NA,NA,"E: Uncertainty","E: Uncertainty",NA,NA,NA,NA,NA,NA,NA
"2023-10-09 20:00:00","PM10",NA,556.2164,0,501.9213,0,181.3204,352.6123,18.9799,NA,1.3422,5.0844,507.6769,0,0.726,7.9218,19.3937,NA,0,0.6827,NA,6.1198,1.7645,0,0,0,0,0,0,0,0,0,NA,5.2183,0,0,0,0,0,3.1187,0,"E: Uncertainty",NA,NA,NA,NA,NA,NA,NA,"E: Uncertainty",NA,NA,NA,NA,NA,NA,NA,"E: Uncertainty",NA,NA,"E: Uncertainty",NA,NA,NA,NA,NA,NA,NA,NA,NA,NA,NA,"E: Uncertainty",NA,NA,NA,NA,NA,NA,NA,NA
"2023-10-09 21:00:00","PM2.5",NA,NA,0,399.184,0,114.9376,80.509,5.6559,NA,NA,2.5756,279.2606,NA,NA,7.6451,16.4335,0,0,1.7046,NA,4.8075,NA,0,0,0,12.8164,NA,NA,0,NA,0,0,NA,0,0,0,0,0,4.1528,0,"E: Uncertainty","E: Uncertainty",NA,NA,NA,NA,NA,NA,"E: Uncertainty","E: Uncertainty",NA,NA,"E: Uncertainty","E: Uncertainty",NA,NA,NA,NA,NA,"E: Uncertainty",NA,"E: Uncertainty",NA,NA,NA,NA,"E: Uncertainty","E: Uncertainty",NA,"E: Uncertainty",NA,NA,"E: Uncertainty",NA,NA,NA,NA,NA,NA,NA
"2023-10-09 22:00:00","PM10",652.4744,464.825,0,416.4936,0,156.3305,261.8711,14.3677,NA,0.8682,5.8531,553.0545,0,NA,21.6574,19.8839,0,0,1.908,NA,4.5789,NA,0,NA,0,NA,NA,NA,0,NA,NA,0,8.5452,0,0,0,0,0,7.1441,0,NA,NA,NA,NA,NA,NA,NA,NA,"E: Uncertainty",NA,NA,NA,NA,"E: Uncertainty",NA,NA,NA,NA,NA,"E: Uncertainty",NA,"E: Uncertainty",NA,"E: Uncertainty",NA,"E: Uncertainty","E: Uncertainty","E: Uncertainty",NA,"E: Uncertainty","E: Uncertainty",NA,NA,NA,NA,NA,NA,NA,NA,NA
"2023-10-09 23:00:00","PM2.5",0,NA,0,330.0649,0,108.9406,54.2133,4.845,NA,0,1.6369,148.525,0,NA,2.4644,14.921,0,0,1.1295,NA,3.5484,0,0,0,0,NA,NA,NA,0,0.1519,NA,NA,NA,0,0,0,0,0,6.3783,0,NA,"E: Uncertainty",NA,NA,NA,NA,NA,NA,"E: Uncertainty",NA,NA,NA,NA,"E: Uncertainty",NA,NA,NA,NA,NA,"E: Uncertainty",NA,NA,NA,NA,NA,"E: Uncertainty","E: Uncertainty","E: Uncertainty",NA,NA,"E: Uncertainty","E: Uncertainty","E: Uncertainty",NA,NA,NA,NA,NA,NA,NA
"2023-10-10 00:30:00","PM10",NA,NA,0,346.7755,0,143.596,193.4013,10.4746,0,NA,NA,215.2788,0,NA,3.4066,15.0983,0,0,2.0123,0,3.8227,NA,0,NA,0,25.3431,NA,NA,0,0,NA,0,0,0,0,0,0,0,4.4564,0,"E: Uncertainty","E: Uncertainty",NA,NA,NA,NA,NA,NA,NA,"E: Uncertainty","E: Uncertainty",NA,NA,"E: Uncertainty",NA,NA,NA,NA,NA,NA,NA,"E: Uncertainty",NA,"E: Uncertainty",NA,NA,"E: Uncertainty","E: Uncertainty",NA,NA,"E: Uncertainty",NA,NA,NA,NA,NA,NA,NA,NA,NA
"2023-10-10 01:00:00","PM2.5",NA,NA,0,309.7573,0,99.1677,59.3979,5.3865,NA,0,1.083,127.4775,NA,NA,3.0901,13.1832,0,0,1.6624,NA,3.5648,NA,0,0,0,16.8857,0,0,0,NA,0.1191,0,NA,0,0,0,0,0,4.5448,0,"E: Uncertainty","E: Uncertainty",NA,NA,NA,NA,NA,NA,"E: Uncertainty",NA,NA,NA,"E: Uncertainty","E: Uncertainty",NA,NA,NA,NA,NA,"E: Uncertainty",NA,"E: Uncertainty",NA,NA,NA,NA,NA,NA,NA,"E: Uncertainty",NA,NA,"E: Uncertainty",NA,NA,NA,NA,NA,NA,NA
"2023-10-10 02:00:00","PM10",0,270.7199,0,387.871,0,135.446,191.989,13.1383,0.8473,NA,2.1489,222.129,NA,NA,3.1154,14.5965,0,0,3.1324,NA,7.0018,NA,0,0,0,NA,NA,0,0,0,0,NA,NA,0,0,0,0,0,3.7275,0,NA,NA,NA,NA,NA,NA,NA,NA,NA,"E: Uncertainty",NA,NA,"E: Uncertainty","E: Uncertainty",NA,NA,NA,NA,NA,"E: Uncertainty",NA,"E: Uncertainty",NA,NA,NA,"E: Uncertainty","E: Uncertainty",NA,NA,NA,NA,"E: Uncertainty","E: Uncertainty",NA,NA,NA,NA,NA,NA,NA
"2023-10-10 03:00:00","PM2.5",0,NA,0,364.001,0,106.1518,68.8733,7.6683,NA,NA,1.497,132.1773,NA,0.5647,2.1727,13.5554,0,0,2.4203,NA,5.8587,NA,0,0,0,16.492,NA,0,0,0.0936,0,0,0,0,0,0,0.0045,0,2.9334,0,NA,"E: Uncertainty",NA,NA,NA,NA,NA,NA,"E: Uncertainty","E: Uncertainty",NA,NA,"E: Uncertainty",NA,NA,NA,NA,NA,NA,"E: Uncertainty",NA,"E: Uncertainty",NA,NA,NA,NA,"E: Uncertainty",NA,NA,NA,NA,NA,NA,NA,NA,NA,NA,NA,NA,NA
"2023-10-10 04:00:00","PM10",NA,510.3093,0,391.9731,0,157.7262,221.9407,16.1757,0.9674,NA,3.8136,246.4196,0,NA,2.7052,14.8931,0,0,1.8829,NA,4.1725,1.7909,0,NA,0,10.7156,NA,0,0,0,0,NA,NA,0,0,0,0,0,3.0634,0,"E: Uncertainty",NA,NA,NA,NA,NA,NA,NA,NA,"E: Uncertainty",NA,NA,NA,"E: Uncertainty",NA,NA,NA,NA,NA,"E: Uncertainty",NA,NA,NA,"E: Uncertainty",NA,NA,"E: Uncertainty",NA,NA,NA,NA,"E: Uncertainty","E: Uncertainty",NA,NA,NA,NA,NA,NA,NA
"2023-10-10 05:00:00","PM2.5",0,234.9587,0,392.437,0,117.9306,62.5876,8.7565,0,NA,2.5507,222.0639,0,NA,10.6857,14.6558,0,0,1.3473,NA,3.9633,NA,0,0,0,12.4635,0,NA,0,NA,NA,NA,4.7849,0,0,0,0,0,3.656,0,NA,NA,NA,NA,NA,NA,NA,NA,NA,"E: Uncertainty",NA,NA,NA,"E: Uncertainty",NA,NA,NA,NA,NA,"E: Uncertainty",NA,"E: Uncertainty",NA,NA,NA,NA,NA,"E: Uncertainty",NA,"E: Uncertainty","E: Uncertainty","E: Uncertainty",NA,NA,NA,NA,NA,NA,NA,NA
"2023-10-10 06:00:00","PM10",0,590.2265,0,448.6666,0,178.6641,298.6357,20.9945,0,1.2464,5.9951,484.7789,0,NA,11.3161,19.1917,0,0,1.7305,0,4.9939,NA,0,NA,0,NA,NA,NA,0,0,0,NA,5.6707,0,0,0,0,0,3.6712,0,NA,NA,NA,NA,NA,NA,NA,NA,NA,NA,NA,NA,NA,"E: Uncertainty",NA,NA,NA,NA,NA,NA,NA,"E: Uncertainty",NA,"E: Uncertainty",NA,"E: Uncertainty","E: Uncertainty","E: Uncertainty",NA,NA,NA,"E: Uncertainty",NA,NA,NA,NA,NA,NA,NA,NA
"2023-10-10 07:00:00","PM2.5",NA,236.5869,0,399.1235,0,127.4915,107.2112,12.8776,0.9146,NA,4.2238,356.8849,NA,NA,12.6634,16.2168,0,0,0.8544,NA,4.5433,1.9421,0,NA,0,16.5081,0,NA,0,NA,NA,0,3.9716,0,0,0,0,0,3.4899,0,"E: Uncertainty",NA,NA,NA,NA,NA,NA,NA,NA,"E: Uncertainty",NA,NA,"E: Uncertainty","E: Uncertainty",NA,NA,NA,NA,NA,"E: Uncertainty",NA,NA,NA,"E: Uncertainty",NA,NA,NA,"E: Uncertainty",NA,"E: Uncertainty","E: Uncertainty",NA,NA,NA,NA,NA,NA,NA,NA,NA
"2023-10-10 08:00:00","PM10",NA,935.091,0,417.5668,0,174.7559,359.9984,29.1362,NA,0.7057,5.1969,535.6176,0,NA,10.7112,15.0425,0,0,0.6279,0,4.0748,1.7407,0,0,0,NA,12.209,NA,0,NA,NA,0.2428,6.9833,0,0,0,0,0,2.9308,0,"E: Uncertainty",NA,NA,NA,NA,NA,NA,NA,"E: Uncertainty",NA,NA,NA,NA,"E: Uncertainty",NA,NA,NA,NA,NA,NA,NA,NA,NA,NA,NA,"E: Uncertainty",NA,"E: Uncertainty",NA,"E: Uncertainty","E: Uncertainty",NA,NA,NA,NA,NA,NA,NA,NA,NA
"2023-10-10 09:00:00","PM2.5",NA,NA,0,403.15,0,94.2114,104.9752,12.6073,0,NA,2.2771,200.8314,0,NA,4.2221,12.3013,0,0,0.5519,NA,4.1276,NA,0,0,0,14.2507,NA,0,0,0,NA,0,NA,0,0,0,0,0,3.1664,0,"E: Uncertainty","E: Uncertainty",NA,NA,NA,NA,NA,NA,NA,"E: Uncertainty",NA,NA,NA,"E: Uncertainty",NA,NA,NA,NA,NA,"E: Uncertainty",NA,"E: Uncertainty",NA,NA,NA,NA,"E: Uncertainty",NA,NA,NA,"E: Uncertainty",NA,"E: Uncertainty",NA,NA,NA,NA,NA,NA,NA
"2023-10-10 10:00:00","PM10",0,722.4893,0,574.621,0,169.6376,337.432,19.7201,1.3055,0.679,5.8746,331.7879,NA,NA,5.5573,20.7851,0,0,0.4056,NA,4.4861,NA,0,0,0,NA,0,NA,0,NA,0,0,NA,0,0,0,0,0,4.8162,0,NA,NA,NA,NA,NA,NA,NA,NA,NA,NA,NA,NA,"E: Uncertainty","E: Uncertainty",NA,NA,NA,NA,NA,"E: Uncertainty",NA,"E: Uncertainty",NA,NA,NA,"E: Uncertainty",NA,"E: Uncertainty",NA,"E: Uncertainty",NA,NA,"E: Uncertainty",NA,NA,NA,NA,NA,NA,NA
"2023-10-10 11:00:00","PM2.5",NA,224.8571,0,591.6502,0,122.281,118.8136,11.79,NA,NA,4.141,212.5388,0,0.5587,3.1034,24.1842,0,0,0.964,NA,3.4293,NA,0,0,0,15.2593,0,NA,0,0,NA,0,0,0,0,0,0,0,3.2682,0,"E: Uncertainty",NA,NA,NA,NA,NA,NA,NA,"E: Uncertainty","E: Uncertainty",NA,NA,NA,NA,NA,NA,NA,NA,NA,"E: Uncertainty",NA,"E: Uncertainty",NA,NA,NA,NA,NA,"E: Uncertainty",NA,NA,"E: Uncertainty",NA,NA,NA,NA,NA,NA,NA,NA,NA
"2023-10-10 12:00:00","PM10",NA,1370.0159,0,495.8818,0,224.1243,445.8505,31.008,0.9259,NA,6.5855,445.7866,0,NA,5.2888,37.6706,0,0,2.1822,NA,3.7202,NA,0,0,0,11.4993,NA,0,0,NA,NA,NA,3.6933,0,0,0,0,0,2.935,0,"E: Uncertainty",NA,NA,NA,NA,NA,NA,NA,NA,"E: Uncertainty",NA,NA,NA,"E: Uncertainty",NA,NA,NA,NA,NA,"E: Uncertainty",NA,"E: Uncertainty",NA,NA,NA,NA,"E: Uncertainty",NA,NA,"E: Uncertainty","E: Uncertainty","E: Uncertainty",NA,NA,NA,NA,NA,NA,NA,NA
"2023-10-10 13:00:00","PM2.5",NA,575.6258,0,533.9997,0,162.0035,156.865,20.018,1.629,NA,3.9516,283.4011,NA,0.6461,3.8683,20.3106,0,0,2.2842,NA,4.451,1.9346,0,0,0,19.9774,NA,NA,0,NA,0,NA,NA,0,0,0,0,0,3.0302,0,"E: Uncertainty",NA,NA,NA,NA,NA,NA,NA,NA,"E: Uncertainty",NA,NA,"E: Uncertainty",NA,NA,NA,NA,NA,NA,"E: Uncertainty",NA,NA,NA,NA,NA,NA,"E: Uncertainty","E: Uncertainty",NA,"E: Uncertainty",NA,"E: Uncertainty","E: Uncertainty",NA,NA,NA,NA,NA,NA,NA
"2023-10-10 14:00:00","PM10",686.531,1549.487,0,629.9994,0,250.3123,484.5118,38.4012,1.7141,0.6824,7.9765,521.6297,0,NA,5.5795,24.1696,0,0,2.4946,NA,3.5158,2.067,0,0,0,NA,NA,0,0,0,0,0,NA,0,0,0,0,0,6.3362,0,NA,NA,NA,NA,NA,NA,NA,NA,NA,NA,NA,NA,NA,"E: Uncertainty",NA,NA,NA,NA,NA,"E: Uncertainty",NA,NA,NA,NA,NA,"E: Uncertainty","E: Uncertainty",NA,NA,NA,NA,NA,"E: Uncertainty",NA,NA,NA,NA,NA,NA,NA
"2023-10-10 15:00:00","PM2.5",NA,383.4515,0,590.8665,0,131.5073,142.837,14.9997,0.8396,NA,2.7702,229.788,0.0033,NA,3.2398,15.7808,0,0,0.739,NA,3.7666,NA,0,0,0,14.7655,NA,0,0,NA,NA,NA,0,0,0.0031,0,0,0,3.2887,0,"E: Uncertainty",NA,NA,NA,NA,NA,NA,NA,NA,"E: Uncertainty",NA,NA,NA,"E: Uncertainty",NA,NA,NA,NA,NA,"E: Uncertainty",NA,"E: Uncertainty",NA,NA,NA,NA,"E: Uncertainty",NA,NA,"E: Uncertainty","E: Uncertainty","E: Uncertainty",NA,NA,NA,NA,NA,NA,NA,NA
"2023-10-10 16:00:00","PM10",NA,1358.7833,0,760.412,0,217.1906,448.6088,31.5459,1.2884,0.7301,6.1442,477.8963,0,0.8752,6.0103,21.877,0,0,1.4396,NA,3.7811,2.2327,0,NA,0,NA,0,0,0,0,0.0183,NA,3.1205,0,0,0,0,0,6.2947,0,"E: Uncertainty",NA,NA,NA,NA,NA,NA,NA,NA,NA,NA,NA,NA,NA,NA,NA,NA,NA,NA,"E: Uncertainty",NA,NA,NA,"E: Uncertainty",NA,"E: Uncertainty",NA,NA,NA,NA,NA,"E: Uncertainty",NA,NA,NA,NA,NA,NA,NA,NA
"2023-10-10 17:00:00","PM2.5",0,472.0187,0,474.9858,0,129.8644,129.6786,14.6213,NA,NA,1.7908,220.8708,0,NA,3.1035,11.6894,0,0,0.5134,0,2.7089,NA,0,NA,0,14.4353,NA,NA,0,NA,0,NA,NA,0,0,0,0,0,3.4609,0,NA,NA,NA,NA,NA,NA,NA,NA,"E: Uncertainty","E: Uncertainty",NA,NA,NA,"E: Uncertainty",NA,NA,NA,NA,NA,NA,NA,"E: Uncertainty",NA,"E: Uncertainty",NA,NA,"E: Uncertainty","E: Uncertainty",NA,"E: Uncertainty",NA,"E: Uncertainty","E: Uncertainty",NA,NA,NA,NA,NA,NA,NA
"2023-10-10 18:00:00","PM10",NA,1634.8801,0,548.5996,86.3585,228.3374,455.1787,37.9224,NA,1.2004,6.0664,522.0371,0,NA,5.7895,21.7108,0,0,NA,NA,3.1788,3.7651,0,NA,0,10.1868,NA,0,0,NA,NA,NA,4.9655,0,0,0,0,0,4.2431,0,"E: Uncertainty",NA,NA,NA,NA,NA,NA,NA,"E: Uncertainty",NA,NA,NA,NA,"E: Uncertainty",NA,NA,NA,NA,"E: Uncertainty","E: Uncertainty",NA,NA,NA,"E: Uncertainty",NA,NA,"E: Uncertainty",NA,NA,"E: Uncertainty","E: Uncertainty","E: Uncertainty",NA,NA,NA,NA,NA,NA,NA,NA
"2023-10-10 19:00:00","PM2.5",NA,1128.4217,0,514.0146,0,168.319,184.1779,24.7279,NA,NA,4.0475,329.407,0,NA,3.5036,19.0052,0,0,0,NA,4.4245,NA,0,NA,0,17.3952,0,NA,0,NA,0,NA,0,0,0,0,0,0,4.823,0,"E: Uncertainty",NA,NA,NA,NA,NA,NA,NA,"E: Uncertainty","E: Uncertainty",NA,NA,NA,"E: Uncertainty",NA,NA,NA,NA,NA,"E: Uncertainty",NA,"E: Uncertainty",NA,"E: Uncertainty",NA,NA,NA,"E: Uncertainty",NA,"E: Uncertainty",NA,"E: Uncertainty",NA,NA,NA,NA,NA,NA,NA,NA
"2023-10-10 20:00:00","PM10",1025.7919,1569.2043,0,595.7154,132.1789,223.3474,400.3589,36.7686,0.9314,NA,6.0327,508.5415,0,0.7112,4.0503,22.4066,0,0,0.5597,NA,5.9235,2.881,0,0,0,0,NA,NA,0,NA,NA,NA,3.66,0,0,0,0,0,4.7167,0,NA,NA,NA,NA,NA,NA,NA,NA,NA,"E: Uncertainty",NA,NA,NA,NA,NA,NA,NA,NA,NA,"E: Uncertainty",NA,NA,NA,NA,NA,NA,"E: Uncertainty","E: Uncertainty",NA,"E: Uncertainty","E: Uncertainty","E: Uncertainty",NA,NA,NA,NA,NA,NA,NA,NA
"2023-10-10 21:00:00","PM2.5",3.9433,475.2788,0,748.8512,0,133.0359,119.733,12.5928,NA,0,1.7931,178.872,0,0.7419,2.3799,13.6997,0,0,0.756,NA,4.8859,NA,0,0,0,13.0208,0,0,0,0,0,0,0,0,0,0,0,0,3.3486,0,NA,NA,NA,NA,NA,NA,NA,NA,"E: Uncertainty",NA,NA,NA,NA,NA,NA,NA,NA,NA,NA,"E: Uncertainty",NA,"E: Uncertainty",NA,NA,NA,NA,NA,NA,NA,NA,NA,NA,NA,NA,NA,NA,NA,NA,NA,NA
"2023-10-10 22:00:00","PM10",NA,1055.366,0,927.4232,143.6858,192.6801,314.7796,26.6614,NA,NA,3.9145,311.9835,0,NA,3.2637,11.7286,0,0,0.3865,NA,5.5185,2.2312,0,0,0,13.3098,0,0,0,NA,0,0,0,0,0,0,0,0,3.9573,0,"E: Uncertainty",NA,NA,NA,NA,NA,NA,NA,"E: Uncertainty","E: Uncertainty",NA,NA,NA,"E: Uncertainty",NA,NA,NA,NA,NA,"E: Uncertainty",NA,NA,NA,NA,NA,NA,NA,NA,NA,"E: Uncertainty",NA,NA,NA,NA,NA,NA,NA,NA,NA,NA
"2023-10-10 23:00:00","PM2.5",NA,NA,0,782.3327,0,91.0623,72.1722,8.7229,NA,0.008,NA,110.6749,0,NA,0.7467,8.4881,0,0,1.502,NA,3.1758,NA,0,0,NA,NA,NA,NA,0,NA,NA,NA,NA,0,0,0,0,0,0,0,"E: Uncertainty","E: Uncertainty",NA,NA,NA,NA,NA,NA,"E: Uncertainty",NA,"E: Uncertainty",NA,NA,"E: Uncertainty",NA,NA,NA,NA,NA,"E: Uncertainty",NA,"E: Uncertainty",NA,NA,"E: Uncertainty","E: Uncertainty","E: Uncertainty","E: Uncertainty",NA,"E: Uncertainty","E: Uncertainty","E: Uncertainty","E: Uncertainty",NA,NA,NA,NA,NA,NA,NA
"2023-10-11 00:30:00","PM10",0,NA,0,741.9141,73.2704,77.7344,92.5031,5.5404,NA,0,0.0017,97.3963,NA,NA,NA,4.8286,NA,0,NA,NA,2.2558,NA,0,0,0,24.2133,NA,NA,0,0,NA,NA,NA,0,0,0,0,0,NA,0,NA,"E: Uncertainty",NA,NA,NA,NA,NA,NA,"E: Uncertainty",NA,NA,NA,"E: Uncertainty","E: Uncertainty","E: Uncertainty",NA,"E: Uncertainty",NA,"E: Uncertainty","E: Uncertainty",NA,"E: Uncertainty",NA,NA,NA,NA,"E: Uncertainty","E: Uncertainty",NA,NA,"E: Uncertainty","E: Uncertainty","E: Uncertainty",NA,NA,NA,NA,NA,"E: Uncertainty",NA
"2023-10-11 01:00:00","PM2.5",904.2682,NA,0,417.2295,0,31.4783,14.5062,1.8899,NA,0,0,23.4015,0,NA,NA,1.9779,0,0,0,0,0.7416,NA,0,0,0,19.1955,NA,0,0,0,0,NA,0,0,0,0,0,0,1.0341,0,NA,"E: Uncertainty",NA,NA,NA,NA,NA,NA,"E: Uncertainty",NA,NA,NA,NA,"E: Uncertainty","E: Uncertainty",NA,NA,NA,NA,NA,NA,"E: Uncertainty",NA,NA,NA,NA,"E: Uncertainty",NA,NA,NA,NA,"E: Uncertainty",NA,NA,NA,NA,NA,NA,NA,NA
"2023-10-11 02:00:00","PM10",NA,0,0,274.8436,37.7893,25.2094,23.0894,1.4894,NA,0,0,24.1688,NA,NA,NA,1.2553,0,0,0.4588,0,1.0358,0,0,0,0,NA,NA,NA,0,NA,0,0,0,0,0,0,0,0,0,0,"E: Uncertainty",NA,NA,NA,NA,NA,NA,NA,"E: Uncertainty",NA,NA,NA,"E: Uncertainty","E: Uncertainty","E: Uncertainty",NA,NA,NA,NA,NA,NA,NA,NA,NA,NA,"E: Uncertainty","E: Uncertainty","E: Uncertainty",NA,"E: Uncertainty",NA,NA,NA,NA,NA,NA,NA,NA,NA,NA
"2023-10-11 03:00:00","PM2.5",0,0.9992,0,200.3618,14.0198,17.0424,8.7913,NA,NA,0,0,12.8444,NA,0,NA,0.5142,0,0,0,0,NA,0,0,0,0,14.3537,NA,0,0,0,NA,NA,NA,0,0,0,NA,0,0.7051,0,NA,NA,NA,NA,NA,NA,NA,"E: Uncertainty","E: Uncertainty",NA,NA,NA,"E: Uncertainty",NA,"E: Uncertainty",NA,NA,NA,NA,NA,"E: Uncertainty",NA,NA,NA,NA,NA,"E: Uncertainty",NA,NA,NA,"E: Uncertainty","E: Uncertainty","E: Uncertainty",NA,NA,NA,"E: Uncertainty",NA,NA,NA
"2023-10-11 04:00:00","PM10",NA,0,0,207.95,45.3127,26.7126,22.6031,1.4634,NA,0,0,32.1613,0,NA,0.9177,1.4205,0,0,0,NA,0.8132,NA,0,0,0,13.6429,NA,NA,0,0,NA,NA,0,0,0.031,0,0,0,NA,0,"E: Uncertainty",NA,NA,NA,NA,NA,NA,NA,"E: Uncertainty",NA,NA,NA,NA,"E: Uncertainty",NA,NA,NA,NA,NA,"E: Uncertainty",NA,"E: Uncertainty",NA,NA,NA,NA,"E: Uncertainty","E: Uncertainty",NA,NA,"E: Uncertainty","E: Uncertainty",NA,NA,NA,NA,NA,NA,"E: Uncertainty",NA
"2023-10-11 05:00:00","PM2.5",0,0,0,139.0593,0,15.5714,10.5955,NA,NA,NA,0,35.0184,NA,0,2.2639,1.2754,0,0,NA,0.0051,0,NA,0,0,0,12.6965,0,0,0,0,NA,NA,NA,0,0,0,0,0,0,0,NA,NA,NA,NA,NA,NA,NA,"E: Uncertainty","E: Uncertainty","E: Uncertainty",NA,NA,"E: Uncertainty",NA,NA,NA,NA,NA,"E: Uncertainty",NA,NA,"E: Uncertainty",NA,NA,NA,NA,NA,NA,NA,NA,"E: Uncertainty","E: Uncertainty","E: Uncertainty",NA,NA,NA,NA,NA,NA,NA
"2023-10-11 06:00:00","PM10",NA,0,NA,75.9686,21.7883,38.1048,29.9157,NA,0,NA,0,69.9725,NA,0,2.6797,1.8442,NA,0,NA,0,0,NA,NA,0,0,13.4368,NA,NA,0,0,NA,0,NA,0,0,0,0,0,0,0,"E: Uncertainty",NA,"E: Uncertainty",NA,NA,NA,NA,"E: Uncertainty",NA,"E: Uncertainty",NA,NA,"E: Uncertainty",NA,NA,NA,"E: Uncertainty",NA,"E: Uncertainty",NA,NA,"E: Uncertainty","E: Uncertainty",NA,NA,NA,"E: Uncertainty","E: Uncertainty",NA,NA,"E: Uncertainty",NA,"E: Uncertainty",NA,NA,NA,NA,NA,NA,NA
"2023-10-11 07:00:00","PM2.5",NA,0,0,85.8638,NA,13.9715,14.6924,3.8167,0,0,0.0047,64.0883,0,0.0035,3.2676,1.1047,0,0,0,0,NA,NA,0,0,0,24.2285,0,0,0,0,0,NA,NA,0,0,0,0,0,NA,0,"E: Uncertainty",NA,NA,NA,"E: Uncertainty",NA,NA,NA,NA,NA,NA,NA,NA,NA,NA,NA,NA,NA,NA,NA,"E: Uncertainty","E: Uncertainty",NA,NA,NA,NA,NA,NA,NA,NA,NA,"E: Uncertainty","E: Uncertainty",NA,NA,NA,NA,NA,"E: Uncertainty",NA
"2023-10-11 08:00:00","PM10",NA,0,0,93.9532,11.3764,37.9326,33.1501,4.0863,0,NA,NA,142.2354,0,NA,3.9071,2.2743,0,0,NA,0,0,NA,0,0,0,9.8706,0,0,0,NA,0,0,NA,0,0,0,0,0,0,0,"E: Uncertainty",NA,NA,NA,NA,NA,NA,NA,NA,"E: Uncertainty","E: Uncertainty",NA,NA,"E: Uncertainty",NA,NA,NA,NA,"E: Uncertainty",NA,NA,"E: Uncertainty",NA,NA,NA,NA,NA,NA,NA,"E: Uncertainty",NA,NA,"E: Uncertainty",NA,NA,NA,NA,NA,NA,NA
"2023-10-11 09:00:00","PM2.5",NA,0,0,119.8749,0,21.9696,10.6953,NA,NA,0,0,48.4134,NA,NA,2.1566,1.2888,NA,0,NA,NA,NA,NA,0,0,0,11.1875,0,0,0,NA,NA,0,NA,0,0,0,0,0,NA,0,"E: Uncertainty",NA,NA,NA,NA,NA,NA,"E: Uncertainty","E: Uncertainty",NA,NA,NA,"E: Uncertainty","E: Uncertainty",NA,NA,"E: Uncertainty",NA,"E: Uncertainty","E: Uncertainty","E: Uncertainty","E: Uncertainty",NA,NA,NA,NA,NA,NA,NA,"E: Uncertainty","E: Uncertainty",NA,"E: Uncertainty",NA,NA,NA,NA,NA,"E: Uncertainty",NA
"2023-10-11 10:00:00","PM10",NA,0,0,86.0589,0,43.8952,36.5278,3.8731,NA,0,0,92.7368,NA,NA,4.3015,2.0296,0,0,NA,NA,NA,NA,0,NA,0,NA,NA,NA,0,NA,0,NA,NA,0,0,0,NA,0,NA,0,"E: Uncertainty",NA,NA,NA,NA,NA,NA,NA,"E: Uncertainty",NA,NA,NA,"E: Uncertainty","E: Uncertainty",NA,NA,NA,NA,"E: Uncertainty","E: Uncertainty","E: Uncertainty","E: Uncertainty",NA,"E: Uncertainty",NA,"E: Uncertainty","E: Uncertainty","E: Uncertainty",NA,"E: Uncertainty",NA,"E: Uncertainty","E: Uncertainty",NA,NA,NA,"E: Uncertainty",NA,"E: Uncertainty",NA
"2023-10-11 11:00:00","PM2.5",0,NA,0,189.3559,0,34.9008,40.8527,3.4234,NA,2e-04,NA,67.7863,0,NA,1.9267,2.8992,0,0,NA,0,NA,NA,0,0,0,NA,NA,NA,0,NA,NA,0,0,0,0,0,0,0,1.8086,0,NA,"E: Uncertainty",NA,NA,NA,NA,NA,NA,"E: Uncertainty",NA,"E: Uncertainty",NA,NA,"E: Uncertainty",NA,NA,NA,NA,"E: Uncertainty",NA,"E: Uncertainty","E: Uncertainty",NA,NA,NA,"E: Uncertainty","E: Uncertainty","E: Uncertainty",NA,"E: Uncertainty","E: Uncertainty",NA,NA,NA,NA,NA,NA,NA,NA,NA
"2023-10-11 12:00:00","PM10",0,1333.4196,0,580.2698,40.6665,176.9519,393.9092,29.3242,1.1997,NA,3.5216,367.5684,0,0.7281,3.9025,5.8569,0,0,NA,NA,1.4142,1.7465,0,NA,NA,13.8856,NA,0,0,0,0,NA,NA,0,0,0,NA,0,1.596,0,NA,NA,NA,NA,NA,NA,NA,NA,NA,"E: Uncertainty",NA,NA,NA,NA,NA,NA,NA,NA,"E: Uncertainty","E: Uncertainty",NA,NA,NA,"E: Uncertainty","E: Uncertainty",NA,"E: Uncertainty",NA,NA,NA,NA,"E: Uncertainty","E: Uncertainty",NA,NA,NA,"E: Uncertainty",NA,NA,NA
"2023-10-11 13:00:00","PM2.5",NA,1275.8741,0,970.1656,0,201.8235,344.135,30.2927,1.6923,NA,4.4239,343.7202,0,0.8919,3.0627,7.704,0,0,0,NA,2.4263,1.706,0,0,0,15.2304,0,NA,0,NA,NA,NA,NA,0,0,0,NA,0,2.7935,0,"E: Uncertainty",NA,NA,NA,NA,NA,NA,NA,NA,"E: Uncertainty",NA,NA,NA,NA,NA,NA,NA,NA,NA,"E: Uncertainty",NA,NA,NA,NA,NA,NA,NA,"E: Uncertainty",NA,"E: Uncertainty","E: Uncertainty","E: Uncertainty","E: Uncertainty",NA,NA,NA,"E: Uncertainty",NA,NA,NA
"2023-10-11 14:00:00","PM10",2372.6684,6166.0928,0,1273.0149,666.007,678.4887,1717.3194,112.9351,5.1381,1.3347,15.4459,1141.1003,0,1.3463,5.2397,11.9579,NA,0,0.8121,0.4683,5.3138,8.6489,0,NA,0,9.3933,0,NA,0,NA,NA,NA,7.0413,0,0,0,0,0,5.2649,0,NA,NA,NA,NA,NA,NA,NA,NA,NA,NA,NA,NA,NA,NA,NA,NA,"E: Uncertainty",NA,NA,NA,NA,NA,NA,"E: Uncertainty",NA,NA,NA,"E: Uncertainty",NA,"E: Uncertainty","E: Uncertainty","E: Uncertainty",NA,NA,NA,NA,NA,NA,NA,NA
"2023-10-11 15:00:00","PM2.5",NA,NA,NA,NA,NA,NA,NA,NA,NA,NA,NA,NA,NA,NA,NA,NA,NA,NA,NA,NA,NA,NA,NA,NA,NA,NA,NA,NA,NA,NA,NA,NA,NA,NA,NA,NA,NA,NA,NA,NA,"E: Uncertainty","E: Erroneous Data","E: Erroneous Data","E: Erroneous Data","E: Erroneous Data","E: Erroneous Data","E: Erroneous Data","E: Erroneous Data","E: Erroneous Data","E: Uncertainty","E: Erroneous Data","E: Erroneous Data","E: Erroneous Data","E: Erroneous Data","E: Erroneous Data","E: Erroneous Data","E: Erroneous Data","E: Erroneous Data","E: Erroneous Data","E: Uncertainty","E: Erroneous Data","E: Erroneous Data","E: Erroneous Data","E: Erroneous Data","E: Erroneous Data","E: Uncertainty","E: Uncertainty","E: Uncertainty","E: Erroneous Data","E: Uncertainty","E: Uncertainty","E: Uncertainty","E: Erroneous Data","E: Erroneous Data","E: Erroneous Data","E: Erroneous Data","E: Uncertainty","E: Erroneous Data","E: Erroneous Data","E: Erroneous Data"
"2023-10-11 16:00:00","PM10",NA,NA,NA,NA,NA,NA,NA,NA,NA,NA,NA,NA,NA,NA,NA,NA,NA,NA,NA,NA,NA,NA,NA,NA,NA,NA,NA,NA,NA,NA,NA,NA,NA,NA,NA,NA,NA,NA,NA,NA,"E: Erroneous Data","E: Erroneous Data","E: Erroneous Data","E: Erroneous Data","E: Erroneous Data","E: Erroneous Data","E: Erroneous Data","E: Erroneous Data","E: Erroneous Data","E: Erroneous Data","E: Erroneous Data","E: Erroneous Data","E: Uncertainty","E: Erroneous Data","E: Erroneous Data","E: Erroneous Data","E: Erroneous Data","E: Erroneous Data","E: Erroneous Data","E: Uncertainty","E: Erroneous Data","E: Erroneous Data","E: Erroneous Data","E: Uncertainty","E: Erroneous Data","E: Erroneous Data","E: Erroneous Data","E: Erroneous Data","E: Erroneous Data","E: Uncertainty","E: Uncertainty","E: Uncertainty","E: Erroneous Data","E: Erroneous Data","E: Erroneous Data","E: Erroneous Data","E: Erroneous Data","E: Erroneous Data","E: Erroneous Data","E: Erroneous Data"
"2023-10-11 17:00:00","PM2.5",NA,NA,NA,NA,NA,NA,NA,NA,NA,NA,NA,NA,NA,NA,NA,NA,NA,NA,NA,NA,NA,NA,NA,NA,NA,NA,NA,NA,NA,NA,NA,NA,NA,NA,NA,NA,NA,NA,NA,NA,"E: Uncertainty","E: Erroneous Data","E: Erroneous Data","E: Erroneous Data","E: Erroneous Data","E: Erroneous Data","E: Erroneous Data","E: Erroneous Data","E: Erroneous Data","E: Erroneous Data","E: Erroneous Data","E: Erroneous Data","E: Uncertainty","E: Erroneous Data","E: Erroneous Data","E: Erroneous Data","E: Erroneous Data","E: Erroneous Data","E: Erroneous Data","E: Uncertainty","E: Erroneous Data","E: Erroneous Data","E: Erroneous Data","E: Erroneous Data","E: Erroneous Data","E: Uncertainty","E: Uncertainty","E: Erroneous Data","E: Erroneous Data","E: Uncertainty","E: Erroneous Data","E: Uncertainty","E: Uncertainty","E: Erroneous Data","E: Erroneous Data","E: Erroneous Data","E: Erroneous Data","E: Erroneous Data","E: Uncertainty","E: Erroneous Data"
"2023-10-11 18:00:00","PM10",NA,NA,NA,NA,NA,NA,NA,NA,NA,NA,NA,NA,NA,NA,NA,NA,NA,NA,NA,NA,NA,NA,NA,NA,NA,NA,NA,NA,NA,NA,NA,NA,NA,NA,NA,NA,NA,NA,NA,NA,"E: Erroneous Data","E: Erroneous Data","E: Erroneous Data","E: Erroneous Data","E: Erroneous Data","E: Erroneous Data","E: Erroneous Data","E: Erroneous Data","E: Uncertainty","E: Erroneous Data","E: Erroneous Data","E: Erroneous Data","E: Uncertainty","E: Uncertainty","E: Erroneous Data","E: Erroneous Data","E: Erroneous Data","E: Erroneous Data","E: Erroneous Data","E: Erroneous Data","E: Erroneous Data","E: Erroneous Data","E: Erroneous Data","E: Erroneous Data","E: Erroneous Data","E: Erroneous Data","E: Uncertainty","E: Uncertainty","E: Erroneous Data","E: Uncertainty","E: Uncertainty","E: Uncertainty","E: Erroneous Data","E: Erroneous Data","E: Erroneous Data","E: Erroneous Data","E: Erroneous Data","E: Erroneous Data","E: Erroneous Data","E: Erroneous Data"
"2023-10-11 19:00:00","PM2.5",NA,NA,NA,NA,NA,NA,NA,NA,NA,NA,NA,NA,NA,NA,NA,NA,NA,NA,NA,NA,NA,NA,NA,NA,NA,NA,NA,NA,NA,NA,NA,NA,NA,NA,NA,NA,NA,NA,NA,NA,"E: Erroneous Data","E: Erroneous Data","E: Erroneous Data","E: Erroneous Data","E: Erroneous Data","E: Erroneous Data","E: Erroneous Data","E: Erroneous Data","E: Erroneous Data","E: Uncertainty","E: Uncertainty","E: Erroneous Data","E: Erroneous Data","E: Uncertainty","E: Erroneous Data","E: Erroneous Data","E: Erroneous Data","E: Erroneous Data","E: Erroneous Data","E: Erroneous Data","E: Erroneous Data","E: Uncertainty","E: Erroneous Data","E: Erroneous Data","E: Erroneous Data","E: Erroneous Data","E: Uncertainty","E: Uncertainty","E: Erroneous Data","E: Uncertainty","E: Uncertainty","E: Uncertainty","E: Uncertainty","E: Erroneous Data","E: Erroneous Data","E: Erroneous Data","E: Erroneous Data","E: Erroneous Data","E: Erroneous Data","E: Erroneous Data"
"2023-10-11 20:00:00","PM10",NA,NA,NA,NA,NA,NA,NA,NA,NA,NA,NA,NA,NA,NA,NA,NA,NA,NA,NA,NA,NA,NA,NA,NA,NA,NA,NA,NA,NA,NA,NA,NA,NA,NA,NA,NA,NA,NA,NA,NA,"E: Erroneous Data","E: Erroneous Data","E: Erroneous Data","E: Erroneous Data","E: Erroneous Data","E: Erroneous Data","E: Erroneous Data","E: Erroneous Data","E: Erroneous Data","E: Uncertainty","E: Uncertainty","E: Erroneous Data","E: Uncertainty","E: Uncertainty","E: Erroneous Data","E: Erroneous Data","E: Erroneous Data","E: Erroneous Data","E: Uncertainty","E: Erroneous Data","E: Erroneous Data","E: Uncertainty","E: Erroneous Data","E: Erroneous Data","E: Erroneous Data","E: Erroneous Data","E: Uncertainty","E: Uncertainty","E: Erroneous Data","E: Uncertainty","E: Uncertainty","E: Uncertainty","E: Uncertainty","E: Erroneous Data","E: Erroneous Data","E: Erroneous Data","E: Erroneous Data","E: Erroneous Data","E: Erroneous Data","E: Erroneous Data"
"2023-10-11 21:00:00","PM2.5",NA,NA,NA,NA,NA,NA,NA,NA,NA,NA,NA,NA,NA,NA,NA,NA,NA,NA,NA,NA,NA,NA,NA,NA,NA,NA,NA,NA,NA,NA,NA,NA,NA,NA,NA,NA,NA,NA,NA,NA,"E: Uncertainty","E: Erroneous Data","E: Uncertainty","E: Erroneous Data","E: Erroneous Data","E: Erroneous Data","E: Erroneous Data","E: Erroneous Data","E: Erroneous Data","E: Erroneous Data","E: Erroneous Data","E: Erroneous Data","E: Erroneous Data","E: Uncertainty","E: Erroneous Data","E: Erroneous Data","E: Erroneous Data","E: Erroneous Data","E: Erroneous Data","E: Erroneous Data","E: Erroneous Data","E: Uncertainty","E: Erroneous Data","E: Erroneous Data","E: Erroneous Data","E: Erroneous Data","E: Uncertainty","E: Erroneous Data","E: Erroneous Data","E: Erroneous Data","E: Uncertainty","E: Erroneous Data","E: Uncertainty","E: Erroneous Data","E: Erroneous Data","E: Erroneous Data","E: Erroneous Data","E: Erroneous Data","E: Uncertainty","E: Erroneous Data"
"2023-10-11 22:00:00","PM10",NA,NA,0,200.2244,1495.5509,76.9697,130.2685,11.6391,1.4742,NA,NA,169.2206,NA,0,4.417,2.4719,0,0,NA,0,3.5228,NA,0,0,0,9.4722,0,NA,0,NA,NA,NA,3.0463,0,0,0,0,0,0,0,"E: Uncertainty","E: Uncertainty",NA,NA,NA,NA,NA,NA,NA,"E: Uncertainty","E: Uncertainty",NA,"E: Uncertainty",NA,NA,NA,NA,NA,"E: Uncertainty",NA,NA,"E: Uncertainty",NA,NA,NA,NA,NA,"E: Uncertainty",NA,"E: Uncertainty","E: Uncertainty","E: Uncertainty",NA,NA,NA,NA,NA,NA,NA,NA
"2023-10-11 23:00:00","PM2.5",NA,0,NA,93.1022,488.6084,27.7821,30.7718,NA,NA,NA,0,53.551,0,NA,1.3771,1.6509,0,0,NA,0,1.0708,NA,0,NA,0,NA,0,0,0,NA,NA,NA,0,0,0,0,NA,0,0,0,"E: Uncertainty",NA,"E: Uncertainty",NA,NA,NA,NA,"E: Uncertainty","E: Uncertainty","E: Uncertainty",NA,NA,NA,"E: Uncertainty",NA,NA,NA,NA,"E: Uncertainty",NA,NA,"E: Uncertainty",NA,"E: Uncertainty",NA,"E: Uncertainty",NA,NA,NA,"E: Uncertainty","E: Uncertainty","E: Uncertainty",NA,NA,NA,NA,"E: Uncertainty",NA,NA,NA
"2023-10-12 00:30:00","PM10",NA,0,0,132.89,1348.3838,67.411,94.4101,NA,0,0.0048,NA,86.189,0,0,1.9615,2.2387,0,0,0,0,NA,NA,0,NA,0,26.065,NA,0.0429,0,NA,NA,NA,0,0,0,0,0,0,0,0,"E: Uncertainty",NA,NA,NA,NA,NA,NA,"E: Uncertainty",NA,NA,"E: Uncertainty",NA,NA,NA,NA,NA,NA,NA,NA,NA,"E: Uncertainty","E: Uncertainty",NA,"E: Uncertainty",NA,NA,"E: Uncertainty",NA,NA,"E: Uncertainty","E: Uncertainty","E: Uncertainty",NA,NA,NA,NA,NA,NA,NA,NA
"2023-10-12 01:00:00","PM2.5",NA,0,NA,100.5529,330.1393,29.6953,23.5547,NA,NA,0,NA,39.252,NA,NA,0.8435,2.1638,0,0,NA,0,0.5859,NA,0,0,0,13.2129,0,0,0,0,NA,NA,0,0,NA,0,0,0,0,0,"E: Uncertainty",NA,"E: Uncertainty",NA,NA,NA,NA,"E: Uncertainty","E: Uncertainty",NA,"E: Uncertainty",NA,"E: Uncertainty","E: Uncertainty",NA,NA,NA,NA,"E: Uncertainty",NA,NA,"E: Uncertainty",NA,NA,NA,NA,NA,NA,NA,NA,"E: Uncertainty","E: Uncertainty",NA,NA,"E: Uncertainty",NA,NA,NA,NA,NA
"2023-10-12 02:00:00","PM10",NA,0,0,157.6068,1096.9158,79.4794,99.8549,3.1041,0.867,0,NA,74.5272,0,0.0071,1.3532,3.1321,0,0,NA,0,1.6443,NA,0,0,0,19.5416,0,NA,0,0,0,0,NA,0,0,0,0,0,NA,0,"E: Uncertainty",NA,NA,NA,NA,NA,NA,NA,NA,NA,"E: Uncertainty",NA,NA,NA,NA,NA,NA,NA,"E: Uncertainty",NA,NA,"E: Uncertainty",NA,NA,NA,NA,NA,"E: Uncertainty",NA,NA,NA,NA,"E: Uncertainty",NA,NA,NA,NA,NA,"E: Uncertainty",NA
"2023-10-12 03:00:00","PM2.5",NA,0,0,118.2768,321.5796,30.6786,31.9954,1.5966,NA,0,NA,36.6327,0,NA,0.8621,2.0467,0,0,0,0,0.9321,NA,0,0,0,NA,NA,NA,0,0,NA,NA,NA,0,0,0,0,0,0.7698,0,"E: Uncertainty",NA,NA,NA,NA,NA,NA,NA,"E: Uncertainty",NA,"E: Uncertainty",NA,NA,"E: Uncertainty",NA,NA,NA,NA,NA,NA,NA,"E: Uncertainty",NA,NA,NA,"E: Uncertainty","E: Uncertainty","E: Uncertainty",NA,NA,"E: Uncertainty","E: Uncertainty","E: Uncertainty",NA,NA,NA,NA,NA,NA,NA
"2023-10-12 04:00:00","PM10",626.0837,0,0,194.0561,1163.5484,73.5017,119.1501,1.6308,0,1.1456,1.7161,101.5856,0,NA,2.3265,7.2946,0,0,NA,NA,2.4256,NA,0,0,0,0,NA,0,0,NA,NA,NA,NA,0,NA,0,0,0,0.8405,0,NA,NA,NA,NA,NA,NA,NA,NA,NA,NA,NA,NA,NA,"E: Uncertainty",NA,NA,NA,NA,"E: Uncertainty","E: Uncertainty",NA,"E: Uncertainty",NA,NA,NA,NA,"E: Uncertainty",NA,NA,"E: Uncertainty","E: Uncertainty","E: Uncertainty","E: Uncertainty",NA,"E: Uncertainty",NA,NA,NA,NA,NA
"2023-10-12 05:00:00","PM2.5",NA,0,0,125.5691,231.3656,42.0425,39.9476,NA,0,NA,1.0348,71.3654,0,NA,2.2169,9.5632,0,0,0.506,NA,1.03,NA,0,0,0,NA,0,NA,0,0,NA,NA,0,0,0,0,0,0,0.9613,0,"E: Uncertainty",NA,NA,NA,NA,NA,NA,"E: Uncertainty",NA,"E: Uncertainty",NA,NA,NA,"E: Uncertainty",NA,NA,NA,NA,NA,"E: Uncertainty",NA,"E: Uncertainty",NA,NA,NA,"E: Uncertainty",NA,"E: Uncertainty",NA,NA,"E: Uncertainty","E: Uncertainty",NA,NA,NA,NA,NA,NA,NA,NA
"2023-10-12 06:00:00","PM10",NA,NA,0,217.5173,921.1271,108.2581,206.6461,8.8362,0,3.2851,4.3482,278.8988,0,0.5631,6.2611,20.7683,0,0,0.6547,0.784,2.1101,NA,0,NA,0,12.2679,NA,0,0,NA,0,NA,NA,0,0,0,0,0,2.4152,0,"E: Uncertainty","E: Uncertainty",NA,NA,NA,NA,NA,NA,NA,NA,NA,NA,NA,NA,NA,NA,NA,NA,NA,NA,NA,"E: Uncertainty",NA,"E: Uncertainty",NA,NA,"E: Uncertainty",NA,NA,"E: Uncertainty",NA,"E: Uncertainty","E: Uncertainty",NA,NA,NA,NA,NA,NA,NA
"2023-10-12 07:00:00","PM2.5",0,0.8095,0,155.6541,306.625,91.3858,133.537,3.3038,0,1.4625,2.8859,203.3394,0,0.5302,4.3855,21.7519,0,0,0.532,0.8644,1.8495,NA,0,0,0,17.1831,NA,0,0,NA,NA,NA,0,0,0,0,0,0,2.613,0,NA,NA,NA,NA,NA,NA,NA,NA,NA,NA,NA,NA,NA,NA,NA,NA,NA,NA,NA,NA,NA,"E: Uncertainty",NA,NA,NA,NA,"E: Uncertainty",NA,NA,"E: Uncertainty","E: Uncertainty","E: Uncertainty",NA,NA,NA,NA,NA,NA,NA,NA
"2023-10-12 08:00:00","PM10",0,NA,0,226.3539,1354.8047,132.4943,375.1188,10.7916,0,2.533,4.3036,391.0263,NA,0.542,9.0541,45.7287,0,0,0.9107,1.4109,3.1642,NA,0,0,0,18.3992,0,NA,0,0,NA,NA,8.6877,0,0,0,0,0,3.14,0,NA,"E: Uncertainty",NA,NA,NA,NA,NA,NA,NA,NA,NA,NA,"E: Uncertainty",NA,NA,NA,NA,NA,NA,NA,NA,"E: Uncertainty",NA,NA,NA,NA,NA,"E: Uncertainty",NA,NA,"E: Uncertainty","E: Uncertainty",NA,NA,NA,NA,NA,NA,NA,NA
"2023-10-12 09:00:00","PM2.5",0,0,0,139.2483,633.6353,81.3562,123.9319,3.2193,0,0.9479,2.5368,221.3059,NA,NA,5.5985,35.694,0,0,1.393,1.0309,2.0666,NA,0,0,0,10.9234,NA,NA,0,0,NA,0.12,NA,0,0,0,0,0,2.0623,0,NA,NA,NA,NA,NA,NA,NA,NA,NA,NA,NA,NA,"E: Uncertainty","E: Uncertainty",NA,NA,NA,NA,NA,NA,NA,"E: Uncertainty",NA,NA,NA,NA,"E: Uncertainty","E: Uncertainty",NA,NA,"E: Uncertainty",NA,"E: Uncertainty",NA,NA,NA,NA,NA,NA,NA
"2023-10-12 10:00:00","PM10",0,258.2511,0,200.15,1636.6554,127.0664,539.8513,15.4453,0,1.4966,4.6218,427.889,0,NA,10.8321,57.8447,0,0,0,0.5653,3.5703,1.7627,0,NA,0,21.5848,NA,0,0,0,NA,NA,3.6364,0,0,0,0,0,4.1935,0,NA,NA,NA,NA,NA,NA,NA,NA,NA,NA,NA,NA,NA,"E: Uncertainty",NA,NA,NA,NA,NA,NA,NA,NA,NA,"E: Uncertainty",NA,NA,"E: Uncertainty",NA,NA,NA,"E: Uncertainty","E: Uncertainty",NA,NA,NA,NA,NA,NA,NA,NA
"2023-10-12 11:00:00","PM2.5",NA,0,0,100.26,633.5775,55.754,131.3837,3.7163,0,NA,1.3204,164.6202,0,NA,4.4776,19.0121,0,0,NA,NA,2.1611,1.6636,0,0,0,NA,NA,0,0,NA,NA,NA,NA,0,0.0022,0,0,0,3.973,0,"E: Uncertainty",NA,NA,NA,NA,NA,NA,NA,NA,"E: Uncertainty",NA,NA,NA,"E: Uncertainty",NA,NA,NA,NA,"E: Uncertainty","E: Uncertainty",NA,NA,NA,NA,NA,"E: Uncertainty","E: Uncertainty",NA,NA,"E: Uncertainty","E: Uncertainty","E: Uncertainty","E: Uncertainty",NA,NA,NA,NA,NA,NA,NA
"2023-10-12 12:00:00","PM10",NA,242.9852,0,226.8743,1205.8449,102.4573,576.9699,15.3965,0,1.0654,3.2698,379.7614,0,NA,8.7137,44.6885,0,0,0,NA,4.3616,NA,0,0,0,NA,0,0,0,NA,NA,NA,4.4765,0,0,0,0,0,4.721,0,"E: Uncertainty",NA,NA,NA,NA,NA,NA,NA,NA,NA,NA,NA,NA,"E: Uncertainty",NA,NA,NA,NA,NA,"E: Uncertainty",NA,"E: Uncertainty",NA,NA,NA,"E: Uncertainty",NA,NA,NA,"E: Uncertainty","E: Uncertainty","E: Uncertainty",NA,NA,NA,NA,NA,NA,NA,NA
"2023-10-12 13:00:00","PM2.5",NA,NA,0,191.1898,391.7343,74.2215,139.3151,3.0145,0,NA,0.9905,123.4297,0,0,4.3626,21.1119,0,0,2.8623,NA,3.0384,NA,0,0,0,15.3447,NA,NA,0,NA,NA,NA,NA,0,0,0,0,0,20.8722,0,"E: Uncertainty","E: Uncertainty",NA,NA,NA,NA,NA,NA,NA,"E: Uncertainty",NA,NA,NA,NA,NA,NA,NA,NA,NA,"E: Uncertainty",NA,"E: Uncertainty",NA,NA,NA,NA,"E: Uncertainty","E: Uncertainty",NA,"E: Uncertainty","E: Uncertainty","E: Uncertainty","E: Uncertainty",NA,NA,NA,NA,NA,NA,NA
"2023-10-12 14:00:00","PM10",0,NA,0,259.0856,869.5142,104.0884,405.1901,10.1867,0,1.3745,2.9074,308.1629,0,0,9.7928,18.9631,0,0,1.3405,NA,3.5853,NA,0,NA,0,13.3337,NA,0,0,0,0,0,5.0649,0,0,0,0,0,19.3195,0,NA,"E: Uncertainty",NA,NA,NA,NA,NA,NA,NA,NA,NA,NA,NA,NA,NA,NA,NA,NA,NA,"E: Uncertainty",NA,"E: Uncertainty",NA,"E: Uncertainty",NA,NA,"E: Uncertainty",NA,NA,NA,NA,NA,NA,NA,NA,NA,NA,NA,NA,NA
"2023-10-12 15:00:00","PM2.5",NA,0.1606,0,278.4224,187.5579,90.5268,71.1159,5.1704,0,0.8703,0.9339,145.6887,0.0095,NA,4.4929,12.9386,0,0,1.4799,0.6246,2.9518,NA,0,0,0,16.4078,NA,NA,0,NA,NA,0,NA,0,0,0,0,0,2.729,0,"E: Uncertainty",NA,NA,NA,NA,NA,NA,NA,NA,NA,NA,NA,NA,"E: Uncertainty",NA,NA,NA,NA,NA,NA,NA,"E: Uncertainty",NA,NA,NA,NA,"E: Uncertainty","E: Uncertainty",NA,"E: Uncertainty","E: Uncertainty",NA,"E: Uncertainty",NA,NA,NA,NA,NA,NA,NA
"2023-10-12 16:00:00","PM10",0.3759,0,0,482.248,407.5348,121.1343,153.3212,6.1682,0,2.7804,2.1239,277.9236,0,NA,5.8599,15.106,0,0,1.4431,0.9348,3.7717,NA,0,0,0,11.9292,NA,NA,0,NA,NA,NA,NA,0,0,0,0,0,3.6889,0,NA,NA,NA,NA,NA,NA,NA,NA,NA,NA,NA,NA,NA,"E: Uncertainty",NA,NA,NA,NA,NA,NA,NA,"E: Uncertainty",NA,NA,NA,NA,"E: Uncertainty","E: Uncertainty",NA,"E: Uncertainty","E: Uncertainty","E: Uncertainty","E: Uncertainty",NA,NA,NA,NA,NA,NA,NA
"2023-10-12 17:00:00","PM2.5",NA,0,0,394.8709,0,65.7093,26.3132,NA,0.0104,0.6138,NA,87.5962,0,NA,2.3542,8.5133,0,0,0.7044,0.5214,1.7451,NA,0,0,0,18.5116,NA,NA,0,0,NA,NA,0,0,0,0,0,0,1.3801,0,"E: Uncertainty",NA,NA,NA,NA,NA,NA,"E: Uncertainty",NA,NA,"E: Uncertainty",NA,NA,"E: Uncertainty",NA,NA,NA,NA,NA,NA,NA,"E: Uncertainty",NA,NA,NA,NA,"E: Uncertainty","E: Uncertainty",NA,NA,"E: Uncertainty","E: Uncertainty",NA,NA,NA,NA,NA,NA,NA,NA
"2023-10-12 18:00:00","PM10",NA,0.7582,0,474.0324,277.0351,105.1753,100.4179,3.4103,0,1.5951,1.157,167.4753,0,NA,3.8565,20.5751,0,0,2.4164,NA,3.2524,NA,0,NA,0,18.3781,NA,0,0,0,NA,NA,NA,0,0,0,0,0,15.5057,0,"E: Uncertainty",NA,NA,NA,NA,NA,NA,NA,NA,NA,NA,NA,NA,"E: Uncertainty",NA,NA,NA,NA,NA,"E: Uncertainty",NA,"E: Uncertainty",NA,"E: Uncertainty",NA,NA,"E: Uncertainty",NA,NA,NA,"E: Uncertainty","E: Uncertainty","E: Uncertainty",NA,NA,NA,NA,NA,NA,NA
"2023-10-12 19:00:00","PM2.5",NA,0,0,556.8951,126.0246,111.469,22.0558,1.7762,0,NA,NA,84.3893,NA,NA,3.1536,58.8086,0,0,6.4098,0.5261,1.5394,NA,0,0,0,15.7543,0,0,0,0,0,NA,NA,0,0,0,0,0,98.6992,0,"E: Uncertainty",NA,NA,NA,NA,NA,NA,NA,NA,"E: Uncertainty","E: Uncertainty",NA,"E: Uncertainty","E: Uncertainty",NA,NA,NA,NA,NA,NA,NA,"E: Uncertainty",NA,NA,NA,NA,NA,NA,NA,NA,NA,"E: Uncertainty","E: Uncertainty",NA,NA,NA,NA,NA,NA,NA
"2023-10-12 20:00:00","PM10",NA,0,0,533.4314,205.7471,129.4185,119.4098,2.2134,NA,1.0123,1.5433,148.2438,0,NA,4.7879,34.5908,0,0,2.9841,0.6086,4.5802,NA,0,0,0,NA,NA,NA,0,0,NA,0,NA,0,0,0,0,0,28.8371,0,"E: Uncertainty",NA,NA,NA,NA,NA,NA,NA,"E: Uncertainty",NA,NA,NA,NA,"E: Uncertainty",NA,NA,NA,NA,NA,NA,NA,"E: Uncertainty",NA,NA,NA,"E: Uncertainty","E: Uncertainty","E: Uncertainty",NA,NA,"E: Uncertainty",NA,"E: Uncertainty",NA,NA,NA,NA,NA,NA,NA
"2023-10-12 21:00:00","PM2.5",0,0,0,341.2943,0,67.7513,39.7104,2.0893,NA,NA,NA,52.4289,0,NA,2.5918,12.8694,0,0,1.0019,NA,3.6334,NA,0,NA,0,13.7826,0,0,0,NA,NA,NA,NA,0,0,0,0,0,3.9015,0,NA,NA,NA,NA,NA,NA,NA,NA,"E: Uncertainty","E: Uncertainty","E: Uncertainty",NA,NA,"E: Uncertainty",NA,NA,NA,NA,NA,"E: Uncertainty",NA,"E: Uncertainty",NA,"E: Uncertainty",NA,NA,NA,NA,NA,"E: Uncertainty","E: Uncertainty","E: Uncertainty","E: Uncertainty",NA,NA,NA,NA,NA,NA,NA
"2023-10-12 22:00:00","PM10",NA,0,0,196.724,0,59.0419,18.2631,6.7837,0.0079,NA,NA,47.8665,0,NA,1.5984,9.5127,0,0,1.3178,NA,1.345,NA,0,0,0,8.9782,NA,NA,NA,NA,0.1542,NA,0,0,0,0,0,0,4.048,0,"E: Uncertainty",NA,NA,NA,NA,NA,NA,NA,NA,"E: Uncertainty","E: Uncertainty",NA,NA,"E: Uncertainty",NA,NA,NA,NA,NA,"E: Uncertainty",NA,"E: Uncertainty",NA,NA,NA,NA,"E: Uncertainty","E: Uncertainty","E: Uncertainty","E: Uncertainty",NA,"E: Uncertainty",NA,NA,NA,NA,NA,NA,NA,NA
"2023-10-12 23:00:00","PM2.5",NA,0,0,79.7224,0,34.8045,3.8514,NA,NA,NA,0,13.0404,0,0,1.1124,5.2973,0,0,0.8892,NA,NA,0,0,0,0,14.7899,0,NA,NA,NA,NA,NA,0,0,0,0,0,0,4.4751,0,"E: Uncertainty",NA,NA,NA,NA,NA,NA,"E: Uncertainty","E: Uncertainty","E: Uncertainty",NA,NA,NA,NA,NA,NA,NA,NA,NA,"E: Uncertainty","E: Uncertainty",NA,NA,NA,NA,NA,NA,"E: Uncertainty","E: Uncertainty","E: Uncertainty","E: Uncertainty","E: Uncertainty",NA,NA,NA,NA,NA,NA,NA,NA
"2023-10-13 00:30:00","PM10",NA,0,0,NA,NA,35.2793,8.9975,2.3904,0,0.0089,0,30.9796,0,0,1.1047,5.613,0,0,0.7527,0,NA,0,0,0,0,NA,NA,0,0,NA,0,0,0,0,0,0,0,0,NA,0,"E: Uncertainty",NA,NA,"E: Uncertainty","E: Uncertainty",NA,NA,NA,NA,NA,NA,NA,NA,NA,NA,NA,NA,NA,NA,NA,"E: Uncertainty",NA,NA,NA,NA,"E: Uncertainty","E: Uncertainty",NA,NA,"E: Uncertainty",NA,NA,NA,NA,NA,NA,NA,NA,"E: Uncertainty",NA
"2023-10-13 01:00:00","PM2.5",NA,0,NA,13.8663,0,13.0949,18.5946,NA,0,0,0,4.3499,0,0,NA,1.3275,0,0,0.5197,0,NA,NA,0,0,0,NA,NA,0,0,NA,0,NA,0,0,NA,0,0,0,0,0,"E: Uncertainty",NA,"E: Uncertainty",NA,NA,NA,NA,"E: Uncertainty",NA,NA,NA,NA,NA,NA,"E: Uncertainty",NA,NA,NA,NA,NA,"E: Uncertainty","E: Uncertainty",NA,NA,NA,"E: Uncertainty","E: Uncertainty",NA,NA,"E: Uncertainty",NA,"E: Uncertainty",NA,NA,"E: Uncertainty",NA,NA,NA,NA,NA
"2023-10-13 02:00:00","PM10",0,542.7172,0,148.0402,0,80.0766,145.7523,14.2337,0,NA,1.3137,125.5165,0,NA,0.4817,2.3616,NA,0,NA,NA,0.7393,NA,0,0,0,NA,0,NA,0,0,0,0,NA,0,0,0,0,0,NA,0,NA,NA,NA,NA,NA,NA,NA,NA,NA,"E: Uncertainty",NA,NA,NA,"E: Uncertainty",NA,NA,"E: Uncertainty",NA,"E: Uncertainty","E: Uncertainty",NA,"E: Uncertainty",NA,NA,NA,"E: Uncertainty",NA,"E: Uncertainty",NA,NA,NA,NA,"E: Uncertainty",NA,NA,NA,NA,NA,"E: Uncertainty",NA
"2023-10-13 03:00:00","PM2.5",0,283.864,0,180.3904,0,62.5707,72.8573,10.1408,0,NA,NA,91.148,NA,NA,NA,2.245,NA,0,0,0,1.7951,NA,0,0,0,14.2425,0,0,0,NA,0,NA,0,0,0,0,0,0,1.1534,0,NA,NA,NA,NA,NA,NA,NA,NA,NA,"E: Uncertainty","E: Uncertainty",NA,"E: Uncertainty","E: Uncertainty","E: Uncertainty",NA,"E: Uncertainty",NA,NA,NA,NA,"E: Uncertainty",NA,NA,NA,NA,NA,NA,NA,"E: Uncertainty",NA,"E: Uncertainty",NA,NA,NA,NA,NA,NA,NA,NA
"2023-10-13 04:00:00","PM10",NA,NA,0,119.2157,0,41.1534,15.6084,2.9591,0,0,0,31.4128,NA,0,NA,1.2718,0,0,1.2131,0,NA,NA,0,0,0,NA,0,0,0,0,NA,0,NA,0,NA,0,0,0,0,0,"E: Uncertainty","E: Uncertainty",NA,NA,NA,NA,NA,NA,NA,NA,NA,NA,"E: Uncertainty",NA,"E: Uncertainty",NA,NA,NA,NA,NA,"E: Uncertainty","E: Uncertainty",NA,NA,NA,"E: Uncertainty",NA,NA,NA,NA,"E: Uncertainty",NA,"E: Uncertainty",NA,"E: Uncertainty",NA,NA,NA,NA,NA
"2023-10-13 05:00:00","PM2.5",NA,NA,0,279.3001,0,49.3585,24.5832,5.3689,0,0,NA,58.1948,0,NA,0.8862,2.821,0,0,0,0,1.7478,NA,0,0,0,NA,NA,0,0,NA,NA,0,0,0,0,0,0,0,1.1318,0,"E: Uncertainty","E: Uncertainty",NA,NA,NA,NA,NA,NA,NA,NA,"E: Uncertainty",NA,NA,"E: Uncertainty",NA,NA,NA,NA,NA,NA,NA,"E: Uncertainty",NA,NA,NA,"E: Uncertainty","E: Uncertainty",NA,NA,"E: Uncertainty","E: Uncertainty",NA,NA,NA,NA,NA,NA,NA,NA,NA
"2023-10-13 06:00:00","PM10",NA,352.6342,0,377.3091,688.6499,87.5406,95.1235,9.6043,NA,0,NA,130.4411,0,0.5517,1.6698,5.1652,0,0,0,0,3.3802,NA,0,0,0,20.8106,0,0,0,NA,NA,NA,NA,0,0,0,0,0,1.2522,0,"E: Uncertainty",NA,NA,NA,NA,NA,NA,NA,"E: Uncertainty",NA,"E: Uncertainty",NA,NA,NA,NA,NA,NA,NA,NA,NA,NA,"E: Uncertainty",NA,NA,NA,NA,NA,NA,NA,"E: Uncertainty","E: Uncertainty","E: Uncertainty","E: Uncertainty",NA,NA,NA,NA,NA,NA,NA
"2023-10-13 07:00:00","PM2.5",NA,NA,0,197.0618,873.035,42.813,52.081,5.4798,NA,0,0,70.1838,0,NA,1.4613,1.9884,0,0,NA,NA,1.9325,NA,0,0,0,NA,NA,0,0,0,NA,0,NA,0,0,0,NA,0,0,0,"E: Uncertainty","E: Uncertainty",NA,NA,NA,NA,NA,NA,"E: Uncertainty",NA,NA,NA,NA,"E: Uncertainty",NA,NA,NA,NA,"E: Uncertainty","E: Uncertainty",NA,"E: Uncertainty",NA,NA,NA,"E: Uncertainty","E: Uncertainty",NA,NA,NA,"E: Uncertainty",NA,"E: Uncertainty",NA,NA,NA,"E: Uncertainty",NA,NA,NA
"2023-10-13 08:00:00","PM10",677.8896,NA,0,161.0791,1064.3688,51.7171,63.6426,4.3407,0,0,NA,122.0811,NA,0,3.8994,1.8371,0,0,0,0,2.0553,NA,0,0,0,NA,NA,NA,0,0,0,NA,NA,0,0,0,0,0,NA,0,NA,"E: Uncertainty",NA,NA,NA,NA,NA,NA,NA,NA,"E: Uncertainty",NA,"E: Uncertainty",NA,NA,NA,NA,NA,NA,NA,NA,"E: Uncertainty",NA,NA,NA,"E: Uncertainty","E: Uncertainty","E: Uncertainty",NA,NA,NA,"E: Uncertainty","E: Uncertainty",NA,NA,NA,NA,NA,"E: Uncertainty",NA
"2023-10-13 09:00:00","PM2.5",NA,0,0,82.1061,144.9611,13.3148,14.5144,NA,0,0,NA,52.7201,0,NA,4.1307,2.3406,0,0,0.4279,NA,NA,NA,0,0,0,NA,0,NA,0,NA,NA,0,NA,0,0,0,0,0,0,0,"E: Uncertainty",NA,NA,NA,NA,NA,NA,"E: Uncertainty",NA,NA,"E: Uncertainty",NA,NA,"E: Uncertainty",NA,NA,NA,NA,NA,"E: Uncertainty","E: Uncertainty","E: Uncertainty",NA,NA,NA,"E: Uncertainty",NA,"E: Uncertainty",NA,"E: Uncertainty","E: Uncertainty",NA,"E: Uncertainty",NA,NA,NA,NA,NA,NA,NA
"2023-10-13 10:00:00","PM10",NA,NA,0,39.0403,NA,31.864,31.2206,2.1127,0,NA,0.8495,134.148,0,NA,18.2735,5.2985,0,0,0.6892,0,0,NA,0,0,0,0,NA,NA,0,NA,NA,0,6.0458,0,0,0,0,0,NA,0,"E: Uncertainty","E: Uncertainty",NA,NA,"E: Uncertainty",NA,NA,NA,NA,"E: Uncertainty",NA,NA,NA,"E: Uncertainty",NA,NA,NA,NA,NA,NA,NA,"E: Uncertainty",NA,NA,NA,NA,"E: Uncertainty","E: Uncertainty",NA,"E: Uncertainty","E: Uncertainty",NA,NA,NA,NA,NA,NA,NA,"E: Uncertainty",NA
"2023-10-13 11:00:00","PM2.5",NA,0,0,0,0,8.6497,13.5351,1.4164,0,0,NA,45.1335,NA,0,2.8009,4.6235,0.0041,0,0,0,0,NA,0,0,0,12.8262,0,NA,0,NA,0,NA,0,0,0,0,0,0,NA,0,"E: Uncertainty",NA,NA,NA,NA,NA,NA,NA,NA,NA,"E: Uncertainty",NA,"E: Uncertainty",NA,NA,NA,NA,NA,NA,NA,NA,"E: Uncertainty",NA,NA,NA,NA,NA,"E: Uncertainty",NA,"E: Uncertainty",NA,"E: Uncertainty",NA,NA,NA,NA,NA,NA,"E: Uncertainty",NA
"2023-10-13 12:00:00","PM10",NA,0,0,NA,NA,20.959,22.7006,1.0449,0,NA,NA,66.6155,NA,0,2.3899,7.9375,0,0,0,0,NA,NA,0,0,0,NA,0,NA,0,NA,NA,NA,NA,0,0,0,0,0,NA,0,"E: Uncertainty",NA,NA,"E: Uncertainty","E: Uncertainty",NA,NA,NA,NA,"E: Uncertainty","E: Uncertainty",NA,"E: Uncertainty",NA,NA,NA,NA,NA,NA,NA,"E: Uncertainty","E: Uncertainty",NA,NA,NA,"E: Uncertainty",NA,"E: Uncertainty",NA,"E: Uncertainty","E: Uncertainty","E: Uncertainty","E: Uncertainty",NA,NA,NA,NA,NA,"E: Uncertainty",NA
"2023-10-13 13:00:00","PM2.5",NA,0,NA,44.8421,0,14.5123,8.2521,NA,0,NA,0.9129,55.7653,0,0,1.5453,5.0303,0,0,0,NA,0,NA,0,0,0,9.1762,NA,0,0,NA,NA,0,NA,0,0,0,0,0,0.8494,0,"E: Uncertainty",NA,"E: Uncertainty",NA,NA,NA,NA,"E: Uncertainty",NA,"E: Uncertainty",NA,NA,NA,NA,NA,NA,NA,NA,NA,"E: Uncertainty",NA,"E: Uncertainty",NA,NA,NA,NA,"E: Uncertainty",NA,NA,"E: Uncertainty","E: Uncertainty",NA,"E: Uncertainty",NA,NA,NA,NA,NA,NA,NA
"2023-10-13 14:00:00","PM10",NA,0,NA,123.1279,110.4514,34.8702,39.2475,2.641,0,0.6059,1.8825,178.1383,NA,NA,4.1702,52.5901,0,0,0.4665,0,0.9261,NA,0,0,0,NA,0,NA,0,NA,NA,NA,NA,0,0,0,0,0,3.8417,0,"E: Uncertainty",NA,"E: Uncertainty",NA,NA,NA,NA,NA,NA,NA,NA,NA,"E: Uncertainty","E: Uncertainty",NA,NA,NA,NA,NA,NA,NA,"E: Uncertainty",NA,NA,NA,"E: Uncertainty",NA,"E: Uncertainty",NA,"E: Uncertainty","E: Uncertainty","E: Uncertainty","E: Uncertainty",NA,NA,NA,NA,NA,NA,NA
"2023-10-13 15:00:00","PM2.5",NA,0,0,111.5644,379.2144,25.6102,22.8174,NA,0,NA,0,39.9028,0,NA,1.4197,5.5634,0,0,0.4533,0,1.1053,NA,0,0,0,12.0161,NA,NA,0,NA,NA,NA,NA,0,0,0,0,0,0,0,"E: Uncertainty",NA,NA,NA,NA,NA,NA,"E: Uncertainty",NA,"E: Uncertainty",NA,NA,NA,"E: Uncertainty",NA,NA,NA,NA,NA,NA,NA,"E: Uncertainty",NA,NA,NA,NA,"E: Uncertainty","E: Uncertainty",NA,"E: Uncertainty","E: Uncertainty","E: Uncertainty","E: Uncertainty",NA,NA,NA,NA,NA,NA,NA
"2023-10-13 16:00:00","PM10",NA,0,0,171.5198,2118.1961,73.0431,96.3553,1.3152,0,NA,NA,102.9176,0,0,3.5854,9.468,0,0,0.5517,NA,5.0413,NA,0,0,0,21.4131,NA,0,0,NA,NA,NA,NA,0,0,0,0,0,2.1521,0,"E: Uncertainty",NA,NA,NA,NA,NA,NA,NA,NA,"E: Uncertainty","E: Uncertainty",NA,NA,NA,NA,NA,NA,NA,NA,"E: Uncertainty",NA,"E: Uncertainty",NA,NA,NA,NA,"E: Uncertainty",NA,NA,"E: Uncertainty","E: Uncertainty","E: Uncertainty","E: Uncertainty",NA,NA,NA,NA,NA,NA,NA
"2023-10-13 17:00:00","PM2.5",NA,0,0,93.3751,778.8835,33.245,34.6493,1.1664,0,0,0,59.0546,0,0,3.6455,6.1647,0,0,0.9035,0,1.823,NA,0,0,0,NA,NA,NA,0,NA,NA,NA,NA,0,0,0,0,0,0,0,"E: Uncertainty",NA,NA,NA,NA,NA,NA,NA,NA,NA,NA,NA,NA,NA,NA,NA,NA,NA,NA,NA,NA,"E: Uncertainty",NA,NA,NA,"E: Uncertainty","E: Uncertainty","E: Uncertainty",NA,"E: Uncertainty","E: Uncertainty","E: Uncertainty","E: Uncertainty",NA,NA,NA,NA,NA,NA,NA
"2023-10-13 18:00:00","PM10",NA,0,0,142.2707,1872.2485,73.0565,72.0078,1.4638,0,0,0,132.1836,0,0,5.0177,6.0782,0,0,0.7568,NA,3.4257,NA,0,0,0,NA,0,NA,0,NA,NA,NA,NA,0,NA,0,0,0,0,0,"E: Uncertainty",NA,NA,NA,NA,NA,NA,NA,NA,NA,NA,NA,NA,NA,NA,NA,NA,NA,NA,"E: Uncertainty",NA,"E: Uncertainty",NA,NA,NA,"E: Uncertainty",NA,"E: Uncertainty",NA,"E: Uncertainty","E: Uncertainty","E: Uncertainty","E: Uncertainty",NA,"E: Uncertainty",NA,NA,NA,NA,NA
"2023-10-13 19:00:00","PM2.5",NA,0,0,101.4112,623.838,40.9843,23.2677,NA,0,NA,NA,56.4501,0,0,3.726,5.2423,0,0,0.7256,0,0.996,NA,0,0,0,16.4906,NA,NA,0,0,NA,NA,NA,0,0,0,0,0,3.1899,0,"E: Uncertainty",NA,NA,NA,NA,NA,NA,"E: Uncertainty",NA,"E: Uncertainty","E: Uncertainty",NA,NA,NA,NA,NA,NA,NA,NA,NA,NA,"E: Uncertainty",NA,NA,NA,NA,"E: Uncertainty","E: Uncertainty",NA,NA,"E: Uncertainty","E: Uncertainty","E: Uncertainty",NA,NA,NA,NA,NA,NA,NA
"2023-10-13 20:00:00","PM10",623.396,0,0,145.4369,1475.0098,80.0181,63.285,1.433,NA,0,NA,146.1578,0,0,5.6124,7.1665,0,0,0.8157,0,3.8471,NA,0,0,0,NA,0,NA,0,0,NA,NA,NA,0,NA,0,0,0,3.6953,0,NA,NA,NA,NA,NA,NA,NA,NA,"E: Uncertainty",NA,"E: Uncertainty",NA,NA,NA,NA,NA,NA,NA,NA,NA,NA,"E: Uncertainty",NA,NA,NA,"E: Uncertainty",NA,"E: Uncertainty",NA,NA,"E: Uncertainty","E: Uncertainty","E: Uncertainty",NA,"E: Uncertainty",NA,NA,NA,NA,NA
"2023-10-13 21:00:00","PM2.5",NA,0,0,75.18,533.3912,33.3358,23.4206,NA,0,0,0,73.1887,NA,0,6.4057,3.8974,0,0,NA,0,0.9148,0,0,0,0,11.5694,0,0,0,0,NA,NA,NA,0,0,0,0,0,1.425,0,"E: Uncertainty",NA,NA,NA,NA,NA,NA,"E: Uncertainty",NA,NA,NA,NA,"E: Uncertainty",NA,NA,NA,NA,NA,"E: Uncertainty",NA,NA,NA,NA,NA,NA,NA,NA,NA,NA,NA,"E: Uncertainty","E: Uncertainty","E: Uncertainty",NA,NA,NA,NA,NA,NA,NA
"2023-10-13 22:00:00","PM10",NA,0,0,128.7129,1479.9352,71.5131,56.4124,NA,0,0,NA,180.7647,0,0,14.2377,4.6369,0,0,NA,0,2.6821,NA,0,0,0,NA,NA,NA,0,NA,0,0,5.9246,0,0,0,0,0,1.3233,0,"E: Uncertainty",NA,NA,NA,NA,NA,NA,"E: Uncertainty",NA,NA,"E: Uncertainty",NA,NA,NA,NA,NA,NA,NA,"E: Uncertainty",NA,NA,"E: Uncertainty",NA,NA,NA,"E: Uncertainty","E: Uncertainty","E: Uncertainty",NA,"E: Uncertainty",NA,NA,NA,NA,NA,NA,NA,NA,NA,NA
"2023-10-13 23:00:00","PM2.5",NA,2.3158,0,62.2395,462.8383,33.4966,21.6559,NA,0,0,0,61.3792,NA,0,3.2139,2.9294,0,0,NA,0.0012,NA,NA,0,0,0,NA,NA,NA,0,NA,NA,NA,NA,0,NA,0,0,0,1.3095,0,"E: Uncertainty",NA,NA,NA,NA,NA,NA,"E: Uncertainty",NA,NA,NA,NA,"E: Uncertainty",NA,NA,NA,NA,NA,"E: Uncertainty",NA,"E: Uncertainty","E: Uncertainty",NA,NA,NA,"E: Uncertainty","E: Uncertainty","E: Uncertainty",NA,"E: Uncertainty","E: Uncertainty","E: Uncertainty","E: Uncertainty",NA,"E: Uncertainty",NA,NA,NA,NA,NA
"2023-10-14 00:30:00","PM10",1230.8049,0,0,90.4495,1357.8306,58.1256,46.6305,NA,0,0,0,31.868,NA,NA,NA,NA,8e-04,0,0,0,NA,NA,0,0,0,NA,NA,NA,0,0,NA,NA,0,0,0,0,0,0,NA,0,NA,NA,NA,NA,NA,NA,NA,"E: Uncertainty",NA,NA,NA,NA,"E: Uncertainty","E: Uncertainty","E: Uncertainty","E: Uncertainty",NA,NA,NA,NA,"E: Uncertainty","E: Uncertainty",NA,NA,NA,"E: Uncertainty","E: Uncertainty","E: Uncertainty",NA,NA,"E: Uncertainty","E: Uncertainty",NA,NA,NA,NA,NA,NA,"E: Uncertainty",NA
"2023-10-14 01:00:00","PM2.5",629.1346,0,0,55.7397,495.8098,28.2859,14.9084,0,0,0.0023,0,13.0935,0,0,0.6385,1.5184,0,0,0,0,NA,NA,0,0,0,14.2059,0,NA,0,0,NA,NA,NA,0,0,0,0,0,NA,0,NA,NA,NA,NA,NA,NA,NA,NA,NA,NA,NA,NA,NA,NA,NA,NA,NA,NA,NA,NA,"E: Uncertainty","E: Uncertainty",NA,NA,NA,NA,NA,"E: Uncertainty",NA,NA,"E: Uncertainty","E: Uncertainty","E: Uncertainty",NA,NA,NA,NA,NA,"E: Uncertainty",NA
"2023-10-14 02:00:00","PM10",603.8138,0,0,107.7533,1712.4224,61.2156,50.1091,NA,NA,0,0,20.7376,0,0,0.6469,1.4506,0,0,0,0,2.5922,NA,0,0,0,12.2644,NA,NA,0,0,0,0,0,0,0,0,0,0,0.8995,0,NA,NA,NA,NA,NA,NA,NA,"E: Uncertainty","E: Uncertainty",NA,NA,NA,NA,NA,NA,NA,NA,NA,NA,NA,NA,"E: Uncertainty",NA,NA,NA,NA,"E: Uncertainty","E: Uncertainty",NA,NA,NA,NA,NA,NA,NA,NA,NA,NA,NA,NA
"2023-10-14 03:00:00","PM2.5",588.0624,0,0,50.3634,561.7347,21.284,15.7206,0,0,0,0.0031,7.1774,0,0,NA,0.9062,0,0,0,0,NA,NA,0,0,0,NA,0,NA,0,NA,NA,NA,0,NA,0,0,NA,0,NA,0,NA,NA,NA,NA,NA,NA,NA,NA,NA,NA,NA,NA,NA,NA,"E: Uncertainty",NA,NA,NA,NA,NA,"E: Uncertainty","E: Uncertainty",NA,NA,NA,"E: Uncertainty",NA,"E: Uncertainty",NA,"E: Uncertainty","E: Uncertainty","E: Uncertainty",NA,"E: Uncertainty",NA,NA,"E: Uncertainty",NA,"E: Uncertainty",NA
"2023-10-14 04:00:00","PM10",NA,0,0,116.5155,1642.01,57.6556,51.044,0,0,0,0,16.8372,0,0,0.9983,1.5352,NA,0,NA,NA,2.0977,NA,0,0,0,NA,NA,NA,0,NA,NA,NA,NA,0,0,0,0,0,0,0,"E: Uncertainty",NA,NA,NA,NA,NA,NA,NA,NA,NA,NA,NA,NA,NA,NA,NA,"E: Uncertainty",NA,"E: Uncertainty","E: Uncertainty",NA,"E: Uncertainty",NA,NA,NA,"E: Uncertainty","E: Uncertainty","E: Uncertainty",NA,"E: Uncertainty","E: Uncertainty","E: Uncertainty","E: Uncertainty",NA,NA,NA,NA,NA,NA,NA
"2023-10-14 05:00:00","PM2.5",NA,0,0,82.1752,665.384,28.4781,19.953,NA,0,0,0,42.2879,0,0,5.8481,2.0132,0,0,0,0,0.6734,NA,0,0,0,NA,NA,0,0,NA,0,NA,NA,0,0,0,0,0,NA,0,"E: Uncertainty",NA,NA,NA,NA,NA,NA,"E: Uncertainty",NA,NA,NA,NA,NA,NA,NA,NA,NA,NA,NA,NA,NA,"E: Uncertainty",NA,NA,NA,"E: Uncertainty","E: Uncertainty",NA,NA,"E: Uncertainty",NA,"E: Uncertainty","E: Uncertainty",NA,NA,NA,NA,NA,"E: Uncertainty",NA
"2023-10-14 06:00:00","PM10",NA,0,0,127.9753,1825.4391,66.3656,56.9805,1.0462,0,0,NA,110.7746,0,NA,7.3705,1.92,0,0,0,NA,2.1601,NA,0,0,0,NA,NA,0,0,NA,NA,0,NA,0,0,0,0,0,NA,0,"E: Uncertainty",NA,NA,NA,NA,NA,NA,NA,NA,NA,"E: Uncertainty",NA,NA,"E: Uncertainty",NA,NA,NA,NA,NA,"E: Uncertainty",NA,"E: Uncertainty",NA,NA,NA,"E: Uncertainty","E: Uncertainty",NA,NA,"E: Uncertainty","E: Uncertainty",NA,"E: Uncertainty",NA,NA,NA,NA,NA,"E: Uncertainty",NA
"2023-10-14 07:00:00","PM2.5",1204.3684,0,0,78.2639,693.5643,35.0175,21.7399,0,0,0,NA,81.1637,0,0,4.5423,2.868,0,0,NA,0,0.9972,NA,0,NA,0,NA,NA,NA,0,NA,0,NA,NA,0,NA,0,0,0,NA,0,NA,NA,NA,NA,NA,NA,NA,NA,NA,NA,"E: Uncertainty",NA,NA,NA,NA,NA,NA,NA,"E: Uncertainty",NA,NA,"E: Uncertainty",NA,"E: Uncertainty",NA,"E: Uncertainty","E: Uncertainty","E: Uncertainty",NA,"E: Uncertainty",NA,"E: Uncertainty","E: Uncertainty",NA,"E: Uncertainty",NA,NA,NA,"E: Uncertainty",NA
"2023-10-14 08:00:00","PM10",NA,0,0,122.4008,1635.5114,58.9732,69.3703,NA,0,NA,NA,103.7363,NA,0,3.9441,5.0947,0,0,0,0,2.3559,NA,0,0,0,17.2129,0,NA,0,NA,NA,NA,NA,0,0,0,0,0,2.1749,0,"E: Uncertainty",NA,NA,NA,NA,NA,NA,"E: Uncertainty",NA,"E: Uncertainty","E: Uncertainty",NA,"E: Uncertainty",NA,NA,NA,NA,NA,NA,NA,NA,"E: Uncertainty",NA,NA,NA,NA,NA,"E: Uncertainty",NA,"E: Uncertainty","E: Uncertainty","E: Uncertainty","E: Uncertainty",NA,NA,NA,NA,NA,NA,NA
"2023-10-14 09:00:00","PM2.5",819.6614,0,0,67.3654,626.6134,22.6833,27.8929,0,0,NA,0,46.7634,NA,NA,2.3276,6.9642,0,0,0.6926,0,1.0125,NA,0,0,0,10.2079,NA,NA,0,0,0,0,NA,0,NA,0,0,0,0.852,0,NA,NA,NA,NA,NA,NA,NA,NA,NA,"E: Uncertainty",NA,NA,"E: Uncertainty","E: Uncertainty",NA,NA,NA,NA,NA,NA,NA,"E: Uncertainty",NA,NA,NA,NA,"E: Uncertainty","E: Uncertainty",NA,NA,NA,NA,"E: Uncertainty",NA,"E: Uncertainty",NA,NA,NA,NA,NA
"2023-10-14 10:00:00","PM10",713.6824,0,0,93.7429,1391.8486,36.1592,60.1883,1.2399,0,NA,0,65.8211,NA,0,1.5807,6.1572,0,0,0.3631,0,3.2159,NA,0,0,0,NA,0,NA,0,0,0,0,NA,0,0,0,NA,0,NA,0,NA,NA,NA,NA,NA,NA,NA,NA,NA,"E: Uncertainty",NA,NA,"E: Uncertainty",NA,NA,NA,NA,NA,NA,NA,NA,"E: Uncertainty",NA,NA,NA,"E: Uncertainty",NA,"E: Uncertainty",NA,NA,NA,NA,"E: Uncertainty",NA,NA,NA,"E: Uncertainty",NA,"E: Uncertainty",NA
"2023-10-14 11:00:00","PM2.5",NA,0,0,85.7767,788.5039,19.2204,28.8826,0,NA,NA,0,23.0642,NA,0,1.4329,2.7727,0,0,0,0,2.7372,NA,0,0,0,17.2314,0.0507,0,0,0,NA,NA,NA,0,0,0,0,0,NA,0,"E: Uncertainty",NA,NA,NA,NA,NA,NA,NA,"E: Uncertainty","E: Uncertainty",NA,NA,"E: Uncertainty",NA,NA,NA,NA,NA,NA,NA,NA,"E: Uncertainty",NA,NA,NA,NA,NA,NA,NA,NA,"E: Uncertainty","E: Uncertainty","E: Uncertainty",NA,NA,NA,NA,NA,"E: Uncertainty",NA
"2023-10-14 12:00:00","PM10",NA,0,0,66.34,1024.0929,26.1436,51.0413,1.6645,0,0,0,67.0092,NA,0,2.4019,3.6532,0,0,0,0,5.305,NA,0,0,0,NA,0,NA,0,NA,NA,0,NA,0,0,0,0,0,NA,0,"E: Uncertainty",NA,NA,NA,NA,NA,NA,NA,NA,NA,NA,NA,"E: Uncertainty",NA,NA,NA,NA,NA,NA,NA,NA,"E: Uncertainty",NA,NA,NA,"E: Uncertainty",NA,"E: Uncertainty",NA,"E: Uncertainty","E: Uncertainty",NA,"E: Uncertainty",NA,NA,NA,NA,NA,"E: Uncertainty",NA
"2023-10-14 13:00:00","PM2.5",NA,0,0,66.9581,1017.8858,21.7773,29.7722,NA,0,NA,0,24.1598,NA,0,1.518,1.7369,0,0,0,0,1.6002,NA,0,0,0,17.2194,0,NA,0,0,0,0,0,0,0,0,0,0,NA,0,"E: Uncertainty",NA,NA,NA,NA,NA,NA,"E: Uncertainty",NA,"E: Uncertainty",NA,NA,"E: Uncertainty",NA,NA,NA,NA,NA,NA,NA,NA,"E: Uncertainty",NA,NA,NA,NA,NA,"E: Uncertainty",NA,NA,NA,NA,NA,NA,NA,NA,NA,NA,"E: Uncertainty",NA
"2023-10-14 14:00:00","PM10",0,0,0,105.4601,1667.796,40.7521,56.024,NA,0,0,0,59.2088,0,0,2.5191,3.2025,0,0,0.4461,0,3.9178,NA,0,0,0,9.3045,NA,NA,0,0,NA,NA,NA,0,0,0,0,0,0,0,NA,NA,NA,NA,NA,NA,NA,"E: Uncertainty",NA,NA,NA,NA,NA,NA,NA,NA,NA,NA,NA,NA,NA,"E: Uncertainty",NA,NA,NA,NA,"E: Uncertainty","E: Uncertainty",NA,NA,"E: Uncertainty","E: Uncertainty","E: Uncertainty",NA,NA,NA,NA,NA,NA,NA
"2023-10-14 15:00:00","PM2.5",NA,0,0,53.8684,433.0923,17.3088,15.793,NA,0,NA,0,36.582,NA,0,1.9298,1.6921,0,0,0,0,0.602,NA,0,0,0,13.78,NA,NA,0,NA,NA,0,0,0,0,0,0,0,NA,0.0104,"E: Uncertainty",NA,NA,NA,NA,NA,NA,"E: Uncertainty",NA,"E: Uncertainty",NA,NA,"E: Uncertainty",NA,NA,NA,NA,NA,NA,NA,NA,"E: Uncertainty",NA,NA,NA,NA,"E: Uncertainty","E: Uncertainty",NA,"E: Uncertainty","E: Uncertainty",NA,NA,NA,NA,NA,NA,NA,"E: Uncertainty",NA
"2023-10-14 16:00:00","PM10",NA,0,0,100.7159,845.7741,52.1003,51.1348,NA,0,0.0054,NA,105.8308,NA,0,3.5,4.2024,0,0,NA,0,2.1126,NA,0,0,NA,15.8288,0,NA,0,NA,NA,0.0318,NA,0,0,0,0,0,0,0,"E: Uncertainty",NA,NA,NA,NA,NA,NA,"E: Uncertainty",NA,NA,"E: Uncertainty",NA,"E: Uncertainty",NA,NA,NA,NA,NA,"E: Uncertainty",NA,NA,"E: Uncertainty",NA,NA,"E: Uncertainty",NA,NA,"E: Uncertainty",NA,"E: Uncertainty","E: Uncertainty",NA,"E: Uncertainty",NA,NA,NA,NA,NA,NA,NA
"2023-10-14 17:00:00","PM2.5",649.0006,0,0,39.8748,242.5039,25.4721,12.3484,0,0,NA,0,61.771,NA,NA,2.3302,2.0429,0,0,NA,0,0.6249,0,0,NA,0,NA,0,NA,0,0,NA,NA,NA,0,NA,0,0,0,0,0,NA,NA,NA,NA,NA,NA,NA,NA,NA,"E: Uncertainty",NA,NA,"E: Uncertainty","E: Uncertainty",NA,NA,NA,NA,"E: Uncertainty",NA,NA,NA,NA,"E: Uncertainty",NA,"E: Uncertainty",NA,"E: Uncertainty",NA,NA,"E: Uncertainty","E: Uncertainty","E: Uncertainty",NA,"E: Uncertainty",NA,NA,NA,NA,NA
"2023-10-14 18:00:00","PM10",722.9373,0,0,58.8681,446.3245,43.8116,25.8322,1.7422,0,NA,0,114.5661,0,NA,5.6607,3.5191,0,0,NA,0,33.4564,NA,0,0,0,NA,0,0,0,0,NA,NA,NA,0,0,0,0,0,NA,0,NA,NA,NA,NA,NA,NA,NA,NA,NA,"E: Uncertainty",NA,NA,NA,"E: Uncertainty",NA,NA,NA,NA,"E: Uncertainty",NA,NA,"E: Uncertainty",NA,NA,NA,"E: Uncertainty",NA,NA,NA,NA,"E: Uncertainty","E: Uncertainty","E: Uncertainty",NA,NA,NA,NA,NA,"E: Uncertainty",NA
"2023-10-14 19:00:00","PM2.5",NA,0,0,57.8343,175.2865,40.5626,8.1975,0,NA,0,0,53.0717,NA,0,2.3834,4.7986,0,0,NA,0,3.6514,NA,0,0,0,12.52,0,0,0,0,NA,0,NA,0,0,0,0,0,4.5551,0,"E: Uncertainty",NA,NA,NA,NA,NA,NA,NA,"E: Uncertainty",NA,NA,NA,"E: Uncertainty",NA,NA,NA,NA,NA,"E: Uncertainty",NA,NA,"E: Uncertainty",NA,NA,NA,NA,NA,NA,NA,NA,"E: Uncertainty",NA,"E: Uncertainty",NA,NA,NA,NA,NA,NA,NA
"2023-10-14 20:00:00","PM10",NA,0,0,81.9739,374.5772,60.8775,28.2281,NA,NA,NA,NA,138.5038,NA,0,6.5287,5.4619,0,0,NA,0,1.6673,1.5818,0,0,0,10.0556,0,0,0,0,NA,0,NA,0,0,0,0,0,1.7254,0,"E: Uncertainty",NA,NA,NA,NA,NA,NA,"E: Uncertainty","E: Uncertainty","E: Uncertainty","E: Uncertainty",NA,"E: Uncertainty",NA,NA,NA,NA,NA,"E: Uncertainty",NA,NA,NA,NA,NA,NA,NA,NA,NA,NA,NA,"E: Uncertainty",NA,"E: Uncertainty",NA,NA,NA,NA,NA,NA,NA
"2023-10-14 21:00:00","PM2.5",NA,0,0,60.1509,140.418,38.2822,8.8333,0,0,0,0,57.4736,NA,0,3.6882,3.6531,0,0,1.3487,0,NA,NA,0,0,0,NA,0,NA,0,0,0,NA,NA,0,0,0,0,0,2.8172,0,"E: Uncertainty",NA,NA,NA,NA,NA,NA,NA,NA,NA,NA,NA,"E: Uncertainty",NA,NA,NA,NA,NA,NA,NA,"E: Uncertainty","E: Uncertainty",NA,NA,NA,"E: Uncertainty",NA,"E: Uncertainty",NA,NA,NA,"E: Uncertainty","E: Uncertainty",NA,NA,NA,NA,NA,NA,NA
"2023-10-14 22:00:00","PM10",NA,0,0,50.963,261.2332,31.6843,17.7407,NA,0,0,0,83.713,NA,NA,3.2921,2.3959,0,0,0,0,0.9111,0,0,0,0,NA,NA,NA,0,0,0,NA,NA,0,NA,0,0,0,1.7431,0,"E: Uncertainty",NA,NA,NA,NA,NA,NA,"E: Uncertainty",NA,NA,NA,NA,"E: Uncertainty","E: Uncertainty",NA,NA,NA,NA,NA,NA,NA,NA,NA,NA,NA,"E: Uncertainty","E: Uncertainty","E: Uncertainty",NA,NA,NA,"E: Uncertainty","E: Uncertainty",NA,"E: Uncertainty",NA,NA,NA,NA,NA
"2023-10-14 23:00:00","PM2.5",NA,0,NA,44.1462,122.7478,26.3863,3.2759,0,0,0,0,21.1399,NA,NA,0.8813,2.3227,0,0,0,NA,NA,NA,NA,0,0,19.4048,0,NA,0,NA,NA,NA,NA,0,0,0,0,0,1.3247,0,"E: Uncertainty",NA,"E: Uncertainty",NA,NA,NA,NA,NA,NA,NA,NA,NA,"E: Uncertainty","E: Uncertainty",NA,NA,NA,NA,NA,"E: Uncertainty","E: Uncertainty","E: Uncertainty","E: Uncertainty",NA,NA,NA,NA,"E: Uncertainty",NA,"E: Uncertainty","E: Uncertainty","E: Uncertainty","E: Uncertainty",NA,NA,NA,NA,NA,NA,NA
"2023-10-15 00:30:00","PM10",NA,0,0,36.3386,382.6161,33.1218,19.2557,2.389,0,0,0,46.5934,0,0,NA,2.8304,0,0,NA,0,NA,NA,NA,0,0,NA,NA,NA,0,0,NA,NA,0,0,0,0,0,0,0,0,"E: Uncertainty",NA,NA,NA,NA,NA,NA,NA,NA,NA,NA,NA,NA,NA,"E: Uncertainty",NA,NA,NA,"E: Uncertainty",NA,"E: Uncertainty","E: Uncertainty","E: Uncertainty",NA,NA,"E: Uncertainty","E: Uncertainty","E: Uncertainty",NA,NA,"E: Uncertainty","E: Uncertainty",NA,NA,NA,NA,NA,NA,NA,NA
"2023-10-15 01:00:00","PM2.5",NA,0,0,55.1346,154.1298,18.894,5.9404,NA,0,0,0,14.6844,NA,0,0.7697,1.7108,0,0,0,0,NA,NA,0,0,0,NA,NA,0,0,0,NA,NA,NA,0,0,0,0,0,NA,0,"E: Uncertainty",NA,NA,NA,NA,NA,NA,"E: Uncertainty",NA,NA,NA,NA,"E: Uncertainty",NA,NA,NA,NA,NA,NA,NA,"E: Uncertainty","E: Uncertainty",NA,NA,NA,"E: Uncertainty","E: Uncertainty",NA,NA,NA,"E: Uncertainty","E: Uncertainty","E: Uncertainty",NA,NA,NA,NA,NA,"E: Uncertainty",NA
"2023-10-15 02:00:00","PM10",0,0,0,58.9224,515.1399,32.3294,19.3315,NA,0,NA,0,24.2595,0,0,NA,0.9878,0,0,0,NA,1.214,NA,0,0,0,18.8587,0,0,0,NA,NA,NA,NA,0,0,0,0,0,0.8166,0,NA,NA,NA,NA,NA,NA,NA,"E: Uncertainty",NA,"E: Uncertainty",NA,NA,NA,NA,"E: Uncertainty",NA,NA,NA,NA,"E: Uncertainty",NA,"E: Uncertainty",NA,NA,NA,NA,NA,NA,NA,"E: Uncertainty","E: Uncertainty","E: Uncertainty","E: Uncertainty",NA,NA,NA,NA,NA,NA,NA
"2023-10-15 03:00:00","PM2.5",NA,0,0,54.8585,133.2473,29.0208,4.2031,NA,0,0,0,12.3057,0,0,0.5395,2.0429,0,0,NA,NA,NA,NA,0,0,0,12.1946,0,0,0,NA,0,NA,NA,0,0,0,0,0,NA,0,"E: Uncertainty",NA,NA,NA,NA,NA,NA,"E: Uncertainty",NA,NA,NA,NA,NA,NA,NA,NA,NA,NA,"E: Uncertainty","E: Uncertainty","E: Uncertainty","E: Uncertainty",NA,NA,NA,NA,NA,NA,NA,"E: Uncertainty",NA,"E: Uncertainty","E: Uncertainty",NA,NA,NA,NA,NA,"E: Uncertainty",NA
"2023-10-15 04:00:00","PM10",NA,0,0,86.8519,465.2686,40.825,19.8864,NA,NA,0,0,24.7333,0,0,0.5982,2.1665,0,0,0,0,1.1965,NA,0,0,0,13.1935,NA,0.1126,0,NA,NA,NA,0,0,0,0,0,0,NA,0,"E: Uncertainty",NA,NA,NA,NA,NA,NA,"E: Uncertainty","E: Uncertainty",NA,NA,NA,NA,NA,NA,NA,NA,NA,NA,NA,NA,"E: Uncertainty",NA,NA,NA,NA,"E: Uncertainty",NA,NA,"E: Uncertainty","E: Uncertainty","E: Uncertainty",NA,NA,NA,NA,NA,NA,"E: Uncertainty",NA
"2023-10-15 05:00:00","PM2.5",NA,0,0,37.0285,194.4721,22.6415,8.4428,NA,0,0,0,12.7932,NA,0,0.5562,1.4445,0,0,NA,NA,NA,NA,0,0,0,10.0696,0,NA,0,0,NA,0,0,NA,0,0,0,0,NA,0,"E: Uncertainty",NA,NA,NA,NA,NA,NA,"E: Uncertainty",NA,NA,NA,NA,"E: Uncertainty",NA,NA,NA,NA,NA,"E: Uncertainty","E: Uncertainty","E: Uncertainty","E: Uncertainty",NA,NA,NA,NA,NA,"E: Uncertainty",NA,NA,"E: Uncertainty",NA,NA,"E: Uncertainty",NA,NA,NA,NA,"E: Uncertainty",NA
"2023-10-15 06:00:00","PM10",NA,0,0,72.2049,902.4819,44.6547,38.3244,NA,0,0.0015,NA,37.5825,0,0,1.0648,1.3959,0,0,0.503,0,1.469,NA,0,0,0,16.4887,NA,NA,0,0,0,NA,NA,0,0.0135,0,0,0,0,0,"E: Uncertainty",NA,NA,NA,NA,NA,NA,"E: Uncertainty",NA,NA,"E: Uncertainty",NA,NA,NA,NA,NA,NA,NA,NA,NA,NA,"E: Uncertainty",NA,NA,NA,NA,"E: Uncertainty","E: Uncertainty",NA,NA,NA,"E: Uncertainty","E: Uncertainty",NA,NA,NA,NA,NA,NA,NA
"2023-10-15 07:00:00","PM2.5",0,0,0,54.919,476.156,37.0128,23.8546,NA,0,0,NA,31.1063,0,NA,0.9943,4.6925,0,0,0,0,0.8393,NA,0,0,0,NA,0,0,0,NA,NA,NA,NA,0,0,0,0,0,NA,0,NA,NA,NA,NA,NA,NA,NA,"E: Uncertainty",NA,NA,"E: Uncertainty",NA,NA,"E: Uncertainty",NA,NA,NA,NA,NA,NA,NA,"E: Uncertainty",NA,NA,NA,"E: Uncertainty",NA,NA,NA,"E: Uncertainty","E: Uncertainty","E: Uncertainty","E: Uncertainty",NA,NA,NA,NA,NA,"E: Uncertainty",NA
"2023-10-15 08:00:00","PM10",NA,NA,0,91.9223,1353.1924,60.0425,82.3464,3.862,0,NA,0.828,112.321,0,NA,3.5951,3.9573,0,0,0,NA,2.651,NA,0,0,0,9.1151,NA,0,0,NA,NA,NA,0,0,0,0,0,0,0.9441,0,"E: Uncertainty","E: Uncertainty",NA,NA,NA,NA,NA,NA,NA,"E: Uncertainty",NA,NA,NA,"E: Uncertainty",NA,NA,NA,NA,NA,"E: Uncertainty",NA,"E: Uncertainty",NA,NA,NA,NA,"E: Uncertainty",NA,NA,"E: Uncertainty","E: Uncertainty","E: Uncertainty",NA,NA,NA,NA,NA,NA,NA,NA
"2023-10-15 09:00:00","PM2.5",NA,0,0,64.9171,621.1904,38.1432,33.0092,1.453,0,NA,NA,53.1274,0,0,1.8307,6.17,0,0,0,0,1.3731,NA,0,NA,0,NA,NA,NA,0,NA,NA,NA,0,0,0,0,NA,0,1.692,0,"E: Uncertainty",NA,NA,NA,NA,NA,NA,NA,NA,"E: Uncertainty","E: Uncertainty",NA,NA,NA,NA,NA,NA,NA,NA,NA,NA,"E: Uncertainty",NA,"E: Uncertainty",NA,"E: Uncertainty","E: Uncertainty","E: Uncertainty",NA,"E: Uncertainty","E: Uncertainty","E: Uncertainty",NA,NA,NA,NA,"E: Uncertainty",NA,NA,NA
"2023-10-15 10:00:00","PM10",NA,0,NA,76.8265,1089.3548,39.4969,66.3193,8.6834,NA,NA,NA,92.7798,0,0,2.258,5.2214,0.0051,0,1.0086,0,2.6645,NA,0,0,0,17.1645,0,NA,0,0,NA,0,NA,0,NA,0,0,0,NA,0,"E: Uncertainty",NA,"E: Uncertainty",NA,NA,NA,NA,NA,"E: Uncertainty","E: Uncertainty","E: Uncertainty",NA,NA,NA,NA,NA,NA,NA,NA,NA,NA,"E: Uncertainty",NA,NA,NA,NA,NA,"E: Uncertainty",NA,NA,"E: Uncertainty",NA,"E: Uncertainty",NA,"E: Uncertainty",NA,NA,NA,"E: Uncertainty",NA
"2023-10-15 11:00:00","PM2.5",NA,0,0,34.9262,351.6338,18.1409,18.9296,5.6782,NA,NA,0,40.4986,0,0,1.0452,3.9295,0,0,2.1802,0,0.9119,0,0,0,0,13.7758,NA,0,0,NA,0,NA,0,0,0,0,0,0,5.2433,0,"E: Uncertainty",NA,NA,NA,NA,NA,NA,NA,"E: Uncertainty","E: Uncertainty",NA,NA,NA,NA,NA,NA,NA,NA,NA,NA,NA,NA,NA,NA,NA,NA,"E: Uncertainty",NA,NA,"E: Uncertainty",NA,"E: Uncertainty",NA,NA,NA,NA,NA,NA,NA,NA
"2023-10-15 12:00:00","PM10",NA,0,0,43.1516,578.4983,28.4585,51.6953,1.9253,0,NA,NA,97.2236,NA,NA,2.6843,4.037,0,0,0.4989,0,1.4762,NA,0,0,0,NA,NA,0,0,NA,NA,0,NA,0,0,0,0,0,2.3003,0,"E: Uncertainty",NA,NA,NA,NA,NA,NA,NA,NA,"E: Uncertainty","E: Uncertainty",NA,"E: Uncertainty","E: Uncertainty",NA,NA,NA,NA,NA,NA,NA,"E: Uncertainty",NA,NA,NA,"E: Uncertainty","E: Uncertainty",NA,NA,"E: Uncertainty","E: Uncertainty",NA,"E: Uncertainty",NA,NA,NA,NA,NA,NA,NA
"2023-10-15 13:00:00","PM2.5",0,0,0,14.633,262.4635,12.8225,16.3693,NA,NA,0,0,36.4551,0,0,1.0838,4.5469,0,0,0,0,NA,NA,0,0,0,12.9192,NA,0,0,0,NA,NA,NA,0,0,0,0,0,2.1779,0,NA,NA,NA,NA,NA,NA,NA,"E: Uncertainty","E: Uncertainty",NA,NA,NA,NA,NA,NA,NA,NA,NA,NA,NA,"E: Uncertainty","E: Uncertainty",NA,NA,NA,NA,"E: Uncertainty",NA,NA,NA,"E: Uncertainty","E: Uncertainty","E: Uncertainty",NA,NA,NA,NA,NA,NA,NA
"2023-10-15 14:00:00","PM10",NA,0,0,33.8153,417.5337,18.505,32.3888,2.1604,0,NA,0,69.2541,0,0,1.426,5.3385,0,0,0.8099,0,1.4632,NA,0,0,0,11.6058,0,0,0,0,NA,NA,NA,0,0,0,0,0,5.1877,0,"E: Uncertainty",NA,NA,NA,NA,NA,NA,NA,NA,"E: Uncertainty",NA,NA,NA,NA,NA,NA,NA,NA,NA,NA,NA,"E: Uncertainty",NA,NA,NA,NA,NA,NA,NA,NA,"E: Uncertainty","E: Uncertainty","E: Uncertainty",NA,NA,NA,NA,NA,NA,NA
"2023-10-15 15:00:00","PM2.5",NA,0,0,18.4605,164.3687,11.7191,14.6204,1.1311,0,0,0,41.6761,0,NA,1.8905,3.7692,0,0,NA,0,1.0446,NA,0,0,0,10.2894,NA,NA,0,0,0,NA,NA,0,0,0,0,0,3.9832,0,"E: Uncertainty",NA,NA,NA,NA,NA,NA,NA,NA,NA,NA,NA,NA,"E: Uncertainty",NA,NA,NA,NA,"E: Uncertainty",NA,NA,"E: Uncertainty",NA,NA,NA,NA,"E: Uncertainty","E: Uncertainty",NA,NA,NA,"E: Uncertainty","E: Uncertainty",NA,NA,NA,NA,NA,NA,NA
"2023-10-15 16:00:00","PM10",NA,0,0,41.8083,346.946,24.4017,42.6989,2.4911,0,NA,NA,115.04,NA,NA,3.3248,5.6031,0,0,0.8348,NA,1.1879,NA,0,NA,0,NA,0,NA,0,NA,NA,0,NA,0,0,0,0,0,1.2768,0,"E: Uncertainty",NA,NA,NA,NA,NA,NA,NA,NA,"E: Uncertainty","E: Uncertainty",NA,"E: Uncertainty","E: Uncertainty",NA,NA,NA,NA,NA,"E: Uncertainty",NA,"E: Uncertainty",NA,"E: Uncertainty",NA,"E: Uncertainty",NA,"E: Uncertainty",NA,"E: Uncertainty","E: Uncertainty",NA,"E: Uncertainty",NA,NA,NA,NA,NA,NA,NA
"2023-10-15 17:00:00","PM2.5",NA,NA,NA,54.6348,116.3589,42.3848,18.1087,1.1256,NA,NA,NA,121.0521,NA,NA,5.1898,10.7192,0,0,1.6273,NA,1.0349,NA,0,0,0,14.6898,0,NA,0,0,0,0,NA,0,0,0,0,0,13.8527,0,"E: Uncertainty","E: Uncertainty","E: Uncertainty",NA,NA,NA,NA,NA,"E: Uncertainty","E: Uncertainty","E: Uncertainty",NA,"E: Uncertainty","E: Uncertainty",NA,NA,NA,NA,NA,"E: Uncertainty",NA,"E: Uncertainty",NA,NA,NA,NA,NA,"E: Uncertainty",NA,NA,NA,NA,"E: Uncertainty",NA,NA,NA,NA,NA,NA,NA
"2023-10-15 18:00:00","PM10",NA,NA,0,115.6891,361.5277,145.3261,87.2545,4.6146,0,0.9038,2.0168,428.9965,0,NA,13.5572,17.865,0,0,2.0504,NA,2.3041,NA,0,0,0,NA,NA,0,0,NA,0,0.143,8.009,0,0,0,0,0,15.0812,0,"E: Uncertainty","E: Uncertainty",NA,NA,NA,NA,NA,NA,NA,NA,NA,NA,NA,"E: Uncertainty",NA,NA,NA,NA,NA,"E: Uncertainty",NA,"E: Uncertainty",NA,NA,NA,"E: Uncertainty","E: Uncertainty",NA,NA,"E: Uncertainty",NA,NA,NA,NA,NA,NA,NA,NA,NA,NA
"2023-10-15 19:00:00","PM2.5",NA,0,0,183.9553,360.3685,254.8036,31.5353,3.4136,0,0.6637,1.6452,350.3472,0.681,NA,18.6076,40.1101,0,0,3.1873,NA,6.362,3.8031,0,0,0,16.9905,0,NA,0,0,NA,NA,8.9134,0,0,0,0,0,15.8006,NA,"E: Uncertainty",NA,NA,NA,NA,NA,NA,NA,NA,NA,NA,NA,NA,"E: Uncertainty",NA,NA,NA,NA,NA,"E: Uncertainty",NA,NA,NA,NA,NA,NA,NA,"E: Uncertainty",NA,NA,"E: Uncertainty","E: Uncertainty",NA,NA,NA,NA,NA,NA,NA,"E: Uncertainty"
"2023-10-15 20:00:00","PM10",NA,2.1686,0,275.6558,613.3866,329.8596,76.1132,6.654,0,1.1306,3.9658,744.5029,0,NA,37.5897,83.9703,0,0,4.0026,NA,7.3011,3.1475,0,NA,0,13.9908,15.0622,0,0,NA,NA,0,16.1774,0,0,0,0,0,31.029,0,"E: Uncertainty",NA,NA,NA,NA,NA,NA,NA,NA,NA,NA,NA,NA,"E: Uncertainty",NA,NA,NA,NA,NA,"E: Uncertainty",NA,NA,NA,"E: Uncertainty",NA,NA,NA,NA,NA,"E: Uncertainty","E: Uncertainty",NA,NA,NA,NA,NA,NA,NA,NA,NA
"2023-10-15 21:00:00","PM2.5",0,NA,0,240.8702,440.6814,264.1068,18.4732,3.2614,0,NA,NA,243.006,0,NA,14.0816,71.4479,0,0,3.3425,0,9.9466,NA,0,0,0,12.2404,NA,NA,0,NA,0.1372,NA,4.8006,0,0,0,0,0,35.5361,0,NA,"E: Uncertainty",NA,NA,NA,NA,NA,NA,NA,"E: Uncertainty","E: Uncertainty",NA,NA,"E: Uncertainty",NA,NA,NA,NA,NA,NA,NA,"E: Uncertainty",NA,NA,NA,NA,"E: Uncertainty","E: Uncertainty",NA,"E: Uncertainty",NA,"E: Uncertainty",NA,NA,NA,NA,NA,NA,NA,NA
"2023-10-15 22:00:00","PM10",NA,0,0,259.0971,1008.9973,375.9442,63.6821,3.9931,0,0.973,1.6961,405.2767,0,NA,18.4069,67.6565,0,0,4.226,NA,36.8496,5.9236,0,NA,0,10.7723,0,0,0,NA,NA,NA,12.5149,0,0,0,0,0,25.9233,NA,"E: Uncertainty",NA,NA,NA,NA,NA,NA,NA,NA,NA,NA,NA,NA,"E: Uncertainty",NA,NA,NA,NA,NA,"E: Uncertainty",NA,NA,NA,"E: Uncertainty",NA,NA,NA,NA,NA,"E: Uncertainty","E: Uncertainty","E: Uncertainty",NA,NA,NA,NA,NA,NA,NA,"E: Uncertainty"
"2023-10-15 23:00:00","PM2.5",NA,0,NA,189.4912,463.2903,349.6697,14.1784,1.6561,0,NA,NA,176.568,0,0,10.3672,51.4873,0,0,4.2624,0,26.4343,4.9432,0,0,0,NA,0,NA,0,NA,NA,NA,10.8631,0,0,0,0,0,21.7005,NA,"E: Uncertainty",NA,"E: Uncertainty",NA,NA,NA,NA,NA,NA,"E: Uncertainty","E: Uncertainty",NA,NA,NA,NA,NA,NA,NA,NA,NA,NA,NA,NA,NA,NA,"E: Uncertainty",NA,"E: Uncertainty",NA,"E: Uncertainty","E: Uncertainty","E: Uncertainty",NA,NA,NA,NA,NA,NA,NA,"E: Uncertainty"
"2023-10-16 00:30:00","PM10",0,0,0,146.2825,643.459,195.5623,45.8835,3.8725,0,0,NA,211.8276,0,0,9.2361,48.1961,0,0,4.6033,0,14.5142,NA,0,0,0,NA,NA,NA,0,NA,NA,NA,NA,0,0,0,0,0,13.4895,0,NA,NA,NA,NA,NA,NA,NA,NA,NA,NA,"E: Uncertainty",NA,NA,NA,NA,NA,NA,NA,NA,NA,NA,"E: Uncertainty",NA,NA,NA,"E: Uncertainty","E: Uncertainty","E: Uncertainty",NA,"E: Uncertainty","E: Uncertainty","E: Uncertainty","E: Uncertainty",NA,NA,NA,NA,NA,NA,NA
"2023-10-16 01:00:00","PM2.5",NA,0,NA,144.9216,279.674,149.7092,8.8423,NA,0,NA,0,103.5615,0,0,5.6125,41.1699,0,0,4.0176,NA,14.5159,NA,0,NA,0,17.2168,0,0,0,0,NA,NA,NA,0,0,0,0,0,13.7049,0,"E: Uncertainty",NA,"E: Uncertainty",NA,NA,NA,NA,"E: Uncertainty",NA,"E: Uncertainty",NA,NA,NA,NA,NA,NA,NA,NA,NA,"E: Uncertainty",NA,"E: Uncertainty",NA,"E: Uncertainty",NA,NA,NA,NA,NA,NA,"E: Uncertainty","E: Uncertainty","E: Uncertainty",NA,NA,NA,NA,NA,NA,NA
"2023-10-16 02:00:00","PM10",0,0,0,147.4315,337.1657,137.2592,33.4937,1.9333,0,NA,NA,167.9491,0,NA,12.5183,37.3312,0,0,3.9145,NA,46.9762,NA,0,0,0,8.7992,NA,NA,0,NA,0,0,4.3018,0,0,0,0,0,14.9465,0,NA,NA,NA,NA,NA,NA,NA,NA,NA,"E: Uncertainty","E: Uncertainty",NA,NA,"E: Uncertainty",NA,NA,NA,NA,NA,"E: Uncertainty",NA,"E: Uncertainty",NA,NA,NA,NA,"E: Uncertainty","E: Uncertainty",NA,"E: Uncertainty",NA,NA,NA,NA,NA,NA,NA,NA,NA,NA
"2023-10-16 03:00:00","PM2.5",NA,0,0,161.3353,147.0701,101.8095,9.6472,2.0435,NA,NA,NA,92.9127,0,NA,18.3172,33.5538,0,0,3.6559,NA,64.1649,NA,0,0,0,10.9925,0,0,0,0,NA,NA,NA,0,0,0,0,0,14.8446,0,"E: Uncertainty",NA,NA,NA,NA,NA,NA,NA,"E: Uncertainty","E: Uncertainty","E: Uncertainty",NA,NA,"E: Uncertainty",NA,NA,NA,NA,NA,"E: Uncertainty",NA,"E: Uncertainty",NA,NA,NA,NA,NA,NA,NA,NA,"E: Uncertainty","E: Uncertainty","E: Uncertainty",NA,NA,NA,NA,NA,NA,NA
"2023-10-16 04:00:00","PM10",NA,0,0,159.3853,285.2595,114.4637,32.5514,16.0072,2.1907,NA,0.9988,208.4116,0,0.0029,13.7967,58.3747,0,0,3.593,0.4817,41.1804,NA,0,0,0,16.4924,NA,NA,0,NA,NA,0,NA,0,0,0,0,0,11.6448,0,"E: Uncertainty",NA,NA,NA,NA,NA,NA,NA,NA,"E: Uncertainty",NA,NA,NA,NA,NA,NA,NA,NA,NA,NA,NA,"E: Uncertainty",NA,NA,NA,NA,"E: Uncertainty","E: Uncertainty",NA,"E: Uncertainty","E: Uncertainty",NA,"E: Uncertainty",NA,NA,NA,NA,NA,NA,NA
"2023-10-16 05:00:00","PM2.5",810.2457,0,0,166.1801,352.1429,148.6253,25.3788,7.8749,3.7211,0.8275,2.1711,306.4396,0,0,10.6323,69.6087,0,0,3.3957,NA,22.756,NA,0,0,0,9.8193,NA,0,0,NA,NA,NA,5.0036,0,0,0,0,0,12.5739,0,NA,NA,NA,NA,NA,NA,NA,NA,NA,NA,NA,NA,NA,NA,NA,NA,NA,NA,NA,"E: Uncertainty",NA,"E: Uncertainty",NA,NA,NA,NA,"E: Uncertainty",NA,NA,"E: Uncertainty","E: Uncertainty","E: Uncertainty",NA,NA,NA,NA,NA,NA,NA,NA
"2023-10-16 06:00:00","PM10",996.3269,NA,0,225.5309,560.5159,172.3135,106.7779,17.2206,4.3467,2.2547,4.7482,866.3064,0,NA,26.9366,49.0194,0,0,3.0483,NA,18.1179,NA,0,NA,0,11.2086,NA,NA,0,NA,NA,NA,18.1542,0,0,0,0,0,13.1904,0,NA,"E: Uncertainty",NA,NA,NA,NA,NA,NA,NA,NA,NA,NA,NA,"E: Uncertainty",NA,NA,NA,NA,NA,"E: Uncertainty",NA,"E: Uncertainty",NA,"E: Uncertainty",NA,NA,"E: Uncertainty","E: Uncertainty",NA,"E: Uncertainty","E: Uncertainty","E: Uncertainty",NA,NA,NA,NA,NA,NA,NA,NA
"2023-10-16 07:00:00","PM2.5",NA,NA,0,217.5443,734.9179,166.2151,121.4216,9.9733,2.0897,1.8156,3.8073,743.6765,0,NA,21.4124,109.3147,0,0,4.1131,NA,17.2393,NA,0,NA,0,15.1974,NA,0,0,NA,NA,NA,15.2275,0,0,0,0,0,12.4347,0,"E: Uncertainty","E: Uncertainty",NA,NA,NA,NA,NA,NA,NA,NA,NA,NA,NA,"E: Uncertainty",NA,NA,NA,NA,NA,"E: Uncertainty",NA,"E: Uncertainty",NA,"E: Uncertainty",NA,NA,"E: Uncertainty",NA,NA,"E: Uncertainty","E: Uncertainty","E: Uncertainty",NA,NA,NA,NA,NA,NA,NA,NA
"2023-10-16 08:00:00","PM10",925.0838,640.7074,0,306.9326,634.9441,231.9103,782.1764,35.9845,0,5.4394,11.6517,1426.9752,0,0.8018,35.2277,119.6638,0,0,4.5914,NA,11.7206,2.8031,0,3.7011,0,10.0586,NA,NA,0,0,NA,0,27.6113,0,0,0,0,0,13.1786,0,NA,NA,NA,NA,NA,NA,NA,NA,NA,NA,NA,NA,NA,NA,NA,NA,NA,NA,NA,"E: Uncertainty",NA,NA,NA,NA,NA,NA,"E: Uncertainty","E: Uncertainty",NA,NA,"E: Uncertainty",NA,NA,NA,NA,NA,NA,NA,NA,NA
"2023-10-16 09:00:00","PM2.5",NA,0,0,194.6784,103.4421,106.638,110.9739,5.803,0,0.9289,1.8753,317.5795,0,NA,9.1961,29.6847,0,0,5.0188,NA,4.6275,NA,0,NA,0,10.5464,NA,0,0,NA,NA,NA,6.1057,0,0,0,0,0,4.551,0,"E: Uncertainty",NA,NA,NA,NA,NA,NA,NA,NA,NA,NA,NA,NA,"E: Uncertainty",NA,NA,NA,NA,NA,"E: Uncertainty",NA,"E: Uncertainty",NA,"E: Uncertainty",NA,NA,"E: Uncertainty",NA,NA,"E: Uncertainty","E: Uncertainty","E: Uncertainty",NA,NA,NA,NA,NA,NA,NA,NA
"2023-10-16 10:00:00","PM10",NA,NA,0,158.5614,213.9987,85.0764,322.5458,11.0479,0,1.1195,2.6429,343.7151,NA,0,9.8796,16.2696,0,0,NA,0.5563,2.4991,NA,0,0,0,13.2618,NA,0,0,0,0,NA,4.4641,0,0,0,0,0,5.7,0,"E: Uncertainty","E: Uncertainty",NA,NA,NA,NA,NA,NA,NA,NA,NA,NA,"E: Uncertainty",NA,NA,NA,NA,NA,"E: Uncertainty",NA,NA,"E: Uncertainty",NA,NA,NA,NA,"E: Uncertainty",NA,NA,NA,NA,"E: Uncertainty",NA,NA,NA,NA,NA,NA,NA,NA
"2023-10-16 11:00:00","PM2.5",NA,1.2452,0,129.6598,67.3872,56.2889,87.3047,2.0972,0,NA,NA,128.9116,0,NA,4.2374,11.1706,0,0,1.0519,NA,2.1726,NA,0,0,0,17.28,0,0,0,NA,NA,0,2.9769,0,0,0,0,0,13.0459,0,"E: Uncertainty",NA,NA,NA,NA,NA,NA,NA,NA,"E: Uncertainty","E: Uncertainty",NA,NA,"E: Uncertainty",NA,NA,NA,NA,NA,"E: Uncertainty",NA,"E: Uncertainty",NA,NA,NA,NA,NA,NA,NA,"E: Uncertainty","E: Uncertainty",NA,NA,NA,NA,NA,NA,NA,NA,NA
"2023-10-16 12:00:00","PM10",NA,NA,0,197.1372,386.8329,69.8062,219.4622,4.8476,0,0.6163,1.9697,176.4643,NA,0,4.1789,13.2141,0,0,0.9356,NA,3.2021,NA,0,0,0,15.8375,0,NA,0,NA,NA,0,NA,0,0,0,0,0,8.9129,0,"E: Uncertainty","E: Uncertainty",NA,NA,NA,NA,NA,NA,NA,NA,NA,NA,"E: Uncertainty",NA,NA,NA,NA,NA,NA,"E: Uncertainty",NA,"E: Uncertainty",NA,NA,NA,NA,NA,"E: Uncertainty",NA,"E: Uncertainty","E: Uncertainty",NA,"E: Uncertainty",NA,NA,NA,NA,NA,NA,NA
"2023-10-16 13:00:00","PM2.5",NA,NA,0,183.1123,70.1616,38.6304,64.1038,NA,NA,0,0.8087,81.7304,NA,0,2.4141,5.6115,0,0,0.7659,NA,1.842,NA,0,0,0,NA,NA,0,0,NA,0,0,NA,0,0,0,0,0,3.9889,0,"E: Uncertainty","E: Uncertainty",NA,NA,NA,NA,NA,"E: Uncertainty","E: Uncertainty",NA,NA,NA,"E: Uncertainty",NA,NA,NA,NA,NA,NA,"E: Uncertainty",NA,"E: Uncertainty",NA,NA,NA,"E: Uncertainty","E: Uncertainty",NA,NA,"E: Uncertainty",NA,NA,"E: Uncertainty",NA,NA,NA,NA,NA,NA,NA
"2023-10-16 14:00:00","PM10",0,NA,0,227.1925,349.3122,77.5562,271.4208,8.5227,NA,NA,4.1271,215.3395,NA,NA,4.6689,9.1363,0,0,0.6881,0.4282,3.2019,NA,0,0,0,13.8657,NA,NA,0,0,NA,NA,NA,0,0,0,0.0114,0,5.9745,0,NA,"E: Uncertainty",NA,NA,NA,NA,NA,NA,"E: Uncertainty","E: Uncertainty",NA,NA,"E: Uncertainty","E: Uncertainty",NA,NA,NA,NA,NA,NA,NA,"E: Uncertainty",NA,NA,NA,NA,"E: Uncertainty","E: Uncertainty",NA,NA,"E: Uncertainty","E: Uncertainty","E: Uncertainty",NA,NA,NA,NA,NA,NA,NA
"2023-10-16 15:00:00","PM2.5",NA,0,0,154.3683,37.7764,44.1816,62.3821,1.5543,0,NA,NA,117.9122,NA,0,2.9163,6.4885,0,0,1.5824,0.4206,2.2959,NA,0,0,0,12.9708,0,NA,0,0,NA,NA,NA,0,0,0,0,0,1.533,0,"E: Uncertainty",NA,NA,NA,NA,NA,NA,NA,NA,"E: Uncertainty","E: Uncertainty",NA,"E: Uncertainty",NA,NA,NA,NA,NA,NA,NA,NA,"E: Uncertainty",NA,NA,NA,NA,NA,"E: Uncertainty",NA,NA,"E: Uncertainty","E: Uncertainty","E: Uncertainty",NA,NA,NA,NA,NA,NA,NA
"2023-10-16 16:00:00","PM10",NA,NA,0,178.6693,185.2687,79.5902,200.2056,9.224,0,0.7267,2.5742,294.888,0,0.0063,6.3086,15.3003,0,0,1.9707,0.8464,31.8796,NA,0,NA,0,15.0786,0,NA,0,0,0,NA,4.9573,0,0,0,0,0,3.9091,0,"E: Uncertainty","E: Uncertainty",NA,NA,NA,NA,NA,NA,NA,NA,NA,NA,NA,NA,NA,NA,NA,NA,NA,NA,NA,"E: Uncertainty",NA,"E: Uncertainty",NA,NA,NA,"E: Uncertainty",NA,NA,NA,"E: Uncertainty",NA,NA,NA,NA,NA,NA,NA,NA
"2023-10-16 17:00:00","PM2.5",0,0,0,207.5137,14.6405,62.9985,44.8651,1.2741,0,NA,NA,128.4265,0,0,3.0843,12.5303,0,0,0.4424,1.1018,10.0336,NA,0,0,NA,18.2686,NA,NA,0,NA,0,NA,NA,0,0,0,0,0,4.9104,0,NA,NA,NA,NA,NA,NA,NA,NA,NA,"E: Uncertainty","E: Uncertainty",NA,NA,NA,NA,NA,NA,NA,NA,NA,NA,"E: Uncertainty",NA,NA,"E: Uncertainty",NA,"E: Uncertainty","E: Uncertainty",NA,"E: Uncertainty",NA,"E: Uncertainty","E: Uncertainty",NA,NA,NA,NA,NA,NA,NA
"2023-10-16 18:00:00","PM10",NA,NA,0,256.5697,160.483,107.1106,200.5762,9.2743,0,0.7195,1.984,366.8835,0,0,10.353,22.7422,0,0,1.2695,0.8228,3.9271,NA,0,NA,0,NA,NA,NA,0,NA,NA,NA,7.1643,0,0,0,0,0,10.2775,0,"E: Uncertainty","E: Uncertainty",NA,NA,NA,NA,NA,NA,NA,NA,NA,NA,NA,NA,NA,NA,NA,NA,NA,NA,NA,"E: Uncertainty",NA,"E: Uncertainty",NA,"E: Uncertainty","E: Uncertainty","E: Uncertainty",NA,"E: Uncertainty","E: Uncertainty","E: Uncertainty",NA,NA,NA,NA,NA,NA,NA,NA
"2023-10-16 19:00:00","PM2.5",NA,0,0,198.3736,60.8273,109.144,50.7082,1.1751,0,NA,NA,109.9298,0,0,3.7298,16.7299,0,0,0.6753,NA,3.4384,NA,0,NA,0,18.457,NA,0,0,NA,NA,NA,NA,0,0,0,0,0,7.2074,0,"E: Uncertainty",NA,NA,NA,NA,NA,NA,NA,NA,"E: Uncertainty","E: Uncertainty",NA,NA,NA,NA,NA,NA,NA,NA,"E: Uncertainty",NA,"E: Uncertainty",NA,"E: Uncertainty",NA,NA,"E: Uncertainty",NA,NA,"E: Uncertainty","E: Uncertainty","E: Uncertainty","E: Uncertainty",NA,NA,NA,NA,NA,NA,NA
"2023-10-16 20:00:00","PM10",NA,NA,0,193.3548,216.6116,124.1102,151.069,4.9686,0,NA,1.4371,216.7323,0,NA,4.8164,12.6307,0,0,1.4257,0.5424,2.9276,1.8246,0,0,0,11.4042,0,0.1004,0,NA,NA,NA,4.9114,0,0,0,0,0,3.8806,0,"E: Uncertainty","E: Uncertainty",NA,NA,NA,NA,NA,NA,NA,"E: Uncertainty",NA,NA,NA,"E: Uncertainty",NA,NA,NA,NA,NA,NA,NA,NA,NA,NA,NA,NA,NA,NA,NA,"E: Uncertainty","E: Uncertainty","E: Uncertainty",NA,NA,NA,NA,NA,NA,NA,NA
"2023-10-16 21:00:00","PM2.5",0,0,NA,146.3396,53.7297,89.1002,25.2924,NA,0,NA,0,76.0582,0,NA,2.4765,10.5925,0,0,0.8762,NA,2.2506,NA,0,0,0,18.8839,0,0,0,NA,NA,NA,NA,0,0,0,0,0,3.0058,0,NA,NA,"E: Uncertainty",NA,NA,NA,NA,"E: Uncertainty",NA,"E: Uncertainty",NA,NA,NA,"E: Uncertainty",NA,NA,NA,NA,NA,"E: Uncertainty",NA,"E: Uncertainty",NA,NA,NA,NA,NA,NA,NA,"E: Uncertainty","E: Uncertainty","E: Uncertainty","E: Uncertainty",NA,NA,NA,NA,NA,NA,NA
"2023-10-16 22:00:00","PM10",NA,NA,0,167.8318,415.061,100.6552,114.4309,4.4204,0,NA,0.8236,202.2103,NA,NA,7.6706,22.9412,0,0,1.5297,NA,5.7894,NA,0,0,0,15.327,NA,NA,0,NA,0,NA,NA,0,0,0,0,0,5.8817,0,"E: Uncertainty","E: Uncertainty",NA,NA,NA,NA,NA,NA,NA,"E: Uncertainty",NA,NA,"E: Uncertainty","E: Uncertainty",NA,NA,NA,NA,NA,"E: Uncertainty",NA,"E: Uncertainty",NA,NA,NA,NA,"E: Uncertainty","E: Uncertainty",NA,"E: Uncertainty",NA,"E: Uncertainty","E: Uncertainty",NA,NA,NA,NA,NA,NA,NA
"2023-10-16 23:00:00","PM2.5",0,0,0,184.5015,130.6309,244.5155,30.367,2.4257,0,0,NA,98.8076,NA,NA,8.2171,10.1002,0,0,0,0,3.2584,3.9359,0,0,0,NA,NA,0,0,NA,NA,NA,13.5494,0,0,0,0,0,10.2824,NA,NA,NA,NA,NA,NA,NA,NA,NA,NA,NA,"E: Uncertainty",NA,"E: Uncertainty","E: Uncertainty",NA,NA,NA,NA,NA,NA,NA,NA,NA,NA,NA,"E: Uncertainty","E: Uncertainty",NA,NA,"E: Uncertainty","E: Uncertainty","E: Uncertainty",NA,NA,NA,NA,NA,NA,NA,"E: Uncertainty"
"2023-10-17 00:30:00","PM10",NA,0,0,158.5524,495.8641,75.952,75.7688,8.14,NA,NA,0,120.2016,0,0,2.8517,9.1565,0,0,NA,0,3.7768,NA,0,NA,0,19.5222,0,0,0,NA,0,0,NA,0,0.0414,0,NA,0,4.0999,0,"E: Uncertainty",NA,NA,NA,NA,NA,NA,NA,"E: Uncertainty","E: Uncertainty",NA,NA,NA,NA,NA,NA,NA,NA,"E: Uncertainty",NA,NA,"E: Uncertainty",NA,"E: Uncertainty",NA,NA,NA,NA,NA,"E: Uncertainty",NA,NA,"E: Uncertainty",NA,NA,NA,"E: Uncertainty",NA,NA,NA
"2023-10-17 01:00:00","PM2.5",NA,0,0,125.1434,113.5809,61.0757,20.9845,1.3505,0,NA,NA,52.3983,NA,0,1.683,12.3871,0,0,1.34,NA,3.2057,NA,0,0,0,NA,0,NA,0,NA,NA,NA,NA,0,0,0,0,0,2.8925,0,"E: Uncertainty",NA,NA,NA,NA,NA,NA,NA,NA,"E: Uncertainty","E: Uncertainty",NA,"E: Uncertainty",NA,NA,NA,NA,NA,NA,"E: Uncertainty",NA,"E: Uncertainty",NA,NA,NA,"E: Uncertainty",NA,"E: Uncertainty",NA,"E: Uncertainty","E: Uncertainty","E: Uncertainty","E: Uncertainty",NA,NA,NA,NA,NA,NA,NA
"2023-10-17 02:00:00","PM10",NA,0,0,171.9686,329.9985,76.6195,83.0307,7.8804,0,NA,NA,100.3445,0,NA,2.3637,13.7905,0,0,0,NA,4.5934,1.5501,0,NA,0,NA,NA,NA,0,0,NA,NA,NA,0,0,0,0,0,4.9183,0,"E: Uncertainty",NA,NA,NA,NA,NA,NA,NA,NA,"E: Uncertainty","E: Uncertainty",NA,NA,"E: Uncertainty",NA,NA,NA,NA,NA,"E: Uncertainty",NA,NA,NA,"E: Uncertainty",NA,"E: Uncertainty","E: Uncertainty","E: Uncertainty",NA,NA,"E: Uncertainty","E: Uncertainty","E: Uncertainty",NA,NA,NA,NA,NA,NA,NA
"2023-10-17 03:00:00","PM2.5",0,0,0,139.1801,71.3065,48.6401,22.5849,1.0974,0,NA,0,51.397,0,0,1.1202,7.1649,0,0,0,0.0034,3.1557,NA,0,0,0,12.3375,NA,0,0,NA,NA,0,NA,0,0.0243,0,0,0,4.6555,0,NA,NA,NA,NA,NA,NA,NA,NA,NA,"E: Uncertainty",NA,NA,NA,NA,NA,NA,NA,NA,NA,NA,NA,"E: Uncertainty",NA,NA,NA,NA,"E: Uncertainty",NA,NA,"E: Uncertainty","E: Uncertainty",NA,"E: Uncertainty",NA,NA,NA,NA,NA,NA,NA
"2023-10-17 04:00:00","PM10",0,0,0,148.2102,270.2396,65.7263,77.1082,1.3092,NA,NA,1.7254,110.2772,NA,NA,3.1711,14.6915,0,0,NA,NA,5.3455,NA,0,NA,0,15.051,0,0,0,NA,NA,NA,NA,0,0,0,0,0,4.936,0,NA,NA,NA,NA,NA,NA,NA,NA,"E: Uncertainty","E: Uncertainty",NA,NA,"E: Uncertainty","E: Uncertainty",NA,NA,NA,NA,"E: Uncertainty","E: Uncertainty",NA,"E: Uncertainty",NA,"E: Uncertainty",NA,NA,NA,NA,NA,"E: Uncertainty","E: Uncertainty","E: Uncertainty","E: Uncertainty",NA,NA,NA,NA,NA,NA,NA
"2023-10-17 05:00:00","PM2.5",0,0,NA,178.0538,88.4609,44.3293,24.4257,NA,NA,NA,NA,95.2149,0,0,3.1073,20.4611,0,0,0.5385,NA,5.8378,0,0,0,0,NA,0.1117,0,0,0,0,0,NA,0,0,0,0,0,2.8315,0,NA,NA,"E: Uncertainty",NA,NA,NA,NA,"E: Uncertainty","E: Uncertainty","E: Uncertainty","E: Uncertainty",NA,NA,NA,NA,NA,NA,NA,NA,"E: Uncertainty",NA,NA,NA,NA,NA,"E: Uncertainty",NA,NA,NA,NA,NA,NA,"E: Uncertainty",NA,NA,NA,NA,NA,NA,NA
"2023-10-17 06:00:00","PM10",0,NA,0,215.6308,226.5475,77.1859,191.5343,6.9349,NA,1.0321,2.1402,366.3995,NA,0,10.4351,35.4079,0,0,0,NA,2.9908,NA,0,0,0,NA,NA,NA,0,0,NA,NA,6.7857,0,0,0,0,0,3.8312,0,NA,"E: Uncertainty",NA,NA,NA,NA,NA,NA,"E: Uncertainty",NA,NA,NA,"E: Uncertainty",NA,NA,NA,NA,NA,NA,"E: Uncertainty",NA,"E: Uncertainty",NA,NA,NA,"E: Uncertainty","E: Uncertainty","E: Uncertainty",NA,NA,"E: Uncertainty","E: Uncertainty",NA,NA,NA,NA,NA,NA,NA,NA
"2023-10-17 07:00:00","PM2.5",NA,0,0,198.6718,102.6251,81.3701,92.58,2.0862,0,NA,0.9063,222.7761,0,0,6.2356,14.4352,0,0,NA,NA,2.4451,NA,0,0,0,16.0081,NA,NA,0,0,0,0,NA,0,0,0,0,0,6.1635,0,"E: Uncertainty",NA,NA,NA,NA,NA,NA,NA,NA,"E: Uncertainty",NA,NA,NA,NA,NA,NA,NA,NA,"E: Uncertainty","E: Uncertainty",NA,"E: Uncertainty",NA,NA,NA,NA,"E: Uncertainty","E: Uncertainty",NA,NA,NA,NA,"E: Uncertainty",NA,NA,NA,NA,NA,NA,NA
"2023-10-17 08:00:00","PM10",NA,NA,0,324.8638,586.8572,127.5087,525.5181,11.0799,NA,1.2754,4.1592,476.253,0,NA,11.3983,20.7086,0,0,1.2369,NA,10.6117,2.1379,0,0,0,13.73,NA,NA,0,0,NA,NA,9.6622,0,0,0,0,0,9.9604,0,"E: Uncertainty","E: Uncertainty",NA,NA,NA,NA,NA,NA,"E: Uncertainty",NA,NA,NA,NA,"E: Uncertainty",NA,NA,NA,NA,NA,"E: Uncertainty",NA,NA,NA,NA,NA,NA,"E: Uncertainty","E: Uncertainty",NA,NA,"E: Uncertainty","E: Uncertainty",NA,NA,NA,NA,NA,NA,NA,NA
"2023-10-17 09:00:00","PM2.5",NA,0,NA,362.4179,63.9446,61.5376,65.5743,2.4202,0,NA,1.5548,118.2859,0,NA,3.0549,14.8745,0,0,1.005,NA,4.4966,0,0,0,0,11.437,NA,0,0,0,NA,NA,NA,0,0,0,0,0,5.0941,0,"E: Uncertainty",NA,"E: Uncertainty",NA,NA,NA,NA,NA,NA,"E: Uncertainty",NA,NA,NA,"E: Uncertainty",NA,NA,NA,NA,NA,"E: Uncertainty",NA,NA,NA,NA,NA,NA,"E: Uncertainty",NA,NA,NA,"E: Uncertainty","E: Uncertainty","E: Uncertainty",NA,NA,NA,NA,NA,NA,NA
"2023-10-17 10:00:00","PM10",NA,NA,0,468.6826,486.6469,79.5666,248.0548,8.6188,0,NA,1.3409,190.4238,NA,0,3.757,14.9059,0,0,4.8609,NA,2.4425,NA,0,0,0,9.7588,NA,0,0,0,0,NA,NA,0,0,0,0,0,2.7106,0,"E: Uncertainty","E: Uncertainty",NA,NA,NA,NA,NA,NA,NA,"E: Uncertainty",NA,NA,"E: Uncertainty",NA,NA,NA,NA,NA,NA,"E: Uncertainty",NA,"E: Uncertainty",NA,NA,NA,NA,"E: Uncertainty",NA,NA,NA,NA,"E: Uncertainty","E: Uncertainty",NA,NA,NA,NA,NA,NA,NA
"2023-10-17 11:00:00","PM2.5",NA,0,0,480.181,NA,39.295,60.3959,1.7375,NA,0,NA,57.5158,0,NA,1.8587,7.0823,0,0,5.0384,NA,4.1216,NA,0,0,0,NA,0,0,NA,NA,0,0,NA,0,0,0,0,0,2.006,0,"E: Uncertainty",NA,NA,NA,"E: Uncertainty",NA,NA,NA,"E: Uncertainty",NA,"E: Uncertainty",NA,NA,"E: Uncertainty",NA,NA,NA,NA,NA,"E: Uncertainty",NA,"E: Uncertainty",NA,NA,NA,"E: Uncertainty",NA,NA,"E: Uncertainty","E: Uncertainty",NA,NA,"E: Uncertainty",NA,NA,NA,NA,NA,NA,NA
"2023-10-17 12:00:00","PM10",NA,NA,0,596.7209,525.7271,87.5801,265.2612,8.0692,0,0.0071,1.6721,165.1438,0,0.006,3.6512,8.9196,0,0,0.6464,0.5215,5.9346,NA,0,0,0,15.3643,0,NA,0,NA,0,NA,NA,0,0,0,0,0,2.6139,0,"E: Uncertainty","E: Uncertainty",NA,NA,NA,NA,NA,NA,NA,NA,NA,NA,NA,NA,NA,NA,NA,NA,NA,NA,NA,"E: Uncertainty",NA,NA,NA,NA,NA,"E: Uncertainty",NA,"E: Uncertainty",NA,"E: Uncertainty","E: Uncertainty",NA,NA,NA,NA,NA,NA,NA
"2023-10-17 13:00:00","PM2.5",NA,0,0,555.6637,0,42.8169,59.4461,1.1653,0,0,0,63.0608,0,NA,2.3063,6.8643,0,0,0,NA,2.9443,0,0,0,0,NA,NA,NA,0,NA,NA,NA,0,0,0,0,NA,0,3.4749,0,"E: Uncertainty",NA,NA,NA,NA,NA,NA,NA,NA,NA,NA,NA,NA,"E: Uncertainty",NA,NA,NA,NA,NA,"E: Uncertainty",NA,NA,NA,NA,NA,"E: Uncertainty","E: Uncertainty","E: Uncertainty",NA,"E: Uncertainty","E: Uncertainty","E: Uncertainty",NA,NA,NA,NA,"E: Uncertainty",NA,NA,NA
"2023-10-17 14:00:00","PM10",NA,NA,0,521.1353,351.9725,72.8828,288.3625,7.4827,NA,NA,1.5552,184.6645,0,0.5526,3.8416,10.3249,0,0,1.216,NA,3.6266,NA,0,0,0,11.9129,NA,0,0,NA,0,0,NA,0,0,0,0,0,1.9654,0,"E: Uncertainty","E: Uncertainty",NA,NA,NA,NA,NA,NA,"E: Uncertainty","E: Uncertainty",NA,NA,NA,NA,NA,NA,NA,NA,NA,"E: Uncertainty",NA,"E: Uncertainty",NA,NA,NA,NA,"E: Uncertainty",NA,NA,"E: Uncertainty",NA,NA,"E: Uncertainty",NA,NA,NA,NA,NA,NA,NA
"2023-10-17 15:00:00","PM2.5",NA,0,0,369.1322,NA,39.1081,66.1989,1.8915,NA,NA,NA,82.4579,0,NA,2.2041,7.7464,0,0,NA,NA,2.7248,NA,0,0,0,NA,NA,0,0,NA,NA,NA,0,0,NA,0,0,0,1.7132,0,"E: Uncertainty",NA,NA,NA,"E: Uncertainty",NA,NA,NA,"E: Uncertainty","E: Uncertainty","E: Uncertainty",NA,NA,"E: Uncertainty",NA,NA,NA,NA,"E: Uncertainty","E: Uncertainty",NA,"E: Uncertainty",NA,NA,NA,"E: Uncertainty","E: Uncertainty",NA,NA,"E: Uncertainty","E: Uncertainty","E: Uncertainty",NA,NA,"E: Uncertainty",NA,NA,NA,NA,NA
"2023-10-17 16:00:00","PM10",NA,NA,0,307.4194,345.663,72.8091,240.7148,11.8799,NA,NA,2.6137,243.1558,0,0.5595,4.6771,12.9,0,0,NA,0,3.7732,NA,0,0,0,11.7723,0,0,0,0,NA,NA,NA,0,0,0,0,0,2.9812,0,"E: Uncertainty","E: Uncertainty",NA,NA,NA,NA,NA,NA,"E: Uncertainty","E: Uncertainty",NA,NA,NA,NA,NA,NA,NA,NA,"E: Uncertainty",NA,NA,"E: Uncertainty",NA,NA,NA,NA,NA,NA,NA,NA,"E: Uncertainty","E: Uncertainty","E: Uncertainty",NA,NA,NA,NA,NA,NA,NA
"2023-10-17 17:00:00","PM2.5",NA,0,0,308.5233,14.7961,43.9607,39.7203,1.9588,NA,NA,0.8839,93.7071,0,NA,2.4141,8.4114,0,0,0,NA,3.3012,0,0,NA,NA,13.7826,0,0,0,NA,0,NA,NA,0,0,0,0,0,3.0157,0,"E: Uncertainty",NA,NA,NA,NA,NA,NA,NA,"E: Uncertainty","E: Uncertainty",NA,NA,NA,"E: Uncertainty",NA,NA,NA,NA,NA,"E: Uncertainty",NA,NA,NA,"E: Uncertainty","E: Uncertainty",NA,NA,NA,NA,"E: Uncertainty",NA,"E: Uncertainty","E: Uncertainty",NA,NA,NA,NA,NA,NA,NA
"2023-10-17 18:00:00","PM10",0,NA,0,302.7895,411.5913,81.9642,170.6905,5.3495,NA,NA,1.1357,181.0295,NA,NA,4.6086,7.6767,0,0,0.4224,0.4729,3.8734,NA,0,0,0,NA,NA,NA,0,0,NA,NA,NA,0,0,0,0,0,2.9891,0,NA,"E: Uncertainty",NA,NA,NA,NA,NA,NA,"E: Uncertainty","E: Uncertainty",NA,NA,"E: Uncertainty","E: Uncertainty",NA,NA,NA,NA,NA,NA,NA,"E: Uncertainty",NA,NA,NA,"E: Uncertainty","E: Uncertainty","E: Uncertainty",NA,NA,"E: Uncertainty","E: Uncertainty","E: Uncertainty",NA,NA,NA,NA,NA,NA,NA
"2023-10-17 19:00:00","PM2.5",NA,0,0,209.0871,38.5192,41.8945,31.5552,NA,NA,0,NA,60.519,0,NA,1.8974,5.2553,0,0,0.5481,NA,2.7606,NA,0,0,0,NA,NA,0,0,NA,NA,0,0,0,0,0,0,0,1.0367,0,"E: Uncertainty",NA,NA,NA,NA,NA,NA,"E: Uncertainty","E: Uncertainty",NA,"E: Uncertainty",NA,NA,"E: Uncertainty",NA,NA,NA,NA,NA,"E: Uncertainty",NA,"E: Uncertainty",NA,NA,NA,"E: Uncertainty","E: Uncertainty",NA,NA,"E: Uncertainty","E: Uncertainty",NA,NA,NA,NA,NA,NA,NA,NA,NA
"2023-10-17 20:00:00","PM10",0,NA,0,280.0196,528.8802,78.1236,105.9415,2.2682,NA,NA,0.8921,129.6534,NA,NA,3.5377,7.2974,0,0,0,0.5311,4.2938,NA,0,0,0,15.6517,NA,0,0,0,0,NA,NA,0,0,0,0,0,2.2967,0,NA,"E: Uncertainty",NA,NA,NA,NA,NA,NA,"E: Uncertainty","E: Uncertainty",NA,NA,"E: Uncertainty","E: Uncertainty",NA,NA,NA,NA,NA,NA,NA,"E: Uncertainty",NA,NA,NA,NA,"E: Uncertainty",NA,NA,NA,NA,"E: Uncertainty","E: Uncertainty",NA,NA,NA,NA,NA,NA,NA
"2023-10-17 21:00:00","PM2.5",NA,0,0,227.4188,60.7603,51.819,31.2797,NA,NA,NA,NA,59.1052,0,0,1.783,6.1104,0,0,NA,NA,2.543,NA,0,0,0,12.1678,NA,NA,0,0,NA,NA,NA,0,0,0,0,0,1.5951,0,"E: Uncertainty",NA,NA,NA,NA,NA,NA,"E: Uncertainty","E: Uncertainty","E: Uncertainty","E: Uncertainty",NA,NA,NA,NA,NA,NA,NA,"E: Uncertainty","E: Uncertainty",NA,"E: Uncertainty",NA,NA,NA,NA,"E: Uncertainty","E: Uncertainty",NA,NA,"E: Uncertainty","E: Uncertainty","E: Uncertainty",NA,NA,NA,NA,NA,NA,NA
"2023-10-17 22:00:00","PM10",NA,0,0,283.7456,769.341,87.1823,120.1499,2.3468,NA,NA,1.5996,125.6925,NA,NA,3.2407,10.7511,0,0,0.3857,NA,3.9155,NA,0,0,0,NA,NA,NA,0,0,NA,NA,NA,0,0,0,0,0,1.5735,0,"E: Uncertainty",NA,NA,NA,NA,NA,NA,NA,"E: Uncertainty","E: Uncertainty",NA,NA,"E: Uncertainty","E: Uncertainty",NA,NA,NA,NA,NA,"E: Uncertainty",NA,"E: Uncertainty",NA,NA,NA,"E: Uncertainty","E: Uncertainty","E: Uncertainty",NA,NA,"E: Uncertainty","E: Uncertainty","E: Uncertainty",NA,NA,NA,NA,NA,NA,NA
"2023-10-17 23:00:00","PM2.5",0,0,0,246.0044,61.349,60.3532,32.0933,NA,NA,NA,NA,61.6719,NA,NA,2.1275,11.1504,0,0,0.779,NA,2.6094,NA,0,0,0,NA,NA,0,0,0,NA,NA,0,0,0,0,0,0,2.0911,0,NA,NA,NA,NA,NA,NA,NA,"E: Uncertainty","E: Uncertainty","E: Uncertainty","E: Uncertainty",NA,"E: Uncertainty","E: Uncertainty",NA,NA,NA,NA,NA,"E: Uncertainty",NA,"E: Uncertainty",NA,NA,NA,"E: Uncertainty","E: Uncertainty",NA,NA,NA,"E: Uncertainty","E: Uncertainty",NA,NA,NA,NA,NA,NA,NA,NA
"2023-10-18 00:30:00","PM10",NA,0,0,349.9854,840.1363,89.1602,144.0806,4.5093,0,NA,NA,143.014,0,NA,3.7288,17.8899,0,0,0,NA,4.0738,NA,0,0,0,23.9144,NA,0.1342,0,0,NA,NA,NA,0,0,0,0,0,4.5127,0,"E: Uncertainty",NA,NA,NA,NA,NA,NA,NA,NA,"E: Uncertainty","E: Uncertainty",NA,NA,"E: Uncertainty",NA,NA,NA,NA,NA,"E: Uncertainty",NA,"E: Uncertainty",NA,NA,NA,NA,"E: Uncertainty",NA,NA,NA,"E: Uncertainty","E: Uncertainty","E: Uncertainty",NA,NA,NA,NA,NA,NA,NA
"2023-10-18 01:00:00","PM2.5",716.7515,0,0,295.3119,74.4674,59.6616,34.0424,1.2127,NA,NA,1.5264,77.8997,0,NA,2.5341,13.5167,0,0,1.2845,0.6021,2.6897,NA,0,0,0,NA,NA,0,0,0,0,NA,0,0,0,0,0.011,0,3.3304,0,NA,NA,NA,NA,NA,NA,NA,NA,"E: Uncertainty","E: Uncertainty",NA,NA,NA,"E: Uncertainty",NA,NA,NA,NA,NA,NA,NA,"E: Uncertainty",NA,NA,NA,"E: Uncertainty","E: Uncertainty",NA,NA,NA,NA,"E: Uncertainty",NA,NA,NA,NA,NA,NA,NA,NA
"2023-10-18 02:00:00","PM10",NA,NA,0,374.9821,670.1245,97.4791,122.2468,4.9157,0,0.8719,2.7217,136.9063,0,NA,3.5628,18.9524,0,0,0.6197,0.8007,4.119,NA,0,0,0,19.7697,0,0,0,NA,NA,0,0,0,0,0,0,0,2.8019,0,"E: Uncertainty","E: Uncertainty",NA,NA,NA,NA,NA,NA,NA,NA,NA,NA,NA,"E: Uncertainty",NA,NA,NA,NA,NA,NA,NA,"E: Uncertainty",NA,NA,NA,NA,NA,NA,NA,"E: Uncertainty","E: Uncertainty",NA,NA,NA,NA,NA,NA,NA,NA,NA
"2023-10-18 03:00:00","PM2.5",0,0,0,327.498,19.0739,59.9617,28.242,NA,NA,NA,1.0304,67.0598,NA,NA,2.404,27.6377,NA,0,0,0.6701,2.2281,NA,0,0,0,15.6183,NA,0,0,NA,NA,NA,NA,0,0,0,0,0,2.3952,0,NA,NA,NA,NA,NA,NA,NA,"E: Uncertainty","E: Uncertainty","E: Uncertainty",NA,NA,"E: Uncertainty","E: Uncertainty",NA,NA,"E: Uncertainty",NA,NA,NA,NA,"E: Uncertainty",NA,NA,NA,NA,"E: Uncertainty",NA,NA,"E: Uncertainty","E: Uncertainty","E: Uncertainty","E: Uncertainty",NA,NA,NA,NA,NA,NA,NA
"2023-10-18 04:00:00","PM10",NA,0,0,359.8707,592.4951,91.7378,108.0906,3.0451,NA,NA,2.3711,148.9388,NA,NA,3.4858,17.3687,0,0,NA,0.5031,4.1974,1.6096,0,0,0,NA,NA,NA,0,NA,NA,NA,NA,0,0,0,0,0,2.4636,0,"E: Uncertainty",NA,NA,NA,NA,NA,NA,NA,"E: Uncertainty","E: Uncertainty",NA,NA,"E: Uncertainty","E: Uncertainty",NA,NA,NA,NA,"E: Uncertainty",NA,NA,NA,NA,NA,NA,"E: Uncertainty","E: Uncertainty","E: Uncertainty",NA,"E: Uncertainty","E: Uncertainty","E: Uncertainty","E: Uncertainty",NA,NA,NA,NA,NA,NA,NA
"2023-10-18 05:00:00","PM2.5",748.7688,0,0,357.3231,0,71.2591,31.5498,1.6242,NA,NA,0.8154,85.7536,NA,NA,2.135,11.353,0,0,0,NA,3.2509,NA,0,0,0,NA,0,NA,0,NA,0,0,0,0,0,0,0,0,2.5578,0,NA,NA,NA,NA,NA,NA,NA,NA,"E: Uncertainty","E: Uncertainty",NA,NA,"E: Uncertainty","E: Uncertainty",NA,NA,NA,NA,NA,"E: Uncertainty",NA,"E: Uncertainty",NA,NA,NA,"E: Uncertainty",NA,"E: Uncertainty",NA,"E: Uncertainty",NA,NA,NA,NA,NA,NA,NA,NA,NA,NA
"2023-10-18 06:00:00","PM10",NA,0,0,470.5819,573.5325,102.7685,226.3199,4.335,NA,0.8383,2.6913,208.9305,0,0.6342,5.0139,16.2407,0,0,0,NA,4.7557,NA,0,0,0,9.1562,NA,NA,0,0,NA,NA,3.1373,0,0,0,0,0,2.8758,0,"E: Uncertainty",NA,NA,NA,NA,NA,NA,NA,"E: Uncertainty",NA,NA,NA,NA,NA,NA,NA,NA,NA,NA,"E: Uncertainty",NA,"E: Uncertainty",NA,NA,NA,NA,"E: Uncertainty","E: Uncertainty",NA,NA,"E: Uncertainty","E: Uncertainty",NA,NA,NA,NA,NA,NA,NA,NA
"2023-10-18 07:00:00","PM2.5",NA,0,0,450.3117,34.5663,73.355,65.3373,2.9589,NA,NA,0.9905,138.0794,0,NA,3.739,12.6874,0,0,0,0.6528,3.8628,NA,0,0,0,17.107,NA,NA,0,0,NA,NA,0,0,NA,0,0,0,2.2867,0,"E: Uncertainty",NA,NA,NA,NA,NA,NA,NA,"E: Uncertainty","E: Uncertainty",NA,NA,NA,"E: Uncertainty",NA,NA,NA,NA,NA,NA,NA,"E: Uncertainty",NA,NA,NA,NA,"E: Uncertainty","E: Uncertainty",NA,NA,"E: Uncertainty","E: Uncertainty",NA,NA,"E: Uncertainty",NA,NA,NA,NA,NA
"2023-10-18 08:00:00","PM10",NA,NA,0,548.0364,699.848,136.3393,445.4998,10.0258,NA,1.1466,4.0391,292.3024,NA,NA,6.8274,21.8148,0,0,0.8886,0.6394,5.8179,1.7013,0,0,0,NA,NA,0,0,0,0,NA,NA,0,0,0,0,0,2.4143,0,"E: Uncertainty","E: Uncertainty",NA,NA,NA,NA,NA,NA,"E: Uncertainty",NA,NA,NA,"E: Uncertainty","E: Uncertainty",NA,NA,NA,NA,NA,NA,NA,NA,NA,NA,NA,"E: Uncertainty","E: Uncertainty",NA,NA,NA,NA,"E: Uncertainty","E: Uncertainty",NA,NA,NA,NA,NA,NA,NA
"2023-10-18 09:00:00","PM2.5",NA,0,0,583.2271,130.3747,92.4714,111.1904,3.1741,NA,NA,1.7654,130.9108,0,NA,3.8705,23.6248,0,0,1.2462,0.7804,4.7502,NA,0,0,0,NA,NA,0,0,NA,NA,0,NA,0,0,0,0,0,4.7565,0,"E: Uncertainty",NA,NA,NA,NA,NA,NA,NA,"E: Uncertainty","E: Uncertainty",NA,NA,NA,"E: Uncertainty",NA,NA,NA,NA,NA,NA,NA,"E: Uncertainty",NA,NA,NA,"E: Uncertainty","E: Uncertainty",NA,NA,"E: Uncertainty","E: Uncertainty",NA,"E: Uncertainty",NA,NA,NA,NA,NA,NA,NA
"2023-10-18 10:00:00","PM10",NA,NA,0,620.4424,873.3807,129.2655,474.8868,8.1025,0.8907,0.8003,3.4702,268.4866,0,NA,6.8379,66.5437,0,0,0.3807,0.6534,8.0681,NA,0,0,0,21.2257,0,NA,0,NA,NA,0,0,0,0,0,0,0,4.762,0,"E: Uncertainty","E: Uncertainty",NA,NA,NA,NA,NA,NA,NA,NA,NA,NA,NA,"E: Uncertainty",NA,NA,NA,NA,NA,NA,NA,"E: Uncertainty",NA,NA,NA,NA,NA,"E: Uncertainty",NA,"E: Uncertainty","E: Uncertainty",NA,NA,NA,NA,NA,NA,NA,NA,NA
"2023-10-18 11:00:00","PM2.5",NA,0,0,564.1939,151.0446,98.9033,110.7308,2.6466,NA,NA,2.3083,134.2132,0,NA,4.068,44.5251,0,0,1.1327,0.4551,5.2204,NA,0,0,0,NA,0,NA,0,NA,NA,NA,0,0,0,0,0,0,3.9397,0,"E: Uncertainty",NA,NA,NA,NA,NA,NA,NA,"E: Uncertainty","E: Uncertainty",NA,NA,NA,"E: Uncertainty",NA,NA,NA,NA,NA,NA,NA,"E: Uncertainty",NA,NA,NA,"E: Uncertainty",NA,"E: Uncertainty",NA,"E: Uncertainty","E: Uncertainty","E: Uncertainty",NA,NA,NA,NA,NA,NA,NA,NA
"2023-10-18 12:00:00","PM10",NA,NA,0,605.5405,653.3323,142.1612,240.419,7.55,NA,1.108,3.9833,234.2674,0,NA,5.0437,30.1874,0,0,1.2026,NA,7.2137,NA,0,0,0,NA,0,NA,0,0,NA,0,NA,0,0,0,0,0,6.1531,0,"E: Uncertainty","E: Uncertainty",NA,NA,NA,NA,NA,NA,"E: Uncertainty",NA,NA,NA,NA,"E: Uncertainty",NA,NA,NA,NA,NA,"E: Uncertainty",NA,"E: Uncertainty",NA,NA,NA,"E: Uncertainty",NA,"E: Uncertainty",NA,NA,"E: Uncertainty",NA,"E: Uncertainty",NA,NA,NA,NA,NA,NA,NA
"2023-10-18 13:00:00","PM2.5",739.8878,0,0,524.3772,17.202,109.6517,43.7526,2.3516,NA,0.7337,1.262,109.8102,NA,0.5186,2.8838,19.9823,0,0,NA,0.4524,3.3385,NA,0,0,0,10.0887,NA,NA,0,0,NA,0,NA,0,0,0,0,0,5.1291,0,NA,NA,NA,NA,NA,NA,NA,NA,"E: Uncertainty",NA,NA,NA,"E: Uncertainty",NA,NA,NA,NA,NA,"E: Uncertainty",NA,NA,"E: Uncertainty",NA,NA,NA,NA,"E: Uncertainty","E: Uncertainty",NA,NA,"E: Uncertainty",NA,"E: Uncertainty",NA,NA,NA,NA,NA,NA,NA
"2023-10-18 14:00:00","PM10",NA,NA,0,468.2151,571.0219,143.4168,189.5678,6.9796,NA,0.8643,2.4878,218.3841,0,NA,4.154,21.8545,0,0,1.0649,NA,17.1729,NA,0,0,0,12.4756,NA,NA,0,0,0,0,3.4405,0,0,0,0,0,3.7331,0,"E: Uncertainty","E: Uncertainty",NA,NA,NA,NA,NA,NA,"E: Uncertainty",NA,NA,NA,NA,"E: Uncertainty",NA,NA,NA,NA,NA,"E: Uncertainty",NA,"E: Uncertainty",NA,NA,NA,NA,"E: Uncertainty","E: Uncertainty",NA,NA,NA,NA,NA,NA,NA,NA,NA,NA,NA,NA
"2023-10-18 15:00:00","PM2.5",NA,0,0,448.3319,59.7201,109.1053,47.6195,2.8881,NA,NA,1.351,115.2368,0,NA,3.4206,17.2465,0,0,1.2888,0.5244,3.2225,0,0,0,0,NA,NA,0,0,NA,NA,NA,NA,0,0,0,0,0,2.7901,0,"E: Uncertainty",NA,NA,NA,NA,NA,NA,NA,"E: Uncertainty","E: Uncertainty",NA,NA,NA,"E: Uncertainty",NA,NA,NA,NA,NA,NA,NA,NA,NA,NA,NA,"E: Uncertainty","E: Uncertainty",NA,NA,"E: Uncertainty","E: Uncertainty","E: Uncertainty","E: Uncertainty",NA,NA,NA,NA,NA,NA,NA
"2023-10-18 16:00:00","PM10",NA,NA,0,589.0374,611.2584,152.5776,165.1261,5.1256,0,NA,2.6767,213.1426,NA,0,5.3912,23.529,0,0,1.4917,0.5604,5.4725,NA,0,0,0,NA,NA,NA,0,0,NA,NA,NA,0,0,0,0,0,3.5635,0,"E: Uncertainty","E: Uncertainty",NA,NA,NA,NA,NA,NA,NA,"E: Uncertainty",NA,NA,"E: Uncertainty",NA,NA,NA,NA,NA,NA,NA,NA,"E: Uncertainty",NA,NA,NA,"E: Uncertainty","E: Uncertainty","E: Uncertainty",NA,NA,"E: Uncertainty","E: Uncertainty","E: Uncertainty",NA,NA,NA,NA,NA,NA,NA
"2023-10-18 17:00:00","PM2.5",702.7958,0,0,462.5989,0,81.5359,31.0438,2.0186,NA,NA,0.8634,84.9046,0,NA,2.6044,20.3449,0,0,0.6635,NA,2.7794,NA,0,NA,0,NA,0,NA,0,0,NA,NA,NA,0,0,0,0,0,3.6237,0,NA,NA,NA,NA,NA,NA,NA,NA,"E: Uncertainty","E: Uncertainty",NA,NA,NA,"E: Uncertainty",NA,NA,NA,NA,NA,"E: Uncertainty",NA,"E: Uncertainty",NA,"E: Uncertainty",NA,"E: Uncertainty",NA,"E: Uncertainty",NA,NA,"E: Uncertainty","E: Uncertainty","E: Uncertainty",NA,NA,NA,NA,NA,NA,NA
"2023-10-18 18:00:00","PM10",NA,0,0,440.1877,0,78.1587,42.0639,2.7099,0,NA,0.9017,105.1798,NA,NA,3.418,17.1513,0,0,0.7588,NA,3.0281,NA,0,0,0,17.4006,0,NA,0,NA,0,NA,NA,0,0,0,0,0,2.8032,0,"E: Uncertainty",NA,NA,NA,NA,NA,NA,NA,NA,"E: Uncertainty",NA,NA,"E: Uncertainty","E: Uncertainty",NA,NA,NA,NA,NA,"E: Uncertainty",NA,"E: Uncertainty",NA,NA,NA,NA,NA,"E: Uncertainty",NA,"E: Uncertainty",NA,"E: Uncertainty","E: Uncertainty",NA,NA,NA,NA,NA,NA,NA
"2023-10-18 19:00:00","PM2.5",NA,0,0,266.0353,0,43.5992,9.7161,1.162,NA,NA,NA,51.3399,NA,NA,1.6177,7.1305,0,0,0.6489,0,1.3059,NA,0,0,0,0,NA,0,0,NA,NA,0,0,0,0,0,0,0,1.7719,0,"E: Uncertainty",NA,NA,NA,NA,NA,NA,NA,"E: Uncertainty","E: Uncertainty","E: Uncertainty",NA,"E: Uncertainty","E: Uncertainty",NA,NA,NA,NA,NA,NA,NA,"E: Uncertainty",NA,NA,NA,NA,"E: Uncertainty",NA,NA,"E: Uncertainty","E: Uncertainty",NA,NA,NA,NA,NA,NA,NA,NA,NA
"2023-10-18 20:00:00","PM10",NA,0,NA,157.7953,0,36.6137,14.7015,1.0941,0,NA,NA,51.5401,0,NA,1.822,5.5683,0,0,1.0404,NA,0.9583,NA,0,0,0,14.5518,NA,NA,0,0,NA,NA,NA,0,0,0,0,0,NA,0,"E: Uncertainty",NA,"E: Uncertainty",NA,NA,NA,NA,NA,NA,"E: Uncertainty","E: Uncertainty",NA,NA,"E: Uncertainty",NA,NA,NA,NA,NA,"E: Uncertainty",NA,"E: Uncertainty",NA,NA,NA,NA,"E: Uncertainty","E: Uncertainty",NA,NA,"E: Uncertainty","E: Uncertainty","E: Uncertainty",NA,NA,NA,NA,NA,"E: Uncertainty",NA
"2023-10-18 21:00:00","PM2.5",975.9776,0,0,77.0787,0,18.8696,7.097,NA,0,5e-04,0,28.8242,0,NA,1.1138,3.6617,0,0,NA,0,0.7457,0,0,0,0,NA,NA,NA,0,NA,NA,0,NA,0,0,0,0,0,1.3783,0,NA,NA,NA,NA,NA,NA,NA,"E: Uncertainty",NA,NA,NA,NA,NA,"E: Uncertainty",NA,NA,NA,NA,"E: Uncertainty",NA,NA,NA,NA,NA,NA,"E: Uncertainty","E: Uncertainty","E: Uncertainty",NA,"E: Uncertainty","E: Uncertainty",NA,"E: Uncertainty",NA,NA,NA,NA,NA,NA,NA
"2023-10-18 22:00:00","PM10",NA,0,0,83.3019,0,31.23,11.9871,1.3174,0,0,0,64.5911,0,NA,3.4061,4.4508,0,0,NA,0,NA,NA,0,0,0,NA,NA,NA,0,0,0,NA,0,0,0,0,0,0,1.2174,0,"E: Uncertainty",NA,NA,NA,NA,NA,NA,NA,NA,NA,NA,NA,NA,"E: Uncertainty",NA,NA,NA,NA,"E: Uncertainty",NA,"E: Uncertainty","E: Uncertainty",NA,NA,NA,"E: Uncertainty","E: Uncertainty","E: Uncertainty",NA,NA,NA,"E: Uncertainty",NA,NA,NA,NA,NA,NA,NA,NA
"2023-10-18 23:00:00","PM2.5",NA,0,0,62.4363,0,17.8488,8.5877,NA,NA,0,NA,31.9999,NA,NA,2.449,2.1234,0,0,0.9548,0,NA,NA,0,NA,NA,23.8404,0,NA,0,0,NA,NA,NA,0,0,0,0,0,NA,0,"E: Uncertainty",NA,NA,NA,NA,NA,NA,"E: Uncertainty","E: Uncertainty",NA,"E: Uncertainty",NA,"E: Uncertainty","E: Uncertainty",NA,NA,NA,NA,NA,NA,"E: Uncertainty","E: Uncertainty",NA,"E: Uncertainty","E: Uncertainty",NA,NA,"E: Uncertainty",NA,NA,"E: Uncertainty","E: Uncertainty","E: Uncertainty",NA,NA,NA,NA,NA,"E: Uncertainty",NA
"2023-10-19 00:30:00","PM10",NA,0,0,32.5458,0,23.6586,NA,NA,0,0,0,9.6141,0,NA,NA,1.614,NA,0,NA,0,0,NA,0,0,0,24.7906,NA,NA,0,0,0,NA,0,0,NA,0,0,0,0,0,"E: Uncertainty",NA,NA,NA,NA,NA,"E: Uncertainty","E: Uncertainty",NA,NA,NA,NA,NA,"E: Uncertainty","E: Uncertainty",NA,"E: Uncertainty",NA,"E: Uncertainty",NA,NA,"E: Uncertainty",NA,NA,NA,NA,"E: Uncertainty","E: Uncertainty",NA,NA,NA,"E: Uncertainty",NA,NA,"E: Uncertainty",NA,NA,NA,NA,NA
"2023-10-19 01:00:00","PM2.5",0,0,0,43.3448,0,14.4465,NA,NA,0,0,0,7.8567,0,0,0.618,0.9827,NA,0,NA,0,NA,NA,0,0,0,12.5541,NA,NA,0,NA,NA,0,0,0,NA,0,0,0,NA,0,NA,NA,NA,NA,NA,NA,"E: Uncertainty","E: Uncertainty",NA,NA,NA,NA,NA,NA,NA,NA,"E: Uncertainty",NA,"E: Uncertainty",NA,"E: Uncertainty","E: Uncertainty",NA,NA,NA,NA,"E: Uncertainty","E: Uncertainty",NA,"E: Uncertainty","E: Uncertainty",NA,NA,NA,"E: Uncertainty",NA,NA,NA,"E: Uncertainty",NA
"2023-10-19 02:00:00","PM10",867.5019,0,NA,94.8619,488.1865,29.6192,16.3902,NA,0.006,0,0,10.0641,0,0,NA,3.0557,0,0,NA,0,1.4603,NA,0,0,0,12.4383,NA,0.1267,0,0.1664,NA,NA,0,0,NA,0,0,0,0,0,NA,NA,"E: Uncertainty",NA,NA,NA,NA,"E: Uncertainty",NA,NA,NA,NA,NA,NA,"E: Uncertainty",NA,NA,NA,"E: Uncertainty",NA,NA,"E: Uncertainty",NA,NA,NA,NA,"E: Uncertainty",NA,NA,NA,"E: Uncertainty","E: Uncertainty",NA,NA,"E: Uncertainty",NA,NA,NA,NA,NA
"2023-10-19 03:00:00","PM2.5",NA,0,0,83.4011,193.7576,13.1119,7.3105,0,NA,0,0,3.6363,0,NA,NA,3.9727,0,0,NA,0,0.7231,1.6314,0,0,0,NA,NA,0,0,0,NA,NA,0,0,0,0,0,0,0,0,"E: Uncertainty",NA,NA,NA,NA,NA,NA,NA,"E: Uncertainty",NA,NA,NA,NA,"E: Uncertainty","E: Uncertainty",NA,NA,NA,"E: Uncertainty",NA,NA,NA,NA,NA,NA,"E: Uncertainty","E: Uncertainty",NA,NA,NA,"E: Uncertainty","E: Uncertainty",NA,NA,NA,NA,NA,NA,NA,NA
"2023-10-19 04:00:00","PM10",856.5065,0,0,107.8844,694.7016,38.7606,25.0458,0,0,0,0,8.3944,NA,0.0066,0.5612,0.5511,0,0,0,NA,1.5004,NA,0,0,0,NA,0,0,0,0,NA,NA,0,0,0,0,0,0,0,0,NA,NA,NA,NA,NA,NA,NA,NA,NA,NA,NA,NA,"E: Uncertainty",NA,NA,NA,NA,NA,NA,"E: Uncertainty",NA,"E: Uncertainty",NA,NA,NA,"E: Uncertainty",NA,NA,NA,NA,"E: Uncertainty","E: Uncertainty",NA,NA,NA,NA,NA,NA,NA,NA
"2023-10-19 05:00:00","PM2.5",NA,0,0,70.974,79.7435,9.685,11.6474,0,0,0,0,8.8999,0,NA,NA,0.4304,0,0,NA,0,1.4241,NA,0,0,0,15.8802,NA,NA,0,NA,NA,0,0,0,0,0,0,0,NA,0,"E: Uncertainty",NA,NA,NA,NA,NA,NA,NA,NA,NA,NA,NA,NA,"E: Uncertainty","E: Uncertainty",NA,NA,NA,"E: Uncertainty",NA,NA,"E: Uncertainty",NA,NA,NA,NA,"E: Uncertainty","E: Uncertainty",NA,"E: Uncertainty","E: Uncertainty",NA,NA,NA,NA,NA,NA,NA,"E: Uncertainty",NA
"2023-10-19 06:00:00","PM10",NA,0,0,61.7482,332.8401,26.0983,26.6081,NA,0,0,0,36.0192,0,0,1.4366,0.7448,0,0,NA,0,1.1204,NA,0,0,0,NA,NA,NA,0,NA,0,NA,NA,0,0,0,0,0,NA,0,"E: Uncertainty",NA,NA,NA,NA,NA,NA,"E: Uncertainty",NA,NA,NA,NA,NA,NA,NA,NA,NA,NA,"E: Uncertainty",NA,NA,"E: Uncertainty",NA,NA,NA,"E: Uncertainty","E: Uncertainty","E: Uncertainty",NA,"E: Uncertainty",NA,"E: Uncertainty","E: Uncertainty",NA,NA,NA,NA,NA,"E: Uncertainty",NA
"2023-10-19 07:00:00","PM2.5",NA,0,0,54.3403,191.4471,14.4871,54.9189,NA,0,0,0,24.1401,0,0,0.7857,0.8195,0,0,0,NA,0.9114,NA,0,0,0,11.4547,NA,0,0,0,NA,NA,NA,0,0,0,0,0,NA,0,"E: Uncertainty",NA,NA,NA,NA,NA,NA,"E: Uncertainty",NA,NA,NA,NA,NA,NA,NA,NA,NA,NA,NA,"E: Uncertainty",NA,"E: Uncertainty",NA,NA,NA,NA,"E: Uncertainty",NA,NA,NA,"E: Uncertainty","E: Uncertainty","E: Uncertainty",NA,NA,NA,NA,NA,"E: Uncertainty",NA
"2023-10-19 08:00:00","PM10",688.2286,0,0,143.6682,1482.2317,56.0258,143.5992,2.5458,0,0.0026,NA,75.623,NA,NA,1.8138,1.9579,0,0,NA,NA,2.5532,1.8244,0,0,0,NA,NA,NA,0,0,0,NA,NA,0,0,0,NA,0,NA,0,NA,NA,NA,NA,NA,NA,NA,NA,NA,NA,"E: Uncertainty",NA,"E: Uncertainty","E: Uncertainty",NA,NA,NA,NA,"E: Uncertainty","E: Uncertainty",NA,NA,NA,NA,NA,"E: Uncertainty","E: Uncertainty","E: Uncertainty",NA,NA,NA,"E: Uncertainty","E: Uncertainty",NA,NA,NA,"E: Uncertainty",NA,"E: Uncertainty",NA
"2023-10-19 09:00:00","PM2.5",NA,0,0,109.4184,748.7067,24.1214,77.3047,NA,NA,0,0,28.1712,0,0,0.974,0.755,NA,0,0.3817,0,1.872,NA,0,0,0,NA,0,0,0,NA,NA,0,0,0,0,0,0,0,0,0,"E: Uncertainty",NA,NA,NA,NA,NA,NA,"E: Uncertainty","E: Uncertainty",NA,NA,NA,NA,NA,NA,NA,"E: Uncertainty",NA,NA,NA,NA,"E: Uncertainty",NA,NA,NA,"E: Uncertainty",NA,NA,NA,"E: Uncertainty","E: Uncertainty",NA,NA,NA,NA,NA,NA,NA,NA,NA
"2023-10-19 10:00:00","PM10",717.8581,0,0,195.2254,2365.3383,71.5496,204.0008,NA,0,NA,0,65.1247,0,0,1.4383,1.7566,0,0,NA,NA,2.6901,NA,0,0,0,18.5637,0,NA,0,NA,0,NA,NA,0,0,0,0,0,0,0,NA,NA,NA,NA,NA,NA,NA,"E: Uncertainty",NA,"E: Uncertainty",NA,NA,NA,NA,NA,NA,NA,NA,"E: Uncertainty","E: Uncertainty",NA,"E: Uncertainty",NA,NA,NA,NA,NA,"E: Uncertainty",NA,"E: Uncertainty",NA,"E: Uncertainty","E: Uncertainty",NA,NA,NA,NA,NA,NA,NA
"2023-10-19 11:00:00","PM2.5",843.8565,0,NA,121.6627,1050.2307,31.2134,44.2315,NA,0,0,0,23.9705,NA,0,0.9577,1.4095,NA,0,0,NA,2.5989,NA,0,0,0,13.3574,0,0,0,0,NA,NA,NA,0,0,0,0,0,0.7519,0,NA,NA,"E: Uncertainty",NA,NA,NA,NA,"E: Uncertainty",NA,NA,NA,NA,"E: Uncertainty",NA,NA,NA,"E: Uncertainty",NA,NA,"E: Uncertainty",NA,"E: Uncertainty",NA,NA,NA,NA,NA,NA,NA,NA,"E: Uncertainty","E: Uncertainty","E: Uncertainty",NA,NA,NA,NA,NA,NA,NA
"2023-10-19 12:00:00","PM10",688.9504,0,0,225.6396,2550.3746,73.1876,94.3864,NA,0,NA,0,38.811,NA,0,1.6289,1.9689,0,0,0,0,4.2413,NA,0,0,0,NA,NA,NA,0,NA,NA,0,0,NA,NA,0,0,0,0,0,NA,NA,NA,NA,NA,NA,NA,"E: Uncertainty",NA,"E: Uncertainty",NA,NA,"E: Uncertainty",NA,NA,NA,NA,NA,NA,NA,NA,"E: Uncertainty",NA,NA,NA,"E: Uncertainty","E: Uncertainty","E: Uncertainty",NA,"E: Uncertainty","E: Uncertainty",NA,NA,"E: Uncertainty","E: Uncertainty",NA,NA,NA,NA,NA
"2023-10-19 13:00:00","PM2.5",NA,0,0,190.9301,1148.1312,37.2687,42.9252,NA,NA,0,0,24.3695,NA,0,0.8802,1.2353,0,0,NA,0,2.5895,NA,0,0,0,13.8559,NA,0,0,NA,NA,NA,NA,0,0,0,0,0,NA,0,"E: Uncertainty",NA,NA,NA,NA,NA,NA,"E: Uncertainty","E: Uncertainty",NA,NA,NA,"E: Uncertainty",NA,NA,NA,NA,NA,"E: Uncertainty",NA,NA,"E: Uncertainty",NA,NA,NA,NA,"E: Uncertainty",NA,NA,"E: Uncertainty","E: Uncertainty","E: Uncertainty","E: Uncertainty",NA,NA,NA,NA,NA,"E: Uncertainty",NA
"2023-10-19 14:00:00","PM10",NA,0,0,281.5357,1812.6899,68.923,82.6145,NA,NA,NA,0,67.5083,0,0,1.8628,1.6806,0,0,0,0,3.2748,1.5139,0,0,0,13.3556,0,0,0,0,NA,NA,NA,0,0,0.0076,0,0,NA,0,"E: Uncertainty",NA,NA,NA,NA,NA,NA,"E: Uncertainty","E: Uncertainty","E: Uncertainty",NA,NA,NA,NA,NA,NA,NA,NA,NA,NA,NA,NA,NA,NA,NA,NA,NA,NA,NA,NA,"E: Uncertainty","E: Uncertainty","E: Uncertainty",NA,NA,NA,NA,NA,"E: Uncertainty",NA
"2023-10-19 15:00:00","PM2.5",835.8635,0,0,142.7048,521.9467,28.8225,25.4861,0,0,NA,0,44.5594,0,0,1.1789,2.4685,0,0,0.6788,0,2.0361,0,0,0,0,NA,NA,NA,0,NA,NA,NA,NA,0,0,0,0,0,NA,0,NA,NA,NA,NA,NA,NA,NA,NA,NA,"E: Uncertainty",NA,NA,NA,NA,NA,NA,NA,NA,NA,NA,NA,NA,NA,NA,NA,"E: Uncertainty","E: Uncertainty","E: Uncertainty",NA,"E: Uncertainty","E: Uncertainty","E: Uncertainty","E: Uncertainty",NA,NA,NA,NA,NA,"E: Uncertainty",NA
"2023-10-19 16:00:00","PM10",NA,0,NA,185.7081,1056.0009,57.3441,58.1977,NA,0,NA,NA,130.9272,NA,0,4.109,4.3272,0,0,1.0152,NA,2.5511,NA,0,0,0,28.7407,NA,0,0,NA,NA,NA,NA,0,0,0,0,0,2.1955,0,"E: Uncertainty",NA,"E: Uncertainty",NA,NA,NA,NA,"E: Uncertainty",NA,"E: Uncertainty","E: Uncertainty",NA,"E: Uncertainty",NA,NA,NA,NA,NA,NA,"E: Uncertainty",NA,"E: Uncertainty",NA,NA,NA,NA,"E: Uncertainty",NA,NA,"E: Uncertainty","E: Uncertainty","E: Uncertainty","E: Uncertainty",NA,NA,NA,NA,NA,NA,NA
"2023-10-19 17:00:00","PM2.5",NA,0,0,165.8559,410.8062,30.5707,24.9031,1.3739,0,NA,0,63.469,0,0.9132,2.4368,3.6137,0,0,NA,NA,2.3336,NA,0,0,0,NA,NA,0.0534,0,NA,0,NA,0,0,0,0,0,0,2.5559,0,"E: Uncertainty",NA,NA,NA,NA,NA,NA,NA,NA,"E: Uncertainty",NA,NA,NA,NA,NA,NA,NA,NA,"E: Uncertainty","E: Uncertainty",NA,"E: Uncertainty",NA,NA,NA,"E: Uncertainty","E: Uncertainty",NA,NA,"E: Uncertainty",NA,"E: Uncertainty",NA,NA,NA,NA,NA,NA,NA,NA
"2023-10-19 18:00:00","PM10",694.2214,0,0,210.6897,1180.1054,73.9205,59.4351,1.6495,0,NA,NA,100.5706,NA,0,3.4059,4.9692,0,0,1.2133,NA,3.3939,NA,0,0,0,NA,0,NA,0,NA,0,NA,NA,0,0,0,0,0,3.1407,0,NA,NA,NA,NA,NA,NA,NA,NA,NA,"E: Uncertainty","E: Uncertainty",NA,"E: Uncertainty",NA,NA,NA,NA,NA,NA,"E: Uncertainty",NA,"E: Uncertainty",NA,NA,NA,"E: Uncertainty",NA,"E: Uncertainty",NA,"E: Uncertainty",NA,"E: Uncertainty","E: Uncertainty",NA,NA,NA,NA,NA,NA,NA
"2023-10-19 19:00:00","PM2.5",846.7874,0,0,147.3139,230.8173,37.5675,19.227,NA,0,0,0,42.9856,0,0,1.5417,3.2347,0,0,1.3192,NA,2.0369,NA,0,0,0,NA,0,0,0,NA,NA,NA,0,0,0,0,0,0,1.4101,0,NA,NA,NA,NA,NA,NA,NA,"E: Uncertainty",NA,NA,NA,NA,NA,NA,NA,NA,NA,NA,NA,"E: Uncertainty",NA,"E: Uncertainty",NA,NA,NA,"E: Uncertainty",NA,NA,NA,"E: Uncertainty","E: Uncertainty","E: Uncertainty",NA,NA,NA,NA,NA,NA,NA,NA
"2023-10-19 20:00:00","PM10",NA,0,NA,156.6356,561.9007,73.4459,43.1905,NA,NA,NA,0.006,66.4274,0,NA,2.2937,4.3546,0,0,1.1172,0,1.5533,NA,0,0,0,NA,NA,NA,0,0,NA,NA,NA,0,0,0,0,0,NA,0,"E: Uncertainty",NA,"E: Uncertainty",NA,NA,NA,NA,"E: Uncertainty","E: Uncertainty","E: Uncertainty",NA,NA,NA,"E: Uncertainty",NA,NA,NA,NA,NA,NA,NA,"E: Uncertainty",NA,NA,NA,"E: Uncertainty","E: Uncertainty","E: Uncertainty",NA,NA,"E: Uncertainty","E: Uncertainty","E: Uncertainty",NA,NA,NA,NA,NA,"E: Uncertainty",NA
"2023-10-19 21:00:00","PM2.5",NA,0,0,107.0524,117.099,36.4795,10.978,NA,0,0,NA,35.8494,0,0,1.9916,4.0605,0,0,0.9274,0,0.88,NA,0,0,0,NA,NA,NA,0,0,NA,0,NA,0,0,0,0,0,NA,0,"E: Uncertainty",NA,NA,NA,NA,NA,NA,"E: Uncertainty",NA,NA,"E: Uncertainty",NA,NA,NA,NA,NA,NA,NA,NA,NA,NA,"E: Uncertainty",NA,NA,NA,"E: Uncertainty","E: Uncertainty","E: Uncertainty",NA,NA,"E: Uncertainty",NA,"E: Uncertainty",NA,NA,NA,NA,NA,"E: Uncertainty",NA
"2023-10-19 22:00:00","PM10",700.8279,0,0,143.2004,344.6623,84.6783,33.8042,NA,0,NA,0,74.3789,0,0,3.5669,3.3827,0,0,1.5194,NA,1.7951,2.1714,0,0,0,14.9904,0,NA,0,0,0,NA,NA,0,0,0,0,0,0,0,NA,NA,NA,NA,NA,NA,NA,"E: Uncertainty",NA,"E: Uncertainty",NA,NA,NA,NA,NA,NA,NA,NA,NA,"E: Uncertainty",NA,NA,NA,NA,NA,NA,NA,"E: Uncertainty",NA,NA,NA,"E: Uncertainty","E: Uncertainty",NA,NA,NA,NA,NA,NA,NA
"2023-10-19 23:00:00","PM2.5",NA,0,NA,90.8344,37.9848,34.7548,10.2305,0,0,0,NA,16.5968,0,0,1.3941,1.5698,0,0,NA,0,NA,NA,NA,0,0,NA,NA,0,0,NA,NA,NA,NA,0,NA,0,0,0,NA,0,"E: Uncertainty",NA,"E: Uncertainty",NA,NA,NA,NA,NA,NA,NA,"E: Uncertainty",NA,NA,NA,NA,NA,NA,NA,"E: Uncertainty",NA,"E: Uncertainty","E: Uncertainty","E: Uncertainty",NA,NA,"E: Uncertainty","E: Uncertainty",NA,NA,"E: Uncertainty","E: Uncertainty","E: Uncertainty","E: Uncertainty",NA,"E: Uncertainty",NA,NA,NA,"E: Uncertainty",NA
"2023-10-20 00:30:00","PM10",NA,0,0,110.1078,59.5143,52.2496,21.0811,NA,0,0,0,43.874,NA,0,2.3384,2.0723,0,0,NA,NA,NA,NA,0,0,0,48.2313,NA,NA,0,NA,NA,NA,NA,0,0,0,NA,0,0,0,"E: Uncertainty",NA,NA,NA,NA,NA,NA,"E: Uncertainty",NA,NA,NA,NA,"E: Uncertainty",NA,NA,NA,NA,NA,"E: Uncertainty","E: Uncertainty","E: Uncertainty","E: Uncertainty",NA,NA,NA,NA,"E: Uncertainty","E: Uncertainty",NA,"E: Uncertainty","E: Uncertainty","E: Uncertainty","E: Uncertainty",NA,NA,NA,"E: Uncertainty",NA,NA,NA
"2023-10-20 01:00:00","PM2.5",835.5267,0,0,96.4117,0,36.4996,6.2461,NA,0,NA,0,25.7524,0,NA,1.1083,2.712,0,0,0.4921,NA,0.8892,NA,0,0,0,8.6503,NA,0,0,0,0,NA,0,0,0,0,0,0,NA,0,NA,NA,NA,NA,NA,NA,NA,"E: Uncertainty",NA,"E: Uncertainty",NA,NA,NA,"E: Uncertainty",NA,NA,NA,NA,NA,"E: Uncertainty",NA,"E: Uncertainty",NA,NA,NA,NA,"E: Uncertainty",NA,NA,NA,NA,"E: Uncertainty",NA,NA,NA,NA,NA,NA,"E: Uncertainty",NA
"2023-10-20 02:00:00","PM10",759.5062,0,0,130.7401,NA,49.3509,16.8629,1.2838,0,NA,NA,57.2471,0,0,1.518,5.1342,0,0,1.4329,0,1.6122,NA,0,0,0,0,NA,NA,0,0,0,NA,NA,0,0,0,0,0,1.185,0,NA,NA,NA,NA,"E: Uncertainty",NA,NA,NA,NA,"E: Uncertainty","E: Uncertainty",NA,NA,NA,NA,NA,NA,NA,NA,NA,NA,"E: Uncertainty",NA,NA,NA,NA,"E: Uncertainty","E: Uncertainty",NA,NA,NA,"E: Uncertainty","E: Uncertainty",NA,NA,NA,NA,NA,NA,NA
"2023-10-20 03:00:00","PM2.5",NA,0,NA,97.5689,0,18.9811,7.4597,NA,NA,0,0,22.7815,0,0,1.0257,7.0481,0,0,0.8584,NA,1.0584,NA,0,0,0,11.9841,NA,0,0,NA,0,NA,NA,0,0,0,0,0,1.7104,0,"E: Uncertainty",NA,"E: Uncertainty",NA,NA,NA,NA,"E: Uncertainty","E: Uncertainty",NA,NA,NA,NA,NA,NA,NA,NA,NA,NA,"E: Uncertainty",NA,"E: Uncertainty",NA,NA,NA,NA,"E: Uncertainty",NA,NA,"E: Uncertainty",NA,"E: Uncertainty","E: Uncertainty",NA,NA,NA,NA,NA,NA,NA
"2023-10-20 04:00:00","PM10",NA,0,0,85.3133,0,26.356,9.0965,NA,0,0,0,26.6793,NA,0,0.8701,2.1686,0,0,0.839,NA,0.727,NA,0,0,0,13.1824,NA,NA,0,NA,0,NA,0,0,0,0,0,0,0,0,"E: Uncertainty",NA,NA,NA,NA,NA,NA,"E: Uncertainty",NA,NA,NA,NA,"E: Uncertainty",NA,NA,NA,NA,NA,NA,"E: Uncertainty",NA,"E: Uncertainty",NA,NA,NA,NA,"E: Uncertainty","E: Uncertainty",NA,"E: Uncertainty",NA,"E: Uncertainty",NA,NA,NA,NA,NA,NA,NA,NA
"2023-10-20 05:00:00","PM2.5",636.1313,0,0,87.6117,0,10.6082,6.0491,0,0,NA,0,22.548,0,NA,0.9663,9.3255,0,0,NA,0,NA,NA,0,0,NA,NA,0,NA,0,0,0,0,NA,0,0,0,0,0,NA,0,NA,NA,NA,NA,NA,NA,NA,NA,NA,"E: Uncertainty",NA,NA,NA,"E: Uncertainty",NA,NA,NA,NA,"E: Uncertainty",NA,"E: Uncertainty","E: Uncertainty",NA,NA,"E: Uncertainty","E: Uncertainty",NA,"E: Uncertainty",NA,NA,NA,NA,"E: Uncertainty",NA,NA,NA,NA,NA,"E: Uncertainty",NA
"2023-10-20 06:00:00","PM10",NA,0,0,47.9184,0,22.9282,21.3821,NA,0,NA,NA,44.052,NA,NA,1.0693,3.9609,0,0,NA,0,NA,NA,0,0,0,NA,NA,0,0,NA,NA,0,NA,0,0,0,0,0,0,0,"E: Uncertainty",NA,NA,NA,NA,NA,NA,"E: Uncertainty",NA,"E: Uncertainty","E: Uncertainty",NA,"E: Uncertainty","E: Uncertainty",NA,NA,NA,NA,"E: Uncertainty",NA,"E: Uncertainty","E: Uncertainty",NA,NA,NA,"E: Uncertainty","E: Uncertainty",NA,NA,"E: Uncertainty","E: Uncertainty",NA,"E: Uncertainty",NA,NA,NA,NA,NA,NA,NA
"2023-10-20 07:00:00","PM2.5",NA,0,0,36.6421,0,6.6704,16.1253,NA,0,NA,NA,49.1696,NA,0,1.1475,10.3307,0,0,0,0,NA,NA,0,0,0,NA,NA,0,0,NA,NA,NA,NA,0,0,0,0,0,1.6645,0,"E: Uncertainty",NA,NA,NA,NA,NA,NA,"E: Uncertainty",NA,"E: Uncertainty","E: Uncertainty",NA,"E: Uncertainty",NA,NA,NA,NA,NA,NA,NA,"E: Uncertainty","E: Uncertainty",NA,NA,NA,"E: Uncertainty","E: Uncertainty",NA,NA,"E: Uncertainty","E: Uncertainty","E: Uncertainty","E: Uncertainty",NA,NA,NA,NA,NA,NA,NA
"2023-10-20 08:00:00","PM10",NA,NA,0,68.7389,0,22.275,53.7369,2.7179,0,NA,NA,145.1826,0,0,2.9891,13.5368,0,0,1.4123,0,0,NA,0,0,0,NA,NA,0,0,NA,NA,0,NA,0,0,0,0,0,1.6735,0,"E: Uncertainty","E: Uncertainty",NA,NA,NA,NA,NA,NA,NA,"E: Uncertainty","E: Uncertainty",NA,NA,NA,NA,NA,NA,NA,NA,NA,NA,"E: Uncertainty",NA,NA,NA,"E: Uncertainty","E: Uncertainty",NA,NA,"E: Uncertainty","E: Uncertainty",NA,"E: Uncertainty",NA,NA,NA,NA,NA,NA,NA
"2023-10-20 13:00:00","PM10",NA,0,0,33.3163,13.4262,50.6401,39.5129,2.8446,0,NA,NA,164.4525,0,0,4.0857,14.9991,0,0,0.6233,0,NA,NA,0,0,0,18.909,0,NA,0,NA,NA,NA,NA,0,0,0,0,0,4.7282,0,"E: Uncertainty",NA,NA,NA,NA,NA,NA,NA,NA,"E: Uncertainty","E: Uncertainty",NA,NA,NA,NA,NA,NA,NA,NA,NA,"E: Uncertainty","E: Uncertainty",NA,NA,NA,NA,NA,"E: Uncertainty",NA,"E: Uncertainty","E: Uncertainty","E: Uncertainty","E: Uncertainty",NA,NA,NA,NA,NA,NA,NA
"2023-10-20 14:00:00","PM2.5",NA,0,0,20.5912,NA,14.1326,6.0635,NA,0,0,0,41.1158,0,0,1.1769,4.3415,0,0,0.633,0,NA,NA,0,0,0,13.8773,NA,0,0,NA,NA,0,0,0,0,0,0,0,NA,0,"E: Uncertainty",NA,NA,NA,"E: Uncertainty",NA,NA,"E: Uncertainty",NA,NA,NA,NA,NA,NA,NA,NA,NA,NA,NA,NA,"E: Uncertainty","E: Uncertainty",NA,NA,NA,NA,"E: Uncertainty",NA,NA,"E: Uncertainty","E: Uncertainty",NA,NA,NA,NA,NA,NA,NA,"E: Uncertainty",NA
"2023-10-20 15:00:00","PM10",NA,0,0,52.454,27.773,34.4982,68.3517,3.0771,0,NA,0.7771,215.5434,NA,0,6.0058,13.4468,0,0,0.8524,0,3.3332,NA,0,0,0,18.9954,0,0,0,NA,NA,0,5.0509,0,0,0,NA,0,2.2465,0,"E: Uncertainty",NA,NA,NA,NA,NA,NA,NA,NA,"E: Uncertainty",NA,NA,"E: Uncertainty",NA,NA,NA,NA,NA,NA,NA,NA,"E: Uncertainty",NA,NA,NA,NA,NA,NA,NA,"E: Uncertainty","E: Uncertainty",NA,NA,NA,NA,NA,"E: Uncertainty",NA,NA,NA
"2023-10-20 16:00:00","PM2.5",NA,1.3998,0,35.8817,NA,10.8084,8.8335,1.2918,0,0,0,54.3279,0,0,1.8913,13.51,0,0,3.8708,0,3.152,NA,0,0,0,18.5566,0,0,0,NA,NA,NA,0,0,0.0265,0,NA,0,1.4469,0,"E: Uncertainty",NA,NA,NA,"E: Uncertainty",NA,NA,NA,NA,NA,NA,NA,NA,NA,NA,NA,NA,NA,NA,NA,NA,"E: Uncertainty",NA,NA,NA,NA,NA,NA,NA,"E: Uncertainty","E: Uncertainty","E: Uncertainty",NA,NA,NA,NA,"E: Uncertainty",NA,NA,NA
"2023-10-20 17:00:00","PM10",NA,0,NA,NA,28.255,14.3794,9.2413,NA,0,0,0,51.5781,0,NA,1.952,11.4335,0,0,0.8897,0,0.8072,NA,0,NA,NA,13.7981,0,NA,0,NA,NA,NA,NA,0,0,0,0,0,0,0,"E: Uncertainty",NA,"E: Uncertainty","E: Uncertainty",NA,NA,NA,"E: Uncertainty",NA,NA,NA,NA,NA,"E: Uncertainty",NA,NA,NA,NA,NA,NA,NA,"E: Uncertainty",NA,"E: Uncertainty","E: Uncertainty",NA,NA,"E: Uncertainty",NA,"E: Uncertainty","E: Uncertainty","E: Uncertainty","E: Uncertainty",NA,NA,NA,NA,NA,NA,NA
"2023-10-20 18:00:00","PM2.5",NA,0,NA,30.8029,17.3573,5.7318,5.5755,0,0,0,0,26.9438,0,0,0.9453,10.6253,0,0,0.6301,0,0,NA,0,0,0,NA,NA,0,0,0,0,NA,NA,0,0,0,0,0,2.2455,0,"E: Uncertainty",NA,"E: Uncertainty",NA,NA,NA,NA,NA,NA,NA,NA,NA,NA,NA,NA,NA,NA,NA,NA,NA,NA,"E: Uncertainty",NA,NA,NA,"E: Uncertainty","E: Uncertainty",NA,NA,NA,NA,"E: Uncertainty","E: Uncertainty",NA,NA,NA,NA,NA,NA,NA
"2023-10-20 19:00:00","PM10",NA,0,0,26.7462,31.847,11.3706,11.8108,NA,0,NA,0,65.1899,0,0.0052,1.6571,4.1181,0,0,NA,0,NA,NA,0,0,0,13.772,NA,NA,0,NA,0,0,NA,NA,0,0,0,0,0,0,"E: Uncertainty",NA,NA,NA,NA,NA,NA,"E: Uncertainty",NA,"E: Uncertainty",NA,NA,NA,NA,NA,NA,NA,NA,"E: Uncertainty",NA,"E: Uncertainty","E: Uncertainty",NA,NA,NA,NA,"E: Uncertainty","E: Uncertainty",NA,"E: Uncertainty",NA,NA,"E: Uncertainty","E: Uncertainty",NA,NA,NA,NA,NA,NA
"2023-10-20 20:00:00","PM2.5",NA,0,0,23.0821,23.2343,36.3615,8.1814,NA,0,0,0,31.2945,0,0,1.5816,5.0696,0,0,0,0,NA,NA,0,0,0,NA,NA,NA,0,0,NA,0,0,0,0,0,0,0,0,0.0034,"E: Uncertainty",NA,NA,NA,NA,NA,NA,"E: Uncertainty",NA,NA,NA,NA,NA,NA,NA,NA,NA,NA,NA,NA,"E: Uncertainty","E: Uncertainty",NA,NA,NA,"E: Uncertainty","E: Uncertainty","E: Uncertainty",NA,NA,"E: Uncertainty",NA,NA,NA,NA,NA,NA,NA,NA,NA
"2023-10-20 21:00:00","PM10",663.3902,0,0,31.2687,31.5997,12.168,12.0629,1.1774,0.0074,0,0,49.552,0,0,1.6947,0.8371,NA,0,NA,0,NA,NA,0,0,0,NA,NA,NA,0,0,0,0,0,0,NA,0,NA,0,0,0,NA,NA,NA,NA,NA,NA,NA,NA,NA,NA,NA,NA,NA,NA,NA,NA,"E: Uncertainty",NA,"E: Uncertainty",NA,"E: Uncertainty","E: Uncertainty",NA,NA,NA,"E: Uncertainty","E: Uncertainty","E: Uncertainty",NA,NA,NA,NA,NA,NA,"E: Uncertainty",NA,"E: Uncertainty",NA,NA,NA
"2023-10-20 22:00:00","PM2.5",702.5639,0,0,43.383,NA,12.5167,6.1253,NA,NA,0,0,25.5757,0,0,0.8215,0.6796,NA,0,0,0,NA,NA,0,0,0,9.3889,NA,NA,0,0,NA,NA,0,0,0,0,0,0,NA,0,NA,NA,NA,NA,"E: Uncertainty",NA,NA,"E: Uncertainty","E: Uncertainty",NA,NA,NA,NA,NA,NA,NA,"E: Uncertainty",NA,NA,NA,"E: Uncertainty","E: Uncertainty",NA,NA,NA,NA,"E: Uncertainty","E: Uncertainty",NA,NA,"E: Uncertainty","E: Uncertainty",NA,NA,NA,NA,NA,NA,"E: Uncertainty",NA
"2023-10-20 23:00:00","PM10",1182.8426,0,0.1633,21.4869,NA,15.0971,8.299,NA,NA,NA,0,35.7256,0,0,0.8164,NA,0,0,NA,NA,NA,NA,0,NA,NA,NA,0,0,0,NA,0,NA,NA,0,0,0,0,0,0,0,NA,NA,NA,NA,"E: Uncertainty",NA,NA,"E: Uncertainty","E: Uncertainty","E: Uncertainty",NA,NA,NA,NA,NA,"E: Uncertainty",NA,NA,"E: Uncertainty","E: Uncertainty","E: Uncertainty","E: Uncertainty",NA,"E: Uncertainty","E: Uncertainty","E: Uncertainty",NA,NA,NA,"E: Uncertainty",NA,"E: Uncertainty","E: Uncertainty",NA,NA,NA,NA,NA,NA,NA
"2023-10-21 00:30:00","PM2.5",NA,0,0,NA,0,10.61,4.6673,0,0,0.0062,0,14.5951,0,0,1.0435,NA,0,0,0,0,0,NA,0,0,NA,28.4726,NA,NA,0,NA,NA,NA,0,NA,0,NA,0,0,0,0,"E: Uncertainty",NA,NA,"E: Uncertainty",NA,NA,NA,NA,NA,NA,NA,NA,NA,NA,NA,"E: Uncertainty",NA,NA,NA,NA,NA,"E: Uncertainty",NA,NA,"E: Uncertainty",NA,"E: Uncertainty","E: Uncertainty",NA,"E: Uncertainty","E: Uncertainty","E: Uncertainty",NA,"E: Uncertainty",NA,"E: Uncertainty",NA,NA,NA,NA
"2023-10-21 01:00:00","PM10",NA,0,0,44.188,0,15.8843,7.1288,1.6803,0,NA,0,28.5583,0,0,0.6346,0.7598,0,0,NA,0,0,NA,0,0,0,11.5091,NA,NA,0,0,0,0,0,0,0,0,0,0,0,0,"E: Uncertainty",NA,NA,NA,NA,NA,NA,NA,NA,"E: Uncertainty",NA,NA,NA,NA,NA,NA,NA,NA,"E: Uncertainty",NA,NA,"E: Uncertainty",NA,NA,NA,NA,"E: Uncertainty","E: Uncertainty",NA,NA,NA,NA,NA,NA,NA,NA,NA,NA,NA,NA
"2023-10-21 02:00:00","PM2.5",0,0,0,62.0432,16.9424,6.6331,2.2559,1.5407,NA,NA,0,7.4059,0,0,0.4728,0.4351,0,0,NA,0,NA,NA,0,0,0,16.5691,0,0,0,0,NA,NA,0,0,0,0,0,0,0,0,NA,NA,NA,NA,NA,NA,NA,NA,"E: Uncertainty","E: Uncertainty",NA,NA,NA,NA,NA,NA,NA,NA,"E: Uncertainty",NA,"E: Uncertainty","E: Uncertainty",NA,NA,NA,NA,NA,NA,NA,NA,"E: Uncertainty","E: Uncertainty",NA,NA,NA,NA,NA,NA,NA,NA
"2023-10-21 03:00:00","PM10",0,0,0,70.1067,129.0398,13.9439,10.2244,2.1813,NA,1.3261,NA,13.4779,NA,0,0.5674,1.5014,0,0,NA,NA,0.7108,0,0,0,0,14.7145,0.1037,0,0,0,NA,NA,NA,0,0,0,0,0,NA,0,NA,NA,NA,NA,NA,NA,NA,NA,"E: Uncertainty",NA,"E: Uncertainty",NA,"E: Uncertainty",NA,NA,NA,NA,NA,"E: Uncertainty","E: Uncertainty",NA,NA,NA,NA,NA,NA,NA,NA,NA,NA,"E: Uncertainty","E: Uncertainty","E: Uncertainty",NA,NA,NA,NA,NA,"E: Uncertainty",NA
"2023-10-21 04:00:00","PM2.5",NA,0,0,91.4275,0,11.9757,5.7019,0,NA,1.6069,NA,11.702,0,NA,0.7302,1.5375,0,0,0,0,NA,NA,0,0,0,NA,0,NA,0,0,0,NA,NA,0,0,0,0,0,NA,0,"E: Uncertainty",NA,NA,NA,NA,NA,NA,NA,"E: Uncertainty",NA,"E: Uncertainty",NA,NA,"E: Uncertainty",NA,NA,NA,NA,NA,NA,"E: Uncertainty","E: Uncertainty",NA,NA,NA,"E: Uncertainty",NA,"E: Uncertainty",NA,NA,NA,"E: Uncertainty","E: Uncertainty",NA,NA,NA,NA,NA,"E: Uncertainty",NA
"2023-10-21 05:00:00","PM10",0,0,0,110.7558,23.7474,25.1148,15.3154,1.8638,NA,NA,0,25.1281,0,NA,1.1591,1.1201,0,0,NA,NA,NA,NA,0,0,0,12.3747,NA,NA,0,NA,NA,NA,0,0,0,0,0,0,0,0,NA,NA,NA,NA,NA,NA,NA,NA,"E: Uncertainty","E: Uncertainty",NA,NA,NA,"E: Uncertainty",NA,NA,NA,NA,"E: Uncertainty","E: Uncertainty","E: Uncertainty","E: Uncertainty",NA,NA,NA,NA,"E: Uncertainty","E: Uncertainty",NA,"E: Uncertainty","E: Uncertainty","E: Uncertainty",NA,NA,NA,NA,NA,NA,NA,NA
"2023-10-21 06:00:00","PM2.5",NA,0,NA,80.796,0,10.0606,7.0352,NA,0,0,0,29.5584,0,0,1.6957,1.2747,NA,0,0,NA,NA,NA,0,0,0,18.7063,NA,NA,0,0,NA,NA,NA,0,NA,0,0,0,NA,0,"E: Uncertainty",NA,"E: Uncertainty",NA,NA,NA,NA,"E: Uncertainty",NA,NA,NA,NA,NA,NA,NA,NA,"E: Uncertainty",NA,NA,"E: Uncertainty","E: Uncertainty","E: Uncertainty",NA,NA,NA,NA,"E: Uncertainty","E: Uncertainty",NA,NA,"E: Uncertainty","E: Uncertainty","E: Uncertainty",NA,"E: Uncertainty",NA,NA,NA,"E: Uncertainty",NA
"2023-10-21 07:00:00","PM10",629.5982,0,NA,138.7438,38.7774,26.8293,33.8492,NA,0,NA,1.4206,96.2441,0,0,4.1981,16.3709,0,0,NA,0.0034,NA,NA,0,0,0,11.9232,NA,0,0,NA,0,NA,NA,0,0,0,0,0,NA,0,NA,NA,"E: Uncertainty",NA,NA,NA,NA,"E: Uncertainty",NA,"E: Uncertainty",NA,NA,NA,NA,NA,NA,NA,NA,"E: Uncertainty",NA,"E: Uncertainty","E: Uncertainty",NA,NA,NA,NA,"E: Uncertainty",NA,NA,"E: Uncertainty",NA,"E: Uncertainty","E: Uncertainty",NA,NA,NA,NA,NA,"E: Uncertainty",NA
"2023-10-21 08:00:00","PM2.5",614.9669,0,NA,257.3185,NA,15.9357,12.2159,NA,0,3e-04,0.905,62.1819,0,0,2.8495,17.1025,0,0,0.5234,0,0.8072,NA,0,0,0,13.0889,NA,NA,0,0,NA,NA,NA,0,0,0,0,0,0,0,NA,NA,"E: Uncertainty",NA,"E: Uncertainty",NA,NA,"E: Uncertainty",NA,NA,NA,NA,NA,NA,NA,NA,NA,NA,NA,NA,NA,"E: Uncertainty",NA,NA,NA,NA,"E: Uncertainty","E: Uncertainty",NA,NA,"E: Uncertainty","E: Uncertainty","E: Uncertainty",NA,NA,NA,NA,NA,NA,NA
"2023-10-21 09:00:00","PM10",NA,0,0,321.2115,34.4845,25.5528,26.7088,2.1567,0,NA,NA,84.803,NA,0,3.0456,11.5441,0,0,0,0,NA,NA,0,0,0,16.3585,0,NA,0,0,NA,0,0,0,0,0,0,0,NA,0,"E: Uncertainty",NA,NA,NA,NA,NA,NA,NA,NA,"E: Uncertainty","E: Uncertainty",NA,"E: Uncertainty",NA,NA,NA,NA,NA,NA,NA,"E: Uncertainty","E: Uncertainty",NA,NA,NA,NA,NA,"E: Uncertainty",NA,NA,"E: Uncertainty",NA,NA,NA,NA,NA,NA,NA,"E: Uncertainty",NA
"2023-10-21 10:00:00","PM2.5",NA,0,0,302.5082,110.5117,17.9009,20.5213,NA,0,NA,0,45.3139,0,NA,4.8933,15.187,0,0,1.2328,NA,NA,NA,0,NA,0,NA,NA,0,0,NA,0,0,0,0,0,0,0,0,3.2707,0,"E: Uncertainty",NA,NA,NA,NA,NA,NA,"E: Uncertainty",NA,"E: Uncertainty",NA,NA,NA,"E: Uncertainty",NA,NA,NA,NA,NA,"E: Uncertainty","E: Uncertainty","E: Uncertainty",NA,"E: Uncertainty",NA,"E: Uncertainty","E: Uncertainty",NA,NA,"E: Uncertainty",NA,NA,NA,NA,NA,NA,NA,NA,NA,NA
"2023-10-21 11:00:00","PM10",NA,0,0,851.1032,0,39.7239,52.532,2.3602,NA,NA,NA,97.9321,0,0,6.2447,13.432,0,0,0.9788,0.6235,NA,NA,0,NA,0,21.5469,NA,NA,0,NA,0,0,NA,0,0,0,0,0,2.1547,0,"E: Uncertainty",NA,NA,NA,NA,NA,NA,NA,"E: Uncertainty","E: Uncertainty","E: Uncertainty",NA,NA,NA,NA,NA,NA,NA,NA,NA,"E: Uncertainty","E: Uncertainty",NA,"E: Uncertainty",NA,NA,"E: Uncertainty","E: Uncertainty",NA,"E: Uncertainty",NA,NA,"E: Uncertainty",NA,NA,NA,NA,NA,NA,NA
"2023-10-21 12:00:00","PM2.5",NA,0,0,473.8802,0,18.7124,13.5995,NA,0,NA,0,50.8071,NA,0,1.8807,7.3328,0,0,NA,NA,NA,NA,0,0,0,9.5126,NA,0,0,0,NA,NA,NA,0,0,0,0,0,1.7108,0,"E: Uncertainty",NA,NA,NA,NA,NA,NA,"E: Uncertainty",NA,"E: Uncertainty",NA,NA,"E: Uncertainty",NA,NA,NA,NA,NA,"E: Uncertainty","E: Uncertainty","E: Uncertainty","E: Uncertainty",NA,NA,NA,NA,"E: Uncertainty",NA,NA,NA,"E: Uncertainty","E: Uncertainty","E: Uncertainty",NA,NA,NA,NA,NA,NA,NA
"2023-10-21 13:00:00","PM10",797.9932,0,0,228.5094,66.9913,33.5421,60.2692,NA,0,NA,NA,136.7296,NA,NA,4.8737,5.3032,0,0,1.6764,NA,1.0666,NA,0,0,0,8.9856,NA,NA,0,0,NA,NA,NA,0,0,0,NA,0,6.1,0,NA,NA,NA,NA,NA,NA,NA,"E: Uncertainty",NA,"E: Uncertainty","E: Uncertainty",NA,"E: Uncertainty","E: Uncertainty",NA,NA,NA,NA,NA,"E: Uncertainty",NA,"E: Uncertainty",NA,NA,NA,NA,"E: Uncertainty","E: Uncertainty",NA,NA,"E: Uncertainty","E: Uncertainty","E: Uncertainty",NA,NA,NA,"E: Uncertainty",NA,NA,NA
"2023-10-21 14:00:00","PM2.5",597.2712,0,0,218.6008,21.2328,16.1878,14.7418,0,NA,NA,0,47.8224,0,NA,2.1282,3.9647,0,0,1.2483,NA,0.6188,NA,0,0,0,10.1318,NA,NA,0,0,0,NA,NA,0.0091,0,0,NA,0,4.5951,0,NA,NA,NA,NA,NA,NA,NA,NA,"E: Uncertainty","E: Uncertainty",NA,NA,NA,"E: Uncertainty",NA,NA,NA,NA,NA,"E: Uncertainty",NA,"E: Uncertainty",NA,NA,NA,NA,"E: Uncertainty","E: Uncertainty",NA,NA,NA,"E: Uncertainty","E: Uncertainty",NA,NA,NA,"E: Uncertainty",NA,NA,NA
"2023-10-21 15:00:00","PM10",NA,0,0,116.916,269.7754,27.1114,39.7525,NA,0,NA,NA,111.7764,0,NA,5.4261,3.5758,0,0,0,0,0.7567,NA,0,NA,0,14.5081,NA,NA,0,0,NA,0,NA,0,0,0,0,0,0.9155,0,"E: Uncertainty",NA,NA,NA,NA,NA,NA,"E: Uncertainty",NA,"E: Uncertainty","E: Uncertainty",NA,NA,"E: Uncertainty",NA,NA,NA,NA,NA,NA,NA,"E: Uncertainty",NA,"E: Uncertainty",NA,NA,"E: Uncertainty","E: Uncertainty",NA,NA,"E: Uncertainty",NA,"E: Uncertainty",NA,NA,NA,NA,NA,NA,NA
"2023-10-21 16:00:00","PM2.5",NA,0,0,111.5534,65.8556,20.7802,11.6909,0,0,0,0,66.147,0,0,2.8954,3.1014,0,0,NA,0,NA,NA,0,0,0,17.185,0,NA,0,NA,NA,NA,NA,0,NA,0,0,0,3.8001,0,"E: Uncertainty",NA,NA,NA,NA,NA,NA,NA,NA,NA,NA,NA,NA,NA,NA,NA,NA,NA,"E: Uncertainty",NA,"E: Uncertainty","E: Uncertainty",NA,NA,NA,NA,NA,"E: Uncertainty",NA,"E: Uncertainty","E: Uncertainty","E: Uncertainty","E: Uncertainty",NA,"E: Uncertainty",NA,NA,NA,NA,NA
"2023-10-21 17:00:00","PM10",0,0,0,87.7705,253.1624,38.0195,29.8196,1.0905,0,0,NA,160.825,NA,0,4.7735,7.8533,0,0,0,0,0.7999,NA,0,NA,0,14.7131,0,0,0,NA,NA,NA,NA,0,0,0,0,0,1.509,0,NA,NA,NA,NA,NA,NA,NA,NA,NA,NA,"E: Uncertainty",NA,"E: Uncertainty",NA,NA,NA,NA,NA,NA,NA,NA,"E: Uncertainty",NA,"E: Uncertainty",NA,NA,NA,NA,NA,"E: Uncertainty","E: Uncertainty","E: Uncertainty","E: Uncertainty",NA,NA,NA,NA,NA,NA,NA
"2023-10-21 18:00:00","PM2.5",NA,0,0,58.14,32.7308,43.8433,5.0659,1.3039,0,0,0,86.6789,0,0,5.3958,3.1427,0,0,0.9626,0,1.9449,NA,0,0,0,21.0809,NA,NA,0,NA,NA,NA,NA,0,0,0,0,0,1.4278,0,"E: Uncertainty",NA,NA,NA,NA,NA,NA,NA,NA,NA,NA,NA,NA,NA,NA,NA,NA,NA,NA,NA,NA,"E: Uncertainty",NA,NA,NA,NA,"E: Uncertainty","E: Uncertainty",NA,"E: Uncertainty","E: Uncertainty","E: Uncertainty","E: Uncertainty",NA,NA,NA,NA,NA,NA,NA
"2023-10-21 19:00:00","PM10",NA,0,0,81.9812,167.1462,107.4247,25.1206,1.6598,0,NA,NA,230.0098,NA,0,10.3597,9.3246,0,0,2.1666,0,3.7749,1.8578,0,0,0,NA,NA,0,0,NA,NA,0,3.9169,0,0,0,0,0,NA,0,"E: Uncertainty",NA,NA,NA,NA,NA,NA,NA,NA,"E: Uncertainty","E: Uncertainty",NA,"E: Uncertainty",NA,NA,NA,NA,NA,NA,NA,NA,NA,NA,NA,NA,"E: Uncertainty","E: Uncertainty",NA,NA,"E: Uncertainty","E: Uncertainty",NA,NA,NA,NA,NA,NA,NA,"E: Uncertainty",NA
"2023-10-21 20:00:00","PM2.5",0,0,NA,118.4076,78.5291,255.4887,4.2647,1.1861,0,NA,NA,132.2039,0,0,15.8862,10.5352,0,0,3.0357,NA,10.0245,6.9789,0,0,0,NA,0,NA,0,0,NA,0,9.9535,0,0,0,0,0,1.9823,3.483,NA,NA,"E: Uncertainty",NA,NA,NA,NA,NA,NA,"E: Uncertainty","E: Uncertainty",NA,NA,NA,NA,NA,NA,NA,NA,"E: Uncertainty",NA,NA,NA,NA,NA,"E: Uncertainty",NA,"E: Uncertainty",NA,NA,"E: Uncertainty",NA,NA,NA,NA,NA,NA,NA,NA,NA
"2023-10-21 21:00:00","PM10",NA,0,NA,97.2653,104.8413,217.2301,12.0713,NA,0,0,NA,201.2423,NA,0,18.3648,6.9085,0,0,0.6947,0,3.0034,6.3634,0,0,0,13.0023,0,0,0,NA,NA,0,12.9249,0,0,0,0,0,1.3063,1.7783,"E: Uncertainty",NA,"E: Uncertainty",NA,NA,NA,NA,"E: Uncertainty",NA,NA,"E: Uncertainty",NA,"E: Uncertainty",NA,NA,NA,NA,NA,NA,NA,NA,NA,NA,NA,NA,NA,NA,NA,NA,"E: Uncertainty","E: Uncertainty",NA,NA,NA,NA,NA,NA,NA,NA,NA
"2023-10-21 22:00:00","PM2.5",NA,0,0,53.0571,37.0867,40.0244,3.3833,NA,0,0,0,78.6147,0,NA,6.0001,13.9834,0,0,0.5588,0,0.6632,NA,0,0,0,10.1199,0,NA,0,NA,NA,NA,NA,0,0,0,0,0,NA,0,"E: Uncertainty",NA,NA,NA,NA,NA,NA,"E: Uncertainty",NA,NA,NA,NA,NA,"E: Uncertainty",NA,NA,NA,NA,NA,NA,NA,"E: Uncertainty",NA,NA,NA,NA,NA,"E: Uncertainty",NA,"E: Uncertainty","E: Uncertainty","E: Uncertainty","E: Uncertainty",NA,NA,NA,NA,NA,"E: Uncertainty",NA
"2023-10-21 23:00:00","PM10",NA,0,NA,45.5289,143.7159,46.3307,20.6743,NA,0,NA,NA,94.156,0,NA,2.2383,4.581,0,0,NA,NA,NA,NA,0,NA,0,NA,NA,NA,0,0,NA,NA,NA,NA,0,0,0,0,0,0,"E: Uncertainty",NA,"E: Uncertainty",NA,NA,NA,NA,"E: Uncertainty",NA,"E: Uncertainty","E: Uncertainty",NA,NA,"E: Uncertainty",NA,NA,NA,NA,"E: Uncertainty","E: Uncertainty","E: Uncertainty","E: Uncertainty",NA,"E: Uncertainty",NA,"E: Uncertainty","E: Uncertainty","E: Uncertainty",NA,NA,"E: Uncertainty","E: Uncertainty","E: Uncertainty","E: Uncertainty",NA,NA,NA,NA,NA,NA
"2023-10-22 00:30:00","PM2.5",NA,0,0,40.0738,36.1316,35.6392,4.6751,NA,NA,0,0,19.9661,0,0,NA,3.6995,0,0,0.829,0,NA,NA,0,0,NA,35.7923,0,0,0,0,NA,NA,0,0,0,0,0,0,NA,0,"E: Uncertainty",NA,NA,NA,NA,NA,NA,"E: Uncertainty","E: Uncertainty",NA,NA,NA,NA,NA,"E: Uncertainty",NA,NA,NA,NA,NA,"E: Uncertainty","E: Uncertainty",NA,NA,"E: Uncertainty",NA,NA,NA,NA,NA,"E: Uncertainty","E: Uncertainty",NA,NA,NA,NA,NA,NA,"E: Uncertainty",NA
"2023-10-22 01:00:00","PM10",697.1786,0,0,60.7368,230.8893,41.379,17.1161,0,0,0,0,22.6282,0,0,0.7403,2.8098,0,0,1.2006,0,0.6006,NA,0,0,0,10.1055,NA,0,0,0,NA,0,NA,0,0,0,0,0,1.3763,0,NA,NA,NA,NA,NA,NA,NA,NA,NA,NA,NA,NA,NA,NA,NA,NA,NA,NA,NA,NA,NA,"E: Uncertainty",NA,NA,NA,NA,"E: Uncertainty",NA,NA,NA,"E: Uncertainty",NA,"E: Uncertainty",NA,NA,NA,NA,NA,NA,NA
"2023-10-22 02:00:00","PM2.5",594.4409,0,NA,80.4348,43.7217,37.0315,NA,0,0,NA,0,9.9259,0,0,NA,2.2697,0,0,3.237,0,NA,NA,0,0,0,NA,NA,NA,0,NA,0,0,0,0,0,0,0,0,3.4524,0,NA,NA,"E: Uncertainty",NA,NA,NA,"E: Uncertainty",NA,NA,"E: Uncertainty",NA,NA,NA,NA,"E: Uncertainty",NA,NA,NA,NA,NA,"E: Uncertainty","E: Uncertainty",NA,NA,NA,"E: Uncertainty","E: Uncertainty","E: Uncertainty",NA,"E: Uncertainty",NA,NA,NA,NA,NA,NA,NA,NA,NA,NA
"2023-10-22 03:00:00","PM10",633.721,0,0,92.64,163.2917,66.5429,11.8446,NA,NA,NA,0,20.9987,0,0,0.6806,3.4566,0,0,2.3348,NA,0.6511,NA,0,0,0,NA,NA,0,0,0,0,NA,0,0,0,0,0,0,2.8146,0,NA,NA,NA,NA,NA,NA,NA,"E: Uncertainty","E: Uncertainty","E: Uncertainty",NA,NA,NA,NA,NA,NA,NA,NA,NA,"E: Uncertainty",NA,"E: Uncertainty",NA,NA,NA,"E: Uncertainty","E: Uncertainty",NA,NA,NA,NA,"E: Uncertainty",NA,NA,NA,NA,NA,NA,NA,NA
"2023-10-22 04:00:00","PM2.5",NA,0,0,99.0603,35.0469,67.0804,5.9217,0,0.0087,0,NA,8.59,0,NA,0.5512,2.3933,0,0,NA,0,NA,NA,0,0,0,0,NA,NA,0,NA,0,0,NA,0,0,0,NA,0,2.9316,0,"E: Uncertainty",NA,NA,NA,NA,NA,NA,NA,NA,NA,"E: Uncertainty",NA,NA,"E: Uncertainty",NA,NA,NA,NA,"E: Uncertainty",NA,"E: Uncertainty","E: Uncertainty",NA,NA,NA,NA,"E: Uncertainty","E: Uncertainty",NA,"E: Uncertainty",NA,NA,"E: Uncertainty",NA,NA,NA,"E: Uncertainty",NA,NA,NA
"2023-10-22 05:00:00","PM10",NA,0,NA,116.5123,146.5679,138.0642,14.3876,NA,0,0.0063,NA,19.5277,0,NA,0.7278,2.9087,0,0,0.6768,0,0,NA,0,0,0,0,NA,NA,0,0,NA,0,NA,0,0.0043,0,0,0,0,0,"E: Uncertainty",NA,"E: Uncertainty",NA,NA,NA,NA,"E: Uncertainty",NA,NA,"E: Uncertainty",NA,NA,"E: Uncertainty",NA,NA,NA,NA,NA,NA,NA,"E: Uncertainty",NA,NA,NA,NA,"E: Uncertainty","E: Uncertainty",NA,NA,"E: Uncertainty",NA,"E: Uncertainty",NA,NA,NA,NA,NA,NA,NA
"2023-10-22 06:00:00","PM2.5",NA,0,0,104.7922,32.7821,81.6762,NA,0,NA,NA,0,20.4394,NA,0,0.9106,3.5568,0,0,1.2972,0,0.6835,NA,NA,0,0,NA,NA,0,0,0,0,NA,0,NA,0,0,0,0,1.9642,0,"E: Uncertainty",NA,NA,NA,NA,NA,"E: Uncertainty",NA,"E: Uncertainty","E: Uncertainty",NA,NA,"E: Uncertainty",NA,NA,NA,NA,NA,NA,NA,NA,"E: Uncertainty","E: Uncertainty",NA,NA,"E: Uncertainty","E: Uncertainty",NA,NA,NA,NA,"E: Uncertainty",NA,"E: Uncertainty",NA,NA,NA,NA,NA,NA
"2023-10-22 07:00:00","PM10",NA,0,0,111.8494,181.5822,88.5568,19.8571,NA,0,NA,NA,48.2462,0,0,1.0956,3.9028,0,0,2.7026,NA,0.913,NA,0,NA,0,12.6005,NA,0,0,NA,0,0,NA,0,0,0,0,0,4.0611,0,"E: Uncertainty",NA,NA,NA,NA,NA,NA,"E: Uncertainty",NA,"E: Uncertainty","E: Uncertainty",NA,NA,NA,NA,NA,NA,NA,NA,"E: Uncertainty",NA,"E: Uncertainty",NA,"E: Uncertainty",NA,NA,"E: Uncertainty",NA,NA,"E: Uncertainty",NA,NA,"E: Uncertainty",NA,NA,NA,NA,NA,NA,NA
"2023-10-22 08:00:00","PM2.5",NA,0,0,118.9049,53.1377,68.3626,7.4348,0,0,NA,1.3546,41.3976,0,0,1.9794,2.8289,0,0,1.0423,0,0.6901,NA,0,0,0,12.5883,0,NA,0,NA,NA,NA,NA,0,0,0,0,0,1.0927,0,"E: Uncertainty",NA,NA,NA,NA,NA,NA,NA,NA,"E: Uncertainty",NA,NA,NA,NA,NA,NA,NA,NA,NA,NA,NA,"E: Uncertainty",NA,NA,NA,NA,NA,"E: Uncertainty",NA,"E: Uncertainty","E: Uncertainty","E: Uncertainty","E: Uncertainty",NA,NA,NA,NA,NA,NA,NA
"2023-10-22 09:00:00","PM10",NA,0,0,118.9847,232.9645,65.0388,33.9763,1.7358,0,0.0036,NA,89.3139,0,0,2.2992,4.2168,0,0,0.6275,0,2.8827,NA,0,0,0,9.5751,NA,0,0,NA,NA,0,0,0,0,0,0,0,1.0842,0,"E: Uncertainty",NA,NA,NA,NA,NA,NA,NA,NA,NA,"E: Uncertainty",NA,NA,NA,NA,NA,NA,NA,NA,NA,NA,"E: Uncertainty",NA,NA,NA,NA,"E: Uncertainty",NA,NA,"E: Uncertainty","E: Uncertainty",NA,NA,NA,NA,NA,NA,NA,NA,NA
"2023-10-22 10:00:00","PM2.5",NA,0,0,115.9738,61.9724,48.6647,14.9303,0,0,0.0051,0,59.8101,NA,0,3.2027,4.5213,0,0,0.5251,0.0019,1.1954,NA,0,0,0,14.7865,NA,0,0,0,NA,NA,NA,0,0,0,0,0,1.7456,0,"E: Uncertainty",NA,NA,NA,NA,NA,NA,NA,NA,NA,NA,NA,"E: Uncertainty",NA,NA,NA,NA,NA,NA,NA,NA,"E: Uncertainty",NA,NA,NA,NA,"E: Uncertainty",NA,NA,NA,"E: Uncertainty","E: Uncertainty","E: Uncertainty",NA,NA,NA,NA,NA,NA,NA
"2023-10-22 11:00:00","PM10",801.9159,0,0,164.8046,289.0419,67.1081,33.3887,1.7374,NA,NA,NA,136.7784,0,NA,4.4209,9.1292,0,0,0.8638,0,1.1031,NA,0,0,0,10.435,NA,NA,0,0,NA,NA,NA,0,0,0,0,0,6.6319,0,NA,NA,NA,NA,NA,NA,NA,NA,"E: Uncertainty","E: Uncertainty","E: Uncertainty",NA,NA,"E: Uncertainty",NA,NA,NA,NA,NA,NA,NA,"E: Uncertainty",NA,NA,NA,NA,"E: Uncertainty","E: Uncertainty",NA,NA,"E: Uncertainty","E: Uncertainty","E: Uncertainty",NA,NA,NA,NA,NA,NA,NA
"2023-10-22 12:00:00","PM2.5",NA,0,0,209.6387,76.4753,98.9906,14.7021,0,0,NA,NA,69.1008,NA,0,1.6333,17.2099,0,0,1.5074,NA,2.1513,NA,0,0,0,NA,NA,NA,0,NA,NA,NA,0,0,0,0,0,0,16.9108,0,"E: Uncertainty",NA,NA,NA,NA,NA,NA,NA,NA,"E: Uncertainty","E: Uncertainty",NA,"E: Uncertainty",NA,NA,NA,NA,NA,NA,"E: Uncertainty",NA,"E: Uncertainty",NA,NA,NA,"E: Uncertainty","E: Uncertainty","E: Uncertainty",NA,"E: Uncertainty","E: Uncertainty","E: Uncertainty",NA,NA,NA,NA,NA,NA,NA,NA
"2023-10-22 13:00:00","PM10",817.4572,0,0,189.403,371.7943,76.7792,47.8832,NA,0,NA,NA,90.7367,0,0,2.3689,14.2582,0,0,1.0962,NA,2.028,1.8142,0,0,0,NA,NA,NA,0,NA,NA,NA,0,0,0,NA,0,0,6.7899,0,NA,NA,NA,NA,NA,NA,NA,"E: Uncertainty",NA,"E: Uncertainty","E: Uncertainty",NA,NA,NA,NA,NA,NA,NA,NA,"E: Uncertainty",NA,NA,NA,NA,NA,"E: Uncertainty","E: Uncertainty","E: Uncertainty",NA,"E: Uncertainty","E: Uncertainty","E: Uncertainty",NA,NA,NA,"E: Uncertainty",NA,NA,NA,NA
"2023-10-22 14:00:00","PM2.5",NA,0,0,135.4291,93.6007,33.3376,13.5288,0,NA,0,0,33.1059,0,NA,1.4286,4.7839,0,0,0.447,0,1.4413,NA,0,0,0,21.975,NA,0,0,NA,NA,NA,0,0,0,0,0,0,2.3903,0,"E: Uncertainty",NA,NA,NA,NA,NA,NA,NA,"E: Uncertainty",NA,NA,NA,NA,"E: Uncertainty",NA,NA,NA,NA,NA,NA,NA,"E: Uncertainty",NA,NA,NA,NA,"E: Uncertainty",NA,NA,"E: Uncertainty","E: Uncertainty","E: Uncertainty",NA,NA,NA,NA,NA,NA,NA,NA
"2023-10-22 15:00:00","PM10",NA,0,0,120.8031,380.1223,43.1877,37.5161,NA,NA,0,NA,54.1407,0,0.0011,1.3705,2.7287,0,0,0.5646,0,2.2566,NA,0,0,0,10.2082,NA,0,0,0,NA,NA,NA,0,0,0,0,0,0.7849,0,"E: Uncertainty",NA,NA,NA,NA,NA,NA,"E: Uncertainty","E: Uncertainty",NA,"E: Uncertainty",NA,NA,NA,NA,NA,NA,NA,NA,NA,NA,"E: Uncertainty",NA,NA,NA,NA,"E: Uncertainty",NA,NA,NA,"E: Uncertainty","E: Uncertainty","E: Uncertainty",NA,NA,NA,NA,NA,NA,NA
"2023-10-22 16:00:00","PM2.5",NA,0,0,102.2767,125.3166,29.2434,15.524,NA,0,NA,0,49.5853,NA,0,1.8769,5.3248,0,0,4.3577,0,1.103,0,0,0,0,NA,NA,NA,0,NA,0,NA,NA,0,0,0,0,0,2.2967,0,"E: Uncertainty",NA,NA,NA,NA,NA,NA,"E: Uncertainty",NA,"E: Uncertainty",NA,NA,"E: Uncertainty",NA,NA,NA,NA,NA,NA,NA,NA,NA,NA,NA,NA,"E: Uncertainty","E: Uncertainty","E: Uncertainty",NA,"E: Uncertainty",NA,"E: Uncertainty","E: Uncertainty",NA,NA,NA,NA,NA,NA,NA
"2023-10-22 17:00:00","PM10",656.1457,0,0,128.3168,772.5801,99.0367,43.697,0,NA,0,NA,186.2572,NA,NA,7.8701,8.8159,0,0,5.3466,NA,1.5434,NA,0,0,0,NA,NA,NA,0,0,NA,NA,NA,0,0,0,0,0,1.2165,0,NA,NA,NA,NA,NA,NA,NA,NA,"E: Uncertainty",NA,"E: Uncertainty",NA,"E: Uncertainty","E: Uncertainty",NA,NA,NA,NA,NA,"E: Uncertainty",NA,"E: Uncertainty",NA,NA,NA,"E: Uncertainty","E: Uncertainty","E: Uncertainty",NA,NA,"E: Uncertainty","E: Uncertainty","E: Uncertainty",NA,NA,NA,NA,NA,NA,NA
"2023-10-22 18:00:00","PM2.5",NA,0,0,96.2629,215.4534,91.9654,19.0171,1.3966,0,NA,1.1417,282.8195,0,0,12.7349,8.8975,0,0,1.2826,0,1.3442,NA,0,0,0,NA,NA,0,0,NA,NA,NA,6.1259,0,0,0,0,0,0,0,"E: Uncertainty",NA,NA,NA,NA,NA,NA,NA,NA,"E: Uncertainty",NA,NA,NA,NA,NA,NA,NA,NA,NA,NA,NA,"E: Uncertainty",NA,NA,NA,"E: Uncertainty","E: Uncertainty",NA,NA,"E: Uncertainty","E: Uncertainty","E: Uncertainty",NA,NA,NA,NA,NA,NA,NA,NA
"2023-10-22 19:00:00","PM10",NA,0,0,118.771,637.5954,129.0314,38.5272,NA,0,NA,NA,276.271,0,0,12.91,9.8358,0,0,1.1567,0,1.6906,1.8768,0,0,0,12.9749,NA,NA,0,NA,NA,NA,5.4054,0,0,0,0,0,0.8565,0,"E: Uncertainty",NA,NA,NA,NA,NA,NA,"E: Uncertainty",NA,"E: Uncertainty","E: Uncertainty",NA,NA,NA,NA,NA,NA,NA,NA,NA,NA,NA,NA,NA,NA,NA,"E: Uncertainty","E: Uncertainty",NA,"E: Uncertainty","E: Uncertainty","E: Uncertainty",NA,NA,NA,NA,NA,NA,NA,NA
"2023-10-22 20:00:00","PM2.5",NA,0,0,100.7375,125.6508,127.8843,13.8901,1.1763,NA,NA,NA,169.9877,0,0,10.4435,9.3305,0,0,1.5885,0,2.8704,0.003,0,0,0,NA,NA,NA,0,NA,NA,NA,3.4477,0,0,0,0,0,1.6575,0,"E: Uncertainty",NA,NA,NA,NA,NA,NA,NA,"E: Uncertainty","E: Uncertainty","E: Uncertainty",NA,NA,NA,NA,NA,NA,NA,NA,NA,NA,NA,NA,NA,NA,"E: Uncertainty","E: Uncertainty","E: Uncertainty",NA,"E: Uncertainty","E: Uncertainty","E: Uncertainty",NA,NA,NA,NA,NA,NA,NA,NA
"2023-10-22 21:00:00","PM10",1013.6866,0,0,129.8826,480.7501,141.1862,46.0208,1.4462,0,NA,NA,237.275,NA,0,10.0614,12.1862,0,0,1.3737,NA,3.4399,NA,0,NA,0,13.5147,0,NA,0,0,0,NA,4.6043,0,0,0,0,0,3.8368,0,NA,NA,NA,NA,NA,NA,NA,NA,NA,"E: Uncertainty","E: Uncertainty",NA,"E: Uncertainty",NA,NA,NA,NA,NA,NA,"E: Uncertainty",NA,"E: Uncertainty",NA,"E: Uncertainty",NA,NA,NA,"E: Uncertainty",NA,NA,NA,"E: Uncertainty",NA,NA,NA,NA,NA,NA,NA,NA
"2023-10-22 22:00:00","PM2.5",NA,0,0,110.4146,39.3353,111.0373,11.384,NA,0,0,0,124.1499,0,0,4.4565,10.1415,0,0,4.2141,0,2.2431,NA,0,0,0,12.1999,NA,NA,0,0,NA,NA,NA,0,0,0,0,0,2.5305,0,"E: Uncertainty",NA,NA,NA,NA,NA,NA,"E: Uncertainty",NA,NA,NA,NA,NA,NA,NA,NA,NA,NA,NA,NA,NA,"E: Uncertainty",NA,NA,NA,NA,"E: Uncertainty","E: Uncertainty",NA,NA,"E: Uncertainty","E: Uncertainty","E: Uncertainty",NA,NA,NA,NA,NA,NA,NA
"2023-10-22 23:00:00","PM10",NA,0,0,122.0791,194.0387,137.7057,31.7665,3.7987,NA,NA,1.1521,234.0856,NA,NA,7.4123,13.9462,0,0,3.8767,0,4.3803,NA,0,0,0,NA,NA,NA,0,NA,NA,NA,4.4649,0,0,0,0,0,4.3992,0,"E: Uncertainty",NA,NA,NA,NA,NA,NA,NA,"E: Uncertainty","E: Uncertainty",NA,NA,"E: Uncertainty","E: Uncertainty",NA,NA,NA,NA,NA,NA,NA,"E: Uncertainty",NA,NA,NA,"E: Uncertainty","E: Uncertainty","E: Uncertainty",NA,"E: Uncertainty","E: Uncertainty","E: Uncertainty",NA,NA,NA,NA,NA,NA,NA,NA
"2023-10-23 00:30:00","PM2.5",NA,0,0,83.7837,NA,106.3304,5.0663,NA,0,0,NA,74.8608,0,0,2.3271,8.8528,0,0,7.8503,0,3.5394,0,0,0,0,29.3284,0,0,0,0,0,NA,0,0,0,0,0,0,0,0,"E: Uncertainty",NA,NA,NA,"E: Uncertainty",NA,NA,"E: Uncertainty",NA,NA,"E: Uncertainty",NA,NA,NA,NA,NA,NA,NA,NA,NA,NA,NA,NA,NA,NA,NA,NA,NA,NA,NA,NA,"E: Uncertainty",NA,NA,NA,NA,NA,NA,NA,NA
"2023-10-23 01:00:00","PM10",NA,0,0,112.6872,126.4991,127.6309,22.9093,4.1632,0,NA,NA,146.8425,0,0,3.5608,11.3521,0,0,4.4776,0.0023,5.269,NA,0,NA,0,NA,NA,NA,0,NA,0,NA,NA,0,0,0,0,0,4.4962,0,"E: Uncertainty",NA,NA,NA,NA,NA,NA,NA,NA,"E: Uncertainty","E: Uncertainty",NA,NA,NA,NA,NA,NA,NA,NA,NA,NA,"E: Uncertainty",NA,"E: Uncertainty",NA,"E: Uncertainty","E: Uncertainty","E: Uncertainty",NA,"E: Uncertainty",NA,"E: Uncertainty","E: Uncertainty",NA,NA,NA,NA,NA,NA,NA
"2023-10-23 02:00:00","PM2.5",NA,0,0,95.6502,NA,96.908,2.9665,2.428,NA,0,0,52.5302,0,NA,1.8294,8.2209,0,0,6.171,NA,3.4672,NA,0,0,0,NA,NA,0,0,0,0,NA,NA,0,0,0,0,0,2.092,0,"E: Uncertainty",NA,NA,NA,"E: Uncertainty",NA,NA,NA,"E: Uncertainty",NA,NA,NA,NA,"E: Uncertainty",NA,NA,NA,NA,NA,"E: Uncertainty",NA,"E: Uncertainty",NA,NA,NA,"E: Uncertainty","E: Uncertainty",NA,NA,NA,NA,"E: Uncertainty","E: Uncertainty",NA,NA,NA,NA,NA,NA,NA
"2023-10-23 03:00:00","PM10",NA,0,0,112.9509,105.1515,96.0845,14.9019,1.3608,0,NA,0,68.3063,0,NA,2.4966,5.7696,0,0,3.3757,NA,2.6888,NA,0,0,NA,17.2952,NA,NA,0,NA,NA,NA,NA,0,0,0,0,0,4.355,0,"E: Uncertainty",NA,NA,NA,NA,NA,NA,NA,NA,"E: Uncertainty",NA,NA,NA,"E: Uncertainty",NA,NA,NA,NA,NA,"E: Uncertainty",NA,"E: Uncertainty",NA,NA,"E: Uncertainty",NA,"E: Uncertainty","E: Uncertainty",NA,"E: Uncertainty","E: Uncertainty","E: Uncertainty","E: Uncertainty",NA,NA,NA,NA,NA,NA,NA
"2023-10-23 04:00:00","PM2.5",NA,0,0.4187,87.4558,18.436,80.5999,5.0407,1.3431,0,0,NA,70.0251,0,0,2.5497,6.0253,0,0,3.9781,NA,2.7127,NA,0,0,0,NA,NA,0,0,0,NA,NA,NA,0,0,0,0,0,1.616,0,"E: Uncertainty",NA,NA,NA,NA,NA,NA,NA,NA,NA,"E: Uncertainty",NA,NA,NA,NA,NA,NA,NA,NA,"E: Uncertainty",NA,"E: Uncertainty",NA,NA,NA,"E: Uncertainty","E: Uncertainty",NA,NA,NA,"E: Uncertainty","E: Uncertainty","E: Uncertainty",NA,NA,NA,NA,NA,NA,NA
"2023-10-23 05:00:00","PM10",NA,0,0,135.7585,173.1613,108.4653,46.3386,2.8587,NA,NA,1.2928,355.7687,0,NA,8.689,8.3107,0,0,3.7154,0,5.6882,NA,NA,NA,0,0,NA,NA,0,0,NA,NA,3.6514,0,0,0,0,0,2.7634,0,"E: Uncertainty",NA,NA,NA,NA,NA,NA,NA,"E: Uncertainty","E: Uncertainty",NA,NA,NA,"E: Uncertainty",NA,NA,NA,NA,NA,NA,NA,"E: Uncertainty","E: Uncertainty","E: Uncertainty",NA,NA,"E: Uncertainty","E: Uncertainty",NA,NA,"E: Uncertainty","E: Uncertainty",NA,NA,NA,NA,NA,NA,NA,NA
"2023-10-23 06:00:00","PM2.5",NA,0,0,141.1457,180.7175,99.1666,21.2735,3.6695,NA,NA,NA,235.6369,0,NA,8.0059,22.7341,0,0,2.7058,NA,6.0669,0,0,0,0,NA,0,0,0,0,NA,NA,NA,0,0,0,0,0,5.7751,0,"E: Uncertainty",NA,NA,NA,NA,NA,NA,NA,"E: Uncertainty","E: Uncertainty","E: Uncertainty",NA,NA,"E: Uncertainty",NA,NA,NA,NA,NA,"E: Uncertainty",NA,NA,NA,NA,NA,"E: Uncertainty",NA,NA,NA,NA,"E: Uncertainty","E: Uncertainty","E: Uncertainty",NA,NA,NA,NA,NA,NA,NA
"2023-10-23 07:00:00","PM10",697.8816,0,0,180.8325,219.7862,119.2863,115.55,9.5645,NA,1.0519,3.2269,591.7787,0,NA,22.756,23.6673,0,0,2.4852,NA,6.504,NA,0,NA,0,NA,0,0,0,NA,NA,0,13.0175,0,0,0,0,0,4.6889,0,NA,NA,NA,NA,NA,NA,NA,NA,"E: Uncertainty",NA,NA,NA,NA,"E: Uncertainty",NA,NA,NA,NA,NA,"E: Uncertainty",NA,"E: Uncertainty",NA,"E: Uncertainty",NA,"E: Uncertainty",NA,NA,NA,"E: Uncertainty","E: Uncertainty",NA,NA,NA,NA,NA,NA,NA,NA,NA
"2023-10-23 08:00:00","PM2.5",NA,0,0,146.598,49.1529,69.5774,49.8459,4.0136,NA,1.1699,1.6318,276.7553,0,NA,9.3614,13.2497,0,0,3.2222,0,3.9806,NA,0,0,NA,14.7872,NA,0,0,NA,NA,0,NA,0,0,0,0,0,2.2715,0,"E: Uncertainty",NA,NA,NA,NA,NA,NA,NA,"E: Uncertainty",NA,NA,NA,NA,"E: Uncertainty",NA,NA,NA,NA,NA,NA,NA,"E: Uncertainty",NA,NA,"E: Uncertainty",NA,"E: Uncertainty",NA,NA,"E: Uncertainty","E: Uncertainty",NA,"E: Uncertainty",NA,NA,NA,NA,NA,NA,NA
"2023-10-23 09:00:00","PM10",665.3156,NA,0,187.4714,446.2429,85.4737,163.4834,9.3203,NA,0.8719,2.2604,339.8098,0,0.5734,8.794,13.5709,0,0,1.6955,0,3.574,NA,0,NA,0,11.2797,0,NA,0,NA,NA,NA,NA,0,0,0,0,0,5.2938,0,NA,"E: Uncertainty",NA,NA,NA,NA,NA,NA,"E: Uncertainty",NA,NA,NA,NA,NA,NA,NA,NA,NA,NA,NA,NA,"E: Uncertainty",NA,"E: Uncertainty",NA,NA,NA,"E: Uncertainty",NA,"E: Uncertainty","E: Uncertainty","E: Uncertainty","E: Uncertainty",NA,NA,NA,NA,NA,NA,NA
"2023-10-23 10:00:00","PM2.5",NA,0,0,146.1618,163.1183,53.5071,37.7494,1.0487,NA,0,0,79.2742,0,NA,2.3186,13.9961,0,0,1.2878,0,3.1552,NA,0,0,0,13.1483,0,NA,0,NA,0,NA,NA,0,0,0,0,0,2.2593,0,"E: Uncertainty",NA,NA,NA,NA,NA,NA,NA,"E: Uncertainty",NA,NA,NA,NA,"E: Uncertainty",NA,NA,NA,NA,NA,NA,NA,"E: Uncertainty",NA,NA,NA,NA,NA,"E: Uncertainty",NA,"E: Uncertainty",NA,"E: Uncertainty","E: Uncertainty",NA,NA,NA,NA,NA,NA,NA
"2023-10-23 11:00:00","PM10",0.799,1.3855,0,233.4844,1030.8528,97.5845,135.0859,4.6881,0.8732,NA,0.8975,154.1698,0,NA,4.7905,15.6328,0,0,0.4935,NA,4.7295,1.5904,0,0,0,20.7858,0,0,0,0,0,NA,0,0,0,0,0,0,3.6234,0,NA,NA,NA,NA,NA,NA,NA,NA,NA,"E: Uncertainty",NA,NA,NA,"E: Uncertainty",NA,NA,NA,NA,NA,"E: Uncertainty",NA,NA,NA,NA,NA,NA,NA,NA,NA,NA,NA,"E: Uncertainty",NA,NA,NA,NA,NA,NA,NA,NA
"2023-10-23 12:00:00","PM2.5",NA,0,0,201.7922,361.9692,69.357,46.0532,1.2111,NA,NA,0,77.5457,0,NA,3.3698,11.2822,0,0,1.2701,NA,3.5101,NA,0,0,0,15.8703,0,NA,0,NA,NA,NA,0,0,NA,0,0,0,2.1333,0,"E: Uncertainty",NA,NA,NA,NA,NA,NA,NA,"E: Uncertainty","E: Uncertainty",NA,NA,NA,"E: Uncertainty",NA,NA,NA,NA,NA,"E: Uncertainty",NA,"E: Uncertainty",NA,NA,NA,NA,NA,"E: Uncertainty",NA,"E: Uncertainty","E: Uncertainty","E: Uncertainty",NA,NA,"E: Uncertainty",NA,NA,NA,NA,NA
"2023-10-23 13:00:00","PM10",NA,NA,0,251.2011,1073.6348,94.079,172.5493,3.4475,NA,NA,0.9807,178.2287,0,0.0096,5.5426,12.1584,0,0,2.4023,0.0015,3.9496,NA,0,NA,0,13.7568,NA,0,0,NA,NA,NA,NA,0,0,0,0,0,2.2184,0,"E: Uncertainty","E: Uncertainty",NA,NA,NA,NA,NA,NA,"E: Uncertainty","E: Uncertainty",NA,NA,NA,NA,NA,NA,NA,NA,NA,NA,NA,"E: Uncertainty",NA,"E: Uncertainty",NA,NA,"E: Uncertainty",NA,NA,"E: Uncertainty","E: Uncertainty","E: Uncertainty","E: Uncertainty",NA,NA,NA,NA,NA,NA,NA
"2023-10-23 14:00:00","PM2.5",NA,0,0,159.9985,348.7705,58.6021,65.8152,1.4139,NA,NA,NA,86.2473,0,NA,3.2217,14.9021,0,0,2.182,NA,5.4997,NA,0,0,NA,NA,NA,0,0,NA,0,NA,0,0,0,0,0,0,9.1369,0,"E: Uncertainty",NA,NA,NA,NA,NA,NA,NA,"E: Uncertainty","E: Uncertainty","E: Uncertainty",NA,NA,"E: Uncertainty",NA,NA,NA,NA,NA,"E: Uncertainty",NA,"E: Uncertainty",NA,NA,"E: Uncertainty","E: Uncertainty","E: Uncertainty",NA,NA,"E: Uncertainty",NA,"E: Uncertainty",NA,NA,NA,NA,NA,NA,NA,NA
"2023-10-23 15:00:00","PM10",NA,0,0,204.3327,1321.354,89.3735,216.5398,6.7156,0,0.656,1.3377,249.4616,0,NA,6.6811,14.9849,0,0,0.9171,NA,4.995,NA,0,NA,0,9.3743,NA,NA,0,0,0,NA,NA,0,0,0,0,0,8.0428,0,"E: Uncertainty",NA,NA,NA,NA,NA,NA,NA,NA,NA,NA,NA,NA,"E: Uncertainty",NA,NA,NA,NA,NA,"E: Uncertainty",NA,"E: Uncertainty",NA,"E: Uncertainty",NA,NA,"E: Uncertainty","E: Uncertainty",NA,NA,NA,"E: Uncertainty","E: Uncertainty",NA,NA,NA,NA,NA,NA,NA
"2023-10-23 16:00:00","PM2.5",NA,0,0,123.2486,462.7489,49.8276,57.8792,1.5501,NA,NA,NA,99.1461,0,NA,3.4936,7.4106,0,0,1.0458,NA,4.0647,NA,0,0,0,NA,NA,NA,0,0,NA,0,NA,0,0,0,0,0,5.5238,0,"E: Uncertainty",NA,NA,NA,NA,NA,NA,NA,"E: Uncertainty","E: Uncertainty","E: Uncertainty",NA,NA,"E: Uncertainty",NA,NA,NA,NA,NA,"E: Uncertainty",NA,"E: Uncertainty",NA,NA,NA,"E: Uncertainty","E: Uncertainty","E: Uncertainty",NA,NA,"E: Uncertainty",NA,"E: Uncertainty",NA,NA,NA,NA,NA,NA,NA
"2023-10-23 17:00:00","PM10",NA,NA,0,233.5273,1483.3322,132.7811,191.7323,13.1998,NA,0.8483,2.4228,270.2077,0,NA,8.6865,14.3428,0,0,4.2387,NA,6.2082,NA,0,0,0,12.9421,NA,NA,0,NA,NA,NA,NA,0,0,0,0,0,8.0779,0,"E: Uncertainty","E: Uncertainty",NA,NA,NA,NA,NA,NA,"E: Uncertainty",NA,NA,NA,NA,"E: Uncertainty",NA,NA,NA,NA,NA,"E: Uncertainty",NA,"E: Uncertainty",NA,NA,NA,NA,"E: Uncertainty","E: Uncertainty",NA,"E: Uncertainty","E: Uncertainty","E: Uncertainty","E: Uncertainty",NA,NA,NA,NA,NA,NA,NA
"2023-10-23 18:00:00","PM2.5",714.1755,0,0,200.0183,483.2609,80.158,50.3052,1.6277,NA,NA,NA,123.8353,0,0,4.5838,10.2384,0,0,1.7839,NA,5.0206,NA,0,0,0,0,0,NA,0,NA,NA,0,NA,0,0,0,0,0,5.0139,0,NA,NA,NA,NA,NA,NA,NA,NA,"E: Uncertainty","E: Uncertainty","E: Uncertainty",NA,NA,NA,NA,NA,NA,NA,NA,"E: Uncertainty",NA,"E: Uncertainty",NA,NA,NA,NA,NA,"E: Uncertainty",NA,"E: Uncertainty","E: Uncertainty",NA,"E: Uncertainty",NA,NA,NA,NA,NA,NA,NA
"2023-10-23 19:00:00","PM10",NA,0,0,292.2709,1373.1784,121.2873,149.1624,8.1982,0,NA,3.1414,296.7497,0,NA,6.9349,15.4916,0,0,1.4811,NA,5.4121,NA,0,0,0,NA,NA,NA,0,NA,NA,NA,3.9966,0,0,0,0.0016,0,3.8444,0,"E: Uncertainty",NA,NA,NA,NA,NA,NA,NA,NA,"E: Uncertainty",NA,NA,NA,"E: Uncertainty",NA,NA,NA,NA,NA,"E: Uncertainty",NA,"E: Uncertainty",NA,NA,NA,"E: Uncertainty","E: Uncertainty","E: Uncertainty",NA,"E: Uncertainty","E: Uncertainty","E: Uncertainty",NA,NA,NA,NA,NA,NA,NA,NA
"2023-10-23 20:00:00","PM2.5",916.7672,0,0,226.1988,399.9397,123.5962,44.8679,4.4566,NA,NA,1.2381,132.4368,0,0,4.5186,17.3528,0,0,1.7986,NA,4.5616,NA,0,0,0,9.6882,NA,0,0,0,NA,NA,NA,0,0,0,0,0,6.8807,0,NA,NA,NA,NA,NA,NA,NA,NA,"E: Uncertainty","E: Uncertainty",NA,NA,NA,NA,NA,NA,NA,NA,NA,"E: Uncertainty",NA,"E: Uncertainty",NA,NA,NA,NA,"E: Uncertainty",NA,NA,NA,"E: Uncertainty","E: Uncertainty","E: Uncertainty",NA,NA,NA,NA,NA,NA,NA
"2023-10-23 21:00:00","PM10",NA,0,0,269.2615,1144.1995,152.3201,128.9207,7.0934,0,NA,1.9774,268.2052,NA,0,8.421,19.7528,0,0,2.6825,0,6.8865,NA,0,0,0,NA,NA,NA,0,NA,NA,NA,3.8079,0,0,0,0,0,7.8107,0,"E: Uncertainty",NA,NA,NA,NA,NA,NA,NA,NA,"E: Uncertainty",NA,NA,"E: Uncertainty",NA,NA,NA,NA,NA,NA,NA,NA,"E: Uncertainty",NA,NA,NA,"E: Uncertainty","E: Uncertainty","E: Uncertainty",NA,"E: Uncertainty","E: Uncertainty","E: Uncertainty",NA,NA,NA,NA,NA,NA,NA,NA
"2023-10-23 22:00:00","PM2.5",NA,0,0,219.6862,186.8273,88.1651,39.7231,4.6432,0,NA,NA,101.5884,0,0,4.1021,12.5822,0,0,1.2759,0,5.7151,NA,0,0,0,8.9252,0,0,0,0,NA,0,NA,0,0,0,0,0,3.7808,0,"E: Uncertainty",NA,NA,NA,NA,NA,NA,NA,NA,"E: Uncertainty","E: Uncertainty",NA,NA,NA,NA,NA,NA,NA,NA,NA,NA,"E: Uncertainty",NA,NA,NA,NA,NA,NA,NA,NA,"E: Uncertainty",NA,"E: Uncertainty",NA,NA,NA,NA,NA,NA,NA
"2023-10-23 23:00:00","PM10",NA,0.1212,0,236.623,501.8846,97.1973,114.076,6.6249,0,NA,NA,171.3798,0,NA,5.2052,14.179,0,0,2.0877,NA,5.0318,NA,0,0,0,20.9475,NA,0,0,0,NA,NA,NA,0,0,0,0,0,3.845,0,"E: Uncertainty",NA,NA,NA,NA,NA,NA,NA,NA,"E: Uncertainty","E: Uncertainty",NA,NA,"E: Uncertainty",NA,NA,NA,NA,NA,"E: Uncertainty",NA,"E: Uncertainty",NA,NA,NA,NA,"E: Uncertainty",NA,NA,NA,"E: Uncertainty","E: Uncertainty","E: Uncertainty",NA,NA,NA,NA,NA,NA,NA
"2023-10-24 00:30:00","PM2.5",NA,0,0,173.6931,71.0778,53.0937,20.322,3.946,0,0,0,69.9761,0,NA,3.9406,19.2582,0,0,NA,NA,4.9016,NA,0,0,0,NA,0,0,0,NA,NA,NA,0,0,0,0,0,0,8.0295,0,"E: Uncertainty",NA,NA,NA,NA,NA,NA,NA,NA,NA,NA,NA,NA,"E: Uncertainty",NA,NA,NA,NA,"E: Uncertainty","E: Uncertainty",NA,"E: Uncertainty",NA,NA,NA,"E: Uncertainty",NA,NA,NA,"E: Uncertainty","E: Uncertainty","E: Uncertainty",NA,NA,NA,NA,NA,NA,NA,NA
"2023-10-24 01:00:00","PM10",NA,NA,NA,NA,NA,NA,NA,NA,NA,NA,NA,NA,NA,NA,NA,NA,NA,NA,NA,NA,NA,NA,NA,NA,NA,NA,NA,NA,NA,NA,NA,NA,NA,NA,NA,NA,NA,NA,NA,NA,"E: Erroneous Data","E: Erroneous Data","E: Uncertainty","E: Erroneous Data","E: Erroneous Data","E: Erroneous Data","E: Erroneous Data","E: Erroneous Data","E: Uncertainty","E: Erroneous Data","E: Erroneous Data","E: Erroneous Data","E: Uncertainty","E: Uncertainty","E: Erroneous Data","E: Erroneous Data","E: Erroneous Data","E: Erroneous Data","E: Erroneous Data","E: Uncertainty","E: Erroneous Data","E: Uncertainty","E: Erroneous Data","E: Erroneous Data","E: Erroneous Data","E: Uncertainty","E: Erroneous Data","E: Uncertainty","E: Erroneous Data","E: Erroneous Data","E: Uncertainty","E: Erroneous Data","E: Uncertainty","E: Erroneous Data","E: Erroneous Data","E: Erroneous Data","E: Erroneous Data","E: Erroneous Data","E: Erroneous Data","E: Erroneous Data"
"2023-10-24 02:00:00","PM2.5",NA,NA,NA,NA,NA,NA,NA,NA,NA,NA,NA,NA,NA,NA,NA,NA,NA,NA,NA,NA,NA,NA,NA,NA,NA,NA,NA,NA,NA,NA,NA,NA,NA,NA,NA,NA,NA,NA,NA,NA,"E: Uncertainty","E: Erroneous Data","E: Erroneous Data","E: Erroneous Data","E: Erroneous Data","E: Erroneous Data","E: Erroneous Data","E: Erroneous Data","E: Uncertainty","E: Erroneous Data","E: Uncertainty","E: Erroneous Data","E: Uncertainty","E: Uncertainty","E: Erroneous Data","E: Erroneous Data","E: Erroneous Data","E: Erroneous Data","E: Erroneous Data","E: Uncertainty","E: Erroneous Data","E: Uncertainty","E: Erroneous Data","E: Erroneous Data","E: Erroneous Data","E: Uncertainty","E: Uncertainty","E: Erroneous Data","E: Erroneous Data","E: Erroneous Data","E: Uncertainty","E: Uncertainty","E: Uncertainty","E: Erroneous Data","E: Erroneous Data","E: Erroneous Data","E: Erroneous Data","E: Erroneous Data","E: Erroneous Data","E: Erroneous Data"
"2023-10-24 03:00:00","PM10",NA,0,NA,251.3469,232.8619,145.7407,115.2439,4.5326,NA,NA,0.9879,121.898,NA,NA,4.3367,19.6013,0,0,2.9768,NA,4.7794,NA,0,NA,NA,14.73,NA,0,0,0,NA,NA,NA,0,0,0,0,0,8.2162,0,"E: Uncertainty",NA,"E: Uncertainty",NA,NA,NA,NA,NA,"E: Uncertainty","E: Uncertainty",NA,NA,"E: Uncertainty","E: Uncertainty",NA,NA,NA,NA,NA,"E: Uncertainty",NA,"E: Uncertainty",NA,"E: Uncertainty","E: Uncertainty",NA,"E: Uncertainty",NA,NA,NA,"E: Uncertainty","E: Uncertainty","E: Uncertainty",NA,NA,NA,NA,NA,NA,NA
"2023-10-24 04:00:00","PM2.5",NA,NA,NA,NA,NA,NA,NA,NA,NA,NA,NA,NA,NA,NA,NA,NA,NA,NA,NA,NA,NA,NA,NA,NA,NA,NA,NA,NA,NA,NA,NA,NA,NA,NA,NA,NA,NA,NA,NA,NA,"E: Uncertainty","E: Erroneous Data","E: Erroneous Data","E: Erroneous Data","E: Erroneous Data","E: Erroneous Data","E: Erroneous Data","E: Erroneous Data","E: Erroneous Data","E: Erroneous Data","E: Uncertainty","E: Erroneous Data","E: Erroneous Data","E: Uncertainty","E: Erroneous Data","E: Erroneous Data","E: Erroneous Data","E: Erroneous Data","E: Erroneous Data","E: Uncertainty","E: Erroneous Data","E: Uncertainty","E: Erroneous Data","E: Erroneous Data","E: Erroneous Data","E: Erroneous Data","E: Erroneous Data","E: Erroneous Data","E: Erroneous Data","E: Uncertainty","E: Uncertainty","E: Erroneous Data","E: Uncertainty","E: Erroneous Data","E: Erroneous Data","E: Erroneous Data","E: Erroneous Data","E: Erroneous Data","E: Erroneous Data","E: Erroneous Data"
"2023-10-24 05:00:00","PM10",NA,NA,NA,NA,NA,NA,NA,NA,NA,NA,NA,NA,NA,NA,NA,NA,NA,NA,NA,NA,NA,NA,NA,NA,NA,NA,NA,NA,NA,NA,NA,NA,NA,NA,NA,NA,NA,NA,NA,NA,"E: Erroneous Data","E: Erroneous Data","E: Uncertainty","E: Erroneous Data","E: Erroneous Data","E: Erroneous Data","E: Erroneous Data","E: Erroneous Data","E: Uncertainty","E: Erroneous Data","E: Uncertainty","E: Erroneous Data","E: Erroneous Data","E: Uncertainty","E: Erroneous Data","E: Erroneous Data","E: Erroneous Data","E: Erroneous Data","E: Erroneous Data","E: Uncertainty","E: Erroneous Data","E: Uncertainty","E: Erroneous Data","E: Erroneous Data","E: Erroneous Data","E: Uncertainty","E: Uncertainty","E: Erroneous Data","E: Erroneous Data","E: Erroneous Data","E: Uncertainty","E: Uncertainty","E: Uncertainty","E: Erroneous Data","E: Erroneous Data","E: Erroneous Data","E: Erroneous Data","E: Erroneous Data","E: Erroneous Data","E: Erroneous Data"
"2023-10-24 06:00:00","PM2.5",NA,NA,NA,NA,NA,NA,NA,NA,NA,NA,NA,NA,NA,NA,NA,NA,NA,NA,NA,NA,NA,NA,NA,NA,NA,NA,NA,NA,NA,NA,NA,NA,NA,NA,NA,NA,NA,NA,NA,NA,"E: Uncertainty","E: Erroneous Data","E: Uncertainty","E: Erroneous Data","E: Erroneous Data","E: Erroneous Data","E: Erroneous Data","E: Erroneous Data","E: Uncertainty","E: Uncertainty","E: Erroneous Data","E: Erroneous Data","E: Uncertainty","E: Uncertainty","E: Erroneous Data","E: Erroneous Data","E: Erroneous Data","E: Erroneous Data","E: Erroneous Data","E: Uncertainty","E: Erroneous Data","E: Uncertainty","E: Erroneous Data","E: Erroneous Data","E: Erroneous Data","E: Uncertainty","E: Uncertainty","E: Uncertainty","E: Erroneous Data","E: Erroneous Data","E: Uncertainty","E: Erroneous Data","E: Erroneous Data","E: Erroneous Data","E: Erroneous Data","E: Erroneous Data","E: Erroneous Data","E: Erroneous Data","E: Erroneous Data","E: Erroneous Data"
"2023-10-24 07:00:00","PM10",NA,0,NA,355.3197,119.8871,112.7914,117.1277,8.3102,0,2.1907,3.8977,750.7282,0,NA,21.4509,33.6854,0,0,4.7311,NA,6.3597,NA,0,NA,0,17.7195,NA,NA,0,NA,0,NA,15.1563,0,0,0,0,0,6.2668,0,"E: Uncertainty",NA,"E: Uncertainty",NA,NA,NA,NA,NA,NA,NA,NA,NA,NA,"E: Uncertainty",NA,NA,NA,NA,NA,"E: Uncertainty",NA,"E: Uncertainty",NA,"E: Uncertainty",NA,NA,"E: Uncertainty","E: Uncertainty",NA,"E: Uncertainty",NA,"E: Uncertainty",NA,NA,NA,NA,NA,NA,NA,NA
"2023-10-24 08:00:00","PM2.5",NA,0,0,652.6288,45.3566,89.784,19.7464,5.1551,0,NA,1.3923,233.1077,0,NA,7.8241,24.8273,0,0,4.413,NA,6.1513,NA,0,NA,0,17.1371,0,NA,0,NA,NA,NA,3.4663,0,0,0,0,0,4.7332,0,"E: Uncertainty",NA,NA,NA,NA,NA,NA,NA,NA,"E: Uncertainty",NA,NA,NA,"E: Uncertainty",NA,NA,NA,NA,NA,"E: Uncertainty",NA,"E: Uncertainty",NA,"E: Uncertainty",NA,NA,NA,"E: Uncertainty",NA,"E: Uncertainty","E: Uncertainty","E: Uncertainty",NA,NA,NA,NA,NA,NA,NA,NA
"2023-10-24 09:00:00","PM10",NA,0,0,441.5839,16.5321,64.4569,76.8486,2.6628,NA,0.6023,NA,200.0832,0.6854,NA,7.0357,9.7865,0,0,2.1028,NA,7.3375,NA,0,0,0,NA,0,NA,0,NA,0,NA,4.1842,0,0,0,0,0,2.6149,0,"E: Uncertainty",NA,NA,NA,NA,NA,NA,NA,"E: Uncertainty",NA,"E: Uncertainty",NA,NA,"E: Uncertainty",NA,NA,NA,NA,NA,"E: Uncertainty",NA,"E: Uncertainty",NA,NA,NA,"E: Uncertainty",NA,"E: Uncertainty",NA,"E: Uncertainty",NA,"E: Uncertainty",NA,NA,NA,NA,NA,NA,NA,NA
"2023-10-24 10:00:00","PM2.5",NA,0,0,238.3423,0,38.9458,17.8625,NA,0,NA,0,103.2712,NA,0,6.5402,7.8043,0,0,0.9778,0,3.8781,NA,0,0,0,NA,0,0,0,0,NA,NA,NA,0,0,0,0,0,1.431,0,"E: Uncertainty",NA,NA,NA,NA,NA,NA,"E: Uncertainty",NA,"E: Uncertainty",NA,NA,"E: Uncertainty",NA,NA,NA,NA,NA,NA,NA,NA,"E: Uncertainty",NA,NA,NA,"E: Uncertainty",NA,NA,NA,NA,"E: Uncertainty","E: Uncertainty","E: Uncertainty",NA,NA,NA,NA,NA,NA,NA
"2023-10-24 11:00:00","PM10",NA,NA,0,232.4073,0,45.852,79.0987,5.4222,NA,NA,0.9295,203.9978,0,0,8.9421,8.765,0,0,0.7514,0,3.087,NA,0,0,0,NA,0,NA,0,NA,NA,NA,NA,0,0,0,0,0,1.535,0,"E: Uncertainty","E: Uncertainty",NA,NA,NA,NA,NA,NA,"E: Uncertainty","E: Uncertainty",NA,NA,NA,NA,NA,NA,NA,NA,NA,NA,NA,"E: Uncertainty",NA,NA,NA,"E: Uncertainty",NA,"E: Uncertainty",NA,"E: Uncertainty","E: Uncertainty","E: Uncertainty","E: Uncertainty",NA,NA,NA,NA,NA,NA,NA
"2023-10-24 12:00:00","PM2.5",NA,NA,NA,NA,NA,NA,NA,NA,NA,NA,NA,NA,NA,NA,NA,NA,NA,NA,NA,NA,NA,NA,NA,NA,NA,NA,NA,NA,NA,NA,NA,NA,NA,NA,NA,NA,NA,NA,NA,NA,"E: Uncertainty","E: Erroneous Data","E: Erroneous Data","E: Erroneous Data","E: Erroneous Data","E: Erroneous Data","E: Erroneous Data","E: Uncertainty","E: Uncertainty","E: Uncertainty","E: Uncertainty","E: Erroneous Data","E: Uncertainty","E: Uncertainty","E: Erroneous Data","E: Erroneous Data","E: Erroneous Data","E: Erroneous Data","E: Erroneous Data","E: Uncertainty","E: Erroneous Data","E: Uncertainty","E: Erroneous Data","E: Erroneous Data","E: Erroneous Data","E: Erroneous Data","E: Uncertainty","E: Uncertainty","E: Erroneous Data","E: Erroneous Data","E: Erroneous Data","E: Erroneous Data","E: Uncertainty","E: Erroneous Data","E: Erroneous Data","E: Erroneous Data","E: Uncertainty","E: Erroneous Data","E: Erroneous Data","E: Erroneous Data"
"2023-10-24 13:00:00","PM10",NA,NA,NA,NA,NA,NA,NA,NA,NA,NA,NA,NA,NA,NA,NA,NA,NA,NA,NA,NA,NA,NA,NA,NA,NA,NA,NA,NA,NA,NA,NA,NA,NA,NA,NA,NA,NA,NA,NA,NA,"E: Erroneous Data","E: Erroneous Data","E: Erroneous Data","E: Erroneous Data","E: Erroneous Data","E: Erroneous Data","E: Erroneous Data","E: Erroneous Data","E: Uncertainty","E: Uncertainty","E: Erroneous Data","E: Erroneous Data","E: Erroneous Data","E: Uncertainty","E: Erroneous Data","E: Erroneous Data","E: Erroneous Data","E: Erroneous Data","E: Uncertainty","E: Erroneous Data","E: Erroneous Data","E: Uncertainty","E: Erroneous Data","E: Erroneous Data","E: Erroneous Data","E: Erroneous Data","E: Uncertainty","E: Erroneous Data","E: Erroneous Data","E: Uncertainty","E: Erroneous Data","E: Uncertainty","E: Uncertainty","E: Erroneous Data","E: Erroneous Data","E: Erroneous Data","E: Erroneous Data","E: Erroneous Data","E: Erroneous Data","E: Erroneous Data"
"2023-10-24 14:00:00","PM2.5",NA,NA,NA,NA,NA,NA,NA,NA,NA,NA,NA,NA,NA,NA,NA,NA,NA,NA,NA,NA,NA,NA,NA,NA,NA,NA,NA,NA,NA,NA,NA,NA,NA,NA,NA,NA,NA,NA,NA,NA,"E: Erroneous Data","E: Erroneous Data","E: Erroneous Data","E: Erroneous Data","E: Erroneous Data","E: Erroneous Data","E: Erroneous Data","E: Uncertainty","E: Erroneous Data","E: Uncertainty","E: Uncertainty","E: Erroneous Data","E: Erroneous Data","E: Uncertainty","E: Erroneous Data","E: Erroneous Data","E: Erroneous Data","E: Erroneous Data","E: Erroneous Data","E: Uncertainty","E: Erroneous Data","E: Uncertainty","E: Erroneous Data","E: Erroneous Data","E: Erroneous Data","E: Uncertainty","E: Uncertainty","E: Erroneous Data","E: Erroneous Data","E: Erroneous Data","E: Uncertainty","E: Uncertainty","E: Uncertainty","E: Erroneous Data","E: Erroneous Data","E: Erroneous Data","E: Uncertainty","E: Erroneous Data","E: Uncertainty","E: Erroneous Data"
"2023-10-24 15:00:00","PM10",NA,NA,NA,NA,NA,NA,NA,NA,NA,NA,NA,NA,NA,NA,NA,NA,NA,NA,NA,NA,NA,NA,NA,NA,NA,NA,NA,NA,NA,NA,NA,NA,NA,NA,NA,NA,NA,NA,NA,NA,"E: Erroneous Data","E: Uncertainty","E: Erroneous Data","E: Erroneous Data","E: Erroneous Data","E: Erroneous Data","E: Erroneous Data","E: Erroneous Data","E: Uncertainty","E: Uncertainty","E: Erroneous Data","E: Erroneous Data","E: Erroneous Data","E: Erroneous Data","E: Erroneous Data","E: Erroneous Data","E: Erroneous Data","E: Erroneous Data","E: Erroneous Data","E: Uncertainty","E: Erroneous Data","E: Uncertainty","E: Erroneous Data","E: Erroneous Data","E: Erroneous Data","E: Uncertainty","E: Uncertainty","E: Uncertainty","E: Erroneous Data","E: Erroneous Data","E: Uncertainty","E: Uncertainty","E: Erroneous Data","E: Erroneous Data","E: Uncertainty","E: Erroneous Data","E: Erroneous Data","E: Erroneous Data","E: Erroneous Data","E: Erroneous Data"
"2023-10-24 16:00:00","PM2.5",NA,NA,NA,NA,NA,NA,NA,NA,NA,NA,NA,NA,NA,NA,NA,NA,NA,NA,NA,NA,NA,NA,NA,NA,NA,NA,NA,NA,NA,NA,NA,NA,NA,NA,NA,NA,NA,NA,NA,NA,"E: Uncertainty","E: Erroneous Data","E: Erroneous Data","E: Erroneous Data","E: Erroneous Data","E: Erroneous Data","E: Erroneous Data","E: Erroneous Data","E: Erroneous Data","E: Erroneous Data","E: Erroneous Data","E: Erroneous Data","E: Uncertainty","E: Erroneous Data","E: Erroneous Data","E: Erroneous Data","E: Erroneous Data","E: Erroneous Data","E: Erroneous Data","E: Erroneous Data","E: Erroneous Data","E: Uncertainty","E: Erroneous Data","E: Erroneous Data","E: Erroneous Data","E: Erroneous Data","E: Uncertainty","E: Erroneous Data","E: Erroneous Data","E: Uncertainty","E: Uncertainty","E: Uncertainty","E: Uncertainty","E: Erroneous Data","E: Erroneous Data","E: Erroneous Data","E: Erroneous Data","E: Erroneous Data","E: Erroneous Data","E: Erroneous Data"
"2023-10-24 17:00:00","PM10",NA,NA,0,202.3834,326.1294,65.2815,97.9809,4.6751,0,1.0242,3.8008,650.817,0,NA,20.9303,15.4542,0,0,1.843,NA,3.8234,NA,0,NA,0,13.6238,0,0,0,NA,NA,0,12.69,0,0,0,0,0,1.2118,0,"E: Uncertainty","E: Uncertainty",NA,NA,NA,NA,NA,NA,NA,NA,NA,NA,NA,"E: Uncertainty",NA,NA,NA,NA,NA,"E: Uncertainty",NA,"E: Uncertainty",NA,"E: Uncertainty",NA,NA,NA,NA,NA,"E: Uncertainty","E: Uncertainty",NA,NA,NA,NA,NA,NA,NA,NA,NA
"2023-10-24 18:00:00","PM2.5",0,NA,0,162.9814,37.0642,59.5055,49.897,2.3469,0,1.0109,3.444,553.5148,0,0,18.6231,16.2693,0,0,1.5296,NA,3.5381,NA,0,NA,0,11.715,NA,0.0336,0,NA,NA,NA,12.489,0,0,0,0,0,2.6668,0,NA,"E: Uncertainty",NA,NA,NA,NA,NA,NA,NA,NA,NA,NA,NA,NA,NA,NA,NA,NA,NA,"E: Uncertainty",NA,"E: Uncertainty",NA,"E: Uncertainty",NA,NA,"E: Uncertainty",NA,NA,"E: Uncertainty","E: Uncertainty","E: Uncertainty",NA,NA,NA,NA,NA,NA,NA,NA
"2023-10-24 19:00:00","PM10",NA,172.9701,0,199.6971,181.325,97.349,154.6761,9.0836,0,4.5875,8.9845,1371.1618,0,NA,31.6439,27.1874,0,0,2.6686,NA,3.9456,NA,0,2.991,0,NA,NA,0,NA,0,NA,0,21.5839,0,0,0,0,0,4.2902,0,"E: Uncertainty",NA,NA,NA,NA,NA,NA,NA,NA,NA,NA,NA,NA,"E: Uncertainty",NA,NA,NA,NA,NA,"E: Uncertainty",NA,"E: Uncertainty",NA,NA,NA,"E: Uncertainty","E: Uncertainty",NA,"E: Uncertainty",NA,"E: Uncertainty",NA,NA,NA,NA,NA,NA,NA,NA,NA
"2023-10-24 20:00:00","PM2.5",NA,NA,NA,NA,NA,NA,NA,NA,NA,NA,NA,NA,NA,NA,NA,NA,NA,NA,NA,NA,NA,NA,NA,NA,NA,NA,NA,NA,NA,NA,NA,NA,NA,NA,NA,NA,NA,NA,NA,NA,"E: Uncertainty","E: Erroneous Data","E: Erroneous Data","E: Erroneous Data","E: Erroneous Data","E: Erroneous Data","E: Erroneous Data","E: Erroneous Data","E: Erroneous Data","E: Erroneous Data","E: Erroneous Data","E: Erroneous Data","E: Erroneous Data","E: Uncertainty","E: Erroneous Data","E: Erroneous Data","E: Erroneous Data","E: Erroneous Data","E: Erroneous Data","E: Erroneous Data","E: Erroneous Data","E: Erroneous Data","E: Erroneous Data","E: Uncertainty","E: Erroneous Data","E: Uncertainty","E: Uncertainty","E: Uncertainty","E: Erroneous Data","E: Erroneous Data","E: Uncertainty","E: Erroneous Data","E: Erroneous Data","E: Erroneous Data","E: Erroneous Data","E: Erroneous Data","E: Erroneous Data","E: Erroneous Data","E: Erroneous Data","E: Erroneous Data"
"2023-10-24 21:00:00","PM10",NA,NA,NA,NA,NA,NA,NA,NA,NA,NA,NA,NA,NA,NA,NA,NA,NA,NA,NA,NA,NA,NA,NA,NA,NA,NA,NA,NA,NA,NA,NA,NA,NA,NA,NA,NA,NA,NA,NA,NA,"E: Erroneous Data","E: Erroneous Data","E: Erroneous Data","E: Erroneous Data","E: Erroneous Data","E: Erroneous Data","E: Erroneous Data","E: Erroneous Data","E: Erroneous Data","E: Erroneous Data","E: Erroneous Data","E: Erroneous Data","E: Erroneous Data","E: Uncertainty","E: Erroneous Data","E: Erroneous Data","E: Erroneous Data","E: Erroneous Data","E: Erroneous Data","E: Erroneous Data","E: Erroneous Data","E: Erroneous Data","E: Erroneous Data","E: Erroneous Data","E: Erroneous Data","E: Erroneous Data","E: Erroneous Data","E: Erroneous Data","E: Erroneous Data","E: Erroneous Data","E: Uncertainty","E: Erroneous Data","E: Erroneous Data","E: Erroneous Data","E: Erroneous Data","E: Erroneous Data","E: Erroneous Data","E: Erroneous Data","E: Erroneous Data","E: Uncertainty"
"2023-10-24 22:00:00","PM2.5",NA,NA,NA,NA,NA,NA,NA,NA,NA,NA,NA,NA,NA,NA,NA,NA,NA,NA,NA,NA,NA,NA,NA,NA,NA,NA,NA,NA,NA,NA,NA,NA,NA,NA,NA,NA,NA,NA,NA,NA,"E: Erroneous Data","E: Erroneous Data","E: Erroneous Data","E: Erroneous Data","E: Erroneous Data","E: Erroneous Data","E: Erroneous Data","E: Erroneous Data","E: Erroneous Data","E: Erroneous Data","E: Erroneous Data","E: Erroneous Data","E: Uncertainty","E: Erroneous Data","E: Erroneous Data","E: Erroneous Data","E: Erroneous Data","E: Erroneous Data","E: Erroneous Data","E: Uncertainty","E: Erroneous Data","E: Uncertainty","E: Erroneous Data","E: Erroneous Data","E: Uncertainty","E: Erroneous Data","E: Erroneous Data","E: Erroneous Data","E: Erroneous Data","E: Uncertainty","E: Erroneous Data","E: Erroneous Data","E: Erroneous Data","E: Erroneous Data","E: Erroneous Data","E: Erroneous Data","E: Erroneous Data","E: Erroneous Data","E: Erroneous Data","E: Uncertainty"
"2023-10-24 23:00:00","PM10",NA,NA,0,461.5196,56.2591,147.4543,158.5478,11.6945,NA,1.6978,5.9157,578.8868,0,NA,19.3687,35.8786,0,0,2.9462,NA,10.7115,NA,0,NA,0,NA,NA,NA,0,0,NA,NA,12.9493,0,0,0,0,0,9.1088,0,"E: Uncertainty","E: Uncertainty",NA,NA,NA,NA,NA,NA,"E: Uncertainty",NA,NA,NA,NA,"E: Uncertainty",NA,NA,NA,NA,NA,"E: Uncertainty",NA,"E: Uncertainty",NA,"E: Uncertainty",NA,"E: Uncertainty","E: Uncertainty","E: Uncertainty",NA,NA,"E: Uncertainty","E: Uncertainty",NA,NA,NA,NA,NA,NA,NA,NA
"2023-10-25 00:30:00","PM2.5",1956.9023,0,0,503.8977,41.2091,75.6759,13.8924,2.2538,0,NA,NA,121.6876,0,NA,4.822,17.4228,0,0,2.5189,NA,8.9655,NA,0,0,0,NA,NA,NA,0,NA,NA,NA,NA,0,0,0,0,0,4.95,0,NA,NA,NA,NA,NA,NA,NA,NA,NA,"E: Uncertainty","E: Uncertainty",NA,NA,"E: Uncertainty",NA,NA,NA,NA,NA,"E: Uncertainty",NA,"E: Uncertainty",NA,NA,NA,"E: Uncertainty","E: Uncertainty","E: Uncertainty",NA,"E: Uncertainty","E: Uncertainty","E: Uncertainty","E: Uncertainty",NA,NA,NA,NA,NA,NA,NA
"2023-10-25 01:00:00","PM10",NA,0,0,505.7463,NA,78.8772,24.7599,1.7869,0,0.9356,1.728,118.6951,0,NA,4.1604,18.4543,0,0,1.6653,NA,10.6273,NA,0,NA,0,15.408,NA,NA,0,0,0,NA,NA,0,0,0,0,0,5.3372,0,"E: Uncertainty",NA,NA,NA,"E: Uncertainty",NA,NA,NA,NA,NA,NA,NA,NA,"E: Uncertainty",NA,NA,NA,NA,NA,"E: Uncertainty",NA,"E: Uncertainty",NA,"E: Uncertainty",NA,NA,"E: Uncertainty","E: Uncertainty",NA,NA,NA,"E: Uncertainty","E: Uncertainty",NA,NA,NA,NA,NA,NA,NA
"2023-10-25 02:00:00","PM2.5",NA,NA,NA,NA,NA,NA,NA,NA,NA,NA,NA,NA,NA,NA,NA,NA,NA,NA,NA,NA,NA,NA,NA,NA,NA,NA,NA,NA,NA,NA,NA,NA,NA,NA,NA,NA,NA,NA,NA,NA,"E: Uncertainty","E: Erroneous Data","E: Erroneous Data","E: Erroneous Data","E: Erroneous Data","E: Erroneous Data","E: Uncertainty","E: Uncertainty","E: Erroneous Data","E: Uncertainty","E: Uncertainty","E: Erroneous Data","E: Erroneous Data","E: Uncertainty","E: Erroneous Data","E: Erroneous Data","E: Erroneous Data","E: Erroneous Data","E: Erroneous Data","E: Uncertainty","E: Erroneous Data","E: Uncertainty","E: Erroneous Data","E: Erroneous Data","E: Erroneous Data","E: Erroneous Data","E: Uncertainty","E: Uncertainty","E: Erroneous Data","E: Erroneous Data","E: Uncertainty","E: Uncertainty","E: Erroneous Data","E: Erroneous Data","E: Erroneous Data","E: Erroneous Data","E: Erroneous Data","E: Erroneous Data","E: Erroneous Data","E: Erroneous Data"
"2023-10-25 03:00:00","PM10",NA,NA,NA,NA,NA,NA,NA,NA,NA,NA,NA,NA,NA,NA,NA,NA,NA,NA,NA,NA,NA,NA,NA,NA,NA,NA,NA,NA,NA,NA,NA,NA,NA,NA,NA,NA,NA,NA,NA,NA,"E: Erroneous Data","E: Erroneous Data","E: Erroneous Data","E: Erroneous Data","E: Erroneous Data","E: Erroneous Data","E: Erroneous Data","E: Uncertainty","E: Erroneous Data","E: Uncertainty","E: Erroneous Data","E: Erroneous Data","E: Erroneous Data","E: Uncertainty","E: Erroneous Data","E: Erroneous Data","E: Erroneous Data","E: Erroneous Data","E: Erroneous Data","E: Erroneous Data","E: Erroneous Data","E: Uncertainty","E: Erroneous Data","E: Uncertainty","E: Erroneous Data","E: Erroneous Data","E: Uncertainty","E: Uncertainty","E: Erroneous Data","E: Uncertainty","E: Uncertainty","E: Uncertainty","E: Uncertainty","E: Erroneous Data","E: Erroneous Data","E: Erroneous Data","E: Erroneous Data","E: Erroneous Data","E: Erroneous Data","E: Erroneous Data"
"2023-10-25 04:00:00","PM2.5",NA,NA,NA,NA,NA,NA,NA,NA,NA,NA,NA,NA,NA,NA,NA,NA,NA,NA,NA,NA,NA,NA,NA,NA,NA,NA,NA,NA,NA,NA,NA,NA,NA,NA,NA,NA,NA,NA,NA,NA,"E: Uncertainty","E: Erroneous Data","E: Erroneous Data","E: Erroneous Data","E: Erroneous Data","E: Erroneous Data","E: Erroneous Data","E: Erroneous Data","E: Erroneous Data","E: Uncertainty","E: Uncertainty","E: Erroneous Data","E: Erroneous Data","E: Erroneous Data","E: Uncertainty","E: Erroneous Data","E: Erroneous Data","E: Erroneous Data","E: Erroneous Data","E: Uncertainty","E: Erroneous Data","E: Uncertainty","E: Erroneous Data","E: Erroneous Data","E: Erroneous Data","E: Erroneous Data","E: Uncertainty","E: Uncertainty","E: Erroneous Data","E: Uncertainty","E: Uncertainty","E: Uncertainty","E: Uncertainty","E: Erroneous Data","E: Erroneous Data","E: Erroneous Data","E: Erroneous Data","E: Erroneous Data","E: Erroneous Data","E: Erroneous Data"
"2023-10-25 05:00:00","PM10",NA,0,0,565.2358,113.0768,46.9292,44.842,NA,0,NA,NA,93.4791,0,0,2.8676,2.3369,0,0,0.7355,NA,4.1214,NA,0,0,0,10.1488,NA,NA,0,NA,NA,NA,NA,0,0,0,0,0,3.4897,0,"E: Uncertainty",NA,NA,NA,NA,NA,NA,"E: Uncertainty",NA,"E: Uncertainty","E: Uncertainty",NA,NA,NA,NA,NA,NA,NA,NA,"E: Uncertainty",NA,"E: Uncertainty",NA,NA,NA,NA,"E: Uncertainty","E: Uncertainty",NA,"E: Uncertainty","E: Uncertainty","E: Uncertainty","E: Uncertainty",NA,NA,NA,NA,NA,NA,NA
"2023-10-25 06:00:00","PM2.5",843.4132,0,0,681.9809,0,30.0581,19.332,NA,0,NA,0,92.2463,0,NA,2.8463,5.3583,0,0,1.5327,0.4769,4.8851,NA,0,0,0,10.0323,NA,NA,0,NA,0,NA,NA,0,0,0,0,0,NA,0,NA,NA,NA,NA,NA,NA,NA,"E: Uncertainty",NA,"E: Uncertainty",NA,NA,NA,"E: Uncertainty",NA,NA,NA,NA,NA,NA,NA,"E: Uncertainty",NA,NA,NA,NA,"E: Uncertainty","E: Uncertainty",NA,"E: Uncertainty",NA,"E: Uncertainty","E: Uncertainty",NA,NA,NA,NA,NA,"E: Uncertainty",NA
"2023-10-25 07:00:00","PM10",NA,0,0,1136.1478,NA,42.2547,57.3966,5.9103,NA,0.6262,1.1556,225.9145,0,NA,8.2054,9.1845,0,0,1.4953,1.3035,6.0753,NA,0,0,0,NA,NA,NA,0,NA,NA,NA,NA,0,0,0,0,0,NA,0,"E: Uncertainty",NA,NA,NA,"E: Uncertainty",NA,NA,NA,"E: Uncertainty",NA,NA,NA,NA,"E: Uncertainty",NA,NA,NA,NA,NA,NA,NA,"E: Uncertainty",NA,NA,NA,"E: Uncertainty","E: Uncertainty","E: Uncertainty",NA,"E: Uncertainty","E: Uncertainty","E: Uncertainty","E: Uncertainty",NA,NA,NA,NA,NA,"E: Uncertainty",NA
"2023-10-25 08:00:00","PM2.5",NA,0,0,1037.4882,0,60.0137,37.9093,1.7048,0,NA,NA,97.5419,NA,0,2.3768,15.982,0,0,1.0753,NA,4.746,NA,0,NA,0,NA,NA,NA,0,0,0,NA,NA,0,0,0,0,0,3.3581,0,"E: Uncertainty",NA,NA,NA,NA,NA,NA,NA,NA,"E: Uncertainty","E: Uncertainty",NA,"E: Uncertainty",NA,NA,NA,NA,NA,NA,"E: Uncertainty",NA,"E: Uncertainty",NA,"E: Uncertainty",NA,"E: Uncertainty","E: Uncertainty","E: Uncertainty",NA,NA,NA,"E: Uncertainty","E: Uncertainty",NA,NA,NA,NA,NA,NA,NA
"2023-10-25 09:00:00","PM10",NA,0,0,823.8282,238.2348,87.7372,170.8996,8.6299,NA,1.1255,2.7292,266.0289,0,NA,7.3348,20.206,0,0,0,0.5255,4.5597,NA,0,0,0,NA,NA,NA,0,NA,0,NA,4.0476,0,0,0,0,0,4.6711,0,"E: Uncertainty",NA,NA,NA,NA,NA,NA,NA,"E: Uncertainty",NA,NA,NA,NA,"E: Uncertainty",NA,NA,NA,NA,NA,NA,NA,"E: Uncertainty",NA,NA,NA,"E: Uncertainty","E: Uncertainty","E: Uncertainty",NA,"E: Uncertainty",NA,"E: Uncertainty",NA,NA,NA,NA,NA,NA,NA,NA
"2023-10-25 10:00:00","PM2.5",NA,0,0,615.5553,121.0658,61.4793,52.8164,3.1086,0,1.0045,5.0836,146.7973,0,NA,4.7495,30.3265,0,0,2.1471,0.5519,3.9867,NA,0,0,0,NA,NA,NA,0,NA,0,0,NA,0,0,0,0,0,20.6646,0,"E: Uncertainty",NA,NA,NA,NA,NA,NA,NA,NA,NA,NA,NA,NA,"E: Uncertainty",NA,NA,NA,NA,NA,NA,NA,"E: Uncertainty",NA,NA,NA,"E: Uncertainty","E: Uncertainty","E: Uncertainty",NA,"E: Uncertainty",NA,NA,"E: Uncertainty",NA,NA,NA,NA,NA,NA,NA
"2023-10-25 11:00:00","PM10",NA,247.6221,0,975.8118,458.8623,130.2631,274.0569,19.6594,0,7.7481,19.5449,597.7878,NA,2.5978,19.8388,114.4289,0,0,4.699,0.9201,8.0095,NA,0,NA,0,14.1584,NA,0,0,NA,NA,0,4.2556,0,0,0,0,0,23.4765,NA,"E: Uncertainty",NA,NA,NA,NA,NA,NA,NA,NA,NA,NA,NA,"E: Uncertainty",NA,NA,NA,NA,NA,NA,NA,NA,"E: Uncertainty",NA,"E: Uncertainty",NA,NA,"E: Uncertainty",NA,NA,"E: Uncertainty","E: Uncertainty",NA,NA,NA,NA,NA,NA,NA,NA,"E: Uncertainty"
"2023-10-25 12:00:00","PM2.5",NA,NA,0,682.4122,301.9205,79.276,95.9645,6.8928,0,3.7173,11.8275,264.4806,0,0.8263,15.6367,85.7758,0,0,2.1987,0.9768,7.2588,NA,0,0,NA,11.5052,0,0,0,0,0,0,NA,0,0,0,0,0,28.0231,0,"E: Uncertainty","E: Uncertainty",NA,NA,NA,NA,NA,NA,NA,NA,NA,NA,NA,NA,NA,NA,NA,NA,NA,NA,NA,"E: Uncertainty",NA,NA,"E: Uncertainty",NA,NA,NA,NA,NA,NA,NA,"E: Uncertainty",NA,NA,NA,NA,NA,NA,NA
"2023-10-25 13:00:00","PM10",NA,NA,0,569.1883,433.9825,87.8699,275.4888,13.9434,0,4.3349,10.1415,505.9045,0,1.1375,19.3838,66.6677,0,0,2.8051,0.6397,3.8441,2.114,0,NA,NA,15.7908,NA,0,0,NA,NA,NA,3.6131,0,0,0,0,0,27.3725,0,"E: Uncertainty","E: Uncertainty",NA,NA,NA,NA,NA,NA,NA,NA,NA,NA,NA,NA,NA,NA,NA,NA,NA,NA,NA,NA,NA,"E: Uncertainty","E: Uncertainty",NA,"E: Uncertainty",NA,NA,"E: Uncertainty","E: Uncertainty","E: Uncertainty",NA,NA,NA,NA,NA,NA,NA,NA
"2023-10-25 14:00:00","PM2.5",NA,NA,NA,NA,NA,NA,NA,NA,NA,NA,NA,NA,NA,NA,NA,NA,NA,NA,NA,NA,NA,NA,NA,NA,NA,NA,NA,NA,NA,NA,NA,NA,NA,NA,NA,NA,NA,NA,NA,NA,"E: Erroneous Data","E: Uncertainty","E: Erroneous Data","E: Erroneous Data","E: Erroneous Data","E: Erroneous Data","E: Erroneous Data","E: Erroneous Data","E: Erroneous Data","E: Erroneous Data","E: Erroneous Data","E: Erroneous Data","E: Uncertainty","E: Uncertainty","E: Erroneous Data","E: Erroneous Data","E: Erroneous Data","E: Erroneous Data","E: Erroneous Data","E: Erroneous Data","E: Erroneous Data","E: Uncertainty","E: Erroneous Data","E: Erroneous Data","E: Erroneous Data","E: Erroneous Data","E: Erroneous Data","E: Erroneous Data","E: Erroneous Data","E: Erroneous Data","E: Erroneous Data","E: Uncertainty","E: Uncertainty","E: Erroneous Data","E: Erroneous Data","E: Erroneous Data","E: Erroneous Data","E: Erroneous Data","E: Erroneous Data","E: Erroneous Data"
"2023-10-25 15:00:00","PM10",NA,NA,NA,NA,NA,NA,NA,NA,NA,NA,NA,NA,NA,NA,NA,NA,NA,NA,NA,NA,NA,NA,NA,NA,NA,NA,NA,NA,NA,NA,NA,NA,NA,NA,NA,NA,NA,NA,NA,NA,"E: Erroneous Data","E: Uncertainty","E: Erroneous Data","E: Erroneous Data","E: Erroneous Data","E: Erroneous Data","E: Erroneous Data","E: Erroneous Data","E: Erroneous Data","E: Erroneous Data","E: Erroneous Data","E: Erroneous Data","E: Uncertainty","E: Erroneous Data","E: Erroneous Data","E: Erroneous Data","E: Erroneous Data","E: Erroneous Data","E: Erroneous Data","E: Uncertainty","E: Erroneous Data","E: Uncertainty","E: Erroneous Data","E: Erroneous Data","E: Uncertainty","E: Uncertainty","E: Erroneous Data","E: Uncertainty","E: Erroneous Data","E: Erroneous Data","E: Uncertainty","E: Uncertainty","E: Erroneous Data","E: Erroneous Data","E: Erroneous Data","E: Erroneous Data","E: Erroneous Data","E: Erroneous Data","E: Erroneous Data","E: Erroneous Data"
"2023-10-25 16:00:00","PM2.5",NA,NA,NA,NA,NA,NA,NA,NA,NA,NA,NA,NA,NA,NA,NA,NA,NA,NA,NA,NA,NA,NA,NA,NA,NA,NA,NA,NA,NA,NA,NA,NA,NA,NA,NA,NA,NA,NA,NA,NA,"E: Uncertainty","E: Uncertainty","E: Erroneous Data","E: Erroneous Data","E: Erroneous Data","E: Erroneous Data","E: Erroneous Data","E: Erroneous Data","E: Erroneous Data","E: Erroneous Data","E: Erroneous Data","E: Erroneous Data","E: Erroneous Data","E: Uncertainty","E: Erroneous Data","E: Erroneous Data","E: Erroneous Data","E: Erroneous Data","E: Erroneous Data","E: Erroneous Data","E: Erroneous Data","E: Uncertainty","E: Erroneous Data","E: Erroneous Data","E: Erroneous Data","E: Erroneous Data","E: Erroneous Data","E: Erroneous Data","E: Erroneous Data","E: Uncertainty","E: Uncertainty","E: Uncertainty","E: Erroneous Data","E: Erroneous Data","E: Erroneous Data","E: Erroneous Data","E: Erroneous Data","E: Erroneous Data","E: Erroneous Data","E: Erroneous Data"
"2023-10-25 17:00:00","PM10",NA,NA,NA,NA,NA,NA,NA,NA,NA,NA,NA,NA,NA,NA,NA,NA,NA,NA,NA,NA,NA,NA,NA,NA,NA,NA,NA,NA,NA,NA,NA,NA,NA,NA,NA,NA,NA,NA,NA,NA,"E: Erroneous Data","E: Uncertainty","E: Erroneous Data","E: Erroneous Data","E: Erroneous Data","E: Erroneous Data","E: Erroneous Data","E: Erroneous Data","E: Erroneous Data","E: Erroneous Data","E: Erroneous Data","E: Erroneous Data","E: Erroneous Data","E: Uncertainty","E: Erroneous Data","E: Erroneous Data","E: Erroneous Data","E: Erroneous Data","E: Erroneous Data","E: Uncertainty","E: Erroneous Data","E: Uncertainty","E: Erroneous Data","E: Uncertainty","E: Erroneous Data","E: Uncertainty","E: Uncertainty","E: Uncertainty","E: Erroneous Data","E: Erroneous Data","E: Uncertainty","E: Erroneous Data","E: Erroneous Data","E: Erroneous Data","E: Erroneous Data","E: Erroneous Data","E: Erroneous Data","E: Erroneous Data","E: Erroneous Data","E: Erroneous Data"
"2023-10-25 18:00:00","PM2.5",NA,NA,NA,NA,NA,NA,NA,NA,NA,NA,NA,NA,NA,NA,NA,NA,NA,NA,NA,NA,NA,NA,NA,NA,NA,NA,NA,NA,NA,NA,NA,NA,NA,NA,NA,NA,NA,NA,NA,NA,"E: Uncertainty","E: Erroneous Data","E: Erroneous Data","E: Erroneous Data","E: Erroneous Data","E: Erroneous Data","E: Erroneous Data","E: Erroneous Data","E: Erroneous Data","E: Erroneous Data","E: Erroneous Data","E: Erroneous Data","E: Erroneous Data","E: Uncertainty","E: Erroneous Data","E: Erroneous Data","E: Erroneous Data","E: Erroneous Data","E: Erroneous Data","E: Uncertainty","E: Erroneous Data","E: Erroneous Data","E: Erroneous Data","E: Uncertainty","E: Erroneous Data","E: Uncertainty","E: Uncertainty","E: Uncertainty","E: Erroneous Data","E: Erroneous Data","E: Erroneous Data","E: Uncertainty","E: Erroneous Data","E: Erroneous Data","E: Erroneous Data","E: Erroneous Data","E: Erroneous Data","E: Erroneous Data","E: Erroneous Data","E: Erroneous Data"
"2023-10-25 19:00:00","PM10",NA,NA,NA,NA,NA,NA,NA,NA,NA,NA,NA,NA,NA,NA,NA,NA,NA,NA,NA,NA,NA,NA,NA,NA,NA,NA,NA,NA,NA,NA,NA,NA,NA,NA,NA,NA,NA,NA,NA,NA,"E: Erroneous Data","E: Erroneous Data","E: Erroneous Data","E: Erroneous Data","E: Erroneous Data","E: Erroneous Data","E: Erroneous Data","E: Erroneous Data","E: Erroneous Data","E: Erroneous Data","E: Erroneous Data","E: Erroneous Data","E: Uncertainty","E: Uncertainty","E: Erroneous Data","E: Erroneous Data","E: Erroneous Data","E: Erroneous Data","E: Erroneous Data","E: Erroneous Data","E: Erroneous Data","E: Uncertainty","E: Erroneous Data","E: Uncertainty","E: Erroneous Data","E: Erroneous Data","E: Erroneous Data","E: Erroneous Data","E: Erroneous Data","E: Uncertainty","E: Uncertainty","E: Erroneous Data","E: Erroneous Data","E: Erroneous Data","E: Erroneous Data","E: Erroneous Data","E: Erroneous Data","E: Erroneous Data","E: Erroneous Data","E: Erroneous Data"
"2023-10-25 20:00:00","PM2.5",NA,NA,NA,NA,NA,NA,NA,NA,NA,NA,NA,NA,NA,NA,NA,NA,NA,NA,NA,NA,NA,NA,NA,NA,NA,NA,NA,NA,NA,NA,NA,NA,NA,NA,NA,NA,NA,NA,NA,NA,"E: Uncertainty","E: Uncertainty","E: Erroneous Data","E: Erroneous Data","E: Erroneous Data","E: Erroneous Data","E: Erroneous Data","E: Erroneous Data","E: Uncertainty","E: Erroneous Data","E: Erroneous Data","E: Erroneous Data","E: Uncertainty","E: Uncertainty","E: Erroneous Data","E: Erroneous Data","E: Erroneous Data","E: Erroneous Data","E: Erroneous Data","E: Uncertainty","E: Erroneous Data","E: Uncertainty","E: Erroneous Data","E: Uncertainty","E: Erroneous Data","E: Erroneous Data","E: Uncertainty","E: Uncertainty","E: Erroneous Data","E: Uncertainty","E: Uncertainty","E: Erroneous Data","E: Erroneous Data","E: Erroneous Data","E: Erroneous Data","E: Erroneous Data","E: Erroneous Data","E: Erroneous Data","E: Erroneous Data","E: Erroneous Data"
"2023-10-25 21:00:00","PM10",NA,NA,0,530.1725,155.9778,128.4365,129.5215,11.2572,NA,7.9479,9.6997,1203.7535,NA,NA,24.4413,62.8389,0,0,4.0467,0.5769,12.0112,1.631,0,NA,0,11.9528,NA,NA,0,NA,NA,NA,26.5561,0,0,0,0,0,8.4846,0,"E: Uncertainty","E: Uncertainty",NA,NA,NA,NA,NA,NA,"E: Uncertainty",NA,NA,NA,"E: Uncertainty","E: Uncertainty",NA,NA,NA,NA,NA,NA,NA,NA,NA,"E: Uncertainty",NA,NA,"E: Uncertainty","E: Uncertainty",NA,"E: Uncertainty","E: Uncertainty","E: Uncertainty",NA,NA,NA,NA,NA,NA,NA,NA
"2023-10-25 22:00:00","PM2.5",1216.4436,0,0,476.6383,109.7819,168.4245,35.0473,4.0793,NA,1.6818,4.1378,456.3364,0,0,15.9816,52.2212,0,0,3.4017,NA,11.6363,1.9428,0,0,0,NA,0,NA,0,0,NA,NA,8.8431,0,0,0,0,0,8.0594,0,NA,NA,NA,NA,NA,NA,NA,NA,"E: Uncertainty",NA,NA,NA,NA,NA,NA,NA,NA,NA,NA,"E: Uncertainty",NA,NA,NA,NA,NA,"E: Uncertainty",NA,"E: Uncertainty",NA,NA,"E: Uncertainty","E: Uncertainty",NA,NA,NA,NA,NA,NA,NA,NA
"2023-10-25 23:00:00","PM10",NA,NA,0,532.1094,250.0127,235.8954,127.5093,12.6917,NA,2.1045,6.7131,684.2337,0,NA,19.5001,68.1244,0,0,5.0488,NA,13.7451,NA,0,NA,0,NA,0,NA,0,NA,NA,NA,12.6719,0,0,0,0,0,9.9463,NA,"E: Uncertainty","E: Uncertainty",NA,NA,NA,NA,NA,NA,"E: Uncertainty",NA,NA,NA,NA,"E: Uncertainty",NA,NA,NA,NA,NA,"E: Uncertainty",NA,"E: Uncertainty",NA,"E: Uncertainty",NA,"E: Uncertainty",NA,"E: Uncertainty",NA,"E: Uncertainty","E: Uncertainty","E: Uncertainty",NA,NA,NA,NA,NA,NA,NA,"E: Uncertainty"
"2023-10-26 00:30:00","PM2.5",0,0,0,479.9765,63.4442,147.7498,20.7796,NA,0,NA,1.6001,221.9912,NA,NA,7.3988,29.9731,0,0,4.8413,NA,5.7926,NA,0,0,0,0,0,NA,0,0,NA,NA,NA,0,0,0,0,0,8.2106,0,NA,NA,NA,NA,NA,NA,NA,"E: Uncertainty",NA,"E: Uncertainty",NA,NA,"E: Uncertainty","E: Uncertainty",NA,NA,NA,NA,NA,"E: Uncertainty",NA,"E: Uncertainty",NA,NA,NA,NA,NA,"E: Uncertainty",NA,NA,"E: Uncertainty","E: Uncertainty","E: Uncertainty",NA,NA,NA,NA,NA,NA,NA
"2023-10-26 01:00:00","PM10",662.4781,1.4458,0,605.2302,NA,142.5616,79.4292,3.8485,0,0.8901,1.8933,232.9434,0,0,5.6603,20.0601,0,0,3.8966,NA,4.1377,NA,0,0,NA,18.2824,NA,NA,0,NA,NA,NA,NA,0,0,0,0,0,6.3811,0,NA,NA,NA,NA,"E: Uncertainty",NA,NA,NA,NA,NA,NA,NA,NA,NA,NA,NA,NA,NA,NA,"E: Uncertainty",NA,"E: Uncertainty",NA,NA,"E: Uncertainty",NA,"E: Uncertainty","E: Uncertainty",NA,"E: Uncertainty","E: Uncertainty","E: Uncertainty","E: Uncertainty",NA,NA,NA,NA,NA,NA,NA
"2023-10-26 02:00:00","PM2.5",696.0803,0,0,449.6574,0,86.7328,5.8124,NA,0,NA,NA,68.9302,NA,NA,2.09,13.1939,0,0,3.2745,NA,3.209,0,0,0,0,20.5135,0,NA,0,NA,NA,NA,NA,0,0,0,0,0,6.4568,0,NA,NA,NA,NA,NA,NA,NA,"E: Uncertainty",NA,"E: Uncertainty","E: Uncertainty",NA,"E: Uncertainty","E: Uncertainty",NA,NA,NA,NA,NA,"E: Uncertainty",NA,NA,NA,NA,NA,NA,NA,"E: Uncertainty",NA,"E: Uncertainty","E: Uncertainty","E: Uncertainty","E: Uncertainty",NA,NA,NA,NA,NA,NA,NA
"2023-10-26 03:00:00","PM10",NA,0,0,546.9234,0,105.5196,48.163,3.4269,0,NA,NA,148.2502,NA,0,4.3871,26.2827,0,0,2.3832,NA,4.4332,NA,0,0,NA,10.5883,NA,0,0,NA,NA,0,NA,0,0,0,0,0,6.6161,0,"E: Uncertainty",NA,NA,NA,NA,NA,NA,NA,NA,"E: Uncertainty","E: Uncertainty",NA,"E: Uncertainty",NA,NA,NA,NA,NA,NA,"E: Uncertainty",NA,"E: Uncertainty",NA,NA,"E: Uncertainty",NA,"E: Uncertainty",NA,NA,"E: Uncertainty","E: Uncertainty",NA,"E: Uncertainty",NA,NA,NA,NA,NA,NA,NA
"2023-10-26 04:00:00","PM2.5",0,0,0,474.0872,0,88.7119,5.9162,NA,0,NA,NA,69.8368,NA,0,2.5106,15.9931,0,0,2.2588,NA,3.262,NA,0,NA,0,14.8453,0,NA,0,0,NA,0,NA,0,0,0,0,0,7.1621,0,NA,NA,NA,NA,NA,NA,NA,"E: Uncertainty",NA,"E: Uncertainty","E: Uncertainty",NA,"E: Uncertainty",NA,NA,NA,NA,NA,NA,"E: Uncertainty",NA,"E: Uncertainty",NA,"E: Uncertainty",NA,NA,NA,"E: Uncertainty",NA,NA,"E: Uncertainty",NA,"E: Uncertainty",NA,NA,NA,NA,NA,NA,NA
"2023-10-26 05:00:00","PM10",0,0,0,436.2019,0,99.3855,31.4449,2.0513,0,0.9306,1.0721,160.1444,0,NA,4.2245,13.7946,0,0,2.4063,NA,4.2297,NA,0,NA,0,21.1098,0,NA,0,0,NA,NA,NA,0,0,0,0,0,6.6577,0,NA,NA,NA,NA,NA,NA,NA,NA,NA,NA,NA,NA,NA,"E: Uncertainty",NA,NA,NA,NA,NA,"E: Uncertainty",NA,"E: Uncertainty",NA,"E: Uncertainty",NA,NA,NA,"E: Uncertainty",NA,NA,"E: Uncertainty","E: Uncertainty","E: Uncertainty",NA,NA,NA,NA,NA,NA,NA
"2023-10-26 06:00:00","PM2.5",NA,0,0,277.3751,0,57.0281,4.168,0,NA,0,0,69.2246,0,NA,1.7246,9.3539,0,0,2.3585,NA,2.7221,NA,0,NA,0,14.4217,0,NA,0,NA,NA,NA,NA,0,0,0,NA,0,4.9197,0,"E: Uncertainty",NA,NA,NA,NA,NA,NA,NA,"E: Uncertainty",NA,NA,NA,NA,"E: Uncertainty",NA,NA,NA,NA,NA,"E: Uncertainty",NA,"E: Uncertainty",NA,"E: Uncertainty",NA,NA,NA,"E: Uncertainty",NA,"E: Uncertainty","E: Uncertainty","E: Uncertainty","E: Uncertainty",NA,NA,NA,"E: Uncertainty",NA,NA,NA
"2023-10-26 07:00:00","PM10",NA,0,0,215.4504,0,48.5381,14.3876,NA,0,NA,NA,115.6889,0,0,3.1457,6.5603,0,0,1.3408,0,2.3209,NA,0,NA,0,NA,0,NA,0,0,NA,NA,NA,0,0,0,0,0,3.4004,0,"E: Uncertainty",NA,NA,NA,NA,NA,NA,"E: Uncertainty",NA,"E: Uncertainty","E: Uncertainty",NA,NA,NA,NA,NA,NA,NA,NA,NA,NA,"E: Uncertainty",NA,"E: Uncertainty",NA,"E: Uncertainty",NA,"E: Uncertainty",NA,NA,"E: Uncertainty","E: Uncertainty","E: Uncertainty",NA,NA,NA,NA,NA,NA,NA
"2023-10-26 08:00:00","PM2.5",690.3678,0,0,166.0119,0,31.1738,6.655,NA,NA,NA,0.0042,60.1052,0,0,1.2157,5.6662,0,0,0.7857,0,1.4332,0,0,0,0,20.1236,NA,NA,0,NA,NA,0,0.0285,0,0,0,0,0,4.2266,0,NA,NA,NA,NA,NA,NA,NA,"E: Uncertainty","E: Uncertainty","E: Uncertainty",NA,NA,NA,NA,NA,NA,NA,NA,NA,NA,NA,NA,NA,NA,NA,NA,"E: Uncertainty","E: Uncertainty",NA,"E: Uncertainty","E: Uncertainty",NA,NA,NA,NA,NA,NA,NA,NA,NA
"2023-10-26 09:00:00","PM10",1025.9021,0,0,154.8121,0,31.3966,65.3448,NA,0,0,NA,93.9585,0,0,2.5783,6.8495,0,0,2.6807,NA,1.885,NA,0,0,0,NA,0,0,0,NA,0,NA,NA,0,0,0,0,0,3.8271,0,NA,NA,NA,NA,NA,NA,NA,"E: Uncertainty",NA,NA,"E: Uncertainty",NA,NA,NA,NA,NA,NA,NA,NA,"E: Uncertainty",NA,"E: Uncertainty",NA,NA,NA,"E: Uncertainty",NA,NA,NA,"E: Uncertainty",NA,"E: Uncertainty","E: Uncertainty",NA,NA,NA,NA,NA,NA,NA
"2023-10-26 10:00:00","PM2.5",NA,0,NA,100.7694,0,28.7528,25.3925,1.5378,NA,0,0.0017,56.0897,NA,NA,4.7843,5.6335,0,0,1.3754,0,0.6603,NA,0,0,0,12.8691,0,0,0,0,NA,0,NA,0,NA,0,0,0,4.7413,0,"E: Uncertainty",NA,"E: Uncertainty",NA,NA,NA,NA,NA,"E: Uncertainty",NA,NA,NA,"E: Uncertainty","E: Uncertainty",NA,NA,NA,NA,NA,NA,NA,"E: Uncertainty",NA,NA,NA,NA,NA,NA,NA,NA,"E: Uncertainty",NA,"E: Uncertainty",NA,"E: Uncertainty",NA,NA,NA,NA,NA
"2023-10-26 11:00:00","PM10",0,0,0,161.8968,186.8214,43.3375,28.153,3.7539,0,NA,NA,120.0134,0,NA,4.301,4.2486,0,0,0.5326,0,1.685,NA,0,0,0,13.8459,0,0,0,0,4e-04,NA,NA,0,0,0,0,0,2.2972,0,NA,NA,NA,NA,NA,NA,NA,NA,NA,"E: Uncertainty","E: Uncertainty",NA,NA,"E: Uncertainty",NA,NA,NA,NA,NA,NA,NA,"E: Uncertainty",NA,NA,NA,NA,NA,NA,NA,NA,NA,"E: Uncertainty","E: Uncertainty",NA,NA,NA,NA,NA,NA,NA
"2023-10-26 12:00:00","PM2.5",NA,0,0,188.9377,426.505,39.9611,22.4531,NA,0,NA,0,54.0928,0,NA,2.5661,3.1332,0,0,1.1096,0,1.4348,NA,0,NA,0,9.4879,0,0,NA,NA,0,0,NA,0,0,0,0,0,NA,0,"E: Uncertainty",NA,NA,NA,NA,NA,NA,"E: Uncertainty",NA,"E: Uncertainty",NA,NA,NA,"E: Uncertainty",NA,NA,NA,NA,NA,NA,NA,"E: Uncertainty",NA,"E: Uncertainty",NA,NA,NA,NA,"E: Uncertainty","E: Uncertainty",NA,NA,"E: Uncertainty",NA,NA,NA,NA,NA,"E: Uncertainty",NA
"2023-10-26 13:00:00","PM10",NA,0,0,256.4331,1788.8208,84.6666,87.3771,NA,0,NA,0,82.1192,NA,0,3.0752,3.2502,0,0,0.7904,0,3.1196,NA,0,0,0,9.9157,NA,0,0,0,0,0,0.0335,0,0,0,0,0,NA,0,"E: Uncertainty",NA,NA,NA,NA,NA,NA,"E: Uncertainty",NA,"E: Uncertainty",NA,NA,"E: Uncertainty",NA,NA,NA,NA,NA,NA,NA,NA,"E: Uncertainty",NA,NA,NA,NA,"E: Uncertainty",NA,NA,NA,NA,NA,NA,NA,NA,NA,NA,NA,"E: Uncertainty",NA
"2023-10-26 14:00:00","PM2.5",0,1.5388,0,214.2639,677.5249,46.2312,42.1716,NA,0,NA,NA,153.264,0,0,8.2778,4.6861,0,0,1.0891,0,2.0044,NA,0,0,0,9.7672,NA,NA,0,0,0,0,2.8887,0,0,0,0,0,1.0251,0,NA,NA,NA,NA,NA,NA,NA,"E: Uncertainty",NA,"E: Uncertainty","E: Uncertainty",NA,NA,NA,NA,NA,NA,NA,NA,NA,NA,"E: Uncertainty",NA,NA,NA,NA,"E: Uncertainty","E: Uncertainty",NA,NA,NA,NA,NA,NA,NA,NA,NA,NA,NA,NA
"2023-10-26 15:00:00","PM10",1018.0513,NA,0,276.992,1366.1265,85.5731,107.8211,2.0845,0,0,1.3123,234.2802,0,0,8.7728,5.6621,0,0,1.4285,NA,2.6523,NA,0,0,0,12.6327,NA,NA,0,NA,NA,NA,NA,0,0,0,0,0,1.408,0,NA,"E: Uncertainty",NA,NA,NA,NA,NA,NA,NA,NA,NA,NA,NA,NA,NA,NA,NA,NA,NA,"E: Uncertainty",NA,"E: Uncertainty",NA,NA,NA,NA,"E: Uncertainty","E: Uncertainty",NA,"E: Uncertainty","E: Uncertainty","E: Uncertainty","E: Uncertainty",NA,NA,NA,NA,NA,NA,NA
"2023-10-26 16:00:00","PM2.5",NA,2.1207,0,151.3375,358.7303,28.6467,33.5628,NA,0,NA,1.1871,221.8749,0,NA,8.7694,4.4209,0,0,0.3632,0,1.2479,NA,0,0,0,18.2985,NA,NA,0,NA,NA,0,NA,0,0,0,0,0,NA,0,"E: Uncertainty",NA,NA,NA,NA,NA,NA,"E: Uncertainty",NA,"E: Uncertainty",NA,NA,NA,"E: Uncertainty",NA,NA,NA,NA,NA,NA,NA,"E: Uncertainty",NA,NA,NA,NA,"E: Uncertainty","E: Uncertainty",NA,"E: Uncertainty","E: Uncertainty",NA,"E: Conc. Uncertainty",NA,NA,NA,NA,NA,"E: Uncertainty",NA
"2023-10-26 17:00:00","PM10",NA,NA,0,210.6538,721.8688,79.1407,127.4589,4.5084,0,1.0552,4.0563,596.0341,0,0,22.0756,9.4273,0,0,0.4314,0,1.9821,NA,0,0,0,NA,0,NA,0,NA,NA,NA,9.1323,0,0,0,0,0,2.7593,0,"E: Uncertainty","E: Uncertainty",NA,NA,NA,NA,NA,NA,NA,NA,NA,NA,NA,NA,NA,NA,NA,NA,NA,NA,NA,"E: Uncertainty",NA,NA,NA,"E: Uncertainty",NA,"E: Uncertainty",NA,"E: Uncertainty","E: Uncertainty","E: Uncertainty",NA,NA,NA,NA,NA,NA,NA,NA
"2023-10-26 18:00:00","PM2.5",NA,NA,0,194.8409,143.5048,76.9805,69.9984,2.3279,0,0.8957,2.4881,456.6185,0,0,20.5609,9.6179,0,0,1.1506,0,1.304,NA,0,0,0,NA,NA,0,0,0,NA,NA,9.3829,0,0,0,0,0,2.8984,0,"E: Uncertainty","E: Uncertainty",NA,NA,NA,NA,NA,NA,NA,NA,NA,NA,NA,NA,NA,NA,NA,NA,NA,NA,NA,"E: Uncertainty",NA,NA,NA,"E: Uncertainty","E: Uncertainty",NA,NA,NA,"E: Uncertainty","E: Uncertainty",NA,NA,NA,NA,NA,NA,NA,NA
"2023-10-26 19:00:00","PM10",NA,NA,0,221.6887,668.5041,126.1497,190.5042,8.083,0,2.2712,5.9045,987.5307,NA,NA,39.5521,16.6994,0,0,2.2985,0,5.9723,NA,0,NA,0,NA,NA,NA,0,0,NA,0,20.7197,0,0,0,0,0,2.5094,0,"E: Uncertainty","E: Uncertainty",NA,NA,NA,NA,NA,NA,NA,NA,NA,NA,"E: Uncertainty","E: Uncertainty",NA,NA,NA,NA,NA,NA,NA,"E: Uncertainty",NA,"E: Uncertainty",NA,"E: Uncertainty","E: Uncertainty","E: Uncertainty",NA,NA,"E: Uncertainty",NA,NA,NA,NA,NA,NA,NA,NA,NA
"2023-10-26 20:00:00","PM2.5",1162.015,1.7016,0,158.5496,91.9722,105.0551,62.2363,4.3999,0,1.3129,3.9503,628.6985,NA,0,26.5837,12.7852,0,0,8.0377,NA,10.0092,NA,0,NA,0,12.14,NA,0,0,NA,NA,NA,14.1041,0,0,0,0,0,3.1021,0,NA,NA,NA,NA,NA,NA,NA,NA,NA,NA,NA,NA,"E: Uncertainty",NA,NA,NA,NA,NA,NA,"E: Uncertainty",NA,"E: Uncertainty",NA,"E: Uncertainty",NA,NA,"E: Uncertainty",NA,NA,"E: Uncertainty","E: Uncertainty","E: Uncertainty",NA,NA,NA,NA,NA,NA,NA,NA
"2023-10-26 21:00:00","PM10",NA,NA,0.2687,183.4995,469.7346,151.7078,129.5246,6.9372,0,2.1505,6.4081,1097.9072,0,NA,39.1422,17.5772,0,0,9.6839,0,10.8821,NA,0,NA,0,16.4114,0,0,0,NA,NA,0,21.7729,0,0,0,0,0,4.8027,0,"E: Uncertainty","E: Uncertainty",NA,NA,NA,NA,NA,NA,NA,NA,NA,NA,NA,"E: Uncertainty",NA,NA,NA,NA,NA,NA,NA,"E: Uncertainty",NA,"E: Uncertainty",NA,NA,NA,NA,NA,"E: Uncertainty","E: Uncertainty",NA,NA,NA,NA,NA,NA,NA,NA,NA
"2023-10-26 22:00:00","PM2.5",770.8777,0,0,157.6926,68.1283,136.1062,33.8819,4.1372,NA,NA,2.4292,539.7183,0,0,23.1136,14.9686,0,0,6.8121,0,8.3195,NA,0,NA,0,15.3947,0,0,0,0,NA,NA,10.9449,0,0,0,0,0,6.1098,0,NA,NA,NA,NA,NA,NA,NA,NA,"E: Uncertainty","E: Uncertainty",NA,NA,NA,NA,NA,NA,NA,NA,NA,NA,NA,"E: Uncertainty",NA,"E: Uncertainty",NA,NA,NA,NA,NA,NA,"E: Uncertainty","E: Uncertainty",NA,NA,NA,NA,NA,NA,NA,NA
"2023-10-26 23:00:00","PM10",NA,0,0,136.644,384.7217,144.1313,87.8417,5.6108,0,NA,NA,251.3781,0,0,14.687,18.7733,0,0,2.9799,0,3.911,NA,0,NA,0,NA,0,0,NA,NA,NA,NA,5.1325,0,0,0,NA,0,4.1966,NA,"E: Uncertainty",NA,NA,NA,NA,NA,NA,NA,NA,"E: Uncertainty","E: Uncertainty",NA,NA,NA,NA,NA,NA,NA,NA,NA,NA,"E: Uncertainty",NA,"E: Uncertainty",NA,"E: Uncertainty",NA,NA,"E: Uncertainty","E: Uncertainty","E: Uncertainty","E: Uncertainty",NA,NA,NA,NA,"E: Uncertainty",NA,NA,"E: Uncertainty"
"2023-10-27 00:30:00","PM2.5",1559.823,0,NA,72.1647,64.5132,86.423,19.4488,NA,NA,NA,0,70.1729,0,0,3.4498,8.5657,0,0,1.7462,0,1.7726,NA,0,0,0,26.7087,NA,0,0,NA,0,NA,NA,0,0,0,0,0,2.1674,0,NA,NA,"E: Uncertainty",NA,NA,NA,NA,"E: Uncertainty","E: Uncertainty","E: Uncertainty",NA,NA,NA,NA,NA,NA,NA,NA,NA,NA,NA,"E: Uncertainty",NA,NA,NA,NA,"E: Uncertainty",NA,NA,"E: Uncertainty",NA,"E: Uncertainty","E: Uncertainty",NA,NA,NA,NA,NA,NA,NA
"2023-10-27 01:00:00","PM10",642.6456,0,0,120.9866,488.447,110.136,53.585,NA,0,0,NA,108.945,0,0,3.1041,8.2536,0,0,2.0339,0,1.9193,NA,0,0.0022,0,9.3972,NA,0,0,0,0,0,NA,0,0,0,0,0,1.5813,0,NA,NA,NA,NA,NA,NA,NA,"E: Uncertainty",NA,NA,"E: Uncertainty",NA,NA,NA,NA,NA,NA,NA,NA,NA,NA,"E: Uncertainty",NA,NA,NA,NA,"E: Uncertainty",NA,NA,NA,NA,NA,"E: Uncertainty",NA,NA,NA,NA,NA,NA,NA
"2023-10-27 02:00:00","PM2.5",851.7367,0,0,119.9759,107.9104,91.9917,15.2699,NA,0,0.0036,0,47.7939,0,0,1.9109,6.4258,0,0,1.3556,NA,1.0271,NA,0,0,0,14.8828,NA,0,0,0,0,0,NA,0,0,0,0,0,2.5876,0,NA,NA,NA,NA,NA,NA,NA,"E: Uncertainty",NA,NA,NA,NA,NA,NA,NA,NA,NA,NA,NA,"E: Uncertainty",NA,"E: Uncertainty",NA,NA,NA,NA,"E: Uncertainty",NA,NA,NA,NA,NA,"E: Uncertainty",NA,NA,NA,NA,NA,NA,NA
"2023-10-27 03:00:00","PM10",NA,0,0,209.6873,374.3644,114.036,49.3274,NA,0,NA,0,62.4041,NA,NA,2.2456,6.3439,0,0,1.7003,0,2.5285,NA,0,0,0,13.3978,0,0.0528,0,0,0,NA,NA,0,0,0,0,0,2.3643,0,"E: Uncertainty",NA,NA,NA,NA,NA,NA,"E: Uncertainty",NA,"E: Uncertainty",NA,NA,"E: Uncertainty","E: Uncertainty",NA,NA,NA,NA,NA,NA,NA,"E: Uncertainty",NA,NA,NA,NA,NA,NA,NA,NA,NA,"E: Uncertainty","E: Uncertainty",NA,NA,NA,NA,NA,NA,NA
"2023-10-27 04:00:00","PM2.5",707.0513,0,0,165.1584,0,59.6766,3.8758,0,0,NA,0,18.0356,0,0,0.6881,4.6976,0,0,1.018,NA,2.6631,NA,0,0,0,15.3081,NA,0,0,NA,NA,NA,NA,0,0,0,0,0,3.0184,0,NA,NA,NA,NA,NA,NA,NA,NA,NA,"E: Uncertainty",NA,NA,NA,NA,NA,NA,NA,NA,NA,"E: Uncertainty",NA,"E: Uncertainty",NA,NA,NA,NA,"E: Uncertainty",NA,NA,"E: Uncertainty","E: Uncertainty","E: Uncertainty","E: Uncertainty",NA,NA,NA,NA,NA,NA,NA
"2023-10-27 05:00:00","PM10",NA,0,0,183.3703,52.7172,55.977,10.8585,NA,0,0.003,0,34.8863,0,0,1.4664,5.3453,0,0,0.8839,NA,2.8799,NA,0,0,0,22.948,NA,0,0,NA,0,NA,NA,0,0,0,0,0,1.0262,0,"E: Uncertainty",NA,NA,NA,NA,NA,NA,"E: Uncertainty",NA,NA,NA,NA,NA,NA,NA,NA,NA,NA,NA,"E: Uncertainty",NA,"E: Uncertainty",NA,NA,NA,NA,"E: Uncertainty",NA,NA,"E: Uncertainty",NA,"E: Uncertainty","E: Uncertainty",NA,NA,NA,NA,NA,NA,NA
"2023-10-27 06:00:00","PM2.5",NA,0,NA,152.0226,NA,52.5836,4.9411,0,NA,0,0,25.4952,0,0,1.2385,5.5972,0,0,1.0593,NA,2.0362,0,0,0,0,17.5379,0,NA,0,0,NA,0,0,0,0,0,0,0,NA,0,"E: Uncertainty",NA,"E: Uncertainty",NA,"E: Uncertainty",NA,NA,NA,"E: Uncertainty",NA,NA,NA,NA,NA,NA,NA,NA,NA,NA,"E: Uncertainty",NA,NA,NA,NA,NA,NA,NA,"E: Uncertainty",NA,NA,"E: Uncertainty",NA,NA,NA,NA,NA,NA,NA,"E: Uncertainty",NA
"2023-10-27 07:00:00","PM10",600.5682,0,0,195.2099,621.2605,49.8214,43.174,0,0,NA,0.0062,60.1971,NA,0,2.2955,16.0535,0,0,0.9752,0,3.7763,0,0,0,0,15.1874,NA,NA,0,NA,NA,NA,0,0,0,0,0,0,0,0,NA,NA,NA,NA,NA,NA,NA,NA,NA,"E: Uncertainty",NA,NA,"E: Uncertainty",NA,NA,NA,NA,NA,NA,NA,NA,NA,NA,NA,NA,NA,"E: Uncertainty","E: Uncertainty",NA,"E: Uncertainty","E: Uncertainty","E: Uncertainty",NA,NA,NA,NA,NA,NA,NA,NA
"2023-10-27 08:00:00","PM2.5",0,0,0,211.8743,203.8254,44.7975,17.2172,NA,NA,NA,NA,43.8736,0,0,1.4985,18.0817,0.0046,0,0.4776,0,5.2492,NA,0,0,0,13.1079,0,0,0,NA,0,NA,0,0,0,0,0,0,3.3563,0,NA,NA,NA,NA,NA,NA,NA,"E: Uncertainty","E: Uncertainty","E: Uncertainty","E: Uncertainty",NA,NA,NA,NA,NA,NA,NA,NA,NA,NA,"E: Uncertainty",NA,NA,NA,NA,NA,NA,NA,"E: Uncertainty",NA,"E: Uncertainty",NA,NA,NA,NA,NA,NA,NA,NA
"2023-10-27 09:00:00","PM10",NA,0,0,220.8602,1144.6087,64.9127,77.9171,1.0872,0,NA,NA,75.1826,NA,NA,2.1793,8.0869,0,0,0.7945,NA,5.0012,NA,0,0,0,12.9937,NA,NA,0,NA,0,0,NA,0,0,0,0,0,1.227,0,"E: Uncertainty",NA,NA,NA,NA,NA,NA,NA,NA,"E: Uncertainty","E: Uncertainty",NA,"E: Uncertainty","E: Uncertainty",NA,NA,NA,NA,NA,"E: Uncertainty",NA,"E: Uncertainty",NA,NA,NA,NA,"E: Uncertainty","E: Uncertainty",NA,"E: Uncertainty",NA,NA,"E: Uncertainty",NA,NA,NA,NA,NA,NA,NA
"2023-10-27 10:00:00","PM2.5",5.1438,0,0,174.0838,332.6229,35.2067,21.6775,NA,NA,0,0,37.4197,0,0,1.7132,3.0443,NA,0,1.1353,0,4.2486,NA,0,0,0,11.2729,NA,0,0,0,NA,NA,0,0,0,0,0,0,NA,0,NA,NA,NA,NA,NA,NA,NA,"E: Uncertainty","E: Uncertainty",NA,NA,NA,NA,NA,NA,NA,"E: Uncertainty",NA,NA,NA,NA,"E: Uncertainty",NA,NA,NA,NA,"E: Uncertainty",NA,NA,NA,"E: Uncertainty","E: Uncertainty",NA,NA,NA,NA,NA,NA,"E: Uncertainty",NA
"2023-10-27 11:00:00","PM10",NA,0,0,195.9511,996.8785,54.4337,82.8109,1.9727,NA,NA,0.0034,82.5085,NA,NA,3.2026,4.0049,0,0,0.4653,0,3.0485,NA,0,0,0,14.4495,0,NA,0,0,NA,0,NA,0,0,0,0,0,1.2659,0,"E: Uncertainty",NA,NA,NA,NA,NA,NA,NA,"E: Uncertainty","E: Uncertainty",NA,NA,"E: Uncertainty","E: Uncertainty",NA,NA,NA,NA,NA,NA,NA,"E: Uncertainty",NA,NA,NA,NA,NA,"E: Uncertainty",NA,NA,"E: Uncertainty",NA,"E: Uncertainty",NA,NA,NA,NA,NA,NA,NA
"2023-10-27 12:00:00","PM2.5",NA,0,0,236.3925,424.886,50.8206,41.7302,1.3944,0,0.0062,0,46.9865,NA,0,2.3998,8.0904,0,0,2.8296,NA,2.1651,NA,0,0,0,20.8042,NA,NA,0,0,NA,NA,NA,0,0,0,0,0,6.5278,0,"E: Uncertainty",NA,NA,NA,NA,NA,NA,NA,NA,NA,NA,NA,"E: Uncertainty",NA,NA,NA,NA,NA,NA,"E: Uncertainty",NA,"E: Uncertainty",NA,NA,NA,NA,"E: Uncertainty","E: Uncertainty",NA,NA,"E: Uncertainty","E: Uncertainty","E: Uncertainty",NA,NA,NA,NA,NA,NA,NA
"2023-10-27 13:00:00","PM10",682.5504,0.8194,0,166.8937,703.3581,57.9949,126.1315,2.917,0,NA,NA,97.9662,0,NA,2.1061,6.3967,0,0,1.7235,0,1.9642,NA,0,NA,0,12.3934,0,0,0,0,0,0,NA,0,0,0,0,0,1.469,0,NA,NA,NA,NA,NA,NA,NA,NA,NA,"E: Uncertainty","E: Uncertainty",NA,NA,"E: Uncertainty",NA,NA,NA,NA,NA,NA,NA,"E: Uncertainty",NA,"E: Uncertainty",NA,NA,NA,NA,NA,NA,NA,NA,"E: Uncertainty",NA,NA,NA,NA,NA,NA,NA
"2023-10-27 14:00:00","PM2.5",NA,0,0,107.6528,337.9029,30.8936,42.1503,NA,0,NA,0,54.7717,0,0,1.4193,4.053,0,0,0.4577,NA,0.9246,NA,0,0,0,8.8381,NA,0,0,0,NA,0,NA,0,0,NA,5e-04,0,NA,0,"E: Uncertainty",NA,NA,NA,NA,NA,NA,"E: Uncertainty",NA,"E: Uncertainty",NA,NA,NA,NA,NA,NA,NA,NA,NA,"E: Uncertainty",NA,"E: Uncertainty",NA,NA,NA,NA,"E: Uncertainty",NA,NA,NA,"E: Uncertainty",NA,"E: Uncertainty",NA,NA,"E: Uncertainty",NA,NA,"E: Uncertainty",NA
"2023-10-27 15:00:00","PM10",NA,0,0,111.7219,683.6235,54.316,119.5014,4.0435,0,NA,NA,169.0239,0,0,3.7664,7.5457,0,0,0,NA,1.4802,NA,0,0,0,16.2408,0,NA,0,NA,0,NA,NA,0,0,0,0,0,2.7923,0,"E: Uncertainty",NA,NA,NA,NA,NA,NA,NA,NA,"E: Uncertainty","E: Uncertainty",NA,NA,NA,NA,NA,NA,NA,NA,"E: Uncertainty",NA,"E: Uncertainty",NA,NA,NA,NA,NA,"E: Uncertainty",NA,"E: Uncertainty",NA,"E: Uncertainty","E: Uncertainty",NA,NA,NA,NA,NA,NA,NA
"2023-10-27 16:00:00","PM2.5",NA,0,0,115.2776,190.7684,43.5615,34.7815,1.3374,0,NA,0,122.2685,0,0,3.5611,4.2763,0,0,1.1502,0,NA,NA,0,0,0,18.9027,NA,0,0,0,0,NA,NA,0,0,0,0,0,13.7587,0,"E: Uncertainty",NA,NA,NA,NA,NA,NA,NA,NA,"E: Uncertainty",NA,NA,NA,NA,NA,NA,NA,NA,NA,NA,"E: Uncertainty","E: Uncertainty",NA,NA,NA,NA,"E: Uncertainty",NA,NA,NA,NA,"E: Uncertainty","E: Uncertainty",NA,NA,NA,NA,NA,NA,NA
"2023-10-27 17:00:00","PM10",NA,0,0,120.1801,374.7844,77.1111,106.1165,3.436,0,NA,1.2896,346.1614,NA,0,7.2493,10.7837,0,0,4.0065,0,0.8893,NA,0,NA,0,9.3331,NA,NA,NA,NA,NA,0,5.6389,0,0,0,0,0,28.7181,0,"E: Uncertainty",NA,NA,NA,NA,NA,NA,NA,NA,"E: Uncertainty",NA,NA,"E: Uncertainty",NA,NA,NA,NA,NA,NA,NA,NA,"E: Uncertainty",NA,"E: Uncertainty",NA,NA,"E: Uncertainty","E: Uncertainty","E: Uncertainty","E: Uncertainty","E: Uncertainty",NA,NA,NA,NA,NA,NA,NA,NA,NA
"2023-10-27 18:00:00","PM2.5",NA,0,0,93.2793,127.4718,132.2428,52.351,2.2102,0,NA,0,162.4406,0,0,4.9196,7.5856,0,0,1.4236,NA,1.0385,6.422,0,0,0,NA,NA,NA,0,0,NA,0,6.4283,0,0,0,0,0,4.4777,0,"E: Uncertainty",NA,NA,NA,NA,NA,NA,NA,NA,"E: Uncertainty",NA,NA,NA,NA,NA,NA,NA,NA,NA,"E: Uncertainty",NA,NA,NA,NA,NA,"E: Uncertainty","E: Uncertainty","E: Uncertainty",NA,NA,"E: Uncertainty",NA,NA,NA,NA,NA,NA,NA,NA,NA
"2023-10-27 19:00:00","PM10",NA,0,0,77.9632,283.0376,96.3517,124.6203,1.9314,NA,NA,NA,301.8666,0,NA,6.4773,8.8947,0,0,1.4928,0,1.0703,NA,0,NA,0,12.3446,0,NA,0,NA,NA,NA,7.2308,0,0,0,0,0,0.7987,0,"E: Uncertainty",NA,NA,NA,NA,NA,NA,NA,"E: Uncertainty","E: Uncertainty","E: Uncertainty",NA,NA,"E: Uncertainty",NA,NA,NA,NA,NA,NA,NA,"E: Uncertainty",NA,"E: Uncertainty",NA,NA,NA,"E: Uncertainty",NA,"E: Uncertainty","E: Uncertainty","E: Uncertainty",NA,NA,NA,NA,NA,NA,NA,NA
"2023-10-27 20:00:00","PM2.5",1018.6323,0,NA,75.1068,26.197,71.9361,21.0781,1.188,0,0.9354,2.4755,465.1978,0,0,11.2914,7.6368,0,0,1.8647,0,0.6438,NA,0,0,0,11.0437,0,0,0,0,NA,NA,5.7256,0,0,0,0,0,1.7124,0,NA,NA,"E: Uncertainty",NA,NA,NA,NA,NA,NA,NA,NA,NA,NA,NA,NA,NA,NA,NA,NA,NA,NA,"E: Uncertainty",NA,NA,NA,NA,NA,NA,NA,NA,"E: Uncertainty","E: Uncertainty",NA,NA,NA,NA,NA,NA,NA,NA
"2023-10-27 21:00:00","PM10",NA,0,0,117.2967,246.4708,184.0571,72.0429,3.1487,0,0.8952,2.3592,487.6933,NA,0,14.0661,10.1752,0,0,3.2952,0,1.0121,NA,0,NA,0,0,0,NA,0,NA,NA,NA,13.0771,0,0,0,0,0,0,NA,"E: Uncertainty",NA,NA,NA,NA,NA,NA,NA,NA,NA,NA,NA,"E: Uncertainty",NA,NA,NA,NA,NA,NA,NA,NA,"E: Uncertainty",NA,"E: Uncertainty",NA,NA,NA,"E: Uncertainty",NA,"E: Uncertainty","E: Uncertainty","E: Uncertainty",NA,NA,NA,NA,NA,NA,NA,"E: Uncertainty"
"2023-10-27 22:00:00","PM2.5",712.5303,0,0,64.5821,65.3944,95.9595,18.0464,1.1164,0,NA,NA,213.072,0,0,8.3136,4.5233,0,0,1.6433,0,NA,NA,0,0,0,14.9554,NA,NA,0,NA,NA,0,6.5282,0,0,0,0,0,1.7928,0,NA,NA,NA,NA,NA,NA,NA,NA,NA,"E: Uncertainty","E: Uncertainty",NA,NA,NA,NA,NA,NA,NA,NA,NA,"E: Uncertainty","E: Uncertainty",NA,NA,NA,NA,"E: Uncertainty","E: Uncertainty",NA,"E: Uncertainty","E: Uncertainty",NA,NA,NA,NA,NA,NA,NA,NA,NA
"2023-10-27 23:00:00","PM10",NA,0,0,86.3184,444.6658,95.2745,43.5505,1.6468,0,0,NA,192.9692,0,NA,6.4322,4.1861,0,0,1.9749,0,1.1372,2.1783,0,0,0,24.5385,NA,NA,0,NA,NA,NA,5.76,0,0,0,0,0,NA,0,"E: Uncertainty",NA,NA,NA,NA,NA,NA,NA,NA,NA,"E: Uncertainty",NA,NA,"E: Uncertainty",NA,NA,NA,NA,NA,NA,NA,NA,NA,NA,NA,NA,"E: Uncertainty","E: Uncertainty",NA,"E: Uncertainty","E: Uncertainty","E: Uncertainty",NA,NA,NA,NA,NA,NA,"E: Uncertainty",NA
"2023-10-28 00:30:00","PM2.5",NA,0,0,79.5899,39.5966,68.9051,10.5052,0,NA,0,0,69.6045,NA,0,1.8842,5.0976,0,0,NA,NA,NA,NA,0,0,0,20.0151,NA,0,0,0,NA,NA,NA,0,0,0,0,0,2.0901,0,"E: Uncertainty",NA,NA,NA,NA,NA,NA,NA,"E: Uncertainty",NA,NA,NA,"E: Uncertainty",NA,NA,NA,NA,NA,"E: Uncertainty","E: Uncertainty","E: Uncertainty","E: Uncertainty",NA,NA,NA,NA,"E: Uncertainty",NA,NA,NA,"E: Uncertainty","E: Uncertainty","E: Uncertainty",NA,NA,NA,NA,NA,NA,NA
"2023-10-28 01:00:00","PM10",NA,0,0,139.1239,333.672,78.0223,41.9927,1.0625,NA,NA,0,94.3329,0,0,3.0108,6.6881,0,0,0.9683,0,2.8559,NA,0,0,0,9.4599,NA,NA,0,0,NA,NA,NA,0,0,0,0,0,3.5841,0,"E: Uncertainty",NA,NA,NA,NA,NA,NA,NA,"E: Uncertainty","E: Uncertainty",NA,NA,NA,NA,NA,NA,NA,NA,NA,NA,NA,"E: Uncertainty",NA,NA,NA,NA,"E: Uncertainty","E: Uncertainty",NA,NA,"E: Uncertainty","E: Uncertainty","E: Uncertainty",NA,NA,NA,NA,NA,NA,NA
"2023-10-28 02:00:00","PM2.5",NA,0,0,142.8595,73.8205,53.619,8.746,NA,0,0,0,33.0467,0,NA,1.916,4.6279,0,0,0.8617,0,2.2106,0,0,0,0,NA,NA,NA,0,NA,NA,NA,NA,0,0,0,0,0,4.4505,0,"E: Uncertainty",NA,NA,NA,NA,NA,NA,"E: Uncertainty",NA,NA,NA,NA,NA,"E: Uncertainty",NA,NA,NA,NA,NA,NA,NA,NA,NA,NA,NA,"E: Uncertainty","E: Uncertainty","E: Uncertainty",NA,"E: Uncertainty","E: Uncertainty","E: Uncertainty","E: Uncertainty",NA,NA,NA,NA,NA,NA,NA
"2023-10-28 03:00:00","PM10",NA,0,NA,206.7238,770.3407,72.4017,37.4108,NA,NA,0,NA,32.8492,0,0,1.4564,3.2464,0,0,0.546,0,3.3091,NA,0,0,0,11.9684,NA,NA,0,NA,0,0,0,0,NA,0,0,0,2.9431,0,"E: Uncertainty",NA,"E: Uncertainty",NA,NA,NA,NA,"E: Uncertainty","E: Uncertainty",NA,"E: Uncertainty",NA,NA,NA,NA,NA,NA,NA,NA,NA,NA,"E: Uncertainty",NA,NA,NA,NA,"E: Uncertainty","E: Uncertainty",NA,"E: Uncertainty",NA,NA,NA,NA,"E: Uncertainty",NA,NA,NA,NA,NA
"2023-10-28 04:00:00","PM2.5",880.0517,0,0,154.4766,199.6664,34.0266,11.8941,0,NA,0,0,12.8496,0,NA,0.6525,1.7288,0,0,1.1435,0,1.78,NA,0,0,0,NA,0,NA,0,NA,NA,0,0,0,NA,0,0,0,0,0,NA,NA,NA,NA,NA,NA,NA,NA,"E: Uncertainty",NA,NA,NA,NA,"E: Uncertainty",NA,NA,NA,NA,NA,NA,NA,"E: Uncertainty",NA,NA,NA,"E: Uncertainty",NA,"E: Uncertainty",NA,"E: Uncertainty","E: Uncertainty",NA,NA,NA,"E: Uncertainty",NA,NA,NA,NA,NA
"2023-10-28 05:00:00","PM10",692.1258,0,0,172.2551,729.0541,60.1463,34.9447,NA,0,NA,0,28.7926,NA,0,0.9619,7.4256,0,0,1.2285,0,2.5729,NA,0,0,0,9.5132,0,NA,0,NA,NA,NA,NA,0,0,0,0,0,NA,0,NA,NA,NA,NA,NA,NA,NA,"E: Uncertainty",NA,"E: Uncertainty",NA,NA,"E: Uncertainty",NA,NA,NA,NA,NA,NA,NA,NA,"E: Uncertainty",NA,NA,NA,NA,NA,"E: Uncertainty",NA,"E: Uncertainty","E: Uncertainty","E: Uncertainty","E: Uncertainty",NA,NA,NA,NA,NA,"E: Uncertainty",NA
"2023-10-28 06:00:00","PM2.5",685.8157,0,0,140.3403,205.4839,26.4626,12.0092,NA,0,0,0,18.9089,NA,0,NA,0.8451,0,0,0.741,0,1.2206,NA,NA,0,0,NA,0,NA,0,0,0,NA,0,0,0,0,0,0,0,0,NA,NA,NA,NA,NA,NA,NA,"E: Uncertainty",NA,NA,NA,NA,"E: Uncertainty",NA,"E: Uncertainty",NA,NA,NA,NA,NA,NA,"E: Uncertainty","E: Uncertainty",NA,NA,"E: Uncertainty",NA,"E: Uncertainty",NA,NA,NA,"E: Uncertainty",NA,NA,NA,NA,NA,NA,NA,NA
"2023-10-28 07:00:00","PM10",NA,0,0,151.4045,851.9853,53.6138,50.6816,0,0,0,NA,44.2501,0,NA,1.0389,1.3257,0,0,0.6282,0,2.4066,NA,0,NA,0,9.9026,NA,NA,0,NA,NA,NA,0,0,0,0,0,0,NA,0,"E: Uncertainty",NA,NA,NA,NA,NA,NA,NA,NA,NA,"E: Uncertainty",NA,NA,"E: Uncertainty",NA,NA,NA,NA,NA,NA,NA,"E: Uncertainty",NA,"E: Uncertainty",NA,NA,"E: Uncertainty","E: Uncertainty",NA,"E: Uncertainty","E: Uncertainty","E: Uncertainty",NA,NA,NA,NA,NA,NA,"E: Uncertainty",NA
"2023-10-28 08:00:00","PM2.5",619.5233,0,0,98.4293,374.2511,29.4086,63.0307,0,0,0,0,27.5975,NA,0,1.0994,1.9187,0,0,0,0,0.9597,NA,0,0,0,0,0,NA,0,NA,0,NA,NA,0,NA,0,0,0,1.2526,0,NA,NA,NA,NA,NA,NA,NA,NA,NA,NA,NA,NA,"E: Uncertainty",NA,NA,NA,NA,NA,NA,NA,NA,"E: Uncertainty",NA,NA,NA,NA,NA,"E: Uncertainty",NA,"E: Uncertainty",NA,"E: Uncertainty","E: Uncertainty",NA,"E: Uncertainty",NA,NA,NA,NA,NA
"2023-10-28 09:00:00","PM10",NA,0,0,142.5314,1447.4976,46.5076,113.0846,1.123,0,0.0084,0,67.1548,NA,0,2.0565,1.2411,NA,0,0.4403,NA,3.69,NA,0,0,0,NA,NA,0,0,0,NA,NA,0,0,0,0,NA,0,0,0,"E: Uncertainty",NA,NA,NA,NA,NA,NA,NA,NA,NA,NA,NA,"E: Uncertainty",NA,NA,NA,"E: Uncertainty",NA,NA,"E: Uncertainty",NA,"E: Uncertainty",NA,NA,NA,"E: Uncertainty","E: Uncertainty",NA,NA,NA,"E: Uncertainty","E: Uncertainty",NA,NA,NA,NA,"E: Uncertainty",NA,NA,NA
"2023-10-28 10:00:00","PM2.5",908.2263,0,0,105.767,935.7437,35.4829,31.9816,NA,0,0,0,32.8033,NA,0,1.2861,1.2141,0,0,0,0,2.4195,NA,0,0,0,16.7911,NA,NA,0,0,NA,NA,0,NA,0,0,0,0,NA,0,NA,NA,NA,NA,NA,NA,NA,"E: Uncertainty",NA,NA,NA,NA,"E: Uncertainty",NA,NA,NA,NA,NA,NA,NA,NA,"E: Uncertainty",NA,NA,NA,NA,"E: Uncertainty","E: Uncertainty",NA,NA,"E: Uncertainty","E: Uncertainty",NA,"E: Uncertainty",NA,NA,NA,NA,"E: Uncertainty",NA
"2023-10-28 11:00:00","PM10",NA,0,0.4182,177.5762,2523.3538,73.0359,88.3492,1.318,0,NA,0,56.4123,0,0,1.6947,3.471,0,0,NA,0,5.7035,NA,0,0,0,9.6637,NA,NA,0,0.1423,0,NA,NA,0,0,0,0,0,1.6039,0,"E: Uncertainty",NA,NA,NA,NA,NA,NA,NA,NA,"E: Uncertainty",NA,NA,NA,NA,NA,NA,NA,NA,"E: Uncertainty",NA,NA,"E: Uncertainty",NA,NA,NA,NA,"E: Uncertainty","E: Uncertainty",NA,NA,NA,"E: Uncertainty","E: Uncertainty",NA,NA,NA,NA,NA,NA,NA
"2023-10-28 12:00:00","PM2.5",NA,0,NA,146.3164,1933.9572,47.9155,59.71,0,0,0,0,23.947,0,0,0.7202,0.5359,0,0,0,0,3.0053,1.7131,0,0,0,NA,NA,0,0,0,NA,NA,0,0,0,0,0,0,NA,0,"E: Uncertainty",NA,"E: Uncertainty",NA,NA,NA,NA,NA,NA,NA,NA,NA,NA,NA,NA,NA,NA,NA,NA,NA,NA,NA,NA,NA,NA,"E: Uncertainty","E: Uncertainty",NA,NA,NA,"E: Uncertainty","E: Uncertainty",NA,NA,NA,NA,NA,NA,"E: Uncertainty",NA
"2023-10-28 13:00:00","PM10",NA,0,0,272.7019,4585.4272,108.1762,156.5688,1.4057,0,NA,0,41.5313,0,0,1.0148,1.5169,0,0,NA,NA,7.6372,NA,0,0,0,NA,NA,0,0,NA,NA,NA,0,0,0,0,0,0,0,0,"E: Uncertainty",NA,NA,NA,NA,NA,NA,NA,NA,"E: Uncertainty",NA,NA,NA,NA,NA,NA,NA,NA,"E: Uncertainty","E: Uncertainty",NA,"E: Uncertainty",NA,NA,NA,"E: Uncertainty","E: Uncertainty",NA,NA,"E: Uncertainty","E: Uncertainty","E: Uncertainty",NA,NA,NA,NA,NA,NA,NA,NA
"2023-10-28 14:00:00","PM2.5",800.7118,0,0,196.1938,2756.5555,62.7947,86.6142,0,0,NA,0,27.4441,0,NA,0.7466,0.9583,NA,0,0,NA,4.7308,1.681,0,0,0,NA,NA,NA,0,NA,NA,NA,0,0,0,0,0,0,0.8661,0,NA,NA,NA,NA,NA,NA,NA,NA,NA,"E: Uncertainty",NA,NA,NA,"E: Uncertainty",NA,NA,"E: Uncertainty",NA,NA,"E: Uncertainty",NA,NA,NA,NA,NA,"E: Uncertainty","E: Uncertainty","E: Uncertainty",NA,"E: Uncertainty","E: Uncertainty","E: Uncertainty",NA,NA,NA,NA,NA,NA,NA,NA
"2023-10-28 15:00:00","PM10",1158.7392,0,0,348.2914,5005.9144,121.0946,156.189,1.1492,NA,NA,NA,87.4855,NA,NA,1.9041,2.3509,0,0,NA,NA,7.5746,1.963,0,0,0,NA,NA,NA,0,NA,NA,NA,NA,0,0,0,NA,0,NA,0,NA,NA,NA,NA,NA,NA,NA,NA,"E: Uncertainty","E: Uncertainty","E: Uncertainty",NA,"E: Uncertainty","E: Uncertainty",NA,NA,NA,NA,"E: Uncertainty","E: Uncertainty",NA,NA,NA,NA,NA,"E: Uncertainty","E: Uncertainty","E: Uncertainty",NA,"E: Uncertainty","E: Uncertainty","E: Uncertainty","E: Uncertainty",NA,NA,NA,"E: Uncertainty",NA,"E: Uncertainty",NA
"2023-10-28 16:00:00","PM2.5",NA,0,0,197.966,2070.1314,66.6258,69.7539,NA,0,NA,0,47.7564,0.0115,0,1.6261,2.5411,0,0,0.4834,0,3.6638,NA,0,0,0,NA,NA,NA,0,0,NA,NA,NA,0,NA,0,0,0,NA,0,"E: Uncertainty",NA,NA,NA,NA,NA,NA,"E: Uncertainty",NA,"E: Uncertainty",NA,NA,NA,NA,NA,NA,NA,NA,NA,NA,NA,"E: Uncertainty",NA,NA,NA,"E: Uncertainty","E: Uncertainty","E: Uncertainty",NA,NA,"E: Uncertainty","E: Uncertainty","E: Uncertainty",NA,"E: Uncertainty",NA,NA,NA,"E: Uncertainty",NA
"2023-10-28 17:00:00","PM10",NA,0,NA,279.0056,2998.2404,122.8137,114.0931,1.0599,NA,0.0063,NA,101.8802,0,0,3.0891,4.0897,0,0,1.2212,NA,4.8063,1.8054,0,0,0,NA,NA,0,0,NA,NA,NA,NA,0,0,0,0,0,1.3839,0,"E: Uncertainty",NA,"E: Uncertainty",NA,NA,NA,NA,NA,"E: Uncertainty",NA,"E: Uncertainty",NA,NA,NA,NA,NA,NA,NA,NA,"E: Uncertainty",NA,NA,NA,NA,NA,"E: Uncertainty","E: Uncertainty",NA,NA,"E: Uncertainty","E: Uncertainty","E: Uncertainty","E: Uncertainty",NA,NA,NA,NA,NA,NA,NA
"2023-10-28 18:00:00","PM2.5",814.7969,0,0,139.5939,507.7323,76.7891,31.0261,NA,0,NA,0,38.4718,0,0,2.2788,3.0009,0,0,1.1118,0,2.4084,NA,0,0,0,NA,NA,NA,0,0,NA,0,NA,0,0,0,0,0,NA,0,NA,NA,NA,NA,NA,NA,NA,"E: Uncertainty",NA,"E: Uncertainty",NA,NA,NA,NA,NA,NA,NA,NA,NA,NA,NA,"E: Uncertainty",NA,NA,NA,"E: Uncertainty","E: Uncertainty","E: Uncertainty",NA,NA,"E: Uncertainty",NA,"E: Uncertainty",NA,NA,NA,NA,NA,"E: Uncertainty",NA
"2023-10-28 19:00:00","PM10",NA,0,NA,109.9658,257.7321,111.7554,22.9777,1.6085,0,NA,0,66.1621,NA,0,4.5855,2.6348,0,0,0.6788,NA,1.0177,2.8851,0,0,0,11.021,0,NA,0,0,NA,NA,4.347,0,0,0,0,0,NA,NA,"E: Uncertainty",NA,"E: Uncertainty",NA,NA,NA,NA,NA,NA,"E: Uncertainty",NA,NA,"E: Uncertainty",NA,NA,NA,NA,NA,NA,"E: Uncertainty",NA,NA,NA,NA,NA,NA,NA,"E: Uncertainty",NA,NA,"E: Uncertainty","E: Uncertainty",NA,NA,NA,NA,NA,NA,"E: Uncertainty","E: Uncertainty"
"2023-10-28 20:00:00","PM2.5",NA,0,NA,72.7138,60.6607,59.0428,8.7893,0,0,0,0,24.2414,0,NA,2.1627,2.6691,0,0,0.8742,NA,NA,NA,0,0,0,17.1825,0,NA,0,0,NA,0,NA,0,0,0,0,0,NA,0,"E: Uncertainty",NA,"E: Uncertainty",NA,NA,NA,NA,NA,NA,NA,NA,NA,NA,"E: Uncertainty",NA,NA,NA,NA,NA,"E: Uncertainty","E: Uncertainty","E: Uncertainty",NA,NA,NA,NA,NA,"E: Uncertainty",NA,NA,"E: Uncertainty",NA,"E: Uncertainty",NA,NA,NA,NA,NA,"E: Uncertainty",NA
"2023-10-28 21:00:00","PM10",NA,0,NA,42.8669,92.6063,65.7708,14.5041,NA,0,0,0,43.7025,0,0,1.5326,2.3254,NA,0,1.1239,0,NA,NA,0,0,0,10.9699,0,0,0,0,NA,NA,NA,0,0,0,0,0,0,0,"E: Uncertainty",NA,"E: Uncertainty",NA,NA,NA,NA,"E: Uncertainty",NA,NA,NA,NA,NA,NA,NA,NA,"E: Uncertainty",NA,NA,NA,"E: Uncertainty","E: Uncertainty",NA,NA,NA,NA,NA,NA,NA,NA,"E: Uncertainty","E: Uncertainty","E: Uncertainty",NA,NA,NA,NA,NA,NA,NA
"2023-10-28 22:00:00","PM2.5",NA,0,0,39.0099,19.9129,37.396,4.9227,NA,0,NA,0,47.6657,0,0,4.1328,1.1179,0,0,0.4914,0,NA,NA,0,NA,0,22.2378,NA,NA,0,NA,NA,0,NA,0,0,0,0,0,NA,0,"E: Uncertainty",NA,NA,NA,NA,NA,NA,"E: Uncertainty",NA,"E: Uncertainty",NA,NA,NA,NA,NA,NA,NA,NA,NA,NA,"E: Uncertainty","E: Uncertainty",NA,"E: Uncertainty",NA,NA,"E: Uncertainty","E: Uncertainty",NA,"E: Uncertainty","E: Uncertainty",NA,"E: Uncertainty",NA,NA,NA,NA,NA,"E: Uncertainty",NA
"2023-10-28 23:00:00","PM10",NA,NA,0,53.5646,238.5762,59.1915,61.0415,3.3065,0,0,0,53.802,0,0,2.1445,4.6024,0,0,1.0186,NA,1.3352,NA,0,NA,0,20.7821,NA,0,NA,NA,NA,NA,NA,0,NA,0,0,0,0,0,"E: Uncertainty","E: Uncertainty",NA,NA,NA,NA,NA,NA,NA,NA,NA,NA,NA,NA,NA,NA,NA,NA,NA,"E: Uncertainty",NA,"E: Uncertainty",NA,"E: Uncertainty",NA,NA,"E: Uncertainty",NA,"E: Uncertainty","E: Uncertainty","E: Uncertainty","E: Uncertainty","E: Uncertainty",NA,"E: Uncertainty",NA,NA,NA,NA,NA
"2023-10-29 00:30:00","PM2.5",0,0,NA,93.0921,188.1799,59.7711,10.6256,NA,0,NA,0,13.6689,0,0,1.5089,6.9047,0,0,NA,0,NA,NA,0,0,0,20.0874,0,NA,0,NA,NA,0,0,0,0,0,0,0,0,0,NA,NA,"E: Uncertainty",NA,NA,NA,NA,"E: Uncertainty",NA,"E: Uncertainty",NA,NA,NA,NA,NA,NA,NA,NA,"E: Uncertainty",NA,"E: Uncertainty","E: Uncertainty",NA,NA,NA,NA,NA,"E: Uncertainty",NA,"E: Uncertainty","E: Uncertainty",NA,NA,NA,NA,NA,NA,NA,NA,NA
"2023-10-29 01:00:00","PM10",NA,0,0,120.0957,802.614,83.7136,65.505,NA,NA,0,0,23.382,0,NA,1.1037,8.2661,0,0,0.6812,0,2.467,1.9145,0,0,0,NA,NA,NA,0,NA,NA,0,NA,0,0,0,0,0,NA,0,"E: Uncertainty",NA,NA,NA,NA,NA,NA,"E: Uncertainty","E: Uncertainty",NA,NA,NA,NA,"E: Uncertainty",NA,NA,NA,NA,NA,NA,NA,NA,NA,NA,NA,"E: Uncertainty","E: Uncertainty","E: Uncertainty",NA,"E: Uncertainty","E: Uncertainty",NA,"E: Uncertainty",NA,NA,NA,NA,NA,"E: Uncertainty",NA
"2023-10-29 02:00:00","PM2.5",848.1158,0,0,112.2257,228.4795,37.2664,11.9715,NA,0,0,0,12.2232,0,NA,0.9649,16.2033,0,0,0.9752,0,0.8002,NA,0,0,0,10.8877,0,0,0,0,NA,NA,NA,0,NA,0,0,0,0,0,NA,NA,NA,NA,NA,NA,NA,"E: Uncertainty",NA,NA,NA,NA,NA,"E: Uncertainty",NA,NA,NA,NA,NA,NA,NA,"E: Uncertainty",NA,NA,NA,NA,NA,NA,NA,NA,"E: Uncertainty","E: Uncertainty","E: Uncertainty",NA,"E: Uncertainty",NA,NA,NA,NA,NA
"2023-10-29 03:00:00","PM10",NA,0,NA,187.0872,1130.8021,70.2829,37.9178,0,0,0,NA,24.9307,0,0,1.0571,27.7551,0,0,NA,0,2.793,NA,0,0,0,18.6002,0,0,0,NA,NA,NA,NA,0,0,0,0,0,2.3081,0,"E: Uncertainty",NA,"E: Uncertainty",NA,NA,NA,NA,NA,NA,NA,"E: Uncertainty",NA,NA,NA,NA,NA,NA,NA,"E: Uncertainty",NA,NA,"E: Uncertainty",NA,NA,NA,NA,NA,NA,NA,"E: Uncertainty","E: Uncertainty","E: Uncertainty","E: Uncertainty",NA,NA,NA,NA,NA,NA,NA
"2023-10-29 04:00:00","PM2.5",0,0,0,145.5228,378.8023,34.8218,14.2523,0,0,0,0,11.9612,0,NA,1.0114,18.6562,0,0,0.8041,0,1.7891,NA,0,0,0,NA,NA,0,0,NA,NA,NA,NA,0,0,0,0,0,NA,0,NA,NA,NA,NA,NA,NA,NA,NA,NA,NA,NA,NA,NA,"E: Uncertainty",NA,NA,NA,NA,NA,NA,NA,"E: Uncertainty",NA,NA,NA,"E: Uncertainty","E: Uncertainty",NA,NA,"E: Uncertainty","E: Uncertainty","E: Uncertainty","E: Uncertainty",NA,NA,NA,NA,NA,"E: Uncertainty",NA
"2023-10-29 05:00:00","PM10",NA,0,0,164.4319,1668.4251,74.9682,70.0357,0,NA,0,0,12.5244,0,NA,NA,3.7801,0,0,0,NA,2.631,NA,0,0,0,14.3372,NA,NA,0,NA,NA,0,0,0,0,0,0,0,NA,0,"E: Uncertainty",NA,NA,NA,NA,NA,NA,NA,"E: Uncertainty",NA,NA,NA,NA,"E: Uncertainty","E: Uncertainty",NA,NA,NA,NA,"E: Uncertainty",NA,"E: Uncertainty",NA,NA,NA,NA,"E: Uncertainty","E: Uncertainty",NA,"E: Uncertainty","E: Uncertainty",NA,NA,NA,NA,NA,NA,NA,"E: Uncertainty",NA
"2023-10-29 06:00:00","PM2.5",NA,0,0,88.21,505.4947,57.8123,16.7246,NA,0,0,0,7.1302,0,NA,0.5794,3.7294,0,0,NA,0,0.812,NA,0,0,0,NA,0,NA,0,0,0,NA,0,NA,0,0,0,0,0,0,"E: Uncertainty",NA,NA,NA,NA,NA,NA,"E: Uncertainty",NA,NA,NA,NA,NA,"E: Uncertainty",NA,NA,NA,NA,"E: Uncertainty",NA,NA,"E: Uncertainty",NA,NA,NA,"E: Uncertainty",NA,"E: Uncertainty",NA,NA,NA,"E: Uncertainty",NA,"E: Uncertainty",NA,NA,NA,NA,NA,NA
"2023-10-29 07:00:00","PM10",NA,0,0,97.3509,964.5442,64.1776,29.4646,0,0,0,0,16.2527,NA,NA,0.7288,1.4097,0,0,0,0,1.2147,NA,0,0,0,12.4423,NA,0,0,NA,0,NA,NA,0,0,0,0,0,1.1771,0,"E: Uncertainty",NA,NA,NA,NA,NA,NA,NA,NA,NA,NA,NA,"E: Uncertainty","E: Uncertainty",NA,NA,NA,NA,NA,NA,NA,"E: Uncertainty",NA,NA,NA,NA,"E: Uncertainty",NA,NA,"E: Uncertainty",NA,"E: Uncertainty","E: Uncertainty",NA,NA,NA,NA,NA,NA,NA
"2023-10-29 08:00:00","PM2.5",595.645,0,0,49.6093,516.979,32.958,17.596,0,0,0,0,10.3174,0,0,NA,1.1581,0,0,0,NA,0.9158,NA,0,0,0,NA,0,NA,0,NA,0,NA,0,0,NA,0,NA,0,1.2521,0,NA,NA,NA,NA,NA,NA,NA,NA,NA,NA,NA,NA,NA,NA,"E: Uncertainty",NA,NA,NA,NA,"E: Uncertainty",NA,"E: Uncertainty",NA,NA,NA,"E: Uncertainty",NA,"E: Uncertainty",NA,"E: Uncertainty",NA,"E: Uncertainty",NA,NA,"E: Uncertainty",NA,"E: Uncertainty",NA,NA,NA
"2023-10-29 09:00:00","PM10",NA,0,NA,123.9517,1855.8517,65.3929,56.3525,1.4114,0,0,0,26.0812,NA,NA,1.2938,1.1992,0,0,0,NA,2.9344,NA,0,NA,0,NA,NA,NA,0,0,NA,NA,0,0,0,0,0,0,NA,0,"E: Uncertainty",NA,"E: Uncertainty",NA,NA,NA,NA,NA,NA,NA,NA,NA,"E: Uncertainty","E: Uncertainty",NA,NA,NA,NA,NA,"E: Uncertainty",NA,"E: Uncertainty",NA,"E: Uncertainty",NA,"E: Uncertainty","E: Uncertainty","E: Uncertainty",NA,NA,"E: Uncertainty","E: Uncertainty",NA,NA,NA,NA,NA,NA,"E: Uncertainty",NA
"2023-10-29 10:00:00","PM2.5",NA,0,0,80.6183,1030.0314,36.9365,35.8187,NA,NA,0,0.0052,20.3014,NA,0,0.5443,2.763,0,0,0.4371,0,2.1296,NA,0,NA,0,NA,NA,NA,0,0,0,NA,NA,0,NA,0,0,0,3.2141,0,"E: Uncertainty",NA,NA,NA,NA,NA,NA,"E: Uncertainty","E: Uncertainty",NA,NA,NA,"E: Uncertainty",NA,NA,NA,NA,NA,NA,NA,NA,"E: Uncertainty",NA,"E: Uncertainty",NA,"E: Uncertainty","E: Uncertainty","E: Uncertainty",NA,NA,NA,"E: Uncertainty","E: Uncertainty",NA,"E: Uncertainty",NA,NA,NA,NA,NA
"2023-10-29 11:00:00","PM10",NA,0,0,182.3148,2944.1004,76.6926,100.4862,0,NA,NA,0,37.1878,0,NA,0.8597,1.5227,0.0068,0,NA,0,4.3743,NA,0,0,0,10.1878,NA,NA,0,NA,0,NA,0,0,0,0,0,0,NA,0,"E: Uncertainty",NA,NA,NA,NA,NA,NA,NA,"E: Uncertainty","E: Uncertainty",NA,NA,NA,"E: Uncertainty",NA,NA,NA,NA,"E: Uncertainty",NA,NA,"E: Uncertainty",NA,NA,NA,NA,"E: Uncertainty","E: Uncertainty",NA,"E: Uncertainty",NA,"E: Uncertainty",NA,NA,NA,NA,NA,NA,"E: Uncertainty",NA
"2023-10-29 12:00:00","PM2.5",NA,0,0,106.0593,1608.5708,43.0224,50.5983,NA,0,0,0,21.1628,NA,0,0.5725,1.1232,0,0,NA,3e-04,2.9151,NA,0,0,NA,11.8937,NA,NA,0,0,NA,NA,0,0,0,0,0,0,NA,0,"E: Uncertainty",NA,NA,NA,NA,NA,NA,"E: Uncertainty",NA,NA,NA,NA,"E: Uncertainty",NA,NA,NA,NA,NA,"E: Uncertainty",NA,NA,"E: Uncertainty",NA,NA,"E: Uncertainty",NA,"E: Uncertainty","E: Uncertainty",NA,NA,"E: Uncertainty","E: Uncertainty",NA,NA,NA,NA,NA,NA,"E: Uncertainty",NA
"2023-10-29 13:00:00","PM10",NA,0,0,210.4175,3103.4656,78.3822,109.2201,1.1277,0,0,0,58.1662,0,0,1.5691,1.6544,NA,0,NA,0,3.9557,NA,0,0,0,23.6943,NA,NA,0,0,0,0,0,0,0,0,0,0,0,0,"E: Uncertainty",NA,NA,NA,NA,NA,NA,NA,NA,NA,NA,NA,NA,NA,NA,NA,"E: Uncertainty",NA,"E: Uncertainty",NA,NA,"E: Uncertainty",NA,NA,NA,NA,"E: Uncertainty","E: Uncertainty",NA,NA,NA,NA,NA,NA,NA,NA,NA,NA,NA,NA
"2023-10-29 14:00:00","PM2.5",NA,0,0,117.956,1409.889,45.5432,42.326,NA,NA,0,0,20.524,0,NA,0.8034,0.8386,0,0,0,0,1.98,NA,0,0,0,NA,0,NA,0,NA,NA,NA,NA,0,0,NA,0,0,NA,NA,"E: Uncertainty",NA,NA,NA,NA,NA,NA,"E: Uncertainty","E: Uncertainty",NA,NA,NA,NA,"E: Uncertainty",NA,NA,NA,NA,NA,NA,NA,"E: Uncertainty",NA,NA,NA,"E: Uncertainty",NA,"E: Uncertainty",NA,"E: Uncertainty","E: Uncertainty","E: Uncertainty","E: Uncertainty",NA,NA,"E: Uncertainty",NA,NA,"E: Uncertainty","E: Uncertainty"
"2023-10-29 15:00:00","PM10",NA,0,0,165.2851,2226.5799,74.6473,75.5688,NA,0,NA,0,56.097,0,NA,1.6229,2.0307,0,0,0.4251,NA,5.4241,NA,0,0,0,9.7595,0,NA,0,NA,0,NA,0,0,0,0,0,0,0,0,"E: Uncertainty",NA,NA,NA,NA,NA,NA,"E: Uncertainty",NA,"E: Uncertainty",NA,NA,NA,"E: Uncertainty",NA,NA,NA,NA,NA,"E: Uncertainty",NA,"E: Uncertainty",NA,NA,NA,NA,NA,"E: Uncertainty",NA,"E: Uncertainty",NA,"E: Uncertainty",NA,NA,NA,NA,NA,NA,NA,NA
"2023-10-29 16:00:00","PM2.5",753.3992,0,NA,85.4662,722.2837,27.2578,27.7158,NA,0,0,0,29.9694,0,NA,1.0296,1.6702,0,0,0,0,1.2288,NA,0,0,0,NA,NA,NA,0,0,NA,0,0,0,0,0,0,0,0.7823,0,NA,NA,"E: Uncertainty",NA,NA,NA,NA,"E: Uncertainty",NA,NA,NA,NA,NA,"E: Uncertainty",NA,NA,NA,NA,NA,NA,NA,"E: Uncertainty",NA,NA,NA,"E: Uncertainty","E: Uncertainty","E: Uncertainty",NA,NA,"E: Uncertainty",NA,NA,NA,NA,NA,NA,NA,NA,NA
"2023-10-29 17:00:00","PM10",926.5782,0,0,138.9551,1999.2825,60.0412,79.179,6.4145,NA,0,NA,84.3004,0,0,2.549,1.8683,0,0,1.7766,NA,3.8184,NA,0,0,0,NA,0,NA,0,0,NA,0,0,0,0,0,0,0,0,0,NA,NA,NA,NA,NA,NA,NA,NA,"E: Uncertainty",NA,"E: Uncertainty",NA,NA,NA,NA,NA,NA,NA,NA,"E: Uncertainty",NA,"E: Uncertainty",NA,NA,NA,"E: Uncertainty",NA,"E: Uncertainty",NA,NA,"E: Uncertainty",NA,NA,NA,NA,NA,NA,NA,NA,NA
"2023-10-29 18:00:00","PM2.5",NA,0,0,105.8603,881.7063,82.9689,30.0698,NA,0,NA,0,48.0999,NA,NA,2.9979,2.3616,0,0,0.569,0,1.8818,1.6427,0,0,0,NA,0,NA,0,0,NA,NA,NA,0,0,0,0,0,NA,0,"E: Uncertainty",NA,NA,NA,NA,NA,NA,"E: Uncertainty",NA,"E: Uncertainty",NA,NA,"E: Uncertainty","E: Uncertainty",NA,NA,NA,NA,NA,NA,NA,NA,NA,NA,NA,"E: Uncertainty",NA,"E: Uncertainty",NA,NA,"E: Uncertainty","E: Uncertainty","E: Uncertainty",NA,NA,NA,NA,NA,"E: Uncertainty",NA
"2023-10-29 19:00:00","PM10",NA,0,0,217.2801,2424.845,213.5006,91.1643,3.7309,0,0,NA,111.8421,0,NA,8.0443,5.8011,0,0,1.7903,NA,5.1187,7.0924,0,0,0,11.9147,0,0,0,0,NA,0.0331,10.8301,0,0,0,0,0,2.7493,2.7723,"E: Uncertainty",NA,NA,NA,NA,NA,NA,NA,NA,NA,"E: Uncertainty",NA,NA,"E: Uncertainty",NA,NA,NA,NA,NA,"E: Uncertainty",NA,NA,NA,NA,NA,NA,NA,NA,NA,NA,"E: Uncertainty",NA,NA,NA,NA,NA,NA,NA,NA,NA
"2023-10-29 20:00:00","PM2.5",982.912,0,NA,186.8573,1519.8564,243.2606,39.1951,NA,0,NA,0,37.7725,0,NA,6.5936,25.8565,0,0,4.2383,0,4.7393,5.3169,0,0,0,NA,NA,0,0,NA,0,NA,8.9243,0,0,0,0,0,7.8399,2.5523,NA,NA,"E: Uncertainty",NA,NA,NA,NA,"E: Uncertainty",NA,"E: Uncertainty",NA,NA,NA,"E: Uncertainty",NA,NA,NA,NA,NA,NA,NA,NA,NA,NA,NA,"E: Uncertainty","E: Uncertainty",NA,NA,"E: Uncertainty",NA,"E: Uncertainty",NA,NA,NA,NA,NA,NA,NA,NA
"2023-10-29 21:00:00","PM10",719.57,0,0,263.3832,3568.4166,194.2726,112.1414,0,0,NA,0,48.1811,0,NA,2.9578,63.1084,0,0,4.3063,NA,8.8161,3.1807,0,NA,0,14.1984,NA,NA,0,NA,NA,NA,5.3889,0,0,0,0,0,18.1352,NA,NA,NA,NA,NA,NA,NA,NA,NA,NA,"E: Uncertainty",NA,NA,NA,"E: Uncertainty",NA,NA,NA,NA,NA,"E: Uncertainty",NA,NA,NA,"E: Uncertainty",NA,NA,"E: Uncertainty","E: Uncertainty",NA,"E: Uncertainty","E: Uncertainty","E: Uncertainty",NA,NA,NA,NA,NA,NA,NA,"E: Uncertainty"
"2023-10-29 22:00:00","PM2.5",NA,0,0,134.9879,1369.974,84.0078,39.6267,NA,NA,NA,0,19.9436,NA,0,1.8325,39.5853,0,0,2.4238,0,2.2318,NA,0,0,0,17.3159,NA,NA,0,NA,NA,NA,0,0,0,0,0,0,23.5644,0,"E: Uncertainty",NA,NA,NA,NA,NA,NA,"E: Uncertainty","E: Uncertainty","E: Uncertainty",NA,NA,"E: Uncertainty",NA,NA,NA,NA,NA,NA,NA,NA,"E: Uncertainty",NA,NA,NA,NA,"E: Uncertainty","E: Uncertainty",NA,"E: Uncertainty","E: Uncertainty","E: Uncertainty",NA,NA,NA,NA,NA,NA,NA,NA
"2023-10-29 23:00:00","PM10",NA,0,0,173.0705,2644.2523,87.836,73.4857,3.9413,NA,0,NA,27.0372,0,0,0.9709,15.3872,0,0,NA,0,2.9739,2.8563,0,0,0,NA,0,NA,0,0,NA,0,NA,0,0,0,0,0,10.4083,0,"E: Uncertainty",NA,NA,NA,NA,NA,NA,NA,"E: Uncertainty",NA,"E: Uncertainty",NA,NA,NA,NA,NA,NA,NA,"E: Uncertainty",NA,NA,NA,NA,NA,NA,"E: Uncertainty",NA,"E: Uncertainty",NA,NA,"E: Uncertainty",NA,"E: Uncertainty",NA,NA,NA,NA,NA,NA,NA
"2023-10-30 00:30:00","PM2.5",1552.1851,0,0,104.1899,1335.3864,43.9823,36.6449,0,0,0,0,9.2788,0,0,NA,14.8781,0,0,1.0256,0,1.2902,NA,0,0,0,28.2196,0,NA,0,0,NA,NA,NA,0,NA,0,0,0,10.5685,0,NA,NA,NA,NA,NA,NA,NA,NA,NA,NA,NA,NA,NA,NA,"E: Uncertainty",NA,NA,NA,NA,NA,NA,"E: Uncertainty",NA,NA,NA,NA,NA,"E: Uncertainty",NA,NA,"E: Uncertainty","E: Uncertainty","E: Uncertainty",NA,"E: Uncertainty",NA,NA,NA,NA,NA
"2023-10-30 01:00:00","PM10",NA,0,0,191.0027,2884.0394,84.4128,81.1154,1.1971,NA,0,0,11.5878,0,0,0.9859,23.4258,0,0,1.3166,0,4.1297,1.56,0,0,0,NA,0,0,0,NA,NA,NA,NA,0,NA,0,0,0,18.951,0,"E: Uncertainty",NA,NA,NA,NA,NA,NA,NA,"E: Uncertainty",NA,NA,NA,NA,NA,NA,NA,NA,NA,NA,NA,NA,NA,NA,NA,NA,"E: Uncertainty",NA,NA,NA,"E: Uncertainty","E: Uncertainty","E: Uncertainty","E: Uncertainty",NA,"E: Uncertainty",NA,NA,NA,NA,NA
"2023-10-30 02:00:00","PM2.5",NA,0,0,107.9988,1402.0926,41.54,42.4882,0,NA,NA,0,3.721,0,NA,NA,13.0795,0,0,1.0731,0,1.1888,1.5289,0,0,0,NA,NA,NA,0,0,NA,NA,NA,0,0,0,0,0,15.5073,0,"E: Uncertainty",NA,NA,NA,NA,NA,NA,NA,"E: Uncertainty","E: Uncertainty",NA,NA,NA,"E: Uncertainty","E: Uncertainty",NA,NA,NA,NA,NA,NA,NA,NA,NA,NA,"E: Uncertainty","E: Uncertainty","E: Uncertainty",NA,NA,"E: Uncertainty","E: Uncertainty","E: Uncertainty",NA,NA,NA,NA,NA,NA,NA
"2023-10-30 03:00:00","PM10",NA,0,0,172.9922,2764.3597,79.292,75.2017,NA,0,0,0,7.3398,NA,NA,0.7811,7.8709,0,0,NA,0,3.282,NA,0,0,0,NA,0,NA,0,0,NA,NA,NA,0,NA,0,0,0,10.2183,0,"E: Uncertainty",NA,NA,NA,NA,NA,NA,"E: Uncertainty",NA,NA,NA,NA,"E: Uncertainty","E: Uncertainty",NA,NA,NA,NA,"E: Uncertainty",NA,NA,"E: Uncertainty",NA,NA,NA,"E: Uncertainty",NA,"E: Uncertainty",NA,NA,"E: Uncertainty","E: Uncertainty","E: Uncertainty",NA,"E: Uncertainty",NA,NA,NA,NA,NA
"2023-10-30 04:00:00","PM2.5",NA,0,0,71.98,891.7889,53.2508,24.6295,0,NA,0.0012,0,4.4233,0,0,NA,3.6235,0,0,NA,0,0.7409,NA,0,0,0,13.6305,NA,0,0,NA,NA,NA,0,0,0,0,0.0102,0,2.8013,0,"E: Uncertainty",NA,NA,NA,NA,NA,NA,NA,"E: Uncertainty",NA,NA,NA,NA,NA,"E: Uncertainty",NA,NA,NA,"E: Uncertainty",NA,NA,"E: Uncertainty",NA,NA,NA,NA,"E: Uncertainty",NA,NA,"E: Uncertainty","E: Uncertainty","E: Uncertainty",NA,NA,NA,NA,NA,NA,NA,NA
"2023-10-30 05:00:00","PM10",796.4592,0,0,105.6304,1794.1892,61.5565,49.9544,3.4753,NA,0,0,15.0789,0,0,0.4959,8.3463,NA,0,NA,0,2.0184,NA,0,0,0,26.5548,NA,0,0,NA,NA,0,0,0,0,0,0,0,NA,0,NA,NA,NA,NA,NA,NA,NA,NA,"E: Uncertainty",NA,NA,NA,NA,NA,NA,NA,"E: Uncertainty",NA,"E: Uncertainty",NA,NA,"E: Uncertainty",NA,NA,NA,NA,"E: Uncertainty",NA,NA,"E: Uncertainty","E: Uncertainty",NA,NA,NA,NA,NA,NA,NA,"E: Uncertainty",NA
"2023-10-30 06:00:00","PM2.5",NA,0,0,60.6236,566.3843,35.0513,22.7875,6.68,NA,0,0,15.8762,0,NA,0.5855,5.2957,0,0,0,0,NA,NA,NA,0,0,9.3806,NA,NA,0,NA,NA,NA,NA,0,0,0,0,0,1.6769,0,"E: Uncertainty",NA,NA,NA,NA,NA,NA,NA,"E: Uncertainty",NA,NA,NA,NA,"E: Uncertainty",NA,NA,NA,NA,NA,NA,"E: Uncertainty","E: Uncertainty","E: Uncertainty",NA,NA,NA,"E: Uncertainty","E: Uncertainty",NA,"E: Uncertainty","E: Uncertainty","E: Uncertainty","E: Uncertainty",NA,NA,NA,NA,NA,NA,NA
"2023-10-30 07:00:00","PM10",NA,0,0,93.0507,1241.792,51.898,74.1172,1.3216,0,0,0.7923,266.3847,0,0,5.8667,3.0615,0,0,0.4674,0,1.3128,NA,0,0,0,16.3288,0,NA,0,0,NA,NA,3.388,0,0,0,0,0,0,0,"E: Uncertainty",NA,NA,NA,NA,NA,NA,NA,NA,NA,NA,NA,NA,NA,NA,NA,NA,NA,NA,NA,NA,"E: Uncertainty",NA,NA,NA,NA,NA,"E: Uncertainty",NA,NA,"E: Uncertainty","E: Uncertainty",NA,NA,NA,NA,NA,NA,NA,NA
"2023-10-30 08:00:00","PM2.5",NA,0,0,84.1426,854.5743,34.081,30.2886,NA,0,0,0,41.8808,NA,NA,2.1259,0.919,NA,0,NA,NA,1.4798,NA,0,NA,0,NA,NA,NA,0,0.1159,0,0,NA,0,0,0,0,0,0,0,"E: Uncertainty",NA,NA,NA,NA,NA,NA,"E: Uncertainty",NA,NA,NA,NA,"E: Uncertainty","E: Uncertainty",NA,NA,"E: Uncertainty",NA,"E: Uncertainty","E: Uncertainty",NA,"E: Uncertainty",NA,"E: Uncertainty",NA,"E: Uncertainty","E: Uncertainty","E: Uncertainty",NA,NA,NA,NA,"E: Uncertainty",NA,NA,NA,NA,NA,NA,NA
"2023-10-30 09:00:00","PM10",NA,0,0,161.4212,2393.9886,74.7627,95.5402,3.7436,0,NA,NA,85.4475,0,NA,2.5551,8.4701,0,0,0,0,3.2228,NA,0,0,0,10.9013,0,0,0,NA,NA,NA,NA,0,0,0,0,0,NA,0,"E: Uncertainty",NA,NA,NA,NA,NA,NA,NA,NA,"E: Uncertainty","E: Uncertainty",NA,NA,"E: Uncertainty",NA,NA,NA,NA,NA,NA,NA,"E: Uncertainty",NA,NA,NA,NA,NA,NA,NA,"E: Uncertainty","E: Uncertainty","E: Uncertainty","E: Uncertainty",NA,NA,NA,NA,NA,"E: Uncertainty",NA
"2023-10-30 10:00:00","PM2.5",NA,0,0,101.8368,895.8169,31.1229,33.4544,NA,0,0,0,32.7673,0,0,1.1571,3.0606,0,0,NA,NA,1.1361,NA,0,NA,0,24.883,0,0,0,NA,NA,NA,0,0,0,0,0,0,NA,0,"E: Uncertainty",NA,NA,NA,NA,NA,NA,"E: Uncertainty",NA,NA,NA,NA,NA,NA,NA,NA,NA,NA,"E: Uncertainty","E: Uncertainty",NA,"E: Uncertainty",NA,"E: Uncertainty",NA,NA,NA,NA,NA,"E: Uncertainty","E: Uncertainty","E: Uncertainty",NA,NA,NA,NA,NA,NA,"E: Uncertainty",NA
"2023-10-30 11:00:00","PM10",NA,0,0,140.4265,1933.1149,55.7504,95.7901,1.0798,0,0,0,65.7272,NA,0,2.6542,4.1038,0,0,NA,NA,2.564,NA,0,NA,0,22.2231,0,0,0,NA,NA,NA,NA,0,0,0,0,0,0.9863,0,"E: Uncertainty",NA,NA,NA,NA,NA,NA,NA,NA,NA,NA,NA,"E: Uncertainty",NA,NA,NA,NA,NA,"E: Uncertainty","E: Uncertainty",NA,"E: Uncertainty",NA,"E: Uncertainty",NA,NA,NA,NA,NA,"E: Uncertainty","E: Uncertainty","E: Uncertainty","E: Uncertainty",NA,NA,NA,NA,NA,NA,NA
"2023-10-30 12:00:00","PM2.5",NA,0,0,80.7528,744.6162,33.273,34.2621,0,0,NA,0,27.0775,0,NA,1.0555,1.2351,0,0,NA,0,1.1738,NA,0,0,0,10.8789,NA,NA,0,NA,0,NA,NA,0,0,0,0,0,0,0,"E: Uncertainty",NA,NA,NA,NA,NA,NA,NA,NA,"E: Uncertainty",NA,NA,NA,"E: Uncertainty",NA,NA,NA,NA,"E: Uncertainty",NA,NA,"E: Uncertainty",NA,NA,NA,NA,"E: Uncertainty","E: Uncertainty",NA,"E: Uncertainty",NA,"E: Uncertainty","E: Uncertainty",NA,NA,NA,NA,NA,NA,NA
"2023-10-30 13:00:00","PM10",NA,0,0,142.2011,1285.7948,83.404,112.7209,3.1951,NA,NA,NA,101.0801,NA,0,5.4444,3.4015,0,0,5.4159,0,1.7784,NA,0,0,0,14.2432,0,0,0,0,NA,NA,NA,0,0,0,0,0,13.2764,0,"E: Uncertainty",NA,NA,NA,NA,NA,NA,NA,"E: Uncertainty","E: Uncertainty","E: Uncertainty",NA,"E: Uncertainty",NA,NA,NA,NA,NA,NA,NA,NA,"E: Uncertainty",NA,NA,NA,NA,NA,NA,NA,NA,"E: Uncertainty","E: Uncertainty","E: Uncertainty",NA,NA,NA,NA,NA,NA,NA
"2023-10-30 14:00:00","PM2.5",758.2692,0,0,80.8438,395.4619,31.4659,33.7161,NA,0,0,NA,140.782,0,NA,12.6857,3.6476,0,0,2.1438,0,1.0462,0,0,0,0,NA,0,NA,0,NA,0.1936,NA,3.7379,0,NA,0,0,0,5.1645,0,NA,NA,NA,NA,NA,NA,NA,"E: Uncertainty",NA,NA,"E: Uncertainty",NA,NA,"E: Uncertainty",NA,NA,NA,NA,NA,NA,NA,NA,NA,NA,NA,"E: Uncertainty",NA,"E: Uncertainty",NA,"E: Uncertainty",NA,"E: Uncertainty",NA,NA,"E: Uncertainty",NA,NA,NA,NA,NA
"2023-10-30 15:00:00","PM10",NA,0,0,92.2402,770.213,44.0914,86.9548,2.0076,0,NA,NA,218.4605,0,0.0083,9.6734,4.5988,0,0,0,0,1.5534,NA,0,0,0,NA,NA,0,0,NA,NA,NA,3.6695,0,0,0,0,0,1.3543,0,"E: Uncertainty",NA,NA,NA,NA,NA,NA,NA,NA,"E: Uncertainty","E: Uncertainty",NA,NA,NA,NA,NA,NA,NA,NA,NA,NA,"E: Uncertainty",NA,NA,NA,"E: Uncertainty","E: Uncertainty",NA,NA,"E: Uncertainty","E: Uncertainty","E: Uncertainty",NA,NA,NA,NA,NA,NA,NA,NA
"2023-10-30 16:00:00","PM2.5",648.4646,0,0,84.2063,293.8504,37.1252,34.7715,2.262,0,NA,1.1254,224.5059,0,0,8.9716,7.8835,0,0,1.6337,0,1.8867,NA,0,0,0,NA,0,0,0,0,NA,0,NA,0,0,0,0,0,1.0644,0,NA,NA,NA,NA,NA,NA,NA,NA,NA,"E: Uncertainty",NA,NA,NA,NA,NA,NA,NA,NA,NA,NA,NA,"E: Uncertainty",NA,NA,NA,"E: Uncertainty",NA,NA,NA,NA,"E: Uncertainty",NA,"E: Uncertainty",NA,NA,NA,NA,NA,NA,NA
"2023-10-30 17:00:00","PM10",709.4175,NA,0,186.0104,896.1499,92.9592,118.5918,6.9386,NA,1.6337,9.4385,778.9339,0,NA,21.5574,24.6374,0,0,2.7403,0,5.6404,NA,0,NA,0,17.6565,0,NA,0,NA,NA,NA,14.245,0,0,0,0,0,8.1484,0,NA,"E: Uncertainty",NA,NA,NA,NA,NA,NA,"E: Uncertainty",NA,NA,NA,NA,"E: Uncertainty",NA,NA,NA,NA,NA,NA,NA,"E: Uncertainty",NA,"E: Uncertainty",NA,NA,NA,"E: Uncertainty",NA,"E: Uncertainty","E: Uncertainty","E: Uncertainty",NA,NA,NA,NA,NA,NA,NA,NA
"2023-10-30 18:00:00","PM2.5",921.2883,0,0,150.2132,237.2049,63.9249,41.8187,3.7881,0,NA,8.988,295.6689,0,0,10.0234,56.7427,0,0,2.413,0,5.0291,1.574,0,0,0,NA,NA,NA,0,NA,NA,0,5.3906,0,0,0,0,0,10.8343,0,NA,NA,NA,NA,NA,NA,NA,NA,NA,"E: Uncertainty",NA,NA,NA,NA,NA,NA,NA,NA,NA,NA,NA,NA,NA,NA,NA,"E: Uncertainty","E: Uncertainty","E: Uncertainty",NA,"E: Uncertainty","E: Uncertainty",NA,NA,NA,NA,NA,NA,NA,NA,NA
"2023-10-30 19:00:00","PM10",NA,NA,0,124.0648,407.9163,95.2988,94.171,8.1556,0,1.9368,6.8891,702.8123,0,NA,25.3484,102.1114,0,0,3.3007,0,3.4038,NA,0,2.8404,0,16.8091,NA,0,0,NA,NA,NA,17.4407,0,0,0,0,0,17.1261,0,"E: Uncertainty","E: Uncertainty",NA,NA,NA,NA,NA,NA,NA,NA,NA,NA,NA,"E: Uncertainty",NA,NA,NA,NA,NA,NA,NA,"E: Uncertainty",NA,NA,NA,NA,"E: Uncertainty",NA,NA,"E: Uncertainty","E: Uncertainty","E: Uncertainty",NA,NA,NA,NA,NA,NA,NA,NA
"2023-10-30 20:00:00","PM2.5",NA,0,NA,137.7706,72.2968,96.2652,24.1746,4.751,1.0235,0.6529,2.3558,240.5778,0,0,7.6252,31.8222,0,0,2.7692,0,4.6151,NA,0,0,0,10.1552,0,0,0,NA,NA,NA,7.0403,0,0,0,0,0,9.7761,0,"E: Uncertainty",NA,"E: Uncertainty",NA,NA,NA,NA,NA,NA,NA,NA,NA,NA,NA,NA,NA,NA,NA,NA,NA,NA,"E: Uncertainty",NA,NA,NA,NA,NA,NA,NA,"E: Uncertainty","E: Uncertainty","E: Uncertainty",NA,NA,NA,NA,NA,NA,NA,NA
"2023-10-30 21:00:00","PM10",699.5772,NA,0,174.9411,153.6292,127.9641,96.6966,13.6574,1.5044,1.1718,3.7486,530.711,0,NA,16.8636,20.7835,0,0,2.5018,NA,4.4152,2.3111,0,0,0,9.3519,NA,NA,0,0,0,NA,15.2094,0,0,0,0,0,3.128,NA,NA,"E: Uncertainty",NA,NA,NA,NA,NA,NA,NA,NA,NA,NA,NA,"E: Uncertainty",NA,NA,NA,NA,NA,"E: Uncertainty",NA,NA,NA,NA,NA,NA,"E: Uncertainty","E: Uncertainty",NA,NA,NA,"E: Uncertainty",NA,NA,NA,NA,NA,NA,NA,"E: Uncertainty"
"2023-10-30 22:00:00","PM2.5",NA,0,0,197.7681,72.8645,123.5868,26.4314,4.5884,NA,NA,0.809,202.6624,NA,0,6.9878,15.1016,0,0,3.1381,0,4.6632,NA,0,0,0,17.3352,0,0,0,NA,NA,NA,4.2199,0,0,0,0,0,4.5516,0,"E: Uncertainty",NA,NA,NA,NA,NA,NA,NA,"E: Uncertainty","E: Uncertainty",NA,NA,"E: Uncertainty",NA,NA,NA,NA,NA,NA,NA,NA,"E: Uncertainty",NA,NA,NA,NA,NA,NA,NA,"E: Uncertainty","E: Uncertainty","E: Uncertainty",NA,NA,NA,NA,NA,NA,NA,NA
"2023-10-30 23:00:00","PM10",1014.5819,NA,0,241.176,125.4471,184.728,107.2965,6.8644,0,1.1699,1.7573,392.3822,0,NA,13.1097,50.7303,0,0,2.9027,0,7.2562,2.292,0,0,NA,16.7807,NA,NA,NA,0,NA,NA,9.1819,0,0,0,NA,0,4.2739,NA,NA,"E: Uncertainty",NA,NA,NA,NA,NA,NA,NA,NA,NA,NA,NA,"E: Uncertainty",NA,NA,NA,NA,NA,NA,NA,NA,NA,NA,"E: Uncertainty",NA,"E: Uncertainty","E: Uncertainty","E: Uncertainty",NA,"E: Uncertainty","E: Uncertainty",NA,NA,NA,NA,"E: Uncertainty",NA,NA,"E: Uncertainty"
"2023-10-31 00:30:00","PM2.5",NA,0,0,258.4277,164.7674,226.5968,26.9098,2.8385,0,0,NA,163.2139,NA,0,8.1773,32.3938,0,0,1.1443,0,4.6592,NA,0,0,0,36.3141,0,NA,0,NA,NA,NA,NA,0,0,0,0,0,7.7444,0,"E: Uncertainty",NA,NA,NA,NA,NA,NA,NA,NA,NA,"E: Uncertainty",NA,"E: Uncertainty",NA,NA,NA,NA,NA,NA,NA,NA,"E: Uncertainty",NA,NA,NA,NA,NA,"E: Uncertainty",NA,"E: Uncertainty","E: Uncertainty","E: Uncertainty","E: Uncertainty",NA,NA,NA,NA,NA,NA,NA
"2023-10-31 01:00:00","PM10",NA,0,0,247.0432,465.4203,191.4034,100.9956,6.797,0,NA,2.2242,272.2514,0,NA,9.4335,26.2676,0,0,2.7835,NA,6.3176,1.6289,0,NA,0,NA,NA,NA,0,0,NA,NA,7.1578,0,0,0,0,0,12.8636,0,"E: Uncertainty",NA,NA,NA,NA,NA,NA,NA,NA,"E: Uncertainty",NA,NA,NA,"E: Uncertainty",NA,NA,NA,NA,NA,"E: Uncertainty",NA,NA,NA,"E: Uncertainty",NA,"E: Uncertainty","E: Uncertainty","E: Uncertainty",NA,NA,"E: Uncertainty","E: Uncertainty",NA,NA,NA,NA,NA,NA,NA,NA
"2023-10-31 02:00:00","PM2.5",817.5591,0,0,213.4476,185.3451,252.9245,20.1083,1.6647,0,0,0.7639,126.2218,0,NA,11.0472,20.4934,0,0,3.1288,0,4.2292,6.9369,0,0,0,23.114,0,0,0,0,NA,0,10.0423,0,0,0,0,0,13.6272,2.3023,NA,NA,NA,NA,NA,NA,NA,NA,NA,NA,NA,NA,NA,"E: Uncertainty",NA,NA,NA,NA,NA,NA,NA,NA,NA,NA,NA,NA,NA,NA,NA,NA,"E: Uncertainty",NA,NA,NA,NA,NA,NA,NA,NA,NA
"2023-10-31 03:00:00","PM10",NA,0,0,153.6688,329.5527,121.5375,39.268,2.5145,0,NA,0.9737,132.2597,0,NA,4.5236,12.3657,0,0,1.9177,NA,3.7024,NA,0,0,0,10.8645,11.9801,NA,0,0,0,NA,NA,0,0,0,0,0,7.6009,0,"E: Uncertainty",NA,NA,NA,NA,NA,NA,NA,NA,"E: Uncertainty",NA,NA,NA,"E: Uncertainty",NA,NA,NA,NA,NA,"E: Uncertainty",NA,"E: Uncertainty",NA,NA,NA,NA,NA,"E: Uncertainty",NA,NA,NA,"E: Uncertainty","E: Uncertainty",NA,NA,NA,NA,NA,NA,NA
"2023-10-31 04:00:00","PM2.5",NA,0,0,131.6956,53.7187,60.1334,9.6179,1.3004,0,NA,NA,46.3866,0,NA,2.1448,8.0699,0,0,1.376,0,4.0798,NA,0,0,0,19.849,0,0,0,NA,NA,NA,0.0255,0,0,0,0,0,5.5274,0,"E: Uncertainty",NA,NA,NA,NA,NA,NA,NA,NA,"E: Uncertainty","E: Uncertainty",NA,NA,"E: Uncertainty",NA,NA,NA,NA,NA,NA,NA,"E: Uncertainty",NA,NA,NA,NA,NA,NA,NA,"E: Uncertainty","E: Uncertainty","E: Uncertainty",NA,NA,NA,NA,NA,NA,NA,NA
"2023-10-31 05:00:00","PM10",773.1621,0,0,163.6873,212.1207,101.7193,27.0221,NA,NA,NA,NA,77.0684,NA,NA,2.9916,7.05,0,0,2.0897,NA,3.5687,NA,0,0,0,NA,0,NA,0,NA,NA,0,NA,0,NA,0,0,0,3.2421,0,NA,NA,NA,NA,NA,NA,NA,"E: Uncertainty","E: Uncertainty","E: Uncertainty","E: Uncertainty",NA,"E: Uncertainty","E: Uncertainty",NA,NA,NA,NA,NA,"E: Uncertainty",NA,"E: Uncertainty",NA,NA,NA,"E: Uncertainty",NA,"E: Uncertainty",NA,"E: Uncertainty","E: Uncertainty",NA,"E: Uncertainty",NA,"E: Uncertainty",NA,NA,NA,NA,NA
"2023-10-31 06:00:00","PM2.5",845.8277,0,0,158.7628,26.8098,67.4183,7.7424,1.6639,NA,0,0,48.0341,NA,NA,2.5617,6.1888,0,0,1.8941,0,2.9287,NA,0,0,0,NA,NA,0,0,0,NA,NA,0.0307,0,0,0,0,0,3.2289,0,NA,NA,NA,NA,NA,NA,NA,NA,"E: Uncertainty",NA,NA,NA,"E: Uncertainty","E: Uncertainty",NA,NA,NA,NA,NA,NA,NA,"E: Uncertainty",NA,NA,NA,"E: Uncertainty","E: Uncertainty",NA,NA,NA,"E: Uncertainty","E: Uncertainty",NA,NA,NA,NA,NA,NA,NA,NA
"2023-10-31 07:00:00","PM10",NA,0,0,198.3414,367.1117,79.2746,48.2038,1.6219,NA,NA,NA,133.5497,0,0,5.6679,8.371,0,0,1.9209,0,4.6165,NA,0,0,0,0,0,NA,0,0,0,0,NA,0,0,0,0,0,4.5681,0,"E: Uncertainty",NA,NA,NA,NA,NA,NA,NA,"E: Uncertainty","E: Uncertainty","E: Uncertainty",NA,NA,NA,NA,NA,NA,NA,NA,NA,NA,"E: Uncertainty",NA,NA,NA,NA,NA,"E: Uncertainty",NA,NA,NA,NA,"E: Uncertainty",NA,NA,NA,NA,NA,NA,NA
"2023-10-31 10:00:00","PM10",NA,0,0,317.599,853.9015,115.3817,145.5182,7.2506,1.0036,NA,NA,180.9558,0,NA,7.7058,20.3967,0,0,2.8682,NA,4.4349,NA,0,0,0,13.9669,0,0,0,NA,NA,NA,3.2091,0,0,0,0,0,16.5388,0,"E: Uncertainty",NA,NA,NA,NA,NA,NA,NA,NA,"E: Uncertainty","E: Uncertainty",NA,NA,"E: Uncertainty",NA,NA,NA,NA,NA,"E: Uncertainty",NA,"E: Uncertainty",NA,NA,NA,NA,NA,NA,NA,"E: Uncertainty","E: Uncertainty","E: Uncertainty",NA,NA,NA,NA,NA,NA,NA,NA
"2023-10-31 11:00:00","PM2.5",0,0,0,142.5417,40.3329,26.9649,14.115,NA,0,NA,0,63.8544,0.0087,NA,3.783,12.9927,0,0,1.1884,0,0.8816,NA,0,0,NA,18.7455,0,NA,0,0,NA,NA,NA,0,0,0,0,0,27.6344,0,NA,NA,NA,NA,NA,NA,NA,"E: Uncertainty",NA,"E: Uncertainty",NA,NA,NA,"E: Uncertainty",NA,NA,NA,NA,NA,NA,NA,"E: Uncertainty",NA,NA,"E: Uncertainty",NA,NA,"E: Uncertainty",NA,NA,"E: Uncertainty","E: Uncertainty","E: Uncertainty",NA,NA,NA,NA,NA,NA,NA
"2023-10-31 12:00:00","PM10",NA,0,0,192.5087,364.5924,50.5035,51.4553,1.8336,NA,NA,NA,113.5548,NA,NA,3.7019,8.4643,0,0,0.6943,0,1.6771,NA,0,0,0,NA,NA,NA,0,NA,NA,NA,0,0,NA,0,0,0,NA,0,"E: Uncertainty",NA,NA,NA,NA,NA,NA,NA,"E: Uncertainty","E: Uncertainty","E: Uncertainty",NA,"E: Uncertainty","E: Uncertainty",NA,NA,NA,NA,NA,NA,NA,"E: Uncertainty",NA,NA,NA,"E: Uncertainty","E: Uncertainty","E: Uncertainty",NA,"E: Uncertainty","E: Uncertainty","E: Uncertainty",NA,NA,"E: Uncertainty",NA,NA,NA,"E: Uncertainty",NA
"2023-10-31 13:00:00","PM2.5",NA,0,0,198.0792,160.5641,37.9867,21.9846,1.7562,0,NA,NA,70.3805,NA,0,3.549,6.268,0,0,NA,0,1.2384,NA,0,NA,0,NA,NA,NA,0,NA,NA,NA,0,0,0,0,NA,0,1.6471,0,"E: Uncertainty",NA,NA,NA,NA,NA,NA,NA,NA,"E: Uncertainty","E: Uncertainty",NA,"E: Uncertainty",NA,NA,NA,NA,NA,"E: Uncertainty",NA,NA,"E: Uncertainty",NA,"E: Uncertainty",NA,"E: Uncertainty","E: Uncertainty","E: Uncertainty",NA,"E: Uncertainty","E: Uncertainty","E: Uncertainty",NA,NA,NA,NA,"E: Uncertainty",NA,NA,NA
"2023-10-31 14:00:00","PM10",NA,NA,0,221.4595,377.3104,71.4167,69.332,5.7666,0,0.601,1.0392,143.9335,0,1.0781,8.3103,13.592,0,0,NA,0,1.9457,NA,0,NA,0,NA,NA,0,0,NA,0,0,NA,0,0,0,5e-04,0,6.1069,0,"E: Uncertainty","E: Uncertainty",NA,NA,NA,NA,NA,NA,NA,NA,NA,NA,NA,NA,NA,NA,NA,NA,"E: Uncertainty",NA,NA,"E: Uncertainty",NA,"E: Uncertainty",NA,"E: Uncertainty","E: Uncertainty",NA,NA,"E: Uncertainty",NA,NA,"E: Uncertainty",NA,NA,NA,NA,NA,NA,NA
"2023-10-31 15:00:00","PM2.5",NA,0,0,236.6707,95.6302,67.7522,73.8926,7.2285,0,NA,NA,66.0906,0,NA,3.572,29.5223,0,0,2.2803,NA,1.5157,NA,0,0,0,NA,NA,0,0,NA,NA,NA,NA,0,0,0,0,0,25.7244,0,"E: Uncertainty",NA,NA,NA,NA,NA,NA,NA,NA,"E: Uncertainty","E: Uncertainty",NA,NA,"E: Uncertainty",NA,NA,NA,NA,NA,"E: Uncertainty",NA,"E: Uncertainty",NA,NA,NA,"E: Uncertainty","E: Uncertainty",NA,NA,"E: Uncertainty","E: Uncertainty","E: Uncertainty","E: Uncertainty",NA,NA,NA,NA,NA,NA,NA
"2023-10-31 16:00:00","PM10",NA,NA,NA,287.7046,117.3424,78.3676,98.2956,4.269,NA,0.6958,1.43,273.518,0,NA,8.4931,13.2393,0,0,3.1774,NA,1.3271,NA,0,0,0,19.9994,0,NA,0,0,NA,0,3.2508,0,0,0,0,0,13.1174,0,"E: Uncertainty","E: Uncertainty","E: Uncertainty",NA,NA,NA,NA,NA,"E: Uncertainty",NA,NA,NA,NA,"E: Uncertainty",NA,NA,NA,NA,NA,"E: Uncertainty",NA,"E: Uncertainty",NA,NA,NA,NA,NA,"E: Uncertainty",NA,NA,"E: Uncertainty",NA,NA,NA,NA,NA,NA,NA,NA,NA
"2023-10-31 17:00:00","PM2.5",NA,0,NA,228.8646,10.769,85.011,75.7167,4.1295,0,NA,1.0722,213.5205,0.0053,NA,4.8876,20.8549,0,0,3.5835,NA,2.0235,NA,0,NA,0,NA,NA,NA,0,0,0,0,NA,0,0,0,0,0,3.8034,0,"E: Uncertainty",NA,"E: Uncertainty",NA,NA,NA,NA,NA,NA,"E: Uncertainty",NA,NA,NA,"E: Uncertainty",NA,NA,NA,NA,NA,"E: Uncertainty",NA,"E: Uncertainty",NA,"E: Uncertainty",NA,"E: Uncertainty","E: Uncertainty","E: Uncertainty",NA,NA,NA,NA,"E: Uncertainty",NA,NA,NA,NA,NA,NA,NA
"2023-10-31 18:00:00","PM10",0,NA,0,162.8556,167.3447,121.4457,93.0589,7.0767,NA,1.3498,3.1686,524.565,0,NA,16.232,24.7801,0,0,2.6185,0,3.2877,NA,0,NA,0,14.7467,NA,0,0,NA,NA,NA,9.163,0,0,0,NA,0,3.3545,0,NA,"E: Uncertainty",NA,NA,NA,NA,NA,NA,"E: Uncertainty",NA,NA,NA,NA,"E: Uncertainty",NA,NA,NA,NA,NA,NA,NA,"E: Uncertainty",NA,"E: Uncertainty",NA,NA,"E: Uncertainty",NA,NA,"E: Uncertainty","E: Uncertainty","E: Uncertainty",NA,NA,NA,NA,"E: Uncertainty",NA,NA,NA
"2023-10-31 19:00:00","PM2.5",NA,0,0,123.3022,33.4099,131.579,28.2244,2.8084,0,NA,1.5614,255.5828,0,0,10.2461,12.7744,0,0,2.603,NA,1.4015,NA,0,0,0,NA,NA,0,0,0,0,NA,6.6131,0,0,0,0,0,2.9338,0,"E: Uncertainty",NA,NA,NA,NA,NA,NA,NA,NA,"E: Uncertainty",NA,NA,NA,NA,NA,NA,NA,NA,NA,"E: Uncertainty",NA,"E: Uncertainty",NA,NA,NA,"E: Uncertainty","E: Uncertainty",NA,NA,NA,NA,"E: Uncertainty",NA,NA,NA,NA,NA,NA,NA,NA
"2023-10-31 20:00:00","PM10",671.0757,0,0,145.6137,344.8352,171.2274,88.3237,3.8935,0,0.8293,2.369,366.7301,0,0,8.3658,20.2364,0,0,4.9268,0,7.3271,12.6175,0,0,0,9.0658,0.0537,NA,0,NA,NA,NA,7.6765,0,0,0,0,0,3.0679,0,NA,NA,NA,NA,NA,NA,NA,NA,NA,NA,NA,NA,NA,NA,NA,NA,NA,NA,NA,NA,NA,NA,NA,NA,NA,NA,NA,"E: Uncertainty",NA,"E: Uncertainty","E: Uncertainty","E: Uncertainty",NA,NA,NA,NA,NA,NA,NA,NA
"2023-10-31 21:00:00","PM2.5",939.5305,0,0,141.5096,167.1869,212.8005,20.1638,1.5306,0,NA,NA,121.9659,0,0,6.6094,31.9578,0,0,12.2595,0,16.4682,2.6227,0,NA,0,16.1116,NA,0,0,0,NA,0,4.1948,0,0,0,0,0,9.9869,NA,NA,NA,NA,NA,NA,NA,NA,NA,NA,"E: Uncertainty","E: Uncertainty",NA,NA,NA,NA,NA,NA,NA,NA,NA,NA,NA,NA,"E: Uncertainty",NA,NA,"E: Uncertainty",NA,NA,NA,"E: Uncertainty",NA,NA,NA,NA,NA,NA,NA,NA,"E: Uncertainty"
