"datetime","pm_fraction","Al","Si","P","S","Cl","K","Ca","Ti","V","Cr","Mn","Fe","Co","Ni","Cu","Zn","Ga","Ge","As","Se","Br","Sr","Y","Zr","Mo","Pd","Ag","Cd","In","Sn","Sb","Te","Ba","La","Ce","Pt","Hg","Tl","Pb","Bi","Al_Flags","Si_Flags","P_Flags","S_Flags","Cl_Flags","K_Flags","Ca_Flags","Ti_Flags","V_Flags","Cr_Flags","Mn_Flags","Fe_Flags","Co_Flags","Ni_Flags","Cu_Flags","Zn_Flags","Ga_Flags","Ge_Flags","As_Flags","Se_Flags","Br_Flags","Sr_Flags","Y_Flags","Zr_Flags","Mo_Flags","Pd_Flags","Ag_Flags","Cd_Flags","In_Flags","Sn_Flags","Sb_Flags","Te_Flags","Ba_Flags","La_Flags","Ce_Flags","Pt_Flags","Hg_Flags","Tl_Flags","Pb_Flags","Bi_Flags"
"2023-11-01 00:30:00","PM10",1580.0455,0,NA,38.3314,52.8498,34.1601,37.3972,0,0,0,0,16.3142,0,0,NA,10.4649,0,0,NA,0,NA,NA,0,0,0,NA,NA,0,0,NA,0,0,0,0,NA,0,0,0,NA,0,"1b","1b","3b","1b","1b","1b","1b","1b","1b","1b","1b","1b","1b","1b","3b","1b","1b","1b","3b","1b","3b","3b","1b","1b","1b","3b","3b","1b","1b","3b","1b","1b","1b","1b","3b","1b","1b","1b","3b","1b"
"2023-11-01 01:00:00","PM2.5",NA,0,0.3309,54.6456,0,11.2097,2.1755,0.01,0,0.0044,0,4.2036,0.0099,0,NA,2.5485,0,0,NA,0,NA,NA,0,0,0,10.7516,NA,NA,0,NA,NA,NA,0,0,0,0,0,0,0,0,"3b","1b","1b","1b","1b","1b","1b","1b","1b","1b","1b","1b","1b","1b","3b","1b","1b","1b","3b","1b","3b","3b","1b","1b","1b","1b","3b","3b","1b","3b","3b","3b","1b","1b","1b","1b","1b","1b","1b","1b"
"2023-11-01 02:00:00","PM10",NA,0,0,50.3541,61.5691,21.0515,5.8121,NA,0,NA,0,7.5516,0,0,0.5496,0.6309,0,0,0,0,NA,NA,0,0,0,9.6227,NA,NA,0,NA,NA,NA,0,NA,0,NA,0,0,NA,0,"3b","1b","1b","1b","1b","1b","1b","3b","1b","3b","1b","1b","1b","1b","1b","1b","1b","1b","1b","1b","3b","3b","1b","1b","1b","1b","3b","3b","1b","3b","3b","3b","1b","3b","1b","3b","1b","1b","3b","1b"
"2023-11-01 03:00:00","PM2.5",0,0,NA,64.8692,91.5962,12.3693,5.7333,0,0.0062,0,0,3.725,0,NA,NA,0.4604,0,0,0,0,0.9919,NA,0,0,0,12.6108,0,0,0,NA,NA,NA,0,0,NA,0,0,0,NA,0,"1b","1b","3b","1b","1b","1b","1b","1b","1b","1b","1b","1b","1b","3b","3b","1b","1b","1b","1b","1b","1b","3b","1b","1b","1b","1b","1b","1b","1b","3b","3b","3b","1b","1b","3b","1b","1b","1b","3b","1b"
"2023-11-01 04:00:00","PM10",887.5016,0,0,134.8297,939.0602,51.456,31.5324,0,NA,0,0,8.4344,NA,NA,NA,1.1768,0,0,NA,NA,2.2723,NA,0,0,0,9.7774,0,0,0,NA,0,0,NA,0,0,0,0,0,NA,0,"1b","1b","1b","1b","1b","1b","1b","1b","3b","1b","1b","1b","3b","3b","3b","1b","1b","1b","3b","3b","1b","3b","1b","1b","1b","1b","1b","1b","1b","3b","1b","1b","3b","1b","1b","1b","1b","1b","3b","1b"
"2023-11-01 05:00:00","PM2.5",964.8073,0,0,88.0899,404.0709,15.8964,24.6187,NA,0,0,0,5.0909,0,NA,NA,0.6144,0,0,0,0,0.846,NA,0,0,0,NA,NA,0,0,NA,NA,0,0,0,0,0,0,0,0,0,"1b","1b","1b","1b","1b","1b","1b","3b","1b","1b","1b","1b","1b","3b","3b","1b","1b","1b","1b","1b","1b","3b","1b","1b","1b","3b","3b","1b","1b","3b","3b","1b","1b","1b","1b","1b","1b","1b","1b","1b"
"2023-11-01 06:00:00","PM10",NA,0,0,80.8846,688.2029,33.6587,34.4432,0,0,0,0,16.6186,0,NA,0.9395,0.924,NA,0,0,0,1.0801,NA,0,0,0,20.308,0,0,0,NA,NA,0,NA,0,NA,0,0,0,0,0,"3b","1b","1b","1b","1b","1b","1b","1b","1b","1b","1b","1b","1b","3b","1b","1b","3b","1b","1b","1b","1b","3b","1b","1b","1b","1b","1b","1b","1b","3b","3b","1b","3b","1b","3b","1b","1b","1b","1b","1b"
"2023-11-01 07:00:00","PM2.5",NA,0,0,33.9,226.6812,17.7136,9.9475,0,0,0,0,18.8427,NA,0,0.6485,2.5691,0,0,0,0,NA,NA,0,0,0,14.1826,NA,NA,0,NA,NA,NA,0,0,0,0,0,0,0,0,"3b","1b","1b","1b","1b","1b","1b","1b","1b","1b","1b","1b","3b","1b","1b","1b","1b","1b","1b","1b","3b","3b","1b","1b","1b","1b","3b","3b","1b","3b","3b","3b","1b","1b","1b","1b","1b","1b","1b","1b"
"2023-11-01 08:00:00","PM10",NA,0,0,129.5653,1502.5741,58.3057,60.4898,NA,0,NA,0,40.574,0,NA,1.9466,1.5481,0,0,NA,0,2.0956,NA,0,0,0,14.873,NA,NA,0,NA,NA,NA,NA,0,0,0,0,0,0,0,"3b","1b","1b","1b","1b","1b","1b","3b","1b","3b","1b","1b","1b","3b","1b","1b","1b","1b","3b","1b","1b","3b","1b","1b","1b","1b","3b","3b","1b","3b","3b","3b","3b","1b","1b","1b","1b","1b","1b","1b"
"2023-11-01 09:00:00","PM2.5",599.2249,0,NA,112.1948,1336.7202,36.9439,49.3886,0,NA,0,0,22.9598,0,NA,0.7351,0.5477,0,0,NA,NA,1.627,NA,0,0,0,NA,0,0,0,0.0662,NA,NA,NA,0,0,0,0,0,0,0,"1b","1b","3b","1b","1b","1b","1b","1b","3b","1b","1b","1b","1b","3b","1b","1b","1b","1b","3b","3b","1b","3b","1b","1b","1b","3b","1b","1b","1b","1b","3b","3b","3b","1b","1b","1b","1b","1b","1b","1b"
"2023-11-01 10:00:00","PM10",NA,0,0,287.8838,4956.8268,122.8686,178.0055,NA,0,0,0,49.1564,0.0067,NA,1.6009,1.3021,0,0,NA,NA,6.2677,2.204,0,0,0,12.6705,NA,NA,0,0,0,NA,NA,0,0,0,0,0,0,0,"3b","1b","1b","1b","1b","1b","1b","3b","1b","1b","1b","1b","1b","3b","1b","1b","1b","1b","3b","3b","1b","1b","1b","1b","1b","1b","3b","3b","1b","1b","1b","3b","3b","1b","1b","1b","1b","1b","1b","1b"
"2023-11-01 11:00:00","PM2.5",598.8152,0,0,128.7916,2040.8266,49.6358,65.3073,0,NA,0,0,28.1178,0,NA,0.7567,1.3733,0,0,0,0,2.6198,NA,0,0,0,NA,NA,0,0,NA,0,NA,NA,0,0,0,0,0,3.2319,0,"1b","1b","1b","1b","1b","1b","1b","1b","3b","1b","1b","1b","1b","3b","1b","1b","1b","1b","1b","1b","1b","3b","1b","1b","1b","3b","3b","1b","1b","3b","1b","3b","3b","1b","1b","1b","1b","1b","1b","1b"
"2023-11-01 12:00:00","PM10",NA,0,0,105.6012,1676.1263,50.3911,85.5634,1.2285,0,0,NA,60.2766,NA,0,1.7509,4.1907,0,0,0,0,2.0895,NA,0,0,0,17.5013,0.0215,0,0,NA,NA,NA,0,0,0,0,0,0,1.7094,0,"3b","1b","1b","1b","1b","1b","1b","1b","1b","1b","3b","1b","3b","1b","1b","1b","1b","1b","1b","1b","1b","3b","1b","1b","1b","1b","1b","1b","1b","3b","3b","3b","1b","1b","1b","1b","1b","1b","1b","1b"
"2023-11-01 13:00:00","PM2.5",0,0,NA,71.3702,1334.2808,32.2342,41.9581,NA,NA,NA,0,25.2751,0,0,0.9913,2.1896,0,0,0.641,0,2.3431,NA,0,0,0,13.3494,NA,0,0,0,0,NA,0.0179,0,NA,0,0,0,0,0,"1b","1b","3b","1b","1b","1b","1b","3b","3b","3b","1b","1b","1b","1b","1b","1b","1b","1b","1b","1b","1b","3b","1b","1b","1b","1b","3b","1b","1b","1b","1b","3b","1b","1b","3b","1b","1b","1b","1b","1b"
"2023-11-01 14:00:00","PM10",NA,0,0,210.5999,4222.6443,100.4864,137.7591,1.6612,0,NA,NA,81.682,0,NA,3.9442,3.0246,0,0,0,0,8.9374,2.9444,0,0,0,NA,0,0,0,NA,NA,0,0,0,NA,0,NA,0,0.788,0,"3b","1b","1b","1b","1b","1b","1b","1b","1b","3b","3b","1b","1b","3b","1b","1b","1b","1b","1b","1b","1b","1b","1b","1b","1b","3b","1b","1b","1b","3b","3b","1b","1b","1b","3b","1b","3b","1b","1b","1b"
"2023-11-01 15:00:00","PM2.5",NA,0,0,137.9044,2523.7936,56.254,75.0872,0,0,0,NA,41.2488,0,0,1.7223,1.4206,0,0,0,0,5.1704,NA,0,0,0,NA,NA,0,0,0,NA,NA,NA,0,0,0,0,0,0,0,"3b","1b","1b","1b","1b","1b","1b","1b","1b","1b","3b","1b","1b","1b","1b","1b","1b","1b","1b","1b","1b","3b","1b","1b","1b","3b","3b","1b","1b","1b","3b","3b","3b","1b","1b","1b","1b","1b","1b","1b"
"2023-11-01 16:00:00","PM10",875.8044,0,0,119.0781,2152.7106,56.0559,86.2336,1.881,0,0,NA,106.4484,NA,0,2.1772,2.5796,0,0,NA,0,4.0269,NA,0,0,0,NA,NA,0.124,0,0,0,NA,NA,0,NA,0,0,0,NA,0,"1b","1b","1b","1b","1b","1b","1b","1b","1b","1b","3b","1b","3b","1b","1b","1b","1b","1b","3b","1b","1b","3b","1b","1b","1b","3b","3b","1b","1b","1b","1b","3b","3b","1b","3b","1b","1b","1b","3b","1b"
"2023-11-01 17:00:00","PM2.5",NA,0,0,70.8964,1037.8472,41.2244,32.1537,NA,NA,0,NA,33.6015,0.0039,NA,1.4194,2.4368,0,0,0,0,3.5288,NA,0,0,0,21.4316,NA,NA,0,0,0,0.0388,NA,0,0,0,0,0,NA,0,"3b","1b","1b","1b","1b","1b","1b","3b","3b","1b","3b","1b","1b","3b","1b","1b","1b","1b","1b","1b","1b","3b","1b","1b","1b","1b","3b","3b","1b","1b","1b","1b","3b","1b","1b","1b","1b","1b","3b","1b"
"2023-11-01 18:00:00","PM10",NA,0,NA,113.849,1236.6323,100.9085,51.454,2.2551,0,NA,NA,87.7691,NA,NA,3.5452,3.6859,0,0,NA,0,25.7224,2.3825,0,0,0,8.9516,0,NA,0,0,NA,NA,6.5482,0,0,0,0,0,NA,NA,"3b","1b","3b","1b","1b","1b","1b","1b","1b","3b","3b","1b","3b","3b","1b","1b","1b","1b","3b","1b","1b","1b","1b","1b","1b","1b","1b","3b","1b","1b","3b","3b","1b","1b","1b","1b","1b","1b","3b","3b"
"2023-11-01 19:00:00","PM2.5",688.6605,0,NA,43.1973,611.5319,81.5643,24.7082,NA,NA,0,0,41.3951,NA,0,2.8672,7.5457,0,0,NA,0,3.6337,2.1737,0,0,0,NA,NA,NA,0,0,NA,NA,NA,0,NA,0,0,0,2.4113,0,"1b","1b","3b","1b","1b","1b","1b","3b","3b","1b","1b","1b","3b","1b","1b","1b","1b","1b","3b","1b","1b","1b","1b","1b","1b","3b","3b","3b","1b","1b","3b","3b","3b","1b","3b","1b","1b","1b","1b","1b"
"2023-11-01 20:00:00","PM10",NA,0,0,102.3296,1520.6275,110.151,70.9357,NA,0,NA,NA,81.0043,0,NA,5.3788,4.273,0,0,0.7709,NA,2.7282,1.7943,0,0,0,13.4139,0,NA,0,0,NA,0,NA,0,0,0,0,0,1.5115,0,"3b","1b","1b","1b","1b","1b","1b","3b","1b","3b","3b","1b","1b","3b","1b","1b","1b","1b","1b","3b","1b","1b","1b","1b","1b","1b","1b","3b","1b","1b","3b","1b","3b","1b","1b","1b","1b","1b","1b","1b"
"2023-11-01 21:00:00","PM2.5",1291.5452,0,0,74.6721,811.9907,78.696,26.3691,NA,0,0,0,29.0389,0,0,3.305,3.3193,0,0,1.0663,0,1.6615,1.8701,0,0,0,15.7895,NA,NA,0,NA,NA,NA,NA,0,0,0,0,0,1.4042,NA,"1b","1b","1b","1b","1b","1b","1b","3b","1b","1b","1b","1b","1b","1b","1b","1b","1b","1b","1b","1b","1b","1b","1b","1b","1b","1b","3b","3b","1b","3b","3b","3b","3b","1b","1b","1b","1b","1b","1b","3b"
"2023-11-01 22:00:00","PM10",NA,0,0,132.5212,1938.7274,92.3421,68.4777,NA,0,NA,0,58.4681,0,0,2.7452,6.909,NA,0,0.963,NA,3.0258,NA,0,0,0,17.3757,0,0,0,NA,NA,NA,2.9872,0,0,0,0,0,NA,0,"3b","1b","1b","1b","1b","1b","1b","3b","1b","3b","1b","1b","1b","1b","1b","1b","3b","1b","1b","3b","1b","3b","1b","1b","1b","1b","1b","1b","1b","3b","3b","3b","1b","1b","1b","1b","1b","1b","3b","1b"
"2023-11-01 23:00:00","PM2.5",NA,0,0.4033,92.4434,554.1265,62.8027,19.2318,NA,0,0,0,26.642,0,0,2.1387,4.9234,NA,0,1.0835,0,2.0967,NA,0,NA,0,NA,0,0,0,NA,NA,NA,4.2988,0,0,0,0,0,2.312,0,"3b","1b","1b","1b","1b","1b","1b","3b","1b","1b","1b","1b","1b","1b","1b","1b","3b","1b","1b","1b","1b","3b","1b","3b","1b","3b","1b","1b","1b","3b","3b","3b","1b","1b","1b","1b","1b","1b","1b","1b"
"2023-11-02 00:30:00","PM10",1338.8512,0,NA,91.9708,613.5342,40.8879,33.9567,2.2221,NA,0.005,0,34.0902,0,0,1.4761,1.8266,NA,0,NA,0,1.5216,NA,0,0,0,29.155,NA,NA,0,NA,0,NA,0,0,NA,0,0,0,NA,0,"1b","1b","3b","1b","1b","1b","1b","1b","3b","1b","1b","1b","1b","1b","1b","1b","3b","1b","3b","1b","1b","3b","1b","1b","1b","1b","3b","3b","1b","3b","1b","3b","1b","1b","3b","1b","1b","1b","3b","1b"
"2023-11-02 01:00:00","PM2.5",NA,0,0,58.7343,98.7777,16.2976,8.7296,1.0707,0,0,0,13.1349,NA,0,0.6655,1.1404,0,0,NA,0,NA,NA,0,0,0,NA,0,0,0,NA,0,0,0,0,0,0,0,0,NA,0,"3b","1b","1b","1b","1b","1b","1b","1b","1b","1b","1b","1b","3b","1b","1b","1b","1b","1b","3b","1b","3b","3b","1b","1b","1b","3b","1b","1b","1b","3b","1b","1b","1b","1b","1b","1b","1b","1b","3b","1b"
"2023-11-02 02:00:00","PM10",NA,0,NA,44.9712,167.8413,17.5475,9.872,NA,0,0,0,17.6978,0,NA,0.8114,1.3077,0,0,0,0,NA,NA,0,0,0,NA,NA,NA,0,0,NA,0,NA,0,0,0,0,0,NA,0,"3b","1b","3b","1b","1b","1b","1b","3b","1b","1b","1b","1b","1b","3b","1b","1b","1b","1b","1b","1b","3b","3b","1b","1b","1b","3b","3b","3b","1b","1b","3b","1b","3b","1b","1b","1b","1b","1b","3b","1b"
"2023-11-02 03:00:00","PM2.5",NA,0,0,90.1385,31.368,16.8947,8.1005,NA,0,0,0,11.6222,0,0,0.7392,2.272,0.0035,0,0,0,NA,NA,0,0,0,NA,0,NA,0,0,0,0,NA,0,0,0,0,0,2.7807,0,"3b","1b","1b","1b","1b","1b","1b","3b","1b","1b","1b","1b","1b","1b","1b","1b","1b","1b","1b","1b","3b","3b","1b","1b","1b","3b","1b","3b","1b","1b","1b","1b","3b","1b","1b","1b","1b","1b","1b","1b"
"2023-11-02 04:00:00","PM10",NA,0,0,61.8907,92.2855,27.582,31.7879,NA,0,NA,0,28.2141,0,0,0.955,7.3623,0,0,NA,0.0012,NA,NA,0,0,0,20.762,NA,NA,0,0,NA,NA,NA,0,0,0,0,0,NA,0,"3b","1b","1b","1b","1b","1b","1b","3b","1b","3b","1b","1b","1b","1b","1b","1b","1b","1b","3b","1b","3b","3b","1b","1b","1b","1b","3b","3b","1b","1b","3b","3b","3b","1b","1b","1b","1b","1b","3b","1b"
"2023-11-02 05:00:00","PM2.5",NA,0,NA,34.5963,54.6869,19.8039,12.0684,NA,0,0,0,23.7984,0,NA,0.9419,7.8576,0,0,0.6913,0,NA,NA,0,0,0,21.7949,NA,NA,0,0,NA,NA,0,0,0,0,0,0,NA,0,"3b","1b","3b","1b","1b","1b","1b","3b","1b","1b","1b","1b","1b","3b","1b","1b","1b","1b","1b","1b","3b","3b","1b","1b","1b","1b","3b","3b","1b","1b","3b","3b","1b","1b","1b","1b","1b","1b","3b","1b"
"2023-11-02 06:00:00","PM10",NA,0,0,69.0066,158.3884,32.4393,52.3723,3.0782,0,NA,NA,144.0811,0,NA,7.364,5.6386,0,0,NA,0.0022,0,NA,0,0,0,NA,NA,NA,0,0,NA,NA,NA,0,0,0,0,0,0,0,"3b","1b","1b","1b","1b","1b","1b","1b","1b","3b","3b","1b","1b","3b","1b","1b","1b","1b","3b","1b","1b","3b","1b","1b","1b","3b","3b","3b","1b","1b","3b","3b","3b","1b","1b","1b","1b","1b","1b","1b"
"2023-11-02 07:00:00","PM2.5",834.4599,0,0,39.3318,59.1873,15.0116,16.0759,1.7489,NA,0,NA,112.8342,0,0,3.9045,1.8605,0,0,NA,0,NA,NA,0,0,0,20.8735,NA,0,0,0,NA,NA,0,0,NA,0,NA,0,0,0,"1b","1b","1b","1b","1b","1b","1b","1b","3b","1b","3b","1b","1b","1b","1b","1b","1b","1b","3b","1b","3b","3b","1b","1b","1b","1b","3b","1b","1b","1b","3b","3b","1b","1b","3b","1b","3b","1b","1b","1b"
"2023-11-02 08:00:00","PM10",679.9581,0,0,95.8588,297.921,54.0312,71.4277,6.2975,NA,0.6808,16.5899,409.8165,0,NA,13.1442,28.4057,0,0,NA,0,1.1796,NA,0,0,0,13.4918,NA,0,0,NA,0,NA,NA,0,0,0,0,0,1.794,0,"1b","1b","1b","1b","1b","1b","1b","1b","3b","1b","1b","1b","1b","3b","1b","1b","1b","1b","3b","1b","1b","3b","1b","1b","1b","1b","3b","1b","1b","3b","1b","3b","3b","1b","1b","1b","1b","1b","1b","1b"
"2023-11-02 09:00:00","PM2.5",NA,0,0,114.3382,91.6784,33.8786,28.9116,2.532,0,NA,2.7543,104.65,NA,NA,8.2223,27.3452,0,0,0.4142,0,1.107,NA,0,0,0,12.2185,NA,0,0,0,NA,NA,NA,0,0,0,0,0,3.6059,0,"3b","1b","1b","1b","1b","1b","1b","1b","1b","3b","1b","1b","3b","3b","1b","1b","1b","1b","1b","1b","1b","3b","1b","1b","1b","1b","3b","1b","1b","1b","3b","3b","3b","1b","1b","1b","1b","1b","1b","1b"
"2023-11-02 10:00:00","PM10",NA,0,NA,211.4414,54.4357,42.0553,57.3236,3.1099,NA,0.6919,3.5646,147.8786,0,0,7.2416,23.2286,0,0,1.2083,NA,1.6051,NA,0,0,0,11.9464,NA,0.0208,0,0,NA,0,NA,0,0,0,0,0,2.7143,0,"3b","1b","3b","1b","1b","1b","1b","1b","3b","1b","1b","1b","1b","1b","1b","1b","1b","1b","1b","3b","1b","3b","1b","1b","1b","1b","3b","1b","1b","1b","3b","1b","3b","1b","1b","1b","1b","1b","1b","1b"
"2023-11-02 11:00:00","PM2.5",NA,0,0,187.8377,0,17.5386,16.7507,NA,NA,0.6638,1.4159,65.6336,NA,NA,4.2756,14.4372,0,0,0.6316,0,0.7077,0,0,0,0,21.5488,0,0,0,NA,0,NA,NA,0,NA,0,0,0,3.9515,0,"3b","1b","1b","1b","1b","1b","1b","3b","3b","1b","1b","1b","3b","3b","1b","1b","1b","1b","1b","1b","1b","1b","1b","1b","1b","1b","1b","1b","1b","3b","1b","3b","3b","1b","3b","1b","1b","1b","1b","1b"
"2023-11-02 12:00:00","PM10",770.2964,0,0,282.2732,61.3712,29.6971,29.0823,NA,0,NA,NA,55.6861,0,NA,2.831,4.8605,0,0,0.6518,NA,0.6991,NA,0,0,0,9.4793,0,NA,0,0,0,NA,0,0,0,0,0,0,0,0,"1b","1b","1b","1b","1b","1b","1b","3b","1b","3b","3b","1b","1b","3b","1b","1b","1b","1b","1b","3b","1b","3b","1b","1b","1b","1b","1b","3b","1b","1b","1b","3b","1b","1b","1b","1b","1b","1b","1b","1b"
"2023-11-02 13:00:00","PM2.5",NA,0,0,41.87,43.5192,12.2276,12.1647,0,0,NA,0,27.367,NA,NA,2.051,3.3799,0,0,NA,0,NA,NA,0,0,0,10.2741,NA,NA,0,0,NA,0,NA,0,0,0,0.0147,0,0,0,"3b","1b","1b","1b","1b","1b","1b","1b","1b","3b","1b","1b","3b","3b","1b","1b","1b","1b","3b","1b","3b","3b","1b","1b","1b","1b","3b","3b","1b","1b","3b","1b","3b","1b","1b","1b","1b","1b","1b","1b"
"2023-11-02 14:00:00","PM10",NA,0,0,69.0387,257.4709,38.6323,27.0627,1.1103,0,NA,0,66.5407,0,0,4.1091,17.7484,0,0,1.3342,0,1.1753,1.5691,0,0,0,15.4464,NA,NA,0,0,NA,NA,NA,0,0,0,0,0,3.0835,0,"3b","1b","1b","1b","1b","1b","1b","1b","1b","3b","1b","1b","1b","1b","1b","1b","1b","1b","1b","1b","1b","1b","1b","1b","1b","1b","3b","3b","1b","1b","3b","3b","3b","1b","1b","1b","1b","1b","1b","1b"
"2023-11-02 15:00:00","PM2.5",NA,0,NA,38.4451,139.7663,12.8171,9.49,0,0,0,0,28.299,0,0,2.5305,5.5551,0,0,0.7866,0,0.582,NA,0,0,0,17.1282,NA,NA,0,NA,0,0,NA,0,NA,0,0,0,NA,0,"3b","1b","3b","1b","1b","1b","1b","1b","1b","1b","1b","1b","1b","1b","1b","1b","1b","1b","1b","1b","1b","3b","1b","1b","1b","1b","3b","3b","1b","3b","1b","1b","3b","1b","3b","1b","1b","1b","3b","1b"
"2023-11-02 16:00:00","PM10",1182.7528,0,0,106.2372,538.7055,36.1766,47.3945,2.6649,0,NA,NA,96.3569,0,0,7.0976,4.3235,0,0,0.7586,0,1.7606,NA,0,0,0,NA,0,NA,0,0,0,0,NA,0,0,0,0,0,NA,0,"1b","1b","1b","1b","1b","1b","1b","1b","1b","3b","3b","1b","1b","1b","1b","1b","1b","1b","1b","1b","1b","3b","1b","1b","1b","3b","1b","3b","1b","1b","1b","1b","3b","1b","1b","1b","1b","1b","3b","1b"
"2023-11-02 17:00:00","PM2.5",0,0,0,110.6042,508.5221,29.8481,19.02,NA,0,0,NA,38.4517,NA,0,3.5451,17.6871,0,0,0,0.0023,1.0685,NA,0,0,0,11.5167,NA,NA,0,NA,NA,NA,NA,0,0,0,0,0,NA,0,"1b","1b","1b","1b","1b","1b","1b","3b","1b","1b","3b","1b","3b","1b","1b","1b","1b","1b","1b","1b","1b","3b","1b","1b","1b","1b","3b","3b","1b","3b","3b","3b","3b","1b","1b","1b","1b","1b","3b","1b"
"2023-11-02 18:00:00","PM10",NA,0.4661,0,142.3857,1385.5549,87.0891,50.8382,1.6739,0,0,0,69.777,0,0,5.5676,3.4017,0,0,0,0,2.9008,1.5134,0,0,0,NA,NA,0,0,NA,0,NA,NA,0,0,0,0,0,NA,0,"3b","1b","1b","1b","1b","1b","1b","1b","1b","1b","1b","1b","1b","1b","1b","1b","1b","1b","1b","1b","1b","1b","1b","1b","1b","3b","3b","1b","1b","3b","1b","3b","3b","1b","1b","1b","1b","1b","3b","1b"
"2023-11-02 19:00:00","PM2.5",NA,0,0,61.9084,556.9954,32.524,18.1544,NA,0,0.0019,0,42.3527,0,0,4.8864,2.4693,0,0,NA,0,0.7024,NA,0,0,0,16.4999,0,NA,0,NA,0,NA,NA,0,0,0,0,0,0.9634,0,"3b","1b","1b","1b","1b","1b","1b","3b","1b","1b","1b","1b","1b","1b","1b","1b","1b","1b","3b","1b","1b","3b","1b","1b","1b","1b","1b","3b","1b","3b","1b","3b","3b","1b","1b","1b","1b","1b","1b","1b"
"2023-11-02 20:00:00","PM10",NA,0,0,116.6924,1444.9256,68.2563,50.2022,NA,0,NA,0,76.1256,0,0,9.3847,2.9028,0,0,0,NA,2.8639,NA,0,0,0,11.0733,NA,NA,0,NA,NA,NA,NA,0,0,0,0,0,0.9089,0,"3b","1b","1b","1b","1b","1b","1b","3b","1b","3b","1b","1b","1b","1b","1b","1b","1b","1b","1b","3b","1b","3b","1b","1b","1b","1b","3b","3b","1b","3b","3b","3b","3b","1b","1b","1b","1b","1b","1b","1b"
"2023-11-02 21:00:00","PM2.5",NA,0,NA,82.5098,542.0496,23.9598,21.6889,0,0,0,0,57.703,NA,0,8.7852,2.5428,0,0,NA,0,0.8902,NA,0,0,0,15.2084,NA,0,0,NA,0,NA,NA,0,0,0,0,0,0,0,"3b","1b","3b","1b","1b","1b","1b","1b","1b","1b","1b","1b","3b","1b","1b","1b","1b","1b","3b","1b","1b","3b","1b","1b","1b","1b","3b","1b","1b","3b","1b","3b","3b","1b","1b","1b","1b","1b","1b","1b"
"2023-11-02 22:00:00","PM10",980.6457,0,0,189.7569,797.2976,715.5047,17.3742,4.3213,0,0,NA,73.671,NA,0,16.3855,2.1649,0,0,0,0,1.0988,22.6183,0,0,0,NA,NA,0,0,0,NA,NA,40.3496,0,0,0,NA,0,0,4.6792,"1b","1b","1b","1b","1b","1b","1b","1b","1b","1b","3b","1b","3b","1b","1b","1b","1b","1b","1b","1b","1b","1b","1b","1b","1b","3b","3b","1b","1b","1b","3b","3b","1b","1b","1b","1b","3b","1b","1b","1b"
"2023-11-02 23:00:00","PM2.5",NA,0,0,28.7741,177.826,23.9295,8.469,0,0,0.0067,0,42.6969,0,0,2.6963,0.7289,0,NA,NA,NA,NA,NA,0,0,0,16.8549,0,NA,0,NA,NA,NA,NA,0,0,0,0,0,0,0,"3b","1b","1b","1b","1b","1b","1b","1b","1b","1b","1b","1b","1b","1b","1b","1b","1b","3b","3b","3b","3b","3b","1b","1b","1b","1b","1b","3b","1b","3b","3b","3b","3b","1b","1b","1b","1b","1b","1b","1b"
"2023-11-03 00:30:00","PM10",NA,0,0,62.9056,681.4529,27.3647,20.6508,0,0,0,0,23.783,0,0,1.2187,NA,0,0,0,0,NA,NA,0,0,NA,27.4127,NA,NA,0,0,0,NA,0,0,0,0,0,0,0,0,"3b","1b","1b","1b","1b","1b","1b","1b","1b","1b","1b","1b","1b","1b","1b","3b","1b","1b","1b","1b","3b","3b","1b","1b","3b","1b","3b","3b","1b","1b","1b","3b","1b","1b","1b","1b","1b","1b","1b","1b"
"2023-11-03 01:00:00","PM2.5",0,0,0,87.5545,589.3907,22.6327,20.8769,NA,0,0,0,11.3783,0,0.0102,0.5369,0.6612,NA,0,0,0,1.0354,NA,0,0,0,28.1533,0,0,0,NA,NA,NA,0,0,0,0,0,0,NA,0,"1b","1b","1b","1b","1b","1b","1b","3b","1b","1b","1b","1b","1b","1b","1b","1b","3b","1b","1b","1b","1b","3b","1b","1b","1b","1b","1b","1b","1b","3b","3b","3b","1b","1b","1b","1b","1b","1b","3b","1b"
"2023-11-03 02:00:00","PM10",726.6657,0,0,110.4505,1257.4159,46.2702,38.2292,0,0,NA,0,5.9307,NA,NA,NA,0.9032,NA,NA,1.2086,0,2.4227,NA,0,0,0,15.7179,0,NA,0,0,NA,NA,0,0,0,0,NA,0,0,0,"1b","1b","1b","1b","1b","1b","1b","1b","1b","3b","1b","1b","3b","3b","3b","1b","3b","3b","1b","1b","1b","3b","1b","1b","1b","1b","1b","3b","1b","1b","3b","3b","1b","1b","1b","1b","3b","1b","1b","1b"
"2023-11-03 03:00:00","PM2.5",795.422,0,0,56.1787,457.1711,18.2785,12.4524,0,0,0,0,3.4597,0,NA,0.596,1.4163,0,0,2.3807,NA,NA,NA,0,0,0,NA,NA,NA,0,NA,NA,0,NA,NA,0,0,0,0,0.9692,0,"1b","1b","1b","1b","1b","1b","1b","1b","1b","1b","1b","1b","1b","3b","1b","1b","1b","1b","1b","3b","3b","3b","1b","1b","1b","3b","3b","3b","1b","3b","3b","1b","3b","3b","1b","1b","1b","1b","1b","1b"
"2023-11-03 04:00:00","PM10",809.9576,0,0,125.7779,1770.4028,48.0333,43.8064,NA,0,0,0,10.686,NA,NA,NA,1.0835,NA,0,1.1078,0,3.0663,NA,0,0,0,NA,NA,0,0,0,0,0,0,0,0,0,0,0,NA,0,"1b","1b","1b","1b","1b","1b","1b","3b","1b","1b","1b","1b","3b","3b","3b","1b","3b","1b","1b","1b","1b","3b","1b","1b","1b","3b","3b","1b","1b","1b","1b","1b","1b","1b","1b","1b","1b","1b","3b","1b"
"2023-11-03 05:00:00","PM2.5",NA,0,0,67.632,732.1289,20.688,19.4229,0,NA,0,0,13.2109,0,0.0039,1.433,2.0815,NA,0,3.0789,NA,0.6458,1.5831,0,0,0,15.2721,NA,0,0,NA,NA,NA,NA,0,0,0,0,0,2.3245,0,"3b","1b","1b","1b","1b","1b","1b","1b","3b","1b","1b","1b","1b","1b","1b","1b","3b","1b","1b","3b","1b","1b","1b","1b","1b","1b","3b","1b","1b","3b","3b","3b","3b","1b","1b","1b","1b","1b","1b","1b"
"2023-11-03 06:00:00","PM10",NA,0,0,108.5813,1642.2087,52.0053,42.5506,NA,0,0,0,53.8751,NA,0,6.727,4.4042,0,0,7.2488,NA,2.3163,NA,0,0,0,14.9121,0,0,0,NA,NA,NA,NA,0,0,0,0,0,4.9068,0,"3b","1b","1b","1b","1b","1b","1b","3b","1b","1b","1b","1b","3b","1b","1b","1b","1b","1b","1b","3b","1b","3b","1b","1b","1b","1b","1b","1b","1b","3b","3b","3b","3b","1b","1b","1b","1b","1b","1b","1b"
"2023-11-03 07:00:00","PM2.5",682.547,0,NA,63.5731,663.5888,21.1871,20.1489,0,NA,0,0,69.7549,0,NA,6.2955,4.3376,0,0.0028,7.0434,NA,NA,NA,0,0,0,14.7989,NA,NA,0,NA,0,NA,2.7698,0,0,0,0,0,5.4103,0,"1b","1b","3b","1b","1b","1b","1b","1b","3b","1b","1b","1b","1b","3b","1b","1b","1b","1b","1b","3b","3b","3b","1b","1b","1b","1b","3b","3b","1b","3b","1b","3b","1b","1b","1b","1b","1b","1b","1b","1b"
"2023-11-03 08:00:00","PM10",NA,0,0,101.1714,1512.5575,45.0073,64.5249,1.1166,0,0,NA,173.7345,NA,NA,7.4797,4.2741,0,0,4.5886,NA,1.5742,NA,0,0,0,NA,0,NA,0,NA,NA,NA,3.4,0,0,0,0,0,NA,0,"3b","1b","1b","1b","1b","1b","1b","1b","1b","1b","3b","1b","3b","3b","1b","1b","1b","1b","1b","3b","1b","3b","1b","1b","1b","3b","1b","3b","1b","3b","3b","3b","1b","1b","1b","1b","1b","1b","3b","1b"
"2023-11-03 09:00:00","PM2.5",928.7576,0,0,89.8965,701.1086,22.0185,27.1082,0.0029,NA,0,0,54.6085,NA,NA,2.8378,3.1957,0,0,2.5392,0,0.7652,NA,0,0,0,NA,0,NA,0,0,NA,NA,0,0,0,0,NA,0,2.14,0,"1b","1b","1b","1b","1b","1b","1b","1b","3b","1b","1b","1b","3b","3b","1b","1b","1b","1b","1b","1b","1b","3b","1b","1b","1b","3b","1b","3b","1b","1b","3b","3b","1b","1b","1b","1b","3b","1b","1b","1b"
"2023-11-03 10:00:00","PM10",NA,0,0.2795,102.3183,1005.7566,37.3912,44.5423,NA,0,NA,0,103.6498,0,0,5.4435,2.4891,0,0,NA,0,1.6698,NA,0,0,0,15.3061,NA,0,0,NA,NA,NA,NA,0,0,0,0,0,0,0,"3b","1b","1b","1b","1b","1b","1b","3b","1b","3b","1b","1b","1b","1b","1b","1b","1b","1b","3b","1b","1b","3b","1b","1b","1b","1b","3b","1b","1b","3b","3b","3b","3b","1b","1b","1b","1b","1b","1b","1b"
"2023-11-03 11:00:00","PM2.5",NA,0,0,89.4161,302.862,15.2446,15.8697,0,0,0,0,34.9899,0,0,2.0266,1.884,0,0,0,0,0.8071,0,0,0,0,NA,NA,NA,0,0,0,NA,NA,0,0,0,NA,0,NA,0,"3b","1b","1b","1b","1b","1b","1b","1b","1b","1b","1b","1b","1b","1b","1b","1b","1b","1b","1b","1b","1b","1b","1b","1b","1b","3b","3b","3b","1b","1b","1b","3b","3b","1b","1b","1b","3b","1b","3b","1b"
"2023-11-03 12:00:00","PM10",NA,NA,0,113.6413,623.7584,46.3816,45.8952,1.7817,NA,NA,0.0016,90.8888,NA,NA,4.9881,2.2392,0,0,NA,0,1.1388,NA,0,0,0,NA,0,NA,0,NA,NA,NA,NA,0,NA,0,0,0,1.2994,0,"3b","3b","1b","1b","1b","1b","1b","1b","3b","3b","1b","1b","3b","3b","1b","1b","1b","1b","3b","1b","1b","3b","1b","1b","1b","3b","1b","3b","1b","3b","3b","3b","3b","1b","3b","1b","1b","1b","1b","1b"
"2023-11-03 13:00:00","PM2.5",NA,0,0,105.8202,280.4755,19.0763,20.8143,1.0644,0,0,0,46.0639,NA,NA,2.4196,1.2447,0,0,NA,0,1.3711,NA,0,0,0,11.0255,NA,0,0,NA,NA,NA,NA,0,0,0,0,0,0,0,"3b","1b","1b","1b","1b","1b","1b","1b","1b","1b","1b","1b","3b","3b","1b","1b","1b","1b","3b","1b","1b","3b","1b","1b","1b","1b","3b","1b","1b","3b","3b","3b","3b","1b","1b","1b","1b","1b","1b","1b"
"2023-11-03 14:00:00","PM10",0,0,0,117.2419,696.1323,34.2695,80.8136,1.9372,0,0,NA,131.423,NA,NA,7.9843,3.665,0,0,0,NA,1.8126,NA,0,0,0,13.1955,NA,NA,0,NA,NA,NA,3.2414,0,0,0,NA,0,NA,0,"1b","1b","1b","1b","1b","1b","1b","1b","1b","1b","3b","1b","3b","3b","1b","1b","1b","1b","1b","3b","1b","3b","1b","1b","1b","1b","3b","3b","1b","3b","3b","3b","1b","1b","1b","1b","3b","1b","3b","1b"
"2023-11-03 15:00:00","PM2.5",0,NA,0,75.5534,253.7629,31.9138,19.5282,NA,0,0,0,105.7589,0,NA,7.0607,4.3225,0,0,NA,0,1.3339,NA,0,0,0,13.9344,NA,0,0,0,NA,NA,2.9387,0,0,0,0,0,NA,0,"1b","3b","1b","1b","1b","1b","1b","3b","1b","1b","1b","1b","1b","3b","1b","1b","1b","1b","3b","1b","1b","3b","1b","1b","1b","1b","3b","1b","1b","1b","3b","3b","1b","1b","1b","1b","1b","1b","3b","1b"
"2023-11-03 16:00:00","PM10",NA,NA,0,116.0385,757.2217,47.466,58.568,2.476,0,NA,1.4971,222.8559,0,0,8.3294,4.9165,0,0,NA,0,2.6402,NA,0,NA,0,11.3449,NA,0,0,NA,0,NA,3.9573,0,0,0,0,0,0,0,"3b","3b","1b","1b","1b","1b","1b","1b","1b","3b","1b","1b","1b","1b","1b","1b","1b","1b","3b","1b","1b","3b","1b","3b","1b","1b","3b","1b","1b","3b","1b","3b","1b","1b","1b","1b","1b","1b","1b","1b"
"2023-11-03 17:00:00","PM2.5",NA,0,0,98.1671,405.6471,33.9568,24.9233,0,0,0,0,101.8958,NA,NA,4.6928,3.6166,0,0,0.3799,0,1.4882,NA,0,0,0,NA,0,0,0,NA,NA,0,NA,0,NA,0,0,0,3.6916,0,"3b","1b","1b","1b","1b","1b","1b","1b","1b","1b","1b","1b","3b","3b","1b","1b","1b","1b","1b","1b","1b","3b","1b","1b","1b","3b","1b","1b","1b","3b","3b","1b","3b","1b","3b","1b","1b","1b","1b","1b"
"2023-11-03 18:00:00","PM10",NA,1.1123,0,181.6624,1072.5702,219.2646,66.0834,4.23,0,NA,1.2672,351.3931,0,0,24.9171,10.6969,0,0,2.4898,0,7.2549,5.3556,0,0,0,11.6054,0,NA,0,0,NA,NA,23.9021,0,0,0,0,0,16.3066,2.154,"3b","1b","1b","1b","1b","1b","1b","1b","1b","3b","1b","1b","1b","1b","1b","1b","1b","1b","1b","1b","1b","1b","1b","1b","1b","1b","1b","3b","1b","1b","3b","3b","1b","1b","1b","1b","1b","1b","1b","1b"
"2023-11-03 19:00:00","PM2.5",NA,0,0,136.6077,332.2953,267.2768,10.4735,1.8155,0,0,NA,133.587,0,0,16.6409,6.3302,0,0,1.1616,NA,3.0011,7.3211,0,0,0,18.1663,0,0,0,NA,NA,NA,15.2784,0,0,0,0,0,4.0653,3.4279,"3b","1b","1b","1b","1b","1b","1b","1b","1b","1b","3b","1b","1b","1b","1b","1b","1b","1b","1b","3b","1b","1b","1b","1b","1b","1b","1b","1b","1b","3b","3b","3b","1b","1b","1b","1b","1b","1b","1b","1b"
"2023-11-03 20:00:00","PM10",NA,0,0,172.4736,740.6569,222.9265,36.1201,1.3026,0,NA,NA,147.9044,0,0,11.0955,35.0212,0,0,2.7605,NA,4.5972,3.3038,0,0,0,NA,NA,NA,0,0.1403,NA,NA,9.876,0,0,0,0,0,8.0323,1.0925,"3b","1b","1b","1b","1b","1b","1b","1b","1b","3b","3b","1b","1b","1b","1b","1b","1b","1b","1b","3b","1b","1b","1b","1b","1b","3b","3b","3b","1b","1b","3b","3b","1b","1b","1b","1b","1b","1b","1b","1b"
"2023-11-03 21:00:00","PM2.5",705.15,0,0,178.4709,430.3175,276.5261,15.3732,1.4444,0,NA,0,43.6448,NA,NA,9.0408,48.6339,0,0,29.0773,0,3.101,8.231,0,0,0,NA,NA,NA,0,0,NA,0,18.1488,0,0,0,0,0,3.6415,3.1215,"1b","1b","1b","1b","1b","1b","1b","1b","1b","3b","1b","1b","3b","3b","1b","1b","1b","1b","1b","1b","1b","1b","1b","1b","1b","3b","3b","3b","1b","1b","3b","1b","1b","1b","1b","1b","1b","1b","1b","1b"
"2023-11-03 22:00:00","PM10",NA,0,0,208.8471,1254.1018,290.4847,42.9918,2.0883,0,0,NA,69.3864,NA,0,13.2573,25.585,0,0,10.5697,0,4.0648,5.9136,0,0,0,13.1949,NA,0,0,0,0,NA,16.3889,0,0,0,0,0,15.435,3.4718,"3b","1b","1b","1b","1b","1b","1b","1b","1b","1b","3b","1b","3b","1b","1b","1b","1b","1b","1b","1b","1b","1b","1b","1b","1b","1b","3b","1b","1b","1b","1b","3b","1b","1b","1b","1b","1b","1b","1b","1b"
"2023-11-03 23:00:00","PM2.5",NA,0,0,170.4958,533.9661,178.2755,14.4722,NA,NA,NA,0,39.9179,NA,NA,5.0693,37.3993,0,0,2.7343,0,4.7986,NA,0,NA,0,NA,0,NA,0,NA,NA,NA,NA,0,0,0,0,0,41.734,0,"3b","1b","1b","1b","1b","1b","1b","3b","3b","3b","1b","1b","3b","3b","1b","1b","1b","1b","1b","1b","1b","3b","1b","3b","1b","3b","1b","3b","1b","3b","3b","3b","3b","1b","1b","1b","1b","1b","1b","1b"
"2023-11-04 00:30:00","PM10",NA,0,0,276.5018,1121.84,309.3672,32.4198,0,0,0,0,127.3581,0,0,9.1479,113.8525,0,0,7.3822,0,9.3599,NA,0,0,0,19.6179,0,0,0,0,NA,0,NA,0,0,0,0,0,128.5566,0,"3b","1b","1b","1b","1b","1b","1b","1b","1b","1b","1b","1b","1b","1b","1b","1b","1b","1b","1b","1b","1b","3b","1b","1b","1b","1b","1b","1b","1b","1b","3b","1b","3b","1b","1b","1b","1b","1b","1b","1b"
"2023-11-04 01:00:00","PM2.5",0,0,0,274.0334,503.6035,294.7526,10.6952,5.7346,0,NA,0,30.6005,0,NA,4.4727,72.5449,0,0,5.1283,0,5.1629,3.6773,0,0,0,9.7228,NA,0,0,0,NA,0,5.9893,0,0,0,0,0,56.1153,NA,"1b","1b","1b","1b","1b","1b","1b","1b","1b","3b","1b","1b","1b","3b","1b","1b","1b","1b","1b","1b","1b","1b","1b","1b","1b","1b","3b","1b","1b","1b","3b","1b","1b","1b","1b","1b","1b","1b","1b","3b"
"2023-11-04 02:00:00","PM10",NA,0,0,368.7991,1131.3915,263.3506,69.9369,4.3505,0,NA,NA,79.5215,NA,0,6.4285,32.1582,0,0,3.1591,0,7.3366,4.6446,0,0,0,NA,NA,NA,0,0,NA,0,5.3875,0,0,0,0,0,7.1546,1.2319,"3b","1b","1b","1b","1b","1b","1b","1b","1b","3b","3b","1b","3b","1b","1b","1b","1b","1b","1b","1b","1b","1b","1b","1b","1b","3b","3b","3b","1b","1b","3b","1b","1b","1b","1b","1b","1b","1b","1b","1b"
"2023-11-04 03:00:00","PM2.5",NA,0,0,180.4129,305.0527,172.9254,20.0029,1.8255,0,0,NA,38.4354,0,NA,4.5676,30.3148,0,0,3.072,0,7.1571,2.2304,0,0,0,12.5471,NA,0,0,0,0,NA,NA,0,NA,0,0,0,18.0243,NA,"3b","1b","1b","1b","1b","1b","1b","1b","1b","1b","3b","1b","1b","3b","1b","1b","1b","1b","1b","1b","1b","1b","1b","1b","1b","1b","3b","1b","1b","1b","1b","3b","3b","1b","3b","1b","1b","1b","1b","3b"
"2023-11-04 04:00:00","PM10",0,0,0,174.6235,878.9064,167.3593,44.6834,NA,NA,NA,NA,60.3666,0,0,3.7933,20.2338,0,0,1.3816,0,4.1618,2.2568,0,0,0,NA,0,NA,0,0,NA,0,NA,0,NA,0,0,0,11.8316,NA,"1b","1b","1b","1b","1b","1b","1b","3b","3b","3b","3b","1b","1b","1b","1b","1b","1b","1b","1b","1b","1b","1b","1b","1b","1b","3b","1b","3b","1b","1b","3b","1b","3b","1b","3b","1b","1b","1b","1b","3b"
"2023-11-04 05:00:00","PM2.5",NA,0,0,163.8031,215.2216,162.5979,9.402,NA,0,NA,NA,23.2371,NA,NA,3.7826,17.7347,0,0,NA,0,3.9745,2.0782,0,0,0,NA,NA,NA,0,NA,NA,NA,3.5453,0,0,0,0,0,10.5263,0,"3b","1b","1b","1b","1b","1b","1b","3b","1b","3b","3b","1b","3b","3b","1b","1b","1b","1b","3b","1b","1b","1b","1b","1b","1b","3b","3b","3b","1b","3b","3b","3b","1b","1b","1b","1b","1b","1b","1b","1b"
"2023-11-04 06:00:00","PM10",NA,0,0,176.1345,1177.4685,150.3716,48.7997,NA,0,0,0.0036,48.9428,0,NA,3.7585,13.6487,0,0,0,0,4.3743,NA,0,0,0,NA,0,0,0,0,NA,NA,2.9026,0,0,0,0,0,9.8444,0.002,"3b","1b","1b","1b","1b","1b","1b","3b","1b","1b","1b","1b","1b","3b","1b","1b","1b","1b","1b","1b","1b","3b","1b","1b","1b","3b","1b","1b","1b","1b","3b","3b","1b","1b","1b","1b","1b","1b","1b","1b"
"2023-11-04 07:00:00","PM2.5",NA,0,0,107.3167,264.8196,77.7449,11.9642,NA,0,NA,0,21.412,NA,0,2.5414,5.879,0,0,0.9607,0,1.8762,NA,0,0,0,NA,NA,0,0,0,NA,NA,NA,0,0,0,0,0,2.526,NA,"3b","1b","1b","1b","1b","1b","1b","3b","1b","3b","1b","1b","3b","1b","1b","1b","1b","1b","1b","1b","1b","3b","1b","1b","1b","3b","3b","1b","1b","1b","3b","3b","3b","1b","1b","1b","1b","1b","1b","3b"
"2023-11-04 08:00:00","PM10",NA,0,0,108.2467,281.1985,64.4658,15.6463,NA,0,0,0,26.804,NA,NA,2.8991,4.5527,0,0,0.8095,0,2.4501,NA,0,0,0,0,0,NA,0,0,NA,NA,NA,0,0,0,0,0,2.1227,0,"3b","1b","1b","1b","1b","1b","1b","3b","1b","1b","1b","1b","3b","3b","1b","1b","1b","1b","1b","1b","1b","3b","1b","1b","1b","1b","1b","3b","1b","1b","3b","3b","3b","1b","1b","1b","1b","1b","1b","1b"
"2023-11-04 09:00:00","PM2.5",NA,0,NA,125.6733,66.224,32.8362,9.9028,0,0,0,0,22.8846,NA,0,1.1914,4.8626,0,0,1.4642,0,1.7849,NA,0,0,0,10.5234,0,0,0,NA,NA,NA,NA,0,0,0,0,0,1.4196,0,"3b","1b","3b","1b","1b","1b","1b","1b","1b","1b","1b","1b","3b","1b","1b","1b","1b","1b","1b","1b","1b","3b","1b","1b","1b","1b","1b","1b","1b","3b","3b","3b","3b","1b","1b","1b","1b","1b","1b","1b"
"2023-11-04 10:00:00","PM10",945.2971,0,0,131.9235,102.6734,42.7074,31.1116,NA,0,0,NA,56.1938,NA,0,2.5884,6.6721,0,0,1.1386,0,2.1526,NA,0,0,0,29.0878,0,NA,0,0,0,0,NA,0,0,0,0,0,2.4596,0,"1b","1b","1b","1b","1b","1b","1b","3b","1b","1b","3b","1b","3b","1b","1b","1b","1b","1b","1b","1b","1b","3b","1b","1b","1b","1b","1b","3b","1b","1b","1b","1b","3b","1b","1b","1b","1b","1b","1b","1b"
"2023-11-04 11:00:00","PM2.5",902.1933,0,NA,47.048,54.0994,20.8931,9.5845,NA,NA,0,0,26.5208,0,NA,1.0182,3.2061,0,0,0,NA,1.0096,NA,0,0,0,12.1569,NA,0,0,NA,NA,0,NA,0,0,0,0,0,1.5449,0,"1b","1b","3b","1b","1b","1b","1b","3b","3b","1b","1b","1b","1b","3b","1b","1b","1b","1b","1b","3b","1b","3b","1b","1b","1b","1b","3b","1b","1b","3b","3b","1b","3b","1b","1b","1b","1b","1b","1b","1b"
"2023-11-04 12:00:00","PM10",NA,0,0,65.915,59.7038,26.5534,21.0368,NA,NA,NA,0,44.1525,0,NA,1.2717,3.5408,0,0,0,0,0.6563,NA,0,0,0,16.1342,0,NA,0,NA,NA,NA,NA,0,0,0,0,0,2.6739,0,"3b","1b","1b","1b","1b","1b","1b","3b","3b","3b","1b","1b","1b","3b","1b","1b","1b","1b","1b","1b","1b","3b","1b","1b","1b","1b","1b","3b","1b","3b","3b","3b","3b","1b","1b","1b","1b","1b","1b","1b"
"2023-11-04 13:00:00","PM2.5",NA,0,0,76.9511,NA,10.7035,8.5214,NA,0,0,0,36.9577,0,0,1.6506,3.8363,0,0,0.7777,0,NA,NA,0,0,0,10.2034,0,0,0,NA,NA,NA,NA,0,NA,0,0,0,0.8014,0,"3b","1b","1b","1b","3b","1b","1b","3b","1b","1b","1b","1b","1b","1b","1b","1b","1b","1b","1b","1b","3b","3b","1b","1b","1b","1b","1b","1b","1b","3b","3b","3b","3b","1b","3b","1b","1b","1b","1b","1b"
"2023-11-04 14:00:00","PM10",601.2121,0,0,127.0626,60.3838,28.6913,38.5768,2.3485,0,NA,NA,117.1289,0,0,3.9018,3.9656,0,0,1.7303,0,NA,NA,0,0,0,9.4092,0,0,0,0,NA,NA,NA,0,0,0,0,0,1.9536,0,"1b","1b","1b","1b","1b","1b","1b","1b","1b","3b","3b","1b","1b","1b","1b","1b","1b","1b","1b","1b","3b","3b","1b","1b","1b","1b","1b","1b","1b","1b","3b","3b","3b","1b","1b","1b","1b","1b","1b","1b"
"2023-11-04 15:00:00","PM2.5",NA,0,0,125.876,17.2862,27.6181,16.9731,NA,0,NA,NA,89.8929,NA,NA,3.3479,4.7272,0,0,0.8386,0,1.2024,0,0,0,0,12.9247,NA,0,0,0,NA,NA,2.9276,0,0,0,0,0,3.3458,0,"3b","1b","1b","1b","1b","1b","1b","3b","1b","3b","3b","1b","3b","3b","1b","1b","1b","1b","1b","1b","1b","1b","1b","1b","1b","1b","3b","1b","1b","1b","3b","3b","1b","1b","1b","1b","1b","1b","1b","1b"
"2023-11-04 16:00:00","PM10",NA,0,0,185.0475,174.2114,45.4733,30.2564,2.6021,0,NA,NA,186.0425,0,NA,5.2958,16.2986,0,0,2.4124,0,17.2091,NA,0,NA,0,11.971,0,NA,0,NA,0,NA,3.2548,0,0,0,0,0,7.2635,0,"3b","1b","1b","1b","1b","1b","1b","1b","1b","3b","3b","1b","1b","3b","1b","1b","1b","1b","1b","1b","1b","3b","1b","3b","1b","1b","1b","3b","1b","3b","1b","3b","1b","1b","1b","1b","1b","1b","1b","1b"
"2023-11-04 17:00:00","PM2.5",NA,0,0,196.7224,203.2523,88.644,10.387,1.468,0,NA,NA,95.2467,0,NA,4.8603,21.4182,0,0,2.3845,NA,5.5566,NA,0,0,0,11.8087,NA,NA,0,NA,NA,0.1608,3.5245,0,0,0,0,0,10.11,0,"3b","1b","1b","1b","1b","1b","1b","1b","1b","3b","3b","1b","1b","3b","1b","1b","1b","1b","1b","3b","1b","3b","1b","1b","1b","1b","3b","3b","1b","3b","3b","1b","1b","1b","1b","1b","1b","1b","1b","1b"
"2023-11-04 18:00:00","PM10",753.7182,0,0,463.1634,312.0436,523.218,38.8251,7.5824,0,NA,1.5734,242.6426,NA,0,23.4805,35.6718,0,0,3.8828,0,5.8112,11.2543,0,0,0,19.2246,0,0,0,NA,NA,NA,37.2163,0,0,0,0,0,8.7816,8.6066,"1b","1b","1b","1b","1b","1b","1b","1b","1b","3b","1b","1b","3b","1b","1b","1b","1b","1b","1b","1b","1b","1b","1b","1b","1b","1b","1b","1b","1b","3b","3b","3b","1b","1b","1b","1b","1b","1b","1b","1b"
"2023-11-04 19:00:00","PM2.5",1339.6547,0,0,965.3966,477.6827,1763.8625,13.3338,12.1719,0,NA,2.9408,193.5192,0.0025,0,75.1054,48.6737,0,0,7.7173,0,12.0366,48.2007,0,0,0,NA,NA,0,0,NA,NA,0,136.8954,0,0,0,0,0,13.8926,47.5781,"1b","1b","1b","1b","1b","1b","1b","1b","1b","3b","1b","1b","1b","1b","1b","1b","1b","1b","1b","1b","1b","1b","1b","1b","1b","3b","3b","1b","1b","3b","3b","1b","1b","1b","1b","1b","1b","1b","1b","1b"
"2023-11-04 20:00:00","PM10",1129.9195,0,0,1739.9118,1449.401,3722.2147,36.3174,37.2309,NA,4.3444,5.4632,298.9153,0,0,142.3869,97.097,0,0,13.5891,0,21.9812,102.1149,0,0,NA,11.4595,NA,NA,0,0,NA,NA,253.7374,0,0,0,0,0,37.4561,99.702,"1b","1b","1b","1b","1b","1b","1b","1b","3b","1b","1b","1b","1b","1b","1b","1b","1b","1b","1b","1b","1b","1b","1b","1b","3b","1b","3b","3b","1b","1b","3b","3b","1b","1b","1b","1b","1b","1b","1b","1b"
"2023-11-04 21:00:00","PM2.5",1431.464,0,0,1792.7326,1267.9772,3792.0206,NA,33.7554,1.2568,2.7489,4.1648,93.9944,NA,0.0012,131.6969,148.5362,0,0,24.8567,0,34.4592,92.1197,0,0,NA,19.1238,NA,NA,0,0,0,0,225.4503,0,0,0,0,0,44.4676,80.8339,"1b","1b","1b","1b","1b","1b","3b","1b","1b","1b","1b","1b","3b","1b","1b","1b","1b","1b","1b","1b","1b","1b","1b","1b","3b","1b","3b","3b","1b","1b","1b","1b","1b","1b","1b","1b","1b","1b","1b","1b"
"2023-11-04 22:00:00","PM10",NA,0,0,406.2057,179.8921,953.5741,13.7101,10.004,NA,NA,0.8326,125.3928,NA,0,35.9155,34.3758,0,0,4.7403,0,6.1931,22.5615,0,0,0,11.4129,NA,0,0,NA,NA,NA,56.452,0,0,0,0,0,10.4586,17.1591,"3b","1b","1b","1b","1b","1b","1b","1b","3b","3b","1b","1b","3b","1b","1b","1b","1b","1b","1b","1b","1b","1b","1b","1b","1b","1b","3b","1b","1b","3b","3b","3b","1b","1b","1b","1b","1b","1b","1b","1b"
"2023-11-04 23:00:00","PM2.5",NA,0,0,519.1942,81.4373,940.5667,0,9.2021,0,NA,NA,41.723,NA,0,32.631,42.2345,0,0,3.6184,0,12.0131,20.5042,0,0,0,21.1474,NA,NA,0,NA,NA,NA,51.451,0,0,0,0,0,27.0436,18.625,"3b","1b","1b","1b","1b","1b","1b","1b","1b","3b","3b","1b","3b","1b","1b","1b","1b","1b","1b","1b","1b","1b","1b","1b","1b","1b","3b","3b","1b","3b","3b","3b","1b","1b","1b","1b","1b","1b","1b","1b"
"2023-11-05 00:30:00","PM10",NA,0,0,366.7264,304.289,429.6979,9.8197,2.0994,0,NA,NA,39.8131,0,0,16.9329,94.552,0,0,4.9697,0,20.4635,11.7856,0,0,0,39.5724,NA,NA,0,NA,NA,0,25.4268,0,0,0,0,0,38.3096,NA,"3b","1b","1b","1b","1b","1b","1b","1b","1b","3b","3b","1b","1b","1b","1b","1b","1b","1b","1b","1b","1b","1b","1b","1b","1b","1b","3b","3b","1b","3b","3b","1b","1b","1b","1b","1b","1b","1b","1b","3b"
"2023-11-05 01:00:00","PM2.5",1092.5448,0,0,726.0351,881.0177,932.483,4.0671,6.5086,0,NA,NA,21.3676,NA,0,29.3166,124.1429,0,0,11.4186,0,32.9115,21.1794,0,0,0,10.7541,NA,NA,0,NA,NA,NA,43.0402,0,0,0,0,0,73.3972,13.3472,"1b","1b","1b","1b","1b","1b","1b","1b","1b","3b","3b","1b","3b","1b","1b","1b","1b","1b","1b","1b","1b","1b","1b","1b","1b","1b","3b","3b","1b","3b","3b","3b","1b","1b","1b","1b","1b","1b","1b","1b"
"2023-11-05 02:00:00","PM10",NA,0,0,852.1501,1554.5494,897.3797,23.8734,5.8224,0,NA,0.7759,27.323,0,NA,29.0188,185.9318,0,0,16.189,0,39.3022,17.2355,0,0,0,12.6925,NA,NA,0,0,NA,0,38.674,0,0,0,0,0,96.5536,11.2685,"3b","1b","1b","1b","1b","1b","1b","1b","1b","3b","1b","1b","1b","3b","1b","1b","1b","1b","1b","1b","1b","1b","1b","1b","1b","1b","3b","3b","1b","1b","3b","1b","1b","1b","1b","1b","1b","1b","1b","1b"
"2023-11-05 03:00:00","PM2.5",692.5362,0,0,580.2173,184.7094,222.5664,9.1882,1.4384,0,0,0.0028,10.6674,0,0,7.4082,51.3494,0,0,5.2105,0.5355,11.4947,4.4193,0,0,0,21.7097,NA,0,0,0,NA,NA,9.5574,0,0,0,0,0,27.3468,NA,"1b","1b","1b","1b","1b","1b","1b","1b","1b","1b","1b","1b","1b","1b","1b","1b","1b","1b","1b","1b","1b","1b","1b","1b","1b","1b","3b","1b","1b","1b","3b","3b","1b","1b","1b","1b","1b","1b","1b","3b"
"2023-11-05 04:00:00","PM10",955.2934,0,0,293.8201,356.1566,131.1158,23.2998,NA,0,0,0,24.1061,0,NA,4.51,16.4366,0,0,4.1009,NA,5.8215,1.8401,0,0,0,12.3102,0,0,NA,0,NA,NA,3.9235,0,0,0,0,0,35.438,NA,"1b","1b","1b","1b","1b","1b","1b","3b","1b","1b","1b","1b","1b","3b","1b","1b","1b","1b","1b","3b","1b","1b","1b","1b","1b","1b","1b","1b","3b","1b","3b","3b","1b","1b","1b","1b","1b","1b","1b","3b"
"2023-11-05 05:00:00","PM2.5",NA,0,0,192.6232,103.4331,80.6232,3.8628,1.2081,NA,0,0,6.9353,0,0,2.3772,13.3291,0,0,1.725,0,3.4995,NA,0,0,0,18.1485,0,0,0,0,0,0,NA,0,0,0,0,0,6.0775,0,"3b","1b","1b","1b","1b","1b","1b","1b","3b","1b","1b","1b","1b","1b","1b","1b","1b","1b","1b","1b","1b","3b","1b","1b","1b","1b","1b","1b","1b","1b","1b","1b","3b","1b","1b","1b","1b","1b","1b","1b"
"2023-11-05 06:00:00","PM10",952.8475,0,0,203.9184,333.8946,93.7242,18.6711,0,0,0,0,15.9308,0,0,2.0956,12.6511,0,0,1.6821,0,4.0167,2.0864,0,0,0,12.3334,0,0,0,NA,0,NA,NA,0,0,0,0,0,4.1327,0,"1b","1b","1b","1b","1b","1b","1b","1b","1b","1b","1b","1b","1b","1b","1b","1b","1b","1b","1b","1b","1b","1b","1b","1b","1b","1b","1b","1b","1b","3b","1b","3b","3b","1b","1b","1b","1b","1b","1b","1b"
"2023-11-05 07:00:00","PM2.5",NA,0,0,153.2255,94.0315,47.9907,4.5357,0,0,0,0,10.1967,0,NA,1.8169,10.1596,0,0,1.1012,0,3.7442,NA,0,0,0,NA,NA,0,0,NA,0,NA,NA,0,NA,0,0,0,4.0585,0,"3b","1b","1b","1b","1b","1b","1b","1b","1b","1b","1b","1b","1b","3b","1b","1b","1b","1b","1b","1b","1b","3b","1b","1b","1b","3b","3b","1b","1b","3b","1b","3b","3b","1b","3b","1b","1b","1b","1b","1b"
"2023-11-05 08:00:00","PM10",NA,0,NA,167.833,375.17,58.1713,17.9141,0,0,0,0,22.1208,NA,0,1.8756,9.2448,0,0,0.7185,0,3.3592,NA,0,0,0,15.1769,NA,NA,0,0,0,NA,NA,0,0,0,0,0,5.3755,0,"3b","1b","3b","1b","1b","1b","1b","1b","1b","1b","1b","1b","3b","1b","1b","1b","1b","1b","1b","1b","1b","3b","1b","1b","1b","1b","3b","3b","1b","1b","1b","3b","3b","1b","1b","1b","1b","1b","1b","1b"
"2023-11-05 09:00:00","PM2.5",NA,0,0,123.2529,71.9371,23.1684,6.0147,0,0,0,0,18.2967,NA,NA,1.8147,10.6039,0,0,1.5492,0,1.3772,NA,0,0,0,NA,NA,0,0,0,0,0,NA,0,0,0,0,0,10.3758,0,"3b","1b","1b","1b","1b","1b","1b","1b","1b","1b","1b","1b","3b","3b","1b","1b","1b","1b","1b","1b","1b","3b","1b","1b","1b","3b","3b","1b","1b","1b","1b","1b","3b","1b","1b","1b","1b","1b","1b","1b"
"2023-11-05 10:00:00","PM10",NA,0,0,123.9625,348.0384,40.4312,21.1965,0,0,0,NA,77.1765,0,0,3.4342,4.2036,0,0,0.4399,0,1.9864,NA,0,0,0,12.7294,NA,NA,0,NA,NA,0,NA,0,NA,0,0,0,1.0402,0,"3b","1b","1b","1b","1b","1b","1b","1b","1b","1b","3b","1b","1b","1b","1b","1b","1b","1b","1b","1b","1b","3b","1b","1b","1b","1b","3b","3b","1b","3b","3b","1b","3b","1b","3b","1b","1b","1b","1b","1b"
"2023-11-05 11:00:00","PM2.5",NA,0,0,87.2705,229.2759,14.3513,10.7157,0,0,0,0,34.1579,0,0,3.1244,1.6232,0,0,NA,0,0.9724,NA,0,0,0,0,NA,0,0,0,NA,0,0,0,NA,0,0,0,0,0,"3b","1b","1b","1b","1b","1b","1b","1b","1b","1b","1b","1b","1b","1b","1b","1b","1b","1b","3b","1b","1b","3b","1b","1b","1b","1b","3b","1b","1b","1b","3b","1b","1b","1b","3b","1b","1b","1b","1b","1b"
"2023-11-05 12:00:00","PM10",NA,0,0,77.6214,570.2594,21.0888,23.3025,0,0,0,0,57.7541,0,NA,4.6769,1.1275,0,0,0,0,1.7874,0,0,0,0,NA,NA,NA,0,NA,NA,NA,NA,0,0,0,0,0,0,0,"3b","1b","1b","1b","1b","1b","1b","1b","1b","1b","1b","1b","1b","3b","1b","1b","1b","1b","1b","1b","1b","1b","1b","1b","1b","3b","3b","3b","1b","3b","3b","3b","3b","1b","1b","1b","1b","1b","1b","1b"
"2023-11-05 13:00:00","PM2.5",NA,0,NA,49.8288,197.6676,19.029,9.1423,0,0.0024,0,0,52.647,0,NA,5.1348,2.3356,0,0,0,0,4.3194,NA,0,0,0,0,NA,NA,0,0,0,NA,2.8787,0,0,0,NA,0,0.957,0,"3b","1b","3b","1b","1b","1b","1b","1b","1b","1b","1b","1b","1b","3b","1b","1b","1b","1b","1b","1b","1b","3b","1b","1b","1b","1b","3b","3b","1b","1b","1b","3b","1b","1b","1b","1b","3b","1b","1b","1b"
"2023-11-05 14:00:00","PM10",838.5751,0,NA,53.9145,411.7472,27.9264,22.7661,1.0862,0,0,NA,117.5108,NA,0,5.3105,2.9121,0,0,NA,0,1.6515,NA,0,0,0,11.204,0,0,0,NA,NA,NA,NA,0,0,0,0,0,4.1406,0,"1b","1b","3b","1b","1b","1b","1b","1b","1b","1b","3b","1b","3b","1b","1b","1b","1b","1b","3b","1b","1b","3b","1b","1b","1b","1b","1b","1b","1b","3b","3b","3b","3b","1b","1b","1b","1b","1b","1b","1b"
"2023-11-05 15:00:00","PM2.5",NA,0,0,24.2721,132.0888,20.2878,15.3672,NA,NA,NA,NA,154.2407,0,0,5.9662,4.7266,0,0,0.4966,0,1.0919,NA,0,0,0,9.1203,NA,0,0,NA,0,NA,NA,0,0.006,0,0,0,2.2819,0,"3b","1b","1b","1b","1b","1b","1b","3b","3b","3b","3b","1b","1b","1b","1b","1b","1b","1b","1b","1b","1b","3b","1b","1b","1b","1b","3b","1b","1b","3b","1b","3b","3b","1b","1b","1b","1b","1b","1b","1b"
"2023-11-05 16:00:00","PM10",NA,0,NA,60.1218,263.8786,38.4557,18.469,1.0778,0,NA,0,180.6654,0,0,21.6403,9.4644,0,0,0.8783,NA,1.243,NA,0,0,0,11.5869,0,0,0,0,NA,0.0685,8.7015,0,0,0,0,0,1.5031,0,"3b","1b","3b","1b","1b","1b","1b","1b","1b","3b","1b","1b","1b","1b","1b","1b","1b","1b","1b","3b","1b","3b","1b","1b","1b","1b","1b","1b","1b","1b","3b","1b","1b","1b","1b","1b","1b","1b","1b","1b"
"2023-11-05 17:00:00","PM2.5",NA,0,0,261.0155,808.5492,772.8816,5.1237,1.7487,0,0,0,161.1623,NA,0,25.0316,176.1134,0,0,10.1849,0,5.7477,9.4423,0,0,0,8.9553,NA,NA,0,0,NA,NA,63.9649,0,0,0,0,0,34.2827,3.998,"3b","1b","1b","1b","1b","1b","1b","1b","1b","1b","1b","1b","3b","1b","1b","1b","1b","1b","1b","1b","1b","1b","1b","1b","1b","1b","3b","3b","1b","1b","3b","3b","1b","1b","1b","1b","1b","1b","1b","1b"
"2023-11-05 18:00:00","PM10",721.6569,0,0,652.115,1561.7033,2220.7497,14.8187,17.0112,0,1.6155,1.5194,136.4577,NA,0,80.0166,184.0052,0,0,9.9441,0,121.5562,46.0627,0,0,0,NA,0,0,0,NA,NA,NA,117.4434,0,0,0,0,0,27.9903,41.606,"1b","1b","1b","1b","1b","1b","1b","1b","1b","1b","1b","1b","3b","1b","1b","1b","1b","1b","1b","1b","1b","1b","1b","1b","1b","3b","1b","1b","1b","3b","3b","3b","1b","1b","1b","1b","1b","1b","1b","1b"
"2023-11-05 19:00:00","PM2.5",1637.7911,0,0,510.9436,1850.2995,1799.0821,0,9.8692,0,0.869,1.3143,64.7855,0,0,67.5834,82.6192,0,0,9.4864,0,305.8326,39.5359,0,0,0,14.0525,0,0,0,NA,40.5119,0,103.388,0,0,0,0,0,24.4455,40.3503,"1b","1b","1b","1b","1b","1b","1b","1b","1b","1b","1b","1b","1b","1b","1b","1b","1b","1b","1b","1b","1b","1b","1b","1b","1b","1b","1b","1b","1b","3b","1b","1b","1b","1b","1b","1b","1b","1b","1b","1b"
"2023-11-05 20:00:00","PM10",2209.5586,0,0,888.0033,3044.3298,2954.1527,26.189,34.9906,0,2.3574,3.1929,164.714,0,NA,113.4758,182.842,0,0,15.1484,0,184.4335,73.5455,0,0,0,NA,NA,NA,0,0,NA,NA,222.5776,0,0,0,0,0,45.2136,61.4336,"1b","1b","1b","1b","1b","1b","1b","1b","1b","1b","1b","1b","1b","3b","1b","1b","1b","1b","1b","1b","1b","1b","1b","1b","1b","3b","3b","3b","1b","1b","3b","3b","1b","1b","1b","1b","1b","1b","1b","1b"
"2023-11-05 21:00:00","PM2.5",NA,0,0,398.0312,1171.6389,1173.8339,6.9985,5.5571,0,NA,NA,76.1538,NA,0,41.0532,81.1623,0,0,11.1201,0,41.0921,31.2918,0,0,0,NA,0,0,0,NA,NA,NA,76.5125,0,0,0,0,0,40.4384,19.6353,"3b","1b","1b","1b","1b","1b","1b","1b","1b","3b","3b","1b","3b","1b","1b","1b","1b","1b","1b","1b","1b","1b","1b","1b","1b","3b","1b","1b","1b","3b","3b","3b","1b","1b","1b","1b","1b","1b","1b","1b"
"2023-11-05 22:00:00","PM10",983.8075,0,0,326.2165,2275.1837,783.5937,37.3822,4.8563,0,NA,NA,94.6229,0,NA,24.5731,248.3789,0,0,13.3816,0,110.2872,13.1172,0,0,0,9.9836,NA,NA,0,NA,NA,NA,30.1111,0,0,0,0,0,38.0186,9.7007,"1b","1b","1b","1b","1b","1b","1b","1b","1b","3b","3b","1b","1b","3b","1b","1b","1b","1b","1b","1b","1b","1b","1b","1b","1b","1b","3b","3b","1b","3b","3b","3b","1b","1b","1b","1b","1b","1b","1b","1b"
"2023-11-05 23:00:00","PM2.5",1031.724,0,0,314.0908,1761.4215,853.9777,8.1738,4.041,0,NA,1.3,27.4194,0,NA,28.4327,131.9094,0,0,13.6023,0,85.4974,18.0862,0,0,0,NA,0,NA,0,NA,NA,NA,34.228,0,0,0,0,0,61.5126,13.0305,"1b","1b","1b","1b","1b","1b","1b","1b","1b","3b","1b","1b","1b","3b","1b","1b","1b","1b","1b","1b","1b","1b","1b","1b","1b","3b","1b","3b","1b","3b","3b","3b","1b","1b","1b","1b","1b","1b","1b","1b"
"2023-11-06 00:30:00","PM10",NA,0,0,384.2306,2232.5617,886.1302,27.2431,4.0673,0,0,0,57.3951,0,0,30.5739,86.7326,0,0,11.8847,0,37.7969,20.7126,0,0,0,0,NA,NA,0,0,NA,NA,42.6984,0,0,0,0,0,61.6001,13.0547,"3b","1b","1b","1b","1b","1b","1b","1b","1b","1b","1b","1b","1b","1b","1b","1b","1b","1b","1b","1b","1b","1b","1b","1b","1b","1b","3b","3b","1b","1b","3b","3b","1b","1b","1b","1b","1b","1b","1b","1b"
"2023-11-06 01:00:00","PM2.5",NA,0,0,308.5698,1242.3686,692.3395,12.2312,3.7915,0,NA,NA,27.5532,NA,NA,23.2275,68.8033,0,0,7.1157,0,25.0833,16.8149,0,0,0,10.2359,0,NA,NA,NA,0.0906,0,29.3669,0,0,0,0,0,49.8008,10.5957,"3b","1b","1b","1b","1b","1b","1b","1b","1b","3b","3b","1b","3b","3b","1b","1b","1b","1b","1b","1b","1b","1b","1b","1b","1b","1b","1b","3b","3b","3b","1b","1b","1b","1b","1b","1b","1b","1b","1b","1b"
"2023-11-06 02:00:00","PM10",NA,0,0,232.4431,1276.8623,468.4455,22.7284,2.9361,0,NA,0,24.3372,NA,NA,15.4762,48.6521,0,0,5.0257,0,15.6154,10.6813,0,0,0,NA,0,0,0,0,NA,NA,18.5405,0,0,0,0,0,28.9162,6.9963,"3b","1b","1b","1b","1b","1b","1b","1b","1b","3b","1b","1b","3b","3b","1b","1b","1b","1b","1b","1b","1b","1b","1b","1b","1b","3b","1b","1b","1b","1b","3b","3b","1b","1b","1b","1b","1b","1b","1b","1b"
"2023-11-06 03:00:00","PM2.5",873.142,0,0,148.0143,552.4519,256.515,8.9931,NA,0,NA,0,9.971,0,0,7.9443,32.2194,0,0,2.55,0,8.0812,4.964,0,0,0,10.7565,NA,0,0,0,NA,0,9.392,0,0,0,NA,0,18.7989,1.8356,"1b","1b","1b","1b","1b","1b","1b","3b","1b","3b","1b","1b","1b","1b","1b","1b","1b","1b","1b","1b","1b","1b","1b","1b","1b","1b","3b","1b","1b","1b","3b","1b","1b","1b","1b","1b","3b","1b","1b","1b"
"2023-11-06 04:00:00","PM10",NA,0,0,135.189,1009.412,127.0774,26.4397,0,0,0,0,16.9814,0,0,3.774,16.1233,0,0,2.397,0,5.5509,1.7685,0,0,0,16.2327,0,0,0,0,NA,NA,3.8102,0,0,0,0,0,7.683,0,"3b","1b","1b","1b","1b","1b","1b","1b","1b","1b","1b","1b","1b","1b","1b","1b","1b","1b","1b","1b","1b","1b","1b","1b","1b","1b","1b","1b","1b","1b","3b","3b","1b","1b","1b","1b","1b","1b","1b","1b"
"2023-11-06 05:00:00","PM2.5",0,0,0,124.2343,411.3218,93.2701,10.4522,NA,NA,0,0,18.3144,NA,0,2.7374,14.4968,0,0,2.3052,0,3.606,NA,0,0,0,10.0122,0,NA,0,NA,NA,NA,NA,0,0,0,0,0,8.5999,0,"1b","1b","1b","1b","1b","1b","1b","3b","3b","1b","1b","1b","3b","1b","1b","1b","1b","1b","1b","1b","1b","3b","1b","1b","1b","1b","1b","3b","1b","3b","3b","3b","3b","1b","1b","1b","1b","1b","1b","1b"
"2023-11-06 06:00:00","PM10",NA,0,0,141.1844,1245.6164,70.6977,42.1793,2.7882,0,NA,0,67.4087,NA,0,3.5156,7.1514,0,0,0.8241,NA,3.6033,NA,0,0,0,11.2285,NA,NA,0,NA,0,NA,0,0,NA,0,0,0,3.9307,0,"3b","1b","1b","1b","1b","1b","1b","1b","1b","3b","1b","1b","3b","1b","1b","1b","1b","1b","1b","3b","1b","3b","1b","1b","1b","1b","3b","3b","1b","3b","1b","3b","1b","1b","3b","1b","1b","1b","1b","1b"
"2023-11-06 07:00:00","PM2.5",NA,0,0,107.3185,585.6676,30.9885,23.2021,1.462,0,NA,0,64.9477,NA,0,2.918,3.5895,0,0,0,0,2.018,NA,0,0,0,14.0005,NA,NA,0,NA,NA,0,NA,0,0,0,0,0,2.0238,0,"3b","1b","1b","1b","1b","1b","1b","1b","1b","3b","1b","1b","3b","1b","1b","1b","1b","1b","1b","1b","1b","3b","1b","1b","1b","1b","3b","3b","1b","3b","3b","1b","3b","1b","1b","1b","1b","1b","1b","1b"
"2023-11-06 08:00:00","PM10",691.8274,0,0,126.3444,1646.7232,57.1663,74.6812,4.2729,0,0,NA,176.2553,0,NA,6.9898,5.1595,0,0,NA,NA,3.8863,NA,0,0,0,12.1562,NA,NA,0,0,0,NA,NA,0,0,0,0,0,NA,0,"1b","1b","1b","1b","1b","1b","1b","1b","1b","1b","3b","1b","1b","3b","1b","1b","1b","1b","3b","3b","1b","3b","1b","1b","1b","1b","3b","3b","1b","1b","1b","3b","3b","1b","1b","1b","1b","1b","3b","1b"
"2023-11-06 09:00:00","PM2.5",NA,0,0,70.0571,932.5179,30.8801,41.2567,1.5891,0,0,0,74.9992,NA,0,3.7468,2.2069,0,0,0,0,3.9634,NA,0,NA,0,NA,NA,NA,0,NA,NA,0,NA,0,0,0,4e-04,0,NA,0,"3b","1b","1b","1b","1b","1b","1b","1b","1b","1b","1b","1b","3b","1b","1b","1b","1b","1b","1b","1b","1b","3b","1b","3b","1b","3b","3b","3b","1b","3b","3b","1b","3b","1b","1b","1b","1b","1b","3b","1b"
"2023-11-06 10:00:00","PM10",NA,NA,0,142.4896,2235.6093,62.2178,123.4853,8.906,0,0,NA,162.7383,0,0,5.3267,7.1332,0,0,0.7551,0,5.014,NA,0,0,0,9.0067,NA,0,0,0,0,0,NA,0,0,0,0,0,17.6648,0,"3b","3b","1b","1b","1b","1b","1b","1b","1b","1b","3b","1b","1b","1b","1b","1b","1b","1b","1b","1b","1b","3b","1b","1b","1b","1b","3b","1b","1b","1b","1b","1b","3b","1b","1b","1b","1b","1b","1b","1b"
"2023-11-06 11:00:00","PM2.5",NA,1.4341,0,152.0562,1325.5722,42.6089,69.8119,6.4617,0,NA,NA,95.3876,0,NA,3.6552,14.9707,0,0,2.6035,0,1.7289,NA,0,0,0,12.5247,0,NA,0,NA,NA,NA,NA,0,0,0,0,0,80.6759,0,"3b","1b","1b","1b","1b","1b","1b","1b","1b","3b","3b","1b","1b","3b","1b","1b","1b","1b","1b","1b","1b","3b","1b","1b","1b","1b","1b","3b","1b","3b","3b","3b","3b","1b","1b","1b","1b","1b","1b","1b"
"2023-11-06 12:00:00","PM10",NA,NA,0,150.5799,2461.212,64.1347,189.362,14.3388,0,0,1.2386,179.5199,NA,NA,4.8092,5.4961,0,0,0,NA,4.6997,NA,0,0,0,0,0,0,0,NA,NA,NA,NA,0,0,0,0,0,7.5789,0,"3b","3b","1b","1b","1b","1b","1b","1b","1b","1b","1b","1b","3b","3b","1b","1b","1b","1b","1b","3b","1b","3b","1b","1b","1b","1b","1b","1b","1b","3b","3b","3b","3b","1b","1b","1b","1b","1b","1b","1b"
"2023-11-06 13:00:00","PM2.5",NA,NA,0,70.6259,1076.9804,34.2617,72.7263,4.9325,0,0,NA,74.4477,0,0,1.8528,3.177,0,0,NA,0,1.7933,NA,0,0,0,NA,NA,0,0,0,0,NA,0,0,0,0,0,0,5.6658,0,"3b","3b","1b","1b","1b","1b","1b","1b","1b","1b","3b","1b","1b","1b","1b","1b","1b","1b","3b","1b","1b","3b","1b","1b","1b","3b","3b","1b","1b","1b","1b","3b","1b","1b","1b","1b","1b","1b","1b","1b"
"2023-11-06 14:00:00","PM10",NA,NA,0,183.5377,2028.8188,80.487,179.3254,12.4712,NA,NA,1.8229,193.8192,0,NA,6.6854,10.1104,0,0,2.5332,0,3.1803,1.5328,0,0,0,12.4173,NA,NA,0,0,NA,NA,0,0,0,0,0,0,74.3117,0,"3b","3b","1b","1b","1b","1b","1b","1b","3b","3b","1b","1b","1b","3b","1b","1b","1b","1b","1b","1b","1b","1b","1b","1b","1b","1b","3b","3b","1b","1b","3b","3b","1b","1b","1b","1b","1b","1b","1b","1b"
"2023-11-06 15:00:00","PM2.5",696.1788,0,0,62.7676,833.1156,31.543,59.6165,4.542,0,0,0,92.7935,0,0,5.4619,2.1269,0,0,0.7948,0,0.7668,NA,0,0,0,20.0293,0,0,0,0,NA,NA,0,0,NA,0,NA,0,8.3233,0,"1b","1b","1b","1b","1b","1b","1b","1b","1b","1b","1b","1b","1b","1b","1b","1b","1b","1b","1b","1b","1b","3b","1b","1b","1b","1b","1b","1b","1b","1b","3b","3b","1b","1b","3b","1b","3b","1b","1b","1b"
"2023-11-06 16:00:00","PM10",664.6904,NA,0,109.2312,1804.163,70.2159,142.7548,9.6253,0,NA,1.406,300.3516,0,NA,13.1668,5.8498,0,0,0.8452,0,2.9238,NA,0,NA,0,20.7653,NA,NA,0,NA,NA,0,3.7995,0,0,0,0,0,2.9244,0,"1b","3b","1b","1b","1b","1b","1b","1b","1b","3b","1b","1b","1b","3b","1b","1b","1b","1b","1b","1b","1b","3b","1b","3b","1b","1b","3b","3b","1b","3b","3b","1b","1b","1b","1b","1b","1b","1b","1b","1b"
"2023-11-06 17:00:00","PM2.5",NA,0,0,65.6793,849.3558,42.355,61.9228,4.2938,0,NA,NA,140.8987,NA,0,5.6909,4.8512,0,0,0,NA,1.0509,1.6107,0,0,0,17.7622,NA,0,0,0,NA,NA,NA,0,0,0,0,0,3.2702,0,"3b","1b","1b","1b","1b","1b","1b","1b","1b","3b","3b","1b","3b","1b","1b","1b","1b","1b","1b","3b","1b","1b","1b","1b","1b","1b","3b","1b","1b","1b","3b","3b","3b","1b","1b","1b","1b","1b","1b","1b"
"2023-11-06 18:00:00","PM10",NA,NA,0,130.5371,1909.5544,78.015,145.5814,10.2892,0,NA,1.7774,335.5846,0,NA,13.8366,8.1298,0,0,1.3859,0,6.0171,1.604,0,0,0,0,NA,NA,0,0,0,NA,4.287,0,0,0,0,0,NA,0,"3b","3b","1b","1b","1b","1b","1b","1b","1b","3b","1b","1b","1b","3b","1b","1b","1b","1b","1b","1b","1b","1b","1b","1b","1b","1b","3b","3b","1b","1b","1b","3b","1b","1b","1b","1b","1b","1b","3b","1b"
"2023-11-06 19:00:00","PM2.5",0,0,0,79.3288,864.9797,145.1662,50.7693,5.6146,0,NA,NA,157.83,0,0,12.709,9.7509,0,0,0.6918,0,3.6418,3.5502,0,0,0,9.2643,NA,NA,0,0,NA,NA,7.0301,0,0,0,0,0,1.0257,NA,"1b","1b","1b","1b","1b","1b","1b","1b","1b","3b","3b","1b","1b","1b","1b","1b","1b","1b","1b","1b","1b","1b","1b","1b","1b","1b","3b","3b","1b","1b","3b","3b","1b","1b","1b","1b","1b","1b","1b","3b"
"2023-11-06 20:00:00","PM10",NA,NA,0,143.203,1946.4946,203.5493,112.2381,10.0105,NA,NA,0.9036,195.6776,0,0,12.9068,9.9455,0,0,2.5412,0,5.3502,6.815,0,0,0,10.1464,0,0,0,0,NA,0,11.7935,0,0,0,NA,0,2.2719,1.6292,"3b","3b","1b","1b","1b","1b","1b","1b","3b","3b","1b","1b","1b","1b","1b","1b","1b","1b","1b","1b","1b","1b","1b","1b","1b","1b","1b","1b","1b","1b","3b","1b","1b","1b","1b","1b","3b","1b","1b","1b"
"2023-11-06 21:00:00","PM2.5",NA,0,0,84.5662,740.7026,160.3197,34.3523,4.314,0,0,0,74.0456,0,0,7.5992,7.586,0,0,1.7127,0,3.6077,4.6874,0,0,0,12.4922,NA,0,0,0,NA,NA,6.0005,0,0,0,0,0,4.3301,1.4164,"3b","1b","1b","1b","1b","1b","1b","1b","1b","1b","1b","1b","1b","1b","1b","1b","1b","1b","1b","1b","1b","1b","1b","1b","1b","1b","3b","1b","1b","1b","3b","3b","1b","1b","1b","1b","1b","1b","1b","1b"
"2023-11-06 22:00:00","PM10",NA,NA,0,128.0086,1506.8158,117.3193,81.7137,5.599,0,NA,NA,104.9418,0,NA,5.0248,14.0576,0,0,2.9526,0,6.56,NA,0,0,0,11.5265,NA,NA,0,NA,NA,0,NA,0,0,0,0,0,8.043,0,"3b","3b","1b","1b","1b","1b","1b","1b","1b","3b","3b","1b","1b","3b","1b","1b","1b","1b","1b","1b","1b","3b","1b","1b","1b","1b","3b","3b","1b","3b","3b","1b","3b","1b","1b","1b","1b","1b","1b","1b"
"2023-11-06 23:00:00","PM2.5",0,0,0,66.148,514.0526,67.3564,22.8768,NA,NA,0,0,37.2003,0,NA,1.804,8.4408,0,0,0.7845,NA,4.3555,NA,0,0,0,17.3365,0.0097,NA,NA,NA,NA,NA,NA,0,0,0,0,0,5.5611,0,"1b","1b","1b","1b","1b","1b","1b","3b","3b","1b","1b","1b","1b","3b","1b","1b","1b","1b","1b","3b","1b","3b","1b","1b","1b","1b","1b","3b","3b","3b","3b","3b","3b","1b","1b","1b","1b","1b","1b","1b"
"2023-11-07 00:30:00","PM10",NA,0,0,120.1378,1777.3792,59.923,73.1685,NA,0,NA,0,43.1265,0,NA,NA,3.7666,0,0,0,0,3.6085,NA,0,0,NA,NA,NA,0,0,0,0,NA,0,0,0,0,NA,0,NA,0,"3b","1b","1b","1b","1b","1b","1b","3b","1b","3b","1b","1b","1b","3b","3b","1b","1b","1b","1b","1b","1b","3b","1b","1b","3b","3b","3b","1b","1b","1b","1b","3b","1b","1b","1b","1b","3b","1b","3b","1b"
"2023-11-07 01:00:00","PM2.5",NA,0,0,77.6694,762.522,46.8454,31.9054,NA,0,NA,0,17.5106,0,0,0.5142,6.4089,0,0,NA,0,1.8337,NA,0,0,0,15.0107,0.0954,NA,0,NA,0,NA,0,0,0,0,NA,0,2.2515,0,"3b","1b","1b","1b","1b","1b","1b","3b","1b","3b","1b","1b","1b","1b","1b","1b","1b","1b","3b","1b","1b","3b","1b","1b","1b","1b","1b","3b","1b","3b","1b","3b","1b","1b","1b","1b","3b","1b","1b","1b"
"2023-11-07 02:00:00","PM10",NA,0,0,133.7092,1820.7826,94.4948,67.0532,1.8721,0,0,NA,34.6607,0,0,0.8534,5.2639,0,0,0,NA,3.9978,NA,0,0,0,22.049,0,0,0,NA,NA,NA,0,0,0,0,NA,0,3.3315,0,"3b","1b","1b","1b","1b","1b","1b","1b","1b","1b","3b","1b","1b","1b","1b","1b","1b","1b","1b","3b","1b","3b","1b","1b","1b","1b","1b","1b","1b","3b","3b","3b","1b","1b","1b","1b","3b","1b","1b","1b"
"2023-11-07 03:00:00","PM2.5",NA,0,0,69.6117,582.0499,41.7628,18.0652,NA,NA,0,0,11.8565,0,0,0.7078,4.2248,0,0,0.4795,NA,1.6932,NA,0,0,0,10.835,NA,0,0,0,NA,NA,0,0,0,0,0,0,NA,0,"3b","1b","1b","1b","1b","1b","1b","3b","3b","1b","1b","1b","1b","1b","1b","1b","1b","1b","1b","3b","1b","3b","1b","1b","1b","1b","3b","1b","1b","1b","3b","3b","1b","1b","1b","1b","1b","1b","3b","1b"
"2023-11-07 04:00:00","PM10",946.4204,0,0,113.7272,1513.0719,67.3139,48.5715,NA,0,0,0,30.8881,0,0,0.6029,5.1651,0,0,0,0,3.1886,NA,0,0,0,12.3045,NA,NA,0,0,NA,NA,NA,0,0,0,0,0,NA,0,"1b","1b","1b","1b","1b","1b","1b","3b","1b","1b","1b","1b","1b","1b","1b","1b","1b","1b","1b","1b","1b","3b","1b","1b","1b","1b","3b","3b","1b","1b","3b","3b","3b","1b","1b","1b","1b","1b","3b","1b"
"2023-11-07 05:00:00","PM2.5",NA,0,0,63.8977,591.3396,36.7999,17.5531,NA,NA,0,0,14.3176,0,NA,0.9482,2.4682,0,0,NA,NA,1.714,NA,0,0,0,NA,0,NA,0,0,NA,0,0,0,NA,0,0,0,0,NA,"3b","1b","1b","1b","1b","1b","1b","3b","3b","1b","1b","1b","1b","3b","1b","1b","1b","1b","3b","3b","1b","3b","1b","1b","1b","3b","1b","3b","1b","1b","3b","1b","1b","1b","3b","1b","1b","1b","1b","3b"
"2023-11-07 06:00:00","PM10",NA,0,0,134.3409,1768.9648,69.2849,57.0634,1.1784,0,NA,NA,57.05,0,NA,2.3066,2.1781,0,0,0.4736,0,2.6041,NA,0,0,0,NA,NA,0,NA,0,NA,0,0,0,0,0,0,0,NA,0,"3b","1b","1b","1b","1b","1b","1b","1b","1b","3b","3b","1b","1b","3b","1b","1b","1b","1b","1b","1b","1b","3b","1b","1b","1b","3b","3b","1b","3b","1b","3b","1b","1b","1b","1b","1b","1b","1b","3b","1b"
"2023-11-07 07:00:00","PM2.5",0,0,0,90.8054,623.0549,39.9037,21.2025,NA,NA,NA,NA,60.3306,0,0,2.0317,2.7321,0,0,0.3665,0,1.481,NA,0,0,0,NA,NA,0,0,NA,0,NA,0,0,0,0,0,0,NA,0,"1b","1b","1b","1b","1b","1b","1b","3b","3b","3b","3b","1b","1b","1b","1b","1b","1b","1b","1b","1b","1b","3b","1b","1b","1b","3b","3b","1b","1b","3b","1b","3b","1b","1b","1b","1b","1b","1b","3b","1b"
"2023-11-07 08:00:00","PM10",889.8599,0,0,121.0211,1498.0598,59.8974,68.0262,3.0452,0,NA,0,171.4765,0,0.6295,6.2011,4.894,0,0,0,NA,3.6202,NA,0,0,0,NA,NA,NA,0,NA,NA,NA,NA,0,0,0,0,0,1.1657,0,"1b","1b","1b","1b","1b","1b","1b","1b","1b","3b","1b","1b","1b","1b","1b","1b","1b","1b","1b","3b","1b","3b","1b","1b","1b","3b","3b","3b","1b","3b","3b","3b","3b","1b","1b","1b","1b","1b","1b","1b"
"2023-11-07 09:00:00","PM2.5",NA,0,0,90.2197,580.0645,35.4172,39.3387,NA,0,NA,NA,107.5851,NA,NA,4.5546,3.1543,0,0,0.4882,0,2.1849,NA,0,0,0,11.9856,NA,0,0,NA,NA,NA,NA,0,0.0015,0,0,0,0,0,"3b","1b","1b","1b","1b","1b","1b","3b","1b","3b","3b","1b","3b","3b","1b","1b","1b","1b","1b","1b","1b","3b","1b","1b","1b","1b","3b","1b","1b","3b","3b","3b","3b","1b","1b","1b","1b","1b","1b","1b"
"2023-11-07 10:00:00","PM10",NA,NA,0,88.8735,874.4362,43.5087,84.8916,2.4869,0,0,0.825,191.8991,0,0,10.9384,4.3809,0,0,NA,0,1.9042,NA,0,0,0,NA,0,0,0,0,0,0,5.9976,0,0,0,0,0,NA,0,"3b","3b","1b","1b","1b","1b","1b","1b","1b","1b","1b","1b","1b","1b","1b","1b","1b","1b","3b","1b","1b","3b","1b","1b","1b","3b","1b","1b","1b","1b","1b","1b","1b","1b","1b","1b","1b","1b","3b","1b"
"2023-11-07 11:00:00","PM2.5",699.5491,0,0,62.3707,396.921,26.4331,23.8763,NA,0,0,NA,47.7542,NA,0,3.6388,2.9651,NA,0,0,0,0.9738,NA,0,0,0,14.3779,NA,0,0,NA,NA,NA,NA,0,NA,0,0,0,0.8756,0,"1b","1b","1b","1b","1b","1b","1b","3b","1b","1b","3b","1b","3b","1b","1b","1b","3b","1b","1b","1b","1b","3b","1b","1b","1b","1b","3b","1b","1b","3b","3b","3b","3b","1b","3b","1b","1b","1b","1b","1b"
"2023-11-07 12:00:00","PM10",NA,NA,0,86.4098,986.7522,38.074,72.618,1.8155,NA,NA,NA,96.5708,0,0,4.5121,3.1532,0,0,0,NA,2.0816,NA,0,0,0,NA,NA,0,0,NA,0,NA,NA,0,0,0,0,0,NA,0,"3b","3b","1b","1b","1b","1b","1b","1b","3b","3b","3b","1b","1b","1b","1b","1b","1b","1b","1b","3b","1b","3b","1b","1b","1b","3b","3b","1b","1b","3b","1b","3b","3b","1b","1b","1b","1b","1b","3b","1b"
"2023-11-07 13:00:00","PM2.5",NA,0,0,62.1252,500.1987,16.4408,22.2062,NA,NA,NA,0,35.2107,0,0,1.8112,1.5947,0,0,0,0,1.1207,NA,0,0,0,14.5414,NA,NA,0,0,NA,0,0,0,0,0,0,0,NA,0,"3b","1b","1b","1b","1b","1b","1b","3b","3b","3b","1b","1b","1b","1b","1b","1b","1b","1b","1b","1b","1b","3b","1b","1b","1b","1b","3b","3b","1b","1b","3b","1b","1b","1b","1b","1b","1b","1b","3b","1b"
"2023-11-07 14:00:00","PM10",NA,0,0,87.949,881.5866,35.8202,94.9579,2.4308,0,0,NA,149.1926,0,0,12.4955,4.5794,0,0,NA,0,2.122,NA,NA,0,0,NA,0,0,0,NA,NA,0,4.2448,0,0,0,0,0,0,0,"3b","1b","1b","1b","1b","1b","1b","1b","1b","1b","3b","1b","1b","1b","1b","1b","1b","1b","3b","1b","1b","3b","3b","1b","1b","3b","1b","1b","1b","3b","3b","1b","1b","1b","1b","1b","1b","1b","1b","1b"
"2023-11-07 15:00:00","PM2.5",NA,0,0,42.7917,318.0923,22.1839,26.5752,NA,0,0,0,98.8187,0,0,6.6881,2.4042,0,0,0,0,0.6759,NA,0,NA,0,15.495,0,0,0,NA,NA,NA,3.2046,0,0,0,0,0,0.8366,0,"3b","1b","1b","1b","1b","1b","1b","3b","1b","1b","1b","1b","1b","1b","1b","1b","1b","1b","1b","1b","1b","3b","1b","3b","1b","1b","1b","1b","1b","3b","3b","3b","1b","1b","1b","1b","1b","1b","1b","1b"
"2023-11-07 16:00:00","PM10",NA,NA,0,53.0106,605.602,32.3876,127.701,5.5506,0,NA,1.274,256.5358,NA,0,8.5936,5.6784,0,0,0.5757,0,1.5425,NA,0,NA,0,14.8975,0,0,0,0,NA,NA,NA,0,0,0,0,0,NA,0,"3b","3b","1b","1b","1b","1b","1b","1b","1b","3b","1b","1b","3b","1b","1b","1b","1b","1b","1b","1b","1b","3b","1b","3b","1b","1b","1b","1b","1b","1b","3b","3b","3b","1b","1b","1b","1b","1b","3b","1b"
"2023-11-07 17:00:00","PM2.5",931.5127,0,0,33.6995,307.2523,24.4841,22.0703,NA,0,0,NA,135.28,0,NA,12.6476,2.8666,0,0,0,NA,1.8617,NA,0,0,NA,NA,0,0,0,0,NA,0,4.4215,0,0,0,0,0,1.1384,0,"1b","1b","1b","1b","1b","1b","1b","3b","1b","1b","3b","1b","1b","3b","1b","1b","1b","1b","1b","3b","1b","3b","1b","1b","3b","3b","1b","1b","1b","1b","3b","1b","1b","1b","1b","1b","1b","1b","1b","1b"
"2023-11-07 18:00:00","PM10",NA,NA,0,92.1589,1152.956,66.6423,72.0831,3.2949,0,NA,1.6082,346.8993,0,0,15.5598,5.5827,0,0,0.6963,NA,2.4693,NA,0,0,0,12.1051,NA,NA,0,0,NA,NA,5.0528,0,0,0,0,0,NA,0,"3b","3b","1b","1b","1b","1b","1b","1b","1b","3b","1b","1b","1b","1b","1b","1b","1b","1b","1b","3b","1b","3b","1b","1b","1b","1b","3b","3b","1b","1b","3b","3b","1b","1b","1b","1b","1b","1b","3b","1b"
"2023-11-07 19:00:00","PM2.5",NA,0,0,63.4829,708.4033,102.7305,27.0214,1.167,0,0,NA,98.0538,0,0,6.8954,2.3926,0,0,0.484,0,1.3722,NA,0,0,0,16.7914,0,0,0,NA,NA,NA,4.9295,0,0,0,NA,0,0,NA,"3b","1b","1b","1b","1b","1b","1b","1b","1b","1b","3b","1b","1b","1b","1b","1b","1b","1b","1b","1b","1b","3b","1b","1b","1b","1b","1b","1b","1b","3b","3b","3b","1b","1b","1b","1b","3b","1b","1b","3b"
"2023-11-07 20:00:00","PM10",NA,0,0,147.065,2136.8273,143.2497,85.7701,3.8327,0,NA,NA,179.4673,0,0,9.9098,7.6087,0,0,1.2408,0,5.6799,NA,0,0,0,NA,0,0,0,0,NA,NA,4.807,0,0,0,0,0,8.2229,0,"3b","1b","1b","1b","1b","1b","1b","1b","1b","3b","3b","1b","1b","1b","1b","1b","1b","1b","1b","1b","1b","3b","1b","1b","1b","3b","1b","1b","1b","1b","3b","3b","1b","1b","1b","1b","1b","1b","1b","1b"
"2023-11-07 21:00:00","PM2.5",NA,0,0,71.105,745.9917,79.1591,26.0088,NA,0,0,0,51.0587,0.0062,0,2.8673,18.5427,0,0,1.2289,NA,2.8836,NA,0,0,0,12.1122,0,NA,0,NA,NA,NA,NA,0,0,0,0,0,2.3955,0,"3b","1b","1b","1b","1b","1b","1b","3b","1b","1b","1b","1b","1b","1b","1b","1b","1b","1b","1b","3b","1b","3b","1b","1b","1b","1b","1b","3b","1b","3b","3b","3b","3b","1b","1b","1b","1b","1b","1b","1b"
"2023-11-07 22:00:00","PM10",NA,0,0,125.4285,1622.8314,168.4299,67.2911,2.6776,0,NA,NA,135.4643,0,0,6.0309,8.1554,0,0,0.6173,0,5.226,1.6269,0,0,0,15.1015,NA,0,0,0,0,NA,NA,0,0,0,0,0,4.2255,0,"3b","1b","1b","1b","1b","1b","1b","1b","1b","3b","3b","1b","1b","1b","1b","1b","1b","1b","1b","1b","1b","1b","1b","1b","1b","1b","3b","1b","1b","1b","1b","3b","3b","1b","1b","1b","1b","1b","1b","1b"
"2023-11-07 23:00:00","PM2.5",0,0,0,66.0018,543.0693,69.4285,21.5057,0,0,NA,0,102.7002,NA,0,7.7145,7.7116,0,0,NA,0,2.3602,NA,0,NA,NA,NA,0.027,NA,NA,NA,NA,0,4.8509,0,0,0,0,0,5.6573,0,"1b","1b","1b","1b","1b","1b","1b","1b","1b","3b","1b","1b","3b","1b","1b","1b","1b","1b","3b","1b","1b","3b","1b","3b","3b","3b","1b","3b","3b","3b","3b","1b","1b","1b","1b","1b","1b","1b","1b","1b"
"2023-11-08 00:30:00","PM10",NA,0,0,165.0862,971.4497,106.6947,63.7135,NA,0,0,0,145.019,NA,0,3.329,21.0483,0,0,2.3255,NA,3.3632,NA,0,0,0,NA,NA,NA,0,NA,NA,NA,NA,0,NA,0,0,0,8.0142,0,"3b","1b","1b","1b","1b","1b","1b","3b","1b","1b","1b","1b","3b","1b","1b","1b","1b","1b","1b","3b","1b","3b","1b","1b","1b","3b","3b","3b","1b","3b","3b","3b","3b","1b","3b","1b","1b","1b","1b","1b"
"2023-11-08 01:00:00","PM2.5",NA,0,0,128.746,248.7462,54.0481,15.896,0,NA,0.0021,0,32.533,0,NA,1.392,20.3995,0,0,0.7435,0,2.2449,NA,0,0,0,16.6208,NA,0,0,NA,NA,0,NA,0,0,0,0,0,6.0962,0,"3b","1b","1b","1b","1b","1b","1b","1b","3b","1b","1b","1b","1b","3b","1b","1b","1b","1b","1b","1b","1b","3b","1b","1b","1b","1b","3b","1b","1b","3b","3b","1b","3b","1b","1b","1b","1b","1b","1b","1b"
"2023-11-08 02:00:00","PM10",NA,0,0,137.4168,1640.4161,67.3645,61.3837,NA,0,0.0011,0,27.1331,NA,NA,1.3437,13.3067,0,0,0.7506,NA,3.086,NA,0,0,0,NA,0,NA,0,0,NA,NA,0,0,0,0,0,0,1.6477,0,"3b","1b","1b","1b","1b","1b","1b","3b","1b","1b","1b","1b","3b","3b","1b","1b","1b","1b","1b","3b","1b","3b","1b","1b","1b","3b","1b","3b","1b","1b","3b","3b","1b","1b","1b","1b","1b","1b","1b","1b"
"2023-11-08 03:00:00","PM2.5",673.4765,0,0,78.2095,655.1944,47.5457,22.833,NA,NA,NA,0,9.0871,0,0,0.7175,10.1021,0,0,1.0678,NA,1.6126,NA,0,0,0,NA,NA,NA,0,NA,0,NA,0,0,NA,0,0,0,NA,0,"1b","1b","1b","1b","1b","1b","1b","3b","3b","3b","1b","1b","1b","1b","1b","1b","1b","1b","1b","3b","1b","3b","1b","1b","1b","3b","3b","3b","1b","3b","1b","3b","1b","1b","3b","1b","1b","1b","3b","1b"
"2023-11-08 04:00:00","PM10",NA,0,0,104.3515,1556.3887,63.4219,96.5656,NA,NA,0,0,16.0801,NA,0,0.6362,3.6772,0,0,0.8322,0,1.4196,1.6554,NA,0,0,NA,0,NA,0,0,NA,NA,NA,0,0,0,0,0,1.1841,0,"3b","1b","1b","1b","1b","1b","1b","3b","3b","1b","1b","1b","3b","1b","1b","1b","1b","1b","1b","1b","1b","1b","3b","1b","1b","3b","1b","3b","1b","1b","3b","3b","3b","1b","1b","1b","1b","1b","1b","1b"
"2023-11-08 05:00:00","PM2.5",NA,0,0,67.8067,337.1066,23.3528,32.6958,NA,0,0,0,7.9932,NA,0,NA,1.0547,0,0,NA,0,0.7309,NA,0,0,0,11.6304,NA,NA,0,NA,NA,NA,0,0,0,0,0,0,NA,0,"3b","1b","1b","1b","1b","1b","1b","3b","1b","1b","1b","1b","3b","1b","3b","1b","1b","1b","3b","1b","1b","3b","1b","1b","1b","1b","3b","3b","1b","3b","3b","3b","1b","1b","1b","1b","1b","1b","3b","1b"
"2023-11-08 06:00:00","PM10",NA,0,0,127.3489,714.3744,38.0431,40.2692,0,NA,0,0,18.4308,0,NA,0.5243,0.9677,0,0,NA,0,1.9901,NA,0,0,0,16.6438,NA,0,0,0,NA,NA,0.0093,0,0,0,0,0,0,0,"3b","1b","1b","1b","1b","1b","1b","1b","3b","1b","1b","1b","1b","3b","1b","1b","1b","1b","3b","1b","1b","3b","1b","1b","1b","1b","3b","1b","1b","1b","3b","3b","1b","1b","1b","1b","1b","1b","1b","1b"
"2023-11-08 07:00:00","PM2.5",NA,0,0,75.0483,144.7441,11.0395,12.3015,NA,NA,0,0,16.2642,0,NA,0.6238,0.5468,0,0,0,NA,1.4212,NA,0,0,0,NA,NA,NA,0,NA,NA,NA,0,0,0,0,0,0,0,0,"3b","1b","1b","1b","1b","1b","1b","3b","3b","1b","1b","1b","1b","3b","1b","1b","1b","1b","1b","3b","1b","3b","1b","1b","1b","3b","3b","3b","1b","3b","3b","3b","1b","1b","1b","1b","1b","1b","1b","1b"
"2023-11-08 08:00:00","PM10",734.6599,0,0,40.4393,189.6584,18.0683,16.5887,1.8954,NA,0,0,42.2415,0,NA,1.5058,0.7082,0,0,0,0,NA,NA,0,0,0,NA,NA,0,0,0,NA,0,0,NA,0,0,0,0,0,0,"1b","1b","1b","1b","1b","1b","1b","1b","3b","1b","1b","1b","1b","3b","1b","1b","1b","1b","1b","1b","3b","3b","1b","1b","1b","3b","3b","1b","1b","1b","3b","1b","1b","3b","1b","1b","1b","1b","1b","1b"
"2023-11-08 09:00:00","PM2.5",929.9028,0,0,24.664,67.3117,20.8503,12.0765,0,0,0,0,22.28,0,NA,1.208,0.5991,0,0,0,0,NA,0,0,0,0,NA,NA,0,0,NA,NA,0.14,NA,0,0,0,NA,0,0,0,"1b","1b","1b","1b","1b","1b","1b","1b","1b","1b","1b","1b","1b","3b","1b","1b","1b","1b","1b","1b","3b","1b","1b","1b","1b","3b","3b","1b","1b","3b","3b","1b","3b","1b","1b","1b","3b","1b","1b","1b"
"2023-11-08 10:00:00","PM10",NA,0,0,34.6021,126.2919,19.0567,38.9692,NA,0.0116,NA,2e-04,60.0504,0,0,2.8346,2.1565,0,0,NA,0,NA,NA,0,0,0,9.1138,0,0,0,0,NA,0,NA,0,0,0,0,0,NA,0,"3b","1b","1b","1b","1b","1b","1b","3b","1b","3b","1b","1b","1b","1b","1b","1b","1b","1b","3b","1b","3b","3b","1b","1b","1b","1b","1b","1b","1b","1b","3b","1b","3b","1b","1b","1b","1b","1b","3b","1b"
"2023-11-08 11:00:00","PM2.5",NA,0,0,60.0424,288.1082,21.6354,18.2209,NA,NA,0,NA,54.87,0,NA,4.068,3.8201,0,0,0,0,NA,NA,0,0,0,13.9792,NA,0,0,NA,NA,0,NA,0,0,0,0,0,NA,0,"3b","1b","1b","1b","1b","1b","1b","3b","3b","1b","3b","1b","1b","3b","1b","1b","1b","1b","1b","1b","3b","3b","1b","1b","1b","1b","3b","1b","1b","3b","3b","1b","3b","1b","1b","1b","1b","1b","3b","1b"
"2023-11-08 12:00:00","PM10",NA,0,0,147.4031,1683.1917,82.4436,81.9178,2.1544,NA,NA,NA,127.4881,0,NA,8.6114,6.3352,0,0,0.6617,0,3.4491,NA,0,0,0,NA,NA,0,0,0,0,0,NA,0,0,0,0,0,2.2264,0,"3b","1b","1b","1b","1b","1b","1b","1b","3b","3b","3b","1b","1b","3b","1b","1b","1b","1b","1b","1b","1b","3b","1b","1b","1b","3b","3b","1b","1b","1b","1b","1b","3b","1b","1b","1b","1b","1b","1b","1b"
"2023-11-08 13:00:00","PM2.5",NA,0,0,126.2924,1534.1476,44.5155,48.0991,NA,0,0,NA,72.1022,0,0,5.1819,5.1779,0,0,0.379,0,3.1482,1.6894,0,0,0,12.9608,NA,NA,0,0,0,NA,NA,0,0,0,0,0,9.2451,0,"3b","1b","1b","1b","1b","1b","1b","3b","1b","1b","3b","1b","1b","1b","1b","1b","1b","1b","1b","1b","1b","1b","1b","1b","1b","1b","3b","3b","1b","1b","1b","3b","3b","1b","1b","1b","1b","1b","1b","1b"
"2023-11-08 14:00:00","PM10",623.8216,NA,0,318.0326,4228.5405,121.8619,141.7536,3.9998,0,NA,0.8413,140.6303,0,NA,7.1251,14.2696,0,0,2.5377,0,10.0107,2.5428,0,0,0,12.4406,NA,0,0,0,NA,NA,NA,0,0,0,0,0,34.8748,1.2046,"1b","3b","1b","1b","1b","1b","1b","1b","1b","3b","1b","1b","1b","3b","1b","1b","1b","1b","1b","1b","1b","1b","1b","1b","1b","1b","3b","1b","1b","1b","3b","3b","3b","1b","1b","1b","1b","1b","1b","1b"
"2023-11-08 15:00:00","PM2.5",NA,NA,0,167.4076,2105.6166,72.0905,72.8187,2.6434,0,0,0.9985,106.6025,0,NA,6.533,12.9437,0,0,1.2645,0,3.6186,NA,0,0,NA,15.5168,0,NA,0,NA,NA,NA,NA,0,0,0,0,0,11.7032,0,"3b","3b","1b","1b","1b","1b","1b","1b","1b","1b","1b","1b","1b","3b","1b","1b","1b","1b","1b","1b","1b","3b","1b","1b","3b","1b","1b","3b","1b","3b","3b","3b","3b","1b","1b","1b","1b","1b","1b","1b"
"2023-11-08 16:00:00","PM10",NA,NA,0,317.4449,5157.8231,160.0301,182.4135,4.5225,0,NA,1.9201,399.8937,0,NA,21.3151,7.9749,0,0,0.7134,0,17.1852,2.5301,0,NA,0,15.9356,NA,NA,0,NA,NA,NA,8.6379,0,0,0,0,0,7.1913,0,"3b","3b","1b","1b","1b","1b","1b","1b","1b","3b","1b","1b","1b","3b","1b","1b","1b","1b","1b","1b","1b","1b","1b","3b","1b","1b","3b","3b","1b","3b","3b","3b","1b","1b","1b","1b","1b","1b","1b","1b"
"2023-11-08 17:00:00","PM2.5",NA,0,0,235.1345,2298.4088,76.5411,75.3472,2.344,0,NA,NA,185.9661,0,0,6.1603,32.5053,0,0,4.0316,0,3.5863,NA,0,NA,0,NA,NA,NA,0,NA,NA,NA,NA,0,0,0,0,0,77.9006,0,"3b","1b","1b","1b","1b","1b","1b","1b","1b","3b","3b","1b","1b","1b","1b","1b","1b","1b","1b","1b","1b","3b","1b","3b","1b","3b","3b","3b","1b","3b","3b","3b","3b","1b","1b","1b","1b","1b","1b","1b"
"2023-11-08 18:00:00","PM10",NA,0,0,306.1699,4481.4042,152.3521,165.7823,4.4808,0,0.6694,1.4046,357.2659,0,0,14.3293,12.2619,0,0,2.549,0,14.2356,2.9564,0,0,0,NA,NA,0,0,NA,NA,NA,4.3372,0,0,0,0,0,18.2497,0,"3b","1b","1b","1b","1b","1b","1b","1b","1b","1b","1b","1b","1b","1b","1b","1b","1b","1b","1b","1b","1b","1b","1b","1b","1b","3b","3b","1b","1b","3b","3b","3b","1b","1b","1b","1b","1b","1b","1b","1b"
"2023-11-08 19:00:00","PM2.5",NA,0,0,182.0394,2226.817,142.6652,69.7468,1.4508,NA,NA,NA,139.6141,0,0,6.7043,25.9225,0,0,2.0656,NA,13.156,2.7689,0,0,0,11.0243,0,0,0,NA,NA,NA,3.5916,0,0,0,0,0,5.4948,0,"3b","1b","1b","1b","1b","1b","1b","1b","3b","3b","3b","1b","1b","1b","1b","1b","1b","1b","1b","3b","1b","1b","1b","1b","1b","1b","1b","1b","1b","3b","3b","3b","1b","1b","1b","1b","1b","1b","1b","1b"
"2023-11-08 20:00:00","PM10",NA,2.0553,0,329.7308,5555.3879,203.1594,168.3702,2.9553,0,NA,1.0484,213.5097,0,0,6.7587,15.2584,0,0,0.6512,NA,15.9202,3.5047,0,0,0,11.7668,NA,NA,0,0,0,NA,NA,0,0,0,0,0,3.0443,0,"3b","1b","1b","1b","1b","1b","1b","1b","1b","3b","1b","1b","1b","1b","1b","1b","1b","1b","1b","3b","1b","1b","1b","1b","1b","1b","3b","3b","1b","1b","1b","3b","3b","1b","1b","1b","1b","1b","1b","1b"
"2023-11-08 21:00:00","PM2.5",622.5257,0,0,180.4432,2392.4864,119.3443,65.3901,1.5081,0,NA,0,59.8888,0,0,3.3954,7.5179,0,0,1.4329,0,5.2798,1.9062,0,0,0,NA,NA,0,0,NA,0,0,NA,0,0,NA,0,0,2.4837,0,"1b","1b","1b","1b","1b","1b","1b","1b","1b","3b","1b","1b","1b","1b","1b","1b","1b","1b","1b","1b","1b","1b","1b","1b","1b","3b","3b","1b","1b","3b","1b","1b","3b","1b","1b","3b","1b","1b","1b","1b"
"2023-11-08 22:00:00","PM10",985.6867,0,0,330.4379,5094.4288,185.5435,158.5586,1.8189,NA,NA,NA,142.3025,0,0,6.6316,6.8778,0,0,0.5575,0,11.2901,3.0969,0,0,0,11.598,NA,NA,0,NA,NA,0,NA,0,0,0,0,0,7.3379,0,"1b","1b","1b","1b","1b","1b","1b","1b","3b","3b","3b","1b","1b","1b","1b","1b","1b","1b","1b","1b","1b","1b","1b","1b","1b","1b","3b","3b","1b","3b","3b","1b","3b","1b","1b","1b","1b","1b","1b","1b"
"2023-11-08 23:00:00","PM2.5",NA,0,0,194.7369,2193.3072,133.351,66.9284,NA,0,0.001,0,46.0894,0,NA,2.0689,13.1687,0,0,1.2548,0.0044,4.5823,NA,0,0,0,17.2465,0,0,0,0,NA,NA,NA,0.0058,0,0,0,0,2.9775,0,"3b","1b","1b","1b","1b","1b","1b","3b","1b","1b","1b","1b","1b","3b","1b","1b","1b","1b","1b","1b","1b","3b","1b","1b","1b","1b","1b","1b","1b","1b","3b","3b","3b","1b","1b","1b","1b","1b","1b","1b"
"2023-11-09 00:30:00","PM10",NA,0,NA,343.2331,4683.3109,158.4642,161.2487,NA,0.0208,NA,NA,117.5336,0,0,3.6019,44.7614,0,0,1.452,0,8.4051,NA,0,0,0,NA,NA,0,0,NA,NA,0,0,0,0,0,0,0,8.4526,0,"3b","1b","3b","1b","1b","1b","1b","3b","1b","3b","3b","1b","1b","1b","1b","1b","1b","1b","1b","1b","1b","3b","1b","1b","1b","3b","3b","1b","1b","3b","3b","1b","1b","1b","1b","1b","1b","1b","1b","1b"
"2023-11-09 01:00:00","PM2.5",701.7817,0,0,168.3097,1807.777,92.4377,65.4203,NA,NA,NA,NA,62.2483,0,NA,2.2236,26.7813,0,0,2.3297,NA,4.0626,2.0864,0,NA,0,11.4535,NA,0,NA,0,0,NA,0,0,0,0,0,0,4.8561,0,"1b","1b","1b","1b","1b","1b","1b","3b","3b","3b","3b","1b","1b","3b","1b","1b","1b","1b","1b","3b","1b","1b","1b","3b","1b","1b","3b","1b","3b","1b","1b","3b","1b","1b","1b","1b","1b","1b","1b","1b"
"2023-11-09 02:00:00","PM10",1686.368,0,0,260.2722,3740.4962,131.5641,120.753,NA,NA,0,NA,63.1188,0,0,1.9553,29.0385,0,0,0.748,NA,7.5859,2.2133,0,0,0,NA,NA,0,0,0,0,0,NA,0,0,0,0,0,5.7563,0,"1b","1b","1b","1b","1b","1b","1b","3b","3b","1b","3b","1b","1b","1b","1b","1b","1b","1b","1b","3b","1b","1b","1b","1b","1b","3b","3b","1b","1b","1b","1b","1b","3b","1b","1b","1b","1b","1b","1b","1b"
"2023-11-09 03:00:00","PM2.5",NA,0,0,142.9175,1454.6784,65.9365,44.7227,0,0,0,0,20.5613,0.0042,0,0.9777,13.2339,0,0,1.2683,0,2.8043,NA,0,0,0,11.2502,NA,NA,0,0,0,0,0,0,NA,0,0,0,1.3943,0,"3b","1b","1b","1b","1b","1b","1b","1b","1b","1b","1b","1b","1b","1b","1b","1b","1b","1b","1b","1b","1b","3b","1b","1b","1b","1b","3b","3b","1b","1b","1b","1b","1b","1b","3b","1b","1b","1b","1b","1b"
"2023-11-09 04:00:00","PM10",1186.0521,0,0,199.1649,2835.1408,90.6549,86.4447,NA,0,0,0,22.1589,0,0,1.091,9.9494,0,0,NA,NA,5.127,1.6081,0,0,0,9.712,0,NA,0,0,NA,0,NA,0,0,0,NA,0,2.3225,0,"1b","1b","1b","1b","1b","1b","1b","3b","1b","1b","1b","1b","1b","1b","1b","1b","1b","1b","3b","3b","1b","1b","1b","1b","1b","1b","1b","3b","1b","1b","3b","1b","3b","1b","1b","1b","3b","1b","1b","1b"
"2023-11-09 05:00:00","PM2.5",0,0,0,98.1505,662.013,32.7078,22.3834,NA,NA,0,0,12.8065,NA,0,0.6472,6.4004,0,0,0,0,0.8077,NA,0,0,0,9.5389,NA,0,0,0,NA,NA,0,0,0,0,0,0,1.3326,0,"1b","1b","1b","1b","1b","1b","1b","3b","3b","1b","1b","1b","3b","1b","1b","1b","1b","1b","1b","1b","1b","3b","1b","1b","1b","1b","3b","1b","1b","1b","3b","3b","1b","1b","1b","1b","1b","1b","1b","1b"
"2023-11-09 06:00:00","PM10",NA,0,0,96.7304,1001.2276,48.309,37.2999,NA,0,NA,0,37.9215,NA,0,1.3356,11.0892,0,0,0,0,1.2421,0,0,0,0,11.1529,0,NA,0,NA,NA,NA,NA,0,0,0,0,0,1.6662,0,"3b","1b","1b","1b","1b","1b","1b","3b","1b","3b","1b","1b","3b","1b","1b","1b","1b","1b","1b","1b","1b","1b","1b","1b","1b","1b","1b","3b","1b","3b","3b","3b","3b","1b","1b","1b","1b","1b","1b","1b"
"2023-11-09 07:00:00","PM2.5",623.0999,0,0,82.2135,561.7093,41.821,23.1791,NA,0,0,NA,31.7335,0,0,1.9187,7.301,0,0,0.9293,0,1.2933,NA,0,0,0,16.833,0,NA,0,NA,0,0,NA,0,NA,0,0,0,0,0,"1b","1b","1b","1b","1b","1b","1b","3b","1b","1b","3b","1b","1b","1b","1b","1b","1b","1b","1b","1b","1b","3b","1b","1b","1b","1b","1b","3b","1b","3b","1b","1b","3b","1b","3b","1b","1b","1b","1b","1b"
"2023-11-09 08:00:00","PM10",NA,0,0,98.915,931.4947,39.0002,52.8283,1.0299,0,NA,0,81.2819,0,0,2.6413,10.7004,0,0,0.4677,0,1.485,NA,0,0,0,9.4886,NA,NA,0,NA,NA,NA,NA,0,0,0,0,0,NA,0,"3b","1b","1b","1b","1b","1b","1b","1b","1b","3b","1b","1b","1b","1b","1b","1b","1b","1b","1b","1b","1b","3b","1b","1b","1b","1b","3b","3b","1b","3b","3b","3b","3b","1b","1b","1b","1b","1b","3b","1b"
"2023-11-09 09:00:00","PM2.5",NA,0,0,91.5803,364.3743,20.6251,22.0017,NA,NA,0,0,36.3907,0.0137,0,1.5624,9.5218,0,0,0.7863,NA,NA,NA,0,0,0,NA,NA,NA,0,0,NA,0,0,0,0,0,0,0,NA,0,"3b","1b","1b","1b","1b","1b","1b","3b","3b","1b","1b","1b","1b","1b","1b","1b","1b","1b","1b","3b","3b","3b","1b","1b","1b","3b","3b","3b","1b","1b","3b","1b","1b","1b","1b","1b","1b","1b","3b","1b"
"2023-11-09 10:00:00","PM10",NA,0,0,116.3507,766.8513,41.8205,62.0793,NA,0,NA,NA,94.343,0,0,3.1431,10.7434,0,0,NA,0,1.4327,NA,0,0,0,14.1027,0,NA,0,NA,NA,NA,NA,0,0,0,0,0,1.265,0,"3b","1b","1b","1b","1b","1b","1b","3b","1b","3b","3b","1b","1b","1b","1b","1b","1b","1b","3b","1b","1b","3b","1b","1b","1b","1b","1b","3b","1b","3b","3b","3b","3b","1b","1b","1b","1b","1b","1b","1b"
"2023-11-09 11:00:00","PM2.5",NA,0,NA,63.7416,526.2033,31.737,32.3909,0,0,NA,0,29.649,0,0,1.1232,4.2376,0,0,0,0,0.9705,NA,NA,0,0,11.8866,NA,NA,0,0,NA,NA,NA,0,0,0,0,0,1.0991,0,"3b","1b","3b","1b","1b","1b","1b","1b","1b","3b","1b","1b","1b","1b","1b","1b","1b","1b","1b","1b","1b","3b","3b","1b","1b","1b","3b","3b","1b","1b","3b","3b","3b","1b","1b","1b","1b","1b","1b","1b"
"2023-11-09 12:00:00","PM10",NA,0,0,125.418,1392.5017,51.678,92.1703,1.8846,NA,0,NA,89.9787,0,0,2.5832,2.9874,0,0,NA,NA,3.687,NA,0,0,0,19.8455,NA,NA,0,NA,0,NA,NA,0,0,0,0,0,2.2373,0,"3b","1b","1b","1b","1b","1b","1b","1b","3b","1b","3b","1b","1b","1b","1b","1b","1b","1b","3b","3b","1b","3b","1b","1b","1b","1b","3b","3b","1b","3b","1b","3b","3b","1b","1b","1b","1b","1b","1b","1b"
"2023-11-09 13:00:00","PM2.5",1185.2043,0,0,73.9783,516.888,28.3575,30.0575,NA,0,0,NA,53.2389,NA,NA,1.8215,2.4942,0,0,NA,0,0.851,NA,0,0,0,9.3076,NA,NA,0,0,0,0,NA,0,0,0,0,0,1.597,0,"1b","1b","1b","1b","1b","1b","1b","3b","1b","1b","3b","1b","3b","3b","1b","1b","1b","1b","3b","1b","1b","3b","1b","1b","1b","1b","3b","3b","1b","1b","1b","1b","3b","1b","1b","1b","1b","1b","1b","1b"
"2023-11-09 14:00:00","PM10",NA,0,0,40.3243,619.5188,27.0796,72.6863,1.3006,0,0,0,61.0101,NA,NA,1.8996,5.5572,0,0,0.7105,0,2.0738,NA,0,0,0,NA,0,0,0,0,NA,NA,0,0,NA,0,0.0013,0,0,0,"3b","1b","1b","1b","1b","1b","1b","1b","1b","1b","1b","1b","3b","3b","1b","1b","1b","1b","1b","1b","1b","3b","1b","1b","1b","3b","1b","1b","1b","1b","3b","3b","1b","1b","3b","1b","1b","1b","1b","1b"
"2023-11-09 15:00:00","PM2.5",NA,0,0,30.0473,304.4451,19.674,19.0738,1.0799,0,0,NA,35.0514,NA,NA,1.3959,3.0457,0,0,0.5412,0.0026,NA,NA,0,0,0,12.4339,NA,0,0,NA,0,0,0,0,0,0,0,0,0.8052,0,"3b","1b","1b","1b","1b","1b","1b","1b","1b","1b","3b","1b","3b","3b","1b","1b","1b","1b","1b","1b","3b","3b","1b","1b","1b","1b","3b","1b","1b","3b","1b","1b","1b","1b","1b","1b","1b","1b","1b","1b"
"2023-11-09 16:00:00","PM10",NA,0,0,59.1637,729.6033,54.8697,73.5554,NA,0,NA,0,67.6191,0,0,2.4787,11.4597,0,0,0.4259,0,1.571,NA,0,0,0,0,0,NA,0,0,0,NA,NA,0,0,0,0,0,2.2501,0,"3b","1b","1b","1b","1b","1b","1b","3b","1b","3b","1b","1b","1b","1b","1b","1b","1b","1b","1b","1b","1b","3b","1b","1b","1b","1b","1b","3b","1b","1b","1b","3b","3b","1b","1b","1b","1b","1b","1b","1b"
"2023-11-09 17:00:00","PM2.5",NA,0,0,51.6639,487.5481,49.7896,28.7158,NA,0,NA,NA,50.9155,0,0,2.7932,17.5784,0,0,0,0,0.8863,NA,0,NA,0,0,0,0,0,0,0,NA,0,0,0,0,0,0,2.8206,0,"3b","1b","1b","1b","1b","1b","1b","3b","1b","3b","3b","1b","1b","1b","1b","1b","1b","1b","1b","1b","1b","3b","1b","3b","1b","1b","1b","1b","1b","1b","1b","3b","1b","1b","1b","1b","1b","1b","1b","1b"
"2023-11-09 18:00:00","PM10",NA,0,0,123.5711,1257.1046,82.0553,61.4162,1.3512,0,NA,NA,143.2884,0,0,7.1126,15.7137,0,0,0,0,3.0414,NA,0,0,0,0,NA,NA,0,0,NA,0,4.1684,0,0,0,0,0,4.9516,0,"3b","1b","1b","1b","1b","1b","1b","1b","1b","3b","3b","1b","1b","1b","1b","1b","1b","1b","1b","1b","1b","3b","1b","1b","1b","1b","3b","3b","1b","1b","3b","1b","1b","1b","1b","1b","1b","1b","1b","1b"
"2023-11-09 19:00:00","PM2.5",953.1285,0,NA,40.9179,499.1884,49.8335,16.9967,NA,0,NA,NA,40.6988,NA,NA,2.1596,7.7062,0,0,0.8611,0,1.0083,NA,0,0,0,NA,0,0,0,NA,NA,NA,NA,0,0,0,0,0,0.9684,0,"1b","1b","3b","1b","1b","1b","1b","3b","1b","3b","3b","1b","3b","3b","1b","1b","1b","1b","1b","1b","1b","3b","1b","1b","1b","3b","1b","1b","1b","3b","3b","3b","3b","1b","1b","1b","1b","1b","1b","1b"
"2023-11-09 20:00:00","PM10",NA,0,0,93.0411,1011.3827,161.6499,35.0746,1.7043,0,0,NA,98.3862,0,0,6.2104,20.1573,0,0,2.5297,0,2.5678,3.2072,0,0,0,26.4052,NA,0,0,0,NA,NA,5.5156,0,0,0,0,0,NA,NA,"3b","1b","1b","1b","1b","1b","1b","1b","1b","1b","3b","1b","1b","1b","1b","1b","1b","1b","1b","1b","1b","1b","1b","1b","1b","1b","3b","1b","1b","1b","3b","3b","1b","1b","1b","1b","1b","1b","3b","3b"
"2023-11-09 21:00:00","PM2.5",736.7832,0,0,53.3453,540.8038,46.1609,14.1404,0,0,0,0,34.2157,0,0,2.3241,4.342,0,0,1.8451,0,1.0831,NA,0,0,0,10.4003,NA,0,0,0,0,NA,NA,0,0,0,0,0,1.5472,0,"1b","1b","1b","1b","1b","1b","1b","1b","1b","1b","1b","1b","1b","1b","1b","1b","1b","1b","1b","1b","1b","3b","1b","1b","1b","1b","3b","1b","1b","1b","1b","3b","3b","1b","1b","1b","1b","1b","1b","1b"
"2023-11-09 22:00:00","PM10",NA,0,0,88.791,1424.6287,62.304,41.0063,NA,0,0,NA,54.4418,0,0,1.9611,2.7971,0,0,5.5888,0,13.5183,NA,0,0,0,NA,0,NA,0,0,NA,NA,NA,0,0,0,0,0,0,0,"3b","1b","1b","1b","1b","1b","1b","3b","1b","1b","3b","1b","1b","1b","1b","1b","1b","1b","1b","1b","1b","3b","1b","1b","1b","3b","1b","3b","1b","1b","3b","3b","3b","1b","1b","1b","1b","1b","1b","1b"
"2023-11-09 23:00:00","PM2.5",NA,0,0,61.7542,535.6338,53.3557,17.8642,0,0,0,0,71.3582,0,NA,5.4315,1.8321,0,0,NA,NA,NA,NA,0,0,0,NA,NA,0,0,NA,NA,NA,NA,0,0,0,0,0,1.6156,0,"3b","1b","1b","1b","1b","1b","1b","1b","1b","1b","1b","1b","1b","3b","1b","1b","1b","1b","3b","3b","3b","3b","1b","1b","1b","3b","3b","1b","1b","3b","3b","3b","3b","1b","1b","1b","1b","1b","1b","1b"
"2023-11-10 00:30:00","PM10",NA,0,0,112.6605,1800.9115,65.3513,52.6205,0,NA,0,0,52.9231,NA,NA,3.0514,4.1101,0,0,NA,0,3.3332,0,0,0,0,NA,NA,NA,0,NA,NA,NA,NA,0,0,0,0,0,0,0,"3b","1b","1b","1b","1b","1b","1b","1b","3b","1b","1b","1b","3b","3b","1b","1b","1b","1b","3b","1b","1b","1b","1b","1b","1b","3b","3b","3b","1b","3b","3b","3b","3b","1b","1b","1b","1b","1b","1b","1b"
"2023-11-10 01:00:00","PM2.5",1108.4799,0,0,97.5463,762.0017,45.4573,24.1775,0,0,NA,0,27.2856,0,NA,1.0912,8.63,0,0,1.0517,NA,1.5006,NA,0,0,0,15.6754,0,NA,0,0,0,NA,0,NA,0,0,0,0,1.7756,0,"1b","1b","1b","1b","1b","1b","1b","1b","1b","3b","1b","1b","1b","3b","1b","1b","1b","1b","1b","3b","1b","3b","1b","1b","1b","1b","1b","3b","1b","1b","1b","3b","1b","3b","1b","1b","1b","1b","1b","1b"
"2023-11-10 02:00:00","PM10",NA,0,0,208.6012,1314.0655,67.6005,46.4467,NA,0,0,NA,39.1663,0,NA,1.2691,11.6701,0,0,0,0,2.9,1.8928,0,0,NA,9.8036,NA,NA,0,NA,0,NA,NA,0,0,0,0,0,4.2482,0,"3b","1b","1b","1b","1b","1b","1b","3b","1b","1b","3b","1b","1b","3b","1b","1b","1b","1b","1b","1b","1b","1b","1b","1b","3b","1b","3b","3b","1b","3b","1b","3b","3b","1b","1b","1b","1b","1b","1b","1b"
"2023-11-10 03:00:00","PM2.5",NA,NA,NA,NA,NA,NA,NA,NA,NA,NA,NA,NA,NA,NA,NA,NA,NA,NA,NA,NA,NA,NA,NA,NA,NA,NA,NA,NA,NA,NA,NA,NA,NA,NA,NA,NA,NA,NA,NA,NA,"0c","0c","0c","0c","0c","0c","0c","0c","0c","0c","0c","0c","0c","0c","3b","0c","0c","0c","0c","3b","0c","3b","0c","0c","0c","3b","3b","3b","0c","3b","3b","3b","0c","0c","0c","0c","0c","0c","0c","0c"
"2023-11-10 04:00:00","PM10",NA,NA,NA,NA,NA,NA,NA,NA,NA,NA,NA,NA,NA,NA,NA,NA,NA,NA,NA,NA,NA,NA,NA,NA,NA,NA,NA,NA,NA,NA,NA,NA,NA,NA,NA,NA,NA,NA,NA,NA,"0c","0c","0c","0c","0c","0c","0c","3b","0c","3b","0c","0c","0c","3b","0c","0c","0c","0c","0c","0c","0c","3b","0c","0c","0c","0c","0c","0c","0c","0c","0c","0c","0c","0c","0c","0c","0c","0c","0c","0c"
"2023-11-10 05:00:00","PM2.5",NA,NA,NA,NA,NA,NA,NA,NA,NA,NA,NA,NA,NA,NA,NA,NA,NA,NA,NA,NA,NA,NA,NA,NA,NA,NA,NA,NA,NA,NA,NA,NA,NA,NA,NA,NA,NA,NA,NA,NA,"0c","0c","0c","0c","0c","0c","0c","3b","0c","0c","0c","0c","0c","3b","0c","0c","0c","0c","0c","3b","3b","3b","0c","3b","0c","3b","3b","0c","0c","3b","3b","3b","0c","0c","0c","0c","0c","0c","0c","0c"
"2023-11-10 06:00:00","PM10",NA,0,NA,123.2203,714.2891,40.7766,32.5019,2.1876,0,NA,NA,93.8199,0,NA,6.302,5.6859,0,0,NA,0,1.2169,NA,0,NA,0,9.3891,NA,NA,0,NA,NA,NA,NA,0,0,0,0,0,1.1757,0,"3b","1b","3b","1b","1b","1b","1b","1b","1b","3b","3b","1b","1b","3b","1b","1b","1b","1b","3b","1b","1b","3b","1b","3b","1b","1b","3b","3b","1b","3b","3b","3b","3b","1b","1b","1b","1b","1b","1b","1b"
"2023-11-10 07:00:00","PM2.5",NA,NA,NA,NA,NA,NA,NA,NA,NA,NA,NA,NA,NA,NA,NA,NA,NA,NA,NA,NA,NA,NA,NA,NA,NA,NA,NA,NA,NA,NA,NA,NA,NA,NA,NA,NA,NA,NA,NA,NA,"3b","0c","3b","0c","0c","0c","0c","3b","0c","3b","0c","0c","0c","0c","0c","0c","3b","0c","0c","0c","3b","3b","0c","0c","0c","3b","3b","3b","0c","3b","0c","3b","3b","0c","0c","0c","0c","0c","0c","0c"
"2023-11-10 08:00:00","PM10",NA,NA,NA,NA,NA,NA,NA,NA,NA,NA,NA,NA,NA,NA,NA,NA,NA,NA,NA,NA,NA,NA,NA,NA,NA,NA,NA,NA,NA,NA,NA,NA,NA,NA,NA,NA,NA,NA,NA,NA,"0c","3b","0c","0c","0c","0c","0c","0c","0c","0c","0c","0c","0c","3b","0c","0c","0c","0c","0c","0c","0c","3b","0c","3b","0c","0c","3b","0c","0c","3b","0c","0c","0c","0c","0c","0c","0c","0c","0c","0c"
"2023-11-10 09:00:00","PM2.5",NA,NA,NA,NA,NA,NA,NA,NA,NA,NA,NA,NA,NA,NA,NA,NA,NA,NA,NA,NA,NA,NA,NA,NA,NA,NA,NA,NA,NA,NA,NA,NA,NA,NA,NA,NA,NA,NA,NA,NA,"0c","3b","0c","0c","0c","0c","0c","0c","3b","0c","0c","0c","0c","0c","0c","0c","0c","0c","0c","0c","0c","3b","0c","0c","0c","3b","3b","3b","0c","3b","3b","3b","3b","0c","0c","0c","0c","0c","0c","0c"
"2023-11-10 10:00:00","PM10",NA,NA,NA,NA,NA,NA,NA,NA,NA,NA,NA,NA,NA,NA,NA,NA,NA,NA,NA,NA,NA,NA,NA,NA,NA,NA,NA,NA,NA,NA,NA,NA,NA,NA,NA,NA,NA,NA,NA,NA,"0c","0c","0c","0c","0c","0c","0c","0c","0c","0c","0c","0c","0c","3b","0c","0c","0c","0c","0c","3b","0c","3b","0c","0c","0c","0c","0c","0c","0c","3b","0c","3b","0c","0c","0c","0c","0c","0c","0c","0c"
"2023-11-10 11:00:00","PM2.5",NA,NA,NA,NA,NA,NA,NA,NA,NA,NA,NA,NA,NA,NA,NA,NA,NA,NA,NA,NA,NA,NA,NA,NA,NA,NA,NA,NA,NA,NA,NA,NA,NA,NA,NA,NA,NA,NA,NA,NA,"0c","0c","0c","0c","0c","0c","0c","0c","0c","0c","0c","0c","0c","0c","0c","0c","0c","0c","0c","0c","0c","3b","0c","0c","0c","0c","3b","3b","0c","3b","3b","3b","3b","0c","0c","0c","0c","0c","0c","0c"
"2023-11-10 12:00:00","PM10",NA,0,0,478.9724,142.9389,65.3645,135.4383,4.712,0,1.7674,3.7052,178.7689,0,NA,8.3707,39.4011,0,0,1.3423,NA,1.7062,NA,0,NA,0,NA,NA,NA,0,NA,0,NA,NA,0,0,0,0,0,9.3092,0,"3b","1b","1b","1b","1b","1b","1b","1b","1b","1b","1b","1b","1b","3b","1b","1b","1b","1b","1b","3b","1b","3b","1b","3b","1b","3b","3b","3b","1b","3b","1b","3b","3b","1b","1b","1b","1b","1b","1b","1b"
"2023-11-10 13:00:00","PM2.5",NA,0,0,548.2712,0,42.9827,30.533,1.1799,0,NA,NA,63.5557,NA,0,2.4984,16.6719,0,0,0,1.1198,1.3947,NA,0,0,NA,NA,NA,0,0,0,NA,NA,NA,0,0,0,0,0,6.828,0,"3b","1b","1b","1b","1b","1b","1b","1b","1b","3b","3b","1b","3b","1b","1b","1b","1b","1b","1b","1b","1b","3b","1b","1b","3b","3b","3b","1b","1b","1b","3b","3b","3b","1b","1b","1b","1b","1b","1b","1b"
"2023-11-10 14:00:00","PM10",NA,NA,0,579.3034,0,48.7483,95.2139,2.9862,NA,NA,1.8297,161.9489,NA,NA,3.8006,18.5251,0,0,1.3251,1.5139,1.5767,NA,0,0,0,16.8787,NA,0,0,0,NA,NA,NA,0,0,0,0,0,6.3714,0,"3b","3b","1b","1b","1b","1b","1b","1b","3b","3b","1b","1b","3b","3b","1b","1b","1b","1b","1b","1b","1b","3b","1b","1b","1b","1b","3b","1b","1b","1b","3b","3b","3b","1b","1b","1b","1b","1b","1b","1b"
"2023-11-10 15:00:00","PM2.5",NA,0,0,146.7108,53.5776,24.725,36.5406,NA,0,NA,NA,87.2413,0,0,6.4984,10.7398,0,0,1.6304,0,1.3835,NA,0,0,0,NA,0,NA,0,NA,NA,0,NA,0,0,NA,0,0,4.3,0,"3b","1b","1b","1b","1b","1b","1b","3b","1b","3b","3b","1b","1b","1b","1b","1b","1b","1b","1b","1b","1b","3b","1b","1b","1b","3b","1b","3b","1b","3b","3b","1b","3b","1b","1b","3b","1b","1b","1b","1b"
"2023-11-10 16:00:00","PM10",NA,NA,0,175.9716,459.6834,54.2722,119.2797,4.5893,0,NA,1.5388,296.811,0,NA,13.6336,25.4286,0,0,0.6379,9e-04,3.987,1.6251,0,0,0,18.5645,NA,0,0,0,NA,NA,4.6696,0,0,0,0,0,5.5044,0,"3b","3b","1b","1b","1b","1b","1b","1b","1b","3b","1b","1b","1b","3b","1b","1b","1b","1b","1b","1b","1b","1b","1b","1b","1b","1b","3b","1b","1b","1b","3b","3b","1b","1b","1b","1b","1b","1b","1b","1b"
"2023-11-10 17:00:00","PM2.5",NA,0,0,166.8091,144.6396,72.2079,37.9956,1.5709,0,NA,0.9971,317.4467,0,0,22.6153,16.6628,0,0,0.9063,0,1.3493,NA,0,0,0,0,NA,NA,0,0,NA,NA,9.4245,0,0,0,0,0,4.206,0,"3b","1b","1b","1b","1b","1b","1b","1b","1b","3b","1b","1b","1b","1b","1b","1b","1b","1b","1b","1b","1b","3b","1b","1b","1b","1b","3b","3b","1b","1b","3b","3b","1b","1b","1b","1b","1b","1b","1b","1b"
"2023-11-10 18:00:00","PM10",NA,NA,0,206.3492,552.6616,133.8567,137.7695,8.189,0,0.7775,2.8316,507.8829,0,NA,16.7883,27.7706,0,0,3.4181,0,33.4806,NA,0,NA,0,NA,NA,0,0,0,NA,0,11.8213,0,0,0,0,0,10.8662,0,"3b","3b","1b","1b","1b","1b","1b","1b","1b","1b","1b","1b","1b","3b","1b","1b","1b","1b","1b","1b","1b","3b","1b","3b","1b","3b","3b","1b","1b","1b","3b","1b","1b","1b","1b","1b","1b","1b","1b","1b"
"2023-11-10 19:00:00","PM2.5",NA,NA,NA,NA,NA,NA,NA,NA,NA,NA,NA,NA,NA,NA,NA,NA,NA,NA,NA,NA,NA,NA,NA,NA,NA,NA,NA,NA,NA,NA,NA,NA,NA,NA,NA,NA,NA,NA,NA,NA,"3b","0c","0c","0c","0c","0c","0c","0c","0c","3b","0c","0c","0c","0c","0c","0c","0c","0c","0c","0c","0c","0c","0c","3b","0c","3b","3b","0c","0c","3b","3b","3b","0c","0c","0c","0c","3b","0c","0c","0c"
"2023-11-10 20:00:00","PM10",NA,NA,NA,NA,NA,NA,NA,NA,NA,NA,NA,NA,NA,NA,NA,NA,NA,NA,NA,NA,NA,NA,NA,NA,NA,NA,NA,NA,NA,NA,NA,NA,NA,NA,NA,NA,NA,NA,NA,NA,"0c","3b","0c","0c","0c","0c","0c","0c","0c","0c","0c","0c","0c","0c","0c","0c","0c","0c","3b","0c","0c","0c","0c","0c","0c","3b","3b","3b","0c","3b","0c","3b","0c","0c","0c","0c","0c","0c","0c","0c"
"2023-11-10 21:00:00","PM2.5",NA,NA,NA,NA,NA,NA,NA,NA,NA,NA,NA,NA,NA,NA,NA,NA,NA,NA,NA,NA,NA,NA,NA,NA,NA,NA,NA,NA,NA,NA,NA,NA,NA,NA,NA,NA,NA,NA,NA,NA,"3b","0c","0c","0c","0c","0c","0c","0c","0c","0c","3b","0c","0c","0c","0c","0c","0c","0c","0c","3b","0c","0c","3b","0c","0c","3b","3b","3b","0c","0c","3b","3b","3b","0c","3b","0c","0c","0c","0c","0c"
"2023-11-10 22:00:00","PM10",NA,NA,0,180.3023,524.772,167.557,35.6285,2.0663,0,NA,1.5712,356.5779,0,0,17.2879,11.0656,0,0,0.6962,NA,2.2861,3.1652,0.0054,0,0,0,NA,NA,0,0,0,NA,6.982,0,0,0,0,0,2.3625,0,"3b","3b","1b","1b","1b","1b","1b","1b","1b","3b","1b","1b","1b","1b","1b","1b","1b","1b","1b","3b","1b","1b","1b","1b","1b","1b","3b","3b","1b","1b","1b","3b","1b","1b","1b","1b","1b","1b","1b","1b"
"2023-11-10 23:00:00","PM2.5",NA,0,NA,130.5161,169.8974,107.4255,8.9466,NA,NA,0,0,139.3147,0,0,11.6735,10.4434,0,0,NA,0,1.8212,2.8122,0,NA,0,NA,0,NA,0,0,NA,NA,8.1196,0,NA,0,0,0,3.0944,NA,"3b","1b","3b","1b","1b","1b","1b","3b","3b","1b","1b","1b","1b","1b","1b","1b","1b","1b","3b","1b","1b","1b","1b","3b","1b","3b","1b","3b","1b","1b","3b","3b","1b","1b","3b","1b","1b","1b","1b","3b"
"2023-11-11 00:30:00","PM10",NA,NA,NA,NA,NA,NA,NA,NA,NA,NA,NA,NA,NA,NA,NA,NA,NA,NA,NA,NA,NA,NA,NA,NA,NA,NA,NA,NA,NA,NA,NA,NA,NA,NA,NA,NA,NA,NA,NA,NA,"0c","0c","0c","0c","0c","0c","0c","0c","0c","0c","3b","0c","0c","0c","0c","0c","0c","0c","3b","3b","3b","3b","0c","0c","0c","0c","3b","3b","0c","3b","0c","0c","0c","0c","0c","0c","0c","0c","0c","0c"
"2023-11-11 01:00:00","PM2.5",NA,NA,NA,NA,NA,NA,NA,NA,NA,NA,NA,NA,NA,NA,NA,NA,NA,NA,NA,NA,NA,NA,NA,NA,NA,NA,NA,NA,NA,NA,NA,NA,NA,NA,NA,NA,NA,NA,NA,NA,"3b","0c","3b","0c","0c","0c","0c","3b","3b","0c","0c","0c","0c","0c","0c","0c","0c","0c","0c","3b","0c","3b","0c","0c","0c","3b","3b","0c","0c","3b","3b","3b","0c","0c","0c","0c","0c","0c","0c","0c"
"2023-11-11 02:00:00","PM10",NA,0,0,86.3847,236.0153,48.6511,18.4891,NA,0,NA,0,24.7866,NA,0,0.9648,5.8382,0,0,1.005,0,0.9392,NA,0,0,0,NA,0,0,0,0,0,NA,NA,0,0,0,0,0,1.008,0,"3b","1b","1b","1b","1b","1b","1b","3b","1b","3b","1b","1b","3b","1b","1b","1b","1b","1b","1b","1b","1b","3b","1b","1b","1b","3b","1b","1b","1b","1b","1b","3b","3b","1b","1b","1b","1b","1b","1b","1b"
"2023-11-11 03:00:00","PM2.5",661.1699,0,0,53.5101,71.4093,22.1803,5.9766,NA,NA,0,0,9.2609,0,NA,1.1341,3.4515,0,0,NA,0,0.6832,NA,0,0,0,NA,12.1247,NA,0,0,NA,NA,NA,0,0,0,0,0,NA,0,"1b","1b","1b","1b","1b","1b","1b","3b","3b","1b","1b","1b","1b","3b","1b","1b","1b","1b","3b","1b","1b","3b","1b","1b","1b","3b","1b","3b","1b","1b","3b","3b","3b","1b","1b","1b","1b","1b","3b","1b"
"2023-11-11 04:00:00","PM10",NA,0,0,72.6979,223.6052,24.0137,14.8101,0,0,0,0,11.9952,0,NA,NA,3.6775,0,0,0,0,0.9542,NA,0,0,0,9.0401,NA,0,0,NA,NA,NA,NA,0,0,0,NA,0,1.6441,0,"3b","1b","1b","1b","1b","1b","1b","1b","1b","1b","1b","1b","1b","3b","3b","1b","1b","1b","1b","1b","1b","3b","1b","1b","1b","1b","3b","1b","1b","3b","3b","3b","3b","1b","1b","1b","3b","1b","1b","1b"
"2023-11-11 05:00:00","PM2.5",NA,0,0,69.122,76.1251,12.1982,5.0835,0,0,0.0018,0,14.3595,NA,NA,1.7511,2.3687,0,0,NA,0,NA,NA,0,0,0,0,0,NA,0,NA,NA,NA,NA,0,0,0,0,0,NA,0,"3b","1b","1b","1b","1b","1b","1b","1b","1b","1b","1b","1b","3b","3b","1b","1b","1b","1b","3b","1b","3b","3b","1b","1b","1b","1b","1b","3b","1b","3b","3b","3b","3b","1b","1b","1b","1b","1b","3b","1b"
"2023-11-11 06:00:00","PM10",NA,0,0,100.2868,373.2523,28.2873,19.4187,NA,0,NA,0,52.196,0,0,4.2243,3.3202,0,0,0,0,0.8213,NA,NA,0,0,NA,0,NA,0,NA,0,NA,NA,0,0,0,NA,0,NA,0,"3b","1b","1b","1b","1b","1b","1b","3b","1b","3b","1b","1b","1b","1b","1b","1b","1b","1b","1b","1b","1b","3b","3b","1b","1b","3b","1b","3b","1b","3b","1b","3b","3b","1b","1b","1b","3b","1b","3b","1b"
"2023-11-11 07:00:00","PM2.5",673.8163,0,0,106.1506,98.0862,19.9353,6.1033,NA,0,NA,0,166.6837,0,0,25.899,11.5422,0,0,NA,NA,0.6493,NA,0,0,NA,9.1474,0,0,0,0,NA,0,7.7024,0,0,0,0,0,NA,0,"1b","1b","1b","1b","1b","1b","1b","3b","1b","3b","1b","1b","1b","1b","1b","1b","1b","1b","3b","3b","1b","3b","1b","1b","3b","1b","1b","1b","1b","1b","3b","1b","1b","1b","1b","1b","1b","1b","3b","1b"
"2023-11-11 08:00:00","PM10",NA,0,0,118.7072,491.3349,41.1164,50.5905,1.4661,NA,0,NA,213.0239,NA,NA,11.8199,76.6961,0,0,NA,0,1.0915,NA,0,0,0,0,NA,NA,0,NA,NA,0,5.5237,0,0,0,0,0,1.0661,0,"3b","1b","1b","1b","1b","1b","1b","1b","3b","1b","3b","1b","3b","3b","1b","1b","1b","1b","3b","1b","1b","3b","1b","1b","1b","1b","3b","3b","1b","3b","3b","1b","1b","1b","1b","1b","1b","1b","1b","1b"
"2023-11-11 09:00:00","PM2.5",NA,0,0,127.8957,221.4372,56.5172,23.1671,NA,0,0,NA,130.4213,0,0,7.6595,84.4345,0,0,1.504,NA,3.0247,NA,0,0,0,NA,NA,NA,0,NA,NA,NA,NA,0,0,0,0,0,7.876,0,"3b","1b","1b","1b","1b","1b","1b","3b","1b","1b","3b","1b","1b","1b","1b","1b","1b","1b","1b","3b","1b","3b","1b","1b","1b","3b","3b","3b","1b","3b","3b","3b","3b","1b","1b","1b","1b","1b","1b","1b"
"2023-11-11 10:00:00","PM10",NA,0,0,126.6686,759.7847,32.7624,49.7891,NA,0,0,NA,106.9419,NA,0,3.4352,7.7652,0,0,NA,NA,1.546,NA,0,0,0,16.6136,0,0,0,NA,NA,NA,NA,0,0,0,0,0,1.1492,0,"3b","1b","1b","1b","1b","1b","1b","3b","1b","1b","3b","1b","3b","1b","1b","1b","1b","1b","3b","3b","1b","3b","1b","1b","1b","1b","1b","1b","1b","3b","3b","3b","3b","1b","1b","1b","1b","1b","1b","1b"
"2023-11-11 11:00:00","PM2.5",NA,0,0,92.3011,291.9563,14.323,16.772,NA,0,NA,0,51.6365,0,0,2.1376,11.4449,0,0,2.3236,NA,1.7,NA,0,0,0,10.5426,NA,0,0,NA,NA,0.1643,NA,0,0,0,0,0,0.8859,0,"3b","1b","1b","1b","1b","1b","1b","3b","1b","3b","1b","1b","1b","1b","1b","1b","1b","1b","1b","3b","1b","3b","1b","1b","1b","1b","3b","1b","1b","3b","3b","1b","3b","1b","1b","1b","1b","1b","1b","1b"
"2023-11-11 12:00:00","PM10",NA,0,0,161.0411,731.3933,23.2073,60.4972,1.2572,0,NA,NA,119.3218,NA,NA,3.697,10.2611,0,0,0.3707,NA,1.4499,NA,0,NA,0,19.7198,0,NA,0,0,NA,0,NA,0,0,0,0,0,NA,0,"3b","1b","1b","1b","1b","1b","1b","1b","1b","3b","3b","1b","3b","3b","1b","1b","1b","1b","1b","3b","1b","3b","1b","3b","1b","1b","1b","3b","1b","1b","3b","1b","3b","1b","1b","1b","1b","1b","3b","1b"
"2023-11-11 13:00:00","PM2.5",NA,NA,NA,NA,NA,NA,NA,NA,NA,NA,NA,NA,NA,NA,NA,NA,NA,NA,NA,NA,NA,NA,NA,NA,NA,NA,NA,NA,NA,NA,NA,NA,NA,NA,NA,NA,NA,NA,NA,NA,"3b","0c","0c","0c","0c","0c","0c","3b","3b","0c","0c","0c","3b","0c","0c","0c","0c","0c","0c","3b","0c","3b","0c","0c","0c","0c","0c","3b","0c","3b","3b","3b","3b","0c","0c","0c","0c","0c","3b","0c"
"2023-11-11 14:00:00","PM10",NA,NA,NA,NA,NA,NA,NA,NA,NA,NA,NA,NA,NA,NA,NA,NA,NA,NA,NA,NA,NA,NA,NA,NA,NA,NA,NA,NA,NA,NA,NA,NA,NA,NA,NA,NA,NA,NA,NA,NA,"0c","0c","0c","0c","0c","0c","0c","0c","0c","3b","0c","0c","3b","0c","0c","0c","0c","0c","0c","0c","0c","3b","0c","0c","0c","0c","0c","0c","0c","0c","0c","3b","0c","0c","0c","0c","0c","0c","0c","0c"
"2023-11-11 15:00:00","PM2.5",NA,NA,NA,NA,NA,NA,NA,NA,NA,NA,NA,NA,NA,NA,NA,NA,NA,NA,NA,NA,NA,NA,NA,NA,NA,NA,NA,NA,NA,NA,NA,NA,NA,NA,NA,NA,NA,NA,NA,NA,"3b","0c","0c","0c","0c","0c","0c","0c","0c","0c","0c","0c","3b","0c","0c","0c","0c","0c","0c","3b","0c","3b","0c","0c","0c","0c","3b","0c","0c","3b","3b","3b","3b","0c","0c","0c","0c","0c","0c","0c"
"2023-11-11 16:00:00","PM10",NA,NA,0,307.7619,406.2485,42.2006,104.1751,3.6146,0,1.3663,3.4595,641.0474,1.5339,0,26.9141,16.6442,0,0,1.5332,NA,2.3211,NA,0,0,0,18.3273,0,NA,0,NA,NA,0.1107,15.1337,0,0,0,0,0,2.3783,0,"3b","3b","1b","1b","1b","1b","1b","1b","1b","1b","1b","1b","1b","1b","1b","1b","1b","1b","1b","3b","1b","3b","1b","1b","1b","1b","1b","3b","1b","3b","3b","1b","1b","1b","1b","1b","1b","1b","1b","1b"
"2023-11-11 17:00:00","PM2.5",NA,NA,NA,NA,NA,NA,NA,NA,NA,NA,NA,NA,NA,NA,NA,NA,NA,NA,NA,NA,NA,NA,NA,NA,NA,NA,NA,NA,NA,NA,NA,NA,NA,NA,NA,NA,NA,NA,NA,NA,"0c","0c","0c","0c","0c","0c","0c","0c","0c","3b","0c","0c","0c","0c","0c","0c","0c","0c","0c","0c","0c","3b","0c","0c","0c","0c","3b","3b","0c","3b","3b","3b","0c","0c","0c","0c","0c","0c","0c","0c"
"2023-11-11 18:00:00","PM10",NA,NA,NA,NA,NA,NA,NA,NA,NA,NA,NA,NA,NA,NA,NA,NA,NA,NA,NA,NA,NA,NA,NA,NA,NA,NA,NA,NA,NA,NA,NA,NA,NA,NA,NA,NA,NA,NA,NA,NA,"0c","3b","0c","0c","0c","0c","0c","0c","0c","0c","0c","0c","0c","0c","0c","0c","0c","0c","0c","0c","0c","0c","0c","3b","0c","0c","0c","3b","0c","3b","3b","3b","0c","0c","0c","0c","0c","0c","0c","0c"
"2023-11-11 19:00:00","PM2.5",NA,NA,NA,NA,NA,NA,NA,NA,NA,NA,NA,NA,NA,NA,NA,NA,NA,NA,NA,NA,NA,NA,NA,NA,NA,NA,NA,NA,NA,NA,NA,NA,NA,NA,NA,NA,NA,NA,NA,NA,"0c","0c","0c","0c","0c","0c","0c","0c","0c","0c","0c","0c","0c","3b","0c","0c","0c","0c","0c","0c","0c","0c","0c","0c","0c","0c","3b","3b","0c","0c","3b","3b","0c","0c","0c","0c","0c","0c","0c","0c"
"2023-11-11 20:00:00","PM10",NA,NA,NA,NA,NA,NA,NA,NA,NA,NA,NA,NA,NA,NA,NA,NA,NA,NA,NA,NA,NA,NA,NA,NA,NA,NA,NA,NA,NA,NA,NA,NA,NA,NA,NA,NA,NA,NA,NA,NA,"0c","3b","0c","0c","0c","0c","0c","0c","0c","0c","0c","0c","0c","0c","0c","0c","0c","0c","0c","0c","0c","0c","0c","3b","0c","0c","3b","3b","0c","3b","3b","3b","0c","0c","0c","0c","0c","0c","0c","0c"
"2023-11-11 21:00:00","PM2.5",NA,NA,NA,NA,NA,NA,NA,NA,NA,NA,NA,NA,NA,NA,NA,NA,NA,NA,NA,NA,NA,NA,NA,NA,NA,NA,NA,NA,NA,NA,NA,NA,NA,NA,NA,NA,NA,NA,NA,NA,"0c","0c","0c","0c","0c","0c","0c","0c","0c","0c","0c","0c","3b","3b","0c","0c","0c","0c","0c","0c","0c","0c","0c","0c","0c","0c","0c","0c","0c","0c","3b","3b","0c","0c","0c","0c","0c","0c","0c","0c"
"2023-11-11 22:00:00","PM10",NA,NA,NA,NA,NA,NA,NA,NA,NA,NA,NA,NA,NA,NA,NA,NA,NA,NA,NA,NA,NA,NA,NA,NA,NA,NA,NA,NA,NA,NA,NA,NA,NA,NA,NA,NA,NA,NA,NA,NA,"0c","0c","0c","0c","0c","0c","0c","0c","0c","0c","0c","0c","0c","0c","0c","0c","0c","0c","0c","0c","0c","0c","0c","0c","0c","0c","3b","3b","0c","3b","3b","3b","0c","0c","0c","0c","0c","0c","0c","0c"
"2023-11-11 23:00:00","PM2.5",NA,NA,NA,NA,NA,NA,NA,NA,NA,NA,NA,NA,NA,NA,NA,NA,NA,NA,NA,NA,NA,NA,NA,NA,NA,NA,NA,NA,NA,NA,NA,NA,NA,NA,NA,NA,NA,NA,NA,NA,"3b","0c","0c","0c","0c","0c","0c","0c","0c","0c","0c","0c","0c","0c","0c","0c","0c","0c","0c","0c","0c","0c","3b","0c","0c","3b","3b","3b","0c","3b","3b","3b","0c","0c","0c","0c","0c","0c","0c","0c"
"2023-11-12 00:30:00","PM10",NA,0,0,405.047,999.2708,746.5741,71.2869,10.7966,0,NA,NA,419.1431,0,0,29.9173,39.2919,0,0,3.935,0,11.7303,14.5638,0,0,0,NA,0,NA,0,NA,NA,NA,33.5405,0,0,0,0,0,18.3095,6.2581,"3b","1b","1b","1b","1b","1b","1b","1b","1b","3b","3b","1b","1b","1b","1b","1b","1b","1b","1b","1b","1b","1b","1b","1b","1b","3b","1b","3b","1b","3b","3b","3b","1b","1b","1b","1b","1b","1b","1b","1b"
"2023-11-12 01:00:00","PM2.5",NA,0,0,344.5362,565.9794,564.394,23.0622,4.6613,0,0.6633,0.9893,182.3884,0,0,20.0897,28.8138,0,0,3.5106,0,8.5248,10.6197,0,0,0,15.7109,NA,0,0,0,NA,NA,21.9739,0,0,0,0,0,13.8367,7.9366,"3b","1b","1b","1b","1b","1b","1b","1b","1b","1b","1b","1b","1b","1b","1b","1b","1b","1b","1b","1b","1b","1b","1b","1b","1b","1b","3b","1b","1b","1b","3b","3b","1b","1b","1b","1b","1b","1b","1b","1b"
"2023-11-12 02:00:00","PM10",815.8294,0,0,375.1706,494.9401,399.3248,79.3191,6.1311,0,NA,1.4096,285.6465,0,NA,15.0355,31.9646,0,0,3.3337,0,9.9877,6.927,0,0,0,0,NA,0,0,NA,NA,0,15.8832,0,0,0,0,0,14.6039,2.0912,"1b","1b","1b","1b","1b","1b","1b","1b","1b","3b","1b","1b","1b","3b","1b","1b","1b","1b","1b","1b","1b","1b","1b","1b","1b","1b","3b","1b","1b","3b","3b","1b","1b","1b","1b","1b","1b","1b","1b","1b"
"2023-11-12 03:00:00","PM2.5",791.3446,0,0,268.0503,403.9031,268.7821,26.156,2.8369,0,NA,NA,119.1122,0,0,8.2817,26.2053,0,0,3.1351,0,8.2794,3.086,0,0,0,NA,0,NA,0,NA,NA,0,7.6022,0,0,0,0,0,13.8572,NA,"1b","1b","1b","1b","1b","1b","1b","1b","1b","3b","3b","1b","1b","1b","1b","1b","1b","1b","1b","1b","1b","1b","1b","1b","1b","3b","1b","3b","1b","3b","3b","1b","1b","1b","1b","1b","1b","1b","1b","3b"
"2023-11-12 04:00:00","PM10",NA,0,0,325.8154,608.6737,279.3221,61.4934,3.6304,0,NA,NA,188.1583,0,0,10.0354,23.6651,0,0,2.6738,0.005,8.1306,4.4428,0,0,0,NA,0,0,0,0,NA,NA,11.0948,0,0,0,0,0,11.8819,NA,"3b","1b","1b","1b","1b","1b","1b","1b","1b","3b","3b","1b","1b","1b","1b","1b","1b","1b","1b","1b","1b","1b","1b","1b","1b","3b","1b","1b","1b","1b","3b","3b","1b","1b","1b","1b","1b","1b","1b","3b"
"2023-11-12 05:00:00","PM2.5",795.7325,0,0,269.8636,280.8053,175.7611,13.1515,NA,0,NA,NA,73.1352,0,NA,5.0345,21.6702,0,0,2.9436,0,6.8915,NA,0,NA,0,10.1345,NA,0,0,0,NA,0,4.031,0,0,0,0,0,10.68,NA,"1b","1b","1b","1b","1b","1b","1b","3b","1b","3b","3b","1b","1b","3b","1b","1b","1b","1b","1b","1b","1b","3b","1b","3b","1b","1b","3b","1b","1b","1b","3b","1b","1b","1b","1b","1b","1b","1b","1b","3b"
"2023-11-12 06:00:00","PM10",691.1527,0,0,256.0535,108.0768,149.9207,47.1161,2.8209,0,0,NA,70.8118,0,0.0016,3.0752,14.0017,0,0,2.3955,0,5.9679,NA,0,0,0,10.6765,NA,0,0,NA,NA,NA,NA,0,0,0,0,0,6.4546,0,"1b","1b","1b","1b","1b","1b","1b","1b","1b","1b","3b","1b","1b","1b","1b","1b","1b","1b","1b","1b","1b","3b","1b","1b","1b","1b","3b","1b","1b","3b","3b","3b","3b","1b","1b","1b","1b","1b","1b","1b"
"2023-11-12 07:00:00","PM2.5",NA,0,0,238.5868,0,108.2781,5.6873,NA,0,0,NA,28.4934,0,NA,2.1938,9.9243,0,0,2.1333,NA,4.7449,NA,0,0,0,13.7041,NA,NA,0,NA,NA,0,NA,0,0,0,0,0,4.862,0,"3b","1b","1b","1b","1b","1b","1b","3b","1b","1b","3b","1b","1b","3b","1b","1b","1b","1b","1b","3b","1b","3b","1b","1b","1b","1b","3b","3b","1b","3b","3b","1b","3b","1b","1b","1b","1b","1b","1b","1b"
"2023-11-12 08:00:00","PM10",NA,0,0,279.0852,32.0322,118.4668,20.6148,1.4536,0,NA,0,56.4575,0,NA,2.3183,9.8229,0,0,2.0296,NA,4.4067,NA,0,0,0,0,NA,NA,0,0,0,0,NA,0,0,0,0,0,4.2911,0,"3b","1b","1b","1b","1b","1b","1b","1b","1b","3b","1b","1b","1b","3b","1b","1b","1b","1b","1b","3b","1b","3b","1b","1b","1b","1b","3b","3b","1b","1b","1b","1b","3b","1b","1b","1b","1b","1b","1b","1b"
"2023-11-12 09:00:00","PM2.5",NA,0,0,247.3669,0,109.7385,4.3603,NA,NA,0,0,28.5819,0,NA,1.7935,8.4613,0,0,0.6023,0,3.4743,1.721,0,0,0,NA,NA,NA,0,NA,NA,0,0,0,NA,0,0,0,8.2878,0,"3b","1b","1b","1b","1b","1b","1b","3b","3b","1b","1b","1b","1b","3b","1b","1b","1b","1b","1b","1b","1b","1b","1b","1b","1b","3b","3b","3b","1b","3b","3b","1b","1b","1b","3b","1b","1b","1b","1b","1b"
"2023-11-12 10:00:00","PM10",651.2788,0,0.2697,317.8346,31.3548,132.4522,15.5841,0,NA,NA,NA,74.6958,0,NA,2.7533,10.7034,0,0,1.4065,0.0021,3.844,NA,0,0,0,NA,NA,NA,0,NA,NA,NA,NA,0,0,0,0,0,8.5921,0,"1b","1b","1b","1b","1b","1b","1b","1b","3b","3b","3b","1b","1b","3b","1b","1b","1b","1b","1b","1b","1b","3b","1b","1b","1b","3b","3b","3b","1b","3b","3b","3b","3b","1b","1b","1b","1b","1b","1b","1b"
"2023-11-12 11:00:00","PM2.5",NA,0,0,240.6791,22.6634,109.1546,6.5346,0,NA,0,0.0032,37.9739,0,NA,2.3356,9.9822,0,0,2.2973,0,3.5581,NA,0,0,0,NA,NA,NA,0,0,NA,0,NA,0,0,0,0,0,5.1978,0,"3b","1b","1b","1b","1b","1b","1b","1b","3b","1b","1b","1b","1b","3b","1b","1b","1b","1b","1b","1b","1b","3b","1b","1b","1b","3b","3b","3b","1b","1b","3b","1b","3b","1b","1b","1b","1b","1b","1b","1b"
"2023-11-12 12:00:00","PM10",NA,0,0,204.5302,205.8306,80.2861,24.5164,NA,NA,NA,0,70.2942,NA,0,3.031,7.6629,0,0,1.8588,NA,3.7264,NA,0,0,0,15.4752,NA,NA,0,0,0,NA,NA,0,0,0,0,0,3.5763,0,"3b","1b","1b","1b","1b","1b","1b","3b","3b","3b","1b","1b","3b","1b","1b","1b","1b","1b","1b","3b","1b","3b","1b","1b","1b","1b","3b","3b","1b","1b","1b","3b","3b","1b","1b","1b","1b","1b","1b","1b"
"2023-11-12 13:00:00","PM2.5",NA,0,0.0051,137.3725,20.8817,49.081,4.1614,0,0,0,0,27.0114,0,0,1.2431,4.833,0,0,0,0,3.1884,NA,0,0,0,13.8363,NA,NA,0,0,NA,NA,NA,0,0,0,0,0,3.5032,0,"3b","1b","1b","1b","1b","1b","1b","1b","1b","1b","1b","1b","1b","1b","1b","1b","1b","1b","1b","1b","1b","3b","1b","1b","1b","1b","3b","3b","1b","1b","3b","3b","3b","1b","1b","1b","1b","1b","1b","1b"
"2023-11-12 14:00:00","PM10",678.6231,0,NA,118.4442,158.3087,49.5757,15.8643,0,0.0118,0,0,48.8087,0,0,1.9636,4.5998,0,0,0.8648,0,2.8379,NA,0,0,0,11.6615,0,NA,0,NA,NA,NA,0,0,NA,0,0,0,2.2508,0,"1b","1b","3b","1b","1b","1b","1b","1b","1b","1b","1b","1b","1b","1b","1b","1b","1b","1b","1b","1b","1b","3b","1b","1b","1b","1b","1b","3b","1b","3b","3b","3b","1b","1b","3b","1b","1b","1b","1b","1b"
"2023-11-12 15:00:00","PM2.5",NA,0,0,101.3135,20.4413,37.1887,6.4419,0,NA,0,0,22.9424,0,0,1.0576,3.7345,0,0,1.6377,NA,1.4116,NA,0,0,0,14.2145,NA,0,0,NA,NA,NA,0,0,NA,0,0,0,0,0,"3b","1b","1b","1b","1b","1b","1b","1b","3b","1b","1b","1b","1b","1b","1b","1b","1b","1b","1b","3b","1b","3b","1b","1b","1b","1b","3b","1b","1b","3b","3b","3b","1b","1b","3b","1b","1b","1b","1b","1b"
"2023-11-12 16:00:00","PM10",NA,0,0,117.8717,142.9759,51.6986,14.1944,NA,NA,NA,0,50.1684,NA,NA,1.7316,4.4424,0,0,1.6299,0,1.9703,NA,0,0,0,18.6915,NA,NA,0,NA,0,NA,NA,0,NA,0,0,0,NA,0,"3b","1b","1b","1b","1b","1b","1b","3b","3b","3b","1b","1b","3b","3b","1b","1b","1b","1b","1b","1b","1b","3b","1b","1b","1b","1b","3b","3b","1b","3b","1b","3b","3b","1b","3b","1b","1b","1b","3b","1b"
"2023-11-12 17:00:00","PM2.5",NA,0,0,169.9658,33.977,61.171,50.5244,NA,NA,NA,0,34.1833,0,0,1.731,5.1048,0,0,1.187,0,2.9471,NA,0,0,0,12.4395,NA,NA,0,0,NA,NA,NA,0,0,0,0,0,1.6386,0,"3b","1b","1b","1b","1b","1b","1b","3b","3b","3b","1b","1b","1b","1b","1b","1b","1b","1b","1b","1b","1b","3b","1b","1b","1b","1b","3b","3b","1b","1b","3b","3b","3b","1b","1b","1b","1b","1b","1b","1b"
"2023-11-12 18:00:00","PM10",NA,0,0,530.7885,646.2828,1149.2724,37.181,9.8777,0,0,NA,99.0464,0,0,38.9388,9.2911,0,0,2.2088,0,7.5376,31.1958,0,0,0,11.5304,NA,NA,0,0,NA,NA,93.5827,0,0,0,0,0,NA,13.9608,"3b","1b","1b","1b","1b","1b","1b","1b","1b","1b","3b","1b","1b","1b","1b","1b","1b","1b","1b","1b","1b","1b","1b","1b","1b","1b","3b","3b","1b","1b","3b","3b","1b","1b","1b","1b","1b","1b","3b","1b"
"2023-11-12 19:00:00","PM2.5",NA,0,0,409.5521,59.2182,791.6362,7.1822,5.395,0,NA,NA,47.9166,NA,0,21.0722,7.6467,0,0,1.4124,0,3.6323,22.4909,0,0,0,18.4379,0,0,0,NA,NA,0,36.6509,0,0,0,0,0,1.49,7.9753,"3b","1b","1b","1b","1b","1b","1b","1b","1b","3b","3b","1b","3b","1b","1b","1b","1b","1b","1b","1b","1b","1b","1b","1b","1b","1b","1b","1b","1b","3b","3b","1b","1b","1b","1b","1b","1b","1b","1b","1b"
"2023-11-12 20:00:00","PM10",693.2062,0,0,366.5421,309.1464,454.6208,22.6103,5.9451,0,NA,NA,97.9984,0,NA,22.2834,8.9811,0,0,2.1539,0,3.9255,7.3749,0,0,0,14.2721,NA,NA,0,0,NA,0,19.432,0,0,0,0,0,NA,7.4953,"1b","1b","1b","1b","1b","1b","1b","1b","1b","3b","3b","1b","1b","3b","1b","1b","1b","1b","1b","1b","1b","1b","1b","1b","1b","1b","3b","3b","1b","1b","3b","1b","1b","1b","1b","1b","1b","1b","3b","1b"
"2023-11-12 21:00:00","PM2.5",NA,0,0,439.7275,51.9225,496.4867,4.2104,4.3096,0,NA,0,41.5762,0,0.0031,13.2875,9.925,0,0,2.3468,0,3.7209,8.5112,0,0,0,19.2376,0,NA,0,0,NA,NA,25.6122,0,0,0,0,0,1.5191,6.8186,"3b","1b","1b","1b","1b","1b","1b","1b","1b","3b","1b","1b","1b","1b","1b","1b","1b","1b","1b","1b","1b","1b","1b","1b","1b","1b","1b","3b","1b","1b","3b","3b","1b","1b","1b","1b","1b","1b","1b","1b"
"2023-11-12 22:00:00","PM10",NA,0,0,453.8638,360.3338,491.5373,19.223,4.4283,0,NA,NA,85.3657,NA,0,14.3615,7.1805,0,0,2.4039,0,4.4725,10.2962,0,0,0,11.3814,0,0,0,NA,0,NA,18.2211,0,0,0,0,0,NA,5.5409,"3b","1b","1b","1b","1b","1b","1b","1b","1b","3b","3b","1b","3b","1b","1b","1b","1b","1b","1b","1b","1b","1b","1b","1b","1b","1b","1b","1b","1b","3b","1b","3b","1b","1b","1b","1b","1b","1b","3b","1b"
"2023-11-12 23:00:00","PM2.5",0,0,0,448.1966,271.2437,247.148,18.2898,3.3736,0,NA,0,31.0784,0,NA,6.2453,7.2283,0,0,1.7294,0,7.6286,3.6869,0,0,0,NA,0,NA,0,NA,NA,NA,9.1583,0,0,0,0,0,0,NA,"1b","1b","1b","1b","1b","1b","1b","1b","1b","3b","1b","1b","1b","3b","1b","1b","1b","1b","1b","1b","1b","1b","1b","1b","1b","3b","1b","3b","1b","3b","3b","3b","1b","1b","1b","1b","1b","1b","1b","3b"
"2023-11-13 00:30:00","PM10",1838.439,0,0,390.9022,4010.2856,173.3391,121.3266,NA,0,0,0,33.1972,0,0,3.7955,15.0273,0,0,2.1291,NA,9.5835,NA,0,0,0,NA,NA,NA,0,NA,0,0,NA,0,NA,0,0,0,0,0,"1b","1b","1b","1b","1b","1b","1b","3b","1b","1b","1b","1b","1b","1b","1b","1b","1b","1b","1b","3b","1b","3b","1b","1b","1b","3b","3b","3b","1b","3b","1b","1b","3b","1b","3b","1b","1b","1b","1b","1b"
"2023-11-13 01:00:00","PM2.5",NA,0,0,167.6058,1137.8554,109.5657,39.6272,NA,0,0,NA,15.1875,0,0,2.2809,4.6774,0,0,0.9327,NA,4.0815,1.6789,NA,0,0,NA,0,NA,0,0,0,NA,NA,0,0,0,0.0121,0,NA,0,"3b","1b","1b","1b","1b","1b","1b","3b","1b","1b","3b","1b","1b","1b","1b","1b","1b","1b","1b","3b","1b","1b","3b","1b","1b","3b","1b","3b","1b","1b","1b","3b","3b","1b","1b","1b","1b","1b","3b","1b"
"2023-11-13 02:00:00","PM10",0,0,0,265.1728,2887.609,127.6245,88.4818,NA,NA,0,NA,16.2528,0,0,2.4768,4.5952,0,0,0.5832,NA,6.1055,1.8146,0,0,0,13.8695,NA,NA,0,NA,0,NA,0,0,0,0,NA,0,NA,0,"1b","1b","1b","1b","1b","1b","1b","3b","3b","1b","3b","1b","1b","1b","1b","1b","1b","1b","1b","3b","1b","1b","1b","1b","1b","1b","3b","3b","1b","3b","1b","3b","1b","1b","1b","1b","3b","1b","3b","1b"
"2023-11-13 03:00:00","PM2.5",NA,0,0,122.0095,620.68,43.4995,22.6749,0,0,0,0,7.2657,0,NA,NA,1.3655,0,0,0.5175,0,4.8632,0,0,0,0,NA,0,NA,0,NA,0,NA,NA,0,0,0,NA,0,NA,0,"3b","1b","1b","1b","1b","1b","1b","1b","1b","1b","1b","1b","1b","3b","3b","1b","1b","1b","1b","1b","1b","1b","1b","1b","1b","3b","1b","3b","1b","3b","1b","3b","3b","1b","1b","1b","3b","1b","3b","1b"
"2023-11-13 04:00:00","PM10",0,0,0,128.0884,1200.0131,61.6418,40.1117,NA,0,0.0032,0,10.6862,0,0,NA,0.6438,0,0,0,0,3.2573,NA,0,0,0,12.1144,NA,0,0,NA,NA,NA,0,0,0,0,0,0,NA,0,"1b","1b","1b","1b","1b","1b","1b","3b","1b","1b","1b","1b","1b","1b","3b","1b","1b","1b","1b","1b","1b","3b","1b","1b","1b","1b","3b","1b","1b","3b","3b","3b","1b","1b","1b","1b","1b","1b","3b","1b"
"2023-11-13 05:00:00","PM2.5",NA,0,0,40.1878,143.1694,10.925,7.3443,0,0,0,0,6.4595,0,NA,0.5561,0.4848,NA,0,0,0,0.7444,NA,0,0,0,14.3164,NA,NA,0,0,NA,0,NA,NA,0,0,0,0,0,0,"3b","1b","1b","1b","1b","1b","1b","1b","1b","1b","1b","1b","1b","3b","1b","1b","3b","1b","1b","1b","1b","3b","1b","1b","1b","1b","3b","3b","1b","1b","3b","1b","3b","3b","1b","1b","1b","1b","1b","1b"
"2023-11-13 06:00:00","PM10",797.2762,0,0,28.5366,47.362,17.0004,6.5629,NA,0,0,0,14.6864,NA,0,0.4797,0.5394,0,0,NA,0,NA,NA,0,0,0,22.9462,NA,NA,0,0,NA,NA,0.0234,NA,NA,0,0,0,0,0,"1b","1b","1b","1b","1b","1b","1b","3b","1b","1b","1b","1b","3b","1b","1b","1b","1b","1b","3b","1b","3b","3b","1b","1b","1b","1b","3b","3b","1b","1b","3b","3b","1b","3b","3b","1b","1b","1b","1b","1b"
"2023-11-13 07:00:00","PM2.5",NA,0,NA,34.8934,42.2668,7.1939,11.2491,2.0676,0,NA,0,12.7533,NA,0,0.577,NA,0,0,NA,0,NA,NA,0,0,NA,NA,0,0,0.1288,NA,0,NA,0,0,0,0,0,0,0,0,"3b","1b","3b","1b","1b","1b","1b","1b","1b","3b","1b","1b","3b","1b","1b","3b","1b","1b","3b","1b","3b","3b","1b","1b","3b","3b","1b","1b","1b","3b","1b","3b","1b","1b","1b","1b","1b","1b","1b","1b"
"2023-11-13 08:00:00","PM10",719.9613,0,0,164.4608,2060.277,54.4904,66.7829,0,0,0,0,73.3161,0,0,4.8403,1.3725,NA,0,NA,NA,3.5116,NA,0,0,0,16.3868,0,0,0,0,0,NA,NA,0,0,0,0,0,NA,0,"1b","1b","1b","1b","1b","1b","1b","1b","1b","1b","1b","1b","1b","1b","1b","1b","3b","1b","3b","3b","1b","3b","1b","1b","1b","1b","1b","1b","1b","1b","1b","3b","3b","1b","1b","1b","1b","1b","3b","1b"
"2023-11-13 09:00:00","PM2.5",NA,0,0,203.2017,2580.5282,51.0773,79.1574,NA,0,NA,0,26.2203,NA,NA,2.0375,0.4165,0,0,NA,0,3.5872,NA,0,0,0,11.3443,NA,NA,0,0,NA,NA,0,0,0,0,0,0,0,0,"3b","1b","1b","1b","1b","1b","1b","3b","1b","3b","1b","1b","3b","3b","1b","1b","1b","1b","3b","1b","1b","3b","1b","1b","1b","1b","3b","3b","1b","1b","3b","3b","1b","1b","1b","1b","1b","1b","1b","1b"
"2023-11-13 10:00:00","PM10",NA,0,0,256.2682,4155.0266,92.5768,126.1569,1.6934,0,0,NA,80.9254,0,0,5.3818,1.0325,NA,0,0,0,7.9536,2.081,0,0,0,NA,NA,NA,0,NA,0,NA,NA,0,0,0,0,0,NA,0,"3b","1b","1b","1b","1b","1b","1b","1b","1b","1b","3b","1b","1b","1b","1b","1b","3b","1b","1b","1b","1b","1b","1b","1b","1b","3b","3b","3b","1b","3b","1b","3b","3b","1b","1b","1b","1b","1b","3b","1b"
"2023-11-13 11:00:00","PM2.5",NA,0,0,132.247,1753.8794,35.2066,54.6365,0,NA,NA,0,21.7613,NA,0,0.9448,NA,0,0,0,0,2.048,NA,0,0,0,19.0286,0,0,0,NA,NA,0,NA,0,0,0,0,0,0,0,"3b","1b","1b","1b","1b","1b","1b","1b","3b","3b","1b","1b","3b","1b","1b","3b","1b","1b","1b","1b","1b","3b","1b","1b","1b","1b","1b","1b","1b","3b","3b","1b","3b","1b","1b","1b","1b","1b","1b","1b"
"2023-11-13 12:00:00","PM10",747.8763,0,0,225.3224,3650.3038,75.6066,117.4335,2.923,0,0,NA,58.4521,0,NA,3.7177,0.8446,0,0,0,NA,6.4788,NA,0,0,0,0,NA,0,0,NA,NA,NA,0,0,0,0,NA,0,0,NA,"1b","1b","1b","1b","1b","1b","1b","1b","1b","1b","3b","1b","1b","3b","1b","1b","1b","1b","1b","3b","1b","3b","1b","1b","1b","1b","3b","1b","1b","3b","3b","3b","1b","1b","1b","1b","3b","1b","1b","3b"
"2023-11-13 13:00:00","PM2.5",NA,0,0,157.6742,2455.3911,51.8552,70.437,NA,NA,NA,NA,29.1035,NA,0,2.1076,0.8407,0.0045,0,0,0,2.9151,1.7154,0,NA,0,13.3914,NA,0,0,NA,NA,NA,NA,0,0,0,0.0016,0,0,0,"3b","1b","1b","1b","1b","1b","1b","3b","3b","3b","3b","1b","3b","1b","1b","1b","1b","1b","1b","1b","1b","1b","1b","3b","1b","1b","3b","1b","1b","3b","3b","3b","3b","1b","1b","1b","1b","1b","1b","1b"
"2023-11-13 14:00:00","PM10",NA,0,0,224.0505,4189.0826,85.166,146.4816,1.1955,0,NA,1.0223,74.9105,NA,0,5.0004,1.8796,0,0,0,0,6.2832,2.0701,0,0,0,11.6803,0.0441,NA,0,NA,NA,NA,NA,0,0,0,0,0,0,0,"3b","1b","1b","1b","1b","1b","1b","1b","1b","3b","1b","1b","3b","1b","1b","1b","1b","1b","1b","1b","1b","1b","1b","1b","1b","1b","1b","3b","1b","3b","3b","3b","3b","1b","1b","1b","1b","1b","1b","1b"
"2023-11-13 15:00:00","PM2.5",NA,0,0,162.6566,2820.9674,56.8365,77.2765,NA,0,0,NA,45.4733,NA,0,3.4959,1.4467,0,0,NA,0,2.8287,NA,0,0,0,14.1739,NA,0,0,0,0,NA,NA,0,0,0,0,0,0,0,"3b","1b","1b","1b","1b","1b","1b","3b","1b","1b","3b","1b","3b","1b","1b","1b","1b","1b","3b","1b","1b","3b","1b","1b","1b","1b","3b","1b","1b","1b","1b","3b","3b","1b","1b","1b","1b","1b","1b","1b"
"2023-11-13 16:00:00","PM10",1019.336,0,0,250.3436,4844.0334,96.531,140.9285,NA,0,NA,NA,69.4585,0,0,3.4048,1.8736,0,0,0,0,7.8054,2.9988,0,0,0,10.802,0.1283,NA,0,0,NA,0,NA,0,0,0,NA,0,NA,0,"1b","1b","1b","1b","1b","1b","1b","3b","1b","3b","3b","1b","1b","1b","1b","1b","1b","1b","1b","1b","1b","1b","1b","1b","1b","1b","1b","3b","1b","1b","3b","1b","3b","1b","1b","1b","3b","1b","3b","1b"
"2023-11-13 17:00:00","PM2.5",NA,0,0,153.634,2838.056,61.5056,74.3393,NA,0,0,0,31.586,0,0,1.4639,1.3742,0,0,0,NA,3.3205,NA,0,0,0,0,0,0,0,0.1786,0,NA,0,0,0,0,0,0,0,0,"3b","1b","1b","1b","1b","1b","1b","3b","1b","1b","1b","1b","1b","1b","1b","1b","1b","1b","1b","3b","1b","3b","1b","1b","1b","1b","1b","1b","1b","1b","1b","3b","1b","1b","1b","1b","1b","1b","1b","1b"
"2023-11-13 18:00:00","PM10",NA,0,0,223.1329,4092.1149,86.9393,110.4633,0,0,NA,0,65.7836,NA,0,5.1412,1.7382,0,0,0,NA,6.8735,NA,0,0,0,15.2771,0.1046,0,0,0,NA,0,NA,0,NA,0,0,0,NA,0,"3b","1b","1b","1b","1b","1b","1b","1b","1b","3b","1b","1b","3b","1b","1b","1b","1b","1b","1b","3b","1b","3b","1b","1b","1b","1b","1b","1b","1b","1b","3b","1b","3b","1b","3b","1b","1b","1b","3b","1b"
"2023-11-13 19:00:00","PM2.5",NA,0,0,177.5786,3169.2709,72.793,74.6411,NA,0,0,0,32.6373,NA,0,1.7332,1.1707,NA,0,0,0,3.8949,NA,0,0,0,11.7475,0,0,0,NA,NA,0.0791,NA,0,0,0,0,0,NA,0,"3b","1b","1b","1b","1b","1b","1b","3b","1b","1b","1b","1b","3b","1b","1b","1b","3b","1b","1b","1b","1b","3b","1b","1b","1b","1b","1b","1b","1b","3b","3b","1b","3b","1b","1b","1b","1b","1b","3b","1b"
"2023-11-13 20:00:00","PM10",633.1612,0,0,267.6337,5276.1951,111.2676,129.0286,NA,0,NA,0,89.7611,0,0,8.0216,1.4805,0,0,0,NA,8.4703,2.3141,0,NA,0,23.0008,NA,0,0,NA,NA,0,NA,0,0,0,NA,0,0,0,"1b","1b","1b","1b","1b","1b","1b","3b","1b","3b","1b","1b","1b","1b","1b","1b","1b","1b","1b","3b","1b","1b","1b","3b","1b","1b","3b","1b","1b","3b","3b","1b","3b","1b","1b","1b","3b","1b","1b","1b"
"2023-11-13 21:00:00","PM2.5",NA,0,0,162.6221,2914.9295,60.4866,72.5702,NA,0,0,0,37.8392,0,0,2.6135,1.3461,0,0,0,0,4.3757,NA,0,0,0,NA,0,NA,0,NA,NA,0,NA,0,0,0,0,0,0,0,"3b","1b","1b","1b","1b","1b","1b","3b","1b","1b","1b","1b","1b","1b","1b","1b","1b","1b","1b","1b","1b","3b","1b","1b","1b","3b","1b","3b","1b","3b","3b","1b","3b","1b","1b","1b","1b","1b","1b","1b"
"2023-11-13 22:00:00","PM10",1145.1844,0,0,305.6969,5939.8162,121.1592,143.6579,0,NA,0,0,32.575,0,0,2.7535,1.5387,0,0,0,0,9.7377,NA,0,0,0,17.108,NA,NA,0,NA,NA,NA,NA,0,0,0,NA,0,NA,0,"1b","1b","1b","1b","1b","1b","1b","1b","3b","1b","1b","1b","1b","1b","1b","1b","1b","1b","1b","1b","1b","3b","1b","1b","1b","1b","3b","3b","1b","3b","3b","3b","3b","1b","1b","1b","3b","1b","3b","1b"
"2023-11-13 23:00:00","PM2.5",1155.244,0,0,171.4032,2998.1546,63.5379,71.997,NA,0,0,0,15.7121,0,0,2.0367,NA,0,0,0,0,4.8604,NA,0,0,NA,NA,NA,0,0,NA,NA,NA,NA,NA,0,0,0,0,0,NA,"1b","1b","1b","1b","1b","1b","1b","3b","1b","1b","1b","1b","1b","1b","1b","3b","1b","1b","1b","1b","1b","3b","1b","1b","3b","3b","3b","1b","1b","3b","3b","3b","3b","3b","1b","1b","1b","1b","1b","3b"
"2023-11-14 00:30:00","PM10",NA,0,0,265.9064,5022.2721,89.91,113.9032,NA,0.0168,0,0,8.8791,NA,NA,NA,NA,0,0,0,NA,5.7713,NA,0,0,0,27.5891,NA,NA,0,NA,NA,NA,0,0,0,NA,0,0,0,0,"3b","1b","1b","1b","1b","1b","1b","3b","1b","1b","1b","1b","3b","3b","3b","3b","1b","1b","1b","3b","1b","3b","1b","1b","1b","1b","3b","3b","1b","3b","3b","3b","1b","1b","1b","3b","1b","1b","1b","1b"
"2023-11-14 01:00:00","PM2.5",691.5052,0,0,175.5558,2626.1168,62.6526,62.9332,0,0,0,0,5.07,0,0,NA,0.6432,NA,0,0,0,3.5758,NA,0,0,0,16.5299,NA,0,0,NA,0,0,0,0,0.0174,0,NA,0,0,0,"1b","1b","1b","1b","1b","1b","1b","1b","1b","1b","1b","1b","1b","1b","3b","1b","3b","1b","1b","1b","1b","3b","1b","1b","1b","1b","3b","1b","1b","3b","1b","1b","1b","1b","1b","1b","3b","1b","1b","1b"
"2023-11-14 02:00:00","PM10",NA,0,0,245.0086,4063.9707,94.8522,102.6427,NA,NA,0,0,16.9586,0,NA,NA,2.5289,NA,0,0,NA,5.0734,2.2253,0,0,0,12.8346,0,0,0,0,NA,0,0,0,0.0046,0,0,0,NA,0,"3b","1b","1b","1b","1b","1b","1b","3b","3b","1b","1b","1b","1b","3b","3b","1b","3b","1b","1b","3b","1b","1b","1b","1b","1b","1b","1b","1b","1b","1b","3b","1b","1b","1b","1b","1b","1b","1b","3b","1b"
"2023-11-14 03:00:00","PM2.5",NA,0,0,179.0611,2533.7246,66.9134,62.9382,0,0,0,0,9.344,0,0,0.9183,0.6897,0,0,NA,0,2.8725,NA,0,0,0,NA,NA,NA,0,NA,0.0904,NA,0,NA,0.0219,0,NA,0,0,0,"3b","1b","1b","1b","1b","1b","1b","1b","1b","1b","1b","1b","1b","1b","1b","1b","1b","1b","3b","1b","1b","3b","1b","1b","1b","3b","3b","3b","1b","3b","1b","3b","1b","3b","1b","1b","3b","1b","1b","1b"
"2023-11-14 04:00:00","PM10",817.7022,0,0,321.4807,5358.7458,121.9386,127.8839,0,NA,0,NA,17.454,0,0,0.5676,0.8593,0,0,0,NA,7.0011,1.735,0,0,NA,10.2921,NA,NA,NA,0,NA,NA,0,0,0,0,0,0,3e-04,0,"1b","1b","1b","1b","1b","1b","1b","1b","3b","1b","3b","1b","1b","1b","1b","1b","1b","1b","1b","3b","1b","1b","1b","1b","3b","1b","3b","3b","3b","1b","3b","3b","1b","1b","1b","1b","1b","1b","1b","1b"
"2023-11-14 05:00:00","PM2.5",NA,0,0,202.25,2852.1956,63.2528,71.4044,0,0,0,0,11.1249,NA,0,NA,0.6004,NA,0,0,0,2.3717,NA,0,0,0,13.6514,0,NA,0,NA,NA,0,0,0,NA,0,0,0,NA,0,"3b","1b","1b","1b","1b","1b","1b","1b","1b","1b","1b","1b","3b","1b","3b","1b","3b","1b","1b","1b","1b","3b","1b","1b","1b","1b","1b","3b","1b","3b","3b","1b","1b","1b","3b","1b","1b","1b","3b","1b"
"2023-11-14 06:00:00","PM10",NA,0,0,296.9388,4889.4334,109.3359,126.0337,0,0,NA,0,42.8491,0,0,1.565,1.201,0,0,0,NA,5.5073,2.405,0,0,0,11.2854,NA,0,0,0,NA,NA,NA,0,0,0,0,0,NA,0,"3b","1b","1b","1b","1b","1b","1b","1b","1b","3b","1b","1b","1b","1b","1b","1b","1b","1b","1b","3b","1b","1b","1b","1b","1b","1b","3b","1b","1b","1b","3b","3b","3b","1b","1b","1b","1b","1b","3b","1b"
"2023-11-14 07:00:00","PM2.5",973.2512,0,0,162.7217,2499.7199,55.9207,64.9225,NA,NA,NA,0,51.0963,0,0,2.3976,1.0805,0,0,0,0,2.2283,1.7447,0,0,0,NA,NA,NA,0,0,NA,0,NA,0,0,0,NA,0,NA,0,"1b","1b","1b","1b","1b","1b","1b","3b","3b","3b","1b","1b","1b","1b","1b","1b","1b","1b","1b","1b","1b","1b","1b","1b","1b","3b","3b","3b","1b","1b","3b","1b","3b","1b","1b","1b","3b","1b","3b","1b"
"2023-11-14 08:00:00","PM10",747.9361,0,0,311.5434,4814.3912,115.5688,180.988,2.6387,0,0.9061,1.0039,202.1224,0,NA,6.1556,3.8604,0,0,NA,NA,5.268,2.2291,0,0,0,NA,NA,NA,0,0,NA,0.0193,NA,0,0,0,0,0,NA,0,"1b","1b","1b","1b","1b","1b","1b","1b","1b","1b","1b","1b","1b","3b","1b","1b","1b","1b","3b","3b","1b","1b","1b","1b","1b","3b","3b","3b","1b","1b","3b","1b","3b","1b","1b","1b","1b","1b","3b","1b"
"2023-11-14 09:00:00","PM2.5",0,0,0,161.1393,2257.6775,54.6502,71.3775,1.5233,0,NA,NA,137.566,0,NA,5.7828,4.6613,0,0,0.4355,0,1.8966,NA,0,0,0,14.66,0,NA,0,NA,NA,0,NA,0,0,0,0,0,NA,0,"1b","1b","1b","1b","1b","1b","1b","1b","1b","3b","3b","1b","1b","3b","1b","1b","1b","1b","1b","1b","1b","3b","1b","1b","1b","1b","1b","3b","1b","3b","3b","1b","3b","1b","1b","1b","1b","1b","3b","1b"
"2023-11-14 10:00:00","PM10",NA,0,0,271.1784,4103.7474,99.3611,143.4783,1.9424,0,NA,0.9557,242.9932,NA,NA,11.0748,3.8089,0,0,0,0,6.2736,2.1728,0,NA,0,10.2047,NA,NA,0,NA,0,NA,3.7074,0,0,0,0,0,2.2659,0,"3b","1b","1b","1b","1b","1b","1b","1b","1b","3b","1b","1b","3b","3b","1b","1b","1b","1b","1b","1b","1b","1b","1b","3b","1b","1b","3b","3b","1b","3b","1b","3b","1b","1b","1b","1b","1b","1b","1b","1b"
"2023-11-14 11:00:00","PM2.5",779.2395,0,0,188.4218,2174.2762,59.1793,75.5004,2.1055,NA,NA,NA,96.0974,0,NA,5.8791,4.5618,0,0,0.8753,NA,2.0894,NA,0,0,0,NA,0,0,0,0,NA,NA,NA,0,0,0,NA,0,8.2053,0,"1b","1b","1b","1b","1b","1b","1b","1b","3b","3b","3b","1b","1b","3b","1b","1b","1b","1b","1b","3b","1b","3b","1b","1b","1b","3b","1b","1b","1b","1b","3b","3b","3b","1b","1b","1b","3b","1b","1b","1b"
"2023-11-14 12:00:00","PM10",762.9287,0,0,240.1548,3705.541,102.4628,131.2705,2.673,0,NA,NA,125.3079,0,0,5.0951,5.8963,0,0,0.7429,NA,5.4101,NA,0,0,0,NA,0,NA,0,NA,NA,NA,NA,0,0,0,0,0,12.7304,0,"1b","1b","1b","1b","1b","1b","1b","1b","1b","3b","3b","1b","1b","1b","1b","1b","1b","1b","1b","3b","1b","3b","1b","1b","1b","3b","1b","3b","1b","3b","3b","3b","3b","1b","1b","1b","1b","1b","1b","1b"
"2023-11-14 13:00:00","PM2.5",NA,0,0,164.8799,2186.5002,66.5616,67.7824,1.1319,0,0,NA,82.2388,0,0,3.2642,4.0423,0,0,0,NA,3.3713,NA,0,0,0,NA,NA,NA,0,NA,NA,NA,NA,0,NA,0,0,0,1.2386,0,"3b","1b","1b","1b","1b","1b","1b","1b","1b","1b","3b","1b","1b","1b","1b","1b","1b","1b","1b","3b","1b","3b","1b","1b","1b","3b","3b","3b","1b","3b","3b","3b","3b","1b","3b","1b","1b","1b","1b","1b"
"2023-11-14 14:00:00","PM10",NA,0,0.0793,161.439,2862.9001,74.9968,96.5062,NA,0,0,NA,134.606,0,0.0106,11.4847,2.8004,0,0,0,0,4.5799,NA,0,0,0,NA,NA,NA,0,0,NA,NA,5.2129,0,0,0,0,0,0.8704,0,"3b","1b","1b","1b","1b","1b","1b","3b","1b","1b","3b","1b","1b","1b","1b","1b","1b","1b","1b","1b","1b","3b","1b","1b","1b","3b","3b","3b","1b","1b","3b","3b","1b","1b","1b","1b","1b","1b","1b","1b"
"2023-11-14 15:00:00","PM2.5",1020.3293,0,0,101.1409,1413.6022,43.5954,48.0425,1.1414,0,0,NA,118.3783,NA,0,8.1404,4.0426,0,0,NA,0,2.504,NA,0,0,0,NA,NA,NA,0,0,0,0,NA,0,0,0,0,0,0,0,"1b","1b","1b","1b","1b","1b","1b","1b","1b","1b","3b","1b","3b","1b","1b","1b","1b","1b","3b","1b","1b","3b","1b","1b","1b","3b","3b","3b","1b","1b","1b","1b","3b","1b","1b","1b","1b","1b","1b","1b"
"2023-11-14 16:00:00","PM10",NA,0,0,163.5903,2349.1087,66.9731,76.16,1.2195,NA,NA,0.8798,246.4889,0,0,10.2141,4.9982,0,0,0,0,5.2931,1.9101,0,0,0,NA,NA,0,0,NA,NA,0,3.1653,0,0,0,0,0,NA,0,"3b","1b","1b","1b","1b","1b","1b","1b","3b","3b","1b","1b","1b","1b","1b","1b","1b","1b","1b","1b","1b","1b","1b","1b","1b","3b","3b","1b","1b","3b","3b","1b","1b","1b","1b","1b","1b","1b","3b","1b"
"2023-11-14 17:00:00","PM2.5",607.1692,0,0,97.0506,1208.989,30.6141,34.6592,0,0,NA,NA,166.7957,NA,NA,12.4082,2.9939,0,0,0,NA,1.552,NA,0,0,0,9.6255,0,NA,0,0,NA,0,3.6261,0,0,0,0,0,NA,0,"1b","1b","1b","1b","1b","1b","1b","1b","1b","3b","3b","1b","3b","3b","1b","1b","1b","1b","1b","3b","1b","3b","1b","1b","1b","1b","1b","3b","1b","1b","3b","1b","1b","1b","1b","1b","1b","1b","3b","1b"
"2023-11-14 18:00:00","PM10",983.1787,0,0,159.7779,2291.9141,71.5452,79.2441,1.8985,0,NA,1.1432,369.7481,NA,0,23.4782,5.3498,0,0,1.0309,NA,4.6297,2.0452,0,0,0,NA,NA,NA,0,NA,NA,NA,9.0719,0,0,0,0,0,1.503,0,"1b","1b","1b","1b","1b","1b","1b","1b","1b","3b","1b","1b","3b","1b","1b","1b","1b","1b","1b","3b","1b","1b","1b","1b","1b","3b","3b","3b","1b","3b","3b","3b","1b","1b","1b","1b","1b","1b","1b","1b"
"2023-11-14 19:00:00","PM2.5",1047.4795,0,0,118.6503,1273.0617,39.8584,39.7916,NA,0,NA,NA,143.1116,0,0,9.1657,2.8879,0,0,NA,0,1.9182,NA,0,0,0,NA,NA,NA,0,NA,0,0,NA,0,0.0265,0,0,0,NA,0,"1b","1b","1b","1b","1b","1b","1b","3b","1b","3b","3b","1b","1b","1b","1b","1b","1b","1b","3b","1b","1b","3b","1b","1b","1b","3b","3b","3b","1b","3b","1b","1b","3b","1b","1b","1b","1b","1b","3b","1b"
"2023-11-14 20:00:00","PM10",NA,0,0,152.511,1783.1984,62.4404,62.3925,NA,0,0,NA,193.7049,0,0,17.078,3.9447,0,0,0,0,2.944,NA,0,0,0,NA,NA,0,0.0315,NA,NA,0,6.9546,0,0,0,0,0,NA,0,"3b","1b","1b","1b","1b","1b","1b","3b","1b","1b","3b","1b","1b","1b","1b","1b","1b","1b","1b","1b","1b","3b","1b","1b","1b","3b","3b","1b","1b","3b","3b","1b","1b","1b","1b","1b","1b","1b","3b","1b"
"2023-11-14 21:00:00","PM2.5",NA,0,0,93.9526,681.4486,40.805,25.7254,0,NA,NA,NA,85.0863,0,0,6.6419,3.5013,0,0,NA,NA,1.1429,NA,0,0,0,14.7352,NA,0,0,0,NA,NA,NA,0,0.008,0,0,0,NA,0,"3b","1b","1b","1b","1b","1b","1b","1b","3b","3b","3b","1b","1b","1b","1b","1b","1b","1b","3b","3b","1b","3b","1b","1b","1b","1b","3b","1b","1b","1b","3b","3b","3b","1b","1b","1b","1b","1b","3b","1b"
"2023-11-14 22:00:00","PM10",1010.1238,0,0,114.6457,1376.29,50.6811,43.2046,NA,0,0,NA,153.7226,0,0.003,14.5848,2.875,0,0,NA,0,2.7944,NA,0,0,0,NA,NA,0,0,NA,0,NA,4.2743,0,0,0,0,0,NA,0,"1b","1b","1b","1b","1b","1b","1b","3b","1b","1b","3b","1b","1b","1b","1b","1b","1b","1b","3b","1b","1b","3b","1b","1b","1b","3b","3b","1b","1b","3b","1b","3b","1b","1b","1b","1b","1b","1b","3b","1b"
"2023-11-14 23:00:00","PM2.5",0,0,0,85.0013,676.2733,28.5795,21.3401,NA,0,0,0,62.5365,0,NA,5.3639,1.4171,0,0,0,NA,1.2213,NA,0,NA,0,16.5089,0,NA,0,NA,NA,NA,NA,0,0,0,0,0,1.12,0,"1b","1b","1b","1b","1b","1b","1b","3b","1b","1b","1b","1b","1b","3b","1b","1b","1b","1b","1b","3b","1b","3b","1b","3b","1b","1b","1b","3b","1b","3b","3b","3b","3b","1b","1b","1b","1b","1b","1b","1b"
"2023-11-15 00:30:00","PM10",NA,0,0,121.9277,1579.2176,49.3096,49.0281,NA,NA,NA,0,25.5442,0,0,1.4387,1.137,0,0,0,0,1.7573,NA,0,0,0,30.2903,NA,NA,0,0,NA,NA,0,NA,0,0,0,0,0.0046,0,"3b","1b","1b","1b","1b","1b","1b","3b","3b","3b","1b","1b","1b","1b","1b","1b","1b","1b","1b","1b","1b","3b","1b","1b","1b","1b","3b","3b","1b","1b","3b","3b","1b","3b","1b","1b","1b","1b","1b","1b"
"2023-11-15 01:00:00","PM2.5",NA,0,0,82.1611,757.2144,23.8149,22.9918,NA,0,0,0,15.0812,0,0,0.6371,1.1135,0,0,NA,0,0.9098,NA,0,0,0,14.4664,NA,0,0,0.0407,0,0,0,0,0,0,0,0,0,0,"3b","1b","1b","1b","1b","1b","1b","3b","1b","1b","1b","1b","1b","1b","1b","1b","1b","1b","3b","1b","1b","3b","1b","1b","1b","1b","3b","1b","1b","1b","1b","1b","1b","1b","1b","1b","1b","1b","1b","1b"
"2023-11-15 02:00:00","PM10",NA,0,0,130.1436,1729.8664,54.1109,47.0907,NA,NA,0,0,7.2296,0,NA,NA,0.9663,0,0,0,0,2.8506,NA,0,0,0,12.0444,NA,0,0,0,0,NA,0,0,NA,0,0,0,0,0,"3b","1b","1b","1b","1b","1b","1b","3b","3b","1b","1b","1b","1b","3b","3b","1b","1b","1b","1b","1b","1b","3b","1b","1b","1b","1b","3b","1b","1b","1b","1b","3b","1b","1b","3b","1b","1b","1b","1b","1b"
"2023-11-15 03:00:00","PM2.5",NA,0,NA,86.4185,830.6602,21.1631,23.1535,0,0,0,0,4.6478,0,0,0,0.7478,0,0,0,0,1.0513,NA,0,0,0,NA,0,0,0,NA,NA,NA,0,NA,0,0,0,0,NA,0,"3b","1b","3b","1b","1b","1b","1b","1b","1b","1b","1b","1b","1b","1b","1b","1b","1b","1b","1b","1b","1b","3b","1b","1b","1b","3b","1b","1b","1b","3b","3b","3b","1b","3b","1b","1b","1b","1b","3b","1b"
"2023-11-15 04:00:00","PM10",NA,0,0,109.338,1420.6872,40.9857,37.0348,NA,NA,0,0,10.467,0,0,NA,1.3958,0,0,NA,0,2.4012,NA,0,0,NA,NA,NA,0,0,NA,NA,0,NA,0,0,0,0,0,0,0,"3b","1b","1b","1b","1b","1b","1b","3b","3b","1b","1b","1b","1b","1b","3b","1b","1b","1b","3b","1b","1b","3b","1b","1b","3b","3b","3b","1b","1b","3b","3b","1b","3b","1b","1b","1b","1b","1b","1b","1b"
"2023-11-15 05:00:00","PM2.5",NA,NA,NA,NA,NA,NA,NA,NA,NA,NA,NA,NA,NA,NA,NA,NA,NA,NA,NA,NA,NA,NA,NA,NA,NA,NA,NA,NA,NA,NA,NA,NA,NA,NA,NA,NA,NA,NA,NA,NA,"3b","0c","0c","0c","0c","0c","0c","0c","3b","0c","0c","0c","0c","0c","0c","0c","0c","0c","0c","0c","0c","3b","0c","0c","0c","0c","3b","3b","0c","0c","0c","3b","0c","0c","0c","0c","0c","0c","3b","0c"
"2023-11-15 06:00:00","PM10",NA,NA,NA,NA,NA,NA,NA,NA,NA,NA,NA,NA,NA,NA,NA,NA,NA,NA,NA,NA,NA,NA,NA,NA,NA,NA,NA,NA,NA,NA,NA,NA,NA,NA,NA,NA,NA,NA,NA,NA,"0c","0c","0c","0c","0c","0c","0c","0c","0c","3b","0c","0c","0c","0c","0c","0c","0c","0c","3b","3b","0c","3b","0c","0c","0c","3b","0c","3b","0c","0c","3b","3b","3b","0c","0c","0c","0c","0c","0c","0c"
"2023-11-15 07:00:00","PM2.5",NA,NA,NA,NA,NA,NA,NA,NA,NA,NA,NA,NA,NA,NA,NA,NA,NA,NA,NA,NA,NA,NA,NA,NA,NA,NA,NA,NA,NA,NA,NA,NA,NA,NA,NA,NA,NA,NA,NA,NA,"0c","0c","0c","0c","0c","0c","0c","0c","0c","0c","0c","0c","3b","0c","0c","0c","0c","0c","3b","0c","0c","3b","0c","0c","0c","0c","0c","0c","0c","3b","0c","0c","3b","0c","3b","0c","0c","0c","0c","0c"
"2023-11-15 08:00:00","PM10",NA,0,0,150.325,2216.9625,54.6845,63.9663,NA,0,3e-04,NA,171.8056,0,0,7.2906,2.1582,0,0,0,NA,4.4799,NA,0,0,0,9.0019,NA,0,0,0,0,0,2.9015,0,0,0,0,0,0,0,"3b","1b","1b","1b","1b","1b","1b","3b","1b","1b","3b","1b","1b","1b","1b","1b","1b","1b","1b","3b","1b","3b","1b","1b","1b","1b","3b","1b","1b","1b","1b","1b","1b","1b","1b","1b","1b","1b","1b","1b"
"2023-11-15 09:00:00","PM2.5",NA,0,NA,102.2409,1156.7088,27.9821,37.4721,0,0,0,0,79.8181,0,0,3.2427,1.3583,0,0,0,NA,1.4358,NA,0,0,0,9.3219,0,0,0,0,0,NA,NA,0,0,0,0,0,0,0,"3b","1b","3b","1b","1b","1b","1b","1b","1b","1b","1b","1b","1b","1b","1b","1b","1b","1b","1b","3b","1b","3b","1b","1b","1b","1b","1b","1b","1b","1b","1b","3b","3b","1b","1b","1b","1b","1b","1b","1b"
"2023-11-15 10:00:00","PM10",NA,0,0,173.2231,2543.4722,57.4293,93.9571,NA,0,0,0,78.4229,NA,NA,4.1776,1.3255,0,0,0,0,5.0907,1.7103,0,0,0,NA,0,0,NA,NA,NA,0.2343,NA,0,NA,0,0,0,0,0,"3b","1b","1b","1b","1b","1b","1b","3b","1b","1b","1b","1b","3b","3b","1b","1b","1b","1b","1b","1b","1b","1b","1b","1b","1b","3b","1b","1b","3b","3b","3b","1b","3b","1b","3b","1b","1b","1b","1b","1b"
"2023-11-15 11:00:00","PM2.5",NA,0,0,125.5486,1577.7657,40.737,55.4166,NA,0,0,0,54.4321,0,0,3.6717,2.1604,0,0,0,0,2.6423,NA,0,0,0,13.3228,NA,NA,0,0,0,0,NA,0,0,0,0,0,NA,0,"3b","1b","1b","1b","1b","1b","1b","3b","1b","1b","1b","1b","1b","1b","1b","1b","1b","1b","1b","1b","1b","3b","1b","1b","1b","1b","3b","3b","1b","1b","1b","1b","3b","1b","1b","1b","1b","1b","3b","1b"
"2023-11-15 12:00:00","PM10",NA,0,0,183.4052,2555.891,89.7878,132.3926,3.5566,0,NA,1.032,94.6042,0,NA,4.7057,5.2766,0,0,0,NA,7.6525,NA,0,0,0,10.9321,NA,NA,0,0,NA,0,NA,0,0,0,0,0,NA,0,"3b","1b","1b","1b","1b","1b","1b","1b","1b","3b","1b","1b","1b","3b","1b","1b","1b","1b","1b","3b","1b","3b","1b","1b","1b","1b","3b","3b","1b","1b","3b","1b","3b","1b","1b","1b","1b","1b","3b","1b"
"2023-11-15 13:00:00","PM2.5",NA,0,0,113.7828,1133.474,32.9142,49.8903,NA,0,0,NA,43.8999,0,0,2.6501,4.509,0,0,0.5465,0,1.89,NA,0,0,0,NA,NA,0.0537,0,0,NA,NA,0,0,0.0288,0,0,0,NA,0,"3b","1b","1b","1b","1b","1b","1b","3b","1b","1b","3b","1b","1b","1b","1b","1b","1b","1b","1b","1b","1b","3b","1b","1b","1b","3b","3b","1b","1b","1b","3b","3b","1b","1b","1b","1b","1b","1b","3b","1b"
"2023-11-15 14:00:00","PM10",NA,0,0,194.0346,2291.4117,68.8358,117.129,2.8999,NA,4e-04,NA,156.0686,0,0,6.5663,4.5373,0,0,0.4418,0,5.3285,NA,0,0,0,0,NA,NA,0,0,NA,0,3.6542,0,0,0,0,0,0.7751,0,"3b","1b","1b","1b","1b","1b","1b","1b","3b","1b","3b","1b","1b","1b","1b","1b","1b","1b","1b","1b","1b","3b","1b","1b","1b","1b","3b","3b","1b","1b","3b","1b","1b","1b","1b","1b","1b","1b","1b","1b"
"2023-11-15 15:00:00","PM2.5",NA,NA,NA,NA,NA,NA,NA,NA,NA,NA,NA,NA,NA,NA,NA,NA,NA,NA,NA,NA,NA,NA,NA,NA,NA,NA,NA,NA,NA,NA,NA,NA,NA,NA,NA,NA,NA,NA,NA,NA,"3b","0c","0c","0c","0c","0c","0c","3b","0c","0c","0c","0c","0c","0c","0c","0c","0c","0c","3b","3b","0c","3b","0c","0c","3b","0c","0c","3b","0c","3b","0c","3b","3b","0c","0c","0c","0c","0c","0c","0c"
"2023-11-15 16:00:00","PM10",NA,NA,NA,NA,NA,NA,NA,NA,NA,NA,NA,NA,NA,NA,NA,NA,NA,NA,NA,NA,NA,NA,NA,NA,NA,NA,NA,NA,NA,NA,NA,NA,NA,NA,NA,NA,NA,NA,NA,NA,"0c","3b","0c","0c","0c","0c","0c","0c","0c","0c","0c","0c","3b","0c","0c","0c","0c","0c","0c","0c","0c","3b","0c","0c","0c","0c","3b","3b","0c","3b","3b","3b","0c","0c","0c","0c","0c","0c","3b","0c"
"2023-11-15 17:00:00","PM2.5",NA,NA,NA,NA,NA,NA,NA,NA,NA,NA,NA,NA,NA,NA,NA,NA,NA,NA,NA,NA,NA,NA,NA,NA,NA,NA,NA,NA,NA,NA,NA,NA,NA,NA,NA,NA,NA,NA,NA,NA,"3b","0c","3b","0c","0c","0c","0c","3b","0c","0c","3b","0c","3b","0c","0c","0c","0c","0c","0c","0c","0c","3b","0c","0c","0c","0c","3b","0c","0c","0c","3b","0c","3b","0c","0c","0c","0c","0c","3b","0c"
"2023-11-15 18:00:00","PM10",NA,NA,0,164.0245,1986.5049,69.7342,115.8468,3.5509,0,NA,2.1978,473.5457,0,0,20.9189,8.4975,0,0,0,0,11.3819,0,0,NA,0,NA,NA,0.0608,0,NA,NA,NA,10.7108,0,0,0,0,0,2.5622,0,"3b","3b","1b","1b","1b","1b","1b","1b","1b","3b","1b","1b","1b","1b","1b","1b","1b","1b","1b","1b","1b","1b","1b","3b","1b","3b","3b","1b","1b","3b","3b","3b","1b","1b","1b","1b","1b","1b","1b","1b"
"2023-11-15 19:00:00","PM2.5",782.5679,0,0,113.1221,797.0604,41.3473,31.6777,NA,0,NA,NA,174.0184,0,0,11.7617,5.1884,0,0,0,0,3.0595,NA,0,0,0,NA,0,0,0,0,NA,NA,3.4966,0,0,0,0,0,1.1608,0,"1b","1b","1b","1b","1b","1b","1b","3b","1b","3b","3b","1b","1b","1b","1b","1b","1b","1b","1b","1b","1b","3b","1b","1b","1b","3b","1b","1b","1b","1b","3b","3b","1b","1b","1b","1b","1b","1b","1b","1b"
"2023-11-15 20:00:00","PM10",NA,NA,0,171.9543,1841.1031,79.776,81.0324,2.6467,0,NA,1.3843,297.7937,0,NA,10.1108,5.9079,0,0,0.3915,NA,3.2371,NA,0,NA,0,21.7364,NA,NA,0,0,NA,NA,3.9318,0,0,0,0,0,NA,0,"3b","3b","1b","1b","1b","1b","1b","1b","1b","3b","1b","1b","1b","3b","1b","1b","1b","1b","1b","3b","1b","3b","1b","3b","1b","1b","3b","3b","1b","1b","3b","3b","1b","1b","1b","1b","1b","1b","3b","1b"
"2023-11-15 21:00:00","PM2.5",NA,0,0,120.3129,771.4754,56.2625,31.4629,NA,0,0,NA,172.0712,NA,0.0034,11.1142,6.0522,0,0,0.6058,0,1.7599,NA,0,0,0,10.7339,NA,0,0,0,NA,0,3.58,0,0,0,0,0,0.916,0,"3b","1b","1b","1b","1b","1b","1b","3b","1b","1b","3b","1b","3b","1b","1b","1b","1b","1b","1b","1b","1b","3b","1b","1b","1b","1b","3b","1b","1b","1b","3b","1b","1b","1b","1b","1b","1b","1b","1b","1b"
"2023-11-15 22:00:00","PM10",NA,0,0,190.0266,1819.4016,101.0393,104.487,2.403,0,0.6401,2.2518,403.7582,0,NA,11.5172,9.6283,0,0,0.71,0,5.012,NA,0,0,0,12.1245,0,NA,0,0,NA,NA,6.1835,0,0,0,0,0,1.1644,0,"3b","1b","1b","1b","1b","1b","1b","1b","1b","1b","1b","1b","1b","3b","1b","1b","1b","1b","1b","1b","1b","3b","1b","1b","1b","1b","1b","3b","1b","1b","3b","3b","1b","1b","1b","1b","1b","1b","1b","1b"
"2023-11-15 23:00:00","PM2.5",NA,NA,0,141.6615,584.9921,68.4911,24.1298,0,0,0,NA,154.5406,NA,0,10.4022,6.2848,0,0,1.7712,0,2.4184,NA,NA,0,0,NA,0,0,NA,NA,0,NA,6.8037,0,0,0,0,0,1.4739,0,"3b","3b","1b","1b","1b","1b","1b","1b","1b","1b","3b","1b","3b","1b","1b","1b","1b","1b","1b","1b","1b","3b","3b","1b","1b","3b","1b","1b","3b","3b","1b","3b","1b","1b","1b","1b","1b","1b","1b","1b"
"2023-11-16 00:30:00","PM10",NA,0,0,147.0706,1297.7014,104.9647,62.9741,4.8571,0,NA,NA,311.7551,0,0,14.9126,9.0672,0,0,3.5879,0,2.5107,NA,0,0,0,NA,NA,0,0,NA,NA,NA,NA,0,0,0,0,0,5.1526,0,"3b","1b","1b","1b","1b","1b","1b","1b","1b","3b","3b","1b","1b","1b","1b","1b","1b","1b","1b","1b","1b","3b","1b","1b","1b","3b","3b","1b","1b","3b","3b","3b","3b","1b","1b","1b","1b","1b","1b","1b"
"2023-11-16 01:00:00","PM2.5",NA,0,0,106.6516,343.7704,79.6215,23.3605,NA,0,0.0085,0.8815,143.2671,0,NA,4.5299,8.4352,0,0,4.7275,NA,2.216,0,0,0,0,NA,NA,NA,0,NA,NA,NA,NA,0,0,0,0,0,4.673,0,"3b","1b","1b","1b","1b","1b","1b","3b","1b","1b","1b","1b","1b","3b","1b","1b","1b","1b","1b","3b","1b","1b","1b","1b","1b","3b","3b","3b","1b","3b","3b","3b","3b","1b","1b","1b","1b","1b","1b","1b"
"2023-11-16 02:00:00","PM10",NA,0,0,155.7562,964.7403,116.3474,55.2658,2.555,0,NA,0.8505,148.7488,0,NA,3.912,8.7392,0,0,4.2062,0,2.3385,NA,0,0,0,14.8023,NA,NA,0,0,NA,0,NA,0,0,0,0,0,5.1995,0,"3b","1b","1b","1b","1b","1b","1b","1b","1b","3b","1b","1b","1b","3b","1b","1b","1b","1b","1b","1b","1b","3b","1b","1b","1b","1b","3b","3b","1b","1b","3b","1b","3b","1b","1b","1b","1b","1b","1b","1b"
"2023-11-16 03:00:00","PM2.5",659.9489,0,0,109.9632,253.1651,91.2852,16.5475,0,0,NA,NA,73.3125,0,NA,2.5011,8.6549,0,0,3.761,NA,1.6388,NA,0,0,0,9.0718,0,NA,0,0,NA,NA,NA,0,0,0,0,0,7.1565,0,"1b","1b","1b","1b","1b","1b","1b","1b","1b","3b","3b","1b","1b","3b","1b","1b","1b","1b","1b","3b","1b","3b","1b","1b","1b","1b","1b","3b","1b","1b","3b","3b","3b","1b","1b","1b","1b","1b","1b","1b"
"2023-11-16 04:00:00","PM10",NA,0,0,152.2893,818.9256,127.7122,57.7154,2.6296,0,NA,0.8395,134.1089,0,NA,3.0552,9.9266,0,0,3.652,NA,3.1465,NA,NA,NA,NA,0,NA,NA,0,0,NA,0,NA,0,0,0,0,0,6.7359,0,"3b","1b","1b","1b","1b","1b","1b","1b","1b","3b","1b","1b","1b","3b","1b","1b","1b","1b","1b","3b","1b","3b","3b","3b","3b","1b","3b","3b","1b","1b","3b","1b","3b","1b","1b","1b","1b","1b","1b","1b"
"2023-11-16 05:00:00","PM2.5",NA,0,0,118.5344,186.4667,105.6623,46.4428,NA,0,0,NA,70.1348,NA,0,2.4824,6.8127,0,0,3.1765,0,1.5338,0,NA,0,0,0,NA,0,0,NA,NA,NA,NA,0,0,0,0,0,4.9661,0,"3b","1b","1b","1b","1b","1b","1b","3b","1b","1b","3b","1b","3b","1b","1b","1b","1b","1b","1b","1b","1b","1b","3b","1b","1b","1b","3b","1b","1b","3b","3b","3b","3b","1b","1b","1b","1b","1b","1b","1b"
"2023-11-16 06:00:00","PM10",1000.2515,0,0,132.5076,679.9299,144.7804,155.8785,4.4941,0,NA,1.8023,266.6574,0,0,7.0603,14.1129,0,0,3.8775,0,3.0783,NA,0,NA,0,0,NA,NA,0,0,0,0,5.1573,0,0,0,0,0,4.2571,0,"1b","1b","1b","1b","1b","1b","1b","1b","1b","3b","1b","1b","1b","1b","1b","1b","1b","1b","1b","1b","1b","3b","1b","3b","1b","1b","3b","3b","1b","1b","1b","1b","1b","1b","1b","1b","1b","1b","1b","1b"
"2023-11-16 07:00:00","PM2.5",810.1453,0,0,166.1437,393.9133,177.9951,107.0886,15.8964,NA,1.0269,2.6909,463.1699,0,NA,16.1037,33.4824,0,0,2.9846,0,7.5021,NA,0,NA,4.3104,NA,NA,NA,0,NA,NA,NA,7.4282,0,0,0,0,0,7.2679,0,"1b","1b","1b","1b","1b","1b","1b","1b","3b","1b","1b","1b","1b","3b","1b","1b","1b","1b","1b","1b","1b","3b","1b","3b","1b","3b","3b","3b","1b","3b","3b","3b","1b","1b","1b","1b","1b","1b","1b","1b"
"2023-11-16 08:00:00","PM10",860.6821,392.8601,0,273.4264,975.6465,200.895,465.4228,33.0566,4.8278,5.3395,11.3834,1423.2549,0,NA,37.7494,78.3015,0,0,4.3548,NA,10.0293,3.2571,0,4.1625,23.4818,NA,NA,NA,0,NA,NA,0,17.2151,0,0,0,0,0,15.1261,0.0103,"1b","1b","1b","1b","1b","1b","1b","1b","1b","1b","1b","1b","1b","3b","1b","1b","1b","1b","1b","3b","1b","1b","1b","1b","1b","3b","3b","3b","1b","3b","3b","1b","1b","1b","1b","1b","1b","1b","1b","1b"
"2023-11-16 09:00:00","PM2.5",1064.7003,0,0,205.7867,469.4657,148.9311,147.3612,59.7261,7.9966,1.3671,6.0509,508.9898,0,NA,17.0667,53.2431,0,0,1.0426,0,7.748,1.5601,0,NA,0,NA,NA,0,NA,0,NA,NA,0,0,0,0,0,0,9.0265,0,"1b","1b","1b","1b","1b","1b","1b","1b","1b","1b","1b","1b","1b","3b","1b","1b","1b","1b","1b","1b","1b","1b","1b","3b","1b","3b","3b","1b","3b","1b","3b","3b","1b","1b","1b","1b","1b","1b","1b","1b"
"2023-11-16 10:00:00","PM10",NA,238.9651,0,344.9116,1474.6735,224.7667,416.7958,78.5921,6.572,2.9556,6.1424,656.7348,0,0.8997,23.7449,48.3126,0,0,1.7656,NA,8.8385,NA,0,NA,0,NA,0,NA,0,NA,NA,0,8.9191,0,0,0,0,0,9.7793,0,"3b","1b","1b","1b","1b","1b","1b","1b","1b","1b","1b","1b","1b","1b","1b","1b","1b","1b","1b","3b","1b","3b","1b","3b","1b","3b","1b","3b","1b","3b","3b","1b","1b","1b","1b","1b","1b","1b","1b","1b"
"2023-11-16 11:00:00","PM2.5",825.8855,NA,0,436.7084,433.1274,125.7504,141.0299,7.3936,NA,1.0231,2.8661,288.2685,0,NA,9.6314,43.7033,0,0,2.3234,NA,7.2029,NA,0,0,NA,17.0765,0,NA,0,0,0,NA,4.9735,0,0,0,0,0,8.4929,0,"1b","3b","1b","1b","1b","1b","1b","1b","3b","1b","1b","1b","1b","3b","1b","1b","1b","1b","1b","3b","1b","3b","1b","1b","3b","1b","1b","3b","1b","1b","1b","3b","1b","1b","1b","1b","1b","1b","1b","1b"
"2023-11-16 12:00:00","PM10",NA,191.4109,0,526.1564,1144.751,181.0931,409.1627,22.5747,1.3521,2.0178,5.9111,535.1805,0,NA,18.6877,56.4073,0,0,2.6957,0,7.9732,1.6772,0,NA,3.7798,9.5645,NA,0,0,0,NA,NA,9.0611,0,0,0,0,0,41.4508,0,"3b","1b","1b","1b","1b","1b","1b","1b","1b","1b","1b","1b","1b","3b","1b","1b","1b","1b","1b","1b","1b","1b","1b","3b","1b","1b","3b","1b","1b","1b","3b","3b","1b","1b","1b","1b","1b","1b","1b","1b"
"2023-11-16 13:00:00","PM2.5",NA,NA,0,368.818,351.0065,134.3522,136.1684,8.1672,0,2.0125,18.6719,340.4044,0,0.6726,11.6656,62.021,0,0,2.9046,NA,5.8331,NA,0,NA,0,NA,NA,NA,0,0,0,NA,NA,0,0,0,0,0,30.0585,0,"3b","3b","1b","1b","1b","1b","1b","1b","1b","1b","1b","1b","1b","1b","1b","1b","1b","1b","1b","3b","1b","3b","1b","3b","1b","3b","3b","3b","1b","1b","1b","3b","3b","1b","1b","1b","1b","1b","1b","1b"
"2023-11-16 14:00:00","PM10",726.0589,187.6983,0,669.4274,1139.2643,176.3994,372.5641,18.2917,0,4.876,23.5453,685.6258,NA,2.1042,23.7457,182.0759,0,0,6.8136,NA,11.9593,2.6386,0,NA,NA,NA,0,NA,0,NA,NA,0.1815,6.2447,0,0,0,0,0,38.8777,0,"1b","1b","1b","1b","1b","1b","1b","1b","1b","1b","1b","1b","3b","1b","1b","1b","1b","1b","1b","3b","1b","1b","1b","3b","3b","3b","1b","3b","1b","3b","3b","1b","1b","1b","1b","1b","1b","1b","1b","1b"
"2023-11-16 15:00:00","PM2.5",NA,0,0,699.9099,328.7716,103.7943,85.0467,3.6239,0,1.4956,5.5538,236.1298,NA,NA,8.947,52.0572,0,0,2.3894,0.443,8.3342,NA,0,0,0,13.1741,0,0,0,NA,NA,0,3.3462,0,0,0,0,0,19.7735,0,"3b","1b","1b","1b","1b","1b","1b","1b","1b","1b","1b","1b","3b","3b","1b","1b","1b","1b","1b","1b","1b","3b","1b","1b","1b","1b","1b","1b","1b","3b","3b","1b","1b","1b","1b","1b","1b","1b","1b","1b"
"2023-11-16 16:00:00","PM10",NA,193.909,0,751.8625,796.9526,177.5153,358.7947,14.4112,NA,3.9532,12.3912,662.9768,0,NA,21.2137,137.1704,0,0,2.8553,NA,8.0653,2.0996,0,NA,0,10.8322,0,0,0,NA,NA,NA,15.7457,0,0,0,0,0,14.9922,0,"3b","1b","1b","1b","1b","1b","1b","1b","3b","1b","1b","1b","1b","3b","1b","1b","1b","1b","1b","3b","1b","1b","1b","3b","1b","1b","1b","1b","1b","3b","3b","3b","1b","1b","1b","1b","1b","1b","1b","1b"
"2023-11-16 17:00:00","PM2.5",816.1138,0,0,579.9876,233.837,160.1203,82.0212,4.6665,NA,2.2558,9.4715,479.4563,0,0.8738,13.4073,158.1182,0,0,3.1104,NA,17.4855,NA,0,NA,NA,13.0162,NA,0,0,NA,NA,NA,8.7253,0,0,0,0,0,9.118,0,"1b","1b","1b","1b","1b","1b","1b","1b","3b","1b","1b","1b","1b","1b","1b","1b","1b","1b","1b","3b","1b","3b","1b","3b","3b","1b","3b","1b","1b","3b","3b","3b","1b","1b","1b","1b","1b","1b","1b","1b"
"2023-11-16 18:00:00","PM10",940.4617,NA,0,560.556,714.3023,194.7612,234.0239,12.7077,0,3.3022,8.547,855.4288,NA,NA,31.6001,47.3501,0,0,3.219,NA,9.2422,2.4993,0,NA,0,19.7445,0.0652,0,0,0,NA,0,16.485,0,0,0,0,0,6.9602,NA,"1b","3b","1b","1b","1b","1b","1b","1b","1b","1b","1b","1b","3b","3b","1b","1b","1b","1b","1b","3b","1b","1b","1b","3b","1b","1b","1b","1b","1b","1b","3b","1b","1b","1b","1b","1b","1b","1b","1b","3b"
"2023-11-16 19:00:00","PM2.5",NA,0,0,419.4797,297.5022,165.8128,49.0054,2.8175,0,1.5643,2.4937,274.5836,0,0,8.9569,63.3247,0,0,4.4049,0.5341,11.4182,NA,0,0,0,13.1084,NA,0,0,0,NA,NA,4.3296,0,0,0,0,0,8.1182,0,"3b","1b","1b","1b","1b","1b","1b","1b","1b","1b","1b","1b","1b","1b","1b","1b","1b","1b","1b","1b","1b","3b","1b","1b","1b","1b","3b","1b","1b","1b","3b","3b","1b","1b","1b","1b","1b","1b","1b","1b"
"2023-11-16 20:00:00","PM10",NA,NA,0,398.4327,1133.1572,214.5695,149.825,5.6699,0,1.2231,3.4974,348.7368,NA,NA,9.5735,132.8712,0,0,3.9169,NA,17.9023,NA,0,0,0,16.1145,NA,0,0,0,0,0,4.6175,0,0,0,0,0,8.8693,0,"3b","3b","1b","1b","1b","1b","1b","1b","1b","1b","1b","1b","3b","3b","1b","1b","1b","1b","1b","3b","1b","3b","1b","1b","1b","1b","3b","1b","1b","1b","1b","1b","1b","1b","1b","1b","1b","1b","1b","1b"
"2023-11-16 21:00:00","PM2.5",NA,0,0,236.8528,396.3284,183.7532,36.8024,1.8233,0,NA,0.7955,124.0094,NA,NA,6.8756,76.3975,0,0,2.2738,NA,9.8562,NA,0,0,0,17.6657,0,NA,0,NA,0,NA,NA,0,NA,0,0,0,5.5189,0,"3b","1b","1b","1b","1b","1b","1b","1b","1b","3b","1b","1b","3b","3b","1b","1b","1b","1b","1b","3b","1b","3b","1b","1b","1b","1b","1b","3b","1b","3b","1b","3b","3b","1b","3b","1b","1b","1b","1b","1b"
"2023-11-16 22:00:00","PM10",NA,0,0,172.8742,509.8807,126.2274,63.9353,2.7106,0,NA,1.087,110.9998,0,NA,4.3581,20.9399,0,0,NA,NA,4.9804,NA,0,0,0,9.4254,NA,0,0,0,0,NA,NA,0,0,0,0,0,4.8701,0,"3b","1b","1b","1b","1b","1b","1b","1b","1b","3b","1b","1b","1b","3b","1b","1b","1b","1b","3b","3b","1b","3b","1b","1b","1b","1b","3b","1b","1b","1b","1b","3b","3b","1b","1b","1b","1b","1b","1b","1b"
"2023-11-16 23:00:00","PM2.5",NA,0,NA,145.2148,90.0976,93.0858,17.0043,NA,NA,NA,0,55.8287,NA,NA,2.4396,14.811,0,0,1.118,NA,3.392,NA,0,0,NA,24.5804,NA,0,0,NA,NA,NA,0,0,0,0,0,0,3.6106,0,"3b","1b","3b","1b","1b","1b","1b","3b","3b","3b","1b","1b","3b","3b","1b","1b","1b","1b","1b","3b","1b","3b","1b","1b","3b","1b","3b","1b","1b","3b","3b","3b","1b","1b","1b","1b","1b","1b","1b","1b"
"2023-11-17 00:30:00","PM10",NA,NA,NA,NA,NA,NA,NA,NA,NA,NA,NA,NA,NA,NA,NA,NA,NA,NA,NA,NA,NA,NA,NA,NA,NA,NA,NA,NA,NA,NA,NA,NA,NA,NA,NA,NA,NA,NA,NA,NA,"0c","0c","0c","0c","0c","0c","0c","3b","0c","3b","0c","0c","3b","0c","0c","0c","3b","0c","0c","0c","0c","3b","0c","0c","0c","0c","0c","0c","0c","0c","0c","3b","0c","0c","0c","0c","0c","0c","0c","0c"
"2023-11-17 01:00:00","PM2.5",NA,NA,NA,NA,NA,NA,NA,NA,NA,NA,NA,NA,NA,NA,NA,NA,NA,NA,NA,NA,NA,NA,NA,NA,NA,NA,NA,NA,NA,NA,NA,NA,NA,NA,NA,NA,NA,NA,NA,NA,"3b","0c","0c","0c","3b","0c","0c","0c","0c","0c","0c","0c","3b","3b","0c","0c","0c","0c","0c","0c","0c","3b","3b","0c","0c","0c","3b","3b","0c","0c","0c","3b","3b","0c","0c","0c","0c","0c","0c","0c"
"2023-11-17 02:00:00","PM10",NA,0,0,228.677,265.1571,67.8699,26.3114,NA,0,NA,1.5315,56.0544,0,0,1.7338,8.028,0,0,1.2246,0,3.387,NA,0,0,0,0,NA,NA,0,0,0,NA,0.0164,0,0,0,0,0,2.4652,0,"3b","1b","1b","1b","1b","1b","1b","3b","1b","3b","1b","1b","1b","1b","1b","1b","1b","1b","1b","1b","1b","3b","1b","1b","1b","1b","3b","3b","1b","1b","1b","3b","1b","1b","1b","1b","1b","1b","1b","1b"
"2023-11-17 03:00:00","PM2.5",0,0,0,151.1209,140.0785,57.6781,5.2744,NA,NA,0,NA,24.3336,0,0,0.6528,5.2539,0,0,0.9394,0,1.9074,NA,0,0,0,NA,NA,NA,0,0,NA,NA,0,0,0,0,0,0,3.2425,0,"1b","1b","1b","1b","1b","1b","1b","3b","3b","1b","3b","1b","1b","1b","1b","1b","1b","1b","1b","1b","1b","3b","1b","1b","1b","3b","3b","3b","1b","1b","3b","3b","1b","1b","1b","1b","1b","1b","1b","1b"
"2023-11-17 04:00:00","PM10",NA,0,0,119.1631,632.859,69.4829,23.8337,NA,0,NA,NA,31.062,0,0,0.888,4.528,0,0,1.5983,NA,2.0468,NA,0,0,0,14.0292,NA,NA,0,NA,NA,0,0,0,0,0,0,NA,3.3368,0,"3b","1b","1b","1b","1b","1b","1b","3b","1b","3b","3b","1b","1b","1b","1b","1b","1b","1b","1b","3b","1b","3b","1b","1b","1b","1b","3b","3b","1b","3b","3b","1b","1b","1b","1b","1b","1b","3b","1b","1b"
"2023-11-17 05:00:00","PM2.5",NA,0,0,83.7883,265.7045,41.1573,7.8728,NA,0,0.0052,0,22.1659,0,0,1.3259,2.39,0,0,0.7608,NA,0.756,NA,0,0,0,NA,NA,NA,0,NA,0,NA,NA,0,0,0,0,0,NA,0,"3b","1b","1b","1b","1b","1b","1b","3b","1b","1b","1b","1b","1b","1b","1b","1b","1b","1b","1b","3b","1b","3b","1b","1b","1b","3b","3b","3b","1b","3b","1b","3b","3b","1b","1b","1b","1b","1b","3b","1b"
"2023-11-17 06:00:00","PM10",NA,0,0,122.4525,1009.7703,60.3817,32.7147,NA,0,0,NA,109.245,0,NA,7.7831,3.0915,0,0,0,NA,1.7088,0,0,0,0,13.8316,NA,0,0,0,NA,NA,3.4828,0,0,0,0,0,1.3105,0,"3b","1b","1b","1b","1b","1b","1b","3b","1b","1b","3b","1b","1b","3b","1b","1b","1b","1b","1b","3b","1b","1b","1b","1b","1b","1b","3b","1b","1b","1b","3b","3b","1b","1b","1b","1b","1b","1b","1b","1b"
"2023-11-17 07:00:00","PM2.5",857.6449,0,0,92.0979,497.089,40.1575,16.4165,NA,0,0.0057,NA,119.0263,0,NA,6.2513,3.3745,0,0,1.6299,0,1.2637,NA,0,0,0,0,NA,0,0,0,NA,0,3.0219,0,0,0,0,0,2.2451,0,"1b","1b","1b","1b","1b","1b","1b","3b","1b","1b","3b","1b","1b","3b","1b","1b","1b","1b","1b","1b","1b","3b","1b","1b","1b","1b","3b","1b","1b","1b","3b","1b","1b","1b","1b","1b","1b","1b","1b","1b"
"2023-11-17 08:00:00","PM10",NA,0,0,170.8678,2091.0977,111.6588,76.4653,2.6199,0,0.8844,NA,272.3243,0,NA,10.4542,4.8758,0,0,NA,0,3.9658,1.6868,0,NA,0,NA,NA,NA,0,NA,NA,NA,3.3089,0,0,0,0,0,1.473,0,"3b","1b","1b","1b","1b","1b","1b","1b","1b","1b","3b","1b","1b","3b","1b","1b","1b","1b","3b","1b","1b","1b","1b","3b","1b","3b","3b","3b","1b","3b","3b","3b","1b","1b","1b","1b","1b","1b","1b","1b"
"2023-11-17 09:00:00","PM2.5",NA,NA,NA,NA,NA,NA,NA,NA,NA,NA,NA,NA,NA,NA,NA,NA,NA,NA,NA,NA,NA,NA,NA,NA,NA,NA,NA,NA,NA,NA,NA,NA,NA,NA,NA,NA,NA,NA,NA,NA,"0c","0c","3b","0c","0c","0c","0c","3b","0c","3b","3b","0c","3b","0c","0c","0c","0c","0c","0c","3b","0c","3b","0c","3b","0c","0c","3b","3b","0c","0c","3b","0c","3b","0c","0c","0c","0c","0c","0c","0c"
"2023-11-17 10:00:00","PM10",NA,NA,NA,NA,NA,NA,NA,NA,NA,NA,NA,NA,NA,NA,NA,NA,NA,NA,NA,NA,NA,NA,NA,NA,NA,NA,NA,NA,NA,NA,NA,NA,NA,NA,NA,NA,NA,NA,NA,NA,"0c","0c","0c","0c","0c","0c","0c","0c","0c","3b","3b","0c","0c","0c","0c","0c","0c","0c","0c","0c","0c","3b","0c","0c","0c","0c","3b","0c","0c","0c","0c","3b","3b","0c","0c","0c","3b","0c","0c","0c"
"2023-11-17 11:00:00","PM2.5",NA,NA,NA,NA,NA,NA,NA,NA,NA,NA,NA,NA,NA,NA,NA,NA,NA,NA,NA,NA,NA,NA,NA,NA,NA,NA,NA,NA,NA,NA,NA,NA,NA,NA,NA,NA,NA,NA,NA,NA,"3b","0c","0c","0c","0c","0c","0c","3b","0c","3b","3b","0c","3b","0c","0c","0c","0c","0c","0c","0c","0c","3b","0c","0c","0c","0c","3b","3b","0c","3b","3b","3b","3b","0c","0c","0c","0c","0c","0c","0c"
"2023-11-17 12:00:00","PM10",NA,0,0,143.0328,2462.3242,69.4404,83.5997,NA,NA,NA,0.002,68.4474,0,NA,3.0972,4.2737,0,0,0.8252,0,5.2895,2.1182,0,0,0,15.4906,NA,NA,0,0,NA,NA,NA,0,0,0,0,0,1.5575,0,"3b","1b","1b","1b","1b","1b","1b","3b","3b","3b","1b","1b","1b","3b","1b","1b","1b","1b","1b","1b","1b","1b","1b","1b","1b","1b","3b","3b","1b","1b","3b","3b","3b","1b","1b","1b","1b","1b","1b","1b"
"2023-11-17 13:00:00","PM2.5",NA,0,0,94.425,1321.3688,45.6396,44.9962,NA,0,0,0,60.0125,NA,0,3.5682,4.4398,0,0,1.9748,0,2.0791,NA,0,0,0,13.3155,NA,NA,0,0,0,0,NA,0,NA,0,NA,0,2.5091,0,"3b","1b","1b","1b","1b","1b","1b","3b","1b","1b","1b","1b","3b","1b","1b","1b","1b","1b","1b","1b","1b","3b","1b","1b","1b","1b","3b","3b","1b","1b","1b","1b","3b","1b","3b","1b","3b","1b","1b","1b"
"2023-11-17 14:00:00","PM10",NA,0,0,167.8483,2335.04,87.9617,124.8266,1.9205,0,NA,0.9936,182.1344,0,NA,6.7377,7.6706,0,0,0.6365,NA,4.7166,NA,0,0,0,10.1974,0,NA,0,0,NA,0,NA,0,0,0,0,0,1.5997,0,"3b","1b","1b","1b","1b","1b","1b","1b","1b","3b","1b","1b","1b","3b","1b","1b","1b","1b","1b","3b","1b","3b","1b","1b","1b","1b","1b","3b","1b","1b","3b","1b","3b","1b","1b","1b","1b","1b","1b","1b"
"2023-11-17 15:00:00","PM2.5",NA,0.3125,0,99.687,955.0773,73.09,58.601,NA,NA,NA,NA,134.2149,0,NA,6.9912,7.5797,0,0,0.4779,0,2.9997,NA,0,0,0,21.5534,0,0,0,NA,NA,NA,NA,0,0,0,0,0,1.8787,0,"3b","1b","1b","1b","1b","1b","1b","3b","3b","3b","3b","1b","1b","3b","1b","1b","1b","1b","1b","1b","1b","3b","1b","1b","1b","1b","1b","1b","1b","3b","3b","3b","3b","1b","1b","1b","1b","1b","1b","1b"
"2023-11-17 16:00:00","PM10",NA,0,0,194.9431,1903.8311,150.7354,168.3387,3.0048,0,NA,2.1156,301.7828,0,NA,10.8741,15.7699,0,0,2.5557,0.0043,4.7312,NA,0,0,0,NA,NA,NA,0,0,0,NA,6.0146,0,0,0,0,0,4.9937,0,"3b","1b","1b","1b","1b","1b","1b","1b","1b","3b","1b","1b","1b","3b","1b","1b","1b","1b","1b","1b","1b","3b","1b","1b","1b","3b","3b","3b","1b","1b","1b","3b","1b","1b","1b","1b","1b","1b","1b","1b"
"2023-11-17 17:00:00","PM2.5",NA,0,0,151.5285,684.6874,158.6622,50.0416,NA,0,NA,2.372,147.9617,0,0,4.0899,12.3288,0,0,2.131,NA,3.4698,NA,0,NA,0,11.8583,NA,NA,0,NA,0,0,NA,0,0,0,0,0,8.0397,0,"3b","1b","1b","1b","1b","1b","1b","3b","1b","3b","1b","1b","1b","1b","1b","1b","1b","1b","1b","3b","1b","3b","1b","3b","1b","1b","3b","3b","1b","3b","1b","1b","3b","1b","1b","1b","1b","1b","1b","1b"
"2023-11-17 18:00:00","PM10",NA,0,0,212.1322,1573.8212,128.6452,116.262,2.2794,0,NA,4.0721,232.6339,0,0,6.8454,11.1897,0,0,0.8851,NA,3.3498,NA,0,0,0,NA,NA,0,0,NA,NA,0,NA,0,NA,0,0,0,6.535,0,"3b","1b","1b","1b","1b","1b","1b","1b","1b","3b","1b","1b","1b","1b","1b","1b","1b","1b","1b","3b","1b","3b","1b","1b","1b","3b","3b","1b","1b","3b","3b","1b","3b","1b","3b","1b","1b","1b","1b","1b"
"2023-11-17 19:00:00","PM2.5",718.3917,0,0,145.8828,526.1217,131.0596,48.2264,1.5548,0,0,1.6827,98.5928,0,0,2.8943,9.15,0,0,1.3231,NA,2.5902,NA,0,0,0,21.3697,0,0,0,NA,NA,NA,NA,0,0,0,0,0,7.2002,0,"1b","1b","1b","1b","1b","1b","1b","1b","1b","1b","1b","1b","1b","1b","1b","1b","1b","1b","1b","3b","1b","3b","1b","1b","1b","1b","1b","1b","1b","3b","3b","3b","3b","1b","1b","1b","1b","1b","1b","1b"
"2023-11-17 20:00:00","PM10",NA,0,0,143.4786,1252.0629,120.6967,131.0919,3.5619,0,NA,1.3839,164.4128,NA,NA,4.7183,10.3491,0,0,1.2979,NA,2.2847,NA,0,0,NA,16.3122,NA,0,0,NA,NA,NA,0,0,0,0,0,0,5.2455,0,"3b","1b","1b","1b","1b","1b","1b","1b","1b","3b","1b","1b","3b","3b","1b","1b","1b","1b","1b","3b","1b","3b","1b","1b","3b","1b","3b","1b","1b","3b","3b","3b","1b","1b","1b","1b","1b","1b","1b","1b"
"2023-11-17 21:00:00","PM2.5",NA,0,0,87.7218,495.0754,91.8483,32.0332,1.2126,0,0,0,46.0215,0,0,1.7424,9.1583,0,0,0.9106,0,1.5595,2.0438,0,NA,0,NA,NA,NA,0,0,0,0,NA,0,0,0,0,0,9.3109,0,"3b","1b","1b","1b","1b","1b","1b","1b","1b","1b","1b","1b","1b","1b","1b","1b","1b","1b","1b","1b","1b","1b","1b","3b","1b","3b","3b","3b","1b","1b","1b","1b","3b","1b","1b","1b","1b","1b","1b","1b"
"2023-11-17 22:00:00","PM10",NA,0,0,133.4133,1734.4676,106.3242,82.4822,4.6345,NA,NA,0.0017,64.491,0,0,1.9305,7.9924,0,0,1.0509,0,5.1775,1.546,0,0,0,9.7164,NA,0,0,NA,NA,NA,0,0,0,0,0,0,7.9692,0,"3b","1b","1b","1b","1b","1b","1b","1b","3b","3b","1b","1b","1b","1b","1b","1b","1b","1b","1b","1b","1b","1b","1b","1b","1b","1b","3b","1b","1b","3b","3b","3b","1b","1b","1b","1b","1b","1b","1b","1b"
"2023-11-17 23:00:00","PM2.5",NA,0,NA,53.5221,423.8079,34.7986,38.061,2.2527,0,0,0,18.6698,NA,0,1.3874,6.3131,0,0,0,NA,1.5177,NA,0,0,NA,28.9471,NA,0,0,NA,NA,NA,NA,0,0,0,0,0,2.2474,0,"3b","1b","3b","1b","1b","1b","1b","1b","1b","1b","1b","1b","3b","1b","1b","1b","1b","1b","1b","3b","1b","3b","1b","1b","3b","1b","3b","1b","1b","3b","3b","3b","3b","1b","1b","1b","1b","1b","1b","1b"
"2023-11-18 00:30:00","PM10",0,0,0,84.3541,947.9067,42.7039,34.3672,0,0,0,0,22.9965,0,0,NA,1.6476,0,0,0,0,2.3261,NA,0,0,0,NA,NA,NA,0,0,NA,0,NA,0,0,0,0,0,0,0,"1b","1b","1b","1b","1b","1b","1b","1b","1b","1b","1b","1b","1b","1b","3b","1b","1b","1b","1b","1b","1b","3b","1b","1b","1b","3b","3b","3b","1b","1b","3b","1b","3b","1b","1b","1b","1b","1b","1b","1b"
"2023-11-18 01:00:00","PM2.5",NA,0,0,59.9893,160.1872,15.8562,7.9039,0,NA,0,0,6.1184,0,0,0.4824,0.8031,0,0,NA,0,2.3376,NA,0,NA,0,NA,0,NA,0,NA,0,0,0,NA,0,0,0,0,NA,0,"3b","1b","1b","1b","1b","1b","1b","1b","3b","1b","1b","1b","1b","1b","1b","1b","1b","1b","3b","1b","1b","3b","1b","3b","1b","3b","1b","3b","1b","3b","1b","1b","1b","3b","1b","1b","1b","1b","3b","1b"
"2023-11-18 02:00:00","PM10",NA,0,0,54.5117,100.4819,18.6504,5.9841,0,0,0,0,10.8056,NA,0,0.8184,1.0042,0,0,0,0,1.1362,NA,0,0,0,NA,NA,0.004,0,0,0,NA,NA,0,0,0,0,0,NA,0,"3b","1b","1b","1b","1b","1b","1b","1b","1b","1b","1b","1b","3b","1b","1b","1b","1b","1b","1b","1b","1b","3b","1b","1b","1b","3b","3b","1b","1b","1b","1b","3b","3b","1b","1b","1b","1b","1b","3b","1b"
"2023-11-18 03:00:00","PM2.5",0,0,0,25.1781,0,10.6106,NA,0,0,0,0,4.8497,0,0,NA,NA,0,0,NA,NA,NA,0,0,0,0,15.9206,NA,NA,0,0,0,NA,0,0,0,0,0,0,0,0,"1b","1b","1b","1b","1b","1b","3b","1b","1b","1b","1b","1b","1b","1b","3b","3b","1b","1b","3b","3b","3b","1b","1b","1b","1b","1b","3b","3b","1b","1b","1b","3b","1b","1b","1b","1b","1b","1b","1b","1b"
"2023-11-18 04:00:00","PM10",NA,0,NA,42.4421,NA,15.3331,23.8129,0,NA,0,0,5.9739,0,0,NA,0.7831,0,0,0,0,NA,NA,0,0,0,NA,NA,NA,0,NA,NA,NA,0,0,0,0,0,0,NA,0,"3b","1b","3b","1b","3b","1b","1b","1b","3b","1b","1b","1b","1b","1b","3b","1b","1b","1b","1b","1b","3b","3b","1b","1b","1b","3b","3b","3b","1b","3b","3b","3b","1b","1b","1b","1b","1b","1b","3b","1b"
"2023-11-18 05:00:00","PM2.5",NA,0,NA,NA,NA,7.2247,20.2374,0,0,0,0,2.7064,0,NA,NA,NA,NA,0,0,NA,NA,NA,0,0,0,12.2977,NA,NA,0,0,0,NA,0,0,0,0,0,0,0,0,"3b","1b","3b","3b","3b","1b","1b","1b","1b","1b","1b","1b","1b","3b","3b","3b","3b","1b","1b","3b","3b","3b","1b","1b","1b","1b","3b","3b","1b","1b","1b","3b","1b","1b","1b","1b","1b","1b","1b","1b"
"2023-11-18 06:00:00","PM10",NA,0,0,14.974,9.4109,13.3582,3.163,0,0,0,0,7.6717,0.0112,0,0.5432,0.8425,NA,0,0,NA,NA,NA,0,0,0,NA,NA,0,0,0,NA,NA,NA,0,0,0,0,0,NA,0,"3b","1b","1b","1b","1b","1b","1b","1b","1b","1b","1b","1b","1b","1b","1b","1b","3b","1b","1b","3b","3b","3b","1b","1b","1b","3b","3b","1b","1b","1b","3b","3b","3b","1b","1b","1b","1b","1b","3b","1b"
"2023-11-18 07:00:00","PM2.5",0,0,0,NA,0,10.7547,NA,NA,0,0,0,5.7658,0,0,0.534,NA,0,0,0,0,0,0,0,0,0,10.6775,0,NA,0,NA,0,NA,NA,0,0,0,0,0,0,0,"1b","1b","1b","3b","1b","1b","3b","3b","1b","1b","1b","1b","1b","1b","1b","3b","1b","1b","1b","1b","1b","1b","1b","1b","1b","1b","1b","3b","1b","3b","1b","3b","3b","1b","1b","1b","1b","1b","1b","1b"
"2023-11-18 08:00:00","PM10",NA,0,NA,31.7787,44.0725,17.6412,7.0536,1.5127,0,NA,0,32.8751,0,0,1.3564,1.345,0,0,NA,0,0,NA,0,0,0,NA,NA,NA,0,0,0,NA,NA,0,0,0,0,0,0,0,"3b","1b","3b","1b","1b","1b","1b","1b","1b","3b","1b","1b","1b","1b","1b","1b","1b","1b","3b","1b","1b","3b","1b","1b","1b","3b","3b","3b","1b","1b","1b","3b","3b","1b","1b","1b","1b","1b","1b","1b"
"2023-11-18 09:00:00","PM2.5",0,0,0,36.4664,NA,7.8282,4.0315,0,0,0,0,18.0998,NA,0,0.84,0.421,0,0,0,0,0,NA,0,0,0,9.3307,0,0,0,0,0,0,0,0,NA,0,0,0,8e-04,0,"1b","1b","1b","1b","3b","1b","1b","1b","1b","1b","1b","1b","3b","1b","1b","1b","1b","1b","1b","1b","1b","3b","1b","1b","1b","1b","1b","1b","1b","1b","1b","1b","1b","1b","3b","1b","1b","1b","1b","1b"
"2023-11-18 10:00:00","PM10",805.6391,0,NA,87.5233,NA,18.5541,9.8394,NA,0,0,0,54.4207,0,0,2.0491,1.3945,0,0,0,NA,NA,NA,0,NA,0,18.2665,NA,0,0,0,NA,0,0,0,0,0,0,0,NA,0,"1b","1b","3b","1b","3b","1b","1b","3b","1b","1b","1b","1b","1b","1b","1b","1b","1b","1b","1b","3b","3b","3b","1b","3b","1b","1b","3b","1b","1b","1b","3b","1b","1b","1b","1b","1b","1b","1b","3b","1b"
"2023-11-18 11:00:00","PM2.5",NA,0,NA,108.2663,118.2818,12.0129,8.7967,0,0,0,0,31.2034,0,0,1.1434,1.6983,0,0,0,0,NA,NA,0,0,0,NA,0,0,0,NA,0,NA,NA,0,0,0,0,0,5.3654,0,"3b","1b","3b","1b","1b","1b","1b","1b","1b","1b","1b","1b","1b","1b","1b","1b","1b","1b","1b","1b","3b","3b","1b","1b","1b","3b","1b","1b","1b","3b","1b","3b","3b","1b","1b","1b","1b","1b","1b","1b"
"2023-11-18 12:00:00","PM10",768.2372,0,0,110.2716,724.3639,43.2324,36.3032,1.4728,0,NA,0,91.7321,0,0,2.5166,2.4306,0,0,NA,NA,1.0675,NA,0,0,0,21.0469,NA,NA,0,NA,NA,NA,0,0,NA,0,0,0,1.0708,0,"1b","1b","1b","1b","1b","1b","1b","1b","1b","3b","1b","1b","1b","1b","1b","1b","1b","1b","3b","3b","1b","3b","1b","1b","1b","1b","3b","3b","1b","3b","3b","3b","1b","1b","3b","1b","1b","1b","1b","1b"
"2023-11-18 13:00:00","PM2.5",NA,0,0,196.0931,577.6971,34.2102,24.6008,NA,NA,0,0,51.7815,0,NA,1.1787,2.2002,NA,0,0.6174,0,1.3012,NA,0,0,0,NA,0,0,0,0,0,0,NA,0,NA,0,0,0,2.1567,0,"3b","1b","1b","1b","1b","1b","1b","3b","3b","1b","1b","1b","1b","3b","1b","1b","3b","1b","1b","1b","1b","3b","1b","1b","1b","3b","1b","1b","1b","1b","1b","1b","3b","1b","3b","1b","1b","1b","1b","1b"
"2023-11-18 14:00:00","PM10",758.3085,1.0317,0,280.6869,1977.6765,73.5407,76.4342,2.1533,0,NA,NA,95.2475,0,0,2.2139,2.1798,0,0,0.842,NA,4.1098,2.4058,0,0,0,NA,0,0,0,NA,0,NA,NA,0,0,0,0,0,2.6641,0,"1b","1b","1b","1b","1b","1b","1b","1b","1b","3b","3b","1b","1b","1b","1b","1b","1b","1b","1b","3b","1b","1b","1b","1b","1b","3b","1b","1b","1b","3b","1b","3b","3b","1b","1b","1b","1b","1b","1b","1b"
"2023-11-18 15:00:00","PM2.5",0,0,0,220.9271,1297.8909,57.9572,57.3612,2.5388,0,0,NA,55.7139,0.0037,0,1.2527,2.0064,0,0,NA,0,2.9602,NA,0,0,0,NA,NA,NA,0,0,0,NA,0,0,0,0,0,0,5.3925,0,"1b","1b","1b","1b","1b","1b","1b","1b","1b","1b","3b","1b","1b","1b","1b","1b","1b","1b","3b","1b","1b","3b","1b","1b","1b","3b","3b","3b","1b","1b","1b","3b","1b","1b","1b","1b","1b","1b","1b","1b"
"2023-11-18 16:00:00","PM10",0,NA,0,317.5767,2913.2745,104.723,116.778,3.6727,0,NA,NA,112.2603,0,NA,2.2468,3.003,0,0,0.6706,NA,4.523,NA,0,0,NA,11.0761,0,0,NA,NA,0,NA,NA,0,0,0,0,0,4.4595,0,"1b","3b","1b","1b","1b","1b","1b","1b","1b","3b","3b","1b","1b","3b","1b","1b","1b","1b","1b","3b","1b","3b","1b","1b","3b","1b","1b","1b","3b","3b","1b","3b","3b","1b","1b","1b","1b","1b","1b","1b"
"2023-11-18 17:00:00","PM2.5",634.5025,0,0,207.6203,2345.04,76.0118,80.6868,1.368,0,0,0,54.4926,0,0,1.2115,2.3747,NA,0,0.6722,NA,3.585,NA,0,0,0,NA,NA,NA,0,0.1226,NA,NA,0,0,0,0,0,0,3.1494,0,"1b","1b","1b","1b","1b","1b","1b","1b","1b","1b","1b","1b","1b","1b","1b","1b","3b","1b","1b","3b","1b","3b","1b","1b","1b","3b","3b","3b","1b","1b","3b","3b","1b","1b","1b","1b","1b","1b","1b","1b"
"2023-11-18 18:00:00","PM10",NA,NA,0,323.1639,5401.3416,151.1781,161.186,3.2841,0,NA,NA,132.0715,NA,NA,3.3665,3.518,0,0,0.5508,NA,8.1185,2.1745,0,0,0,8.9409,NA,NA,0,NA,0,NA,0,0,0,0,0,0,2.3938,0,"3b","3b","1b","1b","1b","1b","1b","1b","1b","3b","3b","1b","3b","3b","1b","1b","1b","1b","1b","3b","1b","1b","1b","1b","1b","1b","3b","3b","1b","3b","1b","3b","1b","1b","1b","1b","1b","1b","1b","1b"
"2023-11-18 19:00:00","PM2.5",NA,0,0,232.1925,3731.4876,99.6888,100.13,NA,0,0,0,43.0407,0,0,2.5509,2.7101,0,0,NA,NA,7.5303,1.6614,0,0,NA,10.2578,NA,NA,0,0,0,NA,NA,0,0,0,NA,0,1.3007,0,"3b","1b","1b","1b","1b","1b","1b","3b","1b","1b","1b","1b","1b","1b","1b","1b","1b","1b","3b","3b","1b","1b","1b","1b","3b","1b","3b","3b","1b","1b","1b","3b","3b","1b","1b","1b","3b","1b","1b","1b"
"2023-11-18 20:00:00","PM10",NA,0,0,392.963,7166.5177,166.4774,174.3901,NA,NA,0,NA,64.3855,NA,0,4.4948,2.7455,0,0,0,NA,12.7235,3.7389,0,0,0,9.9924,0,NA,0,0,0,0,NA,0,0,0,0,0,0.9847,0,"3b","1b","1b","1b","1b","1b","1b","3b","3b","1b","3b","1b","3b","1b","1b","1b","1b","1b","1b","3b","1b","1b","1b","1b","1b","1b","1b","3b","1b","1b","1b","1b","3b","1b","1b","1b","1b","1b","1b","1b"
"2023-11-18 21:00:00","PM2.5",NA,0,0,213.8608,3836.3646,94.978,92.7605,NA,0,NA,0,21.5306,NA,NA,1.5424,1.5509,0,0,0,0,9.7653,1.6064,0,0,0,12.0911,0,0,0,NA,NA,NA,0,0,0,0,NA,0,NA,0,"3b","1b","1b","1b","1b","1b","1b","3b","1b","3b","1b","1b","3b","3b","1b","1b","1b","1b","1b","1b","1b","1b","1b","1b","1b","1b","1b","1b","1b","3b","3b","3b","1b","1b","1b","1b","3b","1b","3b","1b"
"2023-11-18 22:00:00","PM10",728.5237,0,0,343.1167,6948.7483,138.3375,166.4701,NA,0,NA,0,40.9543,NA,0,2.49,0.7486,0,0,0,NA,10.9652,3.7478,0,0,0,13.8196,NA,0,0,0,NA,NA,0.0167,0,0,0,0.0095,0,NA,0,"1b","1b","1b","1b","1b","1b","1b","3b","1b","3b","1b","1b","3b","1b","1b","1b","1b","1b","1b","3b","1b","1b","1b","1b","1b","1b","3b","1b","1b","1b","3b","3b","1b","1b","1b","1b","1b","1b","3b","1b"
"2023-11-18 23:00:00","PM2.5",NA,0,0,204.7214,4132.2608,84.3445,98.6417,0,0,0,0,10.5976,0,NA,1.4283,NA,NA,0,0,NA,6.6878,2.6091,0,0,0,15.58,0,0,0,NA,NA,NA,0,NA,0,0,0,0,NA,0,"3b","1b","1b","1b","1b","1b","1b","1b","1b","1b","1b","1b","1b","3b","1b","3b","3b","1b","1b","3b","1b","1b","1b","1b","1b","1b","1b","1b","1b","3b","3b","3b","1b","3b","1b","1b","1b","1b","3b","1b"
"2023-11-19 00:30:00","PM10",1595.4399,0,0,322.3461,6811.2697,134.773,154.5802,NA,0,0,0,7.9939,0,0,1.0406,0,0,0,0,0,9.8605,NA,0,0,0,49.1946,0,NA,0,0,NA,0,0,NA,NA,0,0,0,NA,0,"1b","1b","1b","1b","1b","1b","1b","3b","1b","1b","1b","1b","1b","1b","1b","1b","1b","1b","1b","1b","1b","3b","1b","1b","1b","1b","1b","3b","1b","1b","3b","1b","1b","3b","3b","1b","1b","1b","3b","1b"
"2023-11-19 01:00:00","PM2.5",NA,0,0,185.6118,3589.4636,72.8334,83.6349,0,0,0,0,3.649,0,NA,NA,NA,0,0,0,NA,4.4896,NA,0,0,0,16.8453,NA,0,0,0,NA,0,0,0,0,0,0,0,0,0,"3b","1b","1b","1b","1b","1b","1b","1b","1b","1b","1b","1b","1b","3b","3b","3b","1b","1b","1b","3b","1b","3b","1b","1b","1b","1b","3b","1b","1b","1b","3b","1b","1b","1b","1b","1b","1b","1b","1b","1b"
"2023-11-19 02:00:00","PM10",889.7375,0,0,280.0884,5662.6485,112.2277,133.7536,0,NA,0,0,3.6332,0,0,NA,0,NA,0,0,NA,9.1666,2.1237,0,0,0,NA,NA,NA,0,0,0,NA,NA,0,0,0,NA,0,0,0,"1b","1b","1b","1b","1b","1b","1b","1b","3b","1b","1b","1b","1b","1b","3b","1b","3b","1b","1b","3b","1b","1b","1b","1b","1b","3b","3b","3b","1b","1b","1b","3b","3b","1b","1b","1b","3b","1b","1b","1b"
"2023-11-19 03:00:00","PM2.5",NA,0,0,144.0487,3178.9577,67.901,74.9732,NA,NA,0,0,3.5602,0,NA,0.7616,NA,0,0,0,0,3.9055,NA,0,0,0,0,0,NA,0,NA,NA,0,0,0,0,0,0,0,0,0,"3b","1b","1b","1b","1b","1b","1b","3b","3b","1b","1b","1b","1b","3b","1b","3b","1b","1b","1b","1b","1b","3b","1b","1b","1b","1b","1b","3b","1b","3b","3b","1b","1b","1b","1b","1b","1b","1b","1b","1b"
"2023-11-19 04:00:00","PM10",NA,0,0,241.799,4775.7447,91.6196,117.6946,0,NA,0,0,5.5667,0,0,NA,NA,0,0,0,0,8.1864,NA,0,0,NA,NA,NA,NA,0,0,NA,0,0,0,NA,0,0,0,0,0,"3b","1b","1b","1b","1b","1b","1b","1b","3b","1b","1b","1b","1b","1b","3b","3b","1b","1b","1b","1b","1b","3b","1b","1b","3b","3b","3b","3b","1b","1b","3b","1b","1b","1b","3b","1b","1b","1b","1b","1b"
"2023-11-19 05:00:00","PM2.5",NA,0,0,108.7112,2175.8044,44.1411,50.85,0.0084,0,0,0,2.2567,NA,NA,NA,NA,0,0,0,NA,2.6093,NA,0,0,0,NA,0,0,0,0,NA,NA,0,NA,0,0,0,0,0,0,"3b","1b","1b","1b","1b","1b","1b","1b","1b","1b","1b","1b","3b","3b","3b","3b","1b","1b","1b","3b","1b","3b","1b","1b","1b","3b","1b","1b","1b","1b","3b","3b","1b","3b","1b","1b","1b","1b","1b","1b"
"2023-11-19 06:00:00","PM10",NA,0,0,193.1165,3980.0197,74.8665,93.4672,0,0,0.0079,0,7.3453,0,NA,NA,NA,0,0,0,0,7.1927,NA,0,NA,0,NA,NA,0,0,0,NA,NA,0,0,NA,NA,0,0,NA,0,"3b","1b","1b","1b","1b","1b","1b","1b","1b","1b","1b","1b","1b","3b","3b","3b","1b","1b","1b","1b","1b","3b","1b","3b","1b","3b","3b","1b","1b","1b","3b","3b","1b","1b","3b","3b","1b","1b","3b","1b"
"2023-11-19 07:00:00","PM2.5",NA,0,0,89.8759,1788.2516,39.2337,41.9334,0,0,0,0,5.0518,0,NA,NA,NA,0,0,0,NA,1.9209,NA,0,0,0,23.8716,0,0,0,0,0,NA,0,0,0,NA,0,0,NA,0,"3b","1b","1b","1b","1b","1b","1b","1b","1b","1b","1b","1b","1b","3b","3b","3b","1b","1b","1b","3b","1b","3b","1b","1b","1b","1b","1b","1b","1b","1b","1b","3b","1b","1b","1b","3b","1b","1b","3b","1b"
"2023-11-19 08:00:00","PM10",0,0,0,154.2307,3309.3221,71.18,82.6565,NA,NA,NA,0,14.9026,0,0,0.6163,NA,0,0,NA,NA,6.1539,NA,0,0,0,14.1186,0,0,0,NA,0,NA,0,0,0,0,0,0,0,NA,"1b","1b","1b","1b","1b","1b","1b","3b","3b","3b","1b","1b","1b","1b","1b","3b","1b","1b","3b","3b","1b","3b","1b","1b","1b","1b","1b","1b","1b","3b","1b","3b","1b","1b","1b","1b","1b","1b","1b","3b"
"2023-11-19 09:00:00","PM2.5",1000.2961,0,NA,80.6266,1520.64,28.315,36.718,0,NA,0,0,9.1608,NA,NA,0.5972,NA,0,0,NA,NA,1.3814,NA,0,0,0,11.8146,NA,NA,0,0,NA,NA,0,0,0,0,0,0,0,0,"1b","1b","3b","1b","1b","1b","1b","1b","3b","1b","1b","1b","3b","3b","1b","3b","1b","1b","3b","3b","1b","3b","1b","1b","1b","1b","3b","3b","1b","1b","3b","3b","1b","1b","1b","1b","1b","1b","1b","1b"
"2023-11-19 10:00:00","PM10",899.0954,0,0,99.4606,1882.3967,43.726,52.2008,0,0,0,0,36.3701,0,NA,1.0725,1.188,0,0,NA,0,2.7647,NA,0,0,0,10.9563,NA,NA,0,0,NA,0.118,0,0,NA,0,0,0,0.8864,0,"1b","1b","1b","1b","1b","1b","1b","1b","1b","1b","1b","1b","1b","3b","1b","1b","1b","1b","3b","1b","1b","3b","1b","1b","1b","1b","3b","3b","1b","1b","3b","1b","1b","1b","3b","1b","1b","1b","1b","1b"
"2023-11-19 11:00:00","PM2.5",NA,0,0,93.7703,1083.9391,39.3512,39.4148,NA,0,0,0,25.312,0,0,1.7282,1.5091,0,0,NA,0,1.6094,NA,0,0,0,NA,NA,0,0,0,NA,0,0,0,NA,0,0,0,NA,0,"3b","1b","1b","1b","1b","1b","1b","3b","1b","1b","1b","1b","1b","1b","1b","1b","1b","1b","3b","1b","1b","3b","1b","1b","1b","3b","3b","1b","1b","1b","3b","1b","1b","1b","3b","1b","1b","1b","3b","1b"
"2023-11-19 12:00:00","PM10",NA,0,0,60.1618,739.1029,35.7892,24.9978,0,0,0,0,45.6366,0,NA,2.1651,1.5883,0,0,0.4933,NA,1.2274,NA,0,0,0,12.2027,NA,0,0,0,0,0,NA,0,0,0,0,0,0,0,"3b","1b","1b","1b","1b","1b","1b","1b","1b","1b","1b","1b","1b","3b","1b","1b","1b","1b","1b","3b","1b","3b","1b","1b","1b","1b","3b","1b","1b","1b","1b","1b","3b","1b","1b","1b","1b","1b","1b","1b"
"2023-11-19 13:00:00","PM2.5",NA,0,NA,18.9506,204.5596,26.1159,7.0492,NA,0,0,0,24.9418,0,0,1.9693,1.6561,0,0,0,NA,NA,NA,0,0,0,15.4275,0,NA,0,NA,NA,NA,NA,0,NA,0,0,0,NA,0,"3b","1b","3b","1b","1b","1b","1b","3b","1b","1b","1b","1b","1b","1b","1b","1b","1b","1b","1b","3b","3b","3b","1b","1b","1b","1b","1b","3b","1b","3b","3b","3b","3b","1b","3b","1b","1b","1b","3b","1b"
"2023-11-19 14:00:00","PM10",763.1371,0,NA,25.9803,655.6761,25.2616,22.0058,NA,0,0,0.0027,67.929,NA,0,4.6187,1.1635,0,0,0,0,1.158,NA,0,0,0,10.4149,0,NA,0,NA,NA,NA,NA,0,0,0,0,0,0,0,"1b","1b","3b","1b","1b","1b","1b","3b","1b","1b","1b","1b","3b","1b","1b","1b","1b","1b","1b","1b","1b","3b","1b","1b","1b","1b","1b","3b","1b","3b","3b","3b","3b","1b","1b","1b","1b","1b","1b","1b"
"2023-11-19 15:00:00","PM2.5",0,0,0,44.2408,811.5907,21.144,21.1202,0,0,0,0,27.7947,NA,0,2.8044,0.9738,0,0,0,NA,0.7187,NA,0,0,0,23.4009,NA,NA,0,NA,NA,NA,NA,0,0,NA,NA,0,NA,0,"1b","1b","1b","1b","1b","1b","1b","1b","1b","1b","1b","1b","3b","1b","1b","1b","1b","1b","1b","3b","1b","3b","1b","1b","1b","1b","3b","3b","1b","3b","3b","3b","3b","1b","1b","3b","3b","1b","3b","1b"
"2023-11-19 16:00:00","PM10",NA,0,0,86.5076,1657.1684,41.5491,44.3906,1.1165,0,0,0,66.4635,NA,0,4.5383,1.5166,0,0,0,0,2.3489,NA,0,0,0,13.4061,NA,NA,0,0,NA,NA,NA,0,NA,0,0,0,0,0,"3b","1b","1b","1b","1b","1b","1b","1b","1b","1b","1b","1b","3b","1b","1b","1b","1b","1b","1b","1b","1b","3b","1b","1b","1b","1b","3b","3b","1b","1b","3b","3b","3b","1b","3b","1b","1b","1b","1b","1b"
"2023-11-19 17:00:00","PM2.5",0,0,0,55.6819,990.1013,34.4851,27.8105,0,0,NA,0,23.4118,NA,NA,2.2219,1.6614,0,0,NA,0,1.3851,NA,0,0,0,11.186,NA,NA,0,0,0,NA,NA,0,0,0,0,0,0,0,"1b","1b","1b","1b","1b","1b","1b","1b","1b","3b","1b","1b","3b","3b","1b","1b","1b","1b","3b","1b","1b","3b","1b","1b","1b","1b","3b","3b","1b","1b","1b","3b","3b","1b","1b","1b","1b","1b","1b","1b"
"2023-11-19 18:00:00","PM10",0,0,0,86.9974,1512.616,39.2291,40.2754,0.0063,0,0.0058,0,47.2684,NA,0,1.8734,1.4585,0,0,NA,0,2.5576,NA,0,0,0,10.2569,0,NA,0,0,0,NA,NA,0,NA,0,0,0,0,0,"1b","1b","1b","1b","1b","1b","1b","1b","1b","1b","1b","1b","3b","1b","1b","1b","1b","1b","3b","1b","1b","3b","1b","1b","1b","1b","1b","3b","1b","1b","1b","3b","3b","1b","3b","1b","1b","1b","1b","1b"
"2023-11-19 19:00:00","PM2.5",798.5992,0,NA,53.0859,837.7358,30.0504,23.3783,0,0,NA,0,59.9042,0,0,5.1643,1.5532,0,0,0,0,1.5533,NA,0,0,0,NA,0,NA,0,NA,NA,NA,NA,0,0,0,5e-04,0,NA,0,"1b","1b","3b","1b","1b","1b","1b","1b","1b","3b","1b","1b","1b","1b","1b","1b","1b","1b","1b","1b","1b","3b","1b","1b","1b","3b","1b","3b","1b","3b","3b","3b","3b","1b","1b","1b","1b","1b","3b","1b"
"2023-11-19 20:00:00","PM10",NA,0,0,73.105,1523.0674,50.3386,38.9111,NA,0,0,0,50.7582,NA,0,3.5817,1.6547,0,0,0,0,2.9508,NA,0,0,0,NA,0,NA,0,NA,0,NA,NA,0,6e-04,0,0,0,NA,0,"3b","1b","1b","1b","1b","1b","1b","3b","1b","1b","1b","1b","3b","1b","1b","1b","1b","1b","1b","1b","1b","3b","1b","1b","1b","3b","1b","3b","1b","3b","1b","3b","3b","1b","1b","1b","1b","1b","3b","1b"
"2023-11-19 21:00:00","PM2.5",NA,0,0,53.9988,1008.1182,32.1318,26.1599,NA,0,NA,0,20.8912,NA,0,2.4029,1.0584,0,0,0,NA,2.2967,1.6893,0,0,0,NA,NA,NA,0,0,NA,NA,NA,0,0,0,0,0,0,0,"3b","1b","1b","1b","1b","1b","1b","3b","1b","3b","1b","1b","3b","1b","1b","1b","1b","1b","1b","3b","1b","1b","1b","1b","1b","3b","3b","3b","1b","1b","3b","3b","3b","1b","1b","1b","1b","1b","1b","1b"
"2023-11-19 22:00:00","PM10",NA,0,0,142.472,2694.9582,75.9904,71.6061,NA,0,0,0,66.3554,NA,0,2.6127,1.4514,0,0,NA,0,4.4653,NA,0,0,NA,NA,NA,NA,0,0,NA,NA,NA,0,0,0,0,0,0,0,"3b","1b","1b","1b","1b","1b","1b","3b","1b","1b","1b","1b","3b","1b","1b","1b","1b","1b","3b","1b","1b","3b","1b","1b","3b","3b","3b","3b","1b","1b","3b","3b","3b","1b","1b","1b","1b","1b","1b","1b"
"2023-11-19 23:00:00","PM2.5",NA,0,0,76.2408,1317.6031,37.7495,32.4617,0,NA,NA,0,18.1556,0,0,1.9469,NA,0,0,0,0,2.1236,NA,0,0,0,19.0364,NA,0,0,0,NA,NA,NA,NA,0,0,0,0,NA,0,"3b","1b","1b","1b","1b","1b","1b","1b","3b","3b","1b","1b","1b","1b","1b","3b","1b","1b","1b","1b","1b","3b","1b","1b","1b","1b","3b","1b","1b","1b","3b","3b","3b","3b","1b","1b","1b","1b","3b","1b"
"2023-11-20 00:30:00","PM10",0,0,0,201.4222,4319.2445,89.6275,102.6266,0,0,NA,0,7.1613,0,NA,NA,NA,0,0,0,0,4.8592,NA,0,0,0,NA,NA,NA,0,0,0,0,0,0,0,0,0,0,0,0,"1b","1b","1b","1b","1b","1b","1b","1b","1b","3b","1b","1b","1b","3b","3b","3b","1b","1b","1b","1b","1b","3b","1b","1b","1b","3b","3b","3b","1b","1b","1b","1b","1b","1b","1b","1b","1b","1b","1b","1b"
"2023-11-20 01:00:00","PM2.5",1868.9449,0,0.3317,152.8417,2824.3117,55.5816,68.5354,0,0,0,0,3.6769,0,0,NA,NA,0,0,0,0,3.8251,NA,0,0,0,NA,NA,0,0,NA,NA,NA,0,NA,0,0,0,0,0,0,"1b","1b","1b","1b","1b","1b","1b","1b","1b","1b","1b","1b","1b","1b","3b","3b","1b","1b","1b","1b","1b","3b","1b","1b","1b","3b","3b","1b","1b","3b","3b","3b","1b","3b","1b","1b","1b","1b","1b","1b"
"2023-11-20 02:00:00","PM10",1048.6138,0,0,286.8004,6144.6237,127.2581,141.8582,0,0,0,0,5.128,0,0,NA,NA,0,0,NA,0,8.5231,2.358,0,0,0,8.9983,NA,NA,0,0,NA,0,0,0,NA,0,NA,0,0,0,"1b","1b","1b","1b","1b","1b","1b","1b","1b","1b","1b","1b","1b","1b","3b","3b","1b","1b","3b","1b","1b","1b","1b","1b","1b","1b","3b","3b","1b","1b","3b","1b","1b","1b","3b","1b","3b","1b","1b","1b"
"2023-11-20 03:00:00","PM2.5",629.1819,0,0,149.4728,2627.1875,63.8457,63.1255,0,0,0,0,5.3999,0,0,NA,NA,0,NA,0,0,1.755,1.808,0,0,NA,20.1438,NA,NA,0,0.1774,0,NA,0,0,0,0,0,0,NA,0,"1b","1b","1b","1b","1b","1b","1b","1b","1b","1b","1b","1b","1b","1b","3b","3b","1b","3b","1b","1b","1b","1b","1b","1b","3b","1b","3b","3b","1b","1b","1b","3b","1b","1b","1b","1b","1b","1b","3b","1b"
"2023-11-20 04:00:00","PM10",736.5588,0,0,265.0195,4848.1219,112.4713,121.271,0,0,0,NA,34.1861,0,0,0.6911,2.9081,0,0,0,NA,5.3399,NA,0,0,0,13.2549,0,NA,0,0,NA,NA,0,0,NA,0,0,0,2.6876,0,"1b","1b","1b","1b","1b","1b","1b","1b","1b","1b","3b","1b","1b","1b","1b","1b","1b","1b","1b","3b","1b","3b","1b","1b","1b","1b","1b","3b","1b","1b","3b","3b","1b","1b","3b","1b","1b","1b","1b","1b"
"2023-11-20 05:00:00","PM2.5",NA,0,0,140.0489,2016.1832,59.1864,56.8076,0,0.005,NA,NA,21.0114,0,0,0.7816,5.2419,0,0,0,NA,1.3871,NA,NA,0,0,NA,NA,NA,0,0.1453,NA,NA,0,0,0,0,0,0,1.272,0,"3b","1b","1b","1b","1b","1b","1b","1b","1b","3b","3b","1b","1b","1b","1b","1b","1b","1b","1b","3b","1b","3b","3b","1b","1b","3b","3b","3b","1b","1b","3b","3b","1b","1b","1b","1b","1b","1b","1b","1b"
"2023-11-20 06:00:00","PM10",668.6012,0,0,186.3604,2948.1714,70.6547,82.9908,0,0,NA,0,37.5046,0,0,1.2985,4.5836,0,0,0,NA,4.113,NA,0,0,0,12.673,NA,0,0,NA,NA,NA,NA,0,0,0,0,0,NA,0,"1b","1b","1b","1b","1b","1b","1b","1b","1b","3b","1b","1b","1b","1b","1b","1b","1b","1b","1b","3b","1b","3b","1b","1b","1b","1b","3b","1b","1b","3b","3b","3b","3b","1b","1b","1b","1b","1b","3b","1b"
"2023-11-20 07:00:00","PM2.5",NA,0,0,85.2913,924.0853,28.519,29.9965,0,0,NA,0,51.6939,0,0,3.7745,2.2025,0,0,NA,NA,1.2815,NA,0,0,0,NA,NA,NA,0,NA,NA,NA,NA,0,NA,0,0,0,NA,0,"3b","1b","1b","1b","1b","1b","1b","1b","1b","3b","1b","1b","1b","1b","1b","1b","1b","1b","3b","3b","1b","3b","1b","1b","1b","3b","3b","3b","1b","3b","3b","3b","3b","1b","3b","1b","1b","1b","3b","1b"
"2023-11-20 08:00:00","PM10",642.0224,0,0,193.5913,2580.1994,66.6801,86.1062,NA,0,NA,NA,178.2984,0,0,7.4587,5.8861,0,0,0,NA,4.9359,NA,0,NA,0,13.535,NA,0,0,NA,NA,NA,4.2062,0,0,0,0,0,NA,0,"1b","1b","1b","1b","1b","1b","1b","3b","1b","3b","3b","1b","1b","1b","1b","1b","1b","1b","1b","3b","1b","3b","1b","3b","1b","1b","3b","1b","1b","3b","3b","3b","1b","1b","1b","1b","1b","1b","3b","1b"
"2023-11-20 09:00:00","PM2.5",NA,0,0,133.1228,832.1103,32.5438,36.8045,1.2381,0,0,0.9532,104.7071,0,NA,4.3659,26.9417,0,0,0.7009,0,1.8219,NA,0,0,NA,18.3936,NA,0,0,NA,NA,NA,NA,0,0,0,0,0,NA,0,"3b","1b","1b","1b","1b","1b","1b","1b","1b","1b","1b","1b","1b","3b","1b","1b","1b","1b","1b","1b","1b","3b","1b","1b","3b","1b","3b","1b","1b","3b","3b","3b","3b","1b","1b","1b","1b","1b","3b","1b"
"2023-11-20 10:00:00","PM10",NA,0,0,147.1258,1428.0648,54.5329,82.1665,2.1257,0,0.7804,2.6068,200.8793,0,NA,6.0499,49.2847,0,0,0,0,2.9398,NA,0,NA,0,NA,0,NA,0,NA,NA,NA,NA,0,0,0,0,0,4.1795,0,"3b","1b","1b","1b","1b","1b","1b","1b","1b","1b","1b","1b","1b","3b","1b","1b","1b","1b","1b","1b","1b","3b","1b","3b","1b","3b","1b","3b","1b","3b","3b","3b","3b","1b","1b","1b","1b","1b","1b","1b"
"2023-11-20 11:00:00","PM2.5",NA,0,0,96.4888,546.5692,24.0821,30.9285,1.0481,0,NA,1.025,67.223,NA,0,2.7255,10.0334,0,0,NA,0,1.1167,0,0,0,0,22.7426,NA,NA,0,NA,0,0,NA,0,0,0,0,0,0.8649,0,"3b","1b","1b","1b","1b","1b","1b","1b","1b","3b","1b","1b","3b","1b","1b","1b","1b","1b","3b","1b","1b","1b","1b","1b","1b","1b","3b","3b","1b","3b","1b","1b","3b","1b","1b","1b","1b","1b","1b","1b"
"2023-11-20 12:00:00","PM10",887.3371,0,0,91.1982,773.4066,49.0761,73.4925,2.5553,0,0,1.0782,115.015,NA,0,6.356,46.6884,0,0,0.7237,0,1.9603,NA,0,0,0,9.6212,0,0,0,NA,0,NA,NA,0,0,0,0,0,1.4684,0,"1b","1b","1b","1b","1b","1b","1b","1b","1b","1b","1b","1b","3b","1b","1b","1b","1b","1b","1b","1b","1b","3b","1b","1b","1b","1b","1b","1b","1b","3b","1b","3b","3b","1b","1b","1b","1b","1b","1b","1b"
"2023-11-20 13:00:00","PM2.5",NA,0,0.2395,68.77,239.5958,18.1627,25.031,1.5506,0,NA,NA,60.7799,0,NA,4.124,13.1819,0,0,NA,NA,1.7993,NA,0,0,NA,NA,NA,NA,0,0,NA,0,NA,0,0.0222,0,0,0,4.2139,0,"3b","1b","1b","1b","1b","1b","1b","1b","1b","3b","3b","1b","1b","3b","1b","1b","1b","1b","3b","3b","1b","3b","1b","1b","3b","3b","3b","3b","1b","1b","3b","1b","3b","1b","1b","1b","1b","1b","1b","1b"
"2023-11-20 14:00:00","PM10",NA,0,0,109.9749,257.1867,24.5211,61.7805,3.9311,0,NA,1.6954,153.6572,0,NA,6.3697,23.8092,0,0,0,0,1.6128,NA,0,0,0,9.4761,NA,0,0,0,NA,0,NA,0,0,0,0,0,9.6109,0,"3b","1b","1b","1b","1b","1b","1b","1b","1b","3b","1b","1b","1b","3b","1b","1b","1b","1b","1b","1b","1b","3b","1b","1b","1b","1b","3b","1b","1b","1b","3b","1b","3b","1b","1b","1b","1b","1b","1b","1b"
"2023-11-20 15:00:00","PM2.5",NA,0,0,75.6069,202.6203,16.8408,17.7583,NA,0,NA,0.9055,59.1383,0,0,4.9381,21.9038,0,0,1.0991,0,1.8251,NA,0,0,0,10.7609,0,0,0,NA,NA,NA,NA,0,NA,0,0,0,17.2883,0,"3b","1b","1b","1b","1b","1b","1b","3b","1b","3b","1b","1b","1b","1b","1b","1b","1b","1b","1b","1b","1b","3b","1b","1b","1b","1b","1b","1b","1b","3b","3b","3b","3b","1b","3b","1b","1b","1b","1b","1b"
"2023-11-20 16:00:00","PM10",NA,0,0,110.1048,635.8293,41.6444,69.535,2.016,0,NA,1.311,155.6948,0.0033,NA,9.3975,25.9597,0,0,2.5488,NA,4.9058,NA,0,NA,0,13.2865,0,NA,0,0,NA,NA,NA,0,0,0,0,0,31.3611,0,"3b","1b","1b","1b","1b","1b","1b","1b","1b","3b","1b","1b","1b","3b","1b","1b","1b","1b","1b","3b","1b","3b","1b","3b","1b","1b","1b","3b","1b","1b","3b","3b","3b","1b","1b","1b","1b","1b","1b","1b"
"2023-11-20 17:00:00","PM2.5",NA,0,0,132.2429,194.1349,19.9062,13.2655,0,0,NA,NA,46.3351,NA,NA,4.2636,15.0993,0,0,1.0883,0,1.3166,NA,0,0,0,9.1433,0,NA,0,NA,NA,NA,NA,0,0,0,0,0,7.4633,0,"3b","1b","1b","1b","1b","1b","1b","1b","1b","3b","3b","1b","3b","3b","1b","1b","1b","1b","1b","1b","1b","3b","1b","1b","1b","1b","1b","3b","1b","3b","3b","3b","3b","1b","1b","1b","1b","1b","1b","1b"
"2023-11-20 18:00:00","PM10",NA,0,0,199.5485,793.6209,31.5224,33.9167,NA,0.008,0,NA,107.2687,0,NA,6.1529,16.936,0,0,4.3619,NA,9.6372,NA,0,0,0,18.6263,NA,0,0,0,NA,NA,NA,0,0,0,0,0,69.1592,0,"3b","1b","1b","1b","1b","1b","1b","3b","1b","1b","3b","1b","1b","3b","1b","1b","1b","1b","1b","3b","1b","3b","1b","1b","1b","1b","3b","1b","1b","1b","3b","3b","3b","1b","1b","1b","1b","1b","1b","1b"
"2023-11-20 19:00:00","PM2.5",643.3333,0,0,75.861,294.4476,18.8255,11.1982,NA,0,NA,0,46.6556,0,NA,5.0276,7.5588,0,0,1.319,0,2.3118,NA,0,0,0,NA,NA,NA,0,0,NA,0,NA,0,0,0,0,0,6.8368,0,"1b","1b","1b","1b","1b","1b","1b","3b","1b","3b","1b","1b","1b","3b","1b","1b","1b","1b","1b","1b","1b","3b","1b","1b","1b","3b","3b","3b","1b","1b","3b","1b","3b","1b","1b","1b","1b","1b","1b","1b"
"2023-11-20 20:00:00","PM10",0,NA,0,96.5291,677.2205,45.8778,38.7753,2.5611,0,NA,NA,93.0927,0,NA,7.2053,12.3687,0,0,11.1656,0,10.4103,NA,0,NA,0,14.548,NA,NA,0,0,NA,0.0805,NA,0,0,0,0,0,12.4219,0,"1b","3b","1b","1b","1b","1b","1b","1b","1b","3b","3b","1b","1b","3b","1b","1b","1b","1b","1b","1b","1b","3b","1b","3b","1b","1b","3b","3b","1b","1b","3b","1b","3b","1b","1b","1b","1b","1b","1b","1b"
"2023-11-20 21:00:00","PM2.5",0,302.6586,0,99.1057,205.5008,60.7717,12.7698,1.3282,NA,0,NA,40.8672,0,0,12.4141,16.4193,0,0,2.3401,0,5.057,NA,0,NA,0,15.1504,NA,0,0,NA,0,0,3.3449,0,0,0,0,0,17.556,NA,"1b","1b","1b","1b","1b","1b","1b","1b","3b","1b","3b","1b","1b","1b","1b","1b","1b","1b","1b","1b","1b","3b","1b","3b","1b","1b","3b","1b","1b","3b","1b","1b","1b","1b","1b","1b","1b","1b","1b","3b"
"2023-11-20 22:00:00","PM10",887.3204,0,0,194.8552,579.1593,43.153,43.0575,0,0,NA,0,72.2863,NA,0,13.427,12.8806,0,0,1.2738,0,3.5165,NA,0,0,0,9.7951,0,NA,0,NA,NA,0,NA,0,0,0,0,0,7.1978,0,"1b","1b","1b","1b","1b","1b","1b","1b","1b","3b","1b","1b","3b","1b","1b","1b","1b","1b","1b","1b","1b","3b","1b","1b","1b","1b","1b","3b","1b","3b","3b","1b","3b","1b","1b","1b","1b","1b","1b","1b"
"2023-11-20 23:00:00","PM2.5",NA,0,0,167.7953,32.8808,29.6697,9.8304,0,0,NA,0,28.2643,0,0,1.8701,6.7135,0,0,0.7155,NA,1.5624,NA,NA,0,0,20.8282,0,0,0,NA,NA,NA,NA,0,0,0,0.0034,0,NA,0,"3b","1b","1b","1b","1b","1b","1b","1b","1b","3b","1b","1b","1b","1b","1b","1b","1b","1b","1b","3b","1b","3b","3b","1b","1b","1b","1b","1b","1b","3b","3b","3b","3b","1b","1b","1b","1b","1b","3b","1b"
"2023-11-21 00:30:00","PM10",NA,0,0,286.7171,164.329,48.6594,23.3377,2.0094,NA,NA,0,58.7455,0,0,1.7271,6.5122,0,0,0,0,NA,NA,0,0,0,NA,0,0,0,NA,NA,0,NA,0,0,0,0,0,1.681,0,"3b","1b","1b","1b","1b","1b","1b","1b","3b","3b","1b","1b","1b","1b","1b","1b","1b","1b","1b","1b","3b","3b","1b","1b","1b","3b","1b","1b","1b","3b","3b","1b","3b","1b","1b","1b","1b","1b","1b","1b"
"2023-11-21 01:00:00","PM2.5",NA,0,0,283.7453,0,41.1112,9.0542,0,0,0,0,23.5781,0,0,0.9384,8.1579,0,0,0,0,1.1324,NA,0,0,0,11.2,0,0,0,NA,NA,NA,NA,0,0,0,0,0,2.6184,0,"3b","1b","1b","1b","1b","1b","1b","1b","1b","1b","1b","1b","1b","1b","1b","1b","1b","1b","1b","1b","1b","3b","1b","1b","1b","1b","1b","1b","1b","3b","3b","3b","3b","1b","1b","1b","1b","1b","1b","1b"
"2023-11-21 02:00:00","PM10",665.3227,0,0,222.7158,27.7395,33.1835,18.2624,NA,0,NA,NA,30.7864,0,0,1.0839,7.5057,0,0,0,0,NA,NA,0,0,0,NA,NA,NA,0,0,NA,0,NA,0,0,0,0,0,2.5985,0,"1b","1b","1b","1b","1b","1b","1b","3b","1b","3b","3b","1b","1b","1b","1b","1b","1b","1b","1b","1b","3b","3b","1b","1b","1b","3b","3b","3b","1b","1b","3b","1b","3b","1b","1b","1b","1b","1b","1b","1b"
"2023-11-21 03:00:00","PM2.5",646.8051,0,0,80.2354,49.0657,9.3633,3.9785,NA,NA,NA,0,3.9929,0,0,0.5745,0.7492,0,0,0,0,0,NA,0,0,0,NA,0,0,0,NA,0,0,NA,0,0,0,0,0,0,0,"1b","1b","1b","1b","1b","1b","1b","3b","3b","3b","1b","1b","1b","1b","1b","1b","1b","1b","1b","1b","1b","3b","1b","1b","1b","3b","1b","1b","1b","3b","1b","1b","3b","1b","1b","1b","1b","1b","1b","1b"
"2023-11-21 04:00:00","PM10",NA,0,NA,59.2421,234.9085,18.7639,13.2629,1.049,0,0,0,16.0403,NA,NA,0.7107,2.8722,0,0,0,NA,NA,NA,0,0,0,NA,0,0,0,NA,NA,NA,0,0.0311,0,0,0,0,NA,0,"3b","1b","3b","1b","1b","1b","1b","1b","1b","1b","1b","1b","3b","3b","1b","1b","1b","1b","1b","3b","3b","3b","1b","1b","1b","3b","1b","1b","1b","3b","3b","3b","1b","1b","1b","1b","1b","1b","3b","1b"
"2023-11-21 05:00:00","PM2.5",920.627,0,NA,53.5733,52.8584,16.1625,10.5312,NA,NA,0,0,13.8767,0,0,4.3701,9.1775,0,0,NA,0,NA,NA,0,0,0,NA,NA,NA,0,0,NA,NA,0,0,0,0,0,0,1.7239,0,"1b","1b","3b","1b","1b","1b","1b","3b","3b","1b","1b","1b","1b","1b","1b","1b","1b","1b","3b","1b","3b","3b","1b","1b","1b","3b","3b","3b","1b","1b","3b","3b","1b","1b","1b","1b","1b","1b","1b","1b"
"2023-11-21 06:00:00","PM10",NA,0,0,66.8392,152.2944,27.2026,32.5742,NA,0,NA,0.9812,51.5615,0,0,1.7856,16.2109,0,0,0,0,NA,NA,0,0,0,9.6935,NA,NA,0,0,0,NA,NA,0,0,0,0,0,NA,0,"3b","1b","1b","1b","1b","1b","1b","3b","1b","3b","1b","1b","1b","1b","1b","1b","1b","1b","1b","1b","3b","3b","1b","1b","1b","1b","3b","3b","1b","1b","1b","3b","3b","1b","1b","1b","1b","1b","3b","1b"
"2023-11-21 07:00:00","PM2.5",NA,0,NA,69.1979,38.2441,13.9327,10.3253,0,0,0,0.9036,43.5836,NA,NA,1.9655,11.2866,0,0,0,NA,0,0,0,0,0,NA,NA,NA,0,0,0,0,0,0,NA,0,0,0,0.7965,0,"3b","1b","3b","1b","1b","1b","1b","1b","1b","1b","1b","1b","3b","3b","1b","1b","1b","1b","1b","3b","1b","1b","1b","1b","1b","3b","3b","3b","1b","1b","1b","1b","1b","1b","3b","1b","1b","1b","1b","1b"
"2023-11-21 08:00:00","PM10",NA,0,0,98.5129,125.454,26.2804,63.1111,4.1102,0,0.6999,4.9641,194.0067,0,0,6.9615,29.4758,0,0,0.5122,0,NA,NA,0,0,0,12.4453,0,0,0,0,0,NA,2.9111,0,0,0,0,0,7.211,0,"3b","1b","1b","1b","1b","1b","1b","1b","1b","1b","1b","1b","1b","1b","1b","1b","1b","1b","1b","1b","3b","3b","1b","1b","1b","1b","1b","1b","1b","1b","1b","3b","1b","1b","1b","1b","1b","1b","1b","1b"
"2023-11-21 09:00:00","PM2.5",NA,NA,0,89.9716,37.5085,18.0448,31.0272,NA,0,NA,7.5595,101.6386,0,NA,3.9819,10.5776,0,0,NA,0,NA,NA,0,0,0,18.689,NA,0,0,0,0,NA,NA,0,0,0,0,0,11.6216,0,"3b","3b","1b","1b","1b","1b","1b","3b","1b","3b","1b","1b","1b","3b","1b","1b","1b","1b","3b","1b","3b","3b","1b","1b","1b","1b","3b","1b","1b","1b","1b","3b","3b","1b","1b","1b","1b","1b","1b","1b"
"2023-11-21 10:00:00","PM10",NA,0,0,81.2943,139.8,23.3386,64.7691,1.796,0,0.7312,0.7871,138.5368,NA,NA,5.7008,7.5974,0,0,0.8409,NA,NA,NA,0,0,0,NA,NA,NA,0,NA,NA,NA,0,0,0,0,0,0,NA,0,"3b","1b","1b","1b","1b","1b","1b","1b","1b","1b","1b","1b","3b","3b","1b","1b","1b","1b","1b","3b","3b","3b","1b","1b","1b","3b","3b","3b","1b","3b","3b","3b","1b","1b","1b","1b","1b","1b","3b","1b"
"2023-11-21 11:00:00","PM2.5",NA,NA,0,113.5522,78.1847,31.1225,103.9531,9.4952,NA,NA,NA,62.0388,0,NA,2.3083,4.5249,0,0,0,0,NA,NA,0,0,0,NA,0,0,0,NA,NA,0,0,0,0,0,0,0,2.5664,0,"3b","3b","1b","1b","1b","1b","1b","1b","3b","3b","3b","1b","1b","3b","1b","1b","1b","1b","1b","1b","3b","3b","1b","1b","1b","3b","1b","1b","1b","3b","3b","1b","1b","1b","1b","1b","1b","1b","1b","1b"
"2023-11-21 12:00:00","PM10",NA,0,0,188.6176,556.285,56.3762,95.788,5.3234,0,1.1311,0.986,130.0457,NA,0.4935,3.969,7.0591,0,0,0.921,NA,1.6924,NA,0,0,0,NA,0,NA,0,NA,0,0,NA,0,0,0,0,0,5.0383,0,"3b","1b","1b","1b","1b","1b","1b","1b","1b","1b","1b","1b","3b","1b","1b","1b","1b","1b","1b","3b","1b","3b","1b","1b","1b","3b","1b","3b","1b","3b","1b","1b","3b","1b","1b","1b","1b","1b","1b","1b"
"2023-11-21 13:00:00","PM2.5",NA,0,0,167.0124,372.1958,26.2444,41.7855,1.487,0,0.7244,NA,69.1132,NA,NA,2.1295,6.3945,0,0,NA,NA,2.2309,NA,0,0,0,13.9746,0,0,NA,NA,NA,NA,NA,0,0,0,0,0,2.4788,0,"3b","1b","1b","1b","1b","1b","1b","1b","1b","1b","3b","1b","3b","3b","1b","1b","1b","1b","3b","3b","1b","3b","1b","1b","1b","1b","1b","1b","3b","3b","3b","3b","3b","1b","1b","1b","1b","1b","1b","1b"
"2023-11-21 14:00:00","PM10",NA,0,0,187.85,990.4338,54.087,161.9906,3.4543,0,0.6286,1.4098,177.1405,NA,NA,6.0871,12.6474,0,0,0.7373,0,3.3158,NA,0,0,0,10.0806,NA,0,0,NA,NA,NA,NA,0,0,0,0,0,3.2162,0,"3b","1b","1b","1b","1b","1b","1b","1b","1b","1b","1b","1b","3b","3b","1b","1b","1b","1b","1b","1b","1b","3b","1b","1b","1b","1b","3b","1b","1b","3b","3b","3b","3b","1b","1b","1b","1b","1b","1b","1b"
"2023-11-21 15:00:00","PM2.5",NA,0,0,146.0589,365.4277,40.3862,45.1398,NA,NA,0.7581,NA,97.6149,NA,NA,4.102,12.9705,0,0,0.6715,NA,2.0507,NA,0,0,0,NA,0,NA,0,0,NA,0,NA,0,0,0,0,0,1.1804,0,"3b","1b","1b","1b","1b","1b","1b","3b","3b","1b","3b","1b","3b","3b","1b","1b","1b","1b","1b","3b","1b","3b","1b","1b","1b","3b","1b","3b","1b","1b","3b","1b","3b","1b","1b","1b","1b","1b","1b","1b"
"2023-11-21 16:00:00","PM10",952.3386,NA,0,172.7856,815.461,72.4004,225.4245,7.7875,0,0.8711,2.7895,356.7415,0,NA,12.7825,22.4166,0,0,1.8678,NA,4.9761,1.9042,0,NA,0,13.1895,NA,NA,0,0,NA,NA,5.6694,0,0,0,0,0,2.2477,0,"1b","3b","1b","1b","1b","1b","1b","1b","1b","1b","1b","1b","1b","3b","1b","1b","1b","1b","1b","3b","1b","1b","1b","3b","1b","1b","3b","3b","1b","1b","3b","3b","1b","1b","1b","1b","1b","1b","1b","1b"
"2023-11-21 17:00:00","PM2.5",NA,0,0,150.078,244.3473,55.0844,53.3502,2.8576,0,0.7356,2.4962,186.6684,0,0.8374,5.845,16.5894,0,0,0.7216,0,1.6128,NA,0,NA,0,11.7332,NA,NA,0,NA,NA,NA,NA,0,0,0,0,0,7.1335,0,"3b","1b","1b","1b","1b","1b","1b","1b","1b","1b","1b","1b","1b","1b","1b","1b","1b","1b","1b","1b","1b","3b","1b","3b","1b","1b","3b","3b","1b","3b","3b","3b","3b","1b","1b","1b","1b","1b","1b","1b"
"2023-11-21 18:00:00","PM10",665.3833,NA,0,161.592,470.7529,69.0603,191.9935,17.1034,0,1.0547,2.9095,363.0629,NA,0,10.5346,21.8515,0,0,0.7588,NA,2.5535,NA,0,0,0,14.2607,0,NA,0,NA,NA,0,NA,0,0,0,0,0,2.7779,1.0851,"1b","3b","1b","1b","1b","1b","1b","1b","1b","1b","1b","1b","3b","1b","1b","1b","1b","1b","1b","3b","1b","3b","1b","1b","1b","1b","1b","3b","1b","3b","3b","1b","3b","1b","1b","1b","1b","1b","1b","1b"
"2023-11-21 19:00:00","PM2.5",716.3142,0,0,97.5466,197.9918,110.9968,60.466,3.3519,0,0.9732,1.9886,242.6293,0,NA,10.0514,36.3407,0,0,1.4458,0,6.5086,NA,0,NA,0,NA,NA,0.0997,0,NA,0,0,3.2438,0,0,0,NA,0,5.4883,0,"1b","1b","1b","1b","1b","1b","1b","1b","1b","1b","1b","1b","1b","3b","1b","1b","1b","1b","1b","1b","1b","3b","1b","3b","1b","3b","3b","1b","1b","3b","1b","1b","1b","1b","1b","1b","3b","1b","1b","1b"
"2023-11-21 20:00:00","PM10",NA,NA,0,164.6397,438.3633,172.5574,273.0256,14.6005,0,1.8973,6.4132,682.5631,0,NA,37.2628,68.4206,0,0,1.7762,0,7.4024,NA,0,NA,0,NA,NA,0,0,NA,0,0,21.8954,0,0,0,0,0,10.8764,0,"3b","3b","1b","1b","1b","1b","1b","1b","1b","1b","1b","1b","1b","3b","1b","1b","1b","1b","1b","1b","1b","3b","1b","3b","1b","3b","3b","1b","1b","3b","1b","1b","1b","1b","1b","1b","1b","1b","1b","1b"
"2023-11-21 21:00:00","PM2.5",NA,0,0,161.798,202.4402,121.0177,62.3751,3.6771,0,0.7853,2.7,322.3785,NA,NA,31.3805,61.0832,0,0,2.3059,0,7.4178,NA,0,0,0,NA,NA,NA,0,0,NA,NA,11.8521,0,0,0,0,0,11.5292,0,"3b","1b","1b","1b","1b","1b","1b","1b","1b","1b","1b","1b","3b","3b","1b","1b","1b","1b","1b","1b","1b","3b","1b","1b","1b","3b","3b","3b","1b","1b","3b","3b","1b","1b","1b","1b","1b","1b","1b","1b"
"2023-11-21 22:00:00","PM10",NA,NA,NA,235.1454,325.5077,147.879,229.3426,12.123,0,2.388,6.0413,666.2659,0,0.8877,56.2245,93.1842,0,0,4.875,0,13.768,1.8003,0,NA,0,NA,NA,NA,0,NA,0.1836,NA,17.219,0,0,0,0,0,46.2566,0,"3b","3b","3b","1b","1b","1b","1b","1b","1b","1b","1b","1b","1b","1b","1b","1b","1b","1b","1b","1b","1b","1b","1b","3b","1b","3b","3b","3b","1b","3b","1b","3b","1b","1b","1b","1b","1b","1b","1b","1b"
"2023-11-21 23:00:00","PM2.5",1178.5786,0,0.3639,203.0228,540.7919,142.2888,40.4814,3.6579,2.7522,1.0657,2.638,271.7062,0,NA,21.6137,52.5313,0,0,3.5095,0,27.0309,NA,0,0,NA,0,NA,0,0,NA,NA,NA,4.6526,0,NA,0,0,0,23.8554,0,"1b","1b","1b","1b","1b","1b","1b","1b","1b","1b","1b","1b","1b","3b","1b","1b","1b","1b","1b","1b","1b","3b","1b","1b","3b","1b","3b","1b","1b","3b","3b","3b","1b","1b","3b","1b","1b","1b","1b","1b"
"2023-11-22 00:30:00","PM10",NA,0,0,178.4263,1308.4964,122.7911,86.4451,4.5709,0,0,NA,211.9356,0,0,11.3062,38.6037,0,0,5.5837,0,12.4953,NA,0,0,0,NA,0,0,0,0,NA,NA,NA,0,0,0,0,0,22.1848,0,"3b","1b","1b","1b","1b","1b","1b","1b","1b","1b","3b","1b","1b","1b","1b","1b","1b","1b","1b","1b","1b","3b","1b","1b","1b","3b","1b","1b","1b","1b","3b","3b","3b","1b","1b","1b","1b","1b","1b","1b"
"2023-11-22 01:00:00","PM2.5",699.0067,0,0,162.8542,627.642,95.0297,17.6408,NA,3.9147,0,NA,63.4748,0,0,6.7245,31.4095,0,0,2.704,0,8.1004,NA,0,0,NA,14.2587,0,NA,0,0,NA,NA,0,0,0,0,0,0,14.8823,0,"1b","1b","1b","1b","1b","1b","1b","3b","1b","1b","3b","1b","1b","1b","1b","1b","1b","1b","1b","1b","1b","3b","1b","1b","3b","1b","1b","3b","1b","1b","3b","3b","1b","1b","1b","1b","1b","1b","1b","1b"
"2023-11-22 02:00:00","PM10",0,0,0,128.5357,164.5286,89.7066,44.9423,1.9629,NA,NA,NA,77.7382,NA,NA,2.5965,19.4749,0,0,1.4296,NA,2.4359,NA,0,NA,0,NA,NA,0,0,NA,NA,0,NA,0,0,0,0,0,4.3763,0,"1b","1b","1b","1b","1b","1b","1b","1b","3b","3b","3b","1b","3b","3b","1b","1b","1b","1b","1b","3b","1b","3b","1b","3b","1b","3b","3b","1b","1b","3b","3b","1b","3b","1b","1b","1b","1b","1b","1b","1b"
"2023-11-22 03:00:00","PM2.5",NA,0,0,114.9068,134.1722,58.4696,9.7313,NA,0,0,NA,28.182,0,NA,1.174,8.2096,0,0,0,NA,1.9991,NA,0,0,0,0,NA,0,0,0,0,NA,0,0,0,0,0,0,3.0788,0,"3b","1b","1b","1b","1b","1b","1b","3b","1b","1b","3b","1b","1b","3b","1b","1b","1b","1b","1b","3b","1b","3b","1b","1b","1b","1b","3b","1b","1b","1b","1b","3b","1b","1b","1b","1b","1b","1b","1b","1b"
"2023-11-22 04:00:00","PM10",NA,0,NA,118.2496,323.2637,72.3117,35.9724,NA,0,NA,NA,43.5197,0,NA,1.141,5.7668,0,0,0.5758,0,1.7686,NA,NA,0,NA,NA,NA,NA,0,0,0,0,NA,8e-04,0.0157,0,0,0,1.2822,0,"3b","1b","3b","1b","1b","1b","1b","3b","1b","3b","3b","1b","1b","3b","1b","1b","1b","1b","1b","1b","1b","3b","3b","1b","3b","3b","3b","3b","1b","1b","1b","1b","3b","1b","1b","1b","1b","1b","1b","1b"
"2023-11-22 05:00:00","PM2.5",NA,0,0,130.7069,206.8534,73.89,10.6054,NA,0,NA,NA,31.7432,0,0,1.1465,5.7352,0,0,0,NA,2.442,NA,0,0,0,13.7348,NA,0,0,NA,NA,0,0,0,0,0,0,0,3.1828,0,"3b","1b","1b","1b","1b","1b","1b","3b","1b","3b","3b","1b","1b","1b","1b","1b","1b","1b","1b","3b","1b","3b","1b","1b","1b","1b","3b","1b","1b","3b","3b","1b","1b","1b","1b","1b","1b","1b","1b","1b"
"2023-11-22 06:00:00","PM10",0,0,0,163.2301,370.4182,136.4337,42.5745,1.3894,0,NA,NA,81.7242,0,NA,3.9134,6.5986,0,0,0.8276,NA,1.5672,NA,0,0,0,NA,0,NA,0,NA,NA,NA,NA,0,0,0,0,0,NA,0,"1b","1b","1b","1b","1b","1b","1b","1b","1b","3b","3b","1b","1b","3b","1b","1b","1b","1b","1b","3b","1b","3b","1b","1b","1b","3b","1b","3b","1b","3b","3b","3b","3b","1b","1b","1b","1b","1b","3b","1b"
"2023-11-22 07:00:00","PM2.5",0,0,0,138.6668,124.1287,99.0629,21.9856,2.1373,0.0052,NA,NA,92.5074,0,NA,3.6108,5.8964,0,0,1.0141,0,1.7187,NA,0,0,NA,NA,0,0.0925,0,NA,NA,NA,0,0,0,0,0,0,0,0,"1b","1b","1b","1b","1b","1b","1b","1b","1b","3b","3b","1b","1b","3b","1b","1b","1b","1b","1b","1b","1b","3b","1b","1b","3b","3b","1b","1b","1b","3b","3b","3b","1b","1b","1b","1b","1b","1b","1b","1b"
"2023-11-22 08:00:00","PM10",NA,0,0,149.0743,537.0465,97.8956,61.7959,1.7156,0,1.1739,NA,219.2827,NA,0.8151,8.2658,7.9828,0,0,0.5934,NA,1.728,NA,0,0,0,19.3967,0,0,0,0,NA,NA,3.9921,0,0,0,0,0,3.8473,0,"3b","1b","1b","1b","1b","1b","1b","1b","1b","1b","3b","1b","3b","1b","1b","1b","1b","1b","1b","3b","1b","3b","1b","1b","1b","1b","1b","1b","1b","1b","3b","3b","1b","1b","1b","1b","1b","1b","1b","1b"
"2023-11-22 09:00:00","PM2.5",NA,0,0,143.8272,155.3378,70.077,25.6929,NA,0,NA,0,97.8203,NA,NA,3.0368,13.0052,0,0,0.8226,0,25.0521,NA,0,0,0,11.0821,NA,0,0,0,0,0,0,0,NA,0,0,0,8.6173,0,"3b","1b","1b","1b","1b","1b","1b","3b","1b","3b","1b","1b","3b","3b","1b","1b","1b","1b","1b","1b","1b","3b","1b","1b","1b","1b","3b","1b","1b","1b","1b","1b","1b","1b","3b","1b","1b","1b","1b","1b"
"2023-11-22 10:00:00","PM10",NA,0,0,157.8001,807.642,75.1111,120.851,2.019,0,NA,NA,148.5774,NA,NA,4.5311,16.2867,0,0,1.1381,0,13.8572,NA,0,0,0,12.2063,NA,NA,0,NA,NA,0,3.1557,0,0,0,0,0,6.8636,0,"3b","1b","1b","1b","1b","1b","1b","1b","1b","3b","3b","1b","3b","3b","1b","1b","1b","1b","1b","1b","1b","3b","1b","1b","1b","1b","3b","3b","1b","3b","3b","1b","1b","1b","1b","1b","1b","1b","1b","1b"
"2023-11-22 11:00:00","PM2.5",0,0,0,131.1886,209.7157,59.0172,36.9783,1.883,0,NA,0,75.0587,NA,0,2.8924,5.8816,0,0,NA,0,5.4383,NA,0,NA,0,12.7875,0,0,NA,NA,NA,0,0,0,0,0,0,0,4.6791,0,"1b","1b","1b","1b","1b","1b","1b","1b","1b","3b","1b","1b","3b","1b","1b","1b","1b","1b","3b","1b","1b","3b","1b","3b","1b","1b","1b","1b","3b","3b","3b","1b","1b","1b","1b","1b","1b","1b","1b","1b"
"2023-11-22 12:00:00","PM10",NA,NA,0,156.7469,873.5476,71.8323,128.5349,4.1277,0,NA,0.7758,168.6857,0,0,5.46,6.4963,0,0,1.0156,0,6.1325,NA,0,0,0,14.1681,0,0,0,NA,NA,NA,NA,0,0,0,0,0,7.0155,0,"3b","3b","1b","1b","1b","1b","1b","1b","1b","3b","1b","1b","1b","1b","1b","1b","1b","1b","1b","1b","1b","3b","1b","1b","1b","1b","1b","1b","1b","3b","3b","3b","3b","1b","1b","1b","1b","1b","1b","1b"
"2023-11-22 13:00:00","PM2.5",733.8356,0,0,120.6473,254.8126,36.0782,32.3076,1.64,0,0,0,65.8931,NA,NA,3.7097,3.4017,0,0,NA,0,2.4592,NA,0,0,0,16.573,NA,0,0,NA,NA,NA,NA,0,0,0,0,0,2.349,0,"1b","1b","1b","1b","1b","1b","1b","1b","1b","1b","1b","1b","3b","3b","1b","1b","1b","1b","3b","1b","1b","3b","1b","1b","1b","1b","3b","1b","1b","3b","3b","3b","3b","1b","1b","1b","1b","1b","1b","1b"
"2023-11-22 14:00:00","PM10",642.6254,NA,0,131.7077,496.2375,56.7379,122.4438,6.2539,0,0.0083,0.8515,188.6859,NA,NA,7.8388,6.6696,0,0,0.8422,0,2.3664,NA,0,0,0,10.7203,NA,NA,0,NA,NA,0,NA,0,NA,0,0,0,NA,0,"1b","3b","1b","1b","1b","1b","1b","1b","1b","1b","1b","1b","3b","3b","1b","1b","1b","1b","1b","1b","1b","3b","1b","1b","1b","1b","3b","3b","1b","3b","3b","1b","3b","1b","3b","1b","1b","1b","3b","1b"
"2023-11-22 15:00:00","PM2.5",NA,NA,0,61.9413,82.3617,29.7621,30.4326,1.9746,0,NA,NA,100.6483,0,0,7.1623,4.5991,0,0,0.7309,0,0.7021,0,0,0,0,23.6535,NA,0,0,NA,NA,NA,NA,0,0,NA,0,0,NA,0,"3b","3b","1b","1b","1b","1b","1b","1b","1b","3b","3b","1b","1b","1b","1b","1b","1b","1b","1b","1b","1b","1b","1b","1b","1b","1b","3b","1b","1b","3b","3b","3b","3b","1b","1b","3b","1b","1b","3b","1b"
"2023-11-22 16:00:00","PM10",NA,NA,0,104.1933,323.345,86.4083,102.4663,6.3566,0,NA,1.2123,260.5769,0,NA,6.7624,8.0758,0,0,3.0009,NA,2.3358,NA,0,0,0,13.7349,NA,0,0,NA,NA,NA,NA,0,0,0,0,0,2.5386,0,"3b","3b","1b","1b","1b","1b","1b","1b","1b","3b","1b","1b","1b","3b","1b","1b","1b","1b","1b","3b","1b","3b","1b","1b","1b","1b","3b","1b","1b","3b","3b","3b","3b","1b","1b","1b","1b","1b","1b","1b"
"2023-11-22 17:00:00","PM2.5",NA,0,0,84.8406,108.2741,69.3926,21.857,1.9334,0,0,NA,133.3441,NA,0,6.5787,8.1342,0,0,2.6069,0,1.2604,NA,0,NA,0,15.6784,0,NA,0,NA,0,NA,4.3267,0,0,0,0,0,1.4821,0,"3b","1b","1b","1b","1b","1b","1b","1b","1b","1b","3b","1b","3b","1b","1b","1b","1b","1b","1b","1b","1b","3b","1b","3b","1b","1b","1b","3b","1b","3b","1b","3b","1b","1b","1b","1b","1b","1b","1b","1b"
"2023-11-22 18:00:00","PM10",0,NA,0,77.1744,329.9372,46.7013,62.5474,3.5405,0,NA,0.9622,257.7507,0,0,12.7778,5.3596,0,0,0.6321,0,4.7954,NA,0,0,0,23.2256,NA,NA,0,0,0,NA,4.0517,0,0,0,0,0,NA,0,"1b","3b","1b","1b","1b","1b","1b","1b","1b","3b","1b","1b","1b","1b","1b","1b","1b","1b","1b","1b","1b","3b","1b","1b","1b","1b","3b","3b","1b","1b","1b","3b","1b","1b","1b","1b","1b","1b","3b","1b"
"2023-11-22 19:00:00","PM2.5",NA,0,0,76.5393,137.3,69.8868,16.5562,1.9288,0,NA,0,85.341,0,NA,2.8113,6.3011,0,0,4.5626,0,1.4451,0,0,0,0,14.5345,NA,NA,0,NA,NA,0,NA,0,0,0,0,0,5.0585,0,"3b","1b","1b","1b","1b","1b","1b","1b","1b","3b","1b","1b","1b","3b","1b","1b","1b","1b","1b","1b","1b","1b","1b","1b","1b","1b","3b","3b","1b","3b","3b","1b","3b","1b","1b","1b","1b","1b","1b","1b"
"2023-11-22 20:00:00","PM10",NA,NA,0,63.0033,275.6487,51.0358,57.4965,3.0915,0,NA,NA,142.9696,NA,0,6.1739,6.1966,0,0,2.6882,0,1.5247,NA,0,0,NA,14.0498,0,0,0,0,NA,0,NA,0,0,0,0,0,5.9484,0,"3b","3b","1b","1b","1b","1b","1b","1b","1b","3b","3b","1b","3b","1b","1b","1b","1b","1b","1b","1b","1b","3b","1b","1b","3b","1b","1b","1b","1b","1b","3b","1b","3b","1b","1b","1b","1b","1b","1b","1b"
"2023-11-22 21:00:00","PM2.5",0,0,0,48.2598,71.5788,36.4651,11.318,NA,0,NA,0,47.3525,0,0,1.7092,4.1325,0,0,1.737,NA,NA,NA,0,0,0,20.581,NA,NA,0,NA,NA,NA,NA,0,0,0,0,0,4.5694,0,"1b","1b","1b","1b","1b","1b","1b","3b","1b","3b","1b","1b","1b","1b","1b","1b","1b","1b","1b","3b","3b","3b","1b","1b","1b","1b","3b","3b","1b","3b","3b","3b","3b","1b","1b","1b","1b","1b","1b","1b"
"2023-11-22 22:00:00","PM10",0,NA,0,56.1283,183.6453,44.1668,48.6765,4.3733,0,0,NA,83.1044,0,0,2.1196,2.4912,0,0,0,0,1.0505,NA,0,0,0,14.262,NA,0,0,0,NA,NA,0,0,0,0,0,0,1.6376,0,"1b","3b","1b","1b","1b","1b","1b","1b","1b","1b","3b","1b","1b","1b","1b","1b","1b","1b","1b","1b","1b","3b","1b","1b","1b","1b","3b","1b","1b","1b","3b","3b","1b","1b","1b","1b","1b","1b","1b","1b"
"2023-11-22 23:00:00","PM2.5",0,0,NA,60.6658,62.2851,33.7256,17.3712,2.4124,0,0,0,43.3466,0,0,2.2559,1.1966,0,0,0.5728,NA,0.95,NA,0,0,0,NA,NA,0,0,NA,NA,NA,0,0,NA,0,0.0115,0,0,0,"1b","1b","3b","1b","1b","1b","1b","1b","1b","1b","1b","1b","1b","1b","1b","1b","1b","1b","1b","3b","1b","3b","1b","1b","1b","3b","3b","1b","1b","3b","3b","3b","1b","1b","3b","1b","1b","1b","1b","1b"
"2023-11-23 00:30:00","PM10",NA,NA,NA,NA,NA,NA,NA,NA,NA,NA,NA,NA,NA,NA,NA,NA,NA,NA,NA,NA,NA,NA,NA,NA,NA,NA,NA,NA,NA,NA,NA,NA,NA,NA,NA,NA,NA,NA,NA,NA,"0c","0c","0c","0c","0c","0c","0c","0c","0c","0c","3b","0c","0c","0c","3b","3b","0c","0c","0c","0c","3b","3b","0c","0c","0c","0c","0c","3b","0c","3b","3b","3b","0c","0c","0c","0c","0c","0c","0c","0c"
"2023-11-23 01:00:00","PM2.5",NA,NA,NA,NA,NA,NA,NA,NA,NA,NA,NA,NA,NA,NA,NA,NA,NA,NA,NA,NA,NA,NA,NA,NA,NA,NA,NA,NA,NA,NA,NA,NA,NA,NA,NA,NA,NA,NA,NA,NA,"3b","3b","0c","0c","0c","0c","0c","0c","0c","3b","0c","0c","0c","3b","3b","0c","0c","0c","0c","3b","3b","3b","0c","0c","0c","3b","3b","0c","0c","0c","3b","0c","0c","0c","0c","0c","0c","0c","3b","0c"
"2023-11-23 02:00:00","PM10",NA,NA,NA,NA,NA,NA,NA,NA,NA,NA,NA,NA,NA,NA,NA,NA,NA,NA,NA,NA,NA,NA,NA,NA,NA,NA,NA,NA,NA,NA,NA,NA,NA,NA,NA,NA,NA,NA,NA,NA,"0c","0c","0c","0c","0c","0c","0c","0c","0c","0c","3b","0c","3b","0c","0c","0c","0c","0c","0c","3b","0c","0c","0c","0c","0c","0c","0c","3b","0c","0c","0c","3b","0c","0c","0c","0c","0c","0c","0c","0c"
"2023-11-23 03:00:00","PM2.5",NA,NA,NA,NA,NA,NA,NA,NA,NA,NA,NA,NA,NA,NA,NA,NA,NA,NA,NA,NA,NA,NA,NA,NA,NA,NA,NA,NA,NA,NA,NA,NA,NA,NA,NA,NA,NA,NA,NA,NA,"0c","3b","0c","0c","0c","0c","0c","0c","3b","0c","0c","0c","0c","0c","3b","0c","0c","0c","0c","0c","0c","3b","0c","0c","0c","0c","0c","0c","0c","3b","3b","3b","0c","0c","0c","0c","0c","0c","3b","0c"
"2023-11-23 04:00:00","PM10",NA,307.2555,0,137.0828,379.5419,68.5904,103.5281,7.4132,NA,NA,NA,87.7571,0,0,NA,1.2643,0,0,0,0,1.7257,NA,0,0,NA,9.589,0,NA,0,0,0,NA,NA,0,0,NA,0,0,0.0047,0,"3b","1b","1b","1b","1b","1b","1b","1b","3b","3b","3b","1b","1b","1b","3b","1b","1b","1b","1b","1b","1b","3b","1b","1b","3b","1b","1b","3b","1b","1b","1b","3b","3b","1b","1b","3b","1b","1b","1b","1b"
"2023-11-23 05:00:00","PM2.5",NA,NA,0,102.6419,132.4142,34.5245,29.8809,3.1089,0,NA,0,45.5936,NA,0.0031,1.2727,0.7428,0,0,0,0,0.7443,NA,0,0,0,17.1524,NA,0,0,0,0,NA,NA,0,0,0,0,0,0,0,"3b","3b","1b","1b","1b","1b","1b","1b","1b","3b","1b","1b","3b","1b","1b","1b","1b","1b","1b","1b","1b","3b","1b","1b","1b","1b","3b","1b","1b","1b","1b","3b","3b","1b","1b","1b","1b","1b","1b","1b"
"2023-11-23 06:00:00","PM10",NA,189.9927,0,117.9855,346.933,61.3793,94.9933,8.6288,NA,NA,NA,173.4135,NA,0,9.8906,1.9101,0,0,NA,NA,1.2931,NA,0,0,0,9.9262,NA,NA,0,NA,NA,NA,NA,0,0,0,0,0,0,0,"3b","1b","1b","1b","1b","1b","1b","1b","3b","3b","3b","1b","3b","1b","1b","1b","1b","1b","3b","3b","1b","3b","1b","1b","1b","1b","3b","3b","1b","3b","3b","3b","3b","1b","1b","1b","1b","1b","1b","1b"
"2023-11-23 07:00:00","PM2.5",NA,NA,0,125.667,113.313,38.9607,40.3226,3.9854,0,0,NA,127.1682,0,0,6.3095,3.6491,0,0,0,0,0.8806,NA,0,0,0,12.9648,0,0,0,0,NA,NA,NA,0,0,0,0,0,0,0,"3b","3b","1b","1b","1b","1b","1b","1b","1b","1b","3b","1b","1b","1b","1b","1b","1b","1b","1b","1b","1b","3b","1b","1b","1b","1b","1b","1b","1b","1b","3b","3b","3b","1b","1b","1b","1b","1b","1b","1b"
"2023-11-23 08:00:00","PM10",NA,NA,0,137.7515,406.9849,59.4969,125.2507,7.7446,NA,0,NA,250.5277,0,NA,8.4037,5.9554,0,0,NA,0,1.2097,2.114,0,0,0,NA,NA,NA,0,0,NA,NA,NA,0,0,0,0,0,0,0,"3b","3b","1b","1b","1b","1b","1b","1b","3b","1b","3b","1b","1b","3b","1b","1b","1b","1b","3b","1b","1b","1b","1b","1b","1b","3b","3b","3b","1b","1b","3b","3b","3b","1b","1b","1b","1b","1b","1b","1b"
"2023-11-23 09:00:00","PM2.5",NA,NA,NA,NA,NA,NA,NA,NA,NA,NA,NA,NA,NA,NA,NA,NA,NA,NA,NA,NA,NA,NA,NA,NA,NA,NA,NA,NA,NA,NA,NA,NA,NA,NA,NA,NA,NA,NA,NA,NA,"3b","3b","0c","0c","0c","0c","0c","0c","0c","0c","3b","0c","0c","0c","0c","0c","0c","0c","3b","0c","0c","3b","0c","0c","0c","0c","3b","3b","0c","3b","3b","0c","3b","0c","0c","0c","0c","0c","3b","0c"
"2023-11-23 10:00:00","PM10",NA,NA,NA,NA,NA,NA,NA,NA,NA,NA,NA,NA,NA,NA,NA,NA,NA,NA,NA,NA,NA,NA,NA,NA,NA,NA,NA,NA,NA,NA,NA,NA,NA,NA,NA,NA,NA,NA,NA,NA,"0c","3b","0c","0c","0c","0c","0c","0c","0c","0c","3b","0c","0c","0c","0c","0c","0c","0c","0c","0c","0c","3b","0c","0c","3b","0c","0c","3b","0c","3b","3b","3b","3b","0c","0c","0c","0c","0c","3b","0c"
"2023-11-23 11:00:00","PM2.5",NA,NA,NA,NA,NA,NA,NA,NA,NA,NA,NA,NA,NA,NA,NA,NA,NA,NA,NA,NA,NA,NA,NA,NA,NA,NA,NA,NA,NA,NA,NA,NA,NA,NA,NA,NA,NA,NA,NA,NA,"3b","3b","0c","0c","0c","0c","0c","0c","0c","0c","0c","0c","0c","0c","0c","0c","0c","0c","0c","0c","0c","3b","0c","0c","0c","0c","3b","3b","0c","3b","3b","3b","3b","0c","0c","0c","0c","0c","0c","0c"
"2023-11-23 12:00:00","PM10",NA,218.4445,0,118.8322,591.2293,71.3395,200.1194,8.7632,0.0031,NA,NA,151.2056,NA,NA,4.1866,4.5656,0,0,NA,0,1.4175,NA,0,0,0,9.8753,NA,0,0,NA,NA,0,NA,0,0,0,0,0,0,0,"3b","1b","1b","1b","1b","1b","1b","1b","1b","3b","3b","1b","3b","3b","1b","1b","1b","1b","3b","1b","1b","3b","1b","1b","1b","1b","3b","1b","1b","3b","3b","1b","3b","1b","1b","1b","1b","1b","1b","1b"
"2023-11-23 13:00:00","PM2.5",NA,NA,NA,NA,NA,NA,NA,NA,NA,NA,NA,NA,NA,NA,NA,NA,NA,NA,NA,NA,NA,NA,NA,NA,NA,NA,NA,NA,NA,NA,NA,NA,NA,NA,NA,NA,NA,NA,NA,NA,"3b","3b","0c","0c","0c","0c","0c","0c","0c","3b","3b","0c","3b","3b","0c","0c","0c","0c","0c","0c","0c","3b","0c","0c","0c","0c","3b","3b","0c","3b","3b","3b","3b","0c","0c","0c","0c","0c","3b","0c"
"2023-11-23 14:00:00","PM10",NA,NA,NA,NA,NA,NA,NA,NA,NA,NA,NA,NA,NA,NA,NA,NA,NA,NA,NA,NA,NA,NA,NA,NA,NA,NA,NA,NA,NA,NA,NA,NA,NA,NA,NA,NA,NA,NA,NA,NA,"0c","3b","0c","0c","0c","0c","0c","0c","0c","0c","0c","0c","0c","0c","0c","0c","0c","0c","3b","0c","0c","3b","0c","3b","0c","0c","0c","3b","3b","0c","3b","0c","3b","0c","0c","0c","0c","0c","0c","0c"
"2023-11-23 15:00:00","PM2.5",NA,NA,NA,NA,NA,NA,NA,NA,NA,NA,NA,NA,NA,NA,NA,NA,NA,NA,NA,NA,NA,NA,NA,NA,NA,NA,NA,NA,NA,NA,NA,NA,NA,NA,NA,NA,NA,NA,NA,NA,"0c","3b","0c","0c","0c","0c","0c","0c","0c","0c","0c","0c","3b","0c","0c","0c","0c","0c","0c","0c","0c","3b","0c","0c","0c","0c","3b","3b","0c","0c","0c","3b","3b","0c","0c","0c","0c","0c","3b","0c"
"2023-11-23 16:00:00","PM10",NA,NA,0,85.5424,533.8287,45.8723,65.6078,4.0271,0,0,NA,162.4263,0,NA,8.7009,4.4861,0,0,0,NA,2.068,NA,0,0,0,16.8221,NA,0,0,NA,NA,NA,3.8651,0,0,0,0,0,0,0,"3b","3b","1b","1b","1b","1b","1b","1b","1b","1b","3b","1b","1b","3b","1b","1b","1b","1b","1b","3b","1b","3b","1b","1b","1b","1b","3b","1b","1b","3b","3b","3b","1b","1b","1b","1b","1b","1b","1b","1b"
"2023-11-23 17:00:00","PM2.5",NA,0,0,32.8924,146.6949,22.9402,15.7602,1.1395,0,NA,0,48.7681,0,0,2.5462,2.9271,0,0,0,0,0.9062,NA,0,0,0,NA,NA,NA,0,0,NA,NA,NA,0,0,0,0,0,NA,0,"3b","1b","1b","1b","1b","1b","1b","1b","1b","3b","1b","1b","1b","1b","1b","1b","1b","1b","1b","1b","1b","3b","1b","1b","1b","3b","3b","3b","1b","1b","3b","3b","3b","1b","1b","1b","1b","1b","3b","1b"
"2023-11-23 18:00:00","PM10",NA,0,0,47.3368,300.608,34.855,27.5704,NA,0,NA,NA,135.2354,NA,NA,6.0276,3.8728,0,0,0,0,1.055,NA,0,0,0,14.4342,0,NA,0,NA,0,NA,4.2052,0,0,0,0,0,NA,0,"3b","1b","1b","1b","1b","1b","1b","3b","1b","3b","3b","1b","3b","3b","1b","1b","1b","1b","1b","1b","1b","3b","1b","1b","1b","1b","1b","3b","1b","3b","1b","3b","1b","1b","1b","1b","1b","1b","3b","1b"
"2023-11-23 19:00:00","PM2.5",NA,NA,NA,NA,NA,NA,NA,NA,NA,NA,NA,NA,NA,NA,NA,NA,NA,NA,NA,NA,NA,NA,NA,NA,NA,NA,NA,NA,NA,NA,NA,NA,NA,NA,NA,NA,NA,NA,NA,NA,"3b","0c","0c","0c","0c","0c","0c","3b","0c","3b","3b","0c","0c","0c","0c","0c","0c","0c","0c","0c","0c","0c","0c","0c","0c","0c","3b","3b","3b","0c","3b","3b","0c","0c","0c","0c","3b","0c","0c","0c"
"2023-11-23 20:00:00","PM10",NA,NA,NA,NA,NA,NA,NA,NA,NA,NA,NA,NA,NA,NA,NA,NA,NA,NA,NA,NA,NA,NA,NA,NA,NA,NA,NA,NA,NA,NA,NA,NA,NA,NA,NA,NA,NA,NA,NA,NA,"0c","0c","0c","0c","0c","0c","0c","3b","3b","3b","0c","0c","0c","3b","0c","0c","0c","0c","0c","0c","0c","3b","0c","0c","0c","0c","3b","0c","0c","3b","3b","3b","3b","0c","0c","0c","0c","0c","0c","0c"
"2023-11-23 21:00:00","PM2.5",NA,NA,NA,NA,NA,NA,NA,NA,NA,NA,NA,NA,NA,NA,NA,NA,NA,NA,NA,NA,NA,NA,NA,NA,NA,NA,NA,NA,NA,NA,NA,NA,NA,NA,NA,NA,NA,NA,NA,NA,"0c","0c","0c","0c","0c","0c","0c","0c","0c","0c","0c","0c","0c","0c","0c","0c","0c","0c","0c","0c","0c","3b","0c","0c","0c","3b","0c","3b","0c","3b","3b","3b","3b","0c","0c","0c","0c","0c","0c","0c"
"2023-11-23 22:00:00","PM10",NA,NA,NA,NA,NA,NA,NA,NA,NA,NA,NA,NA,NA,NA,NA,NA,NA,NA,NA,NA,NA,NA,NA,NA,NA,NA,NA,NA,NA,NA,NA,NA,NA,NA,NA,NA,NA,NA,NA,NA,"0c","0c","0c","0c","0c","0c","0c","3b","0c","3b","0c","0c","0c","0c","0c","0c","0c","0c","0c","0c","0c","0c","0c","0c","0c","3b","3b","0c","0c","3b","3b","0c","0c","0c","3b","0c","0c","0c","0c","0c"
"2023-11-23 23:00:00","PM2.5",NA,NA,NA,NA,NA,NA,NA,NA,NA,NA,NA,NA,NA,NA,NA,NA,NA,NA,NA,NA,NA,NA,NA,NA,NA,NA,NA,NA,NA,NA,NA,NA,NA,NA,NA,NA,NA,NA,NA,NA,"3b","0c","0c","0c","0c","0c","0c","3b","0c","3b","0c","0c","3b","0c","0c","0c","0c","0c","3b","0c","0c","3b","0c","0c","0c","0c","3b","3b","3b","3b","3b","3b","3b","0c","0c","0c","0c","0c","0c","0c"
"2023-11-24 00:30:00","PM10",NA,0,0,391.255,6616.8139,131.954,162.0545,0,0,0,0,22.4249,0,NA,NA,15.493,0,0,0,NA,8.522,3.4161,0,0,0,NA,0,0,0,NA,NA,NA,NA,0,0,0,0,0,0,0,"3b","1b","1b","1b","1b","1b","1b","1b","1b","1b","1b","1b","1b","3b","3b","1b","1b","1b","1b","3b","1b","1b","1b","1b","1b","3b","1b","1b","1b","3b","3b","3b","3b","1b","1b","1b","1b","1b","1b","1b"
"2023-11-24 01:00:00","PM2.5",0,0,0,241.1546,3235.1021,69.7633,79.436,0,0,NA,0,8.1353,NA,0,1.2955,25.9115,0,0,0,0,4.5188,1.873,0,0,0,16.0093,0,NA,0,NA,NA,0,NA,0,0,0,0,0,NA,0,"1b","1b","1b","1b","1b","1b","1b","1b","1b","3b","1b","1b","3b","1b","1b","1b","1b","1b","1b","1b","1b","1b","1b","1b","1b","1b","1b","3b","1b","3b","3b","1b","3b","1b","1b","1b","1b","1b","3b","1b"
"2023-11-24 02:00:00","PM10",924.7907,0,0,384.4059,6324.725,124.0398,156.2594,NA,0,0.0024,0,12.8243,0,0,NA,6.9833,NA,0,NA,NA,7.9714,2.5686,0,0,0,14.638,NA,NA,0,0,0,NA,0,0,0,0,0,0,0,0,"1b","1b","1b","1b","1b","1b","1b","3b","1b","1b","1b","1b","1b","1b","3b","1b","3b","1b","3b","3b","1b","1b","1b","1b","1b","1b","3b","3b","1b","1b","1b","3b","1b","1b","1b","1b","1b","1b","1b","1b"
"2023-11-24 03:00:00","PM2.5",NA,0,0,230.3537,3153.917,66.084,75.5235,0,NA,0,0,16.0049,0,NA,NA,12.4648,0,0,0,NA,3.3193,NA,0,0,0,NA,0,NA,0,NA,0,NA,0,0,0,0,0,0,NA,0,"3b","1b","1b","1b","1b","1b","1b","1b","3b","1b","1b","1b","1b","3b","3b","1b","1b","1b","1b","3b","1b","3b","1b","1b","1b","3b","1b","3b","1b","3b","1b","3b","1b","1b","1b","1b","1b","1b","3b","1b"
"2023-11-24 04:00:00","PM10",NA,0,0,383.0905,6002.1106,124.2544,151.1192,0,0,NA,0,18.2059,0,NA,0.8532,9.8239,0,0,0,0,7.4734,3.4499,0,0,0,12.0806,0,0,0,NA,NA,NA,0,0,0,0,NA,0,NA,0,"3b","1b","1b","1b","1b","1b","1b","1b","1b","3b","1b","1b","1b","3b","1b","1b","1b","1b","1b","1b","1b","1b","1b","1b","1b","1b","1b","1b","1b","3b","3b","3b","1b","1b","1b","1b","3b","1b","3b","1b"
"2023-11-24 05:00:00","PM2.5",NA,0,0,189.3607,1524.9688,38.4051,45.9977,0,0,0,0,18.1581,0.0065,0,1.0211,4.0397,0,0,NA,NA,2.5366,NA,0,0,0,NA,0,0,0,NA,NA,NA,0.0036,0,0,0,0,0,0,0,"3b","1b","1b","1b","1b","1b","1b","1b","1b","1b","1b","1b","1b","1b","1b","1b","1b","1b","3b","3b","1b","3b","1b","1b","1b","3b","1b","1b","1b","3b","3b","3b","1b","1b","1b","1b","1b","1b","1b","1b"
"2023-11-24 06:00:00","PM10",618.425,0,0,246.1944,3401.4278,77.5604,103.9099,1.5346,0,NA,NA,67.1747,NA,0,3.6388,15.554,0,0,0,0,4.1008,1.6473,0,NA,0,15.1997,NA,NA,0,NA,NA,NA,NA,0,0,0,0,0,1.0181,0,"1b","1b","1b","1b","1b","1b","1b","1b","1b","3b","3b","1b","3b","1b","1b","1b","1b","1b","1b","1b","1b","1b","1b","3b","1b","1b","3b","3b","1b","3b","3b","3b","3b","1b","1b","1b","1b","1b","1b","1b"
"2023-11-24 07:00:00","PM2.5",902.377,0,0,160.2029,1333.4415,30.2016,37.4363,NA,NA,NA,NA,44.353,0,0,2.3383,9.6806,0,0,0,NA,1.2227,NA,0,NA,0,NA,NA,0,0,0,NA,0,NA,0,0,0,0,0,NA,0,"1b","1b","1b","1b","1b","1b","1b","3b","3b","3b","3b","1b","1b","1b","1b","1b","1b","1b","1b","3b","1b","3b","1b","3b","1b","3b","3b","1b","1b","1b","3b","1b","3b","1b","1b","1b","1b","1b","3b","1b"
"2023-11-24 08:00:00","PM10",1464.7381,0,0,241.8262,3402.9902,83.5848,126.4681,2.9812,0,NA,2.1106,127.3269,0,NA,5.0966,19.9152,0,0,NA,NA,5.1828,NA,0,0,NA,NA,NA,0,0,0,NA,NA,NA,0,0,0,0,0,NA,0,"1b","1b","1b","1b","1b","1b","1b","1b","1b","3b","1b","1b","1b","3b","1b","1b","1b","1b","3b","3b","1b","3b","1b","1b","3b","3b","3b","1b","1b","1b","3b","3b","3b","1b","1b","1b","1b","1b","3b","1b"
"2023-11-24 09:00:00","PM2.5",NA,0,0,94.9351,1269.9186,47.2111,55.0106,1.1384,0,NA,2.977,75.4692,0,NA,4.4852,29.3388,0,0,NA,0,2.3007,NA,0,0,0,13.8424,0,0,0,NA,0,NA,0,0,0,0,0,0,6.2819,0,"3b","1b","1b","1b","1b","1b","1b","1b","1b","3b","1b","1b","1b","3b","1b","1b","1b","1b","3b","1b","1b","3b","1b","1b","1b","1b","1b","1b","1b","3b","1b","3b","1b","1b","1b","1b","1b","1b","1b","1b"
"2023-11-24 10:00:00","PM10",0,0,0,71.1356,1108.193,36.4269,173.6354,6.2736,0,2.2028,2.3469,153.7607,NA,0.9558,5.0056,23.1486,0,0,0.9806,0,1.8571,NA,0,NA,0,19.9844,0,0,0,NA,NA,NA,0,0,0,0,0,0,3.1424,0,"1b","1b","1b","1b","1b","1b","1b","1b","1b","1b","1b","1b","3b","1b","1b","1b","1b","1b","1b","1b","1b","3b","1b","3b","1b","1b","1b","1b","1b","3b","3b","3b","1b","1b","1b","1b","1b","1b","1b","1b"
"2023-11-24 11:00:00","PM2.5",0,0,0,45.3531,519.0666,18.1772,51.7835,1.4473,0,NA,NA,44.9436,0,0,2.3361,6.9182,0,0,0.9584,0,0.8607,NA,0,0,0,9.9376,0,0,0,0,NA,NA,0,0,0,0,0,0,1.3589,0,"1b","1b","1b","1b","1b","1b","1b","1b","1b","3b","3b","1b","1b","1b","1b","1b","1b","1b","1b","1b","1b","3b","1b","1b","1b","1b","1b","1b","1b","1b","3b","3b","1b","1b","1b","1b","1b","1b","1b","1b"
"2023-11-24 12:00:00","PM10",NA,NA,0,72.0473,1003.2911,39.0583,140.8363,5.5363,NA,NA,1.3586,140.8399,0,0,5.4712,10.0441,0,0,0,NA,2.5249,2.0675,0,0,0,14.6553,0,NA,0,0,NA,0,NA,0,0,0,0,0,3.3822,0,"3b","3b","1b","1b","1b","1b","1b","1b","3b","3b","1b","1b","1b","1b","1b","1b","1b","1b","1b","3b","1b","1b","1b","1b","1b","1b","1b","3b","1b","1b","3b","1b","3b","1b","1b","1b","1b","1b","1b","1b"
"2023-11-24 13:00:00","PM2.5",NA,0,0,51.698,530.8943,27.468,49.8589,0,0,NA,2.024,101.4126,NA,NA,2.5903,8.141,0,0,0.6098,NA,1.5982,NA,0,0,0,NA,0,0,0,0,NA,NA,NA,0,0,0,0,0,5.4803,0,"3b","1b","1b","1b","1b","1b","1b","1b","1b","3b","1b","1b","3b","3b","1b","1b","1b","1b","1b","3b","1b","3b","1b","1b","1b","3b","1b","1b","1b","1b","3b","3b","3b","1b","1b","1b","1b","1b","1b","1b"
"2023-11-24 14:00:00","PM10",703.1358,2.121,0,61.4562,929.5943,55.9038,146.289,3.3955,0,0.6404,1.1976,163.9397,0,NA,5.1967,9.2975,0,0,0.4645,0,9.4453,NA,0,0,0,17.1785,NA,0,0,NA,NA,NA,NA,0,0,0,0,0,6.971,0,"1b","1b","1b","1b","1b","1b","1b","1b","1b","1b","1b","1b","1b","3b","1b","1b","1b","1b","1b","1b","1b","3b","1b","1b","1b","1b","3b","1b","1b","3b","3b","3b","3b","1b","1b","1b","1b","1b","1b","1b"
"2023-11-24 15:00:00","PM2.5",NA,NA,0,42.6847,484.3361,31.8311,48.5582,1.685,NA,NA,NA,82.4527,NA,NA,3.3509,8.7958,0,0,0.4168,NA,2.3537,NA,0,0,0,NA,0,NA,0,0,0,NA,0,0,0,0,0,0,5.5028,0,"3b","3b","1b","1b","1b","1b","1b","1b","3b","3b","3b","1b","3b","3b","1b","1b","1b","1b","1b","3b","1b","3b","1b","1b","1b","3b","1b","3b","1b","1b","1b","3b","1b","1b","1b","1b","1b","1b","1b","1b"
"2023-11-24 16:00:00","PM10",NA,NA,0,104.8186,1349.5547,78.839,238.8606,7.3873,NA,1.2526,3.5554,335.5164,0,0,11.0321,33.5386,0,0,0,0,11.9222,1.7234,0,NA,0,9.1846,NA,NA,0,0,0,NA,5.6038,0,0,0,0,0,9.5071,0,"3b","3b","1b","1b","1b","1b","1b","1b","3b","1b","1b","1b","1b","1b","1b","1b","1b","1b","1b","1b","1b","1b","1b","3b","1b","1b","3b","3b","1b","1b","1b","3b","1b","1b","1b","1b","1b","1b","1b","1b"
"2023-11-24 17:00:00","PM2.5",NA,0,0,62.193,612.9945,62.4538,66.47,2.5449,0,NA,1.573,192.9772,NA,NA,7.5194,29.3172,0,0,0.9072,0,5.0894,NA,0,0,0,12.4488,NA,NA,0,0,NA,NA,3.2829,0,0,0,0,0,7.5262,0,"3b","1b","1b","1b","1b","1b","1b","1b","1b","3b","1b","1b","3b","3b","1b","1b","1b","1b","1b","1b","1b","3b","1b","1b","1b","1b","3b","3b","1b","1b","3b","3b","1b","1b","1b","1b","1b","1b","1b","1b"
"2023-11-24 18:00:00","PM10",NA,NA,0,117.7876,1333.5883,111.6788,239.7192,12.6699,0,1.4195,3.9141,561.9114,0,NA,17.6595,33.1613,0,0,0.766,0,3.262,NA,0,NA,0,13.4138,0,NA,0,NA,NA,NA,10.6053,0,0,0,0,0,8.2904,0,"3b","3b","1b","1b","1b","1b","1b","1b","1b","1b","1b","1b","1b","3b","1b","1b","1b","1b","1b","1b","1b","3b","1b","3b","1b","1b","1b","3b","1b","3b","3b","3b","1b","1b","1b","1b","1b","1b","1b","1b"
"2023-11-24 19:00:00","PM2.5",NA,0,0,86.5387,487.4031,94.025,55.3406,2.3235,0,0.8555,1.1892,244.0697,0,1.1858,9.7178,38.2768,0,0,1.0027,0,3.4286,NA,0,0,0,9.7668,NA,NA,0,0,NA,NA,3.5673,0,0,0,0,0,12.3178,0,"3b","1b","1b","1b","1b","1b","1b","1b","1b","1b","1b","1b","1b","1b","1b","1b","1b","1b","1b","1b","1b","3b","1b","1b","1b","1b","3b","3b","1b","1b","3b","3b","1b","1b","1b","1b","1b","1b","1b","1b"
"2023-11-24 20:00:00","PM10",NA,NA,0,151.3842,1071.5494,161.266,225.9294,13.8659,0,2.3324,4.9121,664.6032,0,NA,24.0867,43.3971,0,0,1.7017,0,7.0664,NA,0,NA,0,15.3339,NA,0,0,0,NA,NA,11.9438,0,0,0,0,0,12.7013,0,"3b","3b","1b","1b","1b","1b","1b","1b","1b","1b","1b","1b","1b","3b","1b","1b","1b","1b","1b","1b","1b","3b","1b","3b","1b","1b","3b","1b","1b","1b","3b","3b","1b","1b","1b","1b","1b","1b","1b","1b"
"2023-11-24 21:00:00","PM2.5",874.2082,0,0,172.0301,568.487,348.418,40.567,6.5323,0,0.7967,NA,153.084,0,0,22.928,22.3652,0,0,1.2829,0,139.4955,11.9561,0,0,0,NA,NA,0,0,NA,NA,NA,18.2682,0,0,0,0,0,4.6422,4.2163,"1b","1b","1b","1b","1b","1b","1b","1b","1b","1b","3b","1b","1b","1b","1b","1b","1b","1b","1b","1b","1b","1b","1b","1b","1b","3b","3b","1b","1b","3b","3b","3b","1b","1b","1b","1b","1b","1b","1b","1b"
"2023-11-24 22:00:00","PM10",NA,NA,0,141.8995,958.7931,98.8089,160.4161,8.8096,0,0.6775,1.9997,281.9035,0,NA,13.5575,18.8112,0,0,0.8725,0,11.5931,NA,0,NA,0,NA,NA,NA,0,0,0,NA,5.809,0,0,0,0,0,3.8708,0,"3b","3b","1b","1b","1b","1b","1b","1b","1b","1b","1b","1b","1b","3b","1b","1b","1b","1b","1b","1b","1b","3b","1b","3b","1b","3b","3b","3b","1b","1b","1b","3b","1b","1b","1b","1b","1b","1b","1b","1b"
"2023-11-24 23:00:00","PM2.5",NA,0,0,287.187,609.9301,884.0186,35.681,8.4932,0,NA,NA,111.7671,NA,NA,35.2234,17.6698,0,0,1.4774,0,2.1422,13.4602,0,0,NA,14.5109,0,NA,0,NA,NA,NA,29.5181,0,0,0,0,0,NA,10.9102,"3b","1b","1b","1b","1b","1b","1b","1b","1b","3b","3b","1b","3b","3b","1b","1b","1b","1b","1b","1b","1b","1b","1b","1b","3b","1b","1b","3b","1b","3b","3b","3b","1b","1b","1b","1b","1b","1b","3b","1b"
"2023-11-25 00:30:00","PM10",NA,NA,0,121.1236,816.7062,89.7541,77.2488,3.501,0,0,NA,137.796,0,NA,2.9101,6.1046,0,0,0,0,1.916,NA,0,0,0,NA,NA,NA,0,0,NA,NA,0,0,NA,0,0,0,2.7329,0,"3b","3b","1b","1b","1b","1b","1b","1b","1b","1b","3b","1b","1b","3b","1b","1b","1b","1b","1b","1b","1b","3b","1b","1b","1b","3b","3b","3b","1b","1b","3b","3b","1b","1b","3b","1b","1b","1b","1b","1b"
"2023-11-25 01:00:00","PM2.5",NA,0,0,118.1095,389.3083,63.1472,25.5359,0,0,NA,0,47.4492,0,0,1.2232,5.5716,0,0,0.4387,0.6091,1.748,NA,0,0,0,17.3219,NA,NA,0,NA,NA,0,NA,0,0,0,0,0,3.9085,0,"3b","1b","1b","1b","1b","1b","1b","1b","1b","3b","1b","1b","1b","1b","1b","1b","1b","1b","1b","1b","1b","3b","1b","1b","1b","1b","3b","3b","1b","3b","3b","1b","3b","1b","1b","1b","1b","1b","1b","1b"
"2023-11-25 02:00:00","PM10",NA,0,0,152.1003,927.2225,73.9346,74.0846,3.1999,0,NA,NA,93.9578,0,NA,2.5225,5.5681,0,0,0.6323,1.2795,2.3035,NA,0,0,0,15.4481,0,0.0445,0,NA,NA,NA,NA,0,0,0,0,0,3.0023,0,"3b","1b","1b","1b","1b","1b","1b","1b","1b","3b","3b","1b","1b","3b","1b","1b","1b","1b","1b","1b","1b","3b","1b","1b","1b","1b","1b","1b","1b","3b","3b","3b","3b","1b","1b","1b","1b","1b","1b","1b"
"2023-11-25 03:00:00","PM2.5",NA,0,0,117.4125,451.4236,58.0423,25.0114,NA,0,0,NA,44.9265,0,NA,2.0563,11.4828,0,0,0,0.5113,2.2175,NA,0,0,0,13.6244,0,NA,0,NA,NA,NA,NA,0,0,0,0,0,4.5388,0,"3b","1b","1b","1b","1b","1b","1b","3b","1b","1b","3b","1b","1b","3b","1b","1b","1b","1b","1b","1b","1b","3b","1b","1b","1b","1b","1b","3b","1b","3b","3b","3b","3b","1b","1b","1b","1b","1b","1b","1b"
"2023-11-25 04:00:00","PM10",716.426,0,0,156.0994,1022.0452,80.5772,76.19,1.6853,0,NA,0,76.0926,0,NA,2.8016,6.734,0,0,NA,NA,3.8958,NA,0,0,0,10.9364,NA,NA,0,NA,NA,NA,NA,0,NA,0,0,0,3.6636,0,"1b","1b","1b","1b","1b","1b","1b","1b","1b","3b","1b","1b","1b","3b","1b","1b","1b","1b","3b","3b","1b","3b","1b","1b","1b","1b","3b","3b","1b","3b","3b","3b","3b","1b","3b","1b","1b","1b","1b","1b"
"2023-11-25 05:00:00","PM2.5",NA,0,0,126.0452,387.5761,59.3309,20.5055,NA,0,0,0.0057,34.5262,0,0,1.9179,5.7469,NA,0,0.5234,NA,3.2601,NA,0,0,0,13.9731,0,0,0,0,0,NA,0,0,0,0,0,0,2.3457,0,"3b","1b","1b","1b","1b","1b","1b","3b","1b","1b","1b","1b","1b","1b","1b","1b","3b","1b","1b","3b","1b","3b","1b","1b","1b","1b","1b","1b","1b","1b","1b","3b","1b","1b","1b","1b","1b","1b","1b","1b"
"2023-11-25 06:00:00","PM10",NA,0,0,144.0808,787.8921,75.2033,64.4017,3.0595,0,NA,NA,239.4747,0,0,27.9912,11.474,0,0,NA,NA,2.1936,NA,0,0,0,NA,NA,NA,0,0,NA,NA,14.4086,0,0,0,0,0,2.231,0,"3b","1b","1b","1b","1b","1b","1b","1b","1b","3b","3b","1b","1b","1b","1b","1b","1b","1b","3b","3b","1b","3b","1b","1b","1b","3b","3b","3b","1b","1b","3b","3b","1b","1b","1b","1b","1b","1b","1b","1b"
"2023-11-25 07:00:00","PM2.5",NA,0,NA,140.2085,285.4898,76.3327,25.9538,1.4788,0.0012,0,0.8173,282.208,0,0,27.7974,17.2781,0,0,0,NA,3.0337,NA,0,0,0,NA,0,NA,0,0,NA,NA,13.8409,0,0,0,0,0,4.7538,0,"3b","1b","3b","1b","1b","1b","1b","1b","1b","1b","1b","1b","1b","1b","1b","1b","1b","1b","1b","3b","1b","3b","1b","1b","1b","3b","1b","3b","1b","1b","3b","3b","1b","1b","1b","1b","1b","1b","1b","1b"
"2023-11-25 08:00:00","PM10",NA,188.1251,0,146.7673,1011.0484,96.1847,201.6099,9.368,0,NA,2.5685,352.2621,0,NA,15.5332,14.8416,0,0,0.4643,NA,2.3337,NA,0,0,0,13.2855,0.104,0,0,0,0,NA,3.736,0,0.0245,0,0,0,3.7004,0,"3b","1b","1b","1b","1b","1b","1b","1b","1b","3b","1b","1b","1b","3b","1b","1b","1b","1b","1b","3b","1b","3b","1b","1b","1b","1b","1b","1b","1b","1b","1b","3b","1b","1b","1b","1b","1b","1b","1b","1b"
"2023-11-25 09:00:00","PM2.5",NA,0,0,92.0199,506.9373,55.6617,64.2269,2.2015,0,NA,0.8348,193.0336,0,NA,9.6969,17.8578,0,0,NA,NA,3.3638,0,0,0,0,NA,0,NA,0,0,NA,NA,NA,0,0,0,0,0,2.7999,0,"3b","1b","1b","1b","1b","1b","1b","1b","1b","3b","1b","1b","1b","3b","1b","1b","1b","1b","3b","3b","1b","1b","1b","1b","1b","3b","1b","3b","1b","1b","3b","3b","3b","1b","1b","1b","1b","1b","1b","1b"
"2023-11-25 10:00:00","PM10",NA,NA,0,153.727,1073.3672,89.5086,141.7893,5.8987,0,0.7818,2.8067,322.0154,0,NA,8.2959,80.2719,0,0,0.9598,NA,10.222,NA,0,NA,0,NA,NA,NA,NA,0,NA,NA,3.9395,0,0,0,0,0,5.3758,0,"3b","3b","1b","1b","1b","1b","1b","1b","1b","1b","1b","1b","1b","3b","1b","1b","1b","1b","1b","3b","1b","3b","1b","3b","1b","3b","3b","3b","3b","1b","3b","3b","1b","1b","1b","1b","1b","1b","1b","1b"
"2023-11-25 11:00:00","PM2.5",NA,0,0,120.5681,539.4341,76.1091,51.5896,1.5242,0,NA,0.9341,134.6526,0,0,4.6158,110.6546,0,0,2.1452,NA,3.1233,NA,0,0,0,NA,NA,0.127,0,NA,NA,0,NA,0,0,0,0,0,11.8662,0,"3b","1b","1b","1b","1b","1b","1b","1b","1b","3b","1b","1b","1b","1b","1b","1b","1b","1b","1b","3b","1b","3b","1b","1b","1b","3b","3b","1b","1b","3b","3b","1b","3b","1b","1b","1b","1b","1b","1b","1b"
"2023-11-25 12:00:00","PM10",NA,NA,0,177.4348,1166.2488,107.9036,180.6462,6.777,0,0.9576,2.7592,289.1901,0,NA,8.8189,39.687,0,0,2.0333,0,3.994,NA,0,0,0,0,0,NA,0,0,0,NA,NA,0,0,0,NA,0,11.4928,0,"3b","3b","1b","1b","1b","1b","1b","1b","1b","1b","1b","1b","1b","3b","1b","1b","1b","1b","1b","1b","1b","3b","1b","1b","1b","1b","1b","3b","1b","1b","1b","3b","3b","1b","1b","1b","3b","1b","1b","1b"
"2023-11-25 13:00:00","PM2.5",NA,0,0,127.0266,633.5306,76.174,44.8768,1.4301,0,0,0.8922,106.2294,0,NA,4.5988,21.1098,0,0,0.6057,0,2.7696,NA,0,0,0,NA,NA,0,0,NA,0,NA,NA,0,0,0,0,0,9.9099,0,"3b","1b","1b","1b","1b","1b","1b","1b","1b","1b","1b","1b","1b","3b","1b","1b","1b","1b","1b","1b","1b","3b","1b","1b","1b","3b","3b","1b","1b","3b","1b","3b","3b","1b","1b","1b","1b","1b","1b","1b"
"2023-11-25 14:00:00","PM10",628.0439,NA,0,187.1018,1166.5104,98.8904,151.2106,6.4663,0,NA,1.6066,311.5941,0,NA,16.7681,32.5438,0,0,NA,NA,2.9019,NA,0,0,0,NA,NA,NA,0,0,NA,NA,4.629,0,0,0,0,0,10.9511,0,"1b","3b","1b","1b","1b","1b","1b","1b","1b","3b","1b","1b","1b","3b","1b","1b","1b","1b","3b","3b","1b","3b","1b","1b","1b","3b","3b","3b","1b","1b","3b","3b","1b","1b","1b","1b","1b","1b","1b","1b"
"2023-11-25 15:00:00","PM2.5",NA,0,0,121.9439,481.1655,69.1256,36.5583,1.8071,0,NA,NA,93.369,0,0,5.5433,27.7781,0,0,0,0,4.9288,NA,0,0,0,0,0,0,0,NA,NA,0,NA,0,0,0,NA,0,9.7751,0,"3b","1b","1b","1b","1b","1b","1b","1b","1b","3b","3b","1b","1b","1b","1b","1b","1b","1b","1b","1b","1b","3b","1b","1b","1b","1b","1b","1b","1b","3b","3b","1b","3b","1b","1b","1b","3b","1b","1b","1b"
"2023-11-25 16:00:00","PM10",NA,NA,0,237.0843,1122.5224,206.2112,174.8505,7.6754,0,1.0293,2.9176,501.7561,0,NA,27.6019,35.2636,0,0,0.595,0,6.2129,NA,0,NA,0,NA,NA,NA,0,0,NA,NA,9.5854,0,0,0,0,0,9.8169,0,"3b","3b","1b","1b","1b","1b","1b","1b","1b","1b","1b","1b","1b","3b","1b","1b","1b","1b","1b","1b","1b","3b","1b","3b","1b","3b","3b","3b","1b","1b","3b","3b","1b","1b","1b","1b","1b","1b","1b","1b"
"2023-11-25 17:00:00","PM2.5",701.828,2.0005,0,224.8685,441.3554,191.1226,54.3295,5.4366,0,NA,1.6799,467.1344,0,0,42.745,41.7732,0,0,1.9973,NA,7.9915,NA,0,NA,0,0,NA,0,0,NA,NA,NA,13.5652,0,0,0,0,0,13.4962,0,"1b","1b","1b","1b","1b","1b","1b","1b","1b","3b","1b","1b","1b","1b","1b","1b","1b","1b","1b","3b","1b","3b","1b","3b","1b","1b","3b","1b","1b","3b","3b","3b","1b","1b","1b","1b","1b","1b","1b","1b"
"2023-11-25 18:00:00","PM10",NA,NA,0,480.4723,1373.2503,305.819,113.2629,7.9815,0,1.1713,3.6824,632.1832,0,NA,29.8697,134.8803,0,0,4.6232,0.4942,15.9437,1.745,0,NA,0,NA,0,NA,0,NA,NA,0,16.3406,0,0,0,0,0,165.2769,NA,"3b","3b","1b","1b","1b","1b","1b","1b","1b","1b","1b","1b","1b","3b","1b","1b","1b","1b","1b","1b","1b","1b","1b","3b","1b","3b","1b","3b","1b","3b","3b","1b","1b","1b","1b","1b","1b","1b","1b","3b"
"2023-11-25 19:00:00","PM2.5",NA,0,0,434.4618,893.5461,398.8986,29.4713,3.5303,0,0.7523,1.586,348.0588,0,NA,16.182,108.3099,0,0,7.3495,NA,22.4961,3.6926,0,NA,0,NA,NA,0,0,NA,NA,NA,13.2251,0,0,0,0,0,117.4425,1.3639,"3b","1b","1b","1b","1b","1b","1b","1b","1b","1b","1b","1b","1b","3b","1b","1b","1b","1b","1b","3b","1b","1b","1b","3b","1b","3b","3b","1b","1b","3b","3b","3b","1b","1b","1b","1b","1b","1b","1b","1b"
"2023-11-25 20:00:00","PM10",1019.7348,268.8752,0,427.9704,1092.5905,458.9902,93.5611,8.9566,0,2.4154,5.5841,952.4732,0,NA,64.0696,86.7333,0,0,6.2513,NA,116.2203,3.8403,0,NA,0,NA,0,NA,0,0,NA,NA,36.4271,0,0,0,0,0,57.4077,1.2416,"1b","1b","1b","1b","1b","1b","1b","1b","1b","1b","1b","1b","1b","3b","1b","1b","1b","1b","1b","3b","1b","1b","1b","3b","1b","3b","1b","3b","1b","1b","3b","3b","1b","1b","1b","1b","1b","1b","1b","1b"
"2023-11-25 21:00:00","PM2.5",1154.3335,0,0,381.2049,688.3034,389.3078,31.3361,4.0899,0,1.377,3.3773,592.6803,0,NA,32.0255,57.3945,0,0,5.4934,NA,96.572,3.2511,NA,NA,0,NA,NA,0,0,0,NA,NA,19.3287,0,0,0,0,0,22.8259,NA,"1b","1b","1b","1b","1b","1b","1b","1b","1b","1b","1b","1b","1b","3b","1b","1b","1b","1b","1b","3b","1b","1b","3b","3b","1b","3b","3b","1b","1b","1b","3b","3b","1b","1b","1b","1b","1b","1b","1b","3b"
"2023-11-25 22:00:00","PM10",869.6106,NA,0,398.3958,1177.3443,430.8794,81.0767,9.1808,0,2.02,6.3999,1173.2015,0,0.0052,43.9509,70.8753,0,0,5.2272,NA,81.7051,2.8807,0,2.8958,0,18.1434,NA,0,0,NA,NA,NA,27.6395,0,0,0,0,0,23.5532,NA,"1b","3b","1b","1b","1b","1b","1b","1b","1b","1b","1b","1b","1b","1b","1b","1b","1b","1b","1b","3b","1b","1b","1b","1b","1b","1b","3b","1b","1b","3b","3b","3b","1b","1b","1b","1b","1b","1b","1b","3b"
"2023-11-25 23:00:00","PM2.5",NA,0,0,339.6005,476.3157,304.4917,21.9908,3.3658,0,NA,2.0303,570.8772,NA,NA,32.3759,52.2751,0,0,5.2555,0,45.3274,NA,0,NA,0,0,NA,NA,0,0,NA,0,21.3453,0,0,0,0,0,17.403,0,"3b","1b","1b","1b","1b","1b","1b","1b","1b","3b","1b","1b","3b","3b","1b","1b","1b","1b","1b","1b","1b","3b","1b","3b","1b","1b","3b","3b","1b","1b","3b","1b","1b","1b","1b","1b","1b","1b","1b","1b"
"2023-11-26 00:30:00","PM10",NA,0,0,296.3314,582.753,229.8727,45.7451,NA,NA,NA,1.9644,621.4016,NA,NA,14.9656,39.391,0,0,5.0822,0,21.3203,NA,0,NA,NA,NA,NA,NA,0,NA,NA,NA,17.6243,0,0,0,0,0,11.532,0,"3b","1b","1b","1b","1b","1b","1b","3b","3b","3b","1b","1b","3b","3b","1b","1b","1b","1b","1b","1b","1b","3b","1b","3b","3b","3b","3b","3b","1b","3b","3b","3b","1b","1b","1b","1b","1b","1b","1b","1b"
"2023-11-26 01:00:00","PM2.5",NA,0,0,349.0791,283.2289,403.283,11.9158,1.7157,0,0.9596,1.3964,340.9076,NA,NA,9.4533,37.3287,0,0,5.6351,0,24.6893,2.7806,NA,NA,0,10.2234,NA,NA,0,0,NA,0,11.1518,0,0,0,NA,0,11.6376,0,"3b","1b","1b","1b","1b","1b","1b","1b","1b","1b","1b","1b","3b","3b","1b","1b","1b","1b","1b","1b","1b","1b","3b","3b","1b","1b","3b","3b","1b","1b","3b","1b","1b","1b","1b","1b","3b","1b","1b","1b"
"2023-11-26 02:00:00","PM10",NA,NA,0,395.8989,535.8799,463.3073,42.4667,3.2662,0,1.3491,2.8186,533.5811,NA,0.7765,14.1285,45.0972,0,0,6.4521,NA,42.1842,3.0239,0,0,0,NA,0,NA,0,NA,NA,NA,16.5684,0,0,0,0,0,19.2299,0,"3b","3b","1b","1b","1b","1b","1b","1b","1b","1b","1b","1b","3b","1b","1b","1b","1b","1b","1b","3b","1b","1b","1b","1b","1b","3b","1b","3b","1b","3b","3b","3b","1b","1b","1b","1b","1b","1b","1b","1b"
"2023-11-26 03:00:00","PM2.5",NA,0,0,343.0694,220.1223,342.9261,10.4756,NA,0,NA,NA,157.6778,0,0,5.6931,29.4527,0,0,6.1034,0,18.4207,1.9009,0,0,0,NA,NA,0,0,0,NA,NA,5.8765,0,0,0,0,0,13.4552,NA,"3b","1b","1b","1b","1b","1b","1b","3b","1b","3b","3b","1b","1b","1b","1b","1b","1b","1b","1b","1b","1b","1b","1b","1b","1b","3b","3b","1b","1b","1b","3b","3b","1b","1b","1b","1b","1b","1b","1b","3b"
"2023-11-26 04:00:00","PM10",NA,0,0,358.6534,434.576,361.4667,38.444,3.4911,0,0.7698,0.9675,246.4801,0,NA,8.0106,28.9001,0,0,4.4156,NA,14.1814,1.604,NA,0,0,NA,NA,NA,0,NA,NA,NA,5.0842,0,0,0,0,0,13.785,0,"3b","1b","1b","1b","1b","1b","1b","1b","1b","1b","1b","1b","1b","3b","1b","1b","1b","1b","1b","3b","1b","1b","3b","1b","1b","3b","3b","3b","1b","3b","3b","3b","1b","1b","1b","1b","1b","1b","1b","1b"
"2023-11-26 05:00:00","PM2.5",728.7397,0,0,273.6187,231.6825,280.0935,8.6645,0,0,NA,0,62.4503,0,0,2.7,22.0026,0,0,2.7658,NA,5.8209,0,0,NA,0,NA,NA,NA,0,NA,0,NA,NA,0,0,0,0,0,8.0425,0,"1b","1b","1b","1b","1b","1b","1b","1b","1b","3b","1b","1b","1b","1b","1b","1b","1b","1b","1b","3b","1b","1b","1b","3b","1b","3b","3b","3b","1b","3b","1b","3b","3b","1b","1b","1b","1b","1b","1b","1b"
"2023-11-26 06:00:00","PM10",NA,0,0,269.7422,586.1784,304.2059,36.2442,1.9857,NA,0,NA,101.5088,0,0,2.933,21.0147,0,0,1.8217,0,5.2611,NA,0,0,NA,NA,NA,0,0,NA,0,0,NA,0,0,0,0,0,7.3197,0,"3b","1b","1b","1b","1b","1b","1b","1b","3b","1b","3b","1b","1b","1b","1b","1b","1b","1b","1b","1b","1b","3b","1b","1b","3b","3b","3b","1b","1b","3b","1b","1b","3b","1b","1b","1b","1b","1b","1b","1b"
"2023-11-26 07:00:00","PM2.5",NA,0,0,235.8411,178.7468,213.3675,12.1041,NA,NA,NA,NA,62.6215,0,0,2.2638,18.7392,0,0,1.8757,NA,5.2603,NA,0,0,0,NA,NA,0,0,0,NA,NA,NA,0,0,0,0,0,6.3448,0,"3b","1b","1b","1b","1b","1b","1b","3b","3b","3b","3b","1b","1b","1b","1b","1b","1b","1b","1b","3b","1b","3b","1b","1b","1b","3b","3b","1b","1b","1b","3b","3b","3b","1b","1b","1b","1b","1b","1b","1b"
"2023-11-26 08:00:00","PM10",NA,0,0,262.4018,275.3113,200.9068,69.0416,2.7468,0,NA,NA,142.3566,0,0,3.9164,40.2577,0,0,2.218,0,7.8102,NA,0,0,0,NA,NA,NA,0,0,0,NA,NA,0,0,0,0,0,10.951,0,"3b","1b","1b","1b","1b","1b","1b","1b","1b","3b","3b","1b","1b","1b","1b","1b","1b","1b","1b","1b","1b","3b","1b","1b","1b","3b","3b","3b","1b","1b","1b","3b","3b","1b","1b","1b","1b","1b","1b","1b"
"2023-11-26 09:00:00","PM2.5",NA,0,0,166.2361,178.6219,78.6822,17.4023,NA,0,NA,0,50.4824,0,0,1.587,17.5577,0,0,0.3937,0,3.9279,NA,0,0,0,9.5722,NA,0,0,NA,NA,0,0,0,0,0,0,0,5.724,0,"3b","1b","1b","1b","1b","1b","1b","3b","1b","3b","1b","1b","1b","1b","1b","1b","1b","1b","1b","1b","1b","3b","1b","1b","1b","1b","3b","1b","1b","3b","3b","1b","1b","1b","1b","1b","1b","1b","1b","1b"
"2023-11-26 10:00:00","PM10",754.5634,NA,0,263.505,540.9674,91.3197,81.6933,2.0427,NA,NA,NA,137.7357,0,0,3.684,15.6823,0,0,NA,0,4.6999,NA,0,0,0,NA,NA,0,0,NA,NA,NA,NA,0,NA,0,NA,0,4.4835,0,"1b","3b","1b","1b","1b","1b","1b","1b","3b","3b","3b","1b","1b","1b","1b","1b","1b","1b","3b","1b","1b","3b","1b","1b","1b","3b","3b","1b","1b","3b","3b","3b","3b","1b","3b","1b","3b","1b","1b","1b"
"2023-11-26 11:00:00","PM2.5",930.2321,0,0,263.8808,269.4355,87.4252,22.8408,NA,NA,NA,NA,65.5964,0,NA,2.0183,13.7487,0,0,0,0,4.7359,NA,0,NA,0,9.5219,NA,NA,0,NA,NA,NA,NA,0,0,0,0,0,11.0554,0,"1b","1b","1b","1b","1b","1b","1b","3b","3b","3b","3b","1b","1b","3b","1b","1b","1b","1b","1b","1b","1b","3b","1b","3b","1b","1b","3b","3b","1b","3b","3b","3b","3b","1b","1b","1b","1b","1b","1b","1b"
"2023-11-26 12:00:00","PM10",NA,0,0,263.0668,35.3788,112.9486,13.0096,3.6153,0,NA,NA,103.6089,0,0,3.604,9.4996,0,0,0,0,4.3338,NA,0,0,0,NA,NA,0,0,NA,0,0,NA,0,0,0,0,0,9.2042,0,"3b","1b","1b","1b","1b","1b","1b","1b","1b","3b","3b","1b","1b","1b","1b","1b","1b","1b","1b","1b","1b","3b","1b","1b","1b","3b","3b","1b","1b","3b","1b","1b","3b","1b","1b","1b","1b","1b","1b","1b"
"2023-11-26 13:00:00","PM2.5",NA,0,0,297.0907,68.4744,112.2377,4.3624,3.9994,NA,NA,0,60.4427,0,0,2.2383,10.0051,0,0,NA,0.0039,3.2286,NA,0,0,0,NA,NA,NA,0,NA,NA,NA,NA,0,0,0,0,0,6.5949,0,"3b","1b","1b","1b","1b","1b","1b","1b","3b","3b","1b","1b","1b","1b","1b","1b","1b","1b","3b","1b","1b","3b","1b","1b","1b","3b","3b","3b","1b","3b","3b","3b","3b","1b","1b","1b","1b","1b","1b","1b"
"2023-11-26 14:00:00","PM10",NA,0,0,321.9632,76.0381,79.2119,10.4122,1.2616,0,NA,NA,86.4947,0,0,2.6381,7.3044,0,0,1.1864,0,3.9605,NA,0,0,0,NA,NA,NA,0,NA,NA,NA,NA,0,0,0,0,0,3.0451,0,"3b","1b","1b","1b","1b","1b","1b","1b","1b","3b","3b","1b","1b","1b","1b","1b","1b","1b","1b","1b","1b","3b","1b","1b","1b","3b","3b","3b","1b","3b","3b","3b","3b","1b","1b","1b","1b","1b","1b","1b"
"2023-11-26 15:00:00","PM2.5",NA,0,0,375.0518,120.0548,90.2936,2.3917,NA,NA,NA,0,41.6549,0,0,1.718,8.7914,0,0,1.7202,NA,4.6454,0,0,0,0,22.6354,NA,NA,0,0,NA,0,NA,0,0,0,0,0,2.3487,0,"3b","1b","1b","1b","1b","1b","1b","3b","3b","3b","1b","1b","1b","1b","1b","1b","1b","1b","1b","3b","1b","1b","1b","1b","1b","1b","3b","3b","1b","1b","3b","1b","3b","1b","1b","1b","1b","1b","1b","1b"
"2023-11-26 16:00:00","PM10",NA,0,0,421.1338,127.8975,95.9765,4.7076,NA,NA,NA,0,77.2429,NA,0,3.536,11.9385,0,0,3.3555,0,4.717,NA,0,0,0,14.8224,NA,NA,0,NA,NA,0,NA,0,0,0,0,0,5.1289,0,"3b","1b","1b","1b","1b","1b","1b","3b","3b","3b","1b","1b","3b","1b","1b","1b","1b","1b","1b","1b","1b","3b","1b","1b","1b","1b","3b","3b","1b","3b","3b","1b","3b","1b","1b","1b","1b","1b","1b","1b"
"2023-11-26 17:00:00","PM2.5",894.7571,0,0,398.1968,56.183,89.6837,NA,0,0,NA,0,50.5014,NA,0,4.512,10.9368,0,0,4.7221,0.0034,10.0158,0,0,0,0,NA,NA,0,0,NA,NA,NA,NA,0,NA,0,0,0,4.1765,0,"1b","1b","1b","1b","1b","1b","3b","1b","1b","3b","1b","1b","3b","1b","1b","1b","1b","1b","1b","1b","1b","1b","1b","1b","1b","3b","3b","1b","1b","3b","3b","3b","3b","1b","3b","1b","1b","1b","1b","1b"
"2023-11-26 18:00:00","PM10",838.7484,0,0,465.4289,87.6095,157.7585,8.5896,NA,0,NA,0,104.3805,NA,NA,2.9517,18.4781,0,0,4.8739,NA,12.0016,NA,0,0,0,NA,NA,0,0,0,NA,NA,0,0,0,0,0,0,3.083,0,"1b","1b","1b","1b","1b","1b","1b","3b","1b","3b","1b","1b","3b","3b","1b","1b","1b","1b","1b","3b","1b","3b","1b","1b","1b","3b","3b","1b","1b","1b","3b","3b","1b","1b","1b","1b","1b","1b","1b","1b"
"2023-11-26 19:00:00","PM2.5",NA,0,0,413.2897,58.7306,143.2143,NA,0,0,NA,0,59.1089,0,0,2.0965,9.2878,0,0,3.0763,NA,5.2917,0,0,0,0,13.8495,0,NA,0,NA,0,0,NA,0,0,0,0,0,3.9333,0,"3b","1b","1b","1b","1b","1b","3b","1b","1b","3b","1b","1b","1b","1b","1b","1b","1b","1b","1b","3b","1b","1b","1b","1b","1b","1b","1b","3b","1b","3b","1b","1b","3b","1b","1b","1b","1b","1b","1b","1b"
"2023-11-26 20:00:00","PM10",0,0,0,551.3223,92.1286,150.5401,7.8685,NA,0,NA,0,130.6214,NA,0,3.1933,12.1597,0,0,8.5909,0,4.897,NA,0,NA,0,19.5391,0,NA,0,0,NA,NA,NA,0,NA,0,0,0,3.8665,0,"1b","1b","1b","1b","1b","1b","1b","3b","1b","3b","1b","1b","3b","1b","1b","1b","1b","1b","1b","1b","1b","3b","1b","3b","1b","1b","1b","3b","1b","1b","3b","3b","3b","1b","3b","1b","1b","1b","1b","1b"
"2023-11-26 21:00:00","PM2.5",0,0,0,452.0803,0,179.0395,NA,0,NA,NA,0,53.4827,0,0,2.0956,12.4995,0,0,5.9921,NA,3.0293,NA,0,0,0,18.8812,NA,NA,0,NA,NA,NA,NA,0,NA,0,0,0,2.9331,0,"1b","1b","1b","1b","1b","1b","3b","1b","3b","3b","1b","1b","1b","1b","1b","1b","1b","1b","1b","3b","1b","3b","1b","1b","1b","1b","3b","3b","1b","3b","3b","3b","3b","1b","3b","1b","1b","1b","1b","1b"
"2023-11-26 22:00:00","PM10",640.3693,0,0,632.0095,33.5635,310.0836,NA,0,0,NA,0,129.9486,0,NA,5.9004,16.5558,0,0,3.515,NA,4.5987,1.9421,0,0,0,0,NA,NA,0,NA,0,0,7.9681,0,0,0,0,0,4.6623,1.1202,"1b","1b","1b","1b","1b","1b","3b","1b","1b","3b","1b","1b","1b","3b","1b","1b","1b","1b","1b","3b","1b","1b","1b","1b","1b","1b","3b","3b","1b","3b","1b","1b","1b","1b","1b","1b","1b","1b","1b","1b"
"2023-11-26 23:00:00","PM2.5",NA,0,0,386.1847,0,250.3528,0,NA,0,0,0,70.1513,NA,0,3.2064,17.3057,0,0,1.6984,0,3.4027,NA,NA,0,0,20.9402,0,NA,0,NA,NA,NA,NA,0,0,0,0,0,10.104,0,"3b","1b","1b","1b","1b","1b","1b","3b","1b","1b","1b","1b","3b","1b","1b","1b","1b","1b","1b","1b","1b","3b","3b","1b","1b","1b","1b","3b","1b","3b","3b","3b","3b","1b","1b","1b","1b","1b","1b","1b"
"2023-11-27 00:30:00","PM10",NA,0,0,332.8139,0,163.8774,11.893,NA,0,0,NA,72.2265,0,0,3.0997,11.7563,NA,0,2.6195,NA,18.7814,NA,0,0,NA,NA,0,0,0,0,NA,NA,0,0,0,0,0,0,4.3168,0,"3b","1b","1b","1b","1b","1b","1b","3b","1b","1b","3b","1b","1b","1b","1b","1b","3b","1b","1b","3b","1b","3b","1b","1b","3b","3b","1b","1b","1b","1b","3b","3b","1b","1b","1b","1b","1b","1b","1b","1b"
"2023-11-27 01:00:00","PM2.5",753.352,0,0,289.2617,0,261.4234,2.4417,0,0,0,0,41.459,0.0095,0,2.9187,10.8246,0,0,3.1135,0.0041,7.9651,NA,0,0,NA,NA,NA,NA,0,0,NA,NA,3.2367,0,0,0,0,0,3.7602,0,"1b","1b","1b","1b","1b","1b","1b","1b","1b","1b","1b","1b","1b","1b","1b","1b","1b","1b","1b","1b","1b","3b","1b","1b","3b","3b","3b","3b","1b","1b","3b","3b","1b","1b","1b","1b","1b","1b","1b","1b"
"2023-11-27 02:00:00","PM10",NA,0,0,188.5417,0,121.7744,2.2616,0,NA,NA,0,32.6828,0,NA,1.4517,6.2738,0,0,1.5349,NA,2.1101,NA,0,0,0,NA,NA,NA,0,NA,NA,0,NA,0,0,0,0,0,3.1629,0,"3b","1b","1b","1b","1b","1b","1b","1b","3b","3b","1b","1b","1b","3b","1b","1b","1b","1b","1b","3b","1b","3b","1b","1b","1b","3b","3b","3b","1b","3b","3b","1b","3b","1b","1b","1b","1b","1b","1b","1b"
"2023-11-27 03:00:00","PM2.5",706.7659,0,0,94.0613,0,74.4807,0,NA,NA,NA,0,3.4284,0,NA,0.601,4.2209,0,0,NA,0,0.9313,NA,0,NA,NA,NA,0,NA,0,0,0,NA,NA,0,NA,0,0,0,3.2976,0,"1b","1b","1b","1b","1b","1b","1b","3b","3b","3b","1b","1b","1b","3b","1b","1b","1b","1b","3b","1b","1b","3b","1b","3b","3b","3b","1b","3b","1b","1b","1b","3b","3b","1b","3b","1b","1b","1b","1b","1b"
"2023-11-27 04:00:00","PM10",623.4752,0,0,151.3826,NA,92.718,NA,NA,0,0,0,10.175,0,0,0.8506,4.3355,0,0,NA,0,0.9591,NA,0,0,NA,10.9245,NA,0,0,NA,NA,NA,0,0.0218,0,0,0,0,3.3658,0,"1b","1b","1b","1b","3b","1b","3b","3b","1b","1b","1b","1b","1b","1b","1b","1b","1b","1b","3b","1b","1b","3b","1b","1b","3b","1b","3b","1b","1b","3b","3b","3b","1b","1b","1b","1b","1b","1b","1b","1b"
"2023-11-27 05:00:00","PM2.5",NA,0,0,162.0127,0,65.8312,0,NA,0,0,0,15.1829,NA,NA,2.199,3.6539,0,0,1.4107,0,1.2928,0,0,NA,0,10.7138,NA,NA,0,NA,NA,NA,0,0,0.0119,0,0,0,0.9793,0,"3b","1b","1b","1b","1b","1b","1b","3b","1b","1b","1b","1b","3b","3b","1b","1b","1b","1b","1b","1b","1b","1b","1b","3b","1b","1b","3b","3b","1b","3b","3b","3b","1b","1b","1b","1b","1b","1b","1b","1b"
"2023-11-27 06:00:00","PM10",753.4733,0,0,197.4442,37.2316,60.2685,5.2232,0,0,0,0,94.4721,0,0,9.893,3.8768,0,0,0.9142,NA,1.1665,NA,0,0,0,15.7058,NA,0,0,0,NA,0,6.0651,0,0,0,0.0134,0,NA,0,"1b","1b","1b","1b","1b","1b","1b","1b","1b","1b","1b","1b","1b","1b","1b","1b","1b","1b","1b","3b","1b","3b","1b","1b","1b","1b","3b","1b","1b","1b","3b","1b","1b","1b","1b","1b","1b","1b","3b","1b"
"2023-11-27 07:00:00","PM2.5",NA,0,0,172.5626,0,30.5877,4.9201,NA,0,0,0,102.9494,0.6377,NA,7.8651,3.3901,0,0,0.9155,0,0.7769,NA,0,0,0,13.1865,0,NA,0,0,NA,NA,2.9693,0,0,0,NA,0,0,0,"3b","1b","1b","1b","1b","1b","1b","3b","1b","1b","1b","1b","1b","3b","1b","1b","1b","1b","1b","1b","1b","3b","1b","1b","1b","1b","1b","3b","1b","1b","3b","3b","1b","1b","1b","1b","3b","1b","1b","1b"
"2023-11-27 08:00:00","PM10",NA,NA,0,162.9855,37.6355,28.7916,30.6879,1.655,0,NA,0.8005,164.8023,0,NA,10.096,13.7167,0,0,0.5395,0,NA,NA,0,NA,0,11.0057,NA,0,0,0,NA,NA,5.2494,0,0,0,NA,0,NA,0,"3b","3b","1b","1b","1b","1b","1b","1b","1b","3b","1b","1b","1b","3b","1b","1b","1b","1b","1b","1b","3b","3b","1b","3b","1b","1b","3b","1b","1b","1b","3b","3b","1b","1b","1b","1b","3b","1b","3b","1b"
"2023-11-27 09:00:00","PM2.5",732.252,0,0,150.0419,0,22.2151,14.755,4.7344,NA,NA,NA,71.3576,0,NA,5.0866,16.889,0,0,NA,0,0.6786,NA,0,0,0,10.4661,0,0.0997,0,0,0,NA,NA,0,0,0,0,0,4.4574,0,"1b","1b","1b","1b","1b","1b","1b","1b","3b","3b","3b","1b","1b","3b","1b","1b","1b","1b","3b","1b","1b","3b","1b","1b","1b","1b","1b","1b","1b","1b","1b","3b","3b","1b","1b","1b","1b","1b","1b","1b"
"2023-11-27 10:00:00","PM10",617.2278,0,0,355.9808,NA,59.3895,38.9016,3.6148,0,NA,NA,93.3349,0,NA,4.7113,21.8262,0,0,3.3747,3.3601,3.678,NA,0,0,0,NA,0,0,0,0.1386,NA,NA,NA,0,0,0,0,0,6.9169,0,"1b","1b","1b","1b","3b","1b","1b","1b","1b","3b","3b","1b","1b","3b","1b","1b","1b","1b","1b","1b","1b","3b","1b","1b","1b","3b","1b","1b","1b","1b","3b","3b","3b","1b","1b","1b","1b","1b","1b","1b"
"2023-11-27 11:00:00","PM2.5",NA,0,NA,325.1204,0,50.9644,18.7784,8.6561,NA,NA,NA,60.1928,0,NA,2.5182,14.1163,0,0,1.7789,1.3363,3.5071,0,0,0,0,NA,0.1139,NA,0,0,NA,NA,NA,0,0,0,0,0,7.0197,0,"3b","1b","3b","1b","1b","1b","1b","1b","3b","3b","3b","1b","1b","3b","1b","1b","1b","1b","1b","1b","1b","1b","1b","1b","1b","3b","1b","3b","1b","1b","3b","3b","3b","1b","1b","1b","1b","1b","1b","1b"
"2023-11-27 12:00:00","PM10",NA,0,0,224.0782,15.439,44.3736,36.4608,7.5929,0,NA,0.9263,130.3391,0,NA,3.8403,20.0804,0,0,2.5173,NA,0.9477,NA,0,0,0,14.5838,NA,NA,0,NA,NA,0,NA,0,0,0,0,0,6.1314,0,"3b","1b","1b","1b","1b","1b","1b","1b","1b","3b","1b","1b","1b","3b","1b","1b","1b","1b","1b","3b","1b","3b","1b","1b","1b","1b","3b","3b","1b","3b","3b","1b","3b","1b","1b","1b","1b","1b","1b","1b"
"2023-11-27 13:00:00","PM2.5",837.0519,0,0,245.1111,0,45.5198,11.8187,1.4364,0,NA,0,54.9429,NA,NA,2.4111,11.5164,0,0,1.1586,NA,1.8492,NA,0,0,0,NA,NA,NA,0,NA,0,NA,NA,0,0,0,0,0,5.7114,0,"1b","1b","1b","1b","1b","1b","1b","1b","1b","3b","1b","1b","3b","3b","1b","1b","1b","1b","1b","3b","1b","3b","1b","1b","1b","3b","3b","3b","1b","3b","1b","3b","3b","1b","1b","1b","1b","1b","1b","1b"
"2023-11-27 14:00:00","PM10",NA,0,0,248.3513,0,32.4836,63.29,2.1668,0,0.6264,6.9516,99.2595,0,NA,3.7027,15.6598,0,0,1.1814,NA,16.0228,NA,0,0,0,NA,NA,NA,0,0,NA,0,NA,0,0,0,0,0,2.7868,0,"3b","1b","1b","1b","1b","1b","1b","1b","1b","1b","1b","1b","1b","3b","1b","1b","1b","1b","1b","3b","1b","3b","1b","1b","1b","3b","3b","3b","1b","1b","3b","1b","3b","1b","1b","1b","1b","1b","1b","1b"
"2023-11-27 15:00:00","PM2.5",895.5406,0,0,221.7853,NA,30.3349,26.7504,1.0793,0,NA,2.3805,85.5613,NA,NA,2.3884,15.3268,0,0,0.5299,0,NA,NA,0,0,0,NA,0,NA,0,NA,0,0,NA,0,0,0,0,0,15.0931,0,"1b","1b","1b","1b","3b","1b","1b","1b","1b","3b","1b","1b","3b","3b","1b","1b","1b","1b","1b","1b","3b","3b","1b","1b","1b","3b","1b","3b","1b","3b","1b","1b","3b","1b","1b","1b","1b","1b","1b","1b"
"2023-11-27 16:00:00","PM10",1107.1293,0,0,272.3518,81.3456,59.8871,73.7859,5.1815,0,1.1277,1.9873,191.35,0,0.5676,5.6963,21.4868,0,0,1.6468,NA,1.2103,NA,0,0,0,NA,NA,NA,0,0,NA,0,NA,0,0,0,0,0,17.173,0,"1b","1b","1b","1b","1b","1b","1b","1b","1b","1b","1b","1b","1b","1b","1b","1b","1b","1b","1b","3b","1b","3b","1b","1b","1b","3b","3b","3b","1b","1b","3b","1b","3b","1b","1b","1b","1b","1b","1b","1b"
"2023-11-27 17:00:00","PM2.5",NA,0,0,277.2729,0,62.1468,29.3314,1.592,NA,NA,1.1856,87.3276,0,NA,3.5698,15.6062,0,0,1.4426,0,1.9811,NA,0,0,0,10.1116,NA,0,0,0,0,NA,NA,0,0,0,0,0,9.457,0,"3b","1b","1b","1b","1b","1b","1b","1b","3b","3b","1b","1b","1b","3b","1b","1b","1b","1b","1b","1b","1b","3b","1b","1b","1b","1b","3b","1b","1b","1b","1b","3b","3b","1b","1b","1b","1b","1b","1b","1b"
"2023-11-27 18:00:00","PM10",NA,0,0,174.8069,97.3711,202.0257,51.8901,3.2755,0,NA,1.1296,155.2607,0,NA,19.6272,9.9002,0,0,0.8861,0,2.3278,1.9458,0,0,0,17.079,0,NA,0,NA,NA,NA,10.1926,0,0,0,0,0,6.566,NA,"3b","1b","1b","1b","1b","1b","1b","1b","1b","3b","1b","1b","1b","3b","1b","1b","1b","1b","1b","1b","1b","1b","1b","1b","1b","1b","1b","3b","1b","3b","3b","3b","1b","1b","1b","1b","1b","1b","1b","3b"
"2023-11-27 19:00:00","PM2.5",692.6664,0,0,150.0938,63.91,125.905,20.2719,2.1669,0,NA,NA,72.0418,0,0,6.3396,31.2284,0,0,NA,0,2.6527,2.1503,0,0,0,NA,NA,0,0,0,0,NA,7.1486,0,0,0,0,0,2.5338,NA,"1b","1b","1b","1b","1b","1b","1b","1b","1b","3b","3b","1b","1b","1b","1b","1b","1b","1b","3b","1b","1b","1b","1b","1b","1b","3b","3b","1b","1b","1b","1b","3b","1b","1b","1b","1b","1b","1b","1b","3b"
"2023-11-27 20:00:00","PM10",NA,0,0,220.553,156.7703,117.0669,44.5222,3.1251,0,0.8039,0.7805,139.2105,NA,0,6.6345,20.8203,0,0,1.0151,0,1.4376,1.5661,0,0,0,20.8783,NA,0,0,0,NA,NA,7.714,0,0,NA,0,0,0.9016,NA,"3b","1b","1b","1b","1b","1b","1b","1b","1b","1b","1b","1b","3b","1b","1b","1b","1b","1b","1b","1b","1b","1b","1b","1b","1b","1b","3b","1b","1b","1b","3b","3b","1b","1b","1b","3b","1b","1b","1b","3b"
"2023-11-27 21:00:00","PM2.5",1.9091,0,0,207.0988,30.4472,156.847,9.8535,NA,0,NA,NA,65.2374,NA,0,6.1871,7.3541,0,0,1.2549,NA,1.5985,3.8541,0,0,0,17.3116,NA,NA,0,0,0,NA,9.314,0,0,0,0,0,2.1955,1.0558,"1b","1b","1b","1b","1b","1b","1b","3b","1b","3b","3b","1b","3b","1b","1b","1b","1b","1b","1b","3b","1b","1b","1b","1b","1b","1b","3b","3b","1b","1b","1b","3b","1b","1b","1b","1b","1b","1b","1b","1b"
"2023-11-27 22:00:00","PM10",NA,0,0,163.2618,108.7786,159.7585,46.5096,2.9535,0,0.6033,0,108.5521,NA,0,8.2816,15.5856,0,0,0.8487,0,1.5154,1.9868,0,0,0,13.8355,0,0.0952,0,0,NA,NA,11.6612,0,0,0,0,0,2.8608,1.8196,"3b","1b","1b","1b","1b","1b","1b","1b","1b","1b","1b","1b","3b","1b","1b","1b","1b","1b","1b","1b","1b","1b","1b","1b","1b","1b","1b","1b","1b","1b","3b","3b","1b","1b","1b","1b","1b","1b","1b","1b"
"2023-11-27 23:00:00","PM2.5",NA,0,0,100.1726,21.2396,37.3544,10.8052,NA,0,NA,0,44.5502,NA,NA,1.6291,21.2948,0,0,0.7137,NA,1.3469,NA,0,0,NA,NA,NA,NA,0,NA,NA,NA,NA,0,NA,0,0,0,1.6389,0,"3b","1b","1b","1b","1b","1b","1b","3b","1b","3b","1b","1b","3b","3b","1b","1b","1b","1b","1b","3b","1b","3b","1b","1b","3b","3b","3b","3b","1b","3b","3b","3b","3b","1b","3b","1b","1b","1b","1b","1b"
"2023-11-28 00:30:00","PM10",NA,0,0,110.1831,125.8132,56.5668,45.2003,2.2697,0,NA,0,66.9872,0,0,2.7909,24.7166,0,0,NA,0.0101,NA,NA,0,0,0,NA,NA,NA,0,NA,NA,NA,NA,0,0,0,0,0,1.8882,0,"3b","1b","1b","1b","1b","1b","1b","1b","1b","3b","1b","1b","1b","1b","1b","1b","1b","1b","3b","1b","3b","3b","1b","1b","1b","3b","3b","3b","1b","3b","3b","3b","3b","1b","1b","1b","1b","1b","1b","1b"
"2023-11-28 01:00:00","PM2.5",NA,0,0,132.7635,28.1614,50.5739,22.0622,1.5162,0,NA,0,47.5156,0,NA,3.3275,22.859,0,0,0.7447,NA,1.3729,0,0,0,NA,10.302,NA,0,0,0,NA,0,NA,0,0,0,0,0,2.8985,0,"3b","1b","1b","1b","1b","1b","1b","1b","1b","3b","1b","1b","1b","3b","1b","1b","1b","1b","1b","3b","1b","1b","1b","1b","3b","1b","3b","1b","1b","1b","3b","1b","3b","1b","1b","1b","1b","1b","1b","1b"
"2023-11-28 02:00:00","PM10",NA,0,NA,168.5637,156.5428,68.3508,62.3978,2.9075,0,NA,0.772,79.8003,0,0.6224,4.2429,31.4551,0,0,0.4383,NA,1.526,NA,0,0,0,18.7549,NA,NA,0,NA,0,NA,NA,0,0,0,0,0,3.9859,0,"3b","1b","3b","1b","1b","1b","1b","1b","1b","3b","1b","1b","1b","1b","1b","1b","1b","1b","1b","3b","1b","3b","1b","1b","1b","1b","3b","3b","1b","3b","1b","3b","3b","1b","1b","1b","1b","1b","1b","1b"
"2023-11-28 03:00:00","PM2.5",717.1744,0,0,176.4972,42.4993,57.9507,18.7617,1.5256,0,NA,NA,39.1789,0,NA,1.8084,11.2549,0,0,0,NA,2.0201,NA,0,0,0,13.2208,NA,NA,0,0,0,NA,NA,0,0,0,NA,0,4.0677,0,"1b","1b","1b","1b","1b","1b","1b","1b","1b","3b","3b","1b","1b","3b","1b","1b","1b","1b","1b","3b","1b","3b","1b","1b","1b","1b","3b","3b","1b","1b","1b","3b","3b","1b","1b","1b","3b","1b","1b","1b"
"2023-11-28 04:00:00","PM10",NA,0,0,272.3693,396.3065,84.1531,44.2565,1.0633,0.0099,0.6479,NA,57.0301,NA,NA,1.8689,11.1308,0,0,0.666,NA,2.1685,NA,0,0,0,17.4193,0,NA,0,0,NA,NA,NA,0,0,0,0,0,2.5454,0,"3b","1b","1b","1b","1b","1b","1b","1b","1b","1b","3b","1b","3b","3b","1b","1b","1b","1b","1b","3b","1b","3b","1b","1b","1b","1b","1b","3b","1b","1b","3b","3b","3b","1b","1b","1b","1b","1b","1b","1b"
"2023-11-28 05:00:00","PM2.5",NA,0,0,284.8359,42.8679,51.1091,21.3453,NA,0,NA,NA,38.4304,0,NA,2.005,12.008,0,0,1.0323,0.4765,2.3422,NA,0,0,0,NA,NA,NA,0,0,NA,NA,NA,0,0,0,0,0,1.7197,0,"3b","1b","1b","1b","1b","1b","1b","3b","1b","3b","3b","1b","1b","3b","1b","1b","1b","1b","1b","1b","1b","3b","1b","1b","1b","3b","3b","3b","1b","1b","3b","3b","3b","1b","1b","1b","1b","1b","1b","1b"
"2023-11-28 06:00:00","PM10",NA,0,0,257.1219,452.8268,61.4753,48.4937,1.9309,0,NA,1.9722,177.4415,0,0,5.7414,11.6989,0,0,1.6131,NA,4.6875,NA,0,0,0,12.4042,NA,0,0,0,0,NA,NA,0,0,0,0,0,NA,0,"3b","1b","1b","1b","1b","1b","1b","1b","1b","3b","1b","1b","1b","1b","1b","1b","1b","1b","1b","3b","1b","3b","1b","1b","1b","1b","3b","1b","1b","1b","1b","3b","3b","1b","1b","1b","1b","1b","3b","1b"
"2023-11-28 07:00:00","PM2.5",NA,NA,NA,NA,NA,NA,NA,NA,NA,NA,NA,NA,NA,NA,NA,NA,NA,NA,NA,NA,NA,NA,NA,NA,NA,NA,NA,NA,NA,NA,NA,NA,NA,NA,NA,NA,NA,NA,NA,NA,"3b","0c","0c","0c","0c","0c","0c","3b","3b","3b","0c","0c","0c","0c","0c","0c","0c","0c","0c","3b","0c","3b","0c","0c","0c","3b","3b","3b","0c","0c","3b","3b","3b","0c","0c","0c","0c","0c","0c","0c"
"2023-11-28 08:00:00","PM10",NA,NA,NA,NA,NA,NA,NA,NA,NA,NA,NA,NA,NA,NA,NA,NA,NA,NA,NA,NA,NA,NA,NA,NA,NA,NA,NA,NA,NA,NA,NA,NA,NA,NA,NA,NA,NA,NA,NA,NA,"0c","3b","0c","0c","0c","0c","0c","0c","0c","0c","0c","0c","0c","0c","0c","0c","0c","0c","0c","0c","0c","0c","0c","3b","0c","0c","0c","0c","0c","0c","0c","3b","0c","0c","0c","0c","0c","0c","0c","0c"
"2023-11-28 09:00:00","PM2.5",NA,NA,NA,NA,NA,NA,NA,NA,NA,NA,NA,NA,NA,NA,NA,NA,NA,NA,NA,NA,NA,NA,NA,NA,NA,NA,NA,NA,NA,NA,NA,NA,NA,NA,NA,NA,NA,NA,NA,NA,"3b","3b","0c","0c","0c","0c","0c","0c","0c","0c","0c","0c","0c","0c","0c","0c","0c","0c","0c","0c","0c","3b","0c","0c","0c","0c","0c","0c","0c","3b","3b","3b","3b","0c","0c","0c","0c","0c","0c","0c"
"2023-11-28 10:00:00","PM10",NA,NA,NA,NA,NA,NA,NA,NA,NA,NA,NA,NA,NA,NA,NA,NA,NA,NA,NA,NA,NA,NA,NA,NA,NA,NA,NA,NA,NA,NA,NA,NA,NA,NA,NA,NA,NA,NA,NA,NA,"0c","3b","0c","0c","0c","0c","0c","0c","0c","0c","0c","0c","3b","0c","0c","0c","0c","0c","0c","3b","0c","3b","0c","3b","0c","0c","0c","3b","0c","3b","3b","3b","3b","0c","0c","0c","0c","0c","0c","0c"
"2023-11-28 11:00:00","PM2.5",NA,NA,NA,NA,NA,NA,NA,NA,NA,NA,NA,NA,NA,NA,NA,NA,NA,NA,NA,NA,NA,NA,NA,NA,NA,NA,NA,NA,NA,NA,NA,NA,NA,NA,NA,NA,NA,NA,NA,NA,"0c","0c","0c","0c","0c","0c","0c","0c","0c","3b","0c","0c","0c","3b","0c","0c","0c","0c","0c","3b","0c","3b","0c","0c","0c","3b","0c","3b","0c","3b","0c","3b","0c","0c","0c","0c","0c","0c","0c","0c"
"2023-11-28 12:00:00","PM10",NA,0,0,331.55,474.7348,60.3268,123.285,3.2071,0,NA,3.3262,161.4216,0,0,5.6362,45.3368,0,0,0.5677,NA,2.8532,NA,0,NA,0,NA,NA,0,0,NA,0,0,NA,0,0,0,0,0,7.3162,0,"3b","1b","1b","1b","1b","1b","1b","1b","1b","3b","1b","1b","1b","1b","1b","1b","1b","1b","1b","3b","1b","3b","1b","3b","1b","3b","3b","1b","1b","3b","1b","1b","3b","1b","1b","1b","1b","1b","1b","1b"
"2023-11-28 13:00:00","PM2.5",NA,0,0,264.2084,177.9691,46.5737,38.4702,1.4887,0,0.0028,0.7463,74.195,0,0,3.9329,40.3548,0,0,0.7437,0,2.978,NA,0,0,0,NA,NA,0,0,0,0,0,NA,0,0,0,0,0,3.6132,0,"3b","1b","1b","1b","1b","1b","1b","1b","1b","1b","1b","1b","1b","1b","1b","1b","1b","1b","1b","1b","1b","3b","1b","1b","1b","3b","3b","1b","1b","1b","1b","1b","3b","1b","1b","1b","1b","1b","1b","1b"
"2023-11-28 14:00:00","PM10",NA,NA,0,225.0097,425.2651,63.0492,121.0792,1.8128,0,NA,1.0956,143.6492,NA,NA,5.8939,15.1512,0,0,1.2772,NA,5.6266,NA,0,0,0,15.5601,NA,NA,0,0,NA,NA,NA,0,0,0,0,0,1.2628,0,"3b","3b","1b","1b","1b","1b","1b","1b","1b","3b","1b","1b","3b","3b","1b","1b","1b","1b","1b","3b","1b","3b","1b","1b","1b","1b","3b","3b","1b","1b","3b","3b","3b","1b","1b","1b","1b","1b","1b","1b"
"2023-11-28 15:00:00","PM2.5",0,0,0,218.222,199.2715,46.3356,46.5008,1.1232,0,0,NA,151.8193,0,NA,16.8486,11.4465,0,0,1.013,NA,1.8936,0,0,0,NA,10.5462,0,0,0,0,0,NA,5.3034,0,0,0,0,0,7.3024,0,"1b","1b","1b","1b","1b","1b","1b","1b","1b","1b","3b","1b","1b","3b","1b","1b","1b","1b","1b","3b","1b","1b","1b","1b","3b","1b","1b","1b","1b","1b","1b","3b","1b","1b","1b","1b","1b","1b","1b","1b"
"2023-11-28 16:00:00","PM10",NA,399.7504,0,343.7275,655.2483,88.4572,164.1829,10.1242,0,1.0709,10.4598,1299.1681,0,NA,76.7994,38.5379,0,0,7.145,NA,2.6011,NA,0,NA,0,10.012,NA,0,0,0,NA,0,33.9189,0,0,0,0,0,38.9881,0,"3b","1b","1b","1b","1b","1b","1b","1b","1b","1b","1b","1b","1b","3b","1b","1b","1b","1b","1b","3b","1b","3b","1b","3b","1b","1b","3b","1b","1b","1b","3b","1b","1b","1b","1b","1b","1b","1b","1b","1b"
"2023-11-28 17:00:00","PM2.5",NA,0,0,434.0517,417.5842,276.8889,59.3522,5.8888,0,0.7342,3.0745,474.6321,0,NA,40.4241,21.6981,0,0,10.5476,NA,1.8874,6.7861,0,0,0,14.9821,0,NA,0,0,NA,NA,11.1849,0,0,0,0,0,12.4119,NA,"3b","1b","1b","1b","1b","1b","1b","1b","1b","1b","1b","1b","1b","3b","1b","1b","1b","1b","1b","3b","1b","1b","1b","1b","1b","1b","1b","3b","1b","1b","3b","3b","1b","1b","1b","1b","1b","1b","1b","3b"
"2023-11-28 18:00:00","PM10",NA,NA,0,399.4238,352.5713,119.1655,68.1182,4.7291,0,0.8998,4.3674,781.8051,0,0,43.5779,20.8019,0,0,2.8541,NA,10.1163,NA,0,NA,0,NA,NA,NA,0,0,NA,NA,17.9853,0,0,0,0,0,14.2499,0,"3b","3b","1b","1b","1b","1b","1b","1b","1b","1b","1b","1b","1b","1b","1b","1b","1b","1b","1b","3b","1b","3b","1b","3b","1b","3b","3b","3b","1b","1b","3b","3b","1b","1b","1b","1b","1b","1b","1b","1b"
"2023-11-28 19:00:00","PM2.5",NA,NA,NA,NA,NA,NA,NA,NA,NA,NA,NA,NA,NA,NA,NA,NA,NA,NA,NA,NA,NA,NA,NA,NA,NA,NA,NA,NA,NA,NA,NA,NA,NA,NA,NA,NA,NA,NA,NA,NA,"0c","0c","0c","0c","0c","0c","0c","0c","0c","3b","0c","0c","0c","0c","0c","0c","0c","0c","0c","3b","0c","3b","0c","0c","0c","3b","3b","0c","0c","0c","3b","3b","0c","0c","0c","0c","0c","0c","0c","0c"
"2023-11-28 20:00:00","PM10",NA,NA,NA,NA,NA,NA,NA,NA,NA,NA,NA,NA,NA,NA,NA,NA,NA,NA,NA,NA,NA,NA,NA,NA,NA,NA,NA,NA,NA,NA,NA,NA,NA,NA,NA,NA,NA,NA,NA,NA,"0c","3b","0c","0c","0c","0c","0c","0c","3b","0c","0c","0c","0c","0c","0c","0c","0c","0c","0c","3b","0c","3b","0c","0c","0c","0c","3b","0c","0c","3b","3b","3b","0c","0c","0c","0c","0c","0c","0c","0c"
"2023-11-28 21:00:00","PM2.5",NA,NA,NA,NA,NA,NA,NA,NA,NA,NA,NA,NA,NA,NA,NA,NA,NA,NA,NA,NA,NA,NA,NA,NA,NA,NA,NA,NA,NA,NA,NA,NA,NA,NA,NA,NA,NA,NA,NA,NA,"3b","0c","0c","0c","0c","0c","0c","0c","0c","3b","0c","0c","0c","3b","0c","0c","0c","0c","0c","3b","0c","0c","0c","0c","0c","3b","0c","0c","0c","0c","3b","3b","0c","0c","0c","0c","0c","0c","0c","0c"
"2023-11-28 22:00:00","PM10",NA,NA,NA,NA,NA,NA,NA,NA,NA,NA,NA,NA,NA,NA,NA,NA,NA,NA,NA,NA,NA,NA,NA,NA,NA,NA,NA,NA,NA,NA,NA,NA,NA,NA,NA,NA,NA,NA,NA,NA,"0c","0c","0c","0c","0c","0c","0c","0c","0c","3b","0c","0c","0c","0c","0c","0c","0c","0c","0c","0c","0c","3b","0c","0c","0c","3b","3b","0c","0c","3b","3b","3b","0c","0c","0c","0c","0c","0c","0c","0c"
"2023-11-28 23:00:00","PM2.5",NA,NA,NA,NA,NA,NA,NA,NA,NA,NA,NA,NA,NA,NA,NA,NA,NA,NA,NA,NA,NA,NA,NA,NA,NA,NA,NA,NA,NA,NA,NA,NA,NA,NA,NA,NA,NA,NA,NA,NA,"0c","0c","0c","0c","0c","0c","0c","3b","0c","0c","3b","0c","0c","0c","0c","0c","0c","0c","0c","0c","0c","3b","0c","0c","0c","3b","3b","0c","0c","3b","3b","3b","0c","0c","3b","0c","0c","0c","0c","0c"
"2023-11-29 00:30:00","PM10",NA,NA,NA,NA,NA,NA,NA,NA,NA,NA,NA,NA,NA,NA,NA,NA,NA,NA,NA,NA,NA,NA,NA,NA,NA,NA,NA,NA,NA,NA,NA,NA,NA,NA,NA,NA,NA,NA,NA,NA,"0c","0c","3b","0c","0c","0c","0c","0c","0c","0c","0c","0c","0c","0c","0c","0c","0c","0c","0c","3b","3b","3b","0c","0c","0c","0c","0c","3b","0c","0c","3b","3b","0c","0c","0c","0c","0c","0c","0c","0c"
"2023-11-29 01:00:00","PM2.5",NA,NA,NA,NA,NA,NA,NA,NA,NA,NA,NA,NA,NA,NA,NA,NA,NA,NA,NA,NA,NA,NA,NA,NA,NA,NA,NA,NA,NA,NA,NA,NA,NA,NA,NA,NA,NA,NA,NA,NA,"3b","0c","0c","0c","0c","0c","0c","3b","3b","3b","3b","0c","0c","0c","0c","0c","0c","0c","0c","0c","0c","3b","0c","0c","0c","0c","3b","3b","0c","3b","3b","3b","0c","0c","0c","0c","0c","0c","0c","0c"
"2023-11-29 02:00:00","PM10",NA,0.0699,0,207.8605,152.5027,47.5401,21.5197,1.5338,0,NA,1.2023,57.2262,0,NA,6.8563,42.3429,0,0,0.8228,NA,4.2217,NA,0,0,0,NA,NA,NA,0,NA,0,0,0.0398,0,0,0,0,0,21.6974,0,"3b","1b","1b","1b","1b","1b","1b","1b","1b","3b","1b","1b","1b","3b","1b","1b","1b","1b","1b","3b","1b","3b","1b","1b","1b","3b","3b","3b","1b","3b","1b","1b","1b","1b","1b","1b","1b","1b","1b","1b"
"2023-11-29 03:00:00","PM2.5",NA,0,NA,308.1643,9.0507,42.5149,14.7814,1.5859,0,NA,NA,31.2586,0,NA,10.2742,23.9102,0,0,NA,NA,1.9711,NA,0,0,0,NA,NA,NA,0,NA,0,NA,0,0,0,0,0,0,7.1877,0,"3b","1b","3b","1b","1b","1b","1b","1b","1b","3b","3b","1b","1b","3b","1b","1b","1b","1b","3b","3b","1b","3b","1b","1b","1b","3b","3b","3b","1b","3b","1b","3b","1b","1b","1b","1b","1b","1b","1b","1b"
"2023-11-29 04:00:00","PM10",NA,0,0,653.189,101.607,58.6354,64.9578,3.6957,NA,NA,NA,62.048,NA,NA,3.6575,13.6954,0,0,NA,NA,3.1186,0,NA,0,0,NA,NA,0,0,0,NA,NA,NA,0,0,0,0,0,2.5849,0,"3b","1b","1b","1b","1b","1b","1b","1b","3b","3b","3b","1b","3b","3b","1b","1b","1b","1b","3b","3b","1b","1b","3b","1b","1b","3b","3b","1b","1b","1b","3b","3b","3b","1b","1b","1b","1b","1b","1b","1b"
"2023-11-29 05:00:00","PM2.5",680.7873,0,0,795.1632,0,55.8872,39.7734,3.244,NA,NA,NA,51.5869,NA,0,4.2019,14.594,0,0,0,NA,3.0095,NA,0,0,0,8.9726,0,0,0,NA,NA,NA,NA,0,0,0,NA,0,3.7069,0,"1b","1b","1b","1b","1b","1b","1b","1b","3b","3b","3b","1b","3b","1b","1b","1b","1b","1b","1b","3b","1b","3b","1b","1b","1b","1b","1b","1b","1b","3b","3b","3b","3b","1b","1b","1b","3b","1b","1b","1b"
"2023-11-29 06:00:00","PM10",NA,0,0,871.4224,107.9208,60.9086,57.9198,2.2139,NA,0.0047,NA,162.0821,0,NA,6.0548,17.8013,0,0,0.6469,NA,3.3312,NA,0,0,0,9.3549,NA,NA,0,0,0,0.0487,NA,0,NA,0,0,0,2.7601,0,"3b","1b","1b","1b","1b","1b","1b","1b","3b","1b","3b","1b","1b","3b","1b","1b","1b","1b","1b","3b","1b","3b","1b","1b","1b","1b","3b","3b","1b","1b","1b","1b","3b","1b","3b","1b","1b","1b","1b","1b"
"2023-11-29 07:00:00","PM2.5",NA,0,0,538.5441,0,48.0845,16.1573,2.2281,NA,NA,1.0629,242.3125,0,0.0053,13.1733,21.916,0,0,0.3668,NA,2.4581,NA,NA,NA,0,NA,0,NA,0,0,0,0,NA,0,0,0,0,0,2.888,0,"3b","1b","1b","1b","1b","1b","1b","1b","3b","3b","1b","1b","1b","1b","1b","1b","1b","1b","1b","3b","1b","3b","3b","3b","1b","3b","1b","3b","1b","1b","1b","1b","3b","1b","1b","1b","1b","1b","1b","1b"
"2023-11-29 12:00:00","PM10",NA,NA,0,300.1537,1339.1057,106.6516,236.8335,10.3989,0,2.547,8.7281,397.4661,NA,0.5857,19.3856,131.1547,0,0,4.2587,0,6.9953,NA,0,0,0,11.7059,0,0,0,0,NA,NA,3.9886,0,0,0,0,0,43.7691,0,"3b","3b","1b","1b","1b","1b","1b","1b","1b","1b","1b","1b","3b","1b","1b","1b","1b","1b","1b","1b","1b","3b","1b","1b","1b","1b","1b","1b","1b","1b","3b","3b","1b","1b","1b","1b","1b","1b","1b","1b"
"2023-11-29 13:00:00","PM2.5",1124.3248,0,0,185.4593,315.0928,26.4462,58.4214,4.5163,NA,0.8414,3.1555,103.9433,0.0047,NA,5.8248,16.6365,0,0,3.8271,0,1.4232,0,0,0,0,13.9127,NA,NA,0,NA,NA,NA,NA,0,0,0,0,0,61.5112,0,"1b","1b","1b","1b","1b","1b","1b","1b","3b","1b","1b","1b","1b","3b","1b","1b","1b","1b","1b","1b","1b","1b","1b","1b","1b","1b","3b","3b","1b","3b","3b","3b","3b","1b","1b","1b","1b","1b","1b","1b"
"2023-11-29 14:00:00","PM10",NA,NA,0,202.2551,980.1581,55.7799,171.138,10.7819,0,NA,7.089,255.5803,NA,0,7.9162,27.7988,0,0,1.5611,0,3.0465,NA,0,NA,0,26.8851,NA,0,0,NA,NA,NA,3.6585,0,0,0,0,0,8.0562,0,"3b","3b","1b","1b","1b","1b","1b","1b","1b","3b","1b","1b","3b","1b","1b","1b","1b","1b","1b","1b","1b","3b","1b","3b","1b","1b","3b","1b","1b","3b","3b","3b","1b","1b","1b","1b","1b","1b","1b","1b"
"2023-11-29 15:00:00","PM2.5",NA,NA,NA,NA,NA,NA,NA,NA,NA,NA,NA,NA,NA,NA,NA,NA,NA,NA,NA,NA,NA,NA,NA,NA,NA,NA,NA,NA,NA,NA,NA,NA,NA,NA,NA,NA,NA,NA,NA,NA,"0c","0c","0c","0c","0c","0c","0c","0c","0c","3b","0c","0c","3b","3b","0c","0c","0c","0c","0c","0c","0c","3b","0c","0c","0c","0c","3b","3b","0c","3b","3b","0c","3b","0c","3b","0c","0c","0c","0c","0c"
"2023-11-29 16:00:00","PM10",NA,NA,NA,NA,NA,NA,NA,NA,NA,NA,NA,NA,NA,NA,NA,NA,NA,NA,NA,NA,NA,NA,NA,NA,NA,NA,NA,NA,NA,NA,NA,NA,NA,NA,NA,NA,NA,NA,NA,NA,"0c","0c","0c","0c","0c","0c","0c","0c","0c","0c","0c","0c","0c","0c","0c","0c","0c","0c","0c","3b","0c","0c","0c","3b","0c","0c","0c","0c","0c","0c","3b","3b","0c","0c","0c","0c","0c","0c","0c","0c"
"2023-11-29 17:00:00","PM2.5",NA,NA,NA,NA,NA,NA,NA,NA,NA,NA,NA,NA,NA,NA,NA,NA,NA,NA,NA,NA,NA,NA,NA,NA,NA,NA,NA,NA,NA,NA,NA,NA,NA,NA,NA,NA,NA,NA,NA,NA,"3b","3b","0c","0c","0c","0c","0c","0c","0c","0c","0c","0c","0c","3b","0c","0c","0c","0c","0c","0c","0c","3b","0c","3b","0c","0c","3b","3b","0c","3b","3b","0c","0c","0c","0c","0c","0c","0c","0c","0c"
"2023-11-29 18:00:00","PM10",NA,504.5987,0,307.5071,1141.9255,157.6637,430.0852,21.6615,0,4.5811,17.6978,1266.6866,NA,0.7466,59.5278,102.0805,0,0,5.1798,NA,10.8496,1.9074,0,3.2557,0,13.214,0,0.0598,0,0,NA,NA,29.9403,0,0,0,0,0,26.7995,NA,"3b","1b","1b","1b","1b","1b","1b","1b","1b","1b","1b","1b","3b","1b","1b","1b","1b","1b","1b","3b","1b","1b","1b","1b","1b","1b","1b","1b","1b","1b","3b","3b","1b","1b","1b","1b","1b","1b","1b","3b"
"2023-11-29 19:00:00","PM2.5",NA,NA,NA,NA,NA,NA,NA,NA,NA,NA,NA,NA,NA,NA,NA,NA,NA,NA,NA,NA,NA,NA,NA,NA,NA,NA,NA,NA,NA,NA,NA,NA,NA,NA,NA,NA,NA,NA,NA,NA,"0c","0c","3b","0c","0c","0c","0c","0c","0c","0c","0c","0c","3b","0c","0c","0c","0c","0c","0c","0c","0c","3b","0c","3b","0c","0c","3b","0c","0c","3b","3b","0c","0c","0c","0c","0c","0c","0c","0c","0c"
"2023-11-29 20:00:00","PM10",NA,NA,NA,NA,NA,NA,NA,NA,NA,NA,NA,NA,NA,NA,NA,NA,NA,NA,NA,NA,NA,NA,NA,NA,NA,NA,NA,NA,NA,NA,NA,NA,NA,NA,NA,NA,NA,NA,NA,NA,"0c","3b","0c","0c","0c","0c","0c","0c","0c","0c","0c","0c","3b","3b","0c","0c","0c","0c","0c","3b","0c","3b","0c","0c","0c","0c","3b","3b","0c","0c","0c","3b","0c","0c","0c","0c","0c","0c","0c","0c"
"2023-11-29 21:00:00","PM2.5",NA,NA,NA,NA,NA,NA,NA,NA,NA,NA,NA,NA,NA,NA,NA,NA,NA,NA,NA,NA,NA,NA,NA,NA,NA,NA,NA,NA,NA,NA,NA,NA,NA,NA,NA,NA,NA,NA,NA,NA,"3b","0c","0c","0c","0c","0c","0c","0c","0c","0c","0c","0c","3b","3b","0c","0c","0c","0c","0c","0c","0c","3b","0c","0c","0c","0c","3b","3b","0c","3b","3b","0c","0c","0c","0c","0c","0c","0c","0c","0c"
"2023-11-29 22:00:00","PM10",NA,NA,NA,NA,NA,NA,NA,NA,NA,NA,NA,NA,NA,NA,NA,NA,NA,NA,NA,NA,NA,NA,NA,NA,NA,NA,NA,NA,NA,NA,NA,NA,NA,NA,NA,NA,NA,NA,NA,NA,"0c","3b","0c","0c","0c","0c","0c","0c","0c","0c","0c","0c","0c","0c","0c","0c","0c","0c","0c","0c","0c","3b","0c","3b","0c","0c","0c","3b","0c","3b","3b","3b","0c","0c","0c","0c","0c","0c","0c","0c"
"2023-11-29 23:00:00","PM2.5",NA,NA,NA,NA,NA,NA,NA,NA,NA,NA,NA,NA,NA,NA,NA,NA,NA,NA,NA,NA,NA,NA,NA,NA,NA,NA,NA,NA,NA,NA,NA,NA,NA,NA,NA,NA,NA,NA,NA,NA,"0c","3b","0c","0c","0c","0c","0c","0c","3b","0c","0c","0c","0c","0c","0c","0c","0c","0c","0c","0c","0c","3b","0c","3b","0c","3b","0c","0c","0c","3b","3b","3b","0c","0c","0c","0c","0c","0c","0c","0c"
"2023-11-30 00:30:00","PM10",NA,NA,NA,NA,NA,NA,NA,NA,NA,NA,NA,NA,NA,NA,NA,NA,NA,NA,NA,NA,NA,NA,NA,NA,NA,NA,NA,NA,NA,NA,NA,NA,NA,NA,NA,NA,NA,NA,NA,NA,"0c","0c","0c","0c","0c","0c","0c","0c","0c","0c","0c","0c","0c","3b","0c","0c","0c","0c","0c","0c","0c","3b","0c","3b","0c","0c","0c","3b","0c","3b","3b","3b","0c","0c","0c","0c","0c","0c","0c","0c"
"2023-11-30 01:00:00","PM2.5",NA,NA,NA,NA,NA,NA,NA,NA,NA,NA,NA,NA,NA,NA,NA,NA,NA,NA,NA,NA,NA,NA,NA,NA,NA,NA,NA,NA,NA,NA,NA,NA,NA,NA,NA,NA,NA,NA,NA,NA,"0c","0c","0c","0c","0c","0c","0c","0c","0c","0c","0c","0c","0c","0c","0c","0c","0c","0c","0c","3b","0c","3b","0c","3b","3b","0c","3b","3b","0c","3b","3b","3b","3b","0c","0c","0c","0c","0c","0c","0c"
"2023-11-30 02:00:00","PM10",NA,0,0,398.9356,414.6505,148.2806,183.8069,5.5881,1.7774,1.1532,2.0633,173.9789,0,NA,4.7757,23.3311,0,0,2.7137,1.1245,8.3252,NA,0,0,6.588,10.8558,NA,NA,0,0,0,NA,NA,0,0,0,0,0,12.1165,0,"3b","1b","1b","1b","1b","1b","1b","1b","1b","1b","1b","1b","1b","3b","1b","1b","1b","1b","1b","1b","1b","3b","1b","1b","1b","1b","3b","3b","1b","1b","1b","3b","3b","1b","1b","1b","1b","1b","1b","1b"
"2023-11-30 03:00:00","PM2.5",NA,0,0,327.4463,71.7488,102.6616,40.1527,3.0635,NA,NA,1.584,65.651,0,NA,1.8633,16.2945,0,0,2.7894,0.6811,6.4725,NA,0,0,4.6375,15.5158,NA,NA,0,0,NA,NA,NA,0,0,0,0,0,5.6296,0,"3b","1b","1b","1b","1b","1b","1b","1b","3b","3b","1b","1b","1b","3b","1b","1b","1b","1b","1b","1b","1b","3b","1b","1b","1b","1b","3b","3b","1b","1b","3b","3b","3b","1b","1b","1b","1b","1b","1b","1b"
"2023-11-30 04:00:00","PM10",NA,0,0,364.9026,133.6694,78.1469,63.7873,2.1123,NA,NA,0.9922,80.4431,0,NA,2.0855,11.0991,0,0,1.5031,0.4905,4.4077,NA,0,0,0,13.6766,0.092,NA,0,NA,NA,NA,NA,0,0,0,0,0,4.3481,0,"3b","1b","1b","1b","1b","1b","1b","1b","3b","3b","1b","1b","1b","3b","1b","1b","1b","1b","1b","1b","1b","3b","1b","1b","1b","1b","1b","3b","1b","3b","3b","3b","3b","1b","1b","1b","1b","1b","1b","1b"
"2023-11-30 05:00:00","PM2.5",NA,0,0,504.0056,0,57.6078,12.7548,2.2213,0,NA,NA,38.4699,0,NA,1.5207,10.6208,0,0,1.1595,NA,4.1513,NA,0,0,0,NA,NA,NA,0,0,0,0,NA,0,0,0,0,0,3.4288,0,"3b","1b","1b","1b","1b","1b","1b","1b","1b","3b","3b","1b","1b","3b","1b","1b","1b","1b","1b","3b","1b","3b","1b","1b","1b","3b","3b","3b","1b","1b","1b","1b","3b","1b","1b","1b","1b","1b","1b","1b"
"2023-11-30 06:00:00","PM10",NA,0,0,619.5659,171.9444,64.97,56.1718,4.9414,0,0.9831,1.1806,122.3064,NA,NA,3.8701,24.8387,0,0,1.1023,0.5465,4.8692,NA,0,0,0,16.0369,0,0,0,NA,NA,0,NA,0,0,0,0.0038,0,4.331,0,"3b","1b","1b","1b","1b","1b","1b","1b","1b","1b","1b","1b","3b","3b","1b","1b","1b","1b","1b","1b","1b","3b","1b","1b","1b","1b","1b","1b","1b","3b","3b","1b","3b","1b","1b","1b","1b","1b","1b","1b"
"2023-11-30 07:00:00","PM2.5",NA,NA,NA,NA,NA,NA,NA,NA,NA,NA,NA,NA,NA,NA,NA,NA,NA,NA,NA,NA,NA,NA,NA,NA,NA,NA,NA,NA,NA,NA,NA,NA,NA,NA,NA,NA,NA,NA,NA,NA,"3b","0c","0c","0c","0c","0c","0c","0c","0c","3b","0c","0c","0c","0c","0c","0c","0c","0c","0c","3b","0c","3b","0c","0c","0c","3b","3b","3b","0c","0c","0c","0c","0c","0c","0c","0c","0c","0c","0c","0c"
"2023-11-30 08:00:00","PM10",NA,NA,NA,NA,NA,NA,NA,NA,NA,NA,NA,NA,NA,NA,NA,NA,NA,NA,NA,NA,NA,NA,NA,NA,NA,NA,NA,NA,NA,NA,NA,NA,NA,NA,NA,NA,NA,NA,NA,NA,"0c","3b","0c","0c","0c","0c","0c","0c","3b","0c","0c","0c","3b","3b","0c","0c","0c","0c","0c","0c","0c","3b","0c","3b","0c","3b","0c","0c","0c","3b","3b","3b","0c","0c","0c","0c","0c","0c","0c","0c"
"2023-11-30 09:00:00","PM2.5",NA,NA,NA,NA,NA,NA,NA,NA,NA,NA,NA,NA,NA,NA,NA,NA,NA,NA,NA,NA,NA,NA,NA,NA,NA,NA,NA,NA,NA,NA,NA,NA,NA,NA,NA,NA,NA,NA,NA,NA,"3b","0c","0c","0c","0c","0c","0c","0c","0c","3b","0c","0c","0c","0c","0c","0c","0c","0c","0c","0c","0c","3b","0c","3b","0c","0c","0c","0c","0c","3b","3b","0c","3b","0c","0c","0c","0c","0c","0c","0c"
"2023-11-30 10:00:00","PM10",NA,0,0,246.2468,411.2585,59.7191,152.585,10.3848,0,NA,3.3308,249.2626,0,0,7.314,17.5037,0,0,2.1739,1.6249,2.2227,1.549,0,0,0,11.4747,NA,NA,0,NA,NA,NA,NA,0,0,0,0,0,6.107,0,"3b","1b","1b","1b","1b","1b","1b","1b","1b","3b","1b","1b","1b","1b","1b","1b","1b","1b","1b","1b","1b","1b","1b","1b","1b","1b","3b","3b","1b","3b","3b","3b","3b","1b","1b","1b","1b","1b","1b","1b"
"2023-11-30 11:00:00","PM2.5",NA,NA,NA,NA,NA,NA,NA,NA,NA,NA,NA,NA,NA,NA,NA,NA,NA,NA,NA,NA,NA,NA,NA,NA,NA,NA,NA,NA,NA,NA,NA,NA,NA,NA,NA,NA,NA,NA,NA,NA,"3b","0c","0c","0c","0c","0c","0c","0c","0c","3b","0c","0c","0c","3b","0c","0c","0c","0c","0c","0c","0c","3b","0c","0c","0c","0c","0c","3b","0c","3b","3b","0c","3b","0c","0c","0c","0c","0c","0c","0c"
"2023-11-30 12:00:00","PM10",NA,NA,NA,NA,NA,NA,NA,NA,NA,NA,NA,NA,NA,NA,NA,NA,NA,NA,NA,NA,NA,NA,NA,NA,NA,NA,NA,NA,NA,NA,NA,NA,NA,NA,NA,NA,NA,NA,NA,NA,"0c","3b","0c","0c","0c","0c","0c","0c","0c","0c","0c","0c","0c","3b","0c","0c","0c","0c","0c","0c","0c","0c","0c","3b","0c","0c","0c","3b","0c","0c","3b","0c","0c","0c","0c","0c","0c","0c","0c","0c"
"2023-11-30 13:00:00","PM2.5",NA,NA,NA,NA,NA,NA,NA,NA,NA,NA,NA,NA,NA,NA,NA,NA,NA,NA,NA,NA,NA,NA,NA,NA,NA,NA,NA,NA,NA,NA,NA,NA,NA,NA,NA,NA,NA,NA,NA,NA,"3b","0c","0c","0c","0c","0c","0c","0c","0c","0c","0c","0c","0c","3b","0c","0c","0c","0c","0c","3b","0c","3b","0c","0c","0c","0c","3b","0c","0c","0c","0c","3b","3b","0c","0c","0c","0c","0c","0c","0c"
"2023-11-30 14:00:00","PM10",NA,NA,0,163.3452,757.259,53.1061,197.3332,9.1622,0,NA,1.4352,215.3945,0,NA,5.3812,20.2943,0,0,0,0,2.5469,1.546,0,0,NA,14.1612,NA,0,0,0,0,NA,NA,0,0,0,0,0,5.5414,0,"3b","3b","1b","1b","1b","1b","1b","1b","1b","3b","1b","1b","1b","3b","1b","1b","1b","1b","1b","1b","1b","1b","1b","1b","3b","1b","3b","1b","1b","1b","1b","3b","3b","1b","1b","1b","1b","1b","1b","1b"
"2023-11-30 15:00:00","PM2.5",NA,NA,NA,NA,NA,NA,NA,NA,NA,NA,NA,NA,NA,NA,NA,NA,NA,NA,NA,NA,NA,NA,NA,NA,NA,NA,NA,NA,NA,NA,NA,NA,NA,NA,NA,NA,NA,NA,NA,NA,"0c","0c","0c","0c","0c","0c","0c","0c","3b","3b","0c","0c","3b","3b","0c","0c","0c","0c","0c","0c","0c","3b","0c","0c","0c","0c","0c","3b","0c","3b","3b","3b","0c","0c","0c","0c","0c","0c","0c","0c"
"2023-11-30 16:00:00","PM10",NA,NA,NA,NA,NA,NA,NA,NA,NA,NA,NA,NA,NA,NA,NA,NA,NA,NA,NA,NA,NA,NA,NA,NA,NA,NA,NA,NA,NA,NA,NA,NA,NA,NA,NA,NA,NA,NA,NA,NA,"0c","3b","0c","0c","0c","0c","0c","0c","0c","0c","0c","0c","3b","3b","0c","0c","0c","0c","0c","0c","0c","3b","0c","0c","0c","0c","3b","0c","0c","0c","3b","3b","3b","0c","0c","0c","0c","0c","0c","0c"
"2023-11-30 17:00:00","PM2.5",NA,NA,NA,NA,NA,NA,NA,NA,NA,NA,NA,NA,NA,NA,NA,NA,NA,NA,NA,NA,NA,NA,NA,NA,NA,NA,NA,NA,NA,NA,NA,NA,NA,NA,NA,NA,NA,NA,NA,NA,"3b","0c","0c","0c","0c","0c","0c","0c","0c","0c","0c","0c","0c","3b","0c","0c","0c","0c","0c","3b","0c","3b","0c","0c","0c","0c","0c","3b","0c","0c","3b","3b","0c","0c","0c","0c","0c","0c","0c","0c"
"2023-11-30 18:00:00","PM10",NA,0,0,528.2056,426.2585,73.3572,81.5636,17.5205,1.7615,1.9842,3.0262,284.86,0,NA,8.19,21.8113,0,0,1.1762,0.5151,4.7871,NA,0,NA,0,9.2589,NA,NA,0,0,NA,NA,NA,0,0,0,0,0,8.1891,0,"3b","1b","1b","1b","1b","1b","1b","1b","1b","1b","1b","1b","1b","3b","1b","1b","1b","1b","1b","1b","1b","3b","1b","3b","1b","1b","3b","3b","1b","1b","3b","3b","3b","1b","1b","1b","1b","1b","1b","1b"
"2023-11-30 19:00:00","PM2.5",NA,NA,NA,NA,NA,NA,NA,NA,NA,NA,NA,NA,NA,NA,NA,NA,NA,NA,NA,NA,NA,NA,NA,NA,NA,NA,NA,NA,NA,NA,NA,NA,NA,NA,NA,NA,NA,NA,NA,NA,"3b","0c","0c","0c","0c","0c","0c","0c","3b","0c","0c","0c","0c","3b","0c","0c","0c","0c","0c","0c","0c","0c","0c","0c","0c","0c","3b","3b","0c","3b","3b","0c","3b","0c","0c","0c","0c","0c","0c","0c"
"2023-11-30 20:00:00","PM10",NA,NA,NA,NA,NA,NA,NA,NA,NA,NA,NA,NA,NA,NA,NA,NA,NA,NA,NA,NA,NA,NA,NA,NA,NA,NA,NA,NA,NA,NA,NA,NA,NA,NA,NA,NA,NA,NA,NA,NA,"0c","0c","0c","0c","0c","0c","0c","0c","0c","0c","0c","0c","0c","0c","0c","0c","0c","0c","0c","0c","0c","3b","0c","3b","0c","3b","0c","0c","0c","0c","3b","3b","0c","0c","0c","0c","0c","0c","0c","0c"
"2023-11-30 21:00:00","PM2.5",NA,NA,NA,NA,NA,NA,NA,NA,NA,NA,NA,NA,NA,NA,NA,NA,NA,NA,NA,NA,NA,NA,NA,NA,NA,NA,NA,NA,NA,NA,NA,NA,NA,NA,NA,NA,NA,NA,NA,NA,"0c","0c","0c","0c","0c","0c","0c","0c","0c","0c","0c","0c","0c","0c","0c","0c","0c","0c","0c","0c","0c","3b","0c","0c","0c","3b","3b","3b","0c","3b","3b","0c","0c","0c","0c","0c","0c","0c","0c","0c"
