"datetime","pm_fraction","Al","Si","P","S","Cl","K","Ca","Ti","V","Cr","Mn","Fe","Co","Ni","Cu","Zn","Ga","Ge","As","Se","Br","Sr","Y","Zr","Mo","Pd","Ag","Cd","In","Sn","Sb","Te","Ba","La","Ce","Pt","Hg","Tl","Pb","Bi","Al_Flags","Si_Flags","P_Flags","S_Flags","Cl_Flags","K_Flags","Ca_Flags","Ti_Flags","V_Flags","Cr_Flags","Mn_Flags","Fe_Flags","Co_Flags","Ni_Flags","Cu_Flags","Zn_Flags","Ga_Flags","Ge_Flags","As_Flags","Se_Flags","Br_Flags","Sr_Flags","Y_Flags","Zr_Flags","Mo_Flags","Pd_Flags","Ag_Flags","Cd_Flags","In_Flags","Sn_Flags","Sb_Flags","Te_Flags","Ba_Flags","La_Flags","Ce_Flags","Pt_Flags","Hg_Flags","Tl_Flags","Pb_Flags","Bi_Flags"
"2024-12-01 00:30:00","PM10",NA,NA,NA,NA,NA,NA,NA,NA,NA,NA,NA,NA,NA,NA,NA,NA,NA,NA,NA,NA,NA,NA,NA,NA,NA,NA,NA,NA,NA,NA,NA,NA,NA,NA,NA,NA,NA,NA,NA,NA,"0c","E: Conc. Uncertainty","0c","0c","0c","0c","0c","0c","0c","E: Conc. Uncertainty","0c","0c","0c","E: Conc. Uncertainty","E: Conc. Uncertainty","0c","0c","0c","E: Conc. Uncertainty","E: Conc. Uncertainty","0c","0c","0c","0c","0c","0c","E: Conc. Uncertainty","0c","0c","0c","E: Conc. Uncertainty","0c","0c","0c","0c","0c","0c","0c","0c","0c"
"2024-12-01 01:00:00","PM2.5",NA,NA,NA,NA,NA,NA,NA,NA,NA,NA,NA,NA,NA,NA,NA,NA,NA,NA,NA,NA,NA,NA,NA,NA,NA,NA,NA,NA,NA,NA,NA,NA,NA,NA,NA,NA,NA,NA,NA,NA,"0c","E: Conc. Uncertainty","0c","0c","0c","0c","0c","0c","E: Conc. Uncertainty","E: Conc. Uncertainty","0c","0c","0c","E: Conc. Uncertainty","E: Conc. Uncertainty","0c","0c","0c","0c","0c","0c","E: Conc. Uncertainty","0c","0c","0c","0c","E: Conc. Uncertainty","0c","0c","0c","0c","E: Conc. Uncertainty","0c","0c","0c","0c","0c","0c","0c","0c"
"2024-12-01 02:00:00","PM10",NA,NA,NA,NA,NA,NA,NA,NA,NA,NA,NA,NA,NA,NA,NA,NA,NA,NA,NA,NA,NA,NA,NA,NA,NA,NA,NA,NA,NA,NA,NA,NA,NA,NA,NA,NA,NA,NA,NA,NA,"0c","0c","0c","0c","0c","0c","0c","0c","E: Conc. Uncertainty","0c","0c","0c","0c","E: Conc. Uncertainty","E: Conc. Uncertainty","0c","0c","0c","E: Conc. Uncertainty","E: Conc. Uncertainty","0c","0c","E: Conc. Uncertainty","0c","0c","0c","0c","0c","0c","0c","0c","0c","0c","0c","0c","0c","0c","0c","0c","0c"
"2024-12-01 03:00:00","PM2.5",NA,NA,NA,NA,NA,NA,NA,NA,NA,NA,NA,NA,NA,NA,NA,NA,NA,NA,NA,NA,NA,NA,NA,NA,NA,NA,NA,NA,NA,NA,NA,NA,NA,NA,NA,NA,NA,NA,NA,NA,"0c","E: Conc. Uncertainty","0c","0c","0c","0c","0c","0c","E: Conc. Uncertainty","E: Conc. Uncertainty","0c","0c","E: Conc. Uncertainty","E: Conc. Uncertainty","E: Conc. Uncertainty","0c","0c","0c","0c","0c","0c","E: Conc. Uncertainty","E: Conc. Uncertainty","0c","0c","0c","E: Conc. Uncertainty","0c","0c","0c","0c","0c","0c","E: Conc. Uncertainty","0c","0c","0c","0c","0c","0c"
"2024-12-01 04:00:00","PM10",NA,NA,NA,NA,NA,NA,NA,NA,NA,NA,NA,NA,NA,NA,NA,NA,NA,NA,NA,NA,NA,NA,NA,NA,NA,NA,NA,NA,NA,NA,NA,NA,NA,NA,NA,NA,NA,NA,NA,NA,"0c","0c","0c","0c","0c","0c","0c","0c","0c","E: Conc. Uncertainty","0c","0c","0c","E: Conc. Uncertainty","E: Conc. Uncertainty","0c","0c","0c","0c","E: Conc. Uncertainty","0c","E: Conc. Uncertainty","0c","0c","0c","0c","0c","0c","0c","0c","E: Conc. Uncertainty","0c","0c","0c","0c","0c","0c","0c","0c","0c"
"2024-12-01 05:00:00","PM2.5",NA,NA,NA,NA,NA,NA,NA,NA,NA,NA,NA,NA,NA,NA,NA,NA,NA,NA,NA,NA,NA,NA,NA,NA,NA,NA,NA,NA,NA,NA,NA,NA,NA,NA,NA,NA,NA,NA,NA,NA,"0c","E: Conc. Uncertainty","0c","0c","0c","0c","0c","0c","E: Conc. Uncertainty","E: Conc. Uncertainty","0c","0c","0c","0c","E: Conc. Uncertainty","0c","0c","0c","0c","0c","0c","E: Conc. Uncertainty","0c","0c","0c","0c","E: Conc. Uncertainty","E: Conc. Uncertainty","0c","E: Conc. Uncertainty","E: Conc. Uncertainty","E: Conc. Uncertainty","0c","0c","0c","0c","0c","0c","E: Conc. Uncertainty","0c"
"2024-12-01 06:00:00","PM10",NA,NA,NA,NA,NA,NA,NA,NA,NA,NA,NA,NA,NA,NA,NA,NA,NA,NA,NA,NA,NA,NA,NA,NA,NA,NA,NA,NA,NA,NA,NA,NA,NA,NA,NA,NA,NA,NA,NA,NA,"0c","E: Conc. Uncertainty","0c","0c","0c","0c","0c","0c","0c","E: Conc. Uncertainty","0c","0c","0c","E: Conc. Uncertainty","E: Conc. Uncertainty","0c","0c","0c","E: Conc. Uncertainty","0c","0c","E: Conc. Uncertainty","0c","0c","0c","E: Conc. Uncertainty","0c","0c","0c","E: Conc. Uncertainty","E: Conc. Uncertainty","E: Conc. Uncertainty","0c","0c","0c","0c","0c","0c","0c","0c"
"2024-12-01 07:00:00","PM2.5",NA,NA,NA,NA,NA,NA,NA,NA,NA,NA,NA,NA,NA,NA,NA,NA,NA,NA,NA,NA,NA,NA,NA,NA,NA,NA,NA,NA,NA,NA,NA,NA,NA,NA,NA,NA,NA,NA,NA,NA,"0c","E: Conc. Uncertainty","0c","0c","0c","0c","0c","0c","0c","E: Conc. Uncertainty","0c","0c","0c","0c","E: Conc. Uncertainty","0c","0c","0c","E: Conc. Uncertainty","0c","0c","E: Conc. Uncertainty","0c","E: Conc. Uncertainty","0c","0c","E: Conc. Uncertainty","0c","0c","E: Conc. Uncertainty","E: Conc. Uncertainty","0c","0c","0c","0c","0c","0c","0c","0c","0c"
"2024-12-01 08:00:00","PM10",NA,NA,NA,NA,NA,NA,NA,NA,NA,NA,NA,NA,NA,NA,NA,NA,NA,NA,NA,NA,NA,NA,NA,NA,NA,NA,NA,NA,NA,NA,NA,NA,NA,NA,NA,NA,NA,NA,NA,NA,"0c","0c","0c","0c","0c","0c","0c","0c","0c","E: Conc. Uncertainty","0c","0c","0c","E: Conc. Uncertainty","E: Conc. Uncertainty","0c","0c","0c","E: Conc. Uncertainty","0c","0c","E: Conc. Uncertainty","0c","0c","0c","0c","0c","0c","0c","0c","E: Conc. Uncertainty","0c","0c","0c","0c","0c","0c","E: Conc. Uncertainty","0c","0c"
"2024-12-01 09:00:00","PM2.5",NA,NA,NA,NA,NA,NA,NA,NA,NA,NA,NA,NA,NA,NA,NA,NA,NA,NA,NA,NA,NA,NA,NA,NA,NA,NA,NA,NA,NA,NA,NA,NA,NA,NA,NA,NA,NA,NA,NA,NA,"0c","0c","0c","0c","0c","0c","0c","0c","E: Conc. Uncertainty","E: Conc. Uncertainty","0c","0c","0c","E: Conc. Uncertainty","E: Conc. Uncertainty","0c","0c","0c","E: Conc. Uncertainty","0c","0c","E: Conc. Uncertainty","0c","0c","0c","0c","E: Conc. Uncertainty","E: Conc. Uncertainty","0c","E: Conc. Uncertainty","E: Conc. Uncertainty","E: Conc. Uncertainty","0c","0c","0c","0c","0c","0c","0c","0c"
"2024-12-01 10:00:00","PM10",NA,NA,NA,NA,NA,NA,NA,NA,NA,NA,NA,NA,NA,NA,NA,NA,NA,NA,NA,NA,NA,NA,NA,NA,NA,NA,NA,NA,NA,NA,NA,NA,NA,NA,NA,NA,NA,NA,NA,NA,"0c","E: Conc. Uncertainty","0c","0c","0c","0c","0c","0c","0c","E: Conc. Uncertainty","0c","0c","0c","E: Conc. Uncertainty","0c","0c","0c","E: Conc. Uncertainty","0c","0c","0c","E: Conc. Uncertainty","0c","0c","0c","0c","0c","0c","0c","0c","E: Conc. Uncertainty","0c","0c","0c","0c","0c","0c","0c","0c","0c"
"2024-12-01 11:00:00","PM2.5",NA,NA,NA,NA,NA,NA,NA,NA,NA,NA,NA,NA,NA,NA,NA,NA,NA,NA,NA,NA,NA,NA,NA,NA,NA,NA,NA,NA,NA,NA,NA,NA,NA,NA,NA,NA,NA,NA,NA,NA,"0c","0c","0c","0c","0c","0c","0c","0c","0c","E: Conc. Uncertainty","0c","0c","0c","E: Conc. Uncertainty","E: Conc. Uncertainty","0c","0c","0c","E: Conc. Uncertainty","0c","E: Conc. Uncertainty","0c","0c","0c","0c","0c","0c","0c","0c","0c","E: Conc. Uncertainty","E: Conc. Uncertainty","0c","0c","0c","0c","0c","0c","0c","0c"
"2024-12-01 12:00:00","PM10",NA,NA,NA,NA,NA,NA,NA,NA,NA,NA,NA,NA,NA,NA,NA,NA,NA,NA,NA,NA,NA,NA,NA,NA,NA,NA,NA,NA,NA,NA,NA,NA,NA,NA,NA,NA,NA,NA,NA,NA,"0c","0c","0c","0c","0c","0c","0c","0c","0c","E: Conc. Uncertainty","0c","0c","0c","0c","0c","0c","0c","0c","E: Conc. Uncertainty","0c","0c","0c","0c","0c","0c","0c","0c","E: Conc. Uncertainty","E: Conc. Uncertainty","0c","0c","E: Conc. Uncertainty","E: Conc. Uncertainty","0c","0c","0c","0c","0c","0c","0c"
"2024-12-01 13:00:00","PM2.5",NA,NA,NA,NA,NA,NA,NA,NA,NA,NA,NA,NA,NA,NA,NA,NA,NA,NA,NA,NA,NA,NA,NA,NA,NA,NA,NA,NA,NA,NA,NA,NA,NA,NA,NA,NA,NA,NA,NA,NA,"0c","0c","0c","0c","0c","0c","0c","E: Conc. Uncertainty","0c","E: Conc. Uncertainty","0c","0c","0c","E: Conc. Uncertainty","0c","0c","0c","0c","E: Conc. Uncertainty","0c","0c","0c","E: Conc. Uncertainty","0c","0c","0c","0c","0c","0c","E: Conc. Uncertainty","0c","0c","E: Conc. Uncertainty","0c","0c","0c","0c","0c","0c","0c"
"2024-12-01 14:00:00","PM10",NA,NA,NA,NA,NA,NA,NA,NA,NA,NA,NA,NA,NA,NA,NA,NA,NA,NA,NA,NA,NA,NA,NA,NA,NA,NA,NA,NA,NA,NA,NA,NA,NA,NA,NA,NA,NA,NA,NA,NA,"0c","0c","0c","0c","0c","0c","0c","0c","0c","0c","0c","0c","0c","0c","0c","0c","0c","0c","E: Conc. Uncertainty","E: Conc. Uncertainty","0c","E: Conc. Uncertainty","E: Conc. Uncertainty","E: Conc. Uncertainty","0c","E: Conc. Uncertainty","0c","0c","0c","E: Conc. Uncertainty","0c","E: Conc. Uncertainty","0c","0c","0c","0c","0c","0c","0c","0c"
"2024-12-01 15:00:00","PM2.5",NA,NA,NA,NA,NA,NA,NA,NA,NA,NA,NA,NA,NA,NA,NA,NA,NA,NA,NA,NA,NA,NA,NA,NA,NA,NA,NA,NA,NA,NA,NA,NA,NA,NA,NA,NA,NA,NA,NA,NA,"0c","0c","0c","0c","0c","0c","0c","0c","0c","E: Conc. Uncertainty","0c","0c","0c","E: Conc. Uncertainty","0c","E: Conc. Uncertainty","0c","E: Conc. Uncertainty","E: Conc. Uncertainty","0c","0c","0c","E: Conc. Uncertainty","0c","0c","0c","E: Conc. Uncertainty","0c","0c","0c","E: Conc. Uncertainty","0c","0c","0c","0c","0c","0c","0c","0c","0c"
"2024-12-01 16:00:00","PM10",NA,NA,NA,NA,NA,NA,NA,NA,NA,NA,NA,NA,NA,NA,NA,NA,NA,NA,NA,NA,NA,NA,NA,NA,NA,NA,NA,NA,NA,NA,NA,NA,NA,NA,NA,NA,NA,NA,NA,NA,"0c","0c","0c","0c","0c","0c","0c","E: Conc. Uncertainty","0c","0c","0c","0c","0c","E: Conc. Uncertainty","0c","0c","0c","0c","E: Conc. Uncertainty","0c","0c","E: Conc. Uncertainty","E: Conc. Uncertainty","0c","0c","0c","E: Conc. Uncertainty","0c","0c","0c","0c","E: Conc. Uncertainty","0c","0c","0c","0c","0c","0c","0c","0c"
"2024-12-01 17:00:00","PM2.5",NA,NA,NA,NA,NA,NA,NA,NA,NA,NA,NA,NA,NA,NA,NA,NA,NA,NA,NA,NA,NA,NA,NA,NA,NA,NA,NA,NA,NA,NA,NA,NA,NA,NA,NA,NA,NA,NA,NA,NA,"0c","0c","0c","0c","0c","0c","0c","0c","0c","E: Conc. Uncertainty","0c","0c","0c","E: Conc. Uncertainty","E: Conc. Uncertainty","0c","0c","0c","E: Conc. Uncertainty","E: Conc. Uncertainty","0c","E: Conc. Uncertainty","0c","0c","0c","0c","0c","E: Conc. Uncertainty","0c","E: Conc. Uncertainty","E: Conc. Uncertainty","0c","0c","0c","0c","0c","0c","0c","0c","0c"
"2024-12-01 18:00:00","PM10",NA,NA,NA,NA,NA,NA,NA,NA,NA,NA,NA,NA,NA,NA,NA,NA,NA,NA,NA,NA,NA,NA,NA,NA,NA,NA,NA,NA,NA,NA,NA,NA,NA,NA,NA,NA,NA,NA,NA,NA,"0c","0c","0c","0c","0c","0c","0c","0c","0c","E: Conc. Uncertainty","0c","0c","0c","E: Conc. Uncertainty","0c","0c","0c","E: Conc. Uncertainty","0c","0c","0c","E: Conc. Uncertainty","E: Conc. Uncertainty","0c","0c","0c","E: Conc. Uncertainty","E: Conc. Uncertainty","0c","E: Conc. Uncertainty","0c","0c","0c","0c","E: Conc. Uncertainty","0c","0c","0c","0c","0c"
"2024-12-01 19:00:00","PM2.5",NA,NA,NA,NA,NA,NA,NA,NA,NA,NA,NA,NA,NA,NA,NA,NA,NA,NA,NA,NA,NA,NA,NA,NA,NA,NA,NA,NA,NA,NA,NA,NA,NA,NA,NA,NA,NA,NA,NA,NA,"0c","0c","0c","0c","0c","0c","0c","0c","0c","E: Conc. Uncertainty","0c","0c","0c","0c","0c","0c","0c","0c","E: Conc. Uncertainty","E: Conc. Uncertainty","0c","0c","0c","0c","0c","0c","0c","E: Conc. Uncertainty","0c","0c","0c","0c","0c","0c","0c","0c","0c","0c","0c","0c"
"2024-12-01 20:00:00","PM10",NA,NA,NA,NA,NA,NA,NA,NA,NA,NA,NA,NA,NA,NA,NA,NA,NA,NA,NA,NA,NA,NA,NA,NA,NA,NA,NA,NA,NA,NA,NA,NA,NA,NA,NA,NA,NA,NA,NA,NA,"0c","0c","0c","0c","0c","0c","0c","0c","0c","0c","0c","0c","0c","E: Conc. Uncertainty","0c","0c","0c","0c","E: Conc. Uncertainty","0c","0c","0c","0c","0c","0c","0c","0c","0c","0c","0c","0c","0c","E: Conc. Uncertainty","0c","0c","0c","0c","0c","0c","0c"
"2024-12-01 21:00:00","PM2.5",NA,NA,NA,NA,NA,NA,NA,NA,NA,NA,NA,NA,NA,NA,NA,NA,NA,NA,NA,NA,NA,NA,NA,NA,NA,NA,NA,NA,NA,NA,NA,NA,NA,NA,NA,NA,NA,NA,NA,NA,"0c","0c","0c","0c","0c","0c","0c","0c","E: Conc. Uncertainty","0c","0c","0c","0c","E: Conc. Uncertainty","0c","0c","0c","0c","0c","0c","0c","0c","0c","0c","0c","0c","0c","0c","0c","0c","0c","0c","0c","0c","0c","0c","0c","0c","0c","0c"
"2024-12-01 22:00:00","PM10",NA,NA,NA,NA,NA,NA,NA,NA,NA,NA,NA,NA,NA,NA,NA,NA,NA,NA,NA,NA,NA,NA,NA,NA,NA,NA,NA,NA,NA,NA,NA,NA,NA,NA,NA,NA,NA,NA,NA,NA,"0c","0c","0c","0c","0c","0c","0c","E: Conc. Uncertainty","0c","0c","0c","0c","0c","0c","0c","0c","0c","0c","0c","0c","0c","0c","0c","0c","0c","0c","0c","0c","0c","0c","0c","0c","0c","0c","0c","0c","0c","0c","0c","0c"
"2024-12-01 23:00:00","PM2.5",NA,NA,NA,NA,NA,NA,NA,NA,NA,NA,NA,NA,NA,NA,NA,NA,NA,NA,NA,NA,NA,NA,NA,NA,NA,NA,NA,NA,NA,NA,NA,NA,NA,NA,NA,NA,NA,NA,NA,NA,"E: Conc. Uncertainty","0c","E: Conc. Uncertainty","0c","0c","0c","E: Conc. Uncertainty","0c","0c","E: Conc. Uncertainty","0c","0c","0c","E: Conc. Uncertainty","0c","0c","E: Conc. Uncertainty","0c","E: Conc. Uncertainty","E: Conc. Uncertainty","0c","E: Conc. Uncertainty","E: Conc. Uncertainty","0c","E: Conc. Uncertainty","0c","E: Conc. Uncertainty","E: Conc. Uncertainty","0c","0c","E: Conc. Uncertainty","0c","0c","E: Conc. Uncertainty","0c","0c","0c","0c","0c","0c"
"2024-12-02 00:30:00","PM10",NA,NA,NA,NA,NA,NA,NA,NA,NA,NA,NA,NA,NA,NA,NA,NA,NA,NA,NA,NA,NA,NA,NA,NA,NA,NA,NA,NA,NA,NA,NA,NA,NA,NA,NA,NA,NA,NA,NA,NA,"0c","0c","0c","0c","0c","0c","0c","0c","0c","E: Conc. Uncertainty","0c","0c","0c","0c","E: Conc. Uncertainty","0c","0c","0c","E: Conc. Uncertainty","0c","E: Conc. Uncertainty","0c","0c","0c","0c","E: Conc. Uncertainty","0c","E: Conc. Uncertainty","0c","0c","E: Conc. Uncertainty","E: Conc. Uncertainty","0c","0c","0c","0c","0c","0c","0c","0c"
"2024-12-02 01:00:00","PM2.5",NA,NA,NA,NA,NA,NA,NA,NA,NA,NA,NA,NA,NA,NA,NA,NA,NA,NA,NA,NA,NA,NA,NA,NA,NA,NA,NA,NA,NA,NA,NA,NA,NA,NA,NA,NA,NA,NA,NA,NA,"0c","0c","0c","0c","0c","0c","0c","0c","0c","0c","0c","0c","0c","E: Conc. Uncertainty","E: Conc. Uncertainty","0c","0c","0c","E: Conc. Uncertainty","0c","E: Conc. Uncertainty","E: Conc. Uncertainty","0c","0c","0c","0c","E: Conc. Uncertainty","0c","0c","0c","0c","E: Conc. Uncertainty","0c","0c","0c","0c","0c","0c","0c","0c"
"2024-12-02 02:00:00","PM10",NA,NA,NA,NA,NA,NA,NA,NA,NA,NA,NA,NA,NA,NA,NA,NA,NA,NA,NA,NA,NA,NA,NA,NA,NA,NA,NA,NA,NA,NA,NA,NA,NA,NA,NA,NA,NA,NA,NA,NA,"0c","0c","0c","0c","0c","0c","0c","0c","0c","E: Conc. Uncertainty","0c","0c","E: Conc. Uncertainty","E: Conc. Uncertainty","E: Conc. Uncertainty","0c","0c","0c","E: Conc. Uncertainty","0c","E: Conc. Uncertainty","0c","0c","0c","0c","E: Conc. Uncertainty","0c","0c","0c","0c","E: Conc. Uncertainty","0c","0c","0c","0c","0c","0c","0c","0c","0c"
"2024-12-02 03:00:00","PM2.5",NA,NA,NA,NA,NA,NA,NA,NA,NA,NA,NA,NA,NA,NA,NA,NA,NA,NA,NA,NA,NA,NA,NA,NA,NA,NA,NA,NA,NA,NA,NA,NA,NA,NA,NA,NA,NA,NA,NA,NA,"0c","0c","0c","0c","0c","0c","0c","0c","0c","E: Conc. Uncertainty","0c","E: Conc. Uncertainty","0c","E: Conc. Uncertainty","E: Conc. Uncertainty","E: Conc. Uncertainty","0c","E: Conc. Uncertainty","E: Conc. Uncertainty","0c","E: Conc. Uncertainty","0c","E: Conc. Uncertainty","0c","0c","E: Conc. Uncertainty","E: Conc. Uncertainty","0c","0c","0c","0c","0c","0c","0c","0c","0c","0c","0c","0c","0c"
"2024-12-02 04:00:00","PM10",NA,NA,NA,NA,NA,NA,NA,NA,NA,NA,NA,NA,NA,NA,NA,NA,NA,NA,NA,NA,NA,NA,NA,NA,NA,NA,NA,NA,NA,NA,NA,NA,NA,NA,NA,NA,NA,NA,NA,NA,"0c","0c","E: Conc. Uncertainty","0c","0c","0c","0c","0c","0c","E: Conc. Uncertainty","0c","0c","0c","E: Conc. Uncertainty","0c","E: Conc. Uncertainty","0c","E: Conc. Uncertainty","E: Conc. Uncertainty","E: Conc. Uncertainty","0c","E: Conc. Uncertainty","0c","0c","0c","0c","0c","E: Conc. Uncertainty","0c","0c","0c","E: Conc. Uncertainty","0c","0c","0c","0c","0c","0c","0c","0c"
"2024-12-02 05:00:00","PM2.5",NA,NA,NA,NA,NA,NA,NA,NA,NA,NA,NA,NA,NA,NA,NA,NA,NA,NA,NA,NA,NA,NA,NA,NA,NA,NA,NA,NA,NA,NA,NA,NA,NA,NA,NA,NA,NA,NA,NA,NA,"0c","0c","0c","0c","0c","0c","0c","0c","0c","E: Conc. Uncertainty","0c","0c","E: Conc. Uncertainty","0c","E: Conc. Uncertainty","0c","0c","0c","0c","E: Conc. Uncertainty","E: Conc. Uncertainty","E: Conc. Uncertainty","E: Conc. Uncertainty","0c","0c","0c","0c","0c","0c","0c","0c","0c","0c","0c","0c","0c","0c","E: Conc. Uncertainty","0c","0c"
"2024-12-02 06:00:00","PM10",NA,NA,NA,NA,NA,NA,NA,NA,NA,NA,NA,NA,NA,NA,NA,NA,NA,NA,NA,NA,NA,NA,NA,NA,NA,NA,NA,NA,NA,NA,NA,NA,NA,NA,NA,NA,NA,NA,NA,NA,"0c","0c","E: Conc. Uncertainty","0c","0c","0c","0c","0c","E: Conc. Uncertainty","E: Conc. Uncertainty","0c","0c","E: Conc. Uncertainty","E: Conc. Uncertainty","0c","0c","0c","0c","E: Conc. Uncertainty","E: Conc. Uncertainty","0c","0c","E: Conc. Uncertainty","0c","0c","0c","E: Conc. Uncertainty","E: Conc. Uncertainty","0c","E: Conc. Uncertainty","E: Conc. Uncertainty","E: Conc. Uncertainty","E: Conc. Uncertainty","0c","0c","0c","0c","0c","0c","0c"
"2024-12-02 07:00:00","PM2.5",NA,NA,NA,NA,NA,NA,NA,NA,NA,NA,NA,NA,NA,NA,NA,NA,NA,NA,NA,NA,NA,NA,NA,NA,NA,NA,NA,NA,NA,NA,NA,NA,NA,NA,NA,NA,NA,NA,NA,NA,"0c","0c","0c","0c","0c","0c","0c","0c","0c","0c","0c","0c","0c","0c","0c","E: Conc. Uncertainty","0c","0c","0c","0c","E: Conc. Uncertainty","E: Conc. Uncertainty","E: Conc. Uncertainty","0c","0c","0c","0c","0c","0c","0c","E: Conc. Uncertainty","0c","0c","0c","E: Conc. Uncertainty","0c","0c","0c","0c","0c"
"2024-12-02 08:00:00","PM10",NA,NA,NA,NA,NA,NA,NA,NA,NA,NA,NA,NA,NA,NA,NA,NA,NA,NA,NA,NA,NA,NA,NA,NA,NA,NA,NA,NA,NA,NA,NA,NA,NA,NA,NA,NA,NA,NA,NA,NA,"0c","0c","0c","0c","0c","0c","0c","0c","0c","0c","0c","0c","0c","0c","0c","0c","0c","0c","E: Conc. Uncertainty","0c","E: Conc. Uncertainty","0c","0c","E: Conc. Uncertainty","0c","0c","0c","0c","0c","0c","E: Conc. Uncertainty","0c","E: Conc. Uncertainty","0c","0c","0c","0c","0c","0c","0c"
"2024-12-02 09:00:00","PM2.5",NA,NA,NA,NA,NA,NA,NA,NA,NA,NA,NA,NA,NA,NA,NA,NA,NA,NA,NA,NA,NA,NA,NA,NA,NA,NA,NA,NA,NA,NA,NA,NA,NA,NA,NA,NA,NA,NA,NA,NA,"0c","0c","E: Conc. Uncertainty","0c","0c","0c","0c","E: Conc. Uncertainty","E: Conc. Uncertainty","E: Conc. Uncertainty","E: Conc. Uncertainty","0c","0c","E: Conc. Uncertainty","0c","0c","0c","0c","E: Conc. Uncertainty","0c","E: Conc. Uncertainty","0c","E: Conc. Uncertainty","0c","0c","0c","E: Conc. Uncertainty","0c","0c","0c","0c","0c","E: Conc. Uncertainty","0c","0c","0c","0c","0c","0c","0c"
"2024-12-02 10:00:00","PM10",NA,NA,NA,NA,NA,NA,NA,NA,NA,NA,NA,NA,NA,NA,NA,NA,NA,NA,NA,NA,NA,NA,NA,NA,NA,NA,NA,NA,NA,NA,NA,NA,NA,NA,NA,NA,NA,NA,NA,NA,"0c","0c","0c","0c","0c","0c","0c","0c","0c","0c","E: Conc. Uncertainty","0c","0c","0c","0c","0c","0c","0c","0c","0c","0c","E: Conc. Uncertainty","E: Conc. Uncertainty","0c","0c","0c","0c","0c","0c","0c","E: Conc. Uncertainty","E: Conc. Uncertainty","0c","0c","0c","0c","0c","0c","0c","0c"
"2024-12-02 11:00:00","PM2.5",NA,NA,NA,NA,NA,NA,NA,NA,NA,NA,NA,NA,NA,NA,NA,NA,NA,NA,NA,NA,NA,NA,NA,NA,NA,NA,NA,NA,NA,NA,NA,NA,NA,NA,NA,NA,NA,NA,NA,NA,"0c","0c","0c","0c","0c","0c","0c","E: Conc. Uncertainty","0c","0c","E: Conc. Uncertainty","0c","0c","E: Conc. Uncertainty","0c","0c","0c","0c","0c","0c","0c","0c","0c","0c","0c","0c","0c","E: Conc. Uncertainty","0c","0c","E: Conc. Uncertainty","E: Conc. Uncertainty","0c","0c","0c","0c","0c","0c","0c","0c"
"2024-12-02 12:00:00","PM10",NA,NA,NA,NA,NA,NA,NA,NA,NA,NA,NA,NA,NA,NA,NA,NA,NA,NA,NA,NA,NA,NA,NA,NA,NA,NA,NA,NA,NA,NA,NA,NA,NA,NA,NA,NA,NA,NA,NA,NA,"0c","0c","0c","0c","0c","0c","0c","E: Conc. Uncertainty","0c","0c","E: Conc. Uncertainty","0c","0c","0c","0c","0c","0c","0c","E: Conc. Uncertainty","0c","0c","E: Conc. Uncertainty","0c","0c","0c","0c","0c","0c","0c","0c","E: Conc. Uncertainty","0c","E: Conc. Uncertainty","0c","0c","0c","0c","0c","0c","0c"
"2024-12-02 13:00:00","PM2.5",NA,NA,NA,NA,NA,NA,NA,NA,NA,NA,NA,NA,NA,NA,NA,NA,NA,NA,NA,NA,NA,NA,NA,NA,NA,NA,NA,NA,NA,NA,NA,NA,NA,NA,NA,NA,NA,NA,NA,NA,"0c","0c","0c","0c","0c","0c","0c","E: Conc. Uncertainty","0c","0c","0c","0c","0c","E: Conc. Uncertainty","0c","0c","0c","0c","E: Conc. Uncertainty","0c","E: Conc. Uncertainty","E: Conc. Uncertainty","0c","0c","0c","0c","0c","0c","0c","0c","0c","0c","0c","0c","0c","0c","0c","0c","0c","0c"
"2024-12-02 14:00:00","PM10",NA,NA,NA,NA,NA,NA,NA,NA,NA,NA,NA,NA,NA,NA,NA,NA,NA,NA,NA,NA,NA,NA,NA,NA,NA,NA,NA,NA,NA,NA,NA,NA,NA,NA,NA,NA,NA,NA,NA,NA,"0c","0c","0c","0c","0c","0c","0c","0c","0c","E: Conc. Uncertainty","0c","0c","E: Conc. Uncertainty","0c","0c","0c","0c","0c","E: Conc. Uncertainty","0c","E: Conc. Uncertainty","E: Conc. Uncertainty","0c","0c","0c","0c","0c","0c","0c","0c","0c","E: Conc. Uncertainty","0c","0c","0c","0c","0c","0c","0c","0c"
"2024-12-02 15:00:00","PM2.5",NA,NA,NA,NA,NA,NA,NA,NA,NA,NA,NA,NA,NA,NA,NA,NA,NA,NA,NA,NA,NA,NA,NA,NA,NA,NA,NA,NA,NA,NA,NA,NA,NA,NA,NA,NA,NA,NA,NA,NA,"0c","0c","E: Conc. Uncertainty","0c","0c","0c","0c","0c","0c","0c","0c","0c","0c","0c","0c","0c","0c","0c","0c","0c","E: Conc. Uncertainty","0c","0c","0c","0c","0c","0c","0c","0c","0c","E: Conc. Uncertainty","0c","0c","0c","0c","0c","0c","0c","0c","0c"
"2024-12-02 16:00:00","PM10",NA,NA,NA,NA,NA,NA,NA,NA,NA,NA,NA,NA,NA,NA,NA,NA,NA,NA,NA,NA,NA,NA,NA,NA,NA,NA,NA,NA,NA,NA,NA,NA,NA,NA,NA,NA,NA,NA,NA,NA,"0c","0c","0c","0c","0c","0c","0c","0c","0c","0c","E: Conc. Uncertainty","0c","0c","E: Conc. Uncertainty","0c","0c","0c","0c","0c","0c","0c","E: Conc. Uncertainty","0c","E: Conc. Uncertainty","0c","0c","0c","0c","E: Conc. Uncertainty","E: Conc. Uncertainty","E: Conc. Uncertainty","E: Conc. Uncertainty","E: Conc. Uncertainty","0c","0c","0c","0c","0c","0c","0c"
"2024-12-02 17:00:00","PM2.5",NA,NA,NA,NA,NA,NA,NA,NA,NA,NA,NA,NA,NA,NA,NA,NA,NA,NA,NA,NA,NA,NA,NA,NA,NA,NA,NA,NA,NA,NA,NA,NA,NA,NA,NA,NA,NA,NA,NA,NA,"0c","0c","0c","0c","0c","0c","0c","0c","0c","0c","E: Conc. Uncertainty","0c","0c","E: Conc. Uncertainty","0c","0c","0c","0c","0c","0c","E: Conc. Uncertainty","E: Conc. Uncertainty","0c","E: Conc. Uncertainty","0c","E: Conc. Uncertainty","0c","0c","0c","E: Conc. Uncertainty","E: Conc. Uncertainty","0c","E: Conc. Uncertainty","0c","0c","0c","0c","0c","0c","0c"
"2024-12-02 18:00:00","PM10",NA,NA,NA,NA,NA,NA,NA,NA,NA,NA,NA,NA,NA,NA,NA,NA,NA,NA,NA,NA,NA,NA,NA,NA,NA,NA,NA,NA,NA,NA,NA,NA,NA,NA,NA,NA,NA,NA,NA,NA,"0c","0c","0c","0c","0c","0c","0c","0c","0c","0c","0c","0c","0c","0c","0c","0c","0c","0c","0c","0c","E: Conc. Uncertainty","0c","0c","0c","0c","0c","E: Conc. Uncertainty","0c","0c","0c","E: Conc. Uncertainty","E: Conc. Uncertainty","E: Conc. Uncertainty","0c","0c","0c","0c","0c","0c","0c"
"2024-12-02 19:00:00","PM2.5",NA,NA,NA,NA,NA,NA,NA,NA,NA,NA,NA,NA,NA,NA,NA,NA,NA,NA,NA,NA,NA,NA,NA,NA,NA,NA,NA,NA,NA,NA,NA,NA,NA,NA,NA,NA,NA,NA,NA,NA,"0c","0c","E: Conc. Uncertainty","0c","0c","0c","0c","E: Conc. Uncertainty","0c","0c","0c","0c","0c","E: Conc. Uncertainty","0c","0c","0c","0c","0c","0c","E: Conc. Uncertainty","E: Conc. Uncertainty","E: Conc. Uncertainty","0c","0c","0c","E: Conc. Uncertainty","E: Conc. Uncertainty","0c","0c","0c","E: Conc. Uncertainty","E: Conc. Uncertainty","0c","0c","0c","0c","0c","0c","0c"
"2024-12-02 20:00:00","PM10",NA,NA,NA,NA,NA,NA,NA,NA,NA,NA,NA,NA,NA,NA,NA,NA,NA,NA,NA,NA,NA,NA,NA,NA,NA,NA,NA,NA,NA,NA,NA,NA,NA,NA,NA,NA,NA,NA,NA,NA,"0c","0c","0c","0c","0c","0c","0c","E: Conc. Uncertainty","0c","0c","0c","0c","0c","E: Conc. Uncertainty","0c","0c","0c","0c","0c","0c","0c","0c","E: Conc. Uncertainty","0c","0c","0c","0c","0c","0c","0c","E: Conc. Uncertainty","E: Conc. Uncertainty","E: Conc. Uncertainty","0c","0c","0c","0c","0c","0c","0c"
"2024-12-02 21:00:00","PM2.5",NA,NA,NA,NA,NA,NA,NA,NA,NA,NA,NA,NA,NA,NA,NA,NA,NA,NA,NA,NA,NA,NA,NA,NA,NA,NA,NA,NA,NA,NA,NA,NA,NA,NA,NA,NA,NA,NA,NA,NA,"E: Conc. Uncertainty","0c","0c","0c","0c","0c","0c","0c","0c","0c","0c","0c","0c","E: Conc. Uncertainty","0c","0c","0c","0c","0c","0c","0c","E: Conc. Uncertainty","E: Conc. Uncertainty","0c","0c","0c","E: Conc. Uncertainty","0c","0c","0c","E: Conc. Uncertainty","E: Conc. Uncertainty","E: Conc. Uncertainty","0c","0c","0c","0c","0c","E: Conc. Uncertainty","0c"
"2024-12-02 22:00:00","PM10",NA,NA,NA,NA,NA,NA,NA,NA,NA,NA,NA,NA,NA,NA,NA,NA,NA,NA,NA,NA,NA,NA,NA,NA,NA,NA,NA,NA,NA,NA,NA,NA,NA,NA,NA,NA,NA,NA,NA,NA,"0c","0c","E: Conc. Uncertainty","0c","0c","0c","0c","0c","0c","0c","E: Conc. Uncertainty","0c","0c","E: Conc. Uncertainty","0c","0c","0c","0c","0c","0c","0c","E: Conc. Uncertainty","0c","0c","0c","0c","0c","0c","0c","0c","0c","0c","E: Conc. Uncertainty","0c","0c","0c","0c","0c","0c","0c"
"2024-12-02 23:00:00","PM2.5",NA,NA,NA,NA,NA,NA,NA,NA,NA,NA,NA,NA,NA,NA,NA,NA,NA,NA,NA,NA,NA,NA,NA,NA,NA,NA,NA,NA,NA,NA,NA,NA,NA,NA,NA,NA,NA,NA,NA,NA,"0c","0c","0c","0c","0c","0c","0c","0c","0c","0c","0c","0c","0c","E: Conc. Uncertainty","0c","0c","0c","0c","0c","E: Conc. Uncertainty","0c","E: Conc. Uncertainty","0c","0c","0c","E: Conc. Uncertainty","0c","0c","E: Conc. Uncertainty","E: Conc. Uncertainty","E: Conc. Uncertainty","0c","E: Conc. Uncertainty","0c","0c","0c","0c","0c","0c","0c"
"2024-12-03 00:30:00","PM10",NA,NA,NA,NA,NA,NA,NA,NA,NA,NA,NA,NA,NA,NA,NA,NA,NA,NA,NA,NA,NA,NA,NA,NA,NA,NA,NA,NA,NA,NA,NA,NA,NA,NA,NA,NA,NA,NA,NA,NA,"0c","0c","0c","0c","0c","0c","0c","E: Conc. Uncertainty","0c","0c","E: Conc. Uncertainty","0c","0c","E: Conc. Uncertainty","0c","0c","0c","0c","0c","0c","0c","E: Conc. Uncertainty","0c","E: Conc. Uncertainty","0c","0c","0c","0c","0c","0c","0c","0c","E: Conc. Uncertainty","0c","E: Conc. Uncertainty","0c","0c","0c","0c","0c"
"2024-12-03 01:00:00","PM2.5",NA,NA,NA,NA,NA,NA,NA,NA,NA,NA,NA,NA,NA,NA,NA,NA,NA,NA,NA,NA,NA,NA,NA,NA,NA,NA,NA,NA,NA,NA,NA,NA,NA,NA,NA,NA,NA,NA,NA,NA,"0c","0c","0c","0c","0c","0c","0c","0c","0c","0c","E: Conc. Uncertainty","0c","0c","0c","0c","0c","0c","0c","0c","0c","0c","0c","0c","0c","0c","0c","0c","0c","0c","0c","E: Conc. Uncertainty","0c","E: Conc. Uncertainty","0c","0c","0c","0c","0c","0c","0c"
"2024-12-03 02:00:00","PM10",NA,NA,NA,NA,NA,NA,NA,NA,NA,NA,NA,NA,NA,NA,NA,NA,NA,NA,NA,NA,NA,NA,NA,NA,NA,NA,NA,NA,NA,NA,NA,NA,NA,NA,NA,NA,NA,NA,NA,NA,"0c","0c","E: Conc. Uncertainty","0c","0c","0c","0c","0c","0c","0c","0c","0c","0c","E: Conc. Uncertainty","0c","0c","0c","0c","0c","E: Conc. Uncertainty","0c","E: Conc. Uncertainty","0c","0c","0c","0c","0c","0c","0c","0c","0c","0c","0c","0c","0c","0c","0c","0c","0c","0c"
"2024-12-03 03:00:00","PM2.5",NA,NA,NA,NA,NA,NA,NA,NA,NA,NA,NA,NA,NA,NA,NA,NA,NA,NA,NA,NA,NA,NA,NA,NA,NA,NA,NA,NA,NA,NA,NA,NA,NA,NA,NA,NA,NA,NA,NA,NA,"0c","0c","0c","0c","0c","0c","0c","E: Conc. Uncertainty","0c","0c","0c","0c","0c","0c","0c","0c","0c","0c","0c","0c","0c","E: Conc. Uncertainty","E: Conc. Uncertainty","0c","0c","0c","0c","0c","0c","0c","0c","E: Conc. Uncertainty","0c","0c","0c","0c","0c","0c","0c","0c"
"2024-12-03 04:00:00","PM10",NA,NA,NA,NA,NA,NA,NA,NA,NA,NA,NA,NA,NA,NA,NA,NA,NA,NA,NA,NA,NA,NA,NA,NA,NA,NA,NA,NA,NA,NA,NA,NA,NA,NA,NA,NA,NA,NA,NA,NA,"0c","0c","0c","0c","0c","0c","0c","0c","0c","0c","E: Conc. Uncertainty","0c","0c","0c","0c","0c","0c","0c","0c","0c","0c","E: Conc. Uncertainty","E: Conc. Uncertainty","0c","0c","0c","0c","0c","0c","E: Conc. Uncertainty","E: Conc. Uncertainty","E: Conc. Uncertainty","E: Conc. Uncertainty","0c","0c","0c","0c","0c","0c","0c"
"2024-12-03 05:00:00","PM2.5",NA,NA,NA,NA,NA,NA,NA,NA,NA,NA,NA,NA,NA,NA,NA,NA,NA,NA,NA,NA,NA,NA,NA,NA,NA,NA,NA,NA,NA,NA,NA,NA,NA,NA,NA,NA,NA,NA,NA,NA,"0c","0c","0c","0c","0c","0c","0c","E: Conc. Uncertainty","0c","0c","0c","0c","E: Conc. Uncertainty","0c","E: Conc. Uncertainty","0c","0c","0c","0c","0c","0c","E: Conc. Uncertainty","0c","0c","0c","0c","0c","0c","0c","E: Conc. Uncertainty","E: Conc. Uncertainty","E: Conc. Uncertainty","0c","0c","0c","0c","0c","0c","E: Conc. Uncertainty","0c"
"2024-12-03 06:00:00","PM10",NA,NA,NA,NA,NA,NA,NA,NA,NA,NA,NA,NA,NA,NA,NA,NA,NA,NA,NA,NA,NA,NA,NA,NA,NA,NA,NA,NA,NA,NA,NA,NA,NA,NA,NA,NA,NA,NA,NA,NA,"E: Conc. Uncertainty","0c","0c","0c","0c","0c","0c","E: Conc. Uncertainty","0c","0c","E: Conc. Uncertainty","0c","0c","0c","0c","0c","0c","0c","0c","0c","0c","E: Conc. Uncertainty","E: Conc. Uncertainty","0c","0c","0c","E: Conc. Uncertainty","E: Conc. Uncertainty","0c","E: Conc. Uncertainty","0c","E: Conc. Uncertainty","0c","0c","0c","0c","0c","0c","E: Conc. Uncertainty","0c"
"2024-12-03 07:00:00","PM2.5",NA,NA,NA,NA,NA,NA,NA,NA,NA,NA,NA,NA,NA,NA,NA,NA,NA,NA,NA,NA,NA,NA,NA,NA,NA,NA,NA,NA,NA,NA,NA,NA,NA,NA,NA,NA,NA,NA,NA,NA,"0c","0c","0c","0c","0c","0c","0c","0c","0c","0c","0c","0c","0c","E: Conc. Uncertainty","0c","0c","0c","0c","0c","0c","0c","E: Conc. Uncertainty","E: Conc. Uncertainty","0c","E: Conc. Uncertainty","0c","E: Conc. Uncertainty","E: Conc. Uncertainty","0c","0c","E: Conc. Uncertainty","E: Conc. Uncertainty","0c","0c","0c","0c","0c","0c","0c","0c"
"2024-12-03 08:00:00","PM10",NA,NA,NA,NA,NA,NA,NA,NA,NA,NA,NA,NA,NA,NA,NA,NA,NA,NA,NA,NA,NA,NA,NA,NA,NA,NA,NA,NA,NA,NA,NA,NA,NA,NA,NA,NA,NA,NA,NA,NA,"0c","0c","E: Conc. Uncertainty","0c","0c","0c","0c","0c","E: Conc. Uncertainty","0c","0c","0c","0c","E: Conc. Uncertainty","0c","0c","0c","0c","0c","0c","0c","E: Conc. Uncertainty","0c","0c","0c","0c","E: Conc. Uncertainty","0c","0c","E: Conc. Uncertainty","E: Conc. Uncertainty","0c","0c","0c","0c","0c","0c","0c","E: Conc. Uncertainty","0c"
"2024-12-03 09:00:00","PM2.5",NA,NA,NA,NA,NA,NA,NA,NA,NA,NA,NA,NA,NA,NA,NA,NA,NA,NA,NA,NA,NA,NA,NA,NA,NA,NA,NA,NA,NA,NA,NA,NA,NA,NA,NA,NA,NA,NA,NA,NA,"0c","0c","0c","0c","0c","0c","0c","0c","0c","0c","E: Conc. Uncertainty","0c","0c","E: Conc. Uncertainty","0c","0c","0c","0c","0c","0c","0c","0c","0c","0c","0c","0c","0c","0c","0c","0c","E: Conc. Uncertainty","0c","E: Conc. Uncertainty","0c","0c","0c","0c","0c","0c","0c"
"2024-12-03 10:00:00","PM10",NA,NA,NA,NA,NA,NA,NA,NA,NA,NA,NA,NA,NA,NA,NA,NA,NA,NA,NA,NA,NA,NA,NA,NA,NA,NA,NA,NA,NA,NA,NA,NA,NA,NA,NA,NA,NA,NA,NA,NA,"0c","0c","0c","0c","0c","0c","0c","0c","0c","0c","0c","0c","0c","E: Conc. Uncertainty","0c","0c","0c","0c","0c","E: Conc. Uncertainty","0c","E: Conc. Uncertainty","0c","E: Conc. Uncertainty","0c","0c","0c","E: Conc. Uncertainty","0c","0c","E: Conc. Uncertainty","E: Conc. Uncertainty","E: Conc. Uncertainty","0c","0c","0c","0c","0c","0c","0c"
"2024-12-03 11:00:00","PM2.5",NA,NA,NA,NA,NA,NA,NA,NA,NA,NA,NA,NA,NA,NA,NA,NA,NA,NA,NA,NA,NA,NA,NA,NA,NA,NA,NA,NA,NA,NA,NA,NA,NA,NA,NA,NA,NA,NA,NA,NA,"0c","0c","0c","0c","0c","0c","0c","E: Conc. Uncertainty","0c","0c","0c","0c","0c","E: Conc. Uncertainty","0c","0c","0c","0c","0c","0c","0c","E: Conc. Uncertainty","0c","0c","0c","0c","E: Conc. Uncertainty","0c","0c","0c","0c","0c","0c","0c","0c","0c","0c","0c","0c","0c"
"2024-12-03 12:00:00","PM10",NA,NA,NA,NA,NA,NA,NA,NA,NA,NA,NA,NA,NA,NA,NA,NA,NA,NA,NA,NA,NA,NA,NA,NA,NA,NA,NA,NA,NA,NA,NA,NA,NA,NA,NA,NA,NA,NA,NA,NA,"0c","0c","0c","0c","0c","0c","0c","0c","0c","0c","0c","0c","0c","E: Conc. Uncertainty","0c","0c","0c","0c","0c","0c","0c","0c","E: Conc. Uncertainty","E: Conc. Uncertainty","0c","0c","0c","E: Conc. Uncertainty","0c","0c","0c","E: Conc. Uncertainty","E: Conc. Uncertainty","0c","0c","0c","0c","0c","0c","0c"
"2024-12-03 13:00:00","PM2.5",NA,NA,NA,NA,NA,NA,NA,NA,NA,NA,NA,NA,NA,NA,NA,NA,NA,NA,NA,NA,NA,NA,NA,NA,NA,NA,NA,NA,NA,NA,NA,NA,NA,NA,NA,NA,NA,NA,NA,NA,"0c","0c","E: Conc. Uncertainty","0c","0c","0c","0c","0c","0c","0c","E: Conc. Uncertainty","0c","0c","E: Conc. Uncertainty","0c","0c","0c","0c","0c","0c","0c","E: Conc. Uncertainty","E: Conc. Uncertainty","0c","0c","0c","E: Conc. Uncertainty","0c","0c","0c","E: Conc. Uncertainty","E: Conc. Uncertainty","0c","0c","0c","0c","0c","0c","0c","0c"
"2024-12-03 14:00:00","PM10",NA,NA,NA,NA,NA,NA,NA,NA,NA,NA,NA,NA,NA,NA,NA,NA,NA,NA,NA,NA,NA,NA,NA,NA,NA,NA,NA,NA,NA,NA,NA,NA,NA,NA,NA,NA,NA,NA,NA,NA,"0c","0c","0c","0c","0c","0c","0c","0c","E: Conc. Uncertainty","0c","E: Conc. Uncertainty","0c","0c","0c","0c","0c","0c","0c","0c","0c","0c","0c","0c","0c","E: Conc. Uncertainty","0c","0c","E: Conc. Uncertainty","0c","0c","0c","0c","E: Conc. Uncertainty","0c","0c","0c","0c","0c","0c","0c"
"2024-12-03 15:00:00","PM2.5",NA,NA,NA,NA,NA,NA,NA,NA,NA,NA,NA,NA,NA,NA,NA,NA,NA,NA,NA,NA,NA,NA,NA,NA,NA,NA,NA,NA,NA,NA,NA,NA,NA,NA,NA,NA,NA,NA,NA,NA,"0c","0c","0c","0c","0c","0c","0c","0c","0c","0c","0c","0c","0c","0c","0c","0c","0c","0c","0c","E: Conc. Uncertainty","0c","E: Conc. Uncertainty","E: Conc. Uncertainty","0c","0c","E: Conc. Uncertainty","0c","0c","0c","E: Conc. Uncertainty","E: Conc. Uncertainty","E: Conc. Uncertainty","E: Conc. Uncertainty","0c","0c","0c","0c","0c","0c","0c"
"2024-12-03 16:00:00","PM10",NA,NA,NA,NA,NA,NA,NA,NA,NA,NA,NA,NA,NA,NA,NA,NA,NA,NA,NA,NA,NA,NA,NA,NA,NA,NA,NA,NA,NA,NA,NA,NA,NA,NA,NA,NA,NA,NA,NA,NA,"0c","E: Conc. Uncertainty","0c","0c","0c","0c","0c","0c","0c","0c","0c","0c","0c","E: Conc. Uncertainty","0c","0c","0c","0c","0c","0c","0c","E: Conc. Uncertainty","E: Conc. Uncertainty","E: Conc. Uncertainty","0c","0c","0c","0c","0c","E: Conc. Uncertainty","0c","0c","0c","0c","0c","0c","0c","0c","0c","0c"
"2024-12-03 17:00:00","PM2.5",NA,NA,NA,NA,NA,NA,NA,NA,NA,NA,NA,NA,NA,NA,NA,NA,NA,NA,NA,NA,NA,NA,NA,NA,NA,NA,NA,NA,NA,NA,NA,NA,NA,NA,NA,NA,NA,NA,NA,NA,"0c","0c","0c","0c","0c","0c","0c","0c","0c","0c","0c","0c","0c","E: Conc. Uncertainty","0c","0c","0c","0c","0c","0c","0c","E: Conc. Uncertainty","0c","0c","0c","0c","E: Conc. Uncertainty","0c","0c","E: Conc. Uncertainty","E: Conc. Uncertainty","0c","E: Conc. Uncertainty","0c","0c","0c","0c","0c","0c","0c"
"2024-12-03 18:00:00","PM10",NA,NA,NA,NA,NA,NA,NA,NA,NA,NA,NA,NA,NA,NA,NA,NA,NA,NA,NA,NA,NA,NA,NA,NA,NA,NA,NA,NA,NA,NA,NA,NA,NA,NA,NA,NA,NA,NA,NA,NA,"0c","0c","0c","0c","0c","0c","0c","0c","0c","0c","0c","0c","0c","E: Conc. Uncertainty","0c","0c","0c","0c","0c","E: Conc. Uncertainty","0c","0c","0c","0c","0c","0c","0c","E: Conc. Uncertainty","E: Conc. Uncertainty","E: Conc. Uncertainty","0c","0c","0c","0c","0c","0c","0c","0c","0c","0c"
"2024-12-03 19:00:00","PM2.5",NA,NA,NA,NA,NA,NA,NA,NA,NA,NA,NA,NA,NA,NA,NA,NA,NA,NA,NA,NA,NA,NA,NA,NA,NA,NA,NA,NA,NA,NA,NA,NA,NA,NA,NA,NA,NA,NA,NA,NA,"0c","0c","0c","0c","0c","0c","0c","0c","0c","0c","0c","0c","0c","E: Conc. Uncertainty","0c","0c","0c","0c","0c","E: Conc. Uncertainty","0c","E: Conc. Uncertainty","0c","0c","0c","0c","0c","0c","0c","0c","E: Conc. Uncertainty","E: Conc. Uncertainty","0c","0c","0c","0c","0c","0c","0c","0c"
"2024-12-03 20:00:00","PM10",NA,NA,NA,NA,NA,NA,NA,NA,NA,NA,NA,NA,NA,NA,NA,NA,NA,NA,NA,NA,NA,NA,NA,NA,NA,NA,NA,NA,NA,NA,NA,NA,NA,NA,NA,NA,NA,NA,NA,NA,"0c","0c","0c","0c","0c","0c","0c","0c","0c","0c","0c","0c","0c","0c","0c","0c","0c","0c","0c","E: Conc. Uncertainty","0c","E: Conc. Uncertainty","0c","0c","0c","0c","0c","0c","0c","0c","0c","0c","E: Conc. Uncertainty","0c","0c","0c","0c","0c","0c","0c"
"2024-12-03 21:00:00","PM2.5",NA,NA,NA,NA,NA,NA,NA,NA,NA,NA,NA,NA,NA,NA,NA,NA,NA,NA,NA,NA,NA,NA,NA,NA,NA,NA,NA,NA,NA,NA,NA,NA,NA,NA,NA,NA,NA,NA,NA,NA,"E: Conc. Uncertainty","0c","E: Conc. Uncertainty","0c","0c","0c","0c","0c","0c","0c","E: Conc. Uncertainty","0c","0c","E: Conc. Uncertainty","0c","0c","0c","0c","0c","E: Conc. Uncertainty","0c","E: Conc. Uncertainty","0c","0c","0c","0c","E: Conc. Uncertainty","E: Conc. Uncertainty","0c","E: Conc. Uncertainty","E: Conc. Uncertainty","E: Conc. Uncertainty","0c","0c","0c","0c","0c","0c","0c","0c"
"2024-12-03 22:00:00","PM10",NA,NA,NA,NA,NA,NA,NA,NA,NA,NA,NA,NA,NA,NA,NA,NA,NA,NA,NA,NA,NA,NA,NA,NA,NA,NA,NA,NA,NA,NA,NA,NA,NA,NA,NA,NA,NA,NA,NA,NA,"0c","0c","0c","0c","0c","0c","0c","0c","0c","0c","0c","0c","0c","E: Conc. Uncertainty","0c","0c","0c","0c","0c","E: Conc. Uncertainty","0c","0c","E: Conc. Uncertainty","E: Conc. Uncertainty","0c","0c","0c","E: Conc. Uncertainty","0c","0c","E: Conc. Uncertainty","0c","E: Conc. Uncertainty","0c","0c","0c","0c","0c","0c","0c"
"2024-12-03 23:00:00","PM2.5",NA,NA,NA,NA,NA,NA,NA,NA,NA,NA,NA,NA,NA,NA,NA,NA,NA,NA,NA,NA,NA,NA,NA,NA,NA,NA,NA,NA,NA,NA,NA,NA,NA,NA,NA,NA,NA,NA,NA,NA,"0c","0c","0c","0c","0c","0c","0c","0c","0c","0c","0c","0c","0c","E: Conc. Uncertainty","0c","0c","0c","0c","0c","E: Conc. Uncertainty","0c","0c","E: Conc. Uncertainty","0c","0c","0c","E: Conc. Uncertainty","0c","0c","0c","E: Conc. Uncertainty","E: Conc. Uncertainty","0c","0c","0c","0c","0c","0c","0c","0c"
"2024-12-04 00:30:00","PM10",NA,NA,NA,NA,NA,NA,NA,NA,NA,NA,NA,NA,NA,NA,NA,NA,NA,NA,NA,NA,NA,NA,NA,NA,NA,NA,NA,NA,NA,NA,NA,NA,NA,NA,NA,NA,NA,NA,NA,NA,"0c","0c","0c","0c","0c","0c","0c","0c","0c","0c","0c","0c","0c","E: Conc. Uncertainty","0c","0c","0c","0c","0c","0c","0c","0c","0c","0c","0c","0c","E: Conc. Uncertainty","E: Conc. Uncertainty","E: Conc. Uncertainty","0c","E: Conc. Uncertainty","0c","E: Conc. Uncertainty","0c","0c","0c","0c","0c","0c","0c"
"2024-12-04 01:00:00","PM2.5",NA,NA,NA,NA,NA,NA,NA,NA,NA,NA,NA,NA,NA,NA,NA,NA,NA,NA,NA,NA,NA,NA,NA,NA,NA,NA,NA,NA,NA,NA,NA,NA,NA,NA,NA,NA,NA,NA,NA,NA,"0c","0c","0c","0c","0c","0c","0c","E: Conc. Uncertainty","0c","0c","0c","0c","E: Conc. Uncertainty","0c","0c","0c","0c","0c","0c","E: Conc. Uncertainty","0c","E: Conc. Uncertainty","0c","0c","0c","0c","E: Conc. Uncertainty","0c","0c","E: Conc. Uncertainty","E: Conc. Uncertainty","0c","E: Conc. Uncertainty","0c","0c","0c","0c","0c","0c","0c"
"2024-12-04 02:00:00","PM10",NA,NA,NA,NA,NA,NA,NA,NA,NA,NA,NA,NA,NA,NA,NA,NA,NA,NA,NA,NA,NA,NA,NA,NA,NA,NA,NA,NA,NA,NA,NA,NA,NA,NA,NA,NA,NA,NA,NA,NA,"0c","0c","0c","0c","0c","0c","0c","0c","0c","0c","E: Conc. Uncertainty","0c","E: Conc. Uncertainty","E: Conc. Uncertainty","0c","0c","0c","0c","0c","E: Conc. Uncertainty","0c","E: Conc. Uncertainty","E: Conc. Uncertainty","0c","0c","0c","E: Conc. Uncertainty","0c","0c","E: Conc. Uncertainty","E: Conc. Uncertainty","0c","0c","0c","0c","0c","0c","0c","0c","0c"
"2024-12-04 03:00:00","PM2.5",NA,NA,NA,NA,NA,NA,NA,NA,NA,NA,NA,NA,NA,NA,NA,NA,NA,NA,NA,NA,NA,NA,NA,NA,NA,NA,NA,NA,NA,NA,NA,NA,NA,NA,NA,NA,NA,NA,NA,NA,"0c","0c","0c","0c","0c","0c","0c","E: Conc. Uncertainty","0c","0c","0c","0c","0c","E: Conc. Uncertainty","0c","0c","0c","0c","0c","0c","0c","E: Conc. Uncertainty","E: Conc. Uncertainty","0c","0c","0c","0c","0c","0c","0c","0c","E: Conc. Uncertainty","0c","0c","0c","0c","0c","0c","0c","0c"
"2024-12-04 04:00:00","PM10",NA,NA,NA,NA,NA,NA,NA,NA,NA,NA,NA,NA,NA,NA,NA,NA,NA,NA,NA,NA,NA,NA,NA,NA,NA,NA,NA,NA,NA,NA,NA,NA,NA,NA,NA,NA,NA,NA,NA,NA,"0c","0c","0c","0c","0c","0c","0c","0c","0c","0c","E: Conc. Uncertainty","0c","0c","E: Conc. Uncertainty","0c","0c","0c","0c","0c","E: Conc. Uncertainty","0c","0c","E: Conc. Uncertainty","0c","0c","0c","0c","0c","0c","0c","E: Conc. Uncertainty","E: Conc. Uncertainty","0c","0c","0c","0c","0c","0c","0c","0c"
"2024-12-04 05:00:00","PM2.5",NA,NA,NA,NA,NA,NA,NA,NA,NA,NA,NA,NA,NA,NA,NA,NA,NA,NA,NA,NA,NA,NA,NA,NA,NA,NA,NA,NA,NA,NA,NA,NA,NA,NA,NA,NA,NA,NA,NA,NA,"0c","0c","0c","0c","0c","0c","0c","0c","0c","0c","0c","0c","0c","E: Conc. Uncertainty","0c","0c","0c","0c","0c","E: Conc. Uncertainty","0c","0c","0c","0c","0c","E: Conc. Uncertainty","0c","0c","0c","E: Conc. Uncertainty","0c","0c","0c","0c","0c","0c","0c","0c","0c","0c"
"2024-12-04 06:00:00","PM10",NA,NA,NA,NA,NA,NA,NA,NA,NA,NA,NA,NA,NA,NA,NA,NA,NA,NA,NA,NA,NA,NA,NA,NA,NA,NA,NA,NA,NA,NA,NA,NA,NA,NA,NA,NA,NA,NA,NA,NA,"0c","0c","0c","0c","0c","0c","0c","0c","0c","0c","E: Conc. Uncertainty","0c","0c","E: Conc. Uncertainty","0c","0c","0c","0c","0c","0c","0c","0c","0c","0c","0c","0c","0c","E: Conc. Uncertainty","0c","0c","E: Conc. Uncertainty","0c","E: Conc. Uncertainty","0c","0c","0c","0c","0c","0c","0c"
"2024-12-04 07:00:00","PM2.5",NA,NA,NA,NA,NA,NA,NA,NA,NA,NA,NA,NA,NA,NA,NA,NA,NA,NA,NA,NA,NA,NA,NA,NA,NA,NA,NA,NA,NA,NA,NA,NA,NA,NA,NA,NA,NA,NA,NA,NA,"0c","0c","0c","0c","0c","0c","0c","E: Conc. Uncertainty","0c","0c","E: Conc. Uncertainty","0c","0c","0c","0c","0c","0c","0c","0c","E: Conc. Uncertainty","0c","E: Conc. Uncertainty","E: Conc. Uncertainty","0c","0c","E: Conc. Uncertainty","E: Conc. Uncertainty","0c","0c","E: Conc. Uncertainty","0c","0c","0c","0c","0c","0c","0c","0c","E: Conc. Uncertainty","0c"
"2024-12-04 08:00:00","PM10",NA,NA,NA,NA,NA,NA,NA,NA,NA,NA,NA,NA,NA,NA,NA,NA,NA,NA,NA,NA,NA,NA,NA,NA,NA,NA,NA,NA,NA,NA,NA,NA,NA,NA,NA,NA,NA,NA,NA,NA,"0c","0c","E: Conc. Uncertainty","0c","0c","0c","0c","0c","0c","0c","E: Conc. Uncertainty","0c","0c","0c","0c","0c","0c","0c","0c","0c","0c","E: Conc. Uncertainty","0c","0c","0c","0c","0c","0c","E: Conc. Uncertainty","0c","0c","E: Conc. Uncertainty","E: Conc. Uncertainty","0c","0c","0c","0c","0c","0c","0c"
"2024-12-04 09:00:00","PM2.5",NA,NA,NA,NA,NA,NA,NA,NA,NA,NA,NA,NA,NA,NA,NA,NA,NA,NA,NA,NA,NA,NA,NA,NA,NA,NA,NA,NA,NA,NA,NA,NA,NA,NA,NA,NA,NA,NA,NA,NA,"0c","0c","0c","0c","0c","0c","0c","E: Conc. Uncertainty","0c","0c","0c","0c","0c","0c","0c","0c","0c","0c","0c","0c","0c","0c","E: Conc. Uncertainty","0c","0c","0c","E: Conc. Uncertainty","0c","0c","0c","0c","E: Conc. Uncertainty","E: Conc. Uncertainty","0c","0c","0c","0c","0c","0c","0c"
"2024-12-04 10:00:00","PM10",NA,NA,NA,NA,NA,NA,NA,NA,NA,NA,NA,NA,NA,NA,NA,NA,NA,NA,NA,NA,NA,NA,NA,NA,NA,NA,NA,NA,NA,NA,NA,NA,NA,NA,NA,NA,NA,NA,NA,NA,"0c","0c","0c","0c","0c","0c","0c","0c","0c","0c","0c","0c","0c","0c","0c","0c","0c","0c","0c","0c","0c","E: Conc. Uncertainty","E: Conc. Uncertainty","0c","0c","0c","E: Conc. Uncertainty","0c","0c","0c","0c","E: Conc. Uncertainty","E: Conc. Uncertainty","0c","0c","0c","0c","0c","0c","0c"
"2024-12-04 11:00:00","PM2.5",NA,NA,NA,NA,NA,NA,NA,NA,NA,NA,NA,NA,NA,NA,NA,NA,NA,NA,NA,NA,NA,NA,NA,NA,NA,NA,NA,NA,NA,NA,NA,NA,NA,NA,NA,NA,NA,NA,NA,NA,"0c","0c","0c","0c","0c","0c","0c","0c","0c","0c","E: Conc. Uncertainty","0c","0c","E: Conc. Uncertainty","0c","0c","0c","0c","0c","0c","0c","E: Conc. Uncertainty","0c","0c","0c","0c","E: Conc. Uncertainty","E: Conc. Uncertainty","0c","E: Conc. Uncertainty","0c","0c","E: Conc. Uncertainty","0c","0c","0c","0c","0c","0c","0c"
"2024-12-04 12:00:00","PM10",NA,NA,NA,NA,NA,NA,NA,NA,NA,NA,NA,NA,NA,NA,NA,NA,NA,NA,NA,NA,NA,NA,NA,NA,NA,NA,NA,NA,NA,NA,NA,NA,NA,NA,NA,NA,NA,NA,NA,NA,"0c","0c","0c","0c","0c","0c","0c","0c","0c","0c","E: Conc. Uncertainty","0c","0c","E: Conc. Uncertainty","0c","0c","0c","0c","0c","0c","0c","E: Conc. Uncertainty","0c","0c","0c","0c","0c","0c","0c","0c","E: Conc. Uncertainty","0c","0c","0c","0c","0c","0c","0c","0c","0c"
"2024-12-04 13:00:00","PM2.5",NA,NA,NA,NA,NA,NA,NA,NA,NA,NA,NA,NA,NA,NA,NA,NA,NA,NA,NA,NA,NA,NA,NA,NA,NA,NA,NA,NA,NA,NA,NA,NA,NA,NA,NA,NA,NA,NA,NA,NA,"0c","E: Conc. Uncertainty","0c","0c","0c","0c","0c","0c","0c","0c","E: Conc. Uncertainty","0c","0c","E: Conc. Uncertainty","0c","0c","0c","0c","0c","0c","0c","0c","0c","0c","0c","E: Conc. Uncertainty","0c","0c","0c","0c","E: Conc. Uncertainty","0c","0c","0c","0c","0c","0c","0c","0c","0c"
"2024-12-04 14:00:00","PM10",NA,NA,NA,NA,NA,NA,NA,NA,NA,NA,NA,NA,NA,NA,NA,NA,NA,NA,NA,NA,NA,NA,NA,NA,NA,NA,NA,NA,NA,NA,NA,NA,NA,NA,NA,NA,NA,NA,NA,NA,"0c","0c","0c","0c","0c","0c","0c","0c","E: Conc. Uncertainty","0c","0c","0c","0c","E: Conc. Uncertainty","0c","0c","0c","0c","0c","0c","0c","E: Conc. Uncertainty","0c","0c","0c","0c","E: Conc. Uncertainty","0c","0c","0c","0c","0c","0c","0c","0c","0c","0c","0c","0c","0c"
"2024-12-04 15:00:00","PM2.5",NA,NA,NA,NA,NA,NA,NA,NA,NA,NA,NA,NA,NA,NA,NA,NA,NA,NA,NA,NA,NA,NA,NA,NA,NA,NA,NA,NA,NA,NA,NA,NA,NA,NA,NA,NA,NA,NA,NA,NA,"E: Conc. Uncertainty","0c","0c","0c","0c","0c","0c","0c","0c","0c","E: Conc. Uncertainty","0c","0c","E: Conc. Uncertainty","0c","0c","0c","E: Conc. Uncertainty","0c","0c","0c","E: Conc. Uncertainty","0c","0c","0c","0c","E: Conc. Uncertainty","0c","0c","0c","E: Conc. Uncertainty","0c","0c","0c","0c","0c","0c","0c","0c","0c"
"2024-12-04 16:00:00","PM10",NA,NA,NA,NA,NA,NA,NA,NA,NA,NA,NA,NA,NA,NA,NA,NA,NA,NA,NA,NA,NA,NA,NA,NA,NA,NA,NA,NA,NA,NA,NA,NA,NA,NA,NA,NA,NA,NA,NA,NA,"0c","0c","0c","0c","0c","0c","0c","0c","0c","0c","E: Conc. Uncertainty","0c","0c","E: Conc. Uncertainty","0c","0c","0c","0c","0c","E: Conc. Uncertainty","0c","E: Conc. Uncertainty","E: Conc. Uncertainty","0c","0c","0c","0c","0c","0c","0c","E: Conc. Uncertainty","E: Conc. Uncertainty","0c","0c","0c","0c","0c","0c","0c","0c"
"2024-12-04 17:00:00","PM2.5",NA,NA,NA,NA,NA,NA,NA,NA,NA,NA,NA,NA,NA,NA,NA,NA,NA,NA,NA,NA,NA,NA,NA,NA,NA,NA,NA,NA,NA,NA,NA,NA,NA,NA,NA,NA,NA,NA,NA,NA,"0c","0c","0c","0c","0c","0c","0c","0c","0c","0c","E: Conc. Uncertainty","0c","0c","E: Conc. Uncertainty","0c","0c","0c","0c","0c","0c","0c","0c","0c","0c","0c","E: Conc. Uncertainty","0c","E: Conc. Uncertainty","0c","0c","E: Conc. Uncertainty","E: Conc. Uncertainty","0c","0c","0c","0c","0c","0c","0c","0c"
"2024-12-04 18:00:00","PM10",NA,NA,NA,NA,NA,NA,NA,NA,NA,NA,NA,NA,NA,NA,NA,NA,NA,NA,NA,NA,NA,NA,NA,NA,NA,NA,NA,NA,NA,NA,NA,NA,NA,NA,NA,NA,NA,NA,NA,NA,"0c","0c","0c","0c","0c","0c","0c","0c","0c","0c","E: Conc. Uncertainty","0c","0c","E: Conc. Uncertainty","0c","0c","0c","0c","0c","0c","0c","E: Conc. Uncertainty","0c","0c","0c","0c","E: Conc. Uncertainty","0c","0c","0c","0c","0c","0c","0c","0c","0c","0c","0c","0c","0c"
"2024-12-04 19:00:00","PM2.5",NA,NA,NA,NA,NA,NA,NA,NA,NA,NA,NA,NA,NA,NA,NA,NA,NA,NA,NA,NA,NA,NA,NA,NA,NA,NA,NA,NA,NA,NA,NA,NA,NA,NA,NA,NA,NA,NA,NA,NA,"E: Conc. Uncertainty","0c","0c","0c","0c","0c","0c","E: Conc. Uncertainty","E: Conc. Uncertainty","0c","0c","0c","0c","E: Conc. Uncertainty","0c","0c","E: Conc. Uncertainty","0c","0c","0c","0c","E: Conc. Uncertainty","E: Conc. Uncertainty","0c","0c","0c","E: Conc. Uncertainty","0c","0c","0c","0c","0c","0c","0c","0c","0c","0c","0c","0c","0c"
"2024-12-04 20:00:00","PM10",NA,NA,NA,NA,NA,NA,NA,NA,NA,NA,NA,NA,NA,NA,NA,NA,NA,NA,NA,NA,NA,NA,NA,NA,NA,NA,NA,NA,NA,NA,NA,NA,NA,NA,NA,NA,NA,NA,NA,NA,"0c","0c","0c","0c","0c","0c","0c","E: Conc. Uncertainty","0c","0c","0c","0c","0c","E: Conc. Uncertainty","E: Conc. Uncertainty","0c","0c","0c","0c","0c","0c","E: Conc. Uncertainty","E: Conc. Uncertainty","0c","0c","0c","0c","E: Conc. Uncertainty","0c","0c","0c","0c","0c","0c","0c","0c","0c","0c","0c","0c"
"2024-12-04 21:00:00","PM2.5",NA,NA,NA,NA,NA,NA,NA,NA,NA,NA,NA,NA,NA,NA,NA,NA,NA,NA,NA,NA,NA,NA,NA,NA,NA,NA,NA,NA,NA,NA,NA,NA,NA,NA,NA,NA,NA,NA,NA,NA,"0c","0c","0c","0c","0c","0c","0c","0c","E: Conc. Uncertainty","0c","0c","0c","0c","0c","E: Conc. Uncertainty","0c","0c","0c","E: Conc. Uncertainty","0c","0c","0c","E: Conc. Uncertainty","0c","0c","0c","0c","0c","0c","0c","0c","E: Conc. Uncertainty","0c","0c","0c","0c","0c","0c","0c","0c"
"2024-12-04 22:00:00","PM10",NA,NA,NA,NA,NA,NA,NA,NA,NA,NA,NA,NA,NA,NA,NA,NA,NA,NA,NA,NA,NA,NA,NA,NA,NA,NA,NA,NA,NA,NA,NA,NA,NA,NA,NA,NA,NA,NA,NA,NA,"0c","0c","0c","0c","0c","0c","0c","0c","E: Conc. Uncertainty","0c","0c","0c","0c","0c","E: Conc. Uncertainty","0c","0c","0c","E: Conc. Uncertainty","0c","0c","E: Conc. Uncertainty","E: Conc. Uncertainty","E: Conc. Uncertainty","0c","0c","0c","E: Conc. Uncertainty","0c","0c","E: Conc. Uncertainty","0c","0c","0c","0c","0c","0c","0c","0c","0c"
"2024-12-04 23:00:00","PM2.5",NA,NA,NA,NA,NA,NA,NA,NA,NA,NA,NA,NA,NA,NA,NA,NA,NA,NA,NA,NA,NA,NA,NA,NA,NA,NA,NA,NA,NA,NA,NA,NA,NA,NA,NA,NA,NA,NA,NA,NA,"0c","0c","0c","0c","0c","0c","E: Conc. Uncertainty","0c","0c","E: Conc. Uncertainty","0c","0c","0c","E: Conc. Uncertainty","0c","E: Conc. Uncertainty","0c","E: Conc. Uncertainty","E: Conc. Uncertainty","0c","0c","E: Conc. Uncertainty","0c","0c","0c","0c","E: Conc. Uncertainty","0c","0c","0c","E: Conc. Uncertainty","0c","0c","E: Conc. Uncertainty","0c","0c","0c","0c","0c","0c"
"2024-12-05 00:30:00","PM10",NA,NA,NA,NA,NA,NA,NA,NA,NA,NA,NA,NA,NA,NA,NA,NA,NA,NA,NA,NA,NA,NA,NA,NA,NA,NA,NA,NA,NA,NA,NA,NA,NA,NA,NA,NA,NA,NA,NA,NA,"0c","0c","E: Conc. Uncertainty","0c","0c","0c","0c","0c","0c","0c","0c","0c","0c","E: Conc. Uncertainty","0c","0c","0c","0c","0c","0c","E: Conc. Uncertainty","0c","0c","0c","0c","0c","0c","0c","0c","0c","E: Conc. Uncertainty","E: Conc. Uncertainty","0c","0c","0c","0c","0c","0c","0c","0c"
"2024-12-05 01:00:00","PM2.5",NA,NA,NA,NA,NA,NA,NA,NA,NA,NA,NA,NA,NA,NA,NA,NA,NA,NA,NA,NA,NA,NA,NA,NA,NA,NA,NA,NA,NA,NA,NA,NA,NA,NA,NA,NA,NA,NA,NA,NA,"0c","0c","E: Conc. Uncertainty","0c","0c","0c","0c","0c","0c","0c","0c","0c","0c","0c","E: Conc. Uncertainty","E: Conc. Uncertainty","0c","0c","E: Conc. Uncertainty","0c","E: Conc. Uncertainty","E: Conc. Uncertainty","0c","0c","0c","0c","0c","E: Conc. Uncertainty","0c","0c","E: Conc. Uncertainty","E: Conc. Uncertainty","0c","0c","0c","0c","0c","0c","0c","0c"
"2024-12-05 02:00:00","PM10",NA,NA,NA,NA,NA,NA,NA,NA,NA,NA,NA,NA,NA,NA,NA,NA,NA,NA,NA,NA,NA,NA,NA,NA,NA,NA,NA,NA,NA,NA,NA,NA,NA,NA,NA,NA,NA,NA,NA,NA,"0c","0c","0c","0c","0c","0c","0c","0c","0c","0c","0c","0c","E: Conc. Uncertainty","E: Conc. Uncertainty","E: Conc. Uncertainty","E: Conc. Uncertainty","0c","0c","0c","0c","0c","0c","0c","0c","0c","0c","E: Conc. Uncertainty","0c","0c","0c","0c","E: Conc. Uncertainty","0c","0c","0c","0c","0c","0c","0c","0c"
"2024-12-05 03:00:00","PM2.5",NA,NA,NA,NA,NA,NA,NA,NA,NA,NA,NA,NA,NA,NA,NA,NA,NA,NA,NA,NA,NA,NA,NA,NA,NA,NA,NA,NA,NA,NA,NA,NA,NA,NA,NA,NA,NA,NA,NA,NA,"0c","0c","E: Conc. Uncertainty","0c","0c","0c","0c","0c","0c","E: Conc. Uncertainty","0c","0c","0c","E: Conc. Uncertainty","E: Conc. Uncertainty","0c","E: Conc. Uncertainty","0c","E: Conc. Uncertainty","E: Conc. Uncertainty","0c","0c","0c","0c","0c","0c","0c","0c","0c","E: Conc. Uncertainty","0c","0c","E: Conc. Uncertainty","0c","E: Conc. Uncertainty","0c","0c","0c","0c","0c"
"2024-12-05 04:00:00","PM10",NA,NA,NA,NA,NA,NA,NA,NA,NA,NA,NA,NA,NA,NA,NA,NA,NA,NA,NA,NA,NA,NA,NA,NA,NA,NA,NA,NA,NA,NA,NA,NA,NA,NA,NA,NA,NA,NA,NA,NA,"0c","0c","E: Conc. Uncertainty","0c","0c","0c","0c","0c","0c","0c","0c","0c","0c","0c","E: Conc. Uncertainty","E: Conc. Uncertainty","0c","0c","E: Conc. Uncertainty","0c","0c","E: Conc. Uncertainty","0c","0c","0c","0c","E: Conc. Uncertainty","0c","0c","0c","E: Conc. Uncertainty","0c","E: Conc. Uncertainty","0c","0c","0c","0c","0c","0c","0c"
"2024-12-05 05:00:00","PM2.5",NA,NA,NA,NA,NA,NA,NA,NA,NA,NA,NA,NA,NA,NA,NA,NA,NA,NA,NA,NA,NA,NA,NA,NA,NA,NA,NA,NA,NA,NA,NA,NA,NA,NA,NA,NA,NA,NA,NA,NA,"0c","0c","E: Conc. Uncertainty","0c","E: Conc. Uncertainty","0c","0c","E: Conc. Uncertainty","0c","E: Conc. Uncertainty","0c","0c","0c","E: Conc. Uncertainty","E: Conc. Uncertainty","0c","0c","E: Conc. Uncertainty","0c","0c","0c","0c","0c","0c","0c","0c","0c","0c","0c","E: Conc. Uncertainty","0c","0c","0c","0c","E: Conc. Uncertainty","0c","0c","0c","0c","0c"
"2024-12-05 06:00:00","PM10",NA,NA,NA,NA,NA,NA,NA,NA,NA,NA,NA,NA,NA,NA,NA,NA,NA,NA,NA,NA,NA,NA,NA,NA,NA,NA,NA,NA,NA,NA,NA,NA,NA,NA,NA,NA,NA,NA,NA,NA,"0c","0c","0c","0c","0c","0c","0c","0c","0c","0c","0c","0c","E: Conc. Uncertainty","0c","0c","0c","0c","0c","E: Conc. Uncertainty","0c","0c","E: Conc. Uncertainty","0c","0c","0c","0c","E: Conc. Uncertainty","E: Conc. Uncertainty","0c","E: Conc. Uncertainty","E: Conc. Uncertainty","0c","E: Conc. Uncertainty","0c","0c","0c","0c","0c","0c","0c"
"2024-12-05 07:00:00","PM2.5",NA,NA,NA,NA,NA,NA,NA,NA,NA,NA,NA,NA,NA,NA,NA,NA,NA,NA,NA,NA,NA,NA,NA,NA,NA,NA,NA,NA,NA,NA,NA,NA,NA,NA,NA,NA,NA,NA,NA,NA,"0c","0c","0c","0c","E: Conc. Uncertainty","0c","E: Conc. Uncertainty","E: Conc. Uncertainty","0c","0c","0c","0c","E: Conc. Uncertainty","0c","0c","0c","0c","0c","0c","0c","0c","0c","0c","0c","0c","E: Conc. Uncertainty","E: Conc. Uncertainty","0c","0c","0c","0c","0c","E: Conc. Uncertainty","0c","0c","0c","0c","0c","0c","0c"
"2024-12-05 08:00:00","PM10",NA,NA,NA,NA,NA,NA,NA,NA,NA,NA,NA,NA,NA,NA,NA,NA,NA,NA,NA,NA,NA,NA,NA,NA,NA,NA,NA,NA,NA,NA,NA,NA,NA,NA,NA,NA,NA,NA,NA,NA,"0c","0c","0c","0c","0c","0c","0c","0c","0c","0c","0c","0c","0c","0c","0c","0c","0c","0c","E: Conc. Uncertainty","0c","E: Conc. Uncertainty","E: Conc. Uncertainty","0c","E: Conc. Uncertainty","0c","0c","E: Conc. Uncertainty","0c","0c","0c","E: Conc. Uncertainty","0c","0c","0c","0c","0c","0c","0c","0c","0c"
"2024-12-05 09:00:00","PM2.5",NA,NA,NA,NA,NA,NA,NA,NA,NA,NA,NA,NA,NA,NA,NA,NA,NA,NA,NA,NA,NA,NA,NA,NA,NA,NA,NA,NA,NA,NA,NA,NA,NA,NA,NA,NA,NA,NA,NA,NA,"0c","0c","0c","0c","0c","0c","0c","E: Conc. Uncertainty","0c","0c","0c","0c","0c","0c","0c","0c","0c","0c","E: Conc. Uncertainty","0c","E: Conc. Uncertainty","E: Conc. Uncertainty","0c","0c","0c","0c","0c","E: Conc. Uncertainty","0c","E: Conc. Uncertainty","E: Conc. Uncertainty","0c","E: Conc. Uncertainty","0c","0c","0c","0c","0c","0c","0c"
"2024-12-05 12:00:00","PM10",NA,NA,NA,NA,NA,NA,NA,NA,NA,NA,NA,NA,NA,NA,NA,NA,NA,NA,NA,NA,NA,NA,NA,NA,NA,NA,NA,NA,NA,NA,NA,NA,NA,NA,NA,NA,NA,NA,NA,NA,"0c","0c","0c","0c","0c","0c","0c","E: Conc. Uncertainty","0c","0c","0c","0c","0c","0c","0c","0c","0c","0c","0c","0c","0c","0c","0c","E: Conc. Uncertainty","0c","0c","0c","E: Conc. Uncertainty","E: Conc. Uncertainty","0c","E: Conc. Uncertainty","E: Conc. Uncertainty","E: Conc. Uncertainty","0c","0c","0c","0c","0c","0c","0c"
"2024-12-05 13:00:00","PM2.5",NA,NA,NA,NA,NA,NA,NA,NA,NA,NA,NA,NA,NA,NA,NA,NA,NA,NA,NA,NA,NA,NA,NA,NA,NA,NA,NA,NA,NA,NA,NA,NA,NA,NA,NA,NA,NA,NA,NA,NA,"0c","0c","0c","0c","0c","0c","0c","0c","0c","0c","0c","0c","E: Conc. Uncertainty","0c","0c","0c","0c","0c","0c","0c","0c","E: Conc. Uncertainty","0c","0c","0c","E: Conc. Uncertainty","E: Conc. Uncertainty","0c","0c","E: Conc. Uncertainty","E: Conc. Uncertainty","E: Conc. Uncertainty","0c","0c","E: Conc. Uncertainty","0c","0c","0c","0c","0c"
"2024-12-05 14:00:00","PM10",NA,NA,NA,NA,NA,NA,NA,NA,NA,NA,NA,NA,NA,NA,NA,NA,NA,NA,NA,NA,NA,NA,NA,NA,NA,NA,NA,NA,NA,NA,NA,NA,NA,NA,NA,NA,NA,NA,NA,NA,"0c","0c","E: Conc. Uncertainty","0c","0c","0c","0c","E: Conc. Uncertainty","0c","0c","0c","0c","0c","0c","0c","0c","0c","0c","E: Conc. Uncertainty","0c","E: Conc. Uncertainty","E: Conc. Uncertainty","E: Conc. Uncertainty","0c","0c","0c","0c","E: Conc. Uncertainty","0c","0c","E: Conc. Uncertainty","0c","0c","0c","0c","0c","0c","0c","0c","0c"
"2024-12-05 15:00:00","PM2.5",NA,NA,NA,NA,NA,NA,NA,NA,NA,NA,NA,NA,NA,NA,NA,NA,NA,NA,NA,NA,NA,NA,NA,NA,NA,NA,NA,NA,NA,NA,NA,NA,NA,NA,NA,NA,NA,NA,NA,NA,"0c","0c","0c","0c","0c","0c","0c","0c","0c","0c","0c","0c","0c","0c","0c","0c","0c","0c","0c","0c","0c","0c","0c","0c","0c","E: Conc. Uncertainty","0c","0c","0c","0c","E: Conc. Uncertainty","E: Conc. Uncertainty","0c","0c","0c","0c","0c","0c","0c","0c"
"2024-12-05 16:00:00","PM10",NA,NA,NA,NA,NA,NA,NA,NA,NA,NA,NA,NA,NA,NA,NA,NA,NA,NA,NA,NA,NA,NA,NA,NA,NA,NA,NA,NA,NA,NA,NA,NA,NA,NA,NA,NA,NA,NA,NA,NA,"0c","0c","0c","0c","0c","0c","0c","0c","0c","0c","0c","0c","0c","0c","0c","0c","0c","0c","0c","0c","0c","E: Conc. Uncertainty","0c","0c","0c","0c","0c","0c","0c","E: Conc. Uncertainty","0c","E: Conc. Uncertainty","E: Conc. Uncertainty","0c","0c","0c","0c","0c","0c","0c"
"2024-12-05 17:00:00","PM2.5",NA,NA,NA,NA,NA,NA,NA,NA,NA,NA,NA,NA,NA,NA,NA,NA,NA,NA,NA,NA,NA,NA,NA,NA,NA,NA,NA,NA,NA,NA,NA,NA,NA,NA,NA,NA,NA,NA,NA,NA,"0c","0c","0c","0c","0c","0c","0c","0c","0c","0c","0c","0c","0c","0c","0c","E: Conc. Uncertainty","0c","0c","E: Conc. Uncertainty","0c","E: Conc. Uncertainty","E: Conc. Uncertainty","0c","0c","0c","0c","E: Conc. Uncertainty","0c","0c","0c","E: Conc. Uncertainty","0c","0c","0c","E: Conc. Uncertainty","0c","0c","0c","0c","0c"
"2024-12-05 18:00:00","PM10",NA,NA,NA,NA,NA,NA,NA,NA,NA,NA,NA,NA,NA,NA,NA,NA,NA,NA,NA,NA,NA,NA,NA,NA,NA,NA,NA,NA,NA,NA,NA,NA,NA,NA,NA,NA,NA,NA,NA,NA,"0c","0c","0c","0c","0c","0c","0c","E: Conc. Uncertainty","0c","0c","0c","0c","0c","0c","0c","0c","0c","0c","E: Conc. Uncertainty","0c","0c","E: Conc. Uncertainty","0c","0c","0c","0c","0c","E: Conc. Uncertainty","0c","0c","0c","0c","0c","0c","0c","0c","0c","0c","0c","0c"
"2024-12-05 19:00:00","PM2.5",NA,NA,NA,NA,NA,NA,NA,NA,NA,NA,NA,NA,NA,NA,NA,NA,NA,NA,NA,NA,NA,NA,NA,NA,NA,NA,NA,NA,NA,NA,NA,NA,NA,NA,NA,NA,NA,NA,NA,NA,"0c","E: Conc. Uncertainty","0c","0c","0c","0c","0c","E: Conc. Uncertainty","0c","0c","0c","0c","E: Conc. Uncertainty","E: Conc. Uncertainty","0c","0c","0c","0c","E: Conc. Uncertainty","0c","0c","E: Conc. Uncertainty","0c","0c","0c","E: Conc. Uncertainty","0c","E: Conc. Uncertainty","0c","E: Conc. Uncertainty","E: Conc. Uncertainty","E: Conc. Uncertainty","E: Conc. Uncertainty","0c","0c","0c","0c","0c","0c","0c"
"2024-12-05 20:00:00","PM10",NA,NA,NA,NA,NA,NA,NA,NA,NA,NA,NA,NA,NA,NA,NA,NA,NA,NA,NA,NA,NA,NA,NA,NA,NA,NA,NA,NA,NA,NA,NA,NA,NA,NA,NA,NA,NA,NA,NA,NA,"0c","0c","0c","0c","0c","0c","0c","E: Conc. Uncertainty","0c","0c","0c","0c","E: Conc. Uncertainty","0c","0c","0c","0c","0c","0c","0c","0c","0c","E: Conc. Uncertainty","0c","0c","0c","0c","0c","0c","0c","E: Conc. Uncertainty","0c","0c","0c","0c","0c","0c","0c","0c","0c"
"2024-12-05 21:00:00","PM2.5",NA,NA,NA,NA,NA,NA,NA,NA,NA,NA,NA,NA,NA,NA,NA,NA,NA,NA,NA,NA,NA,NA,NA,NA,NA,NA,NA,NA,NA,NA,NA,NA,NA,NA,NA,NA,NA,NA,NA,NA,"0c","0c","0c","0c","0c","0c","0c","0c","0c","0c","0c","0c","E: Conc. Uncertainty","0c","0c","0c","0c","0c","0c","E: Conc. Uncertainty","0c","E: Conc. Uncertainty","0c","0c","0c","0c","E: Conc. Uncertainty","0c","0c","E: Conc. Uncertainty","0c","0c","0c","0c","0c","0c","0c","0c","0c","0c"
"2024-12-05 22:00:00","PM10",NA,NA,NA,NA,NA,NA,NA,NA,NA,NA,NA,NA,NA,NA,NA,NA,NA,NA,NA,NA,NA,NA,NA,NA,NA,NA,NA,NA,NA,NA,NA,NA,NA,NA,NA,NA,NA,NA,NA,NA,"E: Conc. Uncertainty","0c","0c","0c","0c","0c","0c","E: Conc. Uncertainty","0c","0c","0c","0c","0c","0c","0c","0c","0c","0c","0c","0c","0c","0c","0c","0c","0c","0c","E: Conc. Uncertainty","E: Conc. Uncertainty","0c","0c","E: Conc. Uncertainty","E: Conc. Uncertainty","0c","0c","0c","0c","0c","0c","0c","0c"
"2024-12-05 23:00:00","PM2.5",NA,NA,NA,NA,NA,NA,NA,NA,NA,NA,NA,NA,NA,NA,NA,NA,NA,NA,NA,NA,NA,NA,NA,NA,NA,NA,NA,NA,NA,NA,NA,NA,NA,NA,NA,NA,NA,NA,NA,NA,"0c","0c","0c","0c","0c","0c","0c","0c","0c","E: Conc. Uncertainty","0c","0c","0c","E: Conc. Uncertainty","E: Conc. Uncertainty","E: Conc. Uncertainty","0c","E: Conc. Uncertainty","0c","0c","0c","E: Conc. Uncertainty","E: Conc. Uncertainty","0c","0c","E: Conc. Uncertainty","0c","0c","E: Conc. Uncertainty","E: Conc. Uncertainty","E: Conc. Uncertainty","0c","0c","0c","0c","0c","0c","0c","0c","0c"
"2024-12-06 00:30:00","PM10",NA,NA,NA,NA,NA,NA,NA,NA,NA,NA,NA,NA,NA,NA,NA,NA,NA,NA,NA,NA,NA,NA,NA,NA,NA,NA,NA,NA,NA,NA,NA,NA,NA,NA,NA,NA,NA,NA,NA,NA,"0c","0c","0c","0c","0c","0c","0c","E: Conc. Uncertainty","0c","0c","0c","0c","0c","E: Conc. Uncertainty","0c","E: Conc. Uncertainty","0c","0c","E: Conc. Uncertainty","0c","0c","E: Conc. Uncertainty","0c","0c","0c","0c","0c","E: Conc. Uncertainty","E: Conc. Uncertainty","0c","E: Conc. Uncertainty","0c","0c","0c","0c","0c","0c","0c","0c","0c"
"2024-12-06 01:00:00","PM2.5",NA,NA,NA,NA,NA,NA,NA,NA,NA,NA,NA,NA,NA,NA,NA,NA,NA,NA,NA,NA,NA,NA,NA,NA,NA,NA,NA,NA,NA,NA,NA,NA,NA,NA,NA,NA,NA,NA,NA,NA,"0c","0c","0c","0c","0c","0c","0c","0c","0c","0c","0c","0c","0c","0c","E: Conc. Uncertainty","E: Conc. Uncertainty","0c","0c","0c","E: Conc. Uncertainty","0c","E: Conc. Uncertainty","E: Conc. Uncertainty","0c","0c","0c","0c","0c","0c","0c","0c","E: Conc. Uncertainty","0c","0c","0c","0c","0c","0c","0c","0c"
"2024-12-06 02:00:00","PM10",NA,NA,NA,NA,NA,NA,NA,NA,NA,NA,NA,NA,NA,NA,NA,NA,NA,NA,NA,NA,NA,NA,NA,NA,NA,NA,NA,NA,NA,NA,NA,NA,NA,NA,NA,NA,NA,NA,NA,NA,"0c","0c","0c","0c","0c","0c","0c","0c","0c","0c","0c","0c","0c","0c","E: Conc. Uncertainty","0c","E: Conc. Uncertainty","E: Conc. Uncertainty","E: Conc. Uncertainty","0c","0c","0c","0c","0c","0c","0c","0c","0c","0c","0c","0c","0c","0c","0c","0c","0c","0c","0c","0c","0c"
"2024-12-06 03:00:00","PM2.5",NA,NA,NA,NA,NA,NA,NA,NA,NA,NA,NA,NA,NA,NA,NA,NA,NA,NA,NA,NA,NA,NA,NA,NA,NA,NA,NA,NA,NA,NA,NA,NA,NA,NA,NA,NA,NA,NA,NA,NA,"0c","0c","0c","0c","0c","0c","0c","0c","0c","E: Conc. Uncertainty","0c","0c","E: Conc. Uncertainty","0c","E: Conc. Uncertainty","0c","0c","0c","0c","E: Conc. Uncertainty","0c","E: Conc. Uncertainty","0c","0c","0c","0c","0c","E: Conc. Uncertainty","0c","E: Conc. Uncertainty","E: Conc. Uncertainty","E: Conc. Uncertainty","0c","0c","0c","0c","0c","0c","0c","0c"
"2024-12-06 04:00:00","PM10",NA,NA,NA,NA,NA,NA,NA,NA,NA,NA,NA,NA,NA,NA,NA,NA,NA,NA,NA,NA,NA,NA,NA,NA,NA,NA,NA,NA,NA,NA,NA,NA,NA,NA,NA,NA,NA,NA,NA,NA,"0c","0c","0c","0c","0c","0c","0c","0c","0c","0c","0c","0c","0c","E: Conc. Uncertainty","E: Conc. Uncertainty","0c","0c","E: Conc. Uncertainty","0c","0c","0c","0c","0c","0c","0c","0c","E: Conc. Uncertainty","0c","0c","0c","E: Conc. Uncertainty","E: Conc. Uncertainty","0c","0c","E: Conc. Uncertainty","0c","0c","0c","0c","0c"
"2024-12-06 05:00:00","PM2.5",NA,NA,NA,NA,NA,NA,NA,NA,NA,NA,NA,NA,NA,NA,NA,NA,NA,NA,NA,NA,NA,NA,NA,NA,NA,NA,NA,NA,NA,NA,NA,NA,NA,NA,NA,NA,NA,NA,NA,NA,"0c","0c","E: Conc. Uncertainty","0c","0c","0c","0c","0c","0c","0c","0c","0c","0c","0c","E: Conc. Uncertainty","0c","0c","0c","E: Conc. Uncertainty","0c","0c","E: Conc. Uncertainty","E: Conc. Uncertainty","0c","0c","0c","0c","0c","0c","0c","0c","0c","0c","0c","0c","0c","0c","0c","0c","0c"
"2024-12-06 06:00:00","PM10",NA,NA,NA,NA,NA,NA,NA,NA,NA,NA,NA,NA,NA,NA,NA,NA,NA,NA,NA,NA,NA,NA,NA,NA,NA,NA,NA,NA,NA,NA,NA,NA,NA,NA,NA,NA,NA,NA,NA,NA,"0c","0c","0c","0c","0c","0c","0c","E: Conc. Uncertainty","0c","E: Conc. Uncertainty","0c","0c","0c","0c","0c","0c","0c","0c","E: Conc. Uncertainty","0c","0c","E: Conc. Uncertainty","0c","0c","0c","0c","0c","0c","0c","0c","E: Conc. Uncertainty","0c","0c","0c","0c","0c","0c","0c","0c","0c"
"2024-12-06 07:00:00","PM2.5",NA,NA,NA,NA,NA,NA,NA,NA,NA,NA,NA,NA,NA,NA,NA,NA,NA,NA,NA,NA,NA,NA,NA,NA,NA,NA,NA,NA,NA,NA,NA,NA,NA,NA,NA,NA,NA,NA,NA,NA,"0c","0c","0c","0c","0c","0c","0c","E: Conc. Uncertainty","0c","0c","0c","0c","0c","0c","0c","0c","0c","0c","E: Conc. Uncertainty","0c","0c","E: Conc. Uncertainty","E: Conc. Uncertainty","0c","0c","0c","E: Conc. Uncertainty","E: Conc. Uncertainty","0c","0c","E: Conc. Uncertainty","0c","E: Conc. Uncertainty","0c","0c","0c","0c","0c","0c","0c"
"2024-12-06 08:00:00","PM10",NA,NA,NA,NA,NA,NA,NA,NA,NA,NA,NA,NA,NA,NA,NA,NA,NA,NA,NA,NA,NA,NA,NA,NA,NA,NA,NA,NA,NA,NA,NA,NA,NA,NA,NA,NA,NA,NA,NA,NA,"0c","0c","0c","0c","0c","0c","0c","E: Conc. Uncertainty","0c","0c","E: Conc. Uncertainty","0c","0c","0c","0c","0c","0c","E: Conc. Uncertainty","E: Conc. Uncertainty","0c","0c","0c","E: Conc. Uncertainty","0c","0c","0c","0c","0c","0c","0c","0c","0c","0c","0c","0c","0c","0c","0c","0c","0c"
"2024-12-06 09:00:00","PM2.5",NA,NA,NA,NA,NA,NA,NA,NA,NA,NA,NA,NA,NA,NA,NA,NA,NA,NA,NA,NA,NA,NA,NA,NA,NA,NA,NA,NA,NA,NA,NA,NA,NA,NA,NA,NA,NA,NA,NA,NA,"0c","0c","0c","0c","0c","0c","0c","E: Conc. Uncertainty","0c","0c","0c","0c","0c","E: Conc. Uncertainty","0c","0c","0c","0c","0c","0c","0c","E: Conc. Uncertainty","0c","0c","0c","0c","E: Conc. Uncertainty","0c","0c","E: Conc. Uncertainty","E: Conc. Uncertainty","E: Conc. Uncertainty","0c","0c","0c","0c","0c","0c","0c","0c"
"2024-12-06 10:00:00","PM10",NA,NA,NA,NA,NA,NA,NA,NA,NA,NA,NA,NA,NA,NA,NA,NA,NA,NA,NA,NA,NA,NA,NA,NA,NA,NA,NA,NA,NA,NA,NA,NA,NA,NA,NA,NA,NA,NA,NA,NA,"0c","0c","0c","0c","0c","0c","0c","0c","0c","0c","0c","0c","0c","E: Conc. Uncertainty","0c","0c","0c","0c","E: Conc. Uncertainty","E: Conc. Uncertainty","0c","0c","E: Conc. Uncertainty","0c","0c","0c","E: Conc. Uncertainty","0c","0c","0c","E: Conc. Uncertainty","E: Conc. Uncertainty","E: Conc. Uncertainty","0c","0c","0c","0c","0c","0c","0c"
"2024-12-06 11:00:00","PM2.5",NA,NA,NA,NA,NA,NA,NA,NA,NA,NA,NA,NA,NA,NA,NA,NA,NA,NA,NA,NA,NA,NA,NA,NA,NA,NA,NA,NA,NA,NA,NA,NA,NA,NA,NA,NA,NA,NA,NA,NA,"0c","0c","0c","0c","0c","0c","0c","E: Conc. Uncertainty","0c","0c","0c","0c","0c","0c","0c","0c","0c","0c","0c","0c","0c","E: Conc. Uncertainty","0c","0c","0c","0c","E: Conc. Uncertainty","0c","E: Conc. Uncertainty","E: Conc. Uncertainty","0c","0c","0c","0c","0c","0c","0c","0c","0c","0c"
"2024-12-06 12:00:00","PM10",NA,NA,NA,NA,NA,NA,NA,NA,NA,NA,NA,NA,NA,NA,NA,NA,NA,NA,NA,NA,NA,NA,NA,NA,NA,NA,NA,NA,NA,NA,NA,NA,NA,NA,NA,NA,NA,NA,NA,NA,"0c","0c","0c","0c","0c","0c","0c","0c","0c","E: Conc. Uncertainty","0c","0c","0c","0c","0c","0c","0c","0c","0c","0c","0c","0c","E: Conc. Uncertainty","0c","0c","0c","0c","0c","0c","0c","0c","E: Conc. Uncertainty","E: Conc. Uncertainty","0c","0c","0c","0c","0c","0c","0c"
"2024-12-06 13:00:00","PM2.5",NA,NA,NA,NA,NA,NA,NA,NA,NA,NA,NA,NA,NA,NA,NA,NA,NA,NA,NA,NA,NA,NA,NA,NA,NA,NA,NA,NA,NA,NA,NA,NA,NA,NA,NA,NA,NA,NA,NA,NA,"0c","0c","0c","0c","0c","0c","0c","E: Conc. Uncertainty","0c","0c","0c","0c","0c","E: Conc. Uncertainty","0c","0c","0c","0c","0c","0c","0c","E: Conc. Uncertainty","E: Conc. Uncertainty","E: Conc. Uncertainty","0c","0c","0c","0c","0c","0c","E: Conc. Uncertainty","E: Conc. Uncertainty","0c","0c","0c","0c","0c","0c","0c","0c"
"2024-12-06 14:00:00","PM10",NA,NA,NA,NA,NA,NA,NA,NA,NA,NA,NA,NA,NA,NA,NA,NA,NA,NA,NA,NA,NA,NA,NA,NA,NA,NA,NA,NA,NA,NA,NA,NA,NA,NA,NA,NA,NA,NA,NA,NA,"0c","0c","0c","0c","0c","0c","0c","E: Conc. Uncertainty","0c","0c","E: Conc. Uncertainty","0c","0c","0c","0c","0c","0c","0c","0c","0c","0c","E: Conc. Uncertainty","0c","0c","0c","0c","0c","0c","0c","0c","E: Conc. Uncertainty","0c","E: Conc. Uncertainty","0c","0c","0c","0c","0c","0c","0c"
"2024-12-06 15:00:00","PM2.5",NA,NA,NA,NA,NA,NA,NA,NA,NA,NA,NA,NA,NA,NA,NA,NA,NA,NA,NA,NA,NA,NA,NA,NA,NA,NA,NA,NA,NA,NA,NA,NA,NA,NA,NA,NA,NA,NA,NA,NA,"0c","0c","0c","0c","0c","0c","0c","E: Conc. Uncertainty","0c","0c","0c","0c","0c","0c","0c","0c","0c","0c","E: Conc. Uncertainty","0c","0c","E: Conc. Uncertainty","0c","0c","0c","0c","E: Conc. Uncertainty","0c","0c","0c","0c","0c","0c","0c","0c","0c","0c","0c","E: Conc. Uncertainty","0c"
"2024-12-06 16:00:00","PM10",NA,NA,NA,NA,NA,NA,NA,NA,NA,NA,NA,NA,NA,NA,NA,NA,NA,NA,NA,NA,NA,NA,NA,NA,NA,NA,NA,NA,NA,NA,NA,NA,NA,NA,NA,NA,NA,NA,NA,NA,"0c","0c","0c","0c","0c","0c","0c","E: Conc. Uncertainty","0c","0c","0c","0c","0c","E: Conc. Uncertainty","0c","0c","0c","0c","0c","E: Conc. Uncertainty","0c","E: Conc. Uncertainty","E: Conc. Uncertainty","0c","0c","E: Conc. Uncertainty","0c","0c","0c","0c","0c","E: Conc. Uncertainty","E: Conc. Uncertainty","0c","0c","0c","0c","0c","E: Conc. Uncertainty","0c"
"2024-12-06 17:00:00","PM2.5",NA,NA,NA,NA,NA,NA,NA,NA,NA,NA,NA,NA,NA,NA,NA,NA,NA,NA,NA,NA,NA,NA,NA,NA,NA,NA,NA,NA,NA,NA,NA,NA,NA,NA,NA,NA,NA,NA,NA,NA,"0c","0c","0c","0c","0c","0c","0c","E: Conc. Uncertainty","0c","0c","0c","0c","0c","0c","E: Conc. Uncertainty","0c","0c","0c","0c","0c","0c","E: Conc. Uncertainty","0c","0c","0c","0c","E: Conc. Uncertainty","E: Conc. Uncertainty","0c","0c","E: Conc. Uncertainty","0c","0c","0c","0c","0c","0c","0c","0c","0c"
"2024-12-06 18:00:00","PM10",NA,NA,NA,NA,NA,NA,NA,NA,NA,NA,NA,NA,NA,NA,NA,NA,NA,NA,NA,NA,NA,NA,NA,NA,NA,NA,NA,NA,NA,NA,NA,NA,NA,NA,NA,NA,NA,NA,NA,NA,"0c","0c","0c","0c","0c","0c","0c","0c","0c","0c","0c","0c","0c","0c","E: Conc. Uncertainty","0c","0c","0c","E: Conc. Uncertainty","0c","0c","0c","0c","0c","0c","0c","0c","E: Conc. Uncertainty","0c","0c","0c","0c","E: Conc. Uncertainty","0c","0c","0c","0c","0c","0c","0c"
"2024-12-06 19:00:00","PM2.5",NA,NA,NA,NA,NA,NA,NA,NA,NA,NA,NA,NA,NA,NA,NA,NA,NA,NA,NA,NA,NA,NA,NA,NA,NA,NA,NA,NA,NA,NA,NA,NA,NA,NA,NA,NA,NA,NA,NA,NA,"0c","0c","0c","0c","0c","0c","0c","0c","E: Conc. Uncertainty","0c","0c","0c","0c","E: Conc. Uncertainty","E: Conc. Uncertainty","0c","0c","0c","0c","0c","0c","E: Conc. Uncertainty","E: Conc. Uncertainty","0c","0c","0c","0c","0c","0c","E: Conc. Uncertainty","0c","E: Conc. Uncertainty","0c","0c","0c","0c","0c","0c","0c","0c"
"2024-12-06 20:00:00","PM10",NA,NA,NA,NA,NA,NA,NA,NA,NA,NA,NA,NA,NA,NA,NA,NA,NA,NA,NA,NA,NA,NA,NA,NA,NA,NA,NA,NA,NA,NA,NA,NA,NA,NA,NA,NA,NA,NA,NA,NA,"0c","0c","0c","0c","0c","0c","0c","0c","0c","0c","0c","0c","0c","0c","E: Conc. Uncertainty","0c","0c","0c","E: Conc. Uncertainty","0c","0c","E: Conc. Uncertainty","E: Conc. Uncertainty","0c","0c","0c","E: Conc. Uncertainty","E: Conc. Uncertainty","0c","E: Conc. Uncertainty","0c","0c","0c","0c","0c","0c","0c","0c","0c","0c"
"2024-12-06 21:00:00","PM2.5",NA,NA,NA,NA,NA,NA,NA,NA,NA,NA,NA,NA,NA,NA,NA,NA,NA,NA,NA,NA,NA,NA,NA,NA,NA,NA,NA,NA,NA,NA,NA,NA,NA,NA,NA,NA,NA,NA,NA,NA,"0c","0c","0c","0c","0c","0c","0c","0c","0c","E: Conc. Uncertainty","0c","0c","0c","E: Conc. Uncertainty","E: Conc. Uncertainty","0c","0c","0c","0c","0c","E: Conc. Uncertainty","E: Conc. Uncertainty","E: Conc. Uncertainty","0c","0c","0c","E: Conc. Uncertainty","0c","0c","0c","0c","0c","0c","0c","0c","0c","0c","0c","0c","0c"
"2024-12-06 22:00:00","PM10",NA,NA,NA,NA,NA,NA,NA,NA,NA,NA,NA,NA,NA,NA,NA,NA,NA,NA,NA,NA,NA,NA,NA,NA,NA,NA,NA,NA,NA,NA,NA,NA,NA,NA,NA,NA,NA,NA,NA,NA,"0c","0c","0c","0c","0c","0c","0c","0c","E: Conc. Uncertainty","0c","0c","0c","0c","E: Conc. Uncertainty","E: Conc. Uncertainty","E: Conc. Uncertainty","0c","0c","E: Conc. Uncertainty","0c","E: Conc. Uncertainty","0c","E: Conc. Uncertainty","0c","0c","0c","0c","E: Conc. Uncertainty","E: Conc. Uncertainty","0c","0c","E: Conc. Uncertainty","0c","0c","0c","0c","0c","0c","E: Conc. Uncertainty","0c"
"2024-12-06 23:00:00","PM2.5",NA,NA,NA,NA,NA,NA,NA,NA,NA,NA,NA,NA,NA,NA,NA,NA,NA,NA,NA,NA,NA,NA,NA,NA,NA,NA,NA,NA,NA,NA,NA,NA,NA,NA,NA,NA,NA,NA,NA,NA,"E: Conc. Uncertainty","0c","0c","0c","0c","0c","0c","0c","0c","E: Conc. Uncertainty","0c","0c","E: Conc. Uncertainty","E: Conc. Uncertainty","0c","E: Conc. Uncertainty","E: Conc. Uncertainty","0c","0c","0c","0c","E: Conc. Uncertainty","0c","E: Conc. Uncertainty","0c","0c","0c","E: Conc. Uncertainty","0c","E: Conc. Uncertainty","E: Conc. Uncertainty","E: Conc. Uncertainty","0c","E: Conc. Uncertainty","0c","0c","0c","E: Conc. Uncertainty","0c","0c"
"2024-12-07 00:30:00","PM10",NA,NA,NA,NA,NA,NA,NA,NA,NA,NA,NA,NA,NA,NA,NA,NA,NA,NA,NA,NA,NA,NA,NA,NA,NA,NA,NA,NA,NA,NA,NA,NA,NA,NA,NA,NA,NA,NA,NA,NA,"0c","0c","0c","0c","0c","0c","0c","0c","0c","0c","0c","0c","0c","0c","0c","0c","0c","0c","0c","0c","0c","E: Conc. Uncertainty","0c","E: Conc. Uncertainty","0c","0c","0c","E: Conc. Uncertainty","E: Conc. Uncertainty","0c","0c","0c","0c","E: Conc. Uncertainty","0c","0c","0c","0c","0c","0c"
"2024-12-07 01:00:00","PM2.5",NA,NA,NA,NA,NA,NA,NA,NA,NA,NA,NA,NA,NA,NA,NA,NA,NA,NA,NA,NA,NA,NA,NA,NA,NA,NA,NA,NA,NA,NA,NA,NA,NA,NA,NA,NA,NA,NA,NA,NA,"0c","0c","0c","0c","0c","0c","0c","0c","0c","0c","0c","0c","0c","0c","E: Conc. Uncertainty","0c","0c","E: Conc. Uncertainty","0c","0c","0c","E: Conc. Uncertainty","E: Conc. Uncertainty","0c","0c","0c","E: Conc. Uncertainty","E: Conc. Uncertainty","E: Conc. Uncertainty","0c","E: Conc. Uncertainty","0c","0c","0c","0c","0c","0c","0c","0c","0c"
"2024-12-07 02:00:00","PM10",NA,NA,NA,NA,NA,NA,NA,NA,NA,NA,NA,NA,NA,NA,NA,NA,NA,NA,NA,NA,NA,NA,NA,NA,NA,NA,NA,NA,NA,NA,NA,NA,NA,NA,NA,NA,NA,NA,NA,NA,"0c","0c","0c","0c","0c","0c","0c","0c","0c","0c","0c","0c","0c","E: Conc. Uncertainty","E: Conc. Uncertainty","0c","E: Conc. Uncertainty","0c","E: Conc. Uncertainty","0c","0c","E: Conc. Uncertainty","0c","0c","0c","0c","0c","0c","0c","E: Conc. Uncertainty","E: Conc. Uncertainty","0c","0c","0c","E: Conc. Uncertainty","0c","0c","0c","0c","0c"
"2024-12-07 03:00:00","PM2.5",NA,NA,NA,NA,NA,NA,NA,NA,NA,NA,NA,NA,NA,NA,NA,NA,NA,NA,NA,NA,NA,NA,NA,NA,NA,NA,NA,NA,NA,NA,NA,NA,NA,NA,NA,NA,NA,NA,NA,NA,"E: Conc. Uncertainty","0c","0c","0c","0c","0c","0c","0c","0c","0c","0c","0c","E: Conc. Uncertainty","E: Conc. Uncertainty","0c","0c","0c","0c","0c","0c","0c","E: Conc. Uncertainty","0c","0c","0c","0c","E: Conc. Uncertainty","0c","E: Conc. Uncertainty","0c","E: Conc. Uncertainty","0c","0c","E: Conc. Uncertainty","E: Conc. Uncertainty","0c","0c","0c","0c","0c"
"2024-12-07 04:00:00","PM10",NA,NA,NA,NA,NA,NA,NA,NA,NA,NA,NA,NA,NA,NA,NA,NA,NA,NA,NA,NA,NA,NA,NA,NA,NA,NA,NA,NA,NA,NA,NA,NA,NA,NA,NA,NA,NA,NA,NA,NA,"0c","0c","0c","0c","0c","0c","0c","E: Conc. Uncertainty","0c","E: Conc. Uncertainty","0c","0c","0c","0c","E: Conc. Uncertainty","E: Conc. Uncertainty","0c","0c","0c","E: Conc. Uncertainty","0c","0c","E: Conc. Uncertainty","0c","0c","0c","E: Conc. Uncertainty","0c","0c","0c","0c","E: Conc. Uncertainty","0c","0c","0c","0c","0c","0c","0c","0c"
"2024-12-07 05:00:00","PM2.5",NA,NA,NA,NA,NA,NA,NA,NA,NA,NA,NA,NA,NA,NA,NA,NA,NA,NA,NA,NA,NA,NA,NA,NA,NA,NA,NA,NA,NA,NA,NA,NA,NA,NA,NA,NA,NA,NA,NA,NA,"E: Conc. Uncertainty","0c","0c","0c","0c","0c","0c","0c","0c","0c","0c","0c","0c","0c","E: Conc. Uncertainty","0c","0c","E: Conc. Uncertainty","E: Conc. Uncertainty","0c","0c","0c","E: Conc. Uncertainty","0c","0c","0c","E: Conc. Uncertainty","0c","0c","E: Conc. Uncertainty","0c","E: Conc. Uncertainty","0c","0c","0c","0c","0c","0c","0c","0c"
"2024-12-07 06:00:00","PM10",NA,NA,NA,NA,NA,NA,NA,NA,NA,NA,NA,NA,NA,NA,NA,NA,NA,NA,NA,NA,NA,NA,NA,NA,NA,NA,NA,NA,NA,NA,NA,NA,NA,NA,NA,NA,NA,NA,NA,NA,"0c","0c","0c","E: Conc. Uncertainty","0c","0c","0c","E: Conc. Uncertainty","0c","E: Conc. Uncertainty","0c","0c","0c","E: Conc. Uncertainty","0c","E: Conc. Uncertainty","0c","0c","0c","0c","E: Conc. Uncertainty","E: Conc. Uncertainty","E: Conc. Uncertainty","0c","0c","0c","E: Conc. Uncertainty","E: Conc. Uncertainty","0c","E: Conc. Uncertainty","E: Conc. Uncertainty","E: Conc. Uncertainty","E: Conc. Uncertainty","0c","0c","0c","0c","0c","0c","0c"
"2024-12-07 07:00:00","PM2.5",NA,NA,NA,NA,NA,NA,NA,NA,NA,NA,NA,NA,NA,NA,NA,NA,NA,NA,NA,NA,NA,NA,NA,NA,NA,NA,NA,NA,NA,NA,NA,NA,NA,NA,NA,NA,NA,NA,NA,NA,"0c","0c","E: Conc. Uncertainty","E: Conc. Uncertainty","0c","0c","E: Conc. Uncertainty","0c","0c","0c","0c","0c","0c","0c","0c","0c","0c","0c","E: Conc. Uncertainty","0c","0c","0c","0c","0c","0c","0c","0c","0c","0c","0c","E: Conc. Uncertainty","E: Conc. Uncertainty","0c","0c","0c","0c","0c","0c","0c","0c"
"2024-12-07 08:00:00","PM10",NA,NA,NA,NA,NA,NA,NA,NA,NA,NA,NA,NA,NA,NA,NA,NA,NA,NA,NA,NA,NA,NA,NA,NA,NA,NA,NA,NA,NA,NA,NA,NA,NA,NA,NA,NA,NA,NA,NA,NA,"0c","0c","E: Conc. Uncertainty","0c","0c","0c","0c","E: Conc. Uncertainty","0c","E: Conc. Uncertainty","0c","0c","0c","0c","0c","0c","0c","0c","0c","0c","E: Conc. Uncertainty","E: Conc. Uncertainty","0c","0c","0c","0c","0c","0c","0c","0c","0c","0c","0c","0c","0c","0c","0c","0c","0c","0c"
"2024-12-07 09:00:00","PM2.5",NA,NA,NA,NA,NA,NA,NA,NA,NA,NA,NA,NA,NA,NA,NA,NA,NA,NA,NA,NA,NA,NA,NA,NA,NA,NA,NA,NA,NA,NA,NA,NA,NA,NA,NA,NA,NA,NA,NA,NA,"0c","0c","0c","0c","0c","0c","0c","0c","0c","0c","0c","0c","E: Conc. Uncertainty","0c","0c","E: Conc. Uncertainty","0c","0c","0c","0c","0c","0c","0c","0c","0c","0c","0c","0c","0c","0c","0c","E: Conc. Uncertainty","0c","E: Conc. Uncertainty","0c","0c","0c","0c","0c","0c"
"2024-12-07 10:00:00","PM10",NA,NA,NA,NA,NA,NA,NA,NA,NA,NA,NA,NA,NA,NA,NA,NA,NA,NA,NA,NA,NA,NA,NA,NA,NA,NA,NA,NA,NA,NA,NA,NA,NA,NA,NA,NA,NA,NA,NA,NA,"0c","0c","0c","0c","0c","0c","0c","E: Conc. Uncertainty","0c","0c","0c","0c","0c","0c","E: Conc. Uncertainty","E: Conc. Uncertainty","0c","0c","0c","0c","E: Conc. Uncertainty","0c","0c","0c","0c","0c","0c","0c","0c","E: Conc. Uncertainty","0c","0c","0c","0c","0c","0c","0c","0c","0c","0c"
"2024-12-07 11:00:00","PM2.5",NA,NA,NA,NA,NA,NA,NA,NA,NA,NA,NA,NA,NA,NA,NA,NA,NA,NA,NA,NA,NA,NA,NA,NA,NA,NA,NA,NA,NA,NA,NA,NA,NA,NA,NA,NA,NA,NA,NA,NA,"0c","0c","0c","0c","0c","0c","0c","0c","0c","E: Conc. Uncertainty","0c","0c","E: Conc. Uncertainty","E: Conc. Uncertainty","0c","E: Conc. Uncertainty","E: Conc. Uncertainty","0c","E: Conc. Uncertainty","0c","E: Conc. Uncertainty","E: Conc. Uncertainty","0c","0c","0c","0c","E: Conc. Uncertainty","E: Conc. Uncertainty","0c","E: Conc. Uncertainty","0c","0c","0c","E: Conc. Uncertainty","0c","0c","0c","0c","E: Conc. Uncertainty","0c"
"2024-12-07 12:00:00","PM10",NA,NA,NA,NA,NA,NA,NA,NA,NA,NA,NA,NA,NA,NA,NA,NA,NA,NA,NA,NA,NA,NA,NA,NA,NA,NA,NA,NA,NA,NA,NA,NA,NA,NA,NA,NA,NA,NA,NA,NA,"0c","0c","0c","0c","0c","0c","0c","0c","0c","0c","0c","0c","0c","0c","E: Conc. Uncertainty","0c","0c","0c","0c","0c","0c","E: Conc. Uncertainty","E: Conc. Uncertainty","0c","0c","0c","E: Conc. Uncertainty","0c","0c","0c","0c","E: Conc. Uncertainty","0c","E: Conc. Uncertainty","0c","0c","0c","0c","0c","0c"
"2024-12-07 13:00:00","PM2.5",NA,NA,NA,NA,NA,NA,NA,NA,NA,NA,NA,NA,NA,NA,NA,NA,NA,NA,NA,NA,NA,NA,NA,NA,NA,NA,NA,NA,NA,NA,NA,NA,NA,NA,NA,NA,NA,NA,NA,NA,"0c","0c","0c","0c","0c","0c","0c","0c","0c","0c","0c","0c","0c","0c","0c","0c","0c","0c","0c","E: Conc. Uncertainty","0c","E: Conc. Uncertainty","E: Conc. Uncertainty","0c","0c","0c","0c","0c","0c","E: Conc. Uncertainty","E: Conc. Uncertainty","0c","0c","E: Conc. Uncertainty","0c","0c","0c","0c","0c","0c"
"2024-12-07 14:00:00","PM10",NA,NA,NA,NA,NA,NA,NA,NA,NA,NA,NA,NA,NA,NA,NA,NA,NA,NA,NA,NA,NA,NA,NA,NA,NA,NA,NA,NA,NA,NA,NA,NA,NA,NA,NA,NA,NA,NA,NA,NA,"0c","0c","0c","0c","0c","0c","0c","E: Conc. Uncertainty","0c","0c","0c","0c","0c","0c","E: Conc. Uncertainty","E: Conc. Uncertainty","0c","E: Conc. Uncertainty","E: Conc. Uncertainty","0c","0c","E: Conc. Uncertainty","0c","0c","0c","0c","0c","0c","0c","0c","0c","E: Conc. Uncertainty","0c","0c","E: Conc. Uncertainty","0c","0c","0c","0c","0c"
"2024-12-07 15:00:00","PM2.5",NA,NA,NA,NA,NA,NA,NA,NA,NA,NA,NA,NA,NA,NA,NA,NA,NA,NA,NA,NA,NA,NA,NA,NA,NA,NA,NA,NA,NA,NA,NA,NA,NA,NA,NA,NA,NA,NA,NA,NA,"0c","0c","0c","0c","0c","0c","0c","E: Conc. Uncertainty","0c","0c","0c","0c","0c","0c","0c","E: Conc. Uncertainty","E: Conc. Uncertainty","0c","0c","E: Conc. Uncertainty","0c","0c","E: Conc. Uncertainty","0c","0c","0c","E: Conc. Uncertainty","0c","0c","E: Conc. Uncertainty","E: Conc. Uncertainty","E: Conc. Uncertainty","0c","0c","0c","0c","0c","0c","0c","0c"
"2024-12-07 16:00:00","PM10",NA,NA,NA,NA,NA,NA,NA,NA,NA,NA,NA,NA,NA,NA,NA,NA,NA,NA,NA,NA,NA,NA,NA,NA,NA,NA,NA,NA,NA,NA,NA,NA,NA,NA,NA,NA,NA,NA,NA,NA,"0c","0c","0c","0c","0c","0c","0c","0c","0c","0c","0c","0c","0c","0c","E: Conc. Uncertainty","E: Conc. Uncertainty","0c","E: Conc. Uncertainty","0c","E: Conc. Uncertainty","0c","E: Conc. Uncertainty","0c","0c","0c","0c","0c","0c","0c","0c","E: Conc. Uncertainty","0c","0c","E: Conc. Uncertainty","0c","0c","0c","0c","0c","0c"
"2024-12-07 17:00:00","PM2.5",NA,NA,NA,NA,NA,NA,NA,NA,NA,NA,NA,NA,NA,NA,NA,NA,NA,NA,NA,NA,NA,NA,NA,NA,NA,NA,NA,NA,NA,NA,NA,NA,NA,NA,NA,NA,NA,NA,NA,NA,"0c","0c","0c","0c","0c","0c","0c","0c","0c","0c","0c","0c","0c","0c","0c","0c","0c","0c","0c","E: Conc. Uncertainty","0c","0c","0c","0c","0c","0c","0c","E: Conc. Uncertainty","0c","0c","0c","E: Conc. Uncertainty","0c","0c","0c","0c","0c","0c","0c","0c"
"2024-12-07 18:00:00","PM10",NA,NA,NA,NA,NA,NA,NA,NA,NA,NA,NA,NA,NA,NA,NA,NA,NA,NA,NA,NA,NA,NA,NA,NA,NA,NA,NA,NA,NA,NA,NA,NA,NA,NA,NA,NA,NA,NA,NA,NA,"0c","0c","0c","0c","0c","0c","0c","0c","0c","E: Conc. Uncertainty","0c","0c","0c","0c","E: Conc. Uncertainty","E: Conc. Uncertainty","0c","E: Conc. Uncertainty","0c","0c","0c","E: Conc. Uncertainty","0c","0c","0c","0c","E: Conc. Uncertainty","0c","0c","0c","E: Conc. Uncertainty","0c","0c","0c","0c","0c","0c","0c","0c","0c"
"2024-12-07 19:00:00","PM2.5",NA,NA,NA,NA,NA,NA,NA,NA,NA,NA,NA,NA,NA,NA,NA,NA,NA,NA,NA,NA,NA,NA,NA,NA,NA,NA,NA,NA,NA,NA,NA,NA,NA,NA,NA,NA,NA,NA,NA,NA,"0c","0c","0c","0c","0c","0c","0c","0c","0c","0c","0c","0c","E: Conc. Uncertainty","E: Conc. Uncertainty","E: Conc. Uncertainty","E: Conc. Uncertainty","0c","0c","0c","E: Conc. Uncertainty","0c","E: Conc. Uncertainty","0c","0c","0c","E: Conc. Uncertainty","0c","E: Conc. Uncertainty","E: Conc. Uncertainty","0c","0c","E: Conc. Uncertainty","0c","0c","0c","0c","0c","0c","0c","0c"
"2024-12-07 20:00:00","PM10",NA,NA,NA,NA,NA,NA,NA,NA,NA,NA,NA,NA,NA,NA,NA,NA,NA,NA,NA,NA,NA,NA,NA,NA,NA,NA,NA,NA,NA,NA,NA,NA,NA,NA,NA,NA,NA,NA,NA,NA,"0c","0c","0c","0c","0c","0c","0c","E: Conc. Uncertainty","0c","0c","0c","0c","0c","E: Conc. Uncertainty","0c","E: Conc. Uncertainty","0c","0c","0c","E: Conc. Uncertainty","0c","E: Conc. Uncertainty","E: Conc. Uncertainty","0c","0c","0c","0c","E: Conc. Uncertainty","0c","0c","E: Conc. Uncertainty","E: Conc. Uncertainty","0c","0c","0c","0c","0c","0c","0c","0c"
"2024-12-07 21:00:00","PM2.5",NA,NA,NA,NA,NA,NA,NA,NA,NA,NA,NA,NA,NA,NA,NA,NA,NA,NA,NA,NA,NA,NA,NA,NA,NA,NA,NA,NA,NA,NA,NA,NA,NA,NA,NA,NA,NA,NA,NA,NA,"0c","0c","0c","0c","0c","0c","0c","0c","0c","0c","0c","0c","0c","E: Conc. Uncertainty","E: Conc. Uncertainty","E: Conc. Uncertainty","E: Conc. Uncertainty","0c","E: Conc. Uncertainty","E: Conc. Uncertainty","0c","E: Conc. Uncertainty","E: Conc. Uncertainty","0c","0c","0c","0c","0c","0c","0c","E: Conc. Uncertainty","E: Conc. Uncertainty","0c","0c","0c","0c","0c","0c","0c","0c"
"2024-12-07 22:00:00","PM10",NA,NA,NA,NA,NA,NA,NA,NA,NA,NA,NA,NA,NA,NA,NA,NA,NA,NA,NA,NA,NA,NA,NA,NA,NA,NA,NA,NA,NA,NA,NA,NA,NA,NA,NA,NA,NA,NA,NA,NA,"0c","E: Conc. Uncertainty","0c","0c","0c","0c","0c","E: Conc. Uncertainty","0c","0c","0c","0c","0c","0c","E: Conc. Uncertainty","E: Conc. Uncertainty","0c","E: Conc. Uncertainty","0c","0c","0c","E: Conc. Uncertainty","E: Conc. Uncertainty","0c","0c","0c","0c","0c","0c","0c","0c","0c","0c","0c","0c","0c","0c","0c","0c","0c"
"2024-12-07 23:00:00","PM2.5",NA,NA,NA,NA,NA,NA,NA,NA,NA,NA,NA,NA,NA,NA,NA,NA,NA,NA,NA,NA,NA,NA,NA,NA,NA,NA,NA,NA,NA,NA,NA,NA,NA,NA,NA,NA,NA,NA,NA,NA,"0c","0c","0c","0c","0c","0c","0c","E: Conc. Uncertainty","0c","0c","0c","0c","E: Conc. Uncertainty","E: Conc. Uncertainty","E: Conc. Uncertainty","E: Conc. Uncertainty","0c","0c","E: Conc. Uncertainty","E: Conc. Uncertainty","E: Conc. Uncertainty","E: Conc. Uncertainty","0c","0c","0c","0c","0c","E: Conc. Uncertainty","E: Conc. Uncertainty","0c","0c","E: Conc. Uncertainty","0c","E: Conc. Uncertainty","0c","E: Conc. Uncertainty","E: Conc. Uncertainty","0c","0c","0c"
"2024-12-08 00:30:00","PM10",NA,NA,NA,NA,NA,NA,NA,NA,NA,NA,NA,NA,NA,NA,NA,NA,NA,NA,NA,NA,NA,NA,NA,NA,NA,NA,NA,NA,NA,NA,NA,NA,NA,NA,NA,NA,NA,NA,NA,NA,"0c","0c","E: Conc. Uncertainty","0c","0c","0c","0c","0c","0c","0c","0c","0c","0c","0c","0c","0c","0c","0c","0c","0c","E: Conc. Uncertainty","0c","0c","0c","0c","E: Conc. Uncertainty","E: Conc. Uncertainty","0c","0c","0c","0c","E: Conc. Uncertainty","0c","0c","0c","0c","0c","0c","0c","0c"
"2024-12-08 01:00:00","PM2.5",NA,NA,NA,NA,NA,NA,NA,NA,NA,NA,NA,NA,NA,NA,NA,NA,NA,NA,NA,NA,NA,NA,NA,NA,NA,NA,NA,NA,NA,NA,NA,NA,NA,NA,NA,NA,NA,NA,NA,NA,"0c","0c","0c","0c","0c","0c","0c","0c","0c","E: Conc. Uncertainty","0c","0c","0c","0c","E: Conc. Uncertainty","0c","0c","E: Conc. Uncertainty","E: Conc. Uncertainty","0c","0c","0c","E: Conc. Uncertainty","0c","0c","0c","0c","0c","0c","0c","0c","E: Conc. Uncertainty","0c","0c","0c","0c","0c","0c","0c","0c"
"2024-12-08 02:00:00","PM10",NA,NA,NA,NA,NA,NA,NA,NA,NA,NA,NA,NA,NA,NA,NA,NA,NA,NA,NA,NA,NA,NA,NA,NA,NA,NA,NA,NA,NA,NA,NA,NA,NA,NA,NA,NA,NA,NA,NA,NA,"E: Conc. Uncertainty","0c","0c","0c","0c","0c","0c","E: Conc. Uncertainty","0c","0c","0c","0c","E: Conc. Uncertainty","0c","E: Conc. Uncertainty","0c","0c","0c","0c","0c","0c","0c","0c","0c","0c","0c","0c","0c","0c","0c","E: Conc. Uncertainty","0c","0c","0c","0c","0c","0c","0c","0c","0c"
"2024-12-08 03:00:00","PM2.5",NA,NA,NA,NA,NA,NA,NA,NA,NA,NA,NA,NA,NA,NA,NA,NA,NA,NA,NA,NA,NA,NA,NA,NA,NA,NA,NA,NA,NA,NA,NA,NA,NA,NA,NA,NA,NA,NA,NA,NA,"0c","0c","E: Conc. Uncertainty","0c","0c","0c","0c","0c","0c","0c","0c","0c","E: Conc. Uncertainty","0c","0c","0c","0c","0c","E: Conc. Uncertainty","0c","E: Conc. Uncertainty","0c","0c","0c","0c","0c","E: Conc. Uncertainty","E: Conc. Uncertainty","0c","0c","0c","E: Conc. Uncertainty","0c","0c","E: Conc. Uncertainty","0c","0c","0c","0c","0c"
"2024-12-08 04:00:00","PM10",NA,NA,NA,NA,NA,NA,NA,NA,NA,NA,NA,NA,NA,NA,NA,NA,NA,NA,NA,NA,NA,NA,NA,NA,NA,NA,NA,NA,NA,NA,NA,NA,NA,NA,NA,NA,NA,NA,NA,NA,"0c","0c","E: Conc. Uncertainty","0c","0c","0c","0c","0c","0c","0c","0c","0c","0c","0c","E: Conc. Uncertainty","E: Conc. Uncertainty","E: Conc. Uncertainty","0c","E: Conc. Uncertainty","0c","0c","0c","0c","0c","0c","0c","0c","E: Conc. Uncertainty","0c","E: Conc. Uncertainty","0c","0c","E: Conc. Uncertainty","0c","0c","E: Conc. Uncertainty","0c","0c","0c","0c"
"2024-12-08 05:00:00","PM2.5",NA,NA,NA,NA,NA,NA,NA,NA,NA,NA,NA,NA,NA,NA,NA,NA,NA,NA,NA,NA,NA,NA,NA,NA,NA,NA,NA,NA,NA,NA,NA,NA,NA,NA,NA,NA,NA,NA,NA,NA,"0c","0c","0c","0c","0c","0c","0c","0c","0c","0c","0c","0c","0c","E: Conc. Uncertainty","E: Conc. Uncertainty","0c","0c","0c","E: Conc. Uncertainty","0c","E: Conc. Uncertainty","E: Conc. Uncertainty","0c","0c","0c","0c","0c","0c","0c","0c","E: Conc. Uncertainty","E: Conc. Uncertainty","0c","0c","0c","0c","0c","0c","0c","0c"
"2024-12-08 06:00:00","PM10",NA,NA,NA,NA,NA,NA,NA,NA,NA,NA,NA,NA,NA,NA,NA,NA,NA,NA,NA,NA,NA,NA,NA,NA,NA,NA,NA,NA,NA,NA,NA,NA,NA,NA,NA,NA,NA,NA,NA,NA,"0c","0c","0c","0c","0c","0c","0c","0c","0c","0c","0c","0c","0c","0c","E: Conc. Uncertainty","0c","0c","0c","E: Conc. Uncertainty","0c","0c","E: Conc. Uncertainty","E: Conc. Uncertainty","E: Conc. Uncertainty","0c","0c","0c","0c","0c","0c","E: Conc. Uncertainty","0c","0c","0c","0c","0c","0c","0c","0c","0c"
"2024-12-08 07:00:00","PM2.5",NA,NA,NA,NA,NA,NA,NA,NA,NA,NA,NA,NA,NA,NA,NA,NA,NA,NA,NA,NA,NA,NA,NA,NA,NA,NA,NA,NA,NA,NA,NA,NA,NA,NA,NA,NA,NA,NA,NA,NA,"0c","0c","0c","0c","0c","0c","0c","0c","0c","0c","0c","0c","0c","0c","0c","0c","0c","0c","E: Conc. Uncertainty","0c","0c","E: Conc. Uncertainty","E: Conc. Uncertainty","0c","0c","0c","0c","0c","0c","E: Conc. Uncertainty","E: Conc. Uncertainty","0c","0c","0c","0c","0c","0c","0c","0c","0c"
"2024-12-08 08:00:00","PM10",NA,NA,NA,NA,NA,NA,NA,NA,NA,NA,NA,NA,NA,NA,NA,NA,NA,NA,NA,NA,NA,NA,NA,NA,NA,NA,NA,NA,NA,NA,NA,NA,NA,NA,NA,NA,NA,NA,NA,NA,"0c","0c","0c","0c","0c","0c","0c","E: Conc. Uncertainty","0c","0c","E: Conc. Uncertainty","0c","0c","E: Conc. Uncertainty","E: Conc. Uncertainty","0c","0c","E: Conc. Uncertainty","0c","0c","0c","E: Conc. Uncertainty","E: Conc. Uncertainty","0c","0c","0c","E: Conc. Uncertainty","0c","0c","0c","E: Conc. Uncertainty","0c","0c","0c","0c","0c","0c","0c","0c","0c"
"2024-12-08 09:00:00","PM2.5",NA,NA,NA,NA,NA,NA,NA,NA,NA,NA,NA,NA,NA,NA,NA,NA,NA,NA,NA,NA,NA,NA,NA,NA,NA,NA,NA,NA,NA,NA,NA,NA,NA,NA,NA,NA,NA,NA,NA,NA,"0c","0c","E: Conc. Uncertainty","0c","0c","0c","0c","0c","E: Conc. Uncertainty","0c","0c","0c","0c","0c","E: Conc. Uncertainty","0c","0c","0c","E: Conc. Uncertainty","0c","0c","0c","0c","0c","0c","0c","E: Conc. Uncertainty","0c","0c","E: Conc. Uncertainty","E: Conc. Uncertainty","E: Conc. Uncertainty","0c","0c","0c","0c","0c","0c","0c","0c"
"2024-12-08 10:00:00","PM10",NA,NA,NA,NA,NA,NA,NA,NA,NA,NA,NA,NA,NA,NA,NA,NA,NA,NA,NA,NA,NA,NA,NA,NA,NA,NA,NA,NA,NA,NA,NA,NA,NA,NA,NA,NA,NA,NA,NA,NA,"0c","0c","0c","0c","0c","0c","0c","0c","0c","0c","0c","0c","0c","0c","E: Conc. Uncertainty","0c","E: Conc. Uncertainty","0c","0c","0c","0c","E: Conc. Uncertainty","0c","0c","0c","0c","E: Conc. Uncertainty","0c","0c","0c","E: Conc. Uncertainty","0c","E: Conc. Uncertainty","0c","0c","0c","0c","0c","0c","0c"
"2024-12-08 11:00:00","PM2.5",NA,NA,NA,NA,NA,NA,NA,NA,NA,NA,NA,NA,NA,NA,NA,NA,NA,NA,NA,NA,NA,NA,NA,NA,NA,NA,NA,NA,NA,NA,NA,NA,NA,NA,NA,NA,NA,NA,NA,NA,"0c","0c","0c","0c","0c","0c","0c","0c","0c","0c","0c","0c","0c","E: Conc. Uncertainty","E: Conc. Uncertainty","0c","0c","0c","0c","0c","E: Conc. Uncertainty","0c","0c","0c","0c","0c","0c","0c","0c","0c","E: Conc. Uncertainty","E: Conc. Uncertainty","0c","0c","0c","0c","0c","0c","0c","0c"
"2024-12-08 12:00:00","PM10",NA,NA,NA,NA,NA,NA,NA,NA,NA,NA,NA,NA,NA,NA,NA,NA,NA,NA,NA,NA,NA,NA,NA,NA,NA,NA,NA,NA,NA,NA,NA,NA,NA,NA,NA,NA,NA,NA,NA,NA,"0c","0c","0c","0c","0c","0c","0c","E: Conc. Uncertainty","0c","0c","0c","0c","0c","E: Conc. Uncertainty","0c","0c","0c","0c","0c","0c","0c","0c","0c","0c","0c","0c","0c","0c","0c","0c","E: Conc. Uncertainty","E: Conc. Uncertainty","E: Conc. Uncertainty","0c","0c","0c","0c","0c","0c","0c"
"2024-12-08 13:00:00","PM2.5",NA,NA,NA,NA,NA,NA,NA,NA,NA,NA,NA,NA,NA,NA,NA,NA,NA,NA,NA,NA,NA,NA,NA,NA,NA,NA,NA,NA,NA,NA,NA,NA,NA,NA,NA,NA,NA,NA,NA,NA,"0c","0c","0c","0c","0c","0c","0c","E: Conc. Uncertainty","0c","0c","0c","0c","0c","0c","E: Conc. Uncertainty","0c","E: Conc. Uncertainty","0c","0c","0c","0c","E: Conc. Uncertainty","E: Conc. Uncertainty","0c","0c","0c","E: Conc. Uncertainty","0c","0c","E: Conc. Uncertainty","E: Conc. Uncertainty","E: Conc. Uncertainty","0c","0c","0c","0c","0c","0c","0c","0c"
"2024-12-08 14:00:00","PM10",NA,NA,NA,NA,NA,NA,NA,NA,NA,NA,NA,NA,NA,NA,NA,NA,NA,NA,NA,NA,NA,NA,NA,NA,NA,NA,NA,NA,NA,NA,NA,NA,NA,NA,NA,NA,NA,NA,NA,NA,"0c","0c","E: Conc. Uncertainty","0c","0c","0c","0c","0c","0c","0c","0c","0c","0c","E: Conc. Uncertainty","0c","0c","0c","0c","E: Conc. Uncertainty","E: Conc. Uncertainty","0c","0c","0c","0c","0c","0c","0c","0c","0c","0c","E: Conc. Uncertainty","0c","0c","0c","0c","0c","0c","0c","0c","0c"
"2024-12-08 15:00:00","PM2.5",NA,NA,NA,NA,NA,NA,NA,NA,NA,NA,NA,NA,NA,NA,NA,NA,NA,NA,NA,NA,NA,NA,NA,NA,NA,NA,NA,NA,NA,NA,NA,NA,NA,NA,NA,NA,NA,NA,NA,NA,"0c","0c","0c","0c","0c","0c","0c","0c","0c","0c","0c","0c","E: Conc. Uncertainty","0c","E: Conc. Uncertainty","0c","0c","0c","0c","0c","0c","0c","E: Conc. Uncertainty","0c","0c","0c","E: Conc. Uncertainty","E: Conc. Uncertainty","0c","0c","0c","0c","0c","0c","0c","0c","0c","0c","0c","0c"
"2024-12-08 16:00:00","PM10",NA,NA,NA,NA,NA,NA,NA,NA,NA,NA,NA,NA,NA,NA,NA,NA,NA,NA,NA,NA,NA,NA,NA,NA,NA,NA,NA,NA,NA,NA,NA,NA,NA,NA,NA,NA,NA,NA,NA,NA,"0c","0c","0c","0c","0c","0c","0c","E: Conc. Uncertainty","0c","0c","0c","0c","E: Conc. Uncertainty","E: Conc. Uncertainty","0c","0c","0c","0c","0c","0c","0c","E: Conc. Uncertainty","E: Conc. Uncertainty","0c","0c","0c","E: Conc. Uncertainty","0c","0c","0c","0c","0c","0c","E: Conc. Uncertainty","0c","0c","0c","0c","0c","0c"
"2024-12-08 17:00:00","PM2.5",NA,NA,NA,NA,NA,NA,NA,NA,NA,NA,NA,NA,NA,NA,NA,NA,NA,NA,NA,NA,NA,NA,NA,NA,NA,NA,NA,NA,NA,NA,NA,NA,NA,NA,NA,NA,NA,NA,NA,NA,"0c","0c","E: Conc. Uncertainty","0c","0c","0c","0c","0c","0c","0c","0c","0c","0c","E: Conc. Uncertainty","0c","0c","0c","0c","E: Conc. Uncertainty","0c","0c","E: Conc. Uncertainty","E: Conc. Uncertainty","0c","0c","0c","E: Conc. Uncertainty","0c","E: Conc. Uncertainty","0c","0c","0c","0c","0c","E: Conc. Uncertainty","0c","0c","0c","0c","0c"
"2024-12-08 18:00:00","PM10",NA,NA,NA,NA,NA,NA,NA,NA,NA,NA,NA,NA,NA,NA,NA,NA,NA,NA,NA,NA,NA,NA,NA,NA,NA,NA,NA,NA,NA,NA,NA,NA,NA,NA,NA,NA,NA,NA,NA,NA,"0c","0c","0c","0c","0c","0c","0c","0c","0c","0c","0c","0c","0c","E: Conc. Uncertainty","0c","0c","0c","0c","E: Conc. Uncertainty","0c","0c","E: Conc. Uncertainty","0c","0c","0c","0c","0c","0c","0c","0c","0c","E: Conc. Uncertainty","0c","0c","0c","0c","0c","0c","0c","0c"
"2024-12-08 19:00:00","PM2.5",NA,NA,NA,NA,NA,NA,NA,NA,NA,NA,NA,NA,NA,NA,NA,NA,NA,NA,NA,NA,NA,NA,NA,NA,NA,NA,NA,NA,NA,NA,NA,NA,NA,NA,NA,NA,NA,NA,NA,NA,"0c","0c","0c","0c","0c","0c","0c","E: Conc. Uncertainty","0c","0c","0c","0c","0c","0c","E: Conc. Uncertainty","0c","0c","0c","E: Conc. Uncertainty","0c","0c","E: Conc. Uncertainty","0c","0c","0c","0c","0c","0c","0c","0c","0c","0c","E: Conc. Uncertainty","0c","0c","0c","0c","0c","0c","0c"
"2024-12-08 20:00:00","PM10",NA,NA,NA,NA,NA,NA,NA,NA,NA,NA,NA,NA,NA,NA,NA,NA,NA,NA,NA,NA,NA,NA,NA,NA,NA,NA,NA,NA,NA,NA,NA,NA,NA,NA,NA,NA,NA,NA,NA,NA,"0c","0c","0c","0c","0c","0c","0c","0c","0c","0c","0c","0c","0c","0c","E: Conc. Uncertainty","0c","0c","0c","E: Conc. Uncertainty","0c","0c","0c","E: Conc. Uncertainty","E: Conc. Uncertainty","0c","0c","0c","0c","0c","0c","0c","0c","E: Conc. Uncertainty","0c","0c","0c","0c","0c","0c","0c"
"2024-12-08 21:00:00","PM2.5",NA,NA,NA,NA,NA,NA,NA,NA,NA,NA,NA,NA,NA,NA,NA,NA,NA,NA,NA,NA,NA,NA,NA,NA,NA,NA,NA,NA,NA,NA,NA,NA,NA,NA,NA,NA,NA,NA,NA,NA,"0c","0c","0c","0c","0c","0c","0c","0c","0c","0c","0c","0c","E: Conc. Uncertainty","E: Conc. Uncertainty","E: Conc. Uncertainty","E: Conc. Uncertainty","E: Conc. Uncertainty","0c","0c","0c","0c","E: Conc. Uncertainty","E: Conc. Uncertainty","E: Conc. Uncertainty","0c","0c","0c","E: Conc. Uncertainty","0c","0c","0c","0c","0c","0c","0c","0c","0c","0c","0c","0c"
"2024-12-08 22:00:00","PM10",NA,NA,NA,NA,NA,NA,NA,NA,NA,NA,NA,NA,NA,NA,NA,NA,NA,NA,NA,NA,NA,NA,NA,NA,NA,NA,NA,NA,NA,NA,NA,NA,NA,NA,NA,NA,NA,NA,NA,NA,"0c","0c","0c","0c","0c","0c","0c","E: Conc. Uncertainty","0c","0c","0c","0c","0c","0c","E: Conc. Uncertainty","0c","0c","0c","E: Conc. Uncertainty","0c","0c","0c","0c","0c","0c","E: Conc. Uncertainty","0c","0c","0c","E: Conc. Uncertainty","0c","0c","0c","0c","0c","0c","0c","0c","0c","0c"
"2024-12-08 23:00:00","PM2.5",NA,NA,NA,NA,NA,NA,NA,NA,NA,NA,NA,NA,NA,NA,NA,NA,NA,NA,NA,NA,NA,NA,NA,NA,NA,NA,NA,NA,NA,NA,NA,NA,NA,NA,NA,NA,NA,NA,NA,NA,"0c","0c","0c","0c","0c","0c","0c","0c","E: Conc. Uncertainty","0c","0c","0c","0c","E: Conc. Uncertainty","0c","E: Conc. Uncertainty","0c","E: Conc. Uncertainty","0c","0c","0c","E: Conc. Uncertainty","0c","E: Conc. Uncertainty","0c","0c","0c","E: Conc. Uncertainty","0c","0c","E: Conc. Uncertainty","E: Conc. Uncertainty","E: Conc. Uncertainty","0c","0c","0c","0c","0c","0c","0c"
"2024-12-09 00:30:00","PM10",NA,NA,NA,NA,NA,NA,NA,NA,NA,NA,NA,NA,NA,NA,NA,NA,NA,NA,NA,NA,NA,NA,NA,NA,NA,NA,NA,NA,NA,NA,NA,NA,NA,NA,NA,NA,NA,NA,NA,NA,"0c","0c","0c","0c","0c","0c","0c","E: Conc. Uncertainty","E: Conc. Uncertainty","0c","0c","0c","0c","0c","0c","E: Conc. Uncertainty","0c","0c","E: Conc. Uncertainty","0c","0c","E: Conc. Uncertainty","E: Conc. Uncertainty","0c","0c","0c","0c","0c","0c","0c","E: Conc. Uncertainty","E: Conc. Uncertainty","0c","0c","0c","0c","0c","0c","0c","0c"
"2024-12-09 01:00:00","PM2.5",NA,NA,NA,NA,NA,NA,NA,NA,NA,NA,NA,NA,NA,NA,NA,NA,NA,NA,NA,NA,NA,NA,NA,NA,NA,NA,NA,NA,NA,NA,NA,NA,NA,NA,NA,NA,NA,NA,NA,NA,"0c","0c","0c","0c","0c","0c","0c","0c","0c","0c","0c","0c","0c","E: Conc. Uncertainty","0c","0c","0c","0c","0c","0c","0c","E: Conc. Uncertainty","E: Conc. Uncertainty","0c","0c","E: Conc. Uncertainty","0c","E: Conc. Uncertainty","0c","0c","0c","0c","0c","0c","0c","0c","0c","0c","0c","0c"
"2024-12-09 02:00:00","PM10",NA,NA,NA,NA,NA,NA,NA,NA,NA,NA,NA,NA,NA,NA,NA,NA,NA,NA,NA,NA,NA,NA,NA,NA,NA,NA,NA,NA,NA,NA,NA,NA,NA,NA,NA,NA,NA,NA,NA,NA,"0c","0c","0c","0c","0c","0c","0c","0c","E: Conc. Uncertainty","0c","0c","0c","0c","0c","E: Conc. Uncertainty","E: Conc. Uncertainty","0c","0c","E: Conc. Uncertainty","0c","0c","0c","E: Conc. Uncertainty","0c","0c","0c","E: Conc. Uncertainty","0c","0c","E: Conc. Uncertainty","0c","0c","0c","0c","0c","0c","0c","0c","0c","0c"
"2024-12-09 03:00:00","PM2.5",NA,NA,NA,NA,NA,NA,NA,NA,NA,NA,NA,NA,NA,NA,NA,NA,NA,NA,NA,NA,NA,NA,NA,NA,NA,NA,NA,NA,NA,NA,NA,NA,NA,NA,NA,NA,NA,NA,NA,NA,"0c","0c","0c","0c","0c","0c","0c","0c","0c","0c","0c","0c","E: Conc. Uncertainty","E: Conc. Uncertainty","E: Conc. Uncertainty","E: Conc. Uncertainty","0c","0c","E: Conc. Uncertainty","0c","0c","E: Conc. Uncertainty","E: Conc. Uncertainty","0c","0c","E: Conc. Uncertainty","0c","0c","0c","0c","0c","0c","0c","0c","0c","0c","0c","0c","0c","0c"
"2024-12-09 04:00:00","PM10",NA,NA,NA,NA,NA,NA,NA,NA,NA,NA,NA,NA,NA,NA,NA,NA,NA,NA,NA,NA,NA,NA,NA,NA,NA,NA,NA,NA,NA,NA,NA,NA,NA,NA,NA,NA,NA,NA,NA,NA,"0c","0c","0c","0c","0c","0c","0c","0c","0c","0c","0c","0c","0c","0c","0c","E: Conc. Uncertainty","0c","0c","0c","0c","0c","0c","0c","0c","0c","E: Conc. Uncertainty","E: Conc. Uncertainty","0c","0c","E: Conc. Uncertainty","0c","0c","0c","0c","E: Conc. Uncertainty","0c","0c","0c","0c","0c"
"2024-12-09 05:00:00","PM2.5",NA,NA,NA,NA,NA,NA,NA,NA,NA,NA,NA,NA,NA,NA,NA,NA,NA,NA,NA,NA,NA,NA,NA,NA,NA,NA,NA,NA,NA,NA,NA,NA,NA,NA,NA,NA,NA,NA,NA,NA,"0c","0c","0c","0c","0c","0c","0c","0c","0c","0c","0c","0c","0c","0c","E: Conc. Uncertainty","0c","0c","E: Conc. Uncertainty","0c","0c","E: Conc. Uncertainty","0c","0c","0c","0c","0c","E: Conc. Uncertainty","0c","0c","0c","E: Conc. Uncertainty","E: Conc. Uncertainty","0c","0c","0c","0c","0c","0c","0c","0c"
"2024-12-09 06:00:00","PM10",NA,NA,NA,NA,NA,NA,NA,NA,NA,NA,NA,NA,NA,NA,NA,NA,NA,NA,NA,NA,NA,NA,NA,NA,NA,NA,NA,NA,NA,NA,NA,NA,NA,NA,NA,NA,NA,NA,NA,NA,"0c","0c","0c","0c","0c","0c","0c","0c","0c","0c","0c","0c","0c","0c","E: Conc. Uncertainty","0c","E: Conc. Uncertainty","0c","0c","0c","0c","0c","0c","0c","0c","0c","0c","0c","0c","0c","E: Conc. Uncertainty","0c","0c","0c","0c","0c","0c","E: Conc. Uncertainty","0c","0c"
"2024-12-09 07:00:00","PM2.5",NA,NA,NA,NA,NA,NA,NA,NA,NA,NA,NA,NA,NA,NA,NA,NA,NA,NA,NA,NA,NA,NA,NA,NA,NA,NA,NA,NA,NA,NA,NA,NA,NA,NA,NA,NA,NA,NA,NA,NA,"0c","0c","0c","0c","0c","0c","0c","0c","0c","0c","0c","0c","0c","E: Conc. Uncertainty","E: Conc. Uncertainty","0c","0c","E: Conc. Uncertainty","E: Conc. Uncertainty","0c","0c","E: Conc. Uncertainty","E: Conc. Uncertainty","0c","0c","0c","E: Conc. Uncertainty","E: Conc. Uncertainty","0c","0c","E: Conc. Uncertainty","0c","0c","0c","0c","0c","0c","E: Conc. Uncertainty","0c","0c"
"2024-12-09 08:00:00","PM10",NA,NA,NA,NA,NA,NA,NA,NA,NA,NA,NA,NA,NA,NA,NA,NA,NA,NA,NA,NA,NA,NA,NA,NA,NA,NA,NA,NA,NA,NA,NA,NA,NA,NA,NA,NA,NA,NA,NA,NA,"0c","0c","0c","0c","0c","0c","0c","0c","0c","0c","E: Conc. Uncertainty","0c","0c","0c","0c","0c","0c","0c","E: Conc. Uncertainty","0c","0c","0c","0c","0c","E: Conc. Uncertainty","0c","E: Conc. Uncertainty","E: Conc. Uncertainty","0c","0c","E: Conc. Uncertainty","0c","E: Conc. Uncertainty","0c","0c","0c","0c","0c","0c","0c"
"2024-12-09 09:00:00","PM2.5",NA,NA,NA,NA,NA,NA,NA,NA,NA,NA,NA,NA,NA,NA,NA,NA,NA,NA,NA,NA,NA,NA,NA,NA,NA,NA,NA,NA,NA,NA,NA,NA,NA,NA,NA,NA,NA,NA,NA,NA,"0c","0c","0c","0c","0c","0c","0c","0c","0c","0c","0c","0c","0c","E: Conc. Uncertainty","0c","0c","0c","0c","0c","0c","0c","E: Conc. Uncertainty","0c","0c","0c","0c","E: Conc. Uncertainty","E: Conc. Uncertainty","0c","0c","E: Conc. Uncertainty","0c","0c","0c","0c","0c","0c","0c","0c","0c"
"2024-12-09 10:00:00","PM10",NA,NA,NA,NA,NA,NA,NA,NA,NA,NA,NA,NA,NA,NA,NA,NA,NA,NA,NA,NA,NA,NA,NA,NA,NA,NA,NA,NA,NA,NA,NA,NA,NA,NA,NA,NA,NA,NA,NA,NA,"0c","0c","0c","0c","0c","0c","0c","0c","E: Conc. Uncertainty","0c","0c","0c","0c","E: Conc. Uncertainty","0c","0c","0c","0c","0c","0c","0c","E: Conc. Uncertainty","E: Conc. Uncertainty","0c","0c","0c","0c","E: Conc. Uncertainty","0c","0c","0c","0c","0c","0c","0c","0c","0c","0c","0c","0c"
"2024-12-09 11:00:00","PM2.5",NA,NA,NA,NA,NA,NA,NA,NA,NA,NA,NA,NA,NA,NA,NA,NA,NA,NA,NA,NA,NA,NA,NA,NA,NA,NA,NA,NA,NA,NA,NA,NA,NA,NA,NA,NA,NA,NA,NA,NA,"0c","0c","0c","0c","0c","0c","0c","E: Conc. Uncertainty","E: Conc. Uncertainty","0c","0c","0c","0c","E: Conc. Uncertainty","0c","0c","0c","0c","0c","0c","0c","E: Conc. Uncertainty","0c","0c","E: Conc. Uncertainty","0c","E: Conc. Uncertainty","E: Conc. Uncertainty","0c","0c","E: Conc. Uncertainty","0c","0c","0c","0c","0c","0c","0c","0c","0c"
"2024-12-09 12:00:00","PM10",NA,NA,NA,NA,NA,NA,NA,NA,NA,NA,NA,NA,NA,NA,NA,NA,NA,NA,NA,NA,NA,NA,NA,NA,NA,NA,NA,NA,NA,NA,NA,NA,NA,NA,NA,NA,NA,NA,NA,NA,"0c","0c","0c","0c","0c","0c","0c","0c","0c","0c","E: Conc. Uncertainty","0c","0c","E: Conc. Uncertainty","0c","0c","0c","0c","0c","0c","0c","0c","0c","0c","0c","0c","0c","0c","0c","0c","E: Conc. Uncertainty","0c","0c","0c","0c","0c","0c","0c","0c","0c"
"2024-12-09 13:00:00","PM2.5",NA,NA,NA,NA,NA,NA,NA,NA,NA,NA,NA,NA,NA,NA,NA,NA,NA,NA,NA,NA,NA,NA,NA,NA,NA,NA,NA,NA,NA,NA,NA,NA,NA,NA,NA,NA,NA,NA,NA,NA,"0c","0c","0c","0c","0c","0c","0c","0c","0c","0c","E: Conc. Uncertainty","0c","0c","E: Conc. Uncertainty","0c","0c","0c","0c","0c","0c","0c","E: Conc. Uncertainty","0c","0c","0c","0c","0c","0c","0c","0c","E: Conc. Uncertainty","0c","0c","0c","0c","0c","0c","0c","0c","0c"
"2024-12-09 14:00:00","PM10",NA,NA,NA,NA,NA,NA,NA,NA,NA,NA,NA,NA,NA,NA,NA,NA,NA,NA,NA,NA,NA,NA,NA,NA,NA,NA,NA,NA,NA,NA,NA,NA,NA,NA,NA,NA,NA,NA,NA,NA,"0c","0c","0c","0c","0c","0c","0c","0c","0c","0c","E: Conc. Uncertainty","0c","0c","0c","0c","0c","0c","0c","0c","0c","0c","E: Conc. Uncertainty","0c","0c","0c","0c","E: Conc. Uncertainty","0c","0c","E: Conc. Uncertainty","E: Conc. Uncertainty","0c","0c","0c","0c","0c","0c","0c","0c","0c"
"2024-12-09 15:00:00","PM2.5",NA,NA,NA,NA,NA,NA,NA,NA,NA,NA,NA,NA,NA,NA,NA,NA,NA,NA,NA,NA,NA,NA,NA,NA,NA,NA,NA,NA,NA,NA,NA,NA,NA,NA,NA,NA,NA,NA,NA,NA,"0c","0c","0c","0c","0c","0c","0c","0c","0c","0c","0c","0c","0c","0c","0c","0c","0c","0c","0c","0c","0c","0c","0c","0c","0c","0c","E: Conc. Uncertainty","E: Conc. Uncertainty","0c","0c","0c","0c","0c","0c","0c","0c","0c","0c","0c","0c"
"2024-12-09 16:00:00","PM10",NA,NA,NA,NA,NA,NA,NA,NA,NA,NA,NA,NA,NA,NA,NA,NA,NA,NA,NA,NA,NA,NA,NA,NA,NA,NA,NA,NA,NA,NA,NA,NA,NA,NA,NA,NA,NA,NA,NA,NA,"0c","0c","0c","0c","0c","0c","0c","0c","0c","0c","E: Conc. Uncertainty","0c","0c","0c","0c","0c","0c","0c","0c","0c","0c","E: Conc. Uncertainty","0c","0c","0c","0c","0c","0c","0c","0c","E: Conc. Uncertainty","E: Conc. Uncertainty","0c","0c","0c","0c","0c","0c","0c","0c"
"2024-12-09 17:00:00","PM2.5",NA,NA,NA,NA,NA,NA,NA,NA,NA,NA,NA,NA,NA,NA,NA,NA,NA,NA,NA,NA,NA,NA,NA,NA,NA,NA,NA,NA,NA,NA,NA,NA,NA,NA,NA,NA,NA,NA,NA,NA,"0c","0c","0c","0c","0c","0c","0c","0c","E: Conc. Uncertainty","0c","E: Conc. Uncertainty","0c","0c","E: Conc. Uncertainty","0c","0c","0c","0c","0c","0c","0c","E: Conc. Uncertainty","E: Conc. Uncertainty","0c","0c","0c","0c","0c","0c","0c","E: Conc. Uncertainty","0c","0c","0c","0c","0c","0c","0c","E: Conc. Uncertainty","0c"
"2024-12-09 18:00:00","PM10",NA,NA,NA,NA,NA,NA,NA,NA,NA,NA,NA,NA,NA,NA,NA,NA,NA,NA,NA,NA,NA,NA,NA,NA,NA,NA,NA,NA,NA,NA,NA,NA,NA,NA,NA,NA,NA,NA,NA,NA,"0c","0c","0c","0c","0c","0c","0c","0c","E: Conc. Uncertainty","0c","E: Conc. Uncertainty","0c","0c","E: Conc. Uncertainty","0c","0c","0c","0c","0c","0c","0c","E: Conc. Uncertainty","E: Conc. Uncertainty","0c","0c","0c","0c","0c","0c","0c","E: Conc. Uncertainty","0c","0c","0c","0c","0c","0c","0c","0c","0c"
"2024-12-09 19:00:00","PM2.5",NA,NA,NA,NA,NA,NA,NA,NA,NA,NA,NA,NA,NA,NA,NA,NA,NA,NA,NA,NA,NA,NA,NA,NA,NA,NA,NA,NA,NA,NA,NA,NA,NA,NA,NA,NA,NA,NA,NA,NA,"0c","0c","0c","0c","0c","0c","0c","E: Conc. Uncertainty","0c","0c","0c","0c","0c","E: Conc. Uncertainty","0c","0c","0c","0c","0c","E: Conc. Uncertainty","0c","E: Conc. Uncertainty","E: Conc. Uncertainty","0c","0c","0c","0c","0c","0c","0c","0c","0c","E: Conc. Uncertainty","0c","0c","0c","0c","0c","0c","0c"
"2024-12-09 20:00:00","PM10",NA,NA,NA,NA,NA,NA,NA,NA,NA,NA,NA,NA,NA,NA,NA,NA,NA,NA,NA,NA,NA,NA,NA,NA,NA,NA,NA,NA,NA,NA,NA,NA,NA,NA,NA,NA,NA,NA,NA,NA,"0c","0c","0c","0c","0c","0c","0c","E: Conc. Uncertainty","0c","0c","E: Conc. Uncertainty","0c","0c","0c","0c","0c","0c","0c","E: Conc. Uncertainty","0c","0c","E: Conc. Uncertainty","0c","0c","0c","0c","0c","0c","0c","0c","E: Conc. Uncertainty","E: Conc. Uncertainty","0c","0c","0c","0c","0c","0c","0c","0c"
"2024-12-09 21:00:00","PM2.5",NA,NA,NA,NA,NA,NA,NA,NA,NA,NA,NA,NA,NA,NA,NA,NA,NA,NA,NA,NA,NA,NA,NA,NA,NA,NA,NA,NA,NA,NA,NA,NA,NA,NA,NA,NA,NA,NA,NA,NA,"0c","0c","0c","0c","0c","0c","0c","0c","0c","0c","0c","0c","0c","E: Conc. Uncertainty","0c","0c","0c","0c","0c","E: Conc. Uncertainty","0c","0c","E: Conc. Uncertainty","0c","0c","0c","0c","0c","0c","0c","E: Conc. Uncertainty","E: Conc. Uncertainty","0c","0c","0c","0c","0c","0c","0c","0c"
"2024-12-09 22:00:00","PM10",NA,NA,NA,NA,NA,NA,NA,NA,NA,NA,NA,NA,NA,NA,NA,NA,NA,NA,NA,NA,NA,NA,NA,NA,NA,NA,NA,NA,NA,NA,NA,NA,NA,NA,NA,NA,NA,NA,NA,NA,"0c","0c","0c","0c","0c","0c","0c","0c","E: Conc. Uncertainty","0c","0c","0c","0c","0c","0c","0c","0c","0c","0c","0c","0c","E: Conc. Uncertainty","E: Conc. Uncertainty","0c","0c","0c","E: Conc. Uncertainty","0c","0c","E: Conc. Uncertainty","E: Conc. Uncertainty","0c","0c","0c","0c","0c","0c","0c","0c","0c"
"2024-12-09 23:00:00","PM2.5",NA,NA,NA,NA,NA,NA,NA,NA,NA,NA,NA,NA,NA,NA,NA,NA,NA,NA,NA,NA,NA,NA,NA,NA,NA,NA,NA,NA,NA,NA,NA,NA,NA,NA,NA,NA,NA,NA,NA,NA,"0c","0c","E: Conc. Uncertainty","0c","0c","0c","0c","0c","E: Conc. Uncertainty","E: Conc. Uncertainty","0c","0c","0c","E: Conc. Uncertainty","0c","0c","0c","0c","E: Conc. Uncertainty","0c","0c","E: Conc. Uncertainty","0c","0c","0c","0c","0c","0c","0c","0c","E: Conc. Uncertainty","E: Conc. Uncertainty","0c","0c","0c","0c","0c","0c","0c","0c"
"2024-12-10 00:30:00","PM10",NA,NA,NA,NA,NA,NA,NA,NA,NA,NA,NA,NA,NA,NA,NA,NA,NA,NA,NA,NA,NA,NA,NA,NA,NA,NA,NA,NA,NA,NA,NA,NA,NA,NA,NA,NA,NA,NA,NA,NA,"0c","0c","0c","0c","0c","0c","0c","E: Conc. Uncertainty","0c","0c","0c","0c","0c","0c","E: Conc. Uncertainty","0c","0c","0c","E: Conc. Uncertainty","0c","0c","E: Conc. Uncertainty","0c","0c","0c","0c","E: Conc. Uncertainty","E: Conc. Uncertainty","0c","0c","E: Conc. Uncertainty","E: Conc. Uncertainty","0c","E: Conc. Uncertainty","0c","0c","0c","0c","0c","0c"
"2024-12-10 01:00:00","PM2.5",NA,NA,NA,NA,NA,NA,NA,NA,NA,NA,NA,NA,NA,NA,NA,NA,NA,NA,NA,NA,NA,NA,NA,NA,NA,NA,NA,NA,NA,NA,NA,NA,NA,NA,NA,NA,NA,NA,NA,NA,"0c","0c","0c","0c","0c","0c","0c","0c","E: Conc. Uncertainty","0c","0c","0c","0c","0c","E: Conc. Uncertainty","0c","0c","0c","E: Conc. Uncertainty","0c","0c","0c","0c","0c","0c","0c","0c","E: Conc. Uncertainty","0c","0c","0c","0c","E: Conc. Uncertainty","0c","0c","0c","0c","0c","0c","0c"
"2024-12-10 02:00:00","PM10",NA,NA,NA,NA,NA,NA,NA,NA,NA,NA,NA,NA,NA,NA,NA,NA,NA,NA,NA,NA,NA,NA,NA,NA,NA,NA,NA,NA,NA,NA,NA,NA,NA,NA,NA,NA,NA,NA,NA,NA,"0c","0c","0c","0c","0c","0c","0c","E: Conc. Uncertainty","E: Conc. Uncertainty","0c","0c","0c","0c","0c","E: Conc. Uncertainty","E: Conc. Uncertainty","0c","0c","E: Conc. Uncertainty","0c","0c","0c","E: Conc. Uncertainty","0c","0c","0c","0c","0c","0c","0c","0c","E: Conc. Uncertainty","0c","0c","0c","0c","0c","0c","0c","0c"
"2024-12-10 03:00:00","PM2.5",NA,NA,NA,NA,NA,NA,NA,NA,NA,NA,NA,NA,NA,NA,NA,NA,NA,NA,NA,NA,NA,NA,NA,NA,NA,NA,NA,NA,NA,NA,NA,NA,NA,NA,NA,NA,NA,NA,NA,NA,"0c","0c","0c","0c","0c","0c","0c","0c","0c","0c","0c","0c","0c","E: Conc. Uncertainty","E: Conc. Uncertainty","0c","0c","0c","0c","0c","0c","E: Conc. Uncertainty","E: Conc. Uncertainty","0c","0c","E: Conc. Uncertainty","E: Conc. Uncertainty","0c","0c","0c","E: Conc. Uncertainty","E: Conc. Uncertainty","0c","0c","E: Conc. Uncertainty","0c","0c","0c","0c","0c"
"2024-12-10 04:00:00","PM10",NA,NA,NA,NA,NA,NA,NA,NA,NA,NA,NA,NA,NA,NA,NA,NA,NA,NA,NA,NA,NA,NA,NA,NA,NA,NA,NA,NA,NA,NA,NA,NA,NA,NA,NA,NA,NA,NA,NA,NA,"0c","0c","0c","0c","0c","0c","0c","0c","0c","0c","E: Conc. Uncertainty","0c","0c","E: Conc. Uncertainty","E: Conc. Uncertainty","0c","0c","0c","0c","0c","0c","0c","0c","0c","0c","0c","0c","0c","0c","0c","E: Conc. Uncertainty","E: Conc. Uncertainty","0c","0c","E: Conc. Uncertainty","0c","0c","0c","0c","0c"
"2024-12-10 05:00:00","PM2.5",NA,NA,NA,NA,NA,NA,NA,NA,NA,NA,NA,NA,NA,NA,NA,NA,NA,NA,NA,NA,NA,NA,NA,NA,NA,NA,NA,NA,NA,NA,NA,NA,NA,NA,NA,NA,NA,NA,NA,NA,"0c","0c","0c","0c","0c","0c","0c","0c","0c","0c","E: Conc. Uncertainty","0c","0c","0c","E: Conc. Uncertainty","0c","0c","0c","0c","0c","0c","E: Conc. Uncertainty","E: Conc. Uncertainty","0c","0c","0c","E: Conc. Uncertainty","0c","0c","0c","0c","0c","0c","0c","0c","0c","0c","0c","0c","0c"
"2024-12-10 06:00:00","PM10",NA,NA,NA,NA,NA,NA,NA,NA,NA,NA,NA,NA,NA,NA,NA,NA,NA,NA,NA,NA,NA,NA,NA,NA,NA,NA,NA,NA,NA,NA,NA,NA,NA,NA,NA,NA,NA,NA,NA,NA,"0c","0c","0c","0c","0c","0c","0c","E: Conc. Uncertainty","0c","0c","E: Conc. Uncertainty","0c","0c","E: Conc. Uncertainty","0c","0c","0c","0c","0c","0c","0c","0c","E: Conc. Uncertainty","0c","0c","0c","0c","0c","0c","0c","E: Conc. Uncertainty","E: Conc. Uncertainty","E: Conc. Uncertainty","0c","0c","0c","0c","0c","E: Conc. Uncertainty","0c"
"2024-12-10 07:00:00","PM2.5",NA,NA,NA,NA,NA,NA,NA,NA,NA,NA,NA,NA,NA,NA,NA,NA,NA,NA,NA,NA,NA,NA,NA,NA,NA,NA,NA,NA,NA,NA,NA,NA,NA,NA,NA,NA,NA,NA,NA,NA,"0c","0c","0c","0c","0c","0c","0c","E: Conc. Uncertainty","0c","0c","0c","0c","0c","E: Conc. Uncertainty","0c","0c","0c","0c","E: Conc. Uncertainty","E: Conc. Uncertainty","0c","0c","E: Conc. Uncertainty","E: Conc. Uncertainty","E: Conc. Uncertainty","0c","0c","0c","0c","0c","0c","0c","0c","0c","0c","0c","0c","0c","E: Conc. Uncertainty","0c"
"2024-12-10 08:00:00","PM10",NA,NA,NA,NA,NA,NA,NA,NA,NA,NA,NA,NA,NA,NA,NA,NA,NA,NA,NA,NA,NA,NA,NA,NA,NA,NA,NA,NA,NA,NA,NA,NA,NA,NA,NA,NA,NA,NA,NA,NA,"0c","0c","0c","0c","0c","0c","0c","0c","0c","0c","E: Conc. Uncertainty","0c","0c","0c","0c","0c","0c","0c","0c","0c","0c","E: Conc. Uncertainty","E: Conc. Uncertainty","0c","0c","0c","E: Conc. Uncertainty","0c","0c","0c","E: Conc. Uncertainty","E: Conc. Uncertainty","E: Conc. Uncertainty","0c","0c","0c","0c","0c","0c","0c"
"2024-12-10 09:00:00","PM2.5",NA,NA,NA,NA,NA,NA,NA,NA,NA,NA,NA,NA,NA,NA,NA,NA,NA,NA,NA,NA,NA,NA,NA,NA,NA,NA,NA,NA,NA,NA,NA,NA,NA,NA,NA,NA,NA,NA,NA,NA,"0c","0c","0c","0c","0c","0c","0c","0c","0c","0c","E: Conc. Uncertainty","0c","0c","0c","0c","0c","0c","0c","0c","0c","0c","0c","0c","0c","0c","0c","0c","E: Conc. Uncertainty","0c","0c","E: Conc. Uncertainty","0c","0c","0c","0c","0c","0c","0c","0c","0c"
"2024-12-10 10:00:00","PM10",NA,NA,NA,NA,NA,NA,NA,NA,NA,NA,NA,NA,NA,NA,NA,NA,NA,NA,NA,NA,NA,NA,NA,NA,NA,NA,NA,NA,NA,NA,NA,NA,NA,NA,NA,NA,NA,NA,NA,NA,"0c","E: Conc. Uncertainty","0c","0c","0c","0c","0c","0c","0c","0c","0c","0c","0c","E: Conc. Uncertainty","0c","0c","0c","0c","0c","0c","0c","E: Conc. Uncertainty","0c","0c","0c","0c","E: Conc. Uncertainty","0c","0c","E: Conc. Uncertainty","E: Conc. Uncertainty","E: Conc. Uncertainty","E: Conc. Uncertainty","0c","0c","0c","0c","0c","0c","0c"
"2024-12-10 11:00:00","PM2.5",NA,NA,NA,NA,NA,NA,NA,NA,NA,NA,NA,NA,NA,NA,NA,NA,NA,NA,NA,NA,NA,NA,NA,NA,NA,NA,NA,NA,NA,NA,NA,NA,NA,NA,NA,NA,NA,NA,NA,NA,"0c","0c","0c","0c","0c","0c","0c","0c","0c","0c","E: Conc. Uncertainty","0c","0c","E: Conc. Uncertainty","0c","0c","0c","0c","E: Conc. Uncertainty","0c","0c","E: Conc. Uncertainty","0c","0c","0c","0c","0c","E: Conc. Uncertainty","0c","0c","0c","E: Conc. Uncertainty","0c","0c","0c","0c","0c","0c","0c","0c"
"2024-12-10 12:00:00","PM10",NA,NA,NA,NA,NA,NA,NA,NA,NA,NA,NA,NA,NA,NA,NA,NA,NA,NA,NA,NA,NA,NA,NA,NA,NA,NA,NA,NA,NA,NA,NA,NA,NA,NA,NA,NA,NA,NA,NA,NA,"0c","E: Conc. Uncertainty","0c","0c","0c","0c","0c","0c","0c","0c","0c","0c","0c","E: Conc. Uncertainty","0c","0c","0c","0c","0c","E: Conc. Uncertainty","0c","E: Conc. Uncertainty","E: Conc. Uncertainty","0c","0c","0c","0c","0c","0c","0c","0c","0c","0c","0c","0c","0c","0c","0c","0c","0c"
"2024-12-10 13:00:00","PM2.5",NA,NA,NA,NA,NA,NA,NA,NA,NA,NA,NA,NA,NA,NA,NA,NA,NA,NA,NA,NA,NA,NA,NA,NA,NA,NA,NA,NA,NA,NA,NA,NA,NA,NA,NA,NA,NA,NA,NA,NA,"0c","0c","0c","0c","0c","0c","0c","0c","0c","0c","0c","0c","0c","E: Conc. Uncertainty","0c","0c","0c","0c","0c","0c","0c","E: Conc. Uncertainty","E: Conc. Uncertainty","0c","0c","0c","E: Conc. Uncertainty","0c","0c","E: Conc. Uncertainty","E: Conc. Uncertainty","0c","0c","0c","0c","0c","0c","0c","0c","0c"
"2024-12-10 14:00:00","PM10",NA,NA,NA,NA,NA,NA,NA,NA,NA,NA,NA,NA,NA,NA,NA,NA,NA,NA,NA,NA,NA,NA,NA,NA,NA,NA,NA,NA,NA,NA,NA,NA,NA,NA,NA,NA,NA,NA,NA,NA,"0c","E: Conc. Uncertainty","0c","0c","0c","0c","0c","0c","0c","0c","E: Conc. Uncertainty","0c","0c","0c","0c","0c","0c","0c","0c","0c","0c","0c","0c","0c","0c","0c","E: Conc. Uncertainty","0c","0c","0c","E: Conc. Uncertainty","E: Conc. Uncertainty","0c","0c","0c","0c","0c","0c","0c","0c"
"2024-12-10 15:00:00","PM2.5",NA,NA,NA,NA,NA,NA,NA,NA,NA,NA,NA,NA,NA,NA,NA,NA,NA,NA,NA,NA,NA,NA,NA,NA,NA,NA,NA,NA,NA,NA,NA,NA,NA,NA,NA,NA,NA,NA,NA,NA,"0c","0c","0c","0c","0c","0c","0c","0c","0c","0c","E: Conc. Uncertainty","0c","0c","E: Conc. Uncertainty","0c","0c","0c","0c","0c","0c","0c","0c","0c","0c","E: Conc. Uncertainty","0c","E: Conc. Uncertainty","E: Conc. Uncertainty","E: Conc. Uncertainty","0c","0c","0c","0c","0c","0c","0c","0c","0c","0c","0c"
"2024-12-10 16:00:00","PM10",NA,NA,NA,NA,NA,NA,NA,NA,NA,NA,NA,NA,NA,NA,NA,NA,NA,NA,NA,NA,NA,NA,NA,NA,NA,NA,NA,NA,NA,NA,NA,NA,NA,NA,NA,NA,NA,NA,NA,NA,"0c","E: Conc. Uncertainty","0c","0c","0c","0c","0c","0c","0c","0c","0c","0c","0c","E: Conc. Uncertainty","0c","0c","0c","0c","0c","0c","0c","0c","0c","0c","0c","0c","E: Conc. Uncertainty","E: Conc. Uncertainty","0c","0c","0c","0c","0c","0c","0c","0c","0c","0c","0c","0c"
"2024-12-10 17:00:00","PM2.5",NA,NA,NA,NA,NA,NA,NA,NA,NA,NA,NA,NA,NA,NA,NA,NA,NA,NA,NA,NA,NA,NA,NA,NA,NA,NA,NA,NA,NA,NA,NA,NA,NA,NA,NA,NA,NA,NA,NA,NA,"0c","0c","0c","0c","0c","0c","0c","0c","0c","0c","E: Conc. Uncertainty","0c","0c","0c","0c","0c","0c","0c","0c","0c","0c","0c","E: Conc. Uncertainty","0c","0c","0c","0c","0c","0c","0c","E: Conc. Uncertainty","0c","0c","0c","0c","0c","0c","0c","0c","0c"
"2024-12-10 18:00:00","PM10",NA,NA,NA,NA,NA,NA,NA,NA,NA,NA,NA,NA,NA,NA,NA,NA,NA,NA,NA,NA,NA,NA,NA,NA,NA,NA,NA,NA,NA,NA,NA,NA,NA,NA,NA,NA,NA,NA,NA,NA,"0c","0c","0c","0c","0c","0c","0c","0c","0c","0c","E: Conc. Uncertainty","0c","0c","0c","0c","0c","0c","0c","0c","0c","0c","E: Conc. Uncertainty","0c","0c","0c","0c","0c","E: Conc. Uncertainty","0c","0c","0c","E: Conc. Uncertainty","0c","0c","0c","0c","0c","0c","0c","0c"
"2024-12-10 19:00:00","PM2.5",NA,NA,NA,NA,NA,NA,NA,NA,NA,NA,NA,NA,NA,NA,NA,NA,NA,NA,NA,NA,NA,NA,NA,NA,NA,NA,NA,NA,NA,NA,NA,NA,NA,NA,NA,NA,NA,NA,NA,NA,"0c","0c","0c","0c","0c","0c","0c","0c","0c","0c","0c","0c","0c","E: Conc. Uncertainty","0c","0c","0c","0c","E: Conc. Uncertainty","E: Conc. Uncertainty","0c","0c","0c","0c","0c","0c","0c","0c","0c","0c","0c","E: Conc. Uncertainty","0c","0c","0c","0c","0c","0c","0c","0c"
"2024-12-10 20:00:00","PM10",NA,NA,NA,NA,NA,NA,NA,NA,NA,NA,NA,NA,NA,NA,NA,NA,NA,NA,NA,NA,NA,NA,NA,NA,NA,NA,NA,NA,NA,NA,NA,NA,NA,NA,NA,NA,NA,NA,NA,NA,"0c","0c","0c","0c","0c","0c","0c","0c","0c","0c","0c","0c","E: Conc. Uncertainty","0c","0c","0c","0c","0c","E: Conc. Uncertainty","0c","0c","0c","0c","0c","0c","0c","E: Conc. Uncertainty","E: Conc. Uncertainty","0c","0c","E: Conc. Uncertainty","E: Conc. Uncertainty","0c","0c","0c","0c","0c","0c","0c","0c"
"2024-12-10 21:00:00","PM2.5",NA,NA,NA,NA,NA,NA,NA,NA,NA,NA,NA,NA,NA,NA,NA,NA,NA,NA,NA,NA,NA,NA,NA,NA,NA,NA,NA,NA,NA,NA,NA,NA,NA,NA,NA,NA,NA,NA,NA,NA,"0c","0c","E: Conc. Uncertainty","0c","0c","0c","0c","E: Conc. Uncertainty","0c","0c","E: Conc. Uncertainty","0c","0c","E: Conc. Uncertainty","0c","0c","0c","0c","E: Conc. Uncertainty","0c","0c","0c","0c","0c","E: Conc. Uncertainty","0c","0c","0c","E: Conc. Uncertainty","0c","E: Conc. Uncertainty","0c","0c","0c","0c","0c","0c","0c","0c","0c"
"2024-12-10 22:00:00","PM10",NA,NA,NA,NA,NA,NA,NA,NA,NA,NA,NA,NA,NA,NA,NA,NA,NA,NA,NA,NA,NA,NA,NA,NA,NA,NA,NA,NA,NA,NA,NA,NA,NA,NA,NA,NA,NA,NA,NA,NA,"0c","E: Conc. Uncertainty","0c","0c","0c","0c","0c","0c","0c","0c","E: Conc. Uncertainty","0c","0c","E: Conc. Uncertainty","0c","0c","0c","0c","E: Conc. Uncertainty","E: Conc. Uncertainty","0c","E: Conc. Uncertainty","E: Conc. Uncertainty","0c","0c","0c","E: Conc. Uncertainty","0c","0c","0c","E: Conc. Uncertainty","E: Conc. Uncertainty","0c","0c","0c","0c","0c","0c","0c","0c"
"2024-12-10 23:00:00","PM2.5",NA,NA,NA,NA,NA,NA,NA,NA,NA,NA,NA,NA,NA,NA,NA,NA,NA,NA,NA,NA,NA,NA,NA,NA,NA,NA,NA,NA,NA,NA,NA,NA,NA,NA,NA,NA,NA,NA,NA,NA,"0c","0c","0c","0c","0c","0c","0c","E: Conc. Uncertainty","0c","0c","E: Conc. Uncertainty","0c","0c","E: Conc. Uncertainty","0c","0c","E: Conc. Uncertainty","0c","E: Conc. Uncertainty","E: Conc. Uncertainty","0c","0c","E: Conc. Uncertainty","0c","0c","0c","E: Conc. Uncertainty","0c","E: Conc. Uncertainty","E: Conc. Uncertainty","E: Conc. Uncertainty","E: Conc. Uncertainty","0c","E: Conc. Uncertainty","0c","E: Conc. Uncertainty","0c","0c","0c","0c"
"2024-12-11 00:30:00","PM10",NA,NA,NA,NA,NA,NA,NA,NA,NA,NA,NA,NA,NA,NA,NA,NA,NA,NA,NA,NA,NA,NA,NA,NA,NA,NA,NA,NA,NA,NA,NA,NA,NA,NA,NA,NA,NA,NA,NA,NA,"0c","0c","0c","0c","0c","0c","0c","E: Conc. Uncertainty","0c","0c","0c","0c","0c","E: Conc. Uncertainty","E: Conc. Uncertainty","E: Conc. Uncertainty","0c","0c","0c","0c","0c","0c","E: Conc. Uncertainty","0c","0c","0c","0c","0c","0c","E: Conc. Uncertainty","0c","0c","0c","0c","0c","0c","0c","0c","0c","0c"
"2024-12-11 01:00:00","PM2.5",NA,NA,NA,NA,NA,NA,NA,NA,NA,NA,NA,NA,NA,NA,NA,NA,NA,NA,NA,NA,NA,NA,NA,NA,NA,NA,NA,NA,NA,NA,NA,NA,NA,NA,NA,NA,NA,NA,NA,NA,"0c","0c","E: Conc. Uncertainty","0c","0c","0c","0c","E: Conc. Uncertainty","0c","E: Conc. Uncertainty","0c","0c","0c","E: Conc. Uncertainty","E: Conc. Uncertainty","0c","0c","E: Conc. Uncertainty","0c","0c","0c","E: Conc. Uncertainty","E: Conc. Uncertainty","0c","0c","0c","0c","0c","0c","0c","0c","0c","0c","0c","0c","0c","0c","0c","0c","0c"
"2024-12-11 02:00:00","PM10",NA,NA,NA,NA,NA,NA,NA,NA,NA,NA,NA,NA,NA,NA,NA,NA,NA,NA,NA,NA,NA,NA,NA,NA,NA,NA,NA,NA,NA,NA,NA,NA,NA,NA,NA,NA,NA,NA,NA,NA,"0c","0c","0c","0c","0c","0c","0c","E: Conc. Uncertainty","0c","0c","E: Conc. Uncertainty","0c","0c","E: Conc. Uncertainty","0c","0c","0c","0c","E: Conc. Uncertainty","E: Conc. Uncertainty","0c","E: Conc. Uncertainty","0c","E: Conc. Uncertainty","0c","0c","0c","0c","0c","0c","E: Conc. Uncertainty","E: Conc. Uncertainty","0c","0c","0c","0c","0c","0c","0c","0c"
"2024-12-11 03:00:00","PM2.5",NA,NA,NA,NA,NA,NA,NA,NA,NA,NA,NA,NA,NA,NA,NA,NA,NA,NA,NA,NA,NA,NA,NA,NA,NA,NA,NA,NA,NA,NA,NA,NA,NA,NA,NA,NA,NA,NA,NA,NA,"0c","0c","E: Conc. Uncertainty","0c","0c","0c","0c","0c","0c","0c","0c","0c","0c","E: Conc. Uncertainty","E: Conc. Uncertainty","0c","0c","0c","0c","0c","0c","E: Conc. Uncertainty","0c","0c","0c","0c","0c","E: Conc. Uncertainty","0c","0c","E: Conc. Uncertainty","0c","0c","0c","0c","0c","0c","0c","0c","0c"
"2024-12-11 04:00:00","PM10",NA,NA,NA,NA,NA,NA,NA,NA,NA,NA,NA,NA,NA,NA,NA,NA,NA,NA,NA,NA,NA,NA,NA,NA,NA,NA,NA,NA,NA,NA,NA,NA,NA,NA,NA,NA,NA,NA,NA,NA,"0c","0c","0c","0c","0c","0c","0c","0c","0c","0c","0c","0c","0c","E: Conc. Uncertainty","0c","0c","0c","0c","E: Conc. Uncertainty","0c","0c","E: Conc. Uncertainty","0c","0c","0c","0c","E: Conc. Uncertainty","0c","0c","E: Conc. Uncertainty","0c","0c","0c","0c","0c","0c","0c","0c","0c","0c"
"2024-12-11 05:00:00","PM2.5",NA,NA,NA,NA,NA,NA,NA,NA,NA,NA,NA,NA,NA,NA,NA,NA,NA,NA,NA,NA,NA,NA,NA,NA,NA,NA,NA,NA,NA,NA,NA,NA,NA,NA,NA,NA,NA,NA,NA,NA,"0c","0c","0c","0c","0c","0c","0c","E: Conc. Uncertainty","0c","0c","E: Conc. Uncertainty","0c","0c","0c","0c","E: Conc. Uncertainty","0c","0c","0c","0c","0c","0c","E: Conc. Uncertainty","0c","0c","0c","E: Conc. Uncertainty","0c","0c","0c","0c","E: Conc. Uncertainty","0c","0c","0c","0c","0c","0c","0c","0c"
"2024-12-11 06:00:00","PM10",NA,NA,NA,NA,NA,NA,NA,NA,NA,NA,NA,NA,NA,NA,NA,NA,NA,NA,NA,NA,NA,NA,NA,NA,NA,NA,NA,NA,NA,NA,NA,NA,NA,NA,NA,NA,NA,NA,NA,NA,"0c","0c","0c","0c","0c","0c","0c","0c","0c","0c","E: Conc. Uncertainty","0c","0c","E: Conc. Uncertainty","0c","0c","0c","0c","E: Conc. Uncertainty","0c","0c","0c","0c","0c","0c","0c","0c","0c","0c","0c","0c","E: Conc. Uncertainty","0c","0c","0c","0c","0c","0c","0c","0c"
"2024-12-11 07:00:00","PM2.5",NA,NA,NA,NA,NA,NA,NA,NA,NA,NA,NA,NA,NA,NA,NA,NA,NA,NA,NA,NA,NA,NA,NA,NA,NA,NA,NA,NA,NA,NA,NA,NA,NA,NA,NA,NA,NA,NA,NA,NA,"0c","0c","0c","0c","0c","0c","0c","E: Conc. Uncertainty","0c","0c","0c","0c","0c","E: Conc. Uncertainty","0c","0c","0c","0c","0c","0c","0c","E: Conc. Uncertainty","0c","0c","0c","0c","E: Conc. Uncertainty","E: Conc. Uncertainty","0c","0c","0c","E: Conc. Uncertainty","0c","0c","0c","0c","0c","0c","0c","0c"
"2024-12-11 08:00:00","PM10",NA,NA,NA,NA,NA,NA,NA,NA,NA,NA,NA,NA,NA,NA,NA,NA,NA,NA,NA,NA,NA,NA,NA,NA,NA,NA,NA,NA,NA,NA,NA,NA,NA,NA,NA,NA,NA,NA,NA,NA,"0c","E: Conc. Uncertainty","0c","0c","0c","0c","0c","0c","0c","0c","0c","0c","0c","E: Conc. Uncertainty","0c","0c","0c","0c","0c","0c","0c","E: Conc. Uncertainty","0c","E: Conc. Uncertainty","0c","0c","0c","E: Conc. Uncertainty","0c","0c","0c","E: Conc. Uncertainty","E: Conc. Uncertainty","0c","0c","0c","0c","0c","0c","0c"
"2024-12-11 09:00:00","PM2.5",NA,NA,NA,NA,NA,NA,NA,NA,NA,NA,NA,NA,NA,NA,NA,NA,NA,NA,NA,NA,NA,NA,NA,NA,NA,NA,NA,NA,NA,NA,NA,NA,NA,NA,NA,NA,NA,NA,NA,NA,"0c","0c","0c","0c","0c","0c","0c","0c","0c","0c","E: Conc. Uncertainty","0c","0c","E: Conc. Uncertainty","0c","0c","0c","0c","E: Conc. Uncertainty","0c","0c","E: Conc. Uncertainty","0c","0c","E: Conc. Uncertainty","0c","0c","E: Conc. Uncertainty","0c","0c","0c","0c","0c","0c","0c","0c","0c","0c","0c","0c"
"2024-12-11 10:00:00","PM10",NA,NA,NA,NA,NA,NA,NA,NA,NA,NA,NA,NA,NA,NA,NA,NA,NA,NA,NA,NA,NA,NA,NA,NA,NA,NA,NA,NA,NA,NA,NA,NA,NA,NA,NA,NA,NA,NA,NA,NA,"0c","0c","0c","0c","0c","0c","0c","0c","0c","0c","E: Conc. Uncertainty","0c","0c","E: Conc. Uncertainty","0c","0c","0c","0c","0c","0c","0c","0c","0c","0c","0c","0c","E: Conc. Uncertainty","0c","0c","0c","0c","E: Conc. Uncertainty","E: Conc. Uncertainty","0c","0c","0c","0c","0c","0c","0c"
"2024-12-11 11:00:00","PM2.5",NA,NA,NA,NA,NA,NA,NA,NA,NA,NA,NA,NA,NA,NA,NA,NA,NA,NA,NA,NA,NA,NA,NA,NA,NA,NA,NA,NA,NA,NA,NA,NA,NA,NA,NA,NA,NA,NA,NA,NA,"0c","0c","0c","0c","0c","0c","0c","E: Conc. Uncertainty","0c","0c","E: Conc. Uncertainty","0c","0c","E: Conc. Uncertainty","0c","0c","0c","0c","0c","E: Conc. Uncertainty","0c","E: Conc. Uncertainty","0c","0c","E: Conc. Uncertainty","0c","0c","0c","0c","0c","0c","0c","0c","0c","0c","0c","0c","0c","0c","0c"
"2024-12-11 12:00:00","PM10",NA,NA,NA,NA,NA,NA,NA,NA,NA,NA,NA,NA,NA,NA,NA,NA,NA,NA,NA,NA,NA,NA,NA,NA,NA,NA,NA,NA,NA,NA,NA,NA,NA,NA,NA,NA,NA,NA,NA,NA,"0c","E: Conc. Uncertainty","0c","0c","0c","0c","0c","0c","0c","0c","E: Conc. Uncertainty","0c","0c","E: Conc. Uncertainty","0c","0c","0c","0c","0c","0c","0c","0c","E: Conc. Uncertainty","0c","0c","0c","0c","0c","0c","E: Conc. Uncertainty","0c","E: Conc. Uncertainty","E: Conc. Uncertainty","0c","0c","0c","0c","0c","0c","0c"
"2024-12-11 13:00:00","PM2.5",NA,NA,NA,NA,NA,NA,NA,NA,NA,NA,NA,NA,NA,NA,NA,NA,NA,NA,NA,NA,NA,NA,NA,NA,NA,NA,NA,NA,NA,NA,NA,NA,NA,NA,NA,NA,NA,NA,NA,NA,"0c","0c","0c","0c","0c","0c","0c","E: Conc. Uncertainty","0c","0c","E: Conc. Uncertainty","0c","0c","E: Conc. Uncertainty","0c","0c","0c","0c","E: Conc. Uncertainty","0c","0c","E: Conc. Uncertainty","E: Conc. Uncertainty","0c","0c","0c","E: Conc. Uncertainty","0c","0c","0c","E: Conc. Uncertainty","0c","0c","0c","0c","0c","0c","0c","0c","0c"
"2024-12-11 14:00:00","PM10",NA,NA,NA,NA,NA,NA,NA,NA,NA,NA,NA,NA,NA,NA,NA,NA,NA,NA,NA,NA,NA,NA,NA,NA,NA,NA,NA,NA,NA,NA,NA,NA,NA,NA,NA,NA,NA,NA,NA,NA,"0c","E: Conc. Uncertainty","0c","0c","0c","0c","0c","0c","0c","0c","0c","0c","0c","0c","0c","0c","0c","0c","0c","0c","0c","E: Conc. Uncertainty","0c","0c","0c","E: Conc. Uncertainty","0c","E: Conc. Uncertainty","0c","0c","0c","E: Conc. Uncertainty","E: Conc. Uncertainty","0c","0c","0c","0c","0c","0c","0c"
"2024-12-11 15:00:00","PM2.5",NA,NA,NA,NA,NA,NA,NA,NA,NA,NA,NA,NA,NA,NA,NA,NA,NA,NA,NA,NA,NA,NA,NA,NA,NA,NA,NA,NA,NA,NA,NA,NA,NA,NA,NA,NA,NA,NA,NA,NA,"0c","0c","0c","0c","0c","0c","0c","0c","0c","0c","0c","0c","0c","0c","0c","0c","0c","0c","0c","0c","0c","0c","0c","0c","0c","0c","0c","0c","0c","0c","E: Conc. Uncertainty","0c","0c","0c","0c","0c","0c","0c","0c","0c"
"2024-12-11 16:00:00","PM10",NA,NA,NA,NA,NA,NA,NA,NA,NA,NA,NA,NA,NA,NA,NA,NA,NA,NA,NA,NA,NA,NA,NA,NA,NA,NA,NA,NA,NA,NA,NA,NA,NA,NA,NA,NA,NA,NA,NA,NA,"0c","E: Conc. Uncertainty","0c","0c","0c","0c","0c","0c","0c","0c","E: Conc. Uncertainty","0c","0c","0c","0c","0c","0c","0c","0c","E: Conc. Uncertainty","0c","E: Conc. Uncertainty","0c","0c","0c","0c","0c","0c","0c","E: Conc. Uncertainty","E: Conc. Uncertainty","0c","0c","0c","0c","0c","0c","0c","0c","0c"
"2024-12-11 17:00:00","PM2.5",NA,NA,NA,NA,NA,NA,NA,NA,NA,NA,NA,NA,NA,NA,NA,NA,NA,NA,NA,NA,NA,NA,NA,NA,NA,NA,NA,NA,NA,NA,NA,NA,NA,NA,NA,NA,NA,NA,NA,NA,"0c","0c","0c","0c","0c","0c","0c","0c","0c","0c","0c","0c","E: Conc. Uncertainty","E: Conc. Uncertainty","0c","0c","0c","0c","0c","0c","0c","E: Conc. Uncertainty","0c","0c","0c","0c","E: Conc. Uncertainty","0c","0c","0c","0c","E: Conc. Uncertainty","0c","0c","0c","0c","0c","0c","0c","0c"
"2024-12-11 18:00:00","PM10",NA,NA,NA,NA,NA,NA,NA,NA,NA,NA,NA,NA,NA,NA,NA,NA,NA,NA,NA,NA,NA,NA,NA,NA,NA,NA,NA,NA,NA,NA,NA,NA,NA,NA,NA,NA,NA,NA,NA,NA,"0c","E: Conc. Uncertainty","0c","0c","0c","0c","0c","0c","0c","0c","E: Conc. Uncertainty","0c","0c","0c","0c","0c","0c","0c","0c","0c","0c","E: Conc. Uncertainty","E: Conc. Uncertainty","0c","0c","0c","0c","0c","0c","0c","0c","0c","0c","0c","0c","0c","0c","0c","0c","0c"
"2024-12-11 19:00:00","PM2.5",NA,NA,NA,NA,NA,NA,NA,NA,NA,NA,NA,NA,NA,NA,NA,NA,NA,NA,NA,NA,NA,NA,NA,NA,NA,NA,NA,NA,NA,NA,NA,NA,NA,NA,NA,NA,NA,NA,NA,NA,"0c","0c","0c","0c","0c","0c","0c","E: Conc. Uncertainty","0c","0c","0c","0c","0c","0c","0c","0c","0c","0c","0c","E: Conc. Uncertainty","0c","E: Conc. Uncertainty","E: Conc. Uncertainty","0c","0c","0c","0c","0c","0c","0c","E: Conc. Uncertainty","0c","0c","0c","0c","0c","0c","0c","0c","0c"
"2024-12-11 20:00:00","PM10",NA,NA,NA,NA,NA,NA,NA,NA,NA,NA,NA,NA,NA,NA,NA,NA,NA,NA,NA,NA,NA,NA,NA,NA,NA,NA,NA,NA,NA,NA,NA,NA,NA,NA,NA,NA,NA,NA,NA,NA,"0c","0c","0c","0c","0c","0c","0c","0c","0c","0c","E: Conc. Uncertainty","0c","0c","E: Conc. Uncertainty","0c","0c","0c","0c","0c","E: Conc. Uncertainty","0c","E: Conc. Uncertainty","0c","0c","0c","0c","0c","E: Conc. Uncertainty","0c","0c","E: Conc. Uncertainty","0c","0c","0c","0c","0c","0c","0c","0c","0c"
"2024-12-11 21:00:00","PM2.5",NA,NA,NA,NA,NA,NA,NA,NA,NA,NA,NA,NA,NA,NA,NA,NA,NA,NA,NA,NA,NA,NA,NA,NA,NA,NA,NA,NA,NA,NA,NA,NA,NA,NA,NA,NA,NA,NA,NA,NA,"0c","0c","E: Conc. Uncertainty","0c","0c","0c","0c","E: Conc. Uncertainty","0c","0c","0c","0c","0c","E: Conc. Uncertainty","E: Conc. Uncertainty","0c","0c","0c","E: Conc. Uncertainty","0c","0c","E: Conc. Uncertainty","0c","0c","0c","0c","E: Conc. Uncertainty","0c","0c","0c","E: Conc. Uncertainty","0c","0c","E: Conc. Uncertainty","0c","0c","0c","0c","0c","0c"
"2024-12-11 22:00:00","PM10",NA,NA,NA,NA,NA,NA,NA,NA,NA,NA,NA,NA,NA,NA,NA,NA,NA,NA,NA,NA,NA,NA,NA,NA,NA,NA,NA,NA,NA,NA,NA,NA,NA,NA,NA,NA,NA,NA,NA,NA,"0c","0c","0c","0c","0c","0c","0c","0c","0c","0c","0c","0c","0c","E: Conc. Uncertainty","0c","0c","0c","0c","E: Conc. Uncertainty","0c","0c","E: Conc. Uncertainty","E: Conc. Uncertainty","0c","E: Conc. Uncertainty","0c","0c","0c","0c","0c","0c","0c","E: Conc. Uncertainty","0c","0c","0c","0c","0c","0c","0c"
"2024-12-11 23:00:00","PM2.5",NA,NA,NA,NA,NA,NA,NA,NA,NA,NA,NA,NA,NA,NA,NA,NA,NA,NA,NA,NA,NA,NA,NA,NA,NA,NA,NA,NA,NA,NA,NA,NA,NA,NA,NA,NA,NA,NA,NA,NA,"E: Conc. Uncertainty","0c","0c","0c","0c","0c","0c","0c","E: Conc. Uncertainty","0c","0c","0c","E: Conc. Uncertainty","E: Conc. Uncertainty","0c","0c","0c","0c","E: Conc. Uncertainty","0c","0c","E: Conc. Uncertainty","0c","E: Conc. Uncertainty","0c","0c","E: Conc. Uncertainty","E: Conc. Uncertainty","0c","E: Conc. Uncertainty","0c","E: Conc. Uncertainty","0c","0c","0c","0c","E: Conc. Uncertainty","E: Conc. Uncertainty","0c","0c"
"2024-12-12 00:30:00","PM10",0,0,NA,220.4199,1260.2599,90.0973,89.4664,2.3264,0,2.2377,NA,104.6247576,0,NA,3.065153703,4.222611925,0,0,0,0,3.259603879,NA,NA,0,0,NA,0,0,0,0,NA,0,NA,0,0,0,0,0,1.899917475,0,"1b","1b","E: Conc. Uncertainty","1b","1b","1b","1b","1b","1b","1b","E: Conc. Uncertainty","1b","1b","E: Conc. Uncertainty","1b","1b","1b","1b","1b","1b","1b","E: Conc. Uncertainty","E: Conc. Uncertainty","1b","1b","E: Conc. Uncertainty","1b","1b","1b","1b","E: Conc. Uncertainty","1b","E: Conc. Uncertainty","1b","1b","1b","1b","1b","1b","1b"
"2024-12-12 01:00:00","PM2.5",0,0,0,153.0887,229.4293,79.7422,13.4193,1.2774,0,1.0725,0,33.94833652,NA,NA,1.35720096,3.143195591,0,0,NA,0,2.623022329,NA,NA,0,0,0,NA,0,0,0,NA,NA,0,0,0,0,0,0,0,0,"1b","1b","1b","1b","1b","1b","1b","1b","1b","1b","1b","1b","E: Conc. Uncertainty","E: Conc. Uncertainty","1b","1b","1b","1b","E: Conc. Uncertainty","1b","1b","E: Conc. Uncertainty","E: Conc. Uncertainty","1b","1b","1b","E: Conc. Uncertainty","1b","1b","1b","E: Conc. Uncertainty","E: Conc. Uncertainty","1b","1b","1b","1b","1b","1b","1b","1b"
"2024-12-12 02:00:00","PM10",0,0,0,252.5488,970.7918,119.733,132.0829,4.784,0,1.5565,NA,130.5774865,0,NA,2.235741484,6.687134413,0,0,1.034228606,0,4.122826897,NA,NA,0,0,0,NA,NA,0,0,0,NA,NA,0,0,0,0,0,0,0,"1b","1b","1b","1b","1b","1b","1b","1b","1b","1b","E: Conc. Uncertainty","1b","1b","E: Conc. Uncertainty","1b","1b","1b","1b","1b","1b","1b","E: Conc. Uncertainty","E: Conc. Uncertainty","1b","1b","1b","E: Conc. Uncertainty","E: Conc. Uncertainty","1b","1b","1b","E: Conc. Uncertainty","E: Conc. Uncertainty","1b","1b","1b","1b","1b","1b","1b"
"2024-12-12 03:00:00","PM2.5",0,0,0,263.5321,140.9923,44.4971,7.5282,1.6607,0,1.009,1.6174,67.03608657,0,1.127692496,1.243688668,3.340577792,0,0,1.255843072,NA,3.411264709,0,0,0,0,0,0,NA,0,0,NA,0,0,0,0,0,0,0,0,0,"1b","1b","1b","1b","1b","1b","1b","1b","1b","1b","1b","1b","1b","1b","1b","1b","1b","1b","1b","E: Conc. Uncertainty","1b","1b","1b","1b","1b","1b","1b","E: Conc. Uncertainty","1b","1b","E: Conc. Uncertainty","1b","1b","1b","1b","1b","1b","1b","1b","1b"
"2024-12-12 04:00:00","PM10",0,0,0,331.6118,117.6195,40.3116,28.6421,1.6597,0,1.4724,0,81.40987438,0,NA,2.375228337,5.643252952,0,0,1.292281944,NA,3.432029472,NA,NA,0,0,0,0,NA,0,0,NA,0,0,NA,0,0,0,0,0,0,"1b","1b","1b","1b","1b","1b","1b","1b","1b","1b","1b","1b","1b","E: Conc. Uncertainty","1b","1b","1b","1b","1b","E: Conc. Uncertainty","1b","E: Conc. Uncertainty","E: Conc. Uncertainty","1b","1b","1b","1b","E: Conc. Uncertainty","1b","1b","E: Conc. Uncertainty","1b","1b","E: Conc. Uncertainty","1b","1b","1b","1b","1b","1b"
"2024-12-12 05:00:00","PM2.5",0,0,NA,225.7234,72.6704,32.0382,NA,NA,0,1.1493,0,27.14219679,0,NA,4.384845646,7.57193329,0,0,1.508308219,0,1.771116722,0,0,0,0,0,0,NA,NA,NA,NA,NA,0,0,0,0,0,0,0,0,"1b","1b","E: Conc. Uncertainty","1b","1b","1b","E: Conc. Uncertainty","E: Conc. Uncertainty","1b","1b","1b","1b","1b","E: Conc. Uncertainty","1b","1b","1b","1b","1b","1b","1b","1b","1b","1b","1b","1b","1b","E: Conc. Uncertainty","E: Conc. Uncertainty","E: Conc. Uncertainty","E: Conc. Uncertainty","E: Conc. Uncertainty","1b","1b","1b","1b","1b","1b","1b","1b"
"2024-12-12 06:00:00","PM10",0,0,0,264.9872,20.7324,52.7413,4.9738,1.3926,1.6126,1.0693,0,88.25806255,0,NA,2.636974243,4.196075837,0,0,1.24276686,NA,2.057142566,NA,NA,0,0,0,NA,0,0,NA,NA,NA,0,0,0,0,0,0,NA,0,"1b","1b","1b","1b","1b","1b","1b","1b","1b","1b","1b","1b","1b","E: Conc. Uncertainty","1b","1b","1b","1b","1b","E: Conc. Uncertainty","1b","E: Conc. Uncertainty","E: Conc. Uncertainty","1b","1b","1b","E: Conc. Uncertainty","1b","1b","E: Conc. Uncertainty","E: Conc. Uncertainty","E: Conc. Uncertainty","1b","1b","1b","1b","1b","1b","E: Conc. Uncertainty","1b"
"2024-12-12 07:00:00","PM2.5",0,0,NA,249.1665,28.7256,39.4805,0,1.3217,1.1115,1.2462,0,70.19056439,0,NA,3.63809456,4.544114953,0,0,1.605529888,NA,1.346284575,0,0,0,0,0,0,NA,0,NA,0,0.2317,0,0,0,0,0,0,0,0,"1b","1b","E: Conc. Uncertainty","1b","1b","1b","1b","1b","1b","1b","1b","1b","1b","E: Conc. Uncertainty","1b","1b","1b","1b","1b","E: Conc. Uncertainty","1b","1b","1b","1b","1b","1b","1b","E: Conc. Uncertainty","1b","E: Conc. Uncertainty","1b","1b","1b","1b","1b","1b","1b","1b","1b","1b"
"2024-12-12 08:00:00","PM10",0,0,0,259.5155,47.1629,48.5515,13.631,4.1475,0,2.4902,NA,224.2445897,0,NA,6.843685743,12.10022598,0,0,1.831368717,NA,1.586962275,NA,NA,NA,0,0,NA,0,0,0,NA,0,NA,0,0,0,0,0,1.624778599,0,"1b","1b","1b","1b","1b","1b","1b","1b","1b","1b","E: Conc. Uncertainty","1b","1b","E: Conc. Uncertainty","1b","1b","1b","1b","1b","E: Conc. Uncertainty","1b","E: Conc. Uncertainty","E: Conc. Uncertainty","E: Conc. Uncertainty","1b","1b","E: Conc. Uncertainty","1b","1b","1b","E: Conc. Uncertainty","1b","E: Conc. Uncertainty","1b","1b","1b","1b","1b","1b","1b"
"2024-12-12 09:00:00","PM2.5",0,0,0,323.5407,264.1443,41.9262,10.013,2.9341,NA,1.2291,NA,115.6289909,0,0,25.56962012,31.68013584,0,0,1.577164762,NA,1.923760524,NA,0,0,0,0,0,0,0,0.0218,NA,0,0,0,0,0,0,0,6.693618579,0,"1b","1b","1b","1b","1b","1b","1b","1b","E: Conc. Uncertainty","1b","E: Conc. Uncertainty","1b","1b","1b","1b","1b","1b","1b","1b","E: Conc. Uncertainty","1b","E: Conc. Uncertainty","1b","1b","1b","1b","1b","1b","1b","1b","E: Conc. Uncertainty","1b","1b","1b","1b","1b","1b","1b","1b","1b"
"2024-12-12 10:00:00","PM10",0,0,0,483.0032,138.9105,60.2901,114.803,7.4109,0,2.3146,2.3705,331.9172344,0,NA,11.40382308,56.59186579,0,0,2.159969497,NA,1.801698017,NA,NA,NA,0,0,0,0,0,0,0,0,NA,0,0,0,0,0,5.291530249,0,"1b","1b","1b","1b","1b","1b","1b","1b","1b","1b","1b","1b","1b","E: Conc. Uncertainty","1b","1b","1b","1b","1b","E: Conc. Uncertainty","1b","E: Conc. Uncertainty","E: Conc. Uncertainty","E: Conc. Uncertainty","1b","1b","1b","1b","1b","1b","1b","1b","E: Conc. Uncertainty","1b","1b","1b","1b","1b","1b","1b"
"2024-12-12 11:00:00","PM2.5",0,0,NA,631.0553,229.308,56.6171,47.0887,1.7531,0,2.3955,NA,135.2257782,0,NA,4.031199739,17.97320792,0,0,1.440817199,0.782925141,2.045623893,NA,0,0,NA,0,0,NA,0,0,NA,0,NA,0,0,0,0,0,1.973961196,0,"1b","1b","E: Conc. Uncertainty","1b","1b","1b","1b","1b","1b","1b","E: Conc. Uncertainty","1b","1b","E: Conc. Uncertainty","1b","1b","1b","1b","1b","1b","1b","E: Conc. Uncertainty","1b","1b","E: Conc. Uncertainty","1b","1b","E: Conc. Uncertainty","1b","1b","E: Conc. Uncertainty","1b","E: Conc. Uncertainty","1b","1b","1b","1b","1b","1b","1b"
"2024-12-12 12:00:00","PM10",0,NA,0,665.7108,213.9566,293.3435,97.9209,7.2556,0,1.7161,3.9417,284.3833805,0,NA,7.525566159,36.2810141,0,0,3.481321342,NA,1.764980568,NA,NA,0,0,0,NA,NA,0,NA,NA,0,5.985,0,0,0,0,0,4.409984333,0,"1b","E: Conc. Uncertainty","1b","1b","1b","1b","1b","1b","1b","1b","1b","1b","1b","E: Conc. Uncertainty","1b","1b","1b","1b","1b","E: Conc. Uncertainty","1b","E: Conc. Uncertainty","E: Conc. Uncertainty","1b","1b","1b","E: Conc. Uncertainty","E: Conc. Uncertainty","1b","E: Conc. Uncertainty","E: Conc. Uncertainty","1b","1b","1b","1b","1b","1b","1b","1b","1b"
"2024-12-12 13:00:00","PM2.5",0,0,0,266.6655,141.9278,90.4031,22.5459,2.5585,0,1.5653,0,79.52259855,0,NA,2.372975281,21.98693402,0,0,3.833833264,0,0.975749133,0,0,0,0,0,NA,0,0,0,NA,0,NA,0,0,0,0,0,19.9795825,0,"1b","1b","1b","1b","1b","1b","1b","1b","1b","1b","1b","1b","1b","E: Conc. Uncertainty","1b","1b","1b","1b","1b","1b","1b","1b","1b","1b","1b","1b","E: Conc. Uncertainty","1b","1b","1b","E: Conc. Uncertainty","1b","E: Conc. Uncertainty","1b","1b","1b","1b","1b","1b","1b"
"2024-12-12 14:00:00","PM10",0,0,0,149.1286,52.839,72.7033,71.8362,5.2947,0,1.6652,NA,176.369559,0,0,3.31332709,16.20261411,0,0,1.467496641,0,NA,NA,0,NA,0,0,0,0,0,0,NA,NA,NA,0,0,0,0,0,6.196190806,0,"1b","1b","1b","1b","1b","1b","1b","1b","1b","1b","E: Conc. Uncertainty","1b","1b","1b","1b","1b","1b","1b","1b","1b","E: Conc. Uncertainty","E: Conc. Uncertainty","1b","E: Conc. Uncertainty","1b","1b","1b","1b","1b","1b","E: Conc. Uncertainty","E: Conc. Uncertainty","E: Conc. Uncertainty","1b","1b","1b","1b","1b","1b","1b"
"2024-12-12 15:00:00","PM2.5",0,0,0,192.2546,76.2455,87.4256,30.3034,4.8579,0,1.7942,4.3362,126.3752468,0,NA,4.767467893,19.388466,0,0,1.701911139,0,1.363706674,0,NA,0,0,0,NA,0,0,0,NA,NA,0,0,0,0,0,0,5.596218428,0,"1b","1b","1b","1b","1b","1b","1b","1b","1b","1b","1b","1b","1b","E: Conc. Uncertainty","1b","1b","1b","1b","1b","1b","1b","1b","E: Conc. Uncertainty","1b","1b","1b","E: Conc. Uncertainty","1b","1b","1b","E: Conc. Uncertainty","E: Conc. Uncertainty","1b","1b","1b","1b","1b","1b","1b","1b"
"2024-12-12 16:00:00","PM10",0,0,0,115.4134,55.5029,41.1502,113.3318,5.5496,0,1.8024,0.9134,247.175982,0,0,6.421617825,15.25766721,0,0,1.974512179,NA,NA,NA,NA,0,0,0,0,NA,0,0,NA,0,NA,0,0,0,0,0,4.33357084,0,"1b","1b","1b","1b","1b","1b","1b","1b","1b","1b","1b","1b","1b","1b","1b","1b","1b","1b","1b","E: Conc. Uncertainty","E: Conc. Uncertainty","E: Conc. Uncertainty","E: Conc. Uncertainty","1b","1b","1b","1b","E: Conc. Uncertainty","1b","1b","E: Conc. Uncertainty","1b","E: Conc. Uncertainty","1b","1b","1b","1b","1b","1b","1b"
"2024-12-12 17:00:00","PM2.5",0,0,0,67.6629,41.3997,28.376,12.2592,1.4509,0,1.0422,0,60.25835758,NA,0,1.903737766,8.173459214,0,0,2.455449977,0,0,0,0,0,NA,0,0,0,0,0,0,NA,NA,0,0,0,0,0,2.675229414,0,"1b","1b","1b","1b","1b","1b","1b","1b","1b","1b","1b","1b","E: Conc. Uncertainty","1b","1b","1b","1b","1b","1b","1b","1b","1b","1b","1b","E: Conc. Uncertainty","1b","1b","1b","1b","1b","1b","E: Conc. Uncertainty","E: Conc. Uncertainty","1b","1b","1b","1b","1b","1b","1b"
"2024-12-12 18:00:00","PM10",0,0,0,87.6495,34.6475,31.3713,37.6031,5.0996,0,1.7434,0.8846,186.9353279,0,0,5.159680456,11.12051086,0,0,1.67654811,0,NA,NA,NA,0,NA,0,0.0311,NA,0,0,NA,NA,NA,0,NA,0,0,0,NA,0,"1b","1b","1b","1b","1b","1b","1b","1b","1b","1b","1b","1b","1b","1b","1b","1b","1b","1b","1b","1b","E: Conc. Uncertainty","E: Conc. Uncertainty","E: Conc. Uncertainty","1b","E: Conc. Uncertainty","1b","1b","E: Conc. Uncertainty","1b","1b","E: Conc. Uncertainty","E: Conc. Uncertainty","E: Conc. Uncertainty","1b","E: Conc. Uncertainty","1b","1b","1b","E: Conc. Uncertainty","1b"
"2024-12-12 19:00:00","PM2.5",0,0,NA,58.3376,20.5837,25.4256,3.8536,NA,0,1.8411,0,59.6493591,0,NA,1.096648607,14.01961841,0,NA,1.103713266,0,NA,0,NA,0,0,0,0,0,0,0,0,NA,0,0,0,0,0,0,0,0,"1b","1b","E: Conc. Uncertainty","1b","1b","1b","1b","E: Conc. Uncertainty","1b","1b","1b","1b","1b","E: Conc. Uncertainty","1b","1b","1b","E: Conc. Uncertainty","1b","1b","E: Conc. Uncertainty","1b","E: Conc. Uncertainty","1b","1b","1b","1b","1b","1b","1b","1b","E: Conc. Uncertainty","1b","1b","1b","1b","1b","1b","1b","1b"
"2024-12-12 20:00:00","PM10",0,0,0,123.0602,117.0879,41.6008,21.5048,3.5772,0,1.4286,0,174.4482548,0,0,3.720820189,16.29649944,0,0,NA,0,1.409199145,NA,NA,NA,0,0,NA,NA,0,NA,NA,0,NA,0,0,0,0,0,0,0,"1b","1b","1b","1b","1b","1b","1b","1b","1b","1b","1b","1b","1b","1b","1b","1b","1b","1b","E: Conc. Uncertainty","1b","1b","E: Conc. Uncertainty","E: Conc. Uncertainty","E: Conc. Uncertainty","1b","1b","E: Conc. Uncertainty","E: Conc. Uncertainty","1b","E: Conc. Uncertainty","E: Conc. Uncertainty","1b","E: Conc. Uncertainty","1b","1b","1b","1b","1b","1b","1b"
"2024-12-12 21:00:00","PM2.5",0,0,NA,121.4496,60.0413,38.8101,NA,NA,0,0.9993,0,53.54015846,NA,NA,1.519034204,17.36653682,0,0,0.814366933,0,1.198478484,0,0,NA,NA,0,0,0,0,0,0,0,0,0,0,0,0,0,0,0,"1b","1b","E: Conc. Uncertainty","1b","1b","1b","E: Conc. Uncertainty","E: Conc. Uncertainty","1b","1b","1b","1b","E: Conc. Uncertainty","E: Conc. Uncertainty","1b","1b","1b","1b","1b","1b","1b","1b","1b","E: Conc. Uncertainty","E: Conc. Uncertainty","1b","1b","1b","1b","1b","1b","1b","1b","1b","1b","1b","1b","1b","1b","1b"
"2024-12-12 22:00:00","PM10",0,0,0,143.0035,28.4642,42.8507,42.4719,1.6625,0,1.7057,NA,142.6451547,0,0,2.90036645,6.641388436,0,0,1.653501629,0,4.353033388,NA,NA,0,0,0,0,NA,0,0,NA,NA,NA,0,0,0,0,0,0,0,"1b","1b","1b","1b","1b","1b","1b","1b","1b","1b","E: Conc. Uncertainty","1b","1b","1b","1b","1b","1b","1b","1b","1b","1b","E: Conc. Uncertainty","E: Conc. Uncertainty","1b","1b","1b","1b","E: Conc. Uncertainty","1b","1b","E: Conc. Uncertainty","E: Conc. Uncertainty","E: Conc. Uncertainty","1b","1b","1b","1b","1b","1b","1b"
"2024-12-12 23:00:00","PM2.5",0,0,0,74.9841,14.819,31.4353,3.5934,0,0,NA,0,33.27401549,NA,NA,1.44574786,6.347002257,0,0,NA,NA,NA,0,NA,0,NA,0,NA,0,0,NA,NA,NA,0,0,NA,0,0,0,0,0,"1b","1b","1b","1b","1b","1b","1b","1b","1b","E: Conc. Uncertainty","1b","1b","E: Conc. Uncertainty","E: Conc. Uncertainty","1b","1b","1b","1b","E: Conc. Uncertainty","E: Conc. Uncertainty","E: Conc. Uncertainty","1b","E: Conc. Uncertainty","1b","E: Conc. Uncertainty","1b","E: Conc. Uncertainty","1b","1b","E: Conc. Uncertainty","E: Conc. Uncertainty","E: Conc. Uncertainty","1b","1b","E: Conc. Uncertainty","1b","1b","1b","1b","1b"
"2024-12-13 00:30:00","PM10",0,0,NA,156.6997,122.9091,43.7627,4.493,NA,0,2.1209,0,70.5814247,0,0,2.075124656,3.738584404,0,NA,NA,0,NA,2.95394451,0,0,0,0,NA,0,0,0,NA,NA,0,0,0,0,0,0,0,0,"1b","1b","E: Conc. Uncertainty","1b","1b","1b","1b","E: Conc. Uncertainty","1b","1b","1b","1b","1b","1b","1b","1b","1b","E: Conc. Uncertainty","E: Conc. Uncertainty","1b","E: Conc. Uncertainty","1b","1b","1b","1b","1b","E: Conc. Uncertainty","1b","1b","1b","E: Conc. Uncertainty","E: Conc. Uncertainty","1b","1b","1b","1b","1b","1b","1b","1b"
"2024-12-13 01:00:00","PM2.5",0,0,0,97.653,101.2573,33.8794,0,0,0,NA,0,19.5141274,0,0,NA,2.419778362,0,0,NA,0,0.881124081,0,NA,0,0,0,NA,0,0,0,0,0,0,0,NA,0,0,0,0,0,"1b","1b","1b","1b","1b","1b","1b","1b","1b","E: Conc. Uncertainty","1b","1b","1b","1b","E: Conc. Uncertainty","1b","1b","1b","E: Conc. Uncertainty","1b","1b","1b","E: Conc. Uncertainty","1b","1b","1b","E: Conc. Uncertainty","1b","1b","1b","1b","1b","1b","1b","E: Conc. Uncertainty","1b","1b","1b","1b","1b"
"2024-12-13 02:00:00","PM10",0,0,0,131.8676,153.0926,56.7596,14.3426,NA,NA,1.706,0,46.81341387,0,NA,1.472434059,5.016950359,0,0,NA,NA,1.294816261,NA,NA,0,0,0,NA,0,0,NA,NA,NA,0,0,0,0,NA,0,0,0,"1b","1b","1b","1b","1b","1b","1b","E: Conc. Uncertainty","E: Conc. Uncertainty","1b","1b","1b","1b","E: Conc. Uncertainty","1b","1b","1b","1b","E: Conc. Uncertainty","E: Conc. Uncertainty","1b","E: Conc. Uncertainty","E: Conc. Uncertainty","1b","1b","1b","E: Conc. Uncertainty","1b","1b","E: Conc. Uncertainty","E: Conc. Uncertainty","E: Conc. Uncertainty","1b","1b","1b","1b","E: Conc. Uncertainty","1b","1b","1b"
"2024-12-13 03:00:00","PM2.5",0,0,0,152.2713,111.6651,41.7344,3.6301,NA,NA,1.0838,NA,60.93996906,0,NA,1.339618993,8.077514094,0,0,NA,0,1.70320355,0,NA,0,0,0.0706,NA,0,0,0,0,NA,0,0,0,0,0,0,0,0,"1b","1b","1b","1b","1b","1b","1b","E: Conc. Uncertainty","E: Conc. Uncertainty","1b","E: Conc. Uncertainty","1b","1b","E: Conc. Uncertainty","1b","1b","1b","1b","E: Conc. Uncertainty","1b","1b","1b","E: Conc. Uncertainty","1b","1b","1b","E: Conc. Uncertainty","1b","1b","1b","1b","E: Conc. Uncertainty","1b","1b","1b","1b","1b","1b","1b","1b"
"2024-12-13 04:00:00","PM10",0,0,0,200.6787,290.0202,59.0881,28.941,1.7746,NA,1.4377,3.6073,173.6100083,0,1.368044952,3.679910014,10.70331236,0,0,NA,0,2.182719518,NA,NA,0,0,0,0,NA,0,0,NA,0,0,0,0.0065,0,0,0,0,0,"1b","1b","1b","1b","1b","1b","1b","1b","E: Conc. Uncertainty","1b","1b","1b","1b","1b","1b","1b","1b","1b","E: Conc. Uncertainty","1b","1b","E: Conc. Uncertainty","E: Conc. Uncertainty","1b","1b","1b","1b","E: Conc. Uncertainty","1b","1b","E: Conc. Uncertainty","1b","1b","1b","1b","1b","1b","1b","1b","1b"
"2024-12-13 05:00:00","PM2.5",0,0,0,163.5797,122.3556,34.608,4.2481,0,0,1.1161,0,57.57890611,0,NA,1.208363448,3.894886855,0,0,0.800665737,0,2.614249214,NA,0,0,0,0,0,0,0,NA,NA,0,0,0,0,0,0,0,0,0,"1b","1b","1b","1b","1b","1b","1b","1b","1b","1b","1b","1b","1b","E: Conc. Uncertainty","1b","1b","1b","1b","1b","1b","1b","E: Conc. Uncertainty","1b","1b","1b","1b","1b","1b","1b","E: Conc. Uncertainty","E: Conc. Uncertainty","1b","1b","1b","1b","1b","1b","1b","1b","1b"
"2024-12-13 06:00:00","PM10",0,0,0,179.016,268.4795,59.9943,25.2796,1.1291,NA,1.9602,NA,151.3258747,0,NA,5.426006916,8.801332384,0,0,0.840296989,0,1.80689585,NA,NA,0,0,0,NA,NA,0,NA,NA,NA,NA,0,0,0,0,0,0,0,"1b","1b","1b","1b","1b","1b","1b","1b","E: Conc. Uncertainty","1b","E: Conc. Uncertainty","1b","1b","E: Conc. Uncertainty","1b","1b","1b","1b","1b","1b","1b","E: Conc. Uncertainty","E: Conc. Uncertainty","1b","1b","1b","E: Conc. Uncertainty","E: Conc. Uncertainty","1b","E: Conc. Uncertainty","E: Conc. Uncertainty","E: Conc. Uncertainty","E: Conc. Uncertainty","1b","1b","1b","1b","1b","1b","1b"
"2024-12-13 07:00:00","PM2.5",0,0,0,171.5055,103.1609,58.2455,8.4258,1.1791,0,1.662,NA,125.0005613,0,NA,3.678430372,5.700056131,0,0,1.006970455,NA,3.776955656,NA,NA,0,0,0,NA,0,0,NA,NA,NA,NA,0,0,0,0,0,0,0,"1b","1b","1b","1b","1b","1b","1b","1b","1b","1b","E: Conc. Uncertainty","1b","1b","E: Conc. Uncertainty","1b","1b","1b","1b","1b","E: Conc. Uncertainty","1b","E: Conc. Uncertainty","E: Conc. Uncertainty","1b","1b","1b","E: Conc. Uncertainty","1b","1b","E: Conc. Uncertainty","E: Conc. Uncertainty","E: Conc. Uncertainty","E: Conc. Uncertainty","1b","1b","1b","1b","1b","1b","1b"
"2024-12-13 08:00:00","PM10",0,0,NA,171.4393,228.235,56.8064,32.9089,3.0721,0,1.7351,NA,254.5060501,0,0,5.578009521,6.233839975,0,0,0.79224645,0,2.267714609,NA,0,NA,0,0,0,0,0,0,0,NA,2.7962,0,0,0,0,0,0,0,"1b","1b","E: Conc. Uncertainty","1b","1b","1b","1b","1b","1b","1b","E: Conc. Uncertainty","1b","1b","1b","1b","1b","1b","1b","1b","1b","1b","E: Conc. Uncertainty","1b","E: Conc. Uncertainty","1b","1b","1b","1b","1b","1b","1b","E: Conc. Uncertainty","1b","1b","1b","1b","1b","1b","1b","1b"
"2024-12-13 09:00:00","PM2.5",0,0,NA,112.6893,55.9466,24.5606,3.4636,1.7604,0,1.9364,0,47.0201136,0,0,1.35775941,4.791514831,NA,0,NA,NA,1.685328067,NA,0,0,0,0,NA,0,0,0,0,0,NA,0,0,0,0,0,3.859153926,0,"1b","1b","E: Conc. Uncertainty","1b","1b","1b","1b","1b","1b","1b","1b","1b","1b","1b","1b","1b","E: Conc. Uncertainty","1b","E: Conc. Uncertainty","E: Conc. Uncertainty","1b","E: Conc. Uncertainty","1b","1b","1b","1b","E: Conc. Uncertainty","1b","1b","1b","1b","1b","E: Conc. Uncertainty","1b","1b","1b","1b","1b","1b","1b"
"2024-12-13 10:00:00","PM10",0,0,0,217.0914,91.2097,42.2498,42.261,8.8816,0,0.8506,NA,149.0952744,0,0.002797701,4.20408973,6.679017244,0,0,1.868457195,0,1.740129203,0,NA,0,0,0,0,0,0,NA,NA,NA,0,0,0,0,0,0,NA,0,"1b","1b","1b","1b","1b","1b","1b","1b","1b","1b","E: Conc. Uncertainty","1b","1b","1b","1b","1b","1b","1b","1b","1b","1b","1b","E: Conc. Uncertainty","1b","1b","1b","1b","1b","1b","E: Conc. Uncertainty","E: Conc. Uncertainty","E: Conc. Uncertainty","1b","1b","1b","1b","1b","1b","E: Conc. Uncertainty","1b"
"2024-12-13 11:00:00","PM2.5",0,0,0,167.7852,79.3992,37.1416,9.0642,2.8702,NA,1.3447,0,72.71963577,0,0,1.984871299,7.225821548,0,0,3.082755112,0,1.400081392,NA,NA,0,0,0,0,0,0,0,0,0,NA,0,0,0,0,0,0,0,"1b","1b","1b","1b","1b","1b","1b","1b","E: Conc. Uncertainty","1b","1b","1b","1b","1b","1b","1b","1b","1b","1b","1b","1b","E: Conc. Uncertainty","E: Conc. Uncertainty","1b","1b","1b","1b","1b","1b","1b","1b","1b","E: Conc. Uncertainty","1b","1b","1b","1b","1b","1b","1b"
"2024-12-13 12:00:00","PM10",0,0,0,229.6016,103.934,44.2574,70.5196,4.1942,0,2.0877,NA,200.4909987,0,NA,4.483321114,12.25773868,0,0,1.96549161,NA,2.250478576,0,0,NA,0,NA,0,0,0,0,NA,0,NA,0,0,0,0,0,4.030496497,0,"1b","1b","1b","1b","1b","1b","1b","1b","1b","1b","E: Conc. Uncertainty","1b","1b","E: Conc. Uncertainty","1b","1b","1b","1b","1b","E: Conc. Uncertainty","1b","1b","1b","E: Conc. Uncertainty","1b","E: Conc. Uncertainty","1b","1b","1b","1b","E: Conc. Uncertainty","1b","E: Conc. Uncertainty","1b","1b","1b","1b","1b","1b","1b"
"2024-12-13 13:00:00","PM2.5",0,0,0,248.518,80.7472,37.6749,23.9403,6.6805,0,1.3932,0,105.3507515,0,NA,3.033535563,14.33065049,0,0,2.024552097,0,1.877473248,0,0,0,0,NA,0,0,0,0,NA,NA,0,0,0,0,0,0,16.32193124,0,"1b","1b","1b","1b","1b","1b","1b","1b","1b","1b","1b","1b","1b","E: Conc. Uncertainty","1b","1b","1b","1b","1b","1b","1b","1b","1b","1b","1b","E: Conc. Uncertainty","1b","1b","1b","1b","E: Conc. Uncertainty","E: Conc. Uncertainty","1b","1b","1b","1b","1b","1b","1b","1b"
"2024-12-13 14:00:00","PM10",0,0,0,194.0959,74.8646,40.2128,47.6849,2.753,NA,2.0331,0.8547,157.5053637,NA,NA,5.119180046,20.12639938,0,0,3.151728065,0,1.322928,0,NA,0,0,0,NA,0,0,0,NA,0,NA,0,0,0,0,0,2.990787721,0,"1b","1b","1b","1b","1b","1b","1b","1b","E: Conc. Uncertainty","1b","1b","1b","E: Conc. Uncertainty","E: Conc. Uncertainty","1b","1b","1b","1b","1b","1b","1b","1b","E: Conc. Uncertainty","1b","1b","1b","E: Conc. Uncertainty","1b","1b","1b","E: Conc. Uncertainty","1b","E: Conc. Uncertainty","1b","1b","1b","1b","1b","1b","1b"
"2024-12-13 15:00:00","PM2.5",0,0,NA,218.2114,41.1944,57.5309,11.569,2.7066,2.1572,0.8125,1.1364,124.8664565,0,0,3.187164361,17.43728641,0,0,2.518165175,NA,1.277471522,0,NA,NA,0,0,0,0,0,0,0,0,NA,0,0,0,0,0,NA,0,"1b","1b","E: Conc. Uncertainty","1b","1b","1b","1b","1b","1b","1b","1b","1b","1b","1b","1b","1b","1b","1b","1b","E: Conc. Uncertainty","1b","1b","E: Conc. Uncertainty","E: Conc. Uncertainty","1b","1b","1b","1b","1b","1b","1b","1b","E: Conc. Uncertainty","1b","1b","1b","1b","1b","E: Conc. Uncertainty","1b"
"2024-12-13 16:00:00","PM10",0,0,0,214.0665,40.6987,70.1151,36.6458,4.0133,2.0967,1.7943,NA,216.6124163,0,NA,4.957517968,10.41097478,0,0,2.441125942,0,1.494525826,0,0,NA,NA,0,NA,0,0,0,0,NA,0,0,0,0,0,0,0,0,"1b","1b","1b","1b","1b","1b","1b","1b","1b","1b","E: Conc. Uncertainty","1b","1b","E: Conc. Uncertainty","1b","1b","1b","1b","1b","1b","1b","1b","1b","E: Conc. Uncertainty","E: Conc. Uncertainty","1b","E: Conc. Uncertainty","1b","1b","1b","1b","E: Conc. Uncertainty","1b","1b","1b","1b","1b","1b","1b","1b"
"2024-12-13 17:00:00","PM2.5",0,0,0,184.7224,15.7647,43.9181,3.986,NA,NA,1.1519,0,75.73472587,0,NA,1.88924856,8.589955007,0,0,1.950752255,0,NA,NA,NA,0,0,0,NA,0,0,0,0,0,NA,0,0,0,0,0,0,0,"1b","1b","1b","1b","1b","1b","1b","E: Conc. Uncertainty","E: Conc. Uncertainty","1b","1b","1b","1b","E: Conc. Uncertainty","1b","1b","1b","1b","1b","1b","E: Conc. Uncertainty","E: Conc. Uncertainty","E: Conc. Uncertainty","1b","1b","1b","E: Conc. Uncertainty","1b","1b","1b","1b","1b","E: Conc. Uncertainty","1b","1b","1b","1b","1b","1b","1b"
"2024-12-13 18:00:00","PM10",0,0,NA,226.808,122.5791,113.4586,40.1966,5.8359,0,2.368,1.7347,285.6225901,0,NA,9.331067951,34.79385702,0,0,4.022189214,NA,3.213712344,NA,NA,NA,0,0,NA,NA,0,0,0,NA,5.5021,0,0,0,0,0,3.312561679,0,"1b","1b","E: Conc. Uncertainty","1b","1b","1b","1b","1b","1b","1b","1b","1b","1b","E: Conc. Uncertainty","1b","1b","1b","1b","1b","E: Conc. Uncertainty","1b","E: Conc. Uncertainty","E: Conc. Uncertainty","E: Conc. Uncertainty","1b","1b","E: Conc. Uncertainty","E: Conc. Uncertainty","1b","1b","1b","E: Conc. Uncertainty","1b","1b","1b","1b","1b","1b","1b","1b"
"2024-12-13 19:00:00","PM2.5",0,0,NA,273.6417,60.9355,112.5486,11.7508,1.7954,0,2.542,NA,160.1899748,0,NA,10.14709273,32.2112985,0,0,2.902706784,NA,6.26099599,NA,NA,NA,0,NA,0,NA,0,0,NA,0,NA,0,0,0,0,0,6.823533613,0,"1b","1b","E: Conc. Uncertainty","1b","1b","1b","1b","1b","1b","1b","E: Conc. Uncertainty","1b","1b","E: Conc. Uncertainty","1b","1b","1b","1b","1b","E: Conc. Uncertainty","1b","E: Conc. Uncertainty","E: Conc. Uncertainty","E: Conc. Uncertainty","1b","E: Conc. Uncertainty","1b","E: Conc. Uncertainty","1b","1b","E: Conc. Uncertainty","1b","E: Conc. Uncertainty","1b","1b","1b","1b","1b","1b","1b"
"2024-12-13 20:00:00","PM10",0,0,27.3866,329.4375,131.4064,109.1185,39.9495,3.9661,0,2.7115,2.7178,420.7725117,0,NA,25.97847065,38.08043731,0,0,3.2689387,0,10.04661129,NA,NA,1.962947128,0,0,NA,NA,0,0,NA,NA,5.2576,0,0,0,0,0,10.89131497,0,"1b","1b","1b","1b","1b","1b","1b","1b","1b","1b","1b","1b","1b","E: Conc. Uncertainty","1b","1b","1b","1b","1b","1b","1b","E: Conc. Uncertainty","E: Conc. Uncertainty","1b","1b","1b","E: Conc. Uncertainty","E: Conc. Uncertainty","1b","1b","E: Conc. Uncertainty","E: Conc. Uncertainty","1b","1b","1b","1b","1b","1b","1b","1b"
"2024-12-13 21:00:00","PM2.5",0,0,0,349.9115,148.8273,97.3281,7.1997,NA,0,1.379,NA,139.478834,0,0,4.222797453,43.43352184,0,0,4.139364104,0,3.139384446,NA,0,0,0,0,0,0,0,0,NA,NA,NA,0,0,0,0,0,4.082711202,0,"1b","1b","1b","1b","1b","1b","1b","E: Conc. Uncertainty","1b","1b","E: Conc. Uncertainty","1b","1b","1b","1b","1b","1b","1b","1b","1b","1b","E: Conc. Uncertainty","1b","1b","1b","1b","1b","1b","1b","1b","E: Conc. Uncertainty","E: Conc. Uncertainty","E: Conc. Uncertainty","1b","1b","1b","1b","1b","1b","1b"
"2024-12-13 22:00:00","PM10",0,0,0,485.3758,188.1705,127.014,25.4109,2.8607,NA,1.4963,NA,176.9117572,0,0,3.247478705,25.2885318,0,0,2.721319317,NA,5.725237373,NA,0,0,0,0,0,NA,0,0,0,0,0.0266,0,0,0,0,0,2.35444674,0,"1b","1b","1b","1b","1b","1b","1b","1b","E: Conc. Uncertainty","1b","E: Conc. Uncertainty","1b","1b","1b","1b","1b","1b","1b","1b","E: Conc. Uncertainty","1b","E: Conc. Uncertainty","1b","1b","1b","1b","1b","E: Conc. Uncertainty","1b","1b","1b","1b","1b","1b","1b","1b","1b","1b","1b","1b"
"2024-12-13 23:00:00","PM2.5",0,0,NA,536.096,60.3143,114.9269,NA,0,0,1.1515,0,79.79534646,0,NA,1.666843555,33.57491581,0,0,2.146729258,0,3.654250434,2.006551689,NA,0,0,NA,0,0,0,NA,NA,NA,0,0.0252,0,0,0,0,NA,0,"1b","1b","E: Conc. Uncertainty","1b","1b","1b","E: Conc. Uncertainty","1b","1b","1b","1b","1b","1b","E: Conc. Uncertainty","1b","1b","1b","1b","1b","1b","1b","1b","E: Conc. Uncertainty","1b","1b","E: Conc. Uncertainty","1b","1b","1b","E: Conc. Uncertainty","E: Conc. Uncertainty","E: Conc. Uncertainty","1b","1b","1b","1b","1b","1b","E: Conc. Uncertainty","1b"
"2024-12-14 00:30:00","PM10",0,0,0,517.5186,163.3251,117.8947,18.8761,0,0,3.237,0,83.06778329,0,0,1.628701406,8.807816377,0,0,2.053122415,NA,2.507113317,0,0,0,0,0,NA,0,0,0,0,0,NA,0,0,0,0,0,0,0,"1b","1b","1b","1b","1b","1b","1b","1b","1b","1b","1b","1b","1b","1b","1b","1b","1b","1b","1b","E: Conc. Uncertainty","1b","1b","1b","1b","1b","1b","E: Conc. Uncertainty","1b","1b","1b","1b","1b","E: Conc. Uncertainty","1b","1b","1b","1b","1b","1b","1b"
"2024-12-14 01:00:00","PM2.5",0,0,0,321.9526,71.9677,78.598,NA,NA,0,1.2787,0,27.69279488,0,0,0.721509449,8.885813783,0,0,2.312479635,NA,1.647421799,NA,NA,0,0,0,NA,NA,0,NA,0,NA,0,0,0,0,0,0,0,0,"1b","1b","1b","1b","1b","1b","E: Conc. Uncertainty","E: Conc. Uncertainty","1b","1b","1b","1b","1b","1b","1b","1b","1b","1b","1b","E: Conc. Uncertainty","1b","E: Conc. Uncertainty","E: Conc. Uncertainty","1b","1b","1b","E: Conc. Uncertainty","E: Conc. Uncertainty","1b","E: Conc. Uncertainty","1b","E: Conc. Uncertainty","1b","1b","1b","1b","1b","1b","1b","1b"
"2024-12-14 02:00:00","PM10",0,0,NA,248.9555,90.0131,84.2924,10.2338,NA,0,0.8705,0,54.0483697,0,0,0.992296263,11.10447366,0,0,2.296283481,NA,1.686548482,0,NA,0,0,0,0,0,0,0,NA,NA,0,0,0,0,0,0,0,0,"1b","1b","E: Conc. Uncertainty","1b","1b","1b","1b","E: Conc. Uncertainty","1b","1b","1b","1b","1b","1b","1b","1b","1b","1b","1b","E: Conc. Uncertainty","1b","1b","E: Conc. Uncertainty","1b","1b","1b","1b","1b","1b","1b","E: Conc. Uncertainty","E: Conc. Uncertainty","1b","1b","1b","1b","1b","1b","1b","1b"
"2024-12-14 03:00:00","PM2.5",0,0,0,180.6293,36.7766,47.5709,0,0,0,0.9117,0,17.67481084,0,NA,0.778577693,4.186394877,0.003375278,0,1.085748374,0,NA,0,0,NA,0,NA,0,0,0,NA,NA,NA,0,0,0,0,0,0,1.016295148,0,"1b","1b","1b","1b","1b","1b","1b","1b","1b","1b","1b","1b","1b","E: Conc. Uncertainty","1b","1b","1b","1b","1b","1b","E: Conc. Uncertainty","1b","1b","E: Conc. Uncertainty","1b","E: Conc. Uncertainty","1b","1b","1b","E: Conc. Uncertainty","E: Conc. Uncertainty","E: Conc. Uncertainty","1b","1b","1b","1b","1b","1b","1b","1b"
"2024-12-14 04:00:00","PM10",0,0,NA,179.8193,41.3577,42.3421,NA,NA,0,1.3177,0,20.83191277,0,0,NA,2.336560955,0,0,NA,0,NA,0,NA,0,0,0,NA,0,0,0,0,0,0,0,0,0,0,0,NA,0,"1b","1b","E: Conc. Uncertainty","1b","1b","1b","E: Conc. Uncertainty","E: Conc. Uncertainty","1b","1b","1b","1b","1b","1b","E: Conc. Uncertainty","1b","1b","1b","E: Conc. Uncertainty","1b","E: Conc. Uncertainty","1b","E: Conc. Uncertainty","1b","1b","1b","E: Conc. Uncertainty","1b","1b","1b","1b","1b","1b","1b","1b","1b","1b","1b","E: Conc. Uncertainty","1b"
"2024-12-14 05:00:00","PM2.5",0,0,0,149.1813,28.2469,20.1448,0,NA,0,0.8816,0,8.924296025,0,NA,NA,2.610958626,0,0,NA,0,NA,0,NA,0,0,NA,0,0,0,0,NA,NA,0,0,0,0,0,0,0,0,"1b","1b","1b","1b","1b","1b","1b","E: Conc. Uncertainty","1b","1b","1b","1b","1b","E: Conc. Uncertainty","E: Conc. Uncertainty","1b","1b","1b","E: Conc. Uncertainty","1b","E: Conc. Uncertainty","1b","E: Conc. Uncertainty","1b","1b","E: Conc. Uncertainty","1b","1b","1b","1b","E: Conc. Uncertainty","E: Conc. Uncertainty","1b","1b","1b","1b","1b","1b","1b","1b"
"2024-12-14 06:00:00","PM10",0,0,NA,140.9444,356.8621,26.8696,12.6144,0,0,1.2042,0,27.70509509,0,NA,NA,2.469910267,0,NA,NA,0,NA,NA,0,0,0,0,0,0,0,0.132,NA,0,0,0,0,0,0,0,0,0,"1b","1b","E: Conc. Uncertainty","1b","1b","1b","1b","1b","1b","1b","1b","1b","1b","E: Conc. Uncertainty","E: Conc. Uncertainty","1b","1b","E: Conc. Uncertainty","E: Conc. Uncertainty","1b","E: Conc. Uncertainty","E: Conc. Uncertainty","1b","1b","1b","1b","1b","1b","1b","1b","E: Conc. Uncertainty","1b","1b","1b","1b","1b","1b","1b","1b","1b"
"2024-12-14 07:00:00","PM2.5",0,0,NA,90.6277,151.4486,13.7893,2.2137,0,0,1.0765,0,54.68910367,0,0,1.529769051,2.261522027,0,0,NA,0,NA,NA,0,0,0,0,0,0,0,0,0,0,NA,0,0,0,0,0,0,0,"1b","1b","E: Conc. Uncertainty","1b","1b","1b","1b","1b","1b","1b","1b","1b","1b","1b","1b","1b","1b","1b","E: Conc. Uncertainty","1b","E: Conc. Uncertainty","E: Conc. Uncertainty","1b","1b","1b","1b","1b","1b","1b","1b","1b","1b","E: Conc. Uncertainty","1b","1b","1b","1b","1b","1b","1b"
"2024-12-14 08:00:00","PM10",0,0,0.3963,153.9965,729.3713,38.7185,24.7506,0,0,0.8924,0,66.72496737,0,NA,2.946100824,2.55911983,0,0,1.449465699,0,0.914379232,NA,0,0,0,0,0,0,0,0,NA,NA,NA,0,0,0,0,0,0,0,"1b","1b","1b","1b","1b","1b","1b","1b","1b","1b","1b","1b","1b","E: Conc. Uncertainty","1b","1b","1b","1b","1b","1b","1b","E: Conc. Uncertainty","1b","1b","1b","1b","1b","1b","1b","1b","E: Conc. Uncertainty","E: Conc. Uncertainty","E: Conc. Uncertainty","1b","1b","1b","1b","1b","1b","1b"
"2024-12-14 09:00:00","PM2.5",0,0,0,144.5189,297.4768,31.0549,14.7889,NA,0,1.3944,0,57.75065059,0,0,1.962763795,5.438417436,0,0,1.314256089,0,0.869271744,NA,0,0,0,NA,NA,NA,0,0,NA,NA,0,0,0,0,0,0,2.452222177,0,"1b","1b","1b","1b","1b","1b","1b","E: Conc. Uncertainty","1b","1b","1b","1b","1b","1b","1b","1b","1b","1b","1b","1b","1b","E: Conc. Uncertainty","1b","1b","1b","E: Conc. Uncertainty","E: Conc. Uncertainty","E: Conc. Uncertainty","1b","1b","E: Conc. Uncertainty","E: Conc. Uncertainty","1b","1b","1b","1b","1b","1b","1b","1b"
"2024-12-14 10:00:00","PM10",0,0,0,160.5661,1340.0384,61.2544,58.0504,1.3869,0,1.6123,NA,139.2038388,0,0,4.14384433,9.580313254,0,0,2.097619556,0,4.161410151,NA,NA,NA,0,0,0,NA,0,0,0,NA,NA,0,0,0,0,0,2.723760673,0,"1b","1b","1b","1b","1b","1b","1b","1b","1b","1b","E: Conc. Uncertainty","1b","1b","1b","1b","1b","1b","1b","1b","1b","1b","E: Conc. Uncertainty","E: Conc. Uncertainty","E: Conc. Uncertainty","1b","1b","1b","E: Conc. Uncertainty","1b","1b","1b","E: Conc. Uncertainty","E: Conc. Uncertainty","1b","1b","1b","1b","1b","1b","1b"
"2024-12-14 11:00:00","PM2.5",0,0,0,103.9702,593.672,40.426,16.9923,NA,0,1.21,NA,103.2154851,0,0,2.093108221,6.428965419,0,0,2.068266471,0,1.809549979,NA,0,NA,0,0,0,0,0,0,NA,NA,0,0,0,0,0,0,2.9344304,0,"1b","1b","1b","1b","1b","1b","1b","E: Conc. Uncertainty","1b","1b","E: Conc. Uncertainty","1b","1b","1b","1b","1b","1b","1b","1b","1b","1b","E: Conc. Uncertainty","1b","E: Conc. Uncertainty","1b","1b","1b","1b","1b","1b","E: Conc. Uncertainty","E: Conc. Uncertainty","1b","1b","1b","1b","1b","1b","1b","1b"
"2024-12-14 12:00:00","PM10",0,0,0,150.2717,1889.3455,46.0054,52.1846,NA,0,1.6262,0,91.2708851,0,0,3.902549794,1.81710521,0,0,1.394668242,0,3.603437742,NA,NA,0,0,0,NA,0,NA,0,NA,0,0,0,0,0,0,0,NA,0,"1b","1b","1b","1b","1b","1b","1b","E: Conc. Uncertainty","1b","1b","1b","1b","1b","1b","1b","1b","1b","1b","1b","1b","1b","E: Conc. Uncertainty","E: Conc. Uncertainty","1b","1b","1b","E: Conc. Uncertainty","1b","E: Conc. Uncertainty","1b","E: Conc. Uncertainty","1b","1b","1b","1b","1b","1b","1b","E: Conc. Uncertainty","1b"
"2024-12-14 13:00:00","PM2.5",0,0,0,70.1619,615.2177,19.2314,15.1761,0,0,1.3663,0,43.1381917,NA,NA,1.648167177,0.892238353,0,0,0.831195125,0,1.060951664,NA,0,0,0,0,0,0,0,0,NA,NA,NA,0,0,0,0,0,0,0,"1b","1b","1b","1b","1b","1b","1b","1b","1b","1b","1b","1b","E: Conc. Uncertainty","E: Conc. Uncertainty","1b","1b","1b","1b","1b","1b","1b","E: Conc. Uncertainty","1b","1b","1b","1b","1b","1b","1b","1b","E: Conc. Uncertainty","E: Conc. Uncertainty","E: Conc. Uncertainty","1b","1b","1b","1b","1b","1b","1b"
"2024-12-14 14:00:00","PM10",0,0,0,97.8623,1402.2715,52.8981,57.41,1.4815,0,1.4824,NA,156.6478678,0,0,4.751661865,4.386387467,0,0,1.364948643,NA,3.171245915,NA,0,0,0,0,0,0,NA,0,NA,NA,NA,0,0,0,0,0,0,0,"1b","1b","1b","1b","1b","1b","1b","1b","1b","1b","E: Conc. Uncertainty","1b","1b","1b","1b","1b","1b","1b","1b","E: Conc. Uncertainty","1b","E: Conc. Uncertainty","1b","1b","1b","1b","1b","1b","E: Conc. Uncertainty","1b","E: Conc. Uncertainty","E: Conc. Uncertainty","E: Conc. Uncertainty","1b","1b","1b","1b","1b","1b","1b"
"2024-12-14 15:00:00","PM2.5",0,0,0,86.6734,537.0655,36.7384,19.049,0,0,0.8941,0,71.60181557,NA,NA,2.293799168,3.877336888,0,0,0.771333489,0,1.378899055,0,NA,0,0,0,NA,0,0,NA,NA,NA,NA,NA,0,0,0,0,0,0,"1b","1b","1b","1b","1b","1b","1b","1b","1b","1b","1b","1b","E: Conc. Uncertainty","E: Conc. Uncertainty","1b","1b","1b","1b","1b","1b","1b","1b","E: Conc. Uncertainty","1b","1b","1b","E: Conc. Uncertainty","1b","1b","E: Conc. Uncertainty","E: Conc. Uncertainty","E: Conc. Uncertainty","E: Conc. Uncertainty","E: Conc. Uncertainty","1b","1b","1b","1b","1b","1b"
"2024-12-14 16:00:00","PM10",0,0.9792,0,117.8463,1254.7659,84.5245,58.9502,2.3567,NA,1.6322,NA,183.9658959,0,0,5.587151486,5.300896834,0,0,1.712494662,0,3.20489903,NA,NA,0,0,0,0,0,NA,0,NA,0,0,0,0,0,0,0,0,0,"1b","1b","1b","1b","1b","1b","1b","1b","E: Conc. Uncertainty","1b","E: Conc. Uncertainty","1b","1b","1b","1b","1b","1b","1b","1b","1b","1b","E: Conc. Uncertainty","E: Conc. Uncertainty","1b","1b","1b","1b","1b","E: Conc. Uncertainty","1b","E: Conc. Uncertainty","1b","1b","1b","1b","1b","1b","1b","1b","1b"
"2024-12-14 17:00:00","PM2.5",0,0,0,65.5054,407.2342,39.7631,11.3558,0,0,1.5234,NA,94.23329401,0,NA,6.321823064,3.118991436,0,0,0.746709656,0,1.661720133,1.450049838,0,0,0,0,NA,0,0,0,0,NA,NA,0,0.0033,0,0,0,0,0,"1b","1b","1b","1b","1b","1b","1b","1b","1b","1b","E: Conc. Uncertainty","1b","1b","E: Conc. Uncertainty","1b","1b","1b","1b","1b","1b","1b","1b","1b","1b","1b","1b","E: Conc. Uncertainty","1b","1b","1b","1b","E: Conc. Uncertainty","E: Conc. Uncertainty","1b","1b","1b","1b","1b","1b","1b"
"2024-12-14 18:00:00","PM10",0,0,0,125.5099,1226.0333,122.2408,48.9975,1.4762,0,1.9452,NA,238.2810957,0,0,6.51766646,8.508993556,0,0,1.545904293,0,3.884554699,0,NA,NA,0,0,NA,0,0,0,NA,0,NA,0,0,0,0,0,0,0,"1b","1b","1b","1b","1b","1b","1b","1b","1b","1b","E: Conc. Uncertainty","1b","1b","1b","1b","1b","1b","1b","1b","1b","1b","1b","E: Conc. Uncertainty","E: Conc. Uncertainty","1b","1b","E: Conc. Uncertainty","1b","1b","1b","E: Conc. Uncertainty","1b","E: Conc. Uncertainty","1b","1b","1b","1b","1b","1b","1b"
"2024-12-14 19:00:00","PM2.5",0,0,0,146.8649,681.5933,411.4386,14.7744,2.5909,0,0.7831,0,98.55643937,0,0,15.7129806,4.543392575,0,0,1.22779447,0,3.719855375,17.7483526,0,0,0,0,0,NA,0,NA,NA,NA,27.4039,0,0,0,0,0,0,0,"1b","1b","1b","1b","1b","1b","1b","1b","1b","1b","1b","1b","1b","1b","1b","1b","1b","1b","1b","1b","1b","1b","1b","1b","1b","1b","1b","E: Conc. Uncertainty","1b","E: Conc. Uncertainty","E: Conc. Uncertainty","E: Conc. Uncertainty","1b","1b","1b","1b","1b","1b","1b","1b"
"2024-12-14 20:00:00","PM10",0,0,0,103.2044,1160.868,129.2457,37.0959,NA,0,0.9499,0,100.3491195,0,0,5.956650016,2.379019869,0,0,NA,NA,4.006511145,2.575615761,0,NA,0,0,NA,0,0,0,NA,0,4.3539,0,0,0,0,0,0,0,"1b","1b","1b","1b","1b","1b","1b","E: Conc. Uncertainty","1b","1b","1b","1b","1b","1b","1b","1b","1b","1b","E: Conc. Uncertainty","E: Conc. Uncertainty","1b","1b","1b","E: Conc. Uncertainty","1b","1b","E: Conc. Uncertainty","1b","1b","1b","E: Conc. Uncertainty","1b","1b","1b","1b","1b","1b","1b","1b","1b"
"2024-12-14 21:00:00","PM2.5",0,0,NA,64.4729,314.8023,40.9435,7.1577,0,0,0.7803,0,39.47646766,0,NA,1.489442245,0.79636508,0,0,NA,0,2.090181034,NA,NA,0,0,0,0,NA,0,0,NA,NA,0,0,0,0,0,0,0,0,"1b","1b","E: Conc. Uncertainty","1b","1b","1b","1b","1b","1b","1b","1b","1b","1b","E: Conc. Uncertainty","1b","1b","1b","1b","E: Conc. Uncertainty","1b","1b","E: Conc. Uncertainty","E: Conc. Uncertainty","1b","1b","1b","1b","E: Conc. Uncertainty","1b","1b","E: Conc. Uncertainty","E: Conc. Uncertainty","1b","1b","1b","1b","1b","1b","1b","1b"
"2024-12-14 22:00:00","PM10",0,0,0,60.34,511.4717,34.4945,13.4693,NA,0,1.0852,0,51.4693259,0,0,1.257922786,0.968207152,0,0,NA,0,2.27982995,NA,0,0,0,0,NA,NA,0,0,NA,NA,0,0,NA,0,0,0,0,0,"1b","1b","1b","1b","1b","1b","1b","E: Conc. Uncertainty","1b","1b","1b","1b","1b","1b","1b","1b","1b","1b","E: Conc. Uncertainty","1b","1b","E: Conc. Uncertainty","1b","1b","1b","1b","E: Conc. Uncertainty","E: Conc. Uncertainty","1b","1b","E: Conc. Uncertainty","E: Conc. Uncertainty","1b","1b","E: Conc. Uncertainty","1b","1b","1b","1b","1b"
"2024-12-14 23:00:00","PM2.5",0,0,0,34.27,113.188,17.247,NA,NA,0,0.9588,0,15.92992309,NA,0,NA,NA,0,0,0,0,NA,NA,NA,NA,0,0,0,0,0,NA,NA,NA,0,0,0,0,0,0,0,0,"1b","1b","1b","1b","1b","1b","E: Conc. Uncertainty","E: Conc. Uncertainty","1b","1b","1b","1b","E: Conc. Uncertainty","1b","E: Conc. Uncertainty","E: Conc. Uncertainty","1b","1b","1b","1b","E: Conc. Uncertainty","E: Conc. Uncertainty","E: Conc. Uncertainty","E: Conc. Uncertainty","1b","1b","1b","1b","1b","E: Conc. Uncertainty","E: Conc. Uncertainty","E: Conc. Uncertainty","1b","1b","1b","1b","1b","1b","1b","1b"
"2024-12-15 00:30:00","PM10",0,0,0,59.5838,207.7881,21.1681,NA,0,0,1.8871,0,29.88629267,0,0,NA,NA,0,0,0,0,NA,0,NA,0,0,0,0,0,0,0,NA,0,0,0,0,0,0,NA,0,0,"1b","1b","1b","1b","1b","1b","E: Conc. Uncertainty","1b","1b","1b","1b","1b","1b","1b","E: Conc. Uncertainty","E: Conc. Uncertainty","1b","1b","1b","1b","E: Conc. Uncertainty","1b","E: Conc. Uncertainty","1b","1b","1b","1b","1b","1b","1b","E: Conc. Uncertainty","1b","1b","1b","1b","1b","1b","E: Conc. Uncertainty","1b","1b"
"2024-12-15 01:00:00","PM2.5",0,0,0,23.842,41.3549,17.896,0,0,0,0.7578,0,5.200692006,0,0,0,NA,0,0,NA,0,NA,NA,NA,0,0,0,0,0,0,0,0,NA,NA,0,0,0,0,0,0,0,"1b","1b","1b","1b","1b","1b","1b","1b","1b","1b","1b","1b","1b","1b","1b","E: Conc. Uncertainty","1b","1b","E: Conc. Uncertainty","1b","E: Conc. Uncertainty","E: Conc. Uncertainty","E: Conc. Uncertainty","1b","1b","1b","1b","1b","1b","1b","1b","E: Conc. Uncertainty","E: Conc. Uncertainty","1b","1b","1b","1b","1b","1b","1b"
"2024-12-15 02:00:00","PM10",0,0,0,31.7571,61.3707,14.3199,NA,0,0,1.0118,0,10.32135911,0,NA,NA,NA,0,0,0,0,0,NA,NA,0,NA,NA,NA,0,0,0,0,0,0,0,0,0,0,0,0,0,"1b","1b","1b","1b","1b","1b","E: Conc. Uncertainty","1b","1b","1b","1b","1b","1b","E: Conc. Uncertainty","E: Conc. Uncertainty","E: Conc. Uncertainty","1b","1b","1b","1b","1b","E: Conc. Uncertainty","E: Conc. Uncertainty","1b","E: Conc. Uncertainty","E: Conc. Uncertainty","E: Conc. Uncertainty","1b","1b","1b","1b","1b","1b","1b","1b","1b","1b","1b","1b","1b"
"2024-12-15 03:00:00","PM2.5",0,0,0,20.8201,23.2868,12.0572,0,0,0,1.27,0,2.515506358,0,NA,NA,NA,0,0,0,0,0,NA,NA,0,0,0,0,0,0,0,0,NA,0,0,NA,0,0,0,0,0,"1b","1b","1b","1b","1b","1b","1b","1b","1b","1b","1b","1b","1b","E: Conc. Uncertainty","E: Conc. Uncertainty","E: Conc. Uncertainty","1b","1b","1b","1b","1b","E: Conc. Uncertainty","E: Conc. Uncertainty","1b","1b","1b","1b","1b","1b","1b","1b","E: Conc. Uncertainty","1b","1b","E: Conc. Uncertainty","1b","1b","1b","1b","1b"
"2024-12-15 04:00:00","PM10",0,0,0,19.716,63.9121,17.8202,0,0,0,0.7807,0,6.633227919,0,0,NA,NA,0,0,NA,0,NA,0,0,0,0,0,0,NA,NA,0,NA,NA,0,0,0,0,0,0,0,0,"1b","1b","1b","1b","1b","1b","1b","1b","1b","1b","1b","1b","1b","1b","E: Conc. Uncertainty","E: Conc. Uncertainty","1b","1b","E: Conc. Uncertainty","1b","E: Conc. Uncertainty","1b","1b","1b","1b","1b","1b","E: Conc. Uncertainty","E: Conc. Uncertainty","1b","E: Conc. Uncertainty","E: Conc. Uncertainty","1b","1b","1b","1b","1b","1b","1b","1b"
"2024-12-15 05:00:00","PM2.5",0,0,0,48.6838,54.4415,25.0137,NA,NA,0,1.3832,0,4.584316517,0,0,NA,0,0,0,0,0,0,0,0,0,0,NA,0,0,0,0,0,0,0,0,0,NA,0,0,0,0,"1b","1b","1b","1b","1b","1b","E: Conc. Uncertainty","E: Conc. Uncertainty","1b","1b","1b","1b","1b","1b","E: Conc. Uncertainty","1b","1b","1b","1b","1b","1b","1b","1b","1b","1b","E: Conc. Uncertainty","1b","1b","1b","1b","1b","1b","1b","1b","1b","E: Conc. Uncertainty","1b","1b","1b","1b"
"2024-12-15 06:00:00","PM10",0,0,0,57.1647,127.8648,27.8621,1.961,0,0,0.8775,0,11.13761925,0,0,NA,NA,0,0,0,0,NA,0,0,0,NA,0,0,NA,0,0,NA,0,NA,0,0,0,0,0,0,0,"1b","1b","1b","1b","1b","1b","1b","1b","1b","1b","1b","1b","1b","1b","E: Conc. Uncertainty","E: Conc. Uncertainty","1b","1b","1b","1b","E: Conc. Uncertainty","1b","1b","1b","E: Conc. Uncertainty","1b","1b","E: Conc. Uncertainty","1b","1b","E: Conc. Uncertainty","1b","E: Conc. Uncertainty","1b","1b","1b","1b","1b","1b","1b"
"2024-12-15 07:00:00","PM2.5",0,0,0,59.8514,52.1275,10.2167,NA,NA,0,0.8629,0,14.33628202,0,0,NA,NA,0,0,0,0,NA,NA,NA,0,0,0,NA,0,0,0,NA,0,0,NA,0,NA,0,0,0,0,"1b","1b","1b","1b","1b","1b","E: Conc. Uncertainty","E: Conc. Uncertainty","1b","1b","1b","1b","1b","1b","E: Conc. Uncertainty","E: Conc. Uncertainty","1b","1b","1b","1b","E: Conc. Uncertainty","E: Conc. Uncertainty","E: Conc. Uncertainty","1b","1b","1b","E: Conc. Uncertainty","1b","1b","1b","E: Conc. Uncertainty","1b","1b","E: Conc. Uncertainty","1b","E: Conc. Uncertainty","1b","1b","1b","1b"
"2024-12-15 08:00:00","PM10",0,0,0,56.2374,89.5558,19.3548,4.8404,0,0,1.5385,0,32.71882382,0,0,NA,NA,0,0,0,0,0,0,0,0,0,0,NA,0,0,0,NA,0.1254,0,0,0,0,0,0,0,0,"1b","1b","1b","1b","1b","1b","1b","1b","1b","1b","1b","1b","1b","1b","E: Conc. Uncertainty","E: Conc. Uncertainty","1b","1b","1b","1b","1b","1b","1b","1b","1b","1b","E: Conc. Uncertainty","1b","1b","1b","E: Conc. Uncertainty","1b","1b","1b","1b","1b","1b","1b","1b","1b"
"2024-12-15 09:00:00","PM2.5",0,0,0,52.9862,31.4053,6.4778,0,NA,0,0.9447,0,16.17354539,0,NA,1.174339093,NA,0,0,NA,0,NA,0,0,0,0,0,NA,0,0,0,NA,0,NA,0,0,0,0,0,0,0,"1b","1b","1b","1b","1b","1b","1b","E: Conc. Uncertainty","1b","1b","1b","1b","1b","E: Conc. Uncertainty","1b","E: Conc. Uncertainty","1b","1b","E: Conc. Uncertainty","1b","E: Conc. Uncertainty","1b","1b","1b","1b","1b","E: Conc. Uncertainty","1b","1b","1b","E: Conc. Uncertainty","1b","E: Conc. Uncertainty","1b","1b","1b","1b","1b","1b","1b"
"2024-12-15 10:00:00","PM10",0,0,NA,51.9155,70.1081,8.1356,2.0394,0,0,1.4473,0,52.93674313,0,0,1.984786193,1.294455865,0,0,0,0,3.741131215,0,NA,0,NA,0,NA,NA,0,NA,0,0,NA,0,0,0,0,0,0,0,"1b","1b","E: Conc. Uncertainty","1b","1b","1b","1b","1b","1b","1b","1b","1b","1b","1b","1b","1b","1b","1b","1b","1b","1b","1b","E: Conc. Uncertainty","1b","E: Conc. Uncertainty","1b","E: Conc. Uncertainty","E: Conc. Uncertainty","1b","E: Conc. Uncertainty","1b","1b","E: Conc. Uncertainty","1b","1b","1b","1b","1b","1b","1b"
"2024-12-15 11:00:00","PM2.5",0,0,0.1102,30.166,20.8809,7.0916,NA,0,0,0.7686,0,32.49045967,NA,0,NA,1.466911578,0,0,NA,0,NA,NA,NA,0,0,0,0,0,NA,NA,NA,NA,0,0,0,0,0,0.001668922,0,0,"1b","1b","1b","1b","1b","1b","E: Conc. Uncertainty","1b","1b","1b","1b","1b","E: Conc. Uncertainty","1b","E: Conc. Uncertainty","1b","1b","1b","E: Conc. Uncertainty","1b","E: Conc. Uncertainty","E: Conc. Uncertainty","E: Conc. Uncertainty","1b","1b","1b","1b","1b","E: Conc. Uncertainty","E: Conc. Uncertainty","E: Conc. Uncertainty","E: Conc. Uncertainty","1b","1b","1b","1b","1b","1b","1b","1b"
"2024-12-15 12:00:00","PM10",0,NA,0,35.0928,48.4251,16.5951,13.9812,1.0684,0,1.4463,0,87.73121019,0,0,1.979587261,1.758501911,0,0,NA,0,0,NA,0,0,0,0,NA,0,0,0,NA,0,0,0,0,0,0,0,0,0,"1b","E: Conc. Uncertainty","1b","1b","1b","1b","1b","1b","1b","1b","1b","1b","1b","1b","1b","1b","1b","1b","E: Conc. Uncertainty","1b","1b","E: Conc. Uncertainty","1b","1b","1b","1b","E: Conc. Uncertainty","1b","1b","1b","E: Conc. Uncertainty","1b","1b","1b","1b","1b","1b","1b","1b","1b"
"2024-12-15 13:00:00","PM2.5",NA,0,0,62.4136,39.564,18.9642,0,0,0,1.6776,0,23.68555935,NA,NA,NA,0.758779962,0.010133073,NA,NA,0,NA,0,NA,0,0,0,0,NA,0,0,0,NA,0,0,0,0,0,0,0,0,"E: Conc. Uncertainty","1b","1b","1b","1b","1b","1b","1b","1b","1b","1b","1b","E: Conc. Uncertainty","E: Conc. Uncertainty","E: Conc. Uncertainty","1b","1b","E: Conc. Uncertainty","E: Conc. Uncertainty","1b","E: Conc. Uncertainty","1b","E: Conc. Uncertainty","1b","1b","1b","1b","E: Conc. Uncertainty","1b","1b","1b","E: Conc. Uncertainty","1b","1b","1b","1b","1b","1b","1b","1b"
"2024-12-15 14:00:00","PM10",0,0,0,107.1111,144.2172,25.1015,17.4753,1.1644,0,1.2451,0,85.08172881,0,0,1.519193194,1.777120817,0,0,NA,0,NA,NA,0,0,0,0,NA,NA,0,NA,NA,0,0,0,0,0,0,0,0,0,"1b","1b","1b","1b","1b","1b","1b","1b","1b","1b","1b","1b","1b","1b","1b","1b","1b","1b","E: Conc. Uncertainty","1b","E: Conc. Uncertainty","E: Conc. Uncertainty","1b","1b","1b","1b","E: Conc. Uncertainty","E: Conc. Uncertainty","1b","E: Conc. Uncertainty","E: Conc. Uncertainty","1b","1b","1b","1b","1b","1b","1b","1b","1b"
"2024-12-15 15:00:00","PM2.5",0,0,NA,113.1854,143.7147,21.1038,5.7429,0,NA,1.1333,0,34.9042445,0,NA,1.42040044,3.148323363,0,0,0.763815977,NA,1.031274163,NA,NA,0,0,0,NA,0,0,0,0,0,0,0,0,0,0,0,0,0,"1b","1b","E: Conc. Uncertainty","1b","1b","1b","1b","1b","E: Conc. Uncertainty","1b","1b","1b","1b","E: Conc. Uncertainty","1b","1b","1b","1b","1b","E: Conc. Uncertainty","1b","E: Conc. Uncertainty","E: Conc. Uncertainty","1b","1b","1b","E: Conc. Uncertainty","1b","1b","1b","1b","1b","1b","1b","1b","1b","1b","1b","1b","1b"
"2024-12-15 16:00:00","PM10",0,0,NA,132.2001,257.3266,27.4847,17.583,NA,0,1.5293,0,73.63079396,0,0,0.971543971,1.784896024,NA,0,NA,0,1.004028812,0,NA,0,0,NA,0,NA,0,0,0,0,0,0,0,0,0,0,0,0,"1b","1b","E: Conc. Uncertainty","1b","1b","1b","1b","E: Conc. Uncertainty","1b","1b","1b","1b","1b","1b","1b","1b","E: Conc. Uncertainty","1b","E: Conc. Uncertainty","1b","1b","1b","E: Conc. Uncertainty","1b","1b","E: Conc. Uncertainty","1b","E: Conc. Uncertainty","1b","1b","1b","1b","1b","1b","1b","1b","1b","1b","1b","1b"
"2024-12-15 17:00:00","PM2.5",0,0,0,94.8397,103.2046,19.2615,NA,0,0,1.0955,0,31.09746293,0,0,0.867508625,1.484139503,0,0,NA,0,NA,NA,0,0,0,0,NA,0,0,NA,NA,NA,0,0,0,0,0,0,0,0,"1b","1b","1b","1b","1b","1b","E: Conc. Uncertainty","1b","1b","1b","1b","1b","1b","1b","1b","1b","1b","1b","E: Conc. Uncertainty","1b","E: Conc. Uncertainty","E: Conc. Uncertainty","1b","1b","1b","1b","E: Conc. Uncertainty","1b","1b","E: Conc. Uncertainty","E: Conc. Uncertainty","E: Conc. Uncertainty","1b","1b","1b","1b","1b","1b","1b","1b"
"2024-12-15 18:00:00","PM10",0,0,NA,102.8659,455.476,30.5322,16.1519,0,0,0.821,0,51.9787431,0,0,1.468018023,3.430986259,0,0,NA,0,5.413533223,NA,NA,0,0,0,0,0,0,0,0,0,0,0,0,0,0,0,0,0,"1b","1b","E: Conc. Uncertainty","1b","1b","1b","1b","1b","1b","1b","1b","1b","1b","1b","1b","1b","1b","1b","E: Conc. Uncertainty","1b","1b","E: Conc. Uncertainty","E: Conc. Uncertainty","1b","1b","1b","1b","1b","1b","1b","1b","1b","1b","1b","1b","1b","1b","1b","1b","1b"
"2024-12-15 19:00:00","PM2.5",0,0,0,78.372,297.0095,20.7166,6.4718,NA,0,0.9887,0,15.53841287,0,NA,NA,4.273829449,0,0,NA,0,1.516226477,NA,NA,0,0,0,0,0,0,0,NA,0,0,0,0,0,0,0,0,0,"1b","1b","1b","1b","1b","1b","1b","E: Conc. Uncertainty","1b","1b","1b","1b","1b","E: Conc. Uncertainty","E: Conc. Uncertainty","1b","1b","1b","E: Conc. Uncertainty","1b","1b","E: Conc. Uncertainty","E: Conc. Uncertainty","1b","1b","1b","1b","1b","1b","1b","E: Conc. Uncertainty","1b","1b","1b","1b","1b","1b","1b","1b","1b"
"2024-12-15 20:00:00","PM10",0,0,NA,52.2009,370.2278,25.0044,8.1133,0,0,0.7151,0,25.305048,0,0,NA,1.213493897,0,0,NA,0,1.075867545,0,NA,NA,0,NA,0,0,0,NA,NA,NA,0,0,0,0,0,0,0,0,"1b","1b","E: Conc. Uncertainty","1b","1b","1b","1b","1b","1b","1b","1b","1b","1b","1b","E: Conc. Uncertainty","1b","1b","1b","E: Conc. Uncertainty","1b","1b","1b","E: Conc. Uncertainty","E: Conc. Uncertainty","1b","E: Conc. Uncertainty","1b","1b","1b","E: Conc. Uncertainty","E: Conc. Uncertainty","E: Conc. Uncertainty","1b","1b","1b","1b","1b","1b","1b","1b"
"2024-12-15 21:00:00","PM2.5",0,NA,0,96.0525,105.9392,17.7784,72.5499,NA,0,11.2028,1.2966,78.65000153,0,4.806917746,14.60670201,3.263613144,NA,NA,NA,0,NA,NA,0,0,0,0,NA,0,0,0,NA,0,0,0,0,0,0,0,0,0,"1b","E: Conc. Uncertainty","1b","1b","1b","1b","1b","E: Conc. Uncertainty","1b","1b","1b","1b","1b","1b","1b","1b","E: Conc. Uncertainty","E: Conc. Uncertainty","E: Conc. Uncertainty","1b","E: Conc. Uncertainty","E: Conc. Uncertainty","1b","1b","1b","1b","E: Conc. Uncertainty","1b","1b","1b","E: Conc. Uncertainty","1b","1b","1b","1b","1b","1b","1b","1b","1b"
"2024-12-15 22:00:00","PM10",0,0,0,31.2215,102.5229,14.7159,NA,0,0,NA,0,23.80139911,NA,0,0.852401676,NA,0,0,0,0,NA,NA,0,0,0,0,NA,0,0,0,NA,0,0,0,0,0,0,0,0,0,"1b","1b","1b","1b","1b","1b","E: Conc. Uncertainty","1b","1b","E: Conc. Uncertainty","1b","1b","E: Conc. Uncertainty","1b","1b","E: Conc. Uncertainty","1b","1b","1b","1b","E: Conc. Uncertainty","E: Conc. Uncertainty","1b","1b","1b","1b","E: Conc. Uncertainty","1b","1b","1b","E: Conc. Uncertainty","1b","1b","1b","1b","1b","1b","1b","1b","1b"
"2024-12-15 23:00:00","PM2.5",0,0,NA,23.43,53.1646,6.5999,0,NA,0,NA,0,6.848283229,0,0,0,0,0,NA,NA,NA,NA,NA,NA,0,0,0,0,0,0,NA,NA,NA,0,NA,0,NA,0,NA,0,0,"1b","1b","E: Conc. Uncertainty","1b","1b","1b","1b","E: Conc. Uncertainty","1b","E: Conc. Uncertainty","1b","1b","1b","1b","1b","1b","1b","E: Conc. Uncertainty","E: Conc. Uncertainty","E: Conc. Uncertainty","E: Conc. Uncertainty","E: Conc. Uncertainty","E: Conc. Uncertainty","1b","1b","1b","1b","1b","1b","E: Conc. Uncertainty","E: Conc. Uncertainty","E: Conc. Uncertainty","1b","E: Conc. Uncertainty","1b","E: Conc. Uncertainty","1b","E: Conc. Uncertainty","1b","1b"
"2024-12-16 00:30:00","PM10",NA,0,NA,27.0053,206.6974,12.089,0,0,0,NA,0,2.155522986,0,0,NA,0,0,0,0,0,NA,0,NA,0,0,0,0,0,0,0,0,0,0,0,NA,0,0,0,0,0,"E: Conc. Uncertainty","1b","E: Conc. Uncertainty","1b","1b","1b","1b","1b","1b","E: Conc. Uncertainty","1b","1b","1b","1b","E: Conc. Uncertainty","1b","1b","1b","1b","1b","E: Conc. Uncertainty","1b","E: Conc. Uncertainty","1b","1b","1b","1b","1b","1b","1b","1b","1b","1b","1b","E: Conc. Uncertainty","1b","1b","1b","1b","1b"
"2024-12-16 01:00:00","PM2.5",0,0,0,NA,114.1794,5.6071,0,0,0,0.7439,0,1.073958873,0,NA,0,0,0,0,0,0,NA,0,0,0,0,0,0,0,0,0,NA,0,0,0,0,0,0,0,0,0,"1b","1b","1b","E: Conc. Uncertainty","1b","1b","1b","1b","1b","1b","1b","1b","1b","E: Conc. Uncertainty","1b","1b","1b","1b","1b","1b","E: Conc. Uncertainty","1b","1b","1b","1b","1b","1b","1b","1b","1b","E: Conc. Uncertainty","1b","1b","1b","1b","1b","1b","1b","1b","1b"
"2024-12-16 02:00:00","PM10",0,0,0,NA,136.6645,13.3813,NA,0,0,NA,0,1.986648621,0,0,NA,0,NA,0,0,0,NA,0,NA,0,0,0,0,0,0,0,NA,0,0,0.0047,0,0,0,0,0,0,"1b","1b","1b","E: Conc. Uncertainty","1b","1b","E: Conc. Uncertainty","1b","1b","E: Conc. Uncertainty","1b","1b","1b","1b","E: Conc. Uncertainty","1b","E: Conc. Uncertainty","1b","1b","1b","E: Conc. Uncertainty","1b","E: Conc. Uncertainty","1b","1b","1b","1b","1b","1b","1b","E: Conc. Uncertainty","1b","1b","1b","1b","1b","1b","1b","1b","1b"
"2024-12-16 03:00:00","PM2.5",0,0,NA,NA,91.5538,3.1401,0,0,NA,0.7569,0,2.185665327,0.007119398,NA,NA,0,0,0,0,0,NA,0,0,0,0,0,0,0,0,0,NA,NA,0,0,0,0,0,0,0,0,"1b","1b","E: Conc. Uncertainty","E: Conc. Uncertainty","1b","1b","1b","1b","E: Conc. Uncertainty","1b","1b","1b","1b","E: Conc. Uncertainty","E: Conc. Uncertainty","1b","1b","1b","1b","1b","E: Conc. Uncertainty","1b","1b","1b","1b","1b","1b","1b","1b","1b","E: Conc. Uncertainty","E: Conc. Uncertainty","1b","1b","1b","1b","1b","1b","1b","1b"
"2024-12-16 04:00:00","PM10",0,0,0,24.4006,168.5915,15.334,NA,0,0,1.2049,0,6.492981083,0,NA,0,0,0,0,0,0,NA,NA,NA,0,0,0,NA,NA,0,0,0,NA,0,0,0,0.001921181,0,0,0,0,"1b","1b","1b","1b","1b","1b","E: Conc. Uncertainty","1b","1b","1b","1b","1b","1b","E: Conc. Uncertainty","1b","1b","1b","1b","1b","1b","E: Conc. Uncertainty","E: Conc. Uncertainty","E: Conc. Uncertainty","1b","1b","1b","E: Conc. Uncertainty","E: Conc. Uncertainty","1b","1b","1b","E: Conc. Uncertainty","1b","1b","1b","1b","1b","1b","1b","1b"
"2024-12-16 05:00:00","PM2.5",0,0,0,15.876,66.3261,3.1995,0,0,0,1.1253,0,8.474011564,0,0,NA,0,0,0,0,0,NA,NA,NA,0,0,0,NA,0,0,0,NA,0,0,0,0,0,0,0,0,0,"1b","1b","1b","1b","1b","1b","1b","1b","1b","1b","1b","1b","1b","1b","E: Conc. Uncertainty","1b","1b","1b","1b","1b","E: Conc. Uncertainty","E: Conc. Uncertainty","E: Conc. Uncertainty","1b","1b","1b","E: Conc. Uncertainty","1b","1b","1b","E: Conc. Uncertainty","1b","1b","1b","1b","1b","1b","1b","1b","1b"
"2024-12-16 06:00:00","PM10",0,0,0,14.6441,90.6847,8.5544,9.436,0,0,1.1134,0,60.95663678,0,0,2.319347058,0.721461791,0,0,0,0,0,NA,NA,0,0,0,0,0,NA,0,0,0,0,0,NA,0,0,NA,0,0,"1b","1b","1b","1b","1b","1b","1b","1b","1b","1b","1b","1b","1b","1b","1b","1b","1b","1b","1b","1b","1b","E: Conc. Uncertainty","E: Conc. Uncertainty","1b","1b","1b","1b","1b","E: Conc. Uncertainty","1b","1b","1b","1b","1b","E: Conc. Uncertainty","1b","1b","E: Conc. Uncertainty","1b","1b"
"2024-12-16 07:00:00","PM2.5",0,0,NA,14.2907,67.3878,3.5578,NA,NA,0,1.4029,0,37.15082084,0,0,1.153412961,NA,0,NA,NA,0,NA,NA,NA,0,0,0,0,0,0,0,0,NA,0,0,0,0,0,0,0,0,"1b","1b","E: Conc. Uncertainty","1b","1b","1b","E: Conc. Uncertainty","E: Conc. Uncertainty","1b","1b","1b","1b","1b","1b","1b","E: Conc. Uncertainty","1b","E: Conc. Uncertainty","E: Conc. Uncertainty","1b","E: Conc. Uncertainty","E: Conc. Uncertainty","E: Conc. Uncertainty","1b","1b","1b","1b","1b","1b","1b","1b","E: Conc. Uncertainty","1b","1b","1b","1b","1b","1b","1b","1b"
"2024-12-16 08:00:00","PM10",0,0,NA,64.0314,786.985,23.4969,35.2516,NA,0,1.3281,0,110.1737697,0,NA,3.591966711,1.255893215,0,0,0,0,1.906573338,NA,0,0,0,0,0,0,0,0,0,0,0,0,NA,0,0,0,0,0,"1b","1b","E: Conc. Uncertainty","1b","1b","1b","1b","E: Conc. Uncertainty","1b","1b","1b","1b","1b","E: Conc. Uncertainty","1b","1b","1b","1b","1b","1b","1b","E: Conc. Uncertainty","1b","1b","1b","1b","1b","1b","1b","1b","1b","1b","1b","1b","E: Conc. Uncertainty","1b","1b","1b","1b","1b"
"2024-12-16 09:00:00","PM2.5",0,0,NA,37.5918,315.3175,8.5366,11.5052,NA,0,1.2332,NA,65.36996997,0,0,1.509675777,1.612032371,0,0,0,0,NA,NA,NA,NA,0,0,NA,0,0,0,NA,0,0,0,0,0.011706622,0,0,0,0,"1b","1b","E: Conc. Uncertainty","1b","1b","1b","1b","E: Conc. Uncertainty","1b","1b","E: Conc. Uncertainty","1b","1b","1b","1b","1b","1b","1b","1b","1b","E: Conc. Uncertainty","E: Conc. Uncertainty","E: Conc. Uncertainty","E: Conc. Uncertainty","1b","1b","E: Conc. Uncertainty","1b","1b","1b","E: Conc. Uncertainty","1b","1b","1b","1b","1b","1b","1b","1b","1b"
"2024-12-16 10:00:00","PM10",0,NA,0,83.5789,999.38,48.0068,73.902,2.5225,NA,1.5767,NA,171.8694157,0,0,3.780961879,18.96542039,0,0,NA,0,3.080505974,NA,NA,0,0,0,0,NA,0,NA,0,0,NA,0,NA,0,0,0,0,0,"1b","E: Conc. Uncertainty","1b","1b","1b","1b","1b","1b","E: Conc. Uncertainty","1b","E: Conc. Uncertainty","1b","1b","1b","1b","1b","1b","1b","E: Conc. Uncertainty","1b","1b","E: Conc. Uncertainty","E: Conc. Uncertainty","1b","1b","1b","1b","E: Conc. Uncertainty","1b","E: Conc. Uncertainty","1b","1b","E: Conc. Uncertainty","1b","E: Conc. Uncertainty","1b","1b","1b","1b","1b"
"2024-12-16 11:00:00","PM2.5",0,0,NA,68.1515,522.957,22.931,18.0417,NA,0,1.5087,0,39.57361093,NA,NA,1.116567163,4.739862288,0,0,NA,0,1.944894783,NA,NA,0,0,0,0,0,0,NA,0,NA,0,0,0,0,0,0,0,0,"1b","1b","E: Conc. Uncertainty","1b","1b","1b","1b","E: Conc. Uncertainty","1b","1b","1b","1b","E: Conc. Uncertainty","E: Conc. Uncertainty","1b","1b","1b","1b","E: Conc. Uncertainty","1b","1b","E: Conc. Uncertainty","E: Conc. Uncertainty","1b","1b","1b","1b","1b","1b","E: Conc. Uncertainty","1b","E: Conc. Uncertainty","1b","1b","1b","1b","1b","1b","1b","1b"
"2024-12-16 12:00:00","PM10",0,NA,0,105.2766,1214.2403,55.3364,63.2853,2.3773,0,1.0953,0,100.1590548,0.005373061,NA,2.356901535,2.787906541,0,0,NA,0,3.140635812,NA,NA,0,0,0,0,NA,0,0,0,NA,NA,0,0,0,NA,0,0,0,"1b","E: Conc. Uncertainty","1b","1b","1b","1b","1b","1b","1b","1b","1b","1b","1b","E: Conc. Uncertainty","1b","1b","1b","1b","E: Conc. Uncertainty","1b","1b","E: Conc. Uncertainty","E: Conc. Uncertainty","1b","1b","1b","1b","E: Conc. Uncertainty","1b","1b","1b","E: Conc. Uncertainty","E: Conc. Uncertainty","1b","1b","1b","E: Conc. Uncertainty","1b","1b","1b"
"2024-12-16 13:00:00","PM2.5",0,0,0,83.5275,513.2117,27.7691,26.711,NA,0,0.9105,0,50.49918149,0,0,0.878788803,1.622324579,0,0,1.087118324,0,2.02837853,NA,0,0,0,0,0,0,0,NA,0,0,0,0,0,0,0,0,NA,0,"1b","1b","1b","1b","1b","1b","1b","E: Conc. Uncertainty","1b","1b","1b","1b","1b","1b","1b","1b","1b","1b","1b","1b","1b","E: Conc. Uncertainty","1b","1b","1b","1b","1b","1b","1b","E: Conc. Uncertainty","1b","1b","1b","1b","1b","1b","1b","1b","E: Conc. Uncertainty","1b"
"2024-12-16 14:00:00","PM10",0,0,0,159.1852,1266.3018,56.0754,69.2207,2.416,0,1.4126,0,106.3037442,0,NA,1.393787514,3.246304765,0,0,NA,0,3.023825079,NA,0,0,0,NA,0,0,0,0,0,0,0,0,0,0,0,0,0,0,"1b","1b","1b","1b","1b","1b","1b","1b","1b","1b","1b","1b","1b","E: Conc. Uncertainty","1b","1b","1b","1b","E: Conc. Uncertainty","1b","1b","E: Conc. Uncertainty","1b","1b","1b","E: Conc. Uncertainty","1b","1b","1b","1b","1b","1b","1b","1b","1b","1b","1b","1b","1b","1b"
"2024-12-16 15:00:00","PM2.5",0,0,0,112.9165,583.3504,29.6829,21.7482,NA,NA,0.9783,0,52.98471962,0,0,1.465085049,1.121988687,0,0,NA,0,1.925225848,NA,0,0,0,NA,NA,0,0,NA,0,0,0,0,0,0,0,0,0,0,"1b","1b","1b","1b","1b","1b","1b","E: Conc. Uncertainty","E: Conc. Uncertainty","1b","1b","1b","1b","1b","1b","1b","1b","1b","E: Conc. Uncertainty","1b","1b","E: Conc. Uncertainty","1b","1b","1b","E: Conc. Uncertainty","E: Conc. Uncertainty","1b","1b","E: Conc. Uncertainty","1b","1b","1b","1b","1b","1b","1b","1b","1b","1b"
"2024-12-16 16:00:00","PM10",0,2.0272,0,164.1121,1249.6762,52.0288,73.3473,2.7625,0,1.8399,0,125.8566924,0,0,3.095646867,2.910557364,0,0,0.804261595,0,2.489859642,1.744700976,NA,0,0,0,NA,NA,0,0,NA,NA,NA,0,0,0,0,0,0,0,"1b","1b","1b","1b","1b","1b","1b","1b","1b","1b","1b","1b","1b","1b","1b","1b","1b","1b","1b","1b","1b","1b","E: Conc. Uncertainty","1b","1b","1b","E: Conc. Uncertainty","E: Conc. Uncertainty","1b","1b","E: Conc. Uncertainty","E: Conc. Uncertainty","E: Conc. Uncertainty","1b","1b","1b","1b","1b","1b","1b"
"2024-12-16 17:00:00","PM2.5",0,0,0,139.7899,537.629,30.3371,25.4072,NA,0,0.8314,0,76.50448652,0,NA,2.335628367,2.115885642,0,0,NA,NA,1.710672927,0,0,NA,0,NA,0,0,0,0,0,0,0,0,0,0,0,0,0,0,"1b","1b","1b","1b","1b","1b","1b","E: Conc. Uncertainty","1b","1b","1b","1b","1b","E: Conc. Uncertainty","1b","1b","1b","1b","E: Conc. Uncertainty","E: Conc. Uncertainty","1b","1b","1b","E: Conc. Uncertainty","1b","E: Conc. Uncertainty","1b","1b","1b","1b","1b","1b","1b","1b","1b","1b","1b","1b","1b","1b"
"2024-12-16 18:00:00","PM10",0,0,0,183.2821,1282.0376,72.8219,60.3383,2.0442,0,1.8323,0,151.2971801,0,NA,2.925692247,4.144606022,0,0,2.469180905,NA,3.561938392,NA,0,0,0,0,0,0,0,0,0,0,NA,0,0,0,0,0,0,0,"1b","1b","1b","1b","1b","1b","1b","1b","1b","1b","1b","1b","1b","E: Conc. Uncertainty","1b","1b","1b","1b","1b","E: Conc. Uncertainty","1b","E: Conc. Uncertainty","1b","1b","1b","1b","1b","1b","1b","1b","1b","1b","E: Conc. Uncertainty","1b","1b","1b","1b","1b","1b","1b"
"2024-12-16 19:00:00","PM2.5",0,0,0,131.6029,394.6249,63.7933,18.4684,NA,0,1.4272,0,87.3406086,0,NA,2.144206908,4.879490257,0,0,2.220790448,NA,2.70925715,0,0,0,0,0,0,0,0,0,0,0,0,0,0,0,0,0,0,0,"1b","1b","1b","1b","1b","1b","1b","E: Conc. Uncertainty","1b","1b","1b","1b","1b","E: Conc. Uncertainty","1b","1b","1b","1b","1b","E: Conc. Uncertainty","1b","1b","1b","1b","1b","1b","1b","1b","1b","1b","1b","1b","1b","1b","1b","1b","1b","1b","1b","1b"
"2024-12-16 20:00:00","PM10",0,0,0,172.3465,992.6674,84.4931,66.337,3.5529,0,1.7108,NA,208.9637806,0,NA,6.192216909,31.29711059,0,0,2.764757351,0,4.015128701,NA,NA,0,NA,0,0,NA,0,0,NA,0,0,0,0,0,0,0,1.68794384,0,"1b","1b","1b","1b","1b","1b","1b","1b","1b","1b","E: Conc. Uncertainty","1b","1b","E: Conc. Uncertainty","1b","1b","1b","1b","1b","1b","1b","E: Conc. Uncertainty","E: Conc. Uncertainty","1b","E: Conc. Uncertainty","1b","1b","E: Conc. Uncertainty","1b","1b","E: Conc. Uncertainty","1b","1b","1b","1b","1b","1b","1b","1b","1b"
"2024-12-16 21:00:00","PM2.5",0,0,0,142.397,275.1107,82.6209,12.2986,1.1322,0,1.3424,0,76.63573768,0,NA,2.04244218,33.55954924,0,0,2.298234373,NA,3.150983503,0,NA,0,0,0,NA,NA,NA,0,NA,0,NA,0,0,0,0,0,2.471766237,0,"1b","1b","1b","1b","1b","1b","1b","1b","1b","1b","1b","1b","1b","E: Conc. Uncertainty","1b","1b","1b","1b","1b","E: Conc. Uncertainty","1b","1b","E: Conc. Uncertainty","1b","1b","1b","E: Conc. Uncertainty","E: Conc. Uncertainty","E: Conc. Uncertainty","1b","E: Conc. Uncertainty","1b","E: Conc. Uncertainty","1b","1b","1b","1b","1b","1b","1b"
"2024-12-16 22:00:00","PM10",0,0,0,212.6785,807.1242,101.8239,51.4656,2.3571,0,1.3901,NA,158.3783481,0,NA,5.480837336,24.63106529,0,NA,3.049967435,NA,3.953075389,0,NA,NA,0,NA,0,0,0,0,0.0726,NA,NA,0,0,0,0,0,NA,0,"1b","1b","1b","1b","1b","1b","1b","1b","1b","1b","E: Conc. Uncertainty","1b","1b","E: Conc. Uncertainty","1b","1b","1b","E: Conc. Uncertainty","1b","E: Conc. Uncertainty","1b","1b","E: Conc. Uncertainty","E: Conc. Uncertainty","1b","E: Conc. Uncertainty","1b","1b","1b","1b","1b","E: Conc. Uncertainty","E: Conc. Uncertainty","1b","1b","1b","1b","1b","E: Conc. Uncertainty","1b"
"2024-12-16 23:00:00","PM2.5",0,0,0,171.1246,239.0116,45.7961,21.6359,0,0,1.4801,0,164.5514034,NA,NA,3.067889927,10.81407869,0,0,NA,0,2.437259571,NA,NA,0,0,0,0,0,0,NA,NA,NA,0,0,0,0,0,0,NA,0,"1b","1b","1b","1b","1b","1b","1b","1b","1b","1b","1b","1b","E: Conc. Uncertainty","E: Conc. Uncertainty","1b","1b","1b","1b","E: Conc. Uncertainty","1b","1b","E: Conc. Uncertainty","E: Conc. Uncertainty","1b","1b","1b","1b","1b","1b","E: Conc. Uncertainty","E: Conc. Uncertainty","E: Conc. Uncertainty","1b","1b","1b","1b","1b","1b","E: Conc. Uncertainty","1b"
"2024-12-17 00:30:00","PM10",0,0,0,198.4779,800.1258,65.4191,38.9868,NA,0,2.7226,0,45.54744013,0,NA,5.989925681,3.343331957,0,0,2.248761354,NA,2.085900083,NA,0,0,0,0,0,0,0,NA,NA,NA,0,0,0,0,0,0,2.191763006,0,"1b","1b","1b","1b","1b","1b","1b","E: Conc. Uncertainty","1b","1b","1b","1b","1b","E: Conc. Uncertainty","1b","1b","1b","1b","1b","E: Conc. Uncertainty","1b","E: Conc. Uncertainty","1b","1b","1b","1b","1b","1b","1b","E: Conc. Uncertainty","E: Conc. Uncertainty","E: Conc. Uncertainty","1b","1b","1b","1b","1b","1b","1b","1b"
"2024-12-17 01:00:00","PM2.5",0,0,NA,195.1311,144.0005,36.3999,3.4512,0,0,1.5466,0,14.54672255,0,0.864385053,NA,3.507838808,0,0,NA,0,2.4686702,NA,0.005168222,0,0,0,0,0,0,NA,NA,0,0,NA,0,0,0,0,1.968532856,0,"1b","1b","E: Conc. Uncertainty","1b","1b","1b","1b","1b","1b","1b","1b","1b","1b","1b","E: Conc. Uncertainty","1b","1b","1b","E: Conc. Uncertainty","1b","1b","E: Conc. Uncertainty","1b","1b","1b","1b","1b","1b","1b","E: Conc. Uncertainty","E: Conc. Uncertainty","1b","1b","E: Conc. Uncertainty","1b","1b","1b","1b","1b","1b"
"2024-12-17 02:00:00","PM10",0,0,NA,188.1531,356.7078,49.9612,23.9564,NA,0,0.9437,0,32.78224387,0,NA,0.94007384,2.968460451,0,0,1.739435116,0,2.561029688,NA,NA,0,0,0,0,NA,0,0,NA,0,0,0,0,0,0,0,0,0,"1b","1b","E: Conc. Uncertainty","1b","1b","1b","1b","E: Conc. Uncertainty","1b","1b","1b","1b","1b","E: Conc. Uncertainty","1b","1b","1b","1b","1b","1b","1b","E: Conc. Uncertainty","E: Conc. Uncertainty","1b","1b","1b","1b","E: Conc. Uncertainty","1b","1b","E: Conc. Uncertainty","1b","1b","1b","1b","1b","1b","1b","1b","1b"
"2024-12-17 03:00:00","PM2.5",0,0,0,213.9257,72.6103,43.3694,0,0,0,0.9096,0,11.14753015,0,NA,NA,6.010452891,0,0,1.109521485,0,2.913865333,NA,NA,0,0,0,NA,0,0,0,0,NA,0,NA,0,0,0,0,0,0,"1b","1b","1b","1b","1b","1b","1b","1b","1b","1b","1b","1b","1b","E: Conc. Uncertainty","E: Conc. Uncertainty","1b","1b","1b","1b","1b","1b","E: Conc. Uncertainty","E: Conc. Uncertainty","1b","1b","1b","E: Conc. Uncertainty","1b","1b","1b","1b","E: Conc. Uncertainty","1b","E: Conc. Uncertainty","1b","1b","1b","1b","1b","1b"
"2024-12-17 04:00:00","PM10",0,0,0,259.9106,258.4201,62.2453,18.1617,NA,0,1.479,0,26.80119784,0,NA,NA,8.10992028,0,0,1.363550395,NA,3.459448467,NA,0,0,0,0,NA,0,0,0,0,NA,0,0,0,0,0,0,0,0,"1b","1b","1b","1b","1b","1b","1b","E: Conc. Uncertainty","1b","1b","1b","1b","1b","E: Conc. Uncertainty","E: Conc. Uncertainty","1b","1b","1b","1b","E: Conc. Uncertainty","1b","E: Conc. Uncertainty","1b","1b","1b","1b","E: Conc. Uncertainty","1b","1b","1b","1b","E: Conc. Uncertainty","1b","1b","1b","1b","1b","1b","1b","1b"
"2024-12-17 05:00:00","PM2.5",NA,0,0,201.987,72.4094,44.1089,NA,0,0,1.0772,0,13.19543519,NA,NA,0.788941397,8.740186992,0,0,1.151457438,0,2.837380075,NA,NA,0,0,0,0,0,0,NA,0,NA,NA,0,0,0,0,0,0,0,"E: Conc. Uncertainty","1b","1b","1b","1b","1b","E: Conc. Uncertainty","1b","1b","1b","1b","1b","E: Conc. Uncertainty","E: Conc. Uncertainty","1b","1b","1b","1b","1b","1b","1b","E: Conc. Uncertainty","E: Conc. Uncertainty","1b","1b","1b","1b","1b","1b","E: Conc. Uncertainty","1b","E: Conc. Uncertainty","E: Conc. Uncertainty","1b","1b","1b","1b","1b","1b","1b"
"2024-12-17 06:00:00","PM10",0,0,0,212.3893,129.7703,55.6009,10.3794,NA,0,0.8884,NA,60.35824952,0,0,1.919907162,12.86824586,0,0,1.354869905,0,2.152408486,NA,NA,0,0,NA,NA,0,NA,0,NA,0,0,0,0,0,0,0,0,0,"1b","1b","1b","1b","1b","1b","1b","E: Conc. Uncertainty","1b","1b","E: Conc. Uncertainty","1b","1b","1b","1b","1b","1b","1b","1b","1b","1b","E: Conc. Uncertainty","E: Conc. Uncertainty","1b","1b","E: Conc. Uncertainty","E: Conc. Uncertainty","1b","E: Conc. Uncertainty","1b","E: Conc. Uncertainty","1b","1b","1b","1b","1b","1b","1b","1b","1b"
"2024-12-17 07:00:00","PM2.5",0,0,0,200.1248,35.6962,49.756,8.2707,NA,0,1.0427,0,36.50713167,0,0,1.30632592,5.794860317,0,0,1.426902965,0,3.034793578,NA,NA,0,0,0,0,NA,NA,0,NA,0,0,0,0,0,0,0,0,0,"1b","1b","1b","1b","1b","1b","1b","E: Conc. Uncertainty","1b","1b","1b","1b","1b","1b","1b","1b","1b","1b","1b","1b","1b","E: Conc. Uncertainty","E: Conc. Uncertainty","1b","1b","1b","1b","E: Conc. Uncertainty","E: Conc. Uncertainty","1b","E: Conc. Uncertainty","1b","1b","1b","1b","1b","1b","1b","1b","1b"
"2024-12-17 08:00:00","PM10",0,0,NA,173.1837,85.9379,80.6141,78.5402,4.172,NA,1.4435,0,118.5950338,0,NA,2.625813471,5.837661677,0,0,0.953977874,NA,4.992017815,NA,0,0,0,0,NA,0,0,NA,NA,NA,NA,0,0,0,0,0,0,0,"1b","1b","E: Conc. Uncertainty","1b","1b","1b","1b","1b","E: Conc. Uncertainty","1b","1b","1b","1b","E: Conc. Uncertainty","1b","1b","1b","1b","1b","E: Conc. Uncertainty","1b","E: Conc. Uncertainty","1b","1b","1b","1b","E: Conc. Uncertainty","1b","1b","E: Conc. Uncertainty","E: Conc. Uncertainty","E: Conc. Uncertainty","E: Conc. Uncertainty","1b","1b","1b","1b","1b","1b","1b"
"2024-12-17 09:00:00","PM2.5",0,0,0,75.656,36.5905,21.4862,9.0551,0,0,NA,0,42.08058586,0,NA,1.575314979,3.029465986,0,0,NA,0,1.724091219,0,0,0,0,NA,NA,NA,0,0,NA,NA,0,0,0,0,0,0,0,0,"1b","1b","1b","1b","1b","1b","1b","1b","1b","E: Conc. Uncertainty","1b","1b","1b","E: Conc. Uncertainty","1b","1b","1b","1b","E: Conc. Uncertainty","1b","1b","1b","1b","1b","1b","E: Conc. Uncertainty","E: Conc. Uncertainty","E: Conc. Uncertainty","1b","1b","E: Conc. Uncertainty","E: Conc. Uncertainty","1b","1b","1b","1b","1b","1b","1b","1b"
"2024-12-17 10:00:00","PM10",0,0,0,81.8613,131.4119,67.6599,115.0328,5.439,0,1.3899,NA,126.9301673,0,0,3.047460628,4.837179018,0,0,NA,0,1.466955602,NA,NA,NA,0,0,NA,0,0,0,0,0,0,0,0,0,0,0,0,0,"1b","1b","1b","1b","1b","1b","1b","1b","1b","1b","E: Conc. Uncertainty","1b","1b","1b","1b","1b","1b","1b","E: Conc. Uncertainty","1b","1b","E: Conc. Uncertainty","E: Conc. Uncertainty","E: Conc. Uncertainty","1b","1b","E: Conc. Uncertainty","1b","1b","1b","1b","1b","1b","1b","1b","1b","1b","1b","1b","1b"
"2024-12-17 11:00:00","PM2.5",0,0,0,52.1677,26.3625,46.4125,31.9646,2.9088,0,1.2649,0,40.39765266,0,NA,1.300420403,2.551064241,0,0,NA,0,1.156302487,NA,NA,0,0,0,0,0,NA,0,NA,0,0,0,0,0,0,0,0,0,"1b","1b","1b","1b","1b","1b","1b","1b","1b","1b","1b","1b","1b","E: Conc. Uncertainty","1b","1b","1b","1b","E: Conc. Uncertainty","1b","1b","E: Conc. Uncertainty","E: Conc. Uncertainty","1b","1b","1b","1b","1b","E: Conc. Uncertainty","1b","E: Conc. Uncertainty","1b","1b","1b","1b","1b","1b","1b","1b","1b"
"2024-12-17 12:00:00","PM10",0,0,0,60.3965,145.9914,29.953,38.1145,0,0,1.3112,0,53.82672079,0,0,1.86610104,2.270249649,0,0,NA,NA,1.875989339,0,0,0,0,0,0,0,0,0,0,NA,NA,0,0,0,0,0,0,0,"1b","1b","1b","1b","1b","1b","1b","1b","1b","1b","1b","1b","1b","1b","1b","1b","1b","1b","E: Conc. Uncertainty","E: Conc. Uncertainty","1b","1b","1b","1b","1b","1b","1b","1b","1b","1b","1b","E: Conc. Uncertainty","E: Conc. Uncertainty","1b","1b","1b","1b","1b","1b","1b"
"2024-12-17 13:00:00","PM2.5",0,0,0,87.5721,90.2125,35.242,14.3428,0,0,1.1337,0,19.41349403,NA,0,1.218473879,2.098670548,0,0,NA,0,1.64617859,0,NA,NA,0,0,0,0,0,0,0,NA,0,NA,0,0,0,0,0,0,"1b","1b","1b","1b","1b","1b","1b","1b","1b","1b","1b","1b","E: Conc. Uncertainty","1b","1b","1b","1b","1b","E: Conc. Uncertainty","1b","1b","1b","E: Conc. Uncertainty","E: Conc. Uncertainty","1b","1b","1b","1b","1b","1b","1b","E: Conc. Uncertainty","1b","E: Conc. Uncertainty","1b","1b","1b","1b","1b","1b"
"2024-12-17 14:00:00","PM10",0,0,0,143.3732,583.593,67.3947,96.6256,1.6925,0,1.4021,0,61.95664787,0,0,1.259664909,3.934651168,0,0,NA,0,3.645284094,NA,0,0,0,0,NA,0,NA,0,0,NA,NA,0,0,0,0,0,0,0,"1b","1b","1b","1b","1b","1b","1b","1b","1b","1b","1b","1b","1b","1b","1b","1b","1b","1b","E: Conc. Uncertainty","1b","1b","E: Conc. Uncertainty","1b","1b","1b","1b","E: Conc. Uncertainty","1b","E: Conc. Uncertainty","1b","1b","E: Conc. Uncertainty","E: Conc. Uncertainty","1b","1b","1b","1b","1b","1b","1b"
"2024-12-17 15:00:00","PM2.5",0,0,0,131.34,144.0903,57.7652,17.9364,NA,0,0.6645,0,30.99285417,0,0,NA,3.348570325,0,0,NA,0,1.961506012,0,0,0,0,0,0,0,0,0,NA,NA,NA,0,0,0,0,0,0,0,"1b","1b","1b","1b","1b","1b","1b","E: Conc. Uncertainty","1b","1b","1b","1b","1b","1b","E: Conc. Uncertainty","1b","1b","1b","E: Conc. Uncertainty","1b","1b","1b","1b","1b","1b","1b","1b","1b","1b","1b","E: Conc. Uncertainty","E: Conc. Uncertainty","E: Conc. Uncertainty","1b","1b","1b","1b","1b","1b","1b"
"2024-12-17 16:00:00","PM10",0,0,0.1241,130.6281,597.617,82.2352,62.2891,1.2007,0,1.3905,0,79.13501333,0,NA,2.197631595,4.141168332,0,0,0.640944513,0,3.723838688,NA,NA,0,0,0,NA,0,0,0,0,0,NA,0,0,0,0,0,0,0,"1b","1b","1b","1b","1b","1b","1b","1b","1b","1b","1b","1b","1b","E: Conc. Uncertainty","1b","1b","1b","1b","1b","1b","1b","E: Conc. Uncertainty","E: Conc. Uncertainty","1b","1b","1b","E: Conc. Uncertainty","1b","1b","1b","1b","1b","E: Conc. Uncertainty","1b","1b","1b","1b","1b","1b","1b"
"2024-12-17 17:00:00","PM2.5",0,0,NA,113.8231,232.3895,57.1377,14.9055,NA,0,1.0554,0,27.56264112,0,0,NA,3.308557596,0,0,NA,0,5.504617481,NA,NA,0,0,0,0,0,0,0,0,0,0,0,0,0,0,0,0,0,"1b","1b","E: Conc. Uncertainty","1b","1b","1b","1b","E: Conc. Uncertainty","1b","1b","1b","1b","1b","1b","E: Conc. Uncertainty","1b","1b","1b","E: Conc. Uncertainty","1b","1b","E: Conc. Uncertainty","E: Conc. Uncertainty","1b","1b","1b","1b","1b","1b","1b","1b","1b","1b","1b","1b","1b","1b","1b","1b","1b"
"2024-12-17 18:00:00","PM10",0,0,0,160.6742,694.9627,75.8827,59.7803,1.805,0,1.0338,0,64.21115813,NA,NA,1.347257264,5.174717181,0,NA,0.696427118,0,5.686243591,0,NA,0,0,0,NA,NA,0,0,NA,NA,0,0,0,0,0,0,0,0,"1b","1b","1b","1b","1b","1b","1b","1b","1b","1b","1b","1b","E: Conc. Uncertainty","E: Conc. Uncertainty","1b","1b","1b","E: Conc. Uncertainty","1b","1b","1b","1b","E: Conc. Uncertainty","1b","1b","1b","E: Conc. Uncertainty","E: Conc. Uncertainty","1b","1b","E: Conc. Uncertainty","E: Conc. Uncertainty","1b","1b","1b","1b","1b","1b","1b","1b"
"2024-12-17 19:00:00","PM2.5",0,0,0,171.7678,229.4691,57.1946,14.3264,NA,NA,1.1681,0,25.53642627,0,0,NA,5.354279667,0,0,NA,NA,2.834023629,NA,NA,0,0,0,NA,NA,NA,0,0,NA,0,0,0,0,0,0,0,0,"1b","1b","1b","1b","1b","1b","1b","E: Conc. Uncertainty","E: Conc. Uncertainty","1b","1b","1b","1b","1b","E: Conc. Uncertainty","1b","1b","1b","E: Conc. Uncertainty","E: Conc. Uncertainty","1b","E: Conc. Uncertainty","E: Conc. Uncertainty","1b","1b","1b","E: Conc. Uncertainty","E: Conc. Uncertainty","E: Conc. Uncertainty","1b","1b","E: Conc. Uncertainty","1b","1b","1b","1b","1b","1b","1b","1b"
"2024-12-17 20:00:00","PM10",0,0,0,255.0846,788.253,119.6957,61.9545,2.2551,0,1.1636,NA,55.30191464,0,NA,1.311615077,5.582789614,0,0,0.892491068,0,4.603279623,NA,NA,0,0,NA,0,NA,0,0,0,0,0,0,0,0,0,0,0,0,"1b","1b","1b","1b","1b","1b","1b","1b","1b","1b","E: Conc. Uncertainty","1b","1b","E: Conc. Uncertainty","1b","1b","1b","1b","1b","1b","1b","E: Conc. Uncertainty","E: Conc. Uncertainty","1b","1b","E: Conc. Uncertainty","1b","E: Conc. Uncertainty","1b","1b","1b","1b","1b","1b","1b","1b","1b","1b","1b","1b"
"2024-12-17 21:00:00","PM2.5",0,0,NA,223.7609,250.499,83.4063,12.5741,NA,0,0.7927,0,16.62267471,0,NA,NA,4.727921807,0,NA,0.852381485,0,2.885111014,0,NA,0,0,0,NA,0,0,0,NA,NA,0,0,0,0,0,0,0,0,"1b","1b","E: Conc. Uncertainty","1b","1b","1b","1b","E: Conc. Uncertainty","1b","1b","1b","1b","1b","E: Conc. Uncertainty","E: Conc. Uncertainty","1b","1b","E: Conc. Uncertainty","1b","1b","1b","1b","E: Conc. Uncertainty","1b","1b","1b","E: Conc. Uncertainty","1b","1b","1b","E: Conc. Uncertainty","E: Conc. Uncertainty","1b","1b","1b","1b","1b","1b","1b","1b"
"2024-12-17 22:00:00","PM10",0,0,0,268.6463,782.8507,109.5679,46.2884,1.5918,0,NA,0,27.46570996,0,NA,0.739094617,5.333533354,0,0,NA,0,5.015459252,NA,0,0,0,NA,0,0,0,0,NA,0,0,0,0,0,0,0,NA,0,"1b","1b","1b","1b","1b","1b","1b","1b","1b","E: Conc. Uncertainty","1b","1b","1b","E: Conc. Uncertainty","1b","1b","1b","1b","E: Conc. Uncertainty","1b","1b","E: Conc. Uncertainty","1b","1b","1b","E: Conc. Uncertainty","1b","1b","1b","1b","E: Conc. Uncertainty","1b","1b","1b","1b","1b","1b","1b","E: Conc. Uncertainty","1b"
"2024-12-17 23:00:00","PM2.5",0,0,0,195.469,164.1859,58.7307,11.3143,NA,0,0.998,0,9.750160238,0.00567702,NA,NA,4.325584235,0,0,NA,0,2.483045243,0,NA,0,0,0,0,0,0,0,NA,NA,0,0,0,0,0,0,0,0,"1b","1b","1b","1b","1b","1b","1b","E: Conc. Uncertainty","1b","1b","1b","1b","1b","E: Conc. Uncertainty","E: Conc. Uncertainty","1b","1b","1b","E: Conc. Uncertainty","1b","1b","1b","E: Conc. Uncertainty","1b","1b","1b","1b","1b","1b","1b","E: Conc. Uncertainty","E: Conc. Uncertainty","1b","1b","1b","1b","1b","1b","1b","1b"
"2024-12-18 00:30:00","PM10",0,0,0,124.9504,286.2167,48.1923,18.1547,0,0,2.7071,0,14.69205882,NA,0,0,2.22886119,0,0,NA,0,3.114938715,0,NA,0,0,0,0,0,0,NA,0,NA,0,0,0,0,0,0,0,0,"1b","1b","1b","1b","1b","1b","1b","1b","1b","1b","1b","1b","E: Conc. Uncertainty","1b","1b","1b","1b","1b","E: Conc. Uncertainty","1b","1b","1b","E: Conc. Uncertainty","1b","1b","1b","1b","1b","1b","E: Conc. Uncertainty","1b","E: Conc. Uncertainty","1b","1b","1b","1b","1b","1b","1b","1b"
"2024-12-18 01:00:00","PM2.5",0,0,0,86.5019,106.0301,32.9111,2.1388,NA,0,1.1845,0,8.421245272,0,NA,NA,2.16184066,0,0,NA,0,2.551954126,NA,NA,0,0,0,NA,NA,0,0,0,NA,0,0,0,0,0,0,0,0,"1b","1b","1b","1b","1b","1b","1b","E: Conc. Uncertainty","1b","1b","1b","1b","1b","E: Conc. Uncertainty","E: Conc. Uncertainty","1b","1b","1b","E: Conc. Uncertainty","1b","1b","E: Conc. Uncertainty","E: Conc. Uncertainty","1b","1b","1b","E: Conc. Uncertainty","E: Conc. Uncertainty","1b","1b","1b","E: Conc. Uncertainty","1b","1b","1b","1b","1b","1b","1b","1b"
"2024-12-18 02:00:00","PM10",0,0,0,61.2357,141.5734,17.9028,6.0905,0,0,0.9988,0,7.619567098,NA,NA,NA,1.067957707,NA,0,NA,NA,1.919291319,NA,0,0,0,0,NA,0,0,NA,0,0,0,0,NA,0,0,0,0,0,"1b","1b","1b","1b","1b","1b","1b","1b","1b","1b","1b","1b","E: Conc. Uncertainty","E: Conc. Uncertainty","E: Conc. Uncertainty","1b","E: Conc. Uncertainty","1b","E: Conc. Uncertainty","E: Conc. Uncertainty","1b","E: Conc. Uncertainty","1b","1b","1b","1b","E: Conc. Uncertainty","1b","1b","E: Conc. Uncertainty","1b","1b","1b","1b","E: Conc. Uncertainty","1b","1b","1b","1b","1b"
"2024-12-18 03:00:00","PM2.5",0,0,0,52.6912,162.517,14.9996,3.763,0,0,1.2622,0,2.773895807,0,NA,0,0.977972046,0,0,NA,0,1.392121982,0,NA,0,0,0,NA,0,0,0,NA,0,0,NA,0,0,0,0,0,0,"1b","1b","1b","1b","1b","1b","1b","1b","1b","1b","1b","1b","1b","E: Conc. Uncertainty","1b","1b","1b","1b","E: Conc. Uncertainty","1b","1b","1b","E: Conc. Uncertainty","1b","1b","1b","E: Conc. Uncertainty","1b","1b","1b","E: Conc. Uncertainty","1b","1b","E: Conc. Uncertainty","1b","1b","1b","1b","1b","1b"
"2024-12-18 04:00:00","PM10",0,0,NA,81.6694,819.2998,24.8701,22.436,NA,0,0.7846,0,6.706928477,0,0,0,3.549465866,0,0,NA,0,1.919238987,0,0,0,0,NA,NA,NA,0,NA,0,NA,0,0,0,NA,0,0,0,0,"1b","1b","E: Conc. Uncertainty","1b","1b","1b","1b","E: Conc. Uncertainty","1b","1b","1b","1b","1b","1b","1b","1b","1b","1b","E: Conc. Uncertainty","1b","1b","1b","1b","1b","1b","E: Conc. Uncertainty","E: Conc. Uncertainty","E: Conc. Uncertainty","1b","E: Conc. Uncertainty","1b","E: Conc. Uncertainty","1b","1b","1b","E: Conc. Uncertainty","1b","1b","1b","1b"
"2024-12-18 05:00:00","PM2.5",0,0,0,36.6534,265.9853,7.6399,5.344,0,0,0.7326,0,3.562808859,0,0,0,3.830689606,0,0,NA,0,NA,0,NA,0,0,0,NA,0,0,0,0,0,0,NA,0,0,0,0,0,0,"1b","1b","1b","1b","1b","1b","1b","1b","1b","1b","1b","1b","1b","1b","1b","1b","1b","1b","E: Conc. Uncertainty","1b","E: Conc. Uncertainty","1b","E: Conc. Uncertainty","1b","1b","1b","E: Conc. Uncertainty","1b","1b","1b","1b","1b","1b","E: Conc. Uncertainty","1b","1b","1b","1b","1b","1b"
"2024-12-18 06:00:00","PM10",0,0,NA,62.4043,821.5039,19.6235,16.6297,0,0,1.1703,0,18.0032871,0,NA,NA,1.383338591,0,NA,0,0,1.850269176,NA,NA,NA,0,0,0,0,0,0,0,0,0,0,0,0,0,0,0,0,"1b","1b","E: Conc. Uncertainty","1b","1b","1b","1b","1b","1b","1b","1b","1b","1b","E: Conc. Uncertainty","E: Conc. Uncertainty","1b","1b","E: Conc. Uncertainty","1b","1b","1b","E: Conc. Uncertainty","E: Conc. Uncertainty","E: Conc. Uncertainty","1b","1b","1b","1b","1b","1b","1b","1b","1b","1b","1b","1b","1b","1b","1b","1b"
"2024-12-18 07:00:00","PM2.5",0,0,0,57.5464,949.8121,18.6787,18.9125,0,0,NA,0,12.01435917,0,0,NA,NA,0,0,NA,0,0.98059022,NA,0,0,0,0,0,NA,0,0,NA,NA,0,0,0,0,0,0,0,0,"1b","1b","1b","1b","1b","1b","1b","1b","1b","E: Conc. Uncertainty","1b","1b","1b","1b","E: Conc. Uncertainty","E: Conc. Uncertainty","1b","1b","E: Conc. Uncertainty","1b","1b","E: Conc. Uncertainty","1b","1b","1b","1b","1b","E: Conc. Uncertainty","1b","1b","E: Conc. Uncertainty","E: Conc. Uncertainty","1b","1b","1b","1b","1b","1b","1b","1b"
"2024-12-18 08:00:00","PM10",0,0,0,53.9528,1087.2255,25.2295,29.7027,NA,0,0.8398,0,53.75381441,NA,0,1.067780071,NA,NA,0,NA,0,1.580023786,NA,NA,0,0,NA,0,0,0,0,NA,NA,0,0,0,0,0,0,0,0,"1b","1b","1b","1b","1b","1b","1b","E: Conc. Uncertainty","1b","1b","1b","1b","E: Conc. Uncertainty","1b","1b","E: Conc. Uncertainty","E: Conc. Uncertainty","1b","E: Conc. Uncertainty","1b","1b","E: Conc. Uncertainty","E: Conc. Uncertainty","1b","1b","E: Conc. Uncertainty","1b","1b","1b","1b","E: Conc. Uncertainty","E: Conc. Uncertainty","1b","1b","1b","1b","1b","1b","1b","1b"
"2024-12-18 09:00:00","PM2.5",0,0,0,42.9898,753.1822,16.4654,16.2333,0,0,0.8894,0,19.05914361,0,0,NA,0,0,0,0,0,1.132180635,0,0,0,NA,0,0,0,0,0,0,0,0,NA,0,0,0,0,0,0,"1b","1b","1b","1b","1b","1b","1b","1b","1b","1b","1b","1b","1b","1b","E: Conc. Uncertainty","1b","1b","1b","1b","1b","1b","1b","1b","1b","E: Conc. Uncertainty","1b","1b","1b","1b","1b","1b","1b","1b","E: Conc. Uncertainty","1b","1b","1b","1b","1b","1b"
"2024-12-18 10:00:00","PM10",0,0,0,86.7263,1546.002,36.7139,44.3733,NA,0,1.2188,0,51.01403377,0,0,1.150005597,NA,0,0,NA,0,3.114183365,NA,0,0,0,0,0,0,0,0,NA,0,NA,0,0,0,0,0,0,0,"1b","1b","1b","1b","1b","1b","1b","E: Conc. Uncertainty","1b","1b","1b","1b","1b","1b","1b","E: Conc. Uncertainty","1b","1b","E: Conc. Uncertainty","1b","1b","E: Conc. Uncertainty","1b","1b","1b","1b","1b","1b","1b","1b","E: Conc. Uncertainty","1b","E: Conc. Uncertainty","1b","1b","1b","1b","1b","1b","1b"
"2024-12-18 11:00:00","PM2.5",0,0,0,74.62,1190.779,32.2183,27.7838,0,0,1.0406,0,23.00753439,0,0,NA,NA,0,0,NA,0,1.588567245,NA,0,0,0,0,0,0,0,NA,NA,NA,0,0,0,NA,0,0,0,0,"1b","1b","1b","1b","1b","1b","1b","1b","1b","1b","1b","1b","1b","1b","E: Conc. Uncertainty","E: Conc. Uncertainty","1b","1b","E: Conc. Uncertainty","1b","1b","E: Conc. Uncertainty","1b","1b","1b","1b","1b","1b","1b","E: Conc. Uncertainty","E: Conc. Uncertainty","E: Conc. Uncertainty","1b","1b","1b","E: Conc. Uncertainty","1b","1b","1b","1b"
"2024-12-18 12:00:00","PM10",0,0,0,115.4881,1705.9583,50.3189,54.5842,1.3784,0,NA,0,63.92897441,0,0,1.393400628,1.626289734,0,0,NA,NA,2.929421691,NA,0,0,0,0,0,0,0,0,NA,NA,NA,0,0,0,0,0,0,0,"1b","1b","1b","1b","1b","1b","1b","1b","1b","E: Conc. Uncertainty","1b","1b","1b","1b","1b","1b","1b","1b","E: Conc. Uncertainty","E: Conc. Uncertainty","1b","E: Conc. Uncertainty","1b","1b","1b","1b","1b","1b","1b","1b","E: Conc. Uncertainty","E: Conc. Uncertainty","E: Conc. Uncertainty","1b","1b","1b","1b","1b","1b","1b"
"2024-12-18 13:00:00","PM2.5",0,0,0,97.0473,1698.3687,52.6367,37.132,0,0,1.0392,0,22.5460705,0,0,NA,2.77566509,0,0,2.857948014,0,44.2446513,NA,0,0,0,NA,0,0,0,0,NA,NA,0,0,0,0,0,0,6.336344677,0,"1b","1b","1b","1b","1b","1b","1b","1b","1b","1b","1b","1b","1b","1b","E: Conc. Uncertainty","1b","1b","1b","1b","1b","1b","E: Conc. Uncertainty","1b","1b","1b","E: Conc. Uncertainty","1b","1b","1b","1b","E: Conc. Uncertainty","E: Conc. Uncertainty","1b","1b","1b","1b","1b","1b","1b","1b"
"2024-12-18 14:00:00","PM10",NA,0,0,153.3738,3029.6431,79.6588,90.8052,1.9436,0,1.4879,0,90.75153452,0,NA,2.370575841,9.79936685,0,0,2.609340486,0,28.197274,NA,0,0,0,0,0,0,0,0,NA,NA,NA,0,0,0,0,0,18.4023962,0,"E: Conc. Uncertainty","1b","1b","1b","1b","1b","1b","1b","1b","1b","1b","1b","1b","E: Conc. Uncertainty","1b","1b","1b","1b","1b","1b","1b","E: Conc. Uncertainty","1b","1b","1b","1b","1b","1b","1b","1b","E: Conc. Uncertainty","E: Conc. Uncertainty","E: Conc. Uncertainty","1b","1b","1b","1b","1b","1b","1b"
"2024-12-18 15:00:00","PM2.5",0,0,0,99.598,1410.3467,40.3534,34.0543,0,0,0.7766,0,48.71052685,0,NA,2.54392799,3.314737592,0,0,NA,0,2.211981286,NA,0,NA,0,0,0,0,0,0,NA,NA,NA,0,0,0,0,0,2.551413751,0,"1b","1b","1b","1b","1b","1b","1b","1b","1b","1b","1b","1b","1b","E: Conc. Uncertainty","1b","1b","1b","1b","E: Conc. Uncertainty","1b","1b","E: Conc. Uncertainty","1b","E: Conc. Uncertainty","1b","1b","1b","1b","1b","1b","E: Conc. Uncertainty","E: Conc. Uncertainty","E: Conc. Uncertainty","1b","1b","1b","1b","1b","1b","1b"
"2024-12-18 16:00:00","PM10",0,0,0,151.9932,1997.2578,72.8337,70.8597,NA,0,1.4249,0,131.5059058,0,0,3.937411616,12.42136266,0,0,NA,0,4.741812744,NA,NA,0,0,0,NA,NA,0,0,0,NA,NA,0,0,0,0,0,5.499567619,0,"1b","1b","1b","1b","1b","1b","1b","E: Conc. Uncertainty","1b","1b","1b","1b","1b","1b","1b","1b","1b","1b","E: Conc. Uncertainty","1b","1b","E: Conc. Uncertainty","E: Conc. Uncertainty","1b","1b","1b","E: Conc. Uncertainty","E: Conc. Uncertainty","1b","1b","1b","E: Conc. Uncertainty","E: Conc. Uncertainty","1b","1b","1b","1b","1b","1b","1b"
"2024-12-18 17:00:00","PM2.5",0,0,0,86.4066,748.7322,44.3137,24.3218,NA,0,0.8698,0,37.91822134,0,0,1.588953298,4.832411414,0,0,1.051110385,NA,2.953420967,NA,NA,0,0,0,NA,0,0,0,0,0,0,0,0,0,0,0,0,0,"1b","1b","1b","1b","1b","1b","1b","E: Conc. Uncertainty","1b","1b","1b","1b","1b","1b","1b","1b","1b","1b","1b","E: Conc. Uncertainty","1b","E: Conc. Uncertainty","E: Conc. Uncertainty","1b","1b","1b","E: Conc. Uncertainty","1b","1b","1b","1b","1b","1b","1b","1b","1b","1b","1b","1b","1b"
"2024-12-18 18:00:00","PM10",0,0,0,74.4725,676.3745,64.5429,29.1854,NA,0,1.078,0,53.89795815,0,NA,2.014385562,2.911539988,0,0,NA,0,2.851901967,NA,0,0,0,0,0,0,0,0,NA,0,NA,0,0,0,0,0,0,0,"1b","1b","1b","1b","1b","1b","1b","E: Conc. Uncertainty","1b","1b","1b","1b","1b","E: Conc. Uncertainty","1b","1b","1b","1b","E: Conc. Uncertainty","1b","1b","E: Conc. Uncertainty","1b","1b","1b","1b","1b","1b","1b","1b","E: Conc. Uncertainty","1b","E: Conc. Uncertainty","1b","1b","1b","1b","1b","1b","1b"
"2024-12-18 19:00:00","PM2.5",0,0,0,53.7215,64.9131,42.7195,43.0044,0,0,1.1608,0,37.75668798,0,0,1.67773525,3.260576571,0,0,NA,0,1.04967629,0,0,0,0,0,0,0,0,0,NA,0,NA,0,0,0,0,0,0,0,"1b","1b","1b","1b","1b","1b","1b","1b","1b","1b","1b","1b","1b","1b","1b","1b","1b","1b","E: Conc. Uncertainty","1b","1b","1b","1b","1b","1b","1b","1b","1b","1b","1b","E: Conc. Uncertainty","1b","E: Conc. Uncertainty","1b","1b","1b","1b","1b","1b","1b"
"2024-12-18 20:00:00","PM10",0,0,0,57.7972,47.9109,62.9696,20.4142,2.3628,0,1.8109,0,114.0951034,0,0,2.98278616,5.440845228,0,0,1.210320165,0,NA,NA,0,0,0,0,0,0,0,NA,NA,0,0,0,0,0,0,0,0,0,"1b","1b","1b","1b","1b","1b","1b","1b","1b","1b","1b","1b","1b","1b","1b","1b","1b","1b","1b","1b","E: Conc. Uncertainty","E: Conc. Uncertainty","1b","1b","1b","1b","1b","1b","1b","E: Conc. Uncertainty","E: Conc. Uncertainty","1b","1b","1b","1b","1b","1b","1b","1b","1b"
"2024-12-18 21:00:00","PM2.5",0,0,0,33.8837,58.6071,33.1066,4.1582,NA,0,1.1897,0,25.89042154,0,0,1.808745947,2.505921099,0,0,NA,0,0,0,0,0,0,0,NA,0,0,NA,NA,NA,NA,0,0,0,0,0,0,0,"1b","1b","1b","1b","1b","1b","1b","E: Conc. Uncertainty","1b","1b","1b","1b","1b","1b","1b","1b","1b","1b","E: Conc. Uncertainty","1b","1b","1b","1b","1b","1b","1b","E: Conc. Uncertainty","1b","1b","E: Conc. Uncertainty","E: Conc. Uncertainty","E: Conc. Uncertainty","E: Conc. Uncertainty","1b","1b","1b","1b","1b","1b","1b"
"2024-12-18 22:00:00","PM10",0,0,NA,48.5931,147.7327,100.2899,9.5003,NA,0,0.9776,0,37.47508444,0,0,1.320738209,4.837016237,0,0,0.643419607,0,1.122441297,NA,0,0,0,0,0,0,0,0,NA,NA,0,0,0,0,0,0,0,0,"1b","1b","E: Conc. Uncertainty","1b","1b","1b","1b","E: Conc. Uncertainty","1b","1b","1b","1b","1b","1b","1b","1b","1b","1b","1b","1b","1b","E: Conc. Uncertainty","1b","1b","1b","1b","1b","1b","1b","1b","E: Conc. Uncertainty","E: Conc. Uncertainty","1b","1b","1b","1b","1b","1b","1b","1b"
"2024-12-18 23:00:00","PM2.5",0,0,NA,44.3821,60.1407,12.5355,3.4038,0,0,1.7705,0,10.78695148,0,NA,1.177572661,3.414902711,0,0,0.854667019,0,NA,1.991461776,2.202515672,0,0,0,0,NA,0,NA,NA,NA,0,0,0,0,0,0,0,0,"1b","1b","E: Conc. Uncertainty","1b","1b","1b","1b","1b","1b","1b","1b","1b","1b","E: Conc. Uncertainty","1b","1b","1b","1b","1b","1b","E: Conc. Uncertainty","1b","1b","1b","1b","1b","1b","E: Conc. Uncertainty","1b","E: Conc. Uncertainty","E: Conc. Uncertainty","E: Conc. Uncertainty","1b","1b","1b","1b","1b","1b","1b","1b"
"2024-12-19 00:30:00","PM10",0,0,0,76.486,204.421,18.9799,7.6821,0,0,NA,0,12.67923828,0,0,NA,2.259918711,0,0.016257814,NA,0,NA,NA,0,0,0,0,NA,NA,NA,0,NA,NA,NA,0,0,0,0,0,0,0,"1b","1b","1b","1b","1b","1b","1b","1b","1b","E: Conc. Uncertainty","1b","1b","1b","1b","E: Conc. Uncertainty","1b","1b","1b","E: Conc. Uncertainty","1b","E: Conc. Uncertainty","E: Conc. Uncertainty","1b","1b","1b","1b","E: Conc. Uncertainty","E: Conc. Uncertainty","E: Conc. Uncertainty","1b","E: Conc. Uncertainty","E: Conc. Uncertainty","E: Conc. Uncertainty","1b","1b","1b","1b","1b","1b","1b"
"2024-12-19 01:00:00","PM2.5",0,0,NA,105.7756,127.325,12.5471,4.3648,0,0,NA,0,4.921604756,0.003552778,0,3.511426914,11.89691855,0,0,1.694410229,0,1.207343764,0,0,0,0,0,0,0,0,0,NA,0,0,0,0,0,0,0,2.774352814,0,"1b","1b","E: Conc. Uncertainty","1b","1b","1b","1b","1b","1b","E: Conc. Uncertainty","1b","1b","1b","1b","1b","1b","1b","1b","1b","1b","1b","1b","1b","1b","1b","1b","1b","1b","1b","1b","E: Conc. Uncertainty","1b","1b","1b","1b","1b","1b","1b","1b","1b"
"2024-12-19 02:00:00","PM10",0,0,0,186.5646,484.9264,32.3357,14.0089,0,0,1.0134,0,8.572532058,0,0,NA,1.343283126,0,0,NA,0,NA,NA,0,0,0,0,NA,0,0,0,0,0,0,0,0,0,0,0,0,0,"1b","1b","1b","1b","1b","1b","1b","1b","1b","1b","1b","1b","1b","1b","E: Conc. Uncertainty","1b","1b","1b","E: Conc. Uncertainty","1b","E: Conc. Uncertainty","E: Conc. Uncertainty","1b","1b","1b","1b","E: Conc. Uncertainty","1b","1b","1b","1b","1b","1b","1b","1b","1b","1b","1b","1b","1b"
"2024-12-19 03:00:00","PM2.5",0,0,0,123.7116,217.3659,6.6667,4.7138,0,0,0.8911,0,1.789579647,NA,0,0,NA,0,0,0,0,NA,0,0,0,0,0,NA,0,0,0,NA,NA,0,0,0,0,0,0,0,0,"1b","1b","1b","1b","1b","1b","1b","1b","1b","1b","1b","1b","E: Conc. Uncertainty","1b","1b","E: Conc. Uncertainty","1b","1b","1b","1b","E: Conc. Uncertainty","1b","1b","1b","1b","1b","E: Conc. Uncertainty","1b","1b","1b","E: Conc. Uncertainty","E: Conc. Uncertainty","1b","1b","1b","1b","1b","1b","1b","1b"
"2024-12-19 04:00:00","PM10",0,0,0,67.0181,528.8672,17.9705,12.2738,0,0,0.9377,0,5.178622676,0,NA,NA,1.713727446,0,0,NA,0,NA,0,0,0,0,0,0,0,0,NA,0,NA,0,0,0,0,0,0,0,0,"1b","1b","1b","1b","1b","1b","1b","1b","1b","1b","1b","1b","1b","E: Conc. Uncertainty","E: Conc. Uncertainty","1b","1b","1b","E: Conc. Uncertainty","1b","E: Conc. Uncertainty","1b","1b","1b","1b","1b","1b","1b","1b","E: Conc. Uncertainty","1b","E: Conc. Uncertainty","1b","1b","1b","1b","1b","1b","1b","1b"
"2024-12-19 05:00:00","PM2.5",0,0,NA,69.4245,168.6296,4.9181,2.6622,0,0,1.0665,0,5.875035617,0,0,NA,1.266170066,0,0,0,0,0,NA,0,0,0,NA,NA,NA,0,0,0,0,0,NA,0,0,NA,0,0,0,"1b","1b","E: Conc. Uncertainty","1b","1b","1b","1b","1b","1b","1b","1b","1b","1b","1b","E: Conc. Uncertainty","1b","1b","1b","1b","1b","1b","E: Conc. Uncertainty","1b","1b","1b","E: Conc. Uncertainty","E: Conc. Uncertainty","E: Conc. Uncertainty","1b","1b","1b","1b","1b","E: Conc. Uncertainty","1b","1b","E: Conc. Uncertainty","1b","1b","1b"
"2024-12-19 06:00:00","PM10",0,0,0,75.3214,691.0996,26.4544,17.512,0,0,0.8205,0,42.16785053,0,0,1.546547127,4.333726823,0,0,NA,0,1.173874992,NA,0,NA,0,0,0,0,0,0,NA,0,NA,0,0,0,0,0,0,0,"1b","1b","1b","1b","1b","1b","1b","1b","1b","1b","1b","1b","1b","1b","1b","1b","1b","1b","E: Conc. Uncertainty","1b","1b","E: Conc. Uncertainty","1b","E: Conc. Uncertainty","1b","1b","1b","1b","1b","1b","E: Conc. Uncertainty","1b","E: Conc. Uncertainty","1b","1b","1b","1b","1b","1b","1b"
"2024-12-19 07:00:00","PM2.5",0,0,0,58.6758,161.8096,12.0222,5.9938,NA,0,NA,0,36.89313466,0,NA,2.851759561,11.22082994,0,0,NA,NA,NA,0,NA,0,0,0,NA,NA,0,0,NA,NA,0,0,NA,0,0,0,0,0,"1b","1b","1b","1b","1b","1b","1b","E: Conc. Uncertainty","1b","E: Conc. Uncertainty","1b","1b","1b","E: Conc. Uncertainty","1b","1b","1b","1b","E: Conc. Uncertainty","E: Conc. Uncertainty","E: Conc. Uncertainty","1b","E: Conc. Uncertainty","1b","1b","1b","E: Conc. Uncertainty","E: Conc. Uncertainty","1b","1b","E: Conc. Uncertainty","E: Conc. Uncertainty","1b","1b","E: Conc. Uncertainty","1b","1b","1b","1b","1b"
"2024-12-19 08:00:00","PM10",0,0,0,96.7196,1030.2071,41.0429,38.8233,1.6722,0,1.7241,NA,120.0263576,0,0,3.60643776,38.4047871,0,0,1.416887161,NA,2.095884556,NA,NA,0,0,0,0,0,NA,0,0,0,NA,0,0,0,0,0,0,0,"1b","1b","1b","1b","1b","1b","1b","1b","1b","1b","E: Conc. Uncertainty","1b","1b","1b","1b","1b","1b","1b","1b","E: Conc. Uncertainty","1b","E: Conc. Uncertainty","E: Conc. Uncertainty","1b","1b","1b","1b","1b","E: Conc. Uncertainty","1b","1b","1b","E: Conc. Uncertainty","1b","1b","1b","1b","1b","1b","1b"
"2024-12-19 09:00:00","PM2.5",0,0,0,68.5688,484.2332,28.8265,19.6072,NA,0,1.806,2.0439,299.9936907,0,NA,6.140595107,56.23906053,0,0,2.51917206,0,NA,NA,0,0,0,0,0,0,0,NA,0,NA,NA,0,0,0,0,0,9.339530671,0,"1b","1b","1b","1b","1b","1b","1b","E: Conc. Uncertainty","1b","1b","1b","1b","1b","E: Conc. Uncertainty","1b","1b","1b","1b","1b","1b","E: Conc. Uncertainty","E: Conc. Uncertainty","1b","1b","1b","1b","1b","1b","1b","E: Conc. Uncertainty","1b","E: Conc. Uncertainty","E: Conc. Uncertainty","1b","1b","1b","1b","1b","1b","1b"
"2024-12-19 10:00:00","PM10",0,0,0,81.6661,1046.1549,38.6362,58.5532,2.5776,0,1.0984,NA,159.2519381,0,NA,4.663753637,7.206391031,0,0,2.135613567,0,1.808940525,NA,0,0,0,0,0,0,0,0,0,NA,2.6347,0,0,0,0,0,2.045994669,0,"1b","1b","1b","1b","1b","1b","1b","1b","1b","1b","E: Conc. Uncertainty","1b","1b","E: Conc. Uncertainty","1b","1b","1b","1b","1b","1b","1b","E: Conc. Uncertainty","1b","1b","1b","1b","1b","1b","1b","1b","1b","E: Conc. Uncertainty","1b","1b","1b","1b","1b","1b","1b","1b"
"2024-12-19 11:00:00","PM2.5",NA,0,0,49.9477,315.2849,20.3222,8.1772,0,0,1.2146,0,71.52744572,0,0,2.517443279,8.038363015,0,0,1.553071887,0,0.831229162,NA,0,0,0,0,NA,0,0,0,NA,0,NA,0,0,0,0,0,3.500457429,0,"E: Conc. Uncertainty","1b","1b","1b","1b","1b","1b","1b","1b","1b","1b","1b","1b","1b","1b","1b","1b","1b","1b","1b","1b","E: Conc. Uncertainty","1b","1b","1b","1b","E: Conc. Uncertainty","1b","1b","1b","E: Conc. Uncertainty","1b","E: Conc. Uncertainty","1b","1b","1b","1b","1b","1b","1b"
"2024-12-19 12:00:00","PM10",0,0,0,77.9318,784.5166,35.9136,43.0898,1.2946,0,1.6163,0,82.887601,0,0.011021106,2.317098488,13.97186209,0,0,1.471566971,0,1.872417723,NA,NA,0,0,NA,0,0,0,NA,0,0,NA,0,0,0,0,0,6.550414182,0,"1b","1b","1b","1b","1b","1b","1b","1b","1b","1b","1b","1b","1b","1b","1b","1b","1b","1b","1b","1b","1b","E: Conc. Uncertainty","E: Conc. Uncertainty","1b","1b","E: Conc. Uncertainty","1b","1b","1b","E: Conc. Uncertainty","1b","1b","E: Conc. Uncertainty","1b","1b","1b","1b","1b","1b","1b"
"2024-12-19 13:00:00","PM2.5",0,0,0,74.6711,693.5035,25.5429,19.4269,NA,0,1.2069,0,36.68367264,0,0,1.305608713,7.794055375,0,0,1.39471702,0,1.071528909,NA,0,0,0,0,0,0,0,0,0,0,0,NA,0,0,0,0,6.696121743,0,"1b","1b","1b","1b","1b","1b","1b","E: Conc. Uncertainty","1b","1b","1b","1b","1b","1b","1b","1b","1b","1b","1b","1b","1b","E: Conc. Uncertainty","1b","1b","1b","1b","1b","1b","1b","1b","1b","1b","1b","E: Conc. Uncertainty","1b","1b","1b","1b","1b","1b"
"2024-12-19 14:00:00","PM10",0,0,0,117.1135,2071.6482,53.1991,61.5206,NA,0,1.2376,NA,80.29379722,0,NA,2.496568717,4.106390128,0,0,0.794306311,NA,4.445374387,NA,0,0,0,0,NA,0,0,NA,0,0,0,0,0,0,0,0,4.362779237,0,"1b","1b","1b","1b","1b","1b","1b","E: Conc. Uncertainty","1b","1b","E: Conc. Uncertainty","1b","1b","E: Conc. Uncertainty","1b","1b","1b","1b","1b","E: Conc. Uncertainty","1b","E: Conc. Uncertainty","1b","1b","1b","1b","E: Conc. Uncertainty","1b","1b","E: Conc. Uncertainty","1b","1b","1b","1b","1b","1b","1b","1b","1b","1b"
"2024-12-19 15:00:00","PM2.5",0,0,0,75.9979,876.5228,32.6312,26.318,NA,0,1.6711,0,63.5101158,0,0,1.692720502,47.02142529,0,0,1.868101821,0,1.643034229,NA,0,NA,0,0,0,0,0,0,NA,0,0,0,0,0,0,0,0,0,"1b","1b","1b","1b","1b","1b","1b","E: Conc. Uncertainty","1b","1b","1b","1b","1b","1b","1b","1b","1b","1b","1b","1b","1b","E: Conc. Uncertainty","1b","E: Conc. Uncertainty","1b","1b","1b","1b","1b","1b","E: Conc. Uncertainty","1b","1b","1b","1b","1b","1b","1b","1b","1b"
"2024-12-19 16:00:00","PM10",0,0,0,139.2673,2333.3694,79.8154,65.1026,NA,0,0.9059,0,74.89021183,0,0,2.311739281,5.875440886,0,0,NA,0,4.215937124,NA,NA,0,0,0,0,0,0,0,0,0,NA,0,0,0,0,0,0,0,"1b","1b","1b","1b","1b","1b","1b","E: Conc. Uncertainty","1b","1b","1b","1b","1b","1b","1b","1b","1b","1b","E: Conc. Uncertainty","1b","1b","E: Conc. Uncertainty","E: Conc. Uncertainty","1b","1b","1b","1b","1b","1b","1b","1b","1b","E: Conc. Uncertainty","1b","1b","1b","1b","1b","1b","1b"
"2024-12-19 17:00:00","PM2.5",0,0,0,98.8014,1612.1993,49.3584,39.2173,NA,NA,1.089,0,48.85512554,0,0,1.596081065,5.443332112,0,NA,1.748473935,0,3.13827168,NA,NA,0,0,NA,0,0,0,0,0,0,0,0,0,0,0,0,1.145861311,0,"1b","1b","1b","1b","1b","1b","1b","E: Conc. Uncertainty","E: Conc. Uncertainty","1b","1b","1b","1b","1b","1b","1b","1b","E: Conc. Uncertainty","1b","1b","1b","E: Conc. Uncertainty","E: Conc. Uncertainty","1b","1b","E: Conc. Uncertainty","1b","1b","1b","1b","1b","1b","1b","1b","1b","1b","1b","1b","1b","1b"
"2024-12-19 18:00:00","PM10",0,0,NA,187.1503,3773.9705,94.0379,94.0841,1.341,0,0.9069,0,105.5266477,0,0,3.163527258,6.203112286,0,0,1.019456876,0,6.425406835,1.490368186,NA,0,0,0,0.1068,NA,0,0,0,0,NA,0,0,0,0,0,2.838486574,0,"1b","1b","E: Conc. Uncertainty","1b","1b","1b","1b","1b","1b","1b","1b","1b","1b","1b","1b","1b","1b","1b","1b","1b","1b","1b","E: Conc. Uncertainty","1b","1b","1b","1b","E: Conc. Uncertainty","1b","1b","1b","1b","E: Conc. Uncertainty","1b","1b","1b","1b","1b","1b","1b"
"2024-12-19 19:00:00","PM2.5",0,0,0,107.6763,1734.1995,60.6269,38.4242,NA,0,1.5215,0,46.19961362,NA,NA,1.364260295,11.61169293,0,0.006080325,1.29034062,0,1.655485511,NA,0,0,0,0,NA,0,0,0,NA,0,NA,0,0,0,0,0,NA,0,"1b","1b","1b","1b","1b","1b","1b","E: Conc. Uncertainty","1b","1b","1b","1b","E: Conc. Uncertainty","E: Conc. Uncertainty","1b","1b","1b","1b","1b","1b","1b","E: Conc. Uncertainty","1b","1b","1b","1b","E: Conc. Uncertainty","1b","1b","1b","E: Conc. Uncertainty","1b","E: Conc. Uncertainty","1b","1b","1b","1b","1b","E: Conc. Uncertainty","1b"
"2024-12-19 20:00:00","PM10",NA,0,NA,158.1096,2218.3571,72.6742,53.4538,NA,0,NA,0,77.82510053,0,0,2.668969811,3.911289829,0,0,0.813149354,0,3.826417097,NA,0,0,0,0,NA,0,0,0,0,0,NA,0,0.0011,0,0,0,0,0,"E: Conc. Uncertainty","1b","E: Conc. Uncertainty","1b","1b","1b","1b","E: Conc. Uncertainty","1b","E: Conc. Uncertainty","1b","1b","1b","1b","1b","1b","1b","1b","1b","1b","1b","E: Conc. Uncertainty","1b","1b","1b","1b","E: Conc. Uncertainty","1b","1b","1b","1b","1b","E: Conc. Uncertainty","1b","1b","1b","1b","1b","1b","1b"
"2024-12-19 21:00:00","PM2.5",0,0,0,99.0266,918.5289,39.5061,19.9039,NA,0,0.8427,0,37.82828087,0,NA,2.463027811,2.180992711,0,0,NA,0,1.338949061,0,0,0,0,0,0,0,0,0,NA,NA,0,0,0,0,0,0,0,0,"1b","1b","1b","1b","1b","1b","1b","E: Conc. Uncertainty","1b","1b","1b","1b","1b","E: Conc. Uncertainty","1b","1b","1b","1b","E: Conc. Uncertainty","1b","1b","1b","1b","1b","1b","1b","1b","1b","1b","1b","E: Conc. Uncertainty","E: Conc. Uncertainty","1b","1b","1b","1b","1b","1b","1b","1b"
"2024-12-19 22:00:00","PM10",0,0,0,142.7897,2082.0766,72.5004,54.3441,NA,0,1.6552,0,108.4749402,0,0,4.416781153,3.047097135,0,0,NA,0,3.938380909,NA,NA,NA,0,NA,NA,NA,0,0,0,0,NA,0,0,0,0,0,0,0,"1b","1b","1b","1b","1b","1b","1b","E: Conc. Uncertainty","1b","1b","1b","1b","1b","1b","1b","1b","1b","1b","E: Conc. Uncertainty","1b","1b","E: Conc. Uncertainty","E: Conc. Uncertainty","E: Conc. Uncertainty","1b","E: Conc. Uncertainty","E: Conc. Uncertainty","E: Conc. Uncertainty","1b","1b","1b","1b","E: Conc. Uncertainty","1b","1b","1b","1b","1b","1b","1b"
"2024-12-19 23:00:00","PM2.5",0,0,NA,103.986,1067.1927,55.734,23.1791,NA,0,1.2852,0,56.95157318,0,NA,2.135002849,3.704351189,0,0,NA,0,2.416395311,NA,NA,0,0,0,NA,NA,0,0,NA,NA,0.0389,0,NA,0,0,0,0,0,"1b","1b","E: Conc. Uncertainty","1b","1b","1b","1b","E: Conc. Uncertainty","1b","1b","1b","1b","1b","E: Conc. Uncertainty","1b","1b","1b","1b","E: Conc. Uncertainty","1b","1b","E: Conc. Uncertainty","E: Conc. Uncertainty","1b","1b","1b","E: Conc. Uncertainty","E: Conc. Uncertainty","1b","1b","E: Conc. Uncertainty","E: Conc. Uncertainty","1b","1b","E: Conc. Uncertainty","1b","1b","1b","1b","1b"
"2024-12-20 00:30:00","PM10",0,0,NA,171.4512,2528.2451,70.9567,52.6952,0,0,1.5018,0,42.32202371,0,0,NA,1.743491958,0,NA,0,0,4.236818106,NA,NA,0,0,0,0,NA,0,0,0,NA,0,0,0,0,0,0,0,0,"1b","1b","E: Conc. Uncertainty","1b","1b","1b","1b","1b","1b","1b","1b","1b","1b","1b","E: Conc. Uncertainty","1b","1b","E: Conc. Uncertainty","1b","1b","1b","E: Conc. Uncertainty","E: Conc. Uncertainty","1b","1b","1b","1b","E: Conc. Uncertainty","1b","1b","1b","E: Conc. Uncertainty","1b","1b","1b","1b","1b","1b","1b","1b"
"2024-12-20 01:00:00","PM2.5",0,0,0,91.6135,992.3783,37.6553,21.5005,0,0,0.9771,0,13.65230046,0,0,NA,1.028983442,0,0,NA,0,1.344320853,NA,NA,0,0,0,NA,0,0,0,NA,0,0,0,0,0,0,0,0,0,"1b","1b","1b","1b","1b","1b","1b","1b","1b","1b","1b","1b","1b","1b","E: Conc. Uncertainty","1b","1b","1b","E: Conc. Uncertainty","1b","1b","E: Conc. Uncertainty","E: Conc. Uncertainty","1b","1b","1b","E: Conc. Uncertainty","1b","1b","1b","E: Conc. Uncertainty","1b","1b","1b","1b","1b","1b","1b","1b","1b"
"2024-12-20 02:00:00","PM10",0,0,0,170.8734,2752.1592,70.239,71.6348,0,0,0.7499,0,23.011218,0,0,NA,0.91300453,0,0,NA,0.006046725,4.337374663,NA,0,0,0,0,0,NA,0,0,NA,0,0,0,0,0,0,NA,0,0,"1b","1b","1b","1b","1b","1b","1b","1b","1b","1b","1b","1b","1b","1b","E: Conc. Uncertainty","1b","1b","1b","E: Conc. Uncertainty","1b","1b","E: Conc. Uncertainty","1b","1b","1b","1b","1b","E: Conc. Uncertainty","1b","1b","E: Conc. Uncertainty","1b","1b","1b","1b","1b","1b","E: Conc. Uncertainty","1b","1b"
"2024-12-20 03:00:00","PM2.5",NA,0,0,105.3895,1248.0881,39.5038,32.2503,0,0,1.0914,0,11.17416702,0,0,NA,0.881032342,0,0,NA,0,2.027508091,NA,0,0,0,0,0,0,0,0,NA,NA,NA,0,0,0,0,0,0,0,"E: Conc. Uncertainty","1b","1b","1b","1b","1b","1b","1b","1b","1b","1b","1b","1b","1b","E: Conc. Uncertainty","1b","1b","1b","E: Conc. Uncertainty","1b","1b","E: Conc. Uncertainty","1b","1b","1b","1b","1b","1b","1b","1b","E: Conc. Uncertainty","E: Conc. Uncertainty","E: Conc. Uncertainty","1b","1b","1b","1b","1b","1b","1b"
"2024-12-20 04:00:00","PM10",0,0,0,198.9688,3156.864,84.4065,83.1194,NA,0,1.2257,0,24.75780224,0,0,NA,1.285503365,0,0,NA,0,4.42340315,NA,0,0,0,0,NA,0,0,0,0,0,NA,0,0,0,0,0,0,0,"1b","1b","1b","1b","1b","1b","1b","E: Conc. Uncertainty","1b","1b","1b","1b","1b","1b","E: Conc. Uncertainty","1b","1b","1b","E: Conc. Uncertainty","1b","1b","E: Conc. Uncertainty","1b","1b","1b","1b","E: Conc. Uncertainty","1b","1b","1b","1b","1b","E: Conc. Uncertainty","1b","1b","1b","1b","1b","1b","1b"
"2024-12-20 05:00:00","PM2.5",0,0,0,89.6213,1128.3606,42.7391,26.2378,0,0,1.2304,0,12.4626421,0,0,NA,NA,0,0,NA,0,2.151587253,NA,NA,0,0,0,0,0,0,0,0,NA,0,0,0,0,0,0,0,0,"1b","1b","1b","1b","1b","1b","1b","1b","1b","1b","1b","1b","1b","1b","E: Conc. Uncertainty","E: Conc. Uncertainty","1b","1b","E: Conc. Uncertainty","1b","1b","E: Conc. Uncertainty","E: Conc. Uncertainty","1b","1b","1b","1b","1b","1b","1b","1b","E: Conc. Uncertainty","1b","1b","1b","1b","1b","1b","1b","1b"
"2024-12-20 06:00:00","PM10",0,0,0,152.3839,2667.3632,67.9695,62.1404,0,0,1.2587,0,50.95047359,0,NA,1.485670102,1.394115433,0,0,0,0,3.760415501,2.462575414,NA,0,0,0,0,0,0,NA,NA,0,0,0,0,0,0,0,0,0,"1b","1b","1b","1b","1b","1b","1b","1b","1b","1b","1b","1b","1b","E: Conc. Uncertainty","1b","1b","1b","1b","1b","1b","1b","1b","E: Conc. Uncertainty","1b","1b","1b","1b","1b","1b","E: Conc. Uncertainty","E: Conc. Uncertainty","1b","1b","1b","1b","1b","1b","1b","1b","1b"
"2024-12-20 07:00:00","PM2.5",0,0,0,80.6637,824.5951,46.4512,24.0258,0,0,1.4625,0,44.30936006,NA,NA,0.954420592,1.777362906,0,0,NA,0,1.71448774,NA,0,0,NA,0,0,0,0,0,NA,NA,0,NA,0,0,0,0,0,0,"1b","1b","1b","1b","1b","1b","1b","1b","1b","1b","1b","1b","E: Conc. Uncertainty","E: Conc. Uncertainty","1b","1b","1b","1b","E: Conc. Uncertainty","1b","1b","E: Conc. Uncertainty","1b","1b","E: Conc. Uncertainty","1b","1b","1b","1b","1b","E: Conc. Uncertainty","E: Conc. Uncertainty","1b","E: Conc. Uncertainty","1b","1b","1b","1b","1b","1b"
"2024-12-20 08:00:00","PM10",0,0,0,145.4268,2046.7437,80.848,162.4275,0,0,1.1938,0,148.5746415,0,NA,4.120665968,3.498000265,0,0,0.959872994,0,2.481768316,NA,NA,0,0,0,0,0,0,0,0,0,NA,0,0,0,0,0,0,0,"1b","1b","1b","1b","1b","1b","1b","1b","1b","1b","1b","1b","1b","E: Conc. Uncertainty","1b","1b","1b","1b","1b","1b","1b","E: Conc. Uncertainty","E: Conc. Uncertainty","1b","1b","1b","1b","1b","1b","1b","1b","1b","E: Conc. Uncertainty","1b","1b","1b","1b","1b","1b","1b"
"2024-12-20 09:00:00","PM2.5",0,0,0,92.3983,864.1293,32.4904,25.4963,NA,0,1.1506,0,43.95475182,0,NA,1.154557976,5.630750395,0,0,6.291241137,0,1.775075244,NA,0,0,0,0,0,0,0,0,NA,NA,0,0,0,0,0,0,0,0,"1b","1b","1b","1b","1b","1b","1b","E: Conc. Uncertainty","1b","1b","1b","1b","1b","E: Conc. Uncertainty","1b","1b","1b","1b","1b","1b","1b","E: Conc. Uncertainty","1b","1b","1b","1b","1b","1b","1b","1b","E: Conc. Uncertainty","E: Conc. Uncertainty","1b","1b","1b","1b","1b","1b","1b","1b"
"2024-12-20 10:00:00","PM10",0,0,0,171.8775,1966.1494,70.7034,74.2715,0,0,1.5012,NA,97.30636474,0,NA,2.910276644,18.81073789,0,0,0.873377251,0,3.666693819,NA,0,0,0,0,0,NA,0,NA,NA,NA,NA,0,0,0,0,0,NA,0,"1b","1b","1b","1b","1b","1b","1b","1b","1b","1b","E: Conc. Uncertainty","1b","1b","E: Conc. Uncertainty","1b","1b","1b","1b","1b","1b","1b","E: Conc. Uncertainty","1b","1b","1b","1b","1b","E: Conc. Uncertainty","1b","E: Conc. Uncertainty","E: Conc. Uncertainty","E: Conc. Uncertainty","E: Conc. Uncertainty","1b","1b","1b","1b","1b","E: Conc. Uncertainty","1b"
"2024-12-20 11:00:00","PM2.5",NA,0,0,166.4977,727.6567,37.6065,32.6284,NA,0,0.7115,0,43.00953795,0,NA,1.550425039,10.97634833,0,0,2.011744489,NA,1.843477996,NA,NA,0,0,0,NA,0,NA,0,NA,NA,0,0,0,0,0,0,0,0,"E: Conc. Uncertainty","1b","1b","1b","1b","1b","1b","E: Conc. Uncertainty","1b","1b","1b","1b","1b","E: Conc. Uncertainty","1b","1b","1b","1b","1b","E: Conc. Uncertainty","1b","E: Conc. Uncertainty","E: Conc. Uncertainty","1b","1b","1b","E: Conc. Uncertainty","1b","E: Conc. Uncertainty","1b","E: Conc. Uncertainty","E: Conc. Uncertainty","1b","1b","1b","1b","1b","1b","1b","1b"
"2024-12-20 12:00:00","PM10",0,0,0,218.6412,1588.0637,69.0546,87.7786,NA,0,1.5863,NA,117.5299194,0,NA,3.421364895,12.45624033,0,0,1.289933241,0,3.265794187,NA,NA,0,0,0,0,0,0,0,0,NA,NA,0,0,0,0,0,1.286055931,0,"1b","1b","1b","1b","1b","1b","1b","E: Conc. Uncertainty","1b","1b","E: Conc. Uncertainty","1b","1b","E: Conc. Uncertainty","1b","1b","1b","1b","1b","1b","1b","E: Conc. Uncertainty","E: Conc. Uncertainty","1b","1b","1b","1b","1b","1b","1b","1b","E: Conc. Uncertainty","E: Conc. Uncertainty","1b","1b","1b","1b","1b","1b","1b"
"2024-12-20 13:00:00","PM2.5",0,0,0,135.2792,516.5048,44.4693,26.5939,0,NA,1.6553,0,52.8163284,0,0,2.013256015,6.803367414,0,0,1.125062312,0,0.971890737,1.421201485,0,NA,0,0,0,NA,0,0,NA,0,0,0,0,0,0,0,NA,0,"1b","1b","1b","1b","1b","1b","1b","1b","E: Conc. Uncertainty","1b","1b","1b","1b","1b","1b","1b","1b","1b","1b","1b","1b","1b","1b","E: Conc. Uncertainty","1b","1b","1b","E: Conc. Uncertainty","1b","1b","E: Conc. Uncertainty","1b","1b","1b","1b","1b","1b","1b","E: Conc. Uncertainty","1b"
"2024-12-20 14:00:00","PM10",0,0,0,138.0056,917.2202,57.1463,55.6001,1.1053,0,1.5802,0,115.7444816,NA,0,2.768468294,7.22055097,0,0,2.99051525,0,2.095712527,NA,0,0,0,0,0,0,NA,0.0314,NA,NA,0.0044,0,0,0,0,0,0,0,"1b","1b","1b","1b","1b","1b","1b","1b","1b","1b","1b","1b","E: Conc. Uncertainty","1b","1b","1b","1b","1b","1b","1b","1b","E: Conc. Uncertainty","1b","1b","1b","1b","1b","1b","E: Conc. Uncertainty","1b","E: Conc. Uncertainty","E: Conc. Uncertainty","1b","1b","1b","1b","1b","1b","1b","1b"
"2024-12-20 15:00:00","PM2.5",0,0,0,88.8882,272.3387,31.1361,9.6347,NA,0,1.1465,0,31.10485866,0,0,1.299825931,5.311308367,0,0,1.254303368,0,1.040534625,NA,0,0,0,0,0,0,0,NA,0,NA,0,0,0,0,0,0,0,0,"1b","1b","1b","1b","1b","1b","1b","E: Conc. Uncertainty","1b","1b","1b","1b","1b","1b","1b","1b","1b","1b","1b","1b","1b","E: Conc. Uncertainty","1b","1b","1b","1b","1b","1b","1b","E: Conc. Uncertainty","1b","E: Conc. Uncertainty","1b","1b","1b","1b","1b","1b","1b","1b"
"2024-12-20 16:00:00","PM10",0,0,NA,97.6269,422.0603,32.3154,21.5758,0,0,1.2969,0,78.22684752,0,0,1.675306056,5.32320942,0,0,0.691117257,0,1.199892219,NA,NA,0,0,0,0,0,0,NA,0,NA,NA,0,0,0,0,0,0,0,"1b","1b","E: Conc. Uncertainty","1b","1b","1b","1b","1b","1b","1b","1b","1b","1b","1b","1b","1b","1b","1b","1b","1b","1b","E: Conc. Uncertainty","E: Conc. Uncertainty","1b","1b","1b","1b","1b","1b","E: Conc. Uncertainty","1b","E: Conc. Uncertainty","E: Conc. Uncertainty","1b","1b","1b","1b","1b","1b","1b"
"2024-12-20 17:00:00","PM2.5",0,0,0,90.3499,191.8688,33.534,6.7888,NA,0,1.1038,0,54.11189629,0,0,2.084453482,6.916837824,0,0,1.486222674,0,0.84947636,NA,0,0,0,NA,0,0,0,NA,NA,NA,0,0,0,0,0,0,NA,0,"1b","1b","1b","1b","1b","1b","1b","E: Conc. Uncertainty","1b","1b","1b","1b","1b","1b","1b","1b","1b","1b","1b","1b","1b","E: Conc. Uncertainty","1b","1b","1b","E: Conc. Uncertainty","1b","1b","1b","E: Conc. Uncertainty","E: Conc. Uncertainty","E: Conc. Uncertainty","1b","1b","1b","1b","1b","1b","E: Conc. Uncertainty","1b"
"2024-12-20 18:00:00","PM10",0,0,0,100.3255,692.5127,66.1964,29.7162,0,0,1.6443,NA,271.9931677,0,0.008570906,11.28021676,21.05107975,0,0,3.44599211,0,1.141181016,NA,0,0,0,0,0,0,0,0,NA,NA,4.749,0,0,0,0,0,2.123602017,0,"1b","1b","1b","1b","1b","1b","1b","1b","1b","1b","E: Conc. Uncertainty","1b","1b","1b","1b","1b","1b","1b","1b","1b","1b","E: Conc. Uncertainty","1b","1b","1b","1b","1b","1b","1b","1b","E: Conc. Uncertainty","E: Conc. Uncertainty","1b","1b","1b","1b","1b","1b","1b","1b"
"2024-12-20 19:00:00","PM2.5",0,0,NA,84.3237,406.0302,47.8162,20.1783,0,0,1.275,NA,240.7036167,0.005633001,NA,4.612268554,8.772331188,0,0,1.714292977,0,NA,1.946486492,0,0,0,0,NA,0,0,NA,NA,NA,NA,0,0,0,0,0,2.453548079,0,"1b","1b","E: Conc. Uncertainty","1b","1b","1b","1b","1b","1b","1b","E: Conc. Uncertainty","1b","1b","E: Conc. Uncertainty","1b","1b","1b","1b","1b","1b","E: Conc. Uncertainty","1b","1b","1b","1b","1b","E: Conc. Uncertainty","1b","1b","E: Conc. Uncertainty","E: Conc. Uncertainty","E: Conc. Uncertainty","E: Conc. Uncertainty","1b","1b","1b","1b","1b","1b","1b"
"2024-12-20 20:00:00","PM10",0,0,0,150.6742,1550.6423,93.3804,52.4929,1.3924,0,1.8832,0.8133,344.3499619,0,NA,10.91324689,6.372438342,0,0,1.797498093,NA,3.153551996,NA,NA,0,0,0,0,0,NA,0,NA,0,4.3975,0,0,0,0,0,NA,0,"1b","1b","1b","1b","1b","1b","1b","1b","1b","1b","1b","1b","1b","E: Conc. Uncertainty","1b","1b","1b","1b","1b","E: Conc. Uncertainty","1b","E: Conc. Uncertainty","E: Conc. Uncertainty","1b","1b","1b","1b","1b","E: Conc. Uncertainty","1b","E: Conc. Uncertainty","1b","1b","1b","1b","1b","1b","1b","E: Conc. Uncertainty","1b"
"2024-12-20 21:00:00","PM2.5",0,0,NA,99.8668,504.7996,69.5207,14.811,NA,0,1.1104,NA,128.1789258,0,0,4.514637717,6.407375783,0,0,2.872285923,0,2.570972595,NA,NA,0,0,0,0,NA,0,0,0,0,NA,0,0,0,0,0,0,0,"1b","1b","E: Conc. Uncertainty","1b","1b","1b","1b","E: Conc. Uncertainty","1b","1b","E: Conc. Uncertainty","1b","1b","1b","1b","1b","1b","1b","1b","1b","1b","E: Conc. Uncertainty","E: Conc. Uncertainty","1b","1b","1b","1b","E: Conc. Uncertainty","1b","1b","1b","1b","E: Conc. Uncertainty","1b","1b","1b","1b","1b","1b","1b"
"2024-12-20 22:00:00","PM10",0,0,NA,155.5119,1732.6477,103.423,50.8149,NA,0,1.8108,NA,270.5642095,0,0,5.890025419,5.268886629,0,0,1.824748348,NA,3.793126589,NA,0,0,0,0,0,0,0,0,NA,0,NA,0,0,0,0,0,0,0,"1b","1b","E: Conc. Uncertainty","1b","1b","1b","1b","E: Conc. Uncertainty","1b","1b","E: Conc. Uncertainty","1b","1b","1b","1b","1b","1b","1b","1b","E: Conc. Uncertainty","1b","E: Conc. Uncertainty","1b","1b","1b","1b","1b","1b","1b","1b","E: Conc. Uncertainty","1b","E: Conc. Uncertainty","1b","1b","1b","1b","1b","1b","1b"
"2024-12-20 23:00:00","PM2.5",0,0,0,116.6526,752.6079,52.0309,20.6425,NA,0,1.3079,0,62.61491233,0,0,2.052106734,2.267415502,0,0,1.247715375,NA,2.105463787,NA,NA,0,0,0,0,0,0,0,NA,0,NA,0,NA,0,0,0,0,0,"1b","1b","1b","1b","1b","1b","1b","E: Conc. Uncertainty","1b","1b","1b","1b","1b","1b","1b","1b","1b","1b","1b","E: Conc. Uncertainty","1b","E: Conc. Uncertainty","E: Conc. Uncertainty","1b","1b","1b","1b","1b","1b","1b","E: Conc. Uncertainty","1b","E: Conc. Uncertainty","1b","E: Conc. Uncertainty","1b","1b","1b","1b","1b"
"2024-12-21 00:30:00","PM10",0,0,0,174.9704,2320.2424,89.3024,55.6982,NA,0,1.9701,0,60.15616461,0,0,NA,2.774509398,0,0,NA,0,3.249751594,NA,NA,0,NA,NA,0,0,0,NA,NA,0,0,0,0,0,0,0,0,0,"1b","1b","1b","1b","1b","1b","1b","E: Conc. Uncertainty","1b","1b","1b","1b","1b","1b","E: Conc. Uncertainty","1b","1b","1b","E: Conc. Uncertainty","1b","1b","E: Conc. Uncertainty","E: Conc. Uncertainty","1b","E: Conc. Uncertainty","E: Conc. Uncertainty","1b","1b","1b","E: Conc. Uncertainty","E: Conc. Uncertainty","1b","1b","1b","1b","1b","1b","1b","1b","1b"
"2024-12-21 01:00:00","PM2.5",0,0,0,107.6639,976.4278,55.466,24.5778,NA,0.0034,NA,0,18.97822282,0,NA,NA,0.782971059,0,0,NA,0,1.851487768,NA,NA,0,0,0,0,NA,0,0,NA,0,0,0,NA,NA,0,0,0,0,"1b","1b","1b","1b","1b","1b","1b","E: Conc. Uncertainty","1b","E: Conc. Uncertainty","1b","1b","1b","E: Conc. Uncertainty","E: Conc. Uncertainty","1b","1b","1b","E: Conc. Uncertainty","1b","1b","E: Conc. Uncertainty","E: Conc. Uncertainty","1b","1b","1b","1b","E: Conc. Uncertainty","1b","1b","E: Conc. Uncertainty","1b","1b","1b","E: Conc. Uncertainty","E: Conc. Uncertainty","1b","1b","1b","1b"
"2024-12-21 02:00:00","PM10",0,0,0,208.2321,2863.675,112.318,68.1702,NA,0,1.1696,0,21.40513593,0,0.011211949,0.887076754,1.617277796,0,0,NA,NA,5.824027348,NA,NA,0,0,0,0,0,0,0,NA,0,0,0,0,0,0,0,0,0,"1b","1b","1b","1b","1b","1b","1b","E: Conc. Uncertainty","1b","1b","1b","1b","1b","1b","1b","1b","1b","1b","E: Conc. Uncertainty","E: Conc. Uncertainty","1b","E: Conc. Uncertainty","E: Conc. Uncertainty","1b","1b","1b","1b","1b","1b","1b","E: Conc. Uncertainty","1b","1b","1b","1b","1b","1b","1b","1b","1b"
"2024-12-21 03:00:00","PM2.5",0,0,0,201.1424,2149.9673,116.8975,111.4996,3.2408,0,2.1022,NA,187.0310896,0,NA,6.095321822,7.368572968,0,0,0.651987438,0,2.869858628,NA,1.555700101,0,0,0,0,0,0,NA,0,0,NA,0,0,0,0,0,0,0,"1b","1b","1b","1b","1b","1b","1b","1b","1b","1b","E: Conc. Uncertainty","1b","1b","E: Conc. Uncertainty","1b","1b","1b","1b","1b","1b","1b","E: Conc. Uncertainty","1b","1b","1b","1b","1b","1b","1b","E: Conc. Uncertainty","1b","1b","E: Conc. Uncertainty","1b","1b","1b","1b","1b","1b","1b"
"2024-12-21 04:00:00","PM10",0,0,0,302.0962,3910.4591,152.0442,150.3513,2.1686,0,1.266,0,115.4371846,NA,NA,3.555489989,10.28602678,0,0,0.933430327,0,7.110644229,2.318594335,0,0,0,0,NA,0,0,0,0,NA,NA,0,0,0,0,0,0,0,"1b","1b","1b","1b","1b","1b","1b","1b","1b","1b","1b","1b","E: Conc. Uncertainty","E: Conc. Uncertainty","1b","1b","1b","1b","1b","1b","1b","1b","1b","1b","1b","1b","E: Conc. Uncertainty","1b","1b","1b","1b","E: Conc. Uncertainty","E: Conc. Uncertainty","1b","1b","1b","1b","1b","1b","1b"
"2024-12-21 05:00:00","PM2.5",0,NA,0,176.2846,1557.47,84.0232,112.7904,1.858,0,1.263,NA,111.8692899,0,NA,6.801963395,9.818060792,0,0,0.715937846,0,2.141340027,NA,0,0,0,0,0,0,0,0,0.1756,0,NA,0,0,0,0,0,0,0,"1b","E: Conc. Uncertainty","1b","1b","1b","1b","1b","1b","1b","1b","E: Conc. Uncertainty","1b","1b","E: Conc. Uncertainty","1b","1b","1b","1b","1b","1b","1b","E: Conc. Uncertainty","1b","1b","1b","1b","1b","1b","1b","1b","1b","1b","E: Conc. Uncertainty","1b","1b","1b","1b","1b","1b","1b"
"2024-12-21 06:00:00","PM10",0,NA,0,233.1781,3120.3097,111.1497,142.2517,3.8315,NA,3.1492,NA,228.657798,0,NA,6.757229081,9.536768822,0,0,1.380329571,0,4.122291321,NA,NA,0,0,0,0,0,0,0,0,0,NA,0,0,0,0,0,0,0,"1b","E: Conc. Uncertainty","1b","1b","1b","1b","1b","1b","E: Conc. Uncertainty","1b","E: Conc. Uncertainty","1b","1b","E: Conc. Uncertainty","1b","1b","1b","1b","1b","1b","1b","E: Conc. Uncertainty","E: Conc. Uncertainty","1b","1b","1b","1b","1b","1b","1b","1b","1b","E: Conc. Uncertainty","1b","1b","1b","1b","1b","1b","1b"
"2024-12-21 07:00:00","PM2.5",0,0,0,196.4645,1219.9124,61.273,70.6261,NA,0,1.0225,0,66.38747673,0,0,1.567432588,8.965436921,0.009113749,0,0.893004994,NA,2.568459919,0,NA,0,0,0,0,NA,0,0,0,0,0,0,NA,0,0,0,0,0,"1b","1b","1b","1b","1b","1b","1b","E: Conc. Uncertainty","1b","1b","1b","1b","1b","1b","1b","1b","1b","1b","1b","E: Conc. Uncertainty","1b","1b","E: Conc. Uncertainty","1b","1b","1b","1b","E: Conc. Uncertainty","1b","1b","1b","1b","1b","1b","E: Conc. Uncertainty","1b","1b","1b","1b","1b"
"2024-12-21 08:00:00","PM10",NA,0,0,220.3702,1603.6216,78.3489,72.7408,3.613,0,1.3612,NA,128.3369761,0,NA,5.184326363,10.15851539,0,0,1.118350293,NA,2.849352947,NA,0,0,0,NA,NA,0,0,0,NA,0,0,0,0,0,0,0,0,0,"E: Conc. Uncertainty","1b","1b","1b","1b","1b","1b","1b","1b","1b","E: Conc. Uncertainty","1b","1b","E: Conc. Uncertainty","1b","1b","1b","1b","1b","E: Conc. Uncertainty","1b","E: Conc. Uncertainty","1b","1b","1b","E: Conc. Uncertainty","E: Conc. Uncertainty","1b","1b","1b","E: Conc. Uncertainty","1b","1b","1b","1b","1b","1b","1b","1b","1b"
"2024-12-21 09:00:00","PM2.5",0,0,NA,102.4006,842.9149,48.9628,93.231,3.897,0,1.3884,NA,117.0691146,0,NA,4.018786553,6.712027666,0,0,NA,0,1.264161115,NA,NA,0,0,0,0,0,0,0,NA,NA,0,0,0,0,0,0,0,0,"1b","1b","E: Conc. Uncertainty","1b","1b","1b","1b","1b","1b","1b","E: Conc. Uncertainty","1b","1b","E: Conc. Uncertainty","1b","1b","1b","1b","E: Conc. Uncertainty","1b","1b","E: Conc. Uncertainty","E: Conc. Uncertainty","1b","1b","1b","1b","1b","1b","1b","E: Conc. Uncertainty","E: Conc. Uncertainty","1b","1b","1b","1b","1b","1b","1b","1b"
"2024-12-21 10:00:00","PM10",0,0,0,118.1865,1198.2984,46.4939,40.477,NA,NA,0.695,0,63.65169983,0,0,2.133916095,3.730923408,0,0,NA,0,4.525158355,NA,NA,0,0,0,0,NA,0,0,0,NA,0,0,0,0,0,0,0,0,"1b","1b","1b","1b","1b","1b","1b","E: Conc. Uncertainty","E: Conc. Uncertainty","1b","1b","1b","1b","1b","1b","1b","1b","1b","E: Conc. Uncertainty","1b","1b","E: Conc. Uncertainty","E: Conc. Uncertainty","1b","1b","1b","1b","E: Conc. Uncertainty","1b","1b","1b","E: Conc. Uncertainty","1b","1b","1b","1b","1b","1b","1b","1b"
"2024-12-21 11:00:00","PM2.5",0,0,0,87.5238,665.3962,40.9251,43.9182,1.6906,0,0.714,0,69.47174354,0,NA,2.353728587,3.930907125,0,0,NA,0,3.639609031,NA,NA,0,0,NA,0,0,0,0,NA,NA,NA,0,0,0,0,0,0,0,"1b","1b","1b","1b","1b","1b","1b","1b","1b","1b","1b","1b","1b","E: Conc. Uncertainty","1b","1b","1b","1b","E: Conc. Uncertainty","1b","1b","E: Conc. Uncertainty","E: Conc. Uncertainty","1b","1b","E: Conc. Uncertainty","1b","1b","1b","1b","E: Conc. Uncertainty","E: Conc. Uncertainty","E: Conc. Uncertainty","1b","1b","1b","1b","1b","1b","1b"
"2024-12-21 12:00:00","PM10",0,0,0,60.6163,416.274,36.3201,32.0219,NA,0,1.5175,0,75.34717956,0,0,2.006845135,5.336764377,0,0,0.677464961,0,NA,0,NA,NA,NA,0,0,NA,0,0,NA,NA,0,0,0,0,0,0,0,0,"1b","1b","1b","1b","1b","1b","1b","E: Conc. Uncertainty","1b","1b","1b","1b","1b","1b","1b","1b","1b","1b","1b","1b","E: Conc. Uncertainty","1b","E: Conc. Uncertainty","E: Conc. Uncertainty","E: Conc. Uncertainty","1b","1b","E: Conc. Uncertainty","1b","1b","E: Conc. Uncertainty","E: Conc. Uncertainty","1b","1b","1b","1b","1b","1b","1b","1b"
"2024-12-21 13:00:00","PM2.5",0,0,0,154.6183,1474.3463,50.3083,54.3404,NA,0,1.0242,0,51.83014076,0,NA,1.649184007,2.573602611,0,0,NA,0,2.507088943,NA,0,NA,0,0,0,0,0,NA,0,NA,0,0,0,0,0,0,0,0,"1b","1b","1b","1b","1b","1b","1b","E: Conc. Uncertainty","1b","1b","1b","1b","1b","E: Conc. Uncertainty","1b","1b","1b","1b","E: Conc. Uncertainty","1b","1b","E: Conc. Uncertainty","1b","E: Conc. Uncertainty","1b","1b","1b","1b","1b","E: Conc. Uncertainty","1b","E: Conc. Uncertainty","1b","1b","1b","1b","1b","1b","1b","1b"
"2024-12-21 14:00:00","PM10",0,0,0,436.1897,8248.0234,188.4105,202.348,2.223,0,1.3266,0,114.1064782,0,NA,3.565929416,3.689579573,0,0,0.781139425,0.003252878,8.441269744,2.696054738,NA,0,NA,0,0,0,0,0,0,0,NA,0,0,0,0,0,0,0,"1b","1b","1b","1b","1b","1b","1b","1b","1b","1b","1b","1b","1b","E: Conc. Uncertainty","1b","1b","1b","1b","1b","1b","1b","1b","E: Conc. Uncertainty","1b","E: Conc. Uncertainty","1b","1b","1b","1b","1b","1b","1b","E: Conc. Uncertainty","1b","1b","1b","1b","1b","1b","1b"
"2024-12-21 15:00:00","PM2.5",0,0,0,330.5278,5384.5565,126.1678,128.6697,NA,0,1.2057,0,52.35526436,0,NA,2.029386291,2.282379434,0,0,NA,NA,5.180271242,2.440233949,0,0,0,NA,0,NA,0,0,0,0,0,0,0,0,0,0,0,0,"1b","1b","1b","1b","1b","1b","1b","E: Conc. Uncertainty","1b","1b","1b","1b","1b","E: Conc. Uncertainty","1b","1b","1b","1b","E: Conc. Uncertainty","E: Conc. Uncertainty","1b","1b","1b","1b","1b","E: Conc. Uncertainty","1b","E: Conc. Uncertainty","1b","1b","1b","1b","1b","1b","1b","1b","1b","1b","1b","1b"
"2024-12-21 16:00:00","PM10",NA,0,0,383.4204,7020.8202,153.7617,165.0542,NA,0,1.0558,0,80.72404847,0,NA,2.80789305,2.574621779,0,0,NA,0,7.195108303,2.891869894,0,NA,0,0,NA,0,0,0,0.0975,0,0,0,0,0,0,0,0,0,"E: Conc. Uncertainty","1b","1b","1b","1b","1b","1b","E: Conc. Uncertainty","1b","1b","1b","1b","1b","E: Conc. Uncertainty","1b","1b","1b","1b","E: Conc. Uncertainty","1b","1b","1b","1b","E: Conc. Uncertainty","1b","1b","E: Conc. Uncertainty","1b","1b","1b","1b","1b","1b","1b","1b","1b","1b","1b","1b","1b"
"2024-12-21 17:00:00","PM2.5",0,0,0,172.1237,2773.6109,73.4806,74.9923,NA,0,1.1375,0,40.58429733,NA,NA,1.237992044,1.849179461,0,0,NA,0,3.63240037,1.37106899,0,0,0,0,NA,0,0,0,0,NA,0,0,0,0,0,0,0,0,"1b","1b","1b","1b","1b","1b","1b","E: Conc. Uncertainty","1b","1b","1b","1b","E: Conc. Uncertainty","E: Conc. Uncertainty","1b","1b","1b","1b","E: Conc. Uncertainty","1b","1b","1b","1b","1b","1b","1b","E: Conc. Uncertainty","1b","1b","1b","1b","E: Conc. Uncertainty","1b","1b","1b","1b","1b","1b","1b","1b"
"2024-12-21 18:00:00","PM10",0,0.9148,0,214.1407,3853.3543,99.9374,106.9364,1.568,0,1.1147,0,92.00499241,0,NA,1.823900396,3.280553037,0,0,NA,0,6.405628178,2.26101132,NA,0,0,0,0,0,0,0,NA,0,0,0,0,0,0,0,0,0,"1b","1b","1b","1b","1b","1b","1b","1b","1b","1b","1b","1b","1b","E: Conc. Uncertainty","1b","1b","1b","1b","E: Conc. Uncertainty","1b","1b","1b","E: Conc. Uncertainty","1b","1b","1b","1b","1b","1b","1b","E: Conc. Uncertainty","1b","1b","1b","1b","1b","1b","1b","1b","1b"
"2024-12-21 19:00:00","PM2.5",0,0,0,99.0074,1538.8222,46.2564,38.1588,0,0,1.0668,0,35.42925833,0,0,1.012737364,1.059234335,0,0,NA,0,2.955281991,NA,0,0,0,NA,NA,0,0,0,NA,NA,0,0,0,0,0,0,0,0,"1b","1b","1b","1b","1b","1b","1b","1b","1b","1b","1b","1b","1b","1b","1b","1b","1b","1b","E: Conc. Uncertainty","1b","1b","E: Conc. Uncertainty","1b","1b","1b","E: Conc. Uncertainty","E: Conc. Uncertainty","1b","1b","1b","E: Conc. Uncertainty","E: Conc. Uncertainty","1b","1b","1b","1b","1b","1b","1b","1b"
"2024-12-21 20:00:00","PM10",0,0,0,146.4355,2396.729,74.1495,61.9385,NA,0,0.9316,0,111.1656041,0,0,2.722272658,2.264691182,0,0,NA,0,4.762809201,NA,NA,NA,NA,0,0,0,0,NA,0,NA,NA,NA,0,0,0,0,0,0,"1b","1b","1b","1b","1b","1b","1b","E: Conc. Uncertainty","1b","1b","1b","1b","1b","1b","1b","1b","1b","1b","E: Conc. Uncertainty","1b","1b","E: Conc. Uncertainty","E: Conc. Uncertainty","E: Conc. Uncertainty","E: Conc. Uncertainty","1b","1b","1b","1b","E: Conc. Uncertainty","1b","E: Conc. Uncertainty","E: Conc. Uncertainty","E: Conc. Uncertainty","1b","1b","1b","1b","1b","1b"
"2024-12-21 21:00:00","PM2.5",0,0,NA,78.8633,1098.3324,30.1808,28.2271,NA,0,1.1432,0,40.11385422,0,NA,0.918175885,NA,0,0,NA,0,1.91977688,NA,0,0,0,0,0,0,0,0,0,NA,0,0,0,0,0,0,0,0,"1b","1b","E: Conc. Uncertainty","1b","1b","1b","1b","E: Conc. Uncertainty","1b","1b","1b","1b","1b","E: Conc. Uncertainty","1b","E: Conc. Uncertainty","1b","1b","E: Conc. Uncertainty","1b","1b","E: Conc. Uncertainty","1b","1b","1b","1b","1b","1b","1b","1b","1b","E: Conc. Uncertainty","1b","1b","1b","1b","1b","1b","1b","1b"
"2024-12-21 22:00:00","PM10",0,0,0,174.4336,3034.8961,82.8051,90.5189,2.446,0,1.1628,0,93.56464943,0,NA,2.465360022,2.721700942,0,0,NA,NA,6.403663756,1.61366894,0,0,0,0,NA,0,0,0,NA,0,0,0,0,0,0,0,0,0,"1b","1b","1b","1b","1b","1b","1b","1b","1b","1b","1b","1b","1b","E: Conc. Uncertainty","1b","1b","1b","1b","E: Conc. Uncertainty","E: Conc. Uncertainty","1b","1b","1b","1b","1b","1b","E: Conc. Uncertainty","1b","1b","1b","E: Conc. Uncertainty","1b","1b","1b","1b","1b","1b","1b","1b","1b"
"2024-12-21 23:00:00","PM2.5",0,0,NA,85.8069,1066.6991,31.0186,24.147,NA,0,NA,0,17.08862322,0.006201993,NA,NA,0.856119878,0,NA,NA,0,1.955004947,NA,0,0,0,0,0,0,0,0,0,NA,0,0.0309,0,0,0,0,0,0,"1b","1b","E: Conc. Uncertainty","1b","1b","1b","1b","E: Conc. Uncertainty","1b","E: Conc. Uncertainty","1b","1b","1b","E: Conc. Uncertainty","E: Conc. Uncertainty","1b","1b","E: Conc. Uncertainty","E: Conc. Uncertainty","1b","1b","E: Conc. Uncertainty","1b","1b","1b","1b","1b","1b","1b","1b","1b","E: Conc. Uncertainty","1b","1b","1b","1b","1b","1b","1b","1b"
"2024-12-22 00:30:00","PM10",0,0,0,173.8994,3058.3794,62.8512,62.5481,0,0,2.2079,0,9.302524657,0,0,NA,0,NA,0,NA,0,7.616276906,NA,0,0,0,0,0,0,0,NA,0,NA,0,0,0,0,0,0,0,0,"1b","1b","1b","1b","1b","1b","1b","1b","1b","1b","1b","1b","1b","1b","E: Conc. Uncertainty","1b","E: Conc. Uncertainty","1b","E: Conc. Uncertainty","1b","1b","E: Conc. Uncertainty","1b","1b","1b","1b","1b","1b","1b","E: Conc. Uncertainty","1b","E: Conc. Uncertainty","1b","1b","1b","1b","1b","1b","1b","1b"
"2024-12-22 01:00:00","PM2.5",0,0,NA,41.1023,633.3536,22.471,12.2018,0,0,0.9212,0,2.835512627,0,NA,0,NA,0,0,0,0,1.48586349,0,NA,NA,0,0,0,NA,0,NA,0,NA,0,0,0,0,0,0,0,0,"1b","1b","E: Conc. Uncertainty","1b","1b","1b","1b","1b","1b","1b","1b","1b","1b","E: Conc. Uncertainty","1b","E: Conc. Uncertainty","1b","1b","1b","1b","1b","1b","E: Conc. Uncertainty","E: Conc. Uncertainty","1b","1b","1b","E: Conc. Uncertainty","1b","E: Conc. Uncertainty","1b","E: Conc. Uncertainty","1b","1b","1b","1b","1b","1b","1b","1b"
"2024-12-22 02:00:00","PM10",0,0,0,71.2493,1314.3525,32.0253,28.4676,0,0,0.7805,0,7.423151106,0,NA,NA,NA,0,0,NA,0,2.83720954,0,NA,0,0,0,NA,0,0,0,NA,0,0,0,0,NA,0,0,0,0,"1b","1b","1b","1b","1b","1b","1b","1b","1b","1b","1b","1b","1b","E: Conc. Uncertainty","E: Conc. Uncertainty","E: Conc. Uncertainty","1b","1b","E: Conc. Uncertainty","1b","1b","1b","E: Conc. Uncertainty","1b","1b","1b","E: Conc. Uncertainty","1b","1b","1b","E: Conc. Uncertainty","1b","1b","1b","1b","E: Conc. Uncertainty","1b","1b","1b","1b"
"2024-12-22 03:00:00","PM2.5",0,0,0,66.9419,1000.5128,21.0989,17.9566,0,0,0.9087,0,3.602791246,0,0,NA,0,0,NA,0,0,2.289360534,NA,0,0,0,NA,0.0235,NA,NA,NA,NA,0,0,0,0,0,0,0,0,0,"1b","1b","1b","1b","1b","1b","1b","1b","1b","1b","1b","1b","1b","1b","E: Conc. Uncertainty","1b","1b","E: Conc. Uncertainty","1b","1b","1b","E: Conc. Uncertainty","1b","1b","1b","E: Conc. Uncertainty","1b","E: Conc. Uncertainty","E: Conc. Uncertainty","E: Conc. Uncertainty","E: Conc. Uncertainty","1b","1b","1b","1b","1b","1b","1b","1b","1b"
"2024-12-22 04:00:00","PM10",0,0,0,111.0342,2027.4683,41.4144,39.8335,0,NA,1.0484,0,5.976311868,0,0,0,0,0,0,NA,0,4.492281338,0,0,0,0,0,NA,0,0,0,0,NA,0,0,0,0,0,0,0,0,"1b","1b","1b","1b","1b","1b","1b","1b","E: Conc. Uncertainty","1b","1b","1b","1b","1b","1b","1b","1b","1b","E: Conc. Uncertainty","1b","1b","1b","1b","1b","1b","1b","E: Conc. Uncertainty","1b","1b","1b","1b","E: Conc. Uncertainty","1b","1b","1b","1b","1b","1b","1b","1b"
"2024-12-22 05:00:00","PM2.5",0,0,0,75.2383,1195.0997,23.1369,22.5988,0,0,1.0713,0,1.958503602,0,NA,NA,0,0,0,0,0,2.447523158,0,0,0,0,0,0,NA,0,0,0,NA,0,0,0,0,0,0,0,0,"1b","1b","1b","1b","1b","1b","1b","1b","1b","1b","1b","1b","1b","E: Conc. Uncertainty","E: Conc. Uncertainty","1b","1b","1b","1b","1b","1b","1b","1b","1b","1b","1b","1b","E: Conc. Uncertainty","1b","1b","1b","E: Conc. Uncertainty","1b","1b","1b","1b","1b","1b","1b","1b"
"2024-12-22 06:00:00","PM10",0,0,0,35.6231,721.4146,18.2981,20.6329,0,0,NA,0,11.8559693,0,NA,NA,NA,0,0,0,0,1.663884155,NA,NA,0,0,0,0,NA,NA,0,0,NA,0,0,0,0,0,0,0,0,"1b","1b","1b","1b","1b","1b","1b","1b","1b","E: Conc. Uncertainty","1b","1b","1b","E: Conc. Uncertainty","E: Conc. Uncertainty","E: Conc. Uncertainty","1b","1b","1b","1b","1b","E: Conc. Uncertainty","E: Conc. Uncertainty","1b","1b","1b","1b","E: Conc. Uncertainty","E: Conc. Uncertainty","1b","1b","E: Conc. Uncertainty","1b","1b","1b","1b","1b","1b","1b","1b"
"2024-12-22 07:00:00","PM2.5",0,0,0,50.2455,870.472,17.0534,18.2997,0,0,1.0851,0,6.98069026,NA,NA,NA,0,0,0,0,0,1.736022092,0,0,0,NA,NA,0,0,0,0,0,NA,0,0,0,0,0,0,0,0,"1b","1b","1b","1b","1b","1b","1b","1b","1b","1b","1b","1b","E: Conc. Uncertainty","E: Conc. Uncertainty","E: Conc. Uncertainty","1b","1b","1b","1b","1b","1b","1b","1b","1b","E: Conc. Uncertainty","E: Conc. Uncertainty","1b","1b","1b","1b","1b","E: Conc. Uncertainty","1b","1b","1b","1b","1b","1b","1b","1b"
"2024-12-22 08:00:00","PM10",0,0,0,67.0403,1603.4138,34.1239,32.1826,0,0,0.957,0,13.20060787,0,0,NA,NA,0,0,0,0,3.699001499,0,NA,0,0,0,0,0,NA,0,NA,0,NA,0,0,0,0,0,0,0,"1b","1b","1b","1b","1b","1b","1b","1b","1b","1b","1b","1b","1b","1b","E: Conc. Uncertainty","E: Conc. Uncertainty","1b","1b","1b","1b","1b","1b","E: Conc. Uncertainty","1b","1b","1b","1b","1b","E: Conc. Uncertainty","1b","E: Conc. Uncertainty","1b","E: Conc. Uncertainty","1b","1b","1b","1b","1b","1b","1b"
"2024-12-22 09:00:00","PM2.5",0,0,0,45.0331,930.7178,18.3581,16.4747,0,0,0.9701,0,10.16294877,0,0,NA,NA,0,0,0,0,1.723588338,0,0,0,0,0,0,0,0,0,NA,0,0,0,0,0,0,0,0,0,"1b","1b","1b","1b","1b","1b","1b","1b","1b","1b","1b","1b","1b","1b","E: Conc. Uncertainty","E: Conc. Uncertainty","1b","1b","1b","1b","1b","1b","1b","1b","1b","1b","1b","1b","1b","1b","E: Conc. Uncertainty","1b","1b","1b","1b","1b","1b","1b","1b","1b"
"2024-12-22 11:00:00","PM10",0,0,NA,184.9251,3085.9124,47.1952,69.3499,NA,0,4.3984,0,43.56761056,0,0.022271715,NA,NA,NA,0,0,0,6.073587564,NA,0,0,0,NA,0,NA,0,0,NA,0,0,0,0,0,0,0,0,0,"1b","1b","E: Conc. Uncertainty","1b","1b","1b","1b","E: Conc. Uncertainty","1b","1b","1b","1b","1b","1b","E: Conc. Uncertainty","E: Conc. Uncertainty","E: Conc. Uncertainty","1b","1b","1b","1b","E: Conc. Uncertainty","1b","1b","1b","E: Conc. Uncertainty","1b","E: Conc. Uncertainty","1b","1b","E: Conc. Uncertainty","1b","1b","1b","1b","1b","1b","1b","1b","1b"
"2024-12-22 12:00:00","PM2.5",0,0,NA,82.4001,1277.8278,31.4594,25.5564,0,0,1.2205,0,18.88057621,0,NA,NA,1.527930659,0,0,NA,0,2.412871196,NA,0,0,0,0,0,0,0,0,NA,0,0,0,0,0,0,0,0,0,"1b","1b","E: Conc. Uncertainty","1b","1b","1b","1b","1b","1b","1b","1b","1b","1b","E: Conc. Uncertainty","E: Conc. Uncertainty","1b","1b","1b","E: Conc. Uncertainty","1b","1b","E: Conc. Uncertainty","1b","1b","1b","1b","1b","1b","1b","1b","E: Conc. Uncertainty","1b","1b","1b","1b","1b","1b","1b","1b","1b"
"2024-12-22 13:00:00","PM10",0,0,0,72.1215,1096.2596,30.8069,30.5036,NA,0,0.9912,0,41.95996004,NA,0,1.045401725,2.510213859,0,0,NA,0,2.156632892,NA,NA,0,0,0,0,0,0,NA,0,NA,0,0,0,0,0,0,0,0,"1b","1b","1b","1b","1b","1b","1b","E: Conc. Uncertainty","1b","1b","1b","1b","E: Conc. Uncertainty","1b","1b","1b","1b","1b","E: Conc. Uncertainty","1b","1b","E: Conc. Uncertainty","E: Conc. Uncertainty","1b","1b","1b","1b","1b","1b","E: Conc. Uncertainty","1b","E: Conc. Uncertainty","1b","1b","1b","1b","1b","1b","1b","1b"
"2024-12-22 14:00:00","PM2.5",0,0,NA,65.3125,890.9233,29.7074,18.3278,0,0,0.8343,0,19.14806729,0,0,NA,1.847046101,0,0,NA,0,1.466706793,0,0,NA,0,0,0,0,0,NA,NA,0,0,0,0,0,0,0,0,0,"1b","1b","E: Conc. Uncertainty","1b","1b","1b","1b","1b","1b","1b","1b","1b","1b","1b","E: Conc. Uncertainty","1b","1b","1b","E: Conc. Uncertainty","1b","1b","1b","1b","E: Conc. Uncertainty","1b","1b","1b","1b","1b","E: Conc. Uncertainty","E: Conc. Uncertainty","1b","1b","1b","1b","1b","1b","1b","1b","1b"
"2024-12-22 15:00:00","PM10",0,0,0,276.64,6504.3633,132.2861,153.3185,1.4032,0,1.1652,0,73.80932519,0,NA,1.073783616,2.403571392,0,0,NA,0,12.05924105,3.561540737,0,0,0,0,0,0,0,0,NA,NA,0,NA,0,0,0,0,0,0,"1b","1b","1b","1b","1b","1b","1b","1b","1b","1b","1b","1b","1b","E: Conc. Uncertainty","1b","1b","1b","1b","E: Conc. Uncertainty","1b","1b","1b","1b","1b","1b","1b","1b","1b","1b","1b","E: Conc. Uncertainty","E: Conc. Uncertainty","1b","E: Conc. Uncertainty","1b","1b","1b","1b","1b","1b"
"2024-12-22 16:00:00","PM2.5",NA,0,0,198.718,3964.5187,102.7307,95.4828,NA,0,0.8373,0,38.10656515,0,0,1.038742623,2.015635671,0,0,NA,0,4.7207086,2.253717804,0,NA,0,0,NA,NA,NA,0,NA,0,NA,0,0,0,0,0,0,0,"E: Conc. Uncertainty","1b","1b","1b","1b","1b","1b","E: Conc. Uncertainty","1b","1b","1b","1b","1b","1b","1b","1b","1b","1b","E: Conc. Uncertainty","1b","1b","1b","1b","E: Conc. Uncertainty","1b","1b","E: Conc. Uncertainty","E: Conc. Uncertainty","E: Conc. Uncertainty","1b","E: Conc. Uncertainty","1b","E: Conc. Uncertainty","1b","1b","1b","1b","1b","1b","1b"
"2024-12-22 17:00:00","PM10",NA,0,0,544.3186,12399.6051,250.1979,264.238,NA,0,1.0029,0,47.90724334,0,NA,1.05786738,1.126771165,0,NA,NA,0,20.37384423,6.045823967,NA,0,0,0,0,0,0,0,0,0,0,0,0,0,0,NA,0,0,"E: Conc. Uncertainty","1b","1b","1b","1b","1b","1b","E: Conc. Uncertainty","1b","1b","1b","1b","1b","E: Conc. Uncertainty","1b","1b","1b","E: Conc. Uncertainty","E: Conc. Uncertainty","1b","1b","1b","E: Conc. Uncertainty","1b","1b","1b","1b","1b","1b","1b","1b","1b","1b","1b","1b","1b","1b","E: Conc. Uncertainty","1b","1b"
"2024-12-22 18:00:00","PM2.5",0,0,0,354.1256,7358.6144,152.4175,152.0823,NA,0,0.8213,0,22.72979654,0,0,0.818901322,0.729501526,NA,0,0,0,11.02910478,1.464720244,0,0,0,0,0,0,0,0,NA,NA,0,0,NA,0.012156663,0,NA,0,0,"1b","1b","1b","1b","1b","1b","1b","E: Conc. Uncertainty","1b","1b","1b","1b","1b","1b","1b","1b","E: Conc. Uncertainty","1b","1b","1b","1b","1b","1b","1b","1b","1b","1b","1b","1b","1b","E: Conc. Uncertainty","E: Conc. Uncertainty","1b","1b","E: Conc. Uncertainty","1b","1b","E: Conc. Uncertainty","1b","1b"
"2024-12-22 19:00:00","PM10",NA,0,0,612.8613,14656.5028,283.2881,321.8037,0,0,1.3197,0,42.42582468,0,NA,0.871182603,1.019043636,0,0,0,0,31.75719619,6.673238948,0,0,0,0,0,NA,0,0,0,0,0,0,0,0,0,0,0,0,"E: Conc. Uncertainty","1b","1b","1b","1b","1b","1b","1b","1b","1b","1b","1b","1b","E: Conc. Uncertainty","1b","1b","1b","1b","1b","1b","1b","1b","1b","1b","1b","1b","1b","E: Conc. Uncertainty","1b","1b","1b","1b","1b","1b","1b","1b","1b","1b","1b","1b"
"2024-12-22 20:00:00","PM2.5",0,0,0,328.2228,7004.7746,143.8548,144.4136,NA,0,0.8367,0,21.94485208,0,0,NA,0.79419517,0,0,NA,0,12.76979127,4.466096089,0,0,0,NA,0,0,0,0,0,0,0,NA,0,0,0,0,0,0,"1b","1b","1b","1b","1b","1b","1b","E: Conc. Uncertainty","1b","1b","1b","1b","1b","1b","E: Conc. Uncertainty","1b","1b","1b","E: Conc. Uncertainty","1b","1b","1b","1b","1b","1b","E: Conc. Uncertainty","1b","1b","1b","1b","1b","1b","1b","E: Conc. Uncertainty","1b","1b","1b","1b","1b","1b"
"2024-12-22 21:00:00","PM10",NA,0,0,487.7384,10891.6442,214.6407,227.4148,0,0,1.2215,0,35.01355805,0,0,0.842572062,NA,0,0,0,0,23.74268191,4.214538538,NA,0,0,0,0,0,0,0,NA,0,0,0,0,0,0,0,0,0,"E: Conc. Uncertainty","1b","1b","1b","1b","1b","1b","1b","1b","1b","1b","1b","1b","1b","1b","E: Conc. Uncertainty","1b","1b","1b","1b","1b","1b","E: Conc. Uncertainty","1b","1b","1b","1b","1b","1b","1b","E: Conc. Uncertainty","1b","1b","1b","1b","1b","1b","1b","1b","1b"
"2024-12-22 22:00:00","PM2.5",NA,0,0,234.1712,4909.3313,103.209,103.9776,NA,0,1.3192,0,19.04803334,0,0,NA,0.733926212,0,0,0,0,8.268269133,2.038855575,NA,0,0,0,0,0,0,0,0,NA,0,0,0,0,0,0,0,0,"E: Conc. Uncertainty","1b","1b","1b","1b","1b","1b","E: Conc. Uncertainty","1b","1b","1b","1b","1b","1b","E: Conc. Uncertainty","1b","1b","1b","1b","1b","1b","1b","E: Conc. Uncertainty","1b","1b","1b","1b","1b","1b","1b","1b","E: Conc. Uncertainty","1b","1b","1b","1b","1b","1b","1b","1b"
"2024-12-22 23:00:00","PM10",NA,0,0,401.1785,9226.1815,183.2403,194.527,NA,NA,1.0929,0,34.56845305,0,NA,1.664966646,NA,0,0,NA,0,21.42959873,2.462840939,NA,0,0,NA,0,NA,0,0,NA,NA,0,0,0,0,0,0,0,0,"E: Conc. Uncertainty","1b","1b","1b","1b","1b","1b","E: Conc. Uncertainty","E: Conc. Uncertainty","1b","1b","1b","1b","E: Conc. Uncertainty","1b","E: Conc. Uncertainty","1b","1b","E: Conc. Uncertainty","1b","1b","1b","E: Conc. Uncertainty","1b","1b","E: Conc. Uncertainty","1b","E: Conc. Uncertainty","1b","1b","E: Conc. Uncertainty","E: Conc. Uncertainty","1b","1b","1b","1b","1b","1b","1b","1b"
"2024-12-23 00:30:00","PM2.5",0,0,NA,239.1812,4605.3471,91.2738,99.7647,0,0,1.898,0,19.68399164,0,0,NA,3.617367735,0,0,NA,0,7.129771782,NA,0,0,0,NA,0,NA,0,0,NA,0,0,0,0,0,0,0,0,0,"1b","1b","E: Conc. Uncertainty","1b","1b","1b","1b","1b","1b","1b","1b","1b","1b","1b","E: Conc. Uncertainty","1b","1b","1b","E: Conc. Uncertainty","1b","1b","E: Conc. Uncertainty","1b","1b","1b","E: Conc. Uncertainty","1b","E: Conc. Uncertainty","1b","1b","E: Conc. Uncertainty","1b","1b","1b","1b","1b","1b","1b","1b","1b"
"2024-12-23 01:00:00","PM10",0,0,0,363.9185,8330.4159,162.6758,180.5257,0,0,1.2108,0,21.87455935,0,NA,NA,NA,0,0,0,NA,17.98152827,4.297554763,NA,0,0,0,0,0,NA,NA,NA,0,0,0,0,0,0,0,0,0,"1b","1b","1b","1b","1b","1b","1b","1b","1b","1b","1b","1b","1b","E: Conc. Uncertainty","E: Conc. Uncertainty","E: Conc. Uncertainty","1b","1b","1b","E: Conc. Uncertainty","1b","1b","E: Conc. Uncertainty","1b","1b","1b","1b","1b","E: Conc. Uncertainty","E: Conc. Uncertainty","E: Conc. Uncertainty","1b","1b","1b","1b","1b","1b","1b","1b","1b"
"2024-12-23 02:00:00","PM2.5",0,0,0,189.5915,4341.7228,90.0229,92.9474,0,0,1.1469,0,6.753688805,NA,0,0,0,0,0,NA,0,4.850755096,2.311368758,NA,0,0,0,0,0,0,0,NA,NA,0,0,0,0,0,0,0,0,"1b","1b","1b","1b","1b","1b","1b","1b","1b","1b","1b","1b","E: Conc. Uncertainty","1b","1b","1b","1b","1b","E: Conc. Uncertainty","1b","1b","1b","E: Conc. Uncertainty","1b","1b","1b","1b","1b","1b","1b","E: Conc. Uncertainty","E: Conc. Uncertainty","1b","1b","1b","1b","1b","1b","1b","1b"
"2024-12-23 03:00:00","PM10",NA,0,0,341.8182,7987.0907,156.1901,170.8797,0,0,1.0828,0,12.8407481,0,NA,NA,NA,0,0,0,0,13.37475412,3.701309688,0,NA,0,0,NA,0,0,0,NA,0,0,0,0,0,0,NA,0,0,"E: Conc. Uncertainty","1b","1b","1b","1b","1b","1b","1b","1b","1b","1b","1b","1b","E: Conc. Uncertainty","E: Conc. Uncertainty","E: Conc. Uncertainty","1b","1b","1b","1b","1b","1b","1b","E: Conc. Uncertainty","1b","1b","E: Conc. Uncertainty","1b","1b","1b","E: Conc. Uncertainty","1b","1b","1b","1b","1b","1b","E: Conc. Uncertainty","1b","1b"
"2024-12-23 04:00:00","PM2.5",0,0,0,153.2288,3458.5313,72.9359,78.5535,0,0,1.001,0,24.17460495,0,0,NA,NA,0,0.000142634,NA,NA,3.343463776,1.736330015,NA,0,0,NA,NA,NA,0,0,0.1059,0.0397,0,NA,0,0,0,0,0,0,"1b","1b","1b","1b","1b","1b","1b","1b","1b","1b","1b","1b","1b","1b","E: Conc. Uncertainty","E: Conc. Uncertainty","1b","1b","E: Conc. Uncertainty","E: Conc. Uncertainty","1b","1b","E: Conc. Uncertainty","1b","1b","E: Conc. Uncertainty","E: Conc. Uncertainty","E: Conc. Uncertainty","1b","1b","1b","1b","1b","E: Conc. Uncertainty","1b","1b","1b","1b","1b","1b"
"2024-12-23 05:00:00","PM10",0,0,0,247.1146,5537.5747,105.4262,122.0167,0,0,0.9153,0,17.38356583,0,NA,NA,0,0.002845081,0,0,0,9.214451787,1.643141214,0,NA,0,0,NA,0.0353,0,0,0,0,0,0,0,0,0,0,0,0,"1b","1b","1b","1b","1b","1b","1b","1b","1b","1b","1b","1b","1b","E: Conc. Uncertainty","E: Conc. Uncertainty","1b","1b","1b","1b","1b","1b","1b","1b","E: Conc. Uncertainty","1b","1b","E: Conc. Uncertainty","1b","1b","1b","1b","1b","1b","1b","1b","1b","1b","1b","1b","1b"
"2024-12-23 06:00:00","PM2.5",0,0,0,121.46,2409.1145,49.1254,51.5039,NA,0,1.2402,0,22.22424852,0,NA,NA,NA,0,0,0,0,1.944141177,NA,NA,0,0,NA,0,0,0,0,0,NA,0.0144,0,0,0,0,0,0,0,"1b","1b","1b","1b","1b","1b","1b","E: Conc. Uncertainty","1b","1b","1b","1b","1b","E: Conc. Uncertainty","E: Conc. Uncertainty","E: Conc. Uncertainty","1b","1b","1b","1b","1b","E: Conc. Uncertainty","E: Conc. Uncertainty","1b","1b","E: Conc. Uncertainty","1b","1b","1b","1b","1b","E: Conc. Uncertainty","1b","1b","1b","1b","1b","1b","1b","1b"
"2024-12-23 07:00:00","PM10",0,0,0,235.4122,4378.1895,91.5826,99.159,1.06,0,1.1262,NA,176.5241337,0,NA,5.089675846,2.761345392,0,0,NA,0,5.948297937,1.926389595,0,0,0,0,0,0,0,0,NA,0,NA,0,0,0,0,0,0,0,"1b","1b","1b","1b","1b","1b","1b","1b","1b","1b","E: Conc. Uncertainty","1b","1b","E: Conc. Uncertainty","1b","1b","1b","1b","E: Conc. Uncertainty","1b","1b","1b","1b","1b","1b","1b","1b","1b","1b","1b","E: Conc. Uncertainty","1b","E: Conc. Uncertainty","1b","1b","1b","1b","1b","1b","1b"
"2024-12-23 08:00:00","PM2.5",0,0,0,105.3837,1647.3121,47.338,39.2892,NA,0,0.9615,NA,117.7522674,0,NA,5.341699786,4.151778253,0,0,NA,0,1.245174768,NA,NA,0,0,0,0,0,0,0,NA,NA,0,0,0,0,0,0,0,0,"1b","1b","1b","1b","1b","1b","1b","E: Conc. Uncertainty","1b","1b","E: Conc. Uncertainty","1b","1b","E: Conc. Uncertainty","1b","1b","1b","1b","E: Conc. Uncertainty","1b","1b","E: Conc. Uncertainty","E: Conc. Uncertainty","1b","1b","1b","1b","1b","1b","1b","E: Conc. Uncertainty","E: Conc. Uncertainty","1b","1b","1b","1b","1b","1b","1b","1b"
"2024-12-23 09:00:00","PM10",0,0,0,216.9464,3336.2309,80.8513,93.5943,1.5354,0,2.1463,1.4857,476.9389067,0,NA,15.55914461,5.984318567,0,0,NA,NA,5.750392801,1.570796009,NA,0,0,0,0,0,0,0,NA,NA,4.9375,0,0,0,0,0,0,0,"1b","1b","1b","1b","1b","1b","1b","1b","1b","1b","1b","1b","1b","E: Conc. Uncertainty","1b","1b","1b","1b","E: Conc. Uncertainty","E: Conc. Uncertainty","1b","1b","E: Conc. Uncertainty","1b","1b","1b","1b","1b","1b","1b","E: Conc. Uncertainty","E: Conc. Uncertainty","1b","1b","1b","1b","1b","1b","1b","1b"
"2024-12-23 10:00:00","PM2.5",0,0,0,126.5988,1686.8761,46.1937,39.8618,NA,0,1.6854,NA,141.3485266,0,0,4.424574284,4.623778933,0,0,NA,0,2.84550831,NA,0,NA,0,0,0,0,0,0,NA,NA,NA,0,0,0,0,0,0,0,"1b","1b","1b","1b","1b","1b","1b","E: Conc. Uncertainty","1b","1b","E: Conc. Uncertainty","1b","1b","1b","1b","1b","1b","1b","E: Conc. Uncertainty","1b","1b","E: Conc. Uncertainty","1b","E: Conc. Uncertainty","1b","1b","1b","1b","1b","1b","E: Conc. Uncertainty","E: Conc. Uncertainty","E: Conc. Uncertainty","1b","1b","1b","1b","1b","1b","1b"
"2024-12-23 11:00:00","PM10",0,0,0,169.4546,3164.9689,82.1197,86.5859,0,0,1.9117,0.8538,177.9938394,0,0,5.115653336,2.479677284,0,0,0.904072703,0,6.228919964,1.420794957,NA,0,0,NA,NA,0,0,NA,0,0,NA,0,0,0,0,0,0,0,"1b","1b","1b","1b","1b","1b","1b","1b","1b","1b","1b","1b","1b","1b","1b","1b","1b","1b","1b","1b","1b","1b","E: Conc. Uncertainty","1b","1b","E: Conc. Uncertainty","E: Conc. Uncertainty","1b","1b","E: Conc. Uncertainty","1b","1b","E: Conc. Uncertainty","1b","1b","1b","1b","1b","1b","1b"
"2024-12-23 12:00:00","PM2.5",0,0,0,117.7538,1603.052,52.7861,40.1318,NA,0,0.8255,0,77.79495522,0,NA,3.008302564,2.242069725,0,NA,NA,0,3.847412333,NA,0,0,0,NA,0,NA,0,0,NA,0,0.0356,0,0,0,0,0,0,0,"1b","1b","1b","1b","1b","1b","1b","E: Conc. Uncertainty","1b","1b","1b","1b","1b","E: Conc. Uncertainty","1b","1b","1b","E: Conc. Uncertainty","E: Conc. Uncertainty","1b","1b","E: Conc. Uncertainty","1b","1b","1b","E: Conc. Uncertainty","1b","E: Conc. Uncertainty","1b","1b","E: Conc. Uncertainty","1b","1b","1b","1b","1b","1b","1b","1b","1b"
"2024-12-23 13:00:00","PM10",0,0,NA,205.2785,3681.3184,103.037,108.1001,1.6323,0,1.9393,NA,236.8279006,0,NA,4.63152967,3.183141162,0,0,NA,0,7.733745153,2.428187619,0,0,0,NA,0,0,0,0.1657,0,NA,NA,0,0.0275,0,0,0,0,0,"1b","1b","E: Conc. Uncertainty","1b","1b","1b","1b","1b","1b","1b","E: Conc. Uncertainty","1b","1b","E: Conc. Uncertainty","1b","1b","1b","1b","E: Conc. Uncertainty","1b","1b","1b","1b","1b","1b","E: Conc. Uncertainty","1b","1b","1b","1b","1b","E: Conc. Uncertainty","E: Conc. Uncertainty","1b","1b","1b","1b","1b","1b","1b"
"2024-12-23 14:00:00","PM2.5",0,0,0,109.4822,1502.9951,74.2262,40.4108,NA,0,1.3056,0,69.10223834,NA,NA,1.884639288,44.37390604,0,0,NA,NA,4.424795982,NA,0,0,0,0,0,NA,0,NA,NA,NA,NA,0,0,0,0,0,0,0,"1b","1b","1b","1b","1b","1b","1b","E: Conc. Uncertainty","1b","1b","1b","1b","E: Conc. Uncertainty","E: Conc. Uncertainty","1b","1b","1b","1b","E: Conc. Uncertainty","E: Conc. Uncertainty","1b","E: Conc. Uncertainty","1b","1b","1b","1b","1b","E: Conc. Uncertainty","1b","E: Conc. Uncertainty","E: Conc. Uncertainty","E: Conc. Uncertainty","E: Conc. Uncertainty","1b","1b","1b","1b","1b","1b","1b"
"2024-12-23 15:00:00","PM10",0,0,0,184.2593,3092.9304,119.2844,107.7881,2.035,0,1.4598,NA,196.3554278,0,NA,3.76571481,17.7182035,0,0,NA,0,7.85700746,2.324344707,1.54611512,0,0,0,0,0,0,0,NA,0,NA,0,0,0,0,0,0,0,"1b","1b","1b","1b","1b","1b","1b","1b","1b","1b","E: Conc. Uncertainty","1b","1b","E: Conc. Uncertainty","1b","1b","1b","1b","E: Conc. Uncertainty","1b","1b","1b","1b","1b","1b","1b","1b","1b","1b","1b","E: Conc. Uncertainty","1b","E: Conc. Uncertainty","1b","1b","1b","1b","1b","1b","1b"
"2024-12-23 16:00:00","PM2.5",0,0,0,79.6731,1167.7669,66.5053,30.9297,NA,0,1.353,0,73.42089097,0,0,1.540195281,4.681031326,0,0,0.897731896,0,4.811025224,NA,NA,0,0,0,NA,NA,0,0,NA,NA,NA,0,0,0,0,0,0,0,"1b","1b","1b","1b","1b","1b","1b","E: Conc. Uncertainty","1b","1b","1b","1b","1b","1b","1b","1b","1b","1b","1b","1b","1b","E: Conc. Uncertainty","E: Conc. Uncertainty","1b","1b","1b","E: Conc. Uncertainty","E: Conc. Uncertainty","1b","1b","E: Conc. Uncertainty","E: Conc. Uncertainty","E: Conc. Uncertainty","1b","1b","1b","1b","1b","1b","1b"
"2024-12-23 17:00:00","PM10",NA,0,0,196.0004,2846.9461,100.8717,87.212,NA,0,1.7859,0,147.8446693,0,0,3.119109307,8.327247134,0,0,2.493012771,0,6.013321637,NA,NA,0,0,0,0,NA,NA,0,NA,0,NA,0,0,0,0,0,13.7439002,0,"E: Conc. Uncertainty","1b","1b","1b","1b","1b","1b","E: Conc. Uncertainty","1b","1b","1b","1b","1b","1b","1b","1b","1b","1b","1b","1b","1b","E: Conc. Uncertainty","E: Conc. Uncertainty","1b","1b","1b","1b","E: Conc. Uncertainty","E: Conc. Uncertainty","1b","E: Conc. Uncertainty","1b","E: Conc. Uncertainty","1b","1b","1b","1b","1b","1b","1b"
"2024-12-23 18:00:00","PM2.5",0,0,0,141.0306,920.6595,67.4905,27.1085,0,0,0.9346,0,57.20354774,0,NA,1.888970259,12.75871679,0,0,2.589934497,NA,4.015816347,NA,NA,0,0,0,0,0.1197,0,0,NA,0,NA,0,0,0,0,0,41.31903251,0,"1b","1b","1b","1b","1b","1b","1b","1b","1b","1b","1b","1b","1b","E: Conc. Uncertainty","1b","1b","1b","1b","1b","E: Conc. Uncertainty","1b","E: Conc. Uncertainty","E: Conc. Uncertainty","1b","1b","1b","1b","1b","1b","1b","E: Conc. Uncertainty","1b","E: Conc. Uncertainty","1b","1b","1b","1b","1b","1b","1b"
"2024-12-23 19:00:00","PM10",0,0,0,218.3195,1774.8899,101.0271,67.1652,1.8084,0,1.1678,NA,217.486575,0,NA,4.695659249,8.401794069,0,0,2.092520646,NA,6.119075709,NA,NA,0,0,0,0,NA,0,NA,NA,0,NA,0,0,0,0,0,3.169378788,0,"1b","1b","1b","1b","1b","1b","1b","1b","1b","1b","E: Conc. Uncertainty","1b","1b","E: Conc. Uncertainty","1b","1b","1b","1b","1b","E: Conc. Uncertainty","1b","E: Conc. Uncertainty","E: Conc. Uncertainty","1b","1b","1b","1b","E: Conc. Uncertainty","1b","E: Conc. Uncertainty","E: Conc. Uncertainty","1b","E: Conc. Uncertainty","1b","1b","1b","1b","1b","1b","1b"
"2024-12-23 20:00:00","PM2.5",0,0,0,156.871,395.4438,68.4084,15.514,0,0,1.2913,NA,152.2482624,0,NA,4.455595469,9.005535938,0,0,0.847588712,0,3.318184131,0,0,0,0,0,0,0,NA,0,NA,0,NA,0,0,0,0,0,2.588091628,0,"1b","1b","1b","1b","1b","1b","1b","1b","1b","1b","E: Conc. Uncertainty","1b","1b","E: Conc. Uncertainty","1b","1b","1b","1b","1b","1b","1b","1b","1b","1b","1b","1b","1b","1b","E: Conc. Uncertainty","1b","E: Conc. Uncertainty","1b","E: Conc. Uncertainty","1b","1b","1b","1b","1b","1b","1b"
"2024-12-23 21:00:00","PM10",0,0,0,167.5505,678.7564,77.2637,35.6858,1.1271,0,1.2114,0.9962,320.6614849,0,0,12.11614137,10.19775368,0,0,1.49671394,NA,3.810710725,NA,0,0,0,0,0,NA,0,NA,NA,0,4.0326,0,0,0,0,0,NA,0,"1b","1b","1b","1b","1b","1b","1b","1b","1b","1b","1b","1b","1b","1b","1b","1b","1b","1b","1b","E: Conc. Uncertainty","1b","E: Conc. Uncertainty","1b","1b","1b","1b","1b","E: Conc. Uncertainty","1b","E: Conc. Uncertainty","E: Conc. Uncertainty","1b","1b","1b","1b","1b","1b","1b","E: Conc. Uncertainty","1b"
"2024-12-23 22:00:00","PM2.5",0,0,0,136.4524,115.8703,69.8709,6.7024,0,0,1.7408,NA,128.0246624,0,0,3.573166879,7.56696051,0,0,1.673019108,0,2.547006369,0,0,0,0,0,0,NA,0,0,0,NA,NA,0,0,0,0,0,0,0,"1b","1b","1b","1b","1b","1b","1b","1b","1b","1b","E: Conc. Uncertainty","1b","1b","1b","1b","1b","1b","1b","1b","1b","1b","1b","1b","1b","1b","1b","1b","E: Conc. Uncertainty","1b","1b","1b","E: Conc. Uncertainty","E: Conc. Uncertainty","1b","1b","1b","1b","1b","1b","1b"
"2024-12-23 23:00:00","PM10",0,0,0,167.885,292.9793,84.0563,27.5072,NA,0,1.6536,NA,169.2097859,0,NA,3.571783894,7.555127421,0,0,1.393343527,NA,3.25648318,NA,NA,0,0,0,0,0,0,0,NA,NA,NA,0,0,0,0,0,0,0,"1b","1b","1b","1b","1b","1b","1b","E: Conc. Uncertainty","1b","1b","E: Conc. Uncertainty","1b","1b","E: Conc. Uncertainty","1b","1b","1b","1b","1b","E: Conc. Uncertainty","1b","E: Conc. Uncertainty","E: Conc. Uncertainty","1b","1b","1b","1b","1b","1b","1b","E: Conc. Uncertainty","E: Conc. Uncertainty","E: Conc. Uncertainty","1b","1b","1b","1b","1b","1b","1b"
"2024-12-24 00:30:00","PM2.5",0,0,0,84.6447,57.3968,45.1766,0,0,0,2.3862,0,43.23432214,NA,0,NA,2.167608714,0,NA,NA,0,NA,NA,0,NA,0,0,0,NA,0,NA,NA,NA,0,0,0,0,0,0,0,0,"1b","1b","1b","1b","1b","1b","1b","1b","1b","1b","1b","1b","E: Conc. Uncertainty","1b","E: Conc. Uncertainty","1b","1b","E: Conc. Uncertainty","E: Conc. Uncertainty","1b","E: Conc. Uncertainty","E: Conc. Uncertainty","1b","E: Conc. Uncertainty","1b","1b","1b","E: Conc. Uncertainty","1b","E: Conc. Uncertainty","E: Conc. Uncertainty","E: Conc. Uncertainty","1b","1b","1b","1b","1b","1b","1b","1b"
"2024-12-24 01:00:00","PM10",0,0,0,97.5242,82.8849,62.2766,4.7515,1.4924,0,1.2148,0,50.81082235,0,0,1.432090857,3.412284448,0,0.005236294,1.05503701,0,0.94488165,NA,0.000640556,0,0,0,0,0,0,0,0,0,NA,0,0.011,0,0,0,0,0,"1b","1b","1b","1b","1b","1b","1b","1b","1b","1b","1b","1b","1b","1b","1b","1b","1b","1b","1b","1b","1b","E: Conc. Uncertainty","1b","1b","1b","1b","1b","1b","1b","1b","1b","1b","E: Conc. Uncertainty","1b","1b","1b","1b","1b","1b","1b"
"2024-12-24 02:00:00","PM2.5",0,0,0,94.5686,30.4142,50.0978,0,0,0,1.0389,0,15.32266138,0,0,NA,2.496464724,0,0,1.417437306,0,NA,NA,NA,0,0,0,NA,0,0,0,NA,NA,0,0,0,NA,0,0,0,0,"1b","1b","1b","1b","1b","1b","1b","1b","1b","1b","1b","1b","1b","1b","E: Conc. Uncertainty","1b","1b","1b","1b","1b","E: Conc. Uncertainty","E: Conc. Uncertainty","E: Conc. Uncertainty","1b","1b","1b","E: Conc. Uncertainty","1b","1b","1b","E: Conc. Uncertainty","E: Conc. Uncertainty","1b","1b","1b","E: Conc. Uncertainty","1b","1b","1b","1b"
"2024-12-24 03:00:00","PM10",0,0,NA,132.1648,33.4804,55.4058,2.1123,NA,0,1.2502,0,29.65941497,0,NA,1.05678967,2.504140913,0,0,1.450849601,0,NA,NA,0,0,0,0,0,0,0,0,0,0,0,0,0,0,0,0,0,0,"1b","1b","E: Conc. Uncertainty","1b","1b","1b","1b","E: Conc. Uncertainty","1b","1b","1b","1b","1b","E: Conc. Uncertainty","1b","1b","1b","1b","1b","1b","E: Conc. Uncertainty","E: Conc. Uncertainty","1b","1b","1b","1b","1b","1b","1b","1b","1b","1b","1b","1b","1b","1b","1b","1b","1b","1b"
"2024-12-24 04:00:00","PM2.5",0,0,NA,91.7622,11.5766,38.5735,0,0,0,1.2278,0,11.82969281,0,0,NA,1.414438312,0,0,0.913412979,0,NA,NA,NA,0,0,0,NA,0,0,0,0,0.2467,0,0,0,0,0,0,0,0,"1b","1b","E: Conc. Uncertainty","1b","1b","1b","1b","1b","1b","1b","1b","1b","1b","1b","E: Conc. Uncertainty","1b","1b","1b","1b","1b","E: Conc. Uncertainty","E: Conc. Uncertainty","E: Conc. Uncertainty","1b","1b","1b","E: Conc. Uncertainty","1b","1b","1b","1b","1b","1b","1b","1b","1b","1b","1b","1b","1b"
"2024-12-24 05:00:00","PM10",0,0,0,75.4029,18.4198,40.585,NA,0,0,1.0229,0,24.93541395,0,0,0.825514897,1.169081732,0,0,NA,NA,NA,NA,NA,0,0,0,0,NA,0,0,0,0,NA,0,0,0,0,0,0,0,"1b","1b","1b","1b","1b","1b","E: Conc. Uncertainty","1b","1b","1b","1b","1b","1b","1b","1b","1b","1b","1b","E: Conc. Uncertainty","E: Conc. Uncertainty","E: Conc. Uncertainty","E: Conc. Uncertainty","E: Conc. Uncertainty","1b","1b","1b","1b","E: Conc. Uncertainty","1b","1b","1b","1b","E: Conc. Uncertainty","1b","1b","1b","1b","1b","1b","1b"
"2024-12-24 06:00:00","PM2.5",0,0,NA,66.2449,12.0966,24.2362,NA,0,0,1.3202,0,27.08946779,0,0,1.10584105,0.838587565,0,0,NA,NA,0,0,NA,0,0,0,0,0,0,NA,NA,0,0,0,0,0,0,0,0,0,"1b","1b","E: Conc. Uncertainty","1b","1b","1b","E: Conc. Uncertainty","1b","1b","1b","1b","1b","1b","1b","1b","1b","1b","1b","E: Conc. Uncertainty","E: Conc. Uncertainty","1b","1b","E: Conc. Uncertainty","1b","1b","1b","1b","1b","1b","E: Conc. Uncertainty","E: Conc. Uncertainty","1b","1b","1b","1b","1b","1b","1b","1b","1b"
"2024-12-24 07:00:00","PM10",0,0,0,88.7198,68.0139,30.0736,6.658,1.0332,0,0.9659,0,65.92816618,0,0,1.458323166,1.385462421,0,0,NA,0,0,0,NA,NA,0,0,0,NA,0,0,NA,0,0,0,0,0,0,0,0,0,"1b","1b","1b","1b","1b","1b","1b","1b","1b","1b","1b","1b","1b","1b","1b","1b","1b","1b","E: Conc. Uncertainty","1b","1b","1b","E: Conc. Uncertainty","E: Conc. Uncertainty","1b","1b","1b","E: Conc. Uncertainty","1b","1b","E: Conc. Uncertainty","1b","1b","1b","1b","1b","1b","1b","1b","1b"
"2024-12-24 08:00:00","PM2.5",0,0,0,100.6423,NA,23.3075,NA,NA,0,0.9922,0,45.49622576,0,0,1.804818002,2.154886162,0,0,1.067091904,0,0,0,NA,0,0,0,0,0,0,NA,0,0,0.0373,0.0214,0,0,0,0,0,0,"1b","1b","1b","1b","E: Conc. Uncertainty","1b","E: Conc. Uncertainty","E: Conc. Uncertainty","1b","1b","1b","1b","1b","1b","1b","1b","1b","1b","1b","1b","1b","1b","E: Conc. Uncertainty","1b","1b","1b","1b","1b","1b","E: Conc. Uncertainty","1b","1b","1b","1b","1b","1b","1b","1b","1b","1b"
"2024-12-24 09:00:00","PM10",0,2.067,0,145.9646,98.4059,37.4546,13.3658,NA,0,1.2887,NA,202.6583439,NA,0,3.139036943,1.918359236,0,0,NA,0,NA,0,0,0,0,0,NA,0,0,0,NA,0,NA,0,0,0,0,0,0,0,"1b","1b","1b","1b","1b","1b","1b","E: Conc. Uncertainty","1b","1b","E: Conc. Uncertainty","1b","E: Conc. Uncertainty","1b","1b","1b","1b","1b","E: Conc. Uncertainty","1b","E: Conc. Uncertainty","1b","1b","1b","1b","1b","E: Conc. Uncertainty","1b","1b","1b","E: Conc. Uncertainty","1b","E: Conc. Uncertainty","1b","1b","1b","1b","1b","1b","1b"
"2024-12-24 10:00:00","PM2.5",0,0,0,135.9616,50.5145,27.2324,2.5434,NA,NA,1.5614,0,76.10860278,0,NA,2.329203756,4.580078105,0,0,1.888950068,0,NA,0,0,0,0,NA,NA,NA,0,0,0,0,0,0,0,0,0,0,2.32295331,0,"1b","1b","1b","1b","1b","1b","1b","E: Conc. Uncertainty","E: Conc. Uncertainty","1b","1b","1b","1b","E: Conc. Uncertainty","1b","1b","1b","1b","1b","1b","E: Conc. Uncertainty","1b","1b","1b","1b","E: Conc. Uncertainty","E: Conc. Uncertainty","E: Conc. Uncertainty","1b","1b","1b","1b","1b","1b","1b","1b","1b","1b","1b","1b"
"2024-12-24 11:00:00","PM10",NA,0,0,129.518,46.5159,31.2997,14.1913,1.0394,0,1.1829,NA,133.7493623,0,0,3.940763564,5.028373498,0,0,1.36559063,0,0.905707348,NA,0,0,0,0,NA,0,0,0,0,0,NA,0,0,0,0,0,0,0,"E: Conc. Uncertainty","1b","1b","1b","1b","1b","1b","1b","1b","1b","E: Conc. Uncertainty","1b","1b","1b","1b","1b","1b","1b","1b","1b","1b","E: Conc. Uncertainty","1b","1b","1b","1b","E: Conc. Uncertainty","1b","1b","1b","1b","1b","E: Conc. Uncertainty","1b","1b","1b","1b","1b","1b","1b"
"2024-12-24 12:00:00","PM2.5",0,NA,0,158.3081,18.6355,37.2172,4.962,0,0,1.7878,0,66.89289283,0,NA,1.451504028,5.406067095,0,0,1.737106149,0,1.075395126,NA,0,0,0,0,0,NA,0,0,NA,NA,NA,0,0,0,0,0,0,0,"1b","E: Conc. Uncertainty","1b","1b","1b","1b","1b","1b","1b","1b","1b","1b","1b","E: Conc. Uncertainty","1b","1b","1b","1b","1b","1b","1b","E: Conc. Uncertainty","1b","1b","1b","1b","1b","E: Conc. Uncertainty","1b","1b","E: Conc. Uncertainty","E: Conc. Uncertainty","E: Conc. Uncertainty","1b","1b","1b","1b","1b","1b","1b"
"2024-12-24 13:00:00","PM10",0,0,0,171.2729,48.7201,52.9547,19.1699,2.6581,0,1.5562,NA,282.1377501,0,NA,8.976119524,9.314717818,0,0,0.887615309,0,2.194918788,NA,NA,0,0,0,0,NA,0,0,NA,NA,3.3392,0,0,0,0,0,0,0,"1b","1b","1b","1b","1b","1b","1b","1b","1b","1b","E: Conc. Uncertainty","1b","1b","E: Conc. Uncertainty","1b","1b","1b","1b","1b","1b","1b","E: Conc. Uncertainty","E: Conc. Uncertainty","1b","1b","1b","1b","E: Conc. Uncertainty","1b","1b","E: Conc. Uncertainty","E: Conc. Uncertainty","1b","1b","1b","1b","1b","1b","1b","1b"
"2024-12-24 14:00:00","PM2.5",0,0,NA,158.9521,13.4576,45.5117,5.6278,NA,0,1.2565,0,88.00256013,0,0,1.545123518,3.362946492,0,0,1.032598274,0,NA,0,NA,0,0,0,NA,NA,0,0,0,0,0,0,0,0,0,0,0,0,"1b","1b","E: Conc. Uncertainty","1b","1b","1b","1b","E: Conc. Uncertainty","1b","1b","1b","1b","1b","1b","1b","1b","1b","1b","1b","1b","E: Conc. Uncertainty","1b","E: Conc. Uncertainty","1b","1b","1b","E: Conc. Uncertainty","E: Conc. Uncertainty","1b","1b","1b","1b","1b","1b","1b","1b","1b","1b","1b","1b"
"2024-12-24 15:00:00","PM10",0,0,NA,181.9517,114.5008,62.6314,13.7709,1.2049,0,1.6055,NA,216.445036,0,NA,5.608112519,5.527487098,0,0,2.124186606,NA,6.736939804,0,NA,0,0,0,0,0,NA,0,NA,0,NA,0,0,0,0,0,0.003273973,0,"1b","1b","E: Conc. Uncertainty","1b","1b","1b","1b","1b","1b","1b","E: Conc. Uncertainty","1b","1b","E: Conc. Uncertainty","1b","1b","1b","1b","1b","E: Conc. Uncertainty","1b","1b","E: Conc. Uncertainty","1b","1b","1b","1b","1b","E: Conc. Uncertainty","1b","E: Conc. Uncertainty","1b","E: Conc. Uncertainty","1b","1b","1b","1b","1b","1b","1b"
"2024-12-24 16:00:00","PM2.5",0,0,0,192.9175,64.294,59.353,NA,0,0,1.4141,0,128.1488359,0,NA,4.097577897,4.756330728,0,0,3.021854021,0,2.507223458,0,0,0,0,0,0,0,0,NA,NA,NA,NA,0,0,0,0,0,NA,0,"1b","1b","1b","1b","1b","1b","E: Conc. Uncertainty","1b","1b","1b","1b","1b","1b","E: Conc. Uncertainty","1b","1b","1b","1b","1b","1b","1b","1b","1b","1b","1b","1b","1b","1b","1b","E: Conc. Uncertainty","E: Conc. Uncertainty","E: Conc. Uncertainty","E: Conc. Uncertainty","1b","1b","1b","1b","1b","E: Conc. Uncertainty","1b"
"2024-12-24 17:00:00","PM10",0,0,0,155.1603,44.4396,68.1434,10.2032,NA,0,2.1721,NA,285.0867552,0,NA,6.000142472,5.435974152,0,0,1.659868722,0,1.471989009,0,NA,NA,0,0,0,NA,0,0,0,NA,3.5563,0,0,0,0,0,0,0,"1b","1b","1b","1b","1b","1b","1b","E: Conc. Uncertainty","1b","1b","E: Conc. Uncertainty","1b","1b","E: Conc. Uncertainty","1b","1b","1b","1b","1b","1b","1b","1b","E: Conc. Uncertainty","E: Conc. Uncertainty","1b","1b","1b","E: Conc. Uncertainty","1b","1b","1b","E: Conc. Uncertainty","1b","1b","1b","1b","1b","1b","1b","1b"
"2024-12-24 18:00:00","PM2.5",0,0,0,134.8874,25.6622,68.0802,4.4518,0,0,1.0711,NA,192.3753376,0,NA,5.144275159,5.816794904,0,0,2.092932484,0,1.668290446,1.524035669,NA,0,0,0,0,0,0,0,NA,NA,NA,0,0,0,0,0,0,0,"1b","1b","1b","1b","1b","1b","1b","1b","1b","1b","E: Conc. Uncertainty","1b","1b","E: Conc. Uncertainty","1b","1b","1b","1b","1b","1b","1b","1b","E: Conc. Uncertainty","1b","1b","1b","1b","1b","1b","1b","E: Conc. Uncertainty","E: Conc. Uncertainty","E: Conc. Uncertainty","1b","1b","1b","1b","1b","1b","1b"
"2024-12-24 19:00:00","PM10",0,0,NA,181.9848,31.2446,71.2199,6.7574,NA,0,1.4488,NA,213.1438768,0,NA,4.758937494,4.912796982,0,0,1.196186397,0,1.331834404,NA,0,0,0,0,NA,NA,0,0,NA,0,NA,0,0,0,0,0,0,0,"1b","1b","E: Conc. Uncertainty","1b","1b","1b","1b","E: Conc. Uncertainty","1b","1b","E: Conc. Uncertainty","1b","1b","E: Conc. Uncertainty","1b","1b","1b","1b","1b","1b","1b","E: Conc. Uncertainty","1b","1b","1b","1b","E: Conc. Uncertainty","E: Conc. Uncertainty","1b","1b","E: Conc. Uncertainty","1b","E: Conc. Uncertainty","1b","1b","1b","1b","1b","1b","1b"
"2024-12-24 20:00:00","PM2.5",0,0,0,186.2265,8.7487,79.4453,0,NA,0,0.942,0,64.08444254,0,0,2.168925879,3.487021001,0,0,1.376049284,NA,0.86553859,NA,NA,0,0,0,NA,0,0,0,NA,NA,0,0,0,0,0,0,0,0,"1b","1b","1b","1b","1b","1b","1b","E: Conc. Uncertainty","1b","1b","1b","1b","1b","1b","1b","1b","1b","1b","1b","E: Conc. Uncertainty","1b","E: Conc. Uncertainty","E: Conc. Uncertainty","1b","1b","1b","E: Conc. Uncertainty","1b","1b","1b","E: Conc. Uncertainty","E: Conc. Uncertainty","1b","1b","1b","1b","1b","1b","1b","1b"
"2024-12-24 21:00:00","PM10",0,0,0,217.7032,21.1712,90.4392,2.6797,0,0,0.9134,0,48.0408284,0,0,NA,3.64398082,0,0,1.366608855,NA,NA,0,NA,0,0,NA,0,NA,0,0,0,0,NA,0,0,0,0,0,0,0,"1b","1b","1b","1b","1b","1b","1b","1b","1b","1b","1b","1b","1b","1b","E: Conc. Uncertainty","1b","1b","1b","1b","E: Conc. Uncertainty","E: Conc. Uncertainty","1b","E: Conc. Uncertainty","1b","1b","E: Conc. Uncertainty","1b","E: Conc. Uncertainty","1b","1b","1b","1b","E: Conc. Uncertainty","1b","1b","1b","1b","1b","1b","1b"
"2024-12-24 22:00:00","PM2.5",0,0,NA,153.863,20.4193,51.0394,0,0,0,0.8472,0,17.70911478,0,0,NA,1.693657206,0,0,1.545991106,0,NA,0,NA,0,0,0,0,0,0,NA,NA,NA,0,0.007,0,0,0,0,0,0,"1b","1b","E: Conc. Uncertainty","1b","1b","1b","1b","1b","1b","1b","1b","1b","1b","1b","E: Conc. Uncertainty","1b","1b","1b","1b","1b","E: Conc. Uncertainty","1b","E: Conc. Uncertainty","1b","1b","1b","1b","1b","1b","E: Conc. Uncertainty","E: Conc. Uncertainty","E: Conc. Uncertainty","1b","1b","1b","1b","1b","1b","1b","1b"
"2024-12-24 23:00:00","PM10",0,0,0,108.6326,NA,42.1611,0,NA,NA,NA,0,27.9132097,0,NA,NA,1.1075728,0,0,0.812398324,NA,NA,NA,0,NA,0,NA,0,NA,NA,0,NA,NA,0,0,0,0,0,0,0,0,"1b","1b","1b","1b","E: Conc. Uncertainty","1b","1b","E: Conc. Uncertainty","E: Conc. Uncertainty","E: Conc. Uncertainty","1b","1b","1b","E: Conc. Uncertainty","E: Conc. Uncertainty","1b","1b","1b","1b","E: Conc. Uncertainty","E: Conc. Uncertainty","E: Conc. Uncertainty","1b","E: Conc. Uncertainty","1b","E: Conc. Uncertainty","1b","E: Conc. Uncertainty","E: Conc. Uncertainty","1b","E: Conc. Uncertainty","E: Conc. Uncertainty","1b","1b","1b","1b","1b","1b","1b","1b"
"2024-12-25 00:30:00","PM2.5",0,0,0,86.9604,26.5456,29.0762,0,0,0,1.4258,0,18.16849893,0,0,NA,0,0,0.013741941,NA,0,0,NA,NA,0,0,0,NA,0,0,0,0,0,0,0,0,0,0,0,0,0,"1b","1b","1b","1b","1b","1b","1b","1b","1b","1b","1b","1b","1b","1b","E: Conc. Uncertainty","1b","1b","1b","E: Conc. Uncertainty","1b","1b","E: Conc. Uncertainty","E: Conc. Uncertainty","1b","1b","1b","E: Conc. Uncertainty","1b","1b","1b","1b","1b","1b","1b","1b","1b","1b","1b","1b","1b"
"2024-12-25 01:00:00","PM10",0,0,0,95.4909,47.6684,37.7777,NA,0,0,0.7452,0,10.8753251,0,0,NA,0.721643701,0,0,NA,NA,NA,NA,0,0,0,0,0,0,0,NA,0,NA,0,0,0,0,0,0,0,0,"1b","1b","1b","1b","1b","1b","E: Conc. Uncertainty","1b","1b","1b","1b","1b","1b","1b","E: Conc. Uncertainty","1b","1b","1b","E: Conc. Uncertainty","E: Conc. Uncertainty","E: Conc. Uncertainty","E: Conc. Uncertainty","1b","1b","1b","1b","1b","1b","1b","E: Conc. Uncertainty","1b","E: Conc. Uncertainty","1b","1b","1b","1b","1b","1b","1b","1b"
"2024-12-25 02:00:00","PM2.5",0,0,0,76.5648,11.236,23.1277,0,0,0,0.779,0,6.439531476,0.007377933,NA,NA,NA,0,0,NA,0,NA,NA,NA,0,0,0,0,0,0,0,0,0,0,0,0,0,0,0,0,0,"1b","1b","1b","1b","1b","1b","1b","1b","1b","1b","1b","1b","1b","E: Conc. Uncertainty","E: Conc. Uncertainty","E: Conc. Uncertainty","1b","1b","E: Conc. Uncertainty","1b","E: Conc. Uncertainty","E: Conc. Uncertainty","E: Conc. Uncertainty","1b","1b","1b","1b","1b","1b","1b","1b","1b","1b","1b","1b","1b","1b","1b","1b","1b"
"2024-12-25 03:00:00","PM10",0,0,0,94.7892,14.3667,32.3641,NA,0,0,1.0202,0,11.458182,0,0,NA,NA,0,0,0.800986825,0,0,NA,0,0,0,0,0,0,0,0,0,NA,0,0,0,0,0,0,0,0,"1b","1b","1b","1b","1b","1b","E: Conc. Uncertainty","1b","1b","1b","1b","1b","1b","1b","E: Conc. Uncertainty","E: Conc. Uncertainty","1b","1b","1b","1b","1b","E: Conc. Uncertainty","1b","1b","1b","1b","1b","1b","1b","1b","1b","E: Conc. Uncertainty","1b","1b","1b","1b","1b","1b","1b","1b"
"2024-12-25 04:00:00","PM2.5",0,0,NA,78.2491,NA,23.7292,0,0,0,NA,0,2.520361761,0,NA,NA,NA,0,0,NA,0,NA,NA,0,0,0,0,0,0,0,0,0,NA,0,0,0,0,0,0,0,0,"1b","1b","E: Conc. Uncertainty","1b","E: Conc. Uncertainty","1b","1b","1b","1b","E: Conc. Uncertainty","1b","1b","1b","E: Conc. Uncertainty","E: Conc. Uncertainty","E: Conc. Uncertainty","1b","1b","E: Conc. Uncertainty","1b","E: Conc. Uncertainty","E: Conc. Uncertainty","1b","1b","1b","1b","1b","1b","1b","1b","1b","E: Conc. Uncertainty","1b","1b","1b","1b","1b","1b","1b","1b"
"2024-12-25 05:00:00","PM10",0,0,NA,80.2248,0,25.7501,0,0,0,1.3098,0,5.359699276,0,0,0,NA,0,0,NA,0,NA,0,0,0,0,0,0,0,0,0,NA,0,0,NA,0,NA,0,0,0,0,"1b","1b","E: Conc. Uncertainty","1b","1b","1b","1b","1b","1b","1b","1b","1b","1b","1b","1b","E: Conc. Uncertainty","1b","1b","E: Conc. Uncertainty","1b","E: Conc. Uncertainty","1b","1b","1b","1b","1b","1b","1b","1b","1b","E: Conc. Uncertainty","1b","1b","E: Conc. Uncertainty","1b","E: Conc. Uncertainty","1b","1b","1b","1b"
"2024-12-25 06:00:00","PM2.5",0,0,NA,72.8877,27.3627,17.7454,0,0,0,1.1499,0,3.319294989,NA,0,0,0,0,0,NA,0,NA,NA,NA,0,0,0,NA,NA,0,NA,NA,0,0,NA,0,0,0,0,0,0,"1b","1b","E: Conc. Uncertainty","1b","1b","1b","1b","1b","1b","1b","1b","1b","E: Conc. Uncertainty","1b","1b","1b","1b","1b","E: Conc. Uncertainty","1b","E: Conc. Uncertainty","E: Conc. Uncertainty","E: Conc. Uncertainty","1b","1b","1b","E: Conc. Uncertainty","E: Conc. Uncertainty","1b","E: Conc. Uncertainty","E: Conc. Uncertainty","1b","1b","E: Conc. Uncertainty","1b","1b","1b","1b","1b","1b"
"2024-12-25 07:00:00","PM10",0,0,NA,75.0847,NA,23.9315,0,0,0,1.3761,0,21.69505534,0,0,NA,NA,0,0,NA,0,NA,NA,NA,0,0,NA,NA,0,0,0,NA,0,0,0,0,0,0,0,0,0,"1b","1b","E: Conc. Uncertainty","1b","E: Conc. Uncertainty","1b","1b","1b","1b","1b","1b","1b","1b","1b","E: Conc. Uncertainty","E: Conc. Uncertainty","1b","1b","E: Conc. Uncertainty","1b","E: Conc. Uncertainty","E: Conc. Uncertainty","E: Conc. Uncertainty","1b","1b","E: Conc. Uncertainty","E: Conc. Uncertainty","1b","1b","1b","E: Conc. Uncertainty","1b","1b","1b","1b","1b","1b","1b","1b","1b"
"2024-12-25 08:00:00","PM2.5",0,0,0,54.2362,0,21.3199,0,NA,0,1.2486,0,7.049298646,0,0,NA,NA,0,0,NA,0,0,NA,0,0,0,0,0,NA,0,0,0,0,0,0,0,0,0,0,0,0,"1b","1b","1b","1b","1b","1b","1b","E: Conc. Uncertainty","1b","1b","1b","1b","1b","1b","E: Conc. Uncertainty","E: Conc. Uncertainty","1b","1b","E: Conc. Uncertainty","1b","1b","E: Conc. Uncertainty","1b","1b","1b","1b","1b","E: Conc. Uncertainty","1b","1b","1b","1b","1b","1b","1b","1b","1b","1b","1b","1b"
"2024-12-25 09:00:00","PM10",0,0,0,65.9504,7.764,32.3431,0,0,0,0.7896,0,18.08835186,0,0,NA,NA,0,NA,NA,0,NA,NA,NA,0,0,0,0,0,0,0,0,NA,0,0,0,0,0,0,0,0,"1b","1b","1b","1b","1b","1b","1b","1b","1b","1b","1b","1b","1b","1b","E: Conc. Uncertainty","E: Conc. Uncertainty","1b","E: Conc. Uncertainty","E: Conc. Uncertainty","1b","E: Conc. Uncertainty","E: Conc. Uncertainty","E: Conc. Uncertainty","1b","1b","1b","1b","1b","1b","1b","1b","E: Conc. Uncertainty","1b","1b","1b","1b","1b","1b","1b","1b"
"2024-12-25 10:00:00","PM2.5",0,0,0,90.6291,0,46.5364,0,0,0,0.9487,0,13.94330517,0,0,NA,1.064499674,0,0,NA,0,NA,NA,NA,0,0,0,0,0,0,NA,0,NA,0,0,0,0,0,0,0,0,"1b","1b","1b","1b","1b","1b","1b","1b","1b","1b","1b","1b","1b","1b","E: Conc. Uncertainty","1b","1b","1b","E: Conc. Uncertainty","1b","E: Conc. Uncertainty","E: Conc. Uncertainty","E: Conc. Uncertainty","1b","1b","1b","1b","1b","1b","E: Conc. Uncertainty","1b","E: Conc. Uncertainty","1b","1b","1b","1b","1b","1b","1b","1b"
"2024-12-25 11:00:00","PM10",0,0,NA,64.4131,18.653,23.7093,3.6061,0,0,0.9612,0,29.02403998,0,0,NA,1.17897904,0,0,NA,0,0,NA,0,0,0,0,NA,NA,0,0,NA,0,0,0.0104,0,0,0,0,0,0,"1b","1b","E: Conc. Uncertainty","1b","1b","1b","1b","1b","1b","1b","1b","1b","1b","1b","E: Conc. Uncertainty","1b","1b","1b","E: Conc. Uncertainty","1b","1b","E: Conc. Uncertainty","1b","1b","1b","1b","E: Conc. Uncertainty","E: Conc. Uncertainty","1b","1b","E: Conc. Uncertainty","1b","1b","1b","1b","1b","1b","1b","1b","1b"
"2024-12-25 12:00:00","PM2.5",0,0,NA,98.9563,11.6154,30.417,NA,0,0,0.7901,0,15.50197138,0,NA,NA,2.182871311,0,0,NA,0,0,0,NA,0,0,NA,NA,NA,0,0,NA,0,NA,0,0,0,0,0,0,0,"1b","1b","E: Conc. Uncertainty","1b","1b","1b","E: Conc. Uncertainty","1b","1b","1b","1b","1b","1b","E: Conc. Uncertainty","E: Conc. Uncertainty","1b","1b","1b","E: Conc. Uncertainty","1b","1b","1b","E: Conc. Uncertainty","1b","1b","E: Conc. Uncertainty","E: Conc. Uncertainty","E: Conc. Uncertainty","1b","1b","E: Conc. Uncertainty","1b","E: Conc. Uncertainty","1b","1b","1b","1b","1b","1b","1b"
"2024-12-25 13:00:00","PM10",0,0,0,78.2879,NA,24.1637,NA,0,0,1.0636,0,35.87004172,0,NA,NA,NA,0,0,NA,0,0,NA,NA,0,0,NA,0,0,NA,0,NA,0,0,0,0,0,0,0,0,0,"1b","1b","1b","1b","E: Conc. Uncertainty","1b","E: Conc. Uncertainty","1b","1b","1b","1b","1b","1b","E: Conc. Uncertainty","E: Conc. Uncertainty","E: Conc. Uncertainty","1b","1b","E: Conc. Uncertainty","1b","1b","E: Conc. Uncertainty","E: Conc. Uncertainty","1b","1b","E: Conc. Uncertainty","1b","1b","E: Conc. Uncertainty","1b","E: Conc. Uncertainty","1b","1b","1b","1b","1b","1b","1b","1b","1b"
"2024-12-25 14:00:00","PM2.5",0,0,0,111.2657,12.2892,24.9314,0,0,0,0.8948,0,19.80457831,0,NA,NA,NA,0,NA,0,0,0,0,NA,0,0,0,NA,0,0,0,NA,NA,0,0,0,0,0,0,0,0,"1b","1b","1b","1b","1b","1b","1b","1b","1b","1b","1b","1b","1b","E: Conc. Uncertainty","E: Conc. Uncertainty","E: Conc. Uncertainty","1b","E: Conc. Uncertainty","1b","1b","1b","1b","E: Conc. Uncertainty","1b","1b","1b","E: Conc. Uncertainty","1b","1b","1b","E: Conc. Uncertainty","E: Conc. Uncertainty","1b","1b","1b","1b","1b","1b","1b","1b"
"2024-12-25 15:00:00","PM10",0,0,NA,133.0866,8.3565,42.597,0,0,0,1.038,0,60.84720046,0,0,1.176653166,1.181486984,0,0,0.878920481,0,NA,NA,NA,0,0,0,NA,0,0,NA,0,0,NA,0,0,0,0,0,0,0,"1b","1b","E: Conc. Uncertainty","1b","1b","1b","1b","1b","1b","1b","1b","1b","1b","1b","1b","1b","1b","1b","1b","1b","E: Conc. Uncertainty","E: Conc. Uncertainty","E: Conc. Uncertainty","1b","1b","1b","E: Conc. Uncertainty","1b","1b","E: Conc. Uncertainty","1b","1b","E: Conc. Uncertainty","1b","1b","1b","1b","1b","1b","1b"
"2024-12-25 16:00:00","PM2.5",0,0,0,151.0491,8.0488,84.4008,0,NA,0,0.72,0,15.88989043,0,0,NA,2.464193788,0,0,0.817606544,0,4.712227727,NA,0,0,NA,0,NA,0,0,NA,NA,0,0,0,0,0,0,0,0,0,"1b","1b","1b","1b","1b","1b","1b","E: Conc. Uncertainty","1b","1b","1b","1b","1b","1b","E: Conc. Uncertainty","1b","1b","1b","1b","1b","1b","E: Conc. Uncertainty","1b","1b","E: Conc. Uncertainty","1b","E: Conc. Uncertainty","1b","1b","E: Conc. Uncertainty","E: Conc. Uncertainty","1b","1b","1b","1b","1b","1b","1b","1b","1b"
"2024-12-25 17:00:00","PM10",0,0,0,147.8537,9.5002,55.5054,0,NA,NA,1.2742,0,32.13530444,0,NA,NA,4.367072723,0,0,1.064877163,0,NA,0,NA,0,0,NA,NA,0,0,0,NA,0,NA,0,0,0,0,0,2.257162096,0,"1b","1b","1b","1b","1b","1b","1b","E: Conc. Uncertainty","E: Conc. Uncertainty","1b","1b","1b","1b","E: Conc. Uncertainty","E: Conc. Uncertainty","1b","1b","1b","1b","1b","E: Conc. Uncertainty","1b","E: Conc. Uncertainty","1b","1b","E: Conc. Uncertainty","E: Conc. Uncertainty","1b","1b","1b","E: Conc. Uncertainty","1b","E: Conc. Uncertainty","1b","1b","1b","1b","1b","1b","1b"
"2024-12-25 18:00:00","PM2.5",0,0,0,135.3215,NA,49.9817,0,0,0,NA,0,15.27295604,0,0,NA,3.979980643,0,0,0,0,NA,0,NA,NA,0,0,NA,0,0,NA,0,0,0,0,0,0,0,0,1.78867098,0,"1b","1b","1b","1b","E: Conc. Uncertainty","1b","1b","1b","1b","E: Conc. Uncertainty","1b","1b","1b","1b","E: Conc. Uncertainty","1b","1b","1b","1b","1b","E: Conc. Uncertainty","1b","E: Conc. Uncertainty","E: Conc. Uncertainty","1b","1b","E: Conc. Uncertainty","1b","1b","E: Conc. Uncertainty","1b","1b","1b","1b","1b","1b","1b","1b","1b","1b"
"2024-12-25 19:00:00","PM10",0,0,0,165.9185,15.985,45.4922,0,0,0,1.0585,0,55.12825216,0,NA,0.875824187,1.894809787,0,0,0.707715512,0,NA,0,0,0,0,0,NA,0,0,0,0,0,0,0,0,0,0,0,0,0,"1b","1b","1b","1b","1b","1b","1b","1b","1b","1b","1b","1b","1b","E: Conc. Uncertainty","1b","1b","1b","1b","1b","1b","E: Conc. Uncertainty","1b","1b","1b","1b","1b","E: Conc. Uncertainty","1b","1b","1b","1b","1b","1b","1b","1b","1b","1b","1b","1b","1b"
"2024-12-25 20:00:00","PM2.5",0,0,0,211.7747,NA,91.4311,0,NA,0,1.1538,0,18.08645668,0,0,1.520418752,2.230446018,0,0,0.991565946,0,NA,0,0,0,0,0,NA,0,0,0,NA,NA,0,0,0,0,0,0,0,0,"1b","1b","1b","1b","E: Conc. Uncertainty","1b","1b","E: Conc. Uncertainty","1b","1b","1b","1b","1b","1b","1b","1b","1b","1b","1b","1b","E: Conc. Uncertainty","1b","1b","1b","1b","1b","E: Conc. Uncertainty","1b","1b","1b","E: Conc. Uncertainty","E: Conc. Uncertainty","1b","1b","1b","1b","1b","1b","1b","1b"
"2024-12-25 21:00:00","PM10",0,0,NA,262.4234,NA,137.2613,0,NA,0,1.0038,0,56.00758835,0,NA,1.821622724,3.557366515,0,0,1.230149421,NA,NA,NA,NA,NA,0,0,0,0,0,NA,NA,0,NA,0,0,0,0,0,0,0,"1b","1b","E: Conc. Uncertainty","1b","E: Conc. Uncertainty","1b","1b","E: Conc. Uncertainty","1b","1b","1b","1b","1b","E: Conc. Uncertainty","1b","1b","1b","1b","1b","E: Conc. Uncertainty","E: Conc. Uncertainty","E: Conc. Uncertainty","E: Conc. Uncertainty","E: Conc. Uncertainty","1b","1b","1b","1b","1b","E: Conc. Uncertainty","E: Conc. Uncertainty","1b","E: Conc. Uncertainty","1b","1b","1b","1b","1b","1b","1b"
"2024-12-25 22:00:00","PM2.5",0,0,NA,187.4872,0,50.6128,0,0,0,0.7322,0,13.76532886,0,0,NA,1.396713973,0,NA,0.773365888,0,NA,0,0,0,0,0,NA,0,0,NA,NA,NA,0.0371,0,0,0,0,0,0,0,"1b","1b","E: Conc. Uncertainty","1b","1b","1b","1b","1b","1b","1b","1b","1b","1b","1b","E: Conc. Uncertainty","1b","1b","E: Conc. Uncertainty","1b","1b","E: Conc. Uncertainty","1b","1b","1b","1b","1b","E: Conc. Uncertainty","1b","1b","E: Conc. Uncertainty","E: Conc. Uncertainty","E: Conc. Uncertainty","1b","1b","1b","1b","1b","1b","1b","1b"
"2024-12-25 23:00:00","PM10",0,0,NA,117.3113,NA,51.543,0,0,0,1.1409,0,19.12121985,NA,0,NA,2.18779132,0,0,NA,0,0,NA,NA,0,0,0,0,NA,0,NA,NA,0,NA,0,0,0,0,0,0,0,"1b","1b","E: Conc. Uncertainty","1b","E: Conc. Uncertainty","1b","1b","1b","1b","1b","1b","1b","E: Conc. Uncertainty","1b","E: Conc. Uncertainty","1b","1b","1b","E: Conc. Uncertainty","1b","1b","E: Conc. Uncertainty","E: Conc. Uncertainty","1b","1b","1b","1b","E: Conc. Uncertainty","1b","E: Conc. Uncertainty","E: Conc. Uncertainty","1b","E: Conc. Uncertainty","1b","1b","1b","1b","1b","1b","1b"
"2024-12-26 00:30:00","PM2.5",0,0,0,107.4701,0,32.726,0,0,0,1.8752,0,9.290555498,NA,0,0,NA,0,0,NA,0,0,NA,NA,0,0,NA,NA,0,0,0,0,0,0,0,0,0,0,0,0,0,"1b","1b","1b","1b","1b","1b","1b","1b","1b","1b","1b","1b","E: Conc. Uncertainty","1b","1b","E: Conc. Uncertainty","1b","1b","E: Conc. Uncertainty","1b","1b","E: Conc. Uncertainty","E: Conc. Uncertainty","1b","1b","E: Conc. Uncertainty","E: Conc. Uncertainty","1b","1b","1b","1b","1b","1b","1b","1b","1b","1b","1b","1b","1b"
"2024-12-26 01:00:00","PM10",0,0,0,111.0524,NA,31.1367,0,0.0134,0,1.076,0,28.95198079,0,0,NA,NA,NA,0,0.688505911,NA,0,NA,NA,0,0,0,0,0,0,0,NA,NA,0,NA,0,0,0,NA,0,0,"1b","1b","1b","1b","E: Conc. Uncertainty","1b","1b","1b","1b","1b","1b","1b","1b","1b","E: Conc. Uncertainty","E: Conc. Uncertainty","E: Conc. Uncertainty","1b","1b","E: Conc. Uncertainty","1b","E: Conc. Uncertainty","E: Conc. Uncertainty","1b","1b","1b","1b","1b","1b","1b","E: Conc. Uncertainty","E: Conc. Uncertainty","1b","E: Conc. Uncertainty","1b","1b","1b","E: Conc. Uncertainty","1b","1b"
"2024-12-26 02:00:00","PM2.5",0,0,0,88.024,NA,23.8151,0,NA,0,0.7653,0,5.8572099,0,0,0,1.015782815,0,0,NA,0,NA,NA,NA,0,0,NA,0,NA,0,NA,NA,NA,0,0,0,0,0,0,0,0,"1b","1b","1b","1b","E: Conc. Uncertainty","1b","1b","E: Conc. Uncertainty","1b","1b","1b","1b","1b","1b","1b","1b","1b","1b","E: Conc. Uncertainty","1b","E: Conc. Uncertainty","E: Conc. Uncertainty","E: Conc. Uncertainty","1b","1b","E: Conc. Uncertainty","1b","E: Conc. Uncertainty","1b","E: Conc. Uncertainty","E: Conc. Uncertainty","E: Conc. Uncertainty","1b","1b","1b","1b","1b","1b","1b","1b"
"2024-12-26 03:00:00","PM10",0,0,0,46.3988,7.5145,21.5804,0,0,0,1.3185,0,4.617007868,NA,NA,0,NA,0,0,NA,0,NA,0,NA,0,NA,0,0,NA,0,0,NA,0,0,0,0,0,0,0,0,0,"1b","1b","1b","1b","1b","1b","1b","1b","1b","1b","1b","1b","E: Conc. Uncertainty","E: Conc. Uncertainty","1b","E: Conc. Uncertainty","1b","1b","E: Conc. Uncertainty","1b","E: Conc. Uncertainty","1b","E: Conc. Uncertainty","1b","E: Conc. Uncertainty","1b","1b","E: Conc. Uncertainty","1b","1b","E: Conc. Uncertainty","1b","1b","1b","1b","1b","1b","1b","1b","1b"
"2024-12-26 04:00:00","PM2.5",0,0,0,45.1705,NA,17.1034,0,0,0,0.7367,0,2.176190525,0,0,0,NA,0,0,NA,0,0,NA,NA,0,0,NA,0,0,0,0,0,0,NA,0,0,0.01058018,0,0,0,0,"1b","1b","1b","1b","E: Conc. Uncertainty","1b","1b","1b","1b","1b","1b","1b","1b","1b","1b","E: Conc. Uncertainty","1b","1b","E: Conc. Uncertainty","1b","1b","E: Conc. Uncertainty","E: Conc. Uncertainty","1b","1b","E: Conc. Uncertainty","1b","1b","1b","1b","1b","1b","E: Conc. Uncertainty","1b","1b","1b","1b","1b","1b","1b"
"2024-12-26 05:00:00","PM10",0,0,0,36.5592,0,20.6235,0,0,0,0.65,0,4.148417102,0,NA,NA,NA,0,0,0,NA,NA,0,NA,0,0,0,NA,NA,0,0,0,NA,0,NA,0,0,0,0,0,0,"1b","1b","1b","1b","1b","1b","1b","1b","1b","1b","1b","1b","1b","E: Conc. Uncertainty","E: Conc. Uncertainty","E: Conc. Uncertainty","1b","1b","1b","E: Conc. Uncertainty","E: Conc. Uncertainty","1b","E: Conc. Uncertainty","1b","1b","1b","E: Conc. Uncertainty","E: Conc. Uncertainty","1b","1b","1b","E: Conc. Uncertainty","1b","E: Conc. Uncertainty","1b","1b","1b","1b","1b","1b"
"2024-12-26 06:00:00","PM2.5",0,0,0,36.3452,0,15.1473,0,0,0,1.1849,0,2.17943154,0,0,0,NA,0,0,NA,0,0,NA,NA,0,0,0,0,0,0,0,NA,0,0,NA,0,0,0,0,0,0,"1b","1b","1b","1b","1b","1b","1b","1b","1b","1b","1b","1b","1b","1b","1b","E: Conc. Uncertainty","1b","1b","E: Conc. Uncertainty","1b","1b","E: Conc. Uncertainty","E: Conc. Uncertainty","1b","1b","1b","1b","1b","1b","1b","E: Conc. Uncertainty","1b","1b","E: Conc. Uncertainty","1b","1b","1b","1b","1b","1b"
"2024-12-26 07:00:00","PM10",0,0,0,20.6324,0,18.5774,0,0,0,NA,0,12.31315998,NA,0,NA,NA,0,0,NA,0,0,NA,0,NA,0,NA,0,NA,0,0,NA,NA,0,0,0,0,0,0,0,0,"1b","1b","1b","1b","1b","1b","1b","1b","1b","E: Conc. Uncertainty","1b","1b","E: Conc. Uncertainty","1b","E: Conc. Uncertainty","E: Conc. Uncertainty","1b","1b","E: Conc. Uncertainty","1b","1b","E: Conc. Uncertainty","1b","E: Conc. Uncertainty","1b","E: Conc. Uncertainty","1b","E: Conc. Uncertainty","1b","1b","E: Conc. Uncertainty","E: Conc. Uncertainty","1b","1b","1b","1b","1b","1b","1b","1b"
"2024-12-26 08:00:00","PM2.5",0,0,0,11.2458,0,28.0266,19.0424,NA,0,0.8264,0,1.358819454,NA,0,0,NA,0,0,0,0,0,NA,0,0,0,NA,NA,0,0,0,0,0,0,NA,0,0,0,0,0,0,"1b","1b","1b","1b","1b","1b","1b","E: Conc. Uncertainty","1b","1b","1b","1b","E: Conc. Uncertainty","1b","1b","E: Conc. Uncertainty","1b","1b","1b","1b","1b","E: Conc. Uncertainty","1b","1b","1b","E: Conc. Uncertainty","E: Conc. Uncertainty","1b","1b","1b","1b","1b","1b","E: Conc. Uncertainty","1b","1b","1b","1b","1b","1b"
"2024-12-26 09:00:00","PM10",0,0,0,24.2153,NA,59.4408,55.6003,0,0,1.2085,0,8.600208129,0,0,NA,0.976361002,0,0,NA,0,NA,NA,0,0,0,0,NA,0,0,0,NA,0,0,0,0,0,0,0,0,0,"1b","1b","1b","1b","E: Conc. Uncertainty","1b","1b","1b","1b","1b","1b","1b","1b","1b","E: Conc. Uncertainty","1b","1b","1b","E: Conc. Uncertainty","1b","E: Conc. Uncertainty","E: Conc. Uncertainty","1b","1b","1b","1b","E: Conc. Uncertainty","1b","1b","1b","E: Conc. Uncertainty","1b","1b","1b","1b","1b","1b","1b","1b","1b"
"2024-12-26 10:00:00","PM2.5",0,0,0,30.5172,0,97.1706,0,0,0,0.7945,0,6.362185259,NA,0,NA,1.248130627,0,NA,NA,0,NA,NA,0,0,0,0,NA,0,0,NA,NA,NA,0,0,0,0,0,0,0,0,"1b","1b","1b","1b","1b","1b","1b","1b","1b","1b","1b","1b","E: Conc. Uncertainty","1b","E: Conc. Uncertainty","1b","1b","E: Conc. Uncertainty","E: Conc. Uncertainty","1b","E: Conc. Uncertainty","E: Conc. Uncertainty","1b","1b","1b","1b","E: Conc. Uncertainty","1b","1b","E: Conc. Uncertainty","E: Conc. Uncertainty","E: Conc. Uncertainty","1b","1b","1b","1b","1b","1b","1b","1b"
"2024-12-26 11:00:00","PM10",0,0,0,46.7847,NA,55.5301,NA,0,0,NA,0,24.79173466,0,0,0.858355091,0.999418652,0,0,NA,0,0,0,NA,0,0,0,0,0,0,0,0,NA,0,0,NA,0,0,0,0,0,"1b","1b","1b","1b","E: Conc. Uncertainty","1b","E: Conc. Uncertainty","1b","1b","E: Conc. Uncertainty","1b","1b","1b","1b","1b","1b","1b","1b","E: Conc. Uncertainty","1b","1b","1b","E: Conc. Uncertainty","1b","1b","1b","1b","1b","1b","1b","1b","E: Conc. Uncertainty","1b","1b","E: Conc. Uncertainty","1b","1b","1b","1b","1b"
"2024-12-26 12:00:00","PM2.5",0,0,0,69.2151,0,64.3592,NA,NA,NA,1.0267,0,14.75729512,NA,NA,0,1.044091999,0,0,NA,0,NA,NA,0,0,0,0,0,0,0,NA,NA,0,0,0,NA,0,0,0,1.503738079,0,"1b","1b","1b","1b","1b","1b","E: Conc. Uncertainty","E: Conc. Uncertainty","E: Conc. Uncertainty","1b","1b","1b","E: Conc. Uncertainty","E: Conc. Uncertainty","1b","1b","1b","1b","E: Conc. Uncertainty","1b","E: Conc. Uncertainty","E: Conc. Uncertainty","1b","1b","1b","1b","1b","1b","1b","E: Conc. Uncertainty","E: Conc. Uncertainty","1b","1b","1b","E: Conc. Uncertainty","1b","1b","1b","1b","1b"
"2024-12-26 13:00:00","PM10",0,0,0,96.638,NA,39.1962,0,0,0,1.141,0,55.61551175,0.007111084,0,0.83492491,2.425848841,0,0,1.170604799,0,0,0,0,0,0,0,0,NA,NA,0,0,0,0,0,0,0,0,0,3.323661443,0,"1b","1b","1b","1b","E: Conc. Uncertainty","1b","1b","1b","1b","1b","1b","1b","1b","1b","1b","1b","1b","1b","1b","1b","1b","1b","1b","1b","1b","1b","1b","E: Conc. Uncertainty","E: Conc. Uncertainty","1b","1b","1b","1b","1b","1b","1b","1b","1b","1b","1b"
"2024-12-26 14:00:00","PM2.5",0,0,NA,122.8928,8.0153,15.763,20.4584,NA,0,1.3108,0,31.42475547,0,0,NA,1.57493855,0,0,1.817567085,0,NA,NA,NA,0,0,NA,NA,0,0,0,NA,0,0,0.0262,0,0,0,0,0,0,"1b","1b","E: Conc. Uncertainty","1b","1b","1b","1b","E: Conc. Uncertainty","1b","1b","1b","1b","1b","1b","E: Conc. Uncertainty","1b","1b","1b","1b","1b","E: Conc. Uncertainty","E: Conc. Uncertainty","E: Conc. Uncertainty","1b","1b","E: Conc. Uncertainty","E: Conc. Uncertainty","1b","1b","1b","E: Conc. Uncertainty","1b","1b","1b","1b","1b","1b","1b","1b","1b"
"2024-12-26 15:00:00","PM10",0,0,0,145.6265,NA,23.3696,NA,0,0,1.3622,0,87.03563631,0,0,1.739200963,3.503897243,0,0,2.473953764,0,0,0,NA,0,0,0,0,NA,0,NA,0,NA,NA,0,0,0,0,0,0,0,"1b","1b","1b","1b","E: Conc. Uncertainty","1b","E: Conc. Uncertainty","1b","1b","1b","1b","1b","1b","1b","1b","1b","1b","1b","1b","1b","1b","1b","E: Conc. Uncertainty","1b","1b","1b","1b","E: Conc. Uncertainty","1b","E: Conc. Uncertainty","1b","E: Conc. Uncertainty","E: Conc. Uncertainty","1b","1b","1b","1b","1b","1b","1b"
"2024-12-26 16:00:00","PM2.5",0,0,NA,106.6311,10.3575,30.7433,26.9689,0,0.009,1.1153,0,24.07868183,0,0,NA,2.421861822,0,0,1.731264417,0,0,0,NA,0,0,0,NA,0,0,0,NA,NA,0,0,0,0,0,0,0,0,"1b","1b","E: Conc. Uncertainty","1b","1b","1b","1b","1b","1b","1b","1b","1b","1b","1b","E: Conc. Uncertainty","1b","1b","1b","1b","1b","1b","1b","E: Conc. Uncertainty","1b","1b","1b","E: Conc. Uncertainty","1b","1b","1b","E: Conc. Uncertainty","E: Conc. Uncertainty","1b","1b","1b","1b","1b","1b","1b","1b"
"2024-12-26 17:00:00","PM10",0,0,0,57.3762,12.0687,49.7635,449.034,NA,0,1.1057,0,35.22031348,0,NA,0.937536848,1.725995649,0,0,NA,0,0,0,NA,0,0,NA,NA,0,0,0,0.0749,0,0,0,0,0,0,0,0,0,"1b","1b","1b","1b","1b","1b","1b","E: Conc. Uncertainty","1b","1b","1b","1b","1b","E: Conc. Uncertainty","1b","1b","1b","1b","E: Conc. Uncertainty","1b","1b","1b","E: Conc. Uncertainty","1b","1b","E: Conc. Uncertainty","E: Conc. Uncertainty","1b","1b","1b","1b","1b","1b","1b","1b","1b","1b","1b","1b","1b"
"2024-12-26 18:00:00","PM2.5",0,0,0,91.093,12.553,93.8944,90.8243,0,0,1.0803,0,18.26805785,0,NA,NA,4.180772291,0,0,1.183750484,NA,NA,NA,NA,0,0,NA,0,0,0,0,NA,NA,0,0,0,0,0,0,NA,0,"1b","1b","1b","1b","1b","1b","1b","1b","1b","1b","1b","1b","1b","E: Conc. Uncertainty","E: Conc. Uncertainty","1b","1b","1b","1b","E: Conc. Uncertainty","E: Conc. Uncertainty","E: Conc. Uncertainty","E: Conc. Uncertainty","1b","1b","E: Conc. Uncertainty","1b","1b","1b","1b","E: Conc. Uncertainty","E: Conc. Uncertainty","1b","1b","1b","1b","1b","1b","E: Conc. Uncertainty","1b"
"2024-12-26 19:00:00","PM10",0,0,0,135.2467,25.4849,146.1117,0,0,0,0.8308,0,41.91733662,0,0,0.804133678,8.526530031,0,0,1.347353103,0,NA,0,0,NA,0,0,0,0,0,0,NA,0,0,0,0,0,0,0,2.269106303,0,"1b","1b","1b","1b","1b","1b","1b","1b","1b","1b","1b","1b","1b","1b","1b","1b","1b","1b","1b","1b","E: Conc. Uncertainty","1b","1b","E: Conc. Uncertainty","1b","1b","1b","1b","1b","1b","E: Conc. Uncertainty","1b","1b","1b","1b","1b","1b","1b","1b","1b"
"2024-12-26 20:00:00","PM2.5",0,0,NA,67.5316,NA,88.6542,0,0,0,0.8099,0,11.68754521,0,0,NA,2.036737813,0,0,NA,0,NA,0,NA,0,0,0,0,NA,0,0.1777,NA,0,0,0,0,0,0,0,0,0,"1b","1b","E: Conc. Uncertainty","1b","E: Conc. Uncertainty","1b","1b","1b","1b","1b","1b","1b","1b","1b","E: Conc. Uncertainty","1b","1b","1b","E: Conc. Uncertainty","1b","E: Conc. Uncertainty","1b","E: Conc. Uncertainty","1b","1b","1b","1b","E: Conc. Uncertainty","1b","1b","E: Conc. Uncertainty","1b","1b","1b","1b","1b","1b","1b","1b","1b"
"2024-12-26 21:00:00","PM10",0,0,0,69.6473,0,66.2576,0,0,0,1.2357,0,18.17455059,0,0,0,1.577204874,0,0,NA,0,NA,0,NA,0,0,0,0,0,0,0,0,NA,0,0,0,0,0,0,0,0,"1b","1b","1b","1b","1b","1b","1b","1b","1b","1b","1b","1b","1b","1b","1b","1b","1b","1b","E: Conc. Uncertainty","1b","E: Conc. Uncertainty","1b","E: Conc. Uncertainty","1b","1b","1b","1b","1b","1b","1b","1b","E: Conc. Uncertainty","1b","1b","1b","1b","1b","1b","1b","1b"
"2024-12-26 22:00:00","PM2.5",0,0,0,46.1406,0,43.1583,0,0,0,1.1042,0,5.746100864,0,0,NA,1.229349584,0,0,0,0,NA,0,0,0,0,0,0,0,0,0,0,NA,0,0.0317,0,0,0,0,0,0,"1b","1b","1b","1b","1b","1b","1b","1b","1b","1b","1b","1b","1b","1b","E: Conc. Uncertainty","1b","1b","1b","1b","1b","E: Conc. Uncertainty","1b","1b","1b","1b","1b","1b","1b","1b","1b","1b","E: Conc. Uncertainty","1b","1b","1b","1b","1b","1b","1b","1b"
"2024-12-26 23:00:00","PM10",0,0,NA,60.0155,0,53.2117,0,0,0,0.9706,0,13.29487062,NA,NA,0,NA,0,0,NA,NA,NA,NA,NA,0,0,NA,0,NA,NA,NA,NA,0,0,0,0,NA,0,0,0,0,"1b","1b","E: Conc. Uncertainty","1b","1b","1b","1b","1b","1b","1b","1b","1b","E: Conc. Uncertainty","E: Conc. Uncertainty","1b","E: Conc. Uncertainty","1b","1b","E: Conc. Uncertainty","E: Conc. Uncertainty","E: Conc. Uncertainty","E: Conc. Uncertainty","E: Conc. Uncertainty","1b","1b","E: Conc. Uncertainty","1b","E: Conc. Uncertainty","E: Conc. Uncertainty","E: Conc. Uncertainty","E: Conc. Uncertainty","1b","1b","1b","1b","E: Conc. Uncertainty","1b","1b","1b","1b"
"2024-12-27 00:30:00","PM2.5",0,0,0,26.75,0,36.0977,0,0,0,1.6998,0,2.387800149,0,0.0136975,0,0,0,0,0,0,0,0,0,0,0,0,0,0,0,0,0.1141,0,0,0,0,0,0,0,0,0,"1b","1b","1b","1b","1b","1b","1b","1b","1b","1b","1b","1b","1b","1b","1b","1b","1b","1b","1b","1b","1b","1b","1b","1b","1b","1b","1b","1b","1b","1b","1b","1b","1b","1b","1b","1b","1b","1b","1b","1b"
"2024-12-27 01:00:00","PM10",0,0,0,28.7583,0,35.2023,0,0,0,1.2577,0,6.340634788,0,NA,NA,NA,0,0,NA,0,0,NA,0,0,0,0,NA,0,0,0,0,0,NA,0,0,0,0,0,0,0,"1b","1b","1b","1b","1b","1b","1b","1b","1b","1b","1b","1b","1b","E: Conc. Uncertainty","E: Conc. Uncertainty","E: Conc. Uncertainty","1b","1b","E: Conc. Uncertainty","1b","1b","E: Conc. Uncertainty","1b","1b","1b","1b","E: Conc. Uncertainty","1b","1b","1b","1b","1b","E: Conc. Uncertainty","1b","1b","1b","1b","1b","1b","1b"
"2024-12-27 02:00:00","PM2.5",0,0,NA,17.9872,0,7.2815,0,0,0,0.9338,0,2.436707634,0,0,0,0,0,0,0,0,0,0,NA,0,0,0,0,NA,0,NA,0,0,0,0,0,0,0,0,0,0,"1b","1b","E: Conc. Uncertainty","1b","1b","1b","1b","1b","1b","1b","1b","1b","1b","1b","1b","1b","1b","1b","1b","1b","1b","1b","E: Conc. Uncertainty","1b","1b","1b","1b","E: Conc. Uncertainty","1b","E: Conc. Uncertainty","1b","1b","1b","1b","1b","1b","1b","1b","1b","1b"
"2024-12-27 03:00:00","PM10",0,0,NA,32.337,NA,11.9946,0,0,0,0.9262,0,4.646455271,NA,NA,NA,NA,0,0,NA,0,NA,0,0,0,0,NA,0,0,0,NA,NA,0,0,0,0,0,0,0,0,0,"1b","1b","E: Conc. Uncertainty","1b","E: Conc. Uncertainty","1b","1b","1b","1b","1b","1b","1b","E: Conc. Uncertainty","E: Conc. Uncertainty","E: Conc. Uncertainty","E: Conc. Uncertainty","1b","1b","E: Conc. Uncertainty","1b","E: Conc. Uncertainty","1b","1b","1b","1b","E: Conc. Uncertainty","1b","1b","1b","E: Conc. Uncertainty","E: Conc. Uncertainty","1b","1b","1b","1b","1b","1b","1b","1b","1b"
"2024-12-27 04:00:00","PM2.5",0,0,NA,24.957,NA,11.4928,0,0,0,1.1387,0,2.381357056,NA,0,NA,NA,0,0,NA,0,0,NA,NA,0,0,0,0,0.0233,0,0,0,NA,0,0,0,NA,0,0,0,0,"1b","1b","E: Conc. Uncertainty","1b","E: Conc. Uncertainty","1b","1b","1b","1b","1b","1b","1b","E: Conc. Uncertainty","1b","E: Conc. Uncertainty","E: Conc. Uncertainty","1b","1b","E: Conc. Uncertainty","1b","1b","E: Conc. Uncertainty","E: Conc. Uncertainty","1b","1b","1b","1b","1b","1b","1b","1b","E: Conc. Uncertainty","1b","1b","1b","E: Conc. Uncertainty","1b","1b","1b","1b"
"2024-12-27 05:00:00","PM10",0,0,NA,27.8215,0,10.1652,0,0,0,1.094,0,3.761342652,0,0,0,0,0,0,NA,0,NA,0,NA,0,0,0,0,NA,0,NA,NA,0,0,0,0,0,0,0,0,0,"1b","1b","E: Conc. Uncertainty","1b","1b","1b","1b","1b","1b","1b","1b","1b","1b","1b","1b","1b","1b","1b","E: Conc. Uncertainty","1b","E: Conc. Uncertainty","1b","E: Conc. Uncertainty","1b","1b","1b","1b","E: Conc. Uncertainty","1b","E: Conc. Uncertainty","E: Conc. Uncertainty","1b","1b","1b","1b","1b","1b","1b","1b","1b"
"2024-12-27 06:00:00","PM2.5",0,0,0,24.0839,NA,6.3868,0,0,0,0.724,0,3.748060079,0,0,NA,0,0,0,0,0,0,NA,0,0,0,0,0,0,0,0,0,0,NA,0,0,NA,0,0,0,0,"1b","1b","1b","1b","E: Conc. Uncertainty","1b","1b","1b","1b","1b","1b","1b","1b","1b","E: Conc. Uncertainty","1b","1b","1b","1b","1b","1b","E: Conc. Uncertainty","1b","1b","1b","1b","1b","1b","1b","1b","1b","1b","E: Conc. Uncertainty","1b","1b","E: Conc. Uncertainty","1b","1b","1b","1b"
"2024-12-27 07:00:00","PM10",0,0,0,22.246,NA,11.6965,0,0,0,1.1627,0,38.06023962,0,NA,1.089099353,NA,0,0,0,0,0,0,0,0,0,NA,0,0,0,0,0,0,NA,0,0,0,NA,0,0,0,"1b","1b","1b","1b","E: Conc. Uncertainty","1b","1b","1b","1b","1b","1b","1b","1b","E: Conc. Uncertainty","1b","E: Conc. Uncertainty","1b","1b","1b","1b","1b","1b","1b","1b","1b","E: Conc. Uncertainty","1b","1b","1b","1b","1b","1b","E: Conc. Uncertainty","1b","1b","1b","E: Conc. Uncertainty","1b","1b","1b"
"2024-12-27 08:00:00","PM2.5",NA,0,0,23.2173,0,0,0,0,0,0.7079,0,16.42670488,0,0,NA,0,0,0,NA,0,NA,0,0,0,0,0,0,0,0,0,NA,NA,0,0,0,0,0,0,0,0,"E: Conc. Uncertainty","1b","1b","1b","1b","1b","1b","1b","1b","1b","1b","1b","1b","1b","E: Conc. Uncertainty","1b","1b","1b","E: Conc. Uncertainty","1b","E: Conc. Uncertainty","1b","1b","1b","1b","1b","1b","1b","1b","1b","E: Conc. Uncertainty","E: Conc. Uncertainty","1b","1b","1b","1b","1b","1b","1b","1b"
"2024-12-27 11:00:00","PM10",0,0,0,129.8294,37.1084,24.3729,6.8278,NA,0,1.1281,NA,146.9503532,0,0,2.175746111,2.241552796,0,0,0.638264474,0,0,0,0,0,0,0,NA,0,0,NA,0,NA,NA,0,0,0,0,0,0,0,"1b","1b","1b","1b","1b","1b","1b","E: Conc. Uncertainty","1b","1b","E: Conc. Uncertainty","1b","1b","1b","1b","1b","1b","1b","1b","1b","1b","1b","1b","1b","1b","1b","E: Conc. Uncertainty","1b","1b","E: Conc. Uncertainty","1b","E: Conc. Uncertainty","E: Conc. Uncertainty","1b","1b","1b","1b","1b","1b","1b"
"2024-12-27 12:00:00","PM2.5",0,0,0,207.7971,32.0047,16.6363,NA,NA,0,1.0482,0,70.54547119,0,0.006368714,1.394748354,4.556896218,NA,0,2.223851139,0,1.938327246,0,0,0,0,0,0,0,0,0,NA,0,NA,0,NA,0,0,0,3.874090729,0,"1b","1b","1b","1b","1b","1b","E: Conc. Uncertainty","E: Conc. Uncertainty","1b","1b","1b","1b","1b","1b","1b","1b","E: Conc. Uncertainty","1b","1b","1b","1b","1b","1b","1b","1b","1b","1b","1b","1b","1b","E: Conc. Uncertainty","1b","E: Conc. Uncertainty","1b","E: Conc. Uncertainty","1b","1b","1b","1b","1b"
"2024-12-27 13:00:00","PM10",0,0,0,188.2074,88.8469,29.0523,25.6889,NA,0,1.2487,NA,187.7133672,0,0,3.507635335,11.59486433,0,0,6.053208265,0,NA,NA,NA,0,0,0,0,0,0,0,NA,0,2.8212,0,0,0,0,0,5.01873989,0,"1b","1b","1b","1b","1b","1b","1b","E: Conc. Uncertainty","1b","1b","E: Conc. Uncertainty","1b","1b","1b","1b","1b","1b","1b","1b","1b","E: Conc. Uncertainty","E: Conc. Uncertainty","E: Conc. Uncertainty","1b","1b","1b","1b","1b","1b","1b","E: Conc. Uncertainty","1b","1b","1b","1b","1b","1b","1b","1b","1b"
"2024-12-27 14:00:00","PM2.5",0,0,0,169.5647,107.9035,45.9713,NA,1.034,NA,0.8758,NA,76.57928931,0,0,1.831201681,5.747373682,0,0,2.663810864,0,NA,0,NA,0,0,NA,NA,NA,NA,0,NA,NA,0,0,NA,0,0,0,4.712910267,0,"1b","1b","1b","1b","1b","1b","E: Conc. Uncertainty","1b","E: Conc. Uncertainty","1b","E: Conc. Uncertainty","1b","1b","1b","1b","1b","1b","1b","1b","1b","E: Conc. Uncertainty","1b","E: Conc. Uncertainty","1b","1b","E: Conc. Uncertainty","E: Conc. Uncertainty","E: Conc. Uncertainty","E: Conc. Uncertainty","1b","E: Conc. Uncertainty","E: Conc. Uncertainty","1b","1b","E: Conc. Uncertainty","1b","1b","1b","1b","1b"
"2024-12-27 15:00:00","PM10",0,0,0,191.2409,72.7335,92.8173,102.0345,3.5087,0,1.819,NA,249.2898926,0,0,5.381234331,11.05564275,0,0,2.160691356,0,NA,NA,NA,NA,0,0,NA,0,0,0,0,0,0,0,0,0,0,0,1.173674663,0,"1b","1b","1b","1b","1b","1b","1b","1b","1b","1b","E: Conc. Uncertainty","1b","1b","1b","1b","1b","1b","1b","1b","1b","E: Conc. Uncertainty","E: Conc. Uncertainty","E: Conc. Uncertainty","E: Conc. Uncertainty","1b","1b","E: Conc. Uncertainty","1b","1b","1b","1b","1b","1b","1b","1b","1b","1b","1b","1b","1b"
"2024-12-27 16:00:00","PM2.5",0,0,NA,169.2959,44.264,57.6664,NA,0,0,1.3214,0,104.0576815,0,0,2.519521019,8.498170701,0,0,3.018557962,NA,0,NA,NA,NA,0,0,NA,NA,0,0,NA,0,NA,0,0,0,0,NA,1.620280255,0,"1b","1b","E: Conc. Uncertainty","1b","1b","1b","E: Conc. Uncertainty","1b","1b","1b","1b","1b","1b","1b","1b","1b","1b","1b","1b","E: Conc. Uncertainty","1b","E: Conc. Uncertainty","E: Conc. Uncertainty","E: Conc. Uncertainty","1b","1b","E: Conc. Uncertainty","E: Conc. Uncertainty","1b","1b","E: Conc. Uncertainty","1b","E: Conc. Uncertainty","1b","1b","1b","1b","E: Conc. Uncertainty","1b","1b"
"2024-12-27 17:00:00","PM10",0,0,NA,143.5199,93.0909,53.7583,2.8178,NA,0,1.9041,NA,249.175591,0,NA,5.254604981,9.889490647,0,0,1.415335659,0,NA,NA,0,NA,0,0,0,0,0,0,0,0,2.8722,0,0,0,0,0,0,0,"1b","1b","E: Conc. Uncertainty","1b","1b","1b","1b","E: Conc. Uncertainty","1b","1b","E: Conc. Uncertainty","1b","1b","E: Conc. Uncertainty","1b","1b","1b","1b","1b","1b","E: Conc. Uncertainty","E: Conc. Uncertainty","1b","E: Conc. Uncertainty","1b","1b","1b","1b","1b","1b","1b","1b","1b","1b","1b","1b","1b","1b","1b","1b"
"2024-12-27 18:00:00","PM2.5",0,0,NA,130.7743,39.0243,39.0901,2.6921,NA,0,0.8279,0,94.05399071,0,NA,2.217318197,6.588649519,0,0,2.334675118,0,NA,NA,NA,0,0,0,0,NA,0,0,NA,NA,0,0,0,NA,0,0,NA,0,"1b","1b","E: Conc. Uncertainty","1b","1b","1b","1b","E: Conc. Uncertainty","1b","1b","1b","1b","1b","E: Conc. Uncertainty","1b","1b","1b","1b","1b","1b","E: Conc. Uncertainty","E: Conc. Uncertainty","E: Conc. Uncertainty","1b","1b","1b","1b","E: Conc. Uncertainty","1b","1b","E: Conc. Uncertainty","E: Conc. Uncertainty","1b","1b","1b","E: Conc. Uncertainty","1b","1b","E: Conc. Uncertainty","1b"
"2024-12-27 19:00:00","PM10",0,0,0.4339,165.3029,29.5183,71.3641,NA,1.262,0,1.4592,NA,222.5541368,0,0,4.433491965,9.871376018,0,0,1.398304308,0,NA,0,NA,0,0,0,0,NA,0,NA,NA,NA,NA,0,0,0,0,0,0,0,"1b","1b","1b","1b","1b","1b","E: Conc. Uncertainty","1b","1b","1b","E: Conc. Uncertainty","1b","1b","1b","1b","1b","1b","1b","1b","1b","E: Conc. Uncertainty","1b","E: Conc. Uncertainty","1b","1b","1b","1b","E: Conc. Uncertainty","1b","E: Conc. Uncertainty","E: Conc. Uncertainty","E: Conc. Uncertainty","E: Conc. Uncertainty","1b","1b","1b","1b","1b","1b","1b"
"2024-12-27 20:00:00","PM2.5",0,0,0,175.9227,32.3963,87.5202,0,NA,0,1.0436,0,79.09603979,0,0,2.395848195,4.742321097,0,0,1.084197868,0,NA,NA,0,0.002140106,0,NA,0,NA,0,0,NA,0,0,NA,0,0,0,0,0,0,"1b","1b","1b","1b","1b","1b","1b","E: Conc. Uncertainty","1b","1b","1b","1b","1b","1b","1b","1b","1b","1b","1b","1b","E: Conc. Uncertainty","E: Conc. Uncertainty","1b","1b","1b","E: Conc. Uncertainty","1b","E: Conc. Uncertainty","1b","1b","E: Conc. Uncertainty","1b","1b","E: Conc. Uncertainty","1b","1b","1b","1b","1b","1b"
"2024-12-27 21:00:00","PM10",0,0,0,175.9849,196.9595,121.9293,NA,1.2855,0,1.5717,0,125.8582656,0,NA,3.809029654,8.858734544,0,0,1.92804208,0,NA,NA,0,0,0,0,0,NA,0,0,NA,0,NA,0,0,0,0,0,6.483807174,0,"1b","1b","1b","1b","1b","1b","E: Conc. Uncertainty","1b","1b","1b","1b","1b","1b","E: Conc. Uncertainty","1b","1b","1b","1b","1b","1b","E: Conc. Uncertainty","E: Conc. Uncertainty","1b","1b","1b","1b","1b","E: Conc. Uncertainty","1b","1b","E: Conc. Uncertainty","1b","E: Conc. Uncertainty","1b","1b","1b","1b","1b","1b","1b"
"2024-12-27 22:00:00","PM2.5",0,0,0,141.2525,64.888,66.1686,0,0,0,0.7777,0,47.29796218,0,NA,1.437223344,6.453266834,0,0,1.714276972,0,0,NA,NA,NA,0,0,0,0,0,0,NA,NA,NA,0,0,0,0,0,0,0,"1b","1b","1b","1b","1b","1b","1b","1b","1b","1b","1b","1b","1b","E: Conc. Uncertainty","1b","1b","1b","1b","1b","1b","1b","E: Conc. Uncertainty","E: Conc. Uncertainty","E: Conc. Uncertainty","1b","1b","1b","1b","1b","1b","E: Conc. Uncertainty","E: Conc. Uncertainty","E: Conc. Uncertainty","1b","1b","1b","1b","1b","1b","1b"
"2024-12-27 23:00:00","PM10",0,0,0,110.2173,NA,67.9122,0,0,0,1.7411,0,66.9551715,0,0,1.776745088,2.895172315,0,0,0.849843906,0,NA,NA,0,0,0,0,0,0,NA,NA,NA,NA,0,0,0,0,0,0,0,0,"1b","1b","1b","1b","E: Conc. Uncertainty","1b","1b","1b","1b","1b","1b","1b","1b","1b","1b","1b","1b","1b","1b","1b","E: Conc. Uncertainty","E: Conc. Uncertainty","1b","1b","1b","1b","1b","1b","E: Conc. Uncertainty","E: Conc. Uncertainty","E: Conc. Uncertainty","E: Conc. Uncertainty","1b","1b","1b","1b","1b","1b","1b","1b"
"2024-12-28 00:30:00","PM2.5",0,0,NA,69.0783,30.7546,31.0566,0,0,0,2.1286,0,11.57445403,0,0,NA,NA,0,0,0,0,0,0,NA,NA,0,0,0,0,0,0,0,NA,0,0,NA,0,0,0,0,0,"1b","1b","E: Conc. Uncertainty","1b","1b","1b","1b","1b","1b","1b","1b","1b","1b","1b","E: Conc. Uncertainty","E: Conc. Uncertainty","1b","1b","1b","1b","1b","1b","E: Conc. Uncertainty","E: Conc. Uncertainty","1b","1b","1b","1b","1b","1b","1b","E: Conc. Uncertainty","1b","1b","E: Conc. Uncertainty","1b","1b","1b","1b","1b"
"2024-12-28 01:00:00","PM10",0,0,0,67.3759,NA,31.7239,0,0,0,0.9152,0,12.51480401,0,0,NA,1.326892077,0,0,0.999867366,0,0,NA,0,0,0,0,NA,0,0,NA,NA,NA,0,0,0,0,0,0,0,0,"1b","1b","1b","1b","E: Conc. Uncertainty","1b","1b","1b","1b","1b","1b","1b","1b","1b","E: Conc. Uncertainty","1b","1b","1b","1b","1b","1b","E: Conc. Uncertainty","1b","1b","1b","1b","E: Conc. Uncertainty","1b","1b","E: Conc. Uncertainty","E: Conc. Uncertainty","E: Conc. Uncertainty","1b","1b","1b","1b","1b","1b","1b","1b"
"2024-12-28 02:00:00","PM2.5",NA,0,0,48.395,17.0464,24.2616,0,0,0,1.1514,0,2.912979321,NA,0,NA,1.239294146,0,0,1.36333754,0,0,0,NA,0,0,0,NA,NA,0,0,NA,0,0,0,0,0,0,0,0,0,"E: Conc. Uncertainty","1b","1b","1b","1b","1b","1b","1b","1b","1b","1b","1b","E: Conc. Uncertainty","1b","E: Conc. Uncertainty","1b","1b","1b","1b","1b","1b","1b","E: Conc. Uncertainty","1b","1b","1b","E: Conc. Uncertainty","E: Conc. Uncertainty","1b","1b","E: Conc. Uncertainty","1b","1b","1b","1b","1b","1b","1b","1b","1b"
"2024-12-28 03:00:00","PM10",0,0,0,63.5844,0,28.5065,0,0,0,0.7851,0,9.926266294,0,0,NA,0.949848024,0,0,NA,0,0,NA,NA,0,0,0,0,0,0,0,NA,NA,0,0,0,0,0,0,0,0,"1b","1b","1b","1b","1b","1b","1b","1b","1b","1b","1b","1b","1b","1b","E: Conc. Uncertainty","1b","1b","1b","E: Conc. Uncertainty","1b","1b","E: Conc. Uncertainty","E: Conc. Uncertainty","1b","1b","1b","1b","1b","1b","1b","E: Conc. Uncertainty","E: Conc. Uncertainty","1b","1b","1b","1b","1b","1b","1b","1b"
"2024-12-28 04:00:00","PM2.5",0,0,0,52.5453,NA,22.4499,0,0,0,1.2079,0,3.436464989,0,0,0,NA,0,0,NA,0,NA,NA,0,0,0,0,0,0,0,0,NA,NA,0,0,0,0,0,0,0,0,"1b","1b","1b","1b","E: Conc. Uncertainty","1b","1b","1b","1b","1b","1b","1b","1b","1b","1b","E: Conc. Uncertainty","1b","1b","E: Conc. Uncertainty","1b","E: Conc. Uncertainty","E: Conc. Uncertainty","1b","1b","1b","1b","1b","1b","1b","1b","E: Conc. Uncertainty","E: Conc. Uncertainty","1b","1b","1b","1b","1b","1b","1b","1b"
"2024-12-28 05:00:00","PM10",0,0,NA,36.5,NA,20.1154,0,0,0,0.7132,0,6.438344009,0,NA,0,NA,0,0,NA,0,0,0,NA,0,0,0,NA,0,0,0,0,0,0,0,0,0,0,0,0,0,"1b","1b","E: Conc. Uncertainty","1b","E: Conc. Uncertainty","1b","1b","1b","1b","1b","1b","1b","1b","E: Conc. Uncertainty","1b","E: Conc. Uncertainty","1b","1b","E: Conc. Uncertainty","1b","1b","1b","E: Conc. Uncertainty","1b","1b","1b","E: Conc. Uncertainty","1b","1b","1b","1b","1b","1b","1b","1b","1b","1b","1b","1b","1b"
"2024-12-28 06:00:00","PM2.5",0,0,0,31.6236,NA,14.8591,0,0,0,NA,0,10.5108586,0,0,NA,1.429401274,0,0,NA,0,NA,NA,0,0,0,0,0,0,0,0,0,NA,0,0,NA,0,0,0,0,0,"1b","1b","1b","1b","E: Conc. Uncertainty","1b","1b","1b","1b","E: Conc. Uncertainty","1b","1b","1b","1b","E: Conc. Uncertainty","1b","1b","1b","E: Conc. Uncertainty","1b","E: Conc. Uncertainty","E: Conc. Uncertainty","1b","1b","1b","1b","1b","1b","1b","1b","1b","E: Conc. Uncertainty","1b","1b","E: Conc. Uncertainty","1b","1b","1b","1b","1b"
"2024-12-28 07:00:00","PM10",0,0,0,45.5915,NA,25.7307,0,0,NA,0.9055,0,39.59250769,0,0,0.949589421,2.323980683,0,0,NA,0,NA,NA,0,0,0,NA,0,0,0,0,NA,NA,NA,0,0,0,0,0,0,0,"1b","1b","1b","1b","E: Conc. Uncertainty","1b","1b","1b","E: Conc. Uncertainty","1b","1b","1b","1b","1b","1b","1b","1b","1b","E: Conc. Uncertainty","1b","E: Conc. Uncertainty","E: Conc. Uncertainty","1b","1b","1b","E: Conc. Uncertainty","1b","1b","1b","1b","E: Conc. Uncertainty","E: Conc. Uncertainty","E: Conc. Uncertainty","1b","1b","1b","1b","1b","1b","1b"
"2024-12-28 08:00:00","PM2.5",0,0,0,39.9041,NA,29.5146,0,0,NA,0.8336,0,59.52309701,0,0,4.59973685,2.999255429,0,0,NA,0,NA,NA,NA,0,0,0,NA,NA,0,0,NA,0,NA,0,0,0,0,0,0,0,"1b","1b","1b","1b","E: Conc. Uncertainty","1b","1b","1b","E: Conc. Uncertainty","1b","1b","1b","1b","1b","1b","1b","1b","1b","E: Conc. Uncertainty","1b","E: Conc. Uncertainty","E: Conc. Uncertainty","E: Conc. Uncertainty","1b","1b","1b","E: Conc. Uncertainty","E: Conc. Uncertainty","1b","1b","E: Conc. Uncertainty","1b","E: Conc. Uncertainty","1b","1b","1b","1b","1b","1b","1b"
"2024-12-28 09:00:00","PM10",0,0,NA,51.7866,NA,24.4319,0,0,0,1.0367,0,59.71099309,0,0,1.188097617,2.147994862,0,0,NA,0,0,0,NA,0,0,0,0,0,0,0,NA,0,NA,0,0,0,0,0,0,0,"1b","1b","E: Conc. Uncertainty","1b","E: Conc. Uncertainty","1b","1b","1b","1b","1b","1b","1b","1b","1b","1b","1b","1b","1b","E: Conc. Uncertainty","1b","1b","1b","E: Conc. Uncertainty","1b","1b","1b","1b","1b","1b","1b","E: Conc. Uncertainty","1b","E: Conc. Uncertainty","1b","1b","1b","1b","1b","1b","1b"
"2024-12-28 10:00:00","PM2.5",0,0,0,86.2155,24.2643,45.954,0,0,0,NA,0,37.42355473,0,0,0.804342948,1.941750643,0,0,NA,NA,NA,NA,NA,0,0,NA,NA,0,NA,0,0,0,0,0,0,0,0,0,0,0,"1b","1b","1b","1b","1b","1b","1b","1b","1b","E: Conc. Uncertainty","1b","1b","1b","1b","1b","1b","1b","1b","E: Conc. Uncertainty","E: Conc. Uncertainty","E: Conc. Uncertainty","E: Conc. Uncertainty","E: Conc. Uncertainty","1b","1b","E: Conc. Uncertainty","E: Conc. Uncertainty","1b","E: Conc. Uncertainty","1b","1b","1b","1b","1b","1b","1b","1b","1b","1b","1b"
"2024-12-28 11:00:00","PM10",NA,0,NA,117.0093,39.8706,47.4987,3.4074,NA,0,1.1932,0,91.61337233,0,0,1.9052564,2.324871596,0,NA,0.759487608,0,0,0,NA,0,0,NA,0,0,0,0,NA,0,NA,0,0,0,0,0,0,0,"E: Conc. Uncertainty","1b","E: Conc. Uncertainty","1b","1b","1b","1b","E: Conc. Uncertainty","1b","1b","1b","1b","1b","1b","1b","1b","1b","E: Conc. Uncertainty","1b","1b","1b","1b","E: Conc. Uncertainty","1b","1b","E: Conc. Uncertainty","1b","1b","1b","1b","E: Conc. Uncertainty","1b","E: Conc. Uncertainty","1b","1b","1b","1b","1b","1b","1b"
"2024-12-28 12:00:00","PM2.5",0,0,0,106.4214,18.2202,39.789,0,0,0,0.8328,0,53.01522967,0,NA,1.517432219,3.146396053,0,0,0.79723282,0,NA,NA,0,0,0,0,NA,0,0,0,NA,0,0,0,0,0,0,0,0,0,"1b","1b","1b","1b","1b","1b","1b","1b","1b","1b","1b","1b","1b","E: Conc. Uncertainty","1b","1b","1b","1b","1b","1b","E: Conc. Uncertainty","E: Conc. Uncertainty","1b","1b","1b","1b","E: Conc. Uncertainty","1b","1b","1b","E: Conc. Uncertainty","1b","1b","1b","1b","1b","1b","1b","1b","1b"
"2024-12-28 13:00:00","PM10",0,0,0,152.9367,20.7714,42.4766,10.4051,1.0788,0,1.2991,NA,131.3391281,0,0,2.601107948,4.24519736,0,0,0.938899601,0,0,0,NA,0,0,NA,NA,NA,0,0,NA,0,NA,0,0,0,0,0,0,0,"1b","1b","1b","1b","1b","1b","1b","1b","1b","1b","E: Conc. Uncertainty","1b","1b","1b","1b","1b","1b","1b","1b","1b","1b","1b","E: Conc. Uncertainty","1b","1b","E: Conc. Uncertainty","E: Conc. Uncertainty","E: Conc. Uncertainty","1b","1b","E: Conc. Uncertainty","1b","E: Conc. Uncertainty","1b","1b","1b","1b","1b","1b","1b"
"2024-12-28 14:00:00","PM2.5",0,0,NA,136.7998,14.7425,39.4936,4.5017,0,0,0.9575,0,64.59671055,0,0,2.043509294,4.279838076,0,NA,1.559115335,NA,NA,NA,NA,0,0,0,0,0,0,0,0,NA,NA,0,0,0,0,0,0,0,"1b","1b","E: Conc. Uncertainty","1b","1b","1b","1b","1b","1b","1b","1b","1b","1b","1b","1b","1b","1b","E: Conc. Uncertainty","1b","E: Conc. Uncertainty","E: Conc. Uncertainty","E: Conc. Uncertainty","E: Conc. Uncertainty","1b","1b","1b","1b","1b","1b","1b","1b","E: Conc. Uncertainty","E: Conc. Uncertainty","1b","1b","1b","1b","1b","1b","1b"
"2024-12-28 15:00:00","PM10",0,0,NA,159.5597,31.6716,86.9853,6.0555,1.0985,0,1.8934,0,157.7150842,NA,0,3.486959803,6.84586355,0,0,1.767397978,0,NA,0,0,0,0,0,NA,0,0,NA,0.1598,0,NA,0,NA,0,0,0,0,0,"1b","1b","E: Conc. Uncertainty","1b","1b","1b","1b","1b","1b","1b","1b","1b","E: Conc. Uncertainty","1b","1b","1b","1b","1b","1b","1b","E: Conc. Uncertainty","1b","1b","1b","1b","1b","E: Conc. Uncertainty","1b","1b","E: Conc. Uncertainty","1b","1b","E: Conc. Uncertainty","1b","E: Conc. Uncertainty","1b","1b","1b","1b","1b"
"2024-12-28 16:00:00","PM2.5",0,0,0,138.3996,307.8524,68.5413,0,NA,0,1.1372,0,63.15899965,NA,0,2.075708783,25.42403644,0,0,2.43909871,0,0.885045757,NA,0,NA,0,0,NA,0,0,0,NA,NA,NA,0,NA,0,0,0,NA,0,"1b","1b","1b","1b","1b","1b","1b","E: Conc. Uncertainty","1b","1b","1b","1b","E: Conc. Uncertainty","1b","1b","1b","1b","1b","1b","1b","1b","E: Conc. Uncertainty","1b","E: Conc. Uncertainty","1b","1b","E: Conc. Uncertainty","1b","1b","1b","E: Conc. Uncertainty","E: Conc. Uncertainty","E: Conc. Uncertainty","1b","E: Conc. Uncertainty","1b","1b","1b","E: Conc. Uncertainty","1b"
"2024-12-28 17:00:00","PM10",0,0,0,223.5713,110.6221,64.9927,6.8867,1.0934,0,1.8718,0,186.4824259,0,0,3.873686787,17.84319985,0,0,5.644325901,0,NA,0,0,NA,NA,0,0,0,0,NA,NA,NA,NA,0,0,0,0,0,0,0,"1b","1b","1b","1b","1b","1b","1b","1b","1b","1b","1b","1b","1b","1b","1b","1b","1b","1b","1b","1b","E: Conc. Uncertainty","1b","1b","E: Conc. Uncertainty","E: Conc. Uncertainty","1b","1b","1b","1b","E: Conc. Uncertainty","E: Conc. Uncertainty","E: Conc. Uncertainty","E: Conc. Uncertainty","1b","1b","1b","1b","1b","1b","1b"
"2024-12-28 18:00:00","PM2.5",0,0,0,269.479,70.582,81.0641,NA,NA,0,1.2145,0,95.14524964,0,0,3.485584789,10.44779123,0,0,3.011361442,NA,NA,NA,NA,0,0,0,NA,0,0,0,0,0,NA,0,0,0,0,0,0,0,"1b","1b","1b","1b","1b","1b","E: Conc. Uncertainty","E: Conc. Uncertainty","1b","1b","1b","1b","1b","1b","1b","1b","1b","1b","1b","E: Conc. Uncertainty","E: Conc. Uncertainty","E: Conc. Uncertainty","E: Conc. Uncertainty","1b","1b","1b","E: Conc. Uncertainty","1b","1b","1b","1b","1b","E: Conc. Uncertainty","1b","1b","1b","1b","1b","1b","1b"
"2024-12-28 19:00:00","PM10",0,0,0,258.8372,211.5135,121.0606,NA,NA,0,1.3644,0,116.5827659,0,0,2.796374994,10.88195177,0,0,3.108217705,0,2.630843275,0,0,0,0,0,NA,0,0,0,NA,0,NA,0,0,0,0,0,1.235297732,0,"1b","1b","1b","1b","1b","1b","E: Conc. Uncertainty","E: Conc. Uncertainty","1b","1b","1b","1b","1b","1b","1b","1b","1b","1b","1b","1b","1b","1b","1b","1b","1b","1b","E: Conc. Uncertainty","1b","1b","1b","E: Conc. Uncertainty","1b","E: Conc. Uncertainty","1b","1b","1b","1b","1b","1b","1b"
"2024-12-28 20:00:00","PM2.5",0,0,NA,170.418,180.0045,83.738,0,0,0,1.3468,0,47.37937438,0.006937784,0,2.581447548,13.76889016,0,0,2.602781235,0,2.671128614,NA,0,0,0,0,0,0,0,NA,NA,0,NA,0,NA,0,0,0,3.644581386,0,"1b","1b","E: Conc. Uncertainty","1b","1b","1b","1b","1b","1b","1b","1b","1b","1b","1b","1b","1b","1b","1b","1b","1b","1b","E: Conc. Uncertainty","1b","1b","1b","1b","1b","1b","1b","E: Conc. Uncertainty","E: Conc. Uncertainty","1b","E: Conc. Uncertainty","1b","E: Conc. Uncertainty","1b","1b","1b","1b","1b"
"2024-12-28 21:00:00","PM10",0,0,0,90.4415,42.0061,41.7616,0,0,0,1.0483,0,53.83480378,0,NA,1.871938547,5.772576307,0,0,1.741574636,0,NA,NA,0,0,0,0,NA,NA,NA,0,NA,NA,0,0,0,0,0,0,0,0,"1b","1b","1b","1b","1b","1b","1b","1b","1b","1b","1b","1b","1b","E: Conc. Uncertainty","1b","1b","1b","1b","1b","1b","E: Conc. Uncertainty","E: Conc. Uncertainty","1b","1b","1b","1b","E: Conc. Uncertainty","E: Conc. Uncertainty","E: Conc. Uncertainty","1b","E: Conc. Uncertainty","E: Conc. Uncertainty","1b","1b","1b","1b","1b","1b","1b","1b"
"2024-12-28 22:00:00","PM2.5",0,0,0,102.8292,13.0094,42.0052,0,0,0,1.2326,0,19.02742702,0,0,NA,4.109024704,0,0,1.055731217,0,0.989524897,NA,NA,0,0,NA,NA,0,0,0,NA,NA,0,NA,0,0,0,0,0,0,"1b","1b","1b","1b","1b","1b","1b","1b","1b","1b","1b","1b","1b","1b","E: Conc. Uncertainty","1b","1b","1b","1b","1b","1b","E: Conc. Uncertainty","E: Conc. Uncertainty","1b","1b","E: Conc. Uncertainty","E: Conc. Uncertainty","1b","1b","1b","E: Conc. Uncertainty","E: Conc. Uncertainty","1b","E: Conc. Uncertainty","1b","1b","1b","1b","1b","1b"
"2024-12-28 23:00:00","PM10",0,0,0,97.5017,0,52.7708,0,0,0,NA,0,28.9302864,0,0,0.950481417,5.186946677,0,0,1.7643405,0,1.047601077,NA,NA,0,0,0,0,NA,0,NA,NA,NA,0,0,0,NA,0,0,0,0,"1b","1b","1b","1b","1b","1b","1b","1b","1b","E: Conc. Uncertainty","1b","1b","1b","1b","1b","1b","1b","1b","1b","1b","1b","E: Conc. Uncertainty","E: Conc. Uncertainty","1b","1b","1b","1b","E: Conc. Uncertainty","1b","E: Conc. Uncertainty","E: Conc. Uncertainty","E: Conc. Uncertainty","1b","1b","1b","E: Conc. Uncertainty","1b","1b","1b","1b"
"2024-12-29 00:30:00","PM2.5",0,0,NA,100.1129,NA,26.9087,0,0,0,2.4344,0,8.711407316,0,0,0,1.640235586,0,0,NA,0,0,0,0,0,0,0,NA,0,0,0,0,0,0,0,0,0,0,0,0,0,"1b","1b","E: Conc. Uncertainty","1b","E: Conc. Uncertainty","1b","1b","1b","1b","1b","1b","1b","1b","1b","1b","1b","1b","1b","E: Conc. Uncertainty","1b","1b","1b","1b","1b","1b","1b","E: Conc. Uncertainty","1b","1b","1b","1b","1b","1b","1b","1b","1b","1b","1b","1b","1b"
"2024-12-29 01:00:00","PM10",0,0,NA,123.1662,9.8986,31.9363,0,0,0,0.8224,0,10.15430668,0,NA,0,1.750818239,0,0,NA,0,0.952074566,0,0,0,NA,0,0,0,0,0,0,NA,0,0,0,0,0,0,0,0,"1b","1b","E: Conc. Uncertainty","1b","1b","1b","1b","1b","1b","1b","1b","1b","1b","E: Conc. Uncertainty","1b","1b","1b","1b","E: Conc. Uncertainty","1b","1b","1b","1b","1b","E: Conc. Uncertainty","1b","1b","1b","1b","1b","1b","E: Conc. Uncertainty","1b","1b","1b","1b","1b","1b","1b","1b"
"2024-12-29 02:00:00","PM2.5",0,0,0,136.1788,11.0246,25.7977,0,0,0,NA,0,3.065924099,NA,0,NA,1.331546551,0,NA,NA,NA,NA,NA,0,0,0,0,NA,0,0,0,0,0,0,NA,0,0,0,0,0,0,"1b","1b","1b","1b","1b","1b","1b","1b","1b","E: Conc. Uncertainty","1b","1b","E: Conc. Uncertainty","1b","E: Conc. Uncertainty","1b","1b","E: Conc. Uncertainty","E: Conc. Uncertainty","E: Conc. Uncertainty","E: Conc. Uncertainty","E: Conc. Uncertainty","1b","1b","1b","1b","E: Conc. Uncertainty","1b","1b","1b","1b","1b","1b","E: Conc. Uncertainty","1b","1b","1b","1b","1b","1b"
"2024-12-29 03:00:00","PM10",0,0,0,154.9669,15.4951,29.0191,0,NA,0,1.1846,0,12.91977568,0,NA,NA,1.208768799,0,NA,NA,0,NA,NA,NA,0,0,0,0,NA,0,0,0,NA,0,0,0,0,0,0,0,0,"1b","1b","1b","1b","1b","1b","1b","E: Conc. Uncertainty","1b","1b","1b","1b","1b","E: Conc. Uncertainty","E: Conc. Uncertainty","1b","1b","E: Conc. Uncertainty","E: Conc. Uncertainty","1b","E: Conc. Uncertainty","E: Conc. Uncertainty","E: Conc. Uncertainty","1b","1b","1b","1b","E: Conc. Uncertainty","1b","1b","1b","E: Conc. Uncertainty","1b","1b","1b","1b","1b","1b","1b","1b"
"2024-12-29 04:00:00","PM2.5",0,0,0,112.1196,10.7488,13.5389,0,0,0,NA,0,5.165418424,0,0.009217011,0,NA,NA,NA,NA,0,0,0,NA,0,0,0,NA,NA,0,0,NA,0,0,0,0,0,0,0,0,0,"1b","1b","1b","1b","1b","1b","1b","1b","1b","E: Conc. Uncertainty","1b","1b","1b","1b","1b","E: Conc. Uncertainty","E: Conc. Uncertainty","E: Conc. Uncertainty","E: Conc. Uncertainty","1b","1b","1b","E: Conc. Uncertainty","1b","1b","1b","E: Conc. Uncertainty","E: Conc. Uncertainty","1b","1b","E: Conc. Uncertainty","1b","1b","1b","1b","1b","1b","1b","1b","1b"
"2024-12-29 05:00:00","PM10",0,0,0,77.0162,21.0909,20.6016,0,0,0,0.7128,0,8.136796431,0,NA,NA,NA,0,0,NA,0,NA,NA,NA,0,0,NA,0,0,0,0,NA,NA,0,0,0,0,0,0,0,0,"1b","1b","1b","1b","1b","1b","1b","1b","1b","1b","1b","1b","1b","E: Conc. Uncertainty","E: Conc. Uncertainty","E: Conc. Uncertainty","1b","1b","E: Conc. Uncertainty","1b","E: Conc. Uncertainty","E: Conc. Uncertainty","E: Conc. Uncertainty","1b","1b","E: Conc. Uncertainty","1b","1b","1b","1b","E: Conc. Uncertainty","E: Conc. Uncertainty","1b","1b","1b","1b","1b","1b","1b","1b"
"2024-12-29 06:00:00","PM2.5",0,0,NA,82.4804,NA,23.432,0,0,0,0.7741,0,6.940647902,NA,NA,NA,NA,NA,0,NA,0,NA,NA,NA,0,0,0,NA,0,0,0,0,0,NA,NA,0,0,0,0,0,0,"1b","1b","E: Conc. Uncertainty","1b","E: Conc. Uncertainty","1b","1b","1b","1b","1b","1b","1b","E: Conc. Uncertainty","E: Conc. Uncertainty","E: Conc. Uncertainty","E: Conc. Uncertainty","E: Conc. Uncertainty","1b","E: Conc. Uncertainty","1b","E: Conc. Uncertainty","E: Conc. Uncertainty","E: Conc. Uncertainty","1b","1b","1b","E: Conc. Uncertainty","1b","1b","1b","1b","1b","E: Conc. Uncertainty","E: Conc. Uncertainty","1b","1b","1b","1b","1b","1b"
"2024-12-29 07:00:00","PM10",0,0,NA,100.3884,21.979,44.603,0,NA,0,1.0404,0,24.7356623,0,NA,NA,0.745407654,0,0,NA,0,NA,0,NA,NA,0,0,0,0,0,NA,NA,NA,0,0,0,0,0,0,0,0,"1b","1b","E: Conc. Uncertainty","1b","1b","1b","1b","E: Conc. Uncertainty","1b","1b","1b","1b","1b","E: Conc. Uncertainty","E: Conc. Uncertainty","1b","1b","1b","E: Conc. Uncertainty","1b","E: Conc. Uncertainty","1b","E: Conc. Uncertainty","E: Conc. Uncertainty","1b","1b","1b","1b","1b","E: Conc. Uncertainty","E: Conc. Uncertainty","E: Conc. Uncertainty","1b","1b","1b","1b","1b","1b","1b","1b"
"2024-12-29 09:00:00","PM10",0,0,NA,142.2989,13.1556,40.9693,NA,NA,0,2.1964,0,48.2186906,0,NA,NA,1.384514167,0,0,NA,0,NA,NA,NA,0,0,0,0,NA,0,0,NA,0,0,0,0,0,0,0,0,0,"1b","1b","E: Conc. Uncertainty","1b","1b","1b","E: Conc. Uncertainty","E: Conc. Uncertainty","1b","1b","1b","1b","1b","E: Conc. Uncertainty","E: Conc. Uncertainty","1b","1b","1b","E: Conc. Uncertainty","1b","E: Conc. Uncertainty","E: Conc. Uncertainty","E: Conc. Uncertainty","1b","1b","1b","1b","E: Conc. Uncertainty","1b","1b","E: Conc. Uncertainty","1b","1b","1b","1b","1b","1b","1b","1b","1b"
"2024-12-29 10:00:00","PM2.5",0,0,0,95.0764,NA,31.2608,0,0,0,1.2877,0,32.92207132,NA,NA,0.81803754,1.180395747,0,0,NA,0,NA,0,0,0,0,0,0,NA,0,0,0,NA,0,0,0,0,0,0,0,0,"1b","1b","1b","1b","E: Conc. Uncertainty","1b","1b","1b","1b","1b","1b","1b","E: Conc. Uncertainty","E: Conc. Uncertainty","1b","1b","1b","1b","E: Conc. Uncertainty","1b","E: Conc. Uncertainty","1b","1b","1b","1b","1b","1b","E: Conc. Uncertainty","1b","1b","1b","E: Conc. Uncertainty","1b","1b","1b","1b","1b","1b","1b","1b"
"2024-12-29 11:00:00","PM10",0,0,NA,134.3062,26.5542,43.5728,7.6771,0,0,0.9406,0,69.89835989,NA,0,2.523571531,2.835621468,0,0,NA,NA,NA,0,0,0,0,0,NA,NA,0,0,NA,NA,NA,0,0,0,0,0,0,0,"1b","1b","E: Conc. Uncertainty","1b","1b","1b","1b","1b","1b","1b","1b","1b","E: Conc. Uncertainty","1b","1b","1b","1b","1b","E: Conc. Uncertainty","E: Conc. Uncertainty","E: Conc. Uncertainty","1b","1b","1b","1b","1b","E: Conc. Uncertainty","E: Conc. Uncertainty","1b","1b","E: Conc. Uncertainty","E: Conc. Uncertainty","E: Conc. Uncertainty","1b","1b","1b","1b","1b","1b","1b"
"2024-12-29 12:00:00","PM2.5",0,0,0,72.5952,103.4687,29.6268,3.3292,0,0,1.141,0,39.50741598,0,0,1.618049114,4.723473226,0,0,1.483858143,0,4.856869081,0,NA,0,0,0,NA,NA,0,NA,NA,0,NA,0,0,0,0,0,0,0,"1b","1b","1b","1b","1b","1b","1b","1b","1b","1b","1b","1b","1b","1b","1b","1b","1b","1b","1b","1b","1b","1b","E: Conc. Uncertainty","1b","1b","1b","E: Conc. Uncertainty","E: Conc. Uncertainty","1b","E: Conc. Uncertainty","E: Conc. Uncertainty","1b","E: Conc. Uncertainty","1b","1b","1b","1b","1b","1b","1b"
"2024-12-29 13:00:00","PM10",0,0,NA,119.0376,692.2975,51.1302,25.1762,NA,0,1.176,0,93.08383991,0.015003468,0,5.070917139,2.220023663,0,0,NA,0,3.275427359,0,NA,NA,0,0,0,0,0,NA,NA,0,0,0,0,0,0,0,0,0,"1b","1b","E: Conc. Uncertainty","1b","1b","1b","1b","E: Conc. Uncertainty","1b","1b","1b","1b","1b","1b","1b","1b","1b","1b","E: Conc. Uncertainty","1b","1b","1b","E: Conc. Uncertainty","E: Conc. Uncertainty","1b","1b","1b","1b","1b","E: Conc. Uncertainty","E: Conc. Uncertainty","1b","1b","1b","1b","1b","1b","1b","1b","1b"
"2024-12-29 14:00:00","PM2.5",0,0,NA,97.0883,541.0433,31.73,13.205,0,NA,0.7733,0,49.11995025,NA,0,1.626377435,1.952282898,0,0,0,0,2.149451065,0,NA,0,0,0,0,0,NA,0,NA,0,NA,0,0,0,0,0,0,0,"1b","1b","E: Conc. Uncertainty","1b","1b","1b","1b","1b","E: Conc. Uncertainty","1b","1b","1b","E: Conc. Uncertainty","1b","1b","1b","1b","1b","1b","1b","1b","1b","E: Conc. Uncertainty","1b","1b","1b","1b","1b","E: Conc. Uncertainty","1b","E: Conc. Uncertainty","1b","E: Conc. Uncertainty","1b","1b","1b","1b","1b","1b","1b"
"2024-12-29 15:00:00","PM10",0,0,NA,134.9068,1368.4547,57.7899,39.657,NA,0,1.7346,0,166.1898057,0,NA,4.538330477,3.731941724,0,0,NA,NA,19.01368144,NA,NA,0,0,0,0,0,0,NA,NA,0,0,0,0,0.012355126,0,0,0,0,"1b","1b","E: Conc. Uncertainty","1b","1b","1b","1b","E: Conc. Uncertainty","1b","1b","1b","1b","1b","E: Conc. Uncertainty","1b","1b","1b","1b","E: Conc. Uncertainty","E: Conc. Uncertainty","1b","E: Conc. Uncertainty","E: Conc. Uncertainty","1b","1b","1b","1b","1b","1b","E: Conc. Uncertainty","E: Conc. Uncertainty","1b","1b","1b","1b","1b","1b","1b","1b","1b"
"2024-12-29 16:00:00","PM2.5",0,0,NA,76.3599,396.4882,36.4653,10.4301,0,0,0.8609,0,59.83799635,0,NA,1.59779072,2.786558685,NA,0,NA,0,6.703256801,NA,0,0,0,0,0,0,0,0,0,0,0,0,0,0,0,0,0,0,"1b","1b","E: Conc. Uncertainty","1b","1b","1b","1b","1b","1b","1b","1b","1b","1b","E: Conc. Uncertainty","1b","1b","E: Conc. Uncertainty","1b","E: Conc. Uncertainty","1b","1b","E: Conc. Uncertainty","1b","1b","1b","1b","1b","1b","1b","1b","1b","1b","1b","1b","1b","1b","1b","1b","1b","1b"
"2024-12-29 17:00:00","PM10",0,0,NA,95.459,545.1436,54.6335,13.9259,NA,0,0.7902,0,93.58243629,0,0,4.301141692,1.522018349,NA,0,NA,0,1.522222222,NA,0,NA,NA,0,0,0,0,0,NA,0,0,0,0,0,0,0,0,0,"1b","1b","E: Conc. Uncertainty","1b","1b","1b","1b","E: Conc. Uncertainty","1b","1b","1b","1b","1b","1b","1b","1b","E: Conc. Uncertainty","1b","E: Conc. Uncertainty","1b","1b","E: Conc. Uncertainty","1b","E: Conc. Uncertainty","E: Conc. Uncertainty","1b","1b","1b","1b","1b","E: Conc. Uncertainty","1b","1b","1b","1b","1b","1b","1b","1b","1b"
"2024-12-29 18:00:00","PM2.5",0,0,NA,62.6121,223.5765,50.2238,6.7246,NA,0,1.2281,0,59.28535887,0,NA,1.379666167,5.810426927,NA,0,1.403515748,0,6.406340175,NA,NA,NA,0,0,0,0,0,0,0,0,0,0,0,0,0,0,1.004792349,0,"1b","1b","E: Conc. Uncertainty","1b","1b","1b","1b","E: Conc. Uncertainty","1b","1b","1b","1b","1b","E: Conc. Uncertainty","1b","1b","E: Conc. Uncertainty","1b","1b","1b","1b","E: Conc. Uncertainty","E: Conc. Uncertainty","E: Conc. Uncertainty","1b","1b","1b","1b","1b","1b","1b","1b","1b","1b","1b","1b","1b","1b","1b","1b"
"2024-12-29 19:00:00","PM10",0,0,0.4483,89.3438,445.8374,63.1733,18.8115,1.2057,0,1.2078,0,108.7909163,0,NA,2.527909775,4.641710685,0,0,1.295953745,NA,6.624997451,NA,0,0,0,0,NA,NA,0,0,NA,0,NA,0,0,0,0,0,NA,0,"1b","1b","1b","1b","1b","1b","1b","1b","1b","1b","1b","1b","1b","E: Conc. Uncertainty","1b","1b","1b","1b","1b","E: Conc. Uncertainty","1b","E: Conc. Uncertainty","1b","1b","1b","1b","E: Conc. Uncertainty","E: Conc. Uncertainty","1b","1b","E: Conc. Uncertainty","1b","E: Conc. Uncertainty","1b","1b","1b","1b","1b","E: Conc. Uncertainty","1b"
"2024-12-29 20:00:00","PM2.5",0,0,0,79.3027,236.4392,71.1886,5.8345,NA,0,1.3219,0,84.72204531,0,0,3.492344317,11.38509355,0,0,0.922354593,0,3.330613574,0,NA,0,0,0,NA,NA,0,0,NA,0,0,0,0,0,0,0,4.87392795,0,"1b","1b","1b","1b","1b","1b","1b","E: Conc. Uncertainty","1b","1b","1b","1b","1b","1b","1b","1b","1b","1b","1b","1b","1b","1b","E: Conc. Uncertainty","1b","1b","1b","E: Conc. Uncertainty","E: Conc. Uncertainty","1b","1b","E: Conc. Uncertainty","1b","1b","1b","1b","1b","1b","1b","1b","1b"
"2024-12-29 21:00:00","PM10",0,0,0,61.1765,514.568,39.3414,19.5055,0,0,0.8441,0,114.6537775,0,NA,2.162577157,2.156037341,0,0,NA,NA,1.526592868,0,0,0,NA,0,0,0,0,0,NA,NA,NA,0,0,0,0,0,0,0,"1b","1b","1b","1b","1b","1b","1b","1b","1b","1b","1b","1b","1b","E: Conc. Uncertainty","1b","1b","1b","1b","E: Conc. Uncertainty","E: Conc. Uncertainty","1b","1b","1b","1b","E: Conc. Uncertainty","1b","1b","1b","1b","1b","E: Conc. Uncertainty","E: Conc. Uncertainty","E: Conc. Uncertainty","1b","1b","1b","1b","1b","1b","1b"
"2024-12-29 22:00:00","PM2.5",0,0,0,46.9791,170.6184,24.4957,3.0912,0,0,1.015,0,20.41688856,0,0,NA,0.700649874,NA,0,NA,0,NA,NA,0,0,0,NA,0,0,NA,0,NA,NA,0,NA,0,0,0,0,0,0,"1b","1b","1b","1b","1b","1b","1b","1b","1b","1b","1b","1b","1b","1b","E: Conc. Uncertainty","1b","E: Conc. Uncertainty","1b","E: Conc. Uncertainty","1b","E: Conc. Uncertainty","E: Conc. Uncertainty","1b","1b","1b","E: Conc. Uncertainty","1b","1b","E: Conc. Uncertainty","1b","E: Conc. Uncertainty","E: Conc. Uncertainty","1b","E: Conc. Uncertainty","1b","1b","1b","1b","1b","1b"
"2024-12-29 23:00:00","PM10",0,0,NA,43.0664,333.4158,30.7306,11.3311,0,0,1.0214,0,34.78310907,0,0,NA,NA,0,0,NA,0,NA,NA,NA,NA,0,NA,0,NA,0,0,NA,0,0,0,0,0,0,0,0,0,"1b","1b","E: Conc. Uncertainty","1b","1b","1b","1b","1b","1b","1b","1b","1b","1b","1b","E: Conc. Uncertainty","E: Conc. Uncertainty","1b","1b","E: Conc. Uncertainty","1b","E: Conc. Uncertainty","E: Conc. Uncertainty","E: Conc. Uncertainty","E: Conc. Uncertainty","1b","E: Conc. Uncertainty","1b","E: Conc. Uncertainty","1b","1b","E: Conc. Uncertainty","1b","1b","1b","1b","1b","1b","1b","1b","1b"
"2024-12-30 00:30:00","PM2.5",0,0,NA,52.869,124.9402,10.0113,0,0,0,2.101,0,3.186700873,0,0,0,0,0,0,0,0,NA,0,0,0,0,0,0,NA,0,0,NA,0,0,0.0273,0,0,0,NA,0,0,"1b","1b","E: Conc. Uncertainty","1b","1b","1b","1b","1b","1b","1b","1b","1b","1b","1b","1b","1b","1b","1b","1b","1b","E: Conc. Uncertainty","1b","1b","1b","1b","1b","1b","E: Conc. Uncertainty","1b","1b","E: Conc. Uncertainty","1b","1b","1b","1b","1b","1b","E: Conc. Uncertainty","1b","1b"
"2024-12-30 01:00:00","PM10",0,0,NA,52.7252,383.5971,18.9701,10.2255,0,0,0.9413,0,7.463694371,0,NA,0,NA,0,0,0,0,1.015621343,NA,NA,0,0,0,0,NA,0,0,NA,0,0,NA,0,0,0,0,0,0,"1b","1b","E: Conc. Uncertainty","1b","1b","1b","1b","1b","1b","1b","1b","1b","1b","E: Conc. Uncertainty","1b","E: Conc. Uncertainty","1b","1b","1b","1b","1b","E: Conc. Uncertainty","E: Conc. Uncertainty","1b","1b","1b","1b","E: Conc. Uncertainty","1b","1b","E: Conc. Uncertainty","1b","1b","E: Conc. Uncertainty","1b","1b","1b","1b","1b","1b"
"2024-12-30 02:00:00","PM2.5",0,0,0,40.8612,151.0487,10.592,3.2903,NA,0,0.9943,0,3.824674464,0,0,0,NA,0,0,0,0,NA,NA,NA,0,0,0,NA,NA,0,0,NA,NA,0,0,0,0,0,NA,0,0,"1b","1b","1b","1b","1b","1b","1b","E: Conc. Uncertainty","1b","1b","1b","1b","1b","1b","1b","E: Conc. Uncertainty","1b","1b","1b","1b","E: Conc. Uncertainty","E: Conc. Uncertainty","E: Conc. Uncertainty","1b","1b","1b","E: Conc. Uncertainty","E: Conc. Uncertainty","1b","1b","E: Conc. Uncertainty","E: Conc. Uncertainty","1b","1b","1b","1b","1b","E: Conc. Uncertainty","1b","1b"
"2024-12-30 03:00:00","PM10",0,0,0,53.7145,234.3775,19.422,6.059,0,0,1.0897,0,3.961904568,0,0,NA,NA,NA,0,0,0,NA,0,NA,0,0,0,0,0,0,0,NA,0,0,0,0,0,NA,0,0,0,"1b","1b","1b","1b","1b","1b","1b","1b","1b","1b","1b","1b","1b","1b","E: Conc. Uncertainty","E: Conc. Uncertainty","E: Conc. Uncertainty","1b","1b","1b","E: Conc. Uncertainty","1b","E: Conc. Uncertainty","1b","1b","1b","1b","1b","1b","1b","E: Conc. Uncertainty","1b","1b","1b","1b","1b","E: Conc. Uncertainty","1b","1b","1b"
"2024-12-30 04:00:00","PM2.5",0,0,NA,97.2613,55.4394,13.8894,NA,NA,0,0.9645,0,5.538917408,0,NA,NA,NA,0,0,NA,0,NA,NA,NA,0,0,0,NA,0,0,NA,NA,0,0,0,0,0,0,0,0,0,"1b","1b","E: Conc. Uncertainty","1b","1b","1b","E: Conc. Uncertainty","E: Conc. Uncertainty","1b","1b","1b","1b","1b","E: Conc. Uncertainty","E: Conc. Uncertainty","E: Conc. Uncertainty","1b","1b","E: Conc. Uncertainty","1b","E: Conc. Uncertainty","E: Conc. Uncertainty","E: Conc. Uncertainty","1b","1b","1b","E: Conc. Uncertainty","1b","1b","E: Conc. Uncertainty","E: Conc. Uncertainty","1b","1b","1b","1b","1b","1b","1b","1b","1b"
"2024-12-30 05:00:00","PM10",0,0,0,75.9757,224.9235,19.192,4.2254,NA,0,1.0469,0,14.1362033,0,NA,NA,NA,0,0,NA,0,NA,0,0,0,0,0,NA,0,0,0,NA,NA,0,0,0,0,0,0,0,0,"1b","1b","1b","1b","1b","1b","1b","E: Conc. Uncertainty","1b","1b","1b","1b","1b","E: Conc. Uncertainty","E: Conc. Uncertainty","E: Conc. Uncertainty","1b","1b","E: Conc. Uncertainty","1b","E: Conc. Uncertainty","1b","1b","1b","1b","1b","E: Conc. Uncertainty","1b","1b","1b","E: Conc. Uncertainty","E: Conc. Uncertainty","1b","1b","1b","1b","1b","1b","1b","1b"
"2024-12-30 06:00:00","PM2.5",0,0,0,67.1568,40.092,11.6358,0.003,0,0,NA,0,12.77907616,NA,0,0.823719385,NA,0,0,NA,NA,NA,0,0,0,NA,0,0,NA,0,0,0,NA,0,0,0,0,0,0,0,0,"1b","1b","1b","1b","1b","1b","1b","1b","1b","E: Conc. Uncertainty","1b","1b","E: Conc. Uncertainty","1b","1b","E: Conc. Uncertainty","1b","1b","E: Conc. Uncertainty","E: Conc. Uncertainty","E: Conc. Uncertainty","1b","1b","1b","E: Conc. Uncertainty","1b","1b","E: Conc. Uncertainty","1b","1b","1b","E: Conc. Uncertainty","1b","1b","1b","1b","1b","1b","1b","1b"
"2024-12-30 07:00:00","PM10",0,0,0,81.6469,68.4842,11.8711,NA,0,0,1.0772,0,45.90172173,0,NA,NA,NA,0,0,0,0,NA,NA,NA,0,0,0,0,0,0,0,0,0,NA,0,0,0,0,0,0,0,"1b","1b","1b","1b","1b","1b","E: Conc. Uncertainty","1b","1b","1b","1b","1b","1b","E: Conc. Uncertainty","E: Conc. Uncertainty","E: Conc. Uncertainty","1b","1b","1b","1b","E: Conc. Uncertainty","E: Conc. Uncertainty","E: Conc. Uncertainty","1b","1b","1b","1b","1b","1b","1b","1b","1b","E: Conc. Uncertainty","1b","1b","1b","1b","1b","1b","1b"
"2024-12-30 08:00:00","PM2.5",0,0,0.4326,89.802,29.6273,12.3059,0,0,0,1.0563,0,18.85568363,0,NA,1.142230723,NA,0,0,NA,0,0,NA,NA,0,0,0,NA,0,NA,0,0,0,0,0,0,0,0,0,0,0,"1b","1b","1b","1b","1b","1b","1b","1b","1b","1b","1b","1b","1b","E: Conc. Uncertainty","1b","E: Conc. Uncertainty","1b","1b","E: Conc. Uncertainty","1b","1b","E: Conc. Uncertainty","E: Conc. Uncertainty","1b","1b","1b","E: Conc. Uncertainty","1b","E: Conc. Uncertainty","1b","1b","1b","1b","1b","1b","1b","1b","1b","1b","1b"
"2024-12-30 11:00:00","PM10",0,0,NA,30.536,176.1389,21.9177,14.1156,0,0,1.4211,0,76.26881742,0,0,2.863075592,1.40708018,0,0,NA,0,NA,0,0,0,0,0,0,0,0,NA,0,NA,NA,0,0,0,0,0,0,0,"1b","1b","E: Conc. Uncertainty","1b","1b","1b","1b","1b","1b","1b","1b","1b","1b","1b","1b","1b","1b","1b","E: Conc. Uncertainty","1b","E: Conc. Uncertainty","1b","1b","1b","1b","1b","1b","1b","1b","E: Conc. Uncertainty","1b","E: Conc. Uncertainty","E: Conc. Uncertainty","1b","1b","1b","1b","1b","1b","1b"
"2024-12-30 12:00:00","PM2.5",0,0,NA,33.6972,42.8192,19.5921,NA,NA,0,1.3411,0,30.46460618,0,0,NA,0.991352473,0,0,NA,0,0,NA,NA,0,0,0,0,0,0,0,NA,0,0,0,0,0,0,0,0,0,"1b","1b","E: Conc. Uncertainty","1b","1b","1b","E: Conc. Uncertainty","E: Conc. Uncertainty","1b","1b","1b","1b","1b","1b","E: Conc. Uncertainty","1b","1b","1b","E: Conc. Uncertainty","1b","1b","E: Conc. Uncertainty","E: Conc. Uncertainty","1b","1b","1b","1b","1b","1b","1b","E: Conc. Uncertainty","1b","1b","1b","1b","1b","1b","1b","1b","1b"
"2024-12-30 13:00:00","PM10",0,0,0,50.4645,76.8029,25.4095,26.1794,1.3243,0,NA,0,93.54772857,NA,NA,2.401164211,1.968381096,0,0,NA,0,1.580456729,NA,0,NA,NA,0,0,0,0,0,0,NA,NA,0,0,0,0,0,1.694506635,0,"1b","1b","1b","1b","1b","1b","1b","1b","1b","E: Conc. Uncertainty","1b","1b","E: Conc. Uncertainty","E: Conc. Uncertainty","1b","1b","1b","1b","E: Conc. Uncertainty","1b","1b","E: Conc. Uncertainty","1b","E: Conc. Uncertainty","E: Conc. Uncertainty","1b","1b","1b","1b","1b","1b","E: Conc. Uncertainty","E: Conc. Uncertainty","1b","1b","1b","1b","1b","1b","1b"
"2024-12-30 14:00:00","PM2.5",0,0,0,53.166,37.3888,19.1027,NA,0,0,1.0471,0,24.10585083,0,0,1.103212201,0.77241562,0,0,1.14306672,NA,1.019591063,NA,NA,0,0,NA,0,0,0,0,0,NA,0,0,0,0,0,0,0,0,"1b","1b","1b","1b","1b","1b","E: Conc. Uncertainty","1b","1b","1b","1b","1b","1b","1b","1b","1b","1b","1b","1b","E: Conc. Uncertainty","1b","E: Conc. Uncertainty","E: Conc. Uncertainty","1b","1b","E: Conc. Uncertainty","1b","1b","1b","1b","1b","E: Conc. Uncertainty","1b","1b","1b","1b","1b","1b","1b","1b"
"2024-12-30 15:00:00","PM10",0,0,0,74.279,228.4312,38.9372,27.6404,0,0,1.3121,0,100.9418622,0,0.000519724,3.242048732,3.882257029,0,0,0.703991684,0,NA,NA,0,0,0,0,0,0,0,0,0,NA,NA,0,0,0,0,0,0,0,"1b","1b","1b","1b","1b","1b","1b","1b","1b","1b","1b","1b","1b","1b","1b","1b","1b","1b","1b","1b","E: Conc. Uncertainty","E: Conc. Uncertainty","1b","1b","1b","1b","1b","1b","1b","1b","1b","E: Conc. Uncertainty","E: Conc. Uncertainty","1b","1b","1b","1b","1b","1b","1b"
"2024-12-30 16:00:00","PM2.5",0,0,0,63.2778,57.4555,25.5119,3.2401,NA,0,1.3025,0,50.17322859,0,0,2.741631383,2.981002908,0,0,0.843993266,0,NA,0,0,0,0,NA,0,0,NA,NA,0,0,NA,0,0,0,0,0,0,0,"1b","1b","1b","1b","1b","1b","1b","E: Conc. Uncertainty","1b","1b","1b","1b","1b","1b","1b","1b","1b","1b","1b","1b","E: Conc. Uncertainty","1b","1b","1b","1b","E: Conc. Uncertainty","1b","1b","E: Conc. Uncertainty","E: Conc. Uncertainty","1b","1b","E: Conc. Uncertainty","1b","1b","1b","1b","1b","1b","1b"
"2024-12-30 17:00:00","PM10",0,0,NA,87.0815,199.3179,49.761,27.884,2.3554,0,1.7331,0,114.287872,0,NA,2.225711312,4.509082745,0,0,1.826621627,0,1.205382292,NA,0,0,0,0,0,0,0,0,NA,0,0,0,0,0,0,0,0,0,"1b","1b","E: Conc. Uncertainty","1b","1b","1b","1b","1b","1b","1b","1b","1b","1b","E: Conc. Uncertainty","1b","1b","1b","1b","1b","1b","1b","E: Conc. Uncertainty","1b","1b","1b","1b","1b","1b","1b","1b","E: Conc. Uncertainty","1b","1b","1b","1b","1b","1b","1b","1b","1b"
"2024-12-30 18:00:00","PM2.5",0,0,NA,60.9218,74.0397,32.4031,2.1961,0,0,1.0457,0,36.2849062,0,0,1.014182233,3.367222154,0,0,1.087443536,NA,1.207646604,NA,NA,0,0,0,NA,NA,0,0,0,NA,0,0,0,0,0,0,0,0,"1b","1b","E: Conc. Uncertainty","1b","1b","1b","1b","1b","1b","1b","1b","1b","1b","1b","1b","1b","1b","1b","1b","E: Conc. Uncertainty","1b","E: Conc. Uncertainty","E: Conc. Uncertainty","1b","1b","1b","E: Conc. Uncertainty","E: Conc. Uncertainty","1b","1b","1b","E: Conc. Uncertainty","1b","1b","1b","1b","1b","1b","1b","1b"
"2024-12-30 19:00:00","PM10",0,0,0,51.3668,85.7154,45.1586,17.4258,1.1457,0,0.9668,0,85.96297953,0,NA,2.55580516,6.984752689,NA,0,1.534306451,NA,1.62775214,NA,NA,0,0,NA,0,0.1077,0,0,0,NA,0,0,0,0,0,0,NA,0,"1b","1b","1b","1b","1b","1b","1b","1b","1b","1b","1b","1b","1b","E: Conc. Uncertainty","1b","1b","E: Conc. Uncertainty","1b","1b","E: Conc. Uncertainty","1b","E: Conc. Uncertainty","E: Conc. Uncertainty","1b","1b","E: Conc. Uncertainty","1b","1b","1b","1b","1b","E: Conc. Uncertainty","1b","1b","1b","1b","1b","1b","E: Conc. Uncertainty","1b"
"2024-12-30 20:00:00","PM2.5",0,0,0.1385,55.3799,42.2608,50.0319,3.6441,0,0,1.2586,0,25.80154031,0,NA,0.965785618,9.369521426,0,0,2.249196272,0,1.834004802,NA,NA,0,0,0,NA,NA,0,0,0,NA,NA,0,0,0,0,0,0,0,"1b","1b","1b","1b","1b","1b","1b","1b","1b","1b","1b","1b","1b","E: Conc. Uncertainty","1b","1b","1b","1b","1b","1b","1b","E: Conc. Uncertainty","E: Conc. Uncertainty","1b","1b","1b","E: Conc. Uncertainty","E: Conc. Uncertainty","1b","1b","1b","E: Conc. Uncertainty","E: Conc. Uncertainty","1b","1b","1b","1b","1b","1b","1b"
"2024-12-30 21:00:00","PM10",0,0,0,80.9342,99.1377,59.6594,12.5296,NA,0,0.9017,0,56.32404213,0,0,1.286582201,5.806696179,0,NA,1.778100036,NA,1.299567496,NA,0,0,0,0,0,0,0,0,0,0,0,0,0,0,0,0,0,0,"1b","1b","1b","1b","1b","1b","1b","E: Conc. Uncertainty","1b","1b","1b","1b","1b","1b","1b","1b","1b","E: Conc. Uncertainty","1b","E: Conc. Uncertainty","1b","E: Conc. Uncertainty","1b","1b","1b","1b","1b","1b","1b","1b","1b","1b","1b","1b","1b","1b","1b","1b","1b","1b"
"2024-12-30 22:00:00","PM2.5",0,0,0,86.1209,55.6609,35.5447,2.4117,0,0,1.0864,0,23.1043237,NA,0,NA,2.777929642,NA,0,NA,0.005385502,0.866555829,0,NA,0,0,0,0,NA,NA,0,NA,NA,0,0,0,0,0,0,0,0,"1b","1b","1b","1b","1b","1b","1b","1b","1b","1b","1b","1b","E: Conc. Uncertainty","1b","E: Conc. Uncertainty","1b","E: Conc. Uncertainty","1b","E: Conc. Uncertainty","1b","1b","1b","E: Conc. Uncertainty","1b","1b","1b","1b","E: Conc. Uncertainty","E: Conc. Uncertainty","1b","E: Conc. Uncertainty","E: Conc. Uncertainty","1b","1b","1b","1b","1b","1b","1b","1b"
"2024-12-30 23:00:00","PM10",0,0.6305,0,131.8593,207.8058,57.5395,17.7854,NA,0,1.3401,0,41.5068816,0,0,1.083640259,4.463959598,0,NA,NA,0,NA,NA,0,0,0,0,0,0,NA,NA,0,NA,0,0,0,0,0,0,0,0,"1b","1b","1b","1b","1b","1b","1b","E: Conc. Uncertainty","1b","1b","1b","1b","1b","1b","1b","1b","1b","E: Conc. Uncertainty","E: Conc. Uncertainty","1b","E: Conc. Uncertainty","E: Conc. Uncertainty","1b","1b","1b","1b","1b","1b","E: Conc. Uncertainty","E: Conc. Uncertainty","1b","E: Conc. Uncertainty","1b","1b","1b","1b","1b","1b","1b","1b"
"2024-12-31 00:30:00","PM2.5",0,0,0,110.9143,35.874,22.2549,0,0,0,NA,0,14.39945663,0,NA,0,14.27045916,0,0,NA,0,0,NA,0,0,0,0,NA,0,0,NA,0,NA,0,0,0,0,0,0,0,0,"1b","1b","1b","1b","1b","1b","1b","1b","1b","E: Conc. Uncertainty","1b","1b","1b","E: Conc. Uncertainty","1b","1b","1b","1b","E: Conc. Uncertainty","1b","1b","E: Conc. Uncertainty","1b","1b","1b","1b","E: Conc. Uncertainty","1b","1b","E: Conc. Uncertainty","1b","E: Conc. Uncertainty","1b","1b","1b","1b","1b","1b","1b","1b"
"2024-12-31 01:00:00","PM10",0,0,NA,166.2963,179.3532,29.6041,13.488,NA,0,1.1227,0,27.92067217,0,0,NA,12.57189499,0,0,NA,0,0.930660844,NA,NA,0,0,0,NA,0,NA,NA,NA,NA,0,0,0,0,0,0,0,0,"1b","1b","E: Conc. Uncertainty","1b","1b","1b","1b","E: Conc. Uncertainty","1b","1b","1b","1b","1b","1b","E: Conc. Uncertainty","1b","1b","1b","E: Conc. Uncertainty","1b","1b","E: Conc. Uncertainty","E: Conc. Uncertainty","1b","1b","1b","E: Conc. Uncertainty","1b","E: Conc. Uncertainty","E: Conc. Uncertainty","E: Conc. Uncertainty","E: Conc. Uncertainty","1b","1b","1b","1b","1b","1b","1b","1b"
"2024-12-31 02:00:00","PM2.5",0,0,0,103.8636,74.5835,18.9617,6.5884,NA,0,0.8768,0,10.25244529,0,0,NA,3.753056608,0,0,NA,0,NA,0,NA,0,0,0,NA,0,0,0,NA,0,0,0,0,0,0,0,0,0,"1b","1b","1b","1b","1b","1b","1b","E: Conc. Uncertainty","1b","1b","1b","1b","1b","1b","E: Conc. Uncertainty","1b","1b","1b","E: Conc. Uncertainty","1b","E: Conc. Uncertainty","1b","E: Conc. Uncertainty","1b","1b","1b","E: Conc. Uncertainty","1b","1b","1b","E: Conc. Uncertainty","1b","1b","1b","1b","1b","1b","1b","1b","1b"
"2024-12-31 03:00:00","PM10",0,0,NA,86.2546,106.8987,18.0117,4.6634,0,0,1.1858,0,10.797788,0,NA,NA,5.798277744,0,0,NA,0,0.819367214,NA,0,0,0,0,0,0,0,0,0,0,0,0,0,0,0,0,0,0,"1b","1b","E: Conc. Uncertainty","1b","1b","1b","1b","1b","1b","1b","1b","1b","1b","E: Conc. Uncertainty","E: Conc. Uncertainty","1b","1b","1b","E: Conc. Uncertainty","1b","1b","E: Conc. Uncertainty","1b","1b","1b","1b","1b","1b","1b","1b","1b","1b","1b","1b","1b","1b","1b","1b","1b","1b"
"2024-12-31 04:00:00","PM2.5",0,0,NA,68.5363,25.3412,13.7678,0,0,NA,1.1759,0,4.327459903,0,0,NA,5.458341836,0,0.003162878,NA,0,NA,0,NA,0,0,NA,0,NA,0,0,0,0,0,0,0,0,0,0,0,0,"1b","1b","E: Conc. Uncertainty","1b","1b","1b","1b","1b","E: Conc. Uncertainty","1b","1b","1b","1b","1b","E: Conc. Uncertainty","1b","1b","1b","E: Conc. Uncertainty","1b","E: Conc. Uncertainty","1b","E: Conc. Uncertainty","1b","1b","E: Conc. Uncertainty","1b","E: Conc. Uncertainty","1b","1b","1b","1b","1b","1b","1b","1b","1b","1b","1b","1b"
"2024-12-31 05:00:00","PM10",0,0,0,90.8331,135.8321,26.0288,6.7863,0,0,0.985,0,10.36602293,0,0,NA,5.866710828,0,0,NA,0,NA,NA,NA,0,0,NA,NA,0,0.0285,0,NA,NA,0,0,0,0,0,0,0,0,"1b","1b","1b","1b","1b","1b","1b","1b","1b","1b","1b","1b","1b","1b","E: Conc. Uncertainty","1b","1b","1b","E: Conc. Uncertainty","1b","E: Conc. Uncertainty","E: Conc. Uncertainty","E: Conc. Uncertainty","1b","1b","E: Conc. Uncertainty","E: Conc. Uncertainty","1b","1b","1b","E: Conc. Uncertainty","E: Conc. Uncertainty","1b","1b","1b","1b","1b","1b","1b","1b"
"2024-12-31 06:00:00","PM2.5",0,0,0,71.5424,35.6709,6.7133,0,0,NA,0.9994,0,8.61815196,0,0,NA,4.652719836,0,0,NA,0,0,NA,0,0,0,0,0,0,0,0,NA,NA,0,0,0,0,0,0,0,0,"1b","1b","1b","1b","1b","1b","1b","1b","E: Conc. Uncertainty","1b","1b","1b","1b","1b","E: Conc. Uncertainty","1b","1b","1b","E: Conc. Uncertainty","1b","1b","E: Conc. Uncertainty","1b","1b","1b","1b","1b","1b","1b","1b","E: Conc. Uncertainty","E: Conc. Uncertainty","1b","1b","1b","1b","1b","1b","1b","1b"
"2024-12-31 08:00:00","PM10",0,0,0,91.7,330.5601,23.8889,11.6023,0,0,1.2843,0,23.01843007,NA,NA,NA,6.793548387,0,0,NA,0,NA,NA,NA,0,0,0,NA,0,0,0,NA,0,NA,0,0,0,0,0,0,0,"1b","1b","1b","1b","1b","1b","1b","1b","1b","1b","1b","1b","E: Conc. Uncertainty","E: Conc. Uncertainty","E: Conc. Uncertainty","1b","1b","1b","E: Conc. Uncertainty","1b","E: Conc. Uncertainty","E: Conc. Uncertainty","E: Conc. Uncertainty","1b","1b","1b","E: Conc. Uncertainty","1b","1b","1b","E: Conc. Uncertainty","1b","E: Conc. Uncertainty","1b","1b","1b","1b","1b","1b","1b"
"2024-12-31 09:00:00","PM2.5",0,0,NA,100.8659,144.6924,21.6414,7.2296,NA,0.004,0.8811,0,19.86586159,NA,NA,NA,4.658199154,0,0,NA,0,NA,0,0,0,NA,0,0,0,0,NA,NA,NA,0,NA,0,0,0,0,0,0,"1b","1b","E: Conc. Uncertainty","1b","1b","1b","1b","E: Conc. Uncertainty","1b","1b","1b","1b","E: Conc. Uncertainty","E: Conc. Uncertainty","E: Conc. Uncertainty","1b","1b","1b","E: Conc. Uncertainty","1b","E: Conc. Uncertainty","1b","1b","1b","E: Conc. Uncertainty","1b","1b","1b","1b","E: Conc. Uncertainty","E: Conc. Uncertainty","E: Conc. Uncertainty","1b","E: Conc. Uncertainty","1b","1b","1b","1b","1b","1b"
"2024-12-31 10:00:00","PM10",0,0,0,140.0225,493.3461,37.4781,27.0414,0,NA,1.0939,0,49.06139395,0,NA,NA,5.599676016,0.003647367,0,NA,0,1.619084491,0,0,0,0,0,NA,0,0,0,NA,NA,0,0,0.0287,0,0,0,0,0,"1b","1b","1b","1b","1b","1b","1b","1b","E: Conc. Uncertainty","1b","1b","1b","1b","E: Conc. Uncertainty","E: Conc. Uncertainty","1b","1b","1b","E: Conc. Uncertainty","1b","1b","1b","1b","1b","1b","1b","E: Conc. Uncertainty","1b","1b","1b","E: Conc. Uncertainty","E: Conc. Uncertainty","1b","1b","1b","1b","1b","1b","1b","1b"
"2024-12-31 11:00:00","PM2.5",0,0,0.3631,112.2486,223.4745,28.2202,18.2475,NA,0,0.9435,0,32.19332361,0,0,NA,5.366303804,0,0,NA,NA,1.858953039,0,0,0,0,0,0,0,0,0,0,NA,0,0,0,0,0,0,0,0,"1b","1b","1b","1b","1b","1b","1b","E: Conc. Uncertainty","1b","1b","1b","1b","1b","1b","E: Conc. Uncertainty","1b","1b","1b","E: Conc. Uncertainty","E: Conc. Uncertainty","1b","1b","1b","1b","1b","1b","1b","1b","1b","1b","1b","E: Conc. Uncertainty","1b","1b","1b","1b","1b","1b","1b","1b"
"2024-12-31 12:00:00","PM10",0,0,0,147.892,1151.3857,62.0597,65.2069,1.8271,0,1.2724,0,85.14283534,0,NA,2.550740119,5.410987334,0,0,NA,0,3.060715194,NA,0,0,0,0,0,0,NA,0,NA,NA,0,0,0,0,0,0,0,0,"1b","1b","1b","1b","1b","1b","1b","1b","1b","1b","1b","1b","1b","E: Conc. Uncertainty","1b","1b","1b","1b","E: Conc. Uncertainty","1b","1b","E: Conc. Uncertainty","1b","1b","1b","1b","1b","1b","E: Conc. Uncertainty","1b","E: Conc. Uncertainty","E: Conc. Uncertainty","1b","1b","1b","1b","1b","1b","1b","1b"
"2024-12-31 14:00:00","PM10",0,NA,0,216.2057,1466.5588,157.4546,496.0058,13.6853,0,6.1246,NA,366.44841,0,3.641260379,3.667331179,495.9024135,0,0,NA,0,4.179902065,NA,NA,0,0,0,NA,NA,0,NA,NA,0,0,0,0,0,0,0,0,0,"1b","E: Conc. Uncertainty","1b","1b","1b","1b","1b","1b","1b","1b","E: Conc. Uncertainty","1b","1b","1b","1b","1b","1b","1b","E: Conc. Uncertainty","1b","1b","E: Conc. Uncertainty","E: Conc. Uncertainty","1b","1b","1b","E: Conc. Uncertainty","E: Conc. Uncertainty","1b","E: Conc. Uncertainty","E: Conc. Uncertainty","1b","1b","1b","1b","1b","1b","1b","1b","1b"
"2024-12-31 15:00:00","PM2.5",0,NA,0,105.7065,678.7826,50.7598,50.7735,1.8267,0,1.1734,0,45.4002239,0,NA,1.272888256,16.58978221,0,0,NA,0,3.017219621,0,0,0,0,0,0,0,0,NA,NA,NA,0,0,NA,0,0,0,0,0,"1b","E: Conc. Uncertainty","1b","1b","1b","1b","1b","1b","1b","1b","1b","1b","1b","E: Conc. Uncertainty","1b","1b","1b","1b","E: Conc. Uncertainty","1b","1b","1b","1b","1b","1b","1b","1b","1b","1b","E: Conc. Uncertainty","E: Conc. Uncertainty","E: Conc. Uncertainty","1b","1b","E: Conc. Uncertainty","1b","1b","1b","1b","1b"
"2024-12-31 16:00:00","PM10",0,1.5384,0,119.8767,1680.2153,61.0792,63.6903,2.2707,0,0.73,0,57.45184868,0,NA,1.012735158,4.290994788,0,0,0,0,3.195496376,NA,NA,0,0,0,NA,NA,0,0,NA,NA,NA,0,0,0,0,0,0,0,"1b","1b","1b","1b","1b","1b","1b","1b","1b","1b","1b","1b","1b","E: Conc. Uncertainty","1b","1b","1b","1b","1b","1b","1b","E: Conc. Uncertainty","E: Conc. Uncertainty","1b","1b","1b","E: Conc. Uncertainty","E: Conc. Uncertainty","1b","1b","E: Conc. Uncertainty","E: Conc. Uncertainty","E: Conc. Uncertainty","1b","1b","1b","1b","1b","1b","1b"
"2024-12-31 17:00:00","PM2.5",0,0,0,87.2418,852.3843,51.2768,40.7885,1.927,0,1.1981,0,39.98246062,NA,0,NA,26.01240715,0,0,NA,0,3.939566158,NA,NA,0,0,0,NA,0,0,0,NA,0,NA,0,0,0,0,0,0,0,"1b","1b","1b","1b","1b","1b","1b","1b","1b","1b","1b","1b","E: Conc. Uncertainty","1b","E: Conc. Uncertainty","1b","1b","1b","E: Conc. Uncertainty","1b","1b","E: Conc. Uncertainty","E: Conc. Uncertainty","1b","1b","1b","E: Conc. Uncertainty","1b","1b","1b","E: Conc. Uncertainty","1b","E: Conc. Uncertainty","1b","1b","1b","1b","1b","1b","1b"
"2024-12-31 18:00:00","PM10",0,NA,0,127.9622,1356.3131,121.4195,160.6738,6.5055,0,1.6369,0,116.8030863,0,NA,3.328641995,53.30061644,0,0.00875671,NA,0,5.239860383,NA,NA,0,0,0,0,0,NA,0,NA,0,0,0,0,0,0,0,0,0,"1b","E: Conc. Uncertainty","1b","1b","1b","1b","1b","1b","1b","1b","1b","1b","1b","E: Conc. Uncertainty","1b","1b","1b","1b","E: Conc. Uncertainty","1b","1b","E: Conc. Uncertainty","E: Conc. Uncertainty","1b","1b","1b","1b","1b","E: Conc. Uncertainty","1b","E: Conc. Uncertainty","1b","1b","1b","1b","1b","1b","1b","1b","1b"
"2024-12-31 19:00:00","PM2.5",0,0,0,106.0751,915.216,68.1515,53.9397,2.0258,0,0.8923,0,25.80175129,0,0,2.855757959,10.24029807,0,0,NA,0,4.61925198,NA,0,NA,0,0,NA,NA,0,0,NA,NA,0,0,0,0,0,0,0,0,"1b","1b","1b","1b","1b","1b","1b","1b","1b","1b","1b","1b","1b","1b","1b","1b","1b","1b","E: Conc. Uncertainty","1b","1b","E: Conc. Uncertainty","1b","E: Conc. Uncertainty","1b","1b","E: Conc. Uncertainty","E: Conc. Uncertainty","1b","1b","E: Conc. Uncertainty","E: Conc. Uncertainty","1b","1b","1b","1b","1b","1b","1b","1b"
"2024-12-31 20:00:00","PM10",0,NA,0,152.0066,2001.0439,146.1396,66.6661,3.8714,NA,1.0815,0,52.49589223,0,0,3.255681992,2.303077002,0,0,NA,NA,4.568709496,2.489799459,NA,0,0,0,NA,0,NA,0,0,0,NA,0,0,0,0,0,0,0,"1b","E: Conc. Uncertainty","1b","1b","1b","1b","1b","1b","E: Conc. Uncertainty","1b","1b","1b","1b","1b","1b","1b","1b","1b","E: Conc. Uncertainty","E: Conc. Uncertainty","1b","1b","E: Conc. Uncertainty","1b","1b","1b","E: Conc. Uncertainty","1b","E: Conc. Uncertainty","1b","1b","1b","E: Conc. Uncertainty","1b","1b","1b","1b","1b","1b","1b"
"2024-12-31 21:00:00","PM2.5",0,NA,0,147.6285,1297.1908,162.0573,161.9369,5.7981,0,3.8693,NA,503.3445674,0,1.545711871,4.193406168,583.537719,0,0,NA,0,3.58489202,2.168470569,0,0,0,0,NA,0,0,NA,0,0,NA,0,0,0,0,0,0,NA,"1b","E: Conc. Uncertainty","1b","1b","1b","1b","1b","1b","1b","1b","E: Conc. Uncertainty","1b","1b","1b","1b","1b","1b","1b","E: Conc. Uncertainty","1b","1b","1b","1b","1b","1b","1b","E: Conc. Uncertainty","1b","1b","E: Conc. Uncertainty","1b","1b","E: Conc. Uncertainty","1b","1b","1b","1b","1b","1b","E: Conc. Uncertainty"
"2024-12-31 22:00:00","PM10",0,NA,0,150.1718,2169.4019,119.0487,82.5334,5.3724,0,1.5353,0,73.21418584,0,NA,2.087350105,2.354186865,0,0,NA,NA,5.495933051,2.827840996,NA,0,0,0,0,0,0,NA,NA,NA,0,0,0,0,0,0,0,0,"1b","E: Conc. Uncertainty","1b","1b","1b","1b","1b","1b","1b","1b","1b","1b","1b","E: Conc. Uncertainty","1b","1b","1b","1b","E: Conc. Uncertainty","E: Conc. Uncertainty","1b","1b","E: Conc. Uncertainty","1b","1b","1b","1b","1b","1b","E: Conc. Uncertainty","E: Conc. Uncertainty","E: Conc. Uncertainty","1b","1b","1b","1b","1b","1b","1b","1b"
"2024-12-31 23:00:00","PM2.5",0,0.6046,0,73.1015,604.4524,51.7861,22.7094,NA,0,NA,0,24.9252469,0,0,NA,1.26460986,0,0,NA,0,1.257519181,NA,NA,NA,0,NA,0,NA,NA,0,NA,NA,NA,0,0,0,0,0,0,0,"1b","1b","1b","1b","1b","1b","1b","E: Conc. Uncertainty","1b","E: Conc. Uncertainty","1b","1b","1b","1b","E: Conc. Uncertainty","1b","1b","1b","E: Conc. Uncertainty","1b","1b","E: Conc. Uncertainty","E: Conc. Uncertainty","E: Conc. Uncertainty","1b","E: Conc. Uncertainty","1b","E: Conc. Uncertainty","E: Conc. Uncertainty","1b","E: Conc. Uncertainty","E: Conc. Uncertainty","E: Conc. Uncertainty","1b","1b","1b","1b","1b","1b","1b"
