"datetime","pm_fraction","Al","Si","P","S","Cl","K","Ca","Ti","V","Cr","Mn","Fe","Co","Ni","Cu","Zn","Ga","Ge","As","Se","Br","Sr","Y","Zr","Mo","Pd","Ag","Cd","In","Sn","Sb","Te","Ba","La","Ce","Pt","Hg","Tl","Pb","Bi","Al_Flags","Si_Flags","P_Flags","S_Flags","Cl_Flags","K_Flags","Ca_Flags","Ti_Flags","V_Flags","Cr_Flags","Mn_Flags","Fe_Flags","Co_Flags","Ni_Flags","Cu_Flags","Zn_Flags","Ga_Flags","Ge_Flags","As_Flags","Se_Flags","Br_Flags","Sr_Flags","Y_Flags","Zr_Flags","Mo_Flags","Pd_Flags","Ag_Flags","Cd_Flags","In_Flags","Sn_Flags","Sb_Flags","Te_Flags","Ba_Flags","La_Flags","Ce_Flags","Pt_Flags","Hg_Flags","Tl_Flags","Pb_Flags","Bi_Flags"
"2023-04-01 00:30:00","PM10",NA,0,0,281.9492,NA,41.4073,29.9277,0,0,0,0,82.1899,0,0,2.7701,6.5745,0,0,NA,0,0,NA,0,0,0,41.1696,0,NA,0,NA,NA,NA,NA,0,0,0,NA,0,0,0,"E: Uncertainty",NA,NA,NA,"E: Uncertainty",NA,NA,NA,NA,NA,NA,NA,NA,NA,NA,NA,NA,NA,"E: Uncertainty",NA,NA,"E: Uncertainty",NA,NA,NA,NA,NA,"E: Uncertainty",NA,"E: Uncertainty","E: Uncertainty","E: Uncertainty","E: Uncertainty",NA,NA,NA,"E: Uncertainty",NA,NA,NA
"2023-04-01 01:00:00","PM2.5",NA,0,0,220.2062,0,22.9803,12.1551,NA,NA,0,0,39.9211,0,0,1.5752,4.5223,0,0,0.4448,NA,1.1039,NA,0,0,0,15.5996,NA,0,NA,NA,NA,0,NA,0,0,0,0,0,0.7439,0,"E: Uncertainty",NA,NA,NA,NA,NA,NA,"E: Uncertainty","E: Uncertainty",NA,NA,NA,NA,NA,NA,NA,NA,NA,NA,"E: Uncertainty",NA,"E: Uncertainty",NA,NA,NA,NA,"E: Uncertainty",NA,"E: Uncertainty","E: Uncertainty","E: Uncertainty",NA,"E: Uncertainty",NA,NA,NA,NA,NA,NA,NA
"2023-04-01 02:00:00","PM10",NA,0,0,338.5612,0,43.416,37.2943,1.0247,NA,0,NA,48.7977,0,0,1.2658,2.6544,0,0,0.4674,0,1.1264,NA,0,0,0,NA,NA,NA,0,0,0,0,NA,0,0,0,0,0,NA,0,"E: Uncertainty",NA,NA,NA,NA,NA,NA,NA,"E: Uncertainty",NA,"E: Uncertainty",NA,NA,NA,NA,NA,NA,NA,NA,NA,NA,"E: Uncertainty",NA,NA,NA,"E: Uncertainty","E: Uncertainty","E: Uncertainty",NA,NA,NA,NA,"E: Uncertainty",NA,NA,NA,NA,NA,"E: Uncertainty",NA
"2023-04-01 03:00:00","PM2.5",NA,0,0,217.3286,0,23.8621,11.5247,0,1.3501,0,0,9.1184,NA,0,NA,1.2218,0,0,0,0,NA,NA,0,0,0,15.8276,NA,0,0,NA,0,NA,0,0,0,0,0,0,NA,0,"E: Uncertainty",NA,NA,NA,NA,NA,NA,NA,NA,NA,NA,NA,"E: Uncertainty",NA,"E: Uncertainty",NA,NA,NA,NA,NA,"E: Uncertainty","E: Uncertainty",NA,NA,NA,NA,"E: Uncertainty",NA,NA,"E: Uncertainty",NA,"E: Uncertainty",NA,NA,NA,NA,NA,NA,"E: Uncertainty",NA
"2023-04-01 04:00:00","PM10",NA,0,0,235.2067,113.5224,30.389,41.4868,NA,NA,0,NA,18.0544,0,0,0.8332,1.3122,0,0,0.8281,NA,0.8358,NA,0,0,0,10.6501,NA,NA,0,NA,NA,NA,NA,0,0,0,0,0,12.8925,0,"E: Uncertainty",NA,NA,NA,NA,NA,NA,"E: Uncertainty","E: Uncertainty",NA,"E: Uncertainty",NA,NA,NA,NA,NA,NA,NA,NA,"E: Uncertainty",NA,"E: Uncertainty",NA,NA,NA,NA,"E: Uncertainty","E: Uncertainty",NA,"E: Uncertainty","E: Uncertainty","E: Uncertainty","E: Uncertainty",NA,NA,NA,NA,NA,NA,NA
"2023-04-01 05:00:00","PM2.5",NA,0,0,257.9424,0,12.2362,7.3726,0,0,0,0,17.6328,0,0,0.7728,2.1444,0,0,1.0478,0,0.5814,NA,0,0,0,12.6004,0,0,0,NA,NA,NA,NA,0,0,0,0,0,0,0,"E: Uncertainty",NA,NA,NA,NA,NA,NA,NA,NA,NA,NA,NA,NA,NA,NA,NA,NA,NA,NA,NA,NA,"E: Uncertainty",NA,NA,NA,NA,NA,NA,NA,"E: Uncertainty","E: Uncertainty","E: Uncertainty","E: Uncertainty",NA,NA,NA,NA,NA,NA,NA
"2023-04-01 06:00:00","PM10",0,0,0,385.3671,123.0665,21.8435,25.6605,1.5305,0,NA,NA,82.939,0,NA,2.0428,22.607,0,0,NA,0.7874,1.0166,NA,0,0,0,16.3324,NA,NA,0,NA,NA,NA,NA,0,0,0,0,0,0,0,NA,NA,NA,NA,NA,NA,NA,NA,NA,"E: Uncertainty","E: Uncertainty",NA,NA,"E: Uncertainty",NA,NA,NA,NA,"E: Uncertainty",NA,NA,"E: Uncertainty",NA,NA,NA,NA,"E: Uncertainty","E: Uncertainty",NA,"E: Uncertainty","E: Uncertainty","E: Uncertainty","E: Uncertainty",NA,NA,NA,NA,NA,NA,NA
"2023-04-01 07:00:00","PM2.5",614.7976,0,0,281.8207,49.5859,8.3719,11.4956,NA,NA,0,0,40.9295,0,0,2.0126,2.009,0,0,0,NA,0.6559,NA,0,0,0,NA,0,0,0,NA,NA,NA,0,0,0,0,0,0,0,0,NA,NA,NA,NA,NA,NA,NA,"E: Uncertainty","E: Uncertainty",NA,NA,NA,NA,NA,NA,NA,NA,NA,NA,"E: Uncertainty",NA,"E: Uncertainty",NA,NA,NA,"E: Uncertainty",NA,NA,NA,"E: Uncertainty","E: Uncertainty","E: Uncertainty",NA,NA,NA,NA,NA,NA,NA,NA
"2023-04-01 08:00:00","PM10",NA,0,0,226.2635,176.0313,21.0748,44.0342,NA,NA,0.0078,0,87.025,0,0,3.6674,3.9308,0,0,0,NA,0.8517,NA,0,NA,0,0,0,0,0,0,NA,0,NA,0,0,0,0,0,NA,0,"E: Uncertainty",NA,NA,NA,NA,NA,NA,"E: Uncertainty","E: Uncertainty",NA,NA,NA,NA,NA,NA,NA,NA,NA,NA,"E: Uncertainty",NA,"E: Uncertainty",NA,"E: Uncertainty",NA,NA,NA,NA,NA,NA,"E: Uncertainty",NA,"E: Uncertainty",NA,NA,NA,NA,NA,"E: Uncertainty",NA
"2023-04-01 09:00:00","PM2.5",NA,0,0,181.9719,39.2817,18.1875,11.9936,0,0,0.0069,0,44.9408,0,0,1.9536,3.6895,0,0,NA,0,NA,NA,0,0,0,NA,0,0,0,0,NA,NA,0,0,0,0,0,0,NA,0,"E: Uncertainty",NA,NA,NA,NA,NA,NA,NA,NA,NA,NA,NA,NA,NA,NA,NA,NA,NA,"E: Uncertainty",NA,"E: Uncertainty","E: Uncertainty",NA,NA,NA,"E: Uncertainty",NA,NA,NA,NA,"E: Uncertainty","E: Uncertainty",NA,NA,NA,NA,NA,NA,"E: Uncertainty",NA
"2023-04-01 10:00:00","PM10",0,0,0,229.4507,160.1167,28.69,85.8967,3.5327,0,0.0032,NA,137.3529,0,0,2.8733,6.6675,0,0,NA,NA,0.5892,NA,0,0,NA,NA,NA,NA,0,NA,NA,0,NA,0,0,0,0,0,0,0,NA,NA,NA,NA,NA,NA,NA,NA,NA,NA,"E: Uncertainty",NA,NA,NA,NA,NA,NA,NA,"E: Uncertainty","E: Uncertainty",NA,"E: Uncertainty",NA,NA,"E: Uncertainty","E: Uncertainty","E: Uncertainty","E: Uncertainty",NA,"E: Uncertainty","E: Uncertainty",NA,"E: Uncertainty",NA,NA,NA,NA,NA,NA,NA
"2023-04-01 11:00:00","PM2.5",NA,0,0,236.3213,40.5979,14.0761,22.0064,NA,0,NA,NA,56.8818,0,NA,2.0858,6.1481,0,0,NA,0,0.8595,NA,0,0,0,11.258,NA,NA,0,NA,NA,NA,NA,0,0,0,0,0,0.8175,0,"E: Uncertainty",NA,NA,NA,NA,NA,NA,"E: Uncertainty",NA,"E: Uncertainty","E: Uncertainty",NA,NA,"E: Uncertainty",NA,NA,NA,NA,"E: Uncertainty",NA,NA,"E: Uncertainty",NA,NA,NA,NA,"E: Uncertainty","E: Uncertainty",NA,"E: Uncertainty","E: Uncertainty","E: Uncertainty","E: Uncertainty",NA,NA,NA,NA,NA,NA,NA
"2023-04-01 12:00:00","PM10",NA,0,0,394.9467,116.746,22.8911,147.8324,3.3134,0,NA,0.9983,185.4706,NA,NA,5.3091,5.7813,0,0,0,0,1.435,NA,0,0,0,NA,0.1054,0,0,NA,0,NA,NA,0,0,0,0,0,1.0603,0,"E: Uncertainty",NA,NA,NA,NA,NA,NA,NA,NA,"E: Uncertainty",NA,NA,"E: Uncertainty","E: Uncertainty",NA,NA,NA,NA,NA,NA,NA,"E: Uncertainty",NA,NA,NA,"E: Uncertainty",NA,NA,NA,"E: Uncertainty",NA,"E: Uncertainty","E: Uncertainty",NA,NA,NA,NA,NA,NA,NA
"2023-04-01 13:00:00","PM2.5",NA,0,0,225.8739,NA,16.3008,30.564,1.399,0,NA,NA,76.0355,0,0,2.6767,4.2777,0,0,0,0,1.0255,NA,0,0,0,11.6947,0,NA,NA,NA,NA,NA,NA,0,0,0,0,0,1.5273,0,"E: Uncertainty",NA,NA,NA,"E: Uncertainty",NA,NA,NA,NA,"E: Uncertainty","E: Uncertainty",NA,NA,NA,NA,NA,NA,NA,NA,NA,NA,"E: Uncertainty",NA,NA,NA,NA,NA,"E: Uncertainty","E: Uncertainty","E: Uncertainty","E: Uncertainty","E: Uncertainty","E: Uncertainty",NA,NA,NA,NA,NA,NA,NA
"2023-04-01 14:00:00","PM10",NA,NA,0,273.3359,78.1326,33.9482,168.9763,4.8444,0,NA,1.4199,225.1862,NA,0,7.1706,5.3023,0,0,0.6978,0,0.9055,NA,0,0,0,12.148,0,0,0,0,NA,NA,0,0,NA,0,0,0,0.8637,0,"E: Uncertainty","E: Uncertainty",NA,NA,NA,NA,NA,NA,NA,"E: Uncertainty",NA,NA,"E: Uncertainty",NA,NA,NA,NA,NA,NA,NA,NA,"E: Uncertainty",NA,NA,NA,NA,NA,NA,NA,NA,"E: Uncertainty","E: Uncertainty",NA,NA,"E: Uncertainty",NA,NA,NA,NA,NA
"2023-04-01 15:00:00","PM2.5",NA,0,0,143.8804,0,10.302,22.3885,NA,0,NA,NA,72.0095,0,NA,2.5109,3.3047,0,0,0,0,NA,NA,0,0,0,14.0417,NA,NA,0,NA,0,0,NA,0,0,0,0,0,3.4312,0,"E: Uncertainty",NA,NA,NA,NA,NA,NA,"E: Uncertainty",NA,"E: Uncertainty","E: Uncertainty",NA,NA,"E: Uncertainty",NA,NA,NA,NA,NA,NA,"E: Uncertainty","E: Uncertainty",NA,NA,NA,NA,"E: Uncertainty","E: Uncertainty",NA,"E: Uncertainty",NA,NA,"E: Uncertainty",NA,NA,NA,NA,NA,NA,NA
"2023-04-01 16:00:00","PM10",NA,0,0,134.6158,31.1689,19.1694,81.8219,2.3175,NA,NA,NA,160.7768,0,NA,3.809,3.7976,NA,0,0.9987,NA,0.7072,NA,0,0,0,9.4989,NA,NA,0,0,NA,NA,NA,0,0,0,NA,0,1.5828,0,"E: Uncertainty",NA,NA,NA,NA,NA,NA,NA,"E: Uncertainty","E: Uncertainty","E: Uncertainty",NA,NA,"E: Uncertainty",NA,NA,"E: Uncertainty",NA,NA,"E: Uncertainty",NA,"E: Uncertainty",NA,NA,NA,NA,"E: Uncertainty","E: Uncertainty",NA,NA,"E: Uncertainty","E: Uncertainty","E: Uncertainty",NA,NA,NA,"E: Uncertainty",NA,NA,NA
"2023-04-01 17:00:00","PM2.5",NA,0,0,149.8222,11.4699,17.4089,15.4942,NA,0.0081,0,NA,87.9681,0,0,2.663,4.4998,0,0,1.2419,NA,NA,NA,0,0,0,19.0118,0,NA,0,0,NA,0.0237,NA,0,0,0,0,0,2.4126,0,"E: Uncertainty",NA,NA,NA,NA,NA,NA,"E: Uncertainty",NA,NA,"E: Uncertainty",NA,NA,NA,NA,NA,NA,NA,NA,"E: Uncertainty","E: Uncertainty","E: Uncertainty",NA,NA,NA,NA,NA,"E: Uncertainty",NA,NA,"E: Uncertainty",NA,"E: Uncertainty",NA,NA,NA,NA,NA,NA,NA
"2023-04-01 18:00:00","PM10",NA,NA,0,158.4316,75.3598,36.7478,58.7387,3.6066,NA,NA,0.8957,240.7371,NA,0,5.8193,6.1867,0,0,1.0138,NA,1.1543,0,0,0,0,21.1401,0,0,0,0,NA,NA,NA,0,0,0,0,0,NA,0,"E: Uncertainty","E: Uncertainty",NA,NA,NA,NA,NA,NA,"E: Uncertainty","E: Uncertainty",NA,NA,"E: Uncertainty",NA,NA,NA,NA,NA,NA,"E: Uncertainty",NA,NA,NA,NA,NA,NA,NA,NA,NA,NA,"E: Uncertainty","E: Uncertainty","E: Uncertainty",NA,NA,NA,NA,NA,"E: Uncertainty",NA
"2023-04-01 19:00:00","PM2.5",694.9858,0,0,132.5058,36.7465,22.6394,12.6036,NA,0,NA,0,62.7548,0,0,1.913,3.6715,0,0,0.4526,0,2.0115,NA,0,0,0,15.5655,0,NA,0,0,0,NA,NA,0,0,0,0,0,2.1819,0,NA,NA,NA,NA,NA,NA,NA,"E: Uncertainty",NA,"E: Uncertainty",NA,NA,NA,NA,NA,NA,NA,NA,NA,NA,NA,"E: Uncertainty",NA,NA,NA,NA,NA,"E: Uncertainty",NA,NA,NA,"E: Uncertainty","E: Uncertainty",NA,NA,NA,NA,NA,NA,NA
"2023-04-01 20:00:00","PM10",NA,0,0,223.9394,344.8977,44.625,74.9204,3.1557,NA,NA,NA,201.0997,0,0,4.662,7.439,0,0,0,0,5.1471,NA,0,0,0,16.2504,0,0,0,NA,NA,NA,NA,0,0,0,0,0,2.8966,0,"E: Uncertainty",NA,NA,NA,NA,NA,NA,NA,"E: Uncertainty","E: Uncertainty","E: Uncertainty",NA,NA,NA,NA,NA,NA,NA,NA,NA,NA,"E: Uncertainty",NA,NA,NA,NA,NA,NA,NA,"E: Uncertainty","E: Uncertainty","E: Uncertainty","E: Uncertainty",NA,NA,NA,NA,NA,NA,NA
"2023-04-01 21:00:00","PM2.5",0,0,0,346.8548,91.3781,33.9693,26.5415,1.0226,0,0,0,70.1818,0,NA,2.5313,3.6976,0,0,0.5106,0,2.2585,NA,0,0,0,9.4913,NA,NA,0,0,0,NA,NA,0,NA,0,0,0,1.6353,0,NA,NA,NA,NA,NA,NA,NA,NA,NA,NA,NA,NA,NA,"E: Uncertainty",NA,NA,NA,NA,NA,NA,NA,"E: Uncertainty",NA,NA,NA,NA,"E: Uncertainty","E: Uncertainty",NA,NA,NA,"E: Uncertainty","E: Uncertainty",NA,"E: Uncertainty",NA,NA,NA,NA,NA
"2023-04-01 22:00:00","PM10",NA,0,0,313.1864,331.0077,39.2587,86.0414,NA,0,0,NA,138.5354,0,0,3.1301,6.9073,0,0,0,0,3.8111,NA,0,0,0,13.9545,NA,NA,0,NA,NA,0,NA,0,0,0,0,0,2.4883,0,"E: Uncertainty",NA,NA,NA,NA,NA,NA,"E: Uncertainty",NA,NA,"E: Uncertainty",NA,NA,NA,NA,NA,NA,NA,NA,NA,NA,"E: Uncertainty",NA,NA,NA,NA,"E: Uncertainty","E: Uncertainty",NA,"E: Uncertainty","E: Uncertainty",NA,"E: Uncertainty",NA,NA,NA,NA,NA,NA,NA
"2023-04-01 23:00:00","PM2.5",NA,0,0,314.7516,86.4619,35.3367,16.7475,0,0,0,0,37.4078,0.0098,NA,1.1084,6.7162,0,0,0,0,2.8113,NA,0,NA,0,NA,0,NA,NA,NA,NA,NA,NA,0,NA,0,0,0,3.7849,0,"E: Uncertainty",NA,NA,NA,NA,NA,NA,NA,NA,NA,NA,NA,NA,"E: Uncertainty",NA,NA,NA,NA,NA,NA,NA,"E: Uncertainty",NA,"E: Uncertainty",NA,"E: Uncertainty",NA,"E: Uncertainty","E: Uncertainty","E: Uncertainty","E: Uncertainty","E: Uncertainty","E: Uncertainty",NA,"E: Uncertainty",NA,NA,NA,NA,NA
"2023-04-02 00:30:00","PM10",NA,NA,NA,NA,NA,NA,NA,NA,NA,NA,NA,NA,NA,NA,NA,NA,NA,NA,NA,NA,NA,NA,NA,NA,NA,NA,NA,NA,NA,NA,NA,NA,NA,NA,NA,NA,NA,NA,NA,NA,"E: Erroneous Data","E: Erroneous Data","E: Erroneous Data","E: Erroneous Data","E: Erroneous Data","E: Erroneous Data","E: Erroneous Data","E: Uncertainty","E: Erroneous Data","E: Uncertainty","E: Erroneous Data","E: Erroneous Data","E: Erroneous Data","E: Erroneous Data","E: Erroneous Data","E: Erroneous Data","E: Erroneous Data","E: Erroneous Data","E: Uncertainty","E: Erroneous Data","E: Erroneous Data","E: Uncertainty","E: Erroneous Data","E: Erroneous Data","E: Erroneous Data","E: Erroneous Data","E: Erroneous Data","E: Erroneous Data","E: Erroneous Data","E: Erroneous Data","E: Uncertainty","E: Uncertainty","E: Uncertainty","E: Erroneous Data","E: Erroneous Data","E: Erroneous Data","E: Erroneous Data","E: Erroneous Data","E: Erroneous Data","E: Erroneous Data"
"2023-04-02 01:00:00","PM2.5",NA,NA,NA,NA,NA,NA,NA,NA,NA,NA,NA,NA,NA,NA,NA,NA,NA,NA,NA,NA,NA,NA,NA,NA,NA,NA,NA,NA,NA,NA,NA,NA,NA,NA,NA,NA,NA,NA,NA,NA,"E: Uncertainty","E: Erroneous Data","E: Erroneous Data","E: Erroneous Data","E: Erroneous Data","E: Erroneous Data","E: Erroneous Data","E: Erroneous Data","E: Erroneous Data","E: Uncertainty","E: Uncertainty","E: Erroneous Data","E: Uncertainty","E: Erroneous Data","E: Erroneous Data","E: Erroneous Data","E: Erroneous Data","E: Erroneous Data","E: Erroneous Data","E: Uncertainty","E: Erroneous Data","E: Uncertainty","E: Erroneous Data","E: Erroneous Data","E: Erroneous Data","E: Erroneous Data","E: Uncertainty","E: Uncertainty","E: Erroneous Data","E: Uncertainty","E: Erroneous Data","E: Uncertainty","E: Erroneous Data","E: Erroneous Data","E: Erroneous Data","E: Erroneous Data","E: Erroneous Data","E: Uncertainty","E: Erroneous Data","E: Erroneous Data"
"2023-04-02 02:00:00","PM10",NA,0,0,283.7315,128.1961,24.5006,30.3461,1.4583,NA,NA,NA,40.357,0,0,0.7039,3.5733,0,0,NA,NA,1.7968,NA,0,0,0,NA,NA,0,0,0,NA,NA,0,0,0,0,0,0,NA,0,"E: Uncertainty",NA,NA,NA,NA,NA,NA,NA,"E: Uncertainty","E: Uncertainty","E: Uncertainty",NA,NA,NA,NA,NA,NA,NA,"E: Uncertainty","E: Uncertainty",NA,"E: Uncertainty",NA,NA,NA,"E: Uncertainty","E: Uncertainty",NA,NA,NA,"E: Uncertainty","E: Uncertainty",NA,NA,NA,NA,NA,NA,"E: Uncertainty",NA
"2023-04-02 03:00:00","PM2.5",0,0,0,250.6084,0,19.3493,5.7958,0,NA,NA,NA,18.266,0,0,NA,2.7751,0,0,0,NA,1.422,NA,0,0,0,12.5606,NA,0,0,0,NA,NA,0,0,0,0,0,0,NA,0,NA,NA,NA,NA,NA,NA,NA,NA,"E: Uncertainty","E: Uncertainty","E: Uncertainty",NA,NA,NA,"E: Uncertainty",NA,NA,NA,NA,"E: Uncertainty",NA,"E: Uncertainty",NA,NA,NA,NA,"E: Uncertainty",NA,NA,NA,"E: Uncertainty","E: Uncertainty",NA,NA,NA,NA,NA,NA,"E: Uncertainty",NA
"2023-04-02 04:00:00","PM10",NA,0,0,292.994,114.5703,20.547,13.8524,NA,0,0,0,24.2972,0.0024,0,0.9205,2.6889,NA,0,0,NA,1.331,NA,0,0,0,14.9825,NA,0,0,0,0,NA,NA,0,0,0,0,0,NA,0,"E: Uncertainty",NA,NA,NA,NA,NA,NA,"E: Uncertainty",NA,NA,NA,NA,NA,NA,NA,NA,"E: Uncertainty",NA,NA,"E: Uncertainty",NA,"E: Uncertainty",NA,NA,NA,NA,"E: Uncertainty",NA,NA,NA,NA,"E: Uncertainty","E: Uncertainty",NA,NA,NA,NA,NA,"E: Uncertainty",NA
"2023-04-02 05:00:00","PM2.5",NA,NA,NA,NA,NA,NA,NA,NA,NA,NA,NA,NA,NA,NA,NA,NA,NA,NA,NA,NA,NA,NA,NA,NA,NA,NA,NA,NA,NA,NA,NA,NA,NA,NA,NA,NA,NA,NA,NA,NA,"E: Uncertainty","E: Erroneous Data","E: Erroneous Data","E: Erroneous Data","E: Erroneous Data","E: Erroneous Data","E: Erroneous Data","E: Erroneous Data","E: Uncertainty","E: Erroneous Data","E: Erroneous Data","E: Erroneous Data","E: Erroneous Data","E: Erroneous Data","E: Uncertainty","E: Erroneous Data","E: Erroneous Data","E: Erroneous Data","E: Erroneous Data","E: Uncertainty","E: Erroneous Data","E: Erroneous Data","E: Erroneous Data","E: Erroneous Data","E: Erroneous Data","E: Uncertainty","E: Uncertainty","E: Uncertainty","E: Erroneous Data","E: Erroneous Data","E: Erroneous Data","E: Uncertainty","E: Uncertainty","E: Erroneous Data","E: Erroneous Data","E: Erroneous Data","E: Erroneous Data","E: Erroneous Data","E: Uncertainty","E: Erroneous Data"
"2023-04-02 06:00:00","PM10",NA,NA,NA,NA,NA,NA,NA,NA,NA,NA,NA,NA,NA,NA,NA,NA,NA,NA,NA,NA,NA,NA,NA,NA,NA,NA,NA,NA,NA,NA,NA,NA,NA,NA,NA,NA,NA,NA,NA,NA,"E: Erroneous Data","E: Erroneous Data","E: Erroneous Data","E: Erroneous Data","E: Erroneous Data","E: Erroneous Data","E: Erroneous Data","E: Uncertainty","E: Uncertainty","E: Erroneous Data","E: Erroneous Data","E: Erroneous Data","E: Erroneous Data","E: Erroneous Data","E: Erroneous Data","E: Erroneous Data","E: Erroneous Data","E: Erroneous Data","E: Erroneous Data","E: Uncertainty","E: Erroneous Data","E: Uncertainty","E: Erroneous Data","E: Erroneous Data","E: Erroneous Data","E: Erroneous Data","E: Erroneous Data","E: Uncertainty","E: Erroneous Data","E: Erroneous Data","E: Erroneous Data","E: Uncertainty","E: Erroneous Data","E: Erroneous Data","E: Erroneous Data","E: Uncertainty","E: Erroneous Data","E: Erroneous Data","E: Uncertainty","E: Erroneous Data"
"2023-04-02 07:00:00","PM2.5",NA,NA,NA,NA,NA,NA,NA,NA,NA,NA,NA,NA,NA,NA,NA,NA,NA,NA,NA,NA,NA,NA,NA,NA,NA,NA,NA,NA,NA,NA,NA,NA,NA,NA,NA,NA,NA,NA,NA,NA,"E: Uncertainty","E: Erroneous Data","E: Erroneous Data","E: Erroneous Data","E: Erroneous Data","E: Erroneous Data","E: Erroneous Data","E: Uncertainty","E: Uncertainty","E: Erroneous Data","E: Erroneous Data","E: Erroneous Data","E: Erroneous Data","E: Uncertainty","E: Uncertainty","E: Erroneous Data","E: Erroneous Data","E: Erroneous Data","E: Erroneous Data","E: Uncertainty","E: Erroneous Data","E: Uncertainty","E: Erroneous Data","E: Erroneous Data","E: Erroneous Data","E: Erroneous Data","E: Uncertainty","E: Uncertainty","E: Erroneous Data","E: Erroneous Data","E: Erroneous Data","E: Erroneous Data","E: Erroneous Data","E: Erroneous Data","E: Erroneous Data","E: Erroneous Data","E: Erroneous Data","E: Erroneous Data","E: Erroneous Data","E: Erroneous Data"
"2023-04-02 08:00:00","PM10",NA,NA,NA,NA,NA,NA,NA,NA,NA,NA,NA,NA,NA,NA,NA,NA,NA,NA,NA,NA,NA,NA,NA,NA,NA,NA,NA,NA,NA,NA,NA,NA,NA,NA,NA,NA,NA,NA,NA,NA,"E: Erroneous Data","E: Erroneous Data","E: Erroneous Data","E: Erroneous Data","E: Erroneous Data","E: Erroneous Data","E: Erroneous Data","E: Uncertainty","E: Erroneous Data","E: Uncertainty","E: Erroneous Data","E: Erroneous Data","E: Uncertainty","E: Erroneous Data","E: Erroneous Data","E: Erroneous Data","E: Erroneous Data","E: Erroneous Data","E: Uncertainty","E: Erroneous Data","E: Erroneous Data","E: Erroneous Data","E: Erroneous Data","E: Erroneous Data","E: Erroneous Data","E: Uncertainty","E: Uncertainty","E: Uncertainty","E: Erroneous Data","E: Uncertainty","E: Uncertainty","E: Uncertainty","E: Erroneous Data","E: Erroneous Data","E: Erroneous Data","E: Erroneous Data","E: Erroneous Data","E: Erroneous Data","E: Erroneous Data","E: Erroneous Data"
"2023-04-02 09:00:00","PM2.5",NA,NA,NA,NA,NA,NA,NA,NA,NA,NA,NA,NA,NA,NA,NA,NA,NA,NA,NA,NA,NA,NA,NA,NA,NA,NA,NA,NA,NA,NA,NA,NA,NA,NA,NA,NA,NA,NA,NA,NA,"E: Erroneous Data","E: Erroneous Data","E: Erroneous Data","E: Erroneous Data","E: Erroneous Data","E: Erroneous Data","E: Erroneous Data","E: Uncertainty","E: Erroneous Data","E: Uncertainty","E: Erroneous Data","E: Erroneous Data","E: Erroneous Data","E: Erroneous Data","E: Erroneous Data","E: Erroneous Data","E: Erroneous Data","E: Erroneous Data","E: Erroneous Data","E: Uncertainty","E: Erroneous Data","E: Uncertainty","E: Erroneous Data","E: Erroneous Data","E: Erroneous Data","E: Erroneous Data","E: Uncertainty","E: Erroneous Data","E: Erroneous Data","E: Erroneous Data","E: Uncertainty","E: Uncertainty","E: Erroneous Data","E: Erroneous Data","E: Erroneous Data","E: Erroneous Data","E: Erroneous Data","E: Erroneous Data","E: Erroneous Data","E: Erroneous Data"
"2023-04-02 10:00:00","PM10",NA,NA,NA,NA,NA,NA,NA,NA,NA,NA,NA,NA,NA,NA,NA,NA,NA,NA,NA,NA,NA,NA,NA,NA,NA,NA,NA,NA,NA,NA,NA,NA,NA,NA,NA,NA,NA,NA,NA,NA,"E: Erroneous Data","E: Erroneous Data","E: Erroneous Data","E: Erroneous Data","E: Erroneous Data","E: Erroneous Data","E: Erroneous Data","E: Erroneous Data","E: Erroneous Data","E: Erroneous Data","E: Erroneous Data","E: Erroneous Data","E: Erroneous Data","E: Erroneous Data","E: Erroneous Data","E: Erroneous Data","E: Erroneous Data","E: Erroneous Data","E: Erroneous Data","E: Uncertainty","E: Erroneous Data","E: Erroneous Data","E: Erroneous Data","E: Erroneous Data","E: Erroneous Data","E: Erroneous Data","E: Uncertainty","E: Uncertainty","E: Erroneous Data","E: Uncertainty","E: Uncertainty","E: Erroneous Data","E: Erroneous Data","E: Erroneous Data","E: Erroneous Data","E: Erroneous Data","E: Erroneous Data","E: Erroneous Data","E: Erroneous Data","E: Erroneous Data"
"2023-04-02 11:00:00","PM2.5",NA,NA,NA,NA,NA,NA,NA,NA,NA,NA,NA,NA,NA,NA,NA,NA,NA,NA,NA,NA,NA,NA,NA,NA,NA,NA,NA,NA,NA,NA,NA,NA,NA,NA,NA,NA,NA,NA,NA,NA,"E: Erroneous Data","E: Erroneous Data","E: Erroneous Data","E: Erroneous Data","E: Erroneous Data","E: Erroneous Data","E: Erroneous Data","E: Uncertainty","E: Uncertainty","E: Erroneous Data","E: Erroneous Data","E: Erroneous Data","E: Erroneous Data","E: Uncertainty","E: Erroneous Data","E: Erroneous Data","E: Erroneous Data","E: Erroneous Data","E: Erroneous Data","E: Uncertainty","E: Erroneous Data","E: Uncertainty","E: Erroneous Data","E: Uncertainty","E: Erroneous Data","E: Erroneous Data","E: Uncertainty","E: Uncertainty","E: Erroneous Data","E: Uncertainty","E: Uncertainty","E: Uncertainty","E: Erroneous Data","E: Erroneous Data","E: Erroneous Data","E: Erroneous Data","E: Erroneous Data","E: Erroneous Data","E: Erroneous Data","E: Erroneous Data"
"2023-04-02 12:00:00","PM10",NA,NA,NA,NA,NA,NA,NA,NA,NA,NA,NA,NA,NA,NA,NA,NA,NA,NA,NA,NA,NA,NA,NA,NA,NA,NA,NA,NA,NA,NA,NA,NA,NA,NA,NA,NA,NA,NA,NA,NA,"E: Erroneous Data","E: Erroneous Data","E: Erroneous Data","E: Erroneous Data","E: Erroneous Data","E: Erroneous Data","E: Erroneous Data","E: Erroneous Data","E: Uncertainty","E: Erroneous Data","E: Erroneous Data","E: Erroneous Data","E: Erroneous Data","E: Erroneous Data","E: Erroneous Data","E: Erroneous Data","E: Erroneous Data","E: Erroneous Data","E: Erroneous Data","E: Uncertainty","E: Erroneous Data","E: Erroneous Data","E: Erroneous Data","E: Erroneous Data","E: Erroneous Data","E: Erroneous Data","E: Erroneous Data","E: Uncertainty","E: Erroneous Data","E: Erroneous Data","E: Uncertainty","E: Erroneous Data","E: Erroneous Data","E: Erroneous Data","E: Erroneous Data","E: Erroneous Data","E: Erroneous Data","E: Erroneous Data","E: Erroneous Data","E: Erroneous Data"
"2023-04-02 13:00:00","PM2.5",NA,NA,NA,NA,NA,NA,NA,NA,NA,NA,NA,NA,NA,NA,NA,NA,NA,NA,NA,NA,NA,NA,NA,NA,NA,NA,NA,NA,NA,NA,NA,NA,NA,NA,NA,NA,NA,NA,NA,NA,"E: Uncertainty","E: Erroneous Data","E: Erroneous Data","E: Erroneous Data","E: Erroneous Data","E: Erroneous Data","E: Erroneous Data","E: Erroneous Data","E: Erroneous Data","E: Erroneous Data","E: Uncertainty","E: Erroneous Data","E: Uncertainty","E: Erroneous Data","E: Erroneous Data","E: Erroneous Data","E: Erroneous Data","E: Erroneous Data","E: Erroneous Data","E: Uncertainty","E: Erroneous Data","E: Uncertainty","E: Erroneous Data","E: Erroneous Data","E: Erroneous Data","E: Erroneous Data","E: Uncertainty","E: Erroneous Data","E: Erroneous Data","E: Uncertainty","E: Uncertainty","E: Uncertainty","E: Erroneous Data","E: Erroneous Data","E: Erroneous Data","E: Erroneous Data","E: Erroneous Data","E: Erroneous Data","E: Erroneous Data","E: Erroneous Data"
"2023-04-02 14:00:00","PM10",NA,NA,NA,NA,NA,NA,NA,NA,NA,NA,NA,NA,NA,NA,NA,NA,NA,NA,NA,NA,NA,NA,NA,NA,NA,NA,NA,NA,NA,NA,NA,NA,NA,NA,NA,NA,NA,NA,NA,NA,"E: Erroneous Data","E: Erroneous Data","E: Erroneous Data","E: Erroneous Data","E: Erroneous Data","E: Erroneous Data","E: Erroneous Data","E: Erroneous Data","E: Uncertainty","E: Uncertainty","E: Erroneous Data","E: Erroneous Data","E: Erroneous Data","E: Erroneous Data","E: Erroneous Data","E: Erroneous Data","E: Erroneous Data","E: Erroneous Data","E: Erroneous Data","E: Uncertainty","E: Erroneous Data","E: Erroneous Data","E: Erroneous Data","E: Uncertainty","E: Erroneous Data","E: Erroneous Data","E: Uncertainty","E: Erroneous Data","E: Erroneous Data","E: Erroneous Data","E: Uncertainty","E: Uncertainty","E: Erroneous Data","E: Erroneous Data","E: Erroneous Data","E: Erroneous Data","E: Erroneous Data","E: Erroneous Data","E: Erroneous Data","E: Erroneous Data"
"2023-04-02 15:00:00","PM2.5",NA,NA,NA,NA,NA,NA,NA,NA,NA,NA,NA,NA,NA,NA,NA,NA,NA,NA,NA,NA,NA,NA,NA,NA,NA,NA,NA,NA,NA,NA,NA,NA,NA,NA,NA,NA,NA,NA,NA,NA,"E: Erroneous Data","E: Erroneous Data","E: Erroneous Data","E: Erroneous Data","E: Erroneous Data","E: Erroneous Data","E: Erroneous Data","E: Erroneous Data","E: Uncertainty","E: Erroneous Data","E: Uncertainty","E: Erroneous Data","E: Erroneous Data","E: Uncertainty","E: Erroneous Data","E: Erroneous Data","E: Erroneous Data","E: Erroneous Data","E: Erroneous Data","E: Erroneous Data","E: Erroneous Data","E: Erroneous Data","E: Erroneous Data","E: Erroneous Data","E: Erroneous Data","E: Erroneous Data","E: Uncertainty","E: Uncertainty","E: Erroneous Data","E: Uncertainty","E: Uncertainty","E: Uncertainty","E: Erroneous Data","E: Erroneous Data","E: Uncertainty","E: Erroneous Data","E: Erroneous Data","E: Erroneous Data","E: Erroneous Data","E: Erroneous Data"
"2023-04-02 16:00:00","PM10",NA,NA,0,775.9948,2311.3906,110.3964,152.2981,8.5083,NA,NA,NA,102.8896,NA,0,2.2267,4.5279,NA,0,0,NA,6.4768,1.6556,0,0,0,11.9922,0,NA,NA,NA,NA,0,0,0,0,0,0,0,1.8252,0,"E: Uncertainty","E: Uncertainty",NA,NA,NA,NA,NA,NA,"E: Uncertainty","E: Uncertainty","E: Uncertainty",NA,"E: Uncertainty",NA,NA,NA,"E: Uncertainty",NA,NA,"E: Uncertainty",NA,NA,NA,NA,NA,NA,NA,"E: Uncertainty","E: Uncertainty","E: Uncertainty","E: Uncertainty",NA,NA,NA,NA,NA,NA,NA,NA,NA
"2023-04-02 17:00:00","PM2.5",NA,NA,NA,NA,NA,NA,NA,NA,NA,NA,NA,NA,NA,NA,NA,NA,NA,NA,NA,NA,NA,NA,NA,NA,NA,NA,NA,NA,NA,NA,NA,NA,NA,NA,NA,NA,NA,NA,NA,NA,"E: Erroneous Data","E: Uncertainty","E: Erroneous Data","E: Erroneous Data","E: Erroneous Data","E: Erroneous Data","E: Erroneous Data","E: Erroneous Data","E: Erroneous Data","E: Erroneous Data","E: Erroneous Data","E: Erroneous Data","E: Erroneous Data","E: Erroneous Data","E: Erroneous Data","E: Erroneous Data","E: Erroneous Data","E: Erroneous Data","E: Erroneous Data","E: Uncertainty","E: Erroneous Data","E: Uncertainty","E: Erroneous Data","E: Erroneous Data","E: Erroneous Data","E: Erroneous Data","E: Uncertainty","E: Erroneous Data","E: Uncertainty","E: Uncertainty","E: Uncertainty","E: Uncertainty","E: Erroneous Data","E: Erroneous Data","E: Erroneous Data","E: Erroneous Data","E: Erroneous Data","E: Erroneous Data","E: Erroneous Data","E: Erroneous Data"
"2023-04-02 18:00:00","PM10",NA,NA,NA,NA,NA,NA,NA,NA,NA,NA,NA,NA,NA,NA,NA,NA,NA,NA,NA,NA,NA,NA,NA,NA,NA,NA,NA,NA,NA,NA,NA,NA,NA,NA,NA,NA,NA,NA,NA,NA,"E: Erroneous Data","E: Uncertainty","E: Erroneous Data","E: Erroneous Data","E: Erroneous Data","E: Erroneous Data","E: Erroneous Data","E: Erroneous Data","E: Erroneous Data","E: Uncertainty","E: Uncertainty","E: Erroneous Data","E: Erroneous Data","E: Erroneous Data","E: Erroneous Data","E: Erroneous Data","E: Erroneous Data","E: Erroneous Data","E: Erroneous Data","E: Erroneous Data","E: Erroneous Data","E: Erroneous Data","E: Erroneous Data","E: Erroneous Data","E: Erroneous Data","E: Erroneous Data","E: Erroneous Data","E: Erroneous Data","E: Erroneous Data","E: Erroneous Data","E: Uncertainty","E: Erroneous Data","E: Uncertainty","E: Erroneous Data","E: Erroneous Data","E: Erroneous Data","E: Erroneous Data","E: Erroneous Data","E: Erroneous Data","E: Erroneous Data"
"2023-04-02 19:00:00","PM2.5",NA,NA,NA,NA,NA,NA,NA,NA,NA,NA,NA,NA,NA,NA,NA,NA,NA,NA,NA,NA,NA,NA,NA,NA,NA,NA,NA,NA,NA,NA,NA,NA,NA,NA,NA,NA,NA,NA,NA,NA,"E: Erroneous Data","E: Erroneous Data","E: Erroneous Data","E: Erroneous Data","E: Erroneous Data","E: Erroneous Data","E: Erroneous Data","E: Erroneous Data","E: Uncertainty","E: Uncertainty","E: Uncertainty","E: Erroneous Data","E: Erroneous Data","E: Erroneous Data","E: Erroneous Data","E: Erroneous Data","E: Erroneous Data","E: Erroneous Data","E: Erroneous Data","E: Uncertainty","E: Erroneous Data","E: Uncertainty","E: Erroneous Data","E: Erroneous Data","E: Erroneous Data","E: Erroneous Data","E: Uncertainty","E: Uncertainty","E: Erroneous Data","E: Erroneous Data","E: Uncertainty","E: Uncertainty","E: Uncertainty","E: Erroneous Data","E: Erroneous Data","E: Erroneous Data","E: Erroneous Data","E: Erroneous Data","E: Erroneous Data","E: Erroneous Data"
"2023-04-02 20:00:00","PM10",NA,NA,NA,NA,NA,NA,NA,NA,NA,NA,NA,NA,NA,NA,NA,NA,NA,NA,NA,NA,NA,NA,NA,NA,NA,NA,NA,NA,NA,NA,NA,NA,NA,NA,NA,NA,NA,NA,NA,NA,"E: Erroneous Data","E: Uncertainty","E: Erroneous Data","E: Erroneous Data","E: Erroneous Data","E: Erroneous Data","E: Erroneous Data","E: Erroneous Data","E: Uncertainty","E: Uncertainty","E: Uncertainty","E: Erroneous Data","E: Erroneous Data","E: Uncertainty","E: Erroneous Data","E: Erroneous Data","E: Erroneous Data","E: Erroneous Data","E: Uncertainty","E: Erroneous Data","E: Erroneous Data","E: Erroneous Data","E: Erroneous Data","E: Erroneous Data","E: Erroneous Data","E: Erroneous Data","E: Uncertainty","E: Uncertainty","E: Erroneous Data","E: Erroneous Data","E: Uncertainty","E: Uncertainty","E: Uncertainty","E: Erroneous Data","E: Erroneous Data","E: Erroneous Data","E: Erroneous Data","E: Erroneous Data","E: Erroneous Data","E: Erroneous Data"
"2023-04-02 21:00:00","PM2.5",NA,NA,NA,NA,NA,NA,NA,NA,NA,NA,NA,NA,NA,NA,NA,NA,NA,NA,NA,NA,NA,NA,NA,NA,NA,NA,NA,NA,NA,NA,NA,NA,NA,NA,NA,NA,NA,NA,NA,NA,"E: Erroneous Data","E: Uncertainty","E: Erroneous Data","E: Erroneous Data","E: Erroneous Data","E: Erroneous Data","E: Erroneous Data","E: Erroneous Data","E: Erroneous Data","E: Uncertainty","E: Uncertainty","E: Erroneous Data","E: Erroneous Data","E: Uncertainty","E: Erroneous Data","E: Erroneous Data","E: Erroneous Data","E: Erroneous Data","E: Erroneous Data","E: Erroneous Data","E: Erroneous Data","E: Uncertainty","E: Erroneous Data","E: Erroneous Data","E: Erroneous Data","E: Erroneous Data","E: Uncertainty","E: Uncertainty","E: Erroneous Data","E: Uncertainty","E: Erroneous Data","E: Erroneous Data","E: Uncertainty","E: Erroneous Data","E: Erroneous Data","E: Erroneous Data","E: Erroneous Data","E: Erroneous Data","E: Uncertainty","E: Erroneous Data"
"2023-04-02 22:00:00","PM10",NA,NA,0,366.9084,1797.8366,115.9457,146.6671,6.7562,0,NA,1.1589,156.4831,0,NA,2.2841,7.9785,0,0,0.5969,0,11.5897,NA,0,0,0,17.5073,NA,NA,0,NA,NA,NA,NA,0,0,0,0,0,0,0,"E: Uncertainty","E: Uncertainty",NA,NA,NA,NA,NA,NA,NA,"E: Uncertainty",NA,NA,NA,"E: Uncertainty",NA,NA,NA,NA,NA,NA,NA,"E: Uncertainty",NA,NA,NA,NA,"E: Uncertainty","E: Uncertainty",NA,"E: Uncertainty","E: Uncertainty","E: Uncertainty","E: Uncertainty",NA,NA,NA,NA,NA,NA,NA
"2023-04-02 23:00:00","PM2.5",0,0,0,295.6422,441.0274,76.6763,42.3607,3.1924,NA,NA,NA,75.374,0,0,1.8558,8.4078,0,0,0.8501,NA,8.5008,NA,0,0,0,28.61,0,0,0,NA,NA,NA,NA,0,0,0,0,0,1.252,0,NA,NA,NA,NA,NA,NA,NA,NA,"E: Uncertainty","E: Uncertainty","E: Uncertainty",NA,NA,NA,NA,NA,NA,NA,NA,"E: Uncertainty",NA,"E: Uncertainty",NA,NA,NA,NA,NA,NA,NA,"E: Uncertainty","E: Uncertainty","E: Uncertainty","E: Uncertainty",NA,NA,NA,NA,NA,NA,NA
"2023-04-03 00:30:00","PM10",0,3.4263,0,315.1572,1638.602,120.9927,128.7284,7.7171,NA,NA,NA,182.9719,0,0,12.6926,13.5003,0,0,1.1451,NA,3.7805,NA,0,NA,NA,29.1902,0,NA,NA,0,NA,NA,NA,0,0,0,0.0064,0,NA,0,NA,NA,NA,NA,NA,NA,NA,NA,"E: Uncertainty","E: Uncertainty","E: Uncertainty",NA,NA,NA,NA,NA,NA,NA,NA,"E: Uncertainty",NA,"E: Uncertainty",NA,"E: Uncertainty","E: Uncertainty",NA,NA,"E: Uncertainty","E: Uncertainty",NA,"E: Uncertainty","E: Uncertainty","E: Uncertainty",NA,NA,NA,NA,NA,"E: Uncertainty",NA
"2023-04-03 01:00:00","PM2.5",0,NA,0,272.2065,436.5659,87.6999,34.5208,2.7486,NA,0,NA,76.7451,0,0,6.42,9.3821,0,0,0,0,2.6646,NA,0,NA,0,14.1761,NA,0,0,NA,NA,NA,0,0,NA,0,0,0,3.1217,0,NA,"E: Uncertainty",NA,NA,NA,NA,NA,NA,"E: Uncertainty",NA,"E: Uncertainty",NA,NA,NA,NA,NA,NA,NA,NA,NA,NA,"E: Uncertainty",NA,"E: Uncertainty",NA,NA,"E: Uncertainty",NA,NA,"E: Uncertainty","E: Uncertainty","E: Uncertainty",NA,NA,"E: Uncertainty",NA,NA,NA,NA,NA
"2023-04-03 02:00:00","PM10",0,NA,0,345.4851,1338.523,130.148,127.6122,5.0425,0,NA,0.8742,127.2682,NA,0.4816,2.5603,9.7174,0,0,0,NA,3.2702,NA,0,0,0,NA,NA,0,0,NA,NA,0,NA,0,0,0,0,0,2.5429,0,NA,"E: Uncertainty",NA,NA,NA,NA,NA,NA,NA,"E: Uncertainty",NA,NA,"E: Uncertainty",NA,NA,NA,NA,NA,NA,"E: Uncertainty",NA,"E: Uncertainty",NA,NA,NA,"E: Uncertainty","E: Uncertainty",NA,NA,"E: Uncertainty","E: Uncertainty",NA,"E: Uncertainty",NA,NA,NA,NA,NA,NA,NA
"2023-04-03 03:00:00","PM2.5",0,0,0,279.6976,368.6301,88.0682,28.5376,1.1615,NA,NA,NA,66.6464,0,NA,1.2237,10.1034,0,0,NA,NA,2.3262,NA,0,0,0,NA,0,NA,0,0,NA,NA,0,0,0,0,0,0,1.5241,0,NA,NA,NA,NA,NA,NA,NA,NA,"E: Uncertainty","E: Uncertainty","E: Uncertainty",NA,NA,"E: Uncertainty",NA,NA,NA,NA,"E: Uncertainty","E: Uncertainty",NA,"E: Uncertainty",NA,NA,NA,"E: Uncertainty",NA,"E: Uncertainty",NA,NA,"E: Uncertainty","E: Uncertainty",NA,NA,NA,NA,NA,NA,NA,NA
"2023-04-03 04:00:00","PM10",0,NA,0,321.8221,1172.5137,121.5933,121.7248,3.9748,NA,NA,1.3993,172.5255,0,NA,2.8726,25.3442,0,0,0.6235,0,2.8837,1.719,0,0,0,14.4052,NA,0,0,0,NA,0,NA,0,0,0,0,0,0.8962,0,NA,"E: Uncertainty",NA,NA,NA,NA,NA,NA,"E: Uncertainty","E: Uncertainty",NA,NA,NA,"E: Uncertainty",NA,NA,NA,NA,NA,NA,NA,NA,NA,NA,NA,NA,"E: Uncertainty",NA,NA,NA,"E: Uncertainty",NA,"E: Uncertainty",NA,NA,NA,NA,NA,NA,NA
"2023-04-03 05:00:00","PM2.5",NA,0,0,280.0743,267.1756,105.3512,40.4798,2.5106,NA,NA,NA,104.319,0,NA,2.7539,21.1729,0,0,0,0,2.9823,NA,0,0,0,11.9062,NA,NA,0,NA,NA,NA,0,0,0,0,0,0,2.7219,0,"E: Uncertainty",NA,NA,NA,NA,NA,NA,NA,"E: Uncertainty","E: Uncertainty","E: Uncertainty",NA,NA,"E: Uncertainty",NA,NA,NA,NA,NA,NA,NA,"E: Uncertainty",NA,NA,NA,NA,"E: Uncertainty","E: Uncertainty",NA,"E: Uncertainty","E: Uncertainty","E: Uncertainty",NA,NA,NA,NA,NA,NA,NA,NA
"2023-04-03 06:00:00","PM10",NA,NA,0,326.4584,1545.8106,141.0776,201.2451,9.3283,NA,0.7079,1.6059,286.1042,0,NA,6.741,17.2727,0,0,0.6959,0,4.06,NA,0,0,0,NA,NA,0,0,0,NA,0,NA,0,0,0,0,0,1.4838,0,"E: Uncertainty","E: Uncertainty",NA,NA,NA,NA,NA,NA,"E: Uncertainty",NA,NA,NA,NA,"E: Uncertainty",NA,NA,NA,NA,NA,NA,NA,"E: Uncertainty",NA,NA,NA,"E: Uncertainty","E: Uncertainty",NA,NA,NA,"E: Uncertainty",NA,"E: Uncertainty",NA,NA,NA,NA,NA,NA,NA
"2023-04-03 07:00:00","PM2.5",NA,2.0213,0,317.9387,566.3217,68.3854,60.3897,2.7592,NA,NA,NA,115.5137,0,0,4.0232,8.7417,0,0,0.5131,0,1.9565,NA,0,0,0,13.4074,NA,0,0,NA,NA,0,NA,0,0,0,0,0,1.202,0,"E: Uncertainty",NA,NA,NA,NA,NA,NA,NA,"E: Uncertainty","E: Uncertainty","E: Uncertainty",NA,NA,NA,NA,NA,NA,NA,NA,NA,NA,"E: Uncertainty",NA,NA,NA,NA,"E: Uncertainty",NA,NA,"E: Uncertainty","E: Uncertainty",NA,"E: Uncertainty",NA,NA,NA,NA,NA,NA,NA
"2023-04-03 08:00:00","PM10",0,NA,0,459.5748,1763.5358,165.3333,206.8602,2.8535,NA,NA,NA,133.3728,NA,0,2.5352,6.6941,0,0,0,NA,3.2328,2.1359,0,0,0,14.3667,NA,NA,0,NA,NA,0,3.6914,0,0,0,0,0,1.4458,0,NA,"E: Uncertainty",NA,NA,NA,NA,NA,NA,"E: Uncertainty","E: Uncertainty","E: Uncertainty",NA,"E: Uncertainty",NA,NA,NA,NA,NA,NA,"E: Uncertainty",NA,NA,NA,NA,NA,NA,"E: Uncertainty","E: Uncertainty",NA,"E: Uncertainty","E: Uncertainty",NA,NA,NA,NA,NA,NA,NA,NA,NA
"2023-04-03 09:00:00","PM2.5",NA,0,0,348.0037,277.3586,169.5378,44.1262,NA,0.9198,0,NA,36.0065,0,0,1.1516,4.4559,0,0,NA,0,1.9631,NA,0,0,0,10.2357,NA,NA,0,NA,0,NA,0,0,0,0,0.0098,0,1.8501,0,"E: Uncertainty",NA,NA,NA,NA,NA,NA,"E: Uncertainty",NA,NA,"E: Uncertainty",NA,NA,NA,NA,NA,NA,NA,"E: Uncertainty",NA,NA,"E: Uncertainty",NA,NA,NA,NA,"E: Uncertainty","E: Uncertainty",NA,"E: Uncertainty",NA,"E: Uncertainty",NA,NA,NA,NA,NA,NA,NA,NA
"2023-04-03 10:00:00","PM10",NA,NA,0,388.1726,1101.5439,142.3532,180.966,4.7501,1.1365,NA,NA,80.3382,NA,NA,1.8499,7.1941,0,0,0,NA,3.2446,NA,0,0,0,11.637,0,NA,0,NA,0,NA,0,0,0,0,0,0,1.3343,0,"E: Uncertainty","E: Uncertainty",NA,NA,NA,NA,NA,NA,NA,"E: Uncertainty","E: Uncertainty",NA,"E: Uncertainty","E: Uncertainty",NA,NA,NA,NA,NA,"E: Uncertainty",NA,"E: Uncertainty",NA,NA,NA,NA,NA,"E: Uncertainty",NA,"E: Uncertainty",NA,"E: Uncertainty",NA,NA,NA,NA,NA,NA,NA,NA
"2023-04-03 11:00:00","PM2.5",NA,0,0,370.9561,180.2218,116.6304,44.9253,1.2016,NA,0,NA,41.8228,NA,NA,1.1087,5.2773,0,0,NA,NA,1.914,NA,0,0,0,NA,NA,0,0,0.1141,0,NA,NA,0,0,0,0,0,1.0853,0,"E: Uncertainty",NA,NA,NA,NA,NA,NA,NA,"E: Uncertainty",NA,"E: Uncertainty",NA,"E: Uncertainty","E: Uncertainty",NA,NA,NA,NA,"E: Uncertainty","E: Uncertainty",NA,"E: Uncertainty",NA,NA,NA,"E: Uncertainty","E: Uncertainty",NA,NA,NA,NA,"E: Uncertainty","E: Uncertainty",NA,NA,NA,NA,NA,NA,NA
"2023-04-03 12:00:00","PM10",0,NA,0,410.0948,1097.8063,229.5874,224.2663,5.8578,NA,0,1.0064,129.444,0,NA,2.1261,7.5602,0,0,NA,NA,5.1067,NA,0,0,0,9.2085,NA,0,0,NA,NA,NA,NA,0,0,0,0,0,1.6294,0,NA,"E: Uncertainty",NA,NA,NA,NA,NA,NA,"E: Uncertainty",NA,NA,NA,NA,"E: Uncertainty",NA,NA,NA,NA,"E: Uncertainty","E: Uncertainty",NA,"E: Uncertainty",NA,NA,NA,NA,"E: Uncertainty",NA,NA,"E: Uncertainty","E: Uncertainty","E: Uncertainty","E: Uncertainty",NA,NA,NA,NA,NA,NA,NA
"2023-04-03 13:00:00","PM2.5",0,0,0,375.5695,113.8424,134.4895,48.3611,1.5705,0.9228,0,NA,43.4103,0,NA,1.2664,3.7026,0,0,0.6044,0,3.1744,NA,0,0,0,NA,NA,0,0,NA,NA,NA,0,0,0,0,0,0,0,0,NA,NA,NA,NA,NA,NA,NA,NA,NA,NA,"E: Uncertainty",NA,NA,"E: Uncertainty",NA,NA,NA,NA,NA,NA,NA,"E: Uncertainty",NA,NA,NA,"E: Uncertainty","E: Uncertainty",NA,NA,"E: Uncertainty","E: Uncertainty","E: Uncertainty",NA,NA,NA,NA,NA,NA,NA,NA
"2023-04-03 14:00:00","PM10",0,NA,0,442.8392,711.4532,89.7033,206.9927,4.0399,0,NA,NA,113.2138,0,0,1.8365,5.4421,0,0,0,0,4.7018,NA,0,0,0,NA,0,0,0,NA,NA,0,NA,0,0,0,0,0,1.6481,0,NA,"E: Uncertainty",NA,NA,NA,NA,NA,NA,NA,"E: Uncertainty","E: Uncertainty",NA,NA,NA,NA,NA,NA,NA,NA,NA,NA,"E: Uncertainty",NA,NA,NA,"E: Uncertainty",NA,NA,NA,"E: Uncertainty","E: Uncertainty",NA,"E: Uncertainty",NA,NA,NA,NA,NA,NA,NA
"2023-04-03 15:00:00","PM2.5",NA,0,0,465.2412,41.3145,66.7874,52.9501,1.7756,0,0,NA,58.9207,NA,0.0087,1.6718,4.9386,0,0,0.7973,NA,2.8915,NA,0,0,0,NA,NA,NA,0,0,NA,0,NA,0,0,0,NA,0,0.9852,0,"E: Uncertainty",NA,NA,NA,NA,NA,NA,NA,NA,NA,"E: Uncertainty",NA,"E: Uncertainty",NA,NA,NA,NA,NA,NA,"E: Uncertainty",NA,"E: Uncertainty",NA,NA,NA,"E: Uncertainty","E: Uncertainty","E: Uncertainty",NA,NA,"E: Uncertainty",NA,"E: Uncertainty",NA,NA,NA,"E: Uncertainty",NA,NA,NA
"2023-04-03 16:00:00","PM10",NA,NA,0,513.7649,425.0446,81.69,250.8019,6.9117,NA,NA,1.7419,156.9963,0,0,2.723,6.7266,0,0,NA,NA,4.3361,NA,0,NA,0,11.423,0,NA,0,NA,NA,NA,NA,0,0,0,0,0,1.3509,0,"E: Uncertainty","E: Uncertainty",NA,NA,NA,NA,NA,NA,"E: Uncertainty","E: Uncertainty",NA,NA,NA,NA,NA,NA,NA,NA,"E: Uncertainty","E: Uncertainty",NA,"E: Uncertainty",NA,"E: Uncertainty",NA,NA,NA,"E: Uncertainty",NA,"E: Uncertainty","E: Uncertainty","E: Uncertainty","E: Uncertainty",NA,NA,NA,NA,NA,NA,NA
"2023-04-03 17:00:00","PM2.5",0,0,0,441.9053,0,51.6522,52.5858,1.7723,NA,NA,0,65.2501,0,NA,1.87,6.8925,0,0,0.5567,0,2.5459,NA,0,0,0,11.1096,NA,NA,0,NA,NA,NA,NA,0,0,0,0,0,1.5512,0,NA,NA,NA,NA,NA,NA,NA,NA,"E: Uncertainty","E: Uncertainty",NA,NA,NA,"E: Uncertainty",NA,NA,NA,NA,NA,NA,NA,"E: Uncertainty",NA,NA,NA,NA,"E: Uncertainty","E: Uncertainty",NA,"E: Uncertainty","E: Uncertainty","E: Uncertainty","E: Uncertainty",NA,NA,NA,NA,NA,NA,NA
"2023-04-03 18:00:00","PM10",0,NA,0,511.0402,238.8399,85.7071,199.1721,6.2751,NA,NA,1.1427,204.4688,0,0,4.0322,18.8738,0,0,1.3608,NA,4.4607,NA,0,0,0,12.2557,0.0634,NA,0,0,NA,0,NA,0,0,0,0,0,1.7283,0,NA,"E: Uncertainty",NA,NA,NA,NA,NA,NA,"E: Uncertainty","E: Uncertainty",NA,NA,NA,NA,NA,NA,NA,NA,NA,"E: Uncertainty",NA,"E: Uncertainty",NA,NA,NA,NA,NA,"E: Uncertainty",NA,NA,"E: Uncertainty",NA,"E: Uncertainty",NA,NA,NA,NA,NA,NA,NA
"2023-04-03 19:00:00","PM2.5",0,0,0,507.3288,0,81.052,48.0931,1.8455,0.8837,NA,NA,105.2505,0,NA,3.2315,20.9729,0,0,0.7104,NA,4.2252,NA,0,0,0,NA,0,0,0,0,NA,NA,NA,0,0,NA,0,0,3.6038,0,NA,NA,NA,NA,NA,NA,NA,NA,NA,"E: Uncertainty","E: Uncertainty",NA,NA,"E: Uncertainty",NA,NA,NA,NA,NA,"E: Uncertainty",NA,"E: Uncertainty",NA,NA,NA,"E: Uncertainty",NA,NA,NA,NA,"E: Uncertainty","E: Uncertainty","E: Uncertainty",NA,NA,"E: Uncertainty",NA,NA,NA,NA
"2023-04-03 20:00:00","PM10",0,NA,0,620.9117,238.0298,138.1999,211.1455,7.9046,0.9055,1.0829,2.8314,351.4331,0,NA,6.7277,21.32,0,0,2.14,NA,5.6061,NA,0,NA,0,12.8871,NA,NA,0,NA,NA,NA,3.721,0,0,0,0,0,4.1061,0,NA,"E: Uncertainty",NA,NA,NA,NA,NA,NA,NA,NA,NA,NA,NA,"E: Uncertainty",NA,NA,NA,NA,NA,"E: Uncertainty",NA,"E: Uncertainty",NA,"E: Uncertainty",NA,NA,"E: Uncertainty","E: Uncertainty",NA,"E: Uncertainty","E: Uncertainty","E: Uncertainty",NA,NA,NA,NA,NA,NA,NA,NA
"2023-04-03 21:00:00","PM2.5",NA,0,0,562.9954,0,112.719,33.4933,1.8877,0.8233,NA,NA,127.4236,NA,NA,3.6252,13.7101,0,0,1.0899,NA,5.9119,NA,0,0,NA,NA,0,0,NA,0,NA,NA,NA,0,0,0,0,0,4.5957,0,"E: Uncertainty",NA,NA,NA,NA,NA,NA,NA,NA,"E: Uncertainty","E: Uncertainty",NA,"E: Uncertainty","E: Uncertainty",NA,NA,NA,NA,NA,"E: Uncertainty",NA,"E: Uncertainty",NA,NA,"E: Uncertainty","E: Uncertainty",NA,NA,"E: Uncertainty",NA,"E: Uncertainty","E: Uncertainty","E: Uncertainty",NA,NA,NA,NA,NA,NA,NA
"2023-04-03 22:00:00","PM10",0,NA,0,496.3883,132.176,126.1745,122.5575,5.227,1.8226,NA,1.8501,226.5025,0,NA,4.5119,10.8638,0,0,0.7973,NA,3.7572,NA,0,0,0,13.0098,0,NA,0,0,NA,NA,NA,0,0,0,0,0,2.603,0,NA,"E: Uncertainty",NA,NA,NA,NA,NA,NA,NA,"E: Uncertainty",NA,NA,NA,"E: Uncertainty",NA,NA,NA,NA,NA,"E: Uncertainty",NA,"E: Uncertainty",NA,NA,NA,NA,NA,"E: Uncertainty",NA,NA,"E: Uncertainty","E: Uncertainty","E: Uncertainty",NA,NA,NA,NA,NA,NA,NA
"2023-04-03 23:00:00","PM2.5",0,0,0,322.829,0,81.9984,29.9158,1.6367,NA,0,NA,81.595,0,NA,2.4228,7.4123,0,0,0,NA,2.0875,NA,0,0,0,NA,0,NA,0,NA,0,0,0,0,0,0,0,0,1.7041,0,NA,NA,NA,NA,NA,NA,NA,NA,"E: Uncertainty",NA,"E: Uncertainty",NA,NA,"E: Uncertainty",NA,NA,NA,NA,NA,"E: Uncertainty",NA,"E: Uncertainty",NA,NA,NA,"E: Uncertainty",NA,"E: Uncertainty",NA,"E: Uncertainty",NA,NA,NA,NA,NA,NA,NA,NA,NA,NA
"2023-04-04 00:30:00","PM10",0,0,0,291.493,170.1136,98.147,87.8854,2.9576,1.6685,NA,NA,174.5244,0,NA,4.9081,10.7778,0,0,0,NA,1.3091,NA,0,0,0,24.091,NA,NA,0,NA,NA,NA,NA,0,0,0,0,0,1.8625,0,NA,NA,NA,NA,NA,NA,NA,NA,NA,"E: Uncertainty","E: Uncertainty",NA,NA,"E: Uncertainty",NA,NA,NA,NA,NA,"E: Uncertainty",NA,"E: Uncertainty",NA,NA,NA,NA,"E: Uncertainty","E: Uncertainty",NA,"E: Uncertainty","E: Uncertainty","E: Uncertainty","E: Uncertainty",NA,NA,NA,NA,NA,NA,NA
"2023-04-04 01:00:00","PM2.5",NA,0,0,260.712,0,78.1394,25.8125,1.1304,1.1725,NA,NA,78.5499,0,0.5734,2.2268,7.3823,0,0,NA,NA,1.3792,NA,0,0,0,NA,NA,0,0,NA,NA,NA,0,0,0,0,0,0,1.6975,0,"E: Uncertainty",NA,NA,NA,NA,NA,NA,NA,NA,"E: Uncertainty","E: Uncertainty",NA,NA,NA,NA,NA,NA,NA,"E: Uncertainty","E: Uncertainty",NA,"E: Uncertainty",NA,NA,NA,"E: Uncertainty","E: Uncertainty",NA,NA,"E: Uncertainty","E: Uncertainty","E: Uncertainty",NA,NA,NA,NA,NA,NA,NA,NA
"2023-04-04 02:00:00","PM10",NA,NA,0,240.1021,221.748,87.7247,90.7049,4.6094,1.1248,0.6191,NA,135.3757,0,NA,3.2156,8.5583,0,0,0,0,1.6025,NA,0,0,0,12.5485,NA,0,0,NA,NA,NA,0,0,0,0,0,0,3.1001,0,"E: Uncertainty","E: Uncertainty",NA,NA,NA,NA,NA,NA,NA,NA,"E: Uncertainty",NA,NA,"E: Uncertainty",NA,NA,NA,NA,NA,NA,NA,"E: Uncertainty",NA,NA,NA,NA,"E: Uncertainty",NA,NA,"E: Uncertainty","E: Uncertainty","E: Uncertainty",NA,NA,NA,NA,NA,NA,NA,NA
"2023-04-04 03:00:00","PM2.5",0,0,0,208.1296,0,76.3972,21.3412,1.2352,NA,NA,NA,58.0994,0,NA,1.6805,7.3275,NA,0,0,0,1.3185,0,0,0,0,14.9711,NA,NA,0,0,NA,NA,NA,0,0,0,0.0118,0,1.9344,0,NA,NA,NA,NA,NA,NA,NA,NA,"E: Uncertainty","E: Uncertainty","E: Uncertainty",NA,NA,"E: Uncertainty",NA,NA,"E: Uncertainty",NA,NA,NA,NA,NA,NA,NA,NA,NA,"E: Uncertainty","E: Uncertainty",NA,NA,"E: Uncertainty","E: Uncertainty","E: Uncertainty",NA,NA,NA,NA,NA,NA,NA
"2023-04-04 04:00:00","PM10",NA,NA,0,204.6078,174.8136,88.8968,100.5432,4.1792,NA,NA,1.076,188.8602,0,NA,3.3528,8.6,0,0,0,NA,1.5334,NA,0,NA,0,16.8307,NA,NA,0,0,NA,0,0,0,0,0,0,0,1.9285,0,"E: Uncertainty","E: Uncertainty",NA,NA,NA,NA,NA,NA,"E: Uncertainty","E: Uncertainty",NA,NA,NA,"E: Uncertainty",NA,NA,NA,NA,NA,"E: Uncertainty",NA,"E: Uncertainty",NA,"E: Uncertainty",NA,NA,"E: Uncertainty","E: Uncertainty",NA,NA,"E: Uncertainty",NA,NA,NA,NA,NA,NA,NA,NA,NA
"2023-04-04 05:00:00","PM2.5",NA,0,0,162.322,0,65.2853,44.1577,2.0046,NA,NA,2.742,408.5436,0,NA,8.5195,7.7763,0,0,0,NA,3.6989,0,0,0,0.0037,19.7364,NA,0,0,0,0,0,NA,0,0,0,0,0,2.1756,0,"E: Uncertainty",NA,NA,NA,NA,NA,NA,NA,"E: Uncertainty","E: Uncertainty",NA,NA,NA,"E: Uncertainty",NA,NA,NA,NA,NA,"E: Uncertainty",NA,NA,NA,NA,NA,NA,"E: Uncertainty",NA,NA,NA,NA,NA,"E: Uncertainty",NA,NA,NA,NA,NA,NA,NA
"2023-04-04 06:00:00","PM10",NA,370.1649,0,251.3045,308.2215,117.7167,291.0265,15.8633,NA,2.542,5.6998,797.5446,0,NA,20.3062,21.228,0,0,0.4106,0,3.6864,1.5988,NA,2.1902,0,20.6047,NA,NA,0,NA,0,NA,11.6999,0,0,0,0,0,1.7833,0,"E: Uncertainty",NA,NA,NA,NA,NA,NA,NA,"E: Uncertainty",NA,NA,NA,NA,"E: Uncertainty",NA,NA,NA,NA,NA,NA,NA,NA,"E: Uncertainty",NA,NA,NA,"E: Uncertainty","E: Uncertainty",NA,"E: Uncertainty",NA,"E: Uncertainty",NA,NA,NA,NA,NA,NA,NA,NA
"2023-04-04 07:00:00","PM2.5",0,0,0,179.595,65.1492,93.2202,63.9673,2.2704,NA,NA,0.8716,141.7193,0,NA,3.88,9.2524,0,0,0,0,2.2429,NA,0,NA,0,NA,NA,NA,0,NA,NA,NA,NA,0,0,0,0,0,2.1918,0,NA,NA,NA,NA,NA,NA,NA,NA,"E: Uncertainty","E: Uncertainty",NA,NA,NA,"E: Uncertainty",NA,NA,NA,NA,NA,NA,NA,"E: Uncertainty",NA,"E: Uncertainty",NA,"E: Uncertainty","E: Uncertainty","E: Uncertainty",NA,"E: Uncertainty","E: Uncertainty","E: Uncertainty","E: Uncertainty",NA,NA,NA,NA,NA,NA,NA
"2023-04-04 08:00:00","PM10",0,275.5611,0,263.7398,882.6136,161.0693,319.5032,9.9696,NA,0.8082,3.9677,331.5923,0,0.6722,6.6694,20.4021,0,0,NA,NA,4.7887,1.6227,0,NA,0,NA,NA,NA,0,NA,NA,NA,NA,0,0,0,0,0,4.7793,0,NA,NA,NA,NA,NA,NA,NA,NA,"E: Uncertainty",NA,NA,NA,NA,NA,NA,NA,NA,NA,"E: Uncertainty","E: Uncertainty",NA,NA,NA,"E: Uncertainty",NA,"E: Uncertainty","E: Uncertainty","E: Uncertainty",NA,"E: Uncertainty","E: Uncertainty","E: Uncertainty","E: Uncertainty",NA,NA,NA,NA,NA,NA,NA
"2023-04-04 09:00:00","PM2.5",NA,NA,0,255.3379,146.1099,69.7735,119.0741,3.165,NA,NA,2.3121,134.9379,0,NA,2.8816,27.5321,0,0,0.9466,NA,5.7628,NA,0,0,0,13.062,0,0,0,NA,NA,NA,NA,0,0,0,0,0,3.9119,0,"E: Uncertainty","E: Uncertainty",NA,NA,NA,NA,NA,NA,"E: Uncertainty","E: Uncertainty",NA,NA,NA,"E: Uncertainty",NA,NA,NA,NA,NA,"E: Uncertainty",NA,"E: Uncertainty",NA,NA,NA,NA,NA,NA,NA,"E: Uncertainty","E: Uncertainty","E: Uncertainty","E: Uncertainty",NA,NA,NA,NA,NA,NA,NA
"2023-04-04 10:00:00","PM10",NA,271.4479,0,307.8348,362.88,113.5217,443.4367,15.7877,NA,NA,5.2363,306.6605,NA,NA,5.1654,28.5033,0,0,0.8842,NA,3.117,NA,0,NA,0,12.7063,NA,0,0,0,NA,NA,NA,0,0,0,0,0,4.9364,0,"E: Uncertainty",NA,NA,NA,NA,NA,NA,NA,"E: Uncertainty","E: Uncertainty",NA,NA,"E: Uncertainty","E: Uncertainty",NA,NA,NA,NA,NA,"E: Uncertainty",NA,"E: Uncertainty",NA,"E: Uncertainty",NA,NA,"E: Uncertainty",NA,NA,NA,"E: Uncertainty","E: Uncertainty","E: Uncertainty",NA,NA,NA,NA,NA,NA,NA
"2023-04-04 11:00:00","PM2.5",NA,NA,0,297.0957,49.0246,76.5565,108.1356,12.5858,1.2959,NA,1.7661,138.6019,NA,NA,3.1011,21.9185,0,0,1.1681,NA,2.3132,NA,0,0,0,NA,0,0,0,NA,NA,0,0,0,0,0,0,0,3.4018,0,"E: Uncertainty","E: Uncertainty",NA,NA,NA,NA,NA,NA,NA,"E: Uncertainty",NA,NA,"E: Uncertainty","E: Uncertainty",NA,NA,NA,NA,NA,"E: Uncertainty",NA,"E: Uncertainty",NA,NA,NA,"E: Uncertainty",NA,NA,NA,"E: Uncertainty","E: Uncertainty",NA,NA,NA,NA,NA,NA,NA,NA,NA
"2023-04-04 12:00:00","PM10",0,288.7207,0,318.2424,216.7993,127.2485,388.4925,13.4841,0,0.9697,4.4104,289.0104,0,NA,5.3529,23.7518,0,0,1.5777,0.4946,3.4345,NA,0,0,0,13.3703,NA,NA,0,0,NA,0,NA,0,0,0,0,0,4.1538,0,NA,NA,NA,NA,NA,NA,NA,NA,NA,NA,NA,NA,NA,"E: Uncertainty",NA,NA,NA,NA,NA,NA,NA,"E: Uncertainty",NA,NA,NA,NA,"E: Uncertainty","E: Uncertainty",NA,NA,"E: Uncertainty",NA,"E: Uncertainty",NA,NA,NA,NA,NA,NA,NA
"2023-04-04 13:00:00","PM2.5",0,NA,0,281.3144,24.603,82.3258,126.0379,11.7266,NA,NA,2.6864,140.0328,0,0,3.567,21.4559,0,0,0.9743,0.5331,4.0202,NA,0,0,0,22.5186,0,NA,0,NA,NA,NA,0,0,0,0,0,0,4.916,0,NA,"E: Uncertainty",NA,NA,NA,NA,NA,NA,"E: Uncertainty","E: Uncertainty",NA,NA,NA,NA,NA,NA,NA,NA,NA,NA,NA,"E: Uncertainty",NA,NA,NA,NA,NA,"E: Uncertainty",NA,"E: Uncertainty","E: Uncertainty","E: Uncertainty",NA,NA,NA,NA,NA,NA,NA,NA
"2023-04-04 14:00:00","PM10",NA,393.2729,0,312.9327,218.517,130.7577,423.9036,21.3464,0.8142,1.0278,4.7777,301.236,NA,NA,4.9904,29.1695,0,0,2.2919,0.4592,2.7548,1.5968,0,0,0,14.327,0,NA,0,0,NA,NA,NA,0,0,0,0,0,3.9013,0,"E: Uncertainty",NA,NA,NA,NA,NA,NA,NA,NA,NA,NA,NA,"E: Uncertainty","E: Uncertainty",NA,NA,NA,NA,NA,NA,NA,NA,NA,NA,NA,NA,NA,"E: Uncertainty",NA,NA,"E: Uncertainty","E: Uncertainty","E: Uncertainty",NA,NA,NA,NA,NA,NA,NA
"2023-04-04 15:00:00","PM2.5",0,0,0,278.5455,18.0117,74.268,119.2588,5.2454,NA,NA,1.5594,134.0292,0.006,0,2.9378,23.5614,0,0,1.9453,0.4446,3.2307,NA,0,0,0,13.6751,0,NA,0,NA,0,NA,0,0,0,0,0,0,2.4831,0,NA,NA,NA,NA,NA,NA,NA,NA,"E: Uncertainty","E: Uncertainty",NA,NA,NA,NA,NA,NA,NA,NA,NA,NA,NA,"E: Uncertainty",NA,NA,NA,NA,NA,"E: Uncertainty",NA,"E: Uncertainty",NA,"E: Uncertainty",NA,NA,NA,NA,NA,NA,NA,NA
"2023-04-04 16:00:00","PM10",NA,424.8608,0,271.207,115.9828,105.7974,419.5508,11.6852,NA,0.6596,4.0854,291.3673,0,NA,4.8054,21.2377,0,0,0.6621,NA,3.1226,NA,0,0,0,17.4421,0,NA,0,NA,NA,NA,NA,0,0,0,0,0,6.4389,0,"E: Uncertainty",NA,NA,NA,NA,NA,NA,NA,"E: Uncertainty",NA,NA,NA,NA,"E: Uncertainty",NA,NA,NA,NA,NA,"E: Uncertainty",NA,"E: Uncertainty",NA,NA,NA,NA,NA,"E: Uncertainty",NA,"E: Uncertainty","E: Uncertainty","E: Uncertainty","E: Uncertainty",NA,NA,NA,NA,NA,NA,NA
"2023-04-04 17:00:00","PM2.5",NA,NA,0,248.6473,NA,73.6374,117.3354,5.1673,NA,NA,1.6838,144.7155,0,NA,2.9163,17.2718,0,0,1.2372,NA,2.5982,NA,0,0,0,15.1708,NA,0,0,NA,NA,NA,NA,0,0,0,0,0,5.5252,0,"E: Uncertainty","E: Uncertainty",NA,NA,"E: Uncertainty",NA,NA,NA,"E: Uncertainty","E: Uncertainty",NA,NA,NA,"E: Uncertainty",NA,NA,NA,NA,NA,"E: Uncertainty",NA,"E: Uncertainty",NA,NA,NA,NA,"E: Uncertainty",NA,NA,"E: Uncertainty","E: Uncertainty","E: Uncertainty","E: Uncertainty",NA,NA,NA,NA,NA,NA,NA
"2023-04-04 18:00:00","PM10",0,336.7542,0,306.6853,153.4192,106.6508,453.5291,13.4653,NA,1.5966,4.1718,352.8602,0,NA,9.9112,25.3695,0,0,1.6044,0.4915,4.023,1.4999,0,0,0,NA,NA,0,0,0,NA,NA,NA,0,0,0,0,0,4.4222,0,NA,NA,NA,NA,NA,NA,NA,NA,"E: Uncertainty",NA,NA,NA,NA,"E: Uncertainty",NA,NA,NA,NA,NA,NA,NA,NA,NA,NA,NA,"E: Uncertainty","E: Uncertainty",NA,NA,NA,"E: Uncertainty","E: Uncertainty","E: Uncertainty",NA,NA,NA,NA,NA,NA,NA
"2023-04-04 19:00:00","PM2.5",NA,NA,0,280.4355,NA,75.7961,118.1431,3.3779,0,0.6334,2.5896,300.5871,0,NA,12.2808,20.6464,0,0,1.6249,NA,3.7275,NA,0,0,0,18.797,NA,NA,0,0,0,NA,6.3703,0,0,0,0,0,6.8047,0,"E: Uncertainty","E: Uncertainty",NA,NA,"E: Uncertainty",NA,NA,NA,NA,NA,NA,NA,NA,"E: Uncertainty",NA,NA,NA,NA,NA,"E: Uncertainty",NA,"E: Uncertainty",NA,NA,NA,NA,"E: Uncertainty","E: Uncertainty",NA,NA,NA,"E: Uncertainty",NA,NA,NA,NA,NA,NA,NA,NA
"2023-04-04 20:00:00","PM10",0,442.4273,0,318.585,143.6106,135.0697,621.1994,14.2851,NA,1.2609,6.9362,486.02,0,0.6133,13.1142,26.8747,0,0,2.1473,NA,4.2008,1.8521,0,0,0,18.3079,NA,NA,0,NA,0,NA,5.8622,0,0,0,0,0,5.4015,0,NA,NA,NA,NA,NA,NA,NA,NA,"E: Uncertainty",NA,NA,NA,NA,NA,NA,NA,NA,NA,NA,"E: Uncertainty",NA,NA,NA,NA,NA,NA,"E: Uncertainty","E: Uncertainty",NA,"E: Uncertainty",NA,"E: Uncertainty",NA,NA,NA,NA,NA,NA,NA,NA
"2023-04-04 21:00:00","PM2.5",NA,NA,0,328.0053,0,119.4745,124.2608,3.6922,NA,NA,2.7565,331.3935,NA,NA,15.211,19.3951,0,0,3.3967,0.471,4.2789,NA,0,0,0,12.9471,0,NA,0,NA,NA,NA,7.3267,0,0,0,0,0,3.2847,0,"E: Uncertainty","E: Uncertainty",NA,NA,NA,NA,NA,NA,"E: Uncertainty","E: Uncertainty",NA,NA,"E: Uncertainty","E: Uncertainty",NA,NA,NA,NA,NA,NA,NA,"E: Uncertainty",NA,NA,NA,NA,NA,"E: Uncertainty",NA,"E: Uncertainty","E: Uncertainty","E: Uncertainty",NA,NA,NA,NA,NA,NA,NA,NA
"2023-04-04 22:00:00","PM10",NA,277.6643,0,387.2331,175.4881,167.514,498.5637,11.6895,NA,1.1289,6.076,539.5404,0.6687,0.6613,19.0801,28.1285,0,0,1.9098,NA,5.0891,1.7101,0,0,0,18.3678,0,0,0,NA,NA,0,7.9199,0,0,0,0,0,5.2531,0,"E: Uncertainty",NA,NA,NA,NA,NA,NA,NA,"E: Uncertainty",NA,NA,NA,NA,NA,NA,NA,NA,NA,NA,"E: Uncertainty",NA,NA,NA,NA,NA,NA,NA,NA,NA,"E: Uncertainty","E: Uncertainty",NA,NA,NA,NA,NA,NA,NA,NA,NA
"2023-04-04 23:00:00","PM2.5",0,0,0,338.6903,NA,116.277,85.5948,4.6049,1.0627,NA,1.4438,131.1752,0,NA,3.9786,23.9705,0,0,2.4097,NA,4.6081,NA,0,NA,NA,23.8899,0,NA,NA,NA,0,NA,NA,0,0,0,0,0,2.9931,0,NA,NA,NA,NA,"E: Uncertainty",NA,NA,NA,NA,"E: Uncertainty",NA,NA,NA,"E: Uncertainty",NA,NA,NA,NA,NA,"E: Uncertainty",NA,"E: Uncertainty",NA,"E: Uncertainty","E: Uncertainty",NA,NA,"E: Uncertainty","E: Uncertainty","E: Uncertainty",NA,"E: Uncertainty","E: Uncertainty",NA,NA,NA,NA,NA,NA,NA
"2023-04-05 00:30:00","PM10",NA,NA,NA,NA,NA,NA,NA,NA,NA,NA,NA,NA,NA,NA,NA,NA,NA,NA,NA,NA,NA,NA,NA,NA,NA,NA,NA,NA,NA,NA,NA,NA,NA,NA,NA,NA,NA,NA,NA,NA,"E: Erroneous Data","E: Uncertainty","E: Erroneous Data","E: Erroneous Data","E: Erroneous Data","E: Erroneous Data","E: Erroneous Data","E: Erroneous Data","E: Uncertainty","E: Uncertainty","E: Erroneous Data","E: Erroneous Data","E: Uncertainty","E: Erroneous Data","E: Erroneous Data","E: Erroneous Data","E: Erroneous Data","E: Erroneous Data","E: Erroneous Data","E: Uncertainty","E: Erroneous Data","E: Uncertainty","E: Erroneous Data","E: Uncertainty","E: Uncertainty","E: Uncertainty","E: Uncertainty","E: Erroneous Data","E: Erroneous Data","E: Uncertainty","E: Uncertainty","E: Erroneous Data","E: Erroneous Data","E: Erroneous Data","E: Erroneous Data","E: Erroneous Data","E: Erroneous Data","E: Erroneous Data","E: Erroneous Data","E: Erroneous Data"
"2023-04-05 01:00:00","PM2.5",NA,NA,NA,NA,NA,NA,NA,NA,NA,NA,NA,NA,NA,NA,NA,NA,NA,NA,NA,NA,NA,NA,NA,NA,NA,NA,NA,NA,NA,NA,NA,NA,NA,NA,NA,NA,NA,NA,NA,NA,"E: Uncertainty","E: Erroneous Data","E: Erroneous Data","E: Erroneous Data","E: Erroneous Data","E: Erroneous Data","E: Erroneous Data","E: Erroneous Data","E: Uncertainty","E: Erroneous Data","E: Erroneous Data","E: Erroneous Data","E: Erroneous Data","E: Uncertainty","E: Erroneous Data","E: Erroneous Data","E: Erroneous Data","E: Erroneous Data","E: Erroneous Data","E: Uncertainty","E: Erroneous Data","E: Uncertainty","E: Erroneous Data","E: Erroneous Data","E: Erroneous Data","E: Erroneous Data","E: Uncertainty","E: Uncertainty","E: Erroneous Data","E: Uncertainty","E: Uncertainty","E: Uncertainty","E: Erroneous Data","E: Erroneous Data","E: Uncertainty","E: Erroneous Data","E: Erroneous Data","E: Erroneous Data","E: Erroneous Data","E: Erroneous Data"
"2023-04-05 02:00:00","PM10",NA,NA,NA,NA,NA,NA,NA,NA,NA,NA,NA,NA,NA,NA,NA,NA,NA,NA,NA,NA,NA,NA,NA,NA,NA,NA,NA,NA,NA,NA,NA,NA,NA,NA,NA,NA,NA,NA,NA,NA,"E: Erroneous Data","E: Uncertainty","E: Erroneous Data","E: Erroneous Data","E: Erroneous Data","E: Erroneous Data","E: Erroneous Data","E: Erroneous Data","E: Uncertainty","E: Uncertainty","E: Erroneous Data","E: Erroneous Data","E: Erroneous Data","E: Uncertainty","E: Erroneous Data","E: Erroneous Data","E: Erroneous Data","E: Erroneous Data","E: Erroneous Data","E: Erroneous Data","E: Erroneous Data","E: Uncertainty","E: Erroneous Data","E: Erroneous Data","E: Erroneous Data","E: Erroneous Data","E: Uncertainty","E: Uncertainty","E: Erroneous Data","E: Erroneous Data","E: Uncertainty","E: Erroneous Data","E: Erroneous Data","E: Erroneous Data","E: Erroneous Data","E: Erroneous Data","E: Erroneous Data","E: Erroneous Data","E: Erroneous Data","E: Erroneous Data"
"2023-04-05 03:00:00","PM2.5",NA,NA,NA,NA,NA,NA,NA,NA,NA,NA,NA,NA,NA,NA,NA,NA,NA,NA,NA,NA,NA,NA,NA,NA,NA,NA,NA,NA,NA,NA,NA,NA,NA,NA,NA,NA,NA,NA,NA,NA,"E: Erroneous Data","E: Erroneous Data","E: Erroneous Data","E: Erroneous Data","E: Uncertainty","E: Erroneous Data","E: Erroneous Data","E: Erroneous Data","E: Uncertainty","E: Uncertainty","E: Erroneous Data","E: Erroneous Data","E: Erroneous Data","E: Uncertainty","E: Erroneous Data","E: Erroneous Data","E: Erroneous Data","E: Erroneous Data","E: Erroneous Data","E: Uncertainty","E: Erroneous Data","E: Uncertainty","E: Erroneous Data","E: Erroneous Data","E: Erroneous Data","E: Erroneous Data","E: Erroneous Data","E: Uncertainty","E: Uncertainty","E: Uncertainty","E: Erroneous Data","E: Uncertainty","E: Erroneous Data","E: Erroneous Data","E: Erroneous Data","E: Erroneous Data","E: Erroneous Data","E: Erroneous Data","E: Erroneous Data","E: Erroneous Data"
"2023-04-05 04:00:00","PM10",NA,NA,NA,NA,NA,NA,NA,NA,NA,NA,NA,NA,NA,NA,NA,NA,NA,NA,NA,NA,NA,NA,NA,NA,NA,NA,NA,NA,NA,NA,NA,NA,NA,NA,NA,NA,NA,NA,NA,NA,"E: Erroneous Data","E: Uncertainty","E: Erroneous Data","E: Erroneous Data","E: Erroneous Data","E: Erroneous Data","E: Erroneous Data","E: Erroneous Data","E: Uncertainty","E: Erroneous Data","E: Erroneous Data","E: Erroneous Data","E: Erroneous Data","E: Uncertainty","E: Erroneous Data","E: Erroneous Data","E: Erroneous Data","E: Erroneous Data","E: Erroneous Data","E: Uncertainty","E: Erroneous Data","E: Uncertainty","E: Erroneous Data","E: Erroneous Data","E: Erroneous Data","E: Erroneous Data","E: Erroneous Data","E: Erroneous Data","E: Erroneous Data","E: Uncertainty","E: Uncertainty","E: Erroneous Data","E: Uncertainty","E: Erroneous Data","E: Erroneous Data","E: Erroneous Data","E: Erroneous Data","E: Erroneous Data","E: Erroneous Data","E: Erroneous Data"
"2023-04-05 05:00:00","PM2.5",NA,NA,NA,NA,NA,NA,NA,NA,NA,NA,NA,NA,NA,NA,NA,NA,NA,NA,NA,NA,NA,NA,NA,NA,NA,NA,NA,NA,NA,NA,NA,NA,NA,NA,NA,NA,NA,NA,NA,NA,"E: Uncertainty","E: Erroneous Data","E: Erroneous Data","E: Erroneous Data","E: Erroneous Data","E: Erroneous Data","E: Erroneous Data","E: Erroneous Data","E: Uncertainty","E: Uncertainty","E: Erroneous Data","E: Erroneous Data","E: Erroneous Data","E: Uncertainty","E: Erroneous Data","E: Erroneous Data","E: Erroneous Data","E: Erroneous Data","E: Erroneous Data","E: Erroneous Data","E: Erroneous Data","E: Uncertainty","E: Erroneous Data","E: Uncertainty","E: Erroneous Data","E: Erroneous Data","E: Erroneous Data","E: Uncertainty","E: Erroneous Data","E: Uncertainty","E: Uncertainty","E: Uncertainty","E: Erroneous Data","E: Erroneous Data","E: Erroneous Data","E: Erroneous Data","E: Erroneous Data","E: Erroneous Data","E: Erroneous Data","E: Erroneous Data"
"2023-04-05 06:00:00","PM10",NA,NA,NA,NA,NA,NA,NA,NA,NA,NA,NA,NA,NA,NA,NA,NA,NA,NA,NA,NA,NA,NA,NA,NA,NA,NA,NA,NA,NA,NA,NA,NA,NA,NA,NA,NA,NA,NA,NA,NA,"E: Erroneous Data","E: Erroneous Data","E: Erroneous Data","E: Erroneous Data","E: Erroneous Data","E: Erroneous Data","E: Erroneous Data","E: Erroneous Data","E: Uncertainty","E: Erroneous Data","E: Erroneous Data","E: Erroneous Data","E: Erroneous Data","E: Erroneous Data","E: Erroneous Data","E: Erroneous Data","E: Erroneous Data","E: Erroneous Data","E: Erroneous Data","E: Erroneous Data","E: Erroneous Data","E: Erroneous Data","E: Erroneous Data","E: Uncertainty","E: Erroneous Data","E: Erroneous Data","E: Erroneous Data","E: Uncertainty","E: Erroneous Data","E: Uncertainty","E: Erroneous Data","E: Uncertainty","E: Erroneous Data","E: Erroneous Data","E: Erroneous Data","E: Erroneous Data","E: Erroneous Data","E: Erroneous Data","E: Erroneous Data","E: Erroneous Data"
"2023-04-05 07:00:00","PM2.5",NA,NA,NA,NA,NA,NA,NA,NA,NA,NA,NA,NA,NA,NA,NA,NA,NA,NA,NA,NA,NA,NA,NA,NA,NA,NA,NA,NA,NA,NA,NA,NA,NA,NA,NA,NA,NA,NA,NA,NA,"E: Uncertainty","E: Erroneous Data","E: Erroneous Data","E: Erroneous Data","E: Erroneous Data","E: Erroneous Data","E: Erroneous Data","E: Erroneous Data","E: Erroneous Data","E: Erroneous Data","E: Erroneous Data","E: Erroneous Data","E: Erroneous Data","E: Uncertainty","E: Erroneous Data","E: Erroneous Data","E: Erroneous Data","E: Erroneous Data","E: Erroneous Data","E: Uncertainty","E: Erroneous Data","E: Uncertainty","E: Erroneous Data","E: Erroneous Data","E: Erroneous Data","E: Uncertainty","E: Uncertainty","E: Erroneous Data","E: Erroneous Data","E: Uncertainty","E: Uncertainty","E: Uncertainty","E: Erroneous Data","E: Erroneous Data","E: Erroneous Data","E: Erroneous Data","E: Uncertainty","E: Erroneous Data","E: Erroneous Data","E: Erroneous Data"
"2023-04-05 08:00:00","PM10",NA,NA,NA,NA,NA,NA,NA,NA,NA,NA,NA,NA,NA,NA,NA,NA,NA,NA,NA,NA,NA,NA,NA,NA,NA,NA,NA,NA,NA,NA,NA,NA,NA,NA,NA,NA,NA,NA,NA,NA,"E: Erroneous Data","E: Uncertainty","E: Erroneous Data","E: Erroneous Data","E: Erroneous Data","E: Erroneous Data","E: Erroneous Data","E: Erroneous Data","E: Erroneous Data","E: Erroneous Data","E: Erroneous Data","E: Erroneous Data","E: Erroneous Data","E: Uncertainty","E: Erroneous Data","E: Erroneous Data","E: Erroneous Data","E: Erroneous Data","E: Erroneous Data","E: Erroneous Data","E: Erroneous Data","E: Uncertainty","E: Erroneous Data","E: Erroneous Data","E: Erroneous Data","E: Erroneous Data","E: Erroneous Data","E: Uncertainty","E: Erroneous Data","E: Uncertainty","E: Uncertainty","E: Erroneous Data","E: Erroneous Data","E: Erroneous Data","E: Erroneous Data","E: Erroneous Data","E: Erroneous Data","E: Erroneous Data","E: Erroneous Data","E: Erroneous Data"
"2023-04-05 09:00:00","PM2.5",NA,NA,NA,NA,NA,NA,NA,NA,NA,NA,NA,NA,NA,NA,NA,NA,NA,NA,NA,NA,NA,NA,NA,NA,NA,NA,NA,NA,NA,NA,NA,NA,NA,NA,NA,NA,NA,NA,NA,NA,"E: Uncertainty","E: Uncertainty","E: Erroneous Data","E: Erroneous Data","E: Erroneous Data","E: Erroneous Data","E: Erroneous Data","E: Erroneous Data","E: Uncertainty","E: Uncertainty","E: Erroneous Data","E: Erroneous Data","E: Erroneous Data","E: Uncertainty","E: Erroneous Data","E: Erroneous Data","E: Erroneous Data","E: Erroneous Data","E: Erroneous Data","E: Uncertainty","E: Erroneous Data","E: Erroneous Data","E: Erroneous Data","E: Erroneous Data","E: Erroneous Data","E: Uncertainty","E: Erroneous Data","E: Uncertainty","E: Erroneous Data","E: Uncertainty","E: Uncertainty","E: Uncertainty","E: Uncertainty","E: Erroneous Data","E: Erroneous Data","E: Erroneous Data","E: Erroneous Data","E: Erroneous Data","E: Erroneous Data","E: Erroneous Data"
"2023-04-05 10:00:00","PM10",NA,NA,NA,NA,NA,NA,NA,NA,NA,NA,NA,NA,NA,NA,NA,NA,NA,NA,NA,NA,NA,NA,NA,NA,NA,NA,NA,NA,NA,NA,NA,NA,NA,NA,NA,NA,NA,NA,NA,NA,"E: Erroneous Data","E: Erroneous Data","E: Erroneous Data","E: Erroneous Data","E: Erroneous Data","E: Erroneous Data","E: Erroneous Data","E: Erroneous Data","E: Uncertainty","E: Uncertainty","E: Erroneous Data","E: Erroneous Data","E: Erroneous Data","E: Uncertainty","E: Erroneous Data","E: Erroneous Data","E: Erroneous Data","E: Erroneous Data","E: Erroneous Data","E: Erroneous Data","E: Erroneous Data","E: Uncertainty","E: Erroneous Data","E: Erroneous Data","E: Erroneous Data","E: Erroneous Data","E: Uncertainty","E: Erroneous Data","E: Erroneous Data","E: Uncertainty","E: Erroneous Data","E: Erroneous Data","E: Erroneous Data","E: Erroneous Data","E: Erroneous Data","E: Erroneous Data","E: Erroneous Data","E: Erroneous Data","E: Erroneous Data","E: Erroneous Data"
"2023-04-05 11:00:00","PM2.5",NA,NA,NA,NA,NA,NA,NA,NA,NA,NA,NA,NA,NA,NA,NA,NA,NA,NA,NA,NA,NA,NA,NA,NA,NA,NA,NA,NA,NA,NA,NA,NA,NA,NA,NA,NA,NA,NA,NA,NA,"E: Erroneous Data","E: Uncertainty","E: Erroneous Data","E: Erroneous Data","E: Erroneous Data","E: Erroneous Data","E: Erroneous Data","E: Erroneous Data","E: Erroneous Data","E: Erroneous Data","E: Erroneous Data","E: Erroneous Data","E: Erroneous Data","E: Uncertainty","E: Erroneous Data","E: Erroneous Data","E: Erroneous Data","E: Erroneous Data","E: Erroneous Data","E: Uncertainty","E: Erroneous Data","E: Uncertainty","E: Erroneous Data","E: Erroneous Data","E: Erroneous Data","E: Erroneous Data","E: Uncertainty","E: Uncertainty","E: Erroneous Data","E: Uncertainty","E: Uncertainty","E: Erroneous Data","E: Erroneous Data","E: Erroneous Data","E: Erroneous Data","E: Erroneous Data","E: Erroneous Data","E: Erroneous Data","E: Erroneous Data","E: Erroneous Data"
"2023-04-05 12:00:00","PM10",NA,0,0,570.1359,15.2812,83.2287,69.0239,2.0272,NA,NA,0.7504,112.8356,0,NA,3.4764,19.7272,0,0,0.5955,NA,7.4101,NA,0,0,0,10.2581,NA,NA,0,0,NA,NA,NA,0,NA,0,0,0,5.6329,0,"E: Uncertainty",NA,NA,NA,NA,NA,NA,NA,"E: Uncertainty","E: Uncertainty",NA,NA,NA,"E: Uncertainty",NA,NA,NA,NA,NA,"E: Uncertainty",NA,"E: Uncertainty",NA,NA,NA,NA,"E: Uncertainty","E: Uncertainty",NA,NA,"E: Uncertainty","E: Uncertainty","E: Uncertainty",NA,"E: Uncertainty",NA,NA,NA,NA,NA
"2023-04-05 13:00:00","PM2.5",NA,NA,NA,NA,NA,NA,NA,NA,NA,NA,NA,NA,NA,NA,NA,NA,NA,NA,NA,NA,NA,NA,NA,NA,NA,NA,NA,NA,NA,NA,NA,NA,NA,NA,NA,NA,NA,NA,NA,NA,"E: Erroneous Data","E: Erroneous Data","E: Erroneous Data","E: Erroneous Data","E: Erroneous Data","E: Erroneous Data","E: Erroneous Data","E: Uncertainty","E: Uncertainty","E: Erroneous Data","E: Uncertainty","E: Erroneous Data","E: Erroneous Data","E: Uncertainty","E: Erroneous Data","E: Erroneous Data","E: Erroneous Data","E: Erroneous Data","E: Erroneous Data","E: Uncertainty","E: Erroneous Data","E: Uncertainty","E: Erroneous Data","E: Erroneous Data","E: Erroneous Data","E: Erroneous Data","E: Uncertainty","E: Uncertainty","E: Erroneous Data","E: Erroneous Data","E: Uncertainty","E: Uncertainty","E: Uncertainty","E: Erroneous Data","E: Erroneous Data","E: Erroneous Data","E: Erroneous Data","E: Erroneous Data","E: Erroneous Data","E: Erroneous Data"
"2023-04-05 14:00:00","PM10",NA,NA,NA,NA,NA,NA,NA,NA,NA,NA,NA,NA,NA,NA,NA,NA,NA,NA,NA,NA,NA,NA,NA,NA,NA,NA,NA,NA,NA,NA,NA,NA,NA,NA,NA,NA,NA,NA,NA,NA,"E: Erroneous Data","E: Erroneous Data","E: Erroneous Data","E: Erroneous Data","E: Uncertainty","E: Erroneous Data","E: Erroneous Data","E: Erroneous Data","E: Uncertainty","E: Uncertainty","E: Uncertainty","E: Erroneous Data","E: Erroneous Data","E: Uncertainty","E: Erroneous Data","E: Erroneous Data","E: Erroneous Data","E: Erroneous Data","E: Erroneous Data","E: Uncertainty","E: Erroneous Data","E: Uncertainty","E: Erroneous Data","E: Erroneous Data","E: Erroneous Data","E: Uncertainty","E: Uncertainty","E: Erroneous Data","E: Erroneous Data","E: Erroneous Data","E: Uncertainty","E: Erroneous Data","E: Erroneous Data","E: Erroneous Data","E: Erroneous Data","E: Erroneous Data","E: Erroneous Data","E: Erroneous Data","E: Erroneous Data","E: Erroneous Data"
"2023-04-05 15:00:00","PM2.5",NA,NA,NA,NA,NA,NA,NA,NA,NA,NA,NA,NA,NA,NA,NA,NA,NA,NA,NA,NA,NA,NA,NA,NA,NA,NA,NA,NA,NA,NA,NA,NA,NA,NA,NA,NA,NA,NA,NA,NA,"E: Uncertainty","E: Erroneous Data","E: Erroneous Data","E: Erroneous Data","E: Erroneous Data","E: Erroneous Data","E: Erroneous Data","E: Erroneous Data","E: Uncertainty","E: Erroneous Data","E: Uncertainty","E: Erroneous Data","E: Erroneous Data","E: Uncertainty","E: Erroneous Data","E: Erroneous Data","E: Erroneous Data","E: Erroneous Data","E: Erroneous Data","E: Erroneous Data","E: Erroneous Data","E: Uncertainty","E: Erroneous Data","E: Erroneous Data","E: Erroneous Data","E: Uncertainty","E: Uncertainty","E: Erroneous Data","E: Erroneous Data","E: Erroneous Data","E: Uncertainty","E: Erroneous Data","E: Erroneous Data","E: Erroneous Data","E: Erroneous Data","E: Erroneous Data","E: Erroneous Data","E: Erroneous Data","E: Erroneous Data","E: Erroneous Data"
"2023-04-05 16:00:00","PM10",NA,1.202,0,450.8531,0,54.2628,50.3001,3.0232,NA,NA,0.7763,127.2737,0,NA,4.447,15.3074,0,0,1.2428,0,3.563,NA,0,0,0,NA,NA,NA,0,0,NA,NA,NA,0,0,0,0,0,2.28,0,"E: Uncertainty",NA,NA,NA,NA,NA,NA,NA,"E: Uncertainty","E: Uncertainty",NA,NA,NA,"E: Uncertainty",NA,NA,NA,NA,NA,NA,NA,"E: Uncertainty",NA,NA,NA,"E: Uncertainty","E: Uncertainty","E: Uncertainty",NA,NA,"E: Uncertainty","E: Uncertainty","E: Uncertainty",NA,NA,NA,NA,NA,NA,NA
"2023-04-05 17:00:00","PM2.5",818.1705,0,0,309.6333,0,33.4931,11.9169,NA,NA,0,NA,54.3351,0,NA,2.4206,8.9549,0,0,0,NA,2.5387,0,0,0,0,12.9256,0,0,0,NA,NA,0,NA,0,0,0,0,0,4.1302,0,NA,NA,NA,NA,NA,NA,NA,"E: Uncertainty","E: Uncertainty",NA,"E: Uncertainty",NA,NA,"E: Uncertainty",NA,NA,NA,NA,NA,"E: Uncertainty",NA,NA,NA,NA,NA,NA,NA,NA,NA,"E: Uncertainty","E: Uncertainty",NA,"E: Uncertainty",NA,NA,NA,NA,NA,NA,NA
"2023-04-05 18:00:00","PM10",NA,0,0,331.5261,0,41.2156,24.6443,1.3135,0.9105,NA,NA,84.8917,0,0,2.4062,8.2626,0,0,1.124,NA,1.9483,NA,0,NA,0,NA,NA,NA,0,NA,NA,0,0,0,0,0,0,0,1.9304,0,"E: Uncertainty",NA,NA,NA,NA,NA,NA,NA,NA,"E: Uncertainty","E: Uncertainty",NA,NA,NA,NA,NA,NA,NA,NA,"E: Uncertainty",NA,"E: Uncertainty",NA,"E: Uncertainty",NA,"E: Uncertainty","E: Uncertainty","E: Uncertainty",NA,"E: Uncertainty","E: Uncertainty",NA,NA,NA,NA,NA,NA,NA,NA,NA
"2023-04-05 19:00:00","PM2.5",NA,0,0,143.4449,0,25.1783,3.2699,0,NA,0,0,22.6842,0,NA,1.087,3.7063,0,0,1.2181,0,0.7184,NA,0,0,0,25.1808,NA,0,0,0,NA,NA,NA,0,0,0,0,0,NA,0,"E: Uncertainty",NA,NA,NA,NA,NA,NA,NA,"E: Uncertainty",NA,NA,NA,NA,"E: Uncertainty",NA,NA,NA,NA,NA,NA,NA,"E: Uncertainty",NA,NA,NA,NA,"E: Uncertainty",NA,NA,NA,"E: Uncertainty","E: Uncertainty","E: Uncertainty",NA,NA,NA,NA,NA,"E: Uncertainty",NA
"2023-04-05 20:00:00","PM10",NA,0,0,128.4535,0,29.5962,6.9569,NA,NA,NA,0,38.931,NA,NA,1.7486,3.6646,0,0,0.6868,0,0.7364,0,0,0,0,NA,NA,0,0,NA,NA,NA,0,0,0,0,0,0,0.9552,0,"E: Uncertainty",NA,NA,NA,NA,NA,NA,"E: Uncertainty","E: Uncertainty","E: Uncertainty",NA,NA,"E: Uncertainty","E: Uncertainty",NA,NA,NA,NA,NA,NA,NA,NA,NA,NA,NA,"E: Uncertainty","E: Uncertainty",NA,NA,"E: Uncertainty","E: Uncertainty","E: Uncertainty",NA,NA,NA,NA,NA,NA,NA,NA
"2023-04-05 21:00:00","PM2.5",NA,0,NA,132.7741,0,23.9675,2.9366,NA,NA,0,0,26.8747,0,NA,1.0993,4.397,0,0,NA,0,0.8612,0,0,0,0,15.3984,0,NA,0,NA,NA,0,NA,0,0,0,0,0,1.8554,0,"E: Uncertainty",NA,"E: Uncertainty",NA,NA,NA,NA,"E: Uncertainty","E: Uncertainty",NA,NA,NA,NA,"E: Uncertainty",NA,NA,NA,NA,"E: Uncertainty",NA,NA,NA,NA,NA,NA,NA,NA,"E: Uncertainty",NA,"E: Uncertainty","E: Uncertainty",NA,"E: Uncertainty",NA,NA,NA,NA,NA,NA,NA
"2023-04-05 22:00:00","PM10",NA,0,0,144.159,0,28.3376,7.9017,NA,0,NA,0,46.2381,0,0,1.8215,4.4607,0,0,1.2762,0,0.6345,NA,0,0,0,14.3467,NA,NA,0,0,0,0,NA,0,0,0,0,0,NA,0,"E: Uncertainty",NA,NA,NA,NA,NA,NA,"E: Uncertainty",NA,"E: Uncertainty",NA,NA,NA,NA,NA,NA,NA,NA,NA,NA,NA,"E: Uncertainty",NA,NA,NA,NA,"E: Uncertainty","E: Uncertainty",NA,NA,NA,NA,"E: Uncertainty",NA,NA,NA,NA,NA,"E: Uncertainty",NA
"2023-04-05 23:00:00","PM2.5",NA,0,0,110.9852,0,16.3604,NA,0,0,0,0,12.6704,NA,NA,NA,3.0363,0,NA,NA,NA,NA,NA,0,0,0,0,0,NA,NA,NA,NA,NA,NA,NA,0,0,0,0,1.8778,0,"E: Uncertainty",NA,NA,NA,NA,NA,"E: Uncertainty",NA,NA,NA,NA,NA,"E: Uncertainty","E: Uncertainty","E: Uncertainty",NA,NA,"E: Uncertainty","E: Uncertainty","E: Uncertainty","E: Uncertainty","E: Uncertainty",NA,NA,NA,NA,NA,"E: Uncertainty","E: Uncertainty","E: Uncertainty","E: Uncertainty","E: Uncertainty","E: Uncertainty","E: Uncertainty",NA,NA,NA,NA,NA,NA
"2023-04-06 00:30:00","PM10",NA,0,NA,130.8901,0,19.3637,NA,0,NA,0,0,14.9143,0,0,0.9368,3.7683,0.0029,0,0,0,NA,NA,0,0,0,21.3818,NA,0,0,NA,NA,NA,0.0541,0,0,0,0,0,NA,0,"E: Uncertainty",NA,"E: Uncertainty",NA,NA,NA,"E: Uncertainty",NA,"E: Uncertainty",NA,NA,NA,NA,NA,NA,NA,NA,NA,NA,NA,"E: Uncertainty","E: Uncertainty",NA,NA,NA,NA,"E: Uncertainty",NA,NA,"E: Uncertainty","E: Uncertainty","E: Uncertainty",NA,NA,NA,NA,NA,NA,"E: Uncertainty",NA
"2023-04-06 01:00:00","PM2.5",0,0,NA,136.7358,0,15.4552,NA,0,0,NA,0,10.155,NA,NA,0.5182,3.057,0,0,0.3827,0,NA,NA,0,0,0,17.5459,0,0,0,NA,NA,NA,0,0,0,0,0,0,NA,0,NA,NA,"E: Uncertainty",NA,NA,NA,"E: Uncertainty",NA,NA,"E: Uncertainty",NA,NA,"E: Uncertainty","E: Uncertainty",NA,NA,NA,NA,NA,NA,"E: Uncertainty","E: Uncertainty",NA,NA,NA,NA,NA,NA,NA,"E: Uncertainty","E: Uncertainty","E: Uncertainty",NA,NA,NA,NA,NA,NA,"E: Uncertainty",NA
"2023-04-06 02:00:00","PM10",NA,0,0,182.1947,0,28.6842,8.2831,NA,0,NA,0,22.3759,0,NA,0.8896,3.2664,0,0,0.9786,0,0.6269,0,0,0,0,NA,0,0,0,NA,NA,NA,0,0,NA,0,0,0,NA,0,"E: Uncertainty",NA,NA,NA,NA,NA,NA,"E: Uncertainty",NA,"E: Uncertainty",NA,NA,NA,"E: Uncertainty",NA,NA,NA,NA,NA,NA,NA,NA,NA,NA,NA,"E: Uncertainty",NA,NA,NA,"E: Uncertainty","E: Uncertainty","E: Uncertainty",NA,NA,"E: Uncertainty",NA,NA,NA,"E: Uncertainty",NA
"2023-04-06 03:00:00","PM2.5",NA,NA,NA,NA,NA,NA,NA,NA,NA,NA,NA,NA,NA,NA,NA,NA,NA,NA,NA,NA,NA,NA,NA,NA,NA,NA,NA,NA,NA,NA,NA,NA,NA,NA,NA,NA,NA,NA,NA,NA,"E: Uncertainty","E: Erroneous Data","E: Erroneous Data","E: Erroneous Data","E: Erroneous Data","E: Erroneous Data","E: Erroneous Data","E: Uncertainty","E: Uncertainty","E: Erroneous Data","E: Erroneous Data","E: Erroneous Data","E: Uncertainty","E: Uncertainty","E: Uncertainty","E: Erroneous Data","E: Erroneous Data","E: Erroneous Data","E: Erroneous Data","E: Erroneous Data","E: Erroneous Data","E: Uncertainty","E: Erroneous Data","E: Erroneous Data","E: Erroneous Data","E: Uncertainty","E: Erroneous Data","E: Uncertainty","E: Erroneous Data","E: Uncertainty","E: Uncertainty","E: Uncertainty","E: Erroneous Data","E: Erroneous Data","E: Erroneous Data","E: Erroneous Data","E: Erroneous Data","E: Erroneous Data","E: Uncertainty","E: Erroneous Data"
"2023-04-06 04:00:00","PM10",NA,NA,NA,NA,NA,NA,NA,NA,NA,NA,NA,NA,NA,NA,NA,NA,NA,NA,NA,NA,NA,NA,NA,NA,NA,NA,NA,NA,NA,NA,NA,NA,NA,NA,NA,NA,NA,NA,NA,NA,"E: Erroneous Data","E: Erroneous Data","E: Uncertainty","E: Erroneous Data","E: Erroneous Data","E: Erroneous Data","E: Erroneous Data","E: Erroneous Data","E: Uncertainty","E: Uncertainty","E: Uncertainty","E: Erroneous Data","E: Erroneous Data","E: Uncertainty","E: Erroneous Data","E: Erroneous Data","E: Erroneous Data","E: Erroneous Data","E: Erroneous Data","E: Erroneous Data","E: Erroneous Data","E: Uncertainty","E: Erroneous Data","E: Erroneous Data","E: Erroneous Data","E: Erroneous Data","E: Erroneous Data","E: Uncertainty","E: Erroneous Data","E: Uncertainty","E: Uncertainty","E: Erroneous Data","E: Erroneous Data","E: Erroneous Data","E: Erroneous Data","E: Erroneous Data","E: Erroneous Data","E: Erroneous Data","E: Uncertainty","E: Erroneous Data"
"2023-04-06 05:00:00","PM2.5",NA,NA,NA,NA,NA,NA,NA,NA,NA,NA,NA,NA,NA,NA,NA,NA,NA,NA,NA,NA,NA,NA,NA,NA,NA,NA,NA,NA,NA,NA,NA,NA,NA,NA,NA,NA,NA,NA,NA,NA,"E: Erroneous Data","E: Erroneous Data","E: Erroneous Data","E: Erroneous Data","E: Erroneous Data","E: Erroneous Data","E: Erroneous Data","E: Erroneous Data","E: Erroneous Data","E: Erroneous Data","E: Erroneous Data","E: Erroneous Data","E: Uncertainty","E: Uncertainty","E: Erroneous Data","E: Erroneous Data","E: Erroneous Data","E: Erroneous Data","E: Erroneous Data","E: Erroneous Data","E: Erroneous Data","E: Uncertainty","E: Erroneous Data","E: Erroneous Data","E: Erroneous Data","E: Uncertainty","E: Uncertainty","E: Erroneous Data","E: Erroneous Data","E: Uncertainty","E: Uncertainty","E: Erroneous Data","E: Uncertainty","E: Erroneous Data","E: Erroneous Data","E: Erroneous Data","E: Erroneous Data","E: Erroneous Data","E: Erroneous Data","E: Erroneous Data"
"2023-04-06 06:00:00","PM10",NA,0,0,249.6111,116.7605,40.9233,26.1555,1.0472,0,NA,NA,122.4455,0,0,10.6936,7.2181,0,0,1.3008,NA,0.8388,0,0,0,0,16.818,0,0,0,NA,NA,NA,3.27,0,0,0,0,NA,1.1308,0,"E: Uncertainty",NA,NA,NA,NA,NA,NA,NA,NA,"E: Uncertainty","E: Uncertainty",NA,NA,NA,NA,NA,NA,NA,NA,"E: Uncertainty",NA,NA,NA,NA,NA,NA,NA,NA,NA,"E: Uncertainty","E: Uncertainty","E: Uncertainty",NA,NA,NA,NA,NA,"E: Uncertainty",NA,NA
"2023-04-06 07:00:00","PM2.5",NA,0,NA,158.1214,42.0391,18.9875,13.0425,1.39,0,0,NA,52.6154,0,NA,2.5512,21.9988,0,0,0.4551,0,0.6644,NA,0,0,0,11.0813,NA,0,0,0,0,NA,NA,0,0,0,0,0,3.4659,0,"E: Uncertainty",NA,"E: Uncertainty",NA,NA,NA,NA,NA,NA,NA,"E: Uncertainty",NA,NA,"E: Uncertainty",NA,NA,NA,NA,NA,NA,NA,"E: Uncertainty",NA,NA,NA,NA,"E: Uncertainty",NA,NA,NA,NA,"E: Uncertainty","E: Uncertainty",NA,NA,NA,NA,NA,NA,NA
"2023-04-06 08:00:00","PM10",NA,NA,0,206.6336,639.0567,50.1557,95.9644,5.2904,0,NA,1.953,162.0351,0,NA,5.9398,37.4079,0,0,0.5197,0,1.5485,NA,0,0,0,15.567,NA,0,0,NA,NA,NA,2.9806,0,0,0,0,0,2.6923,0,"E: Uncertainty","E: Uncertainty",NA,NA,NA,NA,NA,NA,NA,"E: Uncertainty",NA,NA,NA,"E: Uncertainty",NA,NA,NA,NA,NA,NA,NA,"E: Uncertainty",NA,NA,NA,NA,"E: Uncertainty",NA,NA,"E: Uncertainty","E: Uncertainty","E: Uncertainty",NA,NA,NA,NA,NA,NA,NA,NA
"2023-04-06 09:00:00","PM2.5",NA,NA,NA,NA,NA,NA,NA,NA,NA,NA,NA,NA,NA,NA,NA,NA,NA,NA,NA,NA,NA,NA,NA,NA,NA,NA,NA,NA,NA,NA,NA,NA,NA,NA,NA,NA,NA,NA,NA,NA,"E: Uncertainty","E: Erroneous Data","E: Erroneous Data","E: Erroneous Data","E: Erroneous Data","E: Erroneous Data","E: Erroneous Data","E: Erroneous Data","E: Erroneous Data","E: Erroneous Data","E: Erroneous Data","E: Erroneous Data","E: Uncertainty","E: Erroneous Data","E: Erroneous Data","E: Erroneous Data","E: Erroneous Data","E: Erroneous Data","E: Erroneous Data","E: Erroneous Data","E: Erroneous Data","E: Uncertainty","E: Erroneous Data","E: Erroneous Data","E: Erroneous Data","E: Erroneous Data","E: Erroneous Data","E: Erroneous Data","E: Erroneous Data","E: Erroneous Data","E: Uncertainty","E: Uncertainty","E: Uncertainty","E: Erroneous Data","E: Erroneous Data","E: Erroneous Data","E: Erroneous Data","E: Erroneous Data","E: Erroneous Data","E: Erroneous Data"
"2023-04-06 10:00:00","PM10",NA,NA,NA,NA,NA,NA,NA,NA,NA,NA,NA,NA,NA,NA,NA,NA,NA,NA,NA,NA,NA,NA,NA,NA,NA,NA,NA,NA,NA,NA,NA,NA,NA,NA,NA,NA,NA,NA,NA,NA,"E: Erroneous Data","E: Uncertainty","E: Erroneous Data","E: Erroneous Data","E: Erroneous Data","E: Erroneous Data","E: Erroneous Data","E: Erroneous Data","E: Erroneous Data","E: Erroneous Data","E: Erroneous Data","E: Erroneous Data","E: Erroneous Data","E: Erroneous Data","E: Erroneous Data","E: Erroneous Data","E: Erroneous Data","E: Erroneous Data","E: Erroneous Data","E: Uncertainty","E: Erroneous Data","E: Uncertainty","E: Erroneous Data","E: Erroneous Data","E: Erroneous Data","E: Uncertainty","E: Uncertainty","E: Erroneous Data","E: Erroneous Data","E: Erroneous Data","E: Uncertainty","E: Uncertainty","E: Uncertainty","E: Erroneous Data","E: Erroneous Data","E: Erroneous Data","E: Erroneous Data","E: Erroneous Data","E: Erroneous Data","E: Erroneous Data"
"2023-04-06 11:00:00","PM2.5",NA,NA,NA,NA,NA,NA,NA,NA,NA,NA,NA,NA,NA,NA,NA,NA,NA,NA,NA,NA,NA,NA,NA,NA,NA,NA,NA,NA,NA,NA,NA,NA,NA,NA,NA,NA,NA,NA,NA,NA,"E: Erroneous Data","E: Erroneous Data","E: Erroneous Data","E: Erroneous Data","E: Erroneous Data","E: Erroneous Data","E: Erroneous Data","E: Erroneous Data","E: Erroneous Data","E: Erroneous Data","E: Uncertainty","E: Erroneous Data","E: Uncertainty","E: Uncertainty","E: Erroneous Data","E: Erroneous Data","E: Erroneous Data","E: Erroneous Data","E: Erroneous Data","E: Erroneous Data","E: Erroneous Data","E: Uncertainty","E: Erroneous Data","E: Erroneous Data","E: Erroneous Data","E: Erroneous Data","E: Uncertainty","E: Erroneous Data","E: Uncertainty","E: Uncertainty","E: Uncertainty","E: Uncertainty","E: Uncertainty","E: Erroneous Data","E: Erroneous Data","E: Erroneous Data","E: Erroneous Data","E: Erroneous Data","E: Erroneous Data","E: Erroneous Data"
"2023-04-06 12:00:00","PM10",NA,0.0297,0,198.9651,1693.7672,65.883,138.2612,3.6485,0,0.8309,0.9285,147.4984,0,NA,3.9307,17.0521,0,0,0,NA,3.4569,NA,0,0,0,14.8444,NA,0,0,NA,NA,NA,NA,0,0,0,0,0,2.6711,0,"E: Uncertainty",NA,NA,NA,NA,NA,NA,NA,NA,NA,NA,NA,NA,"E: Uncertainty",NA,NA,NA,NA,NA,"E: Uncertainty",NA,"E: Uncertainty",NA,NA,NA,NA,"E: Uncertainty",NA,NA,"E: Uncertainty","E: Uncertainty","E: Uncertainty","E: Uncertainty",NA,NA,NA,NA,NA,NA,NA
"2023-04-06 13:00:00","PM2.5",NA,0,0,111.59,784.3344,31.4657,50.2637,1.6362,0,NA,NA,62.1662,0.0051,0,4.0827,8.0366,0,0,0.4628,NA,1.6659,NA,0,0,0,10.6725,NA,NA,0,0,NA,NA,0,0,0,0,0,0,1.1522,0,"E: Uncertainty",NA,NA,NA,NA,NA,NA,NA,NA,"E: Uncertainty","E: Uncertainty",NA,NA,NA,NA,NA,NA,NA,NA,"E: Uncertainty",NA,"E: Uncertainty",NA,NA,NA,NA,"E: Uncertainty","E: Uncertainty",NA,NA,"E: Uncertainty","E: Uncertainty",NA,NA,NA,NA,NA,NA,NA,NA
"2023-04-06 14:00:00","PM10",NA,NA,0,168.1002,1763.1478,75.3908,197.9805,6.0158,0,0,1.4962,146.4051,0,0,3.6549,12.6758,0,0,0.7103,0,3.1647,1.6383,0,0,0,9.1377,0,0,0,0,NA,0,NA,0,0,0,NA,0,9.4718,0,"E: Uncertainty","E: Uncertainty",NA,NA,NA,NA,NA,NA,NA,NA,NA,NA,NA,NA,NA,NA,NA,NA,NA,NA,NA,NA,NA,NA,NA,NA,NA,NA,NA,NA,"E: Uncertainty",NA,"E: Uncertainty",NA,NA,NA,"E: Uncertainty",NA,NA,NA
"2023-04-06 15:00:00","PM2.5",NA,0,0,161.1714,743.5896,34.6129,53.1703,1.3726,0,0,NA,64.4122,0,0,3.3214,15.0812,0,0,2.4136,NA,2.3623,NA,0,0,0,NA,NA,NA,0,0,NA,NA,0,0,0,0,0,0,55.2714,0,"E: Uncertainty",NA,NA,NA,NA,NA,NA,NA,NA,NA,"E: Uncertainty",NA,NA,NA,NA,NA,NA,NA,NA,"E: Uncertainty",NA,"E: Uncertainty",NA,NA,NA,"E: Uncertainty","E: Uncertainty","E: Uncertainty",NA,NA,"E: Uncertainty","E: Uncertainty",NA,NA,NA,NA,NA,NA,NA,NA
"2023-04-06 16:00:00","PM10",NA,NA,0,171.1077,1721.9179,68.5034,144.8288,5.9224,0,NA,1.0889,117.4109,0,0,3.8667,7.8125,0,0,NA,NA,3.0769,NA,0,0,0,13.2502,0,NA,0,0,0.1721,0,NA,0,0,0,0,0,5.8479,0,"E: Uncertainty","E: Uncertainty",NA,NA,NA,NA,NA,NA,NA,"E: Uncertainty",NA,NA,NA,NA,NA,NA,NA,NA,"E: Uncertainty","E: Uncertainty",NA,"E: Uncertainty",NA,NA,NA,NA,NA,"E: Uncertainty",NA,NA,NA,NA,"E: Uncertainty",NA,NA,NA,NA,NA,NA,NA
"2023-04-06 17:00:00","PM2.5",630.0727,0,0,137.0279,541.4397,22.0829,39.6164,NA,0,0,0,53.2825,NA,0,4.6591,4.5601,0,0,0,0,1.075,NA,0,0,0,NA,NA,0,0,NA,0,NA,NA,0,0.0223,0,0,0,1.542,0,NA,NA,NA,NA,NA,NA,NA,"E: Uncertainty",NA,NA,NA,NA,"E: Uncertainty",NA,NA,NA,NA,NA,NA,NA,NA,"E: Uncertainty",NA,NA,NA,"E: Uncertainty","E: Uncertainty",NA,NA,"E: Uncertainty",NA,"E: Uncertainty","E: Uncertainty",NA,NA,NA,NA,NA,NA,NA
"2023-04-06 18:00:00","PM10",NA,NA,0,201.6405,1447.5394,51.398,138.5276,3.3453,NA,NA,NA,149.0224,0,0,6.0962,8.0079,0,0,0,NA,2.6054,NA,0,0,0,NA,NA,NA,0,0,0,NA,0,0,0,0,0,0,1.9202,0,"E: Uncertainty","E: Uncertainty",NA,NA,NA,NA,NA,NA,"E: Uncertainty","E: Uncertainty","E: Uncertainty",NA,NA,NA,NA,NA,NA,NA,NA,"E: Uncertainty",NA,"E: Uncertainty",NA,NA,NA,"E: Uncertainty","E: Uncertainty","E: Uncertainty",NA,NA,NA,"E: Uncertainty",NA,NA,NA,NA,NA,NA,NA,NA
"2023-04-06 19:00:00","PM2.5",NA,0,0,180.8764,563.7326,30.527,36.3658,1.082,0,0,NA,69.8043,NA,NA,3.5651,12.2021,0,0,0,NA,2.8702,NA,0,0,0,24.9537,NA,NA,0,0,NA,NA,NA,0,0,0,0,0,2.359,0,"E: Uncertainty",NA,NA,NA,NA,NA,NA,NA,NA,NA,"E: Uncertainty",NA,"E: Uncertainty","E: Uncertainty",NA,NA,NA,NA,NA,"E: Uncertainty",NA,"E: Uncertainty",NA,NA,NA,NA,"E: Uncertainty","E: Uncertainty",NA,NA,"E: Uncertainty","E: Uncertainty","E: Uncertainty",NA,NA,NA,NA,NA,NA,NA
"2023-04-06 20:00:00","PM10",NA,NA,0,242.4348,1489.9773,90.9479,125.9697,3.8515,0,0,0.753,192.2795,0,0,11.8485,14.8679,0,0,1.9154,0,10.7834,2.1262,0,0,0,NA,NA,0,0,0,NA,NA,8.5034,0,0,0,0,0,3.7645,0,"E: Uncertainty","E: Uncertainty",NA,NA,NA,NA,NA,NA,NA,NA,NA,NA,NA,NA,NA,NA,NA,NA,NA,NA,NA,NA,NA,NA,NA,"E: Uncertainty","E: Uncertainty",NA,NA,NA,"E: Uncertainty","E: Uncertainty",NA,NA,NA,NA,NA,NA,NA,NA
"2023-04-06 21:00:00","PM2.5",704.3614,0,NA,134.9007,565.0956,33.4125,31.3672,NA,0,0,0.001,48.1037,0,0,1.6961,4.2521,0,0,0,0,1.0048,NA,0,0,0,NA,NA,0,0,NA,NA,0,NA,0,0,0,0,0,2.0327,0,NA,NA,"E: Uncertainty",NA,NA,NA,NA,"E: Uncertainty",NA,NA,NA,NA,NA,NA,NA,NA,NA,NA,NA,NA,NA,"E: Uncertainty",NA,NA,NA,"E: Uncertainty","E: Uncertainty",NA,NA,"E: Uncertainty","E: Uncertainty",NA,"E: Uncertainty",NA,NA,NA,NA,NA,NA,NA
"2023-04-06 22:00:00","PM10",NA,2.1324,0,175.0686,1802.8231,62.4668,99.9059,1.7506,0,NA,NA,96.5466,NA,NA,3.7795,10.0642,0,0,0.535,NA,2.2333,1.4885,0,0,0,16.7235,0,NA,0,0,0,NA,2.842,0,0,0,0,0,3.4116,0,"E: Uncertainty",NA,NA,NA,NA,NA,NA,NA,NA,"E: Uncertainty","E: Uncertainty",NA,"E: Uncertainty","E: Uncertainty",NA,NA,NA,NA,NA,"E: Uncertainty",NA,NA,NA,NA,NA,NA,NA,"E: Uncertainty",NA,NA,NA,"E: Uncertainty",NA,NA,NA,NA,NA,NA,NA,NA
"2023-04-06 23:00:00","PM2.5",0,0,0,101.707,707.0354,35.9863,30.832,NA,0,0,0,31.2807,NA,0,0.6991,4.8096,0,0,0,0,NA,NA,0,0,0,NA,0,NA,0,NA,NA,NA,0,0,0,0,0.0109,0,1.2566,0,NA,NA,NA,NA,NA,NA,NA,"E: Uncertainty",NA,NA,NA,NA,"E: Uncertainty",NA,NA,NA,NA,NA,NA,NA,"E: Uncertainty","E: Uncertainty",NA,NA,NA,"E: Uncertainty",NA,"E: Uncertainty",NA,"E: Uncertainty","E: Uncertainty","E: Uncertainty",NA,NA,NA,NA,NA,NA,NA,NA
"2023-04-07 00:30:00","PM10",NA,0,NA,210.1709,2169.148,72.5164,83.8038,NA,NA,NA,0,39.994,0,0,1.3004,6.147,0,0,0,NA,1.1256,NA,0,NA,0,NA,NA,0,0,NA,NA,NA,0,0,0,0,0,0,NA,0,"E: Uncertainty",NA,"E: Uncertainty",NA,NA,NA,NA,"E: Uncertainty","E: Uncertainty","E: Uncertainty",NA,NA,NA,NA,NA,NA,NA,NA,NA,"E: Uncertainty",NA,"E: Uncertainty",NA,"E: Uncertainty",NA,"E: Uncertainty","E: Uncertainty",NA,NA,"E: Uncertainty","E: Uncertainty","E: Uncertainty",NA,NA,NA,NA,NA,NA,"E: Uncertainty",NA
"2023-04-07 01:00:00","PM2.5",NA,0,0,130.0508,816.0353,37.3916,31.1167,NA,NA,0,9e-04,15.6094,NA,0,3.4627,8.0976,NA,0,0,0,0.5932,NA,0,0,0,NA,NA,0,0,0,0,0,0,0,0,0,0,0,2.2396,0,"E: Uncertainty",NA,NA,NA,NA,NA,NA,"E: Uncertainty","E: Uncertainty",NA,NA,NA,"E: Uncertainty",NA,NA,NA,"E: Uncertainty",NA,NA,NA,NA,"E: Uncertainty",NA,NA,NA,"E: Uncertainty","E: Uncertainty",NA,NA,NA,NA,NA,NA,NA,NA,NA,NA,NA,NA,NA
"2023-04-07 02:00:00","PM10",NA,0,0,219.926,2453.2415,81.546,105.2911,2.1195,NA,0,NA,45.5356,0,NA,6.8127,18.2435,0,0,0,NA,2.4337,NA,NA,0,NA,NA,NA,0,0,NA,0,0,0,0,0,0,0,0,5.3521,0,"E: Uncertainty",NA,NA,NA,NA,NA,NA,NA,"E: Uncertainty",NA,"E: Uncertainty",NA,NA,"E: Uncertainty",NA,NA,NA,NA,NA,"E: Uncertainty",NA,"E: Uncertainty","E: Uncertainty",NA,"E: Uncertainty","E: Uncertainty","E: Uncertainty",NA,NA,"E: Uncertainty",NA,NA,NA,NA,NA,NA,NA,NA,NA,NA
"2023-04-07 03:00:00","PM2.5",NA,0,0,106.6338,658.3,40.8836,30.3986,NA,NA,0,NA,20.4828,0,NA,1.3074,4.5421,NA,0,0,NA,NA,NA,NA,0,0,11.3612,NA,NA,0,NA,NA,0,0,0,0,0,0,0,0.9633,0,"E: Uncertainty",NA,NA,NA,NA,NA,NA,"E: Uncertainty","E: Uncertainty",NA,"E: Uncertainty",NA,NA,"E: Uncertainty",NA,NA,"E: Uncertainty",NA,NA,"E: Uncertainty","E: Uncertainty","E: Uncertainty","E: Uncertainty",NA,NA,NA,"E: Uncertainty","E: Uncertainty",NA,"E: Uncertainty","E: Uncertainty",NA,NA,NA,NA,NA,NA,NA,NA,NA
"2023-04-07 04:00:00","PM10",NA,0,0,180.6563,2095.3808,80.6383,84.3109,NA,0,NA,0.7646,49.6905,0,NA,1.2829,49.1012,0,0,0,0,1.7025,NA,NA,0,0,NA,NA,NA,0,0,NA,0,0,0,0,0,0,0,3.1667,0,"E: Uncertainty",NA,NA,NA,NA,NA,NA,"E: Uncertainty",NA,"E: Uncertainty",NA,NA,NA,"E: Uncertainty",NA,NA,NA,NA,NA,NA,NA,"E: Uncertainty","E: Uncertainty",NA,NA,"E: Uncertainty","E: Uncertainty","E: Uncertainty",NA,NA,"E: Uncertainty",NA,NA,NA,NA,NA,NA,NA,NA,NA
"2023-04-07 05:00:00","PM2.5",NA,0,NA,96.3565,696.4425,36.7095,28.8385,NA,NA,NA,NA,39.5204,0,0,19.6371,31.8971,0,0,0,0,0.8059,NA,NA,0,0,NA,NA,0,0,NA,NA,NA,0,0,0.021,0,0,0,2.6217,0,"E: Uncertainty",NA,"E: Uncertainty",NA,NA,NA,NA,"E: Uncertainty","E: Uncertainty","E: Uncertainty","E: Uncertainty",NA,NA,NA,NA,NA,NA,NA,NA,NA,NA,"E: Uncertainty","E: Uncertainty",NA,NA,"E: Uncertainty","E: Uncertainty",NA,NA,"E: Uncertainty","E: Uncertainty","E: Uncertainty",NA,NA,NA,NA,NA,NA,NA,NA
"2023-04-07 06:00:00","PM10",823.6971,0,67.0986,201.8232,2343.9929,83.812,113.0723,1.8296,NA,0,0.8323,140.0213,0,0,37.8996,31.3967,0,0,0,NA,4.1551,NA,0,0,0,NA,NA,0,0,0,NA,0,0,0,0,0,0,0,7.0687,0,NA,NA,NA,NA,NA,NA,NA,NA,"E: Uncertainty",NA,NA,NA,NA,NA,NA,NA,NA,NA,NA,"E: Uncertainty",NA,"E: Uncertainty",NA,NA,NA,"E: Uncertainty","E: Uncertainty",NA,NA,NA,"E: Uncertainty",NA,NA,NA,NA,NA,NA,NA,NA,NA
"2023-04-07 07:00:00","PM2.5",0,0,NA,152.3767,1039.6036,60.6558,65.162,NA,0,NA,NA,70.1589,0,NA,10.3453,44.4264,0,0,0,0.4054,1.4602,NA,0,0,0,13.117,0,NA,0,NA,NA,0,0,0,0,0,0,0,4.7476,0,NA,NA,"E: Uncertainty",NA,NA,NA,NA,"E: Uncertainty",NA,"E: Uncertainty","E: Uncertainty",NA,NA,"E: Uncertainty",NA,NA,NA,NA,NA,NA,NA,"E: Uncertainty",NA,NA,NA,NA,NA,"E: Uncertainty",NA,"E: Uncertainty","E: Uncertainty",NA,NA,NA,NA,NA,NA,NA,NA,NA
"2023-04-07 08:00:00","PM10",0,NA,0,248.9446,2513.45,102.1083,200.6101,6.6781,0,NA,2.4921,168.0385,0,NA,7.3782,30.8074,0,0,NA,NA,2.8362,1.6266,0,NA,0,14.46,NA,NA,0,NA,NA,NA,3.066,0,0,0,0,0,2.4979,0,NA,"E: Uncertainty",NA,NA,NA,NA,NA,NA,NA,"E: Uncertainty",NA,NA,NA,"E: Uncertainty",NA,NA,NA,NA,"E: Uncertainty","E: Uncertainty",NA,NA,NA,"E: Uncertainty",NA,NA,"E: Uncertainty","E: Uncertainty",NA,"E: Uncertainty","E: Uncertainty","E: Uncertainty",NA,NA,NA,NA,NA,NA,NA,NA
"2023-04-07 09:00:00","PM2.5",NA,0,0,173.6304,1041.7783,55.3616,64.9999,1.6833,0,0,NA,83.8999,NA,NA,2.6507,7.8719,0,0,0,0.5122,0.8914,NA,0,0,0,20.1014,0,0,0,NA,NA,NA,NA,0,0,0,0,0,1.807,0,"E: Uncertainty",NA,NA,NA,NA,NA,NA,NA,NA,NA,"E: Uncertainty",NA,"E: Uncertainty","E: Uncertainty",NA,NA,NA,NA,NA,NA,NA,"E: Uncertainty",NA,NA,NA,NA,NA,NA,NA,"E: Uncertainty","E: Uncertainty","E: Uncertainty","E: Uncertainty",NA,NA,NA,NA,NA,NA,NA
"2023-04-07 10:00:00","PM10",0,NA,0,205.2002,1447.8471,52.6262,118.0483,5.4521,0,NA,NA,134.5781,0,0,3.6141,8.7257,0,0,0,NA,1.8657,0,0,NA,0,13.4168,0,NA,0,0,NA,NA,NA,0,0,0,0,0,1.4082,0,NA,"E: Uncertainty",NA,NA,NA,NA,NA,NA,NA,"E: Uncertainty","E: Uncertainty",NA,NA,NA,NA,NA,NA,NA,NA,"E: Uncertainty",NA,NA,NA,"E: Uncertainty",NA,NA,NA,"E: Uncertainty",NA,NA,"E: Uncertainty","E: Uncertainty","E: Uncertainty",NA,NA,NA,NA,NA,NA,NA
"2023-04-07 11:00:00","PM2.5",0,0,0,141.7695,392.2013,22.508,48.2287,1.5378,0,NA,NA,64.4194,0,NA,2.5153,8.504,0,0,1.0606,NA,2.3286,NA,0,0,NA,17.4395,NA,NA,0,0,NA,NA,0,0,0,0,0,0,2.3017,0,NA,NA,NA,NA,NA,NA,NA,NA,NA,"E: Uncertainty","E: Uncertainty",NA,NA,"E: Uncertainty",NA,NA,NA,NA,NA,"E: Uncertainty",NA,"E: Uncertainty",NA,NA,"E: Uncertainty",NA,"E: Uncertainty","E: Uncertainty",NA,NA,"E: Uncertainty","E: Uncertainty",NA,NA,NA,NA,NA,NA,NA,NA
"2023-04-07 12:00:00","PM10",NA,0,0,139.165,587.4129,31.6723,107.5839,3.2037,0,NA,1.0375,135.5348,0,0,5.6543,7.7975,0,0,0,NA,1.2178,NA,0,0,0,16.9353,0,0,0,NA,NA,NA,NA,0,0,0,0,0,1.465,0,"E: Uncertainty",NA,NA,NA,NA,NA,NA,NA,NA,"E: Uncertainty",NA,NA,NA,NA,NA,NA,NA,NA,NA,"E: Uncertainty",NA,"E: Uncertainty",NA,NA,NA,NA,NA,NA,NA,"E: Uncertainty","E: Uncertainty","E: Uncertainty","E: Uncertainty",NA,NA,NA,NA,NA,NA,NA
"2023-04-07 13:00:00","PM2.5",NA,0,0,143.039,258.667,18.3529,36.9497,NA,0,NA,0,54.031,0,0,1.4712,3.3429,0,0,NA,0,0.8123,NA,0,0,0,10.2909,0,0,0,NA,NA,NA,NA,0,0,0,0,0,NA,0,"E: Uncertainty",NA,NA,NA,NA,NA,NA,"E: Uncertainty",NA,"E: Uncertainty",NA,NA,NA,NA,NA,NA,NA,NA,"E: Uncertainty",NA,NA,"E: Uncertainty",NA,NA,NA,NA,NA,NA,NA,"E: Uncertainty","E: Uncertainty","E: Uncertainty","E: Uncertainty",NA,NA,NA,NA,NA,"E: Uncertainty",NA
"2023-04-07 14:00:00","PM10",NA,NA,0,113.6173,495.6273,33.843,102.7087,3.1433,0,0.0052,NA,117.7264,0,0,3.5414,7.1472,0.006,0,0.7662,0,1.3878,NA,0,0,0,23.9166,0,NA,0,NA,0,NA,NA,0,NA,0,0,0,NA,0,"E: Uncertainty","E: Uncertainty",NA,NA,NA,NA,NA,NA,NA,NA,"E: Uncertainty",NA,NA,NA,NA,NA,NA,NA,NA,NA,NA,"E: Uncertainty",NA,NA,NA,NA,NA,"E: Uncertainty",NA,"E: Uncertainty",NA,"E: Uncertainty","E: Uncertainty",NA,"E: Uncertainty",NA,NA,NA,"E: Uncertainty",NA
"2023-04-07 15:00:00","PM2.5",NA,0,0,114.8416,198.2217,22.0316,40.1539,2.2732,0,NA,NA,66.8844,0,0,1.958,8.2247,0,0,0,0,1.359,NA,0,0,0,20.0206,0,NA,0,NA,NA,NA,0,0,0,0,0,0,3.0047,0,"E: Uncertainty",NA,NA,NA,NA,NA,NA,NA,NA,"E: Uncertainty","E: Uncertainty",NA,NA,NA,NA,NA,NA,NA,NA,NA,NA,"E: Uncertainty",NA,NA,NA,NA,NA,"E: Uncertainty",NA,"E: Uncertainty","E: Uncertainty","E: Uncertainty",NA,NA,NA,NA,NA,NA,NA,NA
"2023-04-07 16:00:00","PM10",0,NA,0,174.4124,471.6706,43.8255,137.2256,5.4837,NA,NA,NA,162.7524,NA,0,3.5169,10.9296,0,0,0.4361,NA,1.9953,NA,0,NA,0,20.0584,0,0.0356,0,NA,NA,NA,3.4927,0,0,0,0,0,2.8955,0,NA,"E: Uncertainty",NA,NA,NA,NA,NA,NA,"E: Uncertainty","E: Uncertainty","E: Uncertainty",NA,"E: Uncertainty",NA,NA,NA,NA,NA,NA,"E: Uncertainty",NA,"E: Uncertainty",NA,"E: Uncertainty",NA,NA,NA,NA,NA,"E: Uncertainty","E: Uncertainty","E: Uncertainty",NA,NA,NA,NA,NA,NA,NA,NA
"2023-04-07 17:00:00","PM2.5",0,0,0,138.1251,550.9063,32.4185,52.6689,2.9232,0,NA,NA,109.8225,0,0,3.4843,11.8437,0,0,0.4682,0,3.6521,NA,0,0,0,25.9631,NA,0,0,NA,NA,0,4.289,0,0,0,0,0,2.5976,0,NA,NA,NA,NA,NA,NA,NA,NA,NA,"E: Uncertainty","E: Uncertainty",NA,NA,NA,NA,NA,NA,NA,NA,NA,NA,"E: Uncertainty",NA,NA,NA,NA,"E: Uncertainty",NA,NA,"E: Uncertainty","E: Uncertainty",NA,NA,NA,NA,NA,NA,NA,NA,NA
"2023-04-07 18:00:00","PM10",0,NA,0,176.134,405.828,49.9391,161.0535,5.5445,0,0.801,1.426,288.9979,0,NA,8.7279,15.4056,0,0,0,0,4.0275,NA,0,0,0,NA,NA,NA,0,NA,NA,NA,3.0979,0,0,0,NA,0,3.0898,0,NA,"E: Uncertainty",NA,NA,NA,NA,NA,NA,NA,NA,NA,NA,NA,"E: Uncertainty",NA,NA,NA,NA,NA,NA,NA,"E: Uncertainty",NA,NA,NA,"E: Uncertainty","E: Uncertainty","E: Uncertainty",NA,"E: Uncertainty","E: Uncertainty","E: Uncertainty",NA,NA,NA,NA,"E: Uncertainty",NA,NA,NA
"2023-04-07 19:00:00","PM2.5",NA,0,0,142.8155,145.1324,53.5138,65.2235,2.3426,0,NA,1.3169,298.3253,0,0,13.8768,12.971,0,0,1.7743,0,4.7477,NA,0,0,0,10.5446,NA,NA,0,0,NA,NA,4.8895,0,0,0,0,0,2.2526,0,"E: Uncertainty",NA,NA,NA,NA,NA,NA,NA,NA,"E: Uncertainty",NA,NA,NA,NA,NA,NA,NA,NA,NA,NA,NA,"E: Uncertainty",NA,NA,NA,NA,"E: Uncertainty","E: Uncertainty",NA,NA,"E: Uncertainty","E: Uncertainty",NA,NA,NA,NA,NA,NA,NA,NA
"2023-04-07 20:00:00","PM10",0,257.3195,0,173.4812,364.0339,79.4687,216.6567,9.8298,0,1.6278,7.5417,998.9876,0,NA,41.6545,24.7452,0,0,0.8495,NA,3.9831,NA,0,NA,NA,23.6502,NA,NA,0,NA,NA,NA,20.7359,0,0,0,0,0,6.3991,0,NA,NA,NA,NA,NA,NA,NA,NA,NA,NA,NA,NA,NA,"E: Uncertainty",NA,NA,NA,NA,NA,"E: Uncertainty",NA,"E: Uncertainty",NA,"E: Uncertainty","E: Uncertainty",NA,"E: Uncertainty","E: Uncertainty",NA,"E: Uncertainty","E: Uncertainty","E: Uncertainty",NA,NA,NA,NA,NA,NA,NA,NA
"2023-04-07 21:00:00","PM2.5",NA,NA,0,214.9805,85.3286,181.8226,92.5698,5.3121,0,0.9088,5.5356,892.5177,NA,0,52.3047,26.4489,0,0,0.8695,0,4.6992,2.1432,0,0,0,27.7814,NA,NA,0,NA,NA,NA,29.0048,0,0,0,0,0,5.5356,0,"E: Uncertainty","E: Uncertainty",NA,NA,NA,NA,NA,NA,NA,NA,NA,NA,"E: Uncertainty",NA,NA,NA,NA,NA,NA,NA,NA,NA,NA,NA,NA,NA,"E: Uncertainty","E: Uncertainty",NA,"E: Uncertainty","E: Uncertainty","E: Uncertainty",NA,NA,NA,NA,NA,NA,NA,NA
"2023-04-07 22:00:00","PM10",749.6819,262.2981,0,202.6605,310.8577,180.1996,230.3159,11.4446,0,1.855,8.9425,1221.755,0,NA,39.0365,30.5528,0,0,2.8275,0,6.4284,1.7384,0,NA,0,9.347,NA,0,0,NA,NA,NA,21.5929,0,0,0,0,0,4.0963,0,NA,NA,NA,NA,NA,NA,NA,NA,NA,NA,NA,NA,NA,"E: Uncertainty",NA,NA,NA,NA,NA,NA,NA,NA,NA,"E: Uncertainty",NA,NA,"E: Uncertainty",NA,NA,"E: Uncertainty","E: Uncertainty","E: Uncertainty",NA,NA,NA,NA,NA,NA,NA,NA
"2023-04-07 23:00:00","PM2.5",NA,NA,0,208.0727,142.4232,180.0094,63.3945,5.559,0,1.1014,2.9296,460.8063,0,NA,13.7626,25.8251,0,0,3.5702,0,9.7515,NA,0,NA,0,NA,0,0,NA,NA,NA,NA,7.8626,0,0,0,0,0,11.8291,0,"E: Uncertainty","E: Uncertainty",NA,NA,NA,NA,NA,NA,NA,NA,NA,NA,NA,"E: Uncertainty",NA,NA,NA,NA,NA,NA,NA,"E: Uncertainty",NA,"E: Uncertainty",NA,"E: Uncertainty",NA,NA,"E: Uncertainty","E: Uncertainty","E: Uncertainty","E: Uncertainty",NA,NA,NA,NA,NA,NA,NA,NA
"2023-04-08 00:30:00","PM10",NA,NA,0,280.8975,442.0312,183.4042,234.8382,11.395,NA,1.409,3.3746,609.1355,0,0,17.8993,32.5713,0,0,1.4935,0,10.9453,NA,0,0,0,33.5498,0,0.1579,0,0,NA,NA,12.1333,0,0,0,0,0,14.2787,0,"E: Uncertainty","E: Uncertainty",NA,NA,NA,NA,NA,NA,"E: Uncertainty",NA,NA,NA,NA,NA,NA,NA,NA,NA,NA,NA,NA,"E: Uncertainty",NA,NA,NA,NA,NA,NA,NA,NA,"E: Uncertainty","E: Uncertainty",NA,NA,NA,NA,NA,NA,NA,NA
"2023-04-08 01:00:00","PM2.5",0,0,0,296.4518,73.5219,94.5216,35.7638,2.7392,0,NA,0.7928,117.932,0,0,4.0226,11.9045,0,0,1.1405,0,4.7209,NA,0,NA,0,0,0,NA,0,NA,NA,NA,NA,0,0,0,0.0068,0,7.5535,0,NA,NA,NA,NA,NA,NA,NA,NA,NA,"E: Uncertainty",NA,NA,NA,NA,NA,NA,NA,NA,NA,NA,NA,"E: Uncertainty",NA,"E: Uncertainty",NA,NA,NA,"E: Uncertainty",NA,"E: Uncertainty","E: Uncertainty","E: Uncertainty","E: Uncertainty",NA,NA,NA,NA,NA,NA,NA
"2023-04-08 02:00:00","PM10",NA,NA,0,353.8075,192.5708,118.7869,142.1381,9.3541,0,0.8795,2.0897,250.9635,0,0,6.3666,14.2319,0,0,0.4608,NA,4.9489,NA,0,0,0,NA,NA,0,0,NA,NA,0,NA,0,NA,0,0,0,8.6198,0,"E: Uncertainty","E: Uncertainty",NA,NA,NA,NA,NA,NA,NA,NA,NA,NA,NA,NA,NA,NA,NA,NA,NA,"E: Uncertainty",NA,"E: Uncertainty",NA,NA,NA,"E: Uncertainty","E: Uncertainty",NA,NA,"E: Uncertainty","E: Uncertainty",NA,"E: Uncertainty",NA,"E: Uncertainty",NA,NA,NA,NA,NA
"2023-04-08 03:00:00","PM2.5",NA,0,0,315.7929,NA,96.4312,45.3563,2.9391,0,NA,0.912,118.5565,0,0,3.5464,11.3091,0,0,0.567,NA,5.6069,NA,NA,0,0,NA,NA,0,0,NA,NA,NA,0,0,0,0,0,0,8.7612,0,"E: Uncertainty",NA,NA,NA,"E: Uncertainty",NA,NA,NA,NA,"E: Uncertainty",NA,NA,NA,NA,NA,NA,NA,NA,NA,"E: Uncertainty",NA,"E: Uncertainty","E: Uncertainty",NA,NA,"E: Uncertainty","E: Uncertainty",NA,NA,"E: Uncertainty","E: Uncertainty","E: Uncertainty",NA,NA,NA,NA,NA,NA,NA,NA
"2023-04-08 04:00:00","PM10",NA,NA,0,355.2935,121.0491,109.1254,180.6777,5.857,NA,NA,2.1193,241.986,0,0.0017,5.2963,13.3692,0,0,0.9092,NA,5.6144,NA,NA,0,0,9.2124,NA,0,0,NA,NA,0,NA,0,NA,0,0,0,7.9218,0,"E: Uncertainty","E: Uncertainty",NA,NA,NA,NA,NA,NA,"E: Uncertainty","E: Uncertainty",NA,NA,NA,NA,NA,NA,NA,NA,NA,"E: Uncertainty",NA,"E: Uncertainty","E: Uncertainty",NA,NA,NA,"E: Uncertainty",NA,NA,"E: Uncertainty","E: Uncertainty",NA,"E: Uncertainty",NA,"E: Uncertainty",NA,NA,NA,NA,NA
"2023-04-08 05:00:00","PM2.5",NA,0,0,352.9695,19.8378,110.7593,31.9666,2.8243,0,NA,1.9685,267.737,0,NA,9.0628,10.9302,0,0,1.1072,NA,4.5623,NA,NA,NA,0,0,0.1063,NA,0,NA,NA,NA,4.1635,0,0,0,0,0,6.1649,0,"E: Uncertainty",NA,NA,NA,NA,NA,NA,NA,NA,"E: Uncertainty",NA,NA,NA,"E: Uncertainty",NA,NA,NA,NA,NA,"E: Uncertainty",NA,"E: Uncertainty","E: Uncertainty","E: Uncertainty",NA,NA,NA,"E: Uncertainty",NA,"E: Uncertainty","E: Uncertainty","E: Uncertainty",NA,NA,NA,NA,NA,NA,NA,NA
"2023-04-08 06:00:00","PM10",NA,NA,0,434.1944,254.0573,182.9332,197.0864,10.8366,NA,1.1599,3.4554,521.9028,0,0,15.5724,21.8797,0,0,1.5002,NA,8.7632,NA,NA,NA,0,15.98,0,NA,0,NA,NA,NA,7.7123,0,0,0,0,0,8.7562,0,"E: Uncertainty","E: Uncertainty",NA,NA,NA,NA,NA,NA,"E: Uncertainty",NA,NA,NA,NA,NA,NA,NA,NA,NA,NA,"E: Uncertainty",NA,"E: Uncertainty","E: Uncertainty","E: Uncertainty",NA,NA,NA,"E: Uncertainty",NA,"E: Uncertainty","E: Uncertainty","E: Uncertainty",NA,NA,NA,NA,NA,NA,NA,NA
"2023-04-08 07:00:00","PM2.5",0,NA,0,454.3268,239.3949,176.2951,67.7616,5.3768,0.0115,NA,1.6281,204.9434,0,0,5.8865,34.92,0,0,3.3224,NA,8.2752,NA,0,0,0,15.6937,NA,NA,0,0,NA,NA,NA,0,NA,0,0,0,13.0761,0,NA,"E: Uncertainty",NA,NA,NA,NA,NA,NA,NA,"E: Uncertainty",NA,NA,NA,NA,NA,NA,NA,NA,NA,"E: Uncertainty",NA,"E: Uncertainty",NA,NA,NA,NA,"E: Uncertainty","E: Uncertainty",NA,NA,"E: Uncertainty","E: Uncertainty","E: Uncertainty",NA,"E: Uncertainty",NA,NA,NA,NA,NA
"2023-04-08 08:00:00","PM10",NA,NA,0,479.2275,230.4396,143.718,311.1631,13.3278,0,1.4848,3.6841,444.9051,0,NA,10.7583,46.737,0,0,3.334,NA,5.4734,1.5375,0,NA,0,12.4373,NA,0,0,0,0,NA,3.7173,0,0,0,0,0,39.8219,0,"E: Uncertainty","E: Uncertainty",NA,NA,NA,NA,NA,NA,NA,NA,NA,NA,NA,"E: Uncertainty",NA,NA,NA,NA,NA,"E: Uncertainty",NA,NA,NA,"E: Uncertainty",NA,NA,"E: Uncertainty",NA,NA,NA,NA,"E: Uncertainty",NA,NA,NA,NA,NA,NA,NA,NA
"2023-04-08 09:00:00","PM2.5",0,0,0,351.1577,14.8233,72.7815,69.6874,3.9466,NA,NA,0.8679,140.8642,0,0,4.7717,18.4144,0,0,1.915,NA,3.1736,NA,0,NA,0,NA,NA,0,0,NA,NA,NA,NA,0,0,0,0,0,12.9288,0,NA,NA,NA,NA,NA,NA,NA,NA,"E: Uncertainty","E: Uncertainty",NA,NA,NA,NA,NA,NA,NA,NA,NA,"E: Uncertainty",NA,"E: Uncertainty",NA,"E: Uncertainty",NA,"E: Uncertainty","E: Uncertainty",NA,NA,"E: Uncertainty","E: Uncertainty","E: Uncertainty","E: Uncertainty",NA,NA,NA,NA,NA,NA,NA
"2023-04-08 10:00:00","PM10",0,NA,0,242.8474,144.7852,64.2531,120.6856,3.0642,0,NA,3.0924,104.4949,NA,NA,2.8809,8.3746,0,0,1.1399,0,2.4087,NA,0,0,0,15.8615,NA,0,0,NA,0,NA,NA,0,0,0,0,0,1.496,0,NA,"E: Uncertainty",NA,NA,NA,NA,NA,NA,NA,"E: Uncertainty",NA,NA,"E: Uncertainty","E: Uncertainty",NA,NA,NA,NA,NA,NA,NA,"E: Uncertainty",NA,NA,NA,NA,"E: Uncertainty",NA,NA,"E: Uncertainty",NA,"E: Uncertainty","E: Uncertainty",NA,NA,NA,NA,NA,NA,NA
"2023-04-08 11:00:00","PM2.5",0,0,0,226.4292,0,37.6688,30.7415,2.2356,0,NA,0,62.1262,0,0,1.4911,6.0274,0,0,NA,NA,2.4626,NA,0,0,0,12.079,0,0,0,0,0,NA,0,0,0,0,0,0,2.178,0,NA,NA,NA,NA,NA,NA,NA,NA,NA,"E: Uncertainty",NA,NA,NA,NA,NA,NA,NA,NA,"E: Uncertainty","E: Uncertainty",NA,"E: Uncertainty",NA,NA,NA,NA,NA,NA,NA,NA,NA,"E: Uncertainty",NA,NA,NA,NA,NA,NA,NA,NA
"2023-04-08 12:00:00","PM10",0,NA,0,348.8303,90.1029,69.6078,111.8398,2.6005,NA,0,NA,123.957,0,NA,3.3726,8.4062,0,0,1.258,NA,4.3374,NA,0,0,0,26.945,0,0.1149,0,NA,NA,NA,3.1186,0,0,0,0,0,2.9818,0,NA,"E: Uncertainty",NA,NA,NA,NA,NA,NA,"E: Uncertainty",NA,"E: Uncertainty",NA,NA,"E: Uncertainty",NA,NA,NA,NA,NA,"E: Uncertainty",NA,"E: Uncertainty",NA,NA,NA,NA,NA,NA,NA,"E: Uncertainty","E: Uncertainty","E: Uncertainty",NA,NA,NA,NA,NA,NA,NA,NA
"2023-04-08 13:00:00","PM2.5",0,0,0,324.0277,0,45.7466,30.6907,1.8333,NA,NA,0,60.3301,NA,NA,1.6951,7.0575,0,0,0.5541,0,3.338,NA,0,0,0,NA,NA,NA,0,NA,0,NA,NA,0,0,0,0,0,3.3616,0,NA,NA,NA,NA,NA,NA,NA,NA,"E: Uncertainty","E: Uncertainty",NA,NA,"E: Uncertainty","E: Uncertainty",NA,NA,NA,NA,NA,NA,NA,"E: Uncertainty",NA,NA,NA,"E: Uncertainty","E: Uncertainty","E: Uncertainty",NA,"E: Uncertainty",NA,"E: Uncertainty","E: Uncertainty",NA,NA,NA,NA,NA,NA,NA
"2023-04-08 14:00:00","PM10",NA,NA,0,346.1,49.7233,66.8364,107.5245,3.5263,0,0,NA,102.7963,0,0,2.2383,7.3475,0,0,1.1289,NA,3.5115,NA,0,0,0,19.5117,0.0739,0,0,0,NA,NA,NA,0,0,0,0,0,2.3284,0,"E: Uncertainty","E: Uncertainty",NA,NA,NA,NA,NA,NA,NA,NA,"E: Uncertainty",NA,NA,NA,NA,NA,NA,NA,NA,"E: Uncertainty",NA,"E: Uncertainty",NA,NA,NA,NA,NA,NA,NA,NA,"E: Uncertainty","E: Uncertainty","E: Uncertainty",NA,NA,NA,NA,NA,NA,NA
"2023-04-08 15:00:00","PM2.5",0,0,0,271.275,0,35.3748,30.9148,NA,0,NA,NA,47.3416,0,NA,1.723,5.5655,0,0,0.9993,0,3.4541,NA,0,0,0,22.9523,0,NA,0,0,NA,NA,NA,0,0,0,0,0,1.9477,0,NA,NA,NA,NA,NA,NA,NA,"E: Uncertainty",NA,"E: Uncertainty","E: Uncertainty",NA,NA,"E: Uncertainty",NA,NA,NA,NA,NA,NA,NA,"E: Uncertainty",NA,NA,NA,NA,NA,"E: Uncertainty",NA,NA,"E: Uncertainty","E: Uncertainty","E: Uncertainty",NA,NA,NA,NA,NA,NA,NA
"2023-04-08 16:00:00","PM10",0,NA,0,318.0778,41.384,56.7248,111.0192,3.8891,NA,NA,0.7527,116.008,0,0,2.4758,7.2911,0,0,1.0237,0,3.6339,NA,0,NA,0,15.6556,NA,0,0,NA,0,NA,NA,0,0,0,0,0,1.9193,0,NA,"E: Uncertainty",NA,NA,NA,NA,NA,NA,"E: Uncertainty","E: Uncertainty",NA,NA,NA,NA,NA,NA,NA,NA,NA,NA,NA,"E: Uncertainty",NA,"E: Uncertainty",NA,NA,"E: Uncertainty",NA,NA,"E: Uncertainty",NA,"E: Uncertainty","E: Uncertainty",NA,NA,NA,NA,NA,NA,NA
"2023-04-08 17:00:00","PM2.5",NA,0,0,253.0163,0,35.4091,33.3651,NA,0,NA,0,57.9085,0,NA,1.8183,5.126,0,0,0.4608,NA,3.7534,NA,0,0,0,16.5106,NA,0,0,NA,NA,NA,NA,NA,0,0,0,0,2.9046,0,"E: Uncertainty",NA,NA,NA,NA,NA,NA,"E: Uncertainty",NA,"E: Uncertainty",NA,NA,NA,"E: Uncertainty",NA,NA,NA,NA,NA,"E: Uncertainty",NA,"E: Uncertainty",NA,NA,NA,NA,"E: Uncertainty",NA,NA,"E: Uncertainty","E: Uncertainty","E: Uncertainty","E: Uncertainty","E: Uncertainty",NA,NA,NA,NA,NA,NA
"2023-04-08 18:00:00","PM10",0,NA,0,444.3305,38.194,78.289,132.9091,6.3197,NA,NA,1.2893,213.1028,0,NA,4.4285,9.5377,0,0,0.9317,NA,3.6011,NA,0,0,0,18.4954,0,NA,0,0,0,NA,NA,0,0,0,0,0,3.0824,0,NA,"E: Uncertainty",NA,NA,NA,NA,NA,NA,"E: Uncertainty","E: Uncertainty",NA,NA,NA,"E: Uncertainty",NA,NA,NA,NA,NA,"E: Uncertainty",NA,"E: Uncertainty",NA,NA,NA,NA,NA,"E: Uncertainty",NA,NA,NA,"E: Uncertainty","E: Uncertainty",NA,NA,NA,NA,NA,NA,NA
"2023-04-08 19:00:00","PM2.5",NA,0,0,393.1058,0,64.0191,41.9063,2.8942,0,0,0,99.9071,0,0,2.7991,8.4928,0,0,0.6585,NA,3.8274,NA,0,0,0,NA,0,0,0,NA,NA,0,NA,0,0,0,0,0,5.2768,0,"E: Uncertainty",NA,NA,NA,NA,NA,NA,NA,NA,NA,NA,NA,NA,NA,NA,NA,NA,NA,NA,"E: Uncertainty",NA,"E: Uncertainty",NA,NA,NA,"E: Uncertainty",NA,NA,NA,"E: Uncertainty","E: Uncertainty",NA,"E: Uncertainty",NA,NA,NA,NA,NA,NA,NA
"2023-04-08 20:00:00","PM10",NA,NA,0,475.1092,48.4491,119.7193,150.1833,7.0715,NA,NA,0.9991,166.0865,0,0,3.3953,8.492,0,0,1.2764,NA,3.5799,NA,0,0,0,23.9764,NA,NA,0,NA,NA,NA,NA,0,0,0,0,0,6.426,0,"E: Uncertainty","E: Uncertainty",NA,NA,NA,NA,NA,NA,"E: Uncertainty","E: Uncertainty",NA,NA,NA,NA,NA,NA,NA,NA,NA,"E: Uncertainty",NA,"E: Uncertainty",NA,NA,NA,NA,"E: Uncertainty","E: Uncertainty",NA,"E: Uncertainty","E: Uncertainty","E: Uncertainty","E: Uncertainty",NA,NA,NA,NA,NA,NA,NA
"2023-04-08 21:00:00","PM2.5",0,0,0,445.4485,0,106.1235,28.925,2.7131,0,0.0018,0,67.5222,0,0,1.9786,6.9906,0,0,0.6632,0,2.9948,NA,0,0,0,NA,NA,NA,0,0,0,NA,0,0,0,0,0,0,7.9239,0,NA,NA,NA,NA,NA,NA,NA,NA,NA,NA,NA,NA,NA,NA,NA,NA,NA,NA,NA,NA,NA,"E: Uncertainty",NA,NA,NA,"E: Uncertainty","E: Uncertainty","E: Uncertainty",NA,NA,NA,"E: Uncertainty",NA,NA,NA,NA,NA,NA,NA,NA
"2023-04-08 22:00:00","PM10",NA,NA,0,408.4109,14.6599,95.9464,86.2609,6.5545,NA,NA,NA,127.3086,NA,0,2.4521,7.1951,0,0,1.0212,NA,2.9164,NA,0,0,0,10.1764,NA,NA,0,0,0,0,NA,0,NA,0,0,0,4.2147,0,"E: Uncertainty","E: Uncertainty",NA,NA,NA,NA,NA,NA,"E: Uncertainty","E: Uncertainty","E: Uncertainty",NA,"E: Uncertainty",NA,NA,NA,NA,NA,NA,"E: Uncertainty",NA,"E: Uncertainty",NA,NA,NA,NA,"E: Uncertainty","E: Uncertainty",NA,NA,NA,NA,"E: Uncertainty",NA,"E: Uncertainty",NA,NA,NA,NA,NA
"2023-04-08 23:00:00","PM2.5",0,0,NA,376.8964,0,95.9515,16.6826,2.3393,0,NA,0,63.4674,NA,0,2.5063,7.6746,0,0,0.6298,NA,2.8497,NA,0,0,0,19.018,0,NA,NA,NA,NA,NA,NA,0,0,0,0,0,6.3338,0,NA,NA,"E: Uncertainty",NA,NA,NA,NA,NA,NA,"E: Uncertainty",NA,NA,"E: Uncertainty",NA,NA,NA,NA,NA,NA,"E: Uncertainty",NA,"E: Uncertainty",NA,NA,NA,NA,NA,"E: Uncertainty","E: Uncertainty","E: Uncertainty","E: Uncertainty","E: Uncertainty","E: Uncertainty",NA,NA,NA,NA,NA,NA,NA
"2023-04-09 00:30:00","PM10",NA,NA,NA,NA,NA,NA,NA,NA,NA,NA,NA,NA,NA,NA,NA,NA,NA,NA,NA,NA,NA,NA,NA,NA,NA,NA,NA,NA,NA,NA,NA,NA,NA,NA,NA,NA,NA,NA,NA,NA,"E: Erroneous Data","E: Erroneous Data","E: Erroneous Data","E: Erroneous Data","E: Erroneous Data","E: Erroneous Data","E: Erroneous Data","E: Erroneous Data","E: Erroneous Data","E: Uncertainty","E: Uncertainty","E: Erroneous Data","E: Uncertainty","E: Erroneous Data","E: Erroneous Data","E: Erroneous Data","E: Erroneous Data","E: Erroneous Data","E: Erroneous Data","E: Uncertainty","E: Erroneous Data","E: Uncertainty","E: Erroneous Data","E: Erroneous Data","E: Erroneous Data","E: Erroneous Data","E: Uncertainty","E: Erroneous Data","E: Erroneous Data","E: Erroneous Data","E: Erroneous Data","E: Erroneous Data","E: Uncertainty","E: Erroneous Data","E: Erroneous Data","E: Erroneous Data","E: Erroneous Data","E: Erroneous Data","E: Erroneous Data","E: Erroneous Data"
"2023-04-09 01:00:00","PM2.5",NA,NA,NA,NA,NA,NA,NA,NA,NA,NA,NA,NA,NA,NA,NA,NA,NA,NA,NA,NA,NA,NA,NA,NA,NA,NA,NA,NA,NA,NA,NA,NA,NA,NA,NA,NA,NA,NA,NA,NA,"E: Erroneous Data","E: Erroneous Data","E: Uncertainty","E: Erroneous Data","E: Erroneous Data","E: Erroneous Data","E: Erroneous Data","E: Erroneous Data","E: Erroneous Data","E: Uncertainty","E: Erroneous Data","E: Erroneous Data","E: Erroneous Data","E: Uncertainty","E: Erroneous Data","E: Erroneous Data","E: Erroneous Data","E: Erroneous Data","E: Erroneous Data","E: Uncertainty","E: Erroneous Data","E: Uncertainty","E: Erroneous Data","E: Erroneous Data","E: Erroneous Data","E: Erroneous Data","E: Uncertainty","E: Uncertainty","E: Erroneous Data","E: Uncertainty","E: Uncertainty","E: Uncertainty","E: Uncertainty","E: Erroneous Data","E: Erroneous Data","E: Erroneous Data","E: Erroneous Data","E: Erroneous Data","E: Erroneous Data","E: Erroneous Data"
"2023-04-09 02:00:00","PM10",NA,NA,0,404.1052,17.7895,79.3422,137.3437,3.5451,NA,NA,NA,130.692,0,NA,2.8296,10.3438,0,0,1.1959,NA,2.4422,NA,0,0,0,NA,0,NA,0,0,0,NA,NA,0,0,0,0,0,4.5526,0,"E: Uncertainty","E: Uncertainty",NA,NA,NA,NA,NA,NA,"E: Uncertainty","E: Uncertainty","E: Uncertainty",NA,NA,"E: Uncertainty",NA,NA,NA,NA,NA,"E: Uncertainty",NA,"E: Uncertainty",NA,NA,NA,"E: Uncertainty",NA,"E: Uncertainty",NA,NA,NA,"E: Uncertainty","E: Uncertainty",NA,NA,NA,NA,NA,NA,NA
"2023-04-09 03:00:00","PM2.5",NA,0,0,323.0733,0,62.8681,28.9278,1.0228,NA,0,NA,67.1701,0,NA,2.3267,10.2589,0,0,1.1102,NA,3.2539,NA,0,0,0,13.2613,NA,0,0,0,NA,NA,0,0,0,0,0,0,5.3515,0,"E: Uncertainty",NA,NA,NA,NA,NA,NA,NA,"E: Uncertainty",NA,"E: Uncertainty",NA,NA,"E: Uncertainty",NA,NA,NA,NA,NA,"E: Uncertainty",NA,"E: Uncertainty",NA,NA,NA,NA,"E: Uncertainty",NA,NA,NA,"E: Uncertainty","E: Uncertainty",NA,NA,NA,NA,NA,NA,NA,NA
"2023-04-09 04:00:00","PM10",NA,0,0,412.3424,0,84.466,145.3289,4.9831,NA,NA,NA,140.8289,0,NA,4.1197,12.5384,0,0,1.1087,NA,2.6984,NA,0,0,0,NA,NA,NA,0,NA,NA,NA,NA,0,0,0,0,0,5.6662,0,"E: Uncertainty",NA,NA,NA,NA,NA,NA,NA,"E: Uncertainty","E: Uncertainty","E: Uncertainty",NA,NA,"E: Uncertainty",NA,NA,NA,NA,NA,"E: Uncertainty",NA,"E: Uncertainty",NA,NA,NA,"E: Uncertainty","E: Uncertainty","E: Uncertainty",NA,"E: Uncertainty","E: Uncertainty","E: Uncertainty","E: Uncertainty",NA,NA,NA,NA,NA,NA,NA
"2023-04-09 05:00:00","PM2.5",0,0,0,348.3159,0,73.9431,14.5365,NA,0.9072,NA,NA,59.1124,0,NA,1.5195,9.2086,0,0,1.3031,0,2.0164,NA,0,NA,0,12.0116,NA,0,0,0,0,NA,NA,0,0,0,0,0,5.2428,0,NA,NA,NA,NA,NA,NA,NA,"E: Uncertainty",NA,"E: Uncertainty","E: Uncertainty",NA,NA,"E: Uncertainty",NA,NA,NA,NA,NA,NA,NA,"E: Uncertainty",NA,"E: Uncertainty",NA,NA,"E: Uncertainty",NA,NA,NA,NA,"E: Uncertainty","E: Uncertainty",NA,NA,NA,NA,NA,NA,NA
"2023-04-09 06:00:00","PM10",NA,0,0,709.7465,0,107.9115,47.2027,1.9993,NA,NA,NA,151.8024,0,NA,3.4355,11.1451,0,0,0.4144,NA,3.4495,NA,NA,0,0,12.921,NA,0,0,NA,NA,NA,NA,0,0,0,0,0,5.8934,0,"E: Uncertainty",NA,NA,NA,NA,NA,NA,NA,"E: Uncertainty","E: Uncertainty","E: Uncertainty",NA,NA,"E: Uncertainty",NA,NA,NA,NA,NA,"E: Uncertainty",NA,"E: Uncertainty","E: Uncertainty",NA,NA,NA,"E: Uncertainty",NA,NA,"E: Uncertainty","E: Uncertainty","E: Uncertainty","E: Uncertainty",NA,NA,NA,NA,NA,NA,NA
"2023-04-09 07:00:00","PM2.5",NA,0,0,715.0229,0,63.9556,8.6444,0,NA,0,NA,46.6477,NA,NA,1.3094,7.9604,0,0,0,0,2.8141,NA,0,NA,0,10.539,0,0.1233,0,NA,NA,NA,NA,0,0,0,0,0,5.3305,0,"E: Uncertainty",NA,NA,NA,NA,NA,NA,NA,"E: Uncertainty",NA,"E: Uncertainty",NA,"E: Uncertainty","E: Uncertainty",NA,NA,NA,NA,NA,NA,NA,"E: Uncertainty",NA,"E: Uncertainty",NA,NA,NA,NA,NA,"E: Uncertainty","E: Uncertainty","E: Uncertainty","E: Uncertainty",NA,NA,NA,NA,NA,NA,NA
"2023-04-09 08:00:00","PM10",NA,0,0,992.8849,0,57.3512,68.754,1.5275,NA,NA,0.7365,97.6717,0,NA,2.0694,8.8162,0,0,0.497,NA,2.8337,NA,0,0,0,NA,NA,NA,0,0,0,0.189,0,0,0,0,0,0,2.7,0,"E: Uncertainty",NA,NA,NA,NA,NA,NA,NA,"E: Uncertainty","E: Uncertainty",NA,NA,NA,"E: Uncertainty",NA,NA,NA,NA,NA,"E: Uncertainty",NA,"E: Uncertainty",NA,NA,NA,"E: Uncertainty","E: Uncertainty","E: Uncertainty",NA,NA,NA,NA,NA,NA,NA,NA,NA,NA,NA,NA
"2023-04-09 09:00:00","PM2.5",0,0,0,820.4098,0,40.1189,18.2986,0,NA,0.0031,NA,38.0769,0,0,0.979,6.135,0,0,1.0309,NA,2.4043,NA,0,0,0,12.807,NA,0,0,0,NA,NA,NA,0,0,0,0,0,NA,0,NA,NA,NA,NA,NA,NA,NA,NA,"E: Uncertainty",NA,"E: Uncertainty",NA,NA,NA,NA,NA,NA,NA,NA,"E: Uncertainty",NA,"E: Uncertainty",NA,NA,NA,NA,"E: Uncertainty",NA,NA,NA,"E: Uncertainty","E: Uncertainty","E: Uncertainty",NA,NA,NA,NA,NA,"E: Uncertainty",NA
"2023-04-09 10:00:00","PM10",NA,0,0,950.0889,0,57.5683,72.625,1.6983,NA,0,0.74,87.9295,0,NA,1.7178,7.5416,0,0,0.436,NA,3.3293,NA,0,0,NA,9.5471,0,0,0,0,NA,NA,NA,0,0,0,0,0,4.141,0,"E: Uncertainty",NA,NA,NA,NA,NA,NA,NA,"E: Uncertainty",NA,NA,NA,NA,"E: Uncertainty",NA,NA,NA,NA,NA,"E: Uncertainty",NA,"E: Uncertainty",NA,NA,"E: Uncertainty",NA,NA,NA,NA,NA,"E: Uncertainty","E: Uncertainty","E: Uncertainty",NA,NA,NA,NA,NA,NA,NA
"2023-04-09 11:00:00","PM2.5",NA,NA,NA,NA,NA,NA,NA,NA,NA,NA,NA,NA,NA,NA,NA,NA,NA,NA,NA,NA,NA,NA,NA,NA,NA,NA,NA,NA,NA,NA,NA,NA,NA,NA,NA,NA,NA,NA,NA,NA,"E: Uncertainty","E: Erroneous Data","E: Erroneous Data","E: Erroneous Data","E: Erroneous Data","E: Erroneous Data","E: Erroneous Data","E: Uncertainty","E: Uncertainty","E: Uncertainty","E: Erroneous Data","E: Erroneous Data","E: Uncertainty","E: Uncertainty","E: Erroneous Data","E: Erroneous Data","E: Erroneous Data","E: Erroneous Data","E: Erroneous Data","E: Uncertainty","E: Erroneous Data","E: Erroneous Data","E: Erroneous Data","E: Erroneous Data","E: Erroneous Data","E: Uncertainty","E: Erroneous Data","E: Uncertainty","E: Erroneous Data","E: Uncertainty","E: Uncertainty","E: Uncertainty","E: Uncertainty","E: Erroneous Data","E: Erroneous Data","E: Erroneous Data","E: Erroneous Data","E: Erroneous Data","E: Erroneous Data","E: Erroneous Data"
"2023-04-09 12:00:00","PM10",NA,NA,NA,NA,NA,NA,NA,NA,NA,NA,NA,NA,NA,NA,NA,NA,NA,NA,NA,NA,NA,NA,NA,NA,NA,NA,NA,NA,NA,NA,NA,NA,NA,NA,NA,NA,NA,NA,NA,NA,"E: Erroneous Data","E: Erroneous Data","E: Erroneous Data","E: Erroneous Data","E: Erroneous Data","E: Erroneous Data","E: Erroneous Data","E: Erroneous Data","E: Uncertainty","E: Uncertainty","E: Uncertainty","E: Erroneous Data","E: Uncertainty","E: Uncertainty","E: Erroneous Data","E: Erroneous Data","E: Erroneous Data","E: Erroneous Data","E: Erroneous Data","E: Uncertainty","E: Erroneous Data","E: Uncertainty","E: Erroneous Data","E: Erroneous Data","E: Erroneous Data","E: Erroneous Data","E: Erroneous Data","E: Erroneous Data","E: Erroneous Data","E: Erroneous Data","E: Uncertainty","E: Uncertainty","E: Erroneous Data","E: Erroneous Data","E: Erroneous Data","E: Erroneous Data","E: Erroneous Data","E: Erroneous Data","E: Erroneous Data","E: Erroneous Data"
"2023-04-09 13:00:00","PM2.5",NA,NA,NA,NA,NA,NA,NA,NA,NA,NA,NA,NA,NA,NA,NA,NA,NA,NA,NA,NA,NA,NA,NA,NA,NA,NA,NA,NA,NA,NA,NA,NA,NA,NA,NA,NA,NA,NA,NA,NA,"E: Uncertainty","E: Erroneous Data","E: Erroneous Data","E: Erroneous Data","E: Erroneous Data","E: Erroneous Data","E: Erroneous Data","E: Erroneous Data","E: Uncertainty","E: Erroneous Data","E: Erroneous Data","E: Erroneous Data","E: Erroneous Data","E: Uncertainty","E: Erroneous Data","E: Erroneous Data","E: Erroneous Data","E: Erroneous Data","E: Uncertainty","E: Uncertainty","E: Erroneous Data","E: Uncertainty","E: Erroneous Data","E: Erroneous Data","E: Erroneous Data","E: Erroneous Data","E: Uncertainty","E: Erroneous Data","E: Erroneous Data","E: Erroneous Data","E: Uncertainty","E: Uncertainty","E: Erroneous Data","E: Erroneous Data","E: Erroneous Data","E: Erroneous Data","E: Erroneous Data","E: Erroneous Data","E: Erroneous Data","E: Erroneous Data"
"2023-04-09 14:00:00","PM10",NA,NA,0,955.0708,0,76.8487,143.3359,2.5041,NA,NA,NA,110.2654,0,NA,2.0892,9.9883,0,0,NA,0.531,3.7598,NA,0,0,0,14.4679,0,0,0,0,0.1744,0,0,0,0,0,0,0,2.8862,0,"E: Uncertainty","E: Uncertainty",NA,NA,NA,NA,NA,NA,"E: Uncertainty","E: Uncertainty","E: Uncertainty",NA,NA,"E: Uncertainty",NA,NA,NA,NA,"E: Uncertainty",NA,NA,"E: Uncertainty",NA,NA,NA,NA,NA,NA,NA,NA,NA,NA,NA,NA,NA,NA,NA,NA,NA,NA
"2023-04-09 15:00:00","PM2.5",0,0,0,744.8999,0,48.3833,42.1577,NA,NA,NA,NA,51.3552,0,NA,1.9403,7.6854,0,0,0.54,0.5127,4.1025,0,0,0,0,9.9177,NA,NA,0,NA,0,0,NA,0,0,0,0,0,1.9097,0,NA,NA,NA,NA,NA,NA,NA,"E: Uncertainty","E: Uncertainty","E: Uncertainty","E: Uncertainty",NA,NA,"E: Uncertainty",NA,NA,NA,NA,NA,NA,NA,NA,NA,NA,NA,NA,"E: Uncertainty","E: Uncertainty",NA,"E: Uncertainty",NA,NA,"E: Uncertainty",NA,NA,NA,NA,NA,NA,NA
"2023-04-09 16:00:00","PM10",NA,NA,0,761.4917,60.1507,71.6138,220.9865,3.2669,NA,0.6705,1.109,113.7034,0.003,0,2.2282,12.7019,0,0,2.2883,NA,5.3272,NA,0,0,0,22.4538,NA,NA,0,NA,NA,NA,NA,0,0,0,0,0,13.4611,0,"E: Uncertainty","E: Uncertainty",NA,NA,NA,NA,NA,NA,"E: Uncertainty",NA,NA,NA,NA,NA,NA,NA,NA,NA,NA,"E: Uncertainty",NA,"E: Uncertainty",NA,NA,NA,NA,"E: Uncertainty","E: Uncertainty",NA,"E: Uncertainty","E: Uncertainty","E: Uncertainty","E: Uncertainty",NA,NA,NA,NA,NA,NA,NA
"2023-04-09 17:00:00","PM2.5",NA,NA,NA,NA,NA,NA,NA,NA,NA,NA,NA,NA,NA,NA,NA,NA,NA,NA,NA,NA,NA,NA,NA,NA,NA,NA,NA,NA,NA,NA,NA,NA,NA,NA,NA,NA,NA,NA,NA,NA,"E: Erroneous Data","E: Erroneous Data","E: Erroneous Data","E: Erroneous Data","E: Erroneous Data","E: Erroneous Data","E: Erroneous Data","E: Uncertainty","E: Uncertainty","E: Uncertainty","E: Uncertainty","E: Erroneous Data","E: Erroneous Data","E: Erroneous Data","E: Erroneous Data","E: Erroneous Data","E: Erroneous Data","E: Erroneous Data","E: Erroneous Data","E: Uncertainty","E: Erroneous Data","E: Uncertainty","E: Erroneous Data","E: Erroneous Data","E: Erroneous Data","E: Erroneous Data","E: Uncertainty","E: Erroneous Data","E: Erroneous Data","E: Uncertainty","E: Uncertainty","E: Uncertainty","E: Erroneous Data","E: Erroneous Data","E: Erroneous Data","E: Erroneous Data","E: Erroneous Data","E: Erroneous Data","E: Erroneous Data","E: Erroneous Data"
"2023-04-09 18:00:00","PM10",NA,NA,NA,NA,NA,NA,NA,NA,NA,NA,NA,NA,NA,NA,NA,NA,NA,NA,NA,NA,NA,NA,NA,NA,NA,NA,NA,NA,NA,NA,NA,NA,NA,NA,NA,NA,NA,NA,NA,NA,"E: Erroneous Data","E: Uncertainty","E: Erroneous Data","E: Erroneous Data","E: Erroneous Data","E: Erroneous Data","E: Erroneous Data","E: Erroneous Data","E: Erroneous Data","E: Erroneous Data","E: Uncertainty","E: Erroneous Data","E: Erroneous Data","E: Uncertainty","E: Erroneous Data","E: Erroneous Data","E: Erroneous Data","E: Erroneous Data","E: Erroneous Data","E: Uncertainty","E: Erroneous Data","E: Uncertainty","E: Erroneous Data","E: Erroneous Data","E: Erroneous Data","E: Erroneous Data","E: Erroneous Data","E: Erroneous Data","E: Erroneous Data","E: Uncertainty","E: Uncertainty","E: Uncertainty","E: Uncertainty","E: Erroneous Data","E: Erroneous Data","E: Erroneous Data","E: Erroneous Data","E: Erroneous Data","E: Erroneous Data","E: Erroneous Data"
"2023-04-09 19:00:00","PM2.5",NA,NA,NA,NA,NA,NA,NA,NA,NA,NA,NA,NA,NA,NA,NA,NA,NA,NA,NA,NA,NA,NA,NA,NA,NA,NA,NA,NA,NA,NA,NA,NA,NA,NA,NA,NA,NA,NA,NA,NA,"E: Uncertainty","E: Erroneous Data","E: Erroneous Data","E: Erroneous Data","E: Erroneous Data","E: Erroneous Data","E: Erroneous Data","E: Erroneous Data","E: Uncertainty","E: Erroneous Data","E: Erroneous Data","E: Erroneous Data","E: Erroneous Data","E: Uncertainty","E: Erroneous Data","E: Erroneous Data","E: Erroneous Data","E: Erroneous Data","E: Erroneous Data","E: Uncertainty","E: Erroneous Data","E: Uncertainty","E: Erroneous Data","E: Erroneous Data","E: Erroneous Data","E: Erroneous Data","E: Uncertainty","E: Uncertainty","E: Erroneous Data","E: Uncertainty","E: Erroneous Data","E: Uncertainty","E: Erroneous Data","E: Erroneous Data","E: Uncertainty","E: Erroneous Data","E: Uncertainty","E: Erroneous Data","E: Erroneous Data","E: Erroneous Data"
"2023-04-09 20:00:00","PM10",NA,NA,NA,NA,NA,NA,NA,NA,NA,NA,NA,NA,NA,NA,NA,NA,NA,NA,NA,NA,NA,NA,NA,NA,NA,NA,NA,NA,NA,NA,NA,NA,NA,NA,NA,NA,NA,NA,NA,NA,"E: Erroneous Data","E: Uncertainty","E: Erroneous Data","E: Erroneous Data","E: Erroneous Data","E: Erroneous Data","E: Erroneous Data","E: Erroneous Data","E: Uncertainty","E: Uncertainty","E: Erroneous Data","E: Erroneous Data","E: Erroneous Data","E: Uncertainty","E: Erroneous Data","E: Erroneous Data","E: Erroneous Data","E: Erroneous Data","E: Erroneous Data","E: Uncertainty","E: Erroneous Data","E: Erroneous Data","E: Erroneous Data","E: Erroneous Data","E: Uncertainty","E: Erroneous Data","E: Uncertainty","E: Uncertainty","E: Erroneous Data","E: Uncertainty","E: Erroneous Data","E: Erroneous Data","E: Uncertainty","E: Erroneous Data","E: Erroneous Data","E: Erroneous Data","E: Erroneous Data","E: Erroneous Data","E: Erroneous Data","E: Erroneous Data"
"2023-04-09 21:00:00","PM2.5",NA,NA,NA,NA,NA,NA,NA,NA,NA,NA,NA,NA,NA,NA,NA,NA,NA,NA,NA,NA,NA,NA,NA,NA,NA,NA,NA,NA,NA,NA,NA,NA,NA,NA,NA,NA,NA,NA,NA,NA,"E: Erroneous Data","E: Erroneous Data","E: Erroneous Data","E: Erroneous Data","E: Erroneous Data","E: Erroneous Data","E: Erroneous Data","E: Erroneous Data","E: Uncertainty","E: Uncertainty","E: Erroneous Data","E: Erroneous Data","E: Uncertainty","E: Uncertainty","E: Erroneous Data","E: Erroneous Data","E: Erroneous Data","E: Erroneous Data","E: Uncertainty","E: Uncertainty","E: Erroneous Data","E: Uncertainty","E: Erroneous Data","E: Erroneous Data","E: Erroneous Data","E: Uncertainty","E: Uncertainty","E: Erroneous Data","E: Erroneous Data","E: Erroneous Data","E: Erroneous Data","E: Erroneous Data","E: Erroneous Data","E: Erroneous Data","E: Erroneous Data","E: Erroneous Data","E: Erroneous Data","E: Erroneous Data","E: Erroneous Data","E: Erroneous Data"
"2023-04-09 22:00:00","PM10",NA,NA,NA,NA,NA,NA,NA,NA,NA,NA,NA,NA,NA,NA,NA,NA,NA,NA,NA,NA,NA,NA,NA,NA,NA,NA,NA,NA,NA,NA,NA,NA,NA,NA,NA,NA,NA,NA,NA,NA,"E: Erroneous Data","E: Uncertainty","E: Erroneous Data","E: Erroneous Data","E: Erroneous Data","E: Erroneous Data","E: Erroneous Data","E: Erroneous Data","E: Uncertainty","E: Uncertainty","E: Uncertainty","E: Erroneous Data","E: Uncertainty","E: Uncertainty","E: Erroneous Data","E: Erroneous Data","E: Erroneous Data","E: Erroneous Data","E: Erroneous Data","E: Uncertainty","E: Erroneous Data","E: Uncertainty","E: Erroneous Data","E: Erroneous Data","E: Erroneous Data","E: Erroneous Data","E: Erroneous Data","E: Uncertainty","E: Erroneous Data","E: Uncertainty","E: Uncertainty","E: Uncertainty","E: Uncertainty","E: Erroneous Data","E: Erroneous Data","E: Erroneous Data","E: Erroneous Data","E: Erroneous Data","E: Erroneous Data","E: Erroneous Data"
"2023-04-09 23:00:00","PM2.5",NA,NA,NA,NA,NA,NA,NA,NA,NA,NA,NA,NA,NA,NA,NA,NA,NA,NA,NA,NA,NA,NA,NA,NA,NA,NA,NA,NA,NA,NA,NA,NA,NA,NA,NA,NA,NA,NA,NA,NA,"E: Erroneous Data","E: Erroneous Data","E: Erroneous Data","E: Erroneous Data","E: Erroneous Data","E: Erroneous Data","E: Erroneous Data","E: Uncertainty","E: Uncertainty","E: Erroneous Data","E: Uncertainty","E: Erroneous Data","E: Erroneous Data","E: Uncertainty","E: Erroneous Data","E: Erroneous Data","E: Erroneous Data","E: Erroneous Data","E: Erroneous Data","E: Uncertainty","E: Erroneous Data","E: Uncertainty","E: Erroneous Data","E: Erroneous Data","E: Erroneous Data","E: Erroneous Data","E: Erroneous Data","E: Uncertainty","E: Erroneous Data","E: Uncertainty","E: Uncertainty","E: Uncertainty","E: Erroneous Data","E: Erroneous Data","E: Erroneous Data","E: Erroneous Data","E: Erroneous Data","E: Erroneous Data","E: Erroneous Data","E: Erroneous Data"
"2023-04-10 00:30:00","PM10",0,0,0,713.3044,0,66.1473,39.3999,NA,NA,0,0,58.1345,NA,NA,1.5871,11.5004,0,0,0.7512,NA,4.6212,NA,0,0,0,NA,NA,NA,0,NA,NA,0,NA,0,0,0,0,0,NA,0,NA,NA,NA,NA,NA,NA,NA,"E: Uncertainty","E: Uncertainty",NA,NA,NA,"E: Uncertainty","E: Uncertainty",NA,NA,NA,NA,NA,"E: Uncertainty",NA,"E: Uncertainty",NA,NA,NA,"E: Uncertainty","E: Uncertainty","E: Uncertainty",NA,"E: Uncertainty","E: Uncertainty",NA,"E: Uncertainty",NA,NA,NA,NA,NA,"E: Uncertainty",NA
"2023-04-10 01:00:00","PM2.5",0,0,0,557.7951,0,54.9958,10.6613,NA,1.9471,NA,0,24.5082,0,0.5798,0.9959,8.2771,0,0,1.0543,NA,3.6241,NA,0,0,0,13.5465,NA,NA,0,NA,NA,0,0,0,0,0,0,0,0.7488,0,NA,NA,NA,NA,NA,NA,NA,"E: Uncertainty",NA,"E: Uncertainty",NA,NA,NA,NA,NA,NA,NA,NA,NA,"E: Uncertainty",NA,"E: Uncertainty",NA,NA,NA,NA,"E: Uncertainty","E: Uncertainty",NA,"E: Uncertainty","E: Uncertainty",NA,NA,NA,NA,NA,NA,NA,NA,NA
"2023-04-10 02:00:00","PM10",652.204,0,0,529.8015,0,137.6212,17.6111,NA,1.78,0,0,28.1599,0,NA,0.9145,7.2287,0,0,0.7,0.4588,3.3315,NA,0,0,0,16.2128,0,NA,0,NA,NA,NA,NA,0,0.005,0,0,0,0.7824,0,NA,NA,NA,NA,NA,NA,NA,"E: Uncertainty",NA,NA,NA,NA,NA,"E: Uncertainty",NA,NA,NA,NA,NA,NA,NA,"E: Uncertainty",NA,NA,NA,NA,NA,"E: Uncertainty",NA,"E: Uncertainty","E: Uncertainty","E: Uncertainty","E: Uncertainty",NA,NA,NA,NA,NA,NA,NA
"2023-04-10 03:00:00","PM2.5",0,0,0,331.1329,0,45.4515,3.7253,0,1.1038,0,0,9.2722,0,NA,NA,3.4514,0,0,0,NA,2.4635,NA,0,0,0,10.1545,NA,0,0,NA,0,NA,NA,0,0,0,0,0,1.4637,0,NA,NA,NA,NA,NA,NA,NA,NA,NA,NA,NA,NA,NA,"E: Uncertainty","E: Uncertainty",NA,NA,NA,NA,"E: Uncertainty",NA,"E: Uncertainty",NA,NA,NA,NA,"E: Uncertainty",NA,NA,"E: Uncertainty",NA,"E: Uncertainty","E: Uncertainty",NA,NA,NA,NA,NA,NA,NA
"2023-04-10 04:00:00","PM10",0,0,0,206.1488,0,25.579,7.7518,NA,NA,NA,0,12.4135,NA,NA,0.7437,2.8092,0,0,NA,0,1.2191,NA,0,0,0,15.8757,0,0,0,NA,NA,NA,NA,0,0,0,0,0,0,0,NA,NA,NA,NA,NA,NA,NA,"E: Uncertainty","E: Uncertainty","E: Uncertainty",NA,NA,"E: Uncertainty","E: Uncertainty",NA,NA,NA,NA,"E: Uncertainty",NA,NA,"E: Uncertainty",NA,NA,NA,NA,NA,NA,NA,"E: Uncertainty","E: Uncertainty","E: Uncertainty","E: Uncertainty",NA,NA,NA,NA,NA,NA,NA
"2023-04-10 05:00:00","PM2.5",NA,0,NA,110.5743,0,13.2325,2.3234,0,0.8597,0,0,3.5389,0,NA,NA,1.5513,0,0,0,0,0.6099,NA,0,0,0,17.5055,0,NA,NA,0,NA,0,0,0,0,0,0,0,0,0,"E: Uncertainty",NA,"E: Uncertainty",NA,NA,NA,NA,NA,NA,NA,NA,NA,NA,"E: Uncertainty","E: Uncertainty",NA,NA,NA,NA,NA,NA,"E: Uncertainty",NA,NA,NA,NA,NA,"E: Uncertainty","E: Uncertainty",NA,"E: Uncertainty",NA,NA,NA,NA,NA,NA,NA,NA,NA
"2023-04-10 06:00:00","PM10",NA,0,NA,89.4229,0,7.6606,7.755,NA,NA,0,0,17.0456,0,0,1.8247,0.4821,0,0,NA,0,NA,NA,0,0,0,12.3409,0,NA,0,0,NA,NA,NA,0,0,0,0,0,0,0,"E: Uncertainty",NA,"E: Uncertainty",NA,NA,NA,NA,"E: Uncertainty","E: Uncertainty",NA,NA,NA,NA,NA,NA,NA,NA,NA,"E: Uncertainty",NA,"E: Uncertainty","E: Uncertainty",NA,NA,NA,NA,NA,"E: Uncertainty",NA,NA,"E: Uncertainty","E: Uncertainty","E: Uncertainty",NA,NA,NA,NA,NA,NA,NA
"2023-04-10 07:00:00","PM2.5",0,0,0,64.9856,0,5.5465,2.9407,0,0,NA,0,6.2428,NA,NA,0.7657,0.6865,0,0,0,0,0,NA,0,0,0,17.3737,NA,0,0,0,NA,0,NA,NA,0,0,0,0,0,0,NA,NA,NA,NA,NA,NA,NA,NA,NA,"E: Uncertainty",NA,NA,"E: Uncertainty","E: Uncertainty",NA,NA,NA,NA,NA,NA,NA,"E: Uncertainty",NA,NA,NA,NA,"E: Uncertainty",NA,NA,NA,"E: Uncertainty",NA,"E: Uncertainty","E: Uncertainty",NA,NA,NA,NA,NA,NA
"2023-04-10 08:00:00","PM10",NA,0,NA,75.1854,146.9623,18.5755,18.3618,0,0,0,0,22.8912,0,0,1.3743,1.1569,0,0,0,NA,NA,NA,0,0,0,10.3462,NA,NA,0,0,0,NA,NA,0,0,0,0,0,0,0,"E: Uncertainty",NA,"E: Uncertainty",NA,NA,NA,NA,NA,NA,NA,NA,NA,NA,NA,NA,NA,NA,NA,NA,"E: Uncertainty","E: Uncertainty","E: Uncertainty",NA,NA,NA,NA,"E: Uncertainty","E: Uncertainty",NA,NA,NA,"E: Uncertainty","E: Uncertainty",NA,NA,NA,NA,NA,NA,NA
"2023-04-10 09:00:00","PM2.5",NA,0,0,112.4922,70.0175,11.1253,8.9144,NA,NA,NA,0,17.0812,0,NA,0.9473,1.121,0,0,NA,0,NA,NA,0,0,0,15.8002,NA,NA,0,NA,NA,NA,0,0,NA,0,0,0,0,0,"E: Uncertainty",NA,NA,NA,NA,NA,NA,"E: Uncertainty","E: Uncertainty","E: Uncertainty",NA,NA,NA,"E: Uncertainty",NA,NA,NA,NA,"E: Uncertainty",NA,"E: Uncertainty","E: Uncertainty",NA,NA,NA,NA,"E: Uncertainty","E: Uncertainty",NA,"E: Uncertainty","E: Uncertainty","E: Uncertainty",NA,NA,"E: Uncertainty",NA,NA,NA,NA,NA
"2023-04-10 10:00:00","PM10",NA,0,0,217.8892,673.091,37.4503,52.404,1.2973,0,0,NA,58.7098,NA,0,1.9814,2.1414,0,0,0.399,0,1.7603,NA,0,0,0,11.0746,NA,0,0,0,NA,NA,0,0,0,0,0,0,NA,0,"E: Uncertainty",NA,NA,NA,NA,NA,NA,NA,NA,NA,"E: Uncertainty",NA,"E: Uncertainty",NA,NA,NA,NA,NA,NA,NA,NA,"E: Uncertainty",NA,NA,NA,NA,"E: Uncertainty",NA,NA,NA,"E: Uncertainty","E: Uncertainty",NA,NA,NA,NA,NA,NA,"E: Uncertainty",NA
"2023-04-10 11:00:00","PM2.5",NA,0,0,177.6713,751.5974,39.4712,43.218,NA,0,0,0,30.9103,0,0,1.5292,2.0106,0,0,0,0,1.563,NA,0,0,0,12.5094,0,NA,0,NA,NA,NA,0,0,NA,0,0,0,1.2488,0,"E: Uncertainty",NA,NA,NA,NA,NA,NA,"E: Uncertainty",NA,NA,NA,NA,NA,NA,NA,NA,NA,NA,NA,NA,NA,"E: Uncertainty",NA,NA,NA,NA,NA,"E: Uncertainty",NA,"E: Uncertainty","E: Uncertainty","E: Uncertainty",NA,NA,"E: Uncertainty",NA,NA,NA,NA,NA
"2023-04-10 12:00:00","PM10",0,0,0,98.8898,1114.4261,39.5117,59.9684,NA,0,0,0,72.9154,0,0.0088,3.4046,1.2767,0,0,0,0,1.1962,NA,0,0,0,NA,NA,0.0244,0,NA,0,NA,NA,0,0,0,0,0,NA,0,NA,NA,NA,NA,NA,NA,NA,"E: Uncertainty",NA,NA,NA,NA,NA,NA,NA,NA,NA,NA,NA,NA,NA,"E: Uncertainty",NA,NA,NA,"E: Uncertainty","E: Uncertainty",NA,NA,"E: Uncertainty",NA,"E: Uncertainty","E: Uncertainty",NA,NA,NA,NA,NA,"E: Uncertainty",NA
"2023-04-10 13:00:00","PM2.5",NA,0,0,56.9431,412.9135,12.3173,14.4185,0,0,0,0,24.9463,0,0,1.7399,0.7184,0,0,0,0,NA,NA,0,0,0,NA,NA,NA,0,NA,NA,NA,NA,0,0,0,0,0,0,0,"E: Uncertainty",NA,NA,NA,NA,NA,NA,NA,NA,NA,NA,NA,NA,NA,NA,NA,NA,NA,NA,NA,"E: Uncertainty","E: Uncertainty",NA,NA,NA,"E: Uncertainty","E: Uncertainty","E: Uncertainty",NA,"E: Uncertainty","E: Uncertainty","E: Uncertainty","E: Uncertainty",NA,NA,NA,NA,NA,NA,NA
"2023-04-10 14:00:00","PM10",0,NA,0,84.5344,671.2391,37.2335,96.8141,4.8432,0,NA,NA,69.9226,NA,0,2.1806,2.0371,0,0,0,0,1.1224,NA,0,0,0,15.1299,NA,NA,0,NA,0,0,NA,0,0,0,0,0,NA,0,NA,"E: Uncertainty",NA,NA,NA,NA,NA,NA,NA,"E: Uncertainty","E: Uncertainty",NA,"E: Uncertainty",NA,NA,NA,NA,NA,NA,NA,NA,"E: Uncertainty",NA,NA,NA,NA,"E: Uncertainty","E: Uncertainty",NA,"E: Uncertainty",NA,NA,"E: Uncertainty",NA,NA,NA,NA,NA,"E: Uncertainty",NA
"2023-04-10 15:00:00","PM2.5",768.8064,0,0,72.08,609.5725,23.1062,28.7566,1.1771,0,NA,0,24.7751,NA,NA,1.3614,1.1173,0,0,0,NA,NA,0,0,0,0,15.1074,NA,0,0,0,NA,NA,0,NA,0,0,0,0,0,0,NA,NA,NA,NA,NA,NA,NA,NA,NA,"E: Uncertainty",NA,NA,"E: Uncertainty","E: Uncertainty",NA,NA,NA,NA,NA,"E: Uncertainty","E: Uncertainty",NA,NA,NA,NA,NA,"E: Uncertainty",NA,NA,NA,"E: Uncertainty","E: Uncertainty",NA,"E: Uncertainty",NA,NA,NA,NA,NA,NA
"2023-04-10 16:00:00","PM10",NA,NA,0,91.09,1140.4738,36.2604,46.7922,1.141,0,0,0,51.9747,0,0,2.7406,1.7203,0,0,NA,0,1.2443,NA,0,0,0,17.8543,NA,0,0,NA,NA,0,NA,0,0,0,0,0,0,0,"E: Uncertainty","E: Uncertainty",NA,NA,NA,NA,NA,NA,NA,NA,NA,NA,NA,NA,NA,NA,NA,NA,"E: Uncertainty",NA,NA,"E: Uncertainty",NA,NA,NA,NA,"E: Uncertainty",NA,NA,"E: Uncertainty","E: Uncertainty",NA,"E: Uncertainty",NA,NA,NA,NA,NA,NA,NA
"2023-04-10 17:00:00","PM2.5",0,0,0,48.7361,323.0091,13.6718,13.6599,NA,0,NA,0,25.6247,NA,0,2.3313,0.8762,0,0,0,0,0.5982,NA,0,0,0,25.1967,0,NA,0,0,NA,NA,NA,0,0,0,0,0,NA,0,NA,NA,NA,NA,NA,NA,NA,"E: Uncertainty",NA,"E: Uncertainty",NA,NA,"E: Uncertainty",NA,NA,NA,NA,NA,NA,NA,NA,"E: Uncertainty",NA,NA,NA,NA,NA,"E: Uncertainty",NA,NA,"E: Uncertainty","E: Uncertainty","E: Uncertainty",NA,NA,NA,NA,NA,"E: Uncertainty",NA
"2023-04-10 18:00:00","PM10",NA,0,0,29.1004,168.5177,16.3402,29.6674,2.1893,0.0097,0,NA,69.3742,NA,0,2.8381,1.5464,0,0,0,0,NA,NA,0,0,0,16.444,NA,NA,0,NA,NA,NA,0,0,0,0,0,0,0,0,"E: Uncertainty",NA,NA,NA,NA,NA,NA,NA,NA,NA,"E: Uncertainty",NA,"E: Uncertainty",NA,NA,NA,NA,NA,NA,NA,"E: Uncertainty","E: Uncertainty",NA,NA,NA,NA,"E: Uncertainty","E: Uncertainty",NA,"E: Uncertainty","E: Uncertainty","E: Uncertainty",NA,NA,NA,NA,NA,NA,NA,NA
"2023-04-10 19:00:00","PM2.5",0,0,0,44.5012,262.7218,11.5137,12.5325,NA,0,0,0,35.0381,0,NA,3.4138,0.9442,0,0,NA,0,0,NA,0,0,0,21.2096,NA,NA,0,0,0,NA,NA,0,0,0,0,0,0,0,NA,NA,NA,NA,NA,NA,NA,"E: Uncertainty",NA,NA,NA,NA,NA,"E: Uncertainty",NA,NA,NA,NA,"E: Uncertainty",NA,NA,"E: Uncertainty",NA,NA,NA,NA,"E: Uncertainty","E: Uncertainty",NA,NA,NA,"E: Uncertainty","E: Uncertainty",NA,NA,NA,NA,NA,NA,NA
"2023-04-10 20:00:00","PM10",0,0,0,82.3776,820.3591,32.9581,36.1931,1.2645,0,0,0,62.0133,0,0,7.9044,1.9382,0,0,0.3985,0,1.2296,NA,NA,0,0,8.7672,0,0,0,NA,NA,NA,NA,0,0,0,0,0,0,0,NA,NA,NA,NA,NA,NA,NA,NA,NA,NA,NA,NA,NA,NA,NA,NA,NA,NA,NA,NA,NA,"E: Uncertainty","E: Uncertainty",NA,NA,NA,NA,NA,NA,"E: Uncertainty","E: Uncertainty","E: Uncertainty","E: Uncertainty",NA,NA,NA,NA,NA,NA,NA
"2023-04-10 21:00:00","PM2.5",NA,0,0,36.8331,134.7219,8.3812,5.5957,NA,NA,0,0,23.2859,0,0,2.634,0.8402,0,0,0,0,NA,NA,0,0,0,NA,0,0,0,0,NA,NA,0,0,0,0,NA,0,NA,0,"E: Uncertainty",NA,NA,NA,NA,NA,NA,"E: Uncertainty","E: Uncertainty",NA,NA,NA,NA,NA,NA,NA,NA,NA,NA,NA,"E: Uncertainty","E: Uncertainty",NA,NA,NA,"E: Uncertainty",NA,NA,NA,NA,"E: Uncertainty","E: Uncertainty",NA,NA,NA,NA,"E: Uncertainty",NA,"E: Uncertainty",NA
"2023-04-10 22:00:00","PM10",0,0,0,77.057,953.2237,31.1668,30.8754,0,0,0,0,48.6474,NA,0,4.175,1.365,0,0,NA,NA,2.0785,0,0,0,0,19.2746,0,0,0,NA,NA,0,2.872,0,0,0,0.0103,0,0,0,NA,NA,NA,NA,NA,NA,NA,NA,NA,NA,NA,NA,"E: Uncertainty",NA,NA,NA,NA,NA,"E: Uncertainty","E: Uncertainty",NA,NA,NA,NA,NA,NA,NA,NA,NA,"E: Uncertainty","E: Uncertainty",NA,NA,NA,NA,NA,NA,NA,NA,NA
"2023-04-10 23:00:00","PM2.5",NA,0,0,83.0793,704.4478,29.4731,21.862,0,NA,0,0,8.9541,NA,0,NA,1.1545,NA,0,0,0,1.0396,NA,0,0,0,NA,NA,0,0,NA,NA,NA,0,0,NA,0,0,0,NA,0,"E: Uncertainty",NA,NA,NA,NA,NA,NA,NA,"E: Uncertainty",NA,NA,NA,"E: Uncertainty",NA,"E: Uncertainty",NA,"E: Uncertainty",NA,NA,NA,NA,"E: Uncertainty",NA,NA,NA,"E: Uncertainty","E: Uncertainty",NA,NA,"E: Uncertainty","E: Uncertainty","E: Uncertainty",NA,NA,"E: Uncertainty",NA,NA,NA,"E: Uncertainty",NA
"2023-04-11 00:30:00","PM10",NA,0,0,145.1997,2338.348,68.2281,65.3034,0,NA,0,0,13.8549,0,0,0.9336,NA,0,0,0,0,2.9377,NA,0,0,0,34.965,NA,NA,0,0,NA,NA,0,0,0,0,0,0,NA,0,"E: Uncertainty",NA,NA,NA,NA,NA,NA,NA,"E: Uncertainty",NA,NA,NA,NA,NA,NA,"E: Uncertainty",NA,NA,NA,NA,NA,"E: Uncertainty",NA,NA,NA,NA,"E: Uncertainty","E: Uncertainty",NA,NA,"E: Uncertainty","E: Uncertainty",NA,NA,NA,NA,NA,NA,"E: Uncertainty",NA
"2023-04-11 01:00:00","PM2.5",NA,0,0,114.9555,1209.191,42.6962,35.7226,0,0,NA,0,6.9661,0,NA,NA,1.0773,0,0,0,NA,1.334,NA,NA,0,0,10.7,NA,0,0,0,0,NA,0,NA,0,0,0,0,0,NA,"E: Uncertainty",NA,NA,NA,NA,NA,NA,NA,NA,"E: Uncertainty",NA,NA,NA,"E: Uncertainty","E: Uncertainty",NA,NA,NA,NA,"E: Uncertainty",NA,"E: Uncertainty","E: Uncertainty",NA,NA,NA,"E: Uncertainty",NA,NA,NA,NA,"E: Uncertainty",NA,"E: Uncertainty",NA,NA,NA,NA,NA,"E: Uncertainty"
"2023-04-11 02:00:00","PM10",0,0,0,211.9185,3379.0322,85.5912,90.6175,NA,NA,0,0,10.9475,0,0,NA,0.6623,0,0,0,NA,4.8585,NA,0,0,0,0,NA,NA,0,0,NA,NA,NA,0,0,0,0.0058,0,0,0,NA,NA,NA,NA,NA,NA,NA,"E: Uncertainty","E: Uncertainty",NA,NA,NA,NA,NA,"E: Uncertainty",NA,NA,NA,NA,"E: Uncertainty",NA,"E: Uncertainty",NA,NA,NA,NA,"E: Uncertainty","E: Uncertainty",NA,NA,"E: Uncertainty","E: Uncertainty","E: Uncertainty",NA,NA,NA,NA,NA,NA,NA
"2023-04-11 03:00:00","PM2.5",NA,0,0,118.712,1511.5508,46.0544,39.6677,0,0,0,NA,11.9608,0,NA,0.7191,0.7108,0,0,0,NA,1.6017,NA,NA,0,0,NA,NA,NA,0,0,NA,0,NA,0,0,0,0,0,0,0,"E: Uncertainty",NA,NA,NA,NA,NA,NA,NA,NA,NA,"E: Uncertainty",NA,NA,"E: Uncertainty",NA,NA,NA,NA,NA,"E: Uncertainty",NA,"E: Uncertainty","E: Uncertainty",NA,NA,"E: Uncertainty","E: Uncertainty","E: Uncertainty",NA,NA,"E: Uncertainty",NA,"E: Uncertainty",NA,NA,NA,NA,NA,NA,NA
"2023-04-11 04:00:00","PM10",0,0,0,232.4576,3693.4436,101.4219,103.6033,NA,0,0,NA,21.1328,0,NA,0.9727,1.3306,0,0,0,NA,5.9079,2.3223,NA,0,NA,13.3212,NA,0,0,0,NA,0,0,0,0,0,0,0,0,0,NA,NA,NA,NA,NA,NA,NA,"E: Uncertainty",NA,NA,"E: Uncertainty",NA,NA,"E: Uncertainty",NA,NA,NA,NA,NA,"E: Uncertainty",NA,NA,"E: Uncertainty",NA,"E: Uncertainty",NA,"E: Uncertainty",NA,NA,NA,"E: Uncertainty",NA,NA,NA,NA,NA,NA,NA,NA,NA
"2023-04-11 05:00:00","PM2.5",NA,0,0,132.6326,1434.162,55.3577,42.9372,NA,NA,0,0,38.0016,0,0,2.6853,2.5731,0,0,0,0,1.895,NA,NA,NA,0,NA,0,NA,0,NA,NA,NA,0,0,NA,0,0,0,NA,0,"E: Uncertainty",NA,NA,NA,NA,NA,NA,"E: Uncertainty","E: Uncertainty",NA,NA,NA,NA,NA,NA,NA,NA,NA,NA,NA,NA,"E: Uncertainty","E: Uncertainty","E: Uncertainty",NA,"E: Uncertainty",NA,"E: Uncertainty",NA,"E: Uncertainty","E: Uncertainty","E: Uncertainty",NA,NA,"E: Uncertainty",NA,NA,NA,"E: Uncertainty",NA
"2023-04-11 06:00:00","PM10",NA,0,0,217.1912,3148.956,84.2402,120.6085,1.6504,0,0,NA,155.2879,0,0,6.9811,3.5237,0,0,0,0,5.2978,2.5864,0,0,0,10.9379,NA,0,0,NA,NA,NA,2.9512,0,0,NA,0,0,0,0,"E: Uncertainty",NA,NA,NA,NA,NA,NA,NA,NA,NA,"E: Uncertainty",NA,NA,NA,NA,NA,NA,NA,NA,NA,NA,NA,NA,NA,NA,NA,"E: Uncertainty",NA,NA,"E: Uncertainty","E: Uncertainty","E: Uncertainty",NA,NA,NA,"E: Uncertainty",NA,NA,NA,NA
"2023-04-11 07:00:00","PM2.5",NA,0,0,160.3089,2021.5859,52.8303,70.9804,NA,0,0,0,62.354,0,0,2.3725,1.6292,0,0,NA,NA,2.1984,NA,0,0,0,22.818,NA,0,0,NA,NA,NA,NA,0,0,0,0,0,0,0,"E: Uncertainty",NA,NA,NA,NA,NA,NA,"E: Uncertainty",NA,NA,NA,NA,NA,NA,NA,NA,NA,NA,"E: Uncertainty","E: Uncertainty",NA,"E: Uncertainty",NA,NA,NA,NA,"E: Uncertainty",NA,NA,"E: Uncertainty","E: Uncertainty","E: Uncertainty","E: Uncertainty",NA,NA,NA,NA,NA,NA,NA
"2023-04-11 08:00:00","PM10",NA,NA,0,303.2674,5124.5083,122.2253,257.6744,5.5626,0,NA,NA,108.0876,0,0.002,2.3402,3.4316,0,0,0,NA,8.3323,1.9161,0,0,0,14.332,NA,NA,0,0,0.0891,NA,NA,0,0,0,0,0,NA,0,"E: Uncertainty","E: Uncertainty",NA,NA,NA,NA,NA,NA,NA,"E: Uncertainty","E: Uncertainty",NA,NA,NA,NA,NA,NA,NA,NA,"E: Uncertainty",NA,NA,NA,NA,NA,NA,"E: Uncertainty","E: Uncertainty",NA,NA,NA,"E: Uncertainty","E: Uncertainty",NA,NA,NA,NA,NA,"E: Uncertainty",NA
"2023-04-11 09:00:00","PM2.5",NA,0,0,154.1649,1689.7702,43.297,82.3878,NA,0,NA,0,44.1246,0,0,1.4681,1.7428,0,0,NA,0,1.3154,NA,0,0,0,14.4155,NA,NA,0,0,NA,0,NA,0,NA,0,0,0,0,0,"E: Uncertainty",NA,NA,NA,NA,NA,NA,"E: Uncertainty",NA,"E: Uncertainty",NA,NA,NA,NA,NA,NA,NA,NA,"E: Uncertainty",NA,NA,"E: Uncertainty",NA,NA,NA,NA,"E: Uncertainty","E: Uncertainty",NA,NA,"E: Uncertainty",NA,"E: Uncertainty",NA,"E: Uncertainty",NA,NA,NA,NA,NA
"2023-04-11 10:00:00","PM10",0,NA,0,229.6529,2641.6821,78.0318,276.3611,5.1128,0,NA,0.8097,124.7334,0,0,3.1541,3.8621,0,0,0.5503,NA,4.1701,NA,0,0,0,11.3744,0,0,0,0,0,NA,NA,0,0,0,0,0,NA,0,NA,"E: Uncertainty",NA,NA,NA,NA,NA,NA,NA,"E: Uncertainty",NA,NA,NA,NA,NA,NA,NA,NA,NA,"E: Uncertainty",NA,"E: Uncertainty",NA,NA,NA,NA,NA,NA,NA,NA,NA,"E: Uncertainty","E: Uncertainty",NA,NA,NA,NA,NA,"E: Uncertainty",NA
"2023-04-11 11:00:00","PM2.5",NA,0,0,247.4062,1168.4967,41.8388,53.6751,1.274,0,0,0,35.8984,NA,0,1.1599,2.5961,0,0,0.878,NA,1.5611,NA,0,0,0,NA,0,0,0,NA,NA,0,0.0227,0,NA,0,0,0,0.8778,0,"E: Uncertainty",NA,NA,NA,NA,NA,NA,NA,NA,NA,NA,NA,"E: Uncertainty",NA,NA,NA,NA,NA,NA,"E: Uncertainty",NA,"E: Uncertainty",NA,NA,NA,"E: Uncertainty",NA,NA,NA,"E: Uncertainty","E: Uncertainty",NA,NA,NA,"E: Uncertainty",NA,NA,NA,NA,NA
"2023-04-11 12:00:00","PM10",NA,NA,0,261.0792,2936.9714,87.5102,195.3794,5.1125,0,NA,0,75.9694,0,0,2.3151,3.3781,0,0,0,0,4.8347,NA,0,0,0,9.4585,NA,NA,NA,NA,NA,0,0,0,0,0,0,0,NA,0,"E: Uncertainty","E: Uncertainty",NA,NA,NA,NA,NA,NA,NA,"E: Uncertainty",NA,NA,NA,NA,NA,NA,NA,NA,NA,NA,NA,"E: Uncertainty",NA,NA,NA,NA,"E: Uncertainty","E: Uncertainty","E: Uncertainty","E: Uncertainty","E: Uncertainty",NA,NA,NA,NA,NA,NA,NA,"E: Uncertainty",NA
"2023-04-11 13:00:00","PM2.5",NA,0,0,156.079,1140.057,43.4565,70.1771,1.4531,0,0,0,36.4808,0,0,1.1043,2.3257,0,0,0.4125,NA,2.4525,NA,0,0,0,13.4875,NA,0,0,0,0,NA,0,0,0,0,0,0,NA,0,"E: Uncertainty",NA,NA,NA,NA,NA,NA,NA,NA,NA,NA,NA,NA,NA,NA,NA,NA,NA,NA,"E: Uncertainty",NA,"E: Uncertainty",NA,NA,NA,NA,"E: Uncertainty",NA,NA,NA,NA,"E: Uncertainty",NA,NA,NA,NA,NA,NA,"E: Uncertainty",NA
"2023-04-11 14:00:00","PM10",0,0,0,134.6516,1193.8593,50.1943,94.43,2.5916,0,0,0,58.6174,0,NA,1.8422,3.6636,0,0,0,0,1.7746,NA,0,0,0,21.5926,NA,0,0,NA,NA,NA,NA,0,0,0,0,0,1.197,0,NA,NA,NA,NA,NA,NA,NA,NA,NA,NA,NA,NA,NA,"E: Uncertainty",NA,NA,NA,NA,NA,NA,NA,"E: Uncertainty",NA,NA,NA,NA,"E: Uncertainty",NA,NA,"E: Uncertainty","E: Uncertainty","E: Uncertainty","E: Uncertainty",NA,NA,NA,NA,NA,NA,NA
"2023-04-11 15:00:00","PM2.5",0,0,NA,41.5623,192.4964,15.4614,18.1263,NA,NA,0,0,17.9695,0,NA,0.7447,2.6976,0,0,0.9213,0.0044,0.6504,0,0,0,0,NA,0,0,0,NA,0,0,NA,0,0,0,0,0,0,0,NA,NA,"E: Uncertainty",NA,NA,NA,NA,"E: Uncertainty","E: Uncertainty",NA,NA,NA,NA,"E: Uncertainty",NA,NA,NA,NA,NA,NA,NA,NA,NA,NA,NA,"E: Uncertainty",NA,NA,NA,"E: Uncertainty",NA,NA,"E: Uncertainty",NA,NA,NA,NA,NA,NA,NA
"2023-04-11 16:00:00","PM10",NA,0,0,44.6258,253.7982,16.5354,50.8046,NA,0,NA,0,30.8952,0,0,0.7599,1.7109,0,0,NA,0,NA,NA,0,0,0,12.0878,NA,NA,0,NA,0,NA,NA,0,0,NA,0,0,0,0,"E: Uncertainty",NA,NA,NA,NA,NA,NA,"E: Uncertainty",NA,"E: Uncertainty",NA,NA,NA,NA,NA,NA,NA,NA,"E: Uncertainty",NA,"E: Uncertainty","E: Uncertainty",NA,NA,NA,NA,"E: Uncertainty","E: Uncertainty",NA,"E: Uncertainty",NA,"E: Uncertainty","E: Uncertainty",NA,NA,"E: Uncertainty",NA,NA,NA,NA
"2023-04-11 17:00:00","PM2.5",0,0,0,41.0172,109.7686,14.7127,26.9236,NA,NA,0,0,14.7196,NA,NA,0.5743,1.111,0,0,0,0,NA,NA,0,0,0,13.9616,NA,NA,0,NA,0,0,0,0,0,0,0,0,0,0,NA,NA,NA,NA,NA,NA,NA,"E: Uncertainty","E: Uncertainty",NA,NA,NA,"E: Uncertainty","E: Uncertainty",NA,NA,NA,NA,NA,NA,"E: Uncertainty","E: Uncertainty",NA,NA,NA,NA,"E: Uncertainty","E: Uncertainty",NA,"E: Uncertainty",NA,NA,NA,NA,NA,NA,NA,NA,NA,NA
"2023-04-11 18:00:00","PM10",NA,0,0,43.6533,128.8828,21.118,52.7808,NA,0,0,0,19.4375,NA,NA,0.9959,1.9074,0,0,0,0,0.8483,0,0,0,0,NA,NA,NA,0,0,NA,NA,0,0,0,0,0,0,0,0,"E: Uncertainty",NA,NA,NA,NA,NA,NA,"E: Uncertainty",NA,NA,NA,NA,"E: Uncertainty","E: Uncertainty",NA,NA,NA,NA,NA,NA,NA,NA,NA,NA,NA,"E: Uncertainty","E: Uncertainty","E: Uncertainty",NA,NA,"E: Uncertainty","E: Uncertainty",NA,NA,NA,NA,NA,NA,NA,NA
"2023-04-11 19:00:00","PM2.5",NA,0,0,30.9529,96.2249,13.9611,5.6255,NA,0,0,0,7.836,0,0,NA,2.2297,0,0,NA,NA,NA,NA,0,0,0,18.4586,0,0,0,NA,NA,NA,0,0,0,0,0,0,0,0,"E: Uncertainty",NA,NA,NA,NA,NA,NA,"E: Uncertainty",NA,NA,NA,NA,NA,NA,"E: Uncertainty",NA,NA,NA,"E: Uncertainty","E: Uncertainty","E: Uncertainty","E: Uncertainty",NA,NA,NA,NA,NA,NA,NA,"E: Uncertainty","E: Uncertainty","E: Uncertainty",NA,NA,NA,NA,NA,NA,NA,NA
"2023-04-11 20:00:00","PM10",NA,0,0,184.2197,3281.945,81.6965,90.7018,1.6004,0,0,NA,29.3729,NA,0,0.7389,1.4335,0,0,0,NA,5.1208,1.6406,0,0,0,14.3728,NA,NA,0,NA,0,0,0,0,0,0,0,0,0.7798,0,"E: Uncertainty",NA,NA,NA,NA,NA,NA,NA,NA,NA,"E: Uncertainty",NA,"E: Uncertainty",NA,NA,NA,NA,NA,NA,"E: Uncertainty",NA,NA,NA,NA,NA,NA,"E: Uncertainty","E: Uncertainty",NA,"E: Uncertainty",NA,NA,NA,NA,NA,NA,NA,NA,NA,NA
"2023-04-11 21:00:00","PM2.5",NA,0,0,128.2612,1778.3972,53.8509,47.7886,NA,0,NA,0,14.5263,0,NA,NA,1.0746,0,0,0,0,2.1214,NA,0,0,0,8.6611,NA,0,0,NA,NA,NA,NA,0,0,0,0,0,NA,0,"E: Uncertainty",NA,NA,NA,NA,NA,NA,"E: Uncertainty",NA,"E: Uncertainty",NA,NA,NA,"E: Uncertainty","E: Uncertainty",NA,NA,NA,NA,NA,NA,"E: Uncertainty",NA,NA,NA,NA,"E: Uncertainty",NA,NA,"E: Uncertainty","E: Uncertainty","E: Uncertainty","E: Uncertainty",NA,NA,NA,NA,NA,"E: Uncertainty",NA
"2023-04-11 22:00:00","PM10",NA,0,0,248.4321,4333.7779,104.6472,117.6162,1.1118,0,NA,NA,69.5292,0,NA,1.7674,1.5456,0,0,0,0,7.4287,1.7254,0,0,0,NA,NA,NA,0,0,0,0,0,0,0,0,0,0,NA,0,"E: Uncertainty",NA,NA,NA,NA,NA,NA,NA,NA,"E: Uncertainty","E: Uncertainty",NA,NA,"E: Uncertainty",NA,NA,NA,NA,NA,NA,NA,NA,NA,NA,NA,"E: Uncertainty","E: Uncertainty","E: Uncertainty",NA,NA,NA,NA,NA,NA,NA,NA,NA,NA,"E: Uncertainty",NA
"2023-04-11 23:00:00","PM2.5",NA,0,0,115.1301,1559.803,33.0617,44.5642,0,NA,0,0.0011,9.2391,NA,NA,1.0687,1.1118,NA,0,0,0,2.1747,NA,0,0,0,NA,NA,NA,0,NA,NA,NA,NA,0,NA,0,0,0,NA,0,"E: Uncertainty",NA,NA,NA,NA,NA,NA,NA,"E: Uncertainty",NA,NA,NA,"E: Uncertainty","E: Uncertainty",NA,NA,"E: Uncertainty",NA,NA,NA,NA,"E: Uncertainty",NA,NA,NA,"E: Uncertainty","E: Uncertainty","E: Uncertainty",NA,"E: Uncertainty","E: Uncertainty","E: Uncertainty","E: Uncertainty",NA,"E: Uncertainty",NA,NA,NA,"E: Uncertainty",NA
"2023-04-12 00:30:00","PM10",NA,0,0,NA,409.2228,13.7022,19.3019,0,NA,0,0,11.2608,NA,NA,NA,0.9392,0,0,0,0,NA,NA,0,0,0,37.2324,0,0,0,NA,NA,NA,0,0,0,0,0,0,0,0,"E: Uncertainty",NA,NA,"E: Uncertainty",NA,NA,NA,NA,"E: Uncertainty",NA,NA,NA,"E: Uncertainty","E: Uncertainty","E: Uncertainty",NA,NA,NA,NA,NA,"E: Uncertainty","E: Uncertainty",NA,NA,NA,NA,NA,NA,NA,"E: Uncertainty","E: Uncertainty","E: Uncertainty",NA,NA,NA,NA,NA,NA,NA,NA
"2023-04-12 01:00:00","PM2.5",NA,0,0,18.323,183.028,9.1361,8.6517,0,NA,0,0,3.4581,NA,NA,NA,0.9357,NA,0,0,0,NA,NA,0,0,0,15.0977,0,NA,0,NA,NA,NA,0,0,0,0,NA,0,0,0,"E: Uncertainty",NA,NA,NA,NA,NA,NA,NA,"E: Uncertainty",NA,NA,NA,"E: Uncertainty","E: Uncertainty","E: Uncertainty",NA,"E: Uncertainty",NA,NA,NA,"E: Uncertainty","E: Uncertainty",NA,NA,NA,NA,NA,"E: Uncertainty",NA,"E: Uncertainty","E: Uncertainty","E: Uncertainty",NA,NA,NA,NA,"E: Uncertainty",NA,NA,NA
"2023-04-12 02:00:00","PM10",NA,0,0,89.3488,1193.2153,37.318,34.0971,NA,0,0,0,10.4949,0,0,NA,1.7003,0,0,0,0,1.9847,NA,0,0,0,12.6977,NA,NA,0,NA,NA,NA,0,NA,0,0,0,0,NA,0,"E: Uncertainty",NA,NA,NA,NA,NA,NA,"E: Uncertainty",NA,NA,NA,NA,NA,NA,"E: Uncertainty",NA,NA,NA,NA,NA,NA,"E: Uncertainty",NA,NA,NA,NA,"E: Uncertainty","E: Uncertainty",NA,"E: Uncertainty","E: Uncertainty","E: Uncertainty",NA,"E: Uncertainty",NA,NA,NA,NA,"E: Uncertainty",NA
"2023-04-12 03:00:00","PM2.5",898.5964,0,0,83.5686,853.1681,31.9723,23.5021,NA,0,NA,0,8.6887,0,NA,NA,0.9989,0,0,0,NA,NA,NA,0,0,0,NA,0,NA,0,NA,NA,NA,0,0,0,0,NA,0,0.8456,0,NA,NA,NA,NA,NA,NA,NA,"E: Uncertainty",NA,"E: Uncertainty",NA,NA,NA,"E: Uncertainty","E: Uncertainty",NA,NA,NA,NA,"E: Uncertainty","E: Uncertainty","E: Uncertainty",NA,NA,NA,"E: Uncertainty",NA,"E: Uncertainty",NA,"E: Uncertainty","E: Uncertainty","E: Uncertainty",NA,NA,NA,NA,"E: Uncertainty",NA,NA,NA
"2023-04-12 04:00:00","PM10",NA,0,0,126.4793,1801.2574,59.8686,54.3202,0,NA,0,0,24.6121,NA,0,0.6349,1.4587,0,0,0,0,1.7948,NA,0,0,0,0,NA,NA,0,0,0,NA,NA,0,0,0,0,0,NA,0,"E: Uncertainty",NA,NA,NA,NA,NA,NA,NA,"E: Uncertainty",NA,NA,NA,"E: Uncertainty",NA,NA,NA,NA,NA,NA,NA,NA,"E: Uncertainty",NA,NA,NA,NA,"E: Uncertainty","E: Uncertainty",NA,NA,NA,"E: Uncertainty","E: Uncertainty",NA,NA,NA,NA,NA,"E: Uncertainty",NA
"2023-04-12 05:00:00","PM2.5",629.1215,0,NA,50.1829,443.9596,29.7781,12.1539,0,NA,0,0,16.0367,0,0,0.662,2.1871,0,0,0,0,0.5644,0,0,0,0,NA,NA,0,0,0,0,NA,0,NA,0,0,0,0,NA,0,NA,NA,"E: Uncertainty",NA,NA,NA,NA,NA,"E: Uncertainty",NA,NA,NA,NA,NA,NA,NA,NA,NA,NA,NA,NA,NA,NA,NA,NA,"E: Uncertainty","E: Uncertainty",NA,NA,NA,NA,"E: Uncertainty",NA,"E: Uncertainty",NA,NA,NA,NA,"E: Uncertainty",NA
"2023-04-12 06:00:00","PM10",NA,0,0,104.4347,948.4062,41.3574,42.8325,0,NA,NA,0,55.2833,NA,NA,1.8223,3.0579,0,0,0,0,1.0682,NA,0,0,0,NA,NA,0.0406,0,0,0,0,NA,0,0,0,0,0,NA,0,"E: Uncertainty",NA,NA,NA,NA,NA,NA,NA,"E: Uncertainty","E: Uncertainty",NA,NA,"E: Uncertainty","E: Uncertainty",NA,NA,NA,NA,NA,NA,NA,"E: Uncertainty",NA,NA,NA,"E: Uncertainty","E: Uncertainty",NA,NA,NA,NA,NA,"E: Uncertainty",NA,NA,NA,NA,NA,"E: Uncertainty",NA
"2023-04-12 07:00:00","PM2.5",0,0,0,78.4004,613.1932,27.9746,27.6494,NA,0,0,1e-04,24.7161,0,NA,0.9097,1.6684,0,0,0,0,NA,0,NA,0,0,NA,0,NA,0,NA,NA,NA,0,0,0,0,0,0,6e-04,0,NA,NA,NA,NA,NA,NA,NA,"E: Uncertainty",NA,NA,NA,NA,NA,"E: Uncertainty",NA,NA,NA,NA,NA,NA,"E: Uncertainty",NA,"E: Uncertainty",NA,NA,"E: Uncertainty",NA,"E: Uncertainty",NA,"E: Uncertainty","E: Uncertainty","E: Uncertainty",NA,NA,NA,NA,NA,NA,NA,NA
"2023-04-12 08:00:00","PM10",NA,0.0295,0,129.4593,1586.1337,47.3121,100.1107,2.4964,NA,0,NA,51.7204,0,NA,1.503,2.9611,NA,0,0,0,2.4371,NA,0,0,0,NA,NA,NA,0,NA,0,0,0,0,0,0,0,0,NA,0,"E: Uncertainty",NA,NA,NA,NA,NA,NA,NA,"E: Uncertainty",NA,"E: Uncertainty",NA,NA,"E: Uncertainty",NA,NA,"E: Uncertainty",NA,NA,NA,NA,"E: Uncertainty",NA,NA,NA,"E: Uncertainty","E: Uncertainty","E: Uncertainty",NA,"E: Uncertainty",NA,NA,NA,NA,NA,NA,NA,NA,"E: Uncertainty",NA
"2023-04-12 09:00:00","PM2.5",NA,NA,NA,NA,NA,NA,NA,NA,NA,NA,NA,NA,NA,NA,NA,NA,NA,NA,NA,NA,NA,NA,NA,NA,NA,NA,NA,NA,NA,NA,NA,NA,NA,NA,NA,NA,NA,NA,NA,NA,"E: Uncertainty","E: Erroneous Data","E: Erroneous Data","E: Erroneous Data","E: Erroneous Data","E: Erroneous Data","E: Erroneous Data","E: Uncertainty","E: Erroneous Data","E: Erroneous Data","E: Erroneous Data","E: Erroneous Data","E: Uncertainty","E: Erroneous Data","E: Uncertainty","E: Erroneous Data","E: Erroneous Data","E: Erroneous Data","E: Erroneous Data","E: Erroneous Data","E: Erroneous Data","E: Uncertainty","E: Erroneous Data","E: Erroneous Data","E: Erroneous Data","E: Uncertainty","E: Uncertainty","E: Uncertainty","E: Erroneous Data","E: Erroneous Data","E: Erroneous Data","E: Uncertainty","E: Erroneous Data","E: Erroneous Data","E: Erroneous Data","E: Erroneous Data","E: Erroneous Data","E: Erroneous Data","E: Uncertainty","E: Erroneous Data"
"2023-04-12 10:00:00","PM10",NA,NA,NA,NA,NA,NA,NA,NA,NA,NA,NA,NA,NA,NA,NA,NA,NA,NA,NA,NA,NA,NA,NA,NA,NA,NA,NA,NA,NA,NA,NA,NA,NA,NA,NA,NA,NA,NA,NA,NA,"E: Erroneous Data","E: Uncertainty","E: Erroneous Data","E: Erroneous Data","E: Erroneous Data","E: Erroneous Data","E: Erroneous Data","E: Erroneous Data","E: Erroneous Data","E: Erroneous Data","E: Uncertainty","E: Erroneous Data","E: Erroneous Data","E: Erroneous Data","E: Erroneous Data","E: Erroneous Data","E: Erroneous Data","E: Erroneous Data","E: Uncertainty","E: Uncertainty","E: Erroneous Data","E: Uncertainty","E: Erroneous Data","E: Erroneous Data","E: Erroneous Data","E: Erroneous Data","E: Uncertainty","E: Erroneous Data","E: Erroneous Data","E: Uncertainty","E: Uncertainty","E: Erroneous Data","E: Erroneous Data","E: Erroneous Data","E: Erroneous Data","E: Erroneous Data","E: Erroneous Data","E: Erroneous Data","E: Uncertainty","E: Erroneous Data"
"2023-04-12 11:00:00","PM2.5",NA,NA,NA,NA,NA,NA,NA,NA,NA,NA,NA,NA,NA,NA,NA,NA,NA,NA,NA,NA,NA,NA,NA,NA,NA,NA,NA,NA,NA,NA,NA,NA,NA,NA,NA,NA,NA,NA,NA,NA,"E: Uncertainty","E: Erroneous Data","E: Erroneous Data","E: Erroneous Data","E: Erroneous Data","E: Erroneous Data","E: Erroneous Data","E: Uncertainty","E: Erroneous Data","E: Erroneous Data","E: Erroneous Data","E: Erroneous Data","E: Erroneous Data","E: Uncertainty","E: Erroneous Data","E: Erroneous Data","E: Erroneous Data","E: Erroneous Data","E: Erroneous Data","E: Uncertainty","E: Erroneous Data","E: Uncertainty","E: Erroneous Data","E: Erroneous Data","E: Uncertainty","E: Erroneous Data","E: Erroneous Data","E: Uncertainty","E: Erroneous Data","E: Uncertainty","E: Uncertainty","E: Uncertainty","E: Erroneous Data","E: Erroneous Data","E: Uncertainty","E: Erroneous Data","E: Erroneous Data","E: Erroneous Data","E: Erroneous Data","E: Erroneous Data"
"2023-04-12 12:00:00","PM10",NA,0,0,129.5025,2044.3204,54.6576,84.9815,1.1785,0,0,NA,32.856,0,0,1.2278,3.4633,0,0,0,0,2.5571,NA,0,0,0,16.4396,0,0,0,0,NA,NA,NA,0,0,0,0,0,0.7239,0,"E: Uncertainty",NA,NA,NA,NA,NA,NA,NA,NA,NA,"E: Uncertainty",NA,NA,NA,NA,NA,NA,NA,NA,NA,NA,"E: Uncertainty",NA,NA,NA,NA,NA,NA,NA,NA,"E: Uncertainty","E: Uncertainty","E: Uncertainty",NA,NA,NA,NA,NA,NA,NA
"2023-04-12 13:00:00","PM2.5",NA,0,0,36.0966,374.4306,16.9666,17.7671,NA,0,NA,0,15.53,0,NA,1.0725,1.6686,0,0,0,0,0.7048,NA,0,0,0,12.5313,NA,NA,0,0,NA,NA,0,0,0,0,NA,0,NA,0,"E: Uncertainty",NA,NA,NA,NA,NA,NA,"E: Uncertainty",NA,"E: Uncertainty",NA,NA,NA,"E: Uncertainty",NA,NA,NA,NA,NA,NA,NA,"E: Uncertainty",NA,NA,NA,NA,"E: Uncertainty","E: Uncertainty",NA,NA,"E: Uncertainty","E: Uncertainty",NA,NA,NA,NA,"E: Uncertainty",NA,"E: Uncertainty",NA
"2023-04-12 14:00:00","PM10",NA,0,0,94.6513,1085.3134,42.1513,73.9379,1.4442,0,NA,NA,60.9459,0,NA,2.8399,3.9223,0,0,NA,0,1.2736,NA,0,0,0,NA,NA,0,0,0,NA,NA,0,0,NA,0,0,0,0,0,"E: Uncertainty",NA,NA,NA,NA,NA,NA,NA,NA,"E: Uncertainty","E: Uncertainty",NA,NA,"E: Uncertainty",NA,NA,NA,NA,"E: Uncertainty",NA,NA,"E: Uncertainty",NA,NA,NA,"E: Uncertainty","E: Uncertainty",NA,NA,NA,"E: Uncertainty","E: Uncertainty",NA,NA,"E: Uncertainty",NA,NA,NA,NA,NA
"2023-04-12 15:00:00","PM2.5",0,0,0,57.4459,248.2514,8.3561,13.6412,NA,0,0,0,26.3999,0,0,1.9984,1.3889,0,0,NA,0,0.718,NA,0,0,0,16.2413,NA,0,NA,NA,NA,NA,NA,0,0,0,0,0,0,0,NA,NA,NA,NA,NA,NA,NA,"E: Uncertainty",NA,NA,NA,NA,NA,NA,NA,NA,NA,NA,"E: Uncertainty",NA,NA,"E: Uncertainty",NA,NA,NA,NA,"E: Uncertainty",NA,"E: Uncertainty","E: Uncertainty","E: Uncertainty","E: Uncertainty","E: Uncertainty",NA,NA,NA,NA,NA,NA,NA
"2023-04-12 16:00:00","PM10",NA,0,0,79.8726,642.1834,10.4289,32.11,NA,0,0,0,83.7697,NA,0,5.9368,1.5923,0,0,0,NA,1.3435,NA,0,0,0,15.3893,NA,NA,0,NA,0,NA,NA,0,0,0,0,0,0,0,"E: Uncertainty",NA,NA,NA,NA,NA,NA,"E: Uncertainty",NA,NA,NA,NA,"E: Uncertainty",NA,NA,NA,NA,NA,NA,"E: Uncertainty",NA,"E: Uncertainty",NA,NA,NA,NA,"E: Uncertainty","E: Uncertainty",NA,"E: Uncertainty",NA,"E: Uncertainty","E: Uncertainty",NA,NA,NA,NA,NA,NA,NA
"2023-04-12 17:00:00","PM2.5",NA,0,0,49.2433,264.6285,3.2687,13.5049,NA,0,0,0,37.0732,NA,0,1.9009,1.807,0,0,0,0,NA,NA,0,0,0,15.0984,NA,0,0,NA,NA,0,NA,0,NA,0,0,0,0,0,"E: Uncertainty",NA,NA,NA,NA,NA,NA,"E: Uncertainty",NA,NA,NA,NA,"E: Uncertainty",NA,NA,NA,NA,NA,NA,NA,"E: Uncertainty","E: Uncertainty",NA,NA,NA,NA,"E: Uncertainty",NA,NA,"E: Uncertainty","E: Uncertainty",NA,"E: Uncertainty",NA,"E: Uncertainty",NA,NA,NA,NA,NA
"2023-04-12 18:00:00","PM10",NA,0,0,65.6505,675.0934,16.2256,58.8777,3.4592,0,0,NA,126.7396,NA,0,10.0364,3.2528,0,0,0,0,1.5909,NA,0,0,0,20.8272,0,NA,0,0,NA,NA,NA,0,0,0,0,0,0,0,"E: Uncertainty",NA,NA,NA,NA,NA,NA,NA,NA,NA,"E: Uncertainty",NA,"E: Uncertainty",NA,NA,NA,NA,NA,NA,NA,NA,"E: Uncertainty",NA,NA,NA,NA,NA,"E: Uncertainty",NA,NA,"E: Uncertainty","E: Uncertainty","E: Uncertainty",NA,NA,NA,NA,NA,NA,NA
"2023-04-12 19:00:00","PM2.5",0,0,0,41.9969,177.1269,3.6107,8.6204,0,0,0,0,52.6019,NA,0,3.9886,2.3217,0,0,0,0,NA,NA,0,0,0,14.9211,0.0533,NA,0,NA,NA,NA,0,0,NA,0,NA,0,NA,0,NA,NA,NA,NA,NA,NA,NA,NA,NA,NA,NA,NA,"E: Uncertainty",NA,NA,NA,NA,NA,NA,NA,"E: Uncertainty","E: Uncertainty",NA,NA,NA,NA,NA,"E: Uncertainty",NA,"E: Uncertainty","E: Uncertainty","E: Uncertainty",NA,NA,"E: Uncertainty",NA,"E: Uncertainty",NA,"E: Uncertainty",NA
"2023-04-12 20:00:00","PM10",NA,0,0,48.97,360.1007,14.4058,21.4802,0,NA,0,0,84.554,NA,0,4.3431,6.1889,0,0,0.8218,0,1.3112,NA,0,0,0,24.6198,0,0,0,0,NA,NA,NA,0,0,0,NA,0,0.9216,0,"E: Uncertainty",NA,NA,NA,NA,NA,NA,NA,"E: Uncertainty",NA,NA,NA,"E: Uncertainty",NA,NA,NA,NA,NA,NA,NA,NA,"E: Uncertainty",NA,NA,NA,NA,NA,NA,NA,NA,"E: Uncertainty","E: Uncertainty","E: Uncertainty",NA,NA,NA,"E: Uncertainty",NA,NA,NA
"2023-04-12 21:00:00","PM2.5",NA,NA,NA,NA,NA,NA,NA,NA,NA,NA,NA,NA,NA,NA,NA,NA,NA,NA,NA,NA,NA,NA,NA,NA,NA,NA,NA,NA,NA,NA,NA,NA,NA,NA,NA,NA,NA,NA,NA,NA,"E: Uncertainty","E: Erroneous Data","E: Erroneous Data","E: Erroneous Data","E: Erroneous Data","E: Erroneous Data","E: Erroneous Data","E: Erroneous Data","E: Erroneous Data","E: Erroneous Data","E: Erroneous Data","E: Erroneous Data","E: Uncertainty","E: Uncertainty","E: Erroneous Data","E: Erroneous Data","E: Erroneous Data","E: Erroneous Data","E: Erroneous Data","E: Uncertainty","E: Erroneous Data","E: Uncertainty","E: Erroneous Data","E: Erroneous Data","E: Erroneous Data","E: Erroneous Data","E: Erroneous Data","E: Erroneous Data","E: Erroneous Data","E: Uncertainty","E: Uncertainty","E: Uncertainty","E: Uncertainty","E: Erroneous Data","E: Erroneous Data","E: Erroneous Data","E: Erroneous Data","E: Erroneous Data","E: Erroneous Data","E: Erroneous Data"
"2023-04-12 22:00:00","PM10",NA,NA,NA,NA,NA,NA,NA,NA,NA,NA,NA,NA,NA,NA,NA,NA,NA,NA,NA,NA,NA,NA,NA,NA,NA,NA,NA,NA,NA,NA,NA,NA,NA,NA,NA,NA,NA,NA,NA,NA,"E: Erroneous Data","E: Erroneous Data","E: Erroneous Data","E: Erroneous Data","E: Erroneous Data","E: Erroneous Data","E: Erroneous Data","E: Uncertainty","E: Erroneous Data","E: Erroneous Data","E: Erroneous Data","E: Erroneous Data","E: Erroneous Data","E: Erroneous Data","E: Erroneous Data","E: Erroneous Data","E: Erroneous Data","E: Erroneous Data","E: Erroneous Data","E: Erroneous Data","E: Erroneous Data","E: Uncertainty","E: Erroneous Data","E: Erroneous Data","E: Erroneous Data","E: Erroneous Data","E: Erroneous Data","E: Erroneous Data","E: Erroneous Data","E: Erroneous Data","E: Uncertainty","E: Uncertainty","E: Uncertainty","E: Erroneous Data","E: Erroneous Data","E: Erroneous Data","E: Erroneous Data","E: Erroneous Data","E: Erroneous Data","E: Erroneous Data"
"2023-04-12 23:00:00","PM2.5",NA,NA,NA,NA,NA,NA,NA,NA,NA,NA,NA,NA,NA,NA,NA,NA,NA,NA,NA,NA,NA,NA,NA,NA,NA,NA,NA,NA,NA,NA,NA,NA,NA,NA,NA,NA,NA,NA,NA,NA,"E: Uncertainty","E: Erroneous Data","E: Erroneous Data","E: Erroneous Data","E: Erroneous Data","E: Erroneous Data","E: Erroneous Data","E: Uncertainty","E: Erroneous Data","E: Erroneous Data","E: Erroneous Data","E: Erroneous Data","E: Uncertainty","E: Uncertainty","E: Uncertainty","E: Erroneous Data","E: Erroneous Data","E: Erroneous Data","E: Erroneous Data","E: Uncertainty","E: Uncertainty","E: Uncertainty","E: Erroneous Data","E: Erroneous Data","E: Erroneous Data","E: Uncertainty","E: Uncertainty","E: Uncertainty","E: Erroneous Data","E: Uncertainty","E: Uncertainty","E: Uncertainty","E: Uncertainty","E: Erroneous Data","E: Erroneous Data","E: Erroneous Data","E: Erroneous Data","E: Erroneous Data","E: Erroneous Data","E: Erroneous Data"
"2023-04-13 00:30:00","PM10",1286.1881,0,0.0914,194.4467,2608.9234,55.2429,69.4398,NA,0,0,0,8.8355,0,0,NA,1.2732,0,0,0,0,2.9894,NA,0,0,0,19.4182,NA,NA,0,NA,0,NA,NA,0,0,0,0,0,0,0,NA,NA,NA,NA,NA,NA,NA,"E: Uncertainty",NA,NA,NA,NA,NA,NA,"E: Uncertainty",NA,NA,NA,NA,NA,NA,"E: Uncertainty",NA,NA,NA,NA,"E: Uncertainty","E: Uncertainty",NA,"E: Uncertainty",NA,"E: Uncertainty","E: Uncertainty",NA,NA,NA,NA,NA,NA,NA
"2023-04-13 01:00:00","PM2.5",0,0,0,155.8872,1661.5862,38.5874,42.2088,0,0,0,0,4.9851,0.0136,NA,NA,1.3043,0,0,0,0,2.647,NA,NA,0,0,NA,0,NA,0,0,NA,NA,0,NA,0,0,0,0,0,0,NA,NA,NA,NA,NA,NA,NA,NA,NA,NA,NA,NA,NA,"E: Uncertainty","E: Uncertainty",NA,NA,NA,NA,NA,NA,"E: Uncertainty","E: Uncertainty",NA,NA,"E: Uncertainty",NA,"E: Uncertainty",NA,NA,"E: Uncertainty","E: Uncertainty",NA,"E: Uncertainty",NA,NA,NA,NA,NA,NA
"2023-04-13 02:00:00","PM10",739.2684,0,0,245.5368,3468.911,71.5441,89.9182,0,0,0.0037,0,7.8095,NA,0,NA,3.4473,0,0,0,0,7.4295,1.5629,NA,0,0,13.1051,0,0,0,NA,0.1091,NA,0,0,0,0,0,0,NA,0,NA,NA,NA,NA,NA,NA,NA,NA,NA,NA,NA,NA,"E: Uncertainty",NA,"E: Uncertainty",NA,NA,NA,NA,NA,NA,NA,"E: Uncertainty",NA,NA,NA,NA,NA,NA,"E: Uncertainty",NA,"E: Uncertainty",NA,NA,NA,NA,NA,NA,"E: Uncertainty",NA
"2023-04-13 03:00:00","PM2.5",NA,0,0,138.5163,1456.2971,31.8798,36.7396,0,NA,0,0,4.8984,0,0,NA,1.8079,0,0,0,0,2.6003,NA,NA,0,0,0,NA,0,0,NA,NA,NA,NA,0,NA,0,0,0,NA,0,"E: Uncertainty",NA,NA,NA,NA,NA,NA,NA,"E: Uncertainty",NA,NA,NA,NA,NA,"E: Uncertainty",NA,NA,NA,NA,NA,NA,"E: Uncertainty","E: Uncertainty",NA,NA,NA,"E: Uncertainty",NA,NA,"E: Uncertainty","E: Uncertainty","E: Uncertainty","E: Uncertainty",NA,"E: Uncertainty",NA,NA,NA,"E: Uncertainty",NA
"2023-04-13 04:00:00","PM10",NA,0,0,230.4497,3436.515,71.8935,85.2781,NA,0,0,0,20.7013,0,0,1.5977,0.9971,0,NA,0,0,6.364,1.9461,NA,0,0,0,NA,NA,0,0,0,NA,NA,0,0,0,0,0,0,0,"E: Uncertainty",NA,NA,NA,NA,NA,NA,"E: Uncertainty",NA,NA,NA,NA,NA,NA,NA,NA,NA,"E: Uncertainty",NA,NA,NA,NA,"E: Uncertainty",NA,NA,NA,"E: Uncertainty","E: Uncertainty",NA,NA,NA,"E: Uncertainty","E: Uncertainty",NA,NA,NA,NA,NA,NA,NA
"2023-04-13 05:00:00","PM2.5",NA,0,0,166.4883,1878.1688,40.2914,49.4219,0,0,0,0,33.7815,0,NA,2.7594,1.5394,0,0,0,0,3.1366,NA,NA,0.0016,0,NA,NA,NA,0,0,0,NA,NA,0,NA,0,0,0,NA,0,"E: Uncertainty",NA,NA,NA,NA,NA,NA,NA,NA,NA,NA,NA,NA,"E: Uncertainty",NA,NA,NA,NA,NA,NA,NA,"E: Uncertainty","E: Uncertainty",NA,NA,"E: Uncertainty","E: Uncertainty","E: Uncertainty",NA,NA,NA,"E: Uncertainty","E: Uncertainty",NA,"E: Uncertainty",NA,NA,NA,"E: Uncertainty",NA
"2023-04-13 06:00:00","PM10",0,0.3514,0,306.0316,4559.4599,96.4173,150.94,1.7795,0,8e-04,NA,111.2042,NA,NA,4.9202,4.074,0,0,0,NA,9.0434,1.6341,0,0,0,10.7495,NA,NA,0,NA,NA,NA,NA,0,0,0,0.0065,0,0,0,NA,NA,NA,NA,NA,NA,NA,NA,NA,NA,"E: Uncertainty",NA,"E: Uncertainty","E: Uncertainty",NA,NA,NA,NA,NA,"E: Uncertainty",NA,NA,NA,NA,NA,NA,"E: Uncertainty","E: Uncertainty",NA,"E: Uncertainty","E: Uncertainty","E: Uncertainty","E: Uncertainty",NA,NA,NA,NA,NA,NA,NA
"2023-04-13 07:00:00","PM2.5",0,0,0,181.3219,2099.4961,44.2075,80.7868,NA,0,0,0,60.2745,0,0,2.9855,3.127,0,0,0,0,3.1517,NA,0,0,0,15.7801,NA,NA,0,NA,NA,NA,NA,0,0,0,0,0,NA,0,NA,NA,NA,NA,NA,NA,NA,"E: Uncertainty",NA,NA,NA,NA,NA,NA,NA,NA,NA,NA,NA,NA,NA,"E: Uncertainty",NA,NA,NA,NA,"E: Uncertainty","E: Uncertainty",NA,"E: Uncertainty","E: Uncertainty","E: Uncertainty","E: Uncertainty",NA,NA,NA,NA,NA,"E: Uncertainty",NA
"2023-04-13 08:00:00","PM10",NA,NA,0,271.3265,3960.3841,83.8497,227.4838,3.8336,0,NA,0,99.4211,0,0,3.2032,3.0818,0,0,0,0,7.4749,1.5452,0,0,0,20.4276,NA,NA,0,NA,NA,NA,NA,0,0,0,0,0,0,0,"E: Uncertainty","E: Uncertainty",NA,NA,NA,NA,NA,NA,NA,"E: Uncertainty",NA,NA,NA,NA,NA,NA,NA,NA,NA,NA,NA,NA,NA,NA,NA,NA,"E: Uncertainty","E: Uncertainty",NA,"E: Uncertainty","E: Uncertainty","E: Uncertainty","E: Uncertainty",NA,NA,NA,NA,NA,NA,NA
"2023-04-13 09:00:00","PM2.5",NA,1.5751,0,151.5347,1695.4525,36.0345,78.395,NA,0,0,0,43.6414,NA,0,1.7414,3.1522,0,0,0,0,2.1083,NA,0,0,0,11.6167,0,NA,0,NA,NA,NA,NA,0,0,0,0,0,0,0,"E: Uncertainty",NA,NA,NA,NA,NA,NA,"E: Uncertainty",NA,NA,NA,NA,"E: Uncertainty",NA,NA,NA,NA,NA,NA,NA,NA,"E: Uncertainty",NA,NA,NA,NA,NA,"E: Uncertainty",NA,"E: Uncertainty","E: Uncertainty","E: Uncertainty","E: Uncertainty",NA,NA,NA,NA,NA,NA,NA
"2023-04-13 10:00:00","PM10",NA,NA,0,213.0979,2862.7836,62.9132,290.6132,7.3202,0,0,1.4605,105.6572,NA,0,2.9253,10.9885,0,0,0,NA,4.8074,NA,0,0,0,16.0236,NA,NA,0,0,NA,NA,NA,0,0,0,NA,0,0,0,"E: Uncertainty","E: Uncertainty",NA,NA,NA,NA,NA,NA,NA,NA,NA,NA,"E: Uncertainty",NA,NA,NA,NA,NA,NA,"E: Uncertainty",NA,"E: Uncertainty",NA,NA,NA,NA,"E: Uncertainty","E: Uncertainty",NA,NA,"E: Uncertainty","E: Uncertainty","E: Uncertainty",NA,NA,NA,"E: Uncertainty",NA,NA,NA
"2023-04-13 11:00:00","PM2.5",0,0,0,117.1488,1241.64,26.5682,104.9275,1.8874,NA,0,0,51.0398,0,0,2.6162,3.8029,0,0,0.6629,0,1.7709,NA,0,0,0,17.8134,0,0,0,0,NA,0,NA,0,0,0,0,0,0.8673,0,NA,NA,NA,NA,NA,NA,NA,NA,"E: Uncertainty",NA,NA,NA,NA,NA,NA,NA,NA,NA,NA,NA,NA,"E: Uncertainty",NA,NA,NA,NA,NA,NA,NA,NA,"E: Uncertainty",NA,"E: Uncertainty",NA,NA,NA,NA,NA,NA,NA
"2023-04-13 12:00:00","PM10",NA,417.4429,0,178.4433,2328.324,71.8698,426.0595,8.5002,0,0.0073,1.2583,141.9637,NA,NA,4.545,4.6077,0,0,NA,NA,3.6076,1.8339,0,0,0,NA,NA,NA,0,0,NA,0.0577,3.2061,0,0,0,0,0,NA,0,"E: Uncertainty",NA,NA,NA,NA,NA,NA,NA,NA,NA,NA,NA,"E: Uncertainty","E: Uncertainty",NA,NA,NA,NA,"E: Uncertainty","E: Uncertainty",NA,NA,NA,NA,NA,"E: Uncertainty","E: Uncertainty","E: Uncertainty",NA,NA,"E: Uncertainty",NA,NA,NA,NA,NA,NA,NA,"E: Uncertainty",NA
"2023-04-13 13:00:00","PM2.5",NA,NA,0,85.9682,958.1658,20.0093,87.3815,1.5582,0,0,0,51.972,0,0,2.0043,3.2131,0,0,NA,0,1.5097,NA,0,0,0,17.6502,0,0,0,NA,NA,NA,NA,0,0,0,0,0,0,0,"E: Uncertainty","E: Uncertainty",NA,NA,NA,NA,NA,NA,NA,NA,NA,NA,NA,NA,NA,NA,NA,NA,"E: Uncertainty",NA,NA,"E: Uncertainty",NA,NA,NA,NA,NA,NA,NA,"E: Uncertainty","E: Uncertainty","E: Uncertainty","E: Uncertainty",NA,NA,NA,NA,NA,NA,NA
"2023-04-13 14:00:00","PM10",0,NA,0,160.9062,1899.9831,53.1218,277.3801,6.8337,0,NA,0.7501,131.8329,0.9826,0,4.4935,7.1273,0,0,0.9875,0,3.0842,1.5928,0,0,0,14.7248,0,NA,0,NA,NA,0,NA,0,0,0,0.0023,0,0,0,NA,"E: Uncertainty",NA,NA,NA,NA,NA,NA,NA,"E: Uncertainty",NA,NA,NA,NA,NA,NA,NA,NA,NA,NA,NA,NA,NA,NA,NA,NA,NA,"E: Uncertainty",NA,"E: Uncertainty","E: Uncertainty",NA,"E: Uncertainty",NA,NA,NA,NA,NA,NA,NA
"2023-04-13 15:00:00","PM2.5",NA,0,0,88.9363,928.8716,19.3814,49.118,1.1591,NA,0,0,42.8287,0,NA,1.6939,2.6628,0,0,NA,0,1.3075,NA,0,0,0,20.5624,0,0,0,0,0,0,NA,0,0,0,0,0,0,0,"E: Uncertainty",NA,NA,NA,NA,NA,NA,NA,"E: Uncertainty",NA,NA,NA,NA,"E: Uncertainty",NA,NA,NA,NA,"E: Uncertainty",NA,NA,"E: Uncertainty",NA,NA,NA,NA,NA,NA,NA,NA,NA,NA,"E: Uncertainty",NA,NA,NA,NA,NA,NA,NA
"2023-04-13 16:00:00","PM10",NA,NA,0,146.9487,1596.2248,48.9327,135.0704,4.0108,0,NA,NA,163.1791,NA,0,6.3398,6.947,0,0,NA,0,4.4208,NA,0,0,0,17.4928,0,NA,0,0,NA,0,3.8057,0,0,0,0,0,NA,0,"E: Uncertainty","E: Uncertainty",NA,NA,NA,NA,NA,NA,NA,"E: Uncertainty","E: Uncertainty",NA,"E: Uncertainty",NA,NA,NA,NA,NA,"E: Uncertainty",NA,NA,"E: Uncertainty",NA,NA,NA,NA,NA,"E: Uncertainty",NA,NA,"E: Uncertainty",NA,NA,NA,NA,NA,NA,NA,"E: Uncertainty",NA
"2023-04-13 17:00:00","PM2.5",NA,0,0,99.6273,817.3462,12.6933,34.8891,NA,0,NA,0,51.1596,0,0,2.6553,2.4969,0,0,0,0,1.3231,NA,0,0,0,23.199,NA,0,0,NA,NA,NA,NA,0,0,0,0,0,0,0,"E: Uncertainty",NA,NA,NA,NA,NA,NA,"E: Uncertainty",NA,"E: Uncertainty",NA,NA,NA,NA,NA,NA,NA,NA,NA,NA,NA,"E: Uncertainty",NA,NA,NA,NA,"E: Uncertainty",NA,NA,"E: Uncertainty","E: Uncertainty","E: Uncertainty","E: Uncertainty",NA,NA,NA,NA,NA,NA,NA
"2023-04-13 18:00:00","PM10",NA,NA,0,146.4875,1595.0486,36.1051,108.4732,2.8218,0,NA,NA,158.8835,NA,0,10.5428,5.3576,0,0,0,NA,2.6851,NA,0,0,0,17.661,NA,0,0,NA,NA,NA,3.6901,0,0,0.0101,NA,0,0,0,"E: Uncertainty","E: Uncertainty",NA,NA,NA,NA,NA,NA,NA,"E: Uncertainty","E: Uncertainty",NA,"E: Uncertainty",NA,NA,NA,NA,NA,NA,"E: Uncertainty",NA,"E: Uncertainty",NA,NA,NA,NA,"E: Uncertainty",NA,NA,"E: Uncertainty","E: Uncertainty","E: Uncertainty",NA,NA,NA,NA,"E: Uncertainty",NA,NA,NA
"2023-04-13 19:00:00","PM2.5",NA,NA,NA,NA,NA,NA,NA,NA,NA,NA,NA,NA,NA,NA,NA,NA,NA,NA,NA,NA,NA,NA,NA,NA,NA,NA,NA,NA,NA,NA,NA,NA,NA,NA,NA,NA,NA,NA,NA,NA,"E: Erroneous Data","E: Erroneous Data","E: Erroneous Data","E: Erroneous Data","E: Erroneous Data","E: Erroneous Data","E: Erroneous Data","E: Erroneous Data","E: Erroneous Data","E: Erroneous Data","E: Uncertainty","E: Erroneous Data","E: Uncertainty","E: Erroneous Data","E: Erroneous Data","E: Erroneous Data","E: Erroneous Data","E: Erroneous Data","E: Uncertainty","E: Uncertainty","E: Erroneous Data","E: Uncertainty","E: Erroneous Data","E: Erroneous Data","E: Erroneous Data","E: Erroneous Data","E: Erroneous Data","E: Uncertainty","E: Erroneous Data","E: Uncertainty","E: Uncertainty","E: Uncertainty","E: Erroneous Data","E: Erroneous Data","E: Erroneous Data","E: Erroneous Data","E: Uncertainty","E: Erroneous Data","E: Uncertainty","E: Erroneous Data"
"2023-04-13 20:00:00","PM10",NA,NA,NA,NA,NA,NA,NA,NA,NA,NA,NA,NA,NA,NA,NA,NA,NA,NA,NA,NA,NA,NA,NA,NA,NA,NA,NA,NA,NA,NA,NA,NA,NA,NA,NA,NA,NA,NA,NA,NA,"E: Erroneous Data","E: Erroneous Data","E: Erroneous Data","E: Erroneous Data","E: Erroneous Data","E: Erroneous Data","E: Erroneous Data","E: Erroneous Data","E: Erroneous Data","E: Uncertainty","E: Erroneous Data","E: Erroneous Data","E: Erroneous Data","E: Erroneous Data","E: Erroneous Data","E: Erroneous Data","E: Erroneous Data","E: Erroneous Data","E: Erroneous Data","E: Uncertainty","E: Erroneous Data","E: Erroneous Data","E: Erroneous Data","E: Erroneous Data","E: Erroneous Data","E: Erroneous Data","E: Erroneous Data","E: Uncertainty","E: Erroneous Data","E: Uncertainty","E: Uncertainty","E: Erroneous Data","E: Erroneous Data","E: Erroneous Data","E: Erroneous Data","E: Erroneous Data","E: Erroneous Data","E: Erroneous Data","E: Uncertainty","E: Erroneous Data"
"2023-04-13 21:00:00","PM2.5",NA,NA,NA,NA,NA,NA,NA,NA,NA,NA,NA,NA,NA,NA,NA,NA,NA,NA,NA,NA,NA,NA,NA,NA,NA,NA,NA,NA,NA,NA,NA,NA,NA,NA,NA,NA,NA,NA,NA,NA,"E: Uncertainty","E: Erroneous Data","E: Erroneous Data","E: Erroneous Data","E: Erroneous Data","E: Erroneous Data","E: Erroneous Data","E: Erroneous Data","E: Erroneous Data","E: Uncertainty","E: Uncertainty","E: Erroneous Data","E: Uncertainty","E: Uncertainty","E: Erroneous Data","E: Erroneous Data","E: Erroneous Data","E: Erroneous Data","E: Erroneous Data","E: Uncertainty","E: Erroneous Data","E: Uncertainty","E: Erroneous Data","E: Erroneous Data","E: Erroneous Data","E: Erroneous Data","E: Uncertainty","E: Erroneous Data","E: Erroneous Data","E: Erroneous Data","E: Uncertainty","E: Erroneous Data","E: Erroneous Data","E: Erroneous Data","E: Erroneous Data","E: Erroneous Data","E: Erroneous Data","E: Erroneous Data","E: Erroneous Data","E: Erroneous Data"
"2023-04-13 22:00:00","PM10",NA,NA,0,183.7954,1575.1153,72.0177,149.7634,3.6801,0,NA,1.8972,350.5684,0,NA,8.5031,17.8813,0,0,1.1441,NA,2.9479,1.9673,0,0,0,NA,NA,NA,0,0,NA,NA,4.8621,0,0,0,0,0,1.8962,0,"E: Uncertainty","E: Uncertainty",NA,NA,NA,NA,NA,NA,NA,"E: Uncertainty",NA,NA,NA,"E: Uncertainty",NA,NA,NA,NA,NA,"E: Uncertainty",NA,NA,NA,NA,NA,"E: Uncertainty","E: Uncertainty","E: Uncertainty",NA,NA,"E: Uncertainty","E: Uncertainty",NA,NA,NA,NA,NA,NA,NA,NA
"2023-04-13 23:00:00","PM2.5",NA,0,NA,118.3332,497.8038,50.4976,36.4437,NA,0,0,NA,103.9607,0,0.8788,1.4699,9.2753,NA,0,0,0,1.0656,NA,0,NA,0,13.3745,NA,NA,NA,0,NA,NA,NA,0,0,0,NA,0,3.3005,0,"E: Uncertainty",NA,"E: Uncertainty",NA,NA,NA,NA,"E: Uncertainty",NA,NA,"E: Uncertainty",NA,NA,NA,NA,NA,"E: Uncertainty",NA,NA,NA,NA,"E: Uncertainty",NA,"E: Uncertainty",NA,NA,"E: Uncertainty","E: Uncertainty","E: Uncertainty",NA,"E: Uncertainty","E: Uncertainty","E: Uncertainty",NA,NA,NA,"E: Uncertainty",NA,NA,NA
"2023-04-14 00:30:00","PM10",NA,0,0,144.3161,1327.9403,77.9334,103.8832,NA,0,NA,5.6889,126.6163,NA,NA,1.4771,22.3668,0,0,0,0,2.2885,NA,0,0,0,18.3578,NA,0,0,0,0,NA,0,0,0,NA,0,0,5.5599,0,"E: Uncertainty",NA,NA,NA,NA,NA,NA,"E: Uncertainty",NA,"E: Uncertainty",NA,NA,"E: Uncertainty","E: Uncertainty",NA,NA,NA,NA,NA,NA,NA,"E: Uncertainty",NA,NA,NA,NA,"E: Uncertainty",NA,NA,NA,NA,"E: Uncertainty",NA,NA,NA,"E: Uncertainty",NA,NA,NA,NA
"2023-04-14 01:00:00","PM2.5",NA,0,0,117.1708,372.0016,64.2455,28.2193,NA,0,NA,4.104,64.7195,0,0.001,1.1725,16.044,0,0,0,0,1.0373,0,0,0,0,12.822,NA,NA,0,NA,NA,NA,0.0258,0,0,0,0,0,3.098,0,"E: Uncertainty",NA,NA,NA,NA,NA,NA,"E: Uncertainty",NA,"E: Uncertainty",NA,NA,NA,NA,NA,NA,NA,NA,NA,NA,NA,NA,NA,NA,NA,NA,"E: Uncertainty","E: Uncertainty",NA,"E: Uncertainty","E: Uncertainty","E: Uncertainty",NA,NA,NA,NA,NA,NA,NA,NA
"2023-04-14 02:00:00","PM10",NA,0,0,132.3014,1132.5527,77.0008,100.2724,1.9702,0,0,1.6851,83.0429,0,0,2.1064,11.6322,0,0,NA,NA,1.5734,NA,0,0,0,NA,NA,0,0,NA,0,0,NA,0,0,0,NA,0,2.261,0,"E: Uncertainty",NA,NA,NA,NA,NA,NA,NA,NA,NA,NA,NA,NA,NA,NA,NA,NA,NA,"E: Uncertainty","E: Uncertainty",NA,"E: Uncertainty",NA,NA,NA,"E: Uncertainty","E: Uncertainty",NA,NA,"E: Uncertainty",NA,NA,"E: Uncertainty",NA,NA,NA,"E: Uncertainty",NA,NA,NA
"2023-04-14 03:00:00","PM2.5",NA,0,0,82.7864,298.2504,40.9013,17.2436,NA,0,0,NA,40.25,0.0012,0,1.0151,7.8325,0,0,0,0.0031,0.5784,NA,0,0,0,16.6037,NA,NA,0,NA,NA,NA,0,0,0,0,0,0,2.6978,0,"E: Uncertainty",NA,NA,NA,NA,NA,NA,"E: Uncertainty",NA,NA,"E: Uncertainty",NA,NA,NA,NA,NA,NA,NA,NA,NA,NA,"E: Uncertainty",NA,NA,NA,NA,"E: Uncertainty","E: Uncertainty",NA,"E: Uncertainty","E: Uncertainty","E: Uncertainty",NA,NA,NA,NA,NA,NA,NA,NA
"2023-04-14 04:00:00","PM10",0,0,0,128.4132,1007.1235,56.2351,70.33,1.7047,0,0.9337,NA,84.7755,0,NA,2.3248,8.4965,0,0,0.587,0,0.8484,1.52,NA,0,0,NA,0,0,0,0,0,NA,NA,0,0,0,0,0,2.4128,0,NA,NA,NA,NA,NA,NA,NA,NA,NA,NA,"E: Uncertainty",NA,NA,"E: Uncertainty",NA,NA,NA,NA,NA,NA,NA,NA,"E: Uncertainty",NA,NA,"E: Uncertainty",NA,NA,NA,NA,NA,"E: Uncertainty","E: Uncertainty",NA,NA,NA,NA,NA,NA,NA
"2023-04-14 05:00:00","PM2.5",0,0,0,58.9777,215.313,29.3944,23.9375,NA,0,0,0,30.918,0,NA,0.8392,6.4968,0,0,0.3636,NA,0.7963,NA,NA,0,0,NA,NA,0,0,NA,NA,NA,NA,0,0,0,NA,0,1.437,0,NA,NA,NA,NA,NA,NA,NA,"E: Uncertainty",NA,NA,NA,NA,NA,"E: Uncertainty",NA,NA,NA,NA,NA,"E: Uncertainty",NA,"E: Uncertainty","E: Uncertainty",NA,NA,"E: Uncertainty","E: Uncertainty",NA,NA,"E: Uncertainty","E: Uncertainty","E: Uncertainty","E: Uncertainty",NA,NA,NA,"E: Uncertainty",NA,NA,NA
"2023-04-14 06:00:00","PM10",NA,0,0,96.7033,829.5078,45.6861,67.2558,1.5349,0,NA,NA,92.6915,0,0,2.9079,5.9759,0,0,0,NA,1.4108,NA,0,0,0,16.1513,0,NA,0,NA,NA,NA,0.0104,0,NA,0,0,0,1.6155,0,"E: Uncertainty",NA,NA,NA,NA,NA,NA,NA,NA,"E: Uncertainty","E: Uncertainty",NA,NA,NA,NA,NA,NA,NA,NA,"E: Uncertainty",NA,"E: Uncertainty",NA,NA,NA,NA,NA,"E: Uncertainty",NA,"E: Uncertainty","E: Uncertainty","E: Uncertainty",NA,NA,"E: Uncertainty",NA,NA,NA,NA,NA
"2023-04-14 07:00:00","PM2.5",NA,0,0,108.6445,259.3478,31.3365,21.4282,NA,NA,0,0,49.7816,0,0,1.5903,6.4765,0,0,0.7042,NA,1.2313,NA,0,0,0,18.4648,0,NA,0,NA,NA,NA,NA,0,0,0,0,0,NA,0,"E: Uncertainty",NA,NA,NA,NA,NA,NA,"E: Uncertainty","E: Uncertainty",NA,NA,NA,NA,NA,NA,NA,NA,NA,NA,"E: Uncertainty",NA,"E: Uncertainty",NA,NA,NA,NA,NA,"E: Uncertainty",NA,"E: Uncertainty","E: Uncertainty","E: Uncertainty","E: Uncertainty",NA,NA,NA,NA,NA,"E: Uncertainty",NA
"2023-04-14 10:00:00","PM10",0,NA,0,176.3105,818.195,33.5712,80.4077,3.2113,NA,0,0,63.9429,NA,NA,1.5757,2.2238,0,0,0.5708,NA,1.3813,NA,0,0,0,NA,0,NA,0,NA,NA,NA,NA,0,0,0.0095,0,0,0,0,NA,"E: Uncertainty",NA,NA,NA,NA,NA,NA,"E: Uncertainty",NA,NA,NA,"E: Uncertainty","E: Uncertainty",NA,NA,NA,NA,NA,"E: Uncertainty",NA,"E: Uncertainty",NA,NA,NA,"E: Uncertainty",NA,"E: Uncertainty",NA,"E: Uncertainty","E: Uncertainty","E: Uncertainty","E: Uncertainty",NA,NA,NA,NA,NA,NA,NA
"2023-04-14 11:00:00","PM2.5",NA,0,0,138.8594,432.5648,13.3856,36.7957,NA,0,0,0,29.3723,NA,0.0064,0.6386,2.3375,0,0,NA,0,1.1134,3e-04,0,0,0,15.399,0,0,0,NA,NA,NA,NA,0,0,0,0,0,0,0,"E: Uncertainty",NA,NA,NA,NA,NA,NA,"E: Uncertainty",NA,NA,NA,NA,"E: Uncertainty",NA,NA,NA,NA,NA,"E: Uncertainty",NA,NA,NA,NA,NA,NA,NA,NA,NA,NA,"E: Uncertainty","E: Uncertainty","E: Uncertainty","E: Uncertainty",NA,NA,NA,NA,NA,NA,NA
"2023-04-14 12:00:00","PM10",NA,0,0,121.6855,505.3309,23.9048,69.3365,1.8425,0,0,0,77.3365,NA,NA,2.3123,2.6044,0,0,NA,0,2.0565,1.682,0,0,0,18.3657,NA,NA,0,NA,NA,NA,NA,0,0,0,0,0,0,0,"E: Uncertainty",NA,NA,NA,NA,NA,NA,NA,NA,NA,NA,NA,"E: Uncertainty","E: Uncertainty",NA,NA,NA,NA,"E: Uncertainty",NA,NA,NA,NA,NA,NA,NA,"E: Uncertainty","E: Uncertainty",NA,"E: Uncertainty","E: Uncertainty","E: Uncertainty","E: Uncertainty",NA,NA,NA,NA,NA,NA,NA
"2023-04-14 13:00:00","PM2.5",NA,0.0121,0,56.876,85.373,7.8666,20.9042,1.1123,NA,0,0,28.5426,0,0,0.838,2.6731,0,0,0,0,0.6165,NA,0,0,0,16.3192,0,0,0,0,NA,0,NA,0,0,0,0,0,NA,0,"E: Uncertainty",NA,NA,NA,NA,NA,NA,NA,"E: Uncertainty",NA,NA,NA,NA,NA,NA,NA,NA,NA,NA,NA,NA,"E: Uncertainty",NA,NA,NA,NA,NA,NA,NA,NA,"E: Uncertainty",NA,"E: Uncertainty",NA,NA,NA,NA,NA,"E: Uncertainty",NA
"2023-04-14 14:00:00","PM10",0,0.3389,0,74.0286,151.9885,23.9305,99.4535,1.1147,0,0,0,153.3188,NA,NA,4.452,4.0107,0,0,0.7027,NA,0.9556,NA,0,0,0,NA,NA,NA,NA,0,NA,NA,NA,0,0,0,0.0097,0,0,0,NA,NA,NA,NA,NA,NA,NA,NA,NA,NA,NA,NA,"E: Uncertainty","E: Uncertainty",NA,NA,NA,NA,NA,"E: Uncertainty",NA,"E: Uncertainty",NA,NA,NA,"E: Uncertainty","E: Uncertainty","E: Uncertainty","E: Uncertainty",NA,"E: Uncertainty","E: Uncertainty","E: Uncertainty",NA,NA,NA,NA,NA,NA,NA
"2023-04-14 15:00:00","PM2.5",639.7307,0,NA,74.7889,36.2828,18.4834,40.9606,2.1021,0,NA,0,78.6045,0,0,4.1999,5.1296,0,0,0.627,0,1.3528,0,0,NA,0,10.5866,NA,0,0,NA,0,NA,NA,0,0,0,0,0,NA,0,NA,NA,"E: Uncertainty",NA,NA,NA,NA,NA,NA,"E: Uncertainty",NA,NA,NA,NA,NA,NA,NA,NA,NA,NA,NA,NA,NA,"E: Uncertainty",NA,NA,"E: Uncertainty",NA,NA,"E: Uncertainty",NA,"E: Uncertainty","E: Uncertainty",NA,NA,NA,NA,NA,"E: Uncertainty",NA
"2023-04-14 16:00:00","PM10",NA,0.2955,NA,58.591,68.8814,20.4171,35.771,2.1507,0,NA,NA,115.2106,NA,0,5.0464,9.9434,0,0,0.9962,NA,0.9309,NA,0,0,0,14.322,NA,NA,0,NA,NA,NA,NA,0,0,0,0,0,0,0,"E: Uncertainty",NA,"E: Uncertainty",NA,NA,NA,NA,NA,NA,"E: Uncertainty","E: Uncertainty",NA,"E: Uncertainty",NA,NA,NA,NA,NA,NA,"E: Uncertainty",NA,"E: Uncertainty",NA,NA,NA,NA,"E: Uncertainty","E: Uncertainty",NA,"E: Uncertainty","E: Uncertainty","E: Uncertainty","E: Uncertainty",NA,NA,NA,NA,NA,NA,NA
"2023-04-14 17:00:00","PM2.5",NA,0,NA,56.4886,17.9197,9.2625,11.072,NA,0,NA,0,52.7625,NA,0,2.8167,16.588,0,0,2.4928,0,1.1094,NA,0,0,0,0,NA,NA,0,0,0,NA,NA,0,0,0,0,0,NA,0,"E: Uncertainty",NA,"E: Uncertainty",NA,NA,NA,NA,"E: Uncertainty",NA,"E: Uncertainty",NA,NA,"E: Uncertainty",NA,NA,NA,NA,NA,NA,NA,NA,"E: Uncertainty",NA,NA,NA,NA,"E: Uncertainty","E: Uncertainty",NA,NA,NA,"E: Uncertainty","E: Uncertainty",NA,NA,NA,NA,NA,"E: Uncertainty",NA
"2023-04-14 18:00:00","PM10",NA,0,0.0405,49.818,58.7245,25.8948,28.824,5.6156,0,NA,NA,118.5075,NA,0,3.8931,22.1496,0,0,0,0,0.7807,NA,0,0,0,16.4223,NA,NA,0,NA,NA,NA,NA,0,0,0,0,0,3.2247,0,"E: Uncertainty",NA,NA,NA,NA,NA,NA,NA,NA,"E: Uncertainty","E: Uncertainty",NA,"E: Uncertainty",NA,NA,NA,NA,NA,NA,NA,NA,"E: Uncertainty",NA,NA,NA,NA,"E: Uncertainty","E: Uncertainty",NA,"E: Uncertainty","E: Uncertainty","E: Uncertainty","E: Uncertainty",NA,NA,NA,NA,NA,NA,NA
"2023-04-14 19:00:00","PM2.5",NA,0,NA,57.3421,12.1477,16.91,5.7039,NA,0,NA,0,57.6163,0,NA,2.962,10.5618,0,0,1.4797,0,0.7237,NA,0,0,0,18.4681,0,NA,0,NA,NA,NA,NA,0,0,0,0,0,3.736,0,"E: Uncertainty",NA,"E: Uncertainty",NA,NA,NA,NA,"E: Uncertainty",NA,"E: Uncertainty",NA,NA,NA,"E: Uncertainty",NA,NA,NA,NA,NA,NA,NA,"E: Uncertainty",NA,NA,NA,NA,NA,"E: Uncertainty",NA,"E: Uncertainty","E: Uncertainty","E: Uncertainty","E: Uncertainty",NA,NA,NA,NA,NA,NA,NA
"2023-04-14 20:00:00","PM10",695.4144,0,0,62.2179,35.4331,44.0264,20.1373,16.578,0,NA,NA,167.1056,NA,NA,13.3739,17.3309,0,0,1.9756,NA,NA,NA,0,0,0,13.1251,0,NA,0,NA,0,NA,5.2452,0,0,0,0,0,1.9008,0,NA,NA,NA,NA,NA,NA,NA,NA,NA,"E: Uncertainty","E: Uncertainty",NA,"E: Uncertainty","E: Uncertainty",NA,NA,NA,NA,NA,"E: Uncertainty","E: Uncertainty","E: Uncertainty",NA,NA,NA,NA,NA,"E: Uncertainty",NA,"E: Uncertainty",NA,"E: Uncertainty",NA,NA,NA,NA,NA,NA,NA,NA
"2023-04-14 21:00:00","PM2.5",NA,0,0,197.6594,120.6376,46.5439,7.2919,NA,0,NA,NA,70.3952,0,0,3.3793,20.478,0,0,0.7141,0,9.8809,NA,0,0,0,0,NA,0.0827,0,0,0,NA,NA,0,0,0,0,0,4.4656,0,"E: Uncertainty",NA,NA,NA,NA,NA,NA,"E: Uncertainty",NA,"E: Uncertainty","E: Uncertainty",NA,NA,NA,NA,NA,NA,NA,NA,NA,NA,"E: Uncertainty",NA,NA,NA,NA,"E: Uncertainty",NA,NA,NA,NA,"E: Uncertainty","E: Uncertainty",NA,NA,NA,NA,NA,NA,NA
"2023-04-14 22:00:00","PM10",NA,NA,0,209.7155,0,62.5314,48.5768,2.6559,0,NA,0.8808,178.9587,0,NA,4.7201,19.8847,0,0,0.6727,NA,0.9975,NA,0,0,0,NA,NA,NA,0,0,NA,NA,NA,0,0,0,0,0,2.6946,0,"E: Uncertainty","E: Uncertainty",NA,NA,NA,NA,NA,NA,NA,"E: Uncertainty",NA,NA,NA,"E: Uncertainty",NA,NA,NA,NA,NA,"E: Uncertainty",NA,"E: Uncertainty",NA,NA,NA,"E: Uncertainty","E: Uncertainty","E: Uncertainty",NA,NA,"E: Uncertainty","E: Uncertainty","E: Uncertainty",NA,NA,NA,NA,NA,NA,NA
"2023-04-14 23:00:00","PM2.5",NA,1.2456,0,107.6556,0,42.2101,8.5724,0,0,NA,NA,44.8691,0,0,1.564,12.0177,0,0,1.3216,NA,1.2462,NA,0,0,NA,35.1457,NA,NA,0.0885,NA,NA,NA,NA,NA,0,0,0,0,0,0,"E: Uncertainty",NA,NA,NA,NA,NA,NA,NA,NA,"E: Uncertainty","E: Uncertainty",NA,NA,NA,NA,NA,NA,NA,NA,"E: Uncertainty",NA,"E: Uncertainty",NA,NA,"E: Uncertainty",NA,"E: Uncertainty","E: Uncertainty",NA,"E: Uncertainty","E: Uncertainty","E: Uncertainty","E: Uncertainty","E: Uncertainty",NA,NA,NA,NA,NA,NA
"2023-04-15 00:30:00","PM10",NA,NA,NA,NA,NA,NA,NA,NA,NA,NA,NA,NA,NA,NA,NA,NA,NA,NA,NA,NA,NA,NA,NA,NA,NA,NA,NA,NA,NA,NA,NA,NA,NA,NA,NA,NA,NA,NA,NA,NA,"E: Erroneous Data","E: Erroneous Data","E: Erroneous Data","E: Erroneous Data","E: Uncertainty","E: Erroneous Data","E: Erroneous Data","E: Uncertainty","E: Erroneous Data","E: Uncertainty","E: Erroneous Data","E: Erroneous Data","E: Uncertainty","E: Erroneous Data","E: Erroneous Data","E: Erroneous Data","E: Erroneous Data","E: Erroneous Data","E: Erroneous Data","E: Erroneous Data","E: Uncertainty","E: Uncertainty","E: Erroneous Data","E: Erroneous Data","E: Erroneous Data","E: Erroneous Data","E: Erroneous Data","E: Erroneous Data","E: Erroneous Data","E: Uncertainty","E: Erroneous Data","E: Erroneous Data","E: Erroneous Data","E: Erroneous Data","E: Erroneous Data","E: Erroneous Data","E: Erroneous Data","E: Erroneous Data","E: Erroneous Data","E: Erroneous Data"
"2023-04-15 01:00:00","PM2.5",NA,NA,NA,NA,NA,NA,NA,NA,NA,NA,NA,NA,NA,NA,NA,NA,NA,NA,NA,NA,NA,NA,NA,NA,NA,NA,NA,NA,NA,NA,NA,NA,NA,NA,NA,NA,NA,NA,NA,NA,"E: Uncertainty","E: Erroneous Data","E: Erroneous Data","E: Erroneous Data","E: Erroneous Data","E: Erroneous Data","E: Erroneous Data","E: Uncertainty","E: Uncertainty","E: Uncertainty","E: Erroneous Data","E: Erroneous Data","E: Erroneous Data","E: Uncertainty","E: Erroneous Data","E: Erroneous Data","E: Erroneous Data","E: Erroneous Data","E: Erroneous Data","E: Erroneous Data","E: Erroneous Data","E: Uncertainty","E: Erroneous Data","E: Erroneous Data","E: Erroneous Data","E: Erroneous Data","E: Erroneous Data","E: Erroneous Data","E: Erroneous Data","E: Uncertainty","E: Erroneous Data","E: Uncertainty","E: Uncertainty","E: Erroneous Data","E: Erroneous Data","E: Erroneous Data","E: Erroneous Data","E: Erroneous Data","E: Erroneous Data","E: Erroneous Data"
"2023-04-15 02:00:00","PM10",NA,NA,NA,NA,NA,NA,NA,NA,NA,NA,NA,NA,NA,NA,NA,NA,NA,NA,NA,NA,NA,NA,NA,NA,NA,NA,NA,NA,NA,NA,NA,NA,NA,NA,NA,NA,NA,NA,NA,NA,"E: Erroneous Data","E: Erroneous Data","E: Erroneous Data","E: Erroneous Data","E: Erroneous Data","E: Erroneous Data","E: Erroneous Data","E: Erroneous Data","E: Erroneous Data","E: Uncertainty","E: Uncertainty","E: Erroneous Data","E: Erroneous Data","E: Uncertainty","E: Erroneous Data","E: Erroneous Data","E: Erroneous Data","E: Erroneous Data","E: Erroneous Data","E: Erroneous Data","E: Erroneous Data","E: Uncertainty","E: Erroneous Data","E: Erroneous Data","E: Erroneous Data","E: Erroneous Data","E: Uncertainty","E: Uncertainty","E: Erroneous Data","E: Uncertainty","E: Erroneous Data","E: Uncertainty","E: Erroneous Data","E: Erroneous Data","E: Erroneous Data","E: Erroneous Data","E: Erroneous Data","E: Erroneous Data","E: Erroneous Data","E: Erroneous Data"
"2023-04-15 03:00:00","PM2.5",NA,NA,NA,NA,NA,NA,NA,NA,NA,NA,NA,NA,NA,NA,NA,NA,NA,NA,NA,NA,NA,NA,NA,NA,NA,NA,NA,NA,NA,NA,NA,NA,NA,NA,NA,NA,NA,NA,NA,NA,"E: Erroneous Data","E: Erroneous Data","E: Erroneous Data","E: Erroneous Data","E: Erroneous Data","E: Erroneous Data","E: Erroneous Data","E: Erroneous Data","E: Erroneous Data","E: Uncertainty","E: Erroneous Data","E: Erroneous Data","E: Erroneous Data","E: Uncertainty","E: Erroneous Data","E: Erroneous Data","E: Erroneous Data","E: Erroneous Data","E: Erroneous Data","E: Uncertainty","E: Erroneous Data","E: Erroneous Data","E: Erroneous Data","E: Erroneous Data","E: Erroneous Data","E: Erroneous Data","E: Erroneous Data","E: Uncertainty","E: Erroneous Data","E: Erroneous Data","E: Erroneous Data","E: Uncertainty","E: Uncertainty","E: Erroneous Data","E: Erroneous Data","E: Erroneous Data","E: Erroneous Data","E: Erroneous Data","E: Erroneous Data","E: Erroneous Data"
"2023-04-15 04:00:00","PM10",NA,0,0,481.1818,0,71.4666,46.1311,12.5263,0,NA,NA,66.6043,NA,0,2.2267,18.7958,0,0,1.4005,NA,4.6171,NA,0,0,0,26.3882,0,NA,0,NA,0,NA,NA,0,0,0,0,0,3.0529,0,"E: Uncertainty",NA,NA,NA,NA,NA,NA,NA,NA,"E: Uncertainty","E: Uncertainty",NA,"E: Uncertainty",NA,NA,NA,NA,NA,NA,"E: Uncertainty",NA,"E: Uncertainty",NA,NA,NA,NA,NA,"E: Uncertainty",NA,"E: Uncertainty",NA,"E: Uncertainty","E: Uncertainty",NA,NA,NA,NA,NA,NA,NA
"2023-04-15 05:00:00","PM2.5",0,0,0,460.1837,0,61.8344,10.1323,1.0194,0,NA,0,40.3344,NA,0,1.7134,16.1839,0,0,1.6555,NA,3.5683,NA,0,0,0,21.3241,NA,0,0,NA,NA,NA,0,0,0,0,0,0,2.2867,0,NA,NA,NA,NA,NA,NA,NA,NA,NA,"E: Uncertainty",NA,NA,"E: Uncertainty",NA,NA,NA,NA,NA,NA,"E: Uncertainty",NA,"E: Uncertainty",NA,NA,NA,NA,"E: Uncertainty",NA,NA,"E: Uncertainty","E: Uncertainty","E: Uncertainty",NA,NA,NA,NA,NA,NA,NA,NA
"2023-04-15 06:00:00","PM10",NA,0,0,528.509,0,61.0198,66.6143,2.3777,0,NA,0.9146,142.8767,0.7316,0,6.3974,28.4436,0,0,2.1418,NA,4.2897,0,0,0,0,21.2462,NA,0,0,0,0,NA,3.415,0,0,0,0,0,0.9284,0,"E: Uncertainty",NA,NA,NA,NA,NA,NA,NA,NA,"E: Uncertainty",NA,NA,NA,NA,NA,NA,NA,NA,NA,"E: Uncertainty",NA,NA,NA,NA,NA,NA,"E: Uncertainty",NA,NA,NA,NA,"E: Uncertainty",NA,NA,NA,NA,NA,NA,NA,NA
"2023-04-15 07:00:00","PM2.5",NA,0,0,374.9195,0,45.8858,29.8816,NA,0,NA,2.5665,91.9754,NA,0,3.2403,17.8875,0,0,1.6018,NA,2.8662,0,0,0,0,24.1023,NA,NA,0,0,NA,NA,NA,0.0109,0,0,0,0,NA,0,"E: Uncertainty",NA,NA,NA,NA,NA,NA,"E: Uncertainty",NA,"E: Uncertainty",NA,NA,"E: Uncertainty",NA,NA,NA,NA,NA,NA,"E: Uncertainty",NA,NA,NA,NA,NA,NA,"E: Uncertainty","E: Uncertainty",NA,NA,"E: Uncertainty","E: Uncertainty","E: Uncertainty",NA,NA,NA,NA,NA,"E: Uncertainty",NA
"2023-04-15 08:00:00","PM10",NA,0,0,334.9885,0,50.783,200.5891,3.4405,0,0,1.9894,159.1648,NA,0,5.9087,25.6968,0,0,1.4603,0,2.1116,NA,0,0,0,26.9832,0,0,0,NA,NA,NA,NA,0,0,0,0,0,1.8336,0,"E: Uncertainty",NA,NA,NA,NA,NA,NA,NA,NA,NA,NA,NA,"E: Uncertainty",NA,NA,NA,NA,NA,NA,NA,NA,"E: Uncertainty",NA,NA,NA,NA,NA,NA,NA,"E: Uncertainty","E: Uncertainty","E: Uncertainty","E: Uncertainty",NA,NA,NA,NA,NA,NA,NA
"2023-04-15 09:00:00","PM2.5",NA,0,0,267.4688,0,29.0716,20.7502,5.1977,NA,NA,1.1902,69.6785,NA,0,2.2675,11.8793,0,0,1.034,0,1.0911,0,0,0,0,16.6928,NA,NA,0,0,0,NA,NA,0,0,0,0,0,2.2251,0,"E: Uncertainty",NA,NA,NA,NA,NA,NA,NA,"E: Uncertainty","E: Uncertainty",NA,NA,"E: Uncertainty",NA,NA,NA,NA,NA,NA,NA,NA,NA,NA,NA,NA,NA,"E: Uncertainty","E: Uncertainty",NA,NA,NA,"E: Uncertainty","E: Uncertainty",NA,NA,NA,NA,NA,NA,NA
"2023-04-15 10:00:00","PM10",NA,0,0,334.7994,0,39.7789,104.9614,3.8598,0,NA,1.0394,146.1458,1.1476,NA,3.2601,15.2638,0,0,1.599,0,1.1945,NA,0,0,0,32.9152,0,NA,0,0,0,NA,NA,0,0,0,0,0,4.7928,0,"E: Uncertainty",NA,NA,NA,NA,NA,NA,NA,NA,"E: Uncertainty",NA,NA,NA,"E: Uncertainty",NA,NA,NA,NA,NA,NA,NA,"E: Uncertainty",NA,NA,NA,NA,NA,"E: Uncertainty",NA,NA,NA,"E: Uncertainty","E: Uncertainty",NA,NA,NA,NA,NA,NA,NA
"2023-04-15 11:00:00","PM2.5",NA,0,0,335.8304,0,23.8483,24.6826,8.171,NA,NA,NA,61.0077,NA,NA,1.7469,12.2856,0,0,1.6852,NA,2.0002,NA,0,0,0,20.2682,0,NA,0,NA,0,NA,NA,0,0,0,0,0,1.5094,0,"E: Uncertainty",NA,NA,NA,NA,NA,NA,NA,"E: Uncertainty","E: Uncertainty","E: Uncertainty",NA,"E: Uncertainty","E: Uncertainty",NA,NA,NA,NA,NA,"E: Uncertainty",NA,"E: Uncertainty",NA,NA,NA,NA,NA,"E: Uncertainty",NA,"E: Uncertainty",NA,"E: Uncertainty","E: Uncertainty",NA,NA,NA,NA,NA,NA,NA
"2023-04-15 12:00:00","PM10",NA,NA,0,352.9398,0,28.1653,79.5467,6.5825,0,NA,0,118.7566,NA,0,2.8536,11.106,0,0,1.4132,0,1.6058,NA,0,0,NA,14.5275,NA,0,0,NA,NA,NA,5.0222,0,0,0,0,0,0,0,"E: Uncertainty","E: Uncertainty",NA,NA,NA,NA,NA,NA,NA,"E: Uncertainty",NA,NA,"E: Uncertainty",NA,NA,NA,NA,NA,NA,NA,NA,"E: Uncertainty",NA,NA,"E: Uncertainty",NA,"E: Uncertainty",NA,NA,"E: Uncertainty","E: Uncertainty","E: Uncertainty",NA,NA,NA,NA,NA,NA,NA,NA
"2023-04-15 13:00:00","PM2.5",809.248,0,0,361.8403,0,11.4054,21.5979,1.1029,0,0,0,48.9091,0,0,1.0961,5.8207,0,0,1.3606,NA,1.7415,NA,0,0,0,17.8635,NA,0,0,0,NA,NA,0,0,0,0,0,0,0,0,NA,NA,NA,NA,NA,NA,NA,NA,NA,NA,NA,NA,NA,NA,NA,NA,NA,NA,NA,"E: Uncertainty",NA,"E: Uncertainty",NA,NA,NA,NA,"E: Uncertainty",NA,NA,NA,"E: Uncertainty","E: Uncertainty",NA,NA,NA,NA,NA,NA,NA,NA
"2023-04-15 14:00:00","PM10",NA,0,0,325.9077,0,21.7688,64.94,1.9463,0,NA,NA,122.4228,0.8985,0,3.8248,8.1511,0,0,1.5388,0,1.6292,NA,0,0,0,11.7259,0,NA,0,NA,NA,NA,NA,0,0,0,0,0,0,0,"E: Uncertainty",NA,NA,NA,NA,NA,NA,NA,NA,"E: Uncertainty","E: Uncertainty",NA,NA,NA,NA,NA,NA,NA,NA,NA,NA,"E: Uncertainty",NA,NA,NA,NA,NA,"E: Uncertainty",NA,"E: Uncertainty","E: Uncertainty","E: Uncertainty","E: Uncertainty",NA,NA,NA,NA,NA,NA,NA
"2023-04-15 15:00:00","PM2.5",NA,NA,NA,NA,NA,NA,NA,NA,NA,NA,NA,NA,NA,NA,NA,NA,NA,NA,NA,NA,NA,NA,NA,NA,NA,NA,NA,NA,NA,NA,NA,NA,NA,NA,NA,NA,NA,NA,NA,NA,"E: Uncertainty","E: Erroneous Data","E: Erroneous Data","E: Erroneous Data","E: Erroneous Data","E: Erroneous Data","E: Erroneous Data","E: Erroneous Data","E: Erroneous Data","E: Uncertainty","E: Uncertainty","E: Erroneous Data","E: Uncertainty","E: Erroneous Data","E: Erroneous Data","E: Erroneous Data","E: Erroneous Data","E: Erroneous Data","E: Erroneous Data","E: Uncertainty","E: Erroneous Data","E: Erroneous Data","E: Erroneous Data","E: Erroneous Data","E: Erroneous Data","E: Erroneous Data","E: Erroneous Data","E: Uncertainty","E: Erroneous Data","E: Erroneous Data","E: Uncertainty","E: Uncertainty","E: Uncertainty","E: Erroneous Data","E: Erroneous Data","E: Erroneous Data","E: Erroneous Data","E: Erroneous Data","E: Erroneous Data","E: Erroneous Data"
"2023-04-15 16:00:00","PM10",NA,NA,NA,NA,NA,NA,NA,NA,NA,NA,NA,NA,NA,NA,NA,NA,NA,NA,NA,NA,NA,NA,NA,NA,NA,NA,NA,NA,NA,NA,NA,NA,NA,NA,NA,NA,NA,NA,NA,NA,"E: Erroneous Data","E: Erroneous Data","E: Erroneous Data","E: Erroneous Data","E: Erroneous Data","E: Erroneous Data","E: Erroneous Data","E: Erroneous Data","E: Erroneous Data","E: Uncertainty","E: Erroneous Data","E: Erroneous Data","E: Erroneous Data","E: Uncertainty","E: Erroneous Data","E: Erroneous Data","E: Erroneous Data","E: Erroneous Data","E: Erroneous Data","E: Uncertainty","E: Erroneous Data","E: Uncertainty","E: Erroneous Data","E: Erroneous Data","E: Erroneous Data","E: Erroneous Data","E: Erroneous Data","E: Uncertainty","E: Erroneous Data","E: Uncertainty","E: Erroneous Data","E: Erroneous Data","E: Erroneous Data","E: Erroneous Data","E: Erroneous Data","E: Erroneous Data","E: Erroneous Data","E: Erroneous Data","E: Erroneous Data","E: Erroneous Data"
"2023-04-15 17:00:00","PM2.5",NA,NA,NA,NA,NA,NA,NA,NA,NA,NA,NA,NA,NA,NA,NA,NA,NA,NA,NA,NA,NA,NA,NA,NA,NA,NA,NA,NA,NA,NA,NA,NA,NA,NA,NA,NA,NA,NA,NA,NA,"E: Uncertainty","E: Erroneous Data","E: Erroneous Data","E: Erroneous Data","E: Erroneous Data","E: Erroneous Data","E: Erroneous Data","E: Erroneous Data","E: Erroneous Data","E: Uncertainty","E: Erroneous Data","E: Erroneous Data","E: Uncertainty","E: Erroneous Data","E: Erroneous Data","E: Erroneous Data","E: Erroneous Data","E: Erroneous Data","E: Erroneous Data","E: Erroneous Data","E: Erroneous Data","E: Uncertainty","E: Erroneous Data","E: Erroneous Data","E: Erroneous Data","E: Erroneous Data","E: Erroneous Data","E: Erroneous Data","E: Erroneous Data","E: Erroneous Data","E: Erroneous Data","E: Uncertainty","E: Uncertainty","E: Erroneous Data","E: Erroneous Data","E: Erroneous Data","E: Erroneous Data","E: Erroneous Data","E: Erroneous Data","E: Erroneous Data"
"2023-04-15 18:00:00","PM10",NA,NA,0,377.1847,0,42.9477,133.8003,5.8455,0,0.8117,NA,234.7346,0.8637,0,6.1701,16.5375,0,0,2.0424,NA,2.3554,NA,0,NA,0,NA,0,NA,0,0,0,0,6.8528,0,0,0,0,0,1.4691,0,"E: Uncertainty","E: Uncertainty",NA,NA,NA,NA,NA,NA,NA,NA,"E: Uncertainty",NA,NA,NA,NA,NA,NA,NA,NA,"E: Uncertainty",NA,"E: Uncertainty",NA,"E: Uncertainty",NA,"E: Uncertainty",NA,"E: Uncertainty",NA,NA,NA,NA,NA,NA,NA,NA,NA,NA,NA,NA
"2023-04-15 19:00:00","PM2.5",NA,NA,NA,NA,NA,NA,NA,NA,NA,NA,NA,NA,NA,NA,NA,NA,NA,NA,NA,NA,NA,NA,NA,NA,NA,NA,NA,NA,NA,NA,NA,NA,NA,NA,NA,NA,NA,NA,NA,NA,"E: Uncertainty","E: Erroneous Data","E: Erroneous Data","E: Erroneous Data","E: Erroneous Data","E: Erroneous Data","E: Erroneous Data","E: Erroneous Data","E: Erroneous Data","E: Uncertainty","E: Erroneous Data","E: Erroneous Data","E: Erroneous Data","E: Erroneous Data","E: Erroneous Data","E: Erroneous Data","E: Erroneous Data","E: Erroneous Data","E: Erroneous Data","E: Erroneous Data","E: Erroneous Data","E: Uncertainty","E: Erroneous Data","E: Erroneous Data","E: Erroneous Data","E: Erroneous Data","E: Erroneous Data","E: Erroneous Data","E: Erroneous Data","E: Uncertainty","E: Uncertainty","E: Uncertainty","E: Erroneous Data","E: Erroneous Data","E: Erroneous Data","E: Erroneous Data","E: Erroneous Data","E: Erroneous Data","E: Erroneous Data","E: Erroneous Data"
"2023-04-15 20:00:00","PM10",NA,NA,NA,NA,NA,NA,NA,NA,NA,NA,NA,NA,NA,NA,NA,NA,NA,NA,NA,NA,NA,NA,NA,NA,NA,NA,NA,NA,NA,NA,NA,NA,NA,NA,NA,NA,NA,NA,NA,NA,"E: Erroneous Data","E: Uncertainty","E: Erroneous Data","E: Erroneous Data","E: Erroneous Data","E: Erroneous Data","E: Erroneous Data","E: Erroneous Data","E: Erroneous Data","E: Uncertainty","E: Erroneous Data","E: Erroneous Data","E: Erroneous Data","E: Erroneous Data","E: Erroneous Data","E: Erroneous Data","E: Erroneous Data","E: Erroneous Data","E: Erroneous Data","E: Uncertainty","E: Erroneous Data","E: Uncertainty","E: Erroneous Data","E: Erroneous Data","E: Erroneous Data","E: Erroneous Data","E: Erroneous Data","E: Erroneous Data","E: Erroneous Data","E: Erroneous Data","E: Uncertainty","E: Uncertainty","E: Erroneous Data","E: Erroneous Data","E: Erroneous Data","E: Erroneous Data","E: Erroneous Data","E: Erroneous Data","E: Erroneous Data","E: Erroneous Data"
"2023-04-15 21:00:00","PM2.5",NA,NA,NA,NA,NA,NA,NA,NA,NA,NA,NA,NA,NA,NA,NA,NA,NA,NA,NA,NA,NA,NA,NA,NA,NA,NA,NA,NA,NA,NA,NA,NA,NA,NA,NA,NA,NA,NA,NA,NA,"E: Uncertainty","E: Erroneous Data","E: Erroneous Data","E: Erroneous Data","E: Erroneous Data","E: Erroneous Data","E: Erroneous Data","E: Erroneous Data","E: Erroneous Data","E: Uncertainty","E: Erroneous Data","E: Erroneous Data","E: Erroneous Data","E: Erroneous Data","E: Erroneous Data","E: Erroneous Data","E: Erroneous Data","E: Erroneous Data","E: Erroneous Data","E: Uncertainty","E: Erroneous Data","E: Uncertainty","E: Erroneous Data","E: Erroneous Data","E: Erroneous Data","E: Erroneous Data","E: Erroneous Data","E: Erroneous Data","E: Erroneous Data","E: Uncertainty","E: Erroneous Data","E: Erroneous Data","E: Erroneous Data","E: Erroneous Data","E: Erroneous Data","E: Erroneous Data","E: Erroneous Data","E: Erroneous Data","E: Erroneous Data","E: Erroneous Data"
"2023-04-15 22:00:00","PM10",NA,NA,NA,NA,NA,NA,NA,NA,NA,NA,NA,NA,NA,NA,NA,NA,NA,NA,NA,NA,NA,NA,NA,NA,NA,NA,NA,NA,NA,NA,NA,NA,NA,NA,NA,NA,NA,NA,NA,NA,"E: Erroneous Data","E: Uncertainty","E: Erroneous Data","E: Erroneous Data","E: Erroneous Data","E: Erroneous Data","E: Erroneous Data","E: Erroneous Data","E: Erroneous Data","E: Uncertainty","E: Erroneous Data","E: Erroneous Data","E: Erroneous Data","E: Erroneous Data","E: Erroneous Data","E: Erroneous Data","E: Erroneous Data","E: Erroneous Data","E: Erroneous Data","E: Erroneous Data","E: Erroneous Data","E: Uncertainty","E: Erroneous Data","E: Uncertainty","E: Erroneous Data","E: Erroneous Data","E: Uncertainty","E: Erroneous Data","E: Erroneous Data","E: Erroneous Data","E: Uncertainty","E: Uncertainty","E: Erroneous Data","E: Erroneous Data","E: Erroneous Data","E: Uncertainty","E: Erroneous Data","E: Erroneous Data","E: Erroneous Data","E: Erroneous Data"
"2023-04-15 23:00:00","PM2.5",NA,NA,NA,NA,NA,NA,NA,NA,NA,NA,NA,NA,NA,NA,NA,NA,NA,NA,NA,NA,NA,NA,NA,NA,NA,NA,NA,NA,NA,NA,NA,NA,NA,NA,NA,NA,NA,NA,NA,NA,"E: Uncertainty","E: Erroneous Data","E: Erroneous Data","E: Erroneous Data","E: Erroneous Data","E: Erroneous Data","E: Erroneous Data","E: Erroneous Data","E: Erroneous Data","E: Uncertainty","E: Uncertainty","E: Erroneous Data","E: Erroneous Data","E: Erroneous Data","E: Erroneous Data","E: Erroneous Data","E: Erroneous Data","E: Erroneous Data","E: Erroneous Data","E: Erroneous Data","E: Erroneous Data","E: Erroneous Data","E: Erroneous Data","E: Erroneous Data","E: Erroneous Data","E: Erroneous Data","E: Erroneous Data","E: Uncertainty","E: Erroneous Data","E: Uncertainty","E: Uncertainty","E: Uncertainty","E: Erroneous Data","E: Erroneous Data","E: Erroneous Data","E: Erroneous Data","E: Erroneous Data","E: Erroneous Data","E: Erroneous Data","E: Erroneous Data"
"2023-04-16 00:30:00","PM10",NA,0,0,476.2576,0,250.1657,78.3239,13.8873,0,NA,NA,251.8211,0,0,9.3043,21.233,0,0,3.6815,0,1.7356,5.0137,0,0,0,NA,0,NA,0,0,0,NA,21.1086,0,0,0,0,0,3.5642,0,"E: Uncertainty",NA,NA,NA,NA,NA,NA,NA,NA,"E: Uncertainty","E: Uncertainty",NA,NA,NA,NA,NA,NA,NA,NA,NA,NA,NA,NA,NA,NA,"E: Uncertainty",NA,"E: Uncertainty",NA,NA,NA,"E: Uncertainty",NA,NA,NA,NA,NA,NA,NA,NA
"2023-04-16 01:00:00","PM2.5",NA,NA,NA,NA,NA,NA,NA,NA,NA,NA,NA,NA,NA,NA,NA,NA,NA,NA,NA,NA,NA,NA,NA,NA,NA,NA,NA,NA,NA,NA,NA,NA,NA,NA,NA,NA,NA,NA,NA,NA,"E: Uncertainty","E: Erroneous Data","E: Erroneous Data","E: Erroneous Data","E: Erroneous Data","E: Erroneous Data","E: Erroneous Data","E: Erroneous Data","E: Erroneous Data","E: Erroneous Data","E: Erroneous Data","E: Erroneous Data","E: Erroneous Data","E: Erroneous Data","E: Erroneous Data","E: Erroneous Data","E: Erroneous Data","E: Erroneous Data","E: Erroneous Data","E: Erroneous Data","E: Erroneous Data","E: Erroneous Data","E: Erroneous Data","E: Erroneous Data","E: Erroneous Data","E: Erroneous Data","E: Erroneous Data","E: Uncertainty","E: Uncertainty","E: Erroneous Data","E: Uncertainty","E: Uncertainty","E: Erroneous Data","E: Erroneous Data","E: Erroneous Data","E: Erroneous Data","E: Erroneous Data","E: Erroneous Data","E: Erroneous Data","E: Uncertainty"
"2023-04-16 02:00:00","PM10",NA,NA,NA,NA,NA,NA,NA,NA,NA,NA,NA,NA,NA,NA,NA,NA,NA,NA,NA,NA,NA,NA,NA,NA,NA,NA,NA,NA,NA,NA,NA,NA,NA,NA,NA,NA,NA,NA,NA,NA,"E: Erroneous Data","E: Erroneous Data","E: Erroneous Data","E: Erroneous Data","E: Erroneous Data","E: Erroneous Data","E: Erroneous Data","E: Erroneous Data","E: Erroneous Data","E: Uncertainty","E: Erroneous Data","E: Erroneous Data","E: Uncertainty","E: Uncertainty","E: Erroneous Data","E: Erroneous Data","E: Erroneous Data","E: Erroneous Data","E: Erroneous Data","E: Uncertainty","E: Erroneous Data","E: Uncertainty","E: Erroneous Data","E: Erroneous Data","E: Erroneous Data","E: Erroneous Data","E: Erroneous Data","E: Uncertainty","E: Erroneous Data","E: Erroneous Data","E: Uncertainty","E: Uncertainty","E: Erroneous Data","E: Erroneous Data","E: Erroneous Data","E: Erroneous Data","E: Erroneous Data","E: Erroneous Data","E: Erroneous Data","E: Erroneous Data"
"2023-04-16 03:00:00","PM2.5",NA,NA,NA,NA,NA,NA,NA,NA,NA,NA,NA,NA,NA,NA,NA,NA,NA,NA,NA,NA,NA,NA,NA,NA,NA,NA,NA,NA,NA,NA,NA,NA,NA,NA,NA,NA,NA,NA,NA,NA,"E: Uncertainty","E: Erroneous Data","E: Erroneous Data","E: Erroneous Data","E: Erroneous Data","E: Erroneous Data","E: Erroneous Data","E: Erroneous Data","E: Uncertainty","E: Uncertainty","E: Uncertainty","E: Erroneous Data","E: Erroneous Data","E: Uncertainty","E: Erroneous Data","E: Erroneous Data","E: Erroneous Data","E: Erroneous Data","E: Erroneous Data","E: Uncertainty","E: Erroneous Data","E: Uncertainty","E: Erroneous Data","E: Erroneous Data","E: Erroneous Data","E: Erroneous Data","E: Uncertainty","E: Uncertainty","E: Erroneous Data","E: Uncertainty","E: Uncertainty","E: Erroneous Data","E: Erroneous Data","E: Erroneous Data","E: Erroneous Data","E: Erroneous Data","E: Erroneous Data","E: Erroneous Data","E: Erroneous Data","E: Erroneous Data"
"2023-04-16 04:00:00","PM10",NA,NA,NA,NA,NA,NA,NA,NA,NA,NA,NA,NA,NA,NA,NA,NA,NA,NA,NA,NA,NA,NA,NA,NA,NA,NA,NA,NA,NA,NA,NA,NA,NA,NA,NA,NA,NA,NA,NA,NA,"E: Erroneous Data","E: Erroneous Data","E: Erroneous Data","E: Erroneous Data","E: Erroneous Data","E: Erroneous Data","E: Erroneous Data","E: Erroneous Data","E: Uncertainty","E: Uncertainty","E: Uncertainty","E: Erroneous Data","E: Uncertainty","E: Uncertainty","E: Erroneous Data","E: Erroneous Data","E: Erroneous Data","E: Erroneous Data","E: Erroneous Data","E: Erroneous Data","E: Erroneous Data","E: Erroneous Data","E: Erroneous Data","E: Erroneous Data","E: Erroneous Data","E: Erroneous Data","E: Uncertainty","E: Uncertainty","E: Erroneous Data","E: Erroneous Data","E: Erroneous Data","E: Erroneous Data","E: Uncertainty","E: Erroneous Data","E: Erroneous Data","E: Erroneous Data","E: Erroneous Data","E: Erroneous Data","E: Erroneous Data","E: Erroneous Data"
"2023-04-16 05:00:00","PM2.5",NA,NA,NA,NA,NA,NA,NA,NA,NA,NA,NA,NA,NA,NA,NA,NA,NA,NA,NA,NA,NA,NA,NA,NA,NA,NA,NA,NA,NA,NA,NA,NA,NA,NA,NA,NA,NA,NA,NA,NA,"E: Erroneous Data","E: Erroneous Data","E: Erroneous Data","E: Erroneous Data","E: Erroneous Data","E: Erroneous Data","E: Erroneous Data","E: Erroneous Data","E: Erroneous Data","E: Uncertainty","E: Uncertainty","E: Erroneous Data","E: Erroneous Data","E: Erroneous Data","E: Erroneous Data","E: Erroneous Data","E: Erroneous Data","E: Erroneous Data","E: Erroneous Data","E: Uncertainty","E: Erroneous Data","E: Uncertainty","E: Erroneous Data","E: Erroneous Data","E: Erroneous Data","E: Uncertainty","E: Erroneous Data","E: Erroneous Data","E: Erroneous Data","E: Uncertainty","E: Uncertainty","E: Uncertainty","E: Uncertainty","E: Erroneous Data","E: Erroneous Data","E: Erroneous Data","E: Erroneous Data","E: Erroneous Data","E: Erroneous Data","E: Erroneous Data"
"2023-04-16 06:00:00","PM10",NA,NA,NA,NA,NA,NA,NA,NA,NA,NA,NA,NA,NA,NA,NA,NA,NA,NA,NA,NA,NA,NA,NA,NA,NA,NA,NA,NA,NA,NA,NA,NA,NA,NA,NA,NA,NA,NA,NA,NA,"E: Erroneous Data","E: Erroneous Data","E: Erroneous Data","E: Erroneous Data","E: Erroneous Data","E: Erroneous Data","E: Erroneous Data","E: Erroneous Data","E: Erroneous Data","E: Uncertainty","E: Erroneous Data","E: Erroneous Data","E: Erroneous Data","E: Uncertainty","E: Erroneous Data","E: Erroneous Data","E: Erroneous Data","E: Erroneous Data","E: Erroneous Data","E: Erroneous Data","E: Erroneous Data","E: Uncertainty","E: Erroneous Data","E: Uncertainty","E: Erroneous Data","E: Uncertainty","E: Uncertainty","E: Erroneous Data","E: Erroneous Data","E: Uncertainty","E: Uncertainty","E: Erroneous Data","E: Erroneous Data","E: Erroneous Data","E: Erroneous Data","E: Erroneous Data","E: Erroneous Data","E: Erroneous Data","E: Erroneous Data","E: Erroneous Data"
"2023-04-16 07:00:00","PM2.5",NA,NA,NA,NA,NA,NA,NA,NA,NA,NA,NA,NA,NA,NA,NA,NA,NA,NA,NA,NA,NA,NA,NA,NA,NA,NA,NA,NA,NA,NA,NA,NA,NA,NA,NA,NA,NA,NA,NA,NA,"E: Erroneous Data","E: Erroneous Data","E: Erroneous Data","E: Erroneous Data","E: Erroneous Data","E: Erroneous Data","E: Erroneous Data","E: Erroneous Data","E: Erroneous Data","E: Uncertainty","E: Erroneous Data","E: Erroneous Data","E: Erroneous Data","E: Erroneous Data","E: Erroneous Data","E: Erroneous Data","E: Erroneous Data","E: Erroneous Data","E: Erroneous Data","E: Uncertainty","E: Erroneous Data","E: Uncertainty","E: Erroneous Data","E: Erroneous Data","E: Erroneous Data","E: Uncertainty","E: Erroneous Data","E: Uncertainty","E: Erroneous Data","E: Uncertainty","E: Erroneous Data","E: Uncertainty","E: Uncertainty","E: Erroneous Data","E: Erroneous Data","E: Erroneous Data","E: Erroneous Data","E: Erroneous Data","E: Erroneous Data","E: Erroneous Data"
"2023-04-16 08:00:00","PM10",NA,0.272,0,251.6034,183.9721,94.3571,85.6394,2.6504,0,NA,1.092,158.1381,NA,NA,3.6632,29.7988,0,0,1.5873,0,5.1045,NA,0,0,0,12.0245,NA,NA,0,NA,NA,0,NA,0,0,0,0,0,9.5183,0,"E: Uncertainty",NA,NA,NA,NA,NA,NA,NA,NA,"E: Uncertainty",NA,NA,"E: Uncertainty","E: Uncertainty",NA,NA,NA,NA,NA,NA,NA,"E: Uncertainty",NA,NA,NA,NA,"E: Uncertainty","E: Uncertainty",NA,"E: Uncertainty","E: Uncertainty",NA,"E: Uncertainty",NA,NA,NA,NA,NA,NA,NA
"2023-04-16 09:00:00","PM2.5",NA,0,0,148.0453,74.1491,54.0264,27.6857,1.9077,0,NA,NA,68.7158,0,0,1.4882,14.2197,0,0,0.7901,0,3.18,NA,0,0,0,NA,NA,0,0,0,NA,0,0,0,0,0,0,0,5.5623,0,"E: Uncertainty",NA,NA,NA,NA,NA,NA,NA,NA,"E: Uncertainty","E: Uncertainty",NA,NA,NA,NA,NA,NA,NA,NA,NA,NA,"E: Uncertainty",NA,NA,NA,"E: Uncertainty","E: Uncertainty",NA,NA,NA,"E: Uncertainty",NA,NA,NA,NA,NA,NA,NA,NA,NA
"2023-04-16 10:00:00","PM10",NA,260.7585,0,179.3741,331.0642,103.6494,211.7475,11.2417,0,NA,1.6019,178.9892,0,NA,2.1606,18.1824,0,0,0.7743,0,3.1844,NA,0,0,0,NA,0,0,0,0,NA,NA,0,0,0,0,0,0,4.4056,0,"E: Uncertainty",NA,NA,NA,NA,NA,NA,NA,NA,"E: Uncertainty",NA,NA,NA,"E: Uncertainty",NA,NA,NA,NA,NA,NA,NA,"E: Uncertainty",NA,NA,NA,"E: Uncertainty",NA,NA,NA,NA,"E: Uncertainty","E: Uncertainty",NA,NA,NA,NA,NA,NA,NA,NA
"2023-04-16 11:00:00","PM2.5",NA,0,0,143.3244,90.2034,46.4091,36.3695,2.1295,0,NA,NA,55.1358,NA,0,1.8165,18.0395,0,0,0,NA,2.8321,NA,0,0,0,12.9742,0,NA,0,0,NA,NA,NA,0,0,0,0,0,3.5551,0,"E: Uncertainty",NA,NA,NA,NA,NA,NA,NA,NA,"E: Uncertainty","E: Uncertainty",NA,"E: Uncertainty",NA,NA,NA,NA,NA,NA,"E: Uncertainty",NA,"E: Uncertainty",NA,NA,NA,NA,NA,"E: Uncertainty",NA,NA,"E: Uncertainty","E: Uncertainty","E: Uncertainty",NA,NA,NA,NA,NA,NA,NA
"2023-04-16 12:00:00","PM10",NA,468.2244,0,193.4804,356.1209,110.1441,311.3697,17.056,NA,NA,1.7085,202.9441,0,0,2.474,14.4394,0,0,0,NA,3.9829,3.0525,0,0,0,NA,NA,0,0,0,0,NA,0,0,NA,0,0,0,3.0529,0,"E: Uncertainty",NA,NA,NA,NA,NA,NA,NA,"E: Uncertainty","E: Uncertainty",NA,NA,NA,NA,NA,NA,NA,NA,NA,"E: Uncertainty",NA,NA,NA,NA,NA,"E: Uncertainty","E: Uncertainty",NA,NA,NA,NA,"E: Uncertainty",NA,NA,"E: Uncertainty",NA,NA,NA,NA,NA
"2023-04-16 13:00:00","PM2.5",0,0,0,136.7879,70.6921,43.2129,44.5236,1.7455,NA,NA,0,51.9379,0,0,1.0589,7.5883,0,0,0,NA,3.6286,NA,0,0,0,NA,NA,NA,0,NA,NA,NA,NA,0,0,0,0,0,1.7568,0,NA,NA,NA,NA,NA,NA,NA,NA,"E: Uncertainty","E: Uncertainty",NA,NA,NA,NA,NA,NA,NA,NA,NA,"E: Uncertainty",NA,"E: Uncertainty",NA,NA,NA,"E: Uncertainty","E: Uncertainty","E: Uncertainty",NA,"E: Uncertainty","E: Uncertainty","E: Uncertainty","E: Uncertainty",NA,NA,NA,NA,NA,NA,NA
"2023-04-16 14:00:00","PM10",NA,726.4625,0,214.1274,352.2907,115.4379,357.3186,18.1239,NA,NA,1.543,213.6064,0,NA,1.4937,7.3517,0,0,0.7171,0,4.8661,NA,0,0,0,9.6224,NA,NA,0,NA,0,NA,NA,0,0,0,0,0,1.3736,0,"E: Uncertainty",NA,NA,NA,NA,NA,NA,NA,"E: Uncertainty","E: Uncertainty",NA,NA,NA,"E: Uncertainty",NA,NA,NA,NA,NA,NA,NA,"E: Uncertainty",NA,NA,NA,NA,"E: Uncertainty","E: Uncertainty",NA,"E: Uncertainty",NA,"E: Uncertainty","E: Uncertainty",NA,NA,NA,NA,NA,NA,NA
"2023-04-16 15:00:00","PM2.5",NA,0.4262,0,138.0342,19.3446,36.7008,43.3465,2.0031,NA,NA,0,54.6653,0,0,1.5779,7.6613,0,0,1.1559,NA,3.0921,1.5385,0,NA,0,11.2117,0,NA,0,NA,NA,NA,NA,0,NA,0,0,0,2.5894,0,"E: Uncertainty",NA,NA,NA,NA,NA,NA,NA,"E: Uncertainty","E: Uncertainty",NA,NA,NA,NA,NA,NA,NA,NA,NA,"E: Uncertainty",NA,NA,NA,"E: Uncertainty",NA,NA,NA,"E: Uncertainty",NA,"E: Uncertainty","E: Uncertainty","E: Uncertainty","E: Uncertainty",NA,"E: Uncertainty",NA,NA,NA,NA,NA
"2023-04-16 16:00:00","PM10",NA,280.0702,0,197.0635,279.3869,92.1437,256.9938,13.1752,NA,0,1.4747,176.6654,0,NA,2.3994,11.0408,0,0,1.2509,NA,4.3568,NA,0,0,0,NA,NA,NA,0,NA,NA,NA,NA,0,0,0,0,0,3.6748,0,"E: Uncertainty",NA,NA,NA,NA,NA,NA,NA,"E: Uncertainty",NA,NA,NA,NA,"E: Uncertainty",NA,NA,NA,NA,NA,"E: Uncertainty",NA,"E: Uncertainty",NA,NA,NA,"E: Uncertainty","E: Uncertainty","E: Uncertainty",NA,"E: Uncertainty","E: Uncertainty","E: Uncertainty","E: Uncertainty",NA,NA,NA,NA,NA,NA,NA
"2023-04-16 17:00:00","PM2.5",NA,NA,NA,NA,NA,NA,NA,NA,NA,NA,NA,NA,NA,NA,NA,NA,NA,NA,NA,NA,NA,NA,NA,NA,NA,NA,NA,NA,NA,NA,NA,NA,NA,NA,NA,NA,NA,NA,NA,NA,"E: Erroneous Data","E: Uncertainty","E: Erroneous Data","E: Erroneous Data","E: Erroneous Data","E: Erroneous Data","E: Erroneous Data","E: Erroneous Data","E: Erroneous Data","E: Uncertainty","E: Erroneous Data","E: Erroneous Data","E: Erroneous Data","E: Erroneous Data","E: Erroneous Data","E: Erroneous Data","E: Erroneous Data","E: Erroneous Data","E: Erroneous Data","E: Uncertainty","E: Erroneous Data","E: Uncertainty","E: Erroneous Data","E: Erroneous Data","E: Erroneous Data","E: Uncertainty","E: Uncertainty","E: Uncertainty","E: Uncertainty","E: Uncertainty","E: Erroneous Data","E: Uncertainty","E: Erroneous Data","E: Erroneous Data","E: Erroneous Data","E: Erroneous Data","E: Erroneous Data","E: Erroneous Data","E: Erroneous Data","E: Erroneous Data"
"2023-04-16 18:00:00","PM10",NA,NA,NA,NA,NA,NA,NA,NA,NA,NA,NA,NA,NA,NA,NA,NA,NA,NA,NA,NA,NA,NA,NA,NA,NA,NA,NA,NA,NA,NA,NA,NA,NA,NA,NA,NA,NA,NA,NA,NA,"E: Erroneous Data","E: Erroneous Data","E: Erroneous Data","E: Erroneous Data","E: Erroneous Data","E: Erroneous Data","E: Erroneous Data","E: Erroneous Data","E: Erroneous Data","E: Uncertainty","E: Erroneous Data","E: Erroneous Data","E: Erroneous Data","E: Erroneous Data","E: Erroneous Data","E: Erroneous Data","E: Erroneous Data","E: Erroneous Data","E: Erroneous Data","E: Uncertainty","E: Erroneous Data","E: Erroneous Data","E: Erroneous Data","E: Erroneous Data","E: Erroneous Data","E: Erroneous Data","E: Erroneous Data","E: Erroneous Data","E: Erroneous Data","E: Uncertainty","E: Uncertainty","E: Uncertainty","E: Uncertainty","E: Erroneous Data","E: Erroneous Data","E: Erroneous Data","E: Erroneous Data","E: Erroneous Data","E: Erroneous Data","E: Erroneous Data"
"2023-04-16 19:00:00","PM2.5",NA,NA,NA,NA,NA,NA,NA,NA,NA,NA,NA,NA,NA,NA,NA,NA,NA,NA,NA,NA,NA,NA,NA,NA,NA,NA,NA,NA,NA,NA,NA,NA,NA,NA,NA,NA,NA,NA,NA,NA,"E: Uncertainty","E: Erroneous Data","E: Erroneous Data","E: Erroneous Data","E: Erroneous Data","E: Erroneous Data","E: Erroneous Data","E: Erroneous Data","E: Uncertainty","E: Erroneous Data","E: Uncertainty","E: Erroneous Data","E: Uncertainty","E: Uncertainty","E: Erroneous Data","E: Erroneous Data","E: Erroneous Data","E: Erroneous Data","E: Erroneous Data","E: Uncertainty","E: Erroneous Data","E: Uncertainty","E: Erroneous Data","E: Erroneous Data","E: Erroneous Data","E: Erroneous Data","E: Erroneous Data","E: Erroneous Data","E: Erroneous Data","E: Erroneous Data","E: Uncertainty","E: Erroneous Data","E: Uncertainty","E: Erroneous Data","E: Erroneous Data","E: Erroneous Data","E: Erroneous Data","E: Erroneous Data","E: Erroneous Data","E: Erroneous Data"
"2023-04-16 20:00:00","PM10",NA,793.4421,0,388.8413,364.4432,154.6461,423.3483,17.8097,0.9315,0,2.6323,356.3797,0,NA,8.5925,11.5271,0,0,1.5666,0,5.8211,2.0142,0,0,0,18.3714,NA,NA,0,NA,NA,NA,5.1432,0,0,0,0,0,4.0408,0,"E: Uncertainty",NA,NA,NA,NA,NA,NA,NA,NA,NA,NA,NA,NA,"E: Uncertainty",NA,NA,NA,NA,NA,NA,NA,NA,NA,NA,NA,NA,"E: Uncertainty","E: Uncertainty",NA,"E: Uncertainty","E: Uncertainty","E: Uncertainty",NA,NA,NA,NA,NA,NA,NA,NA
"2023-04-16 21:00:00","PM2.5",NA,NA,NA,NA,NA,NA,NA,NA,NA,NA,NA,NA,NA,NA,NA,NA,NA,NA,NA,NA,NA,NA,NA,NA,NA,NA,NA,NA,NA,NA,NA,NA,NA,NA,NA,NA,NA,NA,NA,NA,"E: Erroneous Data","E: Uncertainty","E: Erroneous Data","E: Erroneous Data","E: Erroneous Data","E: Erroneous Data","E: Erroneous Data","E: Erroneous Data","E: Uncertainty","E: Uncertainty","E: Uncertainty","E: Erroneous Data","E: Erroneous Data","E: Uncertainty","E: Erroneous Data","E: Erroneous Data","E: Erroneous Data","E: Erroneous Data","E: Erroneous Data","E: Uncertainty","E: Erroneous Data","E: Uncertainty","E: Uncertainty","E: Erroneous Data","E: Erroneous Data","E: Uncertainty","E: Erroneous Data","E: Uncertainty","E: Erroneous Data","E: Uncertainty","E: Uncertainty","E: Uncertainty","E: Uncertainty","E: Erroneous Data","E: Erroneous Data","E: Erroneous Data","E: Erroneous Data","E: Erroneous Data","E: Erroneous Data","E: Erroneous Data"
"2023-04-16 22:00:00","PM10",NA,NA,NA,NA,NA,NA,NA,NA,NA,NA,NA,NA,NA,NA,NA,NA,NA,NA,NA,NA,NA,NA,NA,NA,NA,NA,NA,NA,NA,NA,NA,NA,NA,NA,NA,NA,NA,NA,NA,NA,"E: Erroneous Data","E: Erroneous Data","E: Erroneous Data","E: Erroneous Data","E: Erroneous Data","E: Erroneous Data","E: Erroneous Data","E: Erroneous Data","E: Erroneous Data","E: Uncertainty","E: Erroneous Data","E: Erroneous Data","E: Erroneous Data","E: Uncertainty","E: Erroneous Data","E: Erroneous Data","E: Erroneous Data","E: Erroneous Data","E: Erroneous Data","E: Uncertainty","E: Erroneous Data","E: Erroneous Data","E: Erroneous Data","E: Erroneous Data","E: Erroneous Data","E: Erroneous Data","E: Uncertainty","E: Uncertainty","E: Erroneous Data","E: Uncertainty","E: Uncertainty","E: Uncertainty","E: Uncertainty","E: Erroneous Data","E: Erroneous Data","E: Erroneous Data","E: Erroneous Data","E: Erroneous Data","E: Erroneous Data","E: Erroneous Data"
"2023-04-16 23:00:00","PM2.5",NA,NA,NA,NA,NA,NA,NA,NA,NA,NA,NA,NA,NA,NA,NA,NA,NA,NA,NA,NA,NA,NA,NA,NA,NA,NA,NA,NA,NA,NA,NA,NA,NA,NA,NA,NA,NA,NA,NA,NA,"E: Erroneous Data","E: Erroneous Data","E: Erroneous Data","E: Erroneous Data","E: Erroneous Data","E: Erroneous Data","E: Erroneous Data","E: Erroneous Data","E: Uncertainty","E: Uncertainty","E: Uncertainty","E: Erroneous Data","E: Erroneous Data","E: Uncertainty","E: Erroneous Data","E: Erroneous Data","E: Erroneous Data","E: Erroneous Data","E: Erroneous Data","E: Uncertainty","E: Erroneous Data","E: Uncertainty","E: Erroneous Data","E: Erroneous Data","E: Erroneous Data","E: Uncertainty","E: Erroneous Data","E: Uncertainty","E: Erroneous Data","E: Erroneous Data","E: Uncertainty","E: Uncertainty","E: Erroneous Data","E: Erroneous Data","E: Erroneous Data","E: Erroneous Data","E: Erroneous Data","E: Erroneous Data","E: Erroneous Data","E: Erroneous Data"
"2023-04-17 00:30:00","PM10",NA,NA,0,337.7402,254.5673,116.7057,285.8611,15.4345,NA,0,NA,211.0044,0,NA,3.131,10.9262,0,0,1.7466,NA,5.2775,NA,0,0,0,18.4348,0,0,0,0,NA,NA,0,0,NA,0,0,0,NA,0,"E: Uncertainty","E: Uncertainty",NA,NA,NA,NA,NA,NA,"E: Uncertainty",NA,"E: Uncertainty",NA,NA,"E: Uncertainty",NA,NA,NA,NA,NA,"E: Uncertainty",NA,"E: Uncertainty",NA,NA,NA,NA,NA,NA,NA,NA,"E: Uncertainty","E: Uncertainty",NA,NA,"E: Uncertainty",NA,NA,NA,"E: Uncertainty",NA
"2023-04-17 01:00:00","PM2.5",0,0,0,228.5358,0,54.6123,29.5485,3.215,1.0592,NA,0,63.0687,NA,NA,1.762,8.7248,0,0,0.8753,0,4.5482,NA,0,0,0,15.3709,NA,NA,0,NA,NA,NA,NA,0,0,0,0,0,2.4663,0,NA,NA,NA,NA,NA,NA,NA,NA,NA,"E: Uncertainty",NA,NA,"E: Uncertainty","E: Uncertainty",NA,NA,NA,NA,NA,NA,NA,"E: Uncertainty",NA,NA,NA,NA,"E: Uncertainty","E: Uncertainty",NA,"E: Uncertainty","E: Uncertainty","E: Uncertainty","E: Uncertainty",NA,NA,NA,NA,NA,NA,NA
"2023-04-17 02:00:00","PM10",NA,278.2326,0,294.7175,72.2899,106.2796,293.0838,9.7944,NA,NA,NA,158.9639,0,NA,2.2335,13.2413,0,0,1.3287,NA,6.2456,1.9635,0,0,0,15.3142,NA,NA,0,NA,NA,NA,NA,0,0,0,0.0065,0,1.5448,0,"E: Uncertainty",NA,NA,NA,NA,NA,NA,NA,"E: Uncertainty","E: Uncertainty","E: Uncertainty",NA,NA,"E: Uncertainty",NA,NA,NA,NA,NA,"E: Uncertainty",NA,NA,NA,NA,NA,NA,"E: Uncertainty","E: Uncertainty",NA,"E: Uncertainty","E: Uncertainty","E: Uncertainty","E: Uncertainty",NA,NA,NA,NA,NA,NA,NA
"2023-04-17 03:00:00","PM2.5",NA,0,0,181.8196,0,54.2419,36.8749,2.0537,1.3836,0,0,38.1709,0,NA,0.7434,8.004,0,0,0.9473,NA,4.8617,NA,0,0,0,13.5546,NA,NA,0,0,NA,0,0,0,0,0,0,0,2.267,0,"E: Uncertainty",NA,NA,NA,NA,NA,NA,NA,NA,NA,NA,NA,NA,"E: Uncertainty",NA,NA,NA,NA,NA,"E: Uncertainty",NA,"E: Uncertainty",NA,NA,NA,NA,"E: Uncertainty","E: Uncertainty",NA,NA,"E: Uncertainty",NA,NA,NA,NA,NA,NA,NA,NA,NA
"2023-04-17 04:00:00","PM10",NA,NA,0,334.5632,104.623,123.0918,165.6866,10.5548,NA,NA,1.1406,174.9438,0.0103,NA,3.5112,25.3706,0,0,1.9041,NA,7.9141,1.8619,0,0,0,11.0544,NA,NA,0,0,0,0,0,0,0,0,0,0,4.1873,0,"E: Uncertainty","E: Uncertainty",NA,NA,NA,NA,NA,NA,"E: Uncertainty","E: Uncertainty",NA,NA,NA,"E: Uncertainty",NA,NA,NA,NA,NA,"E: Uncertainty",NA,NA,NA,NA,NA,NA,"E: Uncertainty","E: Uncertainty",NA,NA,NA,NA,NA,NA,NA,NA,NA,NA,NA,NA
"2023-04-17 05:00:00","PM2.5",NA,0,0,226.9342,0,58.8914,11.7864,1.8839,NA,0,0,46.0453,NA,NA,1.4619,11.278,0,0,2.4761,0,4.3437,0,0,0,0,NA,NA,0,0,NA,0,0,NA,0,0,0,0,0,2.2306,0,"E: Uncertainty",NA,NA,NA,NA,NA,NA,NA,"E: Uncertainty",NA,NA,NA,"E: Uncertainty","E: Uncertainty",NA,NA,NA,NA,NA,NA,NA,NA,NA,NA,NA,"E: Uncertainty","E: Uncertainty",NA,NA,"E: Uncertainty",NA,NA,"E: Uncertainty",NA,NA,NA,NA,NA,NA,NA
"2023-04-17 06:00:00","PM10",0,NA,0,335.9331,85.8463,89.6278,139.8656,7.043,NA,NA,0.8449,187.6552,0,NA,3.1864,12.6898,0,0,2.1169,NA,4.4993,NA,0,0,0,NA,0,0,0,NA,NA,0,NA,0,0,0,0,0,2.447,0,NA,"E: Uncertainty",NA,NA,NA,NA,NA,NA,"E: Uncertainty","E: Uncertainty",NA,NA,NA,"E: Uncertainty",NA,NA,NA,NA,NA,"E: Uncertainty",NA,"E: Uncertainty",NA,NA,NA,"E: Uncertainty",NA,NA,NA,"E: Uncertainty","E: Uncertainty",NA,"E: Uncertainty",NA,NA,NA,NA,NA,NA,NA
"2023-04-17 07:00:00","PM2.5",NA,0,0,281.2048,0,54.847,16.8073,3.801,NA,NA,NA,92.0323,0,0,3.2715,11.9928,0,0,1.2983,0,3.8043,NA,0,0,0,11.5552,NA,NA,0,NA,0,NA,NA,0,0,0,0,0,4.0283,0,"E: Uncertainty",NA,NA,NA,NA,NA,NA,NA,"E: Uncertainty","E: Uncertainty","E: Uncertainty",NA,NA,NA,NA,NA,NA,NA,NA,NA,NA,"E: Uncertainty",NA,NA,NA,NA,"E: Uncertainty","E: Uncertainty",NA,"E: Uncertainty",NA,"E: Uncertainty","E: Uncertainty",NA,NA,NA,NA,NA,NA,NA
"2023-04-17 08:00:00","PM10",NA,NA,0,293.6846,0,48.7688,72.9603,5.6187,0,NA,0.8712,210.4278,0,NA,5.573,12.5855,0,0,1.739,0,3.0082,NA,0,0,0,NA,NA,0,0,0,NA,0,4.7381,0,0,0,0,0,8.6628,0,"E: Uncertainty","E: Uncertainty",NA,NA,NA,NA,NA,NA,NA,"E: Uncertainty",NA,NA,NA,"E: Uncertainty",NA,NA,NA,NA,NA,NA,NA,"E: Uncertainty",NA,NA,NA,"E: Uncertainty","E: Uncertainty",NA,NA,NA,"E: Uncertainty",NA,NA,NA,NA,NA,NA,NA,NA,NA
"2023-04-17 09:00:00","PM2.5",752.3435,NA,0,227.8471,0,39.1646,23.9894,2.5123,NA,NA,NA,70.9941,NA,NA,1.9108,9.8525,0,0,1.7271,0,3.8267,NA,0,0,0,NA,NA,0,0,0,NA,0.0948,NA,0,0,0,0,0,3.2732,0,NA,"E: Uncertainty",NA,NA,NA,NA,NA,NA,"E: Uncertainty","E: Uncertainty","E: Uncertainty",NA,"E: Uncertainty","E: Uncertainty",NA,NA,NA,NA,NA,NA,NA,"E: Uncertainty",NA,NA,NA,"E: Uncertainty","E: Uncertainty",NA,NA,NA,"E: Uncertainty",NA,"E: Uncertainty",NA,NA,NA,NA,NA,NA,NA
"2023-04-17 10:00:00","PM10",0,195.9991,0,423.6429,14.0261,94.0818,213.9795,11.1493,NA,NA,1.3584,231.9824,0,0,5.4579,14.11,0,0,1.3167,0,4.7626,NA,0,0,0,14.7032,NA,NA,0,NA,NA,NA,NA,0,0,0,0,0,1.6457,0,NA,NA,NA,NA,NA,NA,NA,NA,"E: Uncertainty","E: Uncertainty",NA,NA,NA,NA,NA,NA,NA,NA,NA,NA,NA,"E: Uncertainty",NA,NA,NA,NA,"E: Uncertainty","E: Uncertainty",NA,"E: Uncertainty","E: Uncertainty","E: Uncertainty","E: Uncertainty",NA,NA,NA,NA,NA,NA,NA
"2023-04-17 11:00:00","PM2.5",0,NA,0,347.5382,0,50.9476,60.9786,4.3494,NA,NA,NA,88.7412,0,NA,2.6967,7.1092,0,0,0.5525,NA,4.0968,NA,0,0,0,20.665,NA,0,0,0,NA,NA,NA,0,0,0,0,0,2.598,0,NA,"E: Uncertainty",NA,NA,NA,NA,NA,NA,"E: Uncertainty","E: Uncertainty","E: Uncertainty",NA,NA,"E: Uncertainty",NA,NA,NA,NA,NA,"E: Uncertainty",NA,"E: Uncertainty",NA,NA,NA,NA,"E: Uncertainty",NA,NA,NA,"E: Uncertainty","E: Uncertainty","E: Uncertainty",NA,NA,NA,NA,NA,NA,NA
"2023-04-17 12:00:00","PM10",0,295.5211,0,305.0593,12.024,86.2168,315.6022,15.1042,NA,NA,2.0371,232.5218,NA,NA,3.7647,10.384,0,0,NA,NA,4.391,NA,0,0,0,NA,0,0,0,NA,NA,NA,3.6416,0,0,0,0,0,2.3552,0,NA,NA,NA,NA,NA,NA,NA,NA,"E: Uncertainty","E: Uncertainty",NA,NA,"E: Uncertainty","E: Uncertainty",NA,NA,NA,NA,"E: Uncertainty","E: Uncertainty",NA,"E: Uncertainty",NA,NA,NA,"E: Uncertainty",NA,NA,NA,"E: Uncertainty","E: Uncertainty","E: Uncertainty",NA,NA,NA,NA,NA,NA,NA,NA
"2023-04-17 13:00:00","PM2.5",NA,NA,0,272.4891,0,37.5776,67.48,4.3766,NA,0,NA,82.2862,0,0,2.2359,10.2244,0,0,1.2188,0,3.5277,NA,0,0,0,9.8854,NA,0,0,NA,0,0,0,0,NA,0,0,0,5.2541,0,"E: Uncertainty","E: Uncertainty",NA,NA,NA,NA,NA,NA,"E: Uncertainty",NA,"E: Uncertainty",NA,NA,NA,NA,NA,NA,NA,NA,NA,NA,"E: Uncertainty",NA,NA,NA,NA,"E: Uncertainty",NA,NA,"E: Uncertainty",NA,NA,NA,NA,"E: Uncertainty",NA,NA,NA,NA,NA
"2023-04-17 14:00:00","PM10",NA,338.4763,0,406.4057,0,98.6481,353.964,13.2641,NA,0.6153,2.614,310.7015,0,NA,6.4291,17.4984,0,0,0.5448,0,5.359,1.7199,0,0,0,NA,NA,NA,0,0,NA,NA,5.6641,0,0,0,0,0,4.6582,0,"E: Uncertainty",NA,NA,NA,NA,NA,NA,NA,"E: Uncertainty",NA,NA,NA,NA,"E: Uncertainty",NA,NA,NA,NA,NA,NA,NA,NA,NA,NA,NA,"E: Uncertainty","E: Uncertainty","E: Uncertainty",NA,NA,"E: Uncertainty","E: Uncertainty",NA,NA,NA,NA,NA,NA,NA,NA
"2023-04-17 15:00:00","PM2.5",NA,NA,0,487.0496,0,45.967,51.21,3.126,NA,0,NA,104.6326,0,NA,2.342,17.6885,0,0,0.9307,NA,4.3921,NA,0,0,0,NA,NA,0,0,NA,NA,NA,NA,0,0,0,0,0,4.0044,0,"E: Uncertainty","E: Uncertainty",NA,NA,NA,NA,NA,NA,"E: Uncertainty",NA,"E: Uncertainty",NA,NA,"E: Uncertainty",NA,NA,NA,NA,NA,"E: Uncertainty",NA,"E: Uncertainty",NA,NA,NA,"E: Uncertainty","E: Uncertainty",NA,NA,"E: Uncertainty","E: Uncertainty","E: Uncertainty","E: Uncertainty",NA,NA,NA,NA,NA,NA,NA
"2023-04-17 16:00:00","PM10",NA,387.619,0,1006.5058,0,122.5495,430.7299,14.6191,NA,0.8647,2.9497,427.7323,0,NA,8.4876,20.1874,0,0,1.294,NA,6.8559,NA,0,0,0,21.1567,NA,0,0,0,0,NA,9.3232,0,0,0,0,0,10.1904,0,"E: Uncertainty",NA,NA,NA,NA,NA,NA,NA,"E: Uncertainty",NA,NA,NA,NA,"E: Uncertainty",NA,NA,NA,NA,NA,"E: Uncertainty",NA,"E: Uncertainty",NA,NA,NA,NA,"E: Uncertainty",NA,NA,NA,NA,"E: Uncertainty",NA,NA,NA,NA,NA,NA,NA,NA
"2023-04-17 17:00:00","PM2.5",0,0,0,697.3381,0,66.2929,78.7977,3.2307,NA,NA,1.1675,166.9886,0,NA,3.7743,23.9867,0,0,1.763,NA,6.3337,NA,0,NA,0,NA,NA,NA,0,0,NA,NA,NA,0,0,0,0,0,7.4747,0,NA,NA,NA,NA,NA,NA,NA,NA,"E: Uncertainty","E: Uncertainty",NA,NA,NA,"E: Uncertainty",NA,NA,NA,NA,NA,"E: Uncertainty",NA,"E: Uncertainty",NA,"E: Uncertainty",NA,"E: Uncertainty","E: Uncertainty","E: Uncertainty",NA,NA,"E: Uncertainty","E: Uncertainty","E: Uncertainty",NA,NA,NA,NA,NA,NA,NA
"2023-04-17 18:00:00","PM10",640.7684,287.9624,0,890.1785,0,112.1511,385.4837,15.1123,NA,2.2018,5.576,809.7637,0,NA,23.6018,31.3397,0,0,0.6433,NA,6.9537,NA,0,NA,0,NA,NA,NA,0,0,NA,NA,13.753,0,0,0,0,0,7.4101,0,NA,NA,NA,NA,NA,NA,NA,NA,"E: Uncertainty",NA,NA,NA,NA,"E: Uncertainty",NA,NA,NA,NA,NA,"E: Uncertainty",NA,"E: Uncertainty",NA,"E: Uncertainty",NA,"E: Uncertainty","E: Uncertainty","E: Uncertainty",NA,NA,"E: Uncertainty","E: Uncertainty",NA,NA,NA,NA,NA,NA,NA,NA
"2023-04-17 19:00:00","PM2.5",NA,0,0,528.0608,0,56.6464,51.7226,2.5293,NA,NA,NA,174.4283,0,NA,5.0211,21.3432,0,0,1.4215,NA,5.2226,NA,0,0,0,14.3655,NA,0,0,NA,0,NA,NA,0,0,0,0,0,4.782,0,"E: Uncertainty",NA,NA,NA,NA,NA,NA,NA,"E: Uncertainty","E: Uncertainty","E: Uncertainty",NA,NA,"E: Uncertainty",NA,NA,NA,NA,NA,"E: Uncertainty",NA,"E: Uncertainty",NA,NA,NA,NA,"E: Uncertainty",NA,NA,"E: Uncertainty",NA,"E: Uncertainty","E: Uncertainty",NA,NA,NA,NA,NA,NA,NA
"2023-04-17 20:00:00","PM10",NA,169.521,0,632.4175,87.5871,89.6417,261.7071,9.4955,NA,1.0335,2.4807,434.1726,0,NA,9.35,22.5861,0,0,1.397,0,5.0003,NA,0,0,NA,16.9083,0,0,0,NA,NA,NA,6.7297,0,0,0,NA,0,9.8792,0,"E: Uncertainty",NA,NA,NA,NA,NA,NA,NA,"E: Uncertainty",NA,NA,NA,NA,"E: Uncertainty",NA,NA,NA,NA,NA,NA,NA,"E: Uncertainty",NA,NA,"E: Uncertainty",NA,NA,NA,NA,"E: Uncertainty","E: Uncertainty","E: Uncertainty",NA,NA,NA,NA,"E: Uncertainty",NA,NA,NA
"2023-04-17 21:00:00","PM2.5",NA,0,0,539.3059,0,52.5852,52.9472,1.4441,0,0,NA,164.6368,0,0,5.0839,19.7992,0,0,1.283,0,2.8406,NA,0,0,0,NA,NA,NA,0,0,NA,NA,3.2889,0,0,0,0,0,3.6628,0,"E: Uncertainty",NA,NA,NA,NA,NA,NA,NA,NA,NA,"E: Uncertainty",NA,NA,NA,NA,NA,NA,NA,NA,NA,NA,"E: Uncertainty",NA,NA,NA,"E: Uncertainty","E: Uncertainty","E: Uncertainty",NA,NA,"E: Uncertainty","E: Uncertainty",NA,NA,NA,NA,NA,NA,NA,NA
"2023-04-17 22:00:00","PM10",NA,NA,0,508.1406,45.1007,84.9503,161.8484,3.9306,NA,NA,1.5153,187.8181,0,0,4.6004,26.6563,0,0,0.9633,NA,3.6767,NA,0,0,0,13.4014,NA,NA,0,NA,NA,NA,3.1552,0,0,0,0,0,2.6914,0,"E: Uncertainty","E: Uncertainty",NA,NA,NA,NA,NA,NA,"E: Uncertainty","E: Uncertainty",NA,NA,NA,NA,NA,NA,NA,NA,NA,"E: Uncertainty",NA,"E: Uncertainty",NA,NA,NA,NA,"E: Uncertainty","E: Uncertainty",NA,"E: Uncertainty","E: Uncertainty","E: Uncertainty",NA,NA,NA,NA,NA,NA,NA,NA
"2023-04-17 23:00:00","PM2.5",0,0,0,430.7905,0,54.1466,20.2957,0,NA,NA,0,43.0804,0,NA,2.1733,11.1639,0,0,NA,NA,2.255,NA,0,NA,0,21.9078,NA,NA,0,NA,NA,NA,NA,0,0,0,0,0,3.6626,0,NA,NA,NA,NA,NA,NA,NA,NA,"E: Uncertainty","E: Uncertainty",NA,NA,NA,"E: Uncertainty",NA,NA,NA,NA,"E: Uncertainty","E: Uncertainty",NA,"E: Uncertainty",NA,"E: Uncertainty",NA,NA,"E: Uncertainty","E: Uncertainty",NA,"E: Uncertainty","E: Uncertainty","E: Uncertainty","E: Uncertainty",NA,NA,NA,NA,NA,NA,NA
"2023-04-18 00:30:00","PM10",NA,0,0,697.0617,0,68.6385,77.5897,3.0207,0,0,0,88.6164,0,0,1.8663,34.1955,0,0,0,0,2.4304,NA,0,0,0,38.1951,0,NA,0,NA,NA,NA,0,0,0,0,0,0,1.5684,0,"E: Uncertainty",NA,NA,NA,NA,NA,NA,NA,NA,NA,NA,NA,NA,NA,NA,NA,NA,NA,NA,NA,NA,"E: Uncertainty",NA,NA,NA,NA,NA,"E: Uncertainty",NA,"E: Uncertainty","E: Uncertainty","E: Uncertainty",NA,NA,NA,NA,NA,NA,NA,NA
"2023-04-18 01:00:00","PM2.5",NA,0,0,572.5392,0,53.4714,15.3441,NA,NA,NA,NA,35.2889,0,NA,1.0718,10.7173,0,0,0.3713,NA,2.594,NA,0,0,0,11.3457,NA,NA,0,NA,NA,NA,0,0,NA,0,0,0,0.7975,0,"E: Uncertainty",NA,NA,NA,NA,NA,NA,"E: Uncertainty","E: Uncertainty","E: Uncertainty","E: Uncertainty",NA,NA,"E: Uncertainty",NA,NA,NA,NA,NA,"E: Uncertainty",NA,"E: Uncertainty",NA,NA,NA,NA,"E: Uncertainty","E: Uncertainty",NA,"E: Uncertainty","E: Uncertainty","E: Uncertainty",NA,NA,"E: Uncertainty",NA,NA,NA,NA,NA
"2023-04-18 02:00:00","PM10",NA,NA,0,1097.8415,0,112.8171,131.5865,5.0296,NA,NA,1.277,110.5776,0,NA,1.6695,15.5082,0,0,0,0.5061,4.6482,2.0072,0,0,0,11.3696,0,NA,0,0,NA,0,0,0,0,0,0,0,1.7698,0,"E: Uncertainty","E: Uncertainty",NA,NA,NA,NA,NA,NA,"E: Uncertainty","E: Uncertainty",NA,NA,NA,"E: Uncertainty",NA,NA,NA,NA,NA,NA,NA,NA,NA,NA,NA,NA,NA,"E: Uncertainty",NA,NA,"E: Uncertainty",NA,NA,NA,NA,NA,NA,NA,NA,NA
"2023-04-18 03:00:00","PM2.5",NA,0,0,947.6541,189.1461,96.4181,24.9858,1.5329,NA,NA,NA,49.8896,0,0,1.4283,50.6852,0,0,2.1398,NA,17.1583,NA,0,NA,0,10.4942,NA,NA,0,NA,0,NA,0,0,0,0,0,0,14.1383,0,"E: Uncertainty",NA,NA,NA,NA,NA,NA,NA,"E: Uncertainty","E: Uncertainty","E: Uncertainty",NA,NA,NA,NA,NA,NA,NA,NA,"E: Uncertainty",NA,"E: Uncertainty",NA,"E: Uncertainty",NA,NA,"E: Uncertainty","E: Uncertainty",NA,"E: Uncertainty",NA,"E: Uncertainty",NA,NA,NA,NA,NA,NA,NA,NA
"2023-04-18 04:00:00","PM10",NA,NA,0,897.7971,0,126.5141,141.2235,4.8055,0.8876,NA,1.3019,103.9083,NA,NA,1.7031,25.5521,0,0,0.6223,NA,5.8613,NA,0,0,0,10.8804,NA,0,0,0,NA,NA,0,0,0,0,0,0,8.0101,0,"E: Uncertainty","E: Uncertainty",NA,NA,NA,NA,NA,NA,NA,"E: Uncertainty",NA,NA,"E: Uncertainty","E: Uncertainty",NA,NA,NA,NA,NA,"E: Uncertainty",NA,"E: Uncertainty",NA,NA,NA,NA,"E: Uncertainty",NA,NA,NA,"E: Uncertainty","E: Uncertainty",NA,NA,NA,NA,NA,NA,NA,NA
"2023-04-18 05:00:00","PM2.5",NA,NA,0,643.8192,0,96.7418,42.0869,2.2132,NA,NA,NA,91.5745,0,NA,1.6127,19.4687,0,0,1.3363,NA,3.2563,0,0,0,0,NA,0,NA,0,0,NA,NA,0,0,0,0,0,0,NA,0,"E: Uncertainty","E: Uncertainty",NA,NA,NA,NA,NA,NA,"E: Uncertainty","E: Uncertainty","E: Uncertainty",NA,NA,"E: Uncertainty",NA,NA,NA,NA,NA,"E: Uncertainty",NA,NA,NA,NA,NA,"E: Uncertainty",NA,"E: Uncertainty",NA,NA,"E: Uncertainty","E: Uncertainty",NA,NA,NA,NA,NA,NA,"E: Uncertainty",NA
"2023-04-18 06:00:00","PM10",0,390.9309,0,1012.0771,0,167.468,417.9113,14.5615,1.1868,0.7303,6.1047,710.9262,NA,NA,6.0399,50.2427,0,0,0.8149,NA,4.1787,NA,0,0,0,NA,NA,0,0,NA,NA,NA,NA,0,0,0,0,0,2.8895,0,NA,NA,NA,NA,NA,NA,NA,NA,NA,NA,NA,NA,"E: Uncertainty","E: Uncertainty",NA,NA,NA,NA,NA,"E: Uncertainty",NA,"E: Uncertainty",NA,NA,NA,"E: Uncertainty","E: Uncertainty",NA,NA,"E: Uncertainty","E: Uncertainty","E: Uncertainty","E: Uncertainty",NA,NA,NA,NA,NA,NA,NA
"2023-04-18 07:00:00","PM2.5",0,NA,0,922.0743,0,150.8709,137.1137,7.4067,0.8707,NA,1.7764,189.0623,0,NA,3.3999,26.587,0,0,0.5707,NA,5.3813,NA,0,0,0,18.6612,0,0,0,0,0,NA,0,0,NA,0,NA,0,2.0893,0,NA,"E: Uncertainty",NA,NA,NA,NA,NA,NA,NA,"E: Uncertainty",NA,NA,NA,"E: Uncertainty",NA,NA,NA,NA,NA,"E: Uncertainty",NA,"E: Uncertainty",NA,NA,NA,NA,NA,NA,NA,NA,NA,"E: Uncertainty",NA,NA,"E: Uncertainty",NA,"E: Uncertainty",NA,NA,NA
"2023-04-18 08:00:00","PM10",NA,948.2515,0,1126.9385,0,246.6786,718.1907,26.037,1.0736,1.1791,7.0894,467.6195,0,0.6903,6.4128,47.8856,0,0,0.9157,NA,4.5302,2.2054,0,0,0,NA,NA,NA,0,NA,NA,0,NA,0,0,0,0,0,3.1144,0,"E: Uncertainty",NA,NA,NA,NA,NA,NA,NA,NA,NA,NA,NA,NA,NA,NA,NA,NA,NA,NA,"E: Uncertainty",NA,NA,NA,NA,NA,"E: Uncertainty","E: Uncertainty","E: Uncertainty",NA,"E: Uncertainty","E: Uncertainty",NA,"E: Uncertainty",NA,NA,NA,NA,NA,NA,NA
"2023-04-18 09:00:00","PM2.5",0,NA,0,831.376,0,168.9877,188.2384,7.4021,0.8911,0.6344,1.6556,154.5109,0,NA,3.1761,29.1666,0,0,0.8237,NA,3.7689,NA,0,0,0,NA,0,NA,0,0,NA,NA,0,0,0,0,0,0,4.1662,0,NA,"E: Uncertainty",NA,NA,NA,NA,NA,NA,NA,NA,NA,NA,NA,"E: Uncertainty",NA,NA,NA,NA,NA,"E: Uncertainty",NA,"E: Uncertainty",NA,NA,NA,"E: Uncertainty",NA,"E: Uncertainty",NA,NA,"E: Uncertainty","E: Uncertainty",NA,NA,NA,NA,NA,NA,NA,NA
"2023-04-18 10:00:00","PM10",0,1113.076,0,805.302,0,292.4697,885.7869,25.9136,1.2639,1.0507,7.0469,407.2539,0,0.6484,4.0483,25.2817,0,0,0.3852,0,4.4894,2.6305,0,0,0,11.4247,0,0,0,NA,NA,NA,NA,0,0,0,0,0,4.2495,0,NA,NA,NA,NA,NA,NA,NA,NA,NA,NA,NA,NA,NA,NA,NA,NA,NA,NA,NA,NA,NA,NA,NA,NA,NA,NA,NA,NA,NA,"E: Uncertainty","E: Uncertainty","E: Uncertainty","E: Uncertainty",NA,NA,NA,NA,NA,NA,NA
"2023-04-18 11:00:00","PM2.5",0,NA,0,652.2346,0,172.9342,197.9168,8.6269,1.3083,NA,1.0569,138.8274,0,0.5604,2.8898,22.9139,0,0,0.4127,NA,4.5091,1.7639,0,0,0,9.8134,0,NA,0,0,0,0,0,0,0,0,0,0,2.2591,0,NA,"E: Uncertainty",NA,NA,NA,NA,NA,NA,NA,"E: Uncertainty",NA,NA,NA,NA,NA,NA,NA,NA,NA,"E: Uncertainty",NA,NA,NA,NA,NA,NA,NA,"E: Uncertainty",NA,NA,NA,NA,NA,NA,NA,NA,NA,NA,NA,NA
"2023-04-18 12:00:00","PM10",821.6332,1917.7886,0,542.9908,0,336.9174,1570.0743,39.0741,NA,0.7124,10.4155,521.4595,0,0.671,5.7366,26.728,0,0,1.0658,NA,5.0268,3.726,NA,NA,0,14.3966,NA,NA,0,0,NA,0,6.4645,0,0,0,0,0,2.601,0,NA,NA,NA,NA,NA,NA,NA,NA,"E: Uncertainty",NA,NA,NA,NA,NA,NA,NA,NA,NA,NA,"E: Uncertainty",NA,NA,"E: Uncertainty","E: Uncertainty",NA,NA,"E: Uncertainty","E: Uncertainty",NA,NA,"E: Uncertainty",NA,NA,NA,NA,NA,NA,NA,NA,NA
"2023-04-18 13:00:00","PM2.5",NA,161.977,0,437.6522,0,171.7722,272.1051,12.9945,0,NA,2.5108,165.8323,0,NA,1.8771,19.9403,0,0,NA,0,4.6169,NA,0,0,0,17.9879,NA,0.0557,0,NA,NA,NA,NA,0,0,0,0,0,2.3833,0,"E: Uncertainty",NA,NA,NA,NA,NA,NA,NA,NA,"E: Uncertainty",NA,NA,NA,"E: Uncertainty",NA,NA,NA,NA,"E: Uncertainty",NA,NA,"E: Uncertainty",NA,NA,NA,NA,"E: Uncertainty",NA,NA,"E: Uncertainty","E: Uncertainty","E: Uncertainty","E: Uncertainty",NA,NA,NA,NA,NA,NA,NA
"2023-04-18 14:00:00","PM10",NA,1780.8172,0,660.3164,0,299.5722,1367.2167,37.4147,NA,0.9691,9.6485,487.1639,NA,0.626,4.8199,29.2475,0,0,0.758,NA,5.5322,3.3847,0,NA,0,11.3235,0,NA,0,0,NA,0,4.6293,0,0,0,0,0,4.7985,0,"E: Uncertainty",NA,NA,NA,NA,NA,NA,NA,"E: Uncertainty",NA,NA,NA,"E: Uncertainty",NA,NA,NA,NA,NA,NA,"E: Uncertainty",NA,NA,NA,"E: Uncertainty",NA,NA,NA,"E: Uncertainty",NA,NA,"E: Uncertainty",NA,NA,NA,NA,NA,NA,NA,NA,NA
"2023-04-18 15:00:00","PM2.5",NA,NA,0,433.9201,0,156.2037,215.2626,9.9037,0,NA,2.8184,143.2798,0,NA,2.645,25.1769,0,0,0,NA,4.8127,NA,0,0,0,16.3321,NA,NA,0,0,NA,0,0,0,0,0,0,0,3.2384,0,"E: Uncertainty","E: Uncertainty",NA,NA,NA,NA,NA,NA,NA,"E: Uncertainty",NA,NA,NA,"E: Uncertainty",NA,NA,NA,NA,NA,"E: Uncertainty",NA,"E: Uncertainty",NA,NA,NA,NA,"E: Uncertainty","E: Uncertainty",NA,NA,"E: Uncertainty",NA,NA,NA,NA,NA,NA,NA,NA,NA
"2023-04-18 16:00:00","PM10",NA,1195.3406,0,581.6304,15.9772,250.5749,805.3137,27.7845,NA,0.7476,6.6581,394.2583,0,0,3.936,24.6337,0,0,NA,NA,4.9873,2.4787,0,NA,0,NA,0,NA,0,0,NA,NA,NA,0,0,0,0,0,3.2318,0,"E: Uncertainty",NA,NA,NA,NA,NA,NA,NA,"E: Uncertainty",NA,NA,NA,NA,NA,NA,NA,NA,NA,"E: Uncertainty","E: Uncertainty",NA,NA,NA,"E: Uncertainty",NA,"E: Uncertainty",NA,"E: Uncertainty",NA,NA,"E: Uncertainty","E: Uncertainty","E: Uncertainty",NA,NA,NA,NA,NA,NA,NA
"2023-04-18 17:00:00","PM2.5",NA,NA,0,486.1647,0,144.2423,178.3837,7.9028,NA,NA,1.7829,132.3381,NA,NA,2.5307,16.0109,0,0,0.5886,NA,4.2463,NA,0,0,0,15.2556,0,0,0,NA,NA,0,NA,0,0,0,0,0,1.4516,0,"E: Uncertainty","E: Uncertainty",NA,NA,NA,NA,NA,NA,"E: Uncertainty","E: Uncertainty",NA,NA,"E: Uncertainty","E: Uncertainty",NA,NA,NA,NA,NA,"E: Uncertainty",NA,"E: Uncertainty",NA,NA,NA,NA,NA,NA,NA,"E: Uncertainty","E: Uncertainty",NA,"E: Uncertainty",NA,NA,NA,NA,NA,NA,NA
"2023-04-18 18:00:00","PM10",0,966.9471,0,622.0545,69.4851,241.1571,570.4262,23.5615,NA,0.8186,5.9414,338.645,NA,NA,4.0566,23.9095,0,0,0.9647,NA,5.9542,2.5387,0,0,0,16.5499,0,0,0,NA,NA,NA,NA,0,0,0,0,0,1.8004,0,NA,NA,NA,NA,NA,NA,NA,NA,"E: Uncertainty",NA,NA,NA,"E: Uncertainty","E: Uncertainty",NA,NA,NA,NA,NA,"E: Uncertainty",NA,NA,NA,NA,NA,NA,NA,NA,NA,"E: Uncertainty","E: Uncertainty","E: Uncertainty","E: Uncertainty",NA,NA,NA,NA,NA,NA,NA
"2023-04-18 19:00:00","PM2.5",NA,NA,0,551.1199,0,149.1144,135.4588,6.6229,NA,NA,1.0783,122.5164,NA,NA,3.1821,17.7315,0,0,0.8273,NA,5.3725,NA,0,0,NA,NA,0,NA,0,NA,NA,NA,NA,0,0,0,0,0,1.3345,0,"E: Uncertainty","E: Uncertainty",NA,NA,NA,NA,NA,NA,"E: Uncertainty","E: Uncertainty",NA,NA,"E: Uncertainty","E: Uncertainty",NA,NA,NA,NA,NA,"E: Uncertainty",NA,"E: Uncertainty",NA,NA,"E: Uncertainty","E: Uncertainty",NA,"E: Uncertainty",NA,"E: Uncertainty","E: Uncertainty","E: Uncertainty","E: Uncertainty",NA,NA,NA,NA,NA,NA,NA
"2023-04-18 20:00:00","PM10",NA,552.8205,0,667.2371,592.414,219.4923,494.3256,19.2602,NA,NA,3.6236,260.2206,0,NA,4.1586,28.9827,0,0,1.9986,NA,5.4302,2.4559,0,0,0,NA,0,NA,0,NA,0,NA,NA,0,0,0,0,0,0,0,"E: Uncertainty",NA,NA,NA,NA,NA,NA,NA,"E: Uncertainty","E: Uncertainty",NA,NA,NA,"E: Uncertainty",NA,NA,NA,NA,NA,"E: Uncertainty",NA,NA,NA,NA,NA,"E: Uncertainty",NA,"E: Uncertainty",NA,"E: Uncertainty",NA,"E: Uncertainty","E: Uncertainty",NA,NA,NA,NA,NA,NA,NA
"2023-04-18 21:00:00","PM2.5",NA,NA,0,727.4485,135.8618,142.5742,101.173,3.7825,0.7747,NA,1.1089,92.8947,0,0,1.9558,21.4033,0,0,0.709,NA,4.7771,NA,0,0,0,8.882,NA,NA,0,NA,NA,NA,NA,0,0,0,0,0,1.1854,0,"E: Uncertainty","E: Uncertainty",NA,NA,NA,NA,NA,NA,NA,"E: Uncertainty",NA,NA,NA,NA,NA,NA,NA,NA,NA,"E: Uncertainty",NA,"E: Uncertainty",NA,NA,NA,NA,"E: Uncertainty","E: Uncertainty",NA,"E: Uncertainty","E: Uncertainty","E: Uncertainty","E: Uncertainty",NA,NA,NA,NA,NA,NA,NA
"2023-04-18 22:00:00","PM10",NA,292.6239,0,907.0438,1431.0686,213.6458,326.0806,11.3333,NA,NA,2.7951,191.4486,0,NA,5.3975,21.6913,0,0,0.8399,NA,7.4429,1.7833,0,0,0,13.498,NA,NA,0,0,0,NA,0,0,0,0,0,0,1.3039,0,"E: Uncertainty",NA,NA,NA,NA,NA,NA,NA,"E: Uncertainty","E: Uncertainty",NA,NA,NA,"E: Uncertainty",NA,NA,NA,NA,NA,"E: Uncertainty",NA,NA,NA,NA,NA,NA,"E: Uncertainty","E: Uncertainty",NA,NA,NA,"E: Uncertainty",NA,NA,NA,NA,NA,NA,NA,NA
"2023-04-18 23:00:00","PM2.5",0,0,0,876.8453,240.6185,162.7733,79.6288,3.5631,NA,NA,NA,69.9467,NA,NA,0.8951,13.873,0,0,NA,NA,6.0221,NA,0,0,0,NA,0,NA,0,0,NA,0,NA,0,0,0,0,0,2.0615,0,NA,NA,NA,NA,NA,NA,NA,NA,"E: Uncertainty","E: Uncertainty","E: Uncertainty",NA,"E: Uncertainty","E: Uncertainty",NA,NA,NA,NA,"E: Uncertainty","E: Uncertainty",NA,"E: Uncertainty",NA,NA,NA,"E: Uncertainty",NA,"E: Uncertainty",NA,NA,"E: Uncertainty",NA,"E: Uncertainty",NA,NA,NA,NA,NA,NA,NA
"2023-04-19 00:30:00","PM10",NA,NA,NA,NA,NA,NA,NA,NA,NA,NA,NA,NA,NA,NA,NA,NA,NA,NA,NA,NA,NA,NA,NA,NA,NA,NA,NA,NA,NA,NA,NA,NA,NA,NA,NA,NA,NA,NA,NA,NA,"E: Erroneous Data","E: Uncertainty","E: Erroneous Data","E: Erroneous Data","E: Erroneous Data","E: Erroneous Data","E: Erroneous Data","E: Erroneous Data","E: Uncertainty","E: Uncertainty","E: Erroneous Data","E: Erroneous Data","E: Erroneous Data","E: Uncertainty","E: Erroneous Data","E: Erroneous Data","E: Erroneous Data","E: Erroneous Data","E: Erroneous Data","E: Erroneous Data","E: Erroneous Data","E: Uncertainty","E: Erroneous Data","E: Erroneous Data","E: Erroneous Data","E: Uncertainty","E: Uncertainty","E: Uncertainty","E: Erroneous Data","E: Erroneous Data","E: Uncertainty","E: Erroneous Data","E: Uncertainty","E: Erroneous Data","E: Erroneous Data","E: Erroneous Data","E: Erroneous Data","E: Erroneous Data","E: Erroneous Data","E: Erroneous Data"
"2023-04-19 01:00:00","PM2.5",NA,NA,NA,NA,NA,NA,NA,NA,NA,NA,NA,NA,NA,NA,NA,NA,NA,NA,NA,NA,NA,NA,NA,NA,NA,NA,NA,NA,NA,NA,NA,NA,NA,NA,NA,NA,NA,NA,NA,NA,"E: Uncertainty","E: Erroneous Data","E: Erroneous Data","E: Erroneous Data","E: Erroneous Data","E: Erroneous Data","E: Erroneous Data","E: Erroneous Data","E: Uncertainty","E: Erroneous Data","E: Erroneous Data","E: Erroneous Data","E: Erroneous Data","E: Uncertainty","E: Erroneous Data","E: Erroneous Data","E: Erroneous Data","E: Erroneous Data","E: Erroneous Data","E: Uncertainty","E: Erroneous Data","E: Uncertainty","E: Erroneous Data","E: Erroneous Data","E: Erroneous Data","E: Erroneous Data","E: Erroneous Data","E: Erroneous Data","E: Erroneous Data","E: Uncertainty","E: Uncertainty","E: Uncertainty","E: Erroneous Data","E: Erroneous Data","E: Erroneous Data","E: Erroneous Data","E: Erroneous Data","E: Erroneous Data","E: Erroneous Data","E: Erroneous Data"
"2023-04-19 02:00:00","PM10",NA,198.881,0,1176.1937,2517.1338,247.0205,346.3194,9.7149,1.4648,0.6338,2.82,153.4832,0,NA,2.167,27.7341,0,0,0.7808,NA,12.663,3.1181,0,0,0,13.6651,NA,NA,0,NA,NA,NA,0,0,0,0,0,0,2.4309,0,"E: Uncertainty",NA,NA,NA,NA,NA,NA,NA,NA,NA,NA,NA,NA,"E: Uncertainty",NA,NA,NA,NA,NA,"E: Uncertainty",NA,NA,NA,NA,NA,NA,"E: Uncertainty","E: Uncertainty",NA,"E: Uncertainty","E: Uncertainty","E: Uncertainty",NA,NA,NA,NA,NA,NA,NA,NA
"2023-04-19 03:00:00","PM2.5",NA,NA,NA,NA,NA,NA,NA,NA,NA,NA,NA,NA,NA,NA,NA,NA,NA,NA,NA,NA,NA,NA,NA,NA,NA,NA,NA,NA,NA,NA,NA,NA,NA,NA,NA,NA,NA,NA,NA,NA,"E: Erroneous Data","E: Uncertainty","E: Erroneous Data","E: Erroneous Data","E: Erroneous Data","E: Erroneous Data","E: Erroneous Data","E: Erroneous Data","E: Erroneous Data","E: Uncertainty","E: Uncertainty","E: Erroneous Data","E: Erroneous Data","E: Erroneous Data","E: Erroneous Data","E: Erroneous Data","E: Uncertainty","E: Erroneous Data","E: Erroneous Data","E: Erroneous Data","E: Erroneous Data","E: Uncertainty","E: Erroneous Data","E: Erroneous Data","E: Erroneous Data","E: Erroneous Data","E: Uncertainty","E: Uncertainty","E: Erroneous Data","E: Uncertainty","E: Uncertainty","E: Uncertainty","E: Erroneous Data","E: Erroneous Data","E: Erroneous Data","E: Erroneous Data","E: Erroneous Data","E: Erroneous Data","E: Erroneous Data","E: Erroneous Data"
"2023-04-19 04:00:00","PM10",NA,NA,NA,NA,NA,NA,NA,NA,NA,NA,NA,NA,NA,NA,NA,NA,NA,NA,NA,NA,NA,NA,NA,NA,NA,NA,NA,NA,NA,NA,NA,NA,NA,NA,NA,NA,NA,NA,NA,NA,"E: Erroneous Data","E: Erroneous Data","E: Erroneous Data","E: Erroneous Data","E: Erroneous Data","E: Erroneous Data","E: Erroneous Data","E: Erroneous Data","E: Erroneous Data","E: Uncertainty","E: Erroneous Data","E: Erroneous Data","E: Erroneous Data","E: Uncertainty","E: Erroneous Data","E: Erroneous Data","E: Erroneous Data","E: Erroneous Data","E: Erroneous Data","E: Uncertainty","E: Erroneous Data","E: Uncertainty","E: Erroneous Data","E: Erroneous Data","E: Erroneous Data","E: Uncertainty","E: Uncertainty","E: Erroneous Data","E: Erroneous Data","E: Erroneous Data","E: Uncertainty","E: Uncertainty","E: Uncertainty","E: Erroneous Data","E: Erroneous Data","E: Erroneous Data","E: Erroneous Data","E: Erroneous Data","E: Erroneous Data","E: Erroneous Data"
"2023-04-19 05:00:00","PM2.5",NA,NA,NA,NA,NA,NA,NA,NA,NA,NA,NA,NA,NA,NA,NA,NA,NA,NA,NA,NA,NA,NA,NA,NA,NA,NA,NA,NA,NA,NA,NA,NA,NA,NA,NA,NA,NA,NA,NA,NA,"E: Erroneous Data","E: Uncertainty","E: Erroneous Data","E: Erroneous Data","E: Erroneous Data","E: Erroneous Data","E: Erroneous Data","E: Erroneous Data","E: Erroneous Data","E: Uncertainty","E: Uncertainty","E: Erroneous Data","E: Erroneous Data","E: Erroneous Data","E: Erroneous Data","E: Erroneous Data","E: Erroneous Data","E: Erroneous Data","E: Erroneous Data","E: Erroneous Data","E: Erroneous Data","E: Uncertainty","E: Erroneous Data","E: Erroneous Data","E: Erroneous Data","E: Erroneous Data","E: Uncertainty","E: Uncertainty","E: Erroneous Data","E: Uncertainty","E: Uncertainty","E: Uncertainty","E: Uncertainty","E: Erroneous Data","E: Erroneous Data","E: Erroneous Data","E: Erroneous Data","E: Erroneous Data","E: Erroneous Data","E: Erroneous Data"
"2023-04-19 06:00:00","PM10",NA,380.1084,0,1085.3217,2079.0107,198.5192,443.7653,14.3918,0.9637,0.8284,3.5133,322.5259,NA,NA,6.7021,25.5348,0,0,1.3877,NA,9.7826,3.0149,0,0,0,NA,NA,NA,0,0,0,0,NA,0,0,0,0,0,1.3213,0,"E: Uncertainty",NA,NA,NA,NA,NA,NA,NA,NA,NA,NA,NA,"E: Uncertainty","E: Uncertainty",NA,NA,NA,NA,NA,"E: Uncertainty",NA,NA,NA,NA,NA,"E: Uncertainty","E: Uncertainty","E: Uncertainty",NA,NA,NA,NA,"E: Uncertainty",NA,NA,NA,NA,NA,NA,NA
"2023-04-19 07:00:00","PM2.5",NA,NA,0,929.3418,405.9895,123.208,128.405,5.4808,0.8415,NA,1.1833,144.6323,0,0.6165,3.7041,45.7556,0,0,0,NA,5.9497,NA,0,0,0,12.0298,NA,0,0,0.1734,NA,0,0,0,0,0,0,0,2.7277,0,"E: Uncertainty","E: Uncertainty",NA,NA,NA,NA,NA,NA,NA,"E: Uncertainty",NA,NA,NA,NA,NA,NA,NA,NA,NA,"E: Uncertainty",NA,"E: Uncertainty",NA,NA,NA,NA,"E: Uncertainty",NA,NA,NA,"E: Uncertainty",NA,NA,NA,NA,NA,NA,NA,NA,NA
"2023-04-19 08:00:00","PM10",NA,679.1718,0,1003.0658,1623.2891,178.669,833.8264,18.4054,1.1856,1.85,5.2253,445.9179,0,0.5507,7.3371,29.0506,0,0,0.8684,NA,10.2226,2.7622,0,0,NA,22.6017,NA,0,0,NA,NA,NA,3.825,0,0,0,0,0,8.5299,0,"E: Uncertainty",NA,NA,NA,NA,NA,NA,NA,NA,NA,NA,NA,NA,NA,NA,NA,NA,NA,NA,"E: Uncertainty",NA,NA,NA,NA,"E: Uncertainty",NA,"E: Uncertainty",NA,NA,"E: Uncertainty","E: Uncertainty","E: Uncertainty",NA,NA,NA,NA,NA,NA,NA,NA
"2023-04-19 09:00:00","PM2.5",0,NA,0,916.3066,430.8333,93.3664,112.2697,3.484,0.834,NA,0.8403,136.153,0,NA,3.1646,19.7542,0,0,0.4524,0,4.4277,NA,0,0,0,10.3265,NA,0,0,NA,0,0,NA,0,0,0,0,0,2.0424,0,NA,"E: Uncertainty",NA,NA,NA,NA,NA,NA,NA,"E: Uncertainty",NA,NA,NA,"E: Uncertainty",NA,NA,NA,NA,NA,NA,NA,"E: Uncertainty",NA,NA,NA,NA,"E: Uncertainty",NA,NA,"E: Uncertainty",NA,NA,"E: Uncertainty",NA,NA,NA,NA,NA,NA,NA
"2023-04-19 10:00:00","PM10",NA,430.3093,0,1064.2339,989.8939,148.9085,470.4159,15.977,NA,1.0403,3.5165,315.357,0,NA,5.7772,23.09,0,0,1.4253,NA,6.7137,2.0937,0,0,0,9.4857,NA,0,0,0,NA,NA,NA,0,0,0,0,0,1.1186,0,"E: Uncertainty",NA,NA,NA,NA,NA,NA,NA,"E: Uncertainty",NA,NA,NA,NA,"E: Uncertainty",NA,NA,NA,NA,NA,"E: Uncertainty",NA,NA,NA,NA,NA,NA,"E: Uncertainty",NA,NA,NA,"E: Uncertainty","E: Uncertainty","E: Uncertainty",NA,NA,NA,NA,NA,NA,NA
"2023-04-19 11:00:00","PM2.5",NA,NA,0,919.257,163.556,85.5442,203.0189,5.7605,NA,0.6041,1.4087,112.3484,0,NA,2.197,21.9783,0,0,0.4539,NA,3.6872,NA,0,0,0,11.3261,NA,NA,0,NA,0,NA,NA,0,0,0,0,0,3.2364,0,"E: Uncertainty","E: Uncertainty",NA,NA,NA,NA,NA,NA,"E: Uncertainty",NA,NA,NA,NA,"E: Uncertainty",NA,NA,NA,NA,NA,"E: Uncertainty",NA,"E: Uncertainty",NA,NA,NA,NA,"E: Uncertainty","E: Uncertainty",NA,"E: Uncertainty",NA,"E: Uncertainty","E: Uncertainty",NA,NA,NA,NA,NA,NA,NA
"2023-04-19 12:00:00","PM10",NA,839.5459,0,975.8507,703.7607,170.0307,671.363,24.1707,NA,NA,4.7598,331.4402,0,NA,4.8454,24.8821,0,0,1.2162,NA,5.1449,2.0531,0,0,0,14.8754,NA,NA,0,NA,NA,NA,NA,0,0,0,0,0,5.904,0,"E: Uncertainty",NA,NA,NA,NA,NA,NA,NA,"E: Uncertainty","E: Uncertainty",NA,NA,NA,"E: Uncertainty",NA,NA,NA,NA,NA,"E: Uncertainty",NA,NA,NA,NA,NA,NA,"E: Uncertainty","E: Uncertainty",NA,"E: Uncertainty","E: Uncertainty","E: Uncertainty","E: Uncertainty",NA,NA,NA,NA,NA,NA,NA
"2023-04-19 13:00:00","PM2.5",754.809,0,0,783.3746,235.4142,127.3737,133.5593,5.2302,NA,0.782,NA,102.0667,0,0,2.5877,18.7443,0,0,NA,NA,3.7573,NA,0,0,0,NA,NA,0,0,0,NA,0,NA,0,0,0,0,0,4.1232,0,NA,NA,NA,NA,NA,NA,NA,NA,"E: Uncertainty",NA,"E: Uncertainty",NA,NA,NA,NA,NA,NA,NA,"E: Uncertainty","E: Uncertainty",NA,"E: Uncertainty",NA,NA,NA,"E: Uncertainty","E: Uncertainty",NA,NA,NA,"E: Uncertainty",NA,"E: Uncertainty",NA,NA,NA,NA,NA,NA,NA
"2023-04-19 14:00:00","PM10",NA,486.6974,0,768.3976,1094.9855,171.3858,511.4976,25.0863,NA,0.8634,4.1088,292.2336,0,NA,3.6027,22.0525,0,0,0.8723,NA,8.6288,2.1106,0,0,0,18.0293,NA,0,0,NA,NA,NA,NA,0,0,0,0,0,2.1099,0,"E: Uncertainty",NA,NA,NA,NA,NA,NA,NA,"E: Uncertainty",NA,NA,NA,NA,"E: Uncertainty",NA,NA,NA,NA,NA,"E: Uncertainty",NA,NA,NA,NA,NA,NA,"E: Uncertainty",NA,NA,"E: Uncertainty","E: Uncertainty","E: Uncertainty","E: Uncertainty",NA,NA,NA,NA,NA,NA,NA
"2023-04-19 15:00:00","PM2.5",0,NA,0,654.2846,195.512,94.0885,145.9796,5.8782,NA,NA,1.3239,106.9534,0,0,2.3244,16.512,0,0,0.9796,0,3.963,NA,0,0,0,25.9726,0,0,0,NA,NA,NA,NA,0,0,0,0,0,2.3867,0,NA,"E: Uncertainty",NA,NA,NA,NA,NA,NA,"E: Uncertainty","E: Uncertainty",NA,NA,NA,NA,NA,NA,NA,NA,NA,NA,NA,"E: Uncertainty",NA,NA,NA,NA,NA,NA,NA,"E: Uncertainty","E: Uncertainty","E: Uncertainty","E: Uncertainty",NA,NA,NA,NA,NA,NA,NA
"2023-04-19 16:00:00","PM10",NA,1310.5816,0,481.895,1011.33,211.4305,943.1973,32.5995,NA,NA,6.4417,449.102,0,NA,4.5994,24.9536,0,0,1.5106,NA,6.3215,4.7887,0,NA,0,NA,NA,NA,0,NA,0.1107,NA,4.6718,0,0,0,0,0,1.8029,0,"E: Uncertainty",NA,NA,NA,NA,NA,NA,NA,"E: Uncertainty","E: Uncertainty",NA,NA,NA,"E: Uncertainty",NA,NA,NA,NA,NA,"E: Uncertainty",NA,NA,NA,"E: Uncertainty",NA,"E: Uncertainty","E: Uncertainty","E: Uncertainty",NA,"E: Uncertainty",NA,"E: Uncertainty",NA,NA,NA,NA,NA,NA,NA,NA
"2023-04-19 17:00:00","PM2.5",NA,NA,0,383.3483,314.5897,76.1652,174.448,5.8143,NA,NA,0.9588,120.4981,NA,NA,2.138,14.6116,0,0,0.5277,NA,3.0432,2.096,0,0,0,19.6847,0,NA,0,NA,0,0,NA,0,0,0,0,0,0.9021,0,"E: Uncertainty","E: Uncertainty",NA,NA,NA,NA,NA,NA,"E: Uncertainty","E: Uncertainty",NA,NA,"E: Uncertainty","E: Uncertainty",NA,NA,NA,NA,NA,"E: Uncertainty",NA,NA,NA,NA,NA,NA,NA,"E: Uncertainty",NA,"E: Uncertainty",NA,NA,"E: Uncertainty",NA,NA,NA,NA,NA,NA,NA
"2023-04-19 18:00:00","PM10",NA,1011.787,0,424.6803,1233.2486,162.1567,640.6432,22.7636,NA,NA,5.3664,383.0082,0,NA,4.7857,23.0874,0,0,NA,NA,5.5852,2.6554,0,0,0,NA,NA,NA,0,0,NA,NA,0,0,0,0,0,0,2.5954,0,"E: Uncertainty",NA,NA,NA,NA,NA,NA,NA,"E: Uncertainty","E: Uncertainty",NA,NA,NA,"E: Uncertainty",NA,NA,NA,NA,"E: Uncertainty","E: Uncertainty",NA,NA,NA,NA,NA,"E: Uncertainty","E: Uncertainty","E: Uncertainty",NA,NA,"E: Uncertainty","E: Uncertainty",NA,NA,NA,NA,NA,NA,NA,NA
"2023-04-19 19:00:00","PM2.5",NA,NA,0,342.4598,273.2555,69.6764,96.6959,4.5226,NA,0,NA,101.6688,0,NA,2.0955,11.3183,0,0,1.1915,NA,2.9506,NA,0,0,0,NA,0.0168,0,0,0,NA,0,NA,0,0,0,0,0,NA,0,"E: Uncertainty","E: Uncertainty",NA,NA,NA,NA,NA,NA,"E: Uncertainty",NA,"E: Uncertainty",NA,NA,"E: Uncertainty",NA,NA,NA,NA,NA,"E: Uncertainty",NA,"E: Uncertainty",NA,NA,NA,"E: Uncertainty",NA,NA,NA,NA,"E: Uncertainty",NA,"E: Uncertainty",NA,NA,NA,NA,NA,"E: Uncertainty",NA
"2023-04-19 20:00:00","PM10",NA,517.1712,0,417.882,1089.021,133.6102,270.1722,12.2801,NA,NA,2.2718,246.7384,0,0,4.56,15.5899,0,0,0.4267,0,3.9663,2.3436,0,0,0,10.2707,0,0,0,0,NA,NA,NA,0,0,0,0,0,1.4984,0,"E: Uncertainty",NA,NA,NA,NA,NA,NA,NA,"E: Uncertainty","E: Uncertainty",NA,NA,NA,NA,NA,NA,NA,NA,NA,NA,NA,NA,NA,NA,NA,NA,NA,NA,NA,NA,"E: Uncertainty","E: Uncertainty","E: Uncertainty",NA,NA,NA,NA,NA,NA,NA
"2023-04-19 21:00:00","PM2.5",NA,NA,NA,NA,NA,NA,NA,NA,NA,NA,NA,NA,NA,NA,NA,NA,NA,NA,NA,NA,NA,NA,NA,NA,NA,NA,NA,NA,NA,NA,NA,NA,NA,NA,NA,NA,NA,NA,NA,NA,"E: Uncertainty","E: Uncertainty","E: Erroneous Data","E: Erroneous Data","E: Erroneous Data","E: Erroneous Data","E: Erroneous Data","E: Erroneous Data","E: Uncertainty","E: Erroneous Data","E: Uncertainty","E: Erroneous Data","E: Erroneous Data","E: Uncertainty","E: Erroneous Data","E: Erroneous Data","E: Erroneous Data","E: Erroneous Data","E: Erroneous Data","E: Erroneous Data","E: Erroneous Data","E: Erroneous Data","E: Erroneous Data","E: Erroneous Data","E: Erroneous Data","E: Erroneous Data","E: Erroneous Data","E: Erroneous Data","E: Erroneous Data","E: Erroneous Data","E: Uncertainty","E: Uncertainty","E: Erroneous Data","E: Erroneous Data","E: Uncertainty","E: Erroneous Data","E: Erroneous Data","E: Erroneous Data","E: Erroneous Data","E: Erroneous Data"
"2023-04-19 22:00:00","PM10",NA,NA,NA,NA,NA,NA,NA,NA,NA,NA,NA,NA,NA,NA,NA,NA,NA,NA,NA,NA,NA,NA,NA,NA,NA,NA,NA,NA,NA,NA,NA,NA,NA,NA,NA,NA,NA,NA,NA,NA,"E: Erroneous Data","E: Erroneous Data","E: Erroneous Data","E: Erroneous Data","E: Erroneous Data","E: Erroneous Data","E: Erroneous Data","E: Erroneous Data","E: Uncertainty","E: Uncertainty","E: Erroneous Data","E: Erroneous Data","E: Erroneous Data","E: Uncertainty","E: Erroneous Data","E: Erroneous Data","E: Erroneous Data","E: Erroneous Data","E: Erroneous Data","E: Erroneous Data","E: Erroneous Data","E: Uncertainty","E: Erroneous Data","E: Erroneous Data","E: Erroneous Data","E: Erroneous Data","E: Uncertainty","E: Erroneous Data","E: Erroneous Data","E: Uncertainty","E: Uncertainty","E: Uncertainty","E: Erroneous Data","E: Erroneous Data","E: Erroneous Data","E: Erroneous Data","E: Erroneous Data","E: Erroneous Data","E: Erroneous Data","E: Erroneous Data"
"2023-04-19 23:00:00","PM2.5",NA,NA,NA,NA,NA,NA,NA,NA,NA,NA,NA,NA,NA,NA,NA,NA,NA,NA,NA,NA,NA,NA,NA,NA,NA,NA,NA,NA,NA,NA,NA,NA,NA,NA,NA,NA,NA,NA,NA,NA,"E: Erroneous Data","E: Uncertainty","E: Erroneous Data","E: Erroneous Data","E: Erroneous Data","E: Erroneous Data","E: Erroneous Data","E: Erroneous Data","E: Erroneous Data","E: Uncertainty","E: Uncertainty","E: Erroneous Data","E: Erroneous Data","E: Uncertainty","E: Erroneous Data","E: Erroneous Data","E: Erroneous Data","E: Erroneous Data","E: Erroneous Data","E: Uncertainty","E: Erroneous Data","E: Uncertainty","E: Erroneous Data","E: Erroneous Data","E: Erroneous Data","E: Uncertainty","E: Erroneous Data","E: Uncertainty","E: Erroneous Data","E: Uncertainty","E: Uncertainty","E: Uncertainty","E: Erroneous Data","E: Erroneous Data","E: Erroneous Data","E: Erroneous Data","E: Uncertainty","E: Erroneous Data","E: Erroneous Data","E: Erroneous Data"
"2023-04-20 00:30:00","PM10",NA,NA,NA,NA,NA,NA,NA,NA,NA,NA,NA,NA,NA,NA,NA,NA,NA,NA,NA,NA,NA,NA,NA,NA,NA,NA,NA,NA,NA,NA,NA,NA,NA,NA,NA,NA,NA,NA,NA,NA,"E: Erroneous Data","E: Uncertainty","E: Erroneous Data","E: Erroneous Data","E: Erroneous Data","E: Erroneous Data","E: Erroneous Data","E: Erroneous Data","E: Uncertainty","E: Erroneous Data","E: Uncertainty","E: Erroneous Data","E: Erroneous Data","E: Uncertainty","E: Erroneous Data","E: Erroneous Data","E: Erroneous Data","E: Erroneous Data","E: Uncertainty","E: Uncertainty","E: Erroneous Data","E: Uncertainty","E: Erroneous Data","E: Erroneous Data","E: Erroneous Data","E: Uncertainty","E: Erroneous Data","E: Erroneous Data","E: Erroneous Data","E: Erroneous Data","E: Uncertainty","E: Erroneous Data","E: Erroneous Data","E: Erroneous Data","E: Erroneous Data","E: Erroneous Data","E: Erroneous Data","E: Erroneous Data","E: Erroneous Data","E: Erroneous Data"
"2023-04-20 01:00:00","PM2.5",NA,NA,NA,NA,NA,NA,NA,NA,NA,NA,NA,NA,NA,NA,NA,NA,NA,NA,NA,NA,NA,NA,NA,NA,NA,NA,NA,NA,NA,NA,NA,NA,NA,NA,NA,NA,NA,NA,NA,NA,"E: Erroneous Data","E: Uncertainty","E: Erroneous Data","E: Erroneous Data","E: Erroneous Data","E: Erroneous Data","E: Erroneous Data","E: Erroneous Data","E: Erroneous Data","E: Erroneous Data","E: Uncertainty","E: Erroneous Data","E: Uncertainty","E: Erroneous Data","E: Erroneous Data","E: Erroneous Data","E: Erroneous Data","E: Erroneous Data","E: Uncertainty","E: Erroneous Data","E: Erroneous Data","E: Uncertainty","E: Erroneous Data","E: Erroneous Data","E: Erroneous Data","E: Erroneous Data","E: Erroneous Data","E: Uncertainty","E: Erroneous Data","E: Erroneous Data","E: Uncertainty","E: Uncertainty","E: Erroneous Data","E: Erroneous Data","E: Uncertainty","E: Erroneous Data","E: Erroneous Data","E: Erroneous Data","E: Erroneous Data","E: Erroneous Data"
"2023-04-20 02:00:00","PM10",NA,NA,NA,NA,NA,NA,NA,NA,NA,NA,NA,NA,NA,NA,NA,NA,NA,NA,NA,NA,NA,NA,NA,NA,NA,NA,NA,NA,NA,NA,NA,NA,NA,NA,NA,NA,NA,NA,NA,NA,"E: Erroneous Data","E: Uncertainty","E: Erroneous Data","E: Erroneous Data","E: Erroneous Data","E: Erroneous Data","E: Erroneous Data","E: Erroneous Data","E: Erroneous Data","E: Uncertainty","E: Erroneous Data","E: Erroneous Data","E: Uncertainty","E: Uncertainty","E: Erroneous Data","E: Erroneous Data","E: Erroneous Data","E: Erroneous Data","E: Erroneous Data","E: Uncertainty","E: Erroneous Data","E: Uncertainty","E: Erroneous Data","E: Erroneous Data","E: Erroneous Data","E: Erroneous Data","E: Uncertainty","E: Uncertainty","E: Erroneous Data","E: Uncertainty","E: Uncertainty","E: Uncertainty","E: Erroneous Data","E: Erroneous Data","E: Erroneous Data","E: Erroneous Data","E: Erroneous Data","E: Erroneous Data","E: Erroneous Data","E: Erroneous Data"
"2023-04-20 03:00:00","PM2.5",NA,NA,NA,NA,NA,NA,NA,NA,NA,NA,NA,NA,NA,NA,NA,NA,NA,NA,NA,NA,NA,NA,NA,NA,NA,NA,NA,NA,NA,NA,NA,NA,NA,NA,NA,NA,NA,NA,NA,NA,"E: Erroneous Data","E: Erroneous Data","E: Erroneous Data","E: Erroneous Data","E: Erroneous Data","E: Erroneous Data","E: Erroneous Data","E: Erroneous Data","E: Erroneous Data","E: Uncertainty","E: Uncertainty","E: Erroneous Data","E: Erroneous Data","E: Erroneous Data","E: Erroneous Data","E: Erroneous Data","E: Erroneous Data","E: Erroneous Data","E: Erroneous Data","E: Uncertainty","E: Erroneous Data","E: Uncertainty","E: Erroneous Data","E: Erroneous Data","E: Erroneous Data","E: Uncertainty","E: Uncertainty","E: Erroneous Data","E: Erroneous Data","E: Erroneous Data","E: Erroneous Data","E: Uncertainty","E: Erroneous Data","E: Erroneous Data","E: Erroneous Data","E: Erroneous Data","E: Erroneous Data","E: Erroneous Data","E: Erroneous Data","E: Erroneous Data"
"2023-04-20 04:00:00","PM10",NA,NA,0,710.061,1327.1586,160.5809,174.3884,18.6084,2.6503,0.5841,1.251,152.8147,0,0.7079,6.5147,31.2754,0,0,0.9894,NA,6.0998,2.659,0,0,NA,NA,NA,0,0,0,NA,0,NA,0,0,0,0,0,1.8458,0,"E: Uncertainty","E: Uncertainty",NA,NA,NA,NA,NA,NA,NA,NA,NA,NA,NA,NA,NA,NA,NA,NA,NA,"E: Uncertainty",NA,NA,NA,NA,"E: Uncertainty","E: Uncertainty","E: Uncertainty",NA,NA,NA,"E: Uncertainty",NA,"E: Uncertainty",NA,NA,NA,NA,NA,NA,NA
"2023-04-20 05:00:00","PM2.5",NA,NA,0,652.3083,86.3309,91.9176,46.4792,8.5519,2.2278,NA,NA,77.4722,NA,0.5772,2.1677,12.8041,0,0,0,NA,2.6045,0,0,NA,0,NA,NA,NA,0,0,0,0,0,0,0,0,0,0,NA,0,"E: Uncertainty","E: Uncertainty",NA,NA,NA,NA,NA,NA,NA,"E: Uncertainty","E: Uncertainty",NA,"E: Uncertainty",NA,NA,NA,NA,NA,NA,"E: Uncertainty",NA,NA,NA,"E: Uncertainty",NA,"E: Uncertainty","E: Uncertainty","E: Uncertainty",NA,NA,NA,NA,NA,NA,NA,NA,NA,NA,"E: Uncertainty",NA
"2023-04-20 06:00:00","PM10",NA,582.9439,0,855.6772,1807.6089,207.5712,468.1855,21.2698,1.927,0.7992,5.5809,391.4403,0,0.8304,8.4324,18.3674,0,0,0,NA,5.6487,2.3376,0,NA,0,15.7523,NA,0,0,NA,NA,0,7.0586,0,0,0,0,0,1.9501,0,"E: Uncertainty",NA,NA,NA,NA,NA,NA,NA,NA,NA,NA,NA,NA,NA,NA,NA,NA,NA,NA,"E: Uncertainty",NA,NA,NA,"E: Uncertainty",NA,NA,"E: Uncertainty",NA,NA,"E: Uncertainty","E: Uncertainty",NA,NA,NA,NA,NA,NA,NA,NA,NA
"2023-04-20 07:00:00","PM2.5",NA,NA,0,610.0889,515.6006,88.6928,134.4476,7.8203,1.6369,NA,1.1547,154.7066,0,NA,3.768,29.0822,0,0,0.7714,NA,1.9776,NA,0,0,0,9.1717,NA,NA,0,0,0,0,0,0,0,0,0,0,NA,0,"E: Uncertainty","E: Uncertainty",NA,NA,NA,NA,NA,NA,NA,"E: Uncertainty",NA,NA,NA,"E: Uncertainty",NA,NA,NA,NA,NA,"E: Uncertainty",NA,"E: Uncertainty",NA,NA,NA,NA,"E: Uncertainty","E: Uncertainty",NA,NA,NA,NA,NA,NA,NA,NA,NA,NA,"E: Uncertainty",NA
"2023-04-20 08:00:00","PM10",NA,1074.6074,0,643.8241,1877.7121,188.5866,689.6652,31.3009,1.8974,1.6143,6.2809,457.4333,0,NA,5.9802,39.8968,0,0,1.2763,NA,4.4793,3.9076,0,0,0,NA,NA,0,0,0,NA,NA,NA,0,0,0,0,0,2.3803,0,"E: Uncertainty",NA,NA,NA,NA,NA,NA,NA,NA,NA,NA,NA,NA,"E: Uncertainty",NA,NA,NA,NA,NA,"E: Uncertainty",NA,NA,NA,NA,NA,"E: Uncertainty","E: Uncertainty",NA,NA,NA,"E: Uncertainty","E: Uncertainty","E: Uncertainty",NA,NA,NA,NA,NA,NA,NA
"2023-04-20 09:00:00","PM2.5",NA,NA,0,547.2736,337.4601,95.3719,155.8255,11.9233,1.4986,1.7229,1.1804,238.6003,0,0.5456,3.6178,17.3862,0,0,1.4453,NA,2.7592,NA,0,0,0,NA,NA,0,NA,0,NA,NA,0,0,0,0,0,0,1.338,0,"E: Uncertainty","E: Uncertainty",NA,NA,NA,NA,NA,NA,NA,NA,NA,NA,NA,NA,NA,NA,NA,NA,NA,"E: Uncertainty",NA,"E: Uncertainty",NA,NA,NA,"E: Uncertainty","E: Uncertainty",NA,"E: Uncertainty",NA,"E: Uncertainty","E: Uncertainty",NA,NA,NA,NA,NA,NA,NA,NA
"2023-04-20 10:00:00","PM10",NA,1492.0926,0,549.5449,512.8802,225.5224,730.0068,33.384,1.1288,2.1802,9.4977,515.4131,NA,1.0858,5.7627,22.4589,0,0,1.2692,NA,3.8509,3.5402,0,NA,0,18.0923,NA,NA,0,NA,NA,0,NA,0,0,0,NA,0,2.1556,0,"E: Uncertainty",NA,NA,NA,NA,NA,NA,NA,NA,NA,NA,NA,"E: Uncertainty",NA,NA,NA,NA,NA,NA,"E: Uncertainty",NA,NA,NA,"E: Uncertainty",NA,NA,"E: Uncertainty","E: Uncertainty",NA,"E: Uncertainty","E: Uncertainty",NA,"E: Uncertainty",NA,NA,NA,"E: Uncertainty",NA,NA,NA
"2023-04-20 11:00:00","PM2.5",NA,189.1555,0,484.1171,125.7188,86.4456,156.8159,9.5325,NA,NA,1.6717,141.6959,0,NA,1.8497,11.0919,0,0,NA,NA,2.8809,NA,0,0,0,0,0,0,0,NA,NA,0,0,0,0,0,0,0,0.9117,0,"E: Uncertainty",NA,NA,NA,NA,NA,NA,NA,"E: Uncertainty","E: Uncertainty",NA,NA,NA,"E: Uncertainty",NA,NA,NA,NA,"E: Uncertainty","E: Uncertainty",NA,"E: Uncertainty",NA,NA,NA,NA,NA,NA,NA,"E: Uncertainty","E: Uncertainty",NA,NA,NA,NA,NA,NA,NA,NA,NA
"2023-04-20 12:00:00","PM10",NA,1893.3996,0,503.9208,344.3104,246.2392,1132.994,38.6706,0.9066,NA,8.4549,524.1595,NA,0.5291,5.833,25.6219,0,0,0.4487,NA,3.875,2.6511,0,0,0,NA,0,0,0,0,NA,NA,4.806,0,0,0,0,0,2.5293,0,"E: Uncertainty",NA,NA,NA,NA,NA,NA,NA,NA,"E: Uncertainty",NA,NA,"E: Uncertainty",NA,NA,NA,NA,NA,NA,"E: Uncertainty",NA,NA,NA,NA,NA,"E: Uncertainty",NA,NA,NA,NA,"E: Uncertainty","E: Uncertainty",NA,NA,NA,NA,NA,NA,NA,NA
"2023-04-20 13:00:00","PM2.5",738.7595,NA,0,337.9758,25.2795,68.5374,194.302,6.6671,NA,NA,1.2504,126.7577,0,0,1.9203,11.6739,NA,0,0,0,2.3112,NA,0,0,0,NA,0,NA,0,NA,NA,0,NA,0,0,0,0,0,1.641,0,NA,"E: Uncertainty",NA,NA,NA,NA,NA,NA,"E: Uncertainty","E: Uncertainty",NA,NA,NA,NA,NA,NA,"E: Uncertainty",NA,NA,NA,NA,"E: Uncertainty",NA,NA,NA,"E: Uncertainty",NA,"E: Uncertainty",NA,"E: Uncertainty","E: Uncertainty",NA,"E: Uncertainty",NA,NA,NA,NA,NA,NA,NA
"2023-04-20 14:00:00","PM10",NA,1636.9627,0,273.0706,228.7121,191.6509,1133.1373,40.4368,NA,0.992,8.5796,498.7543,NA,NA,4.9858,24.6496,0,0,1.2035,0,2.76,3.2198,0,0,0,11.1118,0,NA,0,0,0,NA,NA,0,0,0,0,0,NA,0,"E: Uncertainty",NA,NA,NA,NA,NA,NA,NA,"E: Uncertainty",NA,NA,NA,"E: Uncertainty","E: Uncertainty",NA,NA,NA,NA,NA,NA,NA,NA,NA,NA,NA,NA,NA,"E: Uncertainty",NA,NA,NA,"E: Uncertainty","E: Uncertainty",NA,NA,NA,NA,NA,"E: Uncertainty",NA
"2023-04-20 15:00:00","PM2.5",NA,NA,0,219.0335,121.719,54.4708,223.2932,8.882,0,0,1.2365,132.9151,0,0,1.6878,8.7171,0,0,0,NA,2.3517,NA,0,0,0,11.2368,NA,0,0,NA,NA,NA,0,0,0,0,0,0,1.1534,0,"E: Uncertainty","E: Uncertainty",NA,NA,NA,NA,NA,NA,NA,NA,NA,NA,NA,NA,NA,NA,NA,NA,NA,"E: Uncertainty",NA,"E: Uncertainty",NA,NA,NA,NA,"E: Uncertainty",NA,NA,"E: Uncertainty","E: Uncertainty","E: Uncertainty",NA,NA,NA,NA,NA,NA,NA,NA
"2023-04-20 16:00:00","PM10",NA,1188.8215,0,437.5168,338.9203,164.5743,816.6824,25.629,NA,1.4985,8.9445,398.0394,0,NA,4.886,18.9145,0,0,NA,0,3.6907,2.6358,0,NA,0,NA,0,NA,0,NA,0,0,NA,0,0,0,0,0,2.739,0,"E: Uncertainty",NA,NA,NA,NA,NA,NA,NA,"E: Uncertainty",NA,NA,NA,NA,"E: Uncertainty",NA,NA,NA,NA,"E: Uncertainty",NA,NA,NA,NA,"E: Uncertainty",NA,"E: Uncertainty",NA,"E: Uncertainty",NA,"E: Uncertainty",NA,NA,"E: Uncertainty",NA,NA,NA,NA,NA,NA,NA
"2023-04-20 17:00:00","PM2.5",NA,NA,0,576.6317,40.3929,105.1955,167.2356,7.3856,NA,NA,1.4588,147.1614,0,NA,2.5866,15.3528,0,0,NA,0,4.083,NA,0,0,0,NA,0,NA,0,NA,NA,0,0,0,0,0,0,0,2.2164,0,"E: Uncertainty","E: Uncertainty",NA,NA,NA,NA,NA,NA,"E: Uncertainty","E: Uncertainty",NA,NA,NA,"E: Uncertainty",NA,NA,NA,NA,"E: Uncertainty",NA,NA,"E: Uncertainty",NA,NA,NA,"E: Uncertainty",NA,"E: Uncertainty",NA,"E: Uncertainty","E: Uncertainty",NA,NA,NA,NA,NA,NA,NA,NA,NA
"2023-04-20 18:00:00","PM10",NA,1054.9572,0,555.5002,558.136,202.8725,770.7333,25.0443,NA,0.782,6.4016,415.8962,0,NA,5.1716,29.2697,0,0,NA,NA,4.6074,1.735,0,0,0,12.1291,NA,0.0682,0,NA,NA,NA,NA,0,0,0,0,0,5.9784,0,"E: Uncertainty",NA,NA,NA,NA,NA,NA,NA,"E: Uncertainty",NA,NA,NA,NA,"E: Uncertainty",NA,NA,NA,NA,"E: Uncertainty","E: Uncertainty",NA,NA,NA,NA,NA,NA,"E: Uncertainty",NA,NA,"E: Uncertainty","E: Uncertainty","E: Uncertainty","E: Uncertainty",NA,NA,NA,NA,NA,NA,NA
"2023-04-20 19:00:00","PM2.5",0,NA,0,503.4645,387.0002,90.2623,161.0522,7.0831,NA,NA,1.4471,111.8045,0,NA,1.4912,11.8727,0,0,0.3701,0,2.7582,NA,0,0,0,10.5655,0,0,0,NA,NA,NA,0,0,0,0,0,0,2.396,0,NA,"E: Uncertainty",NA,NA,NA,NA,NA,NA,"E: Uncertainty","E: Uncertainty",NA,NA,NA,"E: Uncertainty",NA,NA,NA,NA,NA,NA,NA,"E: Uncertainty",NA,NA,NA,NA,NA,NA,NA,"E: Uncertainty","E: Uncertainty","E: Uncertainty",NA,NA,NA,NA,NA,NA,NA,NA
"2023-04-20 20:00:00","PM10",NA,455.7382,0,1008.8512,2953.3189,191.422,481.1102,13.953,0.9279,NA,2.8911,213.6037,0,NA,1.9583,15.761,0,0,0.6177,NA,10.2993,2.3993,0,0,0,NA,NA,NA,0,0,NA,NA,0,0,0,0,0,0,1.2139,0,"E: Uncertainty",NA,NA,NA,NA,NA,NA,NA,NA,"E: Uncertainty",NA,NA,NA,"E: Uncertainty",NA,NA,NA,NA,NA,"E: Uncertainty",NA,NA,NA,NA,NA,"E: Uncertainty","E: Uncertainty","E: Uncertainty",NA,NA,"E: Uncertainty","E: Uncertainty",NA,NA,NA,NA,NA,NA,NA,NA
"2023-04-20 21:00:00","PM2.5",0,NA,0,857.4664,692.0489,96.2732,98.0788,1.4401,0.9472,0,NA,73.7204,0,NA,1.2732,11.5239,0,0,0.4723,NA,5.3824,NA,0,0,0,9.4419,NA,NA,0,NA,0,NA,NA,0,0,0,0,0,0,0,NA,"E: Uncertainty",NA,NA,NA,NA,NA,NA,NA,NA,"E: Uncertainty",NA,NA,"E: Uncertainty",NA,NA,NA,NA,NA,"E: Uncertainty",NA,"E: Uncertainty",NA,NA,NA,NA,"E: Uncertainty","E: Uncertainty",NA,"E: Uncertainty",NA,"E: Uncertainty","E: Uncertainty",NA,NA,NA,NA,NA,NA,NA
"2023-04-20 22:00:00","PM10",NA,180.3747,0,870.8025,2921.4877,158.7422,295.7837,9.3326,0.8518,0,1.5868,153.6571,NA,NA,2.3793,13.9177,0,0,0.4133,NA,8.8242,2.8042,0,0,0,11.2074,NA,0,0,0,NA,NA,NA,0,0,0,0,0,0,0,"E: Uncertainty",NA,NA,NA,NA,NA,NA,NA,NA,NA,NA,NA,"E: Uncertainty","E: Uncertainty",NA,NA,NA,NA,NA,"E: Uncertainty",NA,NA,NA,NA,NA,NA,"E: Uncertainty",NA,NA,NA,"E: Uncertainty","E: Uncertainty","E: Uncertainty",NA,NA,NA,NA,NA,NA,NA
"2023-04-20 23:00:00","PM2.5",NA,0,0,650.5678,572.1677,80.6639,76.2797,2.2676,NA,NA,1.0841,70.4668,NA,NA,1.4735,14.5891,0,0,0,0,2.8785,NA,0,0,0,13.4856,0,0,0,NA,NA,NA,0,0,0,0,0,0,NA,0,"E: Uncertainty",NA,NA,NA,NA,NA,NA,NA,"E: Uncertainty","E: Uncertainty",NA,NA,"E: Uncertainty","E: Uncertainty",NA,NA,NA,NA,NA,NA,NA,"E: Uncertainty",NA,NA,NA,NA,NA,NA,NA,"E: Uncertainty","E: Uncertainty","E: Uncertainty",NA,NA,NA,NA,NA,NA,"E: Uncertainty",NA
"2023-04-21 00:30:00","PM10",0,NA,0,817.5447,2506.7575,159.0934,259.5869,8.0434,0,0,NA,154.5089,0,NA,0.9731,20.2529,0,0,NA,NA,6.4871,NA,0,0,0,38.6855,0,0,0,NA,NA,NA,0,0,0,0,0,0,0,0,NA,"E: Uncertainty",NA,NA,NA,NA,NA,NA,NA,NA,"E: Uncertainty",NA,NA,"E: Uncertainty",NA,NA,NA,NA,"E: Uncertainty","E: Uncertainty",NA,"E: Uncertainty",NA,NA,NA,NA,NA,NA,NA,"E: Uncertainty","E: Uncertainty","E: Uncertainty",NA,NA,NA,NA,NA,NA,NA,NA
"2023-04-21 01:00:00","PM2.5",0,NA,0,757.4097,490.6631,94.5275,78.6944,2.5917,NA,NA,NA,64.7587,0,NA,1.0739,28.0656,0,0,0.4823,NA,4.0532,NA,0,0,0,NA,0,NA,0,0,NA,0,0,0,0,0,0,0,1.8923,0,NA,"E: Uncertainty",NA,NA,NA,NA,NA,NA,"E: Uncertainty","E: Uncertainty","E: Uncertainty",NA,NA,"E: Uncertainty",NA,NA,NA,NA,NA,"E: Uncertainty",NA,"E: Uncertainty",NA,NA,NA,"E: Uncertainty",NA,"E: Uncertainty",NA,NA,"E: Uncertainty",NA,NA,NA,NA,NA,NA,NA,NA,NA
"2023-04-21 02:00:00","PM10",NA,182.1055,0,891.429,2351.966,163.7364,276.5617,6.9573,NA,NA,1.3269,126.4568,0,NA,1.0167,17.2112,0,0,0.4961,NA,7.1704,1.7555,0,0,0,16.9647,NA,NA,0,NA,0,NA,NA,0,0,0,0,0,0,0,"E: Uncertainty",NA,NA,NA,NA,NA,NA,NA,"E: Uncertainty","E: Uncertainty",NA,NA,NA,"E: Uncertainty",NA,NA,NA,NA,NA,"E: Uncertainty",NA,NA,NA,NA,NA,NA,"E: Uncertainty","E: Uncertainty",NA,"E: Uncertainty",NA,"E: Uncertainty","E: Uncertainty",NA,NA,NA,NA,NA,NA,NA
"2023-04-21 03:00:00","PM2.5",NA,0,0,807.3505,322.409,88.1318,79.2326,2.5513,1.2775,0.0065,0,59.3577,0,NA,1.1841,18.0293,0,0,NA,NA,3.1797,NA,0,0,0,11.6959,NA,NA,0,0,NA,NA,0.0284,0,0,0,0,0,NA,0,"E: Uncertainty",NA,NA,NA,NA,NA,NA,NA,NA,NA,NA,NA,NA,"E: Uncertainty",NA,NA,NA,NA,"E: Uncertainty","E: Uncertainty",NA,"E: Uncertainty",NA,NA,NA,NA,"E: Uncertainty","E: Uncertainty",NA,NA,"E: Uncertainty","E: Uncertainty",NA,NA,NA,NA,NA,NA,"E: Uncertainty",NA
"2023-04-21 04:00:00","PM10",NA,239.3294,0,923.2981,1793.5626,169.5027,276.4827,15.9289,2.3431,0,1.3642,162.4529,NA,0.6412,2.6777,20.7394,0,0,0.9754,0.4572,6.5559,2.789,0,0,0,0,NA,NA,0,NA,0,0,0,0,0,0,0,0,NA,0,"E: Uncertainty",NA,NA,NA,NA,NA,NA,NA,NA,NA,NA,NA,"E: Uncertainty",NA,NA,NA,NA,NA,NA,NA,NA,NA,NA,NA,NA,NA,"E: Uncertainty","E: Uncertainty",NA,"E: Uncertainty",NA,NA,NA,NA,NA,NA,NA,NA,"E: Uncertainty",NA
"2023-04-21 05:00:00","PM2.5",NA,0,0,752.6076,29.8623,85.0752,55.0951,6.6001,1.5478,NA,NA,68.3618,0,NA,1.9385,15.9033,0,0,0,NA,2.4358,NA,0,0,0,14.5855,0,0,0,NA,NA,NA,0,0,0,0,0,0,1.245,0,"E: Uncertainty",NA,NA,NA,NA,NA,NA,NA,NA,"E: Uncertainty","E: Uncertainty",NA,NA,"E: Uncertainty",NA,NA,NA,NA,NA,"E: Uncertainty",NA,"E: Uncertainty",NA,NA,NA,NA,NA,NA,NA,"E: Uncertainty","E: Uncertainty","E: Uncertainty",NA,NA,NA,NA,NA,NA,NA,NA
"2023-04-21 06:00:00","PM10",NA,NA,0,597.5883,64.1063,84.6428,99.5074,7.8494,0.9089,0.7006,1.5749,192.1121,0,NA,8.4396,17.3237,0,0,0.4819,NA,2.7664,NA,0,0,0,9.4817,0,0,0,0,NA,NA,2.8513,0,0,0,0,0,0,0,"E: Uncertainty","E: Uncertainty",NA,NA,NA,NA,NA,NA,NA,NA,NA,NA,NA,"E: Uncertainty",NA,NA,NA,NA,NA,"E: Uncertainty",NA,"E: Uncertainty",NA,NA,NA,NA,NA,NA,NA,NA,"E: Uncertainty","E: Uncertainty",NA,NA,NA,NA,NA,NA,NA,NA
"2023-04-21 07:00:00","PM2.5",NA,0,0,480.5946,0,57.3421,44.8638,3.2572,NA,NA,2.2708,151.5838,0,0.5637,7.5082,55.401,0,0,0.6688,0,2.034,NA,0,0,0,16.7695,NA,NA,0,0,NA,NA,3.7869,0,0,0,0,0,2.8209,0,"E: Uncertainty",NA,NA,NA,NA,NA,NA,NA,"E: Uncertainty","E: Uncertainty",NA,NA,NA,NA,NA,NA,NA,NA,NA,NA,NA,"E: Uncertainty",NA,NA,NA,NA,"E: Uncertainty","E: Uncertainty",NA,NA,"E: Uncertainty","E: Uncertainty",NA,NA,NA,NA,NA,NA,NA,NA
"2023-04-21 08:00:00","PM10",1012.6007,0,0,582.6893,0,82.755,88.2448,10.104,0,1.8724,9.9761,324.5355,0,1.3765,12.7685,66.5127,0,0,1.2065,NA,1.4879,NA,0,0,0,20.6669,0,NA,0,NA,NA,NA,4.0484,0,0,0,0,0,5.9566,0,NA,NA,NA,NA,NA,NA,NA,NA,NA,NA,NA,NA,NA,NA,NA,NA,NA,NA,NA,"E: Uncertainty",NA,"E: Uncertainty",NA,NA,NA,NA,NA,"E: Uncertainty",NA,"E: Uncertainty","E: Uncertainty","E: Uncertainty",NA,NA,NA,NA,NA,NA,NA,NA
"2023-04-21 09:00:00","PM2.5",668.2568,0.949,0,512.5833,0,50.7473,29.319,3.099,NA,NA,2.5388,118.1172,0,NA,3.9158,27.7075,0,0,NA,NA,2.2865,NA,0,0,0,9.7618,NA,NA,0,NA,NA,0,NA,0,0,0,0,0,5.3653,0,NA,NA,NA,NA,NA,NA,NA,NA,"E: Uncertainty","E: Uncertainty",NA,NA,NA,"E: Uncertainty",NA,NA,NA,NA,"E: Uncertainty","E: Uncertainty",NA,"E: Uncertainty",NA,NA,NA,NA,"E: Uncertainty","E: Uncertainty",NA,"E: Uncertainty","E: Uncertainty",NA,"E: Uncertainty",NA,NA,NA,NA,NA,NA,NA
"2023-04-21 10:00:00","PM10",NA,NA,0,371.5947,30.1549,43.0966,76.4234,3.9068,NA,NA,1.2208,158.9136,0,NA,3.9622,20.8484,0,0,0.5339,NA,0.7625,NA,0,0,0,12.3042,0,NA,0,NA,NA,NA,NA,0,0,0,0,0,NA,0,"E: Uncertainty","E: Uncertainty",NA,NA,NA,NA,NA,NA,"E: Uncertainty","E: Uncertainty",NA,NA,NA,"E: Uncertainty",NA,NA,NA,NA,NA,"E: Uncertainty",NA,"E: Uncertainty",NA,NA,NA,NA,NA,"E: Uncertainty",NA,"E: Uncertainty","E: Uncertainty","E: Uncertainty","E: Uncertainty",NA,NA,NA,NA,NA,"E: Uncertainty",NA
"2023-04-21 11:00:00","PM2.5",NA,0,0,305.998,0,25.7514,16.5132,1.0742,NA,NA,0,54.0587,0,0,1.9317,19.7203,0,0,0.3871,7e-04,1.0191,0,0,0,0,11.9858,NA,NA,0,0,NA,NA,NA,0,0,0,0,0,0,0,"E: Uncertainty",NA,NA,NA,NA,NA,NA,NA,"E: Uncertainty","E: Uncertainty",NA,NA,NA,NA,NA,NA,NA,NA,NA,NA,NA,NA,NA,NA,NA,NA,"E: Uncertainty","E: Uncertainty",NA,NA,"E: Uncertainty","E: Uncertainty","E: Uncertainty",NA,NA,NA,NA,NA,NA,NA
"2023-04-21 12:00:00","PM10",NA,0,0,345.8776,NA,37.182,49.4872,2.0454,NA,NA,NA,89.0432,0,NA,2.6389,18.4097,0,0,NA,0,1.4104,0,0,0,0,10.015,NA,NA,0,NA,0.1626,0,NA,0,0,0,0,0,NA,0,"E: Uncertainty",NA,NA,NA,"E: Uncertainty",NA,NA,NA,"E: Uncertainty","E: Uncertainty","E: Uncertainty",NA,NA,"E: Uncertainty",NA,NA,NA,NA,"E: Uncertainty",NA,NA,NA,NA,NA,NA,NA,"E: Uncertainty","E: Uncertainty",NA,"E: Uncertainty",NA,NA,"E: Uncertainty",NA,NA,NA,NA,NA,"E: Uncertainty",NA
"2023-04-21 13:00:00","PM2.5",NA,0,0,346.0651,0,26.2782,13.2456,1.019,NA,0,NA,52.211,0,NA,1.0872,19.9137,0,0,0,0,0.9144,NA,0,0,0,20.4053,0,NA,0,0,0,NA,NA,0,0,0,0,0,0.9926,0,"E: Uncertainty",NA,NA,NA,NA,NA,NA,NA,"E: Uncertainty",NA,"E: Uncertainty",NA,NA,"E: Uncertainty",NA,NA,NA,NA,NA,NA,NA,"E: Uncertainty",NA,NA,NA,NA,NA,"E: Uncertainty",NA,NA,NA,"E: Uncertainty","E: Uncertainty",NA,NA,NA,NA,NA,NA,NA
"2023-04-21 14:00:00","PM10",NA,0,0,548.7992,15.9885,43.6058,91.7936,3.0608,0,NA,NA,120.6514,NA,NA,3.3954,21.247,0,0,0.4077,0,1.7031,NA,0,0,0,NA,0,0,0,NA,NA,NA,NA,0,0,0,0,0,NA,0,"E: Uncertainty",NA,NA,NA,NA,NA,NA,NA,NA,"E: Uncertainty","E: Uncertainty",NA,"E: Uncertainty","E: Uncertainty",NA,NA,NA,NA,NA,NA,NA,"E: Uncertainty",NA,NA,NA,"E: Uncertainty",NA,NA,NA,"E: Uncertainty","E: Uncertainty","E: Uncertainty","E: Uncertainty",NA,NA,NA,NA,NA,"E: Uncertainty",NA
"2023-04-21 15:00:00","PM2.5",0,0,0,444.5827,0,36.0259,26.8109,1.6243,0,NA,NA,65.8764,NA,0,1.4117,15.4384,0,0,0.4731,NA,1.4421,NA,0,0,0,NA,NA,0,0,0,NA,NA,0,0,0,0,0,0,1.0602,0,NA,NA,NA,NA,NA,NA,NA,NA,NA,"E: Uncertainty","E: Uncertainty",NA,"E: Uncertainty",NA,NA,NA,NA,NA,NA,"E: Uncertainty",NA,"E: Uncertainty",NA,NA,NA,"E: Uncertainty","E: Uncertainty",NA,NA,NA,"E: Uncertainty","E: Uncertainty",NA,NA,NA,NA,NA,NA,NA,NA
"2023-04-21 16:00:00","PM10",0,NA,0,655.8026,0,49.1495,114.5702,3.953,0,NA,NA,146.3525,NA,NA,3.6216,18.8367,0,0,0.5246,NA,2.0619,NA,0,0,0,19.1232,NA,0,0,0,NA,NA,NA,0,0,0,0,0,NA,0,NA,"E: Uncertainty",NA,NA,NA,NA,NA,NA,NA,"E: Uncertainty","E: Uncertainty",NA,"E: Uncertainty","E: Uncertainty",NA,NA,NA,NA,NA,"E: Uncertainty",NA,"E: Uncertainty",NA,NA,NA,NA,"E: Uncertainty",NA,NA,NA,"E: Uncertainty","E: Uncertainty","E: Uncertainty",NA,NA,NA,NA,NA,"E: Uncertainty",NA
"2023-04-21 17:00:00","PM2.5",NA,0,0,529.9493,0,31.368,28.0964,1.2839,NA,NA,0,78.6546,NA,NA,2.0293,16.7999,0,0,0,NA,1.798,NA,0,0,0,16.5963,NA,NA,0,NA,0,NA,NA,0,0,0,0,0,2.0876,0,"E: Uncertainty",NA,NA,NA,NA,NA,NA,NA,"E: Uncertainty","E: Uncertainty",NA,NA,"E: Uncertainty","E: Uncertainty",NA,NA,NA,NA,NA,"E: Uncertainty",NA,"E: Uncertainty",NA,NA,NA,NA,"E: Uncertainty","E: Uncertainty",NA,"E: Uncertainty",NA,"E: Uncertainty","E: Uncertainty",NA,NA,NA,NA,NA,NA,NA
"2023-04-21 18:00:00","PM10",0,0.1608,0,627.152,0,51.6284,94.7374,4.4025,NA,NA,1.1302,174.6659,0,NA,3.5958,21.0427,0,0,0.5718,0.0041,2.1822,NA,0,0,0,15.9596,0.0964,NA,0,0,NA,0,NA,0,0,0,0,0,NA,0,NA,NA,NA,NA,NA,NA,NA,NA,"E: Uncertainty","E: Uncertainty",NA,NA,NA,"E: Uncertainty",NA,NA,NA,NA,NA,NA,NA,"E: Uncertainty",NA,NA,NA,NA,NA,"E: Uncertainty",NA,NA,"E: Uncertainty",NA,"E: Uncertainty",NA,NA,NA,NA,NA,"E: Uncertainty",NA
"2023-04-21 19:00:00","PM2.5",805.3345,0,0,478.876,0,55.4199,30.4377,1.4869,NA,0,NA,129.4188,0,NA,2.898,18.6821,0,0,0.7919,NA,1.7792,NA,0,0,0,NA,0,0,0,NA,NA,0,NA,0,0,0,0,0,1.355,0,NA,NA,NA,NA,NA,NA,NA,NA,"E: Uncertainty",NA,"E: Uncertainty",NA,NA,"E: Uncertainty",NA,NA,NA,NA,NA,"E: Uncertainty",NA,"E: Uncertainty",NA,NA,NA,"E: Uncertainty",NA,NA,NA,"E: Uncertainty","E: Uncertainty",NA,"E: Uncertainty",NA,NA,NA,NA,NA,NA,NA
"2023-04-21 20:00:00","PM10",NA,194.0427,0,670.4644,0,89.4347,174.5728,11.4791,0,1.2199,4.5468,666.9011,0,NA,21.7815,26.3541,0,0,0.7713,NA,2.7792,NA,0,0,0,NA,NA,0,0,0,NA,NA,12.5526,0,0,0,0,0,1.9156,0,"E: Uncertainty",NA,NA,NA,NA,NA,NA,NA,NA,NA,NA,NA,NA,"E: Uncertainty",NA,NA,NA,NA,NA,"E: Uncertainty",NA,"E: Uncertainty",NA,NA,NA,"E: Uncertainty","E: Uncertainty",NA,NA,NA,"E: Uncertainty","E: Uncertainty",NA,NA,NA,NA,NA,NA,NA,NA
"2023-04-21 21:00:00","PM2.5",660.9886,NA,0,834.2994,0,113.4651,51.2422,2.9483,NA,NA,1.2984,219.5333,0,NA,7.3955,27.4099,0,0,NA,NA,2.6949,NA,0,0,0,NA,0,0,0,NA,NA,0,2.977,0,0,0,0,0,2.8068,0,NA,"E: Uncertainty",NA,NA,NA,NA,NA,NA,"E: Uncertainty","E: Uncertainty",NA,NA,NA,"E: Uncertainty",NA,NA,NA,NA,"E: Uncertainty","E: Uncertainty",NA,"E: Uncertainty",NA,NA,NA,"E: Uncertainty",NA,NA,NA,"E: Uncertainty","E: Uncertainty",NA,NA,NA,NA,NA,NA,NA,NA,NA
"2023-04-21 22:00:00","PM10",NA,NA,0,1438.3637,294.053,143.4892,194.441,9.8179,0,NA,2.6209,231.7935,0,NA,3.7247,29.5053,0,0,NA,NA,4.4965,NA,0,0,0,11.8804,0,NA,0,NA,NA,NA,NA,0,0,0,0,0,4.1415,0,"E: Uncertainty","E: Uncertainty",NA,NA,NA,NA,NA,NA,NA,"E: Uncertainty",NA,NA,NA,"E: Uncertainty",NA,NA,NA,NA,"E: Uncertainty","E: Uncertainty",NA,"E: Uncertainty",NA,NA,NA,NA,NA,"E: Uncertainty",NA,"E: Uncertainty","E: Uncertainty","E: Uncertainty","E: Uncertainty",NA,NA,NA,NA,NA,NA,NA
"2023-04-21 23:00:00","PM2.5",NA,NA,0,1108.2469,0,105.4725,53.6821,3.0485,NA,NA,NA,108.4799,NA,NA,1.895,31.8769,0,0,2.2664,0.6356,3.206,NA,0,0,0,NA,NA,NA,0,0,0,NA,0,NA,0,0,0,0,0,0,"E: Uncertainty","E: Uncertainty",NA,NA,NA,NA,NA,NA,"E: Uncertainty","E: Uncertainty","E: Uncertainty",NA,"E: Uncertainty","E: Uncertainty",NA,NA,NA,NA,NA,NA,NA,"E: Uncertainty",NA,NA,NA,"E: Uncertainty","E: Uncertainty","E: Uncertainty",NA,NA,NA,"E: Uncertainty",NA,"E: Uncertainty",NA,NA,NA,NA,NA,NA
"2023-04-22 00:30:00","PM10",0,NA,0,1386.7178,289.1224,121.7329,169.236,8.5599,NA,NA,NA,176.8645,NA,NA,3.7043,40.3961,0,0,NA,NA,4.9003,NA,0,0,0,29.1945,0,0,0,NA,0,0,0,0,0,0,0,0,1.6884,0,NA,"E: Uncertainty",NA,NA,NA,NA,NA,NA,"E: Uncertainty","E: Uncertainty","E: Uncertainty",NA,"E: Uncertainty","E: Uncertainty",NA,NA,NA,NA,"E: Uncertainty","E: Uncertainty",NA,"E: Uncertainty",NA,NA,NA,NA,NA,NA,NA,"E: Uncertainty",NA,NA,NA,NA,NA,NA,NA,NA,NA,NA
"2023-04-22 01:00:00","PM2.5",NA,1.1036,0,1135.8378,0,88.1225,45.9175,2.7771,NA,NA,NA,92.7735,0,NA,2.1745,28.896,0,0,0.4519,NA,3.9736,NA,0,0,0,9.0585,NA,NA,0,NA,NA,0,0,0,NA,0,0,0,2.5096,0,"E: Uncertainty",NA,NA,NA,NA,NA,NA,NA,"E: Uncertainty","E: Uncertainty","E: Uncertainty",NA,NA,"E: Uncertainty",NA,NA,NA,NA,NA,"E: Uncertainty",NA,"E: Uncertainty",NA,NA,NA,NA,"E: Uncertainty","E: Uncertainty",NA,"E: Uncertainty","E: Uncertainty",NA,NA,NA,"E: Uncertainty",NA,NA,NA,NA,NA
"2023-04-22 02:00:00","PM10",NA,NA,0,1387.0283,118.4322,120.3514,176.0035,8.7133,0,0.6212,1.7902,240.8766,0,NA,3.5907,29.5329,0,0,1.3211,0.4215,4.5006,NA,0,0,0,11.9018,NA,NA,0,0,NA,0,3.3667,0,0,0,0,0,1.5017,0,"E: Uncertainty","E: Uncertainty",NA,NA,NA,NA,NA,NA,NA,NA,NA,NA,NA,"E: Uncertainty",NA,NA,NA,NA,NA,NA,NA,"E: Uncertainty",NA,NA,NA,NA,"E: Uncertainty","E: Uncertainty",NA,NA,"E: Uncertainty",NA,NA,NA,NA,NA,NA,NA,NA,NA
"2023-04-22 03:00:00","PM2.5",609.3311,0,0,1086.7951,0,90.395,46.2257,2.4732,NA,NA,NA,115.331,0,0,2.4238,27.388,0,0,1.7533,NA,3.0345,0,0,0,0,12.1231,0,NA,0,NA,NA,NA,NA,0,0,0,0,0,1.3383,0,NA,NA,NA,NA,NA,NA,NA,NA,"E: Uncertainty","E: Uncertainty","E: Uncertainty",NA,NA,NA,NA,NA,NA,NA,NA,"E: Uncertainty",NA,NA,NA,NA,NA,NA,NA,"E: Uncertainty",NA,"E: Uncertainty","E: Uncertainty","E: Uncertainty","E: Uncertainty",NA,NA,NA,NA,NA,NA,NA
"2023-04-22 04:00:00","PM10",NA,NA,0,1293.727,NA,119.8808,142.8888,7.4516,NA,NA,1.8113,198.2686,0,NA,3.2706,27.2066,0,0,1.5493,NA,4.1819,NA,0,0,0,10.5634,0,NA,0,0,0,0.2323,NA,0,0,0,0,0,1.7928,0,"E: Uncertainty","E: Uncertainty",NA,NA,"E: Uncertainty",NA,NA,NA,"E: Uncertainty","E: Uncertainty",NA,NA,NA,"E: Uncertainty",NA,NA,NA,NA,NA,"E: Uncertainty",NA,"E: Uncertainty",NA,NA,NA,NA,NA,"E: Uncertainty",NA,NA,NA,NA,"E: Uncertainty",NA,NA,NA,NA,NA,NA,NA
"2023-04-22 05:00:00","PM2.5",NA,1.524,0,918.5806,0,83.3538,36.9478,2.7977,NA,NA,NA,96.5502,NA,NA,3.3628,22.8328,0,0,2.0182,0.4369,3.7032,0,0,0,0,NA,NA,NA,0,NA,0,NA,NA,0,0,0,0,0,0.949,0,"E: Uncertainty",NA,NA,NA,NA,NA,NA,NA,"E: Uncertainty","E: Uncertainty","E: Uncertainty",NA,"E: Uncertainty","E: Uncertainty",NA,NA,NA,NA,NA,NA,NA,NA,NA,NA,NA,"E: Uncertainty","E: Uncertainty","E: Uncertainty",NA,"E: Uncertainty",NA,"E: Uncertainty","E: Uncertainty",NA,NA,NA,NA,NA,NA,NA
"2023-04-22 06:00:00","PM10",NA,NA,0,1251.2748,0,131.4684,145.8699,7.5704,0,NA,2.5337,293.038,0,NA,10.6082,32.5826,0,0,NA,NA,3.9842,NA,0,NA,0,NA,0,0,0,0,NA,NA,5.0887,0,0,0,0,0,4.7342,0,"E: Uncertainty","E: Uncertainty",NA,NA,NA,NA,NA,NA,NA,"E: Uncertainty",NA,NA,NA,"E: Uncertainty",NA,NA,NA,NA,"E: Uncertainty","E: Uncertainty",NA,"E: Uncertainty",NA,"E: Uncertainty",NA,"E: Uncertainty",NA,NA,NA,NA,"E: Uncertainty","E: Uncertainty",NA,NA,NA,NA,NA,NA,NA,NA
"2023-04-22 07:00:00","PM2.5",NA,0,0,781.8501,0,83.1737,26.7713,4.0179,NA,NA,NA,97.9087,0,0,3.2398,19.3867,0,0,0.7299,NA,3.1639,NA,0,0,0,9.9907,NA,NA,0,0,NA,0,NA,0,0,0,0,0,2.5209,0,"E: Uncertainty",NA,NA,NA,NA,NA,NA,NA,"E: Uncertainty","E: Uncertainty","E: Uncertainty",NA,NA,NA,NA,NA,NA,NA,NA,"E: Uncertainty",NA,"E: Uncertainty",NA,NA,NA,NA,"E: Uncertainty","E: Uncertainty",NA,NA,"E: Uncertainty",NA,"E: Uncertainty",NA,NA,NA,NA,NA,NA,NA
"2023-04-22 08:00:00","PM10",NA,NA,0,953.9187,0,119.8687,137.9225,8.0528,0,NA,2.2656,219.167,0,NA,5.9753,35.9559,0,0,0.5399,NA,3.4106,NA,0,NA,0,12.6914,NA,0,0,NA,0,0,3.3217,0,0,0,0,0,3.5037,0,"E: Uncertainty","E: Uncertainty",NA,NA,NA,NA,NA,NA,NA,"E: Uncertainty",NA,NA,NA,"E: Uncertainty",NA,NA,NA,NA,NA,"E: Uncertainty",NA,"E: Uncertainty",NA,"E: Uncertainty",NA,NA,"E: Uncertainty",NA,NA,"E: Uncertainty",NA,NA,NA,NA,NA,NA,NA,NA,NA,NA
"2023-04-22 09:00:00","PM2.5",706.8241,0,0,521.1888,0,62.9179,25.0408,1.6317,NA,NA,0,79,0,1.0534,2.7896,16.1082,0,0,0.636,0,1.5493,NA,0,0,0,12.1635,NA,NA,NA,NA,NA,0,NA,0,0,0,0,0,3.3854,0,NA,NA,NA,NA,NA,NA,NA,NA,"E: Uncertainty","E: Uncertainty",NA,NA,NA,NA,NA,NA,NA,NA,NA,NA,NA,"E: Uncertainty",NA,NA,NA,NA,"E: Uncertainty","E: Uncertainty","E: Uncertainty","E: Uncertainty","E: Uncertainty",NA,"E: Uncertainty",NA,NA,NA,NA,NA,NA,NA
"2023-04-22 10:00:00","PM10",NA,1.11,0,395.2553,0,42.7488,96.3904,2.9599,0,NA,0.8848,132.6161,0,0,4.3108,21.4606,0,0,0.7548,0,0.8999,NA,0,0,0,14.7125,0,NA,0,NA,NA,NA,NA,0,0,0,NA,0,0.7727,0,"E: Uncertainty",NA,NA,NA,NA,NA,NA,NA,NA,"E: Uncertainty",NA,NA,NA,NA,NA,NA,NA,NA,NA,NA,NA,"E: Uncertainty",NA,NA,NA,NA,NA,"E: Uncertainty",NA,"E: Uncertainty","E: Uncertainty","E: Uncertainty","E: Uncertainty",NA,NA,NA,"E: Uncertainty",NA,NA,NA
"2023-04-22 11:00:00","PM2.5",NA,0,0,341.5785,0,30.0271,28.2742,NA,NA,NA,0,63.9681,NA,0,2.163,20.83,0,0,0.4942,0,1.0013,NA,0,0,0,16.5042,0,0,0,NA,NA,NA,NA,0,0,0,0,0,NA,0,"E: Uncertainty",NA,NA,NA,NA,NA,NA,"E: Uncertainty","E: Uncertainty","E: Uncertainty",NA,NA,"E: Uncertainty",NA,NA,NA,NA,NA,NA,NA,NA,"E: Uncertainty",NA,NA,NA,NA,NA,NA,NA,"E: Uncertainty","E: Uncertainty","E: Uncertainty","E: Uncertainty",NA,NA,NA,NA,NA,"E: Uncertainty",NA
"2023-04-22 12:00:00","PM10",0,NA,0,356.2874,0,53.3653,78.9746,3.9047,NA,NA,0.8533,120.7424,0,NA,3.4603,17.0369,0,0,1.0423,0,1.2097,0,0,0,0,18.3023,0,NA,0,NA,NA,NA,0,0,0,0,0,0,0.748,0,NA,"E: Uncertainty",NA,NA,NA,NA,NA,NA,"E: Uncertainty","E: Uncertainty",NA,NA,NA,"E: Uncertainty",NA,NA,NA,NA,NA,NA,NA,NA,NA,NA,NA,NA,NA,"E: Uncertainty",NA,"E: Uncertainty","E: Uncertainty","E: Uncertainty",NA,NA,NA,NA,NA,NA,NA,NA
"2023-04-22 13:00:00","PM2.5",NA,0.7929,0,397.017,0,41.463,20.4707,NA,0,NA,0,57.7857,NA,NA,1.5157,19.9022,0,0,0.4322,0,1.9346,NA,0,0,0,18.5706,0,0,0,NA,0,NA,NA,0,0,0,0.0094,0,0.9167,0,"E: Uncertainty",NA,NA,NA,NA,NA,NA,"E: Uncertainty",NA,"E: Uncertainty",NA,NA,"E: Uncertainty","E: Uncertainty",NA,NA,NA,NA,NA,NA,NA,"E: Uncertainty",NA,NA,NA,NA,NA,NA,NA,"E: Uncertainty",NA,"E: Uncertainty","E: Uncertainty",NA,NA,NA,NA,NA,NA,NA
"2023-04-22 14:00:00","PM10",NA,NA,0,467.4789,0,53.5007,82.5448,4.3493,NA,NA,NA,112.0343,0,0,3.1446,17.2009,0,0,0.9568,0,3.564,0,0,0,0,0,NA,NA,0,NA,0,0,0,0,0,0,0,0,NA,0,"E: Uncertainty","E: Uncertainty",NA,NA,NA,NA,NA,NA,"E: Uncertainty","E: Uncertainty","E: Uncertainty",NA,NA,NA,NA,NA,NA,NA,NA,NA,NA,NA,NA,NA,NA,NA,"E: Uncertainty","E: Uncertainty",NA,"E: Uncertainty",NA,NA,NA,NA,NA,NA,NA,NA,"E: Uncertainty",NA
"2023-04-22 15:00:00","PM2.5",NA,0,0,482.2491,0,44.546,28.9418,1.0658,0,0,NA,56.6706,0,0,1.6875,16.0844,0,0,0.4733,NA,2.3047,NA,0,0,0,21.6425,NA,0,0,NA,0,NA,0,0,0,0,0,0,1.9766,0,"E: Uncertainty",NA,NA,NA,NA,NA,NA,NA,NA,NA,"E: Uncertainty",NA,NA,NA,NA,NA,NA,NA,NA,"E: Uncertainty",NA,"E: Uncertainty",NA,NA,NA,NA,"E: Uncertainty",NA,NA,"E: Uncertainty",NA,"E: Uncertainty",NA,NA,NA,NA,NA,NA,NA,NA
"2023-04-22 16:00:00","PM10",669.1148,NA,0,551.2387,0,65.4066,122.5902,5.9287,NA,0,NA,142.2844,0,0,3.6418,26.3803,0,0,0.8999,0,2.8269,NA,0,NA,0,NA,NA,0.0464,0,0,NA,NA,NA,0,0,0,0,0,3.3034,0,NA,"E: Uncertainty",NA,NA,NA,NA,NA,NA,"E: Uncertainty",NA,"E: Uncertainty",NA,NA,NA,NA,NA,NA,NA,NA,NA,NA,"E: Uncertainty",NA,"E: Uncertainty",NA,"E: Uncertainty","E: Uncertainty",NA,NA,NA,"E: Uncertainty","E: Uncertainty","E: Uncertainty",NA,NA,NA,NA,NA,NA,NA
"2023-04-22 17:00:00","PM2.5",NA,0,0,495.2736,0,46.5506,26.0446,1.6886,NA,NA,NA,65.3626,0,0,1.3434,25.035,0,0,NA,NA,2.7654,NA,0,0,0,10.143,NA,NA,0,NA,NA,NA,NA,0,0,0,0,0,2.9361,0,"E: Uncertainty",NA,NA,NA,NA,NA,NA,NA,"E: Uncertainty","E: Uncertainty","E: Uncertainty",NA,NA,NA,NA,NA,NA,NA,"E: Uncertainty","E: Uncertainty",NA,"E: Uncertainty",NA,NA,NA,NA,"E: Uncertainty","E: Uncertainty",NA,"E: Uncertainty","E: Uncertainty","E: Uncertainty","E: Uncertainty",NA,NA,NA,NA,NA,NA,NA
"2023-04-22 18:00:00","PM10",NA,NA,0,598.755,0,73.6069,143.4822,3.9172,NA,NA,1.564,147.028,NA,0.6247,2.8233,27.7746,0,0,0.5285,NA,2.4707,NA,0,0,0,18.7399,NA,NA,0,0,NA,0,NA,0,0,0,0,0,2.5858,0,"E: Uncertainty","E: Uncertainty",NA,NA,NA,NA,NA,NA,"E: Uncertainty","E: Uncertainty",NA,NA,"E: Uncertainty",NA,NA,NA,NA,NA,NA,"E: Uncertainty",NA,"E: Uncertainty",NA,NA,NA,NA,"E: Uncertainty","E: Uncertainty",NA,NA,"E: Uncertainty",NA,"E: Uncertainty",NA,NA,NA,NA,NA,NA,NA
"2023-04-22 19:00:00","PM2.5",NA,0,0,491.2307,0,59.952,31.5522,1.538,0,NA,NA,61.1678,0,NA,1.7098,21.9399,0,0,1.3806,0,3.0034,NA,0,0,0,12.4321,NA,NA,0,NA,NA,NA,NA,0,0,0,0,0,0.9709,0,"E: Uncertainty",NA,NA,NA,NA,NA,NA,NA,NA,"E: Uncertainty","E: Uncertainty",NA,NA,"E: Uncertainty",NA,NA,NA,NA,NA,NA,NA,"E: Uncertainty",NA,NA,NA,NA,"E: Uncertainty","E: Uncertainty",NA,"E: Uncertainty","E: Uncertainty","E: Uncertainty","E: Uncertainty",NA,NA,NA,NA,NA,NA,NA
"2023-04-22 20:00:00","PM10",NA,1.6695,0,543.7252,0,86.4333,90.5731,3.2195,NA,NA,1.351,131.1184,0,NA,2.7095,23.1409,0,0,1.1988,NA,3.1475,NA,0,0,0,14.5332,NA,NA,0,NA,NA,NA,NA,0,0,0,0,0,1.8522,0,"E: Uncertainty",NA,NA,NA,NA,NA,NA,NA,"E: Uncertainty","E: Uncertainty",NA,NA,NA,"E: Uncertainty",NA,NA,NA,NA,NA,"E: Uncertainty",NA,"E: Uncertainty",NA,NA,NA,NA,"E: Uncertainty","E: Uncertainty",NA,"E: Uncertainty","E: Uncertainty","E: Uncertainty","E: Uncertainty",NA,NA,NA,NA,NA,NA,NA
"2023-04-22 21:00:00","PM2.5",NA,0,0,498.004,0,89.3126,17.8833,1.1406,1.1627,NA,NA,74.019,NA,NA,2.2311,34.2541,0,0,0.7732,NA,2.2354,NA,0,0,NA,NA,NA,NA,0,0,NA,NA,NA,0,0,0,0,0,2.9072,0,"E: Uncertainty",NA,NA,NA,NA,NA,NA,NA,NA,"E: Uncertainty","E: Uncertainty",NA,"E: Uncertainty","E: Uncertainty",NA,NA,NA,NA,NA,"E: Uncertainty",NA,"E: Uncertainty",NA,NA,"E: Uncertainty","E: Uncertainty","E: Uncertainty","E: Uncertainty",NA,NA,"E: Uncertainty","E: Uncertainty","E: Uncertainty",NA,NA,NA,NA,NA,NA,NA
"2023-04-22 22:00:00","PM10",NA,2.0674,0,640.9155,0,94.9016,45.4596,3.4308,0.8752,NA,1.3569,153.2159,0,NA,4.6215,37.4902,0,0,2.4283,NA,3.7214,0,0,0,NA,18.9364,NA,NA,0,NA,NA,NA,NA,0,0,0,0,0,3.4181,0,"E: Uncertainty",NA,NA,NA,NA,NA,NA,NA,NA,"E: Uncertainty",NA,NA,NA,"E: Uncertainty",NA,NA,NA,NA,NA,"E: Uncertainty",NA,NA,NA,NA,"E: Uncertainty",NA,"E: Uncertainty","E: Uncertainty",NA,"E: Uncertainty","E: Uncertainty","E: Uncertainty","E: Uncertainty",NA,NA,NA,NA,NA,NA,NA
"2023-04-22 23:00:00","PM2.5",943.9125,0,0,451.8169,0,64.5115,13.2152,1.5825,NA,NA,0,78.1097,NA,NA,2.4072,39.7024,0,0,1.6257,0,4.6148,NA,0,NA,0,NA,0,NA,0,NA,NA,NA,0.0172,0,0,0,0,0,3.4368,0,NA,NA,NA,NA,NA,NA,NA,NA,"E: Uncertainty","E: Uncertainty",NA,NA,"E: Uncertainty","E: Uncertainty",NA,NA,NA,NA,NA,NA,NA,"E: Uncertainty",NA,"E: Uncertainty",NA,"E: Uncertainty",NA,"E: Uncertainty",NA,"E: Uncertainty","E: Uncertainty","E: Uncertainty",NA,NA,NA,NA,NA,NA,NA,NA
"2023-04-23 00:30:00","PM10",1835.7762,0,0,513.2904,0,62.1063,39.373,3.4469,0,0,0,105.8295,NA,0,3.3735,31.6674,0,0,1.1715,0,2.0722,0,0,0,0,35.3624,NA,0,0,NA,0,NA,0,0,0,0,NA,0,1.9944,0,NA,NA,NA,NA,NA,NA,NA,NA,NA,NA,NA,NA,"E: Uncertainty",NA,NA,NA,NA,NA,NA,NA,NA,NA,NA,NA,NA,NA,"E: Uncertainty",NA,NA,"E: Uncertainty",NA,"E: Uncertainty",NA,NA,NA,NA,"E: Uncertainty",NA,NA,NA
"2023-04-23 01:00:00","PM2.5",NA,0,0,417.8053,0,53.2911,10.0257,NA,NA,NA,0,58.7399,0,NA,1.7201,23.7917,0,0,1.1056,NA,2.3757,NA,0,0,0,0,15.6213,0,0,0,NA,NA,NA,0,0,0,0,0,1.4067,0,"E: Uncertainty",NA,NA,NA,NA,NA,NA,"E: Uncertainty","E: Uncertainty","E: Uncertainty",NA,NA,NA,"E: Uncertainty",NA,NA,NA,NA,NA,"E: Uncertainty",NA,"E: Uncertainty",NA,NA,NA,NA,NA,NA,NA,NA,"E: Uncertainty","E: Uncertainty","E: Uncertainty",NA,NA,NA,NA,NA,NA,NA
"2023-04-23 02:00:00","PM10",NA,0,0,570.1017,0,76.9349,39.3716,2.6022,NA,NA,NA,136.1983,NA,NA,3.0653,35.7591,0,0,1.6221,0.4135,3.5733,NA,0,0,0,NA,NA,NA,0,NA,0,NA,NA,0,0,0,0,0,1.6094,0,"E: Uncertainty",NA,NA,NA,NA,NA,NA,NA,"E: Uncertainty","E: Uncertainty","E: Uncertainty",NA,"E: Uncertainty","E: Uncertainty",NA,NA,NA,NA,NA,NA,NA,"E: Uncertainty",NA,NA,NA,"E: Uncertainty","E: Uncertainty","E: Uncertainty",NA,"E: Uncertainty",NA,"E: Uncertainty","E: Uncertainty",NA,NA,NA,NA,NA,NA,NA
"2023-04-23 03:00:00","PM2.5",NA,0,0,567.3882,0,64.9116,8.5047,NA,NA,0,9e-04,57.4968,0,0,1.7968,36.0274,0,0,0.8471,NA,3.3856,NA,0,0,0,NA,0,0,0,0,NA,NA,0,0,0,0,0,0,4.3563,0,"E: Uncertainty",NA,NA,NA,NA,NA,NA,"E: Uncertainty","E: Uncertainty",NA,NA,NA,NA,NA,NA,NA,NA,NA,NA,"E: Uncertainty",NA,"E: Uncertainty",NA,NA,NA,"E: Uncertainty",NA,NA,NA,NA,"E: Uncertainty","E: Uncertainty",NA,NA,NA,NA,NA,NA,NA,NA
"2023-04-23 04:00:00","PM10",NA,NA,0,697.0898,37.8807,86.78,60.9514,3.5084,0,NA,1.0347,122.2885,NA,0.5289,2.5481,38.0584,0,0,0.991,NA,3.4596,NA,0,0,0,NA,NA,NA,0,NA,NA,NA,NA,0,0,0,0,0,3.7928,0,"E: Uncertainty","E: Uncertainty",NA,NA,NA,NA,NA,NA,NA,"E: Uncertainty",NA,NA,"E: Uncertainty",NA,NA,NA,NA,NA,NA,"E: Uncertainty",NA,"E: Uncertainty",NA,NA,NA,"E: Uncertainty","E: Uncertainty","E: Uncertainty",NA,"E: Uncertainty","E: Uncertainty","E: Uncertainty","E: Uncertainty",NA,NA,NA,NA,NA,NA,NA
"2023-04-23 05:00:00","PM2.5",NA,0,34.4067,461.0881,0,50.9547,5.0035,NA,NA,0,0,36.0071,NA,NA,0.8165,21.3559,0,0,0.6875,NA,2.1626,NA,0,0,0,13.5003,NA,0,0,NA,NA,NA,0,0,NA,0,NA,0,7.2728,0,"E: Uncertainty",NA,NA,NA,NA,NA,NA,"E: Uncertainty","E: Uncertainty",NA,NA,NA,"E: Uncertainty","E: Uncertainty",NA,NA,NA,NA,NA,"E: Uncertainty",NA,"E: Uncertainty",NA,NA,NA,NA,"E: Uncertainty",NA,NA,"E: Uncertainty","E: Uncertainty","E: Uncertainty",NA,NA,"E: Uncertainty",NA,"E: Uncertainty",NA,NA,NA
"2023-04-23 06:00:00","PM10",NA,0,NA,494.4709,0,58.5111,15.6387,1.5058,0,NA,NA,71.7644,0,NA,1.541,19.2938,0,0,1.2255,NA,1.7786,NA,0,0,0,14.6848,0,0,0,0,NA,NA,NA,0,0,0,0,0,3.4202,0,"E: Uncertainty",NA,"E: Uncertainty",NA,NA,NA,NA,NA,NA,"E: Uncertainty","E: Uncertainty",NA,NA,"E: Uncertainty",NA,NA,NA,NA,NA,"E: Uncertainty",NA,"E: Uncertainty",NA,NA,NA,NA,NA,NA,NA,NA,"E: Uncertainty","E: Uncertainty","E: Uncertainty",NA,NA,NA,NA,NA,NA,NA
"2023-04-23 07:00:00","PM2.5",710.3511,0,NA,420.5091,0,40.8598,6.6772,NA,0,0,NA,44.9073,NA,0,1.3128,28.31,0,0,1.393,NA,1.6061,NA,0,0,0,10.86,NA,0,0,0,NA,NA,0,0,0,0,0,0,1.0441,0,NA,NA,"E: Uncertainty",NA,NA,NA,NA,"E: Uncertainty",NA,NA,"E: Uncertainty",NA,"E: Uncertainty",NA,NA,NA,NA,NA,NA,"E: Uncertainty",NA,"E: Uncertainty",NA,NA,NA,NA,"E: Uncertainty",NA,NA,NA,"E: Uncertainty","E: Uncertainty",NA,NA,NA,NA,NA,NA,NA,NA
"2023-04-23 08:00:00","PM10",NA,0,44.8923,488.4756,0,48.7769,54.2909,1.1871,NA,0.0038,NA,68.9621,0,0,2.1315,29.9937,0,0,0.9986,NA,2.2575,0,0,0,0,9.4502,NA,0,0,NA,0,NA,NA,0,0,0,0,0,4.8027,0,"E: Uncertainty",NA,NA,NA,NA,NA,NA,NA,"E: Uncertainty",NA,"E: Uncertainty",NA,NA,NA,NA,NA,NA,NA,NA,"E: Uncertainty",NA,NA,NA,NA,NA,NA,"E: Uncertainty",NA,NA,"E: Uncertainty",NA,"E: Uncertainty","E: Uncertainty",NA,NA,NA,NA,NA,NA,NA
"2023-04-23 09:00:00","PM2.5",NA,0,NA,614.1863,0,47.9439,21.9989,NA,0,0,NA,50.714,NA,NA,1.995,30.9291,0,0,2.2672,0,2.1991,NA,0,0,0,NA,NA,NA,0,0,NA,0,NA,0,0,0,0,0,4.6874,0,"E: Uncertainty",NA,"E: Uncertainty",NA,NA,NA,NA,"E: Uncertainty",NA,NA,"E: Uncertainty",NA,"E: Uncertainty","E: Uncertainty",NA,NA,NA,NA,NA,NA,NA,"E: Uncertainty",NA,NA,NA,"E: Uncertainty","E: Uncertainty","E: Uncertainty",NA,NA,"E: Uncertainty",NA,"E: Uncertainty",NA,NA,NA,NA,NA,NA,NA
"2023-04-23 10:00:00","PM10",NA,0,0,470.0864,0,48.5922,58.109,3.452,NA,NA,NA,104.3889,0,NA,3.1908,24.4533,0,0,NA,NA,4.0118,NA,0,0,0,17.5248,NA,NA,0,0,0,0,NA,0,0,0,0,0,4.9206,0,"E: Uncertainty",NA,NA,NA,NA,NA,NA,NA,"E: Uncertainty","E: Uncertainty","E: Uncertainty",NA,NA,"E: Uncertainty",NA,NA,NA,NA,"E: Uncertainty","E: Uncertainty",NA,"E: Uncertainty",NA,NA,NA,NA,"E: Uncertainty","E: Uncertainty",NA,NA,NA,NA,"E: Uncertainty",NA,NA,NA,NA,NA,NA,NA
"2023-04-23 11:00:00","PM2.5",NA,0,0,561.1238,0,60.7165,24.7406,1.236,NA,NA,1.2609,75.9904,0,NA,2.9448,33.2464,0,0,2.1645,NA,2.7382,NA,0,0,0,11.5081,NA,NA,0,NA,NA,NA,0.0232,0,0,0,0,0,5.2595,0,"E: Uncertainty",NA,NA,NA,NA,NA,NA,NA,"E: Uncertainty","E: Uncertainty",NA,NA,NA,"E: Uncertainty",NA,NA,NA,NA,NA,"E: Uncertainty",NA,"E: Uncertainty",NA,NA,NA,NA,"E: Uncertainty","E: Uncertainty",NA,"E: Uncertainty","E: Uncertainty","E: Uncertainty",NA,NA,NA,NA,NA,NA,NA,NA
"2023-04-23 12:00:00","PM10",0,0,0,673.7708,0,64.4378,71.0618,2.8512,NA,3.6635,6.1348,157.9785,0,1.0583,3.9148,43.8691,0,0,1.1062,0.6074,2.6852,NA,0,NA,0,23.9689,0,0,0,NA,NA,NA,NA,0,0,0,0,0,6.8142,0,NA,NA,NA,NA,NA,NA,NA,NA,"E: Uncertainty",NA,NA,NA,NA,NA,NA,NA,NA,NA,NA,NA,NA,"E: Uncertainty",NA,"E: Uncertainty",NA,NA,NA,NA,NA,"E: Uncertainty","E: Uncertainty","E: Uncertainty","E: Uncertainty",NA,NA,NA,NA,NA,NA,NA
"2023-04-23 13:00:00","PM2.5",NA,0,0,768.409,0,85.5328,18.2348,1.3143,0,1.2826,5.2567,113.7143,NA,0.8296,2.8794,35.8611,0,0,1.8187,1.0242,3.4509,NA,0,0,0,0,NA,0,0,0,NA,NA,NA,0,0,0,0,0,7.5811,0,"E: Uncertainty",NA,NA,NA,NA,NA,NA,NA,NA,NA,NA,NA,"E: Uncertainty",NA,NA,NA,NA,NA,NA,NA,NA,"E: Uncertainty",NA,NA,NA,NA,"E: Uncertainty",NA,NA,NA,"E: Uncertainty","E: Uncertainty","E: Uncertainty",NA,NA,NA,NA,NA,NA,NA
"2023-04-23 14:00:00","PM10",NA,0,0,587.1131,0,54.7347,45.4916,2.8248,NA,1.3426,3.0067,121.4387,0,0.6977,3.7457,28.351,0,0,0.8458,0.7914,2.3154,NA,0,0,0,9.1643,NA,0,0,0,NA,NA,NA,0,0,0,0,0,3.06,0,"E: Uncertainty",NA,NA,NA,NA,NA,NA,NA,"E: Uncertainty",NA,NA,NA,NA,NA,NA,NA,NA,NA,NA,NA,NA,"E: Uncertainty",NA,NA,NA,NA,"E: Uncertainty",NA,NA,NA,"E: Uncertainty","E: Uncertainty","E: Uncertainty",NA,NA,NA,NA,NA,NA,NA
"2023-04-23 15:00:00","PM2.5",NA,0,0,645.6416,0,51.6076,20.0417,1.5387,NA,0.8542,1.8128,79.0638,0,NA,1.877,20.4173,0,0,0.8752,1.0643,3.0178,NA,0,0,0,18.9022,0,0,0,NA,NA,NA,0,0,0,0,0,0,3.8166,0,"E: Uncertainty",NA,NA,NA,NA,NA,NA,NA,"E: Uncertainty",NA,NA,NA,NA,"E: Uncertainty",NA,NA,NA,NA,NA,NA,NA,"E: Uncertainty",NA,NA,NA,NA,NA,NA,NA,"E: Uncertainty","E: Uncertainty","E: Uncertainty",NA,NA,NA,NA,NA,NA,NA,NA
"2023-04-23 16:00:00","PM10",NA,0,0,859.6226,0,71.7134,86.8333,3.8838,NA,NA,1.5443,175.6857,0,NA,3.9456,24.8462,0,0,0.7836,0.5464,3.2692,NA,0,0,0,11.7996,0,NA,0,NA,0,0,NA,0,0,0,0,0,3.9159,0,"E: Uncertainty",NA,NA,NA,NA,NA,NA,NA,"E: Uncertainty","E: Uncertainty",NA,NA,NA,"E: Uncertainty",NA,NA,NA,NA,NA,NA,NA,"E: Uncertainty",NA,NA,NA,NA,NA,"E: Uncertainty",NA,"E: Uncertainty",NA,NA,"E: Uncertainty",NA,NA,NA,NA,NA,NA,NA
"2023-04-23 17:00:00","PM2.5",NA,0,0,585.2342,0,48.2128,24.871,1.5032,0,NA,NA,79.5312,0,0,2.3616,25.2963,NA,0,1.05,0,2.5659,NA,0,0,0,12.7009,NA,NA,0,0,NA,NA,0,0,NA,0,0,0,2.4041,0,"E: Uncertainty",NA,NA,NA,NA,NA,NA,NA,NA,"E: Uncertainty","E: Uncertainty",NA,NA,NA,NA,NA,"E: Uncertainty",NA,NA,NA,NA,"E: Uncertainty",NA,NA,NA,NA,"E: Uncertainty","E: Uncertainty",NA,NA,"E: Uncertainty","E: Uncertainty",NA,NA,"E: Uncertainty",NA,NA,NA,NA,NA
"2023-04-23 18:00:00","PM10",799.8408,NA,0,688.397,0,60.6438,53.477,3.2913,0,NA,NA,173.3817,0,NA,6.6604,28.5597,0,0,0.8725,0.5319,3.5501,NA,0,0,0,13.636,0.0314,0,0,0,NA,NA,NA,0,0,0,0.0067,0,6.6323,0,NA,"E: Uncertainty",NA,NA,NA,NA,NA,NA,NA,"E: Uncertainty","E: Uncertainty",NA,NA,"E: Uncertainty",NA,NA,NA,NA,NA,NA,NA,"E: Uncertainty",NA,NA,NA,NA,NA,NA,NA,NA,"E: Uncertainty","E: Uncertainty","E: Uncertainty",NA,NA,NA,NA,NA,NA,NA
"2023-04-23 19:00:00","PM2.5",696.1461,0,0,512.4564,0,44.728,15.0298,1.2876,0,NA,NA,61.1152,0,0,2.2255,17.7598,0,0,1.2294,NA,3.5368,NA,0,0,0,12.155,NA,0,0,0,NA,0,0,0,0,0,0,0,19.5613,0,NA,NA,NA,NA,NA,NA,NA,NA,NA,"E: Uncertainty","E: Uncertainty",NA,NA,NA,NA,NA,NA,NA,NA,"E: Uncertainty",NA,"E: Uncertainty",NA,NA,NA,NA,"E: Uncertainty",NA,NA,NA,"E: Uncertainty",NA,NA,NA,NA,NA,NA,NA,NA,NA
"2023-04-23 20:00:00","PM10",NA,NA,0,713.0218,153.1772,72.3829,70.2655,2.1006,0,NA,NA,122.5432,0,0,3.7537,16.6989,0,0,0.7761,NA,1.941,NA,0,0,0,15.097,NA,NA,0,NA,NA,NA,NA,0,0,0,0,0,5.5787,0,"E: Uncertainty","E: Uncertainty",NA,NA,NA,NA,NA,NA,NA,"E: Uncertainty","E: Uncertainty",NA,NA,NA,NA,NA,NA,NA,NA,"E: Uncertainty",NA,"E: Uncertainty",NA,NA,NA,NA,"E: Uncertainty","E: Uncertainty",NA,"E: Uncertainty","E: Uncertainty","E: Uncertainty","E: Uncertainty",NA,NA,NA,NA,NA,NA,NA
"2023-04-23 21:00:00","PM2.5",NA,0,0,555.8582,0,45.1911,19.0136,NA,0,0,0,50.1452,0,NA,1.7213,16.4468,0,0,0.727,NA,2.2941,NA,0,0,0,NA,NA,0,0,0,NA,NA,NA,0,NA,0,0,0,8.5412,0,"E: Uncertainty",NA,NA,NA,NA,NA,NA,"E: Uncertainty",NA,NA,NA,NA,NA,"E: Uncertainty",NA,NA,NA,NA,NA,"E: Uncertainty",NA,"E: Uncertainty",NA,NA,NA,"E: Uncertainty","E: Uncertainty",NA,NA,NA,"E: Uncertainty","E: Uncertainty","E: Uncertainty",NA,"E: Uncertainty",NA,NA,NA,NA,NA
"2023-04-23 22:00:00","PM10",NA,0,0,662.5324,89.7224,62.1235,78.9634,2.6387,0,NA,NA,110.5535,0,0,3.1698,27.0018,0,0,1.5042,NA,3.1801,NA,0,0,0,NA,NA,0,NA,NA,0,0,NA,0,0,0,0,0,12.6897,0,"E: Uncertainty",NA,NA,NA,NA,NA,NA,NA,NA,"E: Uncertainty","E: Uncertainty",NA,NA,NA,NA,NA,NA,NA,NA,"E: Uncertainty",NA,"E: Uncertainty",NA,NA,NA,"E: Uncertainty","E: Uncertainty",NA,"E: Uncertainty","E: Uncertainty",NA,NA,"E: Uncertainty",NA,NA,NA,NA,NA,NA,NA
"2023-04-23 23:00:00","PM2.5",0,0,0,523.1444,0,45.1494,16.4164,2.1084,0,NA,0,49.0448,0,NA,1.2365,21.0663,0,0,1.2276,NA,2.4226,NA,0,0,0,NA,0,NA,0,NA,0,NA,0,0,0,0,0,0,4.7766,0,NA,NA,NA,NA,NA,NA,NA,NA,NA,"E: Uncertainty",NA,NA,NA,"E: Uncertainty",NA,NA,NA,NA,NA,"E: Uncertainty",NA,"E: Uncertainty",NA,NA,NA,"E: Uncertainty",NA,"E: Uncertainty",NA,"E: Uncertainty",NA,"E: Uncertainty",NA,NA,NA,NA,NA,NA,NA,NA
"2023-04-24 00:30:00","PM10",NA,0,0,685.7379,91.4668,65.1542,78.6343,3.1837,NA,NA,0,101.8815,NA,NA,2.0793,33.0637,0,0,NA,NA,2.5241,NA,0,0,0,19.9415,NA,0,0,0,0,0,NA,0,0,0,0,0,3.8574,0,"E: Uncertainty",NA,NA,NA,NA,NA,NA,NA,"E: Uncertainty","E: Uncertainty",NA,NA,"E: Uncertainty","E: Uncertainty",NA,NA,NA,NA,"E: Uncertainty","E: Uncertainty",NA,"E: Uncertainty",NA,NA,NA,NA,"E: Uncertainty",NA,NA,NA,NA,NA,"E: Uncertainty",NA,NA,NA,NA,NA,NA,NA
"2023-04-24 01:00:00","PM2.5",0,0,0,676.8579,59.563,51.3143,35.3123,NA,NA,NA,0,39.7419,0,NA,1.0228,21.9482,0,0,0.5997,NA,1.5574,0,0,0,0,13.9193,NA,0,0,0,0,NA,0,NA,0,0,0,0,1.9018,0,NA,NA,NA,NA,NA,NA,NA,"E: Uncertainty","E: Uncertainty","E: Uncertainty",NA,NA,NA,"E: Uncertainty",NA,NA,NA,NA,NA,"E: Uncertainty",NA,NA,NA,NA,NA,NA,"E: Uncertainty",NA,NA,NA,NA,"E: Uncertainty",NA,"E: Uncertainty",NA,NA,NA,NA,NA,NA
"2023-04-24 02:00:00","PM10",NA,NA,0,682.1138,755.2886,80.5198,81.4049,2.532,0,NA,NA,66.3484,0,0,1.5155,24.1163,0,0,0.9122,0.7045,2.4404,NA,0,0,0,NA,NA,0,0,0,NA,NA,NA,0,0,0,0,0,NA,0,"E: Uncertainty","E: Uncertainty",NA,NA,NA,NA,NA,NA,NA,"E: Uncertainty","E: Uncertainty",NA,NA,NA,NA,NA,NA,NA,NA,NA,NA,"E: Uncertainty",NA,NA,NA,"E: Uncertainty","E: Uncertainty",NA,NA,NA,"E: Uncertainty","E: Uncertainty","E: Uncertainty",NA,NA,NA,NA,NA,"E: Uncertainty",NA
"2023-04-24 03:00:00","PM2.5",NA,0,0,573.4065,350.3598,37.629,33.0335,NA,NA,NA,NA,28.0562,0,0.0073,0.624,16.0143,0,0,0,NA,1.9757,NA,0,NA,0,10.9673,NA,0,0,NA,0,NA,0,0,0,0,0,0,1.3715,0,"E: Uncertainty",NA,NA,NA,NA,NA,NA,"E: Uncertainty","E: Uncertainty","E: Uncertainty","E: Uncertainty",NA,NA,NA,NA,NA,NA,NA,NA,"E: Uncertainty",NA,"E: Uncertainty",NA,"E: Uncertainty",NA,NA,"E: Uncertainty",NA,NA,"E: Uncertainty",NA,"E: Uncertainty",NA,NA,NA,NA,NA,NA,NA,NA
"2023-04-24 04:00:00","PM10",NA,0,0,346.34,819.3465,35.6803,43.9962,1.2385,0,0.0021,0,32.4751,0,NA,1.1881,13.2081,0,0,NA,0,1.2394,NA,0,0,0,NA,NA,NA,0,0,NA,NA,NA,0,0,0,0,0,0,0,"E: Uncertainty",NA,NA,NA,NA,NA,NA,NA,NA,NA,NA,NA,NA,"E: Uncertainty",NA,NA,NA,NA,"E: Uncertainty",NA,NA,"E: Uncertainty",NA,NA,NA,"E: Uncertainty","E: Uncertainty","E: Uncertainty",NA,NA,"E: Uncertainty","E: Uncertainty","E: Uncertainty",NA,NA,NA,NA,NA,NA,NA
"2023-04-24 05:00:00","PM2.5",NA,NA,NA,NA,NA,NA,NA,NA,NA,NA,NA,NA,NA,NA,NA,NA,NA,NA,NA,NA,NA,NA,NA,NA,NA,NA,NA,NA,NA,NA,NA,NA,NA,NA,NA,NA,NA,NA,NA,NA,"E: Erroneous Data","E: Erroneous Data","E: Erroneous Data","E: Erroneous Data","E: Erroneous Data","E: Erroneous Data","E: Erroneous Data","E: Uncertainty","E: Uncertainty","E: Erroneous Data","E: Erroneous Data","E: Erroneous Data","E: Erroneous Data","E: Erroneous Data","E: Erroneous Data","E: Erroneous Data","E: Erroneous Data","E: Erroneous Data","E: Erroneous Data","E: Erroneous Data","E: Uncertainty","E: Uncertainty","E: Erroneous Data","E: Erroneous Data","E: Uncertainty","E: Erroneous Data","E: Erroneous Data","E: Erroneous Data","E: Erroneous Data","E: Uncertainty","E: Uncertainty","E: Erroneous Data","E: Erroneous Data","E: Erroneous Data","E: Erroneous Data","E: Erroneous Data","E: Erroneous Data","E: Erroneous Data","E: Erroneous Data","E: Erroneous Data"
"2023-04-24 06:00:00","PM10",NA,NA,NA,NA,NA,NA,NA,NA,NA,NA,NA,NA,NA,NA,NA,NA,NA,NA,NA,NA,NA,NA,NA,NA,NA,NA,NA,NA,NA,NA,NA,NA,NA,NA,NA,NA,NA,NA,NA,NA,"E: Erroneous Data","E: Erroneous Data","E: Erroneous Data","E: Erroneous Data","E: Erroneous Data","E: Erroneous Data","E: Erroneous Data","E: Erroneous Data","E: Uncertainty","E: Erroneous Data","E: Uncertainty","E: Erroneous Data","E: Erroneous Data","E: Erroneous Data","E: Erroneous Data","E: Erroneous Data","E: Erroneous Data","E: Erroneous Data","E: Erroneous Data","E: Erroneous Data","E: Erroneous Data","E: Uncertainty","E: Erroneous Data","E: Erroneous Data","E: Erroneous Data","E: Erroneous Data","E: Erroneous Data","E: Uncertainty","E: Erroneous Data","E: Erroneous Data","E: Uncertainty","E: Uncertainty","E: Uncertainty","E: Erroneous Data","E: Erroneous Data","E: Erroneous Data","E: Erroneous Data","E: Erroneous Data","E: Erroneous Data","E: Erroneous Data"
"2023-04-24 07:00:00","PM2.5",NA,NA,NA,NA,NA,NA,NA,NA,NA,NA,NA,NA,NA,NA,NA,NA,NA,NA,NA,NA,NA,NA,NA,NA,NA,NA,NA,NA,NA,NA,NA,NA,NA,NA,NA,NA,NA,NA,NA,NA,"E: Uncertainty","E: Erroneous Data","E: Erroneous Data","E: Erroneous Data","E: Erroneous Data","E: Erroneous Data","E: Erroneous Data","E: Erroneous Data","E: Uncertainty","E: Uncertainty","E: Erroneous Data","E: Erroneous Data","E: Erroneous Data","E: Erroneous Data","E: Erroneous Data","E: Erroneous Data","E: Erroneous Data","E: Erroneous Data","E: Erroneous Data","E: Uncertainty","E: Erroneous Data","E: Erroneous Data","E: Erroneous Data","E: Erroneous Data","E: Erroneous Data","E: Uncertainty","E: Uncertainty","E: Erroneous Data","E: Erroneous Data","E: Uncertainty","E: Uncertainty","E: Uncertainty","E: Uncertainty","E: Erroneous Data","E: Erroneous Data","E: Erroneous Data","E: Erroneous Data","E: Erroneous Data","E: Uncertainty","E: Erroneous Data"
"2023-04-24 08:00:00","PM10",NA,NA,0,251.3233,1275.3619,52.4689,177.068,11.9399,NA,NA,1.0069,188.4539,NA,NA,5.6619,16.0651,0,0,0.7371,NA,1.4151,NA,0,NA,0,19.3356,NA,NA,0,NA,0,0,NA,0,0,0,0,0,0,0,"E: Uncertainty","E: Uncertainty",NA,NA,NA,NA,NA,NA,"E: Uncertainty","E: Uncertainty",NA,NA,"E: Uncertainty","E: Uncertainty",NA,NA,NA,NA,NA,"E: Uncertainty",NA,"E: Uncertainty",NA,"E: Uncertainty",NA,NA,"E: Uncertainty","E: Uncertainty",NA,"E: Uncertainty",NA,NA,"E: Uncertainty",NA,NA,NA,NA,NA,NA,NA
"2023-04-24 09:00:00","PM2.5",NA,0,0,235.3156,671.2121,30.6681,63.2351,3.5695,NA,0,NA,80.8783,NA,0,2.885,28.6149,0,0,0.8798,NA,NA,NA,0,0,0,10.6726,NA,NA,0,NA,0,NA,0,0,0,0,0,0,NA,0,"E: Uncertainty",NA,NA,NA,NA,NA,NA,NA,"E: Uncertainty",NA,"E: Uncertainty",NA,"E: Uncertainty",NA,NA,NA,NA,NA,NA,"E: Uncertainty","E: Uncertainty","E: Uncertainty",NA,NA,NA,NA,"E: Uncertainty","E: Uncertainty",NA,"E: Uncertainty",NA,"E: Uncertainty",NA,NA,NA,NA,NA,NA,"E: Uncertainty",NA
"2023-04-24 10:00:00","PM10",NA,NA,0,271.9796,998.3621,46.7525,215.3308,5.7546,0,0.6871,0.8887,183.1685,0,NA,5.4862,35.0945,0,0,0,NA,1.6934,NA,0,NA,0,NA,NA,0,0,NA,NA,NA,NA,0,0,0,0,0,4.2201,0,"E: Uncertainty","E: Uncertainty",NA,NA,NA,NA,NA,NA,NA,NA,NA,NA,NA,"E: Uncertainty",NA,NA,NA,NA,NA,"E: Uncertainty",NA,"E: Uncertainty",NA,"E: Uncertainty",NA,"E: Uncertainty","E: Uncertainty",NA,NA,"E: Uncertainty","E: Uncertainty","E: Uncertainty","E: Uncertainty",NA,NA,NA,NA,NA,NA,NA
"2023-04-24 11:00:00","PM2.5",0,1.1185,0,298.2921,522.8623,25.4219,65.2548,2.7855,0,NA,NA,74.264,0,NA,2.5314,24.1678,0,0,0,0,1.0107,NA,0,0,0,NA,NA,0,0,0,0,NA,0,0,0,0,NA,0,1.0767,0,NA,NA,NA,NA,NA,NA,NA,NA,NA,"E: Uncertainty","E: Uncertainty",NA,NA,"E: Uncertainty",NA,NA,NA,NA,NA,NA,NA,"E: Uncertainty",NA,NA,NA,"E: Uncertainty","E: Uncertainty",NA,NA,NA,NA,"E: Uncertainty",NA,NA,NA,NA,"E: Uncertainty",NA,NA,NA
"2023-04-24 12:00:00","PM10",NA,NA,0,413.0761,1040.1749,59.9012,241.941,6.9542,0,NA,1.3437,178.817,NA,0,3.9269,34.1282,0,0,0.4304,0,3.6518,1.7911,0,NA,0,16.9439,0,0,0,0,NA,NA,NA,0,0,0,0,0,3.9379,0,"E: Uncertainty","E: Uncertainty",NA,NA,NA,NA,NA,NA,NA,"E: Uncertainty",NA,NA,"E: Uncertainty",NA,NA,NA,NA,NA,NA,NA,NA,NA,NA,"E: Uncertainty",NA,NA,NA,NA,NA,NA,"E: Uncertainty","E: Uncertainty","E: Uncertainty",NA,NA,NA,NA,NA,NA,NA
"2023-04-24 13:00:00","PM2.5",715.6989,0,0,412.5924,403.4514,31.7167,62.1073,2.4668,0,NA,NA,75.8032,NA,0,2.0496,22.7496,0,0,0.9832,NA,2.4549,NA,0,0,0,NA,NA,NA,0,NA,0,0,NA,0,0,0,0,0,2.4538,0,NA,NA,NA,NA,NA,NA,NA,NA,NA,"E: Uncertainty","E: Uncertainty",NA,"E: Uncertainty",NA,NA,NA,NA,NA,NA,"E: Uncertainty",NA,"E: Uncertainty",NA,NA,NA,"E: Uncertainty","E: Uncertainty","E: Uncertainty",NA,"E: Uncertainty",NA,NA,"E: Uncertainty",NA,NA,NA,NA,NA,NA,NA
"2023-04-24 14:00:00","PM10",NA,NA,0,490.1509,817.4344,62.1079,146.8462,5.8511,0,NA,1.7479,169.9607,0,0,6.2999,23.3182,0,0,1.0575,0,2.3229,NA,0,NA,0,16.3122,0,0,0,NA,NA,NA,NA,0,0,0,0,0,3.6473,0,"E: Uncertainty","E: Uncertainty",NA,NA,NA,NA,NA,NA,NA,"E: Uncertainty",NA,NA,NA,NA,NA,NA,NA,NA,NA,NA,NA,"E: Uncertainty",NA,"E: Uncertainty",NA,NA,NA,NA,NA,"E: Uncertainty","E: Uncertainty","E: Uncertainty","E: Uncertainty",NA,NA,NA,NA,NA,NA,NA
"2023-04-24 15:00:00","PM2.5",NA,NA,NA,NA,NA,NA,NA,NA,NA,NA,NA,NA,NA,NA,NA,NA,NA,NA,NA,NA,NA,NA,NA,NA,NA,NA,NA,NA,NA,NA,NA,NA,NA,NA,NA,NA,NA,NA,NA,NA,"E: Uncertainty","E: Erroneous Data","E: Erroneous Data","E: Erroneous Data","E: Erroneous Data","E: Erroneous Data","E: Erroneous Data","E: Erroneous Data","E: Uncertainty","E: Uncertainty","E: Uncertainty","E: Erroneous Data","E: Erroneous Data","E: Erroneous Data","E: Erroneous Data","E: Erroneous Data","E: Erroneous Data","E: Erroneous Data","E: Erroneous Data","E: Erroneous Data","E: Erroneous Data","E: Uncertainty","E: Erroneous Data","E: Uncertainty","E: Erroneous Data","E: Erroneous Data","E: Uncertainty","E: Erroneous Data","E: Erroneous Data","E: Uncertainty","E: Uncertainty","E: Uncertainty","E: Uncertainty","E: Erroneous Data","E: Erroneous Data","E: Erroneous Data","E: Erroneous Data","E: Erroneous Data","E: Erroneous Data","E: Erroneous Data"
"2023-04-24 16:00:00","PM10",NA,NA,NA,NA,NA,NA,NA,NA,NA,NA,NA,NA,NA,NA,NA,NA,NA,NA,NA,NA,NA,NA,NA,NA,NA,NA,NA,NA,NA,NA,NA,NA,NA,NA,NA,NA,NA,NA,NA,NA,"E: Erroneous Data","E: Erroneous Data","E: Erroneous Data","E: Erroneous Data","E: Erroneous Data","E: Erroneous Data","E: Erroneous Data","E: Erroneous Data","E: Erroneous Data","E: Erroneous Data","E: Erroneous Data","E: Erroneous Data","E: Erroneous Data","E: Uncertainty","E: Erroneous Data","E: Erroneous Data","E: Erroneous Data","E: Erroneous Data","E: Erroneous Data","E: Uncertainty","E: Erroneous Data","E: Uncertainty","E: Erroneous Data","E: Uncertainty","E: Erroneous Data","E: Erroneous Data","E: Erroneous Data","E: Erroneous Data","E: Erroneous Data","E: Erroneous Data","E: Uncertainty","E: Uncertainty","E: Erroneous Data","E: Erroneous Data","E: Erroneous Data","E: Erroneous Data","E: Erroneous Data","E: Erroneous Data","E: Erroneous Data","E: Erroneous Data"
"2023-04-24 17:00:00","PM2.5",NA,NA,NA,NA,NA,NA,NA,NA,NA,NA,NA,NA,NA,NA,NA,NA,NA,NA,NA,NA,NA,NA,NA,NA,NA,NA,NA,NA,NA,NA,NA,NA,NA,NA,NA,NA,NA,NA,NA,NA,"E: Erroneous Data","E: Uncertainty","E: Erroneous Data","E: Erroneous Data","E: Erroneous Data","E: Erroneous Data","E: Erroneous Data","E: Erroneous Data","E: Erroneous Data","E: Erroneous Data","E: Erroneous Data","E: Erroneous Data","E: Uncertainty","E: Erroneous Data","E: Erroneous Data","E: Erroneous Data","E: Erroneous Data","E: Erroneous Data","E: Erroneous Data","E: Uncertainty","E: Erroneous Data","E: Erroneous Data","E: Erroneous Data","E: Erroneous Data","E: Erroneous Data","E: Erroneous Data","E: Erroneous Data","E: Uncertainty","E: Erroneous Data","E: Uncertainty","E: Erroneous Data","E: Erroneous Data","E: Uncertainty","E: Erroneous Data","E: Erroneous Data","E: Erroneous Data","E: Erroneous Data","E: Erroneous Data","E: Erroneous Data","E: Erroneous Data"
"2023-04-24 18:00:00","PM10",NA,NA,NA,NA,NA,NA,NA,NA,NA,NA,NA,NA,NA,NA,NA,NA,NA,NA,NA,NA,NA,NA,NA,NA,NA,NA,NA,NA,NA,NA,NA,NA,NA,NA,NA,NA,NA,NA,NA,NA,"E: Erroneous Data","E: Erroneous Data","E: Erroneous Data","E: Erroneous Data","E: Erroneous Data","E: Erroneous Data","E: Erroneous Data","E: Erroneous Data","E: Erroneous Data","E: Erroneous Data","E: Erroneous Data","E: Erroneous Data","E: Erroneous Data","E: Erroneous Data","E: Erroneous Data","E: Erroneous Data","E: Erroneous Data","E: Erroneous Data","E: Erroneous Data","E: Erroneous Data","E: Erroneous Data","E: Erroneous Data","E: Uncertainty","E: Erroneous Data","E: Erroneous Data","E: Erroneous Data","E: Uncertainty","E: Erroneous Data","E: Erroneous Data","E: Erroneous Data","E: Erroneous Data","E: Erroneous Data","E: Erroneous Data","E: Erroneous Data","E: Erroneous Data","E: Erroneous Data","E: Erroneous Data","E: Erroneous Data","E: Erroneous Data","E: Erroneous Data"
"2023-04-24 19:00:00","PM2.5",NA,NA,NA,NA,NA,NA,NA,NA,NA,NA,NA,NA,NA,NA,NA,NA,NA,NA,NA,NA,NA,NA,NA,NA,NA,NA,NA,NA,NA,NA,NA,NA,NA,NA,NA,NA,NA,NA,NA,NA,"E: Erroneous Data","E: Uncertainty","E: Erroneous Data","E: Erroneous Data","E: Erroneous Data","E: Erroneous Data","E: Erroneous Data","E: Erroneous Data","E: Uncertainty","E: Uncertainty","E: Erroneous Data","E: Erroneous Data","E: Erroneous Data","E: Uncertainty","E: Erroneous Data","E: Erroneous Data","E: Erroneous Data","E: Erroneous Data","E: Erroneous Data","E: Uncertainty","E: Erroneous Data","E: Uncertainty","E: Erroneous Data","E: Erroneous Data","E: Erroneous Data","E: Erroneous Data","E: Uncertainty","E: Uncertainty","E: Erroneous Data","E: Uncertainty","E: Uncertainty","E: Uncertainty","E: Uncertainty","E: Erroneous Data","E: Erroneous Data","E: Erroneous Data","E: Erroneous Data","E: Erroneous Data","E: Erroneous Data","E: Erroneous Data"
"2023-04-24 20:00:00","PM10",NA,214.1166,0,564.8119,3268.8048,122.8274,248.0959,10.9401,0,NA,2.2895,218.3949,0,0,4.9247,21.3071,0,0,NA,NA,4.2739,NA,0,0,0,11.3013,0,0,0,0.0295,0,NA,NA,0,0,0,0,0,2.7379,0,"E: Uncertainty",NA,NA,NA,NA,NA,NA,NA,NA,"E: Uncertainty",NA,NA,NA,NA,NA,NA,NA,NA,"E: Uncertainty","E: Uncertainty",NA,"E: Uncertainty",NA,NA,NA,NA,NA,NA,NA,NA,NA,"E: Uncertainty","E: Uncertainty",NA,NA,NA,NA,NA,NA,NA
"2023-04-24 21:00:00","PM2.5",0,NA,0,390.0517,1229.371,59.5885,88.4704,3.5639,NA,NA,NA,96.2371,0,0,2.1005,15.0998,0,0,0,NA,1.9076,NA,0,0,0,14.6809,NA,0,0,NA,NA,NA,NA,0,0,0,0,0,1.1934,0,NA,"E: Uncertainty",NA,NA,NA,NA,NA,NA,"E: Uncertainty","E: Uncertainty","E: Uncertainty",NA,NA,NA,NA,NA,NA,NA,NA,"E: Uncertainty",NA,"E: Uncertainty",NA,NA,NA,NA,"E: Uncertainty",NA,NA,"E: Uncertainty","E: Uncertainty","E: Uncertainty","E: Uncertainty",NA,NA,NA,NA,NA,NA,NA
"2023-04-24 22:00:00","PM10",NA,233.8177,0,505.2601,2808.7125,115.7642,247.6899,11.1211,NA,NA,2.589,254.1161,0,0,4.7191,30.1446,0,0,0.8557,NA,3.4799,NA,0,0,0,NA,NA,NA,0,NA,NA,0,NA,0,0,0,0,0,0,0,"E: Uncertainty",NA,NA,NA,NA,NA,NA,NA,"E: Uncertainty","E: Uncertainty",NA,NA,NA,NA,NA,NA,NA,NA,NA,"E: Uncertainty",NA,"E: Uncertainty",NA,NA,NA,"E: Uncertainty","E: Uncertainty","E: Uncertainty",NA,"E: Uncertainty","E: Uncertainty",NA,"E: Uncertainty",NA,NA,NA,NA,NA,NA,NA
"2023-04-24 23:00:00","PM2.5",NA,NA,0,415.448,1082.5802,72.7024,90.8028,5.0827,0,NA,1.0893,110.1085,0,0,2.5507,34.3233,0,0,1.2933,NA,2.821,NA,0,0,NA,NA,NA,NA,0,NA,NA,0,NA,0,0,0,NA,0,NA,0,"E: Uncertainty","E: Uncertainty",NA,NA,NA,NA,NA,NA,NA,"E: Uncertainty",NA,NA,NA,NA,NA,NA,NA,NA,NA,"E: Uncertainty",NA,"E: Uncertainty",NA,NA,"E: Uncertainty","E: Uncertainty","E: Uncertainty","E: Uncertainty",NA,"E: Uncertainty","E: Uncertainty",NA,"E: Uncertainty",NA,NA,NA,"E: Uncertainty",NA,"E: Uncertainty",NA
"2023-04-25 00:30:00","PM10",NA,NA,0,491.714,2550.3278,115.2963,248.2899,5.093,0,6.6163,3.6018,184.5957,0,2.5143,3.5287,65.8296,0,0,1.9059,NA,10.6032,NA,0,0,0,NA,NA,NA,0,0,0,NA,NA,0,0,0,0,0,14.2581,0,"E: Uncertainty","E: Uncertainty",NA,NA,NA,NA,NA,NA,NA,NA,NA,NA,NA,NA,NA,NA,NA,NA,NA,"E: Uncertainty",NA,"E: Uncertainty",NA,NA,NA,"E: Uncertainty","E: Uncertainty","E: Uncertainty",NA,NA,NA,"E: Uncertainty","E: Uncertainty",NA,NA,NA,NA,NA,NA,NA
"2023-04-25 01:00:00","PM2.5",NA,NA,0,373.5532,896.9702,68.5845,83.2027,3.4325,0,1.025,NA,78.9226,NA,1.4579,1.2413,52.2234,0,0,1.2311,0.6867,2.5772,NA,0,0,0,NA,NA,NA,0,NA,NA,NA,0,0,0,0,0,0,9.0943,0,"E: Uncertainty","E: Uncertainty",NA,NA,NA,NA,NA,NA,NA,NA,"E: Uncertainty",NA,"E: Uncertainty",NA,NA,NA,NA,NA,NA,NA,NA,"E: Uncertainty",NA,NA,NA,"E: Uncertainty","E: Uncertainty","E: Uncertainty",NA,"E: Uncertainty","E: Uncertainty","E: Uncertainty",NA,NA,NA,NA,NA,NA,NA,NA
"2023-04-25 02:00:00","PM10",NA,NA,0,434.6589,2483.7072,96.1315,195.0334,19.2863,0,NA,2.823,142.609,0,1.3897,2.0583,85.5782,0,0,0,0.7082,3.4807,2.417,0,0,0,NA,NA,NA,0,NA,0,0,0,0,0,0,0,0,7.1106,0,"E: Uncertainty","E: Uncertainty",NA,NA,NA,NA,NA,NA,NA,"E: Uncertainty",NA,NA,NA,NA,NA,NA,NA,NA,NA,NA,NA,NA,NA,NA,NA,"E: Uncertainty","E: Uncertainty","E: Uncertainty",NA,"E: Uncertainty",NA,NA,NA,NA,NA,NA,NA,NA,NA,NA
"2023-04-25 03:00:00","PM2.5",NA,0,0,268.7469,725.7627,38.562,68.3688,11.109,0,NA,1.4273,65.6688,0,NA,1.3485,35.0313,0,0,0,NA,1.2623,NA,0,0,0,NA,0,NA,0,0,0,0,0,0,0,0,0,0,1.048,0,"E: Uncertainty",NA,NA,NA,NA,NA,NA,NA,NA,"E: Uncertainty",NA,NA,NA,"E: Uncertainty",NA,NA,NA,NA,NA,"E: Uncertainty",NA,"E: Uncertainty",NA,NA,NA,"E: Uncertainty",NA,"E: Uncertainty",NA,NA,NA,NA,NA,NA,NA,NA,NA,NA,NA,NA
"2023-04-25 04:00:00","PM10",1071.7075,NA,0,384.885,2136.319,89.5638,298.4857,32.1078,0,0.6324,1.69,167.8547,0,NA,4.1505,59.1013,0,0,NA,NA,8.7813,2.121,0,0,0,NA,NA,NA,0,NA,NA,0,7.6381,0,0,0,0,0,2.1297,0,NA,"E: Uncertainty",NA,NA,NA,NA,NA,NA,NA,NA,NA,NA,NA,"E: Uncertainty",NA,NA,NA,NA,"E: Uncertainty","E: Uncertainty",NA,NA,NA,NA,NA,"E: Uncertainty","E: Uncertainty","E: Uncertainty",NA,"E: Uncertainty","E: Uncertainty",NA,NA,NA,NA,NA,NA,NA,NA,NA
"2023-04-25 05:00:00","PM2.5",NA,NA,0,315.715,631.2406,88.2162,102.8624,3.001,0,NA,5.6655,200.3607,0,NA,12.9262,52.4506,0,0,0.9217,NA,5.5296,NA,0,NA,NA,11.8462,NA,0,0,NA,NA,NA,NA,0,0,0,0,0,25.6454,0,"E: Uncertainty","E: Uncertainty",NA,NA,NA,NA,NA,NA,NA,"E: Uncertainty",NA,NA,NA,"E: Uncertainty",NA,NA,NA,NA,NA,"E: Uncertainty",NA,"E: Uncertainty",NA,"E: Uncertainty","E: Uncertainty",NA,"E: Uncertainty",NA,NA,"E: Uncertainty","E: Uncertainty","E: Uncertainty","E: Uncertainty",NA,NA,NA,NA,NA,NA,NA
"2023-04-25 06:00:00","PM10",696.5207,183.8094,0,368.4397,2790.2626,118.3185,378.8584,17.0369,0,3.6457,7.287,512.3414,0,1.8312,13.6031,71.0485,0,0,1.7856,NA,4.7549,2.4605,0,0,0,NA,NA,NA,0,NA,NA,NA,3.2692,0,0,0,0,0,5.8559,0,NA,NA,NA,NA,NA,NA,NA,NA,NA,NA,NA,NA,NA,NA,NA,NA,NA,NA,NA,"E: Uncertainty",NA,NA,NA,NA,NA,"E: Uncertainty","E: Uncertainty","E: Uncertainty",NA,"E: Uncertainty","E: Uncertainty","E: Uncertainty",NA,NA,NA,NA,NA,NA,NA,NA
"2023-04-25 07:00:00","PM2.5",NA,NA,0,224.5487,1051.543,45.9336,79.7168,3.8786,1.2536,NA,0.8906,131.1281,0,NA,3.97,41.5665,0,0,NA,0,1.2904,NA,0,0,0,13.1158,NA,NA,0,NA,NA,NA,NA,0,0,0,0,0,1.3466,0,"E: Uncertainty","E: Uncertainty",NA,NA,NA,NA,NA,NA,NA,"E: Uncertainty",NA,NA,NA,"E: Uncertainty",NA,NA,NA,NA,"E: Uncertainty",NA,NA,"E: Uncertainty",NA,NA,NA,NA,"E: Uncertainty","E: Uncertainty",NA,"E: Uncertainty","E: Uncertainty","E: Uncertainty","E: Uncertainty",NA,NA,NA,NA,NA,NA,NA
"2023-04-25 08:00:00","PM10",NA,NA,0,277.1595,2516.2638,82.2356,219.7495,10.0953,NA,NA,1.1324,191.9981,NA,0.0098,5.2568,44.4115,0,0,0.7575,NA,4.0146,NA,0,0,0,NA,NA,0,0,0,0,NA,NA,0,0,0,0,0,0,0,"E: Uncertainty","E: Uncertainty",NA,NA,NA,NA,NA,NA,"E: Uncertainty","E: Uncertainty",NA,NA,"E: Uncertainty",NA,NA,NA,NA,NA,NA,"E: Uncertainty",NA,"E: Uncertainty",NA,NA,NA,"E: Uncertainty","E: Uncertainty",NA,NA,NA,NA,"E: Uncertainty","E: Uncertainty",NA,NA,NA,NA,NA,NA,NA
"2023-04-25 09:00:00","PM2.5",NA,0,0,238.2078,673.3045,38.6334,65.8086,3.9815,0,NA,NA,90.203,0,0,2.5838,25.1138,0,0,NA,NA,1.0128,NA,0,0,0,11.7385,NA,NA,0,NA,0,0,NA,0,0,0,0,0,NA,0,"E: Uncertainty",NA,NA,NA,NA,NA,NA,NA,NA,"E: Uncertainty","E: Uncertainty",NA,NA,NA,NA,NA,NA,NA,"E: Uncertainty","E: Uncertainty",NA,"E: Uncertainty",NA,NA,NA,NA,"E: Uncertainty","E: Uncertainty",NA,"E: Uncertainty",NA,NA,"E: Uncertainty",NA,NA,NA,NA,NA,"E: Uncertainty",NA
"2023-04-25 10:00:00","PM10",NA,NA,0,336.7245,1009.543,61.1341,200.6585,6.9046,0,NA,1.6545,162.9311,0,0,3.589,28.6279,0,0,0,0,1.6341,NA,0,0,0,16.7802,NA,NA,0,NA,NA,NA,NA,0,0,0,0,0,1.0534,0,"E: Uncertainty","E: Uncertainty",NA,NA,NA,NA,NA,NA,NA,"E: Uncertainty",NA,NA,NA,NA,NA,NA,NA,NA,NA,NA,NA,"E: Uncertainty",NA,NA,NA,NA,"E: Uncertainty","E: Uncertainty",NA,"E: Uncertainty","E: Uncertainty","E: Uncertainty","E: Uncertainty",NA,NA,NA,NA,NA,NA,NA
"2023-04-25 11:00:00","PM2.5",789.1724,NA,0,424.755,722.8585,42.2897,76.7335,4.2168,NA,0.6294,0.9938,107.9154,0,0,2.442,46.7333,NA,0,NA,0,3.6187,NA,0,0,0,NA,NA,NA,0,0.1364,NA,NA,0,0,0,0,0,0,NA,0,NA,"E: Uncertainty",NA,NA,NA,NA,NA,NA,"E: Uncertainty",NA,NA,NA,NA,NA,NA,NA,"E: Uncertainty",NA,"E: Uncertainty",NA,NA,"E: Uncertainty",NA,NA,NA,"E: Uncertainty","E: Uncertainty","E: Uncertainty",NA,NA,"E: Uncertainty","E: Uncertainty",NA,NA,NA,NA,NA,NA,"E: Uncertainty",NA
"2023-04-25 12:00:00","PM10",NA,282.9114,0,506.0401,752.0966,74.0547,201.3888,10.2368,0,NA,2.0312,165.9748,0,NA,2.872,58.209,0,0,0.47,0,2.4183,NA,0,0,0,11.7628,NA,0,0,NA,NA,NA,0,0,0,0,0,0,NA,0,"E: Uncertainty",NA,NA,NA,NA,NA,NA,NA,NA,"E: Uncertainty",NA,NA,NA,"E: Uncertainty",NA,NA,NA,NA,NA,NA,NA,"E: Uncertainty",NA,NA,NA,NA,"E: Uncertainty",NA,NA,"E: Uncertainty","E: Uncertainty","E: Uncertainty",NA,NA,NA,NA,NA,NA,"E: Uncertainty",NA
"2023-04-25 13:00:00","PM2.5",NA,NA,0,518.8754,291.6362,45.4692,80.2559,4.9533,0,0,1.3814,89.8803,0,0,1.5588,60.3324,0,0,1.6074,0,2.4739,NA,0,0,0,NA,NA,NA,0,0,0,0,0,0,0,0,0,0,0.8396,0,"E: Uncertainty","E: Uncertainty",NA,NA,NA,NA,NA,NA,NA,NA,NA,NA,NA,NA,NA,NA,NA,NA,NA,NA,NA,"E: Uncertainty",NA,NA,NA,"E: Uncertainty","E: Uncertainty","E: Uncertainty",NA,NA,NA,NA,NA,NA,NA,NA,NA,NA,NA,NA
"2023-04-25 14:00:00","PM10",NA,475.3449,0,650.2737,628.1808,84.3265,276.8484,13.1733,0,1.0759,3.7837,216.074,0,0,3.5293,44.3152,0,0,0.5758,0,3.0033,1.7255,0,0,0,12.6598,0,0,0,NA,NA,0,NA,0,0,0,0,0,0.9081,0,"E: Uncertainty",NA,NA,NA,NA,NA,NA,NA,NA,NA,NA,NA,NA,NA,NA,NA,NA,NA,NA,NA,NA,NA,NA,NA,NA,NA,NA,NA,NA,"E: Uncertainty","E: Uncertainty",NA,"E: Uncertainty",NA,NA,NA,NA,NA,NA,NA
"2023-04-25 15:00:00","PM2.5",NA,219.8222,0,619.606,224.6646,51.2219,119.411,7.9941,0,0.625,3.0813,139.8328,0,0,2.3438,41.3729,0,0,0.3648,0.0018,2.5404,NA,0,0,0,18.7804,NA,0,0,0,0,NA,NA,0,0,0,0,0,4.5447,0,"E: Uncertainty",NA,NA,NA,NA,NA,NA,NA,NA,NA,NA,NA,NA,NA,NA,NA,NA,NA,NA,NA,NA,"E: Uncertainty",NA,NA,NA,NA,"E: Uncertainty",NA,NA,NA,NA,"E: Uncertainty","E: Uncertainty",NA,NA,NA,NA,NA,NA,NA
"2023-04-25 16:00:00","PM10",0,381.2864,0,662.5312,511.8257,83.4327,334.5583,15.7569,NA,0.9811,5.8995,292.2483,0,NA,4.9957,59.3669,0,0,1.2041,0,3.5974,NA,0,0,0,NA,NA,NA,0,NA,0,0,NA,0,0,0,0,0,4.1012,0,NA,NA,NA,NA,NA,NA,NA,NA,"E: Uncertainty",NA,NA,NA,NA,"E: Uncertainty",NA,NA,NA,NA,NA,NA,NA,"E: Uncertainty",NA,NA,NA,"E: Uncertainty","E: Uncertainty","E: Uncertainty",NA,"E: Uncertainty",NA,NA,"E: Uncertainty",NA,NA,NA,NA,NA,NA,NA
"2023-04-25 17:00:00","PM2.5",NA,NA,0,628.0581,134.8924,54.3799,118.256,5.0426,0,NA,2.0333,134.3755,NA,NA,2.111,43.2414,0,0,0.9754,NA,3.2811,NA,0,0,0,17.7636,NA,NA,0,0,NA,0,NA,0,0,0,0,0,2.9078,0,"E: Uncertainty","E: Uncertainty",NA,NA,NA,NA,NA,NA,NA,"E: Uncertainty",NA,NA,"E: Uncertainty","E: Uncertainty",NA,NA,NA,NA,NA,"E: Uncertainty",NA,"E: Uncertainty",NA,NA,NA,NA,"E: Uncertainty","E: Uncertainty",NA,NA,"E: Uncertainty",NA,"E: Uncertainty",NA,NA,NA,NA,NA,NA,NA
"2023-04-25 18:00:00","PM10",642.1192,655.8092,0,695.5734,479.5531,100.3075,446.0436,14.04,0,NA,4.1524,340.113,0,NA,9.6548,57.3366,0,0,0,0,4.7392,2.4613,0,NA,0,NA,NA,0,0,0,NA,NA,NA,0,0,0,0,0,6.9063,0,NA,NA,NA,NA,NA,NA,NA,NA,NA,"E: Uncertainty",NA,NA,NA,"E: Uncertainty",NA,NA,NA,NA,NA,NA,NA,NA,NA,"E: Uncertainty",NA,"E: Uncertainty","E: Uncertainty",NA,NA,NA,"E: Uncertainty","E: Uncertainty","E: Uncertainty",NA,NA,NA,NA,NA,NA,NA
"2023-04-25 19:00:00","PM2.5",0,NA,0,725.0058,63.8036,66.305,127.3617,6.5849,0,NA,1.8612,243.3942,0,0,7.6209,31.9828,0,0,1.6437,0.0044,3.9624,NA,0,NA,NA,11.5466,NA,0.0364,0,0,0,NA,NA,0,0,0,0,0,3.59,0,NA,"E: Uncertainty",NA,NA,NA,NA,NA,NA,NA,"E: Uncertainty",NA,NA,NA,NA,NA,NA,NA,NA,NA,NA,NA,"E: Uncertainty",NA,"E: Uncertainty","E: Uncertainty",NA,"E: Uncertainty",NA,NA,NA,NA,"E: Uncertainty","E: Uncertainty",NA,NA,NA,NA,NA,NA,NA
"2023-04-25 20:00:00","PM10",NA,536.9775,0,720.0214,302.7143,113.25,301.4017,14.5697,NA,0.8278,4.7779,589.4902,0,NA,22.4291,45.8615,0,0,1.6649,0,4.5582,NA,0,NA,0,11.2118,0,NA,0,NA,NA,NA,7.0993,0,0,0,0,0,4.0906,0,"E: Uncertainty",NA,NA,NA,NA,NA,NA,NA,"E: Uncertainty",NA,NA,NA,NA,"E: Uncertainty",NA,NA,NA,NA,NA,NA,NA,"E: Uncertainty",NA,"E: Uncertainty",NA,NA,NA,"E: Uncertainty",NA,"E: Uncertainty","E: Uncertainty","E: Uncertainty",NA,NA,NA,NA,NA,NA,NA,NA
"2023-04-25 21:00:00","PM2.5",NA,175.955,0,735.5346,NA,85.6439,96.4111,4.9025,0,NA,2.2054,283.9277,0,0,11.1644,36.7976,0,0,0.7566,NA,3.5547,NA,0,0,0,17.1359,NA,NA,0,NA,NA,0,4.3974,0,0,0,0,0,2.5942,0,"E: Uncertainty",NA,NA,NA,"E: Uncertainty",NA,NA,NA,NA,"E: Uncertainty",NA,NA,NA,NA,NA,NA,NA,NA,NA,"E: Uncertainty",NA,"E: Uncertainty",NA,NA,NA,NA,"E: Uncertainty","E: Uncertainty",NA,"E: Uncertainty","E: Uncertainty",NA,NA,NA,NA,NA,NA,NA,NA,NA
"2023-04-25 22:00:00","PM10",NA,566.3485,0,757.6163,268.4973,145.2199,287.8212,12.9315,0,NA,4.1402,560.2549,0,NA,19.0928,43.3092,0,0,1.5299,NA,3.9696,NA,0,NA,0,18.5308,0,0,0,NA,NA,NA,8.8144,0,0,0,0,0,1.411,0,"E: Uncertainty",NA,NA,NA,NA,NA,NA,NA,NA,"E: Uncertainty",NA,NA,NA,"E: Uncertainty",NA,NA,NA,NA,NA,"E: Uncertainty",NA,"E: Uncertainty",NA,"E: Uncertainty",NA,NA,NA,NA,NA,"E: Uncertainty","E: Uncertainty","E: Uncertainty",NA,NA,NA,NA,NA,NA,NA,NA
"2023-04-25 23:00:00","PM2.5",NA,NA,0,658.6082,0,132.8775,84.4745,4.815,NA,NA,1.5927,256.1696,0,NA,6.3631,34.7163,0,0,1.7749,NA,3.5534,NA,0,0,0,NA,0,NA,0,0,NA,NA,4.8554,0,NA,0,0,0,NA,0,"E: Uncertainty","E: Uncertainty",NA,NA,NA,NA,NA,NA,"E: Uncertainty","E: Uncertainty",NA,NA,NA,"E: Uncertainty",NA,NA,NA,NA,NA,"E: Uncertainty",NA,"E: Uncertainty",NA,NA,NA,"E: Uncertainty",NA,"E: Uncertainty",NA,NA,"E: Uncertainty","E: Uncertainty",NA,NA,"E: Uncertainty",NA,NA,NA,"E: Uncertainty",NA
"2023-04-26 00:30:00","PM10",NA,NA,0,697.7674,191.0859,141.1111,261.4403,16.5027,0,NA,2.3801,505.2127,0,0,9.1464,81.3171,0,0,1.4859,0,4.086,0,0,0,0,19.7658,NA,NA,0,NA,0,0,NA,0,0,0,0,0,3.3888,0,"E: Uncertainty","E: Uncertainty",NA,NA,NA,NA,NA,NA,NA,"E: Uncertainty",NA,NA,NA,NA,NA,NA,NA,NA,NA,NA,NA,NA,NA,NA,NA,NA,"E: Uncertainty","E: Uncertainty",NA,"E: Uncertainty",NA,NA,"E: Uncertainty",NA,NA,NA,NA,NA,NA,NA
"2023-04-26 01:00:00","PM2.5",0,NA,0,673.0168,40.849,106.0262,80.4019,6.0645,0.0061,NA,1.4524,182.1233,0,NA,6.0322,37.9197,0,0,2.0639,0,21.8276,1.6698,0,0,0,14.4763,NA,0,0,NA,NA,NA,NA,0,0,0,0,0,8.9788,0,NA,"E: Uncertainty",NA,NA,NA,NA,NA,NA,NA,"E: Uncertainty",NA,NA,NA,"E: Uncertainty",NA,NA,NA,NA,NA,NA,NA,NA,NA,NA,NA,NA,"E: Uncertainty",NA,NA,"E: Uncertainty","E: Uncertainty","E: Uncertainty","E: Uncertainty",NA,NA,NA,NA,NA,NA,NA
"2023-04-26 02:00:00","PM10",0,298.589,0,766.222,331.6314,137.7756,229.4959,14.1778,NA,1.2552,3.1684,290.5437,0,0,7.3739,38.4457,0,0,1.4041,NA,8.5749,NA,0,0,0,11.4392,0,NA,0,NA,NA,NA,NA,0,NA,0,0,0,6.4539,0,NA,NA,NA,NA,NA,NA,NA,NA,"E: Uncertainty",NA,NA,NA,NA,NA,NA,NA,NA,NA,NA,"E: Uncertainty",NA,"E: Uncertainty",NA,NA,NA,NA,NA,"E: Uncertainty",NA,"E: Uncertainty","E: Uncertainty","E: Uncertainty","E: Uncertainty",NA,"E: Uncertainty",NA,NA,NA,NA,NA
"2023-04-26 03:00:00","PM2.5",NA,NA,0,716.7665,NA,116.2316,73.3528,3.6599,0,NA,NA,121.8116,0,0,3.2171,28.5697,0,0,0.5777,NA,3.1492,NA,0,0,0,17.5794,NA,0,0,NA,0,NA,NA,0,0,0,0,0,3.4068,0,"E: Uncertainty","E: Uncertainty",NA,NA,"E: Uncertainty",NA,NA,NA,NA,"E: Uncertainty","E: Uncertainty",NA,NA,NA,NA,NA,NA,NA,NA,"E: Uncertainty",NA,"E: Uncertainty",NA,NA,NA,NA,"E: Uncertainty",NA,NA,"E: Uncertainty",NA,"E: Uncertainty","E: Uncertainty",NA,NA,NA,NA,NA,NA,NA
"2023-04-26 04:00:00","PM10",731.9322,244.4676,0,709.0508,328.9703,134.966,227.4672,9.2157,0,NA,2.2148,238.9976,0,0,4.6699,38.3365,0,0,1.0359,NA,3.1834,NA,0,NA,0,10.1919,NA,0,NA,NA,0,NA,NA,0,0,0,0,0,2.8084,0,NA,NA,NA,NA,NA,NA,NA,NA,NA,"E: Uncertainty",NA,NA,NA,NA,NA,NA,NA,NA,NA,"E: Uncertainty",NA,"E: Uncertainty",NA,"E: Uncertainty",NA,NA,"E: Uncertainty",NA,"E: Uncertainty","E: Uncertainty",NA,"E: Uncertainty","E: Uncertainty",NA,NA,NA,NA,NA,NA,NA
"2023-04-26 05:00:00","PM2.5",NA,NA,0,639.0315,0,102.1285,82.54,3.5679,NA,NA,NA,154.3231,0,NA,3.3259,34.8605,0,0,2.2895,NA,2.7387,NA,0,0,0,0,0,0,0,NA,0,NA,NA,0,0,0,0,0,1.8997,0,"E: Uncertainty","E: Uncertainty",NA,NA,NA,NA,NA,NA,"E: Uncertainty","E: Uncertainty","E: Uncertainty",NA,NA,"E: Uncertainty",NA,NA,NA,NA,NA,"E: Uncertainty",NA,"E: Uncertainty",NA,NA,NA,NA,NA,NA,NA,"E: Uncertainty",NA,"E: Uncertainty","E: Uncertainty",NA,NA,NA,NA,NA,NA,NA
"2023-04-26 06:00:00","PM10",NA,406.5973,0,582.8136,517.8912,129.1921,282.7327,10.149,NA,0.8799,2.7267,346.4881,0,NA,6.9509,39.275,0,0,1.6105,NA,3.1114,NA,0,NA,0,15.3964,NA,0,0,0,NA,0,4.232,0,0,0,0,0,2.3139,0,"E: Uncertainty",NA,NA,NA,NA,NA,NA,NA,"E: Uncertainty",NA,NA,NA,NA,"E: Uncertainty",NA,NA,NA,NA,NA,"E: Uncertainty",NA,"E: Uncertainty",NA,"E: Uncertainty",NA,NA,"E: Uncertainty",NA,NA,NA,"E: Uncertainty",NA,NA,NA,NA,NA,NA,NA,NA,NA
"2023-04-26 07:00:00","PM2.5",NA,0,0,423.9081,94.3658,60.2963,58.4808,2.6937,0.8198,NA,NA,108.0898,0,NA,2.5682,27.5834,0,0,0.4222,NA,2.1912,NA,0,0,0,13.3034,NA,NA,0,NA,0,0,NA,0,NA,0,0,0,1.9773,0,"E: Uncertainty",NA,NA,NA,NA,NA,NA,NA,NA,"E: Uncertainty","E: Uncertainty",NA,NA,"E: Uncertainty",NA,NA,NA,NA,NA,"E: Uncertainty",NA,"E: Uncertainty",NA,NA,NA,NA,"E: Uncertainty","E: Uncertainty",NA,"E: Uncertainty",NA,NA,"E: Uncertainty",NA,"E: Uncertainty",NA,NA,NA,NA,NA
"2023-04-26 08:00:00","PM10",NA,NA,0,472.1491,718.6864,86.9311,198.3621,4.982,0,NA,2.5218,159.3027,0,NA,3.5786,24.2485,0,0,NA,NA,2.304,1.8041,0,0,0,NA,0,0,0,NA,NA,0,0,0,0,0,0,0,1.5716,0,"E: Uncertainty","E: Uncertainty",NA,NA,NA,NA,NA,NA,NA,"E: Uncertainty",NA,NA,NA,"E: Uncertainty",NA,NA,NA,NA,"E: Uncertainty","E: Uncertainty",NA,NA,NA,NA,NA,"E: Uncertainty",NA,NA,NA,"E: Uncertainty","E: Uncertainty",NA,NA,NA,NA,NA,NA,NA,NA,NA
"2023-04-26 09:00:00","PM2.5",NA,NA,0,461.5347,127.5674,78.7744,71.6955,3.1437,NA,0,2.0906,84.616,0,0,1.8061,26.8488,0,0,0.5141,NA,3.1438,NA,0,0,0,12.117,NA,NA,0,NA,NA,NA,0,0,0,0,0,0,2.6011,0,"E: Uncertainty","E: Uncertainty",NA,NA,NA,NA,NA,NA,"E: Uncertainty",NA,NA,NA,NA,NA,NA,NA,NA,NA,NA,"E: Uncertainty",NA,"E: Uncertainty",NA,NA,NA,NA,"E: Uncertainty","E: Uncertainty",NA,"E: Uncertainty","E: Uncertainty","E: Uncertainty",NA,NA,NA,NA,NA,NA,NA,NA
"2023-04-26 10:00:00","PM10",0,NA,0,534.5902,687.2443,102.3762,205.3751,10.3329,0,NA,3.2176,141.5237,0,NA,18.8863,24.2893,0,0,0,0,2.7457,NA,0,0,0,14.8049,0,NA,0,NA,NA,NA,0,0,0,0,0,0,5.3547,0,NA,"E: Uncertainty",NA,NA,NA,NA,NA,NA,NA,"E: Uncertainty",NA,NA,NA,"E: Uncertainty",NA,NA,NA,NA,NA,NA,NA,"E: Uncertainty",NA,NA,NA,NA,NA,"E: Uncertainty",NA,"E: Uncertainty","E: Uncertainty","E: Uncertainty",NA,NA,NA,NA,NA,NA,NA,NA
"2023-04-26 11:00:00","PM2.5",NA,NA,0,556.6288,151.682,61.8033,73.2504,3.6367,NA,NA,0.7164,71.9735,NA,0,0.9914,27.0751,0,0,0,0,2.8138,NA,0,0,0,21.4591,0,0,0,0,NA,NA,0,0,0,0,0,0,2.1483,0,"E: Uncertainty","E: Uncertainty",NA,NA,NA,NA,NA,NA,"E: Uncertainty","E: Uncertainty",NA,NA,"E: Uncertainty",NA,NA,NA,NA,NA,NA,NA,NA,"E: Uncertainty",NA,NA,NA,NA,NA,NA,NA,NA,"E: Uncertainty","E: Uncertainty",NA,NA,NA,NA,NA,NA,NA,NA
"2023-04-26 12:00:00","PM10",0,206.8984,0,654.9509,804.4684,87.7028,192.0425,6.6396,NA,NA,2.7501,153.3051,0,NA,2.5083,23.2907,0,0,0,NA,3.4579,1.6865,0,0,NA,16.5446,NA,0,0,NA,0,0,0,0,0,0,0,0,1.6906,0,NA,NA,NA,NA,NA,NA,NA,NA,"E: Uncertainty","E: Uncertainty",NA,NA,NA,"E: Uncertainty",NA,NA,NA,NA,NA,"E: Uncertainty",NA,NA,NA,NA,"E: Uncertainty",NA,"E: Uncertainty",NA,NA,"E: Uncertainty",NA,NA,NA,NA,NA,NA,NA,NA,NA,NA
"2023-04-26 13:00:00","PM2.5",NA,NA,0,634.4738,50.0031,46.1609,72.8823,2.4802,0,NA,NA,71.3454,0,NA,1.1855,17.7158,0,0,0.6231,0,2.3387,NA,0,0,0,14.3141,NA,NA,0,NA,NA,NA,NA,0,0,0,0,0,1.3527,0,"E: Uncertainty","E: Uncertainty",NA,NA,NA,NA,NA,NA,NA,"E: Uncertainty","E: Uncertainty",NA,NA,"E: Uncertainty",NA,NA,NA,NA,NA,NA,NA,"E: Uncertainty",NA,NA,NA,NA,"E: Uncertainty","E: Uncertainty",NA,"E: Uncertainty","E: Uncertainty","E: Uncertainty","E: Uncertainty",NA,NA,NA,NA,NA,NA,NA
"2023-04-26 14:00:00","PM10",0,NA,0,697.8201,641.5608,86.7697,221.9375,7.1143,0,NA,2.6847,172.1475,NA,0,3.7906,27.9745,0,0,2.5464,NA,3.3127,2.1834,0,0,0,14.1386,NA,0,0,0,NA,NA,NA,0,0,0,0,0,1.7847,0,NA,"E: Uncertainty",NA,NA,NA,NA,NA,NA,NA,"E: Uncertainty",NA,NA,"E: Uncertainty",NA,NA,NA,NA,NA,NA,"E: Uncertainty",NA,NA,NA,NA,NA,NA,"E: Uncertainty",NA,NA,NA,"E: Uncertainty","E: Uncertainty","E: Uncertainty",NA,NA,NA,NA,NA,NA,NA
"2023-04-26 15:00:00","PM2.5",0,NA,0,661.7427,49.2202,69.3405,84.6997,3.467,NA,NA,0.7714,99.9946,NA,0,2.1902,25.8786,0,0,2.7899,0,3.1591,NA,0,NA,0,20.2897,NA,NA,0,NA,NA,NA,0,0,0,0,0,0,3.4257,0,NA,"E: Uncertainty",NA,NA,NA,NA,NA,NA,"E: Uncertainty","E: Uncertainty",NA,NA,"E: Uncertainty",NA,NA,NA,NA,NA,NA,NA,NA,"E: Uncertainty",NA,"E: Uncertainty",NA,NA,"E: Uncertainty","E: Uncertainty",NA,"E: Uncertainty","E: Uncertainty","E: Uncertainty",NA,NA,NA,NA,NA,NA,NA,NA
"2023-04-26 16:00:00","PM10",NA,159.4369,0,735.9376,609.954,102.5445,324.1577,9.0967,NA,NA,2.999,217.0063,NA,0,4.3742,33.4823,0,0,0.9962,NA,4.1515,2.3314,0,NA,0,12.82,0,NA,0,NA,NA,NA,0,0,0,0,0,0,4.8567,0,"E: Uncertainty",NA,NA,NA,NA,NA,NA,NA,"E: Uncertainty","E: Uncertainty",NA,NA,"E: Uncertainty",NA,NA,NA,NA,NA,NA,"E: Uncertainty",NA,NA,NA,"E: Uncertainty",NA,NA,NA,"E: Uncertainty",NA,"E: Uncertainty","E: Uncertainty","E: Uncertainty",NA,NA,NA,NA,NA,NA,NA,NA
"2023-04-26 17:00:00","PM2.5",0,NA,0,725.5352,11.1748,61.6272,95.4245,1.6977,0,0,NA,95.1454,0,NA,2.352,22.6342,0,0,1.0912,NA,4.2994,NA,0,0,0,14.3107,NA,NA,0,NA,NA,NA,NA,0,0,0,0,0,3.2232,0,NA,"E: Uncertainty",NA,NA,NA,NA,NA,NA,NA,NA,"E: Uncertainty",NA,NA,"E: Uncertainty",NA,NA,NA,NA,NA,"E: Uncertainty",NA,"E: Uncertainty",NA,NA,NA,NA,"E: Uncertainty","E: Uncertainty",NA,"E: Uncertainty","E: Uncertainty","E: Uncertainty","E: Uncertainty",NA,NA,NA,NA,NA,NA,NA
"2023-04-26 18:00:00","PM10",NA,243.8418,0,796.3419,512.7534,110.1132,302.3446,8.023,NA,1.277,1.8576,223.6016,NA,0,4.2265,25.9194,0,0,0.5433,NA,4.6497,NA,0,0,0,11.5553,NA,0,0,NA,0,NA,NA,0,0,0,0,0,4.2775,0,"E: Uncertainty",NA,NA,NA,NA,NA,NA,NA,"E: Uncertainty",NA,NA,NA,"E: Uncertainty",NA,NA,NA,NA,NA,NA,"E: Uncertainty",NA,"E: Uncertainty",NA,NA,NA,NA,"E: Uncertainty",NA,NA,"E: Uncertainty",NA,"E: Uncertainty","E: Uncertainty",NA,NA,NA,NA,NA,NA,NA
"2023-04-26 19:00:00","PM2.5",0,0.3538,0,638.4767,0,63.5599,76.8487,2.6619,NA,NA,NA,117.7225,0,NA,2.721,28.28,0,0,0.9047,0,2.8237,NA,0,0,0,8.8695,NA,NA,0,0,NA,NA,NA,0,0,0,0,0,4.1625,0,NA,NA,NA,NA,NA,NA,NA,NA,"E: Uncertainty","E: Uncertainty","E: Uncertainty",NA,NA,"E: Uncertainty",NA,NA,NA,NA,NA,NA,NA,"E: Uncertainty",NA,NA,NA,NA,"E: Uncertainty","E: Uncertainty",NA,NA,"E: Uncertainty","E: Uncertainty","E: Uncertainty",NA,NA,NA,NA,NA,NA,NA
"2023-04-26 20:00:00","PM10",NA,260.052,0,643.1968,490.2937,110.3556,267.3431,9.2159,NA,NA,2.8083,276.8022,0,0,5.3224,27.7094,0,0,2.3287,NA,2.9837,2.9001,0,NA,0,NA,NA,NA,0,0,NA,NA,NA,0,0,0,0,0,2.9771,0,"E: Uncertainty",NA,NA,NA,NA,NA,NA,NA,"E: Uncertainty","E: Uncertainty",NA,NA,NA,NA,NA,NA,NA,NA,NA,"E: Uncertainty",NA,NA,NA,"E: Uncertainty",NA,"E: Uncertainty","E: Uncertainty","E: Uncertainty",NA,NA,"E: Uncertainty","E: Uncertainty","E: Uncertainty",NA,NA,NA,NA,NA,NA,NA
"2023-04-26 21:00:00","PM2.5",0,NA,0,584.9972,248.193,65.1892,70.7729,2.8856,0,NA,NA,181.2417,0,NA,6.5004,25.3988,0,0,2.6175,NA,2.9294,NA,0,0,0,11.933,NA,NA,0,0,NA,NA,NA,0,0,0,0,0,4.8326,0,NA,"E: Uncertainty",NA,NA,NA,NA,NA,NA,NA,"E: Uncertainty","E: Uncertainty",NA,NA,"E: Uncertainty",NA,NA,NA,NA,NA,"E: Uncertainty",NA,"E: Uncertainty",NA,NA,NA,NA,"E: Uncertainty","E: Uncertainty",NA,NA,"E: Uncertainty","E: Uncertainty","E: Uncertainty",NA,NA,NA,NA,NA,NA,NA
"2023-04-26 22:00:00","PM10",NA,358.757,0,770.867,3139.3541,149.265,280.2667,11.1831,NA,1.0479,3.6001,437.7413,NA,NA,12.7242,59.5214,0,0,8.1645,NA,7.7638,NA,0,0,0,12.6333,0,NA,0,NA,111.7246,0,3.8588,0,0,0,0,0,16.4203,0,"E: Uncertainty",NA,NA,NA,NA,NA,NA,NA,"E: Uncertainty",NA,NA,NA,"E: Uncertainty","E: Uncertainty",NA,NA,NA,NA,NA,"E: Uncertainty",NA,"E: Uncertainty",NA,NA,NA,NA,NA,"E: Uncertainty",NA,"E: Uncertainty",NA,NA,NA,NA,NA,NA,NA,NA,NA,NA
"2023-04-26 23:00:00","PM2.5",0,NA,0,670.9866,176.0271,91.619,67.1336,5.0409,0,NA,1.2631,138.5113,0,NA,3.7322,26.2163,0,0,4.6006,0,4.3332,NA,0,0,0,NA,0,0,0,0,0,NA,0,0,0,0,0,0,12.2167,0,NA,"E: Uncertainty",NA,NA,NA,NA,NA,NA,NA,"E: Uncertainty",NA,NA,NA,"E: Uncertainty",NA,NA,NA,NA,NA,NA,NA,"E: Uncertainty",NA,NA,NA,"E: Uncertainty",NA,NA,NA,NA,NA,"E: Uncertainty",NA,NA,NA,NA,NA,NA,NA,NA
"2023-04-27 00:30:00","PM10",NA,NA,0,703.9947,278.7239,111.5707,232.6202,10.8273,NA,NA,3.2681,345.9662,NA,NA,7.8782,67.0431,0,0,1.8562,0,3.771,NA,0,0,0,28.2361,NA,NA,0,NA,NA,NA,NA,0,0,0,0,0,5.8311,0,"E: Uncertainty","E: Uncertainty",NA,NA,NA,NA,NA,NA,"E: Uncertainty","E: Uncertainty",NA,NA,"E: Uncertainty","E: Uncertainty",NA,NA,NA,NA,NA,NA,NA,"E: Uncertainty",NA,NA,NA,NA,"E: Uncertainty","E: Uncertainty",NA,"E: Uncertainty","E: Uncertainty","E: Uncertainty","E: Uncertainty",NA,NA,NA,NA,NA,NA,NA
"2023-04-27 01:00:00","PM2.5",0,NA,0,609.9702,0,78.8064,61.5214,4.7965,NA,NA,1.606,167.9923,0,NA,3.9496,24.7873,0,0,2.2605,NA,3.5931,NA,0,0,0,9.9316,NA,0,0,NA,0,0,NA,0,0,0,0,0,3.988,0,NA,"E: Uncertainty",NA,NA,NA,NA,NA,NA,"E: Uncertainty","E: Uncertainty",NA,NA,NA,"E: Uncertainty",NA,NA,NA,NA,NA,"E: Uncertainty",NA,"E: Uncertainty",NA,NA,NA,NA,"E: Uncertainty",NA,NA,"E: Uncertainty",NA,NA,"E: Uncertainty",NA,NA,NA,NA,NA,NA,NA
"2023-04-27 02:00:00","PM10",0,398.864,0,742.3282,122.3681,125.0588,224.9085,11.3448,NA,0.8984,3.5578,350.9019,0,NA,7.141,31.4472,0,0,1.9609,NA,3.9354,NA,0,0,0,16.6613,0,0,0,0,NA,0,4.3214,0,0,0,0,0,5.463,0,NA,NA,NA,NA,NA,NA,NA,NA,"E: Uncertainty",NA,NA,NA,NA,"E: Uncertainty",NA,NA,NA,NA,NA,"E: Uncertainty",NA,"E: Uncertainty",NA,NA,NA,NA,NA,NA,NA,NA,"E: Uncertainty",NA,NA,NA,NA,NA,NA,NA,NA,NA
"2023-04-27 03:00:00","PM2.5",0,NA,0,621.6381,0,78.5878,56.9007,3.6866,1.381,NA,1.379,126.4375,0,NA,2.6203,21.1036,0,0,0.4106,0,3.113,NA,0,0,0,21.4438,0,0,0,NA,NA,NA,0,0,0,0,0,0,6.5644,0,NA,"E: Uncertainty",NA,NA,NA,NA,NA,NA,NA,"E: Uncertainty",NA,NA,NA,"E: Uncertainty",NA,NA,NA,NA,NA,NA,NA,"E: Uncertainty",NA,NA,NA,NA,NA,NA,NA,"E: Uncertainty","E: Uncertainty","E: Uncertainty",NA,NA,NA,NA,NA,NA,NA,NA
"2023-04-27 04:00:00","PM10",0,199.028,0,761.2187,84.2777,105.9978,206.1148,7.5144,1.9875,NA,3.7226,260.7295,0,0.7481,4.3853,33.8746,0,0,1.2088,NA,3.779,NA,0,0,0,10.8975,NA,0,0,NA,0,NA,NA,0,0,0,0,0,3.9734,0,NA,NA,NA,NA,NA,NA,NA,NA,NA,"E: Uncertainty",NA,NA,NA,NA,NA,NA,NA,NA,NA,"E: Uncertainty",NA,"E: Uncertainty",NA,NA,NA,NA,"E: Uncertainty",NA,NA,"E: Uncertainty",NA,"E: Uncertainty","E: Uncertainty",NA,NA,NA,NA,NA,NA,NA
"2023-04-27 05:00:00","PM2.5",NA,NA,0,618.0208,0,82.6785,57.3566,3.4132,1.4475,NA,1.9113,140.1576,0,0.5984,2.8472,30.4436,0,0,1.4748,NA,3.6364,NA,0,0,0,14.204,NA,NA,0,NA,0,0,0,0,0,0,0,0,5.1986,0,"E: Uncertainty","E: Uncertainty",NA,NA,NA,NA,NA,NA,NA,"E: Uncertainty",NA,NA,NA,NA,NA,NA,NA,NA,NA,"E: Uncertainty",NA,"E: Uncertainty",NA,NA,NA,NA,"E: Uncertainty","E: Uncertainty",NA,"E: Uncertainty",NA,NA,NA,NA,NA,NA,NA,NA,NA,NA
"2023-04-27 06:00:00","PM10",0,422.3168,0,836.1364,206.5119,117.0854,288.3524,10.0426,1.1862,5.2952,5.2409,330.1316,NA,0.6143,14.4225,37.2646,0,0,2.847,NA,4.8646,1.7345,0,0,0,18.55,NA,0,0,0,0,NA,NA,0,0,0,0,0,4.8403,0,NA,NA,NA,NA,NA,NA,NA,NA,NA,NA,NA,NA,"E: Uncertainty",NA,NA,NA,NA,NA,NA,"E: Uncertainty",NA,NA,NA,NA,NA,NA,"E: Uncertainty",NA,NA,NA,NA,"E: Uncertainty","E: Uncertainty",NA,NA,NA,NA,NA,NA,NA
"2023-04-27 07:00:00","PM2.5",NA,NA,0,785.1066,0,77.1639,90.0344,4.4638,1.6695,NA,2.2653,169.6607,0,NA,3.6522,29.2557,0,0,NA,NA,4.8766,NA,0,0,0,13.2018,NA,0,0,0,NA,0,NA,0,0,0,0,0,3.9596,0,"E: Uncertainty","E: Uncertainty",NA,NA,NA,NA,NA,NA,NA,"E: Uncertainty",NA,NA,NA,"E: Uncertainty",NA,NA,NA,NA,"E: Uncertainty","E: Uncertainty",NA,"E: Uncertainty",NA,NA,NA,NA,"E: Uncertainty",NA,NA,NA,"E: Uncertainty",NA,"E: Uncertainty",NA,NA,NA,NA,NA,NA,NA
"2023-04-27 08:00:00","PM10",NA,587.928,0,987.6161,287.3537,132.6681,396.5301,15.0191,1.8848,0.9254,5.4098,379.0623,NA,0.7511,7.0317,48.7729,0,0,1.4992,NA,3.9488,2.0602,0,NA,0,10.5782,NA,NA,0,NA,NA,NA,2.9176,0,0,0,0,0,6.0326,0,"E: Uncertainty",NA,NA,NA,NA,NA,NA,NA,NA,NA,NA,NA,"E: Uncertainty",NA,NA,NA,NA,NA,NA,"E: Uncertainty",NA,NA,NA,"E: Uncertainty",NA,NA,"E: Uncertainty","E: Uncertainty",NA,"E: Uncertainty","E: Uncertainty","E: Uncertainty",NA,NA,NA,NA,NA,NA,NA,NA
"2023-04-27 09:00:00","PM2.5",NA,NA,0,845.5283,0,79.0413,124.9489,5.5816,1.1387,NA,1.758,155.941,0,0.5395,4.1245,51.8184,0,0,1.4382,NA,3.4967,NA,0,0,0,NA,0,0,0,0,0,NA,NA,0,0,0,0,0,7.6583,0,"E: Uncertainty","E: Uncertainty",NA,NA,NA,NA,NA,NA,NA,"E: Uncertainty",NA,NA,NA,NA,NA,NA,NA,NA,NA,"E: Uncertainty",NA,"E: Uncertainty",NA,NA,NA,"E: Uncertainty",NA,NA,NA,NA,NA,"E: Uncertainty","E: Uncertainty",NA,NA,NA,NA,NA,NA,NA
"2023-04-27 10:00:00","PM10",668.2118,527.2082,0,986.0455,240.8479,122.5378,497.6265,22.303,1.2292,0.9357,4.6957,330.1179,0,NA,6.5287,51.8243,0,0,0.9008,NA,4.3529,2.3902,0,0,0,NA,NA,NA,0,0,NA,0,NA,0,0,0,0,0,12.1138,0,NA,NA,NA,NA,NA,NA,NA,NA,NA,NA,NA,NA,NA,"E: Uncertainty",NA,NA,NA,NA,NA,"E: Uncertainty",NA,NA,NA,NA,NA,"E: Uncertainty","E: Uncertainty","E: Uncertainty",NA,NA,"E: Uncertainty",NA,"E: Uncertainty",NA,NA,NA,NA,NA,NA,NA
"2023-04-27 11:00:00","PM2.5",0,NA,0,853.2094,0,68.5809,123.0967,5.1006,NA,NA,1.9875,155.6897,0,NA,3.4587,64.2221,0,0,2.8614,NA,3.6359,NA,0,0,0,NA,NA,NA,0,NA,NA,NA,NA,0,0,0,0,0,8.5284,0,NA,"E: Uncertainty",NA,NA,NA,NA,NA,NA,"E: Uncertainty","E: Uncertainty",NA,NA,NA,"E: Uncertainty",NA,NA,NA,NA,NA,"E: Uncertainty",NA,"E: Uncertainty",NA,NA,NA,"E: Uncertainty","E: Uncertainty","E: Uncertainty",NA,"E: Uncertainty","E: Uncertainty","E: Uncertainty","E: Uncertainty",NA,NA,NA,NA,NA,NA,NA
"2023-04-27 12:00:00","PM10",NA,655.0465,0,995.1946,138.0086,128.107,537.6519,19.255,NA,1.1196,5.879,388.6661,0,0.5504,7.9792,98.7566,0,0,2.2828,0.6242,4.106,1.8655,0,0,0,14.0634,0,0,0,NA,0,0,3.386,0,0,0,0,0,11.1148,0,"E: Uncertainty",NA,NA,NA,NA,NA,NA,NA,"E: Uncertainty",NA,NA,NA,NA,NA,NA,NA,NA,NA,NA,NA,NA,NA,NA,NA,NA,NA,NA,NA,NA,"E: Uncertainty",NA,NA,NA,NA,NA,NA,NA,NA,NA,NA
"2023-04-27 13:00:00","PM2.5",0,NA,0,878.6908,0,74.9213,140.7838,5.1104,NA,0.9656,2.199,187.7883,NA,0.5372,5.1225,62.4842,0,0,1.8809,0.899,4.0085,NA,0,0,0,NA,NA,NA,0,NA,NA,0,NA,0,0,0,0,0,8.16,0,NA,"E: Uncertainty",NA,NA,NA,NA,NA,NA,"E: Uncertainty",NA,NA,NA,"E: Uncertainty",NA,NA,NA,NA,NA,NA,NA,NA,"E: Uncertainty",NA,NA,NA,"E: Uncertainty","E: Uncertainty","E: Uncertainty",NA,"E: Uncertainty","E: Uncertainty",NA,"E: Uncertainty",NA,NA,NA,NA,NA,NA,NA
"2023-04-27 14:00:00","PM10",NA,700.6494,0,1117.8839,102.0776,132.9364,575.8173,18.4335,0.9053,1.8471,5.9187,472.2304,0,0.7611,11.1658,129.962,0,0,3.9138,1.1185,4.8132,3.1699,0,0,0,NA,0,NA,0,NA,0,0,5.5403,0,0,0,0,0,16.4094,0,"E: Uncertainty",NA,NA,NA,NA,NA,NA,NA,NA,NA,NA,NA,NA,NA,NA,NA,NA,NA,NA,NA,NA,NA,NA,NA,NA,"E: Uncertainty",NA,"E: Uncertainty",NA,"E: Uncertainty",NA,NA,NA,NA,NA,NA,NA,NA,NA,NA
"2023-04-27 15:00:00","PM2.5",NA,NA,0,784.5371,0,74.1867,114.0993,4.3705,NA,NA,1.7512,155.8818,0,NA,4.313,56.8662,0,0,2.5967,0.8898,3.9851,NA,0,0,0,19.8092,NA,NA,0,NA,NA,NA,NA,0,0,0,0,0,6.8748,0,"E: Uncertainty","E: Uncertainty",NA,NA,NA,NA,NA,NA,"E: Uncertainty","E: Uncertainty",NA,NA,NA,"E: Uncertainty",NA,NA,NA,NA,NA,NA,NA,"E: Uncertainty",NA,NA,NA,NA,"E: Uncertainty","E: Uncertainty",NA,"E: Uncertainty","E: Uncertainty","E: Uncertainty","E: Uncertainty",NA,NA,NA,NA,NA,NA,NA
"2023-04-27 16:00:00","PM10",NA,NA,0,674.3296,0,87.8228,128.0267,5.121,0,1.2688,2.197,183.2133,0,NA,4.3239,34.5267,0,0,2.4825,0.5074,4.0316,NA,0,0,0,20.6539,NA,NA,0,0,NA,0,NA,0,0,0,0,0,8.3746,0,"E: Uncertainty","E: Uncertainty",NA,NA,NA,NA,NA,NA,NA,NA,NA,NA,NA,"E: Uncertainty",NA,NA,NA,NA,NA,NA,NA,"E: Uncertainty",NA,NA,NA,NA,"E: Uncertainty","E: Uncertainty",NA,NA,"E: Uncertainty",NA,"E: Uncertainty",NA,NA,NA,NA,NA,NA,NA
"2023-04-27 17:00:00","PM2.5",NA,NA,0,592.6834,0,66.6083,37.1052,2.7413,NA,0.6392,NA,100.5974,0,NA,2.6489,39.328,0,0,2.0578,NA,3.8101,NA,0,0,0,NA,NA,0,0,NA,NA,NA,0,0,0,0,0,0,7.0918,0,"E: Uncertainty","E: Uncertainty",NA,NA,NA,NA,NA,NA,"E: Uncertainty",NA,"E: Uncertainty",NA,NA,"E: Uncertainty",NA,NA,NA,NA,NA,"E: Uncertainty",NA,"E: Uncertainty",NA,NA,NA,"E: Uncertainty","E: Uncertainty",NA,NA,"E: Uncertainty","E: Uncertainty","E: Uncertainty",NA,NA,NA,NA,NA,NA,NA,NA
"2023-04-27 18:00:00","PM10",0,216.6751,0,823.9169,0,88.6045,137.2533,8.8117,NA,0.773,2.3236,214.5087,NA,NA,5.6543,34.4992,0,0,1.7541,NA,4.6002,NA,0,0,0,10.534,NA,NA,0,0,NA,NA,0,0,0,0,0,0,4.0235,0,NA,NA,NA,NA,NA,NA,NA,NA,"E: Uncertainty",NA,NA,NA,"E: Uncertainty","E: Uncertainty",NA,NA,NA,NA,NA,"E: Uncertainty",NA,"E: Uncertainty",NA,NA,NA,NA,"E: Uncertainty","E: Uncertainty",NA,NA,"E: Uncertainty","E: Uncertainty",NA,NA,NA,NA,NA,NA,NA,NA
"2023-04-27 19:00:00","PM2.5",0,0,0,592.2191,0,56.2219,26.1819,2.5903,NA,NA,NA,92.3057,NA,NA,2.5238,32.1917,0,0,1.0495,NA,4.2093,NA,0,0,0,21.1531,NA,NA,0,0,NA,NA,0,0,0,0,0,0,5.4741,0,NA,NA,NA,NA,NA,NA,NA,NA,"E: Uncertainty","E: Uncertainty","E: Uncertainty",NA,"E: Uncertainty","E: Uncertainty",NA,NA,NA,NA,NA,"E: Uncertainty",NA,"E: Uncertainty",NA,NA,NA,NA,"E: Uncertainty","E: Uncertainty",NA,NA,"E: Uncertainty","E: Uncertainty",NA,NA,NA,NA,NA,NA,NA,NA
"2023-04-27 20:00:00","PM10",0,NA,0,746.0421,0,57.4045,62.1542,3.2396,NA,0.588,1.3595,115.8769,0,0.6275,3.7114,26.8319,0,0,1.4902,NA,3.7461,NA,0,0,0,NA,0,NA,0,0,NA,NA,NA,0,0,0,0,0,3.4484,0,NA,"E: Uncertainty",NA,NA,NA,NA,NA,NA,"E: Uncertainty",NA,NA,NA,NA,NA,NA,NA,NA,NA,NA,"E: Uncertainty",NA,"E: Uncertainty",NA,NA,NA,"E: Uncertainty",NA,"E: Uncertainty",NA,NA,"E: Uncertainty","E: Uncertainty","E: Uncertainty",NA,NA,NA,NA,NA,NA,NA
"2023-04-27 21:00:00","PM2.5",NA,0,0,622.4229,0,39.8279,21.1813,2.0598,NA,NA,0.943,71.883,0,NA,2.27,16.7469,0,0,0.742,NA,2.9998,NA,0,0,0,10.921,NA,0,0,NA,NA,NA,NA,0,0,0,0,0,2.4389,0,"E: Uncertainty",NA,NA,NA,NA,NA,NA,NA,"E: Uncertainty","E: Uncertainty",NA,NA,NA,"E: Uncertainty",NA,NA,NA,NA,NA,"E: Uncertainty",NA,"E: Uncertainty",NA,NA,NA,NA,"E: Uncertainty",NA,NA,"E: Uncertainty","E: Uncertainty","E: Uncertainty","E: Uncertainty",NA,NA,NA,NA,NA,NA,NA
"2023-04-27 22:00:00","PM10",NA,1.8471,0,692.3438,0,49.9312,46.3259,3.8609,NA,NA,2.2978,112.1478,NA,NA,2.3698,24.2718,0,0,1.2874,NA,2.8457,NA,0,0,NA,NA,0,NA,0,NA,NA,0,NA,0,0,0,0,0,2.0813,0,"E: Uncertainty",NA,NA,NA,NA,NA,NA,NA,"E: Uncertainty","E: Uncertainty",NA,NA,"E: Uncertainty","E: Uncertainty",NA,NA,NA,NA,NA,"E: Uncertainty",NA,"E: Uncertainty",NA,NA,"E: Uncertainty","E: Uncertainty",NA,"E: Uncertainty",NA,"E: Uncertainty","E: Uncertainty",NA,"E: Uncertainty",NA,NA,NA,NA,NA,NA,NA
"2023-04-27 23:00:00","PM2.5",NA,0,0,477.1949,0,33.604,11.8663,NA,0,NA,NA,56.693,0,NA,1.5607,20.776,0,0,1.4477,NA,2.4909,NA,0,0,0,NA,0,0,0,NA,NA,NA,0,0,NA,0,NA,0,NA,0,"E: Uncertainty",NA,NA,NA,NA,NA,NA,"E: Uncertainty",NA,"E: Uncertainty","E: Uncertainty",NA,NA,"E: Uncertainty",NA,NA,NA,NA,NA,"E: Uncertainty",NA,"E: Uncertainty",NA,NA,NA,"E: Uncertainty",NA,NA,NA,"E: Uncertainty","E: Uncertainty","E: Uncertainty",NA,NA,"E: Uncertainty",NA,"E: Uncertainty",NA,"E: Uncertainty",NA
"2023-04-28 00:30:00","PM10",NA,0,NA,515.3547,0,35.4058,23.0722,NA,NA,0,NA,78.4396,0,0,2.0549,38.6297,0,0,0,NA,2.1998,NA,0,0,0,31.78,0,0,0,NA,NA,NA,NA,0,0,0,NA,0,3.6711,0,"E: Uncertainty",NA,"E: Uncertainty",NA,NA,NA,NA,"E: Uncertainty","E: Uncertainty",NA,"E: Uncertainty",NA,NA,NA,NA,NA,NA,NA,NA,"E: Uncertainty",NA,"E: Uncertainty",NA,NA,NA,NA,NA,NA,NA,"E: Uncertainty","E: Uncertainty","E: Uncertainty","E: Uncertainty",NA,NA,NA,"E: Uncertainty",NA,NA,NA
"2023-04-28 01:00:00","PM2.5",NA,0,0,453.8547,0,31.381,5.0613,NA,NA,NA,NA,46.7015,0,NA,1.39,17.0618,0,0,0.5111,NA,3.4563,NA,0,0,0,14.373,NA,NA,0,NA,NA,NA,NA,0,0,0,0,0,3.0355,0,"E: Uncertainty",NA,NA,NA,NA,NA,NA,"E: Uncertainty","E: Uncertainty","E: Uncertainty","E: Uncertainty",NA,NA,"E: Uncertainty",NA,NA,NA,NA,NA,"E: Uncertainty",NA,"E: Uncertainty",NA,NA,NA,NA,"E: Uncertainty","E: Uncertainty",NA,"E: Uncertainty","E: Uncertainty","E: Uncertainty","E: Uncertainty",NA,NA,NA,NA,NA,NA,NA
"2023-04-28 02:00:00","PM10",1180.1828,0,NA,535.819,0,43.8549,12.528,1.5503,0.8649,NA,NA,73.1658,0,NA,2.4329,20.9807,0,0,1.6044,NA,4.3542,NA,0,NA,0,NA,0,0,0,0,0,NA,NA,0,0,0,0,0,2.0884,0,NA,NA,"E: Uncertainty",NA,NA,NA,NA,NA,NA,"E: Uncertainty","E: Uncertainty",NA,NA,"E: Uncertainty",NA,NA,NA,NA,NA,"E: Uncertainty",NA,"E: Uncertainty",NA,"E: Uncertainty",NA,"E: Uncertainty",NA,NA,NA,NA,NA,"E: Uncertainty","E: Uncertainty",NA,NA,NA,NA,NA,NA,NA
"2023-04-28 03:00:00","PM2.5",NA,0,0,446.585,0,38.9674,14.6405,NA,NA,NA,NA,41.7235,NA,NA,1.6606,14.1119,0,0,1.561,NA,6.52,NA,0,0,0,NA,0,0,0,0,NA,NA,0,0,0,0,0,0,1.7301,0,"E: Uncertainty",NA,NA,NA,NA,NA,NA,"E: Uncertainty","E: Uncertainty","E: Uncertainty","E: Uncertainty",NA,"E: Uncertainty","E: Uncertainty",NA,NA,NA,NA,NA,"E: Uncertainty",NA,"E: Uncertainty",NA,NA,NA,"E: Uncertainty",NA,NA,NA,NA,"E: Uncertainty","E: Uncertainty",NA,NA,NA,NA,NA,NA,NA,NA
"2023-04-28 04:00:00","PM10",700.1176,0,0,505.7987,0,60.3041,57.5067,1.018,NA,NA,NA,82.7586,0,NA,2.184,25.1183,0,0,1.7113,NA,14.583,0,0,0,0,14.6631,0,NA,0,0,NA,0,0,0,0,0,0,0,2.5451,0,NA,NA,NA,NA,NA,NA,NA,NA,"E: Uncertainty","E: Uncertainty","E: Uncertainty",NA,NA,"E: Uncertainty",NA,NA,NA,NA,NA,"E: Uncertainty",NA,NA,NA,NA,NA,NA,NA,"E: Uncertainty",NA,NA,"E: Uncertainty",NA,NA,NA,NA,NA,NA,NA,NA,NA
"2023-04-28 05:00:00","PM2.5",0,0,0,360.0235,0,51.8994,6.7236,NA,NA,NA,NA,66.3462,NA,NA,3.6203,15.7065,0,0,1.2153,NA,6.2647,NA,0,0,0,14.8281,NA,0,0,0,NA,NA,NA,0,0,0,0,0,2.5453,0,NA,NA,NA,NA,NA,NA,NA,"E: Uncertainty","E: Uncertainty","E: Uncertainty","E: Uncertainty",NA,"E: Uncertainty","E: Uncertainty",NA,NA,NA,NA,NA,"E: Uncertainty",NA,"E: Uncertainty",NA,NA,NA,NA,"E: Uncertainty",NA,NA,NA,"E: Uncertainty","E: Uncertainty","E: Uncertainty",NA,NA,NA,NA,NA,NA,NA
"2023-04-28 06:00:00","PM10",NA,0,0,310.0296,324.8058,63.571,81.3905,3.5315,NA,1.0461,2.0438,418.8483,0,NA,29.1607,21.8377,0,0,2.0914,0,2.9236,NA,0,0,0,19.8168,0,0,0,NA,NA,NA,12.1623,0,0,0,0,0,1.3655,0,"E: Uncertainty",NA,NA,NA,NA,NA,NA,NA,"E: Uncertainty",NA,NA,NA,NA,"E: Uncertainty",NA,NA,NA,NA,NA,NA,NA,"E: Uncertainty",NA,NA,NA,NA,NA,NA,NA,"E: Uncertainty","E: Uncertainty","E: Uncertainty",NA,NA,NA,NA,NA,NA,NA,NA
"2023-04-28 07:00:00","PM2.5",NA,0,0,250.9378,0,41.4217,17.689,2.1504,NA,NA,1.0863,99.215,0,NA,4.4076,32.2809,0,0,1.154,0,1.9482,0,0,0,0,12.6448,0,0,0,0,NA,NA,NA,0,0,0,0,0,2.6208,0,"E: Uncertainty",NA,NA,NA,NA,NA,NA,NA,"E: Uncertainty","E: Uncertainty",NA,NA,NA,"E: Uncertainty",NA,NA,NA,NA,NA,NA,NA,NA,NA,NA,NA,NA,NA,NA,NA,NA,"E: Uncertainty","E: Uncertainty","E: Uncertainty",NA,NA,NA,NA,NA,NA,NA
"2023-04-28 08:00:00","PM10",NA,0,0,321.6792,0,61.8086,319.6005,17.0688,NA,1.3346,2.0059,201.569,0,0,7.0462,78.0683,0,0,1.1763,0,2.0057,NA,0,0,0,14.7217,0,NA,0,0.0259,NA,0,NA,0,0,0,0,0,3.5517,0,"E: Uncertainty",NA,NA,NA,NA,NA,NA,NA,"E: Uncertainty",NA,NA,NA,NA,NA,NA,NA,NA,NA,NA,NA,NA,"E: Uncertainty",NA,NA,NA,NA,NA,"E: Uncertainty",NA,NA,"E: Uncertainty",NA,"E: Uncertainty",NA,NA,NA,NA,NA,NA,NA
"2023-04-28 09:00:00","PM2.5",0,0,0,284.5163,0,36.213,149.781,2.1159,NA,NA,2.0358,94.2263,0,NA,5.1471,33.3611,0,0,0.855,NA,1.5311,NA,0,0,0,19.8199,NA,0,0,0,NA,0,NA,0,0,0,0,0,2.8629,0,NA,NA,NA,NA,NA,NA,NA,NA,"E: Uncertainty","E: Uncertainty",NA,NA,NA,"E: Uncertainty",NA,NA,NA,NA,NA,"E: Uncertainty",NA,"E: Uncertainty",NA,NA,NA,NA,"E: Uncertainty",NA,NA,NA,"E: Uncertainty",NA,"E: Uncertainty",NA,NA,NA,NA,NA,NA,NA
"2023-04-28 10:00:00","PM10",0,216.8907,0,289.7325,0,75.3076,262.3239,8.8399,0,1.0475,4.2727,251.3781,0,1.2581,5.0673,44.8207,0,0,1.1913,NA,2.0627,NA,0,NA,0,NA,NA,NA,0,NA,NA,0,NA,0,0,0,0,0,1.9708,0,NA,NA,NA,NA,NA,NA,NA,NA,NA,NA,NA,NA,NA,NA,NA,NA,NA,NA,NA,"E: Uncertainty",NA,"E: Uncertainty",NA,"E: Uncertainty",NA,"E: Uncertainty","E: Uncertainty","E: Uncertainty",NA,"E: Uncertainty","E: Uncertainty",NA,"E: Uncertainty",NA,NA,NA,NA,NA,NA,NA
"2023-04-28 11:00:00","PM2.5",858.7367,0,0,277.5734,0,42.8579,46.1385,2.0864,0,NA,1.1656,95.7331,NA,NA,2.4249,47.5699,0,0,0.4483,0,1.5108,NA,0,0,0,0,0,NA,0,0,NA,0,NA,0,0,0,0,0,2.9738,0,NA,NA,NA,NA,NA,NA,NA,NA,NA,"E: Uncertainty",NA,NA,"E: Uncertainty","E: Uncertainty",NA,NA,NA,NA,NA,NA,NA,"E: Uncertainty",NA,NA,NA,NA,NA,"E: Uncertainty",NA,NA,"E: Uncertainty",NA,"E: Uncertainty",NA,NA,NA,NA,NA,NA,NA
"2023-04-28 12:00:00","PM10",NA,NA,0,319.8446,0,60.0885,195.5474,8.2753,0,NA,2.1395,202.92,0,0,4.1612,28.0754,0,0,1.0008,NA,2.021,NA,0,NA,0,15.7185,NA,NA,0,NA,NA,NA,NA,0,0,0,0,0,2.8914,0,"E: Uncertainty","E: Uncertainty",NA,NA,NA,NA,NA,NA,NA,"E: Uncertainty",NA,NA,NA,NA,NA,NA,NA,NA,NA,"E: Uncertainty",NA,"E: Uncertainty",NA,"E: Uncertainty",NA,NA,"E: Uncertainty","E: Uncertainty",NA,"E: Uncertainty","E: Uncertainty","E: Uncertainty","E: Uncertainty",NA,NA,NA,NA,NA,NA,NA
"2023-04-28 13:00:00","PM2.5",830.8473,0,0,318.7946,0,30.0471,40.4609,1.8486,0,NA,NA,86.5411,NA,NA,2.4016,28.7148,0,0,0.8955,NA,1.2916,NA,0,0,0,NA,0,0,0,NA,NA,0,NA,0,0,0,0,0,2.5437,0,NA,NA,NA,NA,NA,NA,NA,NA,NA,"E: Uncertainty","E: Uncertainty",NA,"E: Uncertainty","E: Uncertainty",NA,NA,NA,NA,NA,"E: Uncertainty",NA,"E: Uncertainty",NA,NA,NA,"E: Uncertainty",NA,NA,NA,"E: Uncertainty","E: Uncertainty",NA,"E: Uncertainty",NA,NA,NA,NA,NA,NA,NA
"2023-04-28 14:00:00","PM10",NA,NA,0,415.6876,0,56.4811,142.8083,4.8778,NA,0.7312,1.4117,190.9116,0,0,4.2569,26.0764,0,0,NA,NA,1.9938,NA,0,0,0,NA,NA,0,0,NA,0,0,NA,0,0,0,0,0,3.7498,0,"E: Uncertainty","E: Uncertainty",NA,NA,NA,NA,NA,NA,"E: Uncertainty",NA,NA,NA,NA,NA,NA,NA,NA,NA,"E: Uncertainty","E: Uncertainty",NA,"E: Uncertainty",NA,NA,NA,"E: Uncertainty","E: Uncertainty",NA,NA,"E: Uncertainty",NA,NA,"E: Uncertainty",NA,NA,NA,NA,NA,NA,NA
"2023-04-28 15:00:00","PM2.5",0,0,0,326.4665,0,21.2122,29.3562,1.4918,0,NA,NA,78.3059,NA,NA,2.4618,17.8622,0,0,0,NA,0.8866,0,0,0,0,17.8602,NA,NA,0,0,NA,0,0,0.0236,0,0,0,0,2.0282,0,NA,NA,NA,NA,NA,NA,NA,NA,NA,"E: Uncertainty","E: Uncertainty",NA,"E: Uncertainty","E: Uncertainty",NA,NA,NA,NA,NA,"E: Uncertainty",NA,NA,NA,NA,NA,NA,"E: Uncertainty","E: Uncertainty",NA,NA,"E: Uncertainty",NA,NA,NA,NA,NA,NA,NA,NA,NA
"2023-04-28 16:00:00","PM10",NA,NA,0,374.373,0,35.4663,100.2155,5.041,0,NA,1.1683,158.6825,0,0,4.6803,13.5376,0,0,0.8858,NA,1.4347,0,0,0,0,NA,0.082,NA,0,NA,0,0,NA,0,0,NA,0,0,0.9459,0,"E: Uncertainty","E: Uncertainty",NA,NA,NA,NA,NA,NA,NA,"E: Uncertainty",NA,NA,NA,NA,NA,NA,NA,NA,NA,"E: Uncertainty",NA,NA,NA,NA,NA,"E: Uncertainty",NA,"E: Uncertainty",NA,"E: Uncertainty",NA,NA,"E: Uncertainty",NA,NA,"E: Uncertainty",NA,NA,NA,NA
"2023-04-28 17:00:00","PM2.5",NA,0,0,617.3967,0,23.7774,24.1668,1.4035,0,NA,NA,81.0538,0,NA,2.6072,21.3218,0,0,0,NA,1.7631,NA,0,0,0,11.2415,NA,NA,0,NA,NA,0,NA,0,0,0,0,0,3.6306,0,"E: Uncertainty",NA,NA,NA,NA,NA,NA,NA,NA,"E: Uncertainty","E: Uncertainty",NA,NA,"E: Uncertainty",NA,NA,NA,NA,NA,"E: Uncertainty",NA,"E: Uncertainty",NA,NA,NA,NA,"E: Uncertainty","E: Uncertainty",NA,"E: Uncertainty","E: Uncertainty",NA,"E: Uncertainty",NA,NA,NA,NA,NA,NA,NA
"2023-04-28 18:00:00","PM10",NA,NA,0,655.5443,0,40.3857,98.1717,10.8297,NA,NA,1.1976,245.5473,0,NA,6.6023,21.5153,0,0,1.0731,0.7324,2.1618,NA,0,0,0,12.3446,0,0,0,0,NA,NA,NA,0,0,0,0,0,3.0477,0,"E: Uncertainty","E: Uncertainty",NA,NA,NA,NA,NA,NA,"E: Uncertainty","E: Uncertainty",NA,NA,NA,"E: Uncertainty",NA,NA,NA,NA,NA,NA,NA,"E: Uncertainty",NA,NA,NA,NA,NA,NA,NA,NA,"E: Uncertainty","E: Uncertainty","E: Uncertainty",NA,NA,NA,NA,NA,NA,NA
"2023-04-28 19:00:00","PM2.5",NA,0,0,617.4185,0,41.8584,30.0228,4.2875,NA,NA,0.7928,158.8551,0,NA,4.4618,18.8779,0,0,1.4164,1.3115,2.0699,NA,0,0,0,NA,NA,NA,0,0,NA,0,NA,0,0,0,0,0,2.8339,0,"E: Uncertainty",NA,NA,NA,NA,NA,NA,NA,"E: Uncertainty","E: Uncertainty",NA,NA,NA,"E: Uncertainty",NA,NA,NA,NA,NA,NA,NA,"E: Uncertainty",NA,NA,NA,"E: Uncertainty","E: Uncertainty","E: Uncertainty",NA,NA,"E: Uncertainty",NA,"E: Uncertainty",NA,NA,NA,NA,NA,NA,NA
"2023-04-28 20:00:00","PM10",NA,NA,0,473.4541,0,70.3567,251.7573,11.86,NA,2.0733,3.7821,535.0359,0,NA,14.1516,28.7497,0,0,1.4549,NA,2.2588,1.5722,0,NA,NA,14.6273,NA,0.03,0,NA,NA,0,9.5733,0,0,0,0,0,1.3963,0,"E: Uncertainty","E: Uncertainty",NA,NA,NA,NA,NA,NA,"E: Uncertainty",NA,NA,NA,NA,"E: Uncertainty",NA,NA,NA,NA,NA,"E: Uncertainty",NA,NA,NA,"E: Uncertainty","E: Uncertainty",NA,"E: Uncertainty",NA,NA,"E: Uncertainty","E: Uncertainty",NA,NA,NA,NA,NA,NA,NA,NA,NA
"2023-04-28 21:00:00","PM2.5",NA,0,0,364.0809,0,40.2436,74.5013,2.4677,0,NA,1.2326,188.5309,NA,0,5.4026,22.0889,0,0,0.3825,NA,2.761,NA,0,0,0,10.6085,NA,NA,0,0.0988,0,NA,NA,0,0,0,0,0,3.1211,0,"E: Uncertainty",NA,NA,NA,NA,NA,NA,NA,NA,"E: Uncertainty",NA,NA,"E: Uncertainty",NA,NA,NA,NA,NA,NA,"E: Uncertainty",NA,"E: Uncertainty",NA,NA,NA,NA,"E: Uncertainty","E: Uncertainty",NA,NA,NA,"E: Uncertainty","E: Uncertainty",NA,NA,NA,NA,NA,NA,NA
"2023-04-28 22:00:00","PM10",0,NA,0,457.4876,0,80.0926,333.0864,7.7828,0,2.0108,3.0461,394.8561,NA,0,8.3725,33.8246,0,0,1.0618,NA,3.0037,NA,0,0,0,NA,0,NA,0,0,0,NA,9.6175,0,0,0,0,0,5.7777,0,NA,"E: Uncertainty",NA,NA,NA,NA,NA,NA,NA,NA,NA,NA,"E: Uncertainty",NA,NA,NA,NA,NA,NA,"E: Uncertainty",NA,"E: Uncertainty",NA,NA,NA,"E: Uncertainty",NA,"E: Uncertainty",NA,NA,NA,"E: Uncertainty",NA,NA,NA,NA,NA,NA,NA,NA
"2023-04-28 23:00:00","PM2.5",7.0628,0,0,362.8931,0,60.5528,69.1261,NA,0,NA,NA,182.2054,0,NA,4.6585,27.9937,0,0,1.2941,NA,3.7277,NA,0,NA,0,NA,0,NA,NA,0,NA,NA,NA,0,0,0,NA,0,6.8235,0,NA,NA,NA,NA,NA,NA,NA,"E: Uncertainty",NA,"E: Uncertainty","E: Uncertainty",NA,NA,"E: Uncertainty",NA,NA,NA,NA,NA,"E: Uncertainty",NA,"E: Uncertainty",NA,"E: Uncertainty",NA,"E: Uncertainty",NA,"E: Uncertainty","E: Uncertainty",NA,"E: Uncertainty","E: Uncertainty","E: Uncertainty",NA,NA,NA,"E: Uncertainty",NA,NA,NA
"2023-04-29 00:30:00","PM10",NA,0,0,521.8015,0,79.5587,342.2037,6.9649,0,NA,NA,306.6519,0,NA,8.3313,40.5522,0,0,1.6719,NA,5.5758,NA,0,0,0,29.6157,NA,0,0,NA,NA,0,NA,0,0,0,0,0,3.7047,0,"E: Uncertainty",NA,NA,NA,NA,NA,NA,NA,NA,"E: Uncertainty","E: Uncertainty",NA,NA,"E: Uncertainty",NA,NA,NA,NA,NA,"E: Uncertainty",NA,"E: Uncertainty",NA,NA,NA,NA,"E: Uncertainty",NA,NA,"E: Uncertainty","E: Uncertainty",NA,"E: Uncertainty",NA,NA,NA,NA,NA,NA,NA
"2023-04-29 01:00:00","PM2.5",NA,0,0,439.8051,0,57.0187,45.5565,1.7813,0.0099,NA,NA,105.0361,0,NA,3.0665,24.9305,0,0,1.8478,NA,4.024,NA,0,0,0,NA,NA,0,0,NA,0,0,NA,0,0,0,0,0,3.7573,0,"E: Uncertainty",NA,NA,NA,NA,NA,NA,NA,NA,"E: Uncertainty","E: Uncertainty",NA,NA,"E: Uncertainty",NA,NA,NA,NA,NA,"E: Uncertainty",NA,"E: Uncertainty",NA,NA,NA,"E: Uncertainty","E: Uncertainty",NA,NA,"E: Uncertainty",NA,NA,"E: Uncertainty",NA,NA,NA,NA,NA,NA,NA
"2023-04-29 02:00:00","PM10",0,NA,0,498.8887,0,73.8514,205.4533,5.3995,NA,0.7825,1.8563,238.3946,NA,0,5.5177,28.4801,0,0,0.8619,NA,3.4629,NA,0,0,0,NA,0,0,0,NA,NA,0,NA,0,0,0,0,0,6.923,0,NA,"E: Uncertainty",NA,NA,NA,NA,NA,NA,"E: Uncertainty",NA,NA,NA,"E: Uncertainty",NA,NA,NA,NA,NA,NA,"E: Uncertainty",NA,"E: Uncertainty",NA,NA,NA,"E: Uncertainty",NA,NA,NA,"E: Uncertainty","E: Uncertainty",NA,"E: Uncertainty",NA,NA,NA,NA,NA,NA,NA
"2023-04-29 03:00:00","PM2.5",0,0,0,420.2622,0,51.5623,36.1699,13.0919,NA,NA,NA,97.409,NA,NA,2.7582,25.7052,0,0,1.5665,NA,2.7749,NA,0,0,0,13.3941,0,0,0,NA,NA,NA,0,0,0,0,0,0,5.6783,0,NA,NA,NA,NA,NA,NA,NA,NA,"E: Uncertainty","E: Uncertainty","E: Uncertainty",NA,"E: Uncertainty","E: Uncertainty",NA,NA,NA,NA,NA,"E: Uncertainty",NA,"E: Uncertainty",NA,NA,NA,NA,NA,NA,NA,"E: Uncertainty","E: Uncertainty","E: Uncertainty",NA,NA,NA,NA,NA,NA,NA,NA
"2023-04-29 04:00:00","PM10",NA,0,0,450.0229,0,64.5108,171.1601,13.6795,NA,NA,1.3075,161.865,0,NA,4.4508,32.9871,0,0,1.0079,NA,2.5615,NA,0,0,0,18.9241,0,0,0,NA,NA,NA,NA,0,0,0,0,0,7.9866,0,"E: Uncertainty",NA,NA,NA,NA,NA,NA,NA,"E: Uncertainty","E: Uncertainty",NA,NA,NA,"E: Uncertainty",NA,NA,NA,NA,NA,"E: Uncertainty",NA,"E: Uncertainty",NA,NA,NA,NA,NA,NA,NA,"E: Uncertainty","E: Uncertainty","E: Uncertainty","E: Uncertainty",NA,NA,NA,NA,NA,NA,NA
"2023-04-29 05:00:00","PM2.5",NA,0,0,427.3727,0,47.4761,34.8638,8.9324,NA,NA,NA,188.6705,0,0,11.2034,30.9915,0,0,1.9114,0.6402,3.1572,NA,0,0,0,15.0792,0,0,0,0,0,NA,NA,0,0,0,0,0,7.4806,0,"E: Uncertainty",NA,NA,NA,NA,NA,NA,NA,"E: Uncertainty","E: Uncertainty","E: Uncertainty",NA,NA,NA,NA,NA,NA,NA,NA,NA,NA,"E: Uncertainty",NA,NA,NA,NA,NA,NA,NA,NA,NA,"E: Uncertainty","E: Uncertainty",NA,NA,NA,NA,NA,NA,NA
"2023-04-29 06:00:00","PM10",NA,NA,0,466.0524,0,61.7249,235.4448,9.5373,0,NA,4.5612,600.0197,0,NA,52.9555,35.5898,0,0,2.7325,0.4249,3.2201,1.7145,0,NA,0,9.6751,0,0,0,NA,NA,NA,24.7919,0,0,0,0,0,8.8528,0,"E: Uncertainty","E: Uncertainty",NA,NA,NA,NA,NA,NA,NA,"E: Uncertainty",NA,NA,NA,"E: Uncertainty",NA,NA,NA,NA,NA,NA,NA,NA,NA,"E: Uncertainty",NA,NA,NA,NA,NA,"E: Uncertainty","E: Uncertainty","E: Uncertainty",NA,NA,NA,NA,NA,NA,NA,NA
"2023-04-29 07:00:00","PM2.5",NA,0,0,440.2013,0,44.8985,52.0546,3.6796,0,NA,1.0428,209.2088,0,0,8.8013,25.5865,0,0,1.8102,0.4724,5.0417,0,0,0,0,12.7366,0,NA,0,NA,0,NA,3.2625,0,0,0,0,0,7.2833,0,"E: Uncertainty",NA,NA,NA,NA,NA,NA,NA,NA,"E: Uncertainty",NA,NA,NA,NA,NA,NA,NA,NA,NA,NA,NA,NA,NA,NA,NA,NA,NA,"E: Uncertainty",NA,"E: Uncertainty",NA,"E: Uncertainty",NA,NA,NA,NA,NA,NA,NA,NA
"2023-04-29 08:00:00","PM10",NA,NA,0,529.9965,0,167.2798,223.3903,18.4031,NA,0.7867,2.1919,283.1736,0,NA,7.4365,32.8943,0,0,1.5054,NA,5.9898,NA,0,0,0,0,0,0,NA,0,NA,NA,3.766,0,0,0,0,0,6.5362,0,"E: Uncertainty","E: Uncertainty",NA,NA,NA,NA,NA,NA,"E: Uncertainty",NA,NA,NA,NA,"E: Uncertainty",NA,NA,NA,NA,NA,"E: Uncertainty",NA,"E: Uncertainty",NA,NA,NA,NA,NA,NA,"E: Uncertainty",NA,"E: Uncertainty","E: Uncertainty",NA,NA,NA,NA,NA,NA,NA,NA
"2023-04-29 09:00:00","PM2.5",NA,0,0,459.6258,0,129.0682,58.2481,16.292,NA,NA,NA,97.1164,NA,0,3.1154,19.5718,0,0,1.0273,NA,7.295,NA,0,0,0,15.6123,0,NA,NA,NA,0,NA,0,0,0,0,0,0,3.4186,0,"E: Uncertainty",NA,NA,NA,NA,NA,NA,NA,"E: Uncertainty","E: Uncertainty","E: Uncertainty",NA,"E: Uncertainty",NA,NA,NA,NA,NA,NA,"E: Uncertainty",NA,"E: Uncertainty",NA,NA,NA,NA,NA,"E: Uncertainty","E: Uncertainty","E: Uncertainty",NA,"E: Uncertainty",NA,NA,NA,NA,NA,NA,NA,NA
"2023-04-29 10:00:00","PM10",0,NA,0,436.056,0,110.0305,167.573,3.8345,0,0.6395,1.5193,159.2756,0,0,4.129,18.8662,0,0,1.2839,NA,4.7276,NA,0,0,0,19.2475,0,0,0,NA,NA,NA,NA,0,0,0,0,0,3.5315,0,NA,"E: Uncertainty",NA,NA,NA,NA,NA,NA,NA,NA,NA,NA,NA,NA,NA,NA,NA,NA,NA,"E: Uncertainty",NA,"E: Uncertainty",NA,NA,NA,NA,NA,NA,NA,"E: Uncertainty","E: Uncertainty","E: Uncertainty","E: Uncertainty",NA,NA,NA,NA,NA,NA,NA
"2023-04-29 11:00:00","PM2.5",0,0,0,358.0866,0,59.1613,23.6085,8.3009,NA,NA,NA,71.3295,0,0,1.8963,19.9197,0,0,1.0043,NA,2.9217,NA,0,0,0,26.4288,NA,NA,0,0,NA,NA,NA,0,0,0,0,0,3.353,0,NA,NA,NA,NA,NA,NA,NA,NA,"E: Uncertainty","E: Uncertainty","E: Uncertainty",NA,NA,NA,NA,NA,NA,NA,NA,"E: Uncertainty",NA,"E: Uncertainty",NA,NA,NA,NA,"E: Uncertainty","E: Uncertainty",NA,NA,"E: Uncertainty","E: Uncertainty","E: Uncertainty",NA,NA,NA,NA,NA,NA,NA
"2023-04-29 12:00:00","PM10",2.2961,0,NA,378.2599,0,71.5427,113.2107,5.5612,0,NA,NA,125.6595,0,NA,2.7676,20.252,0,0,2.2531,NA,2.7183,NA,0,NA,0,18.8693,0,0,0,0,NA,NA,NA,0,0,0,NA,0,3.2886,0,NA,NA,"E: Uncertainty",NA,NA,NA,NA,NA,NA,"E: Uncertainty","E: Uncertainty",NA,NA,"E: Uncertainty",NA,NA,NA,NA,NA,"E: Uncertainty",NA,"E: Uncertainty",NA,"E: Uncertainty",NA,NA,NA,NA,NA,NA,"E: Uncertainty","E: Uncertainty","E: Uncertainty",NA,NA,NA,"E: Uncertainty",NA,NA,NA
"2023-04-29 13:00:00","PM2.5",NA,0,0,274.0407,0,35.2644,20.7173,1.9624,0,NA,NA,54.8422,0,0,1.7049,19.6759,0,0,1.1994,0,2.2988,NA,0,0,0,NA,NA,0,0,0,NA,0,0,0,0,0,0,0,2.0289,0,"E: Uncertainty",NA,NA,NA,NA,NA,NA,NA,NA,"E: Uncertainty","E: Uncertainty",NA,NA,NA,NA,NA,NA,NA,NA,NA,NA,"E: Uncertainty",NA,NA,NA,"E: Uncertainty","E: Uncertainty",NA,NA,NA,"E: Uncertainty",NA,NA,NA,NA,NA,NA,NA,NA,NA
"2023-04-29 14:00:00","PM10",0,NA,0,341.3252,0,67.0581,122.2181,5.566,0,NA,0.8447,121.1281,0,0,4.7796,16.0374,0,0,0.8046,NA,2.6595,NA,0,NA,0,18.5106,0,NA,0,0,NA,NA,NA,0,0,0,0,0,3.8011,0,NA,"E: Uncertainty",NA,NA,NA,NA,NA,NA,NA,"E: Uncertainty",NA,NA,NA,NA,NA,NA,NA,NA,NA,"E: Uncertainty",NA,"E: Uncertainty",NA,"E: Uncertainty",NA,NA,NA,"E: Uncertainty",NA,NA,"E: Uncertainty","E: Uncertainty","E: Uncertainty",NA,NA,NA,NA,NA,NA,NA
"2023-04-29 15:00:00","PM2.5",NA,0,0,339.6519,0,34.1989,17.5571,NA,0,0,0,56.8211,0,NA,1.5612,21.835,0,0,0,NA,2.7542,0,0,NA,0,9.9117,NA,NA,0,0,NA,NA,NA,0,0,0,0,0,3.118,0,"E: Uncertainty",NA,NA,NA,NA,NA,NA,"E: Uncertainty",NA,NA,NA,NA,NA,"E: Uncertainty",NA,NA,NA,NA,NA,"E: Uncertainty",NA,NA,NA,"E: Uncertainty",NA,NA,"E: Uncertainty","E: Uncertainty",NA,NA,"E: Uncertainty","E: Uncertainty","E: Uncertainty",NA,NA,NA,NA,NA,NA,NA
"2023-04-29 16:00:00","PM10",0,0,0,393.8492,0,72.8103,108.7889,4.0673,0,NA,1.1753,187.6346,0,NA,5.574,16.0552,0,0,0,NA,2.9758,NA,0,0,0,NA,NA,0,0,0,0,NA,NA,0,0,0,0,0,3.3891,0,NA,NA,NA,NA,NA,NA,NA,NA,NA,"E: Uncertainty",NA,NA,NA,"E: Uncertainty",NA,NA,NA,NA,NA,"E: Uncertainty",NA,"E: Uncertainty",NA,NA,NA,"E: Uncertainty","E: Uncertainty",NA,NA,NA,NA,"E: Uncertainty","E: Uncertainty",NA,NA,NA,NA,NA,NA,NA
"2023-04-29 17:00:00","PM2.5",NA,0,0,266.3106,0,43.1432,33.8964,1.9872,0,NA,NA,107.8684,0,0,4.7549,24.1094,0,0,1.1034,NA,2.929,0,0,0,0,10.6846,NA,NA,0,0,NA,NA,NA,0,0,0,0,0,NA,0,"E: Uncertainty",NA,NA,NA,NA,NA,NA,NA,NA,"E: Uncertainty","E: Uncertainty",NA,NA,NA,NA,NA,NA,NA,NA,"E: Uncertainty",NA,NA,NA,NA,NA,NA,"E: Uncertainty","E: Uncertainty",NA,NA,"E: Uncertainty","E: Uncertainty","E: Uncertainty",NA,NA,NA,NA,NA,"E: Uncertainty",NA
"2023-04-29 18:00:00","PM10",0,0,0,334.0538,0,95.2111,47.2554,4.8406,0,0.917,1.1948,268.8287,0,NA,18.0256,19.2516,0,0,1.5872,NA,3.7314,NA,0,0,0,NA,NA,NA,NA,NA,NA,0,11.6447,0,0,0,0,0,1.3781,0,NA,NA,NA,NA,NA,NA,NA,NA,NA,NA,NA,NA,NA,"E: Uncertainty",NA,NA,NA,NA,NA,"E: Uncertainty",NA,"E: Uncertainty",NA,NA,NA,"E: Uncertainty","E: Uncertainty","E: Uncertainty","E: Uncertainty","E: Uncertainty","E: Uncertainty",NA,NA,NA,NA,NA,NA,NA,NA,NA
"2023-04-29 19:00:00","PM2.5",NA,0,0,286.2708,0,52.2866,10.6807,1.7422,0,NA,0,111.5469,0,0,7.4696,18.1487,0,0,2.7761,NA,6.4927,NA,0,NA,0,17.2344,NA,NA,0,NA,NA,NA,NA,0,0,0,0,0,2.7648,0,"E: Uncertainty",NA,NA,NA,NA,NA,NA,NA,NA,"E: Uncertainty",NA,NA,NA,NA,NA,NA,NA,NA,NA,"E: Uncertainty",NA,"E: Uncertainty",NA,"E: Uncertainty",NA,NA,"E: Uncertainty","E: Uncertainty",NA,"E: Uncertainty","E: Uncertainty","E: Uncertainty","E: Uncertainty",NA,NA,NA,NA,NA,NA,NA
"2023-04-29 20:00:00","PM10",0,0,0,328.1356,0,82.4296,88.7516,1.5538,0,0.6601,0.7749,217.9965,0,0,8.2511,23.2507,0,0,2.7416,NA,5.1963,NA,0,0,0,NA,NA,0,0,0,0,0,5.958,0,0,0,0,0,2.1434,0,NA,NA,NA,NA,NA,NA,NA,NA,NA,NA,NA,NA,NA,NA,NA,NA,NA,NA,NA,"E: Uncertainty",NA,"E: Uncertainty",NA,NA,NA,"E: Uncertainty","E: Uncertainty",NA,NA,NA,NA,NA,NA,NA,NA,NA,NA,NA,NA,NA
"2023-04-29 21:00:00","PM2.5",NA,0,0,298.2811,0,49.8426,11.3533,NA,NA,NA,NA,106.582,NA,0,3.5374,12.1875,0,0,2.367,NA,3.1574,0,0,0,0,NA,NA,NA,0,0,NA,NA,NA,0,NA,0,0,0,2.0106,0,"E: Uncertainty",NA,NA,NA,NA,NA,NA,"E: Uncertainty","E: Uncertainty","E: Uncertainty","E: Uncertainty",NA,"E: Uncertainty",NA,NA,NA,NA,NA,NA,"E: Uncertainty",NA,NA,NA,NA,NA,"E: Uncertainty","E: Uncertainty","E: Uncertainty",NA,NA,"E: Uncertainty","E: Uncertainty","E: Uncertainty",NA,"E: Uncertainty",NA,NA,NA,NA,NA
"2023-04-29 22:00:00","PM10",NA,0,0,324.1337,0,75.0746,34.6963,1.7699,0,0.596,1.0437,214.9393,0,NA,4.1663,30.7781,0,0,3.7927,NA,2.8131,NA,0,0,0,21.93,NA,NA,0,0,NA,NA,3.2219,0,0,0,0,0,2.391,0,"E: Uncertainty",NA,NA,NA,NA,NA,NA,NA,NA,NA,NA,NA,NA,"E: Uncertainty",NA,NA,NA,NA,NA,"E: Uncertainty",NA,"E: Uncertainty",NA,NA,NA,NA,"E: Uncertainty","E: Uncertainty",NA,NA,"E: Uncertainty","E: Uncertainty",NA,NA,NA,NA,NA,NA,NA,NA
"2023-04-29 23:00:00","PM2.5",NA,0,0,392.1999,0,39.1318,36.4041,1.6672,NA,0,NA,70.4551,0,0,1.5513,15.1723,0,0,2.5784,NA,2.7512,NA,0,NA,0,14.8726,NA,NA,0,NA,NA,NA,NA,0,0,0,0,0,6.2067,0,"E: Uncertainty",NA,NA,NA,NA,NA,NA,NA,"E: Uncertainty",NA,"E: Uncertainty",NA,NA,NA,NA,NA,NA,NA,NA,"E: Uncertainty",NA,"E: Uncertainty",NA,"E: Uncertainty",NA,NA,"E: Uncertainty","E: Uncertainty",NA,"E: Uncertainty","E: Uncertainty","E: Uncertainty","E: Uncertainty",NA,NA,NA,NA,NA,NA,NA
"2023-04-30 00:30:00","PM10",0,0,NA,496.7055,0,96.0865,70.8765,14.327,NA,0,0,109.1531,0,NA,3.5538,26.5166,0,0,3.8706,0,3.7643,NA,0,0,0,NA,NA,NA,0,NA,0,NA,NA,0,0,0,0,0,2.1897,0,NA,NA,"E: Uncertainty",NA,NA,NA,NA,NA,"E: Uncertainty",NA,NA,NA,NA,"E: Uncertainty",NA,NA,NA,NA,NA,NA,NA,"E: Uncertainty",NA,NA,NA,"E: Uncertainty","E: Uncertainty","E: Uncertainty",NA,"E: Uncertainty",NA,"E: Uncertainty","E: Uncertainty",NA,NA,NA,NA,NA,NA,NA
"2023-04-30 01:00:00","PM2.5",606.2685,0,0,547.6857,0,106.6491,8.6216,2.6768,0.8388,0,0,46.2271,0,NA,1.7942,15.4685,0,0,2.3716,0.7459,5.3634,NA,0,0,0,NA,0,NA,0,NA,NA,0,0,0,0,0,0,0,3.6121,0,NA,NA,NA,NA,NA,NA,NA,NA,NA,NA,NA,NA,NA,"E: Uncertainty",NA,NA,NA,NA,NA,NA,NA,"E: Uncertainty",NA,NA,NA,"E: Uncertainty",NA,"E: Uncertainty",NA,"E: Uncertainty","E: Uncertainty",NA,NA,NA,NA,NA,NA,NA,NA,NA
"2023-04-30 02:00:00","PM10",NA,0,0,650.9219,0,126.163,71.9203,3.0007,NA,NA,NA,92.2105,0,NA,2.2149,19.3446,0,0,1.238,NA,4.9605,NA,0,0,0,9.228,NA,NA,0,0,0,NA,NA,0,0,0,0,0,6.5584,0,"E: Uncertainty",NA,NA,NA,NA,NA,NA,NA,"E: Uncertainty","E: Uncertainty","E: Uncertainty",NA,NA,"E: Uncertainty",NA,NA,NA,NA,NA,"E: Uncertainty",NA,"E: Uncertainty",NA,NA,NA,NA,"E: Uncertainty","E: Uncertainty",NA,NA,NA,"E: Uncertainty","E: Uncertainty",NA,NA,NA,NA,NA,NA,NA
"2023-04-30 03:00:00","PM2.5",811.2501,0,0,495.3856,0,74.2166,9.9348,1.5211,1.1113,0,NA,33.7234,0,0.7757,1.0504,15.034,0,0,1.9335,0,3.0793,NA,0,0,0,0,0,NA,0,NA,NA,NA,0,0,0,0,0,0,1.6317,0,NA,NA,NA,NA,NA,NA,NA,NA,NA,NA,"E: Uncertainty",NA,NA,NA,NA,NA,NA,NA,NA,NA,NA,"E: Uncertainty",NA,NA,NA,NA,NA,"E: Uncertainty",NA,"E: Uncertainty","E: Uncertainty","E: Uncertainty",NA,NA,NA,NA,NA,NA,NA,NA
"2023-04-30 04:00:00","PM10",NA,0,0,645.2413,0,73.7127,48.181,1.9899,1.3064,NA,0,70.1766,NA,NA,1.4346,22.4253,0,0,2.167,0.4547,2.8604,NA,0,0,0,12.2455,0,0,0,NA,0,NA,NA,0,0,0,0,0,3.1665,0,"E: Uncertainty",NA,NA,NA,NA,NA,NA,NA,NA,"E: Uncertainty",NA,NA,"E: Uncertainty","E: Uncertainty",NA,NA,NA,NA,NA,NA,NA,"E: Uncertainty",NA,NA,NA,NA,NA,NA,NA,"E: Uncertainty",NA,"E: Uncertainty","E: Uncertainty",NA,NA,NA,NA,NA,NA,NA
"2023-04-30 05:00:00","PM2.5",NA,0,0,567.628,0,48.1319,13.0613,NA,NA,0,0,38.8201,0,NA,1.0778,17.5028,0,0,0.9992,NA,2.4449,NA,0,0,0,8.8456,NA,NA,0,0,NA,NA,0,0,0,0,0,0,2.6347,0,"E: Uncertainty",NA,NA,NA,NA,NA,NA,"E: Uncertainty","E: Uncertainty",NA,NA,NA,NA,"E: Uncertainty",NA,NA,NA,NA,NA,"E: Uncertainty",NA,"E: Uncertainty",NA,NA,NA,NA,"E: Uncertainty","E: Uncertainty",NA,NA,"E: Uncertainty","E: Uncertainty",NA,NA,NA,NA,NA,NA,NA,NA
"2023-04-30 06:00:00","PM10",NA,NA,0,900.4768,0,83.9822,66.0505,4.3775,1.5178,NA,NA,87.8402,0,1.0947,1.7711,14.6934,0,0,0.9598,NA,2.9102,0,0,0,0,12.7955,NA,NA,0,0,0,NA,0,0,0,0,0,0,NA,0,"E: Uncertainty","E: Uncertainty",NA,NA,NA,NA,NA,NA,NA,"E: Uncertainty","E: Uncertainty",NA,NA,NA,NA,NA,NA,NA,NA,"E: Uncertainty",NA,NA,NA,NA,NA,NA,"E: Uncertainty","E: Uncertainty",NA,NA,NA,"E: Uncertainty",NA,NA,NA,NA,NA,NA,"E: Uncertainty",NA
"2023-04-30 07:00:00","PM2.5",NA,0,0,787.2524,0,78.9967,26.8752,2.2805,NA,0,NA,49.6394,0,NA,1.479,14.4022,0,0,0.6776,0.4143,2.8273,NA,0,0,0,NA,0,NA,0,NA,NA,0,0,0,0,0,0,0,0.9149,0,"E: Uncertainty",NA,NA,NA,NA,NA,NA,NA,"E: Uncertainty",NA,"E: Uncertainty",NA,NA,"E: Uncertainty",NA,NA,NA,NA,NA,NA,NA,"E: Uncertainty",NA,NA,NA,"E: Uncertainty",NA,"E: Uncertainty",NA,"E: Uncertainty","E: Uncertainty",NA,NA,NA,NA,NA,NA,NA,NA,NA
"2023-04-30 08:00:00","PM10",0,NA,0,977.6649,0,87.4249,87.3569,4.273,1.3033,NA,1.584,105.3575,0,NA,2.6228,25.3973,0,0,0.3716,NA,3.8166,NA,0,0,0,9.9552,0,0,0,0,NA,0,0,0,0,0,0,0,2.4477,0,NA,"E: Uncertainty",NA,NA,NA,NA,NA,NA,NA,"E: Uncertainty",NA,NA,NA,"E: Uncertainty",NA,NA,NA,NA,NA,"E: Uncertainty",NA,"E: Uncertainty",NA,NA,NA,NA,NA,NA,NA,NA,"E: Uncertainty",NA,NA,NA,NA,NA,NA,NA,NA,NA
"2023-04-30 09:00:00","PM2.5",NA,0,0,820.8498,0,57.3672,28.5744,NA,NA,0,NA,60.1057,NA,NA,1.8033,15.493,0,0,NA,NA,2.9581,NA,0,0,NA,13.2874,0,NA,0,0,NA,0,0,NA,0,0,0,0,2.3661,0,"E: Uncertainty",NA,NA,NA,NA,NA,NA,"E: Uncertainty","E: Uncertainty",NA,"E: Uncertainty",NA,"E: Uncertainty","E: Uncertainty",NA,NA,NA,NA,"E: Uncertainty","E: Uncertainty",NA,"E: Uncertainty",NA,NA,"E: Uncertainty",NA,NA,"E: Uncertainty",NA,NA,"E: Uncertainty",NA,NA,"E: Uncertainty",NA,NA,NA,NA,NA,NA
"2023-04-30 10:00:00","PM10",NA,NA,0,901.8441,0,79.4397,106.6375,4.4247,NA,NA,1.2393,108.6238,0,NA,2.6091,20.2386,0,0,0.5362,NA,3.0509,NA,0,NA,0,NA,NA,0,0,NA,NA,NA,NA,0,0,0,0,0,7.9763,0,"E: Uncertainty","E: Uncertainty",NA,NA,NA,NA,NA,NA,"E: Uncertainty","E: Uncertainty",NA,NA,NA,"E: Uncertainty",NA,NA,NA,NA,NA,"E: Uncertainty",NA,"E: Uncertainty",NA,"E: Uncertainty",NA,"E: Uncertainty","E: Uncertainty",NA,NA,"E: Uncertainty","E: Uncertainty","E: Uncertainty","E: Uncertainty",NA,NA,NA,NA,NA,NA,NA
"2023-04-30 11:00:00","PM2.5",NA,0,0,628.2496,0,48.0149,22.7824,NA,1.0358,0,NA,49.5456,NA,NA,1.5442,11.9935,0,0,0,NA,2.4628,NA,0,0,0,10.8023,0,NA,0,0,0,NA,0,0,0,0,0,0,3.0577,0,"E: Uncertainty",NA,NA,NA,NA,NA,NA,"E: Uncertainty",NA,NA,"E: Uncertainty",NA,"E: Uncertainty","E: Uncertainty",NA,NA,NA,NA,NA,"E: Uncertainty",NA,"E: Uncertainty",NA,NA,NA,NA,NA,"E: Uncertainty",NA,NA,NA,"E: Uncertainty",NA,NA,NA,NA,NA,NA,NA,NA
"2023-04-30 12:00:00","PM10",797.8364,NA,0,804.3121,0,70.8205,76.5849,3.6571,0.8795,NA,1.1453,111.3508,0,0,2.5946,18.6748,0,0,0.5764,NA,2.8559,NA,0,0,NA,NA,0,0,0,NA,NA,NA,0,0,0,0,0,0,1.3946,0,NA,"E: Uncertainty",NA,NA,NA,NA,NA,NA,NA,"E: Uncertainty",NA,NA,NA,NA,NA,NA,NA,NA,NA,"E: Uncertainty",NA,"E: Uncertainty",NA,NA,"E: Uncertainty","E: Uncertainty",NA,NA,NA,"E: Uncertainty","E: Uncertainty","E: Uncertainty",NA,NA,NA,NA,NA,NA,NA,NA
"2023-04-30 13:00:00","PM2.5",NA,0,0,624.8121,0,29.3792,16.4549,NA,1.5803,0,NA,43.6563,NA,0.6766,1.3346,14.8693,0,0,0.5762,0,2.4958,NA,0,0,0,NA,0,NA,0,0,NA,NA,0,0,0,0,0,0,0,0,"E: Uncertainty",NA,NA,NA,NA,NA,NA,"E: Uncertainty",NA,NA,"E: Uncertainty",NA,"E: Uncertainty",NA,NA,NA,NA,NA,NA,NA,NA,"E: Uncertainty",NA,NA,NA,"E: Uncertainty",NA,"E: Uncertainty",NA,NA,"E: Uncertainty","E: Uncertainty",NA,NA,NA,NA,NA,NA,NA,NA
"2023-04-30 14:00:00","PM10",NA,NA,0,882.7503,0,54.723,71.3412,2.9395,2.7688,0,1.0001,113.2917,0,0.5626,2.8969,17.648,0,0,NA,NA,3.8091,NA,0,0,0,14.995,NA,0,0,0,NA,NA,0,0,0,0,0,0,2.6608,0,"E: Uncertainty","E: Uncertainty",NA,NA,NA,NA,NA,NA,NA,NA,NA,NA,NA,NA,NA,NA,NA,NA,"E: Uncertainty","E: Uncertainty",NA,"E: Uncertainty",NA,NA,NA,NA,"E: Uncertainty",NA,NA,NA,"E: Uncertainty","E: Uncertainty",NA,NA,NA,NA,NA,NA,NA,NA
"2023-04-30 15:00:00","PM2.5",0,0,0,714.9681,0,48.245,17.3525,NA,2.4922,0,NA,55.0541,0.0032,NA,1.8182,16.6635,0,0,1.1072,NA,3.0315,NA,0,0,0,NA,NA,0,0,0,NA,NA,0,0,0,0,0,0,4.0234,0,NA,NA,NA,NA,NA,NA,NA,"E: Uncertainty",NA,NA,"E: Uncertainty",NA,NA,"E: Uncertainty",NA,NA,NA,NA,NA,"E: Uncertainty",NA,"E: Uncertainty",NA,NA,NA,"E: Uncertainty","E: Uncertainty",NA,NA,NA,"E: Uncertainty","E: Uncertainty",NA,NA,NA,NA,NA,NA,NA,NA
"2023-04-30 16:00:00","PM10",NA,0,0,562.0591,0,35.7526,24.0448,1.5433,1.3999,NA,NA,75.1837,0,NA,3.0926,10.5731,0,0,1.0963,0,1.9115,NA,0,0,0,17.0869,NA,NA,0,NA,NA,0,0,0,0,0,0,0,0.855,0,"E: Uncertainty",NA,NA,NA,NA,NA,NA,NA,NA,"E: Uncertainty","E: Uncertainty",NA,NA,"E: Uncertainty",NA,NA,NA,NA,NA,NA,NA,"E: Uncertainty",NA,NA,NA,NA,"E: Uncertainty","E: Uncertainty",NA,"E: Uncertainty","E: Uncertainty",NA,NA,NA,NA,NA,NA,NA,NA,NA
"2023-04-30 17:00:00","PM2.5",0,0,0,556.0862,0,39.4677,13.5082,0,0.9356,0,NA,49.7476,NA,NA,1.6188,19.3063,0,0,0.3796,NA,2.3783,NA,0,0,0,13.3157,NA,0.1167,0,NA,NA,NA,NA,0,0,0,0,0,2.7307,0,NA,NA,NA,NA,NA,NA,NA,NA,NA,NA,"E: Uncertainty",NA,"E: Uncertainty","E: Uncertainty",NA,NA,NA,NA,NA,"E: Uncertainty",NA,"E: Uncertainty",NA,NA,NA,NA,"E: Uncertainty",NA,NA,"E: Uncertainty","E: Uncertainty","E: Uncertainty","E: Uncertainty",NA,NA,NA,NA,NA,NA,NA
"2023-04-30 18:00:00","PM10",616.5661,0,0,830.1509,0,72.589,63.5254,3.5371,NA,NA,0.8068,121.8835,0,NA,3.5508,19.2663,0,0,1.2437,NA,3.2504,NA,0,0,0,15.7052,NA,0,0,NA,NA,NA,NA,0,0,0,0,0,0.9232,0,NA,NA,NA,NA,NA,NA,NA,NA,"E: Uncertainty","E: Uncertainty",NA,NA,NA,"E: Uncertainty",NA,NA,NA,NA,NA,"E: Uncertainty",NA,"E: Uncertainty",NA,NA,NA,NA,"E: Uncertainty",NA,NA,"E: Uncertainty","E: Uncertainty","E: Uncertainty","E: Uncertainty",NA,NA,NA,NA,NA,NA,NA
"2023-04-30 19:00:00","PM2.5",742.5618,0,0,622.735,0,42.9562,13.2064,NA,NA,0.0062,NA,53.073,0,NA,1.929,18.3513,0,0,0.8937,NA,2.4701,NA,0,0,0,20.4147,NA,0,0,NA,0,NA,NA,0,0,0,0,0,0.8035,0,NA,NA,NA,NA,NA,NA,NA,"E: Uncertainty","E: Uncertainty",NA,"E: Uncertainty",NA,NA,"E: Uncertainty",NA,NA,NA,NA,NA,"E: Uncertainty",NA,"E: Uncertainty",NA,NA,NA,NA,"E: Uncertainty",NA,NA,"E: Uncertainty",NA,"E: Uncertainty","E: Uncertainty",NA,NA,NA,NA,NA,NA,NA
"2023-04-30 20:00:00","PM10",805.7835,0,0,711.8257,0,60.6319,34.9044,1.5724,NA,NA,NA,109.8248,0,NA,3.9824,11.9757,0,0,0,NA,2.1833,NA,0,0,0,NA,0,0,0,0,NA,0.1441,NA,0,NA,0,0,0,3.3596,0,NA,NA,NA,NA,NA,NA,NA,NA,"E: Uncertainty","E: Uncertainty","E: Uncertainty",NA,NA,"E: Uncertainty",NA,NA,NA,NA,NA,"E: Uncertainty",NA,"E: Uncertainty",NA,NA,NA,"E: Uncertainty",NA,NA,NA,NA,"E: Uncertainty",NA,"E: Uncertainty",NA,"E: Uncertainty",NA,NA,NA,NA,NA
"2023-04-30 21:00:00","PM2.5",NA,0,0,523.0181,0,52.7112,5.9741,NA,NA,0,0,49.6513,0,NA,2.6981,15.3911,0,0,0.8498,NA,2.2876,NA,0,0,0,12.2391,NA,0,0,0,NA,0,NA,0,0,0,0,0,NA,0,"E: Uncertainty",NA,NA,NA,NA,NA,NA,"E: Uncertainty","E: Uncertainty",NA,NA,NA,NA,"E: Uncertainty",NA,NA,NA,NA,NA,"E: Uncertainty",NA,"E: Uncertainty",NA,NA,NA,NA,"E: Uncertainty",NA,NA,NA,"E: Uncertainty",NA,"E: Uncertainty",NA,NA,NA,NA,NA,"E: Uncertainty",NA
