"datetime","pm_fraction","Al","Si","P","S","Cl","K","Ca","Ti","V","Cr","Mn","Fe","Co","Ni","Cu","Zn","Ga","Ge","As","Se","Br","Sr","Y","Zr","Mo","Pd","Ag","Cd","In","Sn","Sb","Te","Ba","La","Ce","Pt","Hg","Tl","Pb","Bi","Al_Flags","Si_Flags","P_Flags","S_Flags","Cl_Flags","K_Flags","Ca_Flags","Ti_Flags","V_Flags","Cr_Flags","Mn_Flags","Fe_Flags","Co_Flags","Ni_Flags","Cu_Flags","Zn_Flags","Ga_Flags","Ge_Flags","As_Flags","Se_Flags","Br_Flags","Sr_Flags","Y_Flags","Zr_Flags","Mo_Flags","Pd_Flags","Ag_Flags","Cd_Flags","In_Flags","Sn_Flags","Sb_Flags","Te_Flags","Ba_Flags","La_Flags","Ce_Flags","Pt_Flags","Hg_Flags","Tl_Flags","Pb_Flags","Bi_Flags"
"2025-03-01 00:30:00","PM2.5",0,0,0,245.9136,526.1104,202.3278,16.1233,NA,NA,2.1562,0,364.4131999,0,0,7.969543462,24.08634522,0,0,8.366946489,0,15.16197999,NA,0,NA,NA,0,NA,NA,0,NA,NA,NA,NA,0,0,0,0,0,13.11202547,0,"1b","1b","1b","1b","1b","1b","1b","E: Conc. Uncertainty","E: Conc. Uncertainty","1b","1b","1b","1b","1b","1b","1b","1b","1b","1b","1b","1b","E: Conc. Uncertainty","1b","E: Conc. Uncertainty","E: Conc. Uncertainty","1b","E: Conc. Uncertainty","E: Conc. Uncertainty","1b","E: Conc. Uncertainty","E: Conc. Uncertainty","E: Conc. Uncertainty","E: Conc. Uncertainty","1b","1b","1b","1b","1b","1b","1b"
"2025-03-01 01:00:00","PM10",0,0,0,261.8704,513.7303,217.7063,57.7114,4.9366,0,2.056,3.0933,627.3820699,0,NA,8.310818103,25.49848801,0,0,5.167988596,0,11.6423866,NA,1.581754315,0,0,0,NA,0,0,0,NA,NA,5.3178,0,0,0,0,0,13.34041643,0,"1b","1b","1b","1b","1b","1b","1b","1b","1b","1b","1b","1b","1b","E: Conc. Uncertainty","1b","1b","1b","1b","1b","1b","1b","E: Conc. Uncertainty","1b","1b","1b","1b","E: Conc. Uncertainty","1b","1b","1b","E: Conc. Uncertainty","E: Conc. Uncertainty","1b","1b","1b","1b","1b","1b","1b","1b"
"2025-03-01 02:00:00","PM2.5",0,0,0,235.9506,254.258,162.6505,9.499,1.5453,0,1.3274,0,163.3610964,0,NA,3.380523765,18.67637356,0,0,5.042560991,0,8.703009816,0,0,NA,0,0,0,0,0,NA,NA,0,NA,0,0,0,0,0,9.77586242,0,"1b","1b","1b","1b","1b","1b","1b","1b","1b","1b","1b","1b","1b","E: Conc. Uncertainty","1b","1b","1b","1b","1b","1b","1b","1b","1b","E: Conc. Uncertainty","1b","1b","1b","1b","1b","E: Conc. Uncertainty","E: Conc. Uncertainty","1b","E: Conc. Uncertainty","1b","1b","1b","1b","1b","1b","1b"
"2025-03-01 03:00:00","PM10",0,0,NA,257.302,428.7714,159.485,48.908,3.0695,0,1.9753,NA,301.404003,0,NA,4.905538718,18.41185444,0,0,3.882696337,NA,8.504688485,NA,0,NA,0,0,NA,NA,0,0,NA,NA,5.6092,0,0,0,0,0,9.226827085,0,"1b","1b","E: Conc. Uncertainty","1b","1b","1b","1b","1b","1b","1b","E: Conc. Uncertainty","1b","1b","E: Conc. Uncertainty","1b","1b","1b","1b","1b","E: Conc. Uncertainty","1b","E: Conc. Uncertainty","1b","E: Conc. Uncertainty","1b","1b","E: Conc. Uncertainty","E: Conc. Uncertainty","1b","1b","E: Conc. Uncertainty","E: Conc. Uncertainty","1b","1b","1b","1b","1b","1b","1b","1b"
"2025-03-01 04:00:00","PM2.5",0,0,0,210.4734,144.5242,115.8226,8.4873,1.962,0,1.4221,0,118.609797,0,0,2.283351137,12.9522051,0,0,4.577791342,0,5.556101531,0,0,0,0,0,NA,NA,0,NA,NA,0,NA,0,0,0,0,0,3.136446411,0,"1b","1b","1b","1b","1b","1b","1b","1b","1b","1b","1b","1b","1b","1b","1b","1b","1b","1b","1b","1b","1b","1b","1b","1b","1b","1b","E: Conc. Uncertainty","E: Conc. Uncertainty","1b","E: Conc. Uncertainty","E: Conc. Uncertainty","1b","E: Conc. Uncertainty","1b","1b","1b","1b","1b","1b","1b"
"2025-03-01 05:00:00","PM10",0,0,0,226.7338,199.8438,106.6817,43.5822,1.4892,0,1.2233,NA,212.5826756,0,0,6.084972246,12.43125732,0,0,3.136945562,0,3.776024851,NA,NA,0,0,0,0,0,0,0,NA,0,NA,0,0,0,0,0,1.198136172,0,"1b","1b","1b","1b","1b","1b","1b","1b","1b","1b","E: Conc. Uncertainty","1b","1b","1b","1b","1b","1b","1b","1b","1b","1b","E: Conc. Uncertainty","E: Conc. Uncertainty","1b","1b","1b","1b","1b","1b","1b","E: Conc. Uncertainty","1b","E: Conc. Uncertainty","1b","1b","1b","1b","1b","1b","1b"
"2025-03-01 06:00:00","PM2.5",0,0,NA,231.9047,60.6163,81.2547,6.4912,0,0,1.0269,0,172.8552514,0,NA,15.88571458,8.677554388,0,0,3.565204107,0,2.504124908,NA,0,NA,NA,0,NA,0,0,0,NA,0,NA,0,0,0,0,0,0,0,"1b","1b","E: Conc. Uncertainty","1b","1b","1b","1b","1b","1b","1b","1b","1b","1b","E: Conc. Uncertainty","1b","1b","1b","1b","1b","1b","1b","E: Conc. Uncertainty","1b","E: Conc. Uncertainty","E: Conc. Uncertainty","1b","E: Conc. Uncertainty","1b","1b","1b","E: Conc. Uncertainty","1b","E: Conc. Uncertainty","1b","1b","1b","1b","1b","1b","1b"
"2025-03-01 07:00:00","PM10",0,0,0,266.615,155.191,76.657,50.732,2.3593,0,2.5735,2.3798,589.0462231,0,0,41.30191061,11.57839395,0,0,3.400107898,0,3.03319388,NA,NA,NA,0,0,NA,0,0,NA,NA,0,7.8476,0,0,0,0,0,NA,0,"1b","1b","1b","1b","1b","1b","1b","1b","1b","1b","1b","1b","1b","1b","1b","1b","1b","1b","1b","1b","1b","E: Conc. Uncertainty","E: Conc. Uncertainty","E: Conc. Uncertainty","1b","1b","E: Conc. Uncertainty","1b","1b","E: Conc. Uncertainty","E: Conc. Uncertainty","1b","1b","1b","1b","1b","1b","1b","E: Conc. Uncertainty","1b"
"2025-03-01 08:00:00","PM2.5",0,0,0,240.4521,62.1012,85.5118,12.7656,1.2203,0,1.3735,NA,260.0944356,0,NA,21.59709163,9.9469919,0,0,2.30482965,NA,2.889709773,NA,NA,0,0,0,NA,NA,0,NA,0,0,3.7779,0,0,0,0,0,2.003317458,0,"1b","1b","1b","1b","1b","1b","1b","1b","1b","1b","E: Conc. Uncertainty","1b","1b","E: Conc. Uncertainty","1b","1b","1b","1b","1b","E: Conc. Uncertainty","1b","E: Conc. Uncertainty","E: Conc. Uncertainty","1b","1b","1b","E: Conc. Uncertainty","E: Conc. Uncertainty","1b","E: Conc. Uncertainty","1b","1b","1b","1b","1b","1b","1b","1b","1b","1b"
"2025-03-01 09:00:00","PM10",0,0,0,274.7761,376.1753,99.647,88.1444,4.1595,NA,1.7186,NA,207.8631591,NA,0,8.136352063,9.37504965,0,0.008656951,1.237536537,NA,3.479442289,0,0,0,0,0,0,0,0,0,0,0,2.8135,0,0,0,0,0,1.825659201,0,"1b","1b","1b","1b","1b","1b","1b","1b","E: Conc. Uncertainty","1b","E: Conc. Uncertainty","1b","E: Conc. Uncertainty","1b","1b","1b","1b","1b","1b","E: Conc. Uncertainty","1b","1b","1b","1b","1b","1b","1b","1b","1b","1b","1b","1b","1b","1b","1b","1b","1b","1b","1b","1b"
"2025-03-01 10:00:00","PM2.5",0,0,0,264.1509,147.817,68.1222,27.1176,1.1094,0,2.0984,NA,76.36679926,0,NA,1.901535112,10.87646873,0,0,2.053123633,NA,3.324581125,NA,NA,0,0,NA,0,NA,0,0,NA,NA,0,0.0079,0,0,0,0,2.101608358,0,"1b","1b","1b","1b","1b","1b","1b","1b","1b","1b","E: Conc. Uncertainty","1b","1b","E: Conc. Uncertainty","1b","1b","1b","1b","1b","E: Conc. Uncertainty","1b","E: Conc. Uncertainty","E: Conc. Uncertainty","1b","1b","E: Conc. Uncertainty","1b","E: Conc. Uncertainty","1b","1b","E: Conc. Uncertainty","E: Conc. Uncertainty","1b","1b","1b","1b","1b","1b","1b","1b"
"2025-03-01 11:00:00","PM10",0,NA,0,243.1945,523.5737,80.1902,103.1934,7.8341,0,1.8081,NA,135.6099671,0,0,2.873812893,17.9586739,0,0,1.842777602,NA,3.60058223,NA,0,0,0,0,0,0,NA,0,0,NA,0,0,0,0,0,0,4.851399082,0,"1b","E: Conc. Uncertainty","1b","1b","1b","1b","1b","1b","1b","1b","E: Conc. Uncertainty","1b","1b","1b","1b","1b","1b","1b","1b","E: Conc. Uncertainty","1b","E: Conc. Uncertainty","1b","1b","1b","1b","1b","1b","E: Conc. Uncertainty","1b","1b","E: Conc. Uncertainty","1b","1b","1b","1b","1b","1b","1b","1b"
"2025-03-01 12:00:00","PM2.5",0,NA,0,199.4631,253.8218,65.5022,41.2077,1.8712,NA,1.4443,NA,83.13940462,0,NA,2.198464186,23.8257646,0,0,2.692582672,0,3.503620568,NA,0,0,0,0,0,0,NA,NA,NA,0,0,0,0,0,0,0,9.631109391,0,"1b","E: Conc. Uncertainty","1b","1b","1b","1b","1b","1b","E: Conc. Uncertainty","1b","E: Conc. Uncertainty","1b","1b","E: Conc. Uncertainty","1b","1b","1b","1b","1b","1b","1b","E: Conc. Uncertainty","1b","1b","1b","1b","1b","1b","E: Conc. Uncertainty","E: Conc. Uncertainty","E: Conc. Uncertainty","1b","1b","1b","1b","1b","1b","1b","1b","1b"
"2025-03-01 13:00:00","PM10",NA,NA,NA,NA,NA,NA,NA,NA,NA,NA,NA,NA,NA,NA,NA,NA,NA,NA,NA,NA,NA,NA,NA,NA,NA,NA,NA,NA,NA,NA,NA,NA,NA,NA,NA,NA,NA,NA,NA,NA,"0c","E: Conc. Uncertainty","0c","0c","0c","0c","0c","0c","0c","0c","E: Conc. Uncertainty","0c","0c","0c","0c","0c","0c","0c","0c","E: Conc. Uncertainty","0c","0c","0c","0c","0c","E: Conc. Uncertainty","0c","E: Conc. Uncertainty","0c","0c","E: Conc. Uncertainty","E: Conc. Uncertainty","0c","0c","0c","0c","0c","0c","0c","0c"
"2025-03-01 14:00:00","PM2.5",NA,NA,NA,NA,NA,NA,NA,NA,NA,NA,NA,NA,NA,NA,NA,NA,NA,NA,NA,NA,NA,NA,NA,NA,NA,NA,NA,NA,NA,NA,NA,NA,NA,NA,NA,NA,NA,NA,NA,NA,"0c","0c","E: Conc. Uncertainty","0c","0c","0c","0c","E: Conc. Uncertainty","0c","0c","0c","0c","0c","E: Conc. Uncertainty","0c","0c","0c","0c","0c","0c","0c","E: Conc. Uncertainty","E: Conc. Uncertainty","0c","0c","E: Conc. Uncertainty","E: Conc. Uncertainty","0c","0c","0c","E: Conc. Uncertainty","E: Conc. Uncertainty","0c","0c","0c","0c","0c","0c","0c","0c"
"2025-03-01 15:00:00","PM10",NA,NA,NA,NA,NA,NA,NA,NA,NA,NA,NA,NA,NA,NA,NA,NA,NA,NA,NA,NA,NA,NA,NA,NA,NA,NA,NA,NA,NA,NA,NA,NA,NA,NA,NA,NA,NA,NA,NA,NA,"0c","0c","0c","0c","0c","0c","0c","0c","0c","0c","0c","0c","0c","0c","0c","0c","0c","0c","0c","E: Conc. Uncertainty","0c","0c","0c","0c","0c","E: Conc. Uncertainty","0c","0c","0c","0c","E: Conc. Uncertainty","0c","0c","0c","0c","0c","0c","0c","0c","0c"
"2025-03-01 16:00:00","PM2.5",NA,NA,NA,NA,NA,NA,NA,NA,NA,NA,NA,NA,NA,NA,NA,NA,NA,NA,NA,NA,NA,NA,NA,NA,NA,NA,NA,NA,NA,NA,NA,NA,NA,NA,NA,NA,NA,NA,NA,NA,"0c","0c","0c","0c","0c","0c","0c","E: Conc. Uncertainty","0c","0c","0c","0c","0c","E: Conc. Uncertainty","0c","0c","0c","0c","0c","E: Conc. Uncertainty","0c","E: Conc. Uncertainty","E: Conc. Uncertainty","0c","0c","0c","E: Conc. Uncertainty","0c","0c","0c","E: Conc. Uncertainty","E: Conc. Uncertainty","E: Conc. Uncertainty","0c","0c","0c","0c","0c","0c","0c"
"2025-03-01 17:00:00","PM10",0,NA,0,181.5853,521.5022,75.9863,95.7922,4.8559,0,1.8133,1.3277,269.0254677,0,NA,6.472608457,17.0185155,0,0,2.776958938,NA,5.589808839,NA,NA,0,0,0,0,NA,0,0,NA,NA,NA,0,0,0,0,0,NA,0,"1b","E: Conc. Uncertainty","1b","1b","1b","1b","1b","1b","1b","1b","1b","1b","1b","E: Conc. Uncertainty","1b","1b","1b","1b","1b","E: Conc. Uncertainty","1b","E: Conc. Uncertainty","E: Conc. Uncertainty","1b","1b","1b","1b","E: Conc. Uncertainty","1b","1b","E: Conc. Uncertainty","E: Conc. Uncertainty","E: Conc. Uncertainty","1b","1b","1b","1b","1b","E: Conc. Uncertainty","1b"
"2025-03-01 18:00:00","PM2.5",0,0,0,147.5456,285.1945,87.3154,50.0504,2.6359,0,1.0078,NA,229.6538238,NA,0,6.533227413,13.07054905,0,0,2.608237343,NA,14.48887327,NA,NA,0,0,NA,0,0,0,0,NA,NA,NA,0,0,0,0,0,2.041370039,0,"1b","1b","1b","1b","1b","1b","1b","1b","1b","1b","E: Conc. Uncertainty","1b","E: Conc. Uncertainty","1b","1b","1b","1b","1b","1b","E: Conc. Uncertainty","1b","E: Conc. Uncertainty","E: Conc. Uncertainty","1b","1b","E: Conc. Uncertainty","1b","1b","1b","1b","E: Conc. Uncertainty","E: Conc. Uncertainty","E: Conc. Uncertainty","1b","1b","1b","1b","1b","1b","1b"
"2025-03-01 19:00:00","PM10",0,155.9329,0,200.2522,1014.7106,146.852,212.6783,11.1143,0,3.5563,6.1463,948.3496657,0,NA,28.15303599,26.45070265,0,0,6.086699026,0,24.63878459,NA,0,NA,0,10.0727,0,0,0,NA,0.0094,0,11.5538,0,0,0,0,0,3.124950392,0,"1b","1b","1b","1b","1b","1b","1b","1b","1b","1b","1b","1b","1b","E: Conc. Uncertainty","1b","1b","1b","1b","1b","1b","1b","E: Conc. Uncertainty","1b","E: Conc. Uncertainty","1b","1b","1b","1b","1b","E: Conc. Uncertainty","1b","1b","1b","1b","1b","1b","1b","1b","1b","1b"
"2025-03-01 20:00:00","PM2.5",0,NA,0,171.31,2269.6339,175.1271,75.9755,5.1033,0,1.9569,3.756,736.5627451,0,NA,46.75300205,36.02927187,0,0,7.709287759,0,62.51424381,NA,0,0,0,0,0,0,0,0,0,0,17.6516,0,0,0,0,0,17.87877739,0,"1b","E: Conc. Uncertainty","1b","1b","1b","1b","1b","1b","1b","1b","1b","1b","1b","E: Conc. Uncertainty","1b","1b","1b","1b","1b","1b","1b","E: Conc. Uncertainty","1b","1b","1b","1b","1b","1b","1b","1b","1b","1b","1b","1b","1b","1b","1b","1b","1b","1b"
"2025-03-01 21:00:00","PM10",NA,424.9772,0,284.3605,2609.9073,383.3824,283.4953,17.7664,0,6.2103,14.4335,2069.281678,0,NA,49.44877055,55.85916612,0,0,8.032377946,0,68.80996793,1.403981062,NA,NA,NA,NA,0,NA,NA,NA,NA,NA,23.2518,0,0,0,0,0,20.95343888,0,"E: Conc. Uncertainty","1b","1b","1b","1b","1b","1b","1b","1b","1b","1b","1b","1b","E: Conc. Uncertainty","1b","1b","1b","1b","1b","1b","1b","1b","E: Conc. Uncertainty","E: Conc. Uncertainty","E: Conc. Uncertainty","E: Conc. Uncertainty","1b","E: Conc. Uncertainty","E: Conc. Uncertainty","E: Conc. Uncertainty","E: Conc. Uncertainty","E: Conc. Uncertainty","1b","1b","1b","1b","1b","1b","1b","1b"
"2025-03-01 22:00:00","PM2.5",0,NA,0,335.4924,1064.0791,516.8759,111.0429,9.526,0,3.8812,5.2073,992.6862298,0,NA,33.38400603,59.64477864,0,0,7.09790046,0,72.82109111,NA,0,NA,NA,0,NA,0,0,NA,NA,0,19.4394,0,0,0,0,0,15.35483444,NA,"1b","E: Conc. Uncertainty","1b","1b","1b","1b","1b","1b","1b","1b","1b","1b","1b","E: Conc. Uncertainty","1b","1b","1b","1b","1b","1b","1b","E: Conc. Uncertainty","1b","E: Conc. Uncertainty","E: Conc. Uncertainty","1b","E: Conc. Uncertainty","1b","1b","E: Conc. Uncertainty","E: Conc. Uncertainty","1b","1b","1b","1b","1b","1b","1b","1b","E: Conc. Uncertainty"
"2025-03-01 23:00:00","PM10",NA,400.2124,0,404.6694,2161.334,631.69,281.5435,20.5299,0,6.9483,13.2377,1920.610749,0,NA,54.07411441,97.14573493,0,0,12.97961116,0,247.4679357,3.694442182,NA,4.01719259,NA,NA,0,NA,0,NA,NA,NA,38.7288,0,0,0,0,0,25.46021987,3.031677524,"E: Conc. Uncertainty","1b","1b","1b","1b","1b","1b","1b","1b","1b","1b","1b","1b","E: Conc. Uncertainty","1b","1b","1b","1b","1b","1b","1b","1b","E: Conc. Uncertainty","1b","E: Conc. Uncertainty","E: Conc. Uncertainty","1b","E: Conc. Uncertainty","1b","E: Conc. Uncertainty","E: Conc. Uncertainty","E: Conc. Uncertainty","1b","1b","1b","1b","1b","1b","1b","1b"
"2025-03-02 00:30:00","PM2.5",0,NA,0,292.9678,1406.4066,345.3736,62.7504,5.7091,NA,3.2193,0,290.4231516,0,0,11.67373983,60.93049994,0,0,12.8591215,0,90.38376749,NA,0,0,0,0,NA,NA,0,NA,NA,0,5.7194,0,0,0,0,0,22.5176898,0,"1b","E: Conc. Uncertainty","1b","1b","1b","1b","1b","1b","E: Conc. Uncertainty","1b","1b","1b","1b","1b","1b","1b","1b","1b","1b","1b","1b","E: Conc. Uncertainty","1b","1b","1b","1b","E: Conc. Uncertainty","E: Conc. Uncertainty","1b","E: Conc. Uncertainty","E: Conc. Uncertainty","1b","1b","1b","1b","1b","1b","1b","1b","1b"
"2025-03-02 01:00:00","PM10",NA,NA,0,295.1916,1628.2212,384.2647,156.2193,11.8487,1.3732,2.4048,2.3821,537.3853174,0,NA,14.6587224,69.07983989,0,0,10.74081317,0.00614153,102.9889799,1.825287216,0,NA,0,0,0,0,0,0,NA,NA,11.8885,0,0,0,0,0,27.75803593,NA,"E: Conc. Uncertainty","E: Conc. Uncertainty","1b","1b","1b","1b","1b","1b","1b","1b","1b","1b","1b","E: Conc. Uncertainty","1b","1b","1b","1b","1b","1b","1b","1b","1b","E: Conc. Uncertainty","1b","1b","1b","1b","1b","1b","E: Conc. Uncertainty","E: Conc. Uncertainty","1b","1b","1b","1b","1b","1b","1b","E: Conc. Uncertainty"
"2025-03-02 02:00:00","PM2.5",0,0.0039,0,247.7729,1314.5803,323.4242,40.4659,5.3482,0.8785,1.9635,NA,292.1390461,0,0,9.155143974,64.16606932,0,0,9.386419175,0,112.9348756,NA,NA,NA,0,0,0,NA,NA,NA,NA,NA,5.339,0,0,0,0,0,21.39767035,0,"1b","1b","1b","1b","1b","1b","1b","1b","1b","1b","E: Conc. Uncertainty","1b","1b","1b","1b","1b","1b","1b","1b","1b","1b","E: Conc. Uncertainty","E: Conc. Uncertainty","E: Conc. Uncertainty","1b","1b","1b","E: Conc. Uncertainty","E: Conc. Uncertainty","E: Conc. Uncertainty","E: Conc. Uncertainty","E: Conc. Uncertainty","1b","1b","1b","1b","1b","1b","1b","1b"
"2025-03-02 03:00:00","PM10",0,NA,0,235.075,1267.3245,267.6581,101.4794,8.3741,NA,2.8185,1.1717,403.8932993,0,0,8.473725299,51.77955207,0,0,8.600358914,NA,59.65728828,NA,NA,0,0,NA,0,0,0,0,NA,0,8.419,0,0,0,0,0,14.86627936,0,"1b","E: Conc. Uncertainty","1b","1b","1b","1b","1b","1b","E: Conc. Uncertainty","1b","1b","1b","1b","1b","1b","1b","1b","1b","1b","E: Conc. Uncertainty","1b","E: Conc. Uncertainty","E: Conc. Uncertainty","1b","1b","E: Conc. Uncertainty","1b","1b","1b","1b","E: Conc. Uncertainty","1b","1b","1b","1b","1b","1b","1b","1b","1b"
"2025-03-02 04:00:00","PM2.5",0,0,NA,180.4791,678.9741,219.7657,21.711,3.388,NA,1.453,NA,159.3030426,0,0,4.495705709,38.23880126,0,0,5.845486924,0,33.6662257,1.478375903,0,0,0,NA,0,0,0,0,NA,NA,NA,0,0,0,0,0,13.38434924,0,"1b","1b","E: Conc. Uncertainty","1b","1b","1b","1b","1b","E: Conc. Uncertainty","1b","E: Conc. Uncertainty","1b","1b","1b","1b","1b","1b","1b","1b","1b","1b","1b","1b","1b","1b","E: Conc. Uncertainty","1b","1b","1b","1b","E: Conc. Uncertainty","E: Conc. Uncertainty","E: Conc. Uncertainty","1b","1b","1b","1b","1b","1b","1b"
"2025-03-02 05:00:00","PM10",0,NA,0,178.9301,700.4117,200.2409,42.2629,4.2638,NA,1.2812,NA,194.3774655,0,NA,6.020507137,35.1943552,0,0,3.952865102,NA,23.77348611,1.349831225,NA,0,0,NA,0,NA,0,NA,0,NA,3.6102,0,0,0,0,0,11.44759852,0,"1b","E: Conc. Uncertainty","1b","1b","1b","1b","1b","1b","E: Conc. Uncertainty","1b","E: Conc. Uncertainty","1b","1b","E: Conc. Uncertainty","1b","1b","1b","1b","1b","E: Conc. Uncertainty","1b","1b","E: Conc. Uncertainty","1b","1b","E: Conc. Uncertainty","1b","E: Conc. Uncertainty","1b","E: Conc. Uncertainty","1b","E: Conc. Uncertainty","1b","1b","1b","1b","1b","1b","1b","1b"
"2025-03-02 06:00:00","PM2.5",0,0,0,175.267,535.2398,172.9854,16.3757,1.8266,NA,1.1508,0,131.7723941,0,0,4.43401873,30.96229642,0,0,4.316449511,NA,18.43167752,NA,0,0,0,0,NA,NA,0,NA,NA,0,3.3844,0,0,0,0,0,8.913019137,0,"1b","1b","1b","1b","1b","1b","1b","1b","E: Conc. Uncertainty","1b","1b","1b","1b","1b","1b","1b","1b","1b","1b","E: Conc. Uncertainty","1b","E: Conc. Uncertainty","1b","1b","1b","1b","E: Conc. Uncertainty","E: Conc. Uncertainty","1b","E: Conc. Uncertainty","E: Conc. Uncertainty","1b","1b","1b","1b","1b","1b","1b","1b","1b"
"2025-03-02 07:00:00","PM10",0,0,0,197.3733,549.9789,153.7031,55.9934,5.7599,0,2.3921,NA,300.6017519,0,NA,7.057078835,28.23702383,0,0,3.560277042,0,13.44626197,NA,NA,0,NA,0,0,0,0,NA,NA,NA,5.863,0,0,0,0,0,7.691169281,0,"1b","1b","1b","1b","1b","1b","1b","1b","1b","1b","E: Conc. Uncertainty","1b","1b","E: Conc. Uncertainty","1b","1b","1b","1b","1b","1b","1b","E: Conc. Uncertainty","E: Conc. Uncertainty","1b","E: Conc. Uncertainty","1b","1b","1b","1b","E: Conc. Uncertainty","E: Conc. Uncertainty","E: Conc. Uncertainty","1b","1b","1b","1b","1b","1b","1b","1b"
"2025-03-02 08:00:00","PM2.5",0,0,0,170.5126,337.3075,135.4413,15.0807,2.1392,0,1.5737,0,100.3213013,0,NA,2.858741017,23.52899082,0,0,3.14816059,NA,8.639131497,NA,0,NA,0,0,0,0,0,0,NA,NA,0,0,0,0,0,0,5.851289725,0,"1b","1b","1b","1b","1b","1b","1b","1b","1b","1b","1b","1b","1b","E: Conc. Uncertainty","1b","1b","1b","1b","1b","E: Conc. Uncertainty","1b","E: Conc. Uncertainty","1b","E: Conc. Uncertainty","1b","1b","1b","1b","1b","1b","E: Conc. Uncertainty","E: Conc. Uncertainty","1b","1b","1b","1b","1b","1b","1b","1b"
"2025-03-02 09:00:00","PM10",0,NA,0,194.0376,593.7957,137.2999,76.1864,4.1019,0,1.13,NA,154.0357183,0,NA,3.550945394,21.37928787,0,0,2.466944295,NA,7.134442487,NA,NA,0,0,NA,0,0,0,0,NA,0,NA,0,0,0,0,0,5.186064981,0,"1b","E: Conc. Uncertainty","1b","1b","1b","1b","1b","1b","1b","1b","E: Conc. Uncertainty","1b","1b","E: Conc. Uncertainty","1b","1b","1b","1b","1b","E: Conc. Uncertainty","1b","E: Conc. Uncertainty","E: Conc. Uncertainty","1b","1b","E: Conc. Uncertainty","1b","1b","1b","1b","E: Conc. Uncertainty","1b","E: Conc. Uncertainty","1b","1b","1b","1b","1b","1b","1b"
"2025-03-02 10:00:00","PM2.5",0,0,0,129.0179,194.694,67.0634,16.1617,1.1176,0,0.6909,0,41.18938638,0,NA,1.402198026,10.76844408,0,0,2.030344968,0,4.218774804,NA,NA,NA,0,NA,0,NA,0,0,NA,0,0,0,0,0,0,0,1.441681083,0,"1b","1b","1b","1b","1b","1b","1b","1b","1b","1b","1b","1b","1b","E: Conc. Uncertainty","1b","1b","1b","1b","1b","1b","1b","E: Conc. Uncertainty","E: Conc. Uncertainty","E: Conc. Uncertainty","1b","E: Conc. Uncertainty","1b","E: Conc. Uncertainty","1b","1b","E: Conc. Uncertainty","1b","1b","1b","1b","1b","1b","1b","1b","1b"
"2025-03-02 11:00:00","PM10",0,NA,0,135.2558,421.1344,62.465,47.0033,1.5584,0,1.075,0,65.49164326,0,0,1.470970237,10.59116078,0,0,1.879239445,NA,4.204541753,NA,NA,0,0,NA,0,0,0,0,NA,NA,0,0,0,0,0,0,NA,0,"1b","E: Conc. Uncertainty","1b","1b","1b","1b","1b","1b","1b","1b","1b","1b","1b","1b","1b","1b","1b","1b","1b","E: Conc. Uncertainty","1b","E: Conc. Uncertainty","E: Conc. Uncertainty","1b","1b","E: Conc. Uncertainty","1b","1b","1b","1b","E: Conc. Uncertainty","E: Conc. Uncertainty","1b","1b","1b","1b","1b","1b","E: Conc. Uncertainty","1b"
"2025-03-02 12:00:00","PM2.5",0,0,0,129.4528,138.2603,57.5106,14.6714,NA,0,1.0535,0,33.2465381,0,NA,1.046562538,8.538610353,0,0,1.531859651,NA,9.919337759,NA,0,0,0,NA,NA,0.0724,0,NA,NA,0,0,0,0,0,0,0,5.458721948,0,"1b","1b","1b","1b","1b","1b","1b","E: Conc. Uncertainty","1b","1b","1b","1b","1b","E: Conc. Uncertainty","1b","1b","1b","1b","1b","E: Conc. Uncertainty","1b","E: Conc. Uncertainty","1b","1b","1b","E: Conc. Uncertainty","E: Conc. Uncertainty","1b","1b","E: Conc. Uncertainty","E: Conc. Uncertainty","1b","1b","1b","1b","1b","1b","1b","1b","1b"
"2025-03-02 13:00:00","PM10",0,0.6359,0,156.283,283.9216,80.375,53.8096,3.0944,0,1.2437,0,85.39675455,NA,0,2.114678759,10.23500046,0,NA,2.297601497,0,4.347361036,0,0,0,0,0,0,NA,0,0,NA,0,0,0,0,0,0,0,NA,0,"1b","1b","1b","1b","1b","1b","1b","1b","1b","1b","1b","1b","E: Conc. Uncertainty","1b","1b","1b","1b","E: Conc. Uncertainty","1b","1b","1b","1b","1b","1b","1b","1b","1b","E: Conc. Uncertainty","1b","1b","E: Conc. Uncertainty","1b","1b","1b","1b","1b","1b","1b","E: Conc. Uncertainty","1b"
"2025-03-02 14:00:00","PM2.5",0,0,NA,153.7919,119.2056,59.3204,13.8792,NA,0,0.8719,0,42.29095053,0,0,1.036969197,8.713994973,0,0,2.306051633,NA,3.559992266,0,0,0,0,NA,NA,0,0,NA,NA,NA,NA,0,0,0,0,0,2.750170447,0,"1b","1b","E: Conc. Uncertainty","1b","1b","1b","1b","E: Conc. Uncertainty","1b","1b","1b","1b","1b","1b","1b","1b","1b","1b","1b","E: Conc. Uncertainty","1b","1b","1b","1b","1b","E: Conc. Uncertainty","E: Conc. Uncertainty","1b","1b","E: Conc. Uncertainty","E: Conc. Uncertainty","E: Conc. Uncertainty","E: Conc. Uncertainty","1b","1b","1b","1b","1b","1b","1b"
"2025-03-02 15:00:00","PM10",0,NA,0,168.5487,283.9443,96.4022,60.5266,3.0664,0,0.9079,0,97.82709348,0,0,2.550536736,11.62886766,0,0,1.4545149,NA,3.669606665,NA,NA,0,0,0,0,NA,NA,NA,NA,NA,NA,0,0.0088,0,0,0,4.763866539,0,"1b","E: Conc. Uncertainty","1b","1b","1b","1b","1b","1b","1b","1b","1b","1b","1b","1b","1b","1b","1b","1b","1b","E: Conc. Uncertainty","1b","E: Conc. Uncertainty","E: Conc. Uncertainty","1b","1b","1b","1b","E: Conc. Uncertainty","E: Conc. Uncertainty","E: Conc. Uncertainty","E: Conc. Uncertainty","E: Conc. Uncertainty","E: Conc. Uncertainty","1b","1b","1b","1b","1b","1b","1b"
"2025-03-02 16:00:00","PM2.5",0,0,0,156.7653,110.2134,89.782,15.7186,NA,0,0.9506,0,63.14732102,0,0,2.690476432,11.92562286,0,0,2.787917908,0,4.130609797,NA,0,0,0,0,0,0,0,NA,NA,0,0,0,0,0,0,0,1.335871189,0,"1b","1b","1b","1b","1b","1b","1b","E: Conc. Uncertainty","1b","1b","1b","1b","1b","1b","1b","1b","1b","1b","1b","1b","1b","E: Conc. Uncertainty","1b","1b","1b","1b","1b","1b","1b","E: Conc. Uncertainty","E: Conc. Uncertainty","1b","1b","1b","1b","1b","1b","1b","1b","1b"
"2025-03-02 17:00:00","PM10",0,NA,0,196.0797,257.4567,116.9154,62.7492,3.3058,0,1.4136,NA,204.755084,0,NA,6.381407746,16.78608124,0,0,2.09111995,0,4.69104467,NA,0,NA,0,NA,0,0,0,0,0,0,NA,0,0,0,0,0,2.678185943,0,"1b","E: Conc. Uncertainty","1b","1b","1b","1b","1b","1b","1b","1b","E: Conc. Uncertainty","1b","1b","E: Conc. Uncertainty","1b","1b","1b","1b","1b","1b","1b","E: Conc. Uncertainty","1b","E: Conc. Uncertainty","1b","E: Conc. Uncertainty","1b","1b","1b","1b","1b","1b","E: Conc. Uncertainty","1b","1b","1b","1b","1b","1b","1b"
"2025-03-02 18:00:00","PM2.5",0,0,0,214.5644,162.2224,132.4351,32.3582,1.8016,0,1.3384,NA,227.3619975,0,NA,6.147932126,17.35261245,0,0,1.629635285,0,5.15891532,0,NA,0,0,0,0,0,0,0,NA,NA,NA,0,0,0,0,0,3.177675309,0,"1b","1b","1b","1b","1b","1b","1b","1b","1b","1b","E: Conc. Uncertainty","1b","1b","E: Conc. Uncertainty","1b","1b","1b","1b","1b","1b","1b","1b","E: Conc. Uncertainty","1b","1b","1b","1b","1b","1b","1b","E: Conc. Uncertainty","E: Conc. Uncertainty","E: Conc. Uncertainty","1b","1b","1b","1b","1b","1b","1b"
"2025-03-02 19:00:00","PM10",0,NA,0,266.4353,543.0149,213.8298,141.9564,8.6457,0,2.2816,2.142,478.9118216,0,NA,13.76128704,28.34841666,0,0,8.356297729,NA,9.475369107,0,0,NA,0,0,NA,NA,0,0,NA,0,5.6575,0,0,0,0,0,4.752703391,0,"1b","E: Conc. Uncertainty","1b","1b","1b","1b","1b","1b","1b","1b","1b","1b","1b","E: Conc. Uncertainty","1b","1b","1b","1b","1b","E: Conc. Uncertainty","1b","1b","1b","E: Conc. Uncertainty","1b","1b","E: Conc. Uncertainty","E: Conc. Uncertainty","1b","1b","E: Conc. Uncertainty","1b","1b","1b","1b","1b","1b","1b","1b","1b"
"2025-03-02 20:00:00","PM2.5",0,0,0,272.3516,301.7595,245.2316,56.1124,3.2545,0,2.1242,3.0845,627.0693831,0,0,29.18882421,39.83644394,0,0,6.883469359,NA,14.56241223,NA,0,0,0,0,0,0,0,NA,NA,0,13.2673,0,0,0,0,0,8.483595547,0,"1b","1b","1b","1b","1b","1b","1b","1b","1b","1b","1b","1b","1b","1b","1b","1b","1b","1b","1b","E: Conc. Uncertainty","1b","E: Conc. Uncertainty","1b","1b","1b","1b","1b","1b","1b","E: Conc. Uncertainty","E: Conc. Uncertainty","1b","1b","1b","1b","1b","1b","1b","1b","1b"
"2025-03-02 21:00:00","PM10",0,NA,0,319.435,817.3497,245.2718,180.3599,10.5902,0,3.3495,4.8158,871.4035159,0,NA,30.38347151,35.43418346,0,0,3.017375894,NA,7.508433318,0,0,NA,0,NA,0,0,0,NA,NA,NA,11.4731,0,0,0,0,NA,7.745737508,0,"1b","E: Conc. Uncertainty","1b","1b","1b","1b","1b","1b","1b","1b","1b","1b","1b","E: Conc. Uncertainty","1b","1b","1b","1b","1b","E: Conc. Uncertainty","1b","1b","1b","E: Conc. Uncertainty","1b","E: Conc. Uncertainty","1b","1b","1b","E: Conc. Uncertainty","E: Conc. Uncertainty","E: Conc. Uncertainty","1b","1b","1b","1b","1b","E: Conc. Uncertainty","1b","1b"
"2025-03-02 22:00:00","PM2.5",0,0,0,289.8156,273.2418,190.24,25.4782,2.8729,0,1.2189,1.171,386.1930251,0,0,15.01083782,23.55719621,0,0,2.524723458,0,6.583278211,0,0,0,0,0,NA,NA,0,0,0,0,5.0154,0,0,0,0,0,11.46146723,0,"1b","1b","1b","1b","1b","1b","1b","1b","1b","1b","1b","1b","1b","1b","1b","1b","1b","1b","1b","1b","1b","1b","1b","1b","1b","1b","E: Conc. Uncertainty","E: Conc. Uncertainty","1b","1b","1b","1b","1b","1b","1b","1b","1b","1b","1b","1b"
"2025-03-02 23:00:00","PM10",0,NA,0,348.7032,709.448,246.143,130.5144,12.5735,NA,2.3884,3.8239,807.5836465,0,NA,24.27855695,34.47169004,0,0,5.224269462,0.004675039,9.00471578,2.243865921,NA,NA,0,0,0,0,NA,0,NA,NA,5.6399,0,0,0,0,0,9.277670832,0,"1b","E: Conc. Uncertainty","1b","1b","1b","1b","1b","1b","E: Conc. Uncertainty","1b","1b","1b","1b","E: Conc. Uncertainty","1b","1b","1b","1b","1b","1b","1b","1b","E: Conc. Uncertainty","E: Conc. Uncertainty","1b","1b","1b","1b","E: Conc. Uncertainty","1b","E: Conc. Uncertainty","E: Conc. Uncertainty","1b","1b","1b","1b","1b","1b","1b","1b"
"2025-03-03 00:30:00","PM2.5",0,0,0,365.6725,494.7316,243.126,33.5957,2.7697,1.801,2.5923,0,307.2367306,0,NA,6.220995389,32.27192275,0,0,4.834894444,0,12.24305771,0,0,0,NA,NA,0,0,0,0,0,NA,NA,0,0,0,0,0,9.533238219,0,"1b","1b","1b","1b","1b","1b","1b","1b","1b","1b","1b","1b","1b","E: Conc. Uncertainty","1b","1b","1b","1b","1b","1b","1b","1b","1b","1b","E: Conc. Uncertainty","E: Conc. Uncertainty","1b","1b","1b","1b","1b","E: Conc. Uncertainty","E: Conc. Uncertainty","1b","1b","1b","1b","1b","1b","1b"
"2025-03-03 01:00:00","PM10",0,NA,0,298.6868,557.6796,209.9596,58.0827,4.4602,1.0115,1.7901,0.7997,244.4224198,0,0,5.230503234,24.83144502,0,0,2.927799927,NA,9.571518653,0,0,NA,NA,0,0,NA,0.0951,0,NA,NA,2.9076,0,0,0,0,0,13.10268093,0,"1b","E: Conc. Uncertainty","1b","1b","1b","1b","1b","1b","1b","1b","1b","1b","1b","1b","1b","1b","1b","1b","1b","E: Conc. Uncertainty","1b","1b","1b","E: Conc. Uncertainty","E: Conc. Uncertainty","1b","1b","E: Conc. Uncertainty","1b","1b","E: Conc. Uncertainty","E: Conc. Uncertainty","1b","1b","1b","1b","1b","1b","1b","1b"
"2025-03-03 02:00:00","PM2.5",0,0,0,257.3894,222.3237,139.993,7.2329,NA,1.5361,1.1755,0,60.46921965,0,0.011709363,2.472437177,14.42352258,0,0,4.507595813,NA,6.394188083,NA,NA,0,3.730287541,0,NA,0,0,NA,0,0,0,0,0,0,0,0,2.560735959,0,"1b","1b","1b","1b","1b","1b","1b","E: Conc. Uncertainty","1b","1b","1b","1b","1b","1b","1b","1b","1b","1b","1b","E: Conc. Uncertainty","1b","E: Conc. Uncertainty","E: Conc. Uncertainty","1b","1b","1b","E: Conc. Uncertainty","1b","1b","E: Conc. Uncertainty","1b","1b","1b","1b","1b","1b","1b","1b","1b","1b"
"2025-03-03 03:00:00","PM10",0,0,0,277.1664,304.2531,124.8258,27.3324,1.3954,1.5745,1.2046,0,82.4720083,NA,0,1.796840188,13.95322339,0,0,2.788528643,NA,6.30315269,NA,0,0,3.86501114,NA,NA,0,0,0,NA,NA,NA,0,0,0,0,0,3.556080043,0,"1b","1b","1b","1b","1b","1b","1b","1b","1b","1b","1b","1b","E: Conc. Uncertainty","1b","1b","1b","1b","1b","1b","E: Conc. Uncertainty","1b","E: Conc. Uncertainty","1b","1b","1b","E: Conc. Uncertainty","E: Conc. Uncertainty","1b","1b","1b","E: Conc. Uncertainty","E: Conc. Uncertainty","E: Conc. Uncertainty","1b","1b","1b","1b","1b","1b","1b"
"2025-03-03 04:00:00","PM2.5",0,0,0,286.0302,154.3103,108.5967,3.7928,0,2.052,1.0879,0,49.55926529,0,NA,1.511112242,12.34165055,0,NA,3.078569248,0,5.712577592,0,0,0,4.354034802,NA,0,0,0,0,NA,NA,0,0,0,0,0,0,2.120016282,0,"1b","1b","1b","1b","1b","1b","1b","1b","1b","1b","1b","1b","1b","E: Conc. Uncertainty","1b","1b","1b","E: Conc. Uncertainty","1b","1b","1b","1b","1b","1b","1b","E: Conc. Uncertainty","1b","1b","1b","1b","E: Conc. Uncertainty","E: Conc. Uncertainty","1b","1b","1b","1b","1b","1b","1b","1b"
"2025-03-03 05:00:00","PM10",0,0,0,309.0048,214.1877,77.3156,23.72,NA,NA,0.8403,0,73.30520617,0,0,2.078937192,9.535993406,0,0,2.106117963,0,3.716347132,NA,NA,0,NA,0,NA,0,0,NA,NA,NA,0,0,0,0,0,0,0.9431351,0,"1b","1b","1b","1b","1b","1b","1b","E: Conc. Uncertainty","E: Conc. Uncertainty","1b","1b","1b","1b","1b","1b","1b","1b","1b","1b","1b","1b","E: Conc. Uncertainty","E: Conc. Uncertainty","1b","E: Conc. Uncertainty","1b","E: Conc. Uncertainty","1b","1b","E: Conc. Uncertainty","E: Conc. Uncertainty","E: Conc. Uncertainty","1b","1b","1b","1b","1b","1b","1b","1b"
"2025-03-03 06:00:00","PM2.5",0,0,0,265.7224,67.1954,59.4652,6.4917,0,NA,0.9971,0,110.2676018,0,NA,5.922427043,8.384780595,0,NA,1.989790621,0,3.558075385,0,0,0,0,0,NA,NA,0,0,0,0,NA,0,0,0,0,0,0,0,"1b","1b","1b","1b","1b","1b","1b","1b","E: Conc. Uncertainty","1b","1b","1b","1b","E: Conc. Uncertainty","1b","1b","1b","E: Conc. Uncertainty","1b","1b","1b","1b","1b","1b","1b","1b","E: Conc. Uncertainty","E: Conc. Uncertainty","1b","1b","1b","1b","E: Conc. Uncertainty","1b","1b","1b","1b","1b","1b","1b"
"2025-03-03 07:00:00","PM10",0,0.1435,0,342.1479,213.2433,114.4615,45.4934,2.5878,0,1.5993,1.7575,310.400924,0,0,9.997150794,14.43226522,0,0,1.790776714,NA,4.474016261,NA,0,0,0,NA,0,NA,NA,0,0,NA,4.4933,0,0,0,0,0,1.033183072,0,"1b","1b","1b","1b","1b","1b","1b","1b","1b","1b","1b","1b","1b","1b","1b","1b","1b","1b","1b","E: Conc. Uncertainty","1b","E: Conc. Uncertainty","1b","1b","1b","E: Conc. Uncertainty","1b","E: Conc. Uncertainty","E: Conc. Uncertainty","1b","1b","E: Conc. Uncertainty","1b","1b","1b","1b","1b","1b","1b","1b"
"2025-03-03 08:00:00","PM2.5",0,0,0,250.9662,68.0263,53.4666,11.5246,NA,NA,1.2253,0,109.3827123,0,NA,3.059277118,6.683848588,0,0,1.444257942,0,2.725363933,0,NA,0,0,NA,0,0,NA,NA,0,0,NA,0,0,0,0,0,0,0,"1b","1b","1b","1b","1b","1b","1b","E: Conc. Uncertainty","E: Conc. Uncertainty","1b","1b","1b","1b","E: Conc. Uncertainty","1b","1b","1b","1b","1b","1b","1b","1b","E: Conc. Uncertainty","1b","1b","E: Conc. Uncertainty","1b","1b","E: Conc. Uncertainty","E: Conc. Uncertainty","1b","1b","E: Conc. Uncertainty","1b","1b","1b","1b","1b","1b","1b"
"2025-03-03 09:00:00","PM10",0,NA,0,227.958,548.541,49.8921,87.0846,3.5619,3.131,1.3047,0,175.5070457,0,NA,3.838061008,15.34625723,0,0,1.627127963,0,2.298820966,0.004327197,NA,1.891677527,6.83813228,NA,0,0,0,0,NA,0,0,0,0,0,0,0,0,0,"1b","E: Conc. Uncertainty","1b","1b","1b","1b","1b","1b","1b","1b","1b","1b","1b","E: Conc. Uncertainty","1b","1b","1b","1b","1b","1b","1b","1b","E: Conc. Uncertainty","1b","1b","E: Conc. Uncertainty","1b","1b","1b","1b","E: Conc. Uncertainty","1b","1b","1b","1b","1b","1b","1b","1b","1b"
"2025-03-03 10:00:00","PM2.5",0,0,0,180.011,205.1855,48.7216,39.9251,1.7394,0.9629,1.0403,NA,103.1407248,0,NA,2.911386476,20.96427153,0,0,1.398267032,0,2.041705273,0,0,0,NA,NA,0,0,0,0,0,0,0,0,0,0,0,0,0,0,"1b","1b","1b","1b","1b","1b","1b","1b","1b","1b","E: Conc. Uncertainty","1b","1b","E: Conc. Uncertainty","1b","1b","1b","1b","1b","1b","1b","1b","1b","1b","E: Conc. Uncertainty","E: Conc. Uncertainty","1b","1b","1b","1b","1b","1b","1b","1b","1b","1b","1b","1b","1b","1b"
"2025-03-03 11:00:00","PM10",0,NA,0,215.0977,700.807,86.5333,143.5328,8.1828,0,0.9508,1.0595,160.4148165,0,NA,3.756599584,19.42984886,0,0,1.781847069,0,2.654071781,NA,0,0,0,NA,0,NA,0,NA,0,0,NA,0,0,0,0,0,5.747800139,0,"1b","E: Conc. Uncertainty","1b","1b","1b","1b","1b","1b","1b","1b","1b","1b","1b","E: Conc. Uncertainty","1b","1b","1b","1b","1b","1b","1b","E: Conc. Uncertainty","1b","1b","1b","E: Conc. Uncertainty","1b","E: Conc. Uncertainty","1b","E: Conc. Uncertainty","1b","1b","E: Conc. Uncertainty","1b","1b","1b","1b","1b","1b","1b"
"2025-03-03 12:00:00","PM2.5",0,0,0,150.0698,162.6247,49.8268,28.7959,2.121,NA,1.3815,0,52.41817867,0,NA,1.781670638,10.40227462,0,0,2.329372595,NA,2.731331582,NA,NA,NA,NA,NA,NA,NA,0,0,NA,0,0,0,0,0,0,0,1.804101248,0,"1b","1b","1b","1b","1b","1b","1b","1b","E: Conc. Uncertainty","1b","1b","1b","1b","E: Conc. Uncertainty","1b","1b","1b","1b","1b","E: Conc. Uncertainty","1b","E: Conc. Uncertainty","E: Conc. Uncertainty","E: Conc. Uncertainty","E: Conc. Uncertainty","E: Conc. Uncertainty","E: Conc. Uncertainty","E: Conc. Uncertainty","1b","1b","E: Conc. Uncertainty","1b","1b","1b","1b","1b","1b","1b","1b","1b"
"2025-03-03 13:00:00","PM10",0,NA,0,173.2403,584.9596,59.185,102.9,3.3949,0,1.8471,NA,116.3434948,0,NA,2.803673611,17.11581852,0,0,2.046897591,0,2.843881728,NA,0,0,NA,NA,0,0,0,NA,0,NA,0,0,0,0,0,0,1.045319405,0,"1b","E: Conc. Uncertainty","1b","1b","1b","1b","1b","1b","1b","1b","E: Conc. Uncertainty","1b","1b","E: Conc. Uncertainty","1b","1b","1b","1b","1b","1b","1b","E: Conc. Uncertainty","1b","1b","E: Conc. Uncertainty","E: Conc. Uncertainty","1b","1b","1b","E: Conc. Uncertainty","1b","E: Conc. Uncertainty","1b","1b","1b","1b","1b","1b","1b","1b"
"2025-03-03 14:00:00","PM2.5",0,0,0,184.5866,284.5478,55.4185,34.33,1.6074,0,1.9396,NA,72.02241239,0,NA,1.782722086,21.61149144,0,0,3.253850856,0,3.276466993,NA,0,0,0,12.5493,0,0,0,NA,0,0,0,0,0,0,0,0,1.311277506,0,"1b","1b","1b","1b","1b","1b","1b","1b","1b","1b","E: Conc. Uncertainty","1b","1b","E: Conc. Uncertainty","1b","1b","1b","1b","1b","1b","1b","E: Conc. Uncertainty","1b","1b","1b","1b","1b","1b","1b","E: Conc. Uncertainty","1b","1b","1b","1b","1b","1b","1b","1b","1b","1b"
"2025-03-03 15:00:00","PM10",0,NA,0,234.2802,870.8105,87.8132,183.3145,11.8406,0,2.6685,2.4857,217.5954288,0,NA,5.190898267,31.42290901,0,0,3.841523604,0,4.400643146,NA,NA,0,NA,0,0.1091,0,0,NA,0,0,0,0,0,0,0,0,2.333133198,0,"1b","E: Conc. Uncertainty","1b","1b","1b","1b","1b","1b","1b","1b","1b","1b","1b","E: Conc. Uncertainty","1b","1b","1b","1b","1b","1b","1b","E: Conc. Uncertainty","E: Conc. Uncertainty","1b","E: Conc. Uncertainty","1b","1b","1b","1b","E: Conc. Uncertainty","1b","1b","1b","1b","1b","1b","1b","1b","1b","1b"
"2025-03-03 16:00:00","PM2.5",0,0,0,197.51,311.4518,60.6422,38.4757,2.3494,0,3.6012,1.1354,120.2511146,0,1.502453126,4.479988192,23.07596547,0,0,2.066784064,NA,3.790517294,NA,NA,0,0,NA,0,0,0,0,NA,NA,NA,0,0,0,0,0,1.374513955,0,"1b","1b","1b","1b","1b","1b","1b","1b","1b","1b","1b","1b","1b","1b","1b","1b","1b","1b","1b","E: Conc. Uncertainty","1b","E: Conc. Uncertainty","E: Conc. Uncertainty","1b","1b","E: Conc. Uncertainty","1b","1b","1b","1b","E: Conc. Uncertainty","E: Conc. Uncertainty","E: Conc. Uncertainty","1b","1b","1b","1b","1b","1b","1b"
"2025-03-03 17:00:00","PM10",0,NA,0,200.015,953.0855,75.0949,167.709,8.7968,NA,3.0604,2.0502,313.6906895,0,1.404736692,7.209271779,36.25686271,0,0,1.593634179,0,3.937023989,NA,NA,0,0,0,0,0,0,NA,NA,NA,NA,0,0,0,0,0,0,0,"1b","E: Conc. Uncertainty","1b","1b","1b","1b","1b","1b","E: Conc. Uncertainty","1b","1b","1b","1b","1b","1b","1b","1b","1b","1b","1b","1b","E: Conc. Uncertainty","E: Conc. Uncertainty","1b","1b","1b","1b","1b","1b","E: Conc. Uncertainty","E: Conc. Uncertainty","E: Conc. Uncertainty","E: Conc. Uncertainty","1b","1b","1b","1b","1b","1b","1b"
"2025-03-03 18:00:00","PM2.5",0,NA,0,186.8974,1363.432,67.2486,69.1589,4.2494,0,1.8539,1.0508,246.6495359,0,NA,5.73146829,27.0638077,0,0,1.8771371,0,3.818580558,0,NA,0,0,NA,0,0,0.0998,NA,0,0,NA,0,0,0,0,0,16.32084996,0,"1b","E: Conc. Uncertainty","1b","1b","1b","1b","1b","1b","1b","1b","1b","1b","1b","E: Conc. Uncertainty","1b","1b","1b","1b","1b","1b","1b","1b","E: Conc. Uncertainty","1b","1b","E: Conc. Uncertainty","1b","1b","1b","E: Conc. Uncertainty","1b","1b","E: Conc. Uncertainty","1b","1b","1b","1b","1b","1b","1b"
"2025-03-03 19:00:00","PM10",0,NA,0,233.5821,1301.758,118.1522,203.7946,10.9565,0,3.7191,4.9906,763.5030208,0,NA,17.92575113,32.03356456,0,0,2.861388556,0,7.654468154,1.446734067,0,NA,NA,0,0,0,0,0,0,NA,7.585,0,0,0,0,0,20.50473972,0,"1b","E: Conc. Uncertainty","1b","1b","1b","1b","1b","1b","1b","1b","1b","1b","1b","E: Conc. Uncertainty","1b","1b","1b","1b","1b","1b","1b","1b","1b","E: Conc. Uncertainty","E: Conc. Uncertainty","1b","1b","1b","1b","1b","1b","E: Conc. Uncertainty","1b","1b","1b","1b","1b","1b","1b","1b"
"2025-03-03 20:00:00","PM2.5",0,NA,0,239.4222,474.9065,157.285,85.9072,4.7115,0,2.6036,4.3189,624.3937341,0,NA,14.36843445,35.93425542,0,0,2.556735891,NA,13.4806331,NA,0,NA,0,NA,NA,0,0,NA,NA,0,15.3407,0,0,0,0,0,13.57224774,0,"1b","E: Conc. Uncertainty","1b","1b","1b","1b","1b","1b","1b","1b","1b","1b","1b","E: Conc. Uncertainty","1b","1b","1b","1b","1b","E: Conc. Uncertainty","1b","E: Conc. Uncertainty","1b","E: Conc. Uncertainty","1b","E: Conc. Uncertainty","E: Conc. Uncertainty","1b","1b","E: Conc. Uncertainty","E: Conc. Uncertainty","1b","1b","1b","1b","1b","1b","1b","1b","1b"
"2025-03-03 21:00:00","PM10",0,262.7588,0,283.2825,1252.0504,281.0201,268.4901,16.4627,0,4.068,7.9058,1154.327955,0,NA,40.45610021,48.88119859,0,0,2.394950635,0,126.1409877,2.299850532,NA,2.541459496,0,0,0,0,0,NA,33.4397,NA,27.6096,0,0,0,0,0,9.499293333,0,"1b","1b","1b","1b","1b","1b","1b","1b","1b","1b","1b","1b","1b","E: Conc. Uncertainty","1b","1b","1b","1b","1b","1b","1b","1b","E: Conc. Uncertainty","1b","1b","1b","1b","1b","1b","E: Conc. Uncertainty","1b","E: Conc. Uncertainty","1b","1b","1b","1b","1b","1b","1b","1b"
"2025-03-03 22:00:00","PM2.5",0,0,0,207.3606,340.0724,176.1451,45.3461,2.8199,NA,2.0691,1.1288,301.0835923,0,NA,7.393428761,23.00111049,0,0,2.962131323,NA,55.70750344,NA,0,NA,0,0,NA,0,0,0,NA,NA,NA,0,0,0,0,0,3.607977179,0,"1b","1b","1b","1b","1b","1b","1b","1b","E: Conc. Uncertainty","1b","1b","1b","1b","E: Conc. Uncertainty","1b","1b","1b","1b","1b","E: Conc. Uncertainty","1b","E: Conc. Uncertainty","1b","E: Conc. Uncertainty","1b","1b","E: Conc. Uncertainty","1b","1b","1b","E: Conc. Uncertainty","E: Conc. Uncertainty","E: Conc. Uncertainty","1b","1b","1b","1b","1b","1b","1b"
"2025-03-03 23:00:00","PM10",0,NA,0,223.8291,1075.621,157.1585,114.7504,8.0994,NA,2.1731,2.1945,410.9014357,0,NA,8.18037878,25.02560839,0,0,2.789787191,NA,11.1884024,NA,NA,0,NA,0,0,NA,0,NA,NA,NA,NA,0,0,0,0,0,21.29926688,0,"1b","E: Conc. Uncertainty","1b","1b","1b","1b","1b","1b","E: Conc. Uncertainty","1b","1b","1b","1b","E: Conc. Uncertainty","1b","1b","1b","1b","1b","E: Conc. Uncertainty","1b","E: Conc. Uncertainty","E: Conc. Uncertainty","1b","E: Conc. Uncertainty","1b","1b","E: Conc. Uncertainty","1b","E: Conc. Uncertainty","E: Conc. Uncertainty","E: Conc. Uncertainty","E: Conc. Uncertainty","1b","1b","1b","1b","1b","1b","1b"
"2025-03-04 00:30:00","PM2.5",0,0,0,214.6031,885.6233,122.024,23.0249,NA,NA,NA,0,143.7684952,0,0,3.360320542,26.52866702,0,0,5.454686274,0,11.95386013,NA,0,NA,4.073732909,0,NA,0,0,NA,NA,NA,NA,0,0,0,0,0,42.53155851,0,"1b","1b","1b","1b","1b","1b","1b","E: Conc. Uncertainty","E: Conc. Uncertainty","E: Conc. Uncertainty","1b","1b","1b","1b","1b","1b","1b","1b","1b","1b","1b","E: Conc. Uncertainty","1b","E: Conc. Uncertainty","1b","1b","E: Conc. Uncertainty","1b","1b","E: Conc. Uncertainty","E: Conc. Uncertainty","E: Conc. Uncertainty","E: Conc. Uncertainty","1b","1b","1b","1b","1b","1b","1b"
"2025-03-04 01:00:00","PM10",0,NA,0,240.7908,883.4228,137.9256,67.7461,3.8836,NA,1.3882,NA,200.0484809,0,NA,4.362679894,22.63904138,0,0,3.225863948,0,10.57247181,NA,0,0,NA,0,0,0,0,0,NA,0,NA,0,0,0,0,0,36.42607172,0,"1b","E: Conc. Uncertainty","1b","1b","1b","1b","1b","1b","E: Conc. Uncertainty","1b","E: Conc. Uncertainty","1b","1b","E: Conc. Uncertainty","1b","1b","1b","1b","1b","1b","1b","E: Conc. Uncertainty","1b","1b","E: Conc. Uncertainty","1b","1b","1b","1b","1b","E: Conc. Uncertainty","1b","E: Conc. Uncertainty","1b","1b","1b","1b","1b","1b","1b"
"2025-03-04 02:00:00","PM2.5",0,0,0,208.0531,288.0678,120.3738,10.5111,1.23,NA,1.0343,NA,105.473965,0,0,1.947308938,15.6779787,0,0,3.023051703,0,7.127436007,NA,0,NA,0,NA,0,0,0,0,0,0,0,0,0,0,0,0,18.61454579,0,"1b","1b","1b","1b","1b","1b","1b","1b","E: Conc. Uncertainty","1b","E: Conc. Uncertainty","1b","1b","1b","1b","1b","1b","1b","1b","1b","1b","E: Conc. Uncertainty","1b","E: Conc. Uncertainty","1b","E: Conc. Uncertainty","1b","1b","1b","1b","1b","1b","1b","1b","1b","1b","1b","1b","1b","1b"
"2025-03-04 03:00:00","PM10",0,NA,0,268.1607,632.816,147.4667,52.5792,4.0843,NA,1.4623,NA,314.7738985,0,NA,5.496323305,21.22064245,0,0,3.55999837,0,7.217688876,0,0,0,NA,NA,NA,0,0,0,0,NA,3.5252,0,0,0,0,0,24.44578657,0,"1b","E: Conc. Uncertainty","1b","1b","1b","1b","1b","1b","E: Conc. Uncertainty","1b","E: Conc. Uncertainty","1b","1b","E: Conc. Uncertainty","1b","1b","1b","1b","1b","1b","1b","1b","1b","1b","E: Conc. Uncertainty","E: Conc. Uncertainty","E: Conc. Uncertainty","1b","1b","1b","1b","E: Conc. Uncertainty","1b","1b","1b","1b","1b","1b","1b","1b"
"2025-03-04 04:00:00","PM2.5",0,0,0,213.1091,226.7565,100.3713,8.2617,0,1.5304,1.102,0,103.4196907,0,NA,2.403412268,14.76482191,0,0,2.664101026,NA,6.378084615,0,0,0,3.804394465,0,0,NA,0,NA,0,0,NA,0,0,0,0,0,20.20828461,0,"1b","1b","1b","1b","1b","1b","1b","1b","1b","1b","1b","1b","1b","E: Conc. Uncertainty","1b","1b","1b","1b","1b","E: Conc. Uncertainty","1b","1b","1b","1b","1b","1b","1b","E: Conc. Uncertainty","1b","E: Conc. Uncertainty","1b","1b","E: Conc. Uncertainty","1b","1b","1b","1b","1b","1b","1b"
"2025-03-04 05:00:00","PM10",0,0,0,220.6889,331.111,93.7601,28.9456,1.1358,1.3286,0.7711,0,117.5463284,0,NA,2.684590478,11.53677758,0,0,2.990265955,0,4.819655439,NA,0,0,4.304585998,0,0,0,0,0,NA,NA,NA,0,0,0,0,0,11.70220543,0,"1b","1b","1b","1b","1b","1b","1b","1b","1b","1b","1b","1b","1b","E: Conc. Uncertainty","1b","1b","1b","1b","1b","1b","1b","E: Conc. Uncertainty","1b","1b","1b","1b","1b","1b","1b","1b","E: Conc. Uncertainty","E: Conc. Uncertainty","E: Conc. Uncertainty","1b","1b","1b","1b","1b","1b","1b"
"2025-03-04 06:00:00","PM2.5",0,0,0,211.4111,104.1907,132.0862,9.0941,1.283,1.0372,0.9195,0,113.629152,0,NA,4.385523666,13.65797449,0,0,4.081901023,0,6.898622948,0,0,0,0,0,0,0,0,NA,NA,0,0,0,0,0,0,0,8.855480748,0,"1b","1b","1b","1b","1b","1b","1b","1b","1b","1b","1b","1b","1b","E: Conc. Uncertainty","1b","1b","1b","1b","1b","1b","1b","1b","1b","1b","1b","1b","1b","1b","1b","E: Conc. Uncertainty","E: Conc. Uncertainty","1b","1b","1b","1b","1b","1b","1b","1b","1b"
"2025-03-04 07:00:00","PM10",0,NA,0,219.0577,208.8508,144.7358,72.0843,3.7049,0,2.3188,1.7429,375.3194891,0,NA,7.492341223,16.61569642,0,0,4.45142991,0,6.153766244,NA,0,0,0,NA,0,NA,0,0,0,0,2.739,0,0,0,0,0,4.02534933,0,"1b","E: Conc. Uncertainty","1b","1b","1b","1b","1b","1b","1b","1b","1b","1b","1b","E: Conc. Uncertainty","1b","1b","1b","1b","1b","1b","1b","E: Conc. Uncertainty","1b","1b","1b","E: Conc. Uncertainty","1b","E: Conc. Uncertainty","1b","1b","1b","1b","1b","1b","1b","1b","1b","1b","1b","1b"
"2025-03-04 08:00:00","PM2.5",0,0,0,209.695,83.9078,118.9854,21.0982,1.2689,NA,1.1428,0,117.1583594,0,NA,3.145087311,13.34317126,0,NA,3.952302013,NA,3.363511548,NA,0,0,2.182401578,0,0,0,0,NA,NA,0,0,0,0,0,0,0,2.082540909,0,"1b","1b","1b","1b","1b","1b","1b","1b","E: Conc. Uncertainty","1b","1b","1b","1b","E: Conc. Uncertainty","1b","1b","1b","E: Conc. Uncertainty","1b","E: Conc. Uncertainty","1b","E: Conc. Uncertainty","1b","1b","1b","1b","1b","1b","1b","E: Conc. Uncertainty","E: Conc. Uncertainty","1b","1b","1b","1b","1b","1b","1b","1b","1b"
"2025-03-04 09:00:00","PM10",0,NA,0,235.0992,396.2008,112.2795,120.2903,4.102,NA,1.6421,1.1349,216.9188947,0,NA,4.331405649,14.84938606,0,0,3.440489523,0,3.651021198,0,0,NA,0,NA,0,0,0,0,0,0,NA,0,0,0,0,0,0,0,"1b","E: Conc. Uncertainty","1b","1b","1b","1b","1b","1b","E: Conc. Uncertainty","1b","1b","1b","1b","E: Conc. Uncertainty","1b","1b","1b","1b","1b","1b","1b","1b","1b","E: Conc. Uncertainty","1b","E: Conc. Uncertainty","1b","1b","1b","1b","1b","1b","E: Conc. Uncertainty","1b","1b","1b","1b","1b","1b","1b"
"2025-03-04 10:00:00","PM2.5",0,0,0,178.544,107.0998,63.2191,35.3924,1.44,0,1.2822,0,53.81388436,NA,0,1.386594055,6.513059853,0,0,1.871834283,0,2.88882329,0,0,0,0,0,0,0,0,0,NA,NA,0,0,0,0,0,0,0,0,"1b","1b","1b","1b","1b","1b","1b","1b","1b","1b","1b","1b","E: Conc. Uncertainty","1b","1b","1b","1b","1b","1b","1b","1b","1b","1b","1b","1b","1b","1b","1b","1b","1b","E: Conc. Uncertainty","E: Conc. Uncertainty","1b","1b","1b","1b","1b","1b","1b","1b"
"2025-03-04 11:00:00","PM10",0,NA,0,188.9572,298.2274,107.3408,162.7789,4.4724,0,0.9971,0,107.8835785,0,NA,1.812936174,9.428950742,0,0,3.779700503,0,3.502156707,NA,0,0,0,0,0,0,0,NA,NA,NA,NA,0,0,0,0,0,NA,0,"1b","E: Conc. Uncertainty","1b","1b","1b","1b","1b","1b","1b","1b","1b","1b","1b","E: Conc. Uncertainty","1b","1b","1b","1b","1b","1b","1b","E: Conc. Uncertainty","1b","1b","1b","1b","1b","1b","1b","E: Conc. Uncertainty","E: Conc. Uncertainty","E: Conc. Uncertainty","E: Conc. Uncertainty","1b","1b","1b","1b","1b","E: Conc. Uncertainty","1b"
"2025-03-04 12:00:00","PM2.5",0,NA,NA,192.2328,82.2921,95.3403,48.4208,1.4419,0,1.5613,0,59.25834707,0,NA,1.08059167,11.96156585,0,0,4.417587336,0,3.490935726,NA,NA,NA,0,NA,0,0,0,NA,NA,0,NA,0,0,0,0,0,0,0,"1b","E: Conc. Uncertainty","E: Conc. Uncertainty","1b","1b","1b","1b","1b","1b","1b","1b","1b","1b","E: Conc. Uncertainty","1b","1b","1b","1b","1b","1b","1b","E: Conc. Uncertainty","E: Conc. Uncertainty","E: Conc. Uncertainty","1b","E: Conc. Uncertainty","1b","1b","1b","E: Conc. Uncertainty","E: Conc. Uncertainty","1b","E: Conc. Uncertainty","1b","1b","1b","1b","1b","1b","1b"
"2025-03-04 13:00:00","PM10",0,NA,0,263.8973,352.0998,142.0054,254.0301,8.2845,0,1.6285,0.8247,193.5080243,0,0,4.067082969,27.34738523,0,0,4.796706873,0,4.044413482,NA,NA,0,0,NA,NA,NA,0,0,NA,0,0,0,NA,0,0,0,2.621514147,0,"1b","E: Conc. Uncertainty","1b","1b","1b","1b","1b","1b","1b","1b","1b","1b","1b","1b","1b","1b","1b","1b","1b","1b","1b","E: Conc. Uncertainty","E: Conc. Uncertainty","1b","1b","E: Conc. Uncertainty","E: Conc. Uncertainty","E: Conc. Uncertainty","1b","1b","E: Conc. Uncertainty","1b","1b","1b","E: Conc. Uncertainty","1b","1b","1b","1b","1b"
"2025-03-04 14:00:00","PM2.5",0,0,0,220.6218,104.4043,108.8778,67.7298,3.7045,0,0.9332,0,86.03819102,0,0,2.522876948,28.29852509,0,0,3.833046629,NA,3.079944627,NA,NA,0,NA,0,0,0,0,0,NA,0,0,0,0,0,0,0,2.21197439,0,"1b","1b","1b","1b","1b","1b","1b","1b","1b","1b","1b","1b","1b","1b","1b","1b","1b","1b","1b","E: Conc. Uncertainty","1b","E: Conc. Uncertainty","E: Conc. Uncertainty","1b","E: Conc. Uncertainty","1b","1b","1b","1b","1b","E: Conc. Uncertainty","1b","1b","1b","1b","1b","1b","1b","1b","1b"
"2025-03-04 15:00:00","PM10",0,NA,0,242.8064,242.1385,134.1618,208.522,6.7955,0,1.5672,1.447,171.8694413,NA,NA,4.078477664,26.25817645,0,0,3.366642923,0,4.870326651,NA,NA,0,0,NA,0,0,0,NA,NA,NA,0,0,0,0,0,0,2.259967437,0,"1b","E: Conc. Uncertainty","1b","1b","1b","1b","1b","1b","1b","1b","1b","1b","E: Conc. Uncertainty","E: Conc. Uncertainty","1b","1b","1b","1b","1b","1b","1b","E: Conc. Uncertainty","E: Conc. Uncertainty","1b","1b","E: Conc. Uncertainty","1b","1b","1b","E: Conc. Uncertainty","E: Conc. Uncertainty","E: Conc. Uncertainty","1b","1b","1b","1b","1b","1b","1b","1b"
"2025-03-04 16:00:00","PM2.5",0,0,0,242.4508,106.3358,172.2853,47.803,1.7154,NA,1.1674,NA,90.22071866,0,0,2.148700247,32.18567167,0,0,2.506735498,0,4.00306483,NA,NA,0,0,NA,0,0,NA,0,NA,0,0,0,0,0,0,0,3.010640356,0,"1b","1b","1b","1b","1b","1b","1b","1b","E: Conc. Uncertainty","1b","E: Conc. Uncertainty","1b","1b","1b","1b","1b","1b","1b","1b","1b","1b","E: Conc. Uncertainty","E: Conc. Uncertainty","1b","1b","E: Conc. Uncertainty","1b","1b","E: Conc. Uncertainty","1b","E: Conc. Uncertainty","1b","1b","1b","1b","1b","1b","1b","1b","1b"
"2025-03-04 17:00:00","PM10",0,NA,0,259.1195,294.5223,242.1286,198.3614,10.7874,0,1.6839,3.3119,302.4712614,0,NA,4.979045544,34.27093155,0,0,2.501349109,NA,4.660289371,0,NA,NA,NA,NA,0,NA,0,0,NA,0,NA,0,NA,0,NA,0,4.048058811,0,"1b","E: Conc. Uncertainty","1b","1b","1b","1b","1b","1b","1b","1b","1b","1b","1b","E: Conc. Uncertainty","1b","1b","1b","1b","1b","E: Conc. Uncertainty","1b","1b","E: Conc. Uncertainty","E: Conc. Uncertainty","E: Conc. Uncertainty","E: Conc. Uncertainty","1b","E: Conc. Uncertainty","1b","1b","E: Conc. Uncertainty","1b","E: Conc. Uncertainty","1b","E: Conc. Uncertainty","1b","E: Conc. Uncertainty","1b","1b","1b"
"2025-03-04 18:00:00","PM2.5",0,0,0,259.4963,173.6376,178.0497,65.1225,4.0831,NA,2.0754,2.7257,396.0600667,0,NA,9.00155608,30.1809426,0,0,2.37779179,NA,4.84372076,NA,NA,NA,0,NA,0,NA,0,0,0,NA,NA,0,0,0,0,0,3.446391522,0,"1b","1b","1b","1b","1b","1b","1b","1b","E: Conc. Uncertainty","1b","1b","1b","1b","E: Conc. Uncertainty","1b","1b","1b","1b","1b","E: Conc. Uncertainty","1b","E: Conc. Uncertainty","E: Conc. Uncertainty","E: Conc. Uncertainty","1b","E: Conc. Uncertainty","1b","E: Conc. Uncertainty","1b","1b","1b","E: Conc. Uncertainty","E: Conc. Uncertainty","1b","1b","1b","1b","1b","1b","1b"
"2025-03-04 19:00:00","PM10",NA,471.753,0,292.6924,1020.3775,230.0703,334.892,19.2658,0,4.2478,13.0146,1523.66791,0,1.168154125,34.7388084,48.73602706,0,0,3.24511482,0,10.02278053,NA,NA,NA,0,0,0,0,0,NA,NA,NA,18.1683,0,0,0,0,0,6.321892129,0,"E: Conc. Uncertainty","1b","1b","1b","1b","1b","1b","1b","1b","1b","1b","1b","1b","1b","1b","1b","1b","1b","1b","1b","1b","E: Conc. Uncertainty","E: Conc. Uncertainty","E: Conc. Uncertainty","1b","1b","1b","1b","1b","E: Conc. Uncertainty","E: Conc. Uncertainty","E: Conc. Uncertainty","1b","1b","1b","1b","1b","1b","1b","1b"
"2025-03-04 20:00:00","PM2.5",0,NA,0,269.8713,365.6053,173.2997,66.4219,3.0151,0,1.947,1.1461,216.5383521,0,NA,5.32160278,29.49539653,0,0,6.675531482,0,30.46520467,NA,NA,0,0,NA,NA,0,0,0,NA,NA,NA,0,0,0,0,0,6.627240763,0,"1b","E: Conc. Uncertainty","1b","1b","1b","1b","1b","1b","1b","1b","1b","1b","1b","E: Conc. Uncertainty","1b","1b","1b","1b","1b","1b","1b","E: Conc. Uncertainty","E: Conc. Uncertainty","1b","1b","E: Conc. Uncertainty","E: Conc. Uncertainty","1b","1b","1b","E: Conc. Uncertainty","E: Conc. Uncertainty","E: Conc. Uncertainty","1b","1b","1b","1b","1b","1b","1b"
"2025-03-04 21:00:00","PM10",0,185.596,0,391.6632,836.8927,235.6109,405.8754,12.7269,NA,2.863,2.7931,393.0979123,0,0.890713385,7.908659911,37.18770602,0,0,8.539708216,NA,20.94091076,NA,NA,0,0,0,0,NA,NA,NA,0,0,NA,0,0,0,0,0,6.123458674,0,"1b","1b","1b","1b","1b","1b","1b","1b","E: Conc. Uncertainty","1b","1b","1b","1b","1b","1b","1b","1b","1b","1b","E: Conc. Uncertainty","1b","E: Conc. Uncertainty","E: Conc. Uncertainty","1b","1b","1b","1b","E: Conc. Uncertainty","E: Conc. Uncertainty","E: Conc. Uncertainty","1b","1b","E: Conc. Uncertainty","1b","1b","1b","1b","1b","1b","1b"
"2025-03-04 22:00:00","PM2.5",0,0,0,292.136,250.6045,189.0539,53.8618,1.6725,0,1.039,NA,123.4378846,0,NA,3.067307399,25.89126875,0,0,5.563976608,0,11.1421612,NA,0,0,0,NA,NA,0,0,0,0,NA,0,0,0,0,0,0,6.681769641,0,"1b","1b","1b","1b","1b","1b","1b","1b","1b","1b","E: Conc. Uncertainty","1b","1b","E: Conc. Uncertainty","1b","1b","1b","1b","1b","1b","1b","E: Conc. Uncertainty","1b","1b","1b","E: Conc. Uncertainty","E: Conc. Uncertainty","1b","1b","1b","1b","E: Conc. Uncertainty","1b","1b","1b","1b","1b","1b","1b","1b"
"2025-03-04 23:00:00","PM10",0,NA,0,368.1664,603.9016,237.0731,228.6318,9.5161,0,1.3779,2.1028,334.5515914,0,NA,6.821736209,38.55978781,0,0,5.497261083,NA,9.453967866,NA,NA,0,2.414401206,0,0,NA,0,NA,NA,NA,NA,0,0,0,0,0,8.799305598,0,"1b","E: Conc. Uncertainty","1b","1b","1b","1b","1b","1b","1b","1b","1b","1b","1b","E: Conc. Uncertainty","1b","1b","1b","1b","1b","E: Conc. Uncertainty","1b","E: Conc. Uncertainty","E: Conc. Uncertainty","1b","1b","1b","1b","E: Conc. Uncertainty","1b","E: Conc. Uncertainty","E: Conc. Uncertainty","E: Conc. Uncertainty","E: Conc. Uncertainty","1b","1b","1b","1b","1b","1b","1b"
"2025-03-05 00:30:00","PM2.5",0,0,0,289.0146,205.8734,199.4426,32.815,NA,0,NA,0,78.79129427,0,NA,2.112690334,22.60888365,0,0,5.853546011,0,5.820775405,NA,0,0,0,NA,0,0,0,NA,NA,NA,0,0,0,0,0,0,NA,0,"1b","1b","1b","1b","1b","1b","1b","E: Conc. Uncertainty","1b","E: Conc. Uncertainty","1b","1b","1b","E: Conc. Uncertainty","1b","1b","1b","1b","1b","1b","1b","E: Conc. Uncertainty","1b","1b","1b","E: Conc. Uncertainty","1b","1b","1b","E: Conc. Uncertainty","E: Conc. Uncertainty","E: Conc. Uncertainty","1b","1b","1b","1b","1b","1b","E: Conc. Uncertainty","1b"
"2025-03-05 01:00:00","PM10",0,2.0763,0,274.7867,281.7061,166.2274,83.0368,3.5781,0,0.9817,NA,90.77507954,0.015125487,NA,2.300242943,31.41559511,0,0,3.595728676,0,5.594976468,NA,NA,0,0,0,0,NA,0,NA,NA,0,0,0,0,0,0,0,2.517509174,0,"1b","1b","1b","1b","1b","1b","1b","1b","1b","1b","E: Conc. Uncertainty","1b","1b","E: Conc. Uncertainty","1b","1b","1b","1b","1b","1b","1b","E: Conc. Uncertainty","E: Conc. Uncertainty","1b","1b","1b","1b","E: Conc. Uncertainty","1b","E: Conc. Uncertainty","E: Conc. Uncertainty","1b","1b","1b","1b","1b","1b","1b","1b","1b"
"2025-03-05 02:00:00","PM2.5",0,0,0,250.0931,88.8156,112.3993,11.1262,0,0,0.7031,0,26.24267025,NA,NA,0.804360211,24.28232517,0,NA,1.511872063,0,3.900750778,NA,NA,0,0,0,0,0,0,NA,0,0,0,0,0,0,0,0,1.579187776,0,"1b","1b","1b","1b","1b","1b","1b","1b","1b","1b","1b","1b","E: Conc. Uncertainty","E: Conc. Uncertainty","1b","1b","1b","E: Conc. Uncertainty","1b","1b","1b","E: Conc. Uncertainty","E: Conc. Uncertainty","1b","1b","1b","1b","1b","1b","E: Conc. Uncertainty","1b","1b","1b","1b","1b","1b","1b","1b","1b","1b"
"2025-03-05 03:00:00","PM10",0,0,0,278.5048,170.1573,124.2538,49.3164,2.1838,0,0.9684,0,53.73017051,0,NA,0.915821903,24.95254751,0,0,3.102266372,0,4.102978109,NA,0,0,0,0,0,NA,0,0,NA,NA,0,0,0,0,0,0,0,0,"1b","1b","1b","1b","1b","1b","1b","1b","1b","1b","1b","1b","1b","E: Conc. Uncertainty","1b","1b","1b","1b","1b","1b","1b","E: Conc. Uncertainty","1b","1b","1b","1b","1b","E: Conc. Uncertainty","1b","1b","E: Conc. Uncertainty","E: Conc. Uncertainty","1b","1b","1b","1b","1b","1b","1b","1b"
"2025-03-05 04:00:00","PM2.5",0,0,0.0016,328.5555,82.5079,123.8055,14.0431,0,0,NA,0,30.48125,0,0,0.969493078,20.79518526,0,0,2.187214984,NA,4.410158795,NA,0,0,0,0,NA,0,0,0,0,NA,0,0,0,0,0,0,2.328186075,0,"1b","1b","1b","1b","1b","1b","1b","1b","1b","E: Conc. Uncertainty","1b","1b","1b","1b","1b","1b","1b","1b","1b","E: Conc. Uncertainty","1b","E: Conc. Uncertainty","1b","1b","1b","1b","E: Conc. Uncertainty","1b","1b","1b","1b","E: Conc. Uncertainty","1b","1b","1b","1b","1b","1b","1b","1b"
"2025-03-05 05:00:00","PM10",0,0,0,370.4574,190.3605,141.7336,93.9854,1.5104,0,1.2694,0,73.51059236,0,NA,2.314969853,22.54236943,0,0,2.572557647,0,5.787623238,1.561955105,0,0,NA,NA,0,0,0,0,0,0,0,0,0,0,0,0,3.738134523,0,"1b","1b","1b","1b","1b","1b","1b","1b","1b","1b","1b","1b","1b","E: Conc. Uncertainty","1b","1b","1b","1b","1b","1b","1b","1b","1b","1b","E: Conc. Uncertainty","E: Conc. Uncertainty","1b","1b","1b","1b","1b","1b","1b","1b","1b","1b","1b","1b","1b","1b"
"2025-03-05 06:00:00","PM2.5",0,0,0,412.6737,70.6483,163.8428,11.849,NA,0,1.4602,0,50.37851998,0,NA,1.718421909,17.1140433,0,0,2.467638561,NA,5.098020265,NA,NA,0,0,0,NA,0,0,0,0,NA,0,0,0,0,0,0,5.4474648,0,"1b","1b","1b","1b","1b","1b","1b","E: Conc. Uncertainty","1b","1b","1b","1b","1b","E: Conc. Uncertainty","1b","1b","1b","1b","1b","E: Conc. Uncertainty","1b","E: Conc. Uncertainty","E: Conc. Uncertainty","1b","1b","1b","E: Conc. Uncertainty","1b","1b","1b","1b","E: Conc. Uncertainty","1b","1b","1b","1b","1b","1b","1b","1b"
"2025-03-05 07:00:00","PM10",0,0,0,462.6091,113.8554,170.9668,46.6489,2.081,NA,1.4481,NA,159.7504353,0,0,4.31506654,17.83800185,0,0,2.807842299,0,4.630071988,NA,0,0,0,0,NA,0,0,0,NA,0,0,0,NA,0,0,0,3.702416226,0,"1b","1b","1b","1b","1b","1b","1b","1b","E: Conc. Uncertainty","1b","E: Conc. Uncertainty","1b","1b","1b","1b","1b","1b","1b","1b","1b","1b","E: Conc. Uncertainty","1b","1b","1b","1b","E: Conc. Uncertainty","1b","1b","1b","E: Conc. Uncertainty","1b","1b","1b","E: Conc. Uncertainty","1b","1b","1b","1b","1b"
"2025-03-05 08:00:00","PM2.5",0,0,0,513.9429,58.6282,114.1051,14.7662,NA,0,1.1886,NA,88.60886379,0,NA,2.782832138,17.33837073,0,0,2.685941078,NA,4.541474584,NA,0,NA,0,NA,NA,0,0,0,0,0,NA,0,NA,0,0,0,5.545921742,0,"1b","1b","1b","1b","1b","1b","1b","E: Conc. Uncertainty","1b","1b","E: Conc. Uncertainty","1b","1b","E: Conc. Uncertainty","1b","1b","1b","1b","1b","E: Conc. Uncertainty","1b","E: Conc. Uncertainty","1b","E: Conc. Uncertainty","1b","E: Conc. Uncertainty","E: Conc. Uncertainty","1b","1b","1b","1b","1b","E: Conc. Uncertainty","1b","E: Conc. Uncertainty","1b","1b","1b","1b","1b"
"2025-03-05 09:00:00","PM10",0,158.4704,0,572.1628,355.3347,118.6052,145.4616,10.0973,NA,1.8893,1.4314,207.8284616,0,NA,3.322287993,16.54074368,0,0,2.934795875,NA,4.999918635,0,0,0,0,0,NA,0,0,0,0,0,0,0,0,0,0,0,3.896238889,0,"1b","1b","1b","1b","1b","1b","1b","1b","E: Conc. Uncertainty","1b","1b","1b","1b","E: Conc. Uncertainty","1b","1b","1b","1b","1b","E: Conc. Uncertainty","1b","1b","1b","1b","1b","1b","E: Conc. Uncertainty","1b","1b","1b","1b","1b","1b","1b","1b","1b","1b","1b","1b","1b"
"2025-03-05 10:00:00","PM2.5",0,0,0,531.4799,133.3407,78.5125,37.5873,1.8012,NA,1.1202,0,75.59257565,0,NA,2.127409712,12.24831218,0,NA,1.245465268,0.003243452,4.209980478,NA,0,0,0,0,NA,0,0,0,NA,NA,0,0,0,0,0,0,4.067766797,0,"1b","1b","1b","1b","1b","1b","1b","1b","E: Conc. Uncertainty","1b","1b","1b","1b","E: Conc. Uncertainty","1b","1b","1b","E: Conc. Uncertainty","1b","1b","1b","E: Conc. Uncertainty","1b","1b","1b","1b","E: Conc. Uncertainty","1b","1b","1b","E: Conc. Uncertainty","E: Conc. Uncertainty","1b","1b","1b","1b","1b","1b","1b","1b"
"2025-03-05 11:00:00","PM10",0,NA,0,522.0699,560.9129,97.6991,153.6086,6.5064,NA,1.1408,NA,161.2955408,0,NA,2.333102726,17.08256097,0,0,2.042374175,NA,3.926198736,NA,NA,0,0,0,NA,NA,0,NA,NA,NA,0,0,0,0,0,0,3.575607126,0,"1b","E: Conc. Uncertainty","1b","1b","1b","1b","1b","1b","E: Conc. Uncertainty","1b","E: Conc. Uncertainty","1b","1b","E: Conc. Uncertainty","1b","1b","1b","1b","1b","E: Conc. Uncertainty","1b","E: Conc. Uncertainty","E: Conc. Uncertainty","1b","1b","1b","E: Conc. Uncertainty","E: Conc. Uncertainty","1b","E: Conc. Uncertainty","E: Conc. Uncertainty","E: Conc. Uncertainty","1b","1b","1b","1b","1b","1b","1b","1b"
"2025-03-05 12:00:00","PM2.5",0,2.1904,0,334.6176,163.5799,85.1993,50.284,2.1259,NA,0.9324,NA,73.24532777,NA,NA,1.544900244,13.04616246,0,0,1.689495114,NA,3.521162459,NA,0,0,0,0,0,NA,0,0,NA,NA,0,0,0,0,0,0,2.240889658,0,"1b","1b","1b","1b","1b","1b","1b","1b","E: Conc. Uncertainty","1b","E: Conc. Uncertainty","1b","E: Conc. Uncertainty","E: Conc. Uncertainty","1b","1b","1b","1b","1b","E: Conc. Uncertainty","1b","E: Conc. Uncertainty","1b","1b","1b","1b","1b","E: Conc. Uncertainty","1b","1b","E: Conc. Uncertainty","E: Conc. Uncertainty","1b","1b","1b","1b","1b","1b","1b","1b"
"2025-03-05 13:00:00","PM10",0,210.4457,0,326.3905,436.3698,121.0428,189.3183,8.3264,NA,1.7152,0.8553,170.2704878,NA,NA,3.630180529,16.69779738,0,0,1.838512164,NA,4.523340397,NA,NA,NA,0,NA,0,NA,0,0,NA,0,0,0,0,0,0,0,0.920982925,0,"1b","1b","1b","1b","1b","1b","1b","1b","E: Conc. Uncertainty","1b","1b","1b","E: Conc. Uncertainty","E: Conc. Uncertainty","1b","1b","1b","1b","1b","E: Conc. Uncertainty","1b","E: Conc. Uncertainty","E: Conc. Uncertainty","E: Conc. Uncertainty","1b","E: Conc. Uncertainty","1b","E: Conc. Uncertainty","1b","1b","E: Conc. Uncertainty","1b","1b","1b","1b","1b","1b","1b","1b","1b"
"2025-03-05 14:00:00","PM2.5",0,0,0,313.2705,109.3986,98.4848,51.6581,1.7808,0,0.8793,NA,79.18610596,NA,0,1.593404355,12.12475302,0,0,1.863697472,0,4.377243191,NA,NA,0,0,0,0,NA,0,0,NA,0,NA,0,0,0,0,0,1.747061699,0,"1b","1b","1b","1b","1b","1b","1b","1b","1b","1b","E: Conc. Uncertainty","1b","E: Conc. Uncertainty","1b","1b","1b","1b","1b","1b","1b","1b","E: Conc. Uncertainty","E: Conc. Uncertainty","1b","1b","1b","1b","E: Conc. Uncertainty","1b","1b","E: Conc. Uncertainty","1b","E: Conc. Uncertainty","1b","1b","1b","1b","1b","1b","1b"
"2025-03-05 15:00:00","PM10",0,208.6471,0,308.5159,316.5908,113.6755,247.2789,7.1801,NA,1.2736,0.8268,190.577838,0,NA,3.63277947,14.86471949,0,0,2.09254373,NA,3.94259314,NA,NA,0,0,NA,0,0,0,NA,0,NA,0,0,0,0,0,0,NA,0,"1b","1b","1b","1b","1b","1b","1b","1b","E: Conc. Uncertainty","1b","1b","1b","1b","E: Conc. Uncertainty","1b","1b","1b","1b","1b","E: Conc. Uncertainty","1b","E: Conc. Uncertainty","E: Conc. Uncertainty","1b","1b","E: Conc. Uncertainty","1b","1b","1b","E: Conc. Uncertainty","1b","E: Conc. Uncertainty","1b","1b","1b","1b","1b","1b","E: Conc. Uncertainty","1b"
"2025-03-05 16:00:00","PM2.5",0,0,0,286.7187,79.3263,79.7565,63.7799,1.8524,NA,1.1632,0,78.94355766,0,NA,2.061773234,11.34553131,0,0,1.886769419,NA,3.754840022,NA,NA,0,0,0,0,0,0,0,NA,NA,0,0,NA,0,0,0,1.517391526,0,"1b","1b","1b","1b","1b","1b","1b","1b","E: Conc. Uncertainty","1b","1b","1b","1b","E: Conc. Uncertainty","1b","1b","1b","1b","1b","E: Conc. Uncertainty","1b","E: Conc. Uncertainty","E: Conc. Uncertainty","1b","1b","1b","1b","1b","1b","1b","E: Conc. Uncertainty","E: Conc. Uncertainty","1b","1b","E: Conc. Uncertainty","1b","1b","1b","1b","1b"
"2025-03-05 17:00:00","PM10",0,NA,0,336.298,233.503,115.9499,288.0193,6.5256,1.0186,1.4522,0.9848,171.6367987,0,NA,3.489858467,17.43597393,0,0,2.112524183,NA,3.194827411,NA,0,NA,0,NA,0,0,0,0,0,0,0,0,NA,0,0,0,2.918928826,0,"1b","E: Conc. Uncertainty","1b","1b","1b","1b","1b","1b","1b","1b","1b","1b","1b","E: Conc. Uncertainty","1b","1b","1b","1b","1b","E: Conc. Uncertainty","1b","E: Conc. Uncertainty","1b","E: Conc. Uncertainty","1b","E: Conc. Uncertainty","1b","1b","1b","1b","1b","1b","1b","1b","E: Conc. Uncertainty","1b","1b","1b","1b","1b"
"2025-03-05 18:00:00","PM2.5",0,0,0,394.7102,78.9985,113.3197,80.6928,2.9014,NA,1.1603,0,99.91592316,0,NA,2.258310926,24.07870936,0,0,2.648741139,NA,4.435936609,NA,NA,0,0,NA,0.0942,0,0,0,NA,0,0,0,0,0,0,0,NA,0,"1b","1b","1b","1b","1b","1b","1b","1b","E: Conc. Uncertainty","1b","1b","1b","1b","E: Conc. Uncertainty","1b","1b","1b","1b","1b","E: Conc. Uncertainty","1b","E: Conc. Uncertainty","E: Conc. Uncertainty","1b","1b","E: Conc. Uncertainty","1b","1b","1b","1b","E: Conc. Uncertainty","1b","1b","1b","1b","1b","1b","1b","E: Conc. Uncertainty","1b"
"2025-03-05 19:00:00","PM10",0,176.7379,0,526.9939,300.4875,219.0023,343.3014,9.5594,NA,2.1134,1.7102,278.0570533,0,NA,4.777036238,38.05964759,0,0,2.322135634,NA,5.716228864,NA,0,0,0,NA,0,NA,0,0,NA,0,NA,0,0,0,0,0,4.232577777,0,"1b","1b","1b","1b","1b","1b","1b","1b","E: Conc. Uncertainty","1b","1b","1b","1b","E: Conc. Uncertainty","1b","1b","1b","1b","1b","E: Conc. Uncertainty","1b","E: Conc. Uncertainty","1b","1b","1b","E: Conc. Uncertainty","1b","E: Conc. Uncertainty","1b","1b","E: Conc. Uncertainty","1b","E: Conc. Uncertainty","1b","1b","1b","1b","1b","1b","1b"
"2025-03-05 20:00:00","PM2.5",0,0,0,536.6273,128.3932,241.0432,73.498,2.6015,0.8953,1.6332,NA,148.7313653,0,NA,3.455627255,33.13632437,0,0,3.516894467,NA,5.569574717,0,NA,0,0,0,0,0,0,0,NA,NA,0,0,0,0,0,0,2.547187643,0,"1b","1b","1b","1b","1b","1b","1b","1b","1b","1b","E: Conc. Uncertainty","1b","1b","E: Conc. Uncertainty","1b","1b","1b","1b","1b","E: Conc. Uncertainty","1b","1b","E: Conc. Uncertainty","1b","1b","1b","1b","1b","1b","1b","E: Conc. Uncertainty","E: Conc. Uncertainty","1b","1b","1b","1b","1b","1b","1b","1b"
"2025-03-05 21:00:00","PM10",0,257.0104,0,593.886,510.8087,296.7632,409.7228,10.9488,1.3807,2.7381,3.5436,473.3116731,0,NA,8.060550197,46.46996934,0,0,4.098082153,NA,6.673670595,NA,NA,NA,0,NA,NA,0.0736,0,0,0,NA,5.7346,0,0,0,0,0,5.450088101,0,"1b","1b","1b","1b","1b","1b","1b","1b","1b","1b","1b","1b","1b","E: Conc. Uncertainty","1b","1b","1b","1b","1b","E: Conc. Uncertainty","1b","E: Conc. Uncertainty","E: Conc. Uncertainty","E: Conc. Uncertainty","1b","E: Conc. Uncertainty","E: Conc. Uncertainty","1b","1b","1b","1b","E: Conc. Uncertainty","1b","1b","1b","1b","1b","1b","1b","1b"
"2025-03-05 22:00:00","PM2.5",0,0,0,671.0692,192.3506,319.3207,74.3636,2.4414,0.909,1.2667,NA,174.9344307,0,NA,5.063147935,33.38020001,0,0,2.895679245,NA,6.122206057,NA,0,0,0,0,NA,0,0,0,NA,NA,NA,0,0,0,0,0,8.137334296,0,"1b","1b","1b","1b","1b","1b","1b","1b","1b","1b","E: Conc. Uncertainty","1b","1b","E: Conc. Uncertainty","1b","1b","1b","1b","1b","E: Conc. Uncertainty","1b","E: Conc. Uncertainty","1b","1b","1b","1b","E: Conc. Uncertainty","1b","1b","1b","E: Conc. Uncertainty","E: Conc. Uncertainty","E: Conc. Uncertainty","1b","1b","1b","1b","1b","1b","1b"
"2025-03-05 23:00:00","PM10",0,NA,0,736.1309,324.1511,314.6004,270.9924,8.9113,NA,1.8615,NA,281.7226711,0,NA,6.309608613,36.32464942,0,0,5.55430159,NA,8.936926302,NA,NA,0,0,0,0,NA,0,NA,NA,0.1577,0,0,0,0,0,0,8.112724645,0,"1b","E: Conc. Uncertainty","1b","1b","1b","1b","1b","1b","E: Conc. Uncertainty","1b","E: Conc. Uncertainty","1b","1b","E: Conc. Uncertainty","1b","1b","1b","1b","1b","E: Conc. Uncertainty","1b","E: Conc. Uncertainty","E: Conc. Uncertainty","1b","1b","1b","1b","E: Conc. Uncertainty","1b","E: Conc. Uncertainty","E: Conc. Uncertainty","1b","1b","1b","1b","1b","1b","1b","1b","1b"
"2025-03-06 00:30:00","PM2.5",0,0,0,615.2602,222.0549,279.4173,51.3523,6.4164,NA,2.3146,0,118.6509506,0,0.010881933,3.38765335,28.38241926,0,0,4.480025653,NA,7.951941577,0,NA,0,NA,0,0,0,0,NA,0,0,0,0,0,0,0,0,6.435235948,0,"1b","1b","1b","1b","1b","1b","1b","1b","E: Conc. Uncertainty","1b","1b","1b","1b","1b","1b","1b","1b","1b","1b","E: Conc. Uncertainty","1b","1b","E: Conc. Uncertainty","1b","E: Conc. Uncertainty","1b","1b","1b","1b","E: Conc. Uncertainty","1b","1b","1b","1b","1b","1b","1b","1b","1b","1b"
"2025-03-06 01:00:00","PM10",0,NA,0,628.5433,206.5502,296.1568,211.1586,9.954,0.9156,1.8207,1.2364,157.7701842,0,NA,4.035393092,27.79659412,0,0,3.197620769,NA,6.989132538,NA,0,0,0,NA,0.0481,NA,NA,0,NA,0,0,0,0,0,0,0,6.182129289,0,"1b","E: Conc. Uncertainty","1b","1b","1b","1b","1b","1b","1b","1b","1b","1b","1b","E: Conc. Uncertainty","1b","1b","1b","1b","1b","E: Conc. Uncertainty","1b","E: Conc. Uncertainty","1b","1b","1b","E: Conc. Uncertainty","1b","E: Conc. Uncertainty","E: Conc. Uncertainty","1b","E: Conc. Uncertainty","1b","1b","1b","1b","1b","1b","1b","1b","1b"
"2025-03-06 02:00:00","PM2.5",0,0,0,608.034,90.6061,329.2957,53.9713,5.852,NA,1.6866,NA,67.36756674,0,NA,1.859191457,22.08078312,0,0,2.444759725,NA,5.386300534,NA,0,NA,0,0,0,0,0,NA,0.1148,NA,0,0,0,0,0,0,4.560081363,0,"1b","1b","1b","1b","1b","1b","1b","1b","E: Conc. Uncertainty","1b","E: Conc. Uncertainty","1b","1b","E: Conc. Uncertainty","1b","1b","1b","1b","1b","E: Conc. Uncertainty","1b","E: Conc. Uncertainty","1b","E: Conc. Uncertainty","1b","1b","1b","1b","1b","E: Conc. Uncertainty","1b","E: Conc. Uncertainty","1b","1b","1b","1b","1b","1b","1b","1b"
"2025-03-06 03:00:00","PM10",0,NA,0,615.5669,100.9795,272.7812,151.3952,7.2734,0,1.4747,NA,118.9999695,0,NA,2.758324262,22.02177076,0,0,3.030153514,NA,5.357884778,NA,NA,NA,0,NA,NA,NA,0,NA,NA,NA,0,0,0,0,0,0,1.366776199,0,"1b","E: Conc. Uncertainty","1b","1b","1b","1b","1b","1b","1b","1b","E: Conc. Uncertainty","1b","1b","E: Conc. Uncertainty","1b","1b","1b","1b","1b","E: Conc. Uncertainty","1b","E: Conc. Uncertainty","E: Conc. Uncertainty","E: Conc. Uncertainty","1b","E: Conc. Uncertainty","E: Conc. Uncertainty","E: Conc. Uncertainty","1b","E: Conc. Uncertainty","E: Conc. Uncertainty","E: Conc. Uncertainty","1b","1b","1b","1b","1b","1b","1b","1b"
"2025-03-06 04:00:00","PM2.5",0,0,0,596.9138,55.5725,296.8055,29.449,18.2655,1.9841,1.2782,NA,56.51345029,0,NA,1.992565472,19.8789016,0,0,2.666819222,NA,4.213597763,NA,0,0,NA,NA,0,NA,0,0,0.0572,NA,0,0,0,0,0,0,2.324678363,0,"1b","1b","1b","1b","1b","1b","1b","1b","1b","1b","E: Conc. Uncertainty","1b","1b","E: Conc. Uncertainty","1b","1b","1b","1b","1b","E: Conc. Uncertainty","1b","E: Conc. Uncertainty","1b","1b","E: Conc. Uncertainty","E: Conc. Uncertainty","1b","E: Conc. Uncertainty","1b","1b","1b","E: Conc. Uncertainty","1b","1b","1b","1b","1b","1b","1b","1b"
"2025-03-06 05:00:00","PM10",0,1.1697,0,596.6711,66.7229,239.0088,106.9292,5.2211,NA,1.2516,NA,102.2131981,0,NA,2.428510439,20.04365813,0,0,1.504584358,NA,4.019191283,0.000284616,NA,0,0,0,0,0,0,0,NA,NA,0,0,0,0,0,0,2.380593222,0,"1b","1b","1b","1b","1b","1b","1b","1b","E: Conc. Uncertainty","1b","E: Conc. Uncertainty","1b","1b","E: Conc. Uncertainty","1b","1b","1b","1b","1b","E: Conc. Uncertainty","1b","1b","E: Conc. Uncertainty","1b","1b","1b","1b","1b","1b","1b","E: Conc. Uncertainty","E: Conc. Uncertainty","1b","1b","1b","1b","1b","1b","1b","1b"
"2025-03-06 06:00:00","PM2.5",0,0,0,575.9962,24.003,235.7234,23.5586,3.0544,NA,1.5647,0,95.83485977,0,NA,2.619448854,17.22422355,0,0,2.895327065,NA,3.575752025,0,0,0,0,0,0,0,0,0.1699,NA,NA,NA,0,0,0,0,0,NA,0,"1b","1b","1b","1b","1b","1b","1b","1b","E: Conc. Uncertainty","1b","1b","1b","1b","E: Conc. Uncertainty","1b","1b","1b","1b","1b","E: Conc. Uncertainty","1b","1b","1b","1b","1b","1b","1b","1b","1b","1b","E: Conc. Uncertainty","E: Conc. Uncertainty","E: Conc. Uncertainty","1b","1b","1b","1b","1b","E: Conc. Uncertainty","1b"
"2025-03-06 07:00:00","PM10",0,135.9913,0,584.1898,64.3157,229.8478,211.5424,6.6394,NA,2.0587,1.0224,214.6883642,0,NA,3.629219538,20.45280218,0,0,2.041280299,NA,3.682904262,NA,0,NA,0,0,0,0,NA,0,NA,NA,NA,0,0,0,0,0,2.118614771,0,"1b","1b","1b","1b","1b","1b","1b","1b","E: Conc. Uncertainty","1b","1b","1b","1b","E: Conc. Uncertainty","1b","1b","1b","1b","1b","E: Conc. Uncertainty","1b","E: Conc. Uncertainty","1b","E: Conc. Uncertainty","1b","1b","1b","1b","E: Conc. Uncertainty","1b","E: Conc. Uncertainty","E: Conc. Uncertainty","E: Conc. Uncertainty","1b","1b","1b","1b","1b","1b","1b"
"2025-03-06 08:00:00","PM2.5",0,0,0,512.8235,36.8363,227.5404,114.0429,3.7292,NA,1.9272,0.8085,130.0765036,0,0,2.5886913,21.35515179,0,0,1.938858143,NA,4.577114023,0,NA,0,0,NA,0,0,0,NA,0,0.2332,0,0,0,0,0,0,1.549788394,0,"1b","1b","1b","1b","1b","1b","1b","1b","E: Conc. Uncertainty","1b","1b","1b","1b","1b","1b","1b","1b","1b","1b","E: Conc. Uncertainty","1b","1b","E: Conc. Uncertainty","1b","1b","E: Conc. Uncertainty","1b","1b","1b","E: Conc. Uncertainty","1b","1b","1b","1b","1b","1b","1b","1b","1b","1b"
"2025-03-06 09:00:00","PM10",0,267.8859,0,502.6678,249.6075,275.1526,319.9876,11.9638,0,2.3133,2.2462,242.4838542,0,NA,4.761744455,21.58852964,0,0,2.691659124,NA,4.370177883,NA,0,NA,0,0,0,0,0,NA,NA,NA,0,0,0,0,0,0,2.546260794,0,"1b","1b","1b","1b","1b","1b","1b","1b","1b","1b","1b","1b","1b","E: Conc. Uncertainty","1b","1b","1b","1b","1b","E: Conc. Uncertainty","1b","E: Conc. Uncertainty","1b","E: Conc. Uncertainty","1b","1b","1b","1b","1b","E: Conc. Uncertainty","E: Conc. Uncertainty","E: Conc. Uncertainty","1b","1b","1b","1b","1b","1b","1b","1b"
"2025-03-06 10:00:00","PM2.5",0,NA,0,542.537,131.0138,248.8335,108.3572,4.5941,NA,0.9922,NA,109.3999919,0,NA,2.711932941,23.00680369,0,0,1.828695688,NA,8.817237375,NA,NA,0,NA,0,0,0,0,NA,NA,NA,0,0,0,0,0,0,4.108064615,0,"1b","E: Conc. Uncertainty","1b","1b","1b","1b","1b","1b","E: Conc. Uncertainty","1b","E: Conc. Uncertainty","1b","1b","E: Conc. Uncertainty","1b","1b","1b","1b","1b","E: Conc. Uncertainty","1b","E: Conc. Uncertainty","E: Conc. Uncertainty","1b","E: Conc. Uncertainty","1b","1b","1b","1b","E: Conc. Uncertainty","E: Conc. Uncertainty","E: Conc. Uncertainty","1b","1b","1b","1b","1b","1b","1b","1b"
"2025-03-06 11:00:00","PM10",0,335.6803,0,545.8464,283.834,227.2068,334.501,13.0695,1.2177,1.6508,1.3283,201.9736909,0,NA,3.775935214,20.14763004,0,0,1.407862208,NA,5.268350747,NA,0,NA,0,0,NA,NA,0,NA,NA,0,0,0,0,0,0,0,2.370616422,0,"1b","1b","1b","1b","1b","1b","1b","1b","1b","1b","1b","1b","1b","E: Conc. Uncertainty","1b","1b","1b","1b","1b","E: Conc. Uncertainty","1b","E: Conc. Uncertainty","1b","E: Conc. Uncertainty","1b","1b","E: Conc. Uncertainty","E: Conc. Uncertainty","1b","E: Conc. Uncertainty","E: Conc. Uncertainty","1b","1b","1b","1b","1b","1b","1b","1b","1b"
"2025-03-06 12:00:00","PM2.5",0,NA,0,405.3652,66.297,158.2458,89.1062,4.4155,NA,1.2358,NA,87.3633707,0,NA,1.761951309,14.35213978,0,0,1.534298602,NA,3.467483276,0,0,0,0,0,NA,0,0,0,NA,NA,0,0,0,0,0,0,1.324943234,0,"1b","E: Conc. Uncertainty","1b","1b","1b","1b","1b","1b","E: Conc. Uncertainty","1b","E: Conc. Uncertainty","1b","1b","E: Conc. Uncertainty","1b","1b","1b","1b","1b","E: Conc. Uncertainty","1b","1b","1b","1b","1b","1b","E: Conc. Uncertainty","1b","1b","1b","E: Conc. Uncertainty","E: Conc. Uncertainty","1b","1b","1b","1b","1b","1b","1b","1b"
"2025-03-06 13:00:00","PM10",0,530.1232,0,407.1896,162.9346,189.5475,365.986,14.7495,1.2304,1.3136,1.5845,197.6433147,0,NA,2.722358922,17.05149975,0,0,1.707391967,NA,4.058515506,NA,0,0,0,0,NA,NA,0,0,NA,NA,0,0,0,0,0,0,1.096614133,0,"1b","1b","1b","1b","1b","1b","1b","1b","1b","1b","1b","1b","1b","E: Conc. Uncertainty","1b","1b","1b","1b","1b","E: Conc. Uncertainty","1b","E: Conc. Uncertainty","1b","1b","1b","1b","E: Conc. Uncertainty","E: Conc. Uncertainty","1b","1b","E: Conc. Uncertainty","E: Conc. Uncertainty","1b","1b","1b","1b","1b","1b","1b","1b"
"2025-03-06 14:00:00","PM2.5",0,352.7836,0,460.7651,43.5595,164.8896,238.0234,10.1134,NA,1.5842,0,132.7828647,0,NA,1.477862766,15.02023772,0,0,1.284662314,0,4.769512034,NA,NA,0,0,0,0,0,0,0,NA,NA,0,0,0,0,0,0,1.120784657,0,"1b","1b","1b","1b","1b","1b","1b","1b","E: Conc. Uncertainty","1b","1b","1b","1b","E: Conc. Uncertainty","1b","1b","1b","1b","1b","1b","1b","E: Conc. Uncertainty","E: Conc. Uncertainty","1b","1b","1b","1b","1b","1b","1b","E: Conc. Uncertainty","E: Conc. Uncertainty","1b","1b","1b","1b","1b","1b","1b","1b"
"2025-03-06 15:00:00","PM10",0,1254.9252,0,485.0053,259.6034,243.8866,677.1646,33.7533,0.9567,2.2314,3.2203,345.3198897,0,NA,3.299937905,17.84785773,0,0,1.329499069,0,5.604202083,3.363600273,0,0,0,0,0,0,0,NA,NA,NA,0,0,0,0,0,0,2.752700103,0,"1b","1b","1b","1b","1b","1b","1b","1b","1b","1b","1b","1b","1b","E: Conc. Uncertainty","1b","1b","1b","1b","1b","1b","1b","1b","1b","1b","1b","1b","1b","1b","1b","E: Conc. Uncertainty","E: Conc. Uncertainty","E: Conc. Uncertainty","1b","1b","1b","1b","1b","1b","1b","1b"
"2025-03-06 16:00:00","PM2.5",0,380.5968,0,431.2953,203.0772,207.6728,211.0636,12.2322,NA,1.4345,1.1477,165.2055757,0,NA,3.417403169,20.97073677,0,0,1.977120922,NA,36.7256038,1.912179774,0,0,0,NA,NA,0,0,0,NA,NA,0,0,0,0,0,0,3.962356942,0,"1b","1b","1b","1b","1b","1b","1b","1b","E: Conc. Uncertainty","1b","1b","1b","1b","E: Conc. Uncertainty","1b","1b","1b","1b","1b","E: Conc. Uncertainty","1b","1b","1b","1b","1b","E: Conc. Uncertainty","E: Conc. Uncertainty","1b","1b","1b","E: Conc. Uncertainty","E: Conc. Uncertainty","1b","1b","1b","1b","1b","1b","1b","1b"
"2025-03-06 17:00:00","PM10",0,921.6059,0,430.1309,449.1252,270.0373,567.5966,20.453,NA,1.7267,2.5382,294.3414689,0,NA,3.582755496,19.83337915,0,0,2.025312847,0,7.683131217,2.649356997,0,0,0,0,NA,0,0,0,NA,NA,0,0,0,0,0,0,NA,0,"1b","1b","1b","1b","1b","1b","1b","1b","E: Conc. Uncertainty","1b","1b","1b","1b","E: Conc. Uncertainty","1b","1b","1b","1b","1b","1b","1b","1b","1b","1b","1b","1b","E: Conc. Uncertainty","1b","1b","1b","E: Conc. Uncertainty","E: Conc. Uncertainty","1b","1b","1b","1b","1b","1b","E: Conc. Uncertainty","1b"
"2025-03-06 18:00:00","PM2.5",0,215.0732,0,459.959,152.7786,241.9275,145.3154,8.5951,NA,1.2337,NA,115.9493271,0.005059142,NA,2.279688104,13.47087685,0,0,1.589354425,NA,6.406522934,NA,0,0,0,0,NA,0,0,0,NA,0,0,0,0,0,0,0,2.119872147,0,"1b","1b","1b","1b","1b","1b","1b","1b","E: Conc. Uncertainty","1b","E: Conc. Uncertainty","1b","1b","E: Conc. Uncertainty","1b","1b","1b","1b","1b","E: Conc. Uncertainty","1b","E: Conc. Uncertainty","1b","1b","1b","1b","E: Conc. Uncertainty","1b","1b","1b","E: Conc. Uncertainty","1b","1b","1b","1b","1b","1b","1b","1b","1b"
"2025-03-06 19:00:00","PM10",0,697.3195,0,497.4219,549.7786,296.606,476.9763,24.8388,NA,1.8018,1.0491,260.3760086,0,NA,2.952114794,15.93483872,0,0,2.044562102,0,8.56784415,1.695280584,NA,NA,0,0,0,NA,0,NA,0,0,0,0,0,0,0,0,0,0,"1b","1b","1b","1b","1b","1b","1b","1b","E: Conc. Uncertainty","1b","1b","1b","1b","E: Conc. Uncertainty","1b","1b","1b","1b","1b","1b","1b","1b","E: Conc. Uncertainty","E: Conc. Uncertainty","1b","1b","1b","E: Conc. Uncertainty","1b","E: Conc. Uncertainty","1b","1b","1b","1b","1b","1b","1b","1b","1b","1b"
"2025-03-06 20:00:00","PM2.5",0,204.6715,0,530.3377,195.2422,265.783,131.8709,7.2397,NA,1.5964,NA,109.600614,0,NA,2.299158331,13.82805766,0,0,2.175764414,NA,7.113848906,NA,NA,0,0,NA,0,0,0,NA,0,0,0,0,0,0,0,0,NA,0,"1b","1b","1b","1b","1b","1b","1b","1b","E: Conc. Uncertainty","1b","E: Conc. Uncertainty","1b","1b","E: Conc. Uncertainty","1b","1b","1b","1b","1b","E: Conc. Uncertainty","1b","E: Conc. Uncertainty","E: Conc. Uncertainty","1b","1b","E: Conc. Uncertainty","1b","1b","1b","E: Conc. Uncertainty","1b","1b","1b","1b","1b","1b","1b","1b","E: Conc. Uncertainty","1b"
"2025-03-06 21:00:00","PM10",0,545.7434,0,483.9733,588.3348,325.4312,356.9705,17.4148,NA,1.3532,1.4962,207.0337024,0,NA,2.449171445,13.36161046,0,0,1.399162788,NA,8.571830154,1.539044437,NA,0,0,0,0,NA,0,0,0,NA,0,0,0,0,0,0,1.983194647,0,"1b","1b","1b","1b","1b","1b","1b","1b","E: Conc. Uncertainty","1b","1b","1b","1b","E: Conc. Uncertainty","1b","1b","1b","1b","1b","E: Conc. Uncertainty","1b","1b","E: Conc. Uncertainty","1b","1b","1b","1b","E: Conc. Uncertainty","1b","1b","1b","E: Conc. Uncertainty","1b","1b","1b","1b","1b","1b","1b","1b"
"2025-03-06 22:00:00","PM2.5",0,NA,0,450.0315,143.3414,246.3896,101.0513,9.5895,NA,1.622,NA,91.7343828,NA,NA,1.68723844,12.44176196,0,0,0.931136658,NA,6.037990408,NA,NA,0,0,0,0,NA,0,0,NA,NA,0,0,0,0,0,0,1.561944425,0,"1b","E: Conc. Uncertainty","1b","1b","1b","1b","1b","1b","E: Conc. Uncertainty","1b","E: Conc. Uncertainty","1b","E: Conc. Uncertainty","E: Conc. Uncertainty","1b","1b","1b","1b","1b","E: Conc. Uncertainty","1b","E: Conc. Uncertainty","E: Conc. Uncertainty","1b","1b","1b","1b","E: Conc. Uncertainty","1b","1b","E: Conc. Uncertainty","E: Conc. Uncertainty","1b","1b","1b","1b","1b","1b","1b","1b"
"2025-03-06 23:00:00","PM10",0,637.9935,0,576.2204,604.6161,279.9959,332.4304,33.4642,3.0102,1.5149,1.611,199.4166429,0,NA,3.078731815,13.8027222,NA,0,1.432719345,NA,8.324982681,2.611210726,NA,0,0,0,0,0,0,NA,NA,NA,0,0,0,0,0,0,NA,0,"1b","1b","1b","1b","1b","1b","1b","1b","1b","1b","1b","1b","1b","E: Conc. Uncertainty","1b","1b","E: Conc. Uncertainty","1b","1b","E: Conc. Uncertainty","1b","1b","E: Conc. Uncertainty","1b","1b","1b","1b","1b","1b","E: Conc. Uncertainty","E: Conc. Uncertainty","E: Conc. Uncertainty","1b","1b","1b","1b","1b","1b","E: Conc. Uncertainty","1b"
"2025-03-07 00:30:00","PM2.5",0,NA,0,511.5051,235.9292,229.9644,107.0505,14.8286,0.0064,1.4397,0,107.8221028,0,0,1.706957511,11.45675592,0,0,1.516778662,NA,5.677556084,0,0,0,0,NA,0,0,0,NA,NA,0,0,0,0,0,0,0,0,0,"1b","E: Conc. Uncertainty","1b","1b","1b","1b","1b","1b","1b","1b","1b","1b","1b","1b","1b","1b","1b","1b","1b","E: Conc. Uncertainty","1b","1b","1b","1b","1b","E: Conc. Uncertainty","1b","1b","1b","E: Conc. Uncertainty","E: Conc. Uncertainty","1b","1b","1b","1b","1b","1b","1b","1b","1b"
"2025-03-07 01:00:00","PM10",0,547.7617,0,522.6069,766.3962,262.3217,317.2306,15.907,0.8303,0.9788,1.2594,187.1849274,0,NA,1.954157381,11.11319718,NA,0,1.678104426,NA,7.309725148,NA,NA,0,0,9.3203,0,0,0,0,NA,NA,0,0,0,0,0,0,0,0,"1b","1b","1b","1b","1b","1b","1b","1b","1b","1b","1b","1b","1b","E: Conc. Uncertainty","1b","1b","E: Conc. Uncertainty","1b","1b","E: Conc. Uncertainty","1b","E: Conc. Uncertainty","E: Conc. Uncertainty","1b","1b","1b","1b","1b","1b","1b","E: Conc. Uncertainty","E: Conc. Uncertainty","1b","1b","1b","1b","1b","1b","1b","1b"
"2025-03-07 02:00:00","PM2.5",0,NA,0,490.6011,240.3351,182.9116,94.8923,7.4512,NA,1.3759,NA,81.34325143,0,NA,1.086387009,8.200892222,0,0,1.722171412,0,5.468833201,NA,NA,0,0,0,0,0,0,0,0,0,0,0,0,0,0,0,0,0,"1b","E: Conc. Uncertainty","1b","1b","1b","1b","1b","1b","E: Conc. Uncertainty","1b","E: Conc. Uncertainty","1b","1b","E: Conc. Uncertainty","1b","1b","1b","1b","1b","1b","1b","E: Conc. Uncertainty","E: Conc. Uncertainty","1b","1b","1b","1b","1b","1b","1b","1b","1b","1b","1b","1b","1b","1b","1b","1b","1b"
"2025-03-07 03:00:00","PM10",0,413.9206,0,554.4202,1205.2093,240.8327,280.4132,13.8389,NA,0.9969,0.7734,152.8088664,0,NA,1.40996192,10.57833914,0,0,1.003970921,NA,5.91613212,2.045685951,0,0,0,NA,0,0,0,NA,NA,NA,0,0,0,0,0,0,0,0,"1b","1b","1b","1b","1b","1b","1b","1b","E: Conc. Uncertainty","1b","1b","1b","1b","E: Conc. Uncertainty","1b","1b","1b","1b","1b","E: Conc. Uncertainty","1b","1b","1b","1b","1b","E: Conc. Uncertainty","1b","1b","1b","E: Conc. Uncertainty","E: Conc. Uncertainty","E: Conc. Uncertainty","1b","1b","1b","1b","1b","1b","1b","1b"
"2025-03-07 04:00:00","PM2.5",0,171.1582,0,435.9362,258.0675,135.19,130.9981,5.3296,NA,0.9358,0,67.07676953,0,NA,0.918423465,7.628455036,0,0,NA,NA,4.468072105,NA,NA,0,0,9.4095,0,0,0,NA,NA,NA,0,0,0,0,0,0,0,0,"1b","1b","1b","1b","1b","1b","1b","1b","E: Conc. Uncertainty","1b","1b","1b","1b","E: Conc. Uncertainty","1b","1b","1b","1b","E: Conc. Uncertainty","E: Conc. Uncertainty","1b","E: Conc. Uncertainty","E: Conc. Uncertainty","1b","1b","1b","1b","1b","1b","E: Conc. Uncertainty","E: Conc. Uncertainty","E: Conc. Uncertainty","1b","1b","1b","1b","1b","1b","1b","1b"
"2025-03-07 05:00:00","PM10",0,512.8757,0,524.4367,1091.2857,195.4405,390.8144,14.0331,NA,1.1691,1.6062,155.5641276,0,NA,1.16348519,9.839371023,0,0,0.701378301,0,6.184058059,2.201784879,NA,0,0,NA,0,0,0,NA,NA,NA,0,0,0,0,0,0,NA,0,"1b","1b","1b","1b","1b","1b","1b","1b","E: Conc. Uncertainty","1b","1b","1b","1b","E: Conc. Uncertainty","1b","1b","1b","1b","1b","1b","1b","1b","E: Conc. Uncertainty","1b","1b","E: Conc. Uncertainty","1b","1b","1b","E: Conc. Uncertainty","E: Conc. Uncertainty","E: Conc. Uncertainty","1b","1b","1b","1b","1b","1b","E: Conc. Uncertainty","1b"
"2025-03-07 06:00:00","PM2.5",0,188.8911,0,419.4629,264.0997,124.5222,164.3937,7.0072,NA,1.241,NA,88.10787908,0,NA,1.076234417,8.445245661,0,0,0.858021674,0,4.184857003,2.311517151,NA,0,0,NA,0,0,NA,0.0242,0,0,0,0,0,0,0.017385725,0,0,0,"1b","1b","1b","1b","1b","1b","1b","1b","E: Conc. Uncertainty","1b","E: Conc. Uncertainty","1b","1b","E: Conc. Uncertainty","1b","1b","1b","1b","1b","1b","1b","1b","E: Conc. Uncertainty","1b","1b","E: Conc. Uncertainty","1b","1b","E: Conc. Uncertainty","1b","1b","1b","1b","1b","1b","1b","1b","1b","1b","1b"
"2025-03-07 07:00:00","PM10",0,563.5344,0,513.8784,818.9644,191.8863,315.17,16.8754,NA,1.8151,1.4103,235.5704807,0,NA,2.754274026,10.47175072,0,0,1.083201042,0,4.888905849,1.951540685,NA,NA,0,0,0,0,0,0,0,NA,0,0,0,0,0,0,0,0,"1b","1b","1b","1b","1b","1b","1b","1b","E: Conc. Uncertainty","1b","1b","1b","1b","E: Conc. Uncertainty","1b","1b","1b","1b","1b","1b","1b","1b","E: Conc. Uncertainty","E: Conc. Uncertainty","1b","1b","1b","1b","1b","1b","1b","E: Conc. Uncertainty","1b","1b","1b","1b","1b","1b","1b","1b"
"2025-03-07 08:00:00","PM2.5",0,317.436,0,515.1936,424.5478,170.3125,146.2252,10.4909,NA,1.7151,NA,153.2194973,0,NA,1.948855195,11.13177979,0,0,1.156945151,0,5.076218581,1.77503816,NA,NA,0,NA,NA,NA,0,0,0,0,0,0,0,0,0,0,NA,0,"1b","1b","1b","1b","1b","1b","1b","1b","E: Conc. Uncertainty","1b","E: Conc. Uncertainty","1b","1b","E: Conc. Uncertainty","1b","1b","1b","1b","1b","1b","1b","1b","E: Conc. Uncertainty","E: Conc. Uncertainty","1b","E: Conc. Uncertainty","E: Conc. Uncertainty","E: Conc. Uncertainty","1b","1b","1b","1b","1b","1b","1b","1b","1b","1b","E: Conc. Uncertainty","1b"
"2025-03-07 09:00:00","PM10",0,1056.512,0,551.2802,655.1395,279.216,534.8693,26.7962,0.9265,1.5185,3.0227,347.5684834,0,NA,4.051754315,17.22098868,NA,0,1.363806578,NA,6.107843536,2.891841013,NA,NA,0,NA,NA,0,0,NA,NA,NA,0,0,0,0,0,0,1.539665418,0,"1b","1b","1b","1b","1b","1b","1b","1b","1b","1b","1b","1b","1b","E: Conc. Uncertainty","1b","1b","E: Conc. Uncertainty","1b","1b","E: Conc. Uncertainty","1b","1b","E: Conc. Uncertainty","E: Conc. Uncertainty","1b","E: Conc. Uncertainty","E: Conc. Uncertainty","1b","1b","E: Conc. Uncertainty","E: Conc. Uncertainty","E: Conc. Uncertainty","1b","1b","1b","1b","1b","1b","1b","1b"
"2025-03-07 10:00:00","PM2.5",0,368.6326,0,586.8162,207.3171,204.8242,190.279,13.9665,0.8374,1.4156,NA,147.6053416,0,NA,1.443548305,14.58518353,0,0,1.434730429,NA,5.07188552,2.102092084,NA,NA,NA,0,0,NA,0,0,NA,NA,0,0,0,0,0,0,0,0,"1b","1b","1b","1b","1b","1b","1b","1b","1b","1b","E: Conc. Uncertainty","1b","1b","E: Conc. Uncertainty","1b","1b","1b","1b","1b","E: Conc. Uncertainty","1b","1b","E: Conc. Uncertainty","E: Conc. Uncertainty","E: Conc. Uncertainty","1b","1b","E: Conc. Uncertainty","1b","1b","E: Conc. Uncertainty","E: Conc. Uncertainty","1b","1b","1b","1b","1b","1b","1b","1b"
"2025-03-07 11:00:00","PM10",0,1206.1424,0,733.7965,1060.6375,285.0084,586.6005,27.9295,1.3611,2.0443,2.8273,305.0879479,0,NA,2.523208469,19.42720888,0.007033795,0,1.96213355,0,7.089800489,3.641805782,NA,NA,0,0,0,NA,0,0,NA,NA,0,0,0,0,0,0,0,0,"1b","1b","1b","1b","1b","1b","1b","1b","1b","1b","1b","1b","1b","E: Conc. Uncertainty","1b","1b","1b","1b","1b","1b","1b","1b","E: Conc. Uncertainty","E: Conc. Uncertainty","1b","1b","1b","E: Conc. Uncertainty","1b","1b","E: Conc. Uncertainty","E: Conc. Uncertainty","1b","1b","1b","1b","1b","1b","1b","1b"
"2025-03-07 12:00:00","PM2.5",0,402.8421,0,688.1551,338.0703,181.5249,197.4475,13.8334,1.1321,1.3485,NA,142.6914973,0,NA,1.08983194,17.399943,0,0,1.818839768,NA,6.187858183,NA,NA,0,0,NA,0,0,0,0,NA,0,0,0,0,0,0,0,0,0,"1b","1b","1b","1b","1b","1b","1b","1b","1b","1b","E: Conc. Uncertainty","1b","1b","E: Conc. Uncertainty","1b","1b","1b","1b","1b","E: Conc. Uncertainty","1b","E: Conc. Uncertainty","E: Conc. Uncertainty","1b","1b","E: Conc. Uncertainty","1b","1b","1b","1b","E: Conc. Uncertainty","1b","1b","1b","1b","1b","1b","1b","1b","1b"
"2025-03-07 13:00:00","PM10",0,836.5373,0,760.5047,1061.9287,236.8946,514.8028,21.5425,1.109,2.1217,1.8672,255.2896402,0,NA,2.58116549,19.47153527,0,0,1.883369507,NA,7.132607832,1.910514678,NA,0,0,0,NA,0,0,0,NA,0,0,0,0,0,0,0,NA,0,"1b","1b","1b","1b","1b","1b","1b","1b","1b","1b","1b","1b","1b","E: Conc. Uncertainty","1b","1b","1b","1b","1b","E: Conc. Uncertainty","1b","1b","E: Conc. Uncertainty","1b","1b","1b","E: Conc. Uncertainty","1b","1b","1b","E: Conc. Uncertainty","1b","1b","1b","1b","1b","1b","1b","E: Conc. Uncertainty","1b"
"2025-03-07 14:00:00","PM2.5",0,282.0995,0,704.5884,286.9688,146.6076,170.2183,10.0238,NA,1.3304,NA,231.0653159,0,NA,1.423631828,13.66755587,0,0,2.258422848,NA,5.487400092,NA,NA,0,0,0,0,0,0,0,NA,NA,0,0,0,0,0,0,1.983098305,0,"1b","1b","1b","1b","1b","1b","1b","1b","E: Conc. Uncertainty","1b","E: Conc. Uncertainty","1b","1b","E: Conc. Uncertainty","1b","1b","1b","1b","1b","E: Conc. Uncertainty","1b","E: Conc. Uncertainty","E: Conc. Uncertainty","1b","1b","1b","1b","1b","1b","1b","E: Conc. Uncertainty","E: Conc. Uncertainty","1b","1b","1b","1b","1b","1b","1b","1b"
"2025-03-07 15:00:00","PM10",0,630.6566,0,854.6288,855.3196,189.2863,405.8143,18.5685,0.8448,1.7118,1.41,221.200789,0,NA,2.255704002,12.66144054,0,0,1.032536197,NA,5.940692614,1.616865951,0,NA,0,0,0,NA,0,0,NA,NA,0,0,0,0.010177729,0,0,NA,0,"1b","1b","1b","1b","1b","1b","1b","1b","1b","1b","1b","1b","1b","E: Conc. Uncertainty","1b","1b","1b","1b","1b","E: Conc. Uncertainty","1b","1b","1b","E: Conc. Uncertainty","1b","1b","1b","E: Conc. Uncertainty","1b","1b","E: Conc. Uncertainty","E: Conc. Uncertainty","1b","1b","1b","1b","1b","1b","E: Conc. Uncertainty","1b"
"2025-03-07 16:00:00","PM2.5",0,227.373,0,782.1718,254.9913,128.659,140.5493,8.0395,NA,1.2087,NA,103.2796252,0,NA,1.51883689,10.22264093,0,0,0.969618577,NA,5.123216377,NA,NA,0,0,0,0,0,NA,NA,0,0,0,0,0,0,0,0,0,0,"1b","1b","1b","1b","1b","1b","1b","1b","E: Conc. Uncertainty","1b","E: Conc. Uncertainty","1b","1b","E: Conc. Uncertainty","1b","1b","1b","1b","1b","E: Conc. Uncertainty","1b","E: Conc. Uncertainty","E: Conc. Uncertainty","1b","1b","1b","1b","1b","E: Conc. Uncertainty","E: Conc. Uncertainty","1b","1b","1b","1b","1b","1b","1b","1b","1b","1b"
"2025-03-07 17:00:00","PM10",0,439.3501,0,844.0537,850.0691,168.7562,285.7885,13.2398,1.2848,1.6579,NA,175.2508871,0,NA,1.718315015,10.90908074,0,0,0.888054011,NA,5.586409899,2.340504926,NA,0,0,0,0,NA,0,NA,NA,NA,0,0,0,0,0,0,0,0,"1b","1b","1b","1b","1b","1b","1b","1b","1b","1b","E: Conc. Uncertainty","1b","1b","E: Conc. Uncertainty","1b","1b","1b","1b","1b","E: Conc. Uncertainty","1b","1b","E: Conc. Uncertainty","1b","1b","1b","1b","E: Conc. Uncertainty","1b","E: Conc. Uncertainty","E: Conc. Uncertainty","E: Conc. Uncertainty","1b","1b","1b","1b","1b","1b","1b","1b"
"2025-03-07 18:00:00","PM2.5",0,158.2747,0,710.441,319.0911,147.6512,119.2032,6.337,NA,1.2274,0,94.92560991,0,NA,1.700769763,11.49207836,0,0,1.55137865,NA,7.411477213,NA,NA,0,0,NA,0,0,0,0,NA,NA,0,0,0,0,0,0,0,0,"1b","1b","1b","1b","1b","1b","1b","1b","E: Conc. Uncertainty","1b","1b","1b","1b","E: Conc. Uncertainty","1b","1b","1b","1b","1b","E: Conc. Uncertainty","1b","E: Conc. Uncertainty","E: Conc. Uncertainty","1b","1b","E: Conc. Uncertainty","1b","1b","1b","1b","E: Conc. Uncertainty","E: Conc. Uncertainty","1b","1b","1b","1b","1b","1b","1b","1b"
"2025-03-07 19:00:00","PM10",0,300.3326,0,931.8299,962.7354,213.4491,361.5292,12.1481,NA,1.3635,1.0694,181.0453958,0,0.822700954,2.238457703,10.75921196,0,0,1.768553664,NA,7.584151665,1.667931901,0,NA,0,0,0.0733,NA,0,0,0,NA,0,0,0,0,0,0,1.168079455,0,"1b","1b","1b","1b","1b","1b","1b","1b","E: Conc. Uncertainty","1b","1b","1b","1b","1b","1b","1b","1b","1b","1b","E: Conc. Uncertainty","1b","1b","1b","E: Conc. Uncertainty","1b","1b","1b","E: Conc. Uncertainty","1b","1b","1b","E: Conc. Uncertainty","1b","1b","1b","1b","1b","1b","1b","1b"
"2025-03-07 20:00:00","PM2.5",0,NA,0,763.6609,233.2989,243.8184,111.5626,7.8935,0,0.8865,NA,83.7597874,0,NA,3.791901276,7.997037052,0,0,1.710598393,0,5.726991335,5.894586256,0,0,0,NA,NA,0,0,0,NA,0,9.0549,0,0,0,0,0,0,NA,"1b","E: Conc. Uncertainty","1b","1b","1b","1b","1b","1b","1b","1b","E: Conc. Uncertainty","1b","1b","E: Conc. Uncertainty","1b","1b","1b","1b","1b","1b","1b","1b","1b","1b","1b","E: Conc. Uncertainty","E: Conc. Uncertainty","1b","1b","1b","E: Conc. Uncertainty","1b","1b","1b","1b","1b","1b","1b","1b","E: Conc. Uncertainty"
"2025-03-07 21:00:00","PM10",0,366.1936,0,801.977,551.7928,187.2035,232.5655,10.742,0.9716,1.6284,0.7824,200.8074553,0,NA,2.440892193,9.3620716,0,0,1.418801243,0,5.295554311,NA,0,0,0,0,0,NA,0,0,0,NA,0,0,0,0,0,0,NA,0,"1b","1b","1b","1b","1b","1b","1b","1b","1b","1b","1b","1b","1b","E: Conc. Uncertainty","1b","1b","1b","1b","1b","1b","1b","E: Conc. Uncertainty","1b","1b","1b","1b","1b","E: Conc. Uncertainty","1b","1b","1b","E: Conc. Uncertainty","1b","1b","1b","1b","1b","1b","E: Conc. Uncertainty","1b"
"2025-03-07 22:00:00","PM2.5",0,NA,0,809.2327,144.763,149.1493,86.1281,6.3127,NA,1.2505,0,116.4680561,0,NA,2.218865121,12.99141107,0,0,1.551207946,NA,8.798353449,NA,0,0,0,0,0,NA,0,0,NA,NA,NA,0,0,0,0,0,1.083335029,0,"1b","E: Conc. Uncertainty","1b","1b","1b","1b","1b","1b","E: Conc. Uncertainty","1b","1b","1b","1b","E: Conc. Uncertainty","1b","1b","1b","1b","1b","E: Conc. Uncertainty","1b","E: Conc. Uncertainty","1b","1b","1b","1b","1b","E: Conc. Uncertainty","1b","1b","E: Conc. Uncertainty","E: Conc. Uncertainty","E: Conc. Uncertainty","1b","1b","1b","1b","1b","1b","1b"
"2025-03-07 23:00:00","PM10",0,409.3005,0,878.8632,435.915,205.7228,263.7792,10.5919,NA,1.1973,NA,223.2271188,0,0,2.802579254,17.17858487,0,0,2.298729697,NA,8.080011798,1.96460645,0,0,0,NA,0,NA,0,NA,NA,NA,0,0,0,0,0,0,NA,0,"1b","1b","1b","1b","1b","1b","1b","1b","E: Conc. Uncertainty","1b","E: Conc. Uncertainty","1b","1b","1b","1b","1b","1b","1b","1b","E: Conc. Uncertainty","1b","1b","1b","1b","1b","E: Conc. Uncertainty","1b","E: Conc. Uncertainty","1b","E: Conc. Uncertainty","E: Conc. Uncertainty","E: Conc. Uncertainty","1b","1b","1b","1b","1b","1b","E: Conc. Uncertainty","1b"
"2025-03-08 00:30:00","PM2.5",0,NA,0,876.4211,141.7582,162.2492,80.0036,6.445,0,2.5361,0,120.2520176,0,NA,2.445788355,14.46884353,0,0,NA,0,5.523994303,NA,NA,NA,0,NA,0,0,0,0,NA,0,0,0,0,NA,0,0,2.015088031,0,"1b","E: Conc. Uncertainty","1b","1b","1b","1b","1b","1b","1b","1b","1b","1b","1b","E: Conc. Uncertainty","1b","1b","1b","1b","E: Conc. Uncertainty","1b","1b","E: Conc. Uncertainty","E: Conc. Uncertainty","E: Conc. Uncertainty","1b","E: Conc. Uncertainty","1b","1b","1b","1b","E: Conc. Uncertainty","1b","1b","1b","1b","E: Conc. Uncertainty","1b","1b","1b","1b"
"2025-03-08 01:00:00","PM10",0,397.1223,0,925.1357,305.5018,205.5149,267.234,12.4296,NA,1.7609,0.9643,235.2602257,0,NA,3.983133708,16.48958079,0,0,1.838782286,0,8.542094435,1.403212336,NA,0,0,0,NA,0,0,NA,NA,NA,0,0,0,0,0,0,3.571641001,0,"1b","1b","1b","1b","1b","1b","1b","1b","E: Conc. Uncertainty","1b","1b","1b","1b","E: Conc. Uncertainty","1b","1b","1b","1b","1b","1b","1b","1b","E: Conc. Uncertainty","1b","1b","1b","E: Conc. Uncertainty","1b","1b","E: Conc. Uncertainty","E: Conc. Uncertainty","E: Conc. Uncertainty","1b","1b","1b","1b","1b","1b","1b","1b"
"2025-03-08 02:00:00","PM2.5",0,NA,0,783.326,71.0797,157.5972,75.1106,5.7027,NA,NA,0,106.3922622,0,NA,2.160991436,14.46215496,0,0,1.504505604,NA,6.268953032,NA,0,0,0,NA,0,0,0,0,0,0,0,0,0,0,0,0,3.633723887,0,"1b","E: Conc. Uncertainty","1b","1b","1b","1b","1b","1b","E: Conc. Uncertainty","E: Conc. Uncertainty","1b","1b","1b","E: Conc. Uncertainty","1b","1b","1b","1b","1b","E: Conc. Uncertainty","1b","E: Conc. Uncertainty","1b","1b","1b","E: Conc. Uncertainty","1b","1b","1b","1b","1b","1b","1b","1b","1b","1b","1b","1b","1b","1b"
"2025-03-08 03:00:00","PM10",0,275.5052,0,897.0916,205.852,203.6385,222.4951,10.9572,0,1.738,1.304,240.1077547,0,NA,4.090960015,16.70345059,0,0,2.645366957,0,7.059275253,NA,0,NA,0,0,0,0,NA,NA,NA,NA,0,0,0,0,0,0,2.093190475,0,"1b","1b","1b","1b","1b","1b","1b","1b","1b","1b","1b","1b","1b","E: Conc. Uncertainty","1b","1b","1b","1b","1b","1b","1b","E: Conc. Uncertainty","1b","E: Conc. Uncertainty","1b","1b","1b","1b","E: Conc. Uncertainty","E: Conc. Uncertainty","E: Conc. Uncertainty","E: Conc. Uncertainty","1b","1b","1b","1b","1b","1b","1b","1b"
"2025-03-08 04:00:00","PM2.5",0,NA,0,810.8234,144.2503,180.1501,61.0038,6.0564,NA,0.9688,NA,124.4330296,0,NA,3.350547269,15.46857405,0,0,1.581275773,0,6.734215751,NA,NA,0,0,NA,0,0,0,0,NA,NA,0,0,0,0,0,0,5.539133534,0,"1b","E: Conc. Uncertainty","1b","1b","1b","1b","1b","1b","E: Conc. Uncertainty","1b","E: Conc. Uncertainty","1b","1b","E: Conc. Uncertainty","1b","1b","1b","1b","1b","1b","1b","E: Conc. Uncertainty","E: Conc. Uncertainty","1b","1b","E: Conc. Uncertainty","1b","1b","1b","1b","E: Conc. Uncertainty","E: Conc. Uncertainty","1b","1b","1b","1b","1b","1b","1b","1b"
"2025-03-08 05:00:00","PM10",0,442.9266,0,855.7212,345.1042,225.5237,264.3343,13.6304,0,1.7283,1.9754,294.1256811,0,NA,5.975658196,18.81285329,0,0,2.448907674,NA,7.035107196,NA,NA,0,0,0,0,0,0,NA,NA,NA,NA,0,0,0,0,0,4.782196873,0,"1b","1b","1b","1b","1b","1b","1b","1b","1b","1b","1b","1b","1b","E: Conc. Uncertainty","1b","1b","1b","1b","1b","E: Conc. Uncertainty","1b","E: Conc. Uncertainty","E: Conc. Uncertainty","1b","1b","1b","1b","1b","1b","E: Conc. Uncertainty","E: Conc. Uncertainty","E: Conc. Uncertainty","E: Conc. Uncertainty","1b","1b","1b","1b","1b","1b","1b"
"2025-03-08 06:00:00","PM2.5",0,NA,0,849.2042,95.4107,161.8251,74.5668,6.2465,NA,1.8038,NA,140.7219085,0,NA,3.515275446,17.98943995,0,0,3.063828272,0,7.252138969,0,NA,NA,0,NA,0,0,0,0,NA,0,0,0,0,0,0,0,4.688376825,0,"1b","E: Conc. Uncertainty","1b","1b","1b","1b","1b","1b","E: Conc. Uncertainty","1b","E: Conc. Uncertainty","1b","1b","E: Conc. Uncertainty","1b","1b","1b","1b","1b","1b","1b","1b","E: Conc. Uncertainty","E: Conc. Uncertainty","1b","E: Conc. Uncertainty","1b","1b","1b","1b","E: Conc. Uncertainty","1b","1b","1b","1b","1b","1b","1b","1b","1b"
"2025-03-08 07:00:00","PM10",0,224.0315,0,862.3994,306.3519,215.2976,284.5646,13.4752,NA,0.9448,1.7228,289.0062213,0,0.009489772,6.570445266,27.2350755,0,0,3.309069249,NA,9.548787814,1.783150564,0,0,NA,0,0,NA,0,NA,NA,NA,NA,0,0,0,0,0,9.070165256,0,"1b","1b","1b","1b","1b","1b","1b","1b","E: Conc. Uncertainty","1b","1b","1b","1b","1b","1b","1b","1b","1b","1b","E: Conc. Uncertainty","1b","1b","1b","1b","E: Conc. Uncertainty","1b","1b","E: Conc. Uncertainty","1b","E: Conc. Uncertainty","E: Conc. Uncertainty","E: Conc. Uncertainty","E: Conc. Uncertainty","1b","1b","1b","1b","1b","1b","1b"
"2025-03-08 08:00:00","PM2.5",NA,NA,0,800.3566,118.1425,163.1512,102.5865,5.5908,NA,1.0656,NA,132.1617276,0,NA,4.292334934,25.6694008,0,0,2.526215094,NA,7.617601563,NA,NA,NA,0,0,0,NA,0,NA,NA,NA,0,0,0,0,0,0,13.39091631,0,"E: Conc. Uncertainty","E: Conc. Uncertainty","1b","1b","1b","1b","1b","1b","E: Conc. Uncertainty","1b","E: Conc. Uncertainty","1b","1b","E: Conc. Uncertainty","1b","1b","1b","1b","1b","E: Conc. Uncertainty","1b","E: Conc. Uncertainty","E: Conc. Uncertainty","E: Conc. Uncertainty","1b","1b","1b","E: Conc. Uncertainty","1b","E: Conc. Uncertainty","E: Conc. Uncertainty","E: Conc. Uncertainty","1b","1b","1b","1b","1b","1b","1b","1b"
"2025-03-08 09:00:00","PM10",0,329.0078,0,890.1893,1376.0766,214.6628,412.515,15.5607,NA,1.722,1.9985,295.8242619,NA,NA,7.198872769,69.68535211,0,0,4.158178526,NA,9.884245224,NA,0,NA,0,0,0,0,NA,0,NA,0,NA,0,0,0,0,0,29.78838993,0,"1b","1b","1b","1b","1b","1b","1b","1b","E: Conc. Uncertainty","1b","1b","1b","E: Conc. Uncertainty","E: Conc. Uncertainty","1b","1b","1b","1b","1b","E: Conc. Uncertainty","1b","E: Conc. Uncertainty","1b","E: Conc. Uncertainty","1b","1b","1b","1b","E: Conc. Uncertainty","1b","E: Conc. Uncertainty","1b","E: Conc. Uncertainty","1b","1b","1b","1b","1b","1b","1b"
"2025-03-08 10:00:00","PM2.5",0,NA,0,954.1361,248.9763,131.9016,112.0396,6.2591,NA,1.5601,NA,117.1158898,0,NA,3.26609241,14.24864072,0,0,2.463732258,NA,4.744099619,0,0,0,0,NA,0,0,0,0,NA,NA,0,0,0,0,0,0,1.434449264,0,"1b","E: Conc. Uncertainty","1b","1b","1b","1b","1b","1b","E: Conc. Uncertainty","1b","E: Conc. Uncertainty","1b","1b","E: Conc. Uncertainty","1b","1b","1b","1b","1b","E: Conc. Uncertainty","1b","1b","1b","1b","1b","E: Conc. Uncertainty","1b","1b","1b","1b","E: Conc. Uncertainty","E: Conc. Uncertainty","1b","1b","1b","1b","1b","1b","1b","1b"
"2025-03-08 11:00:00","PM10",0,279.3746,0,1190.6402,476.4726,156.3501,333.5138,13.3747,NA,1.4033,1.1169,183.8891091,0,0,2.57826489,10.77726289,0,0,1.739631922,NA,4.725648608,2.441399144,NA,0,0,0,0,NA,0,0,NA,0,NA,0,0,0,0,0,0,0,"1b","1b","1b","1b","1b","1b","1b","1b","E: Conc. Uncertainty","1b","1b","1b","1b","1b","1b","1b","1b","1b","1b","E: Conc. Uncertainty","1b","1b","E: Conc. Uncertainty","1b","1b","1b","1b","E: Conc. Uncertainty","1b","1b","E: Conc. Uncertainty","1b","E: Conc. Uncertainty","1b","1b","1b","1b","1b","1b","1b"
"2025-03-08 12:00:00","PM2.5",0,NA,0,1057.917,103.5244,168.3249,94.1472,4.0602,NA,1.1093,NA,98.71434968,0,NA,1.733847579,10.92527502,0,0,2.027974803,NA,5.575208361,NA,NA,0,0,0,NA,0,0,0,NA,NA,0,0,0,0,0,0,NA,0,"1b","E: Conc. Uncertainty","1b","1b","1b","1b","1b","1b","E: Conc. Uncertainty","1b","E: Conc. Uncertainty","1b","1b","E: Conc. Uncertainty","1b","1b","1b","1b","1b","E: Conc. Uncertainty","1b","E: Conc. Uncertainty","E: Conc. Uncertainty","1b","1b","1b","E: Conc. Uncertainty","1b","1b","1b","E: Conc. Uncertainty","E: Conc. Uncertainty","1b","1b","1b","1b","1b","1b","E: Conc. Uncertainty","1b"
"2025-03-08 13:00:00","PM10",0,332.8691,0,1210.8341,289.9247,206.8136,330.1784,13.3497,1.1859,1.9358,1.7101,220.1033521,0,NA,4.333720267,20.16554659,0,0,0.906820218,NA,7.043621701,NA,0,0,0,0,NA,0,0,0,NA,0,NA,0,0,0,0,0,5.686624308,0,"1b","1b","1b","1b","1b","1b","1b","1b","1b","1b","1b","1b","1b","E: Conc. Uncertainty","1b","1b","1b","1b","1b","E: Conc. Uncertainty","1b","E: Conc. Uncertainty","1b","1b","1b","1b","E: Conc. Uncertainty","1b","1b","1b","E: Conc. Uncertainty","1b","E: Conc. Uncertainty","1b","1b","1b","1b","1b","1b","1b"
"2025-03-08 14:00:00","PM2.5",0,NA,0,1177.7502,94.0202,175.9871,108.3205,6.3846,0,1.4987,NA,114.0725991,NA,NA,3.119929112,19.41678295,0,0,0.81125042,NA,5.58664942,0,NA,NA,0,0,0,0,0,0,NA,NA,0,0,0,0,0,0,2.908629804,0,"1b","E: Conc. Uncertainty","1b","1b","1b","1b","1b","1b","1b","1b","E: Conc. Uncertainty","1b","E: Conc. Uncertainty","E: Conc. Uncertainty","1b","1b","1b","1b","1b","E: Conc. Uncertainty","1b","1b","E: Conc. Uncertainty","E: Conc. Uncertainty","1b","1b","1b","1b","1b","1b","E: Conc. Uncertainty","E: Conc. Uncertainty","1b","1b","1b","1b","1b","1b","1b","1b"
"2025-03-08 15:00:00","PM10",0,349.4924,0,1138.78,253.4712,201.2436,352.3529,13.4641,NA,1.2066,1.6835,230.5061873,0,NA,3.8983857,15.55122473,0,0,0.886907369,NA,6.32620054,1.333747517,NA,0,0,NA,0,0,0,0,NA,NA,0,0,0,0,0,0,5.207098844,0,"1b","1b","1b","1b","1b","1b","1b","1b","E: Conc. Uncertainty","1b","1b","1b","1b","E: Conc. Uncertainty","1b","1b","1b","1b","1b","E: Conc. Uncertainty","1b","1b","E: Conc. Uncertainty","1b","1b","E: Conc. Uncertainty","1b","1b","1b","1b","E: Conc. Uncertainty","E: Conc. Uncertainty","1b","1b","1b","1b","1b","1b","1b","1b"
"2025-03-08 16:00:00","PM2.5",0,NA,0,951.4096,66.4531,166.2041,98.5357,4.7833,NA,1.3699,NA,109.0609312,0,NA,2.535048676,11.69338252,0,0,1.854500742,NA,5.127421092,NA,NA,0,0,0,0,0,0,0,NA,NA,0,0,0,0,0,0,2.060412983,0,"1b","E: Conc. Uncertainty","1b","1b","1b","1b","1b","1b","E: Conc. Uncertainty","1b","E: Conc. Uncertainty","1b","1b","E: Conc. Uncertainty","1b","1b","1b","1b","1b","E: Conc. Uncertainty","1b","E: Conc. Uncertainty","E: Conc. Uncertainty","1b","1b","1b","1b","1b","1b","1b","E: Conc. Uncertainty","E: Conc. Uncertainty","1b","1b","1b","1b","1b","1b","1b","1b"
"2025-03-08 17:00:00","PM10",0,253.9643,0,924.1952,393.4889,228.4689,314.3416,11.7983,NA,1.5792,1.7142,301.2071722,0,NA,5.572694043,20.13284392,0,0,1.870149573,NA,5.452007372,NA,NA,0,0,0,0,0,0,0,NA,NA,NA,0,0,0,0,0,6.989818049,0,"1b","1b","1b","1b","1b","1b","1b","1b","E: Conc. Uncertainty","1b","1b","1b","1b","E: Conc. Uncertainty","1b","1b","1b","1b","1b","E: Conc. Uncertainty","1b","E: Conc. Uncertainty","E: Conc. Uncertainty","1b","1b","1b","1b","1b","1b","1b","E: Conc. Uncertainty","E: Conc. Uncertainty","E: Conc. Uncertainty","1b","1b","1b","1b","1b","1b","1b"
"2025-03-08 18:00:00","PM2.5",0,NA,0,841.2511,180.4991,222.6275,88.6322,4.0852,0.0041,1.4423,NA,176.5931263,0,NA,4.643703508,24.6012154,0,0,2.475864802,0,6.399211414,0,0,0,0,0,NA,0,0,0,NA,NA,NA,0,0,0,0,0,12.94269542,0,"1b","E: Conc. Uncertainty","1b","1b","1b","1b","1b","1b","1b","1b","E: Conc. Uncertainty","1b","1b","E: Conc. Uncertainty","1b","1b","1b","1b","1b","1b","1b","1b","1b","1b","1b","1b","E: Conc. Uncertainty","1b","1b","1b","E: Conc. Uncertainty","E: Conc. Uncertainty","E: Conc. Uncertainty","1b","1b","1b","1b","1b","1b","1b"
"2025-03-08 19:00:00","PM10",0,313.6324,0,777.6843,470.9409,265.0275,300.1942,12.0324,0,2.3826,1.7683,354.5372302,0,NA,8.153337336,35.32489035,0,0,3.720109498,NA,6.915638007,NA,0,0,0,NA,0,NA,0,NA,0,0,3.0367,0,0,0,0,0,17.6002422,0,"1b","1b","1b","1b","1b","1b","1b","1b","1b","1b","1b","1b","1b","E: Conc. Uncertainty","1b","1b","1b","1b","1b","E: Conc. Uncertainty","1b","E: Conc. Uncertainty","1b","1b","1b","E: Conc. Uncertainty","1b","E: Conc. Uncertainty","1b","E: Conc. Uncertainty","1b","1b","1b","1b","1b","1b","1b","1b","1b","1b"
"2025-03-08 20:00:00","PM2.5",0,0,0,785.5427,183.3836,255.9674,79.6805,3.4634,NA,1.9559,1.9545,154.4732692,0,NA,4.395818709,31.21902437,0,0,2.894430032,NA,5.844885294,NA,NA,0,0,NA,0,0,0,0,NA,NA,NA,0,0,0,0,0,6.294786103,0,"1b","1b","1b","1b","1b","1b","1b","1b","E: Conc. Uncertainty","1b","1b","1b","1b","E: Conc. Uncertainty","1b","1b","1b","1b","1b","E: Conc. Uncertainty","1b","E: Conc. Uncertainty","E: Conc. Uncertainty","1b","1b","E: Conc. Uncertainty","1b","1b","1b","1b","E: Conc. Uncertainty","E: Conc. Uncertainty","E: Conc. Uncertainty","1b","1b","1b","1b","1b","1b","1b"
"2025-03-08 21:00:00","PM10",0,NA,0,764.1194,400.7276,293.3429,308.7814,10.2752,0.9429,2.4915,6.7366,304.7677779,0,NA,6.199881955,43.95694427,0,0,3.232730899,NA,6.416391908,NA,0,0,NA,0,0,0,0,0,NA,0,NA,0,0,0,0,0,9.851813408,0,"1b","E: Conc. Uncertainty","1b","1b","1b","1b","1b","1b","1b","1b","1b","1b","1b","E: Conc. Uncertainty","1b","1b","1b","1b","1b","E: Conc. Uncertainty","1b","E: Conc. Uncertainty","1b","1b","E: Conc. Uncertainty","1b","1b","1b","1b","1b","E: Conc. Uncertainty","1b","E: Conc. Uncertainty","1b","1b","1b","1b","1b","1b","1b"
"2025-03-08 22:00:00","PM2.5",0,NA,0,785.0316,247.9762,287.8384,83.7073,3.5619,NA,2.7647,2.8732,218.3862862,0,NA,5.698987741,39.4433898,0,0,3.093921359,NA,7.486576123,NA,0,NA,0,NA,NA,NA,0,0,NA,NA,0,0,0,0,0,0,9.748339183,0,"1b","E: Conc. Uncertainty","1b","1b","1b","1b","1b","1b","E: Conc. Uncertainty","1b","1b","1b","1b","E: Conc. Uncertainty","1b","1b","1b","1b","1b","E: Conc. Uncertainty","1b","E: Conc. Uncertainty","1b","E: Conc. Uncertainty","1b","E: Conc. Uncertainty","E: Conc. Uncertainty","E: Conc. Uncertainty","1b","1b","E: Conc. Uncertainty","E: Conc. Uncertainty","1b","1b","1b","1b","1b","1b","1b","1b"
"2025-03-08 23:00:00","PM10",0,280.3148,0,823.003,460.4223,362.6553,380.2226,11.0947,NA,4.9748,8.2421,587.7185952,0,NA,12.33989687,51.40442022,0,0,3.912226279,NA,9.762848222,NA,NA,0,0,NA,NA,0,0,0,NA,NA,8.3661,0,0,0,0,0,11.10050752,0,"1b","1b","1b","1b","1b","1b","1b","1b","E: Conc. Uncertainty","1b","1b","1b","1b","E: Conc. Uncertainty","1b","1b","1b","1b","1b","E: Conc. Uncertainty","1b","E: Conc. Uncertainty","E: Conc. Uncertainty","1b","1b","E: Conc. Uncertainty","E: Conc. Uncertainty","1b","1b","1b","E: Conc. Uncertainty","E: Conc. Uncertainty","1b","1b","1b","1b","1b","1b","1b","1b"
"2025-03-09 00:30:00","PM2.5",0,0,0,772.602,147.9275,253.6256,106.4492,NA,NA,2.2685,1.8621,213.2039498,0,NA,5.466650106,45.5561835,0,0,2.574876827,NA,5.164907051,NA,0,0,0,NA,NA,0,NA,NA,0,0,NA,0,0,0,0,0,4.962551236,0,"1b","1b","1b","1b","1b","1b","1b","E: Conc. Uncertainty","E: Conc. Uncertainty","1b","1b","1b","1b","E: Conc. Uncertainty","1b","1b","1b","1b","1b","E: Conc. Uncertainty","1b","E: Conc. Uncertainty","1b","1b","1b","E: Conc. Uncertainty","E: Conc. Uncertainty","1b","E: Conc. Uncertainty","E: Conc. Uncertainty","1b","1b","E: Conc. Uncertainty","1b","1b","1b","1b","1b","1b","1b"
"2025-03-09 01:00:00","PM10",0,304.6059,0,894.497,276.6551,326.0286,298.8089,10.1256,1.5203,3.5991,6.1487,352.3193673,0,1.301024044,6.558388811,38.04560353,0,0,3.455455119,1.258403062,7.110843055,NA,0,0,0,0,0,NA,0,0,0,NA,NA,0,0,0,0,0,5.843655205,0,"1b","1b","1b","1b","1b","1b","1b","1b","1b","1b","1b","1b","1b","1b","1b","1b","1b","1b","1b","1b","1b","E: Conc. Uncertainty","1b","1b","1b","1b","1b","E: Conc. Uncertainty","1b","1b","1b","E: Conc. Uncertainty","E: Conc. Uncertainty","1b","1b","1b","1b","1b","1b","1b"
"2025-03-09 02:00:00","PM2.5",0,NA,0,735.9257,86.1951,282.3792,66.9647,3.0952,1.3442,2.106,2.0012,144.0179307,0,1.202621429,3.683199853,27.75860665,0,0,3.051634832,2.074480751,5.295999674,NA,0,NA,NA,NA,0,0,0,NA,0,NA,0,0,0,0,0,0,3.77587593,0,"1b","E: Conc. Uncertainty","1b","1b","1b","1b","1b","1b","1b","1b","1b","1b","1b","1b","1b","1b","1b","1b","1b","1b","1b","E: Conc. Uncertainty","1b","E: Conc. Uncertainty","E: Conc. Uncertainty","E: Conc. Uncertainty","1b","1b","1b","E: Conc. Uncertainty","1b","E: Conc. Uncertainty","1b","1b","1b","1b","1b","1b","1b","1b"
"2025-03-09 03:00:00","PM10",0,NA,0,741.1438,200.255,296.1552,237.3352,9.102,2.9795,2.4696,3.4925,285.0763687,0,NA,5.581232224,33.46419426,0,0,2.763231677,2.30918955,7.011974048,NA,0,0,0,NA,0,0,0,0,0,NA,0,0,0,0,0,0,4.639169206,0,"1b","E: Conc. Uncertainty","1b","1b","1b","1b","1b","1b","1b","1b","1b","1b","1b","E: Conc. Uncertainty","1b","1b","1b","1b","1b","1b","1b","E: Conc. Uncertainty","1b","1b","1b","E: Conc. Uncertainty","1b","1b","1b","1b","1b","E: Conc. Uncertainty","1b","1b","1b","1b","1b","1b","1b","1b"
"2025-03-09 04:00:00","PM2.5",0,0,0,652.4864,68.6646,259.6684,62.0566,2.8054,2.6219,2.4739,1.049,118.7013832,0,NA,2.956509357,26.92993287,0,0,2.26320179,2.376393409,8.408563873,NA,NA,0,NA,0,NA,0,0,NA,NA,0,0,0,0,0,0,0,4.122914972,0,"1b","1b","1b","1b","1b","1b","1b","1b","1b","1b","1b","1b","1b","E: Conc. Uncertainty","1b","1b","1b","1b","1b","1b","1b","E: Conc. Uncertainty","E: Conc. Uncertainty","1b","E: Conc. Uncertainty","1b","E: Conc. Uncertainty","1b","1b","E: Conc. Uncertainty","E: Conc. Uncertainty","1b","1b","1b","1b","1b","1b","1b","1b","1b"
"2025-03-09 05:00:00","PM10",0,187.9052,0,699.6197,203.0031,292.3166,244.6072,9.74,2.335,2.8094,2.4768,218.2610419,0,1.200091487,4.704050826,32.14475222,0,0,1.934475222,2.282073698,7.295034307,NA,NA,0,0,0,0,0,0,NA,NA,0,0,0,0,0,0,0,5.831237611,0,"1b","1b","1b","1b","1b","1b","1b","1b","1b","1b","1b","1b","1b","1b","1b","1b","1b","1b","1b","1b","1b","E: Conc. Uncertainty","E: Conc. Uncertainty","1b","1b","1b","1b","1b","1b","E: Conc. Uncertainty","E: Conc. Uncertainty","1b","1b","1b","1b","1b","1b","1b","1b","1b"
"2025-03-09 06:00:00","PM2.5",0,0,0,659.0673,96.7362,265.5224,74.3947,2.5063,1.7322,1.9115,1.5311,115.6696061,0,NA,3.090592866,28.35964564,0,0,2.46663412,2.028763515,6.040053296,NA,NA,0,0,NA,NA,0,0,0,0,NA,0,0,0,0,0,0,5.289649,0,"1b","1b","1b","1b","1b","1b","1b","1b","1b","1b","1b","1b","1b","E: Conc. Uncertainty","1b","1b","1b","1b","1b","1b","1b","E: Conc. Uncertainty","E: Conc. Uncertainty","1b","1b","E: Conc. Uncertainty","E: Conc. Uncertainty","1b","1b","1b","1b","E: Conc. Uncertainty","1b","1b","1b","1b","1b","1b","1b","1b"
"2025-03-09 07:00:00","PM10",0,196.0147,0,661.6648,275.9151,287.8624,205.4853,8.7159,1.2572,2.5417,3.3403,239.7855348,0,1.005880498,4.668820136,34.0939557,0,0,3.029158316,1.952915323,5.902575007,NA,NA,0,0,0,0,0,0,0,NA,NA,0,0,0,0,0,0,3.831673297,0,"1b","1b","1b","1b","1b","1b","1b","1b","1b","1b","1b","1b","1b","1b","1b","1b","1b","1b","1b","1b","1b","E: Conc. Uncertainty","E: Conc. Uncertainty","1b","1b","1b","1b","1b","1b","1b","E: Conc. Uncertainty","E: Conc. Uncertainty","1b","1b","1b","1b","1b","1b","1b","1b"
"2025-03-09 08:00:00","PM2.5",0,0,0,649.1514,168.7139,258.673,68.8758,2.7329,0.9073,2.4999,2.1242,141.2591636,0,0.9239357,2.72129414,30.61345589,0,0,2.454758976,1.989344287,5.235289931,NA,0,0,0,NA,0,0,0,0,0,0.0747,0,0,0,0,0,0,3.897642119,0,"1b","1b","1b","1b","1b","1b","1b","1b","1b","1b","1b","1b","1b","1b","1b","1b","1b","1b","1b","1b","1b","E: Conc. Uncertainty","1b","1b","1b","E: Conc. Uncertainty","1b","1b","1b","1b","1b","1b","1b","1b","1b","1b","1b","1b","1b","1b"
"2025-03-09 09:00:00","PM10",0,312.9943,0,629.7522,726.8628,286.5846,302.3203,13.0353,1.5419,2.3189,4.6785,363.3910334,0,NA,5.901577249,33.21837103,0,0,2.628068711,1.570151412,5.051461679,NA,NA,NA,0,0,NA,NA,0,NA,0,0,NA,0,0,0,0,0,4.443716971,0,"1b","1b","1b","1b","1b","1b","1b","1b","1b","1b","1b","1b","1b","E: Conc. Uncertainty","1b","1b","1b","1b","1b","1b","1b","E: Conc. Uncertainty","E: Conc. Uncertainty","E: Conc. Uncertainty","1b","1b","E: Conc. Uncertainty","E: Conc. Uncertainty","1b","E: Conc. Uncertainty","1b","1b","E: Conc. Uncertainty","1b","1b","1b","1b","1b","1b","1b"
"2025-03-09 10:00:00","PM2.5",0,NA,0,628.7811,258.1686,237.1395,89.7155,3.9506,1.8398,1.9225,1.3441,164.3624584,0,1.04410972,3.354159251,29.55475321,0,0,2.464957334,1.063972824,4.391963223,NA,0.005176815,0,0,0,NA,NA,0,NA,NA,0,NA,0,0,0,0,0,2.723106496,0,"1b","E: Conc. Uncertainty","1b","1b","1b","1b","1b","1b","1b","1b","1b","1b","1b","1b","1b","1b","1b","1b","1b","1b","1b","E: Conc. Uncertainty","1b","1b","1b","1b","E: Conc. Uncertainty","E: Conc. Uncertainty","1b","E: Conc. Uncertainty","E: Conc. Uncertainty","1b","E: Conc. Uncertainty","1b","1b","1b","1b","1b","1b","1b"
"2025-03-09 11:00:00","PM10",0,271.2752,0,659.9183,530.4878,269.6984,306.1242,11.7046,2.1509,2.55,3.5257,297.178178,0,NA,5.171017971,41.36144137,0,0,1.734650082,1.090996003,4.79070004,1.329404107,0,NA,0,0,0,NA,NA,NA,NA,0,NA,0,0,0,0,0,3.461031498,0,"1b","1b","1b","1b","1b","1b","1b","1b","1b","1b","1b","1b","1b","E: Conc. Uncertainty","1b","1b","1b","1b","1b","1b","1b","1b","1b","E: Conc. Uncertainty","1b","1b","1b","E: Conc. Uncertainty","E: Conc. Uncertainty","E: Conc. Uncertainty","E: Conc. Uncertainty","1b","E: Conc. Uncertainty","1b","1b","1b","1b","1b","1b","1b"
"2025-03-09 12:00:00","PM2.5",0,NA,0,672.1705,176.8898,229.9245,101.4703,4.8276,1.4308,2.1566,1.4873,177.3683675,0,0.95461896,4.170306032,37.15711482,0,0.000630575,2.36884554,1.163156128,5.140384244,NA,0,NA,0,0,0,NA,0,0,NA,NA,0,0,0,0,0,0,4.359102143,0,"1b","E: Conc. Uncertainty","1b","1b","1b","1b","1b","1b","1b","1b","1b","1b","1b","1b","1b","1b","1b","1b","1b","1b","1b","E: Conc. Uncertainty","1b","E: Conc. Uncertainty","1b","1b","1b","E: Conc. Uncertainty","1b","1b","E: Conc. Uncertainty","E: Conc. Uncertainty","1b","1b","1b","1b","1b","1b","1b","1b"
"2025-03-09 13:00:00","PM10",0,246.7554,0,724.3778,207.7297,220.6446,249.0454,11.2145,NA,2.1701,1.6947,221.5893419,0,NA,3.165809389,22.11985251,0,0,1.751016001,NA,5.230976074,0,NA,0,0,0,NA,NA,0,NA,NA,0,0,0,0,0,0,0,3.581397244,0,"1b","1b","1b","1b","1b","1b","1b","1b","E: Conc. Uncertainty","1b","1b","1b","1b","E: Conc. Uncertainty","1b","1b","1b","1b","1b","E: Conc. Uncertainty","1b","1b","E: Conc. Uncertainty","1b","1b","1b","E: Conc. Uncertainty","E: Conc. Uncertainty","1b","E: Conc. Uncertainty","E: Conc. Uncertainty","1b","1b","1b","1b","1b","1b","1b","1b","1b"
"2025-03-09 14:00:00","PM2.5",0,NA,NA,706.5194,62.3232,174.761,76.241,2.7431,0,1.7411,NA,99.17193507,0,NA,1.899656232,14.83810337,0,0,1.918899127,NA,4.739458107,NA,NA,0,0,0,0,NA,0,0,NA,0,0,0,0,0,0,0,1.321515022,0,"1b","E: Conc. Uncertainty","E: Conc. Uncertainty","1b","1b","1b","1b","1b","1b","1b","E: Conc. Uncertainty","1b","1b","E: Conc. Uncertainty","1b","1b","1b","1b","1b","E: Conc. Uncertainty","1b","E: Conc. Uncertainty","E: Conc. Uncertainty","1b","1b","1b","1b","E: Conc. Uncertainty","1b","1b","E: Conc. Uncertainty","1b","1b","1b","1b","1b","1b","1b","1b","1b"
"2025-03-09 15:00:00","PM10",0,266.5735,0,649.377,188.7341,226.84,302.2228,11.6251,0,2.3282,1.9766,250.6971937,0,NA,3.702977354,22.34059343,0,0,2.430392636,NA,7.577335859,NA,NA,NA,0,0,0,0,0,0,NA,0,0,0,0,0,0,0,NA,0,"1b","1b","1b","1b","1b","1b","1b","1b","1b","1b","1b","1b","1b","E: Conc. Uncertainty","1b","1b","1b","1b","1b","E: Conc. Uncertainty","1b","E: Conc. Uncertainty","E: Conc. Uncertainty","E: Conc. Uncertainty","1b","1b","1b","1b","1b","1b","E: Conc. Uncertainty","1b","1b","1b","1b","1b","1b","1b","E: Conc. Uncertainty","1b"
"2025-03-09 16:00:00","PM2.5",0,NA,0,587.6784,78.6424,222.2259,74.8733,4.1443,NA,1.9104,NA,130.5508548,0,NA,3.325554164,27.94931321,0,0,1.730936453,0.717618189,5.336387981,NA,NA,NA,0,0,0,0,0,NA,NA,0,0,0,0,0,0,0,3.938499761,0,"1b","E: Conc. Uncertainty","1b","1b","1b","1b","1b","1b","E: Conc. Uncertainty","1b","E: Conc. Uncertainty","1b","1b","E: Conc. Uncertainty","1b","1b","1b","1b","1b","1b","1b","E: Conc. Uncertainty","E: Conc. Uncertainty","E: Conc. Uncertainty","1b","1b","1b","1b","1b","E: Conc. Uncertainty","E: Conc. Uncertainty","1b","1b","1b","1b","1b","1b","1b","1b","1b"
"2025-03-09 17:00:00","PM10",0,382.9752,0,695.12,272.0884,286.7962,302.8176,12.5623,NA,2.925,3.4386,355.6257386,0,NA,6.281949142,34.30290558,0,0,2.542850157,0.77747667,13.05570724,NA,NA,NA,0,0,NA,NA,NA,0,NA,0,NA,0,0,0,0,0,4.096030808,0,"1b","1b","1b","1b","1b","1b","1b","1b","E: Conc. Uncertainty","1b","1b","1b","1b","E: Conc. Uncertainty","1b","1b","1b","1b","1b","1b","1b","E: Conc. Uncertainty","E: Conc. Uncertainty","E: Conc. Uncertainty","1b","1b","E: Conc. Uncertainty","E: Conc. Uncertainty","E: Conc. Uncertainty","1b","E: Conc. Uncertainty","1b","E: Conc. Uncertainty","1b","1b","1b","1b","1b","1b","1b"
"2025-03-09 18:00:00","PM2.5",0,NA,0,650.8318,249.124,267.8562,86.3757,5.092,0,2.0039,1.2933,212.7096682,0,NA,5.279550863,28.54437461,0,0,3.65414658,NA,16.20098249,NA,0,0,0,NA,NA,NA,0,0,NA,NA,NA,0,0,0,0,0,3.98130632,0,"1b","E: Conc. Uncertainty","1b","1b","1b","1b","1b","1b","1b","1b","1b","1b","1b","E: Conc. Uncertainty","1b","1b","1b","1b","1b","E: Conc. Uncertainty","1b","E: Conc. Uncertainty","1b","1b","1b","E: Conc. Uncertainty","E: Conc. Uncertainty","E: Conc. Uncertainty","1b","1b","E: Conc. Uncertainty","E: Conc. Uncertainty","E: Conc. Uncertainty","1b","1b","1b","1b","1b","1b","1b"
"2025-03-09 19:00:00","PM10",0,379.3408,0,674.3153,502.4029,351.6228,298.8074,12.517,NA,2.9784,4.3136,419.9653089,0,NA,10.02036705,43.41308904,0,0,4.052606413,1.04425409,8.322922601,NA,0,NA,0,NA,0,NA,0,0,NA,NA,3.3645,0,0,0,0,0,7.909467323,0,"1b","1b","1b","1b","1b","1b","1b","1b","E: Conc. Uncertainty","1b","1b","1b","1b","E: Conc. Uncertainty","1b","1b","1b","1b","1b","1b","1b","E: Conc. Uncertainty","1b","E: Conc. Uncertainty","1b","E: Conc. Uncertainty","1b","E: Conc. Uncertainty","1b","1b","E: Conc. Uncertainty","E: Conc. Uncertainty","1b","1b","1b","1b","1b","1b","1b","1b"
"2025-03-09 20:00:00","PM2.5",0,NA,0,772.0141,257.7819,332.3739,77.1898,4.1635,NA,1.6896,0.8764,186.6443609,NA,NA,4.061468105,36.37015308,0,0,2.684307554,1.291013536,14.95167089,NA,0,0,0,0,NA,0,0,NA,NA,0,0,0,0,0,0,0,7.70130677,0,"1b","E: Conc. Uncertainty","1b","1b","1b","1b","1b","1b","E: Conc. Uncertainty","1b","1b","1b","E: Conc. Uncertainty","E: Conc. Uncertainty","1b","1b","1b","1b","1b","1b","1b","E: Conc. Uncertainty","1b","1b","1b","1b","E: Conc. Uncertainty","1b","1b","E: Conc. Uncertainty","E: Conc. Uncertainty","1b","1b","1b","1b","1b","1b","1b","1b","1b"
"2025-03-09 21:00:00","PM10",NA,459.1943,0,771.032,566.4129,413.8896,306.7239,14.0634,NA,2.7861,4.5365,484.1875604,0,NA,9.604078727,51.36228449,0,0,3.521283629,1.372730509,52.48371052,NA,0,0,0,NA,0,NA,0,NA,NA,0,5.3885,0,0,0,0,0,7.338473275,0,"E: Conc. Uncertainty","1b","1b","1b","1b","1b","1b","1b","E: Conc. Uncertainty","1b","1b","1b","1b","E: Conc. Uncertainty","1b","1b","1b","1b","1b","1b","1b","E: Conc. Uncertainty","1b","1b","1b","E: Conc. Uncertainty","1b","E: Conc. Uncertainty","1b","E: Conc. Uncertainty","E: Conc. Uncertainty","1b","1b","1b","1b","1b","1b","1b","1b","1b"
"2025-03-09 22:00:00","PM2.5",0,0,0,847.5597,193.8491,354.5347,74.0782,4.2631,NA,2.0556,1.5004,177.7345403,0,NA,4.3398393,38.10699756,0,0,3.366385273,2.058279089,10.93316721,0,NA,0,0,NA,NA,NA,0,NA,NA,0,0,0,0,0,0,0,5.229871847,0,"1b","1b","1b","1b","1b","1b","1b","1b","E: Conc. Uncertainty","1b","1b","1b","1b","E: Conc. Uncertainty","1b","1b","1b","1b","1b","1b","1b","1b","E: Conc. Uncertainty","1b","1b","E: Conc. Uncertainty","E: Conc. Uncertainty","E: Conc. Uncertainty","1b","E: Conc. Uncertainty","E: Conc. Uncertainty","1b","1b","1b","1b","1b","1b","1b","1b","1b"
"2025-03-09 23:00:00","PM10",0,221.3862,0,843.2273,338.8778,385.3645,238.6891,8.4745,NA,2.5134,2.4311,326.5695019,0,NA,8.488278191,38.43328485,0,0,3.108033889,1.636527293,16.01614101,NA,NA,0,0,0,0,0,0,NA,NA,NA,NA,0,0,0,0,0,6.423805698,0,"1b","1b","1b","1b","1b","1b","1b","1b","E: Conc. Uncertainty","1b","1b","1b","1b","E: Conc. Uncertainty","1b","1b","1b","1b","1b","1b","1b","E: Conc. Uncertainty","E: Conc. Uncertainty","1b","1b","1b","1b","1b","1b","E: Conc. Uncertainty","E: Conc. Uncertainty","E: Conc. Uncertainty","E: Conc. Uncertainty","1b","1b","1b","1b","1b","1b","1b"
"2025-03-10 00:30:00","PM2.5",0,0,0,943.6061,216.0111,388.4558,67.3857,2.5877,0,3.0009,NA,173.6476332,0,NA,6.083912612,48.71882241,0,0,4.562003476,2.065913605,8.372041543,NA,NA,NA,0,NA,0,0,0,0,NA,0,NA,0,0,0,0,0,3.770812645,0,"1b","1b","1b","1b","1b","1b","1b","1b","1b","1b","E: Conc. Uncertainty","1b","1b","E: Conc. Uncertainty","1b","1b","1b","1b","1b","1b","1b","E: Conc. Uncertainty","E: Conc. Uncertainty","E: Conc. Uncertainty","1b","E: Conc. Uncertainty","1b","1b","1b","1b","E: Conc. Uncertainty","1b","E: Conc. Uncertainty","1b","1b","1b","1b","1b","1b","1b"
"2025-03-10 01:00:00","PM10",0,159.1,0,1115.2605,381.9777,388.3642,212.3583,9.6501,NA,2.457,3.0503,280.7216022,0,NA,5.866360526,46.1650613,0,0,3.259469311,2.889748707,8.373498147,NA,0,NA,0,0,NA,0,0,NA,0,NA,0,0,0,0,0,0,8.796246894,0,"1b","1b","1b","1b","1b","1b","1b","1b","E: Conc. Uncertainty","1b","1b","1b","1b","E: Conc. Uncertainty","1b","1b","1b","1b","1b","1b","1b","E: Conc. Uncertainty","1b","E: Conc. Uncertainty","1b","1b","E: Conc. Uncertainty","1b","1b","E: Conc. Uncertainty","1b","E: Conc. Uncertainty","1b","1b","1b","1b","1b","1b","1b","1b"
"2025-03-10 02:00:00","PM2.5",0,NA,0,1143.5083,104.546,346.1081,58.2698,5.2102,1.119,1.5547,0.9994,129.4827253,NA,NA,2.996020964,38.99451483,0,0,2.417259451,2.261507149,8.229094795,0,0,0,NA,0,NA,0,0,0,NA,0,0,0,0,0,0,0,9.417167862,0,"1b","E: Conc. Uncertainty","1b","1b","1b","1b","1b","1b","1b","1b","1b","1b","E: Conc. Uncertainty","E: Conc. Uncertainty","1b","1b","1b","1b","1b","1b","1b","1b","1b","1b","E: Conc. Uncertainty","1b","E: Conc. Uncertainty","1b","1b","1b","E: Conc. Uncertainty","1b","1b","1b","1b","1b","1b","1b","1b","1b"
"2025-03-10 03:00:00","PM10",0,NA,0,1231.6411,311.9772,368.236,203.4248,20.4979,4.7497,1.7401,2.7386,248.4791126,0,NA,4.392713581,38.85709052,0,0,3.854719381,2.051737648,8.028005902,NA,0,0,0,0,NA,0,0,0,0,NA,0,0,0,0,0,0,6.117773368,0,"1b","E: Conc. Uncertainty","1b","1b","1b","1b","1b","1b","1b","1b","1b","1b","1b","E: Conc. Uncertainty","1b","1b","1b","1b","1b","1b","1b","E: Conc. Uncertainty","1b","1b","1b","1b","E: Conc. Uncertainty","1b","1b","1b","1b","E: Conc. Uncertainty","1b","1b","1b","1b","1b","1b","1b","1b"
"2025-03-10 04:00:00","PM2.5",0,NA,0,1306.7916,109.3771,328.5777,66.7997,8.8764,2.8325,1.7223,2.7989,137.8720221,0,0.972340664,4.269164623,37.41035139,0,0,3.675292825,1.873833535,10.25159006,0,NA,0,0,0,0,NA,0,NA,NA,NA,0,0,0,0,0,0,13.40436769,0,"1b","E: Conc. Uncertainty","1b","1b","1b","1b","1b","1b","1b","1b","1b","1b","1b","1b","1b","1b","1b","1b","1b","1b","1b","1b","E: Conc. Uncertainty","1b","1b","1b","1b","E: Conc. Uncertainty","1b","E: Conc. Uncertainty","E: Conc. Uncertainty","E: Conc. Uncertainty","1b","1b","1b","1b","1b","1b","1b","1b"
"2025-03-10 05:00:00","PM10",0,203.7574,0,1456.0125,362.5113,402.9698,285.189,14.5796,2.8325,2.0763,8.5291,351.5776894,0,NA,5.953397545,49.94094853,0,0,4.332746819,1.771767984,14.071114,1.48773914,0,0,0,0,NA,0,0,NA,0,NA,0,0,0,0,0,0,17.10767791,0,"1b","1b","1b","1b","1b","1b","1b","1b","1b","1b","1b","1b","1b","E: Conc. Uncertainty","1b","1b","1b","1b","1b","1b","1b","1b","1b","1b","1b","1b","E: Conc. Uncertainty","1b","1b","E: Conc. Uncertainty","1b","E: Conc. Uncertainty","1b","1b","1b","1b","1b","1b","1b","1b"
"2025-03-10 06:00:00","PM2.5",0,NA,0,1431.9543,85.1815,374.205,82.0468,4.0512,1.4927,1.4116,6.2125,207.5955077,0,NA,4.764091964,43.58097788,0,0,3.99955199,1.871400644,12.61204333,NA,0,0,0,0,NA,0,0,0,NA,NA,0,0,0,0,0,0,19.55579766,0,"1b","E: Conc. Uncertainty","1b","1b","1b","1b","1b","1b","1b","1b","1b","1b","1b","E: Conc. Uncertainty","1b","1b","1b","1b","1b","1b","1b","E: Conc. Uncertainty","1b","1b","1b","1b","E: Conc. Uncertainty","1b","1b","1b","E: Conc. Uncertainty","E: Conc. Uncertainty","1b","1b","1b","1b","1b","1b","1b","1b"
"2025-03-10 07:00:00","PM10",0,307.4008,0,1597.724,269.9114,402.7389,317.8524,12.6142,2.1688,5.9584,8.569,478.1384581,0,1.142029959,9.336152155,53.92713803,0,0,4.299263239,4.288456059,11.18932918,NA,0,NA,0,NA,NA,0,NA,NA,NA,NA,0,0,NA,0,0,0,18.62513738,0,"1b","1b","1b","1b","1b","1b","1b","1b","1b","1b","1b","1b","1b","1b","1b","1b","1b","1b","1b","1b","1b","E: Conc. Uncertainty","1b","E: Conc. Uncertainty","1b","E: Conc. Uncertainty","E: Conc. Uncertainty","1b","E: Conc. Uncertainty","E: Conc. Uncertainty","E: Conc. Uncertainty","E: Conc. Uncertainty","1b","1b","E: Conc. Uncertainty","1b","1b","1b","1b","1b"
"2025-03-10 08:00:00","PM2.5",0,NA,0,1606.6906,106.9894,346.47,109.5112,6.3345,1.1747,5.1506,5.9639,279.1848009,0,1.625799888,6.231578412,76.93718907,0,0,3.834620276,4.850857114,9.13002696,NA,NA,0,0,0,0,0,0,0,NA,NA,0,0,0,0,0,0,17.94185869,0,"1b","E: Conc. Uncertainty","1b","1b","1b","1b","1b","1b","1b","1b","1b","1b","1b","1b","1b","1b","1b","1b","1b","1b","1b","E: Conc. Uncertainty","E: Conc. Uncertainty","1b","1b","1b","1b","1b","1b","1b","E: Conc. Uncertainty","E: Conc. Uncertainty","1b","1b","1b","1b","1b","1b","1b","1b"
"2025-03-10 09:00:00","PM10",0,449.9354,0,1642.0396,362.4464,387.5325,454.9008,20.0997,1.7583,7.5413,9.6917,533.3756009,0,2.352124582,9.842296097,69.70093905,0,0,4.173470219,4.550761835,8.214352644,1.570866944,0,1.717927565,0,NA,0,0,0,NA,0,0,NA,0,0,0,0,0,20.99042614,0,"1b","1b","1b","1b","1b","1b","1b","1b","1b","1b","1b","1b","1b","1b","1b","1b","1b","1b","1b","1b","1b","1b","1b","1b","1b","E: Conc. Uncertainty","1b","1b","1b","E: Conc. Uncertainty","1b","1b","E: Conc. Uncertainty","1b","1b","1b","1b","1b","1b","1b"
"2025-03-10 10:00:00","PM2.5",0,NA,0,1634.1561,150.2138,335.4261,152.4171,6.9367,0.9448,5.1332,6.4466,264.2730847,0,1.486800024,5.685166324,68.82054755,0,0,4.696410747,5.337353079,7.10105722,NA,NA,NA,NA,NA,0,0,0,NA,0,0,0,0,0,0,0,0,16.46397507,0,"1b","E: Conc. Uncertainty","1b","1b","1b","1b","1b","1b","1b","1b","1b","1b","1b","1b","1b","1b","1b","1b","1b","1b","1b","E: Conc. Uncertainty","E: Conc. Uncertainty","E: Conc. Uncertainty","E: Conc. Uncertainty","E: Conc. Uncertainty","1b","1b","1b","E: Conc. Uncertainty","1b","1b","1b","1b","1b","1b","1b","1b","1b","1b"
"2025-03-10 11:00:00","PM10",0,635.5907,0,1597.8553,520.2929,393.7897,740.583,22.9423,NA,3.7318,11.1134,574.5469259,0,1.041398616,12.74864617,70.4125509,0,0,4.125946661,3.440248371,8.595439739,1.525010179,0,1.982339169,0,NA,0,NA,0,NA,NA,NA,3.668,0,0,0,0,0,16.34763844,0,"1b","1b","1b","1b","1b","1b","1b","1b","E: Conc. Uncertainty","1b","1b","1b","1b","1b","1b","1b","1b","1b","1b","1b","1b","1b","1b","1b","1b","E: Conc. Uncertainty","1b","E: Conc. Uncertainty","1b","E: Conc. Uncertainty","E: Conc. Uncertainty","E: Conc. Uncertainty","1b","1b","1b","1b","1b","1b","1b","1b"
"2025-03-10 12:00:00","PM2.5",0,NA,0,1751.328,191.8377,338.7493,188.9834,6.5613,NA,1.822,5.1476,254.7919743,0,NA,6.453378826,46.39968427,0,0,3.910933442,3.293822885,6.404369303,NA,NA,0,NA,0,0,0,0,NA,0,NA,0,0,0,0,0,0,15.75590976,0,"1b","E: Conc. Uncertainty","1b","1b","1b","1b","1b","1b","E: Conc. Uncertainty","1b","1b","1b","1b","E: Conc. Uncertainty","1b","1b","1b","1b","1b","1b","1b","E: Conc. Uncertainty","E: Conc. Uncertainty","1b","E: Conc. Uncertainty","1b","1b","1b","1b","E: Conc. Uncertainty","1b","E: Conc. Uncertainty","1b","1b","1b","1b","1b","1b","1b","1b"
"2025-03-10 13:00:00","PM10",0,380.7084,0,2299.8579,332.3896,330.0206,471.7976,17.6127,NA,1.8824,5.3944,384.814679,0,0.93380593,6.858811786,47.64155998,0,0,3.672767643,3.355445555,5.123476029,NA,0,0,0,0,0,0,0,0,NA,0,0,0,0,0,0,0,9.57779,0,"1b","1b","1b","1b","1b","1b","1b","1b","E: Conc. Uncertainty","1b","1b","1b","1b","1b","1b","1b","1b","1b","1b","1b","1b","E: Conc. Uncertainty","1b","1b","1b","1b","1b","1b","1b","1b","E: Conc. Uncertainty","1b","1b","1b","1b","1b","1b","1b","1b","1b"
"2025-03-10 14:00:00","PM2.5",0,NA,0,2813.3036,140.9866,278.1597,144.813,6.0596,NA,1.8202,2.7681,188.9738291,0,NA,4.481723145,47.69880597,0,0,4.668919675,2.50465701,4.721973961,NA,0,0,0,0,0,NA,0,0,NA,0,0,0,0,0,0,0,10.04580666,0,"1b","E: Conc. Uncertainty","1b","1b","1b","1b","1b","1b","E: Conc. Uncertainty","1b","1b","1b","1b","E: Conc. Uncertainty","1b","1b","1b","1b","1b","1b","1b","E: Conc. Uncertainty","1b","1b","1b","1b","1b","E: Conc. Uncertainty","1b","1b","E: Conc. Uncertainty","1b","1b","1b","1b","1b","1b","1b","1b","1b"
"2025-03-10 15:00:00","PM10",0,460.6779,0,2911.5811,294.6634,306.772,572.2838,20.5369,NA,2.5717,7.4977,446.2959344,0,0.99028889,7.465390175,51.64089253,0,0,4.497953949,1.997485698,8.744732181,NA,NA,1.759614406,0,0,0,0,0,NA,NA,NA,NA,0,0,0,0,0,10.99982695,0,"1b","1b","1b","1b","1b","1b","1b","1b","E: Conc. Uncertainty","1b","1b","1b","1b","1b","1b","1b","1b","1b","1b","1b","1b","E: Conc. Uncertainty","E: Conc. Uncertainty","1b","1b","1b","1b","1b","1b","E: Conc. Uncertainty","E: Conc. Uncertainty","E: Conc. Uncertainty","E: Conc. Uncertainty","1b","1b","1b","1b","1b","1b","1b"
"2025-03-10 16:00:00","PM2.5",0,NA,0,2423.1484,143.3156,254.1933,138.3166,5.1953,NA,2.0117,3.0375,175.2833608,0,NA,4.793756491,35.60476103,0,0,3.565723828,2.991101065,5.772842976,NA,0,3.627975645,0,10.2333,0,0,0,NA,NA,0,0,0,0,0,0,0,9.464780988,0,"1b","E: Conc. Uncertainty","1b","1b","1b","1b","1b","1b","E: Conc. Uncertainty","1b","1b","1b","1b","E: Conc. Uncertainty","1b","1b","1b","1b","1b","1b","1b","E: Conc. Uncertainty","1b","1b","1b","1b","1b","1b","1b","E: Conc. Uncertainty","E: Conc. Uncertainty","1b","1b","1b","1b","1b","1b","1b","1b","1b"
"2025-03-10 17:00:00","PM10",0,429.5657,0,2560.1407,436.2725,294.4018,451.0477,18.3581,NA,3.7615,6.2436,424.1455445,0,NA,8.656008876,39.6753802,0,0,2.86823836,2.741698732,5.951556424,NA,NA,10.62984792,0,NA,0,0,NA,0,NA,0,0,0,0,0,0,0,11.75506423,0,"1b","1b","1b","1b","1b","1b","1b","1b","E: Conc. Uncertainty","1b","1b","1b","1b","E: Conc. Uncertainty","1b","1b","1b","1b","1b","1b","1b","E: Conc. Uncertainty","E: Conc. Uncertainty","1b","1b","E: Conc. Uncertainty","1b","1b","E: Conc. Uncertainty","1b","E: Conc. Uncertainty","1b","1b","1b","1b","1b","1b","1b","1b","1b"
"2025-03-10 18:00:00","PM2.5",0,NA,0,2390.3721,256.4536,245.994,130.3072,5.2815,NA,1.4124,1.7223,150.4312056,0,NA,2.946341116,33.01308381,0,0,4.008573203,1.213525704,5.971439626,NA,NA,NA,0,0,NA,0,0,0,NA,NA,0,0,0,0,0,0,5.584606926,0,"1b","E: Conc. Uncertainty","1b","1b","1b","1b","1b","1b","E: Conc. Uncertainty","1b","1b","1b","1b","E: Conc. Uncertainty","1b","1b","1b","1b","1b","1b","1b","E: Conc. Uncertainty","E: Conc. Uncertainty","E: Conc. Uncertainty","1b","1b","E: Conc. Uncertainty","1b","1b","1b","E: Conc. Uncertainty","E: Conc. Uncertainty","1b","1b","1b","1b","1b","1b","1b","1b"
"2025-03-10 19:00:00","PM10",0,394.3724,0,2164.4193,1133.4754,295.8805,439.3761,11.0405,NA,2.0259,3.0298,256.4861921,0,NA,4.181461915,36.6502275,0,0,3.814670046,0.891206319,6.828615344,2.513736627,0,0,0,NA,0,NA,0,0,NA,0,0,0,0,0,0,0,6.7995338,0,"1b","1b","1b","1b","1b","1b","1b","1b","E: Conc. Uncertainty","1b","1b","1b","1b","E: Conc. Uncertainty","1b","1b","1b","1b","1b","1b","1b","1b","1b","1b","1b","E: Conc. Uncertainty","1b","E: Conc. Uncertainty","1b","1b","E: Conc. Uncertainty","1b","1b","1b","1b","1b","1b","1b","1b","1b"
"2025-03-10 20:00:00","PM2.5",0,NA,0,1883.4059,795.2727,234.0584,97.077,3.5065,NA,1.0802,NA,88.54177179,0.016887768,NA,2.128998128,31.81985025,0,0,5.926639945,0.789716774,5.712246683,NA,NA,0,0,0,0,NA,0,NA,0,0,0,0,0,0,0,0,2.974088467,0,"1b","E: Conc. Uncertainty","1b","1b","1b","1b","1b","1b","E: Conc. Uncertainty","1b","E: Conc. Uncertainty","1b","1b","E: Conc. Uncertainty","1b","1b","1b","1b","1b","1b","1b","E: Conc. Uncertainty","E: Conc. Uncertainty","1b","1b","1b","1b","E: Conc. Uncertainty","1b","E: Conc. Uncertainty","1b","1b","1b","1b","1b","1b","1b","1b","1b","1b"
"2025-03-10 21:00:00","PM10",0,NA,0,1479.3923,1911.4957,174.916,295.563,10.9332,0,1.1369,NA,136.208009,0,0,2.353900168,20.56385285,0,0,5.167404468,NA,7.108309164,NA,NA,0,0,0,NA,NA,NA,NA,NA,0,0,0,0,0,0,0,0.014969725,0,"1b","E: Conc. Uncertainty","1b","1b","1b","1b","1b","1b","1b","1b","E: Conc. Uncertainty","1b","1b","1b","1b","1b","1b","1b","1b","E: Conc. Uncertainty","1b","E: Conc. Uncertainty","E: Conc. Uncertainty","1b","1b","1b","E: Conc. Uncertainty","E: Conc. Uncertainty","E: Conc. Uncertainty","E: Conc. Uncertainty","E: Conc. Uncertainty","1b","1b","1b","1b","1b","1b","1b","1b","1b"
"2025-03-10 22:00:00","PM2.5",0,0,0,760.3025,915.9259,79.8216,50.8369,3.201,0,1.3739,0,40.92994817,0,NA,NA,10.79155509,0,0,1.95038335,NA,3.690580677,NA,NA,0,0,0,NA,0,0,0,0,0.1692,0,0,0,0,0,0,0,0,"1b","1b","1b","1b","1b","1b","1b","1b","1b","1b","1b","1b","1b","E: Conc. Uncertainty","E: Conc. Uncertainty","1b","1b","1b","1b","E: Conc. Uncertainty","1b","E: Conc. Uncertainty","E: Conc. Uncertainty","1b","1b","1b","E: Conc. Uncertainty","1b","1b","1b","1b","1b","1b","1b","1b","1b","1b","1b","1b","1b"
"2025-03-10 23:00:00","PM10",0,NA,0,555.9453,2692.5856,104.7302,155.4657,3.8354,0,NA,NA,70.63061513,0,0,NA,4.533474486,0,0,NA,NA,7.165077006,1.794389194,NA,0,NA,0,0,0,0,NA,NA,0,0,0,0,0,0,0,0,0,"1b","E: Conc. Uncertainty","1b","1b","1b","1b","1b","1b","1b","E: Conc. Uncertainty","E: Conc. Uncertainty","1b","1b","1b","E: Conc. Uncertainty","1b","1b","1b","E: Conc. Uncertainty","E: Conc. Uncertainty","1b","1b","E: Conc. Uncertainty","1b","E: Conc. Uncertainty","1b","1b","1b","1b","E: Conc. Uncertainty","E: Conc. Uncertainty","1b","1b","1b","1b","1b","1b","1b","1b","1b"
"2025-03-11 00:30:00","PM2.5",0,0,0,250.5942,1555.2589,38.1809,47.2794,5.9832,NA,2.0593,0,10.20272784,0,NA,0,6.48522422,0,0,0.0150031,0,3.962864228,NA,NA,0,0,NA,NA,0,0,0,0,NA,0,0,0,0,0,0,0,0,"1b","1b","1b","1b","1b","1b","1b","1b","E: Conc. Uncertainty","1b","1b","1b","1b","E: Conc. Uncertainty","1b","1b","1b","1b","1b","1b","1b","E: Conc. Uncertainty","E: Conc. Uncertainty","1b","1b","E: Conc. Uncertainty","E: Conc. Uncertainty","1b","1b","1b","1b","E: Conc. Uncertainty","1b","1b","1b","1b","1b","1b","1b","1b"
"2025-03-11 01:00:00","PM10",0,0,0,256.2996,3961.2874,86.2093,122.2096,NA,0,1.4124,0,29.45399347,NA,NA,0.899809811,3.229132553,0,0,NA,NA,7.841969834,2.200726178,0,0,0,0,NA,NA,0,0,0,NA,0,0,0,0,0,0,0,0,"1b","1b","1b","1b","1b","1b","1b","E: Conc. Uncertainty","1b","1b","1b","1b","E: Conc. Uncertainty","E: Conc. Uncertainty","1b","1b","1b","1b","E: Conc. Uncertainty","E: Conc. Uncertainty","1b","1b","1b","1b","1b","1b","E: Conc. Uncertainty","E: Conc. Uncertainty","1b","1b","1b","E: Conc. Uncertainty","1b","1b","1b","1b","1b","1b","1b","1b"
"2025-03-11 02:00:00","PM2.5",0,0,NA,208.3975,2395.7207,58.4144,58.094,0,0,0.855,0,9.886354619,0,0,NA,1.401355077,0,0,NA,NA,2.506363368,1.844084764,NA,0,0,NA,0,0,0,0,NA,NA,0,0,0,0,0,0,0,0,"1b","1b","E: Conc. Uncertainty","1b","1b","1b","1b","1b","1b","1b","1b","1b","1b","1b","E: Conc. Uncertainty","1b","1b","1b","E: Conc. Uncertainty","E: Conc. Uncertainty","1b","1b","E: Conc. Uncertainty","1b","1b","E: Conc. Uncertainty","1b","1b","1b","1b","E: Conc. Uncertainty","E: Conc. Uncertainty","1b","1b","1b","1b","1b","1b","1b","1b"
"2025-03-11 03:00:00","PM10",0,0,0,412.2035,6787.6556,144.8675,164.7179,1.0307,0,0.9087,0,23.69285097,0,NA,0,2.635364057,0,0,NA,0.001595447,10.71340887,1.481916569,NA,0,0,0,0,0,0,NA,0,0,0,0,0,0,0,0,0,0,"1b","1b","1b","1b","1b","1b","1b","1b","1b","1b","1b","1b","1b","E: Conc. Uncertainty","1b","1b","1b","1b","E: Conc. Uncertainty","1b","1b","1b","E: Conc. Uncertainty","1b","1b","1b","1b","1b","1b","E: Conc. Uncertainty","1b","1b","1b","1b","1b","1b","1b","1b","1b","1b"
"2025-03-11 04:00:00","PM2.5",0,0,0,176.6481,2734.8767,66.7016,70.6071,2.1087,NA,1.1524,0,15.86363729,0,NA,NA,3.926627171,0,0,0,NA,2.489372748,NA,NA,0,0,NA,NA,0,0,0,NA,NA,0,0,0,0,0,0,0,0,"1b","1b","1b","1b","1b","1b","1b","1b","E: Conc. Uncertainty","1b","1b","1b","1b","E: Conc. Uncertainty","E: Conc. Uncertainty","1b","1b","1b","1b","E: Conc. Uncertainty","1b","E: Conc. Uncertainty","E: Conc. Uncertainty","1b","1b","E: Conc. Uncertainty","E: Conc. Uncertainty","1b","1b","1b","E: Conc. Uncertainty","E: Conc. Uncertainty","1b","1b","1b","1b","1b","1b","1b","1b"
"2025-03-11 05:00:00","PM10",0,0,0,317.5937,5701.5873,123.2703,155.7355,2.4395,1.2342,1.3058,0,38.64161779,0,0,NA,3.525812561,0,NA,NA,1.299425709,8.456653226,2.793937357,0,0,NA,0,0,0,0,0,NA,NA,0,0,0,0,0,0,0,0,"1b","1b","1b","1b","1b","1b","1b","1b","1b","1b","1b","1b","1b","1b","E: Conc. Uncertainty","1b","1b","E: Conc. Uncertainty","E: Conc. Uncertainty","1b","1b","1b","1b","1b","E: Conc. Uncertainty","1b","1b","1b","1b","1b","E: Conc. Uncertainty","E: Conc. Uncertainty","1b","1b","1b","1b","1b","1b","1b","1b"
"2025-03-11 06:00:00","PM2.5",0,0,0,110.0664,2021.8927,47.4267,49.2043,0,NA,1.3123,0,28.09011391,0,NA,0.78434703,6.50666192,0,0,NA,NA,1.963923922,NA,NA,0,0,0,NA,0,0,0,0,NA,NA,0,0,0,0,0,0,0,"1b","1b","1b","1b","1b","1b","1b","1b","E: Conc. Uncertainty","1b","1b","1b","1b","E: Conc. Uncertainty","1b","1b","1b","1b","E: Conc. Uncertainty","E: Conc. Uncertainty","1b","E: Conc. Uncertainty","E: Conc. Uncertainty","1b","1b","1b","E: Conc. Uncertainty","1b","1b","1b","1b","E: Conc. Uncertainty","E: Conc. Uncertainty","1b","1b","1b","1b","1b","1b","1b"
"2025-03-11 07:00:00","PM10",0,0,0,216.0205,3671.9417,97.8251,148.6301,2.2937,NA,1.71,NA,114.3316053,0.005357343,NA,2.148773209,13.22213622,0,0,NA,0.967214284,6.109652384,2.259841317,NA,0,0,0,0,0,0,0.1383,0,NA,0,0,0,0,0,0,0,0,"1b","1b","1b","1b","1b","1b","1b","1b","E: Conc. Uncertainty","1b","E: Conc. Uncertainty","1b","1b","E: Conc. Uncertainty","1b","1b","1b","1b","E: Conc. Uncertainty","1b","1b","1b","E: Conc. Uncertainty","1b","1b","1b","1b","1b","1b","1b","1b","E: Conc. Uncertainty","1b","1b","1b","1b","1b","1b","1b","1b"
"2025-03-11 13:00:00","PM10",0,NA,0,339.7195,2511.757,71.449,225.2584,5.5032,0,1.3596,0,105.2341233,0,NA,19.51421803,6.526564084,0,0,1.222329288,0,5.715117388,NA,0,0,0,0,0,NA,0,NA,0,NA,0,0,0,0,0,0,NA,0,"1b","E: Conc. Uncertainty","1b","1b","1b","1b","1b","1b","1b","1b","1b","1b","1b","E: Conc. Uncertainty","1b","1b","1b","1b","1b","1b","1b","E: Conc. Uncertainty","1b","1b","1b","1b","1b","E: Conc. Uncertainty","1b","E: Conc. Uncertainty","1b","E: Conc. Uncertainty","1b","1b","1b","1b","1b","1b","E: Conc. Uncertainty","1b"
"2025-03-11 14:00:00","PM2.5",0,0,0,456.2384,925.6472,36.6517,152.7637,NA,0,0.9332,0,56.53237891,0,NA,0.889160389,9.482119863,0,0,0.873830212,NA,2.53680966,0,NA,0,0,NA,0,NA,0,0,NA,0,0,0,0,0,0,0,1.545143923,0,"1b","1b","1b","1b","1b","1b","1b","E: Conc. Uncertainty","1b","1b","1b","1b","1b","E: Conc. Uncertainty","1b","1b","1b","1b","1b","E: Conc. Uncertainty","1b","1b","E: Conc. Uncertainty","1b","1b","E: Conc. Uncertainty","1b","E: Conc. Uncertainty","1b","1b","E: Conc. Uncertainty","1b","1b","1b","1b","1b","1b","1b","1b","1b"
"2025-03-11 15:00:00","PM10",0,NA,0,328.4387,1691.3179,61.7835,211.8217,6.6485,0,1.052,NA,133.7691752,0,NA,2.127708955,10.81289508,0,0,1.856146744,NA,4.362320463,NA,NA,0,0,NA,0,0,0,0,0,0,NA,0,0,0,0,0,0,0,"1b","E: Conc. Uncertainty","1b","1b","1b","1b","1b","1b","1b","1b","E: Conc. Uncertainty","1b","1b","E: Conc. Uncertainty","1b","1b","1b","1b","1b","E: Conc. Uncertainty","1b","E: Conc. Uncertainty","E: Conc. Uncertainty","1b","1b","E: Conc. Uncertainty","1b","1b","1b","1b","1b","1b","E: Conc. Uncertainty","1b","1b","1b","1b","1b","1b","1b"
"2025-03-11 16:00:00","PM2.5",0,0,0,258.2463,475.702,34.2881,45.16,1.1846,0,NA,0,54.01777615,0,NA,1.24040515,6.081914699,0,0,1.317987675,NA,1.657788761,0,0,0,0,NA,0,0,0,0.1074,NA,0,0.0047,0,0,0,0,0,0,0,"1b","1b","1b","1b","1b","1b","1b","1b","1b","E: Conc. Uncertainty","1b","1b","1b","E: Conc. Uncertainty","1b","1b","1b","1b","1b","E: Conc. Uncertainty","1b","1b","1b","1b","1b","E: Conc. Uncertainty","1b","1b","1b","1b","E: Conc. Uncertainty","1b","1b","1b","1b","1b","1b","1b","1b","1b"
"2025-03-11 17:00:00","PM10",0,1.1615,0,196.7913,860.6219,72.0084,193.0124,3.555,0,1.2486,NA,155.6005457,0,0,3.976430222,15.41290382,0,0,2.440576671,0,18.39467924,NA,0,0,0,0,0,0,0,0,NA,0,NA,0,0,0,0,0,2.755739724,0,"1b","1b","1b","1b","1b","1b","1b","1b","1b","1b","E: Conc. Uncertainty","1b","1b","1b","1b","1b","1b","1b","1b","1b","1b","E: Conc. Uncertainty","1b","1b","1b","1b","1b","1b","1b","1b","E: Conc. Uncertainty","1b","E: Conc. Uncertainty","1b","1b","1b","1b","1b","1b","1b"
"2025-03-11 18:00:00","PM2.5",0,0,0,167.481,368.3198,55.6942,42.8977,1.1853,0,1.7271,0,86.54474115,0,NA,2.828669303,14.2152434,0,0,4.295932992,0,6.048334468,0,0,0,0,0,0,0,0,0,NA,0,0,0,0,0,0,0,2.959370585,0,"1b","1b","1b","1b","1b","1b","1b","1b","1b","1b","1b","1b","1b","E: Conc. Uncertainty","1b","1b","1b","1b","1b","1b","1b","1b","1b","1b","1b","1b","1b","1b","1b","1b","E: Conc. Uncertainty","1b","1b","1b","1b","1b","1b","1b","1b","1b"
"2025-03-11 19:00:00","PM10",0,NA,0,180.4736,920.6952,100.2688,255.916,6.571,0,2.0428,1.3806,208.1782902,0,NA,5.647930106,21.54752883,0,0,1.598801239,NA,3.653629299,0,0,0,0,NA,0,0,0,NA,NA,NA,NA,0,0,0,0,0,2.151582262,0,"1b","E: Conc. Uncertainty","1b","1b","1b","1b","1b","1b","1b","1b","1b","1b","1b","E: Conc. Uncertainty","1b","1b","1b","1b","1b","E: Conc. Uncertainty","1b","1b","1b","1b","1b","E: Conc. Uncertainty","1b","1b","1b","E: Conc. Uncertainty","E: Conc. Uncertainty","E: Conc. Uncertainty","E: Conc. Uncertainty","1b","1b","1b","1b","1b","1b","1b"
"2025-03-11 20:00:00","PM2.5",0,0,0,124.8666,413.5665,56.6848,87.4841,1.892,0,1.0175,0,77.41815369,NA,NA,3.225979499,20.24225613,0,0,NA,1.212156068,3.186942049,NA,NA,0,0,NA,0,0,0,0,0.1546,NA,NA,0,0.0038,0,0,0,2.846333941,0,"1b","1b","1b","1b","1b","1b","1b","1b","1b","1b","1b","1b","E: Conc. Uncertainty","E: Conc. Uncertainty","1b","1b","1b","1b","E: Conc. Uncertainty","1b","1b","E: Conc. Uncertainty","E: Conc. Uncertainty","1b","1b","E: Conc. Uncertainty","1b","1b","1b","1b","1b","E: Conc. Uncertainty","E: Conc. Uncertainty","1b","1b","1b","1b","1b","1b","1b"
"2025-03-11 21:00:00","PM10",0,NA,0,154.5586,1138.3459,67.7906,186.6152,4.4082,0,1.9998,NA,144.994353,NA,NA,7.817079251,70.90497848,0,0,2.507086678,1.211328511,2.538902964,0,0,0,0,NA,0,NA,0,NA,NA,NA,0,0,0,0,0,0,13.90365577,0,"1b","E: Conc. Uncertainty","1b","1b","1b","1b","1b","1b","1b","1b","E: Conc. Uncertainty","1b","E: Conc. Uncertainty","E: Conc. Uncertainty","1b","1b","1b","1b","1b","1b","1b","1b","1b","1b","1b","E: Conc. Uncertainty","1b","E: Conc. Uncertainty","1b","E: Conc. Uncertainty","E: Conc. Uncertainty","E: Conc. Uncertainty","1b","1b","1b","1b","1b","1b","1b","1b"
"2025-03-11 22:00:00","PM2.5",0,0,NA,127.1122,846.6994,45.4152,21.6028,0,0,NA,0,41.11712811,0,NA,11.94078546,128.287596,0,0,2.801134285,NA,3.788612432,NA,0,NA,0,NA,0,NA,0,0,NA,0,NA,0,0,0,0,0,40.56227385,0,"1b","1b","E: Conc. Uncertainty","1b","1b","1b","1b","1b","1b","E: Conc. Uncertainty","1b","1b","1b","E: Conc. Uncertainty","1b","1b","1b","1b","1b","E: Conc. Uncertainty","1b","E: Conc. Uncertainty","1b","E: Conc. Uncertainty","1b","E: Conc. Uncertainty","1b","E: Conc. Uncertainty","1b","1b","E: Conc. Uncertainty","1b","E: Conc. Uncertainty","1b","1b","1b","1b","1b","1b","1b"
"2025-03-11 23:00:00","PM10",0,NA,0,142.5261,1089.2564,58.0557,72.4131,NA,0,NA,0,80.41564317,0,0,3.326700964,87.05100858,0,0,1.527471634,NA,3.5204258,0,NA,0,0,NA,0,NA,NA,0,NA,NA,0,0,0,0,0,0,4.379986986,0,"1b","E: Conc. Uncertainty","1b","1b","1b","1b","1b","E: Conc. Uncertainty","1b","E: Conc. Uncertainty","1b","1b","1b","1b","1b","1b","1b","1b","1b","E: Conc. Uncertainty","1b","1b","E: Conc. Uncertainty","1b","1b","E: Conc. Uncertainty","1b","E: Conc. Uncertainty","E: Conc. Uncertainty","1b","E: Conc. Uncertainty","E: Conc. Uncertainty","1b","1b","1b","1b","1b","1b","1b","1b"
"2025-03-12 00:30:00","PM2.5",0,0,NA,63.8461,332.087,28.1525,6.0993,0,0,NA,0,21.02894038,0,0,NA,42.05692576,0,0,NA,0,0,0,0,NA,0,NA,0,NA,0,0,0,NA,0,0,0,0,0,0,0,0,"1b","1b","E: Conc. Uncertainty","1b","1b","1b","1b","1b","1b","E: Conc. Uncertainty","1b","1b","1b","1b","E: Conc. Uncertainty","1b","1b","1b","E: Conc. Uncertainty","1b","1b","1b","1b","E: Conc. Uncertainty","1b","E: Conc. Uncertainty","1b","E: Conc. Uncertainty","1b","1b","1b","E: Conc. Uncertainty","1b","1b","1b","1b","1b","1b","1b","1b"
"2025-03-12 01:00:00","PM10",0,0,0,91.295,929.8222,44.7528,38.9668,NA,0,0.8273,0,31.35188521,0,NA,NA,50.8445937,0,0,NA,NA,1.576034193,NA,NA,0,0,0,NA,0,0,NA,0,0,0,0,0,0,0,0,0,0,"1b","1b","1b","1b","1b","1b","1b","E: Conc. Uncertainty","1b","1b","1b","1b","1b","E: Conc. Uncertainty","E: Conc. Uncertainty","1b","1b","1b","E: Conc. Uncertainty","E: Conc. Uncertainty","1b","E: Conc. Uncertainty","E: Conc. Uncertainty","1b","1b","1b","E: Conc. Uncertainty","1b","1b","E: Conc. Uncertainty","1b","1b","1b","1b","1b","1b","1b","1b","1b","1b"
"2025-03-12 02:00:00","PM2.5",0,2.1397,NA,78.044,304.8362,36.7409,20.5411,0,0,0.8691,0,8.640025601,0,NA,NA,19.55422017,0,0,0.685122724,0,NA,NA,NA,0,0,0,0,NA,0,0,NA,NA,0,0,0,0,0,0,0,0,"1b","1b","E: Conc. Uncertainty","1b","1b","1b","1b","1b","1b","1b","1b","1b","1b","E: Conc. Uncertainty","E: Conc. Uncertainty","1b","1b","1b","1b","1b","E: Conc. Uncertainty","E: Conc. Uncertainty","E: Conc. Uncertainty","1b","1b","1b","1b","E: Conc. Uncertainty","1b","1b","E: Conc. Uncertainty","E: Conc. Uncertainty","1b","1b","1b","1b","1b","1b","1b","1b"
"2025-03-12 03:00:00","PM10",0,0,0,114.7846,1059.8435,58.5396,40.6353,NA,0,0.7282,0,26.06886775,0,NA,0.782391318,82.22291324,0,0,1.366227669,0,1.381582424,NA,0,0,0,12.759,0,0.0741,NA,0,NA,0,0,0,0,0,0,0,NA,0,"1b","1b","1b","1b","1b","1b","1b","E: Conc. Uncertainty","1b","1b","1b","1b","1b","E: Conc. Uncertainty","1b","1b","1b","1b","1b","1b","1b","E: Conc. Uncertainty","1b","1b","1b","1b","1b","1b","E: Conc. Uncertainty","1b","E: Conc. Uncertainty","1b","1b","1b","1b","1b","1b","1b","E: Conc. Uncertainty","1b"
"2025-03-12 04:00:00","PM2.5",0,0,0,73.6071,361.3486,32.0597,6.8977,0,0,0.994,0,13.88585279,0,0,NA,169.2469625,0,NA,0.874110135,0,1.029870963,0,0,0,0,NA,0,0,0,NA,NA,NA,0,0,0,0,0,0,0,0,"1b","1b","1b","1b","1b","1b","1b","1b","1b","1b","1b","1b","1b","1b","E: Conc. Uncertainty","1b","1b","E: Conc. Uncertainty","1b","1b","1b","1b","1b","1b","1b","E: Conc. Uncertainty","1b","1b","1b","E: Conc. Uncertainty","E: Conc. Uncertainty","E: Conc. Uncertainty","1b","1b","1b","1b","1b","1b","1b","1b"
"2025-03-12 05:00:00","PM10",0,0,0,108.3373,841.5059,55.7192,32.1491,NA,0,0.8176,0,34.68144787,NA,NA,NA,21.84067295,0,NA,0.896171297,NA,1.04358909,0,NA,0,0,NA,0,NA,0,0,NA,0,0,0,0,0,0,0,0,0,"1b","1b","1b","1b","1b","1b","1b","E: Conc. Uncertainty","1b","1b","1b","1b","E: Conc. Uncertainty","E: Conc. Uncertainty","E: Conc. Uncertainty","1b","1b","E: Conc. Uncertainty","1b","E: Conc. Uncertainty","1b","1b","E: Conc. Uncertainty","1b","1b","E: Conc. Uncertainty","1b","E: Conc. Uncertainty","1b","1b","E: Conc. Uncertainty","1b","1b","1b","1b","1b","1b","1b","1b","1b"
"2025-03-12 06:00:00","PM2.5",0,0,NA,97.4128,239.6822,37.0921,13.13,NA,0,1.0642,0,41.05164606,0,0,8.991675571,60.4584033,0,0,0.978181448,0,2.345708034,NA,NA,NA,0,0,0,0,0,NA,0,NA,0,0,0,0,0,0,3.602554317,0,"1b","1b","E: Conc. Uncertainty","1b","1b","1b","1b","E: Conc. Uncertainty","1b","1b","1b","1b","1b","1b","1b","1b","1b","1b","1b","1b","1b","E: Conc. Uncertainty","E: Conc. Uncertainty","E: Conc. Uncertainty","1b","1b","1b","1b","1b","E: Conc. Uncertainty","1b","E: Conc. Uncertainty","1b","1b","1b","1b","1b","1b","1b","1b"
"2025-03-12 07:00:00","PM10",0,NA,0,186.5423,373.9129,37.0203,47.1365,3.5992,0,2.1824,1.3216,180.961971,0,NA,15.10137686,57.00895519,0,0,1.626232611,0,4.281783305,NA,0,0,NA,0,0,NA,0,0,NA,0,NA,0,0,0,0,0,4.770920044,0,"1b","E: Conc. Uncertainty","1b","1b","1b","1b","1b","1b","1b","1b","1b","1b","1b","E: Conc. Uncertainty","1b","1b","1b","1b","1b","1b","1b","E: Conc. Uncertainty","1b","1b","E: Conc. Uncertainty","1b","1b","E: Conc. Uncertainty","1b","1b","E: Conc. Uncertainty","1b","E: Conc. Uncertainty","1b","1b","1b","1b","1b","1b","1b"
"2025-03-12 08:00:00","PM2.5",0,0,NA,386.316,170.0344,27.6145,25.7892,2.8051,0,2.5499,4.2988,113.5641782,0,NA,42.34180228,85.45166802,0,0,1.952939382,0,10.49082587,1.5875,0,0,0,0,NA,NA,0,NA,NA,NA,NA,0,0,0,0,0,18.7541192,0,"1b","1b","E: Conc. Uncertainty","1b","1b","1b","1b","1b","1b","1b","1b","1b","1b","E: Conc. Uncertainty","1b","1b","1b","1b","1b","1b","1b","1b","1b","1b","1b","1b","E: Conc. Uncertainty","E: Conc. Uncertainty","1b","E: Conc. Uncertainty","E: Conc. Uncertainty","E: Conc. Uncertainty","E: Conc. Uncertainty","1b","1b","1b","1b","1b","1b","1b"
"2025-03-12 09:00:00","PM10",0,NA,0,479.0858,514.0058,53.7181,99.975,4.2376,0,3.1091,8.552,231.1570685,NA,2.397887181,10.27128071,44.73703636,0,0,2.203696925,NA,3.113530991,NA,NA,NA,0,NA,0,NA,0,NA,0,0,NA,0,0,0,0,0,8.50041687,0,"1b","E: Conc. Uncertainty","1b","1b","1b","1b","1b","1b","1b","1b","1b","1b","E: Conc. Uncertainty","1b","1b","1b","1b","1b","1b","E: Conc. Uncertainty","1b","E: Conc. Uncertainty","E: Conc. Uncertainty","E: Conc. Uncertainty","1b","E: Conc. Uncertainty","1b","E: Conc. Uncertainty","1b","E: Conc. Uncertainty","1b","1b","E: Conc. Uncertainty","1b","1b","1b","1b","1b","1b","1b"
"2025-03-12 10:00:00","PM2.5",0,0,0,369.3774,322.5106,58.3821,40.9135,NA,0,1.7463,NA,67.73761785,0,0,3.225253567,9.89399712,0,0,1.249461201,0,1.384870739,NA,NA,0,0,0,0,0,NA,0,NA,0,0,0,0,0,0,0,NA,0,"1b","1b","1b","1b","1b","1b","1b","E: Conc. Uncertainty","1b","1b","E: Conc. Uncertainty","1b","1b","1b","1b","1b","1b","1b","1b","1b","1b","E: Conc. Uncertainty","E: Conc. Uncertainty","1b","1b","1b","1b","1b","E: Conc. Uncertainty","1b","E: Conc. Uncertainty","1b","1b","1b","1b","1b","1b","1b","E: Conc. Uncertainty","1b"
"2025-03-12 11:00:00","PM10",0,NA,0,261.852,1038.4824,48.4777,115.119,3.7931,0,1.529,0.8856,117.4495034,0,0.861394895,2.863682108,10.7656979,0,0,1.312667094,0,1.389842741,NA,NA,0,0,0,NA,0,0,0,0,NA,0,0,0,0,0,0,0,0,"1b","E: Conc. Uncertainty","1b","1b","1b","1b","1b","1b","1b","1b","1b","1b","1b","1b","1b","1b","1b","1b","1b","1b","1b","E: Conc. Uncertainty","E: Conc. Uncertainty","1b","1b","1b","E: Conc. Uncertainty","1b","1b","1b","1b","E: Conc. Uncertainty","1b","1b","1b","1b","1b","1b","1b","1b"
"2025-03-12 12:00:00","PM2.5",0,0,0,268.8736,396.9337,53.4807,78.5438,2.695,0,1.3807,1.5699,94.41715612,NA,NA,2.856564094,10.11176824,0,0,1.53204939,0,1.545384216,NA,0,0,0,0,0,0,0,0,0.0407,NA,0,0,0.0192,0,0,0,NA,0,"1b","1b","1b","1b","1b","1b","1b","1b","1b","1b","1b","1b","E: Conc. Uncertainty","E: Conc. Uncertainty","1b","1b","1b","1b","1b","1b","1b","E: Conc. Uncertainty","1b","1b","1b","1b","1b","1b","1b","1b","1b","E: Conc. Uncertainty","1b","1b","1b","1b","1b","1b","E: Conc. Uncertainty","1b"
"2025-03-12 13:00:00","PM10",0,NA,0,169.6367,917.4786,52.2153,188.5011,5.6298,0,1.403,2.3832,163.2336926,0,NA,3.485733258,16.35312867,0,0,1.571160035,0,14.05925321,NA,0,0,0,NA,0,0,0,0,NA,0,0,0,0,0,0,0,NA,0,"1b","E: Conc. Uncertainty","1b","1b","1b","1b","1b","1b","1b","1b","1b","1b","1b","E: Conc. Uncertainty","1b","1b","1b","1b","1b","1b","1b","E: Conc. Uncertainty","1b","1b","1b","E: Conc. Uncertainty","1b","1b","1b","1b","E: Conc. Uncertainty","1b","1b","1b","1b","1b","1b","1b","E: Conc. Uncertainty","1b"
"2025-03-12 14:00:00","PM2.5",0,0,NA,117.3668,379.2391,36.5364,49.172,NA,0,1.6232,NA,60.23431441,0,NA,2.140884598,10.26338939,0,0,1.737467853,0,3.109237866,0,0,0,0,0,0,0,0,0,NA,0,0,0,0,0,0,0,0,0,"1b","1b","E: Conc. Uncertainty","1b","1b","1b","1b","E: Conc. Uncertainty","1b","1b","E: Conc. Uncertainty","1b","1b","E: Conc. Uncertainty","1b","1b","1b","1b","1b","1b","1b","1b","1b","1b","1b","1b","1b","1b","1b","1b","E: Conc. Uncertainty","1b","1b","1b","1b","1b","1b","1b","1b","1b"
"2025-03-12 15:00:00","PM10",0,NA,0,148.0554,748.4963,50.1135,220.0169,6.6659,0,2.4278,1.8497,183.1155375,0,1.820354045,5.114358051,12.47750358,0,0,0.77943853,NA,1.53485038,NA,NA,NA,0,0,0,0,0,NA,NA,NA,0,0,0,0,0,0,2.153626371,0,"1b","E: Conc. Uncertainty","1b","1b","1b","1b","1b","1b","1b","1b","1b","1b","1b","1b","1b","1b","1b","1b","1b","E: Conc. Uncertainty","1b","E: Conc. Uncertainty","E: Conc. Uncertainty","E: Conc. Uncertainty","1b","1b","1b","1b","1b","E: Conc. Uncertainty","E: Conc. Uncertainty","E: Conc. Uncertainty","1b","1b","1b","1b","1b","1b","1b","1b"
"2025-03-12 16:00:00","PM2.5",0,0,0,163.8743,159.6077,36.6605,51.7204,NA,0,1.5598,NA,60.92741057,0,NA,2.038711647,7.266086603,0,0,1.536864601,0,1.037154633,0,NA,0,0,0,NA,0,0,0,0,0,NA,0,0,0,0,0,0,0,"1b","1b","1b","1b","1b","1b","1b","E: Conc. Uncertainty","1b","1b","E: Conc. Uncertainty","1b","1b","E: Conc. Uncertainty","1b","1b","1b","1b","1b","1b","1b","1b","E: Conc. Uncertainty","1b","1b","1b","E: Conc. Uncertainty","1b","1b","1b","1b","1b","E: Conc. Uncertainty","1b","1b","1b","1b","1b","1b","1b"
"2025-03-12 17:00:00","PM10",0,0,0,172.2469,393.4332,42.9924,91.837,3.3687,0,1.471,0,145.0740729,0,NA,3.636752789,4.843170749,0,0,1.103793633,NA,NA,NA,NA,NA,NA,0,0,0,0,NA,0,NA,NA,0,0,0,0,0,0,0,"1b","1b","1b","1b","1b","1b","1b","1b","1b","1b","1b","1b","1b","E: Conc. Uncertainty","1b","1b","1b","1b","1b","E: Conc. Uncertainty","E: Conc. Uncertainty","E: Conc. Uncertainty","E: Conc. Uncertainty","E: Conc. Uncertainty","E: Conc. Uncertainty","1b","1b","1b","1b","E: Conc. Uncertainty","1b","E: Conc. Uncertainty","E: Conc. Uncertainty","1b","1b","1b","1b","1b","1b","1b"
"2025-03-12 18:00:00","PM2.5",0,0,0,153.9896,115.42,44.2048,16.9911,1.3545,0,1.0618,0,79.32384616,0,NA,1.980440321,7.273114831,0,0,0.685035374,NA,NA,0,NA,NA,0,0,0,NA,0,0,NA,NA,0,0,NA,0,0,0,0,0,"1b","1b","1b","1b","1b","1b","1b","1b","1b","1b","1b","1b","1b","E: Conc. Uncertainty","1b","1b","1b","1b","1b","E: Conc. Uncertainty","E: Conc. Uncertainty","1b","E: Conc. Uncertainty","E: Conc. Uncertainty","1b","1b","1b","E: Conc. Uncertainty","1b","1b","E: Conc. Uncertainty","E: Conc. Uncertainty","1b","1b","E: Conc. Uncertainty","1b","1b","1b","1b","1b"
"2025-03-12 19:00:00","PM10",0,0,0,163.8872,401.2696,47.0884,42.3712,2.0167,0,1.1428,NA,132.8120325,0,NA,9.177475653,5.871238564,0,0,NA,NA,1.275097439,0,NA,0,0,0,0,0,0,NA,NA,NA,NA,0,0,0,0,0,0,0,"1b","1b","1b","1b","1b","1b","1b","1b","1b","1b","E: Conc. Uncertainty","1b","1b","E: Conc. Uncertainty","1b","1b","1b","1b","E: Conc. Uncertainty","E: Conc. Uncertainty","1b","1b","E: Conc. Uncertainty","1b","1b","1b","1b","1b","1b","E: Conc. Uncertainty","E: Conc. Uncertainty","E: Conc. Uncertainty","E: Conc. Uncertainty","1b","1b","1b","1b","1b","1b","1b"
"2025-03-12 20:00:00","PM2.5",0,0,NA,134.2796,118.8585,51.8929,6.8282,1.2548,0,1.414,0,66.55154277,0,NA,1.683632257,7.308086717,0,0,NA,NA,NA,0,NA,0,0,0,NA,0,0,0,NA,0,NA,0,0,0,0,0,0,0,"1b","1b","E: Conc. Uncertainty","1b","1b","1b","1b","1b","1b","1b","1b","1b","1b","E: Conc. Uncertainty","1b","1b","1b","1b","E: Conc. Uncertainty","E: Conc. Uncertainty","E: Conc. Uncertainty","1b","E: Conc. Uncertainty","1b","1b","1b","E: Conc. Uncertainty","1b","1b","1b","E: Conc. Uncertainty","1b","E: Conc. Uncertainty","1b","1b","1b","1b","1b","1b","1b"
"2025-03-12 21:00:00","PM10",0,0,0,163.1971,373.9968,72.3839,45.3166,2.5084,0,2.442,NA,147.4680312,0,0.837224742,3.115026351,21.08347632,0,0,1.559852106,NA,NA,0,NA,0,0,NA,0,0,0,NA,0,NA,NA,0,0,0,0,0,NA,0,"1b","1b","1b","1b","1b","1b","1b","1b","1b","1b","E: Conc. Uncertainty","1b","1b","1b","1b","1b","1b","1b","1b","E: Conc. Uncertainty","E: Conc. Uncertainty","1b","E: Conc. Uncertainty","1b","1b","E: Conc. Uncertainty","1b","1b","1b","E: Conc. Uncertainty","1b","E: Conc. Uncertainty","E: Conc. Uncertainty","1b","1b","1b","1b","1b","E: Conc. Uncertainty","1b"
"2025-03-12 22:00:00","PM2.5",0,0,0,164.7651,147.939,65.4005,13.4969,1.2611,0,3.6562,NA,75.62360328,NA,NA,2.196436204,23.92612908,0,0,1.425701667,NA,1.976838377,NA,0,0,0,0,0,0,0,0,0,NA,0,0,0,0,0,0,2.377872306,0,"1b","1b","1b","1b","1b","1b","1b","1b","1b","1b","E: Conc. Uncertainty","1b","E: Conc. Uncertainty","E: Conc. Uncertainty","1b","1b","1b","1b","1b","E: Conc. Uncertainty","1b","E: Conc. Uncertainty","1b","1b","1b","1b","1b","1b","1b","1b","1b","E: Conc. Uncertainty","1b","1b","1b","1b","1b","1b","1b","1b"
"2025-03-12 23:00:00","PM10",0,NA,0,243.5177,457.6345,177.2545,77.1618,2.7563,0,3.8047,NA,215.1107949,NA,0,5.720278512,29.68439724,0,NA,1.668042285,NA,3.364809921,0,NA,0,0,0,0,NA,0,0,NA,NA,NA,0,0,0,0,0,5.002073592,0,"1b","E: Conc. Uncertainty","1b","1b","1b","1b","1b","1b","1b","1b","E: Conc. Uncertainty","1b","E: Conc. Uncertainty","1b","1b","1b","1b","E: Conc. Uncertainty","1b","E: Conc. Uncertainty","1b","1b","E: Conc. Uncertainty","1b","1b","1b","1b","E: Conc. Uncertainty","1b","1b","E: Conc. Uncertainty","E: Conc. Uncertainty","E: Conc. Uncertainty","1b","1b","1b","1b","1b","1b","1b"
"2025-03-13 00:30:00","PM2.5",0,0,NA,241.9187,233.9111,122.198,25.1328,NA,0,1.425,0,73.04465193,0,NA,3.381450358,37.92781409,0,0,3.43004461,NA,3.253760764,NA,0,0,0,0,0,0,0,0,NA,0,0,0,0,0,0,0,4.682518933,0,"1b","1b","E: Conc. Uncertainty","1b","1b","1b","1b","E: Conc. Uncertainty","1b","1b","1b","1b","1b","E: Conc. Uncertainty","1b","1b","1b","1b","1b","E: Conc. Uncertainty","1b","E: Conc. Uncertainty","1b","1b","1b","1b","1b","1b","1b","1b","E: Conc. Uncertainty","1b","1b","1b","1b","1b","1b","1b","1b","1b"
"2025-03-13 01:00:00","PM10",0,0,0,267.2834,512.4244,139.9216,73.8169,4.9093,0,1.0447,NA,107.1545446,0,0,3.695568243,53.99249288,0,0,1.76475635,NA,3.48231485,NA,NA,NA,0,NA,0,0,0,0,NA,NA,0.0309,0,0,0,0,0,5.83446536,0,"1b","1b","1b","1b","1b","1b","1b","1b","1b","1b","E: Conc. Uncertainty","1b","1b","1b","1b","1b","1b","1b","1b","E: Conc. Uncertainty","1b","E: Conc. Uncertainty","E: Conc. Uncertainty","E: Conc. Uncertainty","1b","E: Conc. Uncertainty","1b","1b","1b","1b","E: Conc. Uncertainty","E: Conc. Uncertainty","1b","1b","1b","1b","1b","1b","1b","1b"
"2025-03-13 02:00:00","PM2.5",0,0,NA,223.9377,201.4351,96.1309,22.8307,1.3276,0,1.2914,0,50.96153532,0,0.006535013,2.52983642,31.76135969,0,0,2.189801295,0,2.398625605,0,0,0,0,0,0,0,0,NA,NA,NA,NA,0,0,0,0,0,0,0,"1b","1b","E: Conc. Uncertainty","1b","1b","1b","1b","1b","1b","1b","1b","1b","1b","1b","1b","1b","1b","1b","1b","1b","1b","1b","1b","1b","1b","1b","1b","1b","1b","E: Conc. Uncertainty","E: Conc. Uncertainty","E: Conc. Uncertainty","E: Conc. Uncertainty","1b","1b","1b","1b","1b","1b","1b"
"2025-03-13 03:00:00","PM10",0,NA,0,188.8574,577.431,90.4842,60.5989,3.1805,0,1.3984,0,71.84655821,0,NA,9.795190646,33.22001017,0,NA,1.5110727,0,2.761240468,NA,0,0,0,0,0,0,0,0,NA,0,0,0,0,0,0,0,3.049628876,0,"1b","E: Conc. Uncertainty","1b","1b","1b","1b","1b","1b","1b","1b","1b","1b","1b","E: Conc. Uncertainty","1b","1b","1b","E: Conc. Uncertainty","1b","1b","1b","E: Conc. Uncertainty","1b","1b","1b","1b","1b","1b","1b","1b","E: Conc. Uncertainty","1b","1b","1b","1b","1b","1b","1b","1b","1b"
"2025-03-13 04:00:00","PM2.5",0,0,0,167.7157,278.0398,59.7446,22.5742,NA,0,1.2418,0,35.53067887,0,NA,1.640681414,33.45411645,0,NA,1.624958047,0,2.264713959,NA,NA,0,0,NA,NA,0,NA,0,NA,0,0,0,0,0,0,0,NA,0,"1b","1b","1b","1b","1b","1b","1b","E: Conc. Uncertainty","1b","1b","1b","1b","1b","E: Conc. Uncertainty","1b","1b","1b","E: Conc. Uncertainty","1b","1b","1b","E: Conc. Uncertainty","E: Conc. Uncertainty","1b","1b","E: Conc. Uncertainty","E: Conc. Uncertainty","1b","E: Conc. Uncertainty","1b","E: Conc. Uncertainty","1b","1b","1b","1b","1b","1b","1b","E: Conc. Uncertainty","1b"
"2025-03-13 05:00:00","PM10",0,0,0,207.6839,575.5729,85.9508,49.8191,1.5472,0,1.5393,0,73.08438565,0,NA,2.528832358,22.92223862,0,0,1.035186975,NA,3.416962605,0,0,0,0,0,0,NA,0,0,0,0,NA,0,0,0,0,0,NA,0,"1b","1b","1b","1b","1b","1b","1b","1b","1b","1b","1b","1b","1b","E: Conc. Uncertainty","1b","1b","1b","1b","1b","E: Conc. Uncertainty","1b","1b","1b","1b","1b","1b","1b","E: Conc. Uncertainty","1b","1b","1b","1b","E: Conc. Uncertainty","1b","1b","1b","1b","1b","E: Conc. Uncertainty","1b"
"2025-03-13 06:00:00","PM2.5",0,0,0,181.7967,256.8837,117.0551,15.1439,1.6485,0,1.6248,0,57.39341729,0,0,2.096880432,10.42594456,0,NA,1.162971772,NA,2.656095305,NA,NA,0,0,NA,0,NA,0,0,NA,NA,0,0,0,0,0,0,0,0,"1b","1b","1b","1b","1b","1b","1b","1b","1b","1b","1b","1b","1b","1b","1b","1b","1b","E: Conc. Uncertainty","1b","E: Conc. Uncertainty","1b","E: Conc. Uncertainty","E: Conc. Uncertainty","1b","1b","E: Conc. Uncertainty","1b","E: Conc. Uncertainty","1b","1b","E: Conc. Uncertainty","E: Conc. Uncertainty","1b","1b","1b","1b","1b","1b","1b","1b"
"2025-03-13 07:00:00","PM10",0,0,0,225.7533,802.9395,136.7914,86.7968,3.8423,0,4.2236,3.6461,221.3817356,0,1.310720029,8.249506341,23.92113674,0,0,1.185106773,NA,7.647222279,NA,0,0,0,NA,0,0,0,0,NA,NA,NA,0,0,0,0,0,0,0,"1b","1b","1b","1b","1b","1b","1b","1b","1b","1b","1b","1b","1b","1b","1b","1b","1b","1b","1b","E: Conc. Uncertainty","1b","E: Conc. Uncertainty","1b","1b","1b","E: Conc. Uncertainty","1b","1b","1b","1b","E: Conc. Uncertainty","E: Conc. Uncertainty","E: Conc. Uncertainty","1b","1b","1b","1b","1b","1b","1b"
"2025-03-13 08:00:00","PM2.5",0,0,0,184.901,384.6212,108.0459,31.518,2.0406,0,2.8372,1.8352,125.2334872,0,NA,6.204547765,17.23035638,0,0,1.07234341,0,4.054707353,NA,NA,0,0,0,0,0,0,0,NA,0,0,0,0,0,0,0,0,0,"1b","1b","1b","1b","1b","1b","1b","1b","1b","1b","1b","1b","1b","E: Conc. Uncertainty","1b","1b","1b","1b","1b","1b","1b","E: Conc. Uncertainty","E: Conc. Uncertainty","1b","1b","1b","1b","1b","1b","1b","E: Conc. Uncertainty","1b","1b","1b","1b","1b","1b","1b","1b","1b"
"2025-03-13 09:00:00","PM10",0,NA,NA,223.0611,1508.2981,75.7878,126.2806,5.1979,0,1.7556,1.3746,144.9706157,NA,NA,4.228739629,13.67380429,0,0,1.26663413,NA,10.33063893,NA,NA,NA,0,0,0.1202,0,0,0,NA,0,0,0,0,0,0,0,NA,0,"1b","E: Conc. Uncertainty","E: Conc. Uncertainty","1b","1b","1b","1b","1b","1b","1b","1b","1b","E: Conc. Uncertainty","E: Conc. Uncertainty","1b","1b","1b","1b","1b","E: Conc. Uncertainty","1b","E: Conc. Uncertainty","E: Conc. Uncertainty","E: Conc. Uncertainty","1b","1b","1b","1b","1b","1b","E: Conc. Uncertainty","1b","1b","1b","1b","1b","1b","1b","E: Conc. Uncertainty","1b"
"2025-03-13 10:00:00","PM2.5",0,0,0,273.3092,572.3637,56.5136,41.6682,1.5274,0,1.2632,NA,69.60678104,0,0,3.022471109,13.71977804,0,0,2.337005549,0.000346179,6.605325052,NA,0,0,0,0,0,NA,0,0,NA,NA,0,0,0,0,0,0,NA,0,"1b","1b","1b","1b","1b","1b","1b","1b","1b","1b","E: Conc. Uncertainty","1b","1b","1b","1b","1b","1b","1b","1b","1b","1b","E: Conc. Uncertainty","1b","1b","1b","1b","1b","E: Conc. Uncertainty","1b","1b","E: Conc. Uncertainty","E: Conc. Uncertainty","1b","1b","1b","1b","1b","1b","E: Conc. Uncertainty","1b"
"2025-03-13 11:00:00","PM10",0,NA,0,350.7619,1251.4781,86.7851,191.6431,6.197,0,2.0908,3.7123,201.0001425,0,NA,4.674302404,15.51911139,0,0,2.172022877,0,3.386766532,NA,0,0,0,0,0,0,NA,0,0,NA,NA,0,0,0,0,0,5.086143732,0,"1b","E: Conc. Uncertainty","1b","1b","1b","1b","1b","1b","1b","1b","1b","1b","1b","E: Conc. Uncertainty","1b","1b","1b","1b","1b","1b","1b","E: Conc. Uncertainty","1b","1b","1b","1b","1b","1b","E: Conc. Uncertainty","1b","1b","E: Conc. Uncertainty","E: Conc. Uncertainty","1b","1b","1b","1b","1b","1b","1b"
"2025-03-13 12:00:00","PM2.5",0,0,0,278.2747,483.058,59.158,64.2005,2.5313,0,3.0483,1.6693,99.95487903,NA,NA,3.263611103,33.03017904,0,0,5.770832697,0,1.428369314,0,0,0,0,0,NA,0,0,0,0,0,NA,0,0,0,0,0,28.29004448,0,"1b","1b","1b","1b","1b","1b","1b","1b","1b","1b","1b","1b","E: Conc. Uncertainty","E: Conc. Uncertainty","1b","1b","1b","1b","1b","1b","1b","1b","1b","1b","1b","1b","E: Conc. Uncertainty","1b","1b","1b","1b","1b","E: Conc. Uncertainty","1b","1b","1b","1b","1b","1b","1b"
"2025-03-13 13:00:00","PM10",0,NA,0,275.7242,1088.2475,71.8946,176.7416,5.2565,0,2.1095,5.9773,197.2870021,0,NA,5.760755338,25.25613611,0,0,3.277966929,NA,3.215929995,NA,0,0,0,NA,NA,0,0,0,NA,NA,0,0,0,0,0,0,7.79405039,0,"1b","E: Conc. Uncertainty","1b","1b","1b","1b","1b","1b","1b","1b","1b","1b","1b","E: Conc. Uncertainty","1b","1b","1b","1b","1b","E: Conc. Uncertainty","1b","E: Conc. Uncertainty","1b","1b","1b","E: Conc. Uncertainty","E: Conc. Uncertainty","1b","1b","1b","E: Conc. Uncertainty","E: Conc. Uncertainty","1b","1b","1b","1b","1b","1b","1b","1b"
"2025-03-13 14:00:00","PM2.5",0,0,0,246.3703,447.8225,44.903,59.9486,1.8092,0,1.1926,NA,81.30585617,NA,0.00322125,2.246786371,13.00760093,0,0,1.775061224,0,1.230791899,NA,NA,0,0,0,0,0,0,0,NA,0,0,0,0,0,0,0,2.690231585,0,"1b","1b","1b","1b","1b","1b","1b","1b","1b","1b","E: Conc. Uncertainty","1b","E: Conc. Uncertainty","1b","1b","1b","1b","1b","1b","1b","1b","E: Conc. Uncertainty","E: Conc. Uncertainty","1b","1b","1b","1b","1b","1b","1b","E: Conc. Uncertainty","1b","1b","1b","1b","1b","1b","1b","1b","1b"
"2025-03-13 15:00:00","PM10",0,NA,0,220.9275,930.809,62.0864,166.3879,6.7189,0,2.5459,2.2058,170.7942965,0,0.892703863,7.762453471,27.12585684,0,0,2.067652503,0,2.141529199,NA,NA,0,0,0,0,0,0,0,NA,0,NA,0,0,0,0,0,9.13423713,0,"1b","E: Conc. Uncertainty","1b","1b","1b","1b","1b","1b","1b","1b","1b","1b","1b","1b","1b","1b","1b","1b","1b","1b","1b","E: Conc. Uncertainty","E: Conc. Uncertainty","1b","1b","1b","1b","1b","1b","1b","E: Conc. Uncertainty","1b","E: Conc. Uncertainty","1b","1b","1b","1b","1b","1b","1b"
"2025-03-13 16:00:00","PM2.5",0,0,0,186.124,303.0438,57.3422,59.1827,3.6336,NA,1.2005,0.8421,102.5168455,0,0.000824461,5.520173849,14.52411294,0,0,2.067310628,0,2.835362254,NA,0,0,0,NA,NA,0,0,NA,NA,0,NA,0,0,0,0,0,1.045365715,0,"1b","1b","1b","1b","1b","1b","1b","1b","E: Conc. Uncertainty","1b","1b","1b","1b","1b","1b","1b","1b","1b","1b","1b","1b","E: Conc. Uncertainty","1b","1b","1b","E: Conc. Uncertainty","E: Conc. Uncertainty","1b","1b","E: Conc. Uncertainty","E: Conc. Uncertainty","1b","E: Conc. Uncertainty","1b","1b","1b","1b","1b","1b","1b"
"2025-03-13 17:00:00","PM10",0,0.1323,0,192.7204,701.2763,62.1304,123.1767,4.6442,0,1.2967,NA,182.5157687,0,NA,4.482532351,14.05154838,0,0,2.413089037,0,1.902508749,NA,0,NA,0,NA,0,NA,0,0.0046,NA,0,NA,0,0,0,0,0,12.39012778,0,"1b","1b","1b","1b","1b","1b","1b","1b","1b","1b","E: Conc. Uncertainty","1b","1b","E: Conc. Uncertainty","1b","1b","1b","1b","1b","1b","1b","E: Conc. Uncertainty","1b","E: Conc. Uncertainty","1b","E: Conc. Uncertainty","1b","E: Conc. Uncertainty","1b","1b","E: Conc. Uncertainty","1b","E: Conc. Uncertainty","1b","1b","1b","1b","1b","1b","1b"
"2025-03-13 18:00:00","PM2.5",0,0,0,160.355,268.532,53.0723,35.9757,3.0046,0,1.0465,0,79.98845113,0,NA,2.139431002,9.108070982,0,0,2.263161644,NA,1.58620444,NA,0,0,0,NA,NA,0,0,0,NA,0,0,0,0,0,0,0,3.456327968,0,"1b","1b","1b","1b","1b","1b","1b","1b","1b","1b","1b","1b","1b","E: Conc. Uncertainty","1b","1b","1b","1b","1b","E: Conc. Uncertainty","1b","E: Conc. Uncertainty","1b","1b","1b","E: Conc. Uncertainty","E: Conc. Uncertainty","1b","1b","1b","E: Conc. Uncertainty","1b","1b","1b","1b","1b","1b","1b","1b","1b"
"2025-03-13 19:00:00","PM10",0,0,0,224.4842,504.2714,72.5438,83.232,1.9839,0,1.3523,1.7469,185.6513698,0,0,5.354513861,11.83204618,0,0,1.716953906,NA,1.612440046,NA,0,0,0,NA,0,0,0,0,0,0,NA,0,0,0,0,0,1.211720592,0,"1b","1b","1b","1b","1b","1b","1b","1b","1b","1b","1b","1b","1b","1b","1b","1b","1b","1b","1b","E: Conc. Uncertainty","1b","E: Conc. Uncertainty","1b","1b","1b","E: Conc. Uncertainty","1b","1b","1b","1b","1b","1b","E: Conc. Uncertainty","1b","1b","1b","1b","1b","1b","1b"
"2025-03-13 20:00:00","PM2.5",0,0,0,275.8922,251.8232,91.9289,29.8698,3.1434,0.9222,1.2175,NA,154.691707,0,NA,9.408061171,14.7888925,0,0,2.412321552,NA,2.566285029,NA,0,0,0,0,0,0,0,0,NA,0.2272,NA,0,0,0,0,0,8.977488103,0,"1b","1b","1b","1b","1b","1b","1b","1b","1b","1b","E: Conc. Uncertainty","1b","1b","E: Conc. Uncertainty","1b","1b","1b","1b","1b","E: Conc. Uncertainty","1b","E: Conc. Uncertainty","1b","1b","1b","1b","1b","1b","1b","1b","E: Conc. Uncertainty","1b","E: Conc. Uncertainty","1b","1b","1b","1b","1b","1b","1b"
"2025-03-13 21:00:00","PM10",0,0,0,268.5839,681.2956,60.7959,85.4434,16.3587,0,2.3925,NA,193.3923927,0,NA,6.856885972,11.3924232,0,0,1.382741385,NA,1.412823066,NA,NA,NA,0,0,0,NA,NA,0,NA,0,0,0,0,0,0,0,NA,0,"1b","1b","1b","1b","1b","1b","1b","1b","1b","1b","E: Conc. Uncertainty","1b","1b","E: Conc. Uncertainty","1b","1b","1b","1b","1b","E: Conc. Uncertainty","1b","E: Conc. Uncertainty","E: Conc. Uncertainty","E: Conc. Uncertainty","1b","1b","1b","E: Conc. Uncertainty","E: Conc. Uncertainty","1b","E: Conc. Uncertainty","1b","1b","1b","1b","1b","1b","1b","E: Conc. Uncertainty","1b"
"2025-03-13 22:00:00","PM2.5",0,0,0,256.9419,304.8668,59.7564,32.8168,NA,0,1.2938,0,80.07364578,0,NA,1.760745306,9.841795326,0,0,1.786599133,NA,2.827993735,NA,0,0,0,NA,0,0,0,0,0,0,NA,0,0.0187,0,0,0,1.588596652,0,"1b","1b","1b","1b","1b","1b","1b","E: Conc. Uncertainty","1b","1b","1b","1b","1b","E: Conc. Uncertainty","1b","1b","1b","1b","1b","E: Conc. Uncertainty","1b","E: Conc. Uncertainty","1b","1b","1b","E: Conc. Uncertainty","1b","1b","1b","1b","1b","1b","E: Conc. Uncertainty","1b","1b","1b","1b","1b","1b","1b"
"2025-03-13 23:00:00","PM10",0,0,0,288.818,711.0293,90.5968,156.769,4.8268,0,2.2822,1.9892,293.7545655,0,1.651778901,9.501307342,27.25311575,0,0,2.162466553,NA,4.32914509,NA,NA,NA,0,NA,0,0,0,NA,NA,NA,NA,0,0,0,0,0,3.663529723,0,"1b","1b","1b","1b","1b","1b","1b","1b","1b","1b","1b","1b","1b","1b","1b","1b","1b","1b","1b","E: Conc. Uncertainty","1b","E: Conc. Uncertainty","E: Conc. Uncertainty","E: Conc. Uncertainty","1b","E: Conc. Uncertainty","1b","1b","1b","E: Conc. Uncertainty","E: Conc. Uncertainty","E: Conc. Uncertainty","E: Conc. Uncertainty","1b","1b","1b","1b","1b","1b","1b"
"2025-03-14 00:30:00","PM2.5",0,0,NA,299.4825,251.4889,220.2063,79.2592,NA,0,2.1259,4.4469,223.4869727,0,0,24.79259719,102.0305211,0,0,4.200392887,NA,16.30909843,NA,0,0,0,0,0,0,0,0,NA,NA,NA,0,0,0,0,0,32.65996691,0,"1b","1b","E: Conc. Uncertainty","1b","1b","1b","1b","E: Conc. Uncertainty","1b","1b","1b","1b","1b","1b","1b","1b","1b","1b","1b","E: Conc. Uncertainty","1b","E: Conc. Uncertainty","1b","1b","1b","1b","1b","1b","1b","1b","E: Conc. Uncertainty","E: Conc. Uncertainty","E: Conc. Uncertainty","1b","1b","1b","1b","1b","1b","1b"
"2025-03-14 01:00:00","PM10",0,NA,34.6483,278.0809,503.3419,195.4704,148.1591,5.3027,0,3.1018,7.2909,297.9460113,0,NA,33.56046044,129.2605763,0,0,3.705612224,NA,16.90807494,NA,0,NA,0,0,0,0,0,NA,NA,NA,NA,0,0,0,0,0,23.3194213,0,"1b","E: Conc. Uncertainty","1b","1b","1b","1b","1b","1b","1b","1b","1b","1b","1b","E: Conc. Uncertainty","1b","1b","1b","1b","1b","E: Conc. Uncertainty","1b","E: Conc. Uncertainty","1b","E: Conc. Uncertainty","1b","1b","1b","1b","1b","E: Conc. Uncertainty","E: Conc. Uncertainty","E: Conc. Uncertainty","E: Conc. Uncertainty","1b","1b","1b","1b","1b","1b","1b"
"2025-03-14 02:00:00","PM2.5",0,0,NA,255.4796,188.3594,168.138,45.5384,2.1257,0,1.5908,1.9532,149.7343998,0,NA,28.22781577,94.25872105,0,0,3.268490251,0.926893801,10.08127773,NA,0,0,0,NA,0,NA,0,0,NA,NA,NA,0,0,0,0,0,21.74606179,0,"1b","1b","E: Conc. Uncertainty","1b","1b","1b","1b","1b","1b","1b","1b","1b","1b","E: Conc. Uncertainty","1b","1b","1b","1b","1b","1b","1b","E: Conc. Uncertainty","1b","1b","1b","E: Conc. Uncertainty","1b","E: Conc. Uncertainty","1b","1b","E: Conc. Uncertainty","E: Conc. Uncertainty","E: Conc. Uncertainty","1b","1b","1b","1b","1b","1b","1b"
"2025-03-14 03:00:00","PM10",0,0,NA,257.9983,443.0583,175.585,147.8684,7.9957,0,2.6033,2.276,206.0735966,NA,NA,19.14353259,81.44704973,0,0,3.542985551,0.753800319,8.024698262,0,0,0,0,0,0,NA,0,NA,NA,0,2.8892,0,0,0,0,0,24.90882284,0,"1b","1b","E: Conc. Uncertainty","1b","1b","1b","1b","1b","1b","1b","1b","1b","E: Conc. Uncertainty","E: Conc. Uncertainty","1b","1b","1b","1b","1b","1b","1b","1b","1b","1b","1b","1b","1b","E: Conc. Uncertainty","1b","E: Conc. Uncertainty","E: Conc. Uncertainty","1b","1b","1b","1b","1b","1b","1b","1b","1b"
"2025-03-14 04:00:00","PM2.5",0,0,NA,247.8047,148.5158,146.4513,43.2246,5.3929,0,1.5038,NA,98.27352636,0,0,13.8211488,57.04707307,0,0,3.103800842,NA,7.320243352,NA,0,0,0,0,0,NA,0,0,NA,NA,NA,0,0,0,0,0,19.77764665,0,"1b","1b","E: Conc. Uncertainty","1b","1b","1b","1b","1b","1b","1b","E: Conc. Uncertainty","1b","1b","1b","1b","1b","1b","1b","1b","E: Conc. Uncertainty","1b","E: Conc. Uncertainty","1b","1b","1b","1b","1b","E: Conc. Uncertainty","1b","1b","E: Conc. Uncertainty","E: Conc. Uncertainty","E: Conc. Uncertainty","1b","1b","1b","1b","1b","1b","1b"
"2025-03-14 05:00:00","PM10",0,0,0,312.8766,453.0267,187.4512,131.3992,7.1813,0,2.6415,3.471,246.2299422,0,NA,18.2467826,93.71460862,0,0,3.889844832,NA,8.368758654,NA,0,0,0,NA,0,NA,NA,0,NA,0,NA,0,0,0,0,0,22.66909668,0,"1b","1b","1b","1b","1b","1b","1b","1b","1b","1b","1b","1b","1b","E: Conc. Uncertainty","1b","1b","1b","1b","1b","E: Conc. Uncertainty","1b","E: Conc. Uncertainty","1b","1b","1b","E: Conc. Uncertainty","1b","E: Conc. Uncertainty","E: Conc. Uncertainty","1b","E: Conc. Uncertainty","1b","E: Conc. Uncertainty","1b","1b","1b","1b","1b","1b","1b"
"2025-03-14 06:00:00","PM2.5",0,0,NA,278.311,165.2372,159.1667,50.6619,2.2784,0,2.3986,1.8124,147.204076,0,NA,9.131323086,56.75339585,0,0,2.458614839,NA,5.9207957,NA,0,0,NA,NA,0,0,0,0,NA,NA,NA,0,0,0,0,0,15.92726737,0,"1b","1b","E: Conc. Uncertainty","1b","1b","1b","1b","1b","1b","1b","1b","1b","1b","E: Conc. Uncertainty","1b","1b","1b","1b","1b","E: Conc. Uncertainty","1b","E: Conc. Uncertainty","1b","1b","E: Conc. Uncertainty","E: Conc. Uncertainty","1b","1b","1b","1b","E: Conc. Uncertainty","E: Conc. Uncertainty","E: Conc. Uncertainty","1b","1b","1b","1b","1b","1b","1b"
"2025-03-14 07:00:00","PM10",0,0,0,333.5932,586.7045,172.0022,129.1639,5.9921,0.8982,2.9428,3.4746,322.0315407,0,NA,9.6627317,33.53521642,0,0,2.53991398,NA,6.072751121,1.621307792,0,NA,0,0,0,0,0,0,0,NA,3.7106,0,0,0,0,0,8.266733775,0,"1b","1b","1b","1b","1b","1b","1b","1b","1b","1b","1b","1b","1b","E: Conc. Uncertainty","1b","1b","1b","1b","1b","E: Conc. Uncertainty","1b","1b","1b","E: Conc. Uncertainty","1b","1b","1b","1b","1b","1b","1b","E: Conc. Uncertainty","1b","1b","1b","1b","1b","1b","1b","1b"
"2025-03-14 08:00:00","PM2.5",0,0,0,277.4883,259.6353,104.2394,60.2634,4.1029,0,2.9798,2.135,238.1664041,0,0.801982211,6.156909784,20.65593901,0,0,2.04717662,0.915740788,3.256894536,1.705514612,0,NA,0,NA,0,0,0,0,NA,NA,NA,0,0,0,0,0,2.624162643,0,"1b","1b","1b","1b","1b","1b","1b","1b","1b","1b","1b","1b","1b","1b","1b","1b","1b","1b","1b","1b","1b","1b","1b","E: Conc. Uncertainty","1b","E: Conc. Uncertainty","1b","1b","1b","1b","E: Conc. Uncertainty","E: Conc. Uncertainty","E: Conc. Uncertainty","1b","1b","1b","1b","1b","1b","1b"
"2025-03-14 09:00:00","PM10",0,NA,0,300.5961,1139.1043,120.5965,236.4764,10.4652,0,3.0089,3.7235,389.0969685,0,NA,10.25207339,31.89143066,0,0,2.199045477,NA,3.94992317,NA,0,NA,0,0,NA,0,0,0,NA,0,4.126,0,0,0,0,0,1.883055694,0,"1b","E: Conc. Uncertainty","1b","1b","1b","1b","1b","1b","1b","1b","1b","1b","1b","E: Conc. Uncertainty","1b","1b","1b","1b","1b","E: Conc. Uncertainty","1b","E: Conc. Uncertainty","1b","E: Conc. Uncertainty","1b","1b","E: Conc. Uncertainty","1b","1b","1b","E: Conc. Uncertainty","1b","1b","1b","1b","1b","1b","1b","1b","1b"
"2025-03-14 10:00:00","PM2.5",0,0,0,214.0019,246.761,33.7735,41.2295,1.2615,0,1.2889,0,56.93275481,0.007161968,NA,1.479678932,6.367020357,0,0,2.11007457,NA,1.367274688,NA,NA,0,0,0,0,0,0,NA,NA,NA,0,0,0,0,0,0,0,0,"1b","1b","1b","1b","1b","1b","1b","1b","1b","1b","1b","1b","1b","E: Conc. Uncertainty","1b","1b","1b","1b","1b","E: Conc. Uncertainty","1b","E: Conc. Uncertainty","E: Conc. Uncertainty","1b","1b","1b","1b","1b","1b","E: Conc. Uncertainty","E: Conc. Uncertainty","E: Conc. Uncertainty","1b","1b","1b","1b","1b","1b","1b","1b"
"2025-03-14 11:00:00","PM10",0,0,0,341.2355,1027.5944,54.7175,164.6703,5.3772,0,1.1597,NA,118.8778593,0,NA,2.121713571,10.20296783,0,NA,NA,NA,2.228526968,NA,NA,0,0,NA,0,NA,NA,NA,NA,0,0,0,0,0,0,0,2.096164604,0,"1b","1b","1b","1b","1b","1b","1b","1b","1b","1b","E: Conc. Uncertainty","1b","1b","E: Conc. Uncertainty","1b","1b","1b","E: Conc. Uncertainty","E: Conc. Uncertainty","E: Conc. Uncertainty","1b","E: Conc. Uncertainty","E: Conc. Uncertainty","1b","1b","E: Conc. Uncertainty","1b","E: Conc. Uncertainty","E: Conc. Uncertainty","E: Conc. Uncertainty","E: Conc. Uncertainty","1b","1b","1b","1b","1b","1b","1b","1b","1b"
"2025-03-14 12:00:00","PM2.5",0,NA,0,315.1624,293.4115,34.5843,39.9695,6.1416,NA,1.0947,0,59.08596434,0,NA,1.412165322,8.487222753,0,0,1.133647767,NA,3.510978064,0,NA,0,0,NA,0,0,0,0,NA,0.1318,0,0,0,0,0,0,NA,0,"1b","E: Conc. Uncertainty","1b","1b","1b","1b","1b","1b","E: Conc. Uncertainty","1b","1b","1b","1b","E: Conc. Uncertainty","1b","1b","1b","1b","1b","E: Conc. Uncertainty","1b","1b","E: Conc. Uncertainty","1b","1b","E: Conc. Uncertainty","1b","1b","1b","1b","E: Conc. Uncertainty","1b","1b","1b","1b","1b","1b","1b","E: Conc. Uncertainty","1b"
"2025-03-14 13:00:00","PM10",0,NA,0,349.2116,866.5824,52.8542,121.3411,6.1381,NA,1.9205,NA,130.8516506,0,0,2.928277771,12.25465055,0,0,1.599645866,NA,3.902542028,NA,0,0,0,0,0,NA,0,NA,0,0,0,0,0,0,0,0,NA,0,"1b","E: Conc. Uncertainty","1b","1b","1b","1b","1b","1b","E: Conc. Uncertainty","1b","E: Conc. Uncertainty","1b","1b","1b","1b","1b","1b","1b","1b","E: Conc. Uncertainty","1b","E: Conc. Uncertainty","1b","1b","1b","1b","1b","E: Conc. Uncertainty","1b","E: Conc. Uncertainty","1b","1b","1b","1b","1b","1b","1b","1b","E: Conc. Uncertainty","1b"
"2025-03-14 14:00:00","PM2.5",0,0,0,253.7933,263.3457,33.0657,33.7274,1.2186,0,1.4154,0,61.2579989,0,0,1.706517096,7.004312186,0,0,1.560451966,NA,1.811128288,0,0,NA,0,NA,NA,0,0,0,NA,NA,0,0,0,0,0,0,0,0,"1b","1b","1b","1b","1b","1b","1b","1b","1b","1b","1b","1b","1b","1b","1b","1b","1b","1b","1b","E: Conc. Uncertainty","1b","1b","1b","E: Conc. Uncertainty","1b","E: Conc. Uncertainty","E: Conc. Uncertainty","1b","1b","1b","E: Conc. Uncertainty","E: Conc. Uncertainty","1b","1b","1b","1b","1b","1b","1b","1b"
"2025-03-14 15:00:00","PM10",0,NA,0,228.3074,903.6614,54.8354,155.7986,13.6418,NA,1.4016,NA,148.0760346,0,0,3.292008833,8.382279615,0,0,2.027800674,NA,1.566209767,NA,NA,NA,0,0,NA,0,0,0,0,0,0,0,0,0,0,0,0,0,"1b","E: Conc. Uncertainty","1b","1b","1b","1b","1b","1b","E: Conc. Uncertainty","1b","E: Conc. Uncertainty","1b","1b","1b","1b","1b","1b","1b","1b","E: Conc. Uncertainty","1b","E: Conc. Uncertainty","E: Conc. Uncertainty","E: Conc. Uncertainty","1b","1b","E: Conc. Uncertainty","1b","1b","1b","1b","1b","1b","1b","1b","1b","1b","1b","1b","1b"
"2025-03-14 16:00:00","PM2.5",0,0,0,250.0866,243.7201,35.2088,39.324,1.7413,NA,1.0206,NA,70.91347992,0,0,1.315752004,5.880629348,0,0,1.883772019,0,1.978601359,NA,NA,0,0,0,0,0,0,NA,0,NA,0,0,0,0,0,0,0,0,"1b","1b","1b","1b","1b","1b","1b","1b","E: Conc. Uncertainty","1b","E: Conc. Uncertainty","1b","1b","1b","1b","1b","1b","1b","1b","1b","1b","E: Conc. Uncertainty","E: Conc. Uncertainty","1b","1b","1b","1b","1b","1b","E: Conc. Uncertainty","1b","E: Conc. Uncertainty","1b","1b","1b","1b","1b","1b","1b","1b"
"2025-03-14 17:00:00","PM10",0,NA,0,222.9354,1048.8959,56.5178,151.3535,5.1745,0,1.7964,2.0068,213.0405289,0,0,3.501927282,8.280427155,0,0,1.733384185,0,4.028517671,NA,NA,NA,0,0,0,0,0,0,0.067,NA,NA,0,0,0,0,0,0,0,"1b","E: Conc. Uncertainty","1b","1b","1b","1b","1b","1b","1b","1b","1b","1b","1b","1b","1b","1b","1b","1b","1b","1b","1b","E: Conc. Uncertainty","E: Conc. Uncertainty","E: Conc. Uncertainty","1b","1b","1b","1b","1b","1b","1b","E: Conc. Uncertainty","E: Conc. Uncertainty","1b","1b","1b","1b","1b","1b","1b"
"2025-03-14 18:00:00","PM2.5",0,0,0,161.5282,294.8488,31.6836,34.4244,NA,0,0.8413,NA,83.6554019,0,0,1.70477557,5.310386584,0,0,NA,0,1.491986446,0,NA,0,0,NA,0,NA,0,NA,NA,0,0,0,0,0,0,0,0,0,"1b","1b","1b","1b","1b","1b","1b","E: Conc. Uncertainty","1b","1b","E: Conc. Uncertainty","1b","1b","1b","1b","1b","1b","1b","E: Conc. Uncertainty","1b","1b","1b","E: Conc. Uncertainty","1b","1b","E: Conc. Uncertainty","1b","E: Conc. Uncertainty","1b","E: Conc. Uncertainty","E: Conc. Uncertainty","1b","1b","1b","1b","1b","1b","1b","1b","1b"
"2025-03-14 19:00:00","PM10",0,NA,0,211.446,1491.2864,121.8571,162.25,6.093,NA,1.7662,3.3636,367.4550594,0,NA,7.90693631,38.57300309,0,0,1.169198389,NA,5.086607288,NA,NA,NA,0,NA,NA,0,0,0,NA,NA,2.9926,0,0,0,0,0,2.963406946,0,"1b","E: Conc. Uncertainty","1b","1b","1b","1b","1b","1b","E: Conc. Uncertainty","1b","1b","1b","1b","E: Conc. Uncertainty","1b","1b","1b","1b","1b","E: Conc. Uncertainty","1b","E: Conc. Uncertainty","E: Conc. Uncertainty","E: Conc. Uncertainty","1b","E: Conc. Uncertainty","E: Conc. Uncertainty","1b","1b","1b","E: Conc. Uncertainty","E: Conc. Uncertainty","1b","1b","1b","1b","1b","1b","1b","1b"
"2025-03-14 20:00:00","PM2.5",0,0,0,288.2094,685.3546,226.3346,43.1021,3.0282,NA,1.376,1.0225,173.311991,0,0,4.807949919,20.47026669,0,0,3.676435261,0,4.419330212,NA,0,NA,0,0,0,NA,0,0,NA,NA,NA,0,0,0,0,0,4.044004479,0,"1b","1b","1b","1b","1b","1b","1b","1b","E: Conc. Uncertainty","1b","1b","1b","1b","1b","1b","1b","1b","1b","1b","1b","1b","E: Conc. Uncertainty","1b","E: Conc. Uncertainty","1b","1b","1b","E: Conc. Uncertainty","1b","1b","E: Conc. Uncertainty","E: Conc. Uncertainty","E: Conc. Uncertainty","1b","1b","1b","1b","1b","1b","1b"
"2025-03-14 21:00:00","PM10",0,715.068,0,323.9097,683.499,249.9595,125.4459,5.5042,0,2.1276,1.5066,244.3968856,0,NA,4.882822903,18.26894421,0,0,4.703814761,0.67561826,3.193258861,0,0,0,0,NA,0,0,NA,NA,0,NA,NA,0,0,0,0,0,3.558410669,0,"1b","1b","1b","1b","1b","1b","1b","1b","1b","1b","1b","1b","1b","E: Conc. Uncertainty","1b","1b","1b","1b","1b","1b","1b","1b","1b","1b","1b","E: Conc. Uncertainty","1b","1b","E: Conc. Uncertainty","E: Conc. Uncertainty","1b","E: Conc. Uncertainty","E: Conc. Uncertainty","1b","1b","1b","1b","1b","1b","1b"
"2025-03-14 22:00:00","PM2.5",0,0,0,298.4469,75.8416,50.7511,12.084,NA,0,1.0324,0,40.42574197,NA,0,1.397123916,3.9118205,0,0,1.116848547,0,1.406853646,NA,NA,0,0,0,0,0,0,NA,NA,0,0,0,0,0,0,0,NA,0,"1b","1b","1b","1b","1b","1b","1b","E: Conc. Uncertainty","1b","1b","1b","1b","E: Conc. Uncertainty","1b","1b","1b","1b","1b","1b","1b","1b","E: Conc. Uncertainty","E: Conc. Uncertainty","1b","1b","1b","1b","1b","1b","E: Conc. Uncertainty","E: Conc. Uncertainty","1b","1b","1b","1b","1b","1b","1b","E: Conc. Uncertainty","1b"
"2025-03-14 23:00:00","PM10",0,0.2014,0,383.5569,279.4048,54.4308,42.9469,5.3456,0,1.3501,NA,109.5372905,0,0,1.264386531,7.110451923,0,0,1.234519533,0,2.781640192,NA,NA,0,0,NA,0,0,NA,NA,NA,NA,0,0,0,0,0,0,0,0,"1b","1b","1b","1b","1b","1b","1b","1b","1b","1b","E: Conc. Uncertainty","1b","1b","1b","1b","1b","1b","1b","1b","1b","1b","E: Conc. Uncertainty","E: Conc. Uncertainty","1b","1b","E: Conc. Uncertainty","1b","1b","E: Conc. Uncertainty","E: Conc. Uncertainty","E: Conc. Uncertainty","E: Conc. Uncertainty","1b","1b","1b","1b","1b","1b","1b","1b"
"2025-03-15 00:30:00","PM2.5",0,0,0.6092,256.7281,111.5498,73.0862,18.4371,0,0,1.6616,0,75.17865294,0,0,NA,3.932398224,0,0,2.11293937,0,NA,NA,NA,0,0,NA,0,0,0,0,NA,NA,0,0,0,0,0,0,3.577229531,0,"1b","1b","1b","1b","1b","1b","1b","1b","1b","1b","1b","1b","1b","1b","E: Conc. Uncertainty","1b","1b","1b","1b","1b","E: Conc. Uncertainty","E: Conc. Uncertainty","E: Conc. Uncertainty","1b","1b","E: Conc. Uncertainty","1b","1b","1b","1b","E: Conc. Uncertainty","E: Conc. Uncertainty","1b","1b","1b","1b","1b","1b","1b","1b"
"2025-03-15 01:00:00","PM10",0,0,0,235.8104,379.5126,115.9903,64.5318,3.9502,2.0349,1.0656,0.0044,122.9261199,0,NA,1.603101642,6.923740276,0,0,5.011867595,NA,1.870259826,NA,0,0,0,NA,0,0,0,0,NA,0,0,0,0,0,0,0,7.570356435,0,"1b","1b","1b","1b","1b","1b","1b","1b","1b","1b","1b","1b","1b","E: Conc. Uncertainty","1b","1b","1b","1b","1b","E: Conc. Uncertainty","1b","E: Conc. Uncertainty","1b","1b","1b","E: Conc. Uncertainty","1b","1b","1b","1b","E: Conc. Uncertainty","1b","1b","1b","1b","1b","1b","1b","1b","1b"
"2025-03-15 02:00:00","PM2.5",0,0,0,155.9167,71.4008,81.1752,9.6158,0,0,1.3191,0,43.81976052,0,NA,0.905866914,12.41345107,0,0,3.168489374,0.814328006,1.171510829,0,NA,0,0,NA,NA,NA,0,NA,NA,NA,0,0,0,0,0,0,NA,0,"1b","1b","1b","1b","1b","1b","1b","1b","1b","1b","1b","1b","1b","E: Conc. Uncertainty","1b","1b","1b","1b","1b","1b","1b","1b","E: Conc. Uncertainty","1b","1b","E: Conc. Uncertainty","E: Conc. Uncertainty","E: Conc. Uncertainty","1b","E: Conc. Uncertainty","E: Conc. Uncertainty","E: Conc. Uncertainty","1b","1b","1b","1b","1b","1b","E: Conc. Uncertainty","1b"
"2025-03-15 03:00:00","PM10",0,0,0,181.2545,381.852,85.9009,36.7892,1.0395,0,1.7669,0,59.8772242,NA,NA,1.657203864,13.51826131,0,0,1.557417387,1.085754957,1.072109812,NA,NA,0,0,NA,NA,0,0,0,NA,0,0,0,0,0,0,0,1.510574479,0,"1b","1b","1b","1b","1b","1b","1b","1b","1b","1b","1b","1b","E: Conc. Uncertainty","E: Conc. Uncertainty","1b","1b","1b","1b","1b","1b","1b","E: Conc. Uncertainty","E: Conc. Uncertainty","1b","1b","E: Conc. Uncertainty","E: Conc. Uncertainty","1b","1b","1b","E: Conc. Uncertainty","1b","1b","1b","1b","1b","1b","1b","1b","1b"
"2025-03-15 04:00:00","PM2.5",0,0,NA,142.5763,64.2108,42.1633,6.6253,NA,0,0.7445,0,22.17429522,0,NA,0.740958156,5.814401839,0,0,1.9784827,1.07354542,NA,NA,0,0,0,NA,0,0,0,NA,NA,NA,0,0,NA,0,0,0,NA,0,"1b","1b","E: Conc. Uncertainty","1b","1b","1b","1b","E: Conc. Uncertainty","1b","1b","1b","1b","1b","E: Conc. Uncertainty","1b","1b","1b","1b","1b","1b","E: Conc. Uncertainty","E: Conc. Uncertainty","1b","1b","1b","E: Conc. Uncertainty","1b","1b","1b","E: Conc. Uncertainty","E: Conc. Uncertainty","E: Conc. Uncertainty","1b","1b","E: Conc. Uncertainty","1b","1b","1b","E: Conc. Uncertainty","1b"
"2025-03-15 05:00:00","PM10",0,0,0,214.4122,456.0116,110.8237,48.4495,1.1654,0,1.1467,0,69.2110441,NA,0,1.873383747,9.078968047,0,0,1.499994897,1.642827256,1.617885681,NA,0,0,0,0,0,0,0,NA,0,0,0,0,0,0,0,0,4.017216218,0,"1b","1b","1b","1b","1b","1b","1b","1b","1b","1b","1b","1b","E: Conc. Uncertainty","1b","1b","1b","1b","1b","1b","1b","1b","E: Conc. Uncertainty","1b","1b","1b","1b","1b","1b","1b","E: Conc. Uncertainty","1b","1b","1b","1b","1b","1b","1b","1b","1b","1b"
"2025-03-15 06:00:00","PM2.5",0,0,0,223.2981,92.8412,117.7016,11.6512,0,0,1.2119,0,53.49366883,0,0,1.310741129,11.05723991,0,0,1.362956785,NA,1.557428069,NA,0,NA,NA,12.6439,0,NA,0,0.0025,NA,NA,NA,0,0,0,0,0,1.731680278,0,"1b","1b","1b","1b","1b","1b","1b","1b","1b","1b","1b","1b","1b","1b","1b","1b","1b","1b","1b","E: Conc. Uncertainty","1b","E: Conc. Uncertainty","1b","E: Conc. Uncertainty","E: Conc. Uncertainty","1b","1b","E: Conc. Uncertainty","1b","1b","E: Conc. Uncertainty","E: Conc. Uncertainty","E: Conc. Uncertainty","1b","1b","1b","1b","1b","1b","1b"
"2025-03-15 07:00:00","PM10",0,0,0,293.069,530.3581,114.5297,60.1035,NA,0,1.3267,NA,146.3955734,0,0,5.290669078,8.717826511,0,0,1.785445714,1.036888744,1.723446201,NA,0,0,0,0,NA,0,0,NA,NA,NA,3.2617,0,0,0,0,0,0,0,"1b","1b","1b","1b","1b","1b","1b","E: Conc. Uncertainty","1b","1b","E: Conc. Uncertainty","1b","1b","1b","1b","1b","1b","1b","1b","1b","1b","E: Conc. Uncertainty","1b","1b","1b","1b","E: Conc. Uncertainty","1b","1b","E: Conc. Uncertainty","E: Conc. Uncertainty","E: Conc. Uncertainty","1b","1b","1b","1b","1b","1b","1b","1b"
"2025-03-15 08:00:00","PM2.5",0,0,0,324.1674,164.2495,54.5714,16.1354,NA,NA,0.8997,0,45.94512419,0,NA,1.461879072,3.515523208,0,0,1.29435057,0.804651873,1.559598941,NA,NA,0,0,NA,0,NA,0,0,0,0,0,0,0,0,0,0,1.395042752,0,"1b","1b","1b","1b","1b","1b","1b","E: Conc. Uncertainty","E: Conc. Uncertainty","1b","1b","1b","1b","E: Conc. Uncertainty","1b","1b","1b","1b","1b","1b","1b","E: Conc. Uncertainty","E: Conc. Uncertainty","1b","1b","E: Conc. Uncertainty","1b","E: Conc. Uncertainty","1b","1b","1b","1b","1b","1b","1b","1b","1b","1b","1b","1b"
"2025-03-15 09:00:00","PM10",0,0,0,912.0301,585.4625,34.6051,59.7994,2.6716,0,1.0646,3.1215,94.375763,0,NA,2.048781232,3.803349068,0,0,1.097603158,0.928257508,1.734648409,NA,0,0,0,NA,NA,NA,0,NA,NA,NA,0,0,0,0,0,0,0,0,"1b","1b","1b","1b","1b","1b","1b","1b","1b","1b","1b","1b","1b","E: Conc. Uncertainty","1b","1b","1b","1b","1b","1b","1b","E: Conc. Uncertainty","1b","1b","1b","E: Conc. Uncertainty","E: Conc. Uncertainty","E: Conc. Uncertainty","1b","E: Conc. Uncertainty","E: Conc. Uncertainty","E: Conc. Uncertainty","1b","1b","1b","1b","1b","1b","1b","1b"
"2025-03-15 10:00:00","PM2.5",0,0,0,358.308,156.4016,14.7705,20.2755,NA,0,NA,0,31.19194098,0,NA,0.981409311,2.751798525,0,0,0.648740778,0,0.86910201,NA,0,0,0,0,NA,0,0,0,NA,0,0,0,0,0,0,0,0,0,"1b","1b","1b","1b","1b","1b","1b","E: Conc. Uncertainty","1b","E: Conc. Uncertainty","1b","1b","1b","E: Conc. Uncertainty","1b","1b","1b","1b","1b","1b","1b","E: Conc. Uncertainty","1b","1b","1b","1b","E: Conc. Uncertainty","1b","1b","1b","E: Conc. Uncertainty","1b","1b","1b","1b","1b","1b","1b","1b","1b"
"2025-03-15 11:00:00","PM10",0,NA,0,366.1158,762.8339,27.9719,75.5895,1.6586,0,1.2534,0,77.88477236,0,0,1.26209936,2.581145864,0,0,0,NA,NA,NA,2.080112775,0,0,0,0,NA,NA,NA,NA,NA,0,0,0,0,0,0,1.587782064,0,"1b","E: Conc. Uncertainty","1b","1b","1b","1b","1b","1b","1b","1b","1b","1b","1b","1b","1b","1b","1b","1b","1b","E: Conc. Uncertainty","E: Conc. Uncertainty","E: Conc. Uncertainty","1b","1b","1b","1b","1b","E: Conc. Uncertainty","E: Conc. Uncertainty","E: Conc. Uncertainty","E: Conc. Uncertainty","E: Conc. Uncertainty","1b","1b","1b","1b","1b","1b","1b","1b"
"2025-03-15 12:00:00","PM2.5",0,0,0,352.7793,223.0416,22.9317,25.4666,NA,0,1.1864,0,36.16275335,0,NA,0.836453823,2.209896119,0,0,0.974314407,0,0.797798378,NA,NA,0,0,NA,NA,NA,0,NA,NA,0,0,0,0,0,0,0,0,0,"1b","1b","1b","1b","1b","1b","1b","E: Conc. Uncertainty","1b","1b","1b","1b","1b","E: Conc. Uncertainty","1b","1b","1b","1b","1b","1b","1b","E: Conc. Uncertainty","E: Conc. Uncertainty","1b","1b","E: Conc. Uncertainty","E: Conc. Uncertainty","E: Conc. Uncertainty","1b","E: Conc. Uncertainty","E: Conc. Uncertainty","1b","1b","1b","1b","1b","1b","1b","1b","1b"
"2025-03-15 13:00:00","PM10",0,0,0,437.5083,710.515,48.3038,66.2817,1.7078,0,NA,0,92.07421295,0,NA,1.070422535,3.094760482,0,0,1.152470378,NA,1.291364348,NA,NA,0,0,NA,0,NA,0,NA,0,NA,0,0,0,0,0,0,NA,0,"1b","1b","1b","1b","1b","1b","1b","1b","1b","E: Conc. Uncertainty","1b","1b","1b","E: Conc. Uncertainty","1b","1b","1b","1b","1b","E: Conc. Uncertainty","1b","E: Conc. Uncertainty","E: Conc. Uncertainty","1b","1b","E: Conc. Uncertainty","1b","E: Conc. Uncertainty","1b","E: Conc. Uncertainty","1b","E: Conc. Uncertainty","1b","1b","1b","1b","1b","1b","E: Conc. Uncertainty","1b"
"2025-03-15 14:00:00","PM2.5",0,0,0,446.0866,184.6226,26.5208,16.457,NA,0,0.9359,0,41.36923844,NA,0,0.931176518,3.578109109,0,0.00022375,0.898600545,NA,2.76936455,NA,NA,0,0,NA,NA,0,0,NA,0,NA,0,0,0,0,0,0,1.546061999,0,"1b","1b","1b","1b","1b","1b","1b","E: Conc. Uncertainty","1b","1b","1b","1b","E: Conc. Uncertainty","1b","1b","1b","1b","1b","1b","E: Conc. Uncertainty","1b","E: Conc. Uncertainty","E: Conc. Uncertainty","1b","1b","E: Conc. Uncertainty","E: Conc. Uncertainty","1b","1b","E: Conc. Uncertainty","1b","E: Conc. Uncertainty","1b","1b","1b","1b","1b","1b","1b","1b"
"2025-03-15 15:00:00","PM10",0,0,0,565.3633,591.6784,38.2382,73.1444,5.6392,0,1.3977,0,107.7779133,0,NA,1.498927486,4.667103805,0,0,1.215743085,0,2.208464221,NA,NA,0,0,NA,NA,0,NA,0,0,0,0,0,0,0,0,0,0.931196438,0,"1b","1b","1b","1b","1b","1b","1b","1b","1b","1b","1b","1b","1b","E: Conc. Uncertainty","1b","1b","1b","1b","1b","1b","1b","E: Conc. Uncertainty","E: Conc. Uncertainty","1b","1b","E: Conc. Uncertainty","E: Conc. Uncertainty","1b","E: Conc. Uncertainty","1b","1b","1b","1b","1b","1b","1b","1b","1b","1b","1b"
"2025-03-15 16:00:00","PM2.5",0,0,0,624.0208,188.7658,34.3332,22.7838,0,0,1.2361,0,52.89260107,0,NA,1.22502924,4.899649123,0,0,1.361901856,NA,2.606864989,0,0,0,0,NA,NA,NA,0,NA,NA,NA,0,0,0,0,0,0,0.944815662,0,"1b","1b","1b","1b","1b","1b","1b","1b","1b","1b","1b","1b","1b","E: Conc. Uncertainty","1b","1b","1b","1b","1b","E: Conc. Uncertainty","1b","1b","1b","1b","1b","E: Conc. Uncertainty","E: Conc. Uncertainty","E: Conc. Uncertainty","1b","E: Conc. Uncertainty","E: Conc. Uncertainty","E: Conc. Uncertainty","1b","1b","1b","1b","1b","1b","1b","1b"
"2025-03-15 17:00:00","PM10",0,0,0,533.6659,604.525,57.4215,93.7529,2.5309,0,1.25,NA,176.4161779,0,0.000762342,2.199062827,6.922800134,0,0,1.3825942,0,2.098382818,1.490226771,NA,0,0,10.6771,0,NA,0,0,NA,NA,0,0,0,0,0,0,3.143330521,0,"1b","1b","1b","1b","1b","1b","1b","1b","1b","1b","E: Conc. Uncertainty","1b","1b","1b","1b","1b","1b","1b","1b","1b","1b","1b","E: Conc. Uncertainty","1b","1b","1b","1b","E: Conc. Uncertainty","1b","1b","E: Conc. Uncertainty","E: Conc. Uncertainty","1b","1b","1b","1b","1b","1b","1b","1b"
"2025-03-15 18:00:00","PM2.5",0,0,NA,345.1606,204.1845,56.7031,30.2512,25.1092,4.3099,1.1368,NA,119.6459826,0,NA,2.236232091,8.172846793,0,0,1.646328557,NA,2.44970083,NA,0,0,0,0,NA,0,0,0,0.094,0,0,0,0,0,0,0,3.131380251,0,"1b","1b","E: Conc. Uncertainty","1b","1b","1b","1b","1b","1b","1b","E: Conc. Uncertainty","1b","1b","E: Conc. Uncertainty","1b","1b","1b","1b","1b","E: Conc. Uncertainty","1b","E: Conc. Uncertainty","1b","1b","1b","1b","E: Conc. Uncertainty","1b","1b","1b","1b","1b","1b","1b","1b","1b","1b","1b","1b","1b"
"2025-03-15 19:00:00","PM10",0,NA,0,339.8742,822.8787,98.6117,106.7558,5.3813,2.7043,1.2625,NA,268.5756263,0,0,6.269226859,13.32333862,0,0,3.368980804,0.000315194,12.36705913,NA,1.644684399,NA,0,0,0,NA,0,0,NA,0,0,0,0,0,0,0,2.178938913,0,"1b","E: Conc. Uncertainty","1b","1b","1b","1b","1b","1b","1b","1b","E: Conc. Uncertainty","1b","1b","1b","1b","1b","1b","1b","1b","1b","1b","E: Conc. Uncertainty","1b","E: Conc. Uncertainty","1b","1b","1b","E: Conc. Uncertainty","1b","1b","E: Conc. Uncertainty","1b","1b","1b","1b","1b","1b","1b","1b","1b"
"2025-03-15 20:00:00","PM2.5",0,0,0,332.3788,483.1347,103.3419,22.7762,2.6047,0,NA,0,85.8858773,0,NA,2.758288922,12.93807209,0,0,1.647837761,0,4.262418128,NA,NA,0,0,0,0,NA,0,NA,0,NA,NA,0,0,0,0,0,4.222682153,0,"1b","1b","1b","1b","1b","1b","1b","1b","1b","E: Conc. Uncertainty","1b","1b","1b","E: Conc. Uncertainty","1b","1b","1b","1b","1b","1b","1b","E: Conc. Uncertainty","E: Conc. Uncertainty","1b","1b","1b","1b","E: Conc. Uncertainty","1b","E: Conc. Uncertainty","1b","E: Conc. Uncertainty","E: Conc. Uncertainty","1b","1b","1b","1b","1b","1b","1b"
"2025-03-15 21:00:00","PM10",0,NA,0,391.3043,988.6584,107.6893,125.4568,5.2272,0,1.9744,NA,238.1376629,0,NA,5.577628754,17.03719383,0,0,2.393654153,NA,8.070836174,NA,0,0,0,0,0,0,0,0,NA,0,NA,0,0,0,0,0,2.045375449,0,"1b","E: Conc. Uncertainty","1b","1b","1b","1b","1b","1b","1b","1b","E: Conc. Uncertainty","1b","1b","E: Conc. Uncertainty","1b","1b","1b","1b","1b","E: Conc. Uncertainty","1b","E: Conc. Uncertainty","1b","1b","1b","1b","1b","1b","1b","1b","E: Conc. Uncertainty","1b","E: Conc. Uncertainty","1b","1b","1b","1b","1b","1b","1b"
"2025-03-15 22:00:00","PM2.5",0,0,0,238.3535,384.0863,69.2005,19.9461,NA,NA,0.9213,0,87.14645365,0,0,1.91523354,14.34685051,0,0,2.927943421,NA,3.350066144,NA,0,0,0,0,NA,0,0,NA,0,NA,0,0,0,0,0,0,NA,0,"1b","1b","1b","1b","1b","1b","1b","E: Conc. Uncertainty","E: Conc. Uncertainty","1b","1b","1b","1b","1b","1b","1b","1b","1b","1b","E: Conc. Uncertainty","1b","E: Conc. Uncertainty","1b","1b","1b","1b","E: Conc. Uncertainty","1b","1b","E: Conc. Uncertainty","1b","E: Conc. Uncertainty","1b","1b","1b","1b","1b","1b","E: Conc. Uncertainty","1b"
"2025-03-15 23:00:00","PM10",0,1.4708,0,240.845,722.9853,98.8405,88.4085,4.2046,0,1.6326,NA,217.8620928,0,NA,4.59566089,11.05419817,0,0,2.948366219,NA,2.504055195,NA,NA,0,0,NA,0,0,NA,NA,NA,NA,NA,0,0,0,0,0,NA,0,"1b","1b","1b","1b","1b","1b","1b","1b","1b","1b","E: Conc. Uncertainty","1b","1b","E: Conc. Uncertainty","1b","1b","1b","1b","1b","E: Conc. Uncertainty","1b","E: Conc. Uncertainty","E: Conc. Uncertainty","1b","1b","E: Conc. Uncertainty","1b","1b","E: Conc. Uncertainty","E: Conc. Uncertainty","E: Conc. Uncertainty","E: Conc. Uncertainty","E: Conc. Uncertainty","1b","1b","1b","1b","1b","E: Conc. Uncertainty","1b"
"2025-03-16 00:30:00","PM2.5",0,0,0,273.9539,566.9651,160.9482,15.0057,4.7103,6.1758,1.877,0,124.0140434,0,NA,2.257855382,13.53302678,0,0,2.849002672,0,NA,NA,NA,0,0,NA,0,0,0,0,0,NA,0,0,0,0,0,0,0,0,"1b","1b","1b","1b","1b","1b","1b","1b","1b","1b","1b","1b","1b","E: Conc. Uncertainty","1b","1b","1b","1b","1b","1b","E: Conc. Uncertainty","E: Conc. Uncertainty","E: Conc. Uncertainty","1b","1b","E: Conc. Uncertainty","1b","1b","1b","1b","1b","E: Conc. Uncertainty","1b","1b","1b","1b","1b","1b","1b","1b"
"2025-03-16 01:00:00","PM10",0,0,0,235.6321,599.6533,133.3154,50.8697,5.7913,1.9307,1.0855,0,191.5616138,0,0,3.429105805,15.11302209,0,0,1.59018693,0,1.450055398,NA,0,0,0,NA,0,0,0,0,NA,NA,0,0,0,0,0,0,2.063794102,0,"1b","1b","1b","1b","1b","1b","1b","1b","1b","1b","1b","1b","1b","1b","1b","1b","1b","1b","1b","1b","1b","E: Conc. Uncertainty","1b","1b","1b","E: Conc. Uncertainty","1b","1b","1b","1b","E: Conc. Uncertainty","E: Conc. Uncertainty","1b","1b","1b","1b","1b","1b","1b","1b"
"2025-03-16 02:00:00","PM2.5",0,0,0,179.5425,192.7577,99.2073,8.1478,1.0549,1.3166,0.8,0,74.48416271,0,0.00465414,1.669281657,14.88863597,0,0,1.392502566,0,2.448331928,NA,0,0,0,NA,NA,NA,0,0,0,NA,0,0,0,0,0,0,1.481327548,0,"1b","1b","1b","1b","1b","1b","1b","1b","1b","1b","1b","1b","1b","1b","1b","1b","1b","1b","1b","1b","1b","E: Conc. Uncertainty","1b","1b","1b","E: Conc. Uncertainty","E: Conc. Uncertainty","E: Conc. Uncertainty","1b","1b","1b","E: Conc. Uncertainty","1b","1b","1b","1b","1b","1b","1b","1b"
"2025-03-16 03:00:00","PM10",0,0,0,203.1417,352.2996,126.8308,33.6211,2.3082,4.9419,1.6101,0,127.1017854,0,NA,2.328256778,15.01628771,0,0,2.73500178,NA,2.553405565,NA,0,0,0,NA,0,0,0,0,NA,NA,NA,0,0,0,0,0,4.057886973,0,"1b","1b","1b","1b","1b","1b","1b","1b","1b","1b","1b","1b","1b","E: Conc. Uncertainty","1b","1b","1b","1b","1b","E: Conc. Uncertainty","1b","E: Conc. Uncertainty","1b","1b","1b","E: Conc. Uncertainty","1b","1b","1b","1b","E: Conc. Uncertainty","E: Conc. Uncertainty","E: Conc. Uncertainty","1b","1b","1b","1b","1b","1b","1b"
"2025-03-16 04:00:00","PM2.5",0,0,0,218.1719,129.3894,162.9913,3.5955,0,0,0.9998,0,47.48542547,0,NA,1.414636372,11.34310714,0,0,1.590027476,NA,2.968072918,0,NA,0,0,NA,0,0,0,0,0,NA,NA,0,0,0,0,0,3.964270868,0,"1b","1b","1b","1b","1b","1b","1b","1b","1b","1b","1b","1b","1b","E: Conc. Uncertainty","1b","1b","1b","1b","1b","E: Conc. Uncertainty","1b","1b","E: Conc. Uncertainty","1b","1b","E: Conc. Uncertainty","1b","1b","1b","1b","1b","E: Conc. Uncertainty","E: Conc. Uncertainty","1b","1b","1b","1b","1b","1b","1b"
"2025-03-16 05:00:00","PM10",0,0,0,236.4176,280.1982,190.971,23.3708,NA,0,1.3731,0,98.01061461,0,NA,2.471180926,12.18044838,0,0,1.767759646,0,2.962808195,0,NA,0,0,NA,NA,0,0,0.1694,0,0,NA,0,0,0,0,0,4.51814346,0,"1b","1b","1b","1b","1b","1b","1b","E: Conc. Uncertainty","1b","1b","1b","1b","1b","E: Conc. Uncertainty","1b","1b","1b","1b","1b","1b","1b","1b","E: Conc. Uncertainty","1b","1b","E: Conc. Uncertainty","E: Conc. Uncertainty","1b","1b","1b","1b","1b","E: Conc. Uncertainty","1b","1b","1b","1b","1b","1b","1b"
"2025-03-16 06:00:00","PM2.5",0,0,0,229.8862,102.2094,154.6631,4.1437,0,0,NA,0,47.04727781,0,NA,1.427722449,10.47885343,0,0,0.975127675,NA,7.399975535,0,NA,0,0,0,0,0,0,0,0,0,0,0,0,0,0,0,6.261363289,0,"1b","1b","1b","1b","1b","1b","1b","1b","1b","E: Conc. Uncertainty","1b","1b","1b","E: Conc. Uncertainty","1b","1b","1b","1b","1b","E: Conc. Uncertainty","1b","1b","E: Conc. Uncertainty","1b","1b","1b","1b","1b","1b","1b","1b","1b","1b","1b","1b","1b","1b","1b","1b","1b"
"2025-03-16 07:00:00","PM10",0,0,0,258.2123,241.9504,183.4953,30.0821,1.7813,0,1.0063,NA,97.8493342,0,0,1.759701462,13.4529864,0,0,0.939833602,NA,9.645700361,0,0,0,0,NA,0.0851,0,0,0,0,NA,0,0,0,0,0,0,4.908919431,0,"1b","1b","1b","1b","1b","1b","1b","1b","1b","1b","E: Conc. Uncertainty","1b","1b","1b","1b","1b","1b","1b","1b","E: Conc. Uncertainty","1b","1b","1b","1b","1b","E: Conc. Uncertainty","1b","1b","1b","1b","1b","E: Conc. Uncertainty","1b","1b","1b","1b","1b","1b","1b","1b"
"2025-03-16 08:00:00","PM2.5",0,0,NA,241.5057,124.0223,123.1537,15.903,1.5379,NA,1.0633,2.0441,59.15079284,0,NA,0.908955072,9.231957715,0,0,2.039205123,NA,4.175879244,0,0,0,0,NA,NA,0,0,0,NA,0,0,0,0,0,0,0,20.59649319,0,"1b","1b","E: Conc. Uncertainty","1b","1b","1b","1b","1b","E: Conc. Uncertainty","1b","1b","1b","1b","E: Conc. Uncertainty","1b","1b","1b","1b","1b","E: Conc. Uncertainty","1b","1b","1b","1b","1b","E: Conc. Uncertainty","E: Conc. Uncertainty","1b","1b","1b","E: Conc. Uncertainty","1b","1b","1b","1b","1b","1b","1b","1b","1b"
"2025-03-16 09:00:00","PM10",0,0,0,191.6362,771.1953,75.0369,73.2883,1.4493,NA,2.1748,NA,93.75837561,0,NA,1.533954917,6.371546807,0,0,2.136511068,NA,2.312411668,0,NA,0,0,NA,0,0.0083,0,NA,0,NA,0,0,0,0,0,0,13.23045012,0,"1b","1b","1b","1b","1b","1b","1b","1b","E: Conc. Uncertainty","1b","E: Conc. Uncertainty","1b","1b","E: Conc. Uncertainty","1b","1b","1b","1b","1b","E: Conc. Uncertainty","1b","1b","E: Conc. Uncertainty","1b","1b","E: Conc. Uncertainty","1b","1b","1b","E: Conc. Uncertainty","1b","E: Conc. Uncertainty","1b","1b","1b","1b","1b","1b","1b","1b"
"2025-03-16 10:00:00","PM2.5",0,0,0,264.4917,209.2046,29.4681,13.9214,NA,0,1.6032,0,24.52289859,NA,NA,0.793140582,2.331938151,0,NA,1.759107625,0,0.891185972,NA,0,0,0,0,NA,0,0,NA,NA,NA,0,0,0,0,0,0,4.471026271,0,"1b","1b","1b","1b","1b","1b","1b","E: Conc. Uncertainty","1b","1b","1b","1b","E: Conc. Uncertainty","E: Conc. Uncertainty","1b","1b","1b","E: Conc. Uncertainty","1b","1b","1b","E: Conc. Uncertainty","1b","1b","1b","1b","E: Conc. Uncertainty","1b","1b","E: Conc. Uncertainty","E: Conc. Uncertainty","E: Conc. Uncertainty","1b","1b","1b","1b","1b","1b","1b","1b"
"2025-03-16 11:00:00","PM10",0,0,0,420.7966,425.3102,28.5015,45.4369,1.1376,0,1.9675,0,55.33223129,0,1.354906309,0.771072816,2.951435373,0,0,1.558432178,NA,1.276749201,NA,NA,0,0,NA,0,0,NA,NA,NA,0,0,0,0,0,0,0,NA,0,"1b","1b","1b","1b","1b","1b","1b","1b","1b","1b","1b","1b","1b","1b","1b","1b","1b","1b","1b","E: Conc. Uncertainty","1b","E: Conc. Uncertainty","E: Conc. Uncertainty","1b","1b","E: Conc. Uncertainty","1b","1b","E: Conc. Uncertainty","E: Conc. Uncertainty","E: Conc. Uncertainty","1b","1b","1b","1b","1b","1b","1b","E: Conc. Uncertainty","1b"
"2025-03-16 12:00:00","PM2.5",0,0,0,283.2983,155.8228,24.5176,9.827,0,0,2.0319,0,29.01666345,0,1.108515855,1.02714168,2.064039309,0,0,0.76217459,NA,1.239646385,NA,0,0,0,NA,0,NA,0,NA,NA,0,0,0,0,0,0,0,NA,0,"1b","1b","1b","1b","1b","1b","1b","1b","1b","1b","1b","1b","1b","1b","1b","1b","1b","1b","1b","E: Conc. Uncertainty","1b","E: Conc. Uncertainty","1b","1b","1b","E: Conc. Uncertainty","1b","E: Conc. Uncertainty","1b","E: Conc. Uncertainty","E: Conc. Uncertainty","1b","1b","1b","1b","1b","1b","1b","E: Conc. Uncertainty","1b"
"2025-03-16 13:00:00","PM10",0,0,0,342.3108,443.5474,53.9662,57.9599,2.8152,0,2.0331,0,92.57507575,0,0.808091181,1.349868841,4.243609818,0,0,1.78280497,0,0.942584948,0,0,0,0,NA,0,NA,0,0,NA,0,0,0,0,0,0,0,1.611535881,0,"1b","1b","1b","1b","1b","1b","1b","1b","1b","1b","1b","1b","1b","1b","1b","1b","1b","1b","1b","1b","1b","1b","1b","1b","1b","E: Conc. Uncertainty","1b","E: Conc. Uncertainty","1b","1b","E: Conc. Uncertainty","1b","1b","1b","1b","1b","1b","1b","1b","1b"
"2025-03-16 14:00:00","PM2.5",0,0,0,358.8244,149.2331,46.1828,16.4189,NA,0,1.7913,NA,60.83784306,0,0.921874365,1.199552755,5.210774548,0,0,1.019943078,NA,2.03301484,0,0,0,0,NA,0,0.0359,0,0,NA,NA,0,0,0,0,0,0,4.663874771,0,"1b","1b","1b","1b","1b","1b","1b","E: Conc. Uncertainty","1b","1b","E: Conc. Uncertainty","1b","1b","1b","1b","1b","1b","1b","1b","E: Conc. Uncertainty","1b","1b","1b","1b","1b","E: Conc. Uncertainty","1b","1b","1b","1b","E: Conc. Uncertainty","E: Conc. Uncertainty","1b","1b","1b","1b","1b","1b","1b","1b"
"2025-03-16 15:00:00","PM10",0,0,0,324.9032,381.6702,50.5227,67.0142,2.9258,0,1.3308,1.386,123.6090195,0,NA,2.237614557,6.071242478,0,0,0.951439051,0.002605311,2.095998038,0,0,0,0,0,NA,NA,0,0,NA,0,0,0,0,0,0,0,5.758176078,0,"1b","1b","1b","1b","1b","1b","1b","1b","1b","1b","1b","1b","1b","E: Conc. Uncertainty","1b","1b","1b","1b","1b","1b","1b","1b","1b","1b","1b","1b","E: Conc. Uncertainty","E: Conc. Uncertainty","1b","1b","E: Conc. Uncertainty","1b","1b","1b","1b","1b","1b","1b","1b","1b"
"2025-03-16 16:00:00","PM2.5",0,0,0,294.5604,111.3933,40.8622,17.0514,NA,0,0.7452,0,49.92734261,0,0,1.371309175,3.84026761,0,0,0.93174516,0,1.275398568,0,0,0,0,NA,0,0,0,0,NA,0.2427,0,0,0,0,0,0,5.30136652,0,"1b","1b","1b","1b","1b","1b","1b","E: Conc. Uncertainty","1b","1b","1b","1b","1b","1b","1b","1b","1b","1b","1b","1b","1b","1b","1b","1b","1b","E: Conc. Uncertainty","1b","1b","1b","1b","E: Conc. Uncertainty","1b","1b","1b","1b","1b","1b","1b","1b","1b"
"2025-03-16 17:00:00","PM10",0,NA,0,334.0179,412.3476,75.3684,77.6236,3.0948,0,1.8304,NA,158.0284611,0,NA,3.829853629,7.423155113,0,0,2.333817849,NA,1.560093515,NA,0,0,0,0,0,0,0,0,NA,0,NA,0,0,0,0,0,4.045476723,0,"1b","E: Conc. Uncertainty","1b","1b","1b","1b","1b","1b","1b","1b","E: Conc. Uncertainty","1b","1b","E: Conc. Uncertainty","1b","1b","1b","1b","1b","E: Conc. Uncertainty","1b","E: Conc. Uncertainty","1b","1b","1b","1b","1b","1b","1b","1b","E: Conc. Uncertainty","1b","E: Conc. Uncertainty","1b","1b","1b","1b","1b","1b","1b"
"2025-03-16 18:00:00","PM2.5",0,0,0,207.2754,124.0768,49.2124,14.754,NA,0,1.0811,0,55.22213176,0,0,1.323672481,6.302179798,0,0,2.732796695,NA,2.063653756,NA,NA,0,0,NA,NA,NA,0,NA,0,0,NA,0,NA,0,0,0,3.628314982,0,"1b","1b","1b","1b","1b","1b","1b","E: Conc. Uncertainty","1b","1b","1b","1b","1b","1b","1b","1b","1b","1b","1b","E: Conc. Uncertainty","1b","E: Conc. Uncertainty","E: Conc. Uncertainty","1b","1b","E: Conc. Uncertainty","E: Conc. Uncertainty","E: Conc. Uncertainty","1b","E: Conc. Uncertainty","1b","1b","E: Conc. Uncertainty","1b","E: Conc. Uncertainty","1b","1b","1b","1b","1b"
"2025-03-16 19:00:00","PM10",0,0.9017,0,274.5715,186.2704,69.4623,35.1037,NA,0,1.3674,0,102.2072517,0,0,2.512684828,8.554987941,0,0,2.736605371,NA,1.780058412,0,NA,0,0,NA,NA,0,0,0,NA,NA,0,0,0,0,0,0,4.699655022,0,"1b","1b","1b","1b","1b","1b","1b","E: Conc. Uncertainty","1b","1b","1b","1b","1b","1b","1b","1b","1b","1b","1b","E: Conc. Uncertainty","1b","1b","E: Conc. Uncertainty","1b","1b","E: Conc. Uncertainty","E: Conc. Uncertainty","1b","1b","1b","E: Conc. Uncertainty","E: Conc. Uncertainty","1b","1b","1b","1b","1b","1b","1b","1b"
"2025-03-16 20:00:00","PM2.5",0,0,0,288.4494,104.5211,61.5525,12.2104,1.0475,0,0.7235,0,49.46796476,0,NA,1.254430406,7.194897149,0,0,2.617591406,NA,3.217735864,0,NA,0,NA,NA,NA,0,0,0,0,NA,0,0,0,0,0,0,NA,0,"1b","1b","1b","1b","1b","1b","1b","1b","1b","1b","1b","1b","1b","E: Conc. Uncertainty","1b","1b","1b","1b","1b","E: Conc. Uncertainty","1b","1b","E: Conc. Uncertainty","1b","E: Conc. Uncertainty","E: Conc. Uncertainty","E: Conc. Uncertainty","1b","1b","1b","1b","E: Conc. Uncertainty","1b","1b","1b","1b","1b","1b","E: Conc. Uncertainty","1b"
"2025-03-16 21:00:00","PM10",0,0,0,333.2662,775.9639,63.0182,52.8068,2.559,0,0.8939,0,71.76210907,0,0,1.229696206,5.241632437,0,0,1.183608524,0,3.983142869,NA,NA,0,0,NA,0,0,0,0,0,NA,0,0,0,0,0,0,NA,0,"1b","1b","1b","1b","1b","1b","1b","1b","1b","1b","1b","1b","1b","1b","1b","1b","1b","1b","1b","1b","1b","E: Conc. Uncertainty","E: Conc. Uncertainty","1b","1b","E: Conc. Uncertainty","1b","1b","1b","1b","1b","E: Conc. Uncertainty","1b","1b","1b","1b","1b","1b","E: Conc. Uncertainty","1b"
"2025-03-16 22:00:00","PM2.5",0,0,NA,119.6749,455.8202,29.856,14.0892,NA,0,NA,0,22.23675131,0,0,NA,1.128817872,0,0,NA,NA,0.809648364,NA,NA,0,0,0,0,0,0,0,0,0,0,0,0,0,0,0,0,0,"1b","1b","E: Conc. Uncertainty","1b","1b","1b","1b","E: Conc. Uncertainty","1b","E: Conc. Uncertainty","1b","1b","1b","1b","E: Conc. Uncertainty","1b","1b","1b","E: Conc. Uncertainty","E: Conc. Uncertainty","1b","E: Conc. Uncertainty","E: Conc. Uncertainty","1b","1b","1b","1b","1b","1b","1b","1b","1b","1b","1b","1b","1b","1b","1b","1b","1b"
"2025-03-16 23:00:00","PM10",0,0,0,281.5681,1531.1518,65.3633,58.5555,2.6285,0,1.6209,0,67.06136567,0,NA,NA,1.256633027,0,0,NA,NA,2.625132254,NA,0,0,0,0,0,0,NA,NA,NA,NA,0,0,0,0,0,0,0,0,"1b","1b","1b","1b","1b","1b","1b","1b","1b","1b","1b","1b","1b","E: Conc. Uncertainty","E: Conc. Uncertainty","1b","1b","1b","E: Conc. Uncertainty","E: Conc. Uncertainty","1b","E: Conc. Uncertainty","1b","1b","1b","1b","1b","1b","E: Conc. Uncertainty","E: Conc. Uncertainty","E: Conc. Uncertainty","E: Conc. Uncertainty","1b","1b","1b","1b","1b","1b","1b","1b"
"2025-03-17 00:30:00","PM2.5",0,0,0,169.1746,804.7296,41.8838,17.8578,NA,0,1.4549,0,15.84111104,0,0,NA,NA,0,0,0,0,NA,NA,NA,0,0,NA,0,0,0,0,NA,NA,0,0,0,0,0,0,0,0,"1b","1b","1b","1b","1b","1b","1b","E: Conc. Uncertainty","1b","1b","1b","1b","1b","1b","E: Conc. Uncertainty","E: Conc. Uncertainty","1b","1b","1b","1b","E: Conc. Uncertainty","E: Conc. Uncertainty","E: Conc. Uncertainty","1b","1b","E: Conc. Uncertainty","1b","1b","1b","1b","E: Conc. Uncertainty","E: Conc. Uncertainty","1b","1b","1b","1b","1b","1b","1b","1b"
"2025-03-17 01:00:00","PM10",0,0,0,216.9036,1658.8381,66.3685,59.8265,1.8761,0,0.6967,0,38.16476035,0,0,NA,1.204904854,0,0,0,0,1.886944134,NA,NA,0,0,0,0,0,0,0,NA,NA,0,0,0,0,0,0,0,0,"1b","1b","1b","1b","1b","1b","1b","1b","1b","1b","1b","1b","1b","1b","E: Conc. Uncertainty","1b","1b","1b","1b","1b","1b","E: Conc. Uncertainty","E: Conc. Uncertainty","1b","1b","1b","1b","1b","1b","1b","E: Conc. Uncertainty","E: Conc. Uncertainty","1b","1b","1b","1b","1b","1b","1b","1b"
"2025-03-17 02:00:00","PM2.5",0,0,0,172.7052,676.3903,38.7651,21.328,NA,0,NA,0,11.418642,0,NA,NA,0.700681033,0,0,NA,0,1.057227079,NA,0,0,0,0,NA,0,0,NA,NA,0,0,0,0,0,0,0,0,0,"1b","1b","1b","1b","1b","1b","1b","E: Conc. Uncertainty","1b","E: Conc. Uncertainty","1b","1b","1b","E: Conc. Uncertainty","E: Conc. Uncertainty","1b","1b","1b","E: Conc. Uncertainty","1b","1b","E: Conc. Uncertainty","1b","1b","1b","1b","E: Conc. Uncertainty","1b","1b","E: Conc. Uncertainty","E: Conc. Uncertainty","1b","1b","1b","1b","1b","1b","1b","1b","1b"
"2025-03-17 03:00:00","PM10",0,0,0,239.4876,1737.3466,62.406,64.501,2.5519,0,0.8637,0,29.15373825,0,0,0,NA,0,0,0,NA,1.535349428,NA,NA,0,0,0,0,0,0,NA,NA,0,0,0,0,0,0,0,0,0,"1b","1b","1b","1b","1b","1b","1b","1b","1b","1b","1b","1b","1b","1b","1b","E: Conc. Uncertainty","1b","1b","1b","E: Conc. Uncertainty","1b","E: Conc. Uncertainty","E: Conc. Uncertainty","1b","1b","1b","1b","1b","1b","E: Conc. Uncertainty","E: Conc. Uncertainty","1b","1b","1b","1b","1b","1b","1b","1b","1b"
"2025-03-17 04:00:00","PM2.5",0,0,0,175.9485,798.9143,44.8164,25.2483,1.7558,0,NA,0,11.96150754,0,NA,NA,NA,0,0,NA,0,1.016331057,NA,0,0,0,0,0,0,0,0,0.0368,0,0,0,0,0,0,0,0,0,"1b","1b","1b","1b","1b","1b","1b","1b","1b","E: Conc. Uncertainty","1b","1b","1b","E: Conc. Uncertainty","E: Conc. Uncertainty","E: Conc. Uncertainty","1b","1b","E: Conc. Uncertainty","1b","1b","E: Conc. Uncertainty","1b","1b","1b","1b","1b","1b","1b","1b","1b","1b","1b","1b","1b","1b","1b","1b","1b","1b"
"2025-03-17 05:00:00","PM10",0,0,0,218.4033,1963.5225,73.8294,69.5882,1.5373,NA,0.8713,0,39.2464428,0,NA,0.833736483,1.21279169,0,0,NA,0,2.022644117,NA,0,0,0,0,0,NA,0,0,0,NA,0,0,NA,0,0,0,0,0,"1b","1b","1b","1b","1b","1b","1b","1b","E: Conc. Uncertainty","1b","1b","1b","1b","E: Conc. Uncertainty","1b","1b","1b","1b","E: Conc. Uncertainty","1b","1b","E: Conc. Uncertainty","1b","1b","1b","1b","1b","E: Conc. Uncertainty","1b","1b","1b","E: Conc. Uncertainty","1b","1b","E: Conc. Uncertainty","1b","1b","1b","1b","1b"
"2025-03-17 06:00:00","PM2.5",0,0,0,204.256,826.6642,44.8931,25.8871,0,NA,0.6643,0,30.49908923,0,NA,NA,2.48974753,0,0,0,NA,NA,NA,0,0,0,8.5565,0,0,NA,0,0,0,NA,0,0,0,0,0,0,0,"1b","1b","1b","1b","1b","1b","1b","1b","E: Conc. Uncertainty","1b","1b","1b","1b","E: Conc. Uncertainty","E: Conc. Uncertainty","1b","1b","1b","1b","E: Conc. Uncertainty","E: Conc. Uncertainty","E: Conc. Uncertainty","1b","1b","1b","1b","1b","1b","E: Conc. Uncertainty","1b","1b","1b","E: Conc. Uncertainty","1b","1b","1b","1b","1b","1b","1b"
"2025-03-17 07:00:00","PM10",0,0,0,269.8508,1713.5727,66.0646,71.2154,1.6905,0,0.8062,0,93.67227737,0,0,2.395101908,6.029128188,0,0,NA,NA,1.914700378,NA,NA,0,0,0,0,0,0,0,NA,NA,0,0,0,0,0,0,0,0,"1b","1b","1b","1b","1b","1b","1b","1b","1b","1b","1b","1b","1b","1b","1b","1b","1b","1b","E: Conc. Uncertainty","E: Conc. Uncertainty","1b","E: Conc. Uncertainty","E: Conc. Uncertainty","1b","1b","1b","1b","1b","1b","1b","E: Conc. Uncertainty","E: Conc. Uncertainty","1b","1b","1b","1b","1b","1b","1b","1b"
"2025-03-17 08:00:00","PM2.5",0,0,0,202.86,751.8305,21.1337,33.8834,NA,0,0.8424,0,40.74418273,0,NA,1.294487083,2.252845015,0,0,NA,0,4.614584394,NA,0,0,0,NA,0,0,NA,0,NA,NA,0,0,0,0,0,0,0,0,"1b","1b","1b","1b","1b","1b","1b","E: Conc. Uncertainty","1b","1b","1b","1b","1b","E: Conc. Uncertainty","1b","1b","1b","1b","E: Conc. Uncertainty","1b","1b","E: Conc. Uncertainty","1b","1b","1b","E: Conc. Uncertainty","1b","1b","E: Conc. Uncertainty","1b","E: Conc. Uncertainty","E: Conc. Uncertainty","1b","1b","1b","1b","1b","1b","1b","1b"
"2025-03-17 09:00:00","PM10",0,NA,0,200.5558,1744.9213,55.7033,103.4081,3.9061,0,0.7995,0,90.48954849,0,NA,1.510451505,5.662880333,0,0,5.601792561,0,2.53113019,NA,NA,0,0,0,0,NA,0,0,NA,0,0,0,0,0,0,0,0,0,"1b","E: Conc. Uncertainty","1b","1b","1b","1b","1b","1b","1b","1b","1b","1b","1b","E: Conc. Uncertainty","1b","1b","1b","1b","1b","1b","1b","E: Conc. Uncertainty","E: Conc. Uncertainty","1b","1b","1b","1b","E: Conc. Uncertainty","1b","1b","E: Conc. Uncertainty","1b","1b","1b","1b","1b","1b","1b","1b","1b"
"2025-03-17 10:00:00","PM2.5",0,NA,0,172.9013,805.8161,30.1001,49.495,NA,0,NA,0,44.7498983,NA,0,1.385979008,7.439567145,0,0,3.70859607,0,1.206236524,NA,NA,0,0,0.1036,0,0,0,NA,NA,0,0,0,0,0,0,0,0,0,"1b","E: Conc. Uncertainty","1b","1b","1b","1b","1b","E: Conc. Uncertainty","1b","E: Conc. Uncertainty","1b","1b","E: Conc. Uncertainty","1b","1b","1b","1b","1b","1b","1b","1b","E: Conc. Uncertainty","E: Conc. Uncertainty","1b","1b","1b","1b","1b","1b","E: Conc. Uncertainty","E: Conc. Uncertainty","1b","1b","1b","1b","1b","1b","1b","1b","1b"
"2025-03-17 11:00:00","PM10",0,NA,0,255.3085,2441.5402,72.126,175.2606,3.4168,0,1.0581,0,95.83528262,0,NA,1.542207429,7.93734795,0,0,1.947292882,NA,11.28713063,NA,0,0,0,0,0,NA,0,0,NA,NA,0,0,0,0,0,0,0,0,"1b","E: Conc. Uncertainty","1b","1b","1b","1b","1b","1b","1b","1b","1b","1b","1b","E: Conc. Uncertainty","1b","1b","1b","1b","1b","E: Conc. Uncertainty","1b","E: Conc. Uncertainty","1b","1b","1b","1b","1b","E: Conc. Uncertainty","1b","1b","E: Conc. Uncertainty","E: Conc. Uncertainty","1b","1b","1b","1b","1b","1b","1b","1b"
"2025-03-17 12:00:00","PM2.5",0,NA,0,280.981,1469.5112,49.1729,60.8836,NA,0,0.8814,0,34.28618622,NA,0,NA,4.234173613,0,0,0.917605204,0,4.742406993,NA,0,0,0,0,0,0,0,0,NA,NA,0,0,0,0,0,0,1.171173003,0,"1b","E: Conc. Uncertainty","1b","1b","1b","1b","1b","E: Conc. Uncertainty","1b","1b","1b","1b","E: Conc. Uncertainty","1b","E: Conc. Uncertainty","1b","1b","1b","1b","1b","1b","E: Conc. Uncertainty","1b","1b","1b","1b","1b","1b","1b","1b","E: Conc. Uncertainty","E: Conc. Uncertainty","1b","1b","1b","1b","1b","1b","1b","1b"
"2025-03-17 13:00:00","PM10",0,NA,0,436.333,4097.9989,128.4817,202.5687,5.035,0,0.8744,0,93.8026443,0,NA,1.459760405,7.421072988,0,0,1.175991613,0,13.91598897,1.365530438,NA,0,0,9.581,0,0,0,0,NA,0,0,0,0,0,0,0,1.700017303,0,"1b","E: Conc. Uncertainty","1b","1b","1b","1b","1b","1b","1b","1b","1b","1b","1b","E: Conc. Uncertainty","1b","1b","1b","1b","1b","1b","1b","1b","E: Conc. Uncertainty","1b","1b","1b","1b","1b","1b","1b","E: Conc. Uncertainty","1b","1b","1b","1b","1b","1b","1b","1b","1b"
"2025-03-17 14:00:00","PM2.5",0,NA,0,566.1904,1433.1389,65.3087,66.1682,NA,0,0.9712,0,39.20764342,0,NA,0.730276783,5.74752854,NA,0,2.555606566,0,7.172905253,NA,0,0,0,0,0,0,0,NA,NA,NA,0,0,0,0,0,0,NA,0,"1b","E: Conc. Uncertainty","1b","1b","1b","1b","1b","E: Conc. Uncertainty","1b","1b","1b","1b","1b","E: Conc. Uncertainty","1b","1b","E: Conc. Uncertainty","1b","1b","1b","1b","E: Conc. Uncertainty","1b","1b","1b","1b","1b","1b","1b","E: Conc. Uncertainty","E: Conc. Uncertainty","E: Conc. Uncertainty","1b","1b","1b","1b","1b","1b","E: Conc. Uncertainty","1b"
"2025-03-17 15:00:00","PM10",0,NA,0,552.5174,3023.2611,110.3908,209.8473,5.6058,0,0.733,0,103.3746655,0,NA,1.390221233,11.52361449,0,0,3.298510816,NA,8.59303822,2.933048026,NA,0,0,0,0,0,0,0,NA,NA,0,0,0,0,0,0,0,0,"1b","E: Conc. Uncertainty","1b","1b","1b","1b","1b","1b","1b","1b","1b","1b","1b","E: Conc. Uncertainty","1b","1b","1b","1b","1b","E: Conc. Uncertainty","1b","1b","E: Conc. Uncertainty","1b","1b","1b","1b","1b","1b","1b","E: Conc. Uncertainty","E: Conc. Uncertainty","1b","1b","1b","1b","1b","1b","1b","1b"
"2025-03-17 16:00:00","PM2.5",0,NA,0,499.7231,1294.5794,81.0747,81.6435,1.9557,0,0.6765,0,65.18457499,0,0,1.729965706,15.182438,0,0,1.263592791,0.005830933,13.00910765,NA,0,0,0,NA,0,NA,0,0,0,NA,0,0,0,0,0,0,6.564735573,0,"1b","E: Conc. Uncertainty","1b","1b","1b","1b","1b","1b","1b","1b","1b","1b","1b","1b","1b","1b","1b","1b","1b","1b","1b","E: Conc. Uncertainty","1b","1b","1b","E: Conc. Uncertainty","1b","E: Conc. Uncertainty","1b","1b","1b","E: Conc. Uncertainty","1b","1b","1b","1b","1b","1b","1b","1b"
"2025-03-17 17:00:00","PM10",0,NA,0,716.4303,3183.9016,134.9458,292.6826,8.7119,0,1.3001,0.9362,199.6111614,0,NA,3.269988908,8.941139955,0,0,1.364832548,0,7.498224226,NA,NA,0,0,0,0,0,0,NA,NA,0,0,0,0,0,0,0,2.470687006,0,"1b","E: Conc. Uncertainty","1b","1b","1b","1b","1b","1b","1b","1b","1b","1b","1b","E: Conc. Uncertainty","1b","1b","1b","1b","1b","1b","1b","E: Conc. Uncertainty","E: Conc. Uncertainty","1b","1b","1b","1b","1b","1b","E: Conc. Uncertainty","E: Conc. Uncertainty","1b","1b","1b","1b","1b","1b","1b","1b","1b"
"2025-03-17 18:00:00","PM2.5",0,0,0,438.6536,1314.9107,85.4956,94.62,2.6776,0,1.1744,0,75.02944794,0,0.000396434,1.127367169,5.9863586,0,0,1.845868445,NA,3.412006872,NA,NA,0,0,0,NA,0,0,0,NA,NA,0,0,0,0,0,0,1.72772091,0,"1b","1b","1b","1b","1b","1b","1b","1b","1b","1b","1b","1b","1b","1b","1b","1b","1b","1b","1b","E: Conc. Uncertainty","1b","E: Conc. Uncertainty","E: Conc. Uncertainty","1b","1b","1b","E: Conc. Uncertainty","1b","1b","1b","E: Conc. Uncertainty","E: Conc. Uncertainty","1b","1b","1b","1b","1b","1b","1b","1b"
"2025-03-17 19:00:00","PM10",0,NA,0,444.5284,2544.0886,143.7727,180.6319,4.7042,0.0112,1.4912,0,124.9277988,NA,NA,2.489869437,10.50235583,0,0,2.081288734,NA,4.717483998,NA,0,0,0,NA,0,NA,0,NA,NA,NA,0,0,0,0,0,0,NA,0,"1b","E: Conc. Uncertainty","1b","1b","1b","1b","1b","1b","1b","1b","1b","1b","E: Conc. Uncertainty","E: Conc. Uncertainty","1b","1b","1b","1b","1b","E: Conc. Uncertainty","1b","E: Conc. Uncertainty","1b","1b","1b","E: Conc. Uncertainty","1b","E: Conc. Uncertainty","1b","E: Conc. Uncertainty","E: Conc. Uncertainty","E: Conc. Uncertainty","1b","1b","1b","1b","1b","1b","E: Conc. Uncertainty","1b"
"2025-03-17 20:00:00","PM2.5",0,0,0,310.0884,721.0796,99.6422,58.4949,NA,0,1.026,0,60.81495046,0,0,1.470487701,14.4088893,0,0,1.940415878,NA,8.293647887,NA,0,0,0,NA,NA,NA,NA,0,0,NA,NA,0,0,0,0,0,0,0,"1b","1b","1b","1b","1b","1b","1b","E: Conc. Uncertainty","1b","1b","1b","1b","1b","1b","1b","1b","1b","1b","1b","E: Conc. Uncertainty","1b","E: Conc. Uncertainty","1b","1b","1b","E: Conc. Uncertainty","E: Conc. Uncertainty","E: Conc. Uncertainty","E: Conc. Uncertainty","1b","1b","E: Conc. Uncertainty","E: Conc. Uncertainty","1b","1b","1b","1b","1b","1b","1b"
"2025-03-17 21:00:00","PM10",0,NA,0,562.5167,2191.2463,139.151,296.419,5.8056,0,1.1794,NA,154.0025209,0,NA,2.718748094,14.00808108,0,0,4.238722072,NA,5.394183659,1.533828702,0,NA,0,0,NA,0,0,NA,NA,0,0,0,0,0,0,0,0,0,"1b","E: Conc. Uncertainty","1b","1b","1b","1b","1b","1b","1b","1b","E: Conc. Uncertainty","1b","1b","E: Conc. Uncertainty","1b","1b","1b","1b","1b","E: Conc. Uncertainty","1b","1b","1b","E: Conc. Uncertainty","1b","1b","E: Conc. Uncertainty","1b","1b","E: Conc. Uncertainty","E: Conc. Uncertainty","1b","1b","1b","1b","1b","1b","1b","1b","1b"
"2025-03-17 22:00:00","PM2.5",0,NA,0,544.5657,720.1727,71.0612,105.0374,4.0423,0,1.2412,0,70.09738038,0,NA,1.195045935,5.684463547,0,0,NA,0,2.456855635,NA,NA,0,0,NA,NA,0,0,0,NA,0,0,0,0,0,0,0,0,0,"1b","E: Conc. Uncertainty","1b","1b","1b","1b","1b","1b","1b","1b","1b","1b","1b","E: Conc. Uncertainty","1b","1b","1b","1b","E: Conc. Uncertainty","1b","1b","E: Conc. Uncertainty","E: Conc. Uncertainty","1b","1b","E: Conc. Uncertainty","E: Conc. Uncertainty","1b","1b","1b","E: Conc. Uncertainty","1b","1b","1b","1b","1b","1b","1b","1b","1b"
"2025-03-17 23:00:00","PM10",0,NA,0,500.2662,1574.0222,101.3926,165.7382,5.766,0,NA,0,117.8384122,0,NA,1.61873532,8.907269011,0,0,0.901229296,0,3.622670286,NA,NA,0,0,0,0,0,NA,NA,NA,NA,NA,0,0,0,0,0,0,0,"1b","E: Conc. Uncertainty","1b","1b","1b","1b","1b","1b","1b","E: Conc. Uncertainty","1b","1b","1b","E: Conc. Uncertainty","1b","1b","1b","1b","1b","1b","1b","E: Conc. Uncertainty","E: Conc. Uncertainty","1b","1b","1b","1b","1b","E: Conc. Uncertainty","E: Conc. Uncertainty","E: Conc. Uncertainty","E: Conc. Uncertainty","E: Conc. Uncertainty","1b","1b","1b","1b","1b","1b","1b"
"2025-03-18 00:30:00","PM2.5",0,0,0,239.5962,632.4206,111.1475,47.1359,NA,0,3.1813,0,57.57769478,0,NA,2.23155929,16.8356676,0,0,3.827948957,0,2.064985994,NA,0,0,0,NA,NA,0,NA,0,NA,NA,0,0,0,0,0,0,0,0,"1b","1b","1b","1b","1b","1b","1b","E: Conc. Uncertainty","1b","1b","1b","1b","1b","E: Conc. Uncertainty","1b","1b","1b","1b","1b","1b","1b","E: Conc. Uncertainty","1b","1b","1b","E: Conc. Uncertainty","E: Conc. Uncertainty","1b","E: Conc. Uncertainty","1b","E: Conc. Uncertainty","E: Conc. Uncertainty","1b","1b","1b","1b","1b","1b","1b","1b"
"2025-03-18 01:00:00","PM10",0,NA,0,335.3771,1495.2633,127.4275,115.0731,2.1996,NA,1.1195,NA,89.44426791,0,0,1.727032918,12.19917706,0,0,1.207111138,0,4.600637578,NA,NA,0,0,NA,0,NA,0,NA,NA,0.1315,0,0,0,0,0,0,0,0,"1b","E: Conc. Uncertainty","1b","1b","1b","1b","1b","1b","E: Conc. Uncertainty","1b","E: Conc. Uncertainty","1b","1b","1b","1b","1b","1b","1b","1b","1b","1b","E: Conc. Uncertainty","E: Conc. Uncertainty","1b","1b","E: Conc. Uncertainty","1b","E: Conc. Uncertainty","1b","E: Conc. Uncertainty","E: Conc. Uncertainty","1b","1b","1b","1b","1b","1b","1b","1b","1b"
"2025-03-18 02:00:00","PM2.5",0,0,0,257.7546,352.4757,89.0394,33.8251,NA,NA,0.9412,0,39.22521456,0,NA,NA,16.29263912,0,0,0.957679787,0,2.025788083,NA,NA,0,0,NA,0,0,0,0,NA,NA,0,0,0,NA,0,0,0,0,"1b","1b","1b","1b","1b","1b","1b","E: Conc. Uncertainty","E: Conc. Uncertainty","1b","1b","1b","1b","E: Conc. Uncertainty","E: Conc. Uncertainty","1b","1b","1b","1b","1b","1b","E: Conc. Uncertainty","E: Conc. Uncertainty","1b","1b","E: Conc. Uncertainty","1b","1b","1b","1b","E: Conc. Uncertainty","E: Conc. Uncertainty","1b","1b","1b","E: Conc. Uncertainty","1b","1b","1b","1b"
"2025-03-18 03:00:00","PM10",0,NA,0,394.1048,1919.7654,154.5289,135.5763,3.1385,NA,1.2075,NA,100.3129625,0,NA,1.460919131,13.0505471,0,NA,1.367245152,NA,5.412143112,NA,0,0,0,NA,0,0,NA,NA,0,0,0,0,0,0,0,0,0,0,"1b","E: Conc. Uncertainty","1b","1b","1b","1b","1b","1b","E: Conc. Uncertainty","1b","E: Conc. Uncertainty","1b","1b","E: Conc. Uncertainty","1b","1b","1b","E: Conc. Uncertainty","1b","E: Conc. Uncertainty","1b","E: Conc. Uncertainty","1b","1b","1b","E: Conc. Uncertainty","1b","1b","E: Conc. Uncertainty","E: Conc. Uncertainty","1b","1b","1b","1b","1b","1b","1b","1b","1b","1b"
"2025-03-18 04:00:00","PM2.5",0,0,0,250.9432,469.5463,97.9734,36.4731,0,NA,0.8831,0,35.5480114,0,0,NA,26.39120174,0,0,1.894046974,0,2.402255754,0.004975328,NA,0,0,NA,NA,0,0,0,NA,NA,NA,0,0,0,0,0,1.180593157,0,"1b","1b","1b","1b","1b","1b","1b","1b","E: Conc. Uncertainty","1b","1b","1b","1b","1b","E: Conc. Uncertainty","1b","1b","1b","1b","1b","1b","1b","E: Conc. Uncertainty","1b","1b","E: Conc. Uncertainty","E: Conc. Uncertainty","1b","1b","1b","E: Conc. Uncertainty","E: Conc. Uncertainty","E: Conc. Uncertainty","1b","1b","1b","1b","1b","1b","1b"
"2025-03-18 05:00:00","PM10",0,NA,0,352.5884,1836.2802,157.0051,143.3734,3.4816,0,1.2906,NA,117.0252366,0,NA,1.694464231,15.9095146,0,0,1.746270479,0,5.775730131,NA,NA,NA,0,0,0,0,0,NA,0,0,0,0,0,0,0,0,2.89060751,0,"1b","E: Conc. Uncertainty","1b","1b","1b","1b","1b","1b","1b","1b","E: Conc. Uncertainty","1b","1b","E: Conc. Uncertainty","1b","1b","1b","1b","1b","1b","1b","E: Conc. Uncertainty","E: Conc. Uncertainty","E: Conc. Uncertainty","1b","1b","1b","1b","1b","E: Conc. Uncertainty","1b","1b","1b","1b","1b","1b","1b","1b","1b","1b"
"2025-03-18 06:00:00","PM2.5",0,0,0,261.6549,448.1311,110.6175,48.7199,1.2854,NA,0.8893,0,75.14843067,NA,NA,1.951516446,9.925347328,0,0,1.114745428,NA,2.254551372,NA,0,0,0,0,NA,0,0,0,0,NA,0,0,NA,0,0,0,3.629950571,0,"1b","1b","1b","1b","1b","1b","1b","1b","E: Conc. Uncertainty","1b","1b","1b","E: Conc. Uncertainty","E: Conc. Uncertainty","1b","1b","1b","1b","1b","E: Conc. Uncertainty","1b","E: Conc. Uncertainty","1b","1b","1b","1b","E: Conc. Uncertainty","1b","1b","1b","1b","E: Conc. Uncertainty","1b","1b","E: Conc. Uncertainty","1b","1b","1b","1b","1b"
"2025-03-18 07:00:00","PM10",0,NA,0,369.3904,1671.9627,132.8435,191.4583,4.1763,NA,1.7275,NA,207.2643662,0,NA,4.496262044,29.04278788,0,0,1.380517814,NA,4.769092094,NA,0,0,0,NA,0,0,NA,0,0,NA,NA,0,0,0,0,0,NA,0,"1b","E: Conc. Uncertainty","1b","1b","1b","1b","1b","1b","E: Conc. Uncertainty","1b","E: Conc. Uncertainty","1b","1b","E: Conc. Uncertainty","1b","1b","1b","1b","1b","E: Conc. Uncertainty","1b","E: Conc. Uncertainty","1b","1b","1b","E: Conc. Uncertainty","1b","1b","E: Conc. Uncertainty","1b","1b","E: Conc. Uncertainty","E: Conc. Uncertainty","1b","1b","1b","1b","1b","E: Conc. Uncertainty","1b"
"2025-03-18 08:00:00","PM2.5",0,0,0,332.1332,599.1508,88.7223,73.7004,2.4413,1.1138,1.4411,NA,119.0421709,0,NA,2.436428041,13.22811803,0,0,1.628665656,NA,2.419409016,NA,0,0,0,0,0,0,0,NA,NA,NA,0,0,0,0,0,0,NA,0,"1b","1b","1b","1b","1b","1b","1b","1b","1b","1b","E: Conc. Uncertainty","1b","1b","E: Conc. Uncertainty","1b","1b","1b","1b","1b","E: Conc. Uncertainty","1b","E: Conc. Uncertainty","1b","1b","1b","1b","1b","1b","1b","E: Conc. Uncertainty","E: Conc. Uncertainty","E: Conc. Uncertainty","1b","1b","1b","1b","1b","1b","E: Conc. Uncertainty","1b"
"2025-03-18 09:00:00","PM10",0,278.4053,0,382.6322,2038.559,142.6715,350.7229,10.2488,2.127,2.1109,2.2482,268.7755164,0,NA,4.312882874,16.29688613,0,0,1.204955734,NA,4.624483566,NA,NA,NA,0,NA,NA,0,0,NA,NA,NA,NA,0,0,0,0,0,0,0,"1b","1b","1b","1b","1b","1b","1b","1b","1b","1b","1b","1b","1b","E: Conc. Uncertainty","1b","1b","1b","1b","1b","E: Conc. Uncertainty","1b","E: Conc. Uncertainty","E: Conc. Uncertainty","E: Conc. Uncertainty","1b","E: Conc. Uncertainty","E: Conc. Uncertainty","1b","1b","E: Conc. Uncertainty","E: Conc. Uncertainty","E: Conc. Uncertainty","E: Conc. Uncertainty","1b","1b","1b","1b","1b","1b","1b"
"2025-03-18 10:00:00","PM2.5",0,0,0,246.6741,530.5592,71.7174,93.6027,3.5622,NA,1.5738,0,93.36659579,NA,NA,2.244712561,11.2022401,0,0,NA,NA,2.102178049,NA,NA,0,NA,0,0,NA,0,0,NA,0,0,0,0,0,0,0,1.391580789,0,"1b","1b","1b","1b","1b","1b","1b","1b","E: Conc. Uncertainty","1b","1b","1b","E: Conc. Uncertainty","E: Conc. Uncertainty","1b","1b","1b","1b","E: Conc. Uncertainty","E: Conc. Uncertainty","1b","E: Conc. Uncertainty","E: Conc. Uncertainty","1b","E: Conc. Uncertainty","1b","1b","E: Conc. Uncertainty","1b","1b","E: Conc. Uncertainty","1b","1b","1b","1b","1b","1b","1b","1b","1b"
"2025-03-18 11:00:00","PM10",0,NA,0,225.8891,830.1833,99.7249,233.9275,8.0104,0,1.8834,1.1712,149.3293681,0,NA,2.917299578,10.08901428,0,0,0.980783895,NA,2.741263789,NA,NA,0,0,NA,0,NA,NA,NA,NA,NA,NA,0,0,0,0,0,0,0,"1b","E: Conc. Uncertainty","1b","1b","1b","1b","1b","1b","1b","1b","1b","1b","1b","E: Conc. Uncertainty","1b","1b","1b","1b","1b","E: Conc. Uncertainty","1b","E: Conc. Uncertainty","E: Conc. Uncertainty","1b","1b","E: Conc. Uncertainty","1b","E: Conc. Uncertainty","E: Conc. Uncertainty","E: Conc. Uncertainty","E: Conc. Uncertainty","E: Conc. Uncertainty","E: Conc. Uncertainty","1b","1b","1b","1b","1b","1b","1b"
"2025-03-18 12:00:00","PM2.5",0,NA,0,233.2763,370.1343,79.8754,70.7782,1.7333,0,1.0793,NA,75.26986679,0,NA,1.388502753,8.762951957,0,0,1.417810659,0,1.956058494,NA,NA,0,0,NA,0,0,0,NA,NA,0,0,0,0,0,0,0,0,0,"1b","E: Conc. Uncertainty","1b","1b","1b","1b","1b","1b","1b","1b","E: Conc. Uncertainty","1b","1b","E: Conc. Uncertainty","1b","1b","1b","1b","1b","1b","1b","E: Conc. Uncertainty","E: Conc. Uncertainty","1b","1b","E: Conc. Uncertainty","1b","1b","1b","E: Conc. Uncertainty","E: Conc. Uncertainty","1b","1b","1b","1b","1b","1b","1b","1b","1b"
"2025-03-18 13:00:00","PM10",0,234.4095,0,290.7948,1019.5639,115.599,288.964,8.5957,NA,1.8808,1.7276,206.3481454,0,NA,3.367128528,14.64800912,0,0,1.155547417,NA,3.000864717,NA,NA,0,0,0,0,0,0,0,0.0285,0,0,0,0,0,0,0,3.406325663,0,"1b","1b","1b","1b","1b","1b","1b","1b","E: Conc. Uncertainty","1b","1b","1b","1b","E: Conc. Uncertainty","1b","1b","1b","1b","1b","E: Conc. Uncertainty","1b","E: Conc. Uncertainty","E: Conc. Uncertainty","1b","1b","1b","1b","1b","1b","1b","1b","1b","1b","1b","1b","1b","1b","1b","1b","1b"
"2025-03-18 14:00:00","PM2.5",0,NA,0,326.1337,448.6903,86.4575,94.8633,3.0777,0,1.3714,NA,99.28641438,0,NA,2.442645952,10.75418387,0,0,0.881550318,NA,3.353701934,NA,NA,0,0,0,NA,0,NA,0,NA,0,0,0,0,0,0,0,2.059204506,0,"1b","E: Conc. Uncertainty","1b","1b","1b","1b","1b","1b","1b","1b","E: Conc. Uncertainty","1b","1b","E: Conc. Uncertainty","1b","1b","1b","1b","1b","E: Conc. Uncertainty","1b","E: Conc. Uncertainty","E: Conc. Uncertainty","1b","1b","1b","E: Conc. Uncertainty","1b","E: Conc. Uncertainty","1b","E: Conc. Uncertainty","1b","1b","1b","1b","1b","1b","1b","1b","1b"
"2025-03-18 15:00:00","PM10",0,414.1225,0,330.4009,1028.5285,123.0755,416.1643,14.3352,NA,1.6123,1.8725,253.649373,0,NA,3.32719358,13.76930666,0,0,1.660550645,NA,4.650593464,NA,NA,NA,0,0,NA,0,0,0,0.1304,NA,0,0,0,0,0,0,2.35384099,0,"1b","1b","1b","1b","1b","1b","1b","1b","E: Conc. Uncertainty","1b","1b","1b","1b","E: Conc. Uncertainty","1b","1b","1b","1b","1b","E: Conc. Uncertainty","1b","E: Conc. Uncertainty","E: Conc. Uncertainty","E: Conc. Uncertainty","1b","1b","E: Conc. Uncertainty","1b","1b","1b","1b","E: Conc. Uncertainty","1b","1b","1b","1b","1b","1b","1b","1b"
"2025-03-18 16:00:00","PM2.5",0,0,0,332.8161,280.2642,71.3441,92.5153,3.6758,NA,1.5406,0,92.54388113,0,NA,1.863325578,8.923269246,0,0,0.699832639,NA,3.488743979,NA,0,0,0,NA,NA,0,0,0,NA,NA,0,0,NA,0,0,0,1.546371132,0,"1b","1b","1b","1b","1b","1b","1b","1b","E: Conc. Uncertainty","1b","1b","1b","1b","E: Conc. Uncertainty","1b","1b","1b","1b","1b","E: Conc. Uncertainty","1b","E: Conc. Uncertainty","1b","1b","1b","E: Conc. Uncertainty","E: Conc. Uncertainty","1b","1b","1b","E: Conc. Uncertainty","E: Conc. Uncertainty","1b","1b","E: Conc. Uncertainty","1b","1b","1b","1b","1b"
"2025-03-18 17:00:00","PM10",0,263.3522,0,409.9969,783.1535,115.729,350.2704,16.9285,1.0053,1.2638,1.6247,240.4481744,0,NA,14.92136844,10.22254003,0,0,1.700609713,NA,4.157283471,NA,NA,NA,0,NA,NA,0,0,0,0,0,0,0,0,0,0,0,0,0,"1b","1b","1b","1b","1b","1b","1b","1b","1b","1b","1b","1b","1b","E: Conc. Uncertainty","1b","1b","1b","1b","1b","E: Conc. Uncertainty","1b","E: Conc. Uncertainty","E: Conc. Uncertainty","E: Conc. Uncertainty","1b","E: Conc. Uncertainty","E: Conc. Uncertainty","1b","1b","1b","1b","1b","1b","1b","1b","1b","1b","1b","1b","1b"
"2025-03-18 18:00:00","PM2.5",0,0,0,317.8771,505.9616,91.4287,91.2783,5.4597,NA,1.3099,0,110.8639502,0,NA,2.268774342,9.002430368,0,0,1.997854361,NA,3.172515482,NA,0,NA,0,9.9074,0,0,0,0,NA,NA,0,0,0,0,0,0,0,0,"1b","1b","1b","1b","1b","1b","1b","1b","E: Conc. Uncertainty","1b","1b","1b","1b","E: Conc. Uncertainty","1b","1b","1b","1b","1b","E: Conc. Uncertainty","1b","E: Conc. Uncertainty","1b","E: Conc. Uncertainty","1b","1b","1b","1b","1b","1b","E: Conc. Uncertainty","E: Conc. Uncertainty","1b","1b","1b","1b","1b","1b","1b","1b"
"2025-03-18 19:00:00","PM10",0,266.0521,0,358.7627,983.6179,141.394,354.0948,15.4214,NA,1.9787,1.6347,300.0156177,0,NA,4.830359512,13.55552947,0,0,1.857368883,NA,7.096768267,1.786650471,NA,NA,NA,0,0,NA,0,NA,NA,NA,0,0,0,0,0,0,NA,0,"1b","1b","1b","1b","1b","1b","1b","1b","E: Conc. Uncertainty","1b","1b","1b","1b","E: Conc. Uncertainty","1b","1b","1b","1b","1b","E: Conc. Uncertainty","1b","1b","E: Conc. Uncertainty","E: Conc. Uncertainty","E: Conc. Uncertainty","1b","1b","E: Conc. Uncertainty","1b","E: Conc. Uncertainty","E: Conc. Uncertainty","E: Conc. Uncertainty","1b","1b","1b","1b","1b","1b","E: Conc. Uncertainty","1b"
"2025-03-18 20:00:00","PM2.5",0,NA,0,342.8712,389.7138,100.5966,86.6991,3.8666,NA,0.7492,0.7946,120.9310011,0,NA,1.976041614,11.85864654,0,0,1.747340507,NA,2.968861237,NA,NA,0,0,NA,0,0,0,NA,NA,NA,NA,0,0,0,0,0,0,0,"1b","E: Conc. Uncertainty","1b","1b","1b","1b","1b","1b","E: Conc. Uncertainty","1b","1b","1b","1b","E: Conc. Uncertainty","1b","1b","1b","1b","1b","E: Conc. Uncertainty","1b","E: Conc. Uncertainty","E: Conc. Uncertainty","1b","1b","E: Conc. Uncertainty","1b","1b","1b","E: Conc. Uncertainty","E: Conc. Uncertainty","E: Conc. Uncertainty","E: Conc. Uncertainty","1b","1b","1b","1b","1b","1b","1b"
"2025-03-18 21:00:00","PM10",0,243.9006,0,466.6228,1075.5218,141.4756,262.1761,12.3994,1.6743,2.4112,4.9154,270.5894026,0,NA,4.747254984,17.55552616,0,0,1.88222125,NA,3.107317669,1.456206942,NA,0,0,NA,0,0,0,0,NA,NA,0,0,0,0,0,0,NA,0,"1b","1b","1b","1b","1b","1b","1b","1b","1b","1b","1b","1b","1b","E: Conc. Uncertainty","1b","1b","1b","1b","1b","E: Conc. Uncertainty","1b","1b","E: Conc. Uncertainty","1b","1b","E: Conc. Uncertainty","1b","1b","1b","1b","E: Conc. Uncertainty","E: Conc. Uncertainty","1b","1b","1b","1b","1b","1b","E: Conc. Uncertainty","1b"
"2025-03-18 22:00:00","PM2.5",0,0.358,0,414.8956,436.7332,108.6734,82.3301,3.5666,1.0582,1.3679,1.708,131.4884139,0,NA,4.658322776,19.06222159,0,0,2.157137603,NA,2.556316155,NA,NA,NA,NA,0,NA,NA,0,0,0,0,NA,0,0,0,0,0,2.729116433,0,"1b","1b","1b","1b","1b","1b","1b","1b","1b","1b","1b","1b","1b","E: Conc. Uncertainty","1b","1b","1b","1b","1b","E: Conc. Uncertainty","1b","E: Conc. Uncertainty","E: Conc. Uncertainty","E: Conc. Uncertainty","E: Conc. Uncertainty","1b","E: Conc. Uncertainty","E: Conc. Uncertainty","1b","1b","1b","1b","E: Conc. Uncertainty","1b","1b","1b","1b","1b","1b","1b"
"2025-03-18 23:00:00","PM10",0,426.777,0,523.5277,1344.714,179.1005,350.164,17.0212,NA,2.1627,6.0904,394.5940566,0,NA,8.697832666,24.64529463,0,0,1.257733948,NA,4.84103512,NA,NA,0,0,0,0,NA,NA,0,NA,NA,4.8723,0,NA,0,0,0,2.831600008,0,"1b","1b","1b","1b","1b","1b","1b","1b","E: Conc. Uncertainty","1b","1b","1b","1b","E: Conc. Uncertainty","1b","1b","1b","1b","1b","E: Conc. Uncertainty","1b","E: Conc. Uncertainty","E: Conc. Uncertainty","1b","1b","1b","1b","E: Conc. Uncertainty","E: Conc. Uncertainty","1b","E: Conc. Uncertainty","E: Conc. Uncertainty","1b","1b","E: Conc. Uncertainty","1b","1b","1b","1b","1b"
"2025-03-19 00:30:00","PM2.5",0,0,0,418.0521,447.9999,111.0925,101.5757,3.4006,0,1.4531,4.1038,202.9348167,0,NA,6.233012715,30.32180895,0,NA,2.109189234,NA,1.919914135,NA,0,0,0,NA,0,0,0,0,0,0,NA,0,0,0,0,0,NA,0,"1b","1b","1b","1b","1b","1b","1b","1b","1b","1b","1b","1b","1b","E: Conc. Uncertainty","1b","1b","1b","E: Conc. Uncertainty","1b","E: Conc. Uncertainty","1b","E: Conc. Uncertainty","1b","1b","1b","E: Conc. Uncertainty","1b","1b","1b","1b","1b","1b","E: Conc. Uncertainty","1b","1b","1b","1b","1b","E: Conc. Uncertainty","1b"
"2025-03-19 01:00:00","PM10",0,319.8749,0,430.6714,1144.3833,154.3289,321.5928,10.3219,NA,2.2638,6.3597,317.2209273,0,NA,7.856318388,27.55098987,0,0,2.06129574,NA,4.316983053,NA,NA,0,0,NA,0,0,0,0,NA,NA,NA,0,0,0,0,0,5.084533564,0,"1b","1b","1b","1b","1b","1b","1b","1b","E: Conc. Uncertainty","1b","1b","1b","1b","E: Conc. Uncertainty","1b","1b","1b","1b","1b","E: Conc. Uncertainty","1b","E: Conc. Uncertainty","E: Conc. Uncertainty","1b","1b","E: Conc. Uncertainty","1b","1b","1b","1b","E: Conc. Uncertainty","E: Conc. Uncertainty","E: Conc. Uncertainty","1b","1b","1b","1b","1b","1b","1b"
"2025-03-19 02:00:00","PM2.5",0,0,0,409.7851,313.0596,109.7138,75.1724,2.9568,NA,1.1139,0.9426,114.8483028,0,NA,3.564788316,19.21623603,0,0,1.685738728,NA,2.878102435,NA,0,0,0,NA,0.0274,0,0,0,0,NA,0.0327,0,0,0,0,0,5.097047531,0,"1b","1b","1b","1b","1b","1b","1b","1b","E: Conc. Uncertainty","1b","1b","1b","1b","E: Conc. Uncertainty","1b","1b","1b","1b","1b","E: Conc. Uncertainty","1b","E: Conc. Uncertainty","1b","1b","1b","E: Conc. Uncertainty","1b","1b","1b","1b","1b","E: Conc. Uncertainty","1b","1b","1b","1b","1b","1b","1b","1b"
"2025-03-19 03:00:00","PM10",0,162.5045,0,480.9947,1080.3394,171.4348,285.5528,8.8906,NA,1.7504,3.0435,263.5767739,0,NA,7.16986876,20.84295998,0,0,3.199038863,NA,4.549100461,2.759349196,0,0,0,0,0,0,0,NA,0,NA,NA,0,0,0,0,0,1.213679913,0,"1b","1b","1b","1b","1b","1b","1b","1b","E: Conc. Uncertainty","1b","1b","1b","1b","E: Conc. Uncertainty","1b","1b","1b","1b","1b","E: Conc. Uncertainty","1b","1b","1b","1b","1b","1b","1b","1b","1b","E: Conc. Uncertainty","1b","E: Conc. Uncertainty","E: Conc. Uncertainty","1b","1b","1b","1b","1b","1b","1b"
"2025-03-19 04:00:00","PM2.5",0,0,0,455.038,225.3943,127.7912,75.6127,3.1871,0,0.9256,NA,105.2216639,0,NA,3.510884824,15.65436105,0,0,1.890205693,0.772700454,3.332973897,NA,NA,0,0,0,NA,0,0,NA,NA,NA,0,0,0,0,0,0,1.168684259,0,"1b","1b","1b","1b","1b","1b","1b","1b","1b","1b","E: Conc. Uncertainty","1b","1b","E: Conc. Uncertainty","1b","1b","1b","1b","1b","1b","1b","E: Conc. Uncertainty","E: Conc. Uncertainty","1b","1b","1b","E: Conc. Uncertainty","1b","1b","E: Conc. Uncertainty","E: Conc. Uncertainty","E: Conc. Uncertainty","1b","1b","1b","1b","1b","1b","1b","1b"
"2025-03-19 05:00:00","PM10",0,250.0696,0,510.7816,919.4781,169.377,271.3523,9.7806,0,1.5644,3.5808,311.4598325,0,NA,6.926688214,28.98769159,0,0,2.52161849,NA,6.279627597,NA,0,0,0,0,0,0,0,NA,NA,0,3.147,0,0,0,0,0,1.742824328,0,"1b","1b","1b","1b","1b","1b","1b","1b","1b","1b","1b","1b","1b","E: Conc. Uncertainty","1b","1b","1b","1b","1b","E: Conc. Uncertainty","1b","E: Conc. Uncertainty","1b","1b","1b","1b","1b","1b","1b","E: Conc. Uncertainty","E: Conc. Uncertainty","1b","1b","1b","1b","1b","1b","1b","1b","1b"
"2025-03-19 06:00:00","PM2.5",0,NA,0,494.5052,284.9265,141.0889,83.2895,3.4895,NA,1.2131,2.3276,204.9068355,0,NA,5.492006472,28.39512756,0,0,2.591154711,NA,5.152370582,NA,0,0,0,0,NA,NA,0,0,NA,0,NA,0,0,0,0,0,1.567413272,0,"1b","E: Conc. Uncertainty","1b","1b","1b","1b","1b","1b","E: Conc. Uncertainty","1b","1b","1b","1b","E: Conc. Uncertainty","1b","1b","1b","1b","1b","E: Conc. Uncertainty","1b","E: Conc. Uncertainty","1b","1b","1b","1b","E: Conc. Uncertainty","E: Conc. Uncertainty","1b","1b","E: Conc. Uncertainty","1b","E: Conc. Uncertainty","1b","1b","1b","1b","1b","1b","1b"
"2025-03-19 07:00:00","PM10",0,369.5901,0,545.6822,1339.3889,220.8599,385.3595,17.8499,0,2.9297,4.9436,510.7728378,0,0,10.13451362,30.28184827,0,0,3.042243017,NA,5.795486586,NA,NA,0,0,NA,0,NA,0,0,0,NA,4.1773,0,0,0,0,0,1.250352451,0,"1b","1b","1b","1b","1b","1b","1b","1b","1b","1b","1b","1b","1b","1b","1b","1b","1b","1b","1b","E: Conc. Uncertainty","1b","E: Conc. Uncertainty","E: Conc. Uncertainty","1b","1b","E: Conc. Uncertainty","1b","E: Conc. Uncertainty","1b","1b","1b","E: Conc. Uncertainty","1b","1b","1b","1b","1b","1b","1b","1b"
"2025-03-19 08:00:00","PM2.5",0,NA,0,546.1657,515.7103,153.3178,194.1528,5.1546,NA,2.1184,2.6583,252.0208155,0,NA,6.969560086,23.3276055,0,0,3.318998494,0.700443576,4.919983315,NA,0,0,0,0,0,0,0,0,NA,0,NA,0,0,0,0,0,NA,0,"1b","E: Conc. Uncertainty","1b","1b","1b","1b","1b","1b","E: Conc. Uncertainty","1b","1b","1b","1b","E: Conc. Uncertainty","1b","1b","1b","1b","1b","1b","1b","E: Conc. Uncertainty","1b","1b","1b","1b","1b","1b","1b","1b","E: Conc. Uncertainty","1b","E: Conc. Uncertainty","1b","1b","1b","1b","1b","E: Conc. Uncertainty","1b"
"2025-03-19 09:00:00","PM10",0,1106.8735,0,712.8828,2364.081,282.821,1039.9434,28.5483,NA,4.3423,16.6342,862.9251118,0,2.033719103,20.97415957,66.80087972,0,0,3.257220419,NA,5.776478272,4.424458596,NA,NA,0,0,0,0,0,NA,NA,NA,6.5592,0,0,0,0,0,12.17819893,0,"1b","1b","1b","1b","1b","1b","1b","1b","E: Conc. Uncertainty","1b","1b","1b","1b","1b","1b","1b","1b","1b","1b","E: Conc. Uncertainty","1b","1b","E: Conc. Uncertainty","E: Conc. Uncertainty","1b","1b","1b","1b","1b","E: Conc. Uncertainty","E: Conc. Uncertainty","E: Conc. Uncertainty","1b","1b","1b","1b","1b","1b","1b","1b"
"2025-03-19 10:00:00","PM2.5",0,NA,0,644.6616,844.4878,212.3244,278.783,8.0658,NA,2.8162,3.7834,307.9828195,0,0.81141219,7.589483564,43.18614948,0,0,1.804688935,NA,3.465771593,NA,NA,0,NA,0,0,NA,0,NA,NA,0,NA,0,0,0,0,0,7.392672774,0,"1b","E: Conc. Uncertainty","1b","1b","1b","1b","1b","1b","E: Conc. Uncertainty","1b","1b","1b","1b","1b","1b","1b","1b","1b","1b","E: Conc. Uncertainty","1b","E: Conc. Uncertainty","E: Conc. Uncertainty","1b","E: Conc. Uncertainty","1b","1b","E: Conc. Uncertainty","1b","E: Conc. Uncertainty","E: Conc. Uncertainty","1b","E: Conc. Uncertainty","1b","1b","1b","1b","1b","1b","1b"
"2025-03-19 11:00:00","PM10",0,650.2052,0,570.7426,1190.1638,209.3457,748.2058,22.8829,0,6.1078,5.6686,531.0716028,0,1.777455884,15.8792795,46.19363463,0,0,3.649762137,NA,4.038566317,1.855117102,NA,0,NA,NA,0,NA,0,NA,0,NA,3.6319,0,0,0,0,0,4.07408311,0,"1b","1b","1b","1b","1b","1b","1b","1b","1b","1b","1b","1b","1b","1b","1b","1b","1b","1b","1b","E: Conc. Uncertainty","1b","1b","E: Conc. Uncertainty","1b","E: Conc. Uncertainty","E: Conc. Uncertainty","1b","E: Conc. Uncertainty","1b","E: Conc. Uncertainty","1b","E: Conc. Uncertainty","1b","1b","1b","1b","1b","1b","1b","1b"
"2025-03-19 12:00:00","PM2.5",0,NA,0,499.9122,220.0945,134.7029,157.1189,3.1554,0,1.38,1.1791,154.5602154,0,NA,5.212681544,19.19813765,0,0,1.682900212,NA,2.74207531,NA,0,0,0,0,0,0,0,0,0,NA,3.0793,0,0,0,0,0,2.33548874,0,"1b","E: Conc. Uncertainty","1b","1b","1b","1b","1b","1b","1b","1b","1b","1b","1b","E: Conc. Uncertainty","1b","1b","1b","1b","1b","E: Conc. Uncertainty","1b","E: Conc. Uncertainty","1b","1b","1b","1b","1b","1b","1b","1b","1b","E: Conc. Uncertainty","1b","1b","1b","1b","1b","1b","1b","1b"
"2025-03-19 13:00:00","PM10",0,330.7312,0,460.5881,379.4388,169.7393,474.1494,13.3714,0,1.9756,2.7119,261.3067712,0,NA,4.791821068,27.63241764,0,0,1.305219531,0,3.343388561,NA,0,NA,0,0,0,0,0,0,0,NA,NA,0,0,0,0,0,3.476189018,0,"1b","1b","1b","1b","1b","1b","1b","1b","1b","1b","1b","1b","1b","E: Conc. Uncertainty","1b","1b","1b","1b","1b","1b","1b","E: Conc. Uncertainty","1b","E: Conc. Uncertainty","1b","1b","1b","1b","1b","1b","1b","E: Conc. Uncertainty","E: Conc. Uncertainty","1b","1b","1b","1b","1b","1b","1b"
"2025-03-19 14:00:00","PM2.5",0,NA,0,393.2826,112.3673,119.6353,90.2868,2.7809,0,1.3692,NA,102.1480819,0,0,2.447009103,21.67103178,0,0,2.041744555,NA,3.000233664,NA,NA,0,0,0,NA,0,NA,0,NA,NA,0,0,0,0,0,0,NA,0,"1b","E: Conc. Uncertainty","1b","1b","1b","1b","1b","1b","1b","1b","E: Conc. Uncertainty","1b","1b","1b","1b","1b","1b","1b","1b","E: Conc. Uncertainty","1b","E: Conc. Uncertainty","E: Conc. Uncertainty","1b","1b","1b","E: Conc. Uncertainty","1b","E: Conc. Uncertainty","1b","E: Conc. Uncertainty","E: Conc. Uncertainty","1b","1b","1b","1b","1b","1b","E: Conc. Uncertainty","1b"
"2025-03-19 15:00:00","PM10",0,310.3937,0,451.8683,420.7083,183.2883,531.291,16.6487,0,1.7998,2.5961,282.4616667,0,NA,5.1168402,28.10043926,0,NA,2.733121162,NA,3.672082808,2.250447391,0,NA,0,NA,NA,NA,0,0,NA,0,0,0,0,0,0,0,NA,0,"1b","1b","1b","1b","1b","1b","1b","1b","1b","1b","1b","1b","1b","E: Conc. Uncertainty","1b","1b","1b","E: Conc. Uncertainty","1b","E: Conc. Uncertainty","1b","1b","1b","E: Conc. Uncertainty","1b","E: Conc. Uncertainty","E: Conc. Uncertainty","E: Conc. Uncertainty","1b","1b","E: Conc. Uncertainty","1b","1b","1b","1b","1b","1b","1b","E: Conc. Uncertainty","1b"
"2025-03-19 16:00:00","PM2.5",0,NA,0,409.3482,149.1706,145.5694,277.4889,4.6411,0,1.2005,0.8042,119.8350214,0,NA,2.291719577,20.9832888,0,0,1.78051952,NA,2.779249672,NA,NA,0,0,0,NA,0,0,NA,0,NA,NA,0,0,0,0,0,1.117090119,0,"1b","E: Conc. Uncertainty","1b","1b","1b","1b","1b","1b","1b","1b","1b","1b","1b","E: Conc. Uncertainty","1b","1b","1b","1b","1b","E: Conc. Uncertainty","1b","E: Conc. Uncertainty","E: Conc. Uncertainty","1b","1b","1b","E: Conc. Uncertainty","1b","1b","E: Conc. Uncertainty","1b","E: Conc. Uncertainty","E: Conc. Uncertainty","1b","1b","1b","1b","1b","1b","1b"
"2025-03-19 17:00:00","PM10",0,535.9722,0,486.3863,582.0041,197.668,544.7549,17.2512,NA,3.184,5.6197,647.3609991,0,NA,13.04982079,36.34351737,0,NA,3.33914695,0,6.237422267,1.843777762,NA,NA,0,0,0,0,0,0,NA,0,3.1539,0,0,0,0,0,1.512258631,0,"1b","1b","1b","1b","1b","1b","1b","1b","E: Conc. Uncertainty","1b","1b","1b","1b","E: Conc. Uncertainty","1b","1b","1b","E: Conc. Uncertainty","1b","1b","1b","1b","E: Conc. Uncertainty","E: Conc. Uncertainty","1b","1b","1b","1b","1b","1b","E: Conc. Uncertainty","1b","1b","1b","1b","1b","1b","1b","1b","1b"
"2025-03-19 18:00:00","PM2.5",0,NA,0,521.0159,464.9796,184.7302,430.1676,13.3617,0,2.124,3.0383,495.3815469,0,NA,12.1565874,48.97725677,0,0,3.482298949,NA,5.4150665,NA,NA,0,0,NA,NA,0,0,0,0,NA,4.8125,0,0,0,0,0,3.664448311,0,"1b","E: Conc. Uncertainty","1b","1b","1b","1b","1b","1b","1b","1b","1b","1b","1b","E: Conc. Uncertainty","1b","1b","1b","1b","1b","E: Conc. Uncertainty","1b","E: Conc. Uncertainty","E: Conc. Uncertainty","1b","1b","E: Conc. Uncertainty","E: Conc. Uncertainty","1b","1b","1b","1b","E: Conc. Uncertainty","1b","1b","1b","1b","1b","1b","1b","1b"
"2025-03-19 19:00:00","PM10",0,627.1628,0,434.3959,766.9563,202.0711,422.0122,19.6159,NA,4.7044,5.8309,824.7794118,0,NA,15.25959035,33.85923643,0,0,4.102981857,NA,4.034517126,1.682623464,NA,NA,0,0,0,0,0,NA,NA,NA,7.3357,0,0,0,0,0,1.924812871,0,"1b","1b","1b","1b","1b","1b","1b","1b","E: Conc. Uncertainty","1b","1b","1b","1b","E: Conc. Uncertainty","1b","1b","1b","1b","1b","E: Conc. Uncertainty","1b","1b","E: Conc. Uncertainty","E: Conc. Uncertainty","1b","1b","1b","1b","1b","E: Conc. Uncertainty","E: Conc. Uncertainty","E: Conc. Uncertainty","1b","1b","1b","1b","1b","1b","1b","1b"
"2025-03-19 20:00:00","PM2.5",0,NA,0,459.0586,387.9349,189.3776,186.147,8.6513,0,2.8333,2.8279,495.8091611,0,NA,11.42265895,36.90429616,0,0,4.297095267,NA,4.412451757,NA,0,0,0,0,0,NA,0,NA,NA,NA,3.1706,0,0,0,0,0,2.460105627,0,"1b","E: Conc. Uncertainty","1b","1b","1b","1b","1b","1b","1b","1b","1b","1b","1b","E: Conc. Uncertainty","1b","1b","1b","1b","1b","E: Conc. Uncertainty","1b","E: Conc. Uncertainty","1b","1b","1b","1b","1b","E: Conc. Uncertainty","1b","E: Conc. Uncertainty","E: Conc. Uncertainty","E: Conc. Uncertainty","1b","1b","1b","1b","1b","1b","1b","1b"
"2025-03-19 21:00:00","PM10",NA,977.611,0,552.4865,2064.2262,425.8421,883.1166,55.2965,NA,7.8995,19.6411,1801.602254,0,0.922990061,44.74193023,108.3307053,0,0,5.510890243,0,36.36150927,2.43473484,0,5.050956775,0,0,0,0,0,NA,NA,0,30.9653,0,0,0,0,0,12.01974588,0,"E: Conc. Uncertainty","1b","1b","1b","1b","1b","1b","1b","E: Conc. Uncertainty","1b","1b","1b","1b","1b","1b","1b","1b","1b","1b","1b","1b","1b","1b","1b","1b","1b","1b","1b","1b","E: Conc. Uncertainty","E: Conc. Uncertainty","1b","1b","1b","1b","1b","1b","1b","1b","1b"
"2025-03-19 22:00:00","PM2.5",0,147.5355,0,461.5838,995.3103,368.4085,230.4115,15.0107,0,3.9201,11.9696,925.7015867,0,NA,26.9058991,116.8296379,0,0,4.019843369,NA,55.35751627,NA,0,NA,0,NA,0,0,0,0,NA,NA,14.686,0,0,0,0,0,14.05956062,0,"1b","1b","1b","1b","1b","1b","1b","1b","1b","1b","1b","1b","1b","E: Conc. Uncertainty","1b","1b","1b","1b","1b","E: Conc. Uncertainty","1b","E: Conc. Uncertainty","1b","E: Conc. Uncertainty","1b","E: Conc. Uncertainty","1b","1b","1b","1b","E: Conc. Uncertainty","E: Conc. Uncertainty","1b","1b","1b","1b","1b","1b","1b","1b"
"2025-03-19 23:00:00","PM10",NA,836.2876,0,512.7037,1167.8923,453.3859,693.7657,33.9419,0,7.8819,23.0008,2090.675441,0,1.662493262,40.81346813,134.5814221,0,0,5.030868278,NA,55.06350627,1.659716642,NA,2.852198411,0,NA,0,NA,NA,0,NA,0,31.8231,0,0,0,0,0,9.153059875,0,"E: Conc. Uncertainty","1b","1b","1b","1b","1b","1b","1b","1b","1b","1b","1b","1b","1b","1b","1b","1b","1b","1b","E: Conc. Uncertainty","1b","1b","E: Conc. Uncertainty","1b","1b","E: Conc. Uncertainty","1b","E: Conc. Uncertainty","E: Conc. Uncertainty","1b","E: Conc. Uncertainty","1b","1b","1b","1b","1b","1b","1b","1b","1b"
"2025-03-20 00:30:00","PM2.5",0,0,0,477.1594,684.0061,347.8126,168.5455,11.5824,0,4.2664,4.5143,895.5461768,0,0,18.85580106,72.7161329,0,0,5.635571831,NA,36.96849139,NA,NA,0,NA,0,0,0,0,0,NA,NA,13.0312,0,0,0,0,0,12.07903012,0,"1b","1b","1b","1b","1b","1b","1b","1b","1b","1b","1b","1b","1b","1b","1b","1b","1b","1b","1b","E: Conc. Uncertainty","1b","E: Conc. Uncertainty","E: Conc. Uncertainty","1b","E: Conc. Uncertainty","1b","1b","1b","1b","1b","E: Conc. Uncertainty","E: Conc. Uncertainty","1b","1b","1b","1b","1b","1b","1b","1b"
"2025-03-20 01:00:00","PM10",0,497.1981,0,498.5932,832.7325,464.8524,495.5589,25.8246,0,6.7102,12.4361,1338.215336,0,NA,28.11923535,89.95351653,0,0,5.133376741,0.002879147,41.77839724,NA,NA,4.175689011,0,0,NA,0,0,NA,NA,0,22.6747,0,0,0,0,0,14.82847202,0,"1b","1b","1b","1b","1b","1b","1b","1b","1b","1b","1b","1b","1b","E: Conc. Uncertainty","1b","1b","1b","1b","1b","1b","1b","E: Conc. Uncertainty","E: Conc. Uncertainty","1b","1b","1b","E: Conc. Uncertainty","1b","1b","E: Conc. Uncertainty","E: Conc. Uncertainty","1b","1b","1b","1b","1b","1b","1b","1b","1b"
"2025-03-20 02:00:00","PM2.5",0,NA,0,484.5481,451.1183,373.4133,214.1338,10.0356,NA,2.9916,5.8118,539.9169293,0,NA,13.46332486,75.11455008,0,0,5.945612608,NA,40.33715302,NA,0,NA,NA,NA,NA,0,NA,0,NA,NA,10.5196,0,0,0,0,0,14.49868836,0,"1b","E: Conc. Uncertainty","1b","1b","1b","1b","1b","1b","E: Conc. Uncertainty","1b","1b","1b","1b","E: Conc. Uncertainty","1b","1b","1b","1b","1b","E: Conc. Uncertainty","1b","E: Conc. Uncertainty","1b","E: Conc. Uncertainty","E: Conc. Uncertainty","E: Conc. Uncertainty","E: Conc. Uncertainty","1b","E: Conc. Uncertainty","1b","E: Conc. Uncertainty","E: Conc. Uncertainty","1b","1b","1b","1b","1b","1b","1b","1b"
"2025-03-20 03:00:00","PM10",0,805.2202,0,552.008,1448.9014,498.7915,752.9141,30.8442,0,7.422,15.5777,1462.532137,0,NA,32.24299084,99.44862662,0,0,5.855396466,NA,43.46553599,2.65577652,0,4.898980764,NA,NA,NA,NA,0,NA,NA,0,26.561,0,0,0,0,0,28.5088764,0,"1b","1b","1b","1b","1b","1b","1b","1b","1b","1b","1b","1b","1b","E: Conc. Uncertainty","1b","1b","1b","1b","1b","E: Conc. Uncertainty","1b","1b","1b","1b","E: Conc. Uncertainty","E: Conc. Uncertainty","E: Conc. Uncertainty","E: Conc. Uncertainty","1b","E: Conc. Uncertainty","E: Conc. Uncertainty","1b","1b","1b","1b","1b","1b","1b","1b","1b"
"2025-03-20 04:00:00","PM2.5",NA,NA,0,587.8244,2389.4276,617.2599,236.6144,14.9614,0,5.6547,13.8919,954.788804,0,NA,25.82742242,114.1573011,0,0,7.508212894,NA,40.79559809,NA,0,NA,0,NA,0,NA,0,NA,NA,NA,18.5119,0,0,0,0,0,93.08995026,0,"E: Conc. Uncertainty","E: Conc. Uncertainty","1b","1b","1b","1b","1b","1b","1b","1b","1b","1b","1b","E: Conc. Uncertainty","1b","1b","1b","1b","1b","E: Conc. Uncertainty","1b","E: Conc. Uncertainty","1b","E: Conc. Uncertainty","1b","E: Conc. Uncertainty","1b","E: Conc. Uncertainty","1b","E: Conc. Uncertainty","E: Conc. Uncertainty","E: Conc. Uncertainty","1b","1b","1b","1b","1b","1b","1b","1b"
"2025-03-20 05:00:00","PM10",0,514.5216,0,591.4885,2697.9887,637.0146,578.1695,26.9908,0,6.6928,15.2797,1294.905845,0,NA,35.13841664,122.5652784,0,0,7.320901289,NA,34.66504657,1.416490422,0,4.465479725,0,NA,0,0,0,NA,NA,NA,23.7094,0,0,0,0,0,97.64243299,0,"1b","1b","1b","1b","1b","1b","1b","1b","1b","1b","1b","1b","1b","E: Conc. Uncertainty","1b","1b","1b","1b","1b","E: Conc. Uncertainty","1b","1b","1b","1b","1b","E: Conc. Uncertainty","1b","1b","1b","E: Conc. Uncertainty","E: Conc. Uncertainty","E: Conc. Uncertainty","1b","1b","1b","1b","1b","1b","1b","1b"
"2025-03-20 06:00:00","PM2.5",0,NA,0,517.494,1351.0235,492.874,155.1294,11.5396,0,3.4561,8.0511,769.7442026,0,0,21.69962368,93.1397681,0,0,7.613842555,NA,32.26680228,NA,0,NA,NA,NA,0,0,0,0,NA,0,10.5057,0,0,0,0,0,65.93622864,0,"1b","E: Conc. Uncertainty","1b","1b","1b","1b","1b","1b","1b","1b","1b","1b","1b","1b","1b","1b","1b","1b","1b","E: Conc. Uncertainty","1b","E: Conc. Uncertainty","1b","E: Conc. Uncertainty","E: Conc. Uncertainty","E: Conc. Uncertainty","1b","1b","1b","1b","E: Conc. Uncertainty","1b","1b","1b","1b","1b","1b","1b","1b","1b"
"2025-03-20 07:00:00","PM10",0,305.6818,0,528.1732,1084.0029,427.2789,475.9433,20.9823,0,6.3951,12.5568,1361.071062,0,NA,28.84799341,87.25782148,0,0,6.128000732,NA,25.32622952,NA,NA,2.694898883,0,0,0,NA,0,0,NA,NA,20.2465,0,0,0,0,0,42.67769519,0,"1b","1b","1b","1b","1b","1b","1b","1b","1b","1b","1b","1b","1b","E: Conc. Uncertainty","1b","1b","1b","1b","1b","E: Conc. Uncertainty","1b","E: Conc. Uncertainty","E: Conc. Uncertainty","1b","1b","1b","1b","E: Conc. Uncertainty","1b","1b","E: Conc. Uncertainty","E: Conc. Uncertainty","1b","1b","1b","1b","1b","1b","1b","1b"
"2025-03-20 08:00:00","PM2.5",0,NA,0,483.6985,271.386,260.4055,169.95,7.0969,NA,2.6367,3.4975,427.3520797,0,NA,10.29432523,40.79502695,0,0,4.204830672,NA,14.18865046,NA,0,NA,0,NA,0,NA,0,0,NA,NA,4.7928,0,0,0,0,0,14.66905319,0,"1b","E: Conc. Uncertainty","1b","1b","1b","1b","1b","1b","E: Conc. Uncertainty","1b","1b","1b","1b","E: Conc. Uncertainty","1b","1b","1b","1b","1b","E: Conc. Uncertainty","1b","E: Conc. Uncertainty","1b","E: Conc. Uncertainty","1b","E: Conc. Uncertainty","1b","E: Conc. Uncertainty","1b","1b","E: Conc. Uncertainty","E: Conc. Uncertainty","1b","1b","1b","1b","1b","1b","1b","1b"
"2025-03-20 09:00:00","PM10",0,131.3253,0,416.7155,606.5021,132.1053,184.4957,6.1388,0,1.5255,1.3437,234.9167319,0,NA,5.011312655,13.72798763,0,0,1.397916518,NA,4.887168479,1.925531807,0,0,0,NA,NA,0,0,0,NA,0,NA,0,0,0,0,0,0,0,"1b","1b","1b","1b","1b","1b","1b","1b","1b","1b","1b","1b","1b","E: Conc. Uncertainty","1b","1b","1b","1b","1b","E: Conc. Uncertainty","1b","1b","1b","1b","1b","E: Conc. Uncertainty","E: Conc. Uncertainty","1b","1b","1b","E: Conc. Uncertainty","1b","E: Conc. Uncertainty","1b","1b","1b","1b","1b","1b","1b"
"2025-03-20 10:00:00","PM2.5",0,0,0,304.3101,145.1073,94.2185,63.4903,3.4216,0,1.6272,0,106.01962,0,0,2.615537261,8.195569214,0,0,1.327149501,0.000885343,3.950522556,0,NA,0,0,NA,0,0,0,0,NA,0,NA,0,0,0,0,0,NA,0,"1b","1b","1b","1b","1b","1b","1b","1b","1b","1b","1b","1b","1b","1b","1b","1b","1b","1b","1b","1b","1b","1b","E: Conc. Uncertainty","1b","1b","E: Conc. Uncertainty","1b","1b","1b","1b","E: Conc. Uncertainty","1b","E: Conc. Uncertainty","1b","1b","1b","1b","1b","E: Conc. Uncertainty","1b"
"2025-03-20 11:00:00","PM10",0,166.3499,0,321.8122,552.4949,130.5456,165.3312,8.236,0,1.2109,NA,148.5463646,0,NA,3.225238854,14.96382411,0,0,1.371049131,0,3.902112883,NA,NA,0,0,0,0,0,0,NA,NA,NA,0,0,0,0,0,0,0,0,"1b","1b","1b","1b","1b","1b","1b","1b","1b","1b","E: Conc. Uncertainty","1b","1b","E: Conc. Uncertainty","1b","1b","1b","1b","1b","1b","1b","E: Conc. Uncertainty","E: Conc. Uncertainty","1b","1b","1b","1b","1b","1b","E: Conc. Uncertainty","E: Conc. Uncertainty","E: Conc. Uncertainty","1b","1b","1b","1b","1b","1b","1b","1b"
"2025-03-20 12:00:00","PM2.5",0,0,0,287.7125,109.8915,98.0093,46.1201,2.1354,0,0.7864,0,64.64731548,0,0.011584268,1.437323922,10.6988192,0,NA,1.698798857,0,3.361319325,0,0,0,0,0,0,0,0,NA,NA,NA,0,0,0,0,0,0,0,0,"1b","1b","1b","1b","1b","1b","1b","1b","1b","1b","1b","1b","1b","1b","1b","1b","1b","E: Conc. Uncertainty","1b","1b","1b","1b","1b","1b","1b","1b","1b","1b","1b","E: Conc. Uncertainty","E: Conc. Uncertainty","E: Conc. Uncertainty","1b","1b","1b","1b","1b","1b","1b","1b"
"2025-03-20 13:00:00","PM10",0,NA,0,317.9495,305.178,122.8284,144.1466,8.697,0,1.0817,NA,120.521177,0,0,1.58724582,8.616598409,0,0,1.460735551,0,3.77026544,NA,NA,0,0,0,0.0881,0,0,NA,0,NA,0,0,0,0,0,0,0,0,"1b","E: Conc. Uncertainty","1b","1b","1b","1b","1b","1b","1b","1b","E: Conc. Uncertainty","1b","1b","1b","1b","1b","1b","1b","1b","1b","1b","E: Conc. Uncertainty","E: Conc. Uncertainty","1b","1b","1b","1b","1b","1b","E: Conc. Uncertainty","1b","E: Conc. Uncertainty","1b","1b","1b","1b","1b","1b","1b","1b"
"2025-03-20 14:00:00","PM2.5",0,0,0,316.2772,73.5793,84.7667,36.6627,NA,0,0.8698,0,51.75618116,0,NA,1.143069272,10.74074225,0,0,0.893168435,NA,3.968878085,NA,NA,0,0,0,NA,0,0,0,0,0,0,0,0,0,0,0,NA,0,"1b","1b","1b","1b","1b","1b","1b","E: Conc. Uncertainty","1b","1b","1b","1b","1b","E: Conc. Uncertainty","1b","1b","1b","1b","1b","E: Conc. Uncertainty","1b","E: Conc. Uncertainty","E: Conc. Uncertainty","1b","1b","1b","E: Conc. Uncertainty","1b","1b","1b","1b","1b","1b","1b","1b","1b","1b","1b","E: Conc. Uncertainty","1b"
"2025-03-20 15:00:00","PM10",0,NA,0,314.4442,353.3753,125.2027,174.8957,6.8248,0,1.4768,NA,136.5923787,0,0,2.099312701,8.931015901,0,0,0.970586441,NA,3.973341738,NA,NA,0,0,0,NA,0,0,0,NA,NA,0,0,0,0,0,0,NA,0,"1b","E: Conc. Uncertainty","1b","1b","1b","1b","1b","1b","1b","1b","E: Conc. Uncertainty","1b","1b","1b","1b","1b","1b","1b","1b","E: Conc. Uncertainty","1b","E: Conc. Uncertainty","E: Conc. Uncertainty","1b","1b","1b","E: Conc. Uncertainty","1b","1b","1b","E: Conc. Uncertainty","E: Conc. Uncertainty","1b","1b","1b","1b","1b","1b","E: Conc. Uncertainty","1b"
"2025-03-20 16:00:00","PM2.5",0,0,0,275.2226,65.8881,88.0848,44.9646,1.8356,0,0.7974,0,68.54056337,NA,0,1.697077321,7.030753262,0,0,1.493639713,NA,3.856959681,NA,NA,0,0,0,0,NA,0,0,NA,NA,NA,0,0,0,0,0,NA,0,"1b","1b","1b","1b","1b","1b","1b","1b","1b","1b","1b","1b","E: Conc. Uncertainty","1b","1b","1b","1b","1b","1b","E: Conc. Uncertainty","1b","E: Conc. Uncertainty","E: Conc. Uncertainty","1b","1b","1b","1b","E: Conc. Uncertainty","1b","1b","E: Conc. Uncertainty","E: Conc. Uncertainty","E: Conc. Uncertainty","1b","1b","1b","1b","1b","E: Conc. Uncertainty","1b"
"2025-03-20 17:00:00","PM10",0,154.2402,0,317.8172,274.508,124.4008,181.1764,7.466,0,2.1037,0.9701,222.2308264,0,0,4.486613821,10.90695308,0,0,1.016423636,NA,3.929278642,NA,NA,0,0,0,0,0,NA,NA,0,0,NA,0,0,0,0,0,1.042056313,0,"1b","1b","1b","1b","1b","1b","1b","1b","1b","1b","1b","1b","1b","1b","1b","1b","1b","1b","1b","E: Conc. Uncertainty","1b","E: Conc. Uncertainty","E: Conc. Uncertainty","1b","1b","1b","1b","1b","E: Conc. Uncertainty","E: Conc. Uncertainty","1b","1b","E: Conc. Uncertainty","1b","1b","1b","1b","1b","1b","1b"
"2025-03-20 18:00:00","PM2.5",0,0.411,0,298.7661,60.1864,90.6623,47.7626,1.4801,0,1.2095,0,116.6521832,0,0,2.645818671,11.75775935,0,0,1.781320441,NA,4.760033863,NA,NA,0,0,0,0,0,0,NA,NA,0,NA,0,0,0,0,0,0,0,"1b","1b","1b","1b","1b","1b","1b","1b","1b","1b","1b","1b","1b","1b","1b","1b","1b","1b","1b","E: Conc. Uncertainty","1b","E: Conc. Uncertainty","E: Conc. Uncertainty","1b","1b","1b","1b","1b","1b","E: Conc. Uncertainty","E: Conc. Uncertainty","1b","E: Conc. Uncertainty","1b","1b","1b","1b","1b","1b","1b"
"2025-03-20 19:00:00","PM10",0,334.881,0,335.3691,398.4179,191.283,269.2098,12.7044,0,2.9513,2.407,395.8432468,0,0,8.872778991,26.03325037,0,NA,2.157901153,NA,4.699151724,NA,NA,0,0,0,0,NA,0,0,NA,0,3.3416,0,0,0,0,0,3.261380606,0,"1b","1b","1b","1b","1b","1b","1b","1b","1b","1b","1b","1b","1b","1b","1b","1b","1b","E: Conc. Uncertainty","1b","E: Conc. Uncertainty","1b","E: Conc. Uncertainty","E: Conc. Uncertainty","1b","1b","1b","1b","E: Conc. Uncertainty","1b","1b","E: Conc. Uncertainty","1b","1b","1b","1b","1b","1b","1b","1b","1b"
"2025-03-20 20:00:00","PM2.5",0,0,0,343.3331,1574.5134,168.3493,73.0367,3.8386,0,1.8744,NA,198.7528073,0,0,7.04882882,38.77226767,0,0,3.122188913,NA,6.12080687,NA,0,0,0,0,NA,NA,0,0,NA,NA,NA,0,0,0,0,0,41.25187745,0,"1b","1b","1b","1b","1b","1b","1b","1b","1b","1b","E: Conc. Uncertainty","1b","1b","1b","1b","1b","1b","1b","1b","E: Conc. Uncertainty","1b","E: Conc. Uncertainty","1b","1b","1b","1b","E: Conc. Uncertainty","E: Conc. Uncertainty","1b","1b","E: Conc. Uncertainty","E: Conc. Uncertainty","E: Conc. Uncertainty","1b","1b","1b","1b","1b","1b","1b"
"2025-03-20 21:00:00","PM10",0,302.9179,0,403.9095,335.1232,183.7265,296.8392,14.048,0.9028,2.0853,2.2296,372.0076482,0,0.833997803,7.312527969,19.86610594,0,0.00756682,2.163368048,NA,6.757922786,1.728672552,NA,1.75644807,0,NA,0,0,0,0,0,NA,NA,0,0,0,0,0,5.024978642,0,"1b","1b","1b","1b","1b","1b","1b","1b","1b","1b","1b","1b","1b","1b","1b","1b","1b","1b","1b","E: Conc. Uncertainty","1b","1b","E: Conc. Uncertainty","1b","1b","E: Conc. Uncertainty","1b","1b","1b","1b","1b","E: Conc. Uncertainty","E: Conc. Uncertainty","1b","1b","1b","1b","1b","1b","1b"
"2025-03-20 22:00:00","PM2.5",0,0,0,342.7761,111.6478,140.9708,60.2598,3.8564,NA,1.8707,0,148.1345721,0,NA,3.356681287,14.53156197,0,0,1.867035729,NA,4.995705578,NA,0,NA,0,0,0,0,0,NA,NA,NA,NA,0,0,0,0,0,2.581232764,0,"1b","1b","1b","1b","1b","1b","1b","1b","E: Conc. Uncertainty","1b","1b","1b","1b","E: Conc. Uncertainty","1b","1b","1b","1b","1b","E: Conc. Uncertainty","1b","E: Conc. Uncertainty","1b","E: Conc. Uncertainty","1b","1b","1b","1b","1b","E: Conc. Uncertainty","E: Conc. Uncertainty","E: Conc. Uncertainty","E: Conc. Uncertainty","1b","1b","1b","1b","1b","1b","1b"
"2025-03-20 23:00:00","PM10",0,238.1036,0,358.4692,193.0206,169.3347,281.2701,10.9332,0,2.4747,1.886,409.1668785,0,NA,8.195191653,18.17798411,0,0,1.359039551,NA,5.044137538,NA,NA,NA,NA,0,0,NA,NA,0,0,0,4.7106,0,0,0,0,0,2.903639821,0,"1b","1b","1b","1b","1b","1b","1b","1b","1b","1b","1b","1b","1b","E: Conc. Uncertainty","1b","1b","1b","1b","1b","E: Conc. Uncertainty","1b","E: Conc. Uncertainty","E: Conc. Uncertainty","E: Conc. Uncertainty","E: Conc. Uncertainty","1b","1b","E: Conc. Uncertainty","E: Conc. Uncertainty","1b","1b","1b","1b","1b","1b","1b","1b","1b","1b","1b"
"2025-03-21 00:30:00","PM2.5",0,0,0,313.1429,95.4043,137.8435,50.1484,2.8676,0,2.9755,0,162.6313575,0,NA,4.697968912,16.36781347,0,0,3.928829016,NA,3.832165803,NA,0,0,0,0,0,0,0,0,NA,NA,0,0,0,0,0,0,NA,0,"1b","1b","1b","1b","1b","1b","1b","1b","1b","1b","1b","1b","1b","E: Conc. Uncertainty","1b","1b","1b","1b","1b","E: Conc. Uncertainty","1b","E: Conc. Uncertainty","1b","1b","1b","1b","1b","1b","1b","1b","E: Conc. Uncertainty","E: Conc. Uncertainty","1b","1b","1b","1b","1b","1b","E: Conc. Uncertainty","1b"
"2025-03-21 01:00:00","PM10",0,NA,0,340.5559,184.0231,153.1562,174.1522,7.6235,0,1.9326,1.7869,256.0371948,0,NA,5.792174647,18.99294335,0,0,3.352832318,NA,5.59791351,NA,NA,0,0,NA,0,0,0,NA,NA,NA,NA,0,0,0,0,0,5.143583434,0,"1b","E: Conc. Uncertainty","1b","1b","1b","1b","1b","1b","1b","1b","1b","1b","1b","E: Conc. Uncertainty","1b","1b","1b","1b","1b","E: Conc. Uncertainty","1b","E: Conc. Uncertainty","E: Conc. Uncertainty","1b","1b","E: Conc. Uncertainty","1b","1b","1b","E: Conc. Uncertainty","E: Conc. Uncertainty","E: Conc. Uncertainty","E: Conc. Uncertainty","1b","1b","1b","1b","1b","1b","1b"
"2025-03-21 02:00:00","PM2.5",0,0,0,349.7013,62.2633,134.2116,44.633,1.5359,0,1.2825,NA,106.9366548,0,NA,3.552008134,18.62758516,0,0,1.872994408,NA,4.96624301,NA,0,NA,0,NA,0,0,NA,NA,NA,NA,NA,0,0,0,0,0,5.893390951,0,"1b","1b","1b","1b","1b","1b","1b","1b","1b","1b","E: Conc. Uncertainty","1b","1b","E: Conc. Uncertainty","1b","1b","1b","1b","1b","E: Conc. Uncertainty","1b","E: Conc. Uncertainty","1b","E: Conc. Uncertainty","1b","E: Conc. Uncertainty","1b","1b","E: Conc. Uncertainty","E: Conc. Uncertainty","E: Conc. Uncertainty","E: Conc. Uncertainty","E: Conc. Uncertainty","1b","1b","1b","1b","1b","1b","1b"
"2025-03-21 03:00:00","PM10",0,NA,0,431.8712,106.1701,153.0333,218.5137,6.8757,NA,2.2289,6.0567,204.3319558,0,0.870523809,3.774292054,62.53772317,0,0,2.423841127,NA,5.727275503,NA,0,0,0,0,0,0,0,0,NA,NA,0,0,0,0,0,0,5.720089168,0,"1b","E: Conc. Uncertainty","1b","1b","1b","1b","1b","1b","E: Conc. Uncertainty","1b","1b","1b","1b","1b","1b","1b","1b","1b","1b","E: Conc. Uncertainty","1b","E: Conc. Uncertainty","1b","1b","1b","1b","1b","1b","1b","1b","E: Conc. Uncertainty","E: Conc. Uncertainty","1b","1b","1b","1b","1b","1b","1b","1b"
"2025-03-21 04:00:00","PM2.5",0,0,0,411.8159,33.3665,138.8619,60.2223,1.4353,1.5556,1.3667,2.7995,101.9084187,0,1.263187956,2.316153972,36.114826,0,0,2.490045286,0.746848354,4.033250377,NA,NA,0,0,0.082,NA,NA,0,NA,NA,NA,0,0,0,0,0,0,3.584523275,0,"1b","1b","1b","1b","1b","1b","1b","1b","1b","1b","1b","1b","1b","1b","1b","1b","1b","1b","1b","1b","1b","E: Conc. Uncertainty","E: Conc. Uncertainty","1b","1b","1b","E: Conc. Uncertainty","E: Conc. Uncertainty","1b","E: Conc. Uncertainty","E: Conc. Uncertainty","E: Conc. Uncertainty","1b","1b","1b","1b","1b","1b","1b","1b"
"2025-03-21 05:00:00","PM10",0,NA,0,441.4365,99.8364,159.8956,283.6801,5.8939,1.9829,2.0166,7.4253,206.146719,0,1.145234124,4.055256092,23.09120866,0,0,1.826024165,NA,3.797435011,NA,0,0,0,9.134,0,0,0,0,NA,NA,0,0,0,0,0,0,2.582868882,0,"1b","E: Conc. Uncertainty","1b","1b","1b","1b","1b","1b","1b","1b","1b","1b","1b","1b","1b","1b","1b","1b","1b","E: Conc. Uncertainty","1b","E: Conc. Uncertainty","1b","1b","1b","1b","1b","1b","1b","1b","E: Conc. Uncertainty","E: Conc. Uncertainty","1b","1b","1b","1b","1b","1b","1b","1b"
"2025-03-21 06:00:00","PM2.5",0,0,0,384.2831,29.0042,116.712,62.2325,1.5898,2.0216,1.282,1.3888,91.10661566,0,NA,1.703520962,16.64760878,0,0,1.77005402,NA,3.292847188,NA,NA,0,0,0,0,0,0,0,NA,0,0,0,0,0,0,0,1.319348505,0,"1b","1b","1b","1b","1b","1b","1b","1b","1b","1b","1b","1b","1b","E: Conc. Uncertainty","1b","1b","1b","1b","1b","E: Conc. Uncertainty","1b","E: Conc. Uncertainty","E: Conc. Uncertainty","1b","1b","1b","1b","1b","1b","1b","E: Conc. Uncertainty","1b","1b","1b","1b","1b","1b","1b","1b","1b"
"2025-03-21 07:00:00","PM10",0,185.9606,0,443.5804,172.801,153.4027,353.0517,14.4875,2.4684,2.261,5.6413,301.8036574,0,1.021655286,6.696541057,23.37470361,0,0,0.720567434,0.721737715,5.229059603,NA,NA,NA,NA,0,0,0,0,0,0,0,0,0,0,0,0,0,2.778318255,0,"1b","1b","1b","1b","1b","1b","1b","1b","1b","1b","1b","1b","1b","1b","1b","1b","1b","1b","1b","1b","1b","E: Conc. Uncertainty","E: Conc. Uncertainty","E: Conc. Uncertainty","E: Conc. Uncertainty","1b","1b","1b","1b","1b","1b","1b","1b","1b","1b","1b","1b","1b","1b","1b"
"2025-03-21 08:00:00","PM2.5",0,NA,0,436.6012,128.5074,112.1167,123.0131,6.8006,2.2928,1.3535,1.6185,181.2598738,0,NA,3.991978827,18.54421824,0,0,1.000977199,NA,4.991897394,NA,0,0,0,0,NA,0,0,NA,0,0,NA,0,0,0,0,0,1.433540309,0,"1b","E: Conc. Uncertainty","1b","1b","1b","1b","1b","1b","1b","1b","1b","1b","1b","E: Conc. Uncertainty","1b","1b","1b","1b","1b","E: Conc. Uncertainty","1b","E: Conc. Uncertainty","1b","1b","1b","1b","E: Conc. Uncertainty","1b","1b","E: Conc. Uncertainty","1b","1b","E: Conc. Uncertainty","1b","1b","1b","1b","1b","1b","1b"
"2025-03-21 11:00:00","PM10",0,767.7068,0,428.3778,651.1104,201.8301,766.6738,21.8972,NA,2.9478,5.2789,396.4475733,0,1.200773011,7.088255756,24.40208713,0,0,2.182298051,NA,5.486577218,NA,0,0,0,0,0,0,0,0,NA,NA,0,0,0,0,0,0,2.840329082,0,"1b","1b","1b","1b","1b","1b","1b","1b","E: Conc. Uncertainty","1b","1b","1b","1b","1b","1b","1b","1b","1b","1b","E: Conc. Uncertainty","1b","E: Conc. Uncertainty","1b","1b","1b","1b","1b","1b","1b","1b","E: Conc. Uncertainty","E: Conc. Uncertainty","1b","1b","1b","1b","1b","1b","1b","1b"
"2025-03-21 12:00:00","PM2.5",0,NA,0,354.4783,163.3711,133.8028,198.3606,8.2196,NA,1.2845,2.2773,177.1214657,0,0.774791774,3.191831269,19.352974,0,0,1.602337401,NA,4.557232858,NA,0,0,0,0,0,0,NA,NA,NA,NA,0,0,0,0,0,0,3.64745209,0,"1b","E: Conc. Uncertainty","1b","1b","1b","1b","1b","1b","E: Conc. Uncertainty","1b","1b","1b","1b","1b","1b","1b","1b","1b","1b","E: Conc. Uncertainty","1b","E: Conc. Uncertainty","1b","1b","1b","1b","1b","1b","E: Conc. Uncertainty","E: Conc. Uncertainty","E: Conc. Uncertainty","E: Conc. Uncertainty","1b","1b","1b","1b","1b","1b","1b","1b"
"2025-03-21 13:00:00","PM10",0,827.9577,0,372.539,431.495,204.4114,703.8734,21.7851,NA,2.1673,6.2636,363.33218,0,NA,4.264964484,20.82045672,0,0,1.560875583,NA,5.696090204,2.068782692,NA,0,0,NA,NA,0,0,NA,0,NA,0,0,0,0,0,0,5.674007286,0,"1b","1b","1b","1b","1b","1b","1b","1b","E: Conc. Uncertainty","1b","1b","1b","1b","E: Conc. Uncertainty","1b","1b","1b","1b","1b","E: Conc. Uncertainty","1b","1b","E: Conc. Uncertainty","1b","1b","E: Conc. Uncertainty","E: Conc. Uncertainty","1b","1b","E: Conc. Uncertainty","1b","E: Conc. Uncertainty","1b","1b","1b","1b","1b","1b","1b","1b"
"2025-03-21 14:00:00","PM2.5",0,199.1667,0,287.7068,94.6092,126.1459,188.622,7.2092,NA,2.5099,1.6415,142.6594836,0,NA,2.901016467,11.67663143,0,NA,2.053293352,NA,3.580758284,NA,NA,NA,0,0,NA,NA,0,0,0,0,0,0,0,0,0,0,2.702388697,0,"1b","1b","1b","1b","1b","1b","1b","1b","E: Conc. Uncertainty","1b","1b","1b","1b","E: Conc. Uncertainty","1b","1b","1b","E: Conc. Uncertainty","1b","E: Conc. Uncertainty","1b","E: Conc. Uncertainty","E: Conc. Uncertainty","E: Conc. Uncertainty","1b","1b","E: Conc. Uncertainty","E: Conc. Uncertainty","1b","1b","1b","1b","1b","1b","1b","1b","1b","1b","1b","1b"
"2025-03-21 15:00:00","PM10",0,1033.7593,0,400.961,287.6462,219.0076,855.1427,26.1084,0.8803,3.1123,8.1202,360.2574169,0,NA,3.992229692,19.90715296,0,0,1.986147697,NA,4.09239954,4.785401178,NA,0,0,0,NA,0,0,NA,0,NA,0,0,0,0,0,0,4.114530679,0,"1b","1b","1b","1b","1b","1b","1b","1b","1b","1b","1b","1b","1b","E: Conc. Uncertainty","1b","1b","1b","1b","1b","E: Conc. Uncertainty","1b","1b","E: Conc. Uncertainty","1b","1b","1b","E: Conc. Uncertainty","1b","1b","E: Conc. Uncertainty","1b","E: Conc. Uncertainty","1b","1b","1b","1b","1b","1b","1b","1b"
"2025-03-21 16:00:00","PM2.5",0,373.3049,0,367.6862,115.9617,157.3101,367.6794,12.4219,NA,2.8113,3.5062,197.03986,0,NA,3.18476834,17.43023741,0,NA,1.455962715,NA,4.618689516,NA,0,0,0,0,0,0,0,0,0,0,0,0,0,0,0,0,5.344981632,0,"1b","1b","1b","1b","1b","1b","1b","1b","E: Conc. Uncertainty","1b","1b","1b","1b","E: Conc. Uncertainty","1b","1b","1b","E: Conc. Uncertainty","1b","E: Conc. Uncertainty","1b","E: Conc. Uncertainty","1b","1b","1b","1b","1b","1b","1b","1b","1b","1b","1b","1b","1b","1b","1b","1b","1b","1b"
"2025-03-21 17:00:00","PM10",0,2237.0832,0,605.7981,448.8724,328.6814,1608.6031,42.4598,1.5639,5.7417,12.8727,605.4073381,0,1.87268714,6.944267565,33.32536187,0,0,2.08963574,NA,6.334506505,10.0849973,0.006347333,0,NA,NA,NA,0,0,0,NA,0,NA,0,0,0,0,0,7.118941297,0,"1b","1b","1b","1b","1b","1b","1b","1b","1b","1b","1b","1b","1b","1b","1b","1b","1b","1b","1b","E: Conc. Uncertainty","1b","1b","1b","1b","E: Conc. Uncertainty","E: Conc. Uncertainty","E: Conc. Uncertainty","1b","1b","1b","E: Conc. Uncertainty","1b","E: Conc. Uncertainty","1b","1b","1b","1b","1b","1b","1b"
"2025-03-21 18:00:00","PM2.5",0,698.5468,0,546.12,141.1588,218.9305,464.3447,13.5345,1.0207,6.1195,4.1543,276.3274422,0,2.263748563,4.495253503,29.19511004,0,0,2.698950988,1.213739914,6.217331583,2.872602586,0,0,0,NA,0,0,0,0,NA,NA,0,0,0,0,0,0,5.682284831,0,"1b","1b","1b","1b","1b","1b","1b","1b","1b","1b","1b","1b","1b","1b","1b","1b","1b","1b","1b","1b","1b","1b","1b","1b","1b","E: Conc. Uncertainty","1b","1b","1b","1b","E: Conc. Uncertainty","E: Conc. Uncertainty","1b","1b","1b","1b","1b","1b","1b","1b"
"2025-03-21 19:00:00","PM10",0,1736.5488,0,639.8515,396.5887,340.5537,1287.9629,34.6497,1.0804,9.3622,11.3498,575.3421384,0,3.904485928,6.760553929,38.2076216,0,0,3.017986416,1.223615178,6.127887587,6.8977245,NA,1.913951928,NA,NA,0,0,0,0,NA,NA,NA,0,0,0,0,0,8.204215471,0,"1b","1b","1b","1b","1b","1b","1b","1b","1b","1b","1b","1b","1b","1b","1b","1b","1b","1b","1b","1b","1b","1b","E: Conc. Uncertainty","1b","E: Conc. Uncertainty","E: Conc. Uncertainty","1b","1b","1b","1b","E: Conc. Uncertainty","E: Conc. Uncertainty","E: Conc. Uncertainty","1b","1b","1b","1b","1b","1b","1b"
"2025-03-21 20:00:00","PM2.5",0,505.801,0,507.542,90.1801,217.4534,389.3303,13.1214,0,6.0887,3.637,255.4440815,0,3.241097508,4.792863758,27.63420145,0,0,3.97093396,1.246023265,4.291321915,2.259446972,NA,0,0,NA,NA,NA,0,NA,0,NA,0,0,0,0,0,0,4.935537712,0,"1b","1b","1b","1b","1b","1b","1b","1b","1b","1b","1b","1b","1b","1b","1b","1b","1b","1b","1b","1b","1b","1b","E: Conc. Uncertainty","1b","1b","E: Conc. Uncertainty","E: Conc. Uncertainty","E: Conc. Uncertainty","1b","E: Conc. Uncertainty","1b","E: Conc. Uncertainty","1b","1b","1b","1b","1b","1b","1b","1b"
"2025-03-21 21:00:00","PM10",NA,1712.7779,0,659.6832,358.7133,326.3539,1215.6654,35.9092,1.8775,7.3149,10.6468,560.1791109,0,3.112033279,7.20026648,43.19614724,0,0,2.829473449,1.437423082,6.079598043,11.15225948,NA,NA,NA,NA,NA,NA,0,NA,0,0,0,0,0,0,0,0,9.921083412,0,"E: Conc. Uncertainty","1b","1b","1b","1b","1b","1b","1b","1b","1b","1b","1b","1b","1b","1b","1b","1b","1b","1b","1b","1b","1b","E: Conc. Uncertainty","E: Conc. Uncertainty","E: Conc. Uncertainty","E: Conc. Uncertainty","E: Conc. Uncertainty","E: Conc. Uncertainty","1b","E: Conc. Uncertainty","1b","1b","1b","1b","1b","1b","1b","1b","1b","1b"
"2025-03-21 22:00:00","PM2.5",0,690.4573,0,514.2655,85.9593,237.0355,516.0294,19.013,NA,4.6653,2.7624,272.1677824,0,2.01845484,4.774889617,38.32310212,0,0,2.939446965,1.112468716,6.541416567,4.829236779,NA,0,0,0,0,NA,0,NA,NA,NA,0,0,0,0,0,0,8.904185403,0,"1b","1b","1b","1b","1b","1b","1b","1b","E: Conc. Uncertainty","1b","1b","1b","1b","1b","1b","1b","1b","1b","1b","1b","1b","1b","E: Conc. Uncertainty","1b","1b","1b","1b","E: Conc. Uncertainty","1b","E: Conc. Uncertainty","E: Conc. Uncertainty","E: Conc. Uncertainty","1b","1b","1b","1b","1b","1b","1b","1b"
"2025-03-21 23:00:00","PM10",NA,2426.3735,0,633.0654,230.985,378.2183,1804.3093,51.9646,2.0425,4.8349,7.7452,649.5352976,0,1.643006072,7.039696504,32.03417378,0,0,3.433884928,0.993409343,6.326451114,12.75361317,NA,NA,0,0,0,0,NA,NA,NA,NA,0,0,NA,0,0,0,6.235768554,0,"E: Conc. Uncertainty","1b","1b","1b","1b","1b","1b","1b","1b","1b","1b","1b","1b","1b","1b","1b","1b","1b","1b","1b","1b","1b","E: Conc. Uncertainty","E: Conc. Uncertainty","1b","1b","1b","1b","E: Conc. Uncertainty","E: Conc. Uncertainty","E: Conc. Uncertainty","E: Conc. Uncertainty","1b","1b","E: Conc. Uncertainty","1b","1b","1b","1b","1b"
"2025-03-22 00:30:00","PM2.5",0,560.2851,0,368.4855,63.3237,169.8387,465.164,17.8368,0,NA,0,187.2649779,0,NA,2.882757339,12.41360089,0,0,2.728518931,0,3.99211363,NA,0,0,0,0,0,0,0,0,0,NA,0,0,0,0,0,0,0,0,"1b","1b","1b","1b","1b","1b","1b","1b","1b","E: Conc. Uncertainty","1b","1b","1b","E: Conc. Uncertainty","1b","1b","1b","1b","1b","1b","1b","E: Conc. Uncertainty","1b","1b","1b","1b","1b","1b","1b","1b","1b","E: Conc. Uncertainty","1b","1b","1b","1b","1b","1b","1b","1b"
"2025-03-22 01:00:00","PM10",0,1860.7086,0,539.9482,159.5189,268.4785,1223.4383,39.1655,1.5177,1.5098,3.0395,398.0739529,0,NA,2.689017823,12.19819335,0,0,2.486160506,NA,4.550887069,10.43198122,NA,0,0,0,0,0,0,0,NA,0,0,0,0,0,0,0,1.58983478,0,"1b","1b","1b","1b","1b","1b","1b","1b","1b","1b","1b","1b","1b","E: Conc. Uncertainty","1b","1b","1b","1b","1b","E: Conc. Uncertainty","1b","1b","E: Conc. Uncertainty","1b","1b","1b","1b","1b","1b","1b","E: Conc. Uncertainty","1b","1b","1b","1b","1b","1b","1b","1b","1b"
"2025-03-22 02:00:00","PM2.5",0,357.2343,0,362.3142,33.907,114.6606,308.8523,12.8329,0,1.146,0,130.2191845,0,NA,1.445102167,6.963852358,0,0,2.003692064,0,3.397563035,2.521414986,0,0,0,NA,NA,0,0,0,NA,NA,0,0,0,0,0,0,0,0,"1b","1b","1b","1b","1b","1b","1b","1b","1b","1b","1b","1b","1b","E: Conc. Uncertainty","1b","1b","1b","1b","1b","1b","1b","1b","1b","1b","1b","E: Conc. Uncertainty","E: Conc. Uncertainty","1b","1b","1b","E: Conc. Uncertainty","E: Conc. Uncertainty","1b","1b","1b","1b","1b","1b","1b","1b"
"2025-03-22 03:00:00","PM10",0,1394.4213,0,458.7032,134.4441,196.3792,829.214,29.3214,NA,1.9149,1.5663,280.162111,0,NA,2.259214784,7.931390308,0.003724584,0,2.467567623,NA,4.57709686,6.304388089,NA,0,0,NA,0,NA,0,0,NA,NA,0,0,0,0,0,0,NA,0,"1b","1b","1b","1b","1b","1b","1b","1b","E: Conc. Uncertainty","1b","1b","1b","1b","E: Conc. Uncertainty","1b","1b","1b","1b","1b","E: Conc. Uncertainty","1b","1b","E: Conc. Uncertainty","1b","1b","E: Conc. Uncertainty","1b","E: Conc. Uncertainty","1b","1b","E: Conc. Uncertainty","E: Conc. Uncertainty","1b","1b","1b","1b","1b","1b","E: Conc. Uncertainty","1b"
"2025-03-22 04:00:00","PM2.5",0,390.5232,0,360.6563,9.4789,113.9573,237.907,12.4845,NA,1.4541,0,111.5568471,0,NA,0.77748547,5.456011013,0,0,1.61292954,NA,3.694238809,1.782461507,NA,NA,0,0,0,0,0,0,0,NA,0,0,0,0,0,0,0,0,"1b","1b","1b","1b","1b","1b","1b","1b","E: Conc. Uncertainty","1b","1b","1b","1b","E: Conc. Uncertainty","1b","1b","1b","1b","1b","E: Conc. Uncertainty","1b","1b","E: Conc. Uncertainty","E: Conc. Uncertainty","1b","1b","1b","1b","1b","1b","1b","E: Conc. Uncertainty","1b","1b","1b","1b","1b","1b","1b","1b"
"2025-03-22 05:00:00","PM10",0,1321.8738,0,414.7946,133.2504,199.6077,742.3065,28.054,1.108,1.4788,2.1697,257.8029602,0,NA,1.838746758,6.09493922,0,0,1.119434413,0,4.136320635,5.686628351,0,0,0,0,0,NA,0,0,0,NA,0,0,0,0,0,0,0.98946137,0,"1b","1b","1b","1b","1b","1b","1b","1b","1b","1b","1b","1b","1b","E: Conc. Uncertainty","1b","1b","1b","1b","1b","1b","1b","1b","1b","1b","1b","1b","1b","E: Conc. Uncertainty","1b","1b","1b","E: Conc. Uncertainty","1b","1b","1b","1b","1b","1b","1b","1b"
"2025-03-22 06:00:00","PM2.5",0,301.5977,0,322.495,18.6868,103.9062,191.2988,9.7656,NA,1.2958,0,96.39118852,0,NA,0.869017479,4.864269083,0,0,2.013289408,NA,2.370374889,2.540147841,0,0,0,0,0,NA,0,0,NA,NA,0,0,0,0,0,0,0,0,"1b","1b","1b","1b","1b","1b","1b","1b","E: Conc. Uncertainty","1b","1b","1b","1b","E: Conc. Uncertainty","1b","1b","1b","1b","1b","E: Conc. Uncertainty","1b","1b","1b","1b","1b","1b","1b","E: Conc. Uncertainty","1b","1b","E: Conc. Uncertainty","E: Conc. Uncertainty","1b","1b","1b","1b","1b","1b","1b","1b"
"2025-03-22 07:00:00","PM10",0,1053.5686,0,406.0469,141.6871,169.6951,574.6642,21.5797,1.5968,1.1233,1.1274,231.5052511,0,NA,1.601845041,5.924941768,0,0,1.80063136,NA,3.297351968,2.866178334,NA,0,0,NA,0,0,0,0,NA,0,0,0,NA,0,0,0,0,0,"1b","1b","1b","1b","1b","1b","1b","1b","1b","1b","1b","1b","1b","E: Conc. Uncertainty","1b","1b","1b","1b","1b","E: Conc. Uncertainty","1b","1b","E: Conc. Uncertainty","1b","1b","E: Conc. Uncertainty","1b","1b","1b","1b","E: Conc. Uncertainty","1b","1b","1b","E: Conc. Uncertainty","1b","1b","1b","1b","1b"
"2025-03-22 08:00:00","PM2.5",0,400.69,0,361.2592,29.5447,110.6592,233.9772,12.8808,NA,1.2615,NA,130.2237658,0,0,1.52804457,4.9430655,0,0,1.68353992,NA,2.570750537,NA,0,0,0,NA,0,0,0,0,0,NA,0,0,0,0,0,0,NA,0,"1b","1b","1b","1b","1b","1b","1b","1b","E: Conc. Uncertainty","1b","E: Conc. Uncertainty","1b","1b","1b","1b","1b","1b","1b","1b","E: Conc. Uncertainty","1b","E: Conc. Uncertainty","1b","1b","1b","E: Conc. Uncertainty","1b","1b","1b","1b","1b","E: Conc. Uncertainty","1b","1b","1b","1b","1b","1b","E: Conc. Uncertainty","1b"
"2025-03-22 09:00:00","PM10",0,1178.1265,0,659.692,165.3144,184.5906,640.2895,26.2791,NA,1.3928,2.0015,268.4729796,0,NA,1.758637178,5.5920892,0,0,0.876353056,NA,4.207312607,4.031689998,NA,0,0,NA,0,0,0,0,0,NA,0,0,0,0,0,0,0.916568324,0,"1b","1b","1b","1b","1b","1b","1b","1b","E: Conc. Uncertainty","1b","1b","1b","1b","E: Conc. Uncertainty","1b","1b","1b","1b","1b","E: Conc. Uncertainty","1b","1b","E: Conc. Uncertainty","1b","1b","E: Conc. Uncertainty","1b","1b","1b","1b","1b","E: Conc. Uncertainty","1b","1b","1b","1b","1b","1b","1b","1b"
"2025-03-22 10:00:00","PM2.5",0,551.9328,0,583.5007,43.33,115.9635,312.273,15.2004,NA,1.058,0,151.9240233,0,0,1.358479247,5.267819738,0,0,NA,NA,4.900473837,1.579871067,NA,0,0,0,NA,0,0,0,NA,NA,0,0,0,0,0,0,0,0,"1b","1b","1b","1b","1b","1b","1b","1b","E: Conc. Uncertainty","1b","1b","1b","1b","1b","1b","1b","1b","1b","E: Conc. Uncertainty","E: Conc. Uncertainty","1b","1b","E: Conc. Uncertainty","1b","1b","1b","E: Conc. Uncertainty","1b","1b","1b","E: Conc. Uncertainty","E: Conc. Uncertainty","1b","1b","1b","1b","1b","1b","1b","1b"
"2025-03-22 11:00:00","PM10",0,1367.0281,0,698.4794,192.3368,196.2872,711.2313,30.2068,NA,1.6425,1.9351,307.5080626,0,NA,1.89041946,6.588302321,0,0,1.324580591,NA,10.38018984,4.3496485,1.875281047,NA,0,0,NA,NA,0,0,NA,NA,0,0,0,0,0,0,0,0,"1b","1b","1b","1b","1b","1b","1b","1b","E: Conc. Uncertainty","1b","1b","1b","1b","E: Conc. Uncertainty","1b","1b","1b","1b","1b","E: Conc. Uncertainty","1b","1b","1b","E: Conc. Uncertainty","1b","1b","E: Conc. Uncertainty","E: Conc. Uncertainty","1b","1b","E: Conc. Uncertainty","E: Conc. Uncertainty","1b","1b","1b","1b","1b","1b","1b","1b"
"2025-03-22 12:00:00","PM2.5",0,543.8718,0,670.7158,57.7558,129.5824,321.5224,16.1523,NA,1.1991,0.8187,164.0613768,0,NA,1.177573234,6.706342338,0,0,1.369991753,NA,3.339344079,2.475853502,NA,0,0,0,0,0,0,NA,NA,NA,0,0,0,0,NA,0,0,0,"1b","1b","1b","1b","1b","1b","1b","1b","E: Conc. Uncertainty","1b","1b","1b","1b","E: Conc. Uncertainty","1b","1b","1b","1b","1b","E: Conc. Uncertainty","1b","1b","E: Conc. Uncertainty","1b","1b","1b","1b","1b","1b","E: Conc. Uncertainty","E: Conc. Uncertainty","E: Conc. Uncertainty","1b","1b","1b","1b","E: Conc. Uncertainty","1b","1b","1b"
"2025-03-22 13:00:00","PM10",0,904.2265,0,688.3751,313.8678,165.0168,551.7895,22.639,NA,1.675,1.329,261.5027844,0,NA,2.277387098,6.797670826,NA,0,1.572649486,NA,4.17013536,4.726037559,NA,NA,0,0,0,0,NA,NA,NA,NA,0,0,0,0,0,0,0,0,"1b","1b","1b","1b","1b","1b","1b","1b","E: Conc. Uncertainty","1b","1b","1b","1b","E: Conc. Uncertainty","1b","1b","E: Conc. Uncertainty","1b","1b","E: Conc. Uncertainty","1b","1b","E: Conc. Uncertainty","E: Conc. Uncertainty","1b","1b","1b","1b","E: Conc. Uncertainty","E: Conc. Uncertainty","E: Conc. Uncertainty","E: Conc. Uncertainty","1b","1b","1b","1b","1b","1b","1b","1b"
"2025-03-22 14:00:00","PM2.5",0,338.8664,0,563.0334,68.2618,115.2053,255.2124,12.4052,NA,1.1795,NA,137.7159659,0,NA,1.361152089,5.023023471,NA,0,1.56844472,0,3.156606403,1.454131101,NA,NA,0,0,NA,0,0,NA,0,0,0,0,0,0,0,0,NA,0,"1b","1b","1b","1b","1b","1b","1b","1b","E: Conc. Uncertainty","1b","E: Conc. Uncertainty","1b","1b","E: Conc. Uncertainty","1b","1b","E: Conc. Uncertainty","1b","1b","1b","1b","1b","E: Conc. Uncertainty","E: Conc. Uncertainty","1b","1b","E: Conc. Uncertainty","1b","1b","E: Conc. Uncertainty","1b","1b","1b","1b","1b","1b","1b","1b","E: Conc. Uncertainty","1b"
"2025-03-22 15:00:00","PM10",0,746.9536,0,550.3201,288.1456,140.2604,428.9078,17.3498,NA,0.9231,1.3829,223.6749764,0,NA,2.285204284,8.139850894,0,0,1.819821194,NA,3.493444807,1.858776025,NA,0,0,0,0,NA,NA,0,0,NA,0,0,0,0,0,0,3.884040725,0,"1b","1b","1b","1b","1b","1b","1b","1b","E: Conc. Uncertainty","1b","1b","1b","1b","E: Conc. Uncertainty","1b","1b","1b","1b","1b","E: Conc. Uncertainty","1b","1b","E: Conc. Uncertainty","1b","1b","1b","1b","E: Conc. Uncertainty","E: Conc. Uncertainty","1b","1b","E: Conc. Uncertainty","1b","1b","1b","1b","1b","1b","1b","1b"
"2025-03-22 16:00:00","PM2.5",0,207.495,0,446.0532,68.5404,77.6777,183.339,9.6001,NA,1.0652,0,124.3322645,0,0,1.749580089,6.51301471,0,0,0.881834377,NA,3.167435232,NA,0,0,NA,0,NA,NA,0,0,0,0,0,0,0,0,0,0,1.374703517,0,"1b","1b","1b","1b","1b","1b","1b","1b","E: Conc. Uncertainty","1b","1b","1b","1b","1b","1b","1b","1b","1b","1b","E: Conc. Uncertainty","1b","E: Conc. Uncertainty","1b","1b","E: Conc. Uncertainty","1b","E: Conc. Uncertainty","E: Conc. Uncertainty","1b","1b","1b","1b","1b","1b","1b","1b","1b","1b","1b","1b"
"2025-03-22 17:00:00","PM10",0,560.7801,0,403.6315,375.9872,138.6835,422.3566,18.1836,NA,1.8726,2.1923,324.0477546,0,NA,4.612962248,20.52841082,0,0,1.564018378,0,4.068612901,2.854815101,0,0,0,NA,0,0,0,NA,NA,NA,NA,0,0,0,0,0,1.920703816,0,"1b","1b","1b","1b","1b","1b","1b","1b","E: Conc. Uncertainty","1b","1b","1b","1b","E: Conc. Uncertainty","1b","1b","1b","1b","1b","1b","1b","1b","1b","1b","1b","E: Conc. Uncertainty","1b","1b","1b","E: Conc. Uncertainty","E: Conc. Uncertainty","E: Conc. Uncertainty","E: Conc. Uncertainty","1b","1b","1b","1b","1b","1b","1b"
"2025-03-22 18:00:00","PM2.5",0,376.8559,0,383.7708,69.535,111.8126,204.918,11.3669,NA,1.2752,0.7839,219.2691307,0,NA,3.485524925,9.696104741,0,0,2.471141335,NA,3.103043425,NA,NA,0,0,0,NA,0,0,0,0,0,0,0,0,0,0,0,0.904407579,0,"1b","1b","1b","1b","1b","1b","1b","1b","E: Conc. Uncertainty","1b","1b","1b","1b","E: Conc. Uncertainty","1b","1b","1b","1b","1b","E: Conc. Uncertainty","1b","E: Conc. Uncertainty","E: Conc. Uncertainty","1b","1b","1b","E: Conc. Uncertainty","1b","1b","1b","1b","1b","1b","1b","1b","1b","1b","1b","1b","1b"
"2025-03-22 19:00:00","PM10",0,920.0944,0,640.7334,184.9502,243.8999,461.9387,21.5501,NA,1.862,1.9229,313.098046,0,NA,3.696742645,9.281084159,0,0,1.875571867,NA,3.561283829,2.329364999,NA,1.713324251,0,NA,0,0.0956,0,0,0,0,0,0,0,0,0,0,2.143215876,0,"1b","1b","1b","1b","1b","1b","1b","1b","E: Conc. Uncertainty","1b","1b","1b","1b","E: Conc. Uncertainty","1b","1b","1b","1b","1b","E: Conc. Uncertainty","1b","1b","E: Conc. Uncertainty","1b","1b","E: Conc. Uncertainty","1b","1b","1b","1b","1b","1b","1b","1b","1b","1b","1b","1b","1b","1b"
"2025-03-22 20:00:00","PM2.5",0,NA,0,308.7216,119.8602,83.6785,101.2819,6.3074,0,1.1929,NA,109.5040608,0,NA,2.489362567,9.024934183,0,0,1.747700221,NA,4.447626018,NA,NA,NA,0,NA,NA,NA,0,NA,0,NA,0,0,0,0,0,0,1.680236636,0,"1b","E: Conc. Uncertainty","1b","1b","1b","1b","1b","1b","1b","1b","E: Conc. Uncertainty","1b","1b","E: Conc. Uncertainty","1b","1b","1b","1b","1b","E: Conc. Uncertainty","1b","E: Conc. Uncertainty","E: Conc. Uncertainty","E: Conc. Uncertainty","1b","E: Conc. Uncertainty","E: Conc. Uncertainty","E: Conc. Uncertainty","1b","E: Conc. Uncertainty","1b","E: Conc. Uncertainty","1b","1b","1b","1b","1b","1b","1b","1b"
"2025-03-22 21:00:00","PM10",0,200.3313,0,293.7755,163.1172,106.6266,174.2462,9.8277,0,1.0802,0,166.7112824,0,NA,2.637818981,11.40328109,0,0,2.249875408,0,4.425229605,0,0,0,NA,NA,0,0,0,NA,NA,NA,0,0,0,0,0,0,3.799300251,0,"1b","1b","1b","1b","1b","1b","1b","1b","1b","1b","1b","1b","1b","E: Conc. Uncertainty","1b","1b","1b","1b","1b","1b","1b","1b","1b","1b","E: Conc. Uncertainty","E: Conc. Uncertainty","1b","1b","1b","E: Conc. Uncertainty","E: Conc. Uncertainty","E: Conc. Uncertainty","1b","1b","1b","1b","1b","1b","1b","1b"
"2025-03-22 22:00:00","PM2.5",0,NA,0,263.3755,37.401,98.2112,54.9157,4.4954,0,0.8501,0,90.68288964,0,0,3.194055642,10.04297665,0,0,1.7186798,0,2.124315149,NA,NA,NA,0,0,NA,0,0,NA,NA,0,NA,0,0,0,0,0,2.638489922,0,"1b","E: Conc. Uncertainty","1b","1b","1b","1b","1b","1b","1b","1b","1b","1b","1b","1b","1b","1b","1b","1b","1b","1b","1b","E: Conc. Uncertainty","E: Conc. Uncertainty","E: Conc. Uncertainty","1b","1b","E: Conc. Uncertainty","1b","1b","E: Conc. Uncertainty","E: Conc. Uncertainty","1b","E: Conc. Uncertainty","1b","1b","1b","1b","1b","1b","1b"
"2025-03-22 23:00:00","PM10",0,NA,0,229.0695,144.9488,83.3988,106.4644,6.0931,0,1.1865,NA,182.2750844,0,NA,5.090535649,7.923485989,0,0,1.315807134,NA,1.684203034,NA,NA,NA,0,0,0,0,0,0.11,NA,NA,NA,0,0,0,0,NA,NA,0,"1b","E: Conc. Uncertainty","1b","1b","1b","1b","1b","1b","1b","1b","E: Conc. Uncertainty","1b","1b","E: Conc. Uncertainty","1b","1b","1b","1b","1b","E: Conc. Uncertainty","1b","E: Conc. Uncertainty","E: Conc. Uncertainty","E: Conc. Uncertainty","1b","1b","1b","1b","1b","1b","E: Conc. Uncertainty","E: Conc. Uncertainty","E: Conc. Uncertainty","1b","1b","1b","1b","E: Conc. Uncertainty","E: Conc. Uncertainty","1b"
"2025-03-23 00:30:00","PM2.5",0,0,0,178.8022,30.3517,43.8853,87.3877,NA,0,1.9845,0,47.54440507,0,NA,NA,4.521938279,0,0,NA,0,NA,0,NA,0,0,0,0,0,NA,0,0,0,0,0,0,0,0,0,0,0,"1b","1b","1b","1b","1b","1b","1b","E: Conc. Uncertainty","1b","1b","1b","1b","1b","E: Conc. Uncertainty","E: Conc. Uncertainty","1b","1b","1b","E: Conc. Uncertainty","1b","E: Conc. Uncertainty","1b","E: Conc. Uncertainty","1b","1b","1b","1b","1b","E: Conc. Uncertainty","1b","1b","1b","1b","1b","1b","1b","1b","1b","1b","1b"
"2025-03-23 01:00:00","PM10",0,NA,0,188.054,154.9321,82.0767,78.5426,3.9561,0,NA,NA,103.1855699,0,NA,2.159131107,10.79693631,0,0,2.559251052,NA,3.509138222,NA,NA,0,0,0,0,NA,0,0,NA,NA,0,0,0,0,0,0,2.328793023,0,"1b","E: Conc. Uncertainty","1b","1b","1b","1b","1b","1b","1b","E: Conc. Uncertainty","E: Conc. Uncertainty","1b","1b","E: Conc. Uncertainty","1b","1b","1b","1b","1b","E: Conc. Uncertainty","1b","E: Conc. Uncertainty","E: Conc. Uncertainty","1b","1b","1b","1b","E: Conc. Uncertainty","1b","1b","E: Conc. Uncertainty","E: Conc. Uncertainty","1b","1b","1b","1b","1b","1b","1b","1b"
"2025-03-23 02:00:00","PM2.5",0,NA,0,292.4064,30.8525,65.4687,23.7075,1.5098,0,1.0722,0,42.28907156,0,NA,0.876665921,9.140344273,0,0,1.834842412,0,2.452041834,NA,0,0,0,0,NA,0,0,NA,0,0,NA,0,0,0,0,0,1.639245529,0,"1b","E: Conc. Uncertainty","1b","1b","1b","1b","1b","1b","1b","1b","1b","1b","1b","E: Conc. Uncertainty","1b","1b","1b","1b","1b","1b","1b","E: Conc. Uncertainty","1b","1b","1b","1b","E: Conc. Uncertainty","1b","1b","E: Conc. Uncertainty","1b","1b","E: Conc. Uncertainty","1b","1b","1b","1b","1b","1b","1b"
"2025-03-23 03:00:00","PM10",0,NA,0,412.7372,34.3549,71.63,53.5211,2.5502,0,1.1014,0,48.31816465,0,NA,1.156428914,7.848081888,0,0,0.792482676,NA,3.149836203,1.459448702,NA,0,0,NA,0,NA,0,0,NA,NA,0,0,0,0,0,0,3.18597365,0,"1b","E: Conc. Uncertainty","1b","1b","1b","1b","1b","1b","1b","1b","1b","1b","1b","E: Conc. Uncertainty","1b","1b","1b","1b","1b","E: Conc. Uncertainty","1b","1b","E: Conc. Uncertainty","1b","1b","E: Conc. Uncertainty","1b","E: Conc. Uncertainty","1b","1b","E: Conc. Uncertainty","E: Conc. Uncertainty","1b","1b","1b","1b","1b","1b","1b","1b"
"2025-03-23 04:00:00","PM2.5",0,0,0,483.1119,18.715,64.9729,4.0735,NA,NA,1.2698,0,19.04467755,0,NA,NA,6.601199111,0,0,1.909427531,NA,1.625861037,NA,NA,0,0,14.8613,NA,NA,0,0,NA,0,0,0.0314,0,0,0,0,NA,0,"1b","1b","1b","1b","1b","1b","1b","E: Conc. Uncertainty","E: Conc. Uncertainty","1b","1b","1b","1b","E: Conc. Uncertainty","E: Conc. Uncertainty","1b","1b","1b","1b","E: Conc. Uncertainty","1b","E: Conc. Uncertainty","E: Conc. Uncertainty","1b","1b","1b","E: Conc. Uncertainty","E: Conc. Uncertainty","1b","1b","E: Conc. Uncertainty","1b","1b","1b","1b","1b","1b","1b","E: Conc. Uncertainty","1b"
"2025-03-23 05:00:00","PM10",0,0,0,816.3995,38.065,115.0623,13.4866,1.6954,NA,1.241,0,47.71308592,0,NA,0.774936451,9.436278597,0,0.00191154,1.620152517,NA,4.570218607,NA,NA,0,0,NA,NA,0.0377,0,0,0,0,0,0,0,0,0,0,NA,0,"1b","1b","1b","1b","1b","1b","1b","1b","E: Conc. Uncertainty","1b","1b","1b","1b","E: Conc. Uncertainty","1b","1b","1b","1b","1b","E: Conc. Uncertainty","1b","E: Conc. Uncertainty","E: Conc. Uncertainty","1b","1b","E: Conc. Uncertainty","E: Conc. Uncertainty","1b","1b","1b","1b","1b","1b","1b","1b","1b","1b","1b","E: Conc. Uncertainty","1b"
"2025-03-23 06:00:00","PM2.5",0,0,NA,688.857,25.1668,91.3442,5.7118,5.7015,NA,0.9353,2.4601,95.5975261,0,NA,NA,6.68039468,0,0,2.190956262,NA,1.998631284,NA,NA,0,0,NA,NA,0,0,0,NA,NA,0,0,0,0,0,0,2.878766522,0,"1b","1b","E: Conc. Uncertainty","1b","1b","1b","1b","1b","E: Conc. Uncertainty","1b","1b","1b","1b","E: Conc. Uncertainty","E: Conc. Uncertainty","1b","1b","1b","1b","E: Conc. Uncertainty","1b","E: Conc. Uncertainty","E: Conc. Uncertainty","1b","1b","E: Conc. Uncertainty","E: Conc. Uncertainty","1b","1b","1b","E: Conc. Uncertainty","E: Conc. Uncertainty","1b","1b","1b","1b","1b","1b","1b","1b"
"2025-03-23 07:00:00","PM10",0,0,0,987.5288,47.9925,126.6588,28.8909,9.6299,NA,1.1096,6.0985,188.2638939,0,NA,1.530177829,9.554068823,0,0,1.416687946,NA,4.383634822,NA,0,0,NA,0,0,0,0,NA,NA,NA,0,0,0,0,0,0,7.685321185,0,"1b","1b","1b","1b","1b","1b","1b","1b","E: Conc. Uncertainty","1b","1b","1b","1b","E: Conc. Uncertainty","1b","1b","1b","1b","1b","E: Conc. Uncertainty","1b","E: Conc. Uncertainty","1b","1b","E: Conc. Uncertainty","1b","1b","1b","1b","E: Conc. Uncertainty","E: Conc. Uncertainty","E: Conc. Uncertainty","1b","1b","1b","1b","1b","1b","1b","1b"
"2025-03-23 08:00:00","PM2.5",0,0,0,961.3658,14.4796,139.3719,11.7974,5.7805,1.5728,NA,7.0985,104.8626992,0,NA,0.997800743,11.4610701,0,NA,2.834750293,0.791040065,6.096889477,0,NA,0,0,NA,NA,0,NA,0,NA,NA,0,0,0,0,0,0,6.474835819,0,"1b","1b","1b","1b","1b","1b","1b","1b","1b","E: Conc. Uncertainty","1b","1b","1b","E: Conc. Uncertainty","1b","1b","1b","E: Conc. Uncertainty","1b","1b","1b","1b","E: Conc. Uncertainty","1b","1b","E: Conc. Uncertainty","E: Conc. Uncertainty","1b","E: Conc. Uncertainty","1b","E: Conc. Uncertainty","E: Conc. Uncertainty","1b","1b","1b","1b","1b","1b","1b","1b"
"2025-03-23 09:00:00","PM10",0,NA,0,1650.761,195.8876,191.5374,122.9337,11.0859,1.7664,1.8376,2.8409,157.4884581,0,NA,2.004167348,16.59131394,0,0,3.24770183,1.18167797,6.800335022,1.415825707,NA,0,0,NA,NA,0,0,NA,NA,NA,0,0,0,0,0,0,3.551591355,0,"1b","E: Conc. Uncertainty","1b","1b","1b","1b","1b","1b","1b","1b","1b","1b","1b","E: Conc. Uncertainty","1b","1b","1b","1b","1b","1b","1b","1b","E: Conc. Uncertainty","1b","1b","E: Conc. Uncertainty","E: Conc. Uncertainty","1b","1b","E: Conc. Uncertainty","E: Conc. Uncertainty","E: Conc. Uncertainty","1b","1b","1b","1b","1b","1b","1b","1b"
"2025-03-23 10:00:00","PM2.5",0,NA,0,1427.3836,76.9821,138.7362,35.0858,4.4155,NA,3.6637,1.5739,79.79908035,0,NA,1.775997477,15.93073104,0,0,2.877098212,3.42956113,4.647703921,NA,NA,0,NA,0,0,0,0,0,NA,NA,0,0,0,0,0,0,2.283128853,0,"1b","E: Conc. Uncertainty","1b","1b","1b","1b","1b","1b","E: Conc. Uncertainty","1b","1b","1b","1b","E: Conc. Uncertainty","1b","1b","1b","1b","1b","1b","1b","E: Conc. Uncertainty","E: Conc. Uncertainty","1b","E: Conc. Uncertainty","1b","1b","1b","1b","1b","E: Conc. Uncertainty","E: Conc. Uncertainty","1b","1b","1b","1b","1b","1b","1b","1b"
"2025-03-23 11:00:00","PM10",0,313.1133,0,1732.8632,826.9723,214.1419,245.8313,22.0453,1.2806,4.6981,4.1304,204.7202361,0,1.034329547,3.614816555,20.47262625,0,0,2.052306341,3.914988152,6.913915672,1.640382415,0,0,0,0,0,0,0,0,0,NA,0,0,0,0,0,0,4.386358065,0,"1b","1b","1b","1b","1b","1b","1b","1b","1b","1b","1b","1b","1b","1b","1b","1b","1b","1b","1b","1b","1b","1b","1b","1b","1b","1b","1b","1b","1b","1b","1b","E: Conc. Uncertainty","1b","1b","1b","1b","1b","1b","1b","1b"
"2025-03-23 12:00:00","PM2.5",0,NA,0,1801.4792,374.6801,199.2542,115.1068,22.0283,2.2394,6.4044,3.5461,131.4473443,0,1.991083243,2.999592842,25.27086175,0,0,2.494635696,3.611378026,8.374707355,NA,0,0,0,0,NA,0,NA,0,NA,NA,0,0,0,0,0,0,6.456556259,0,"1b","E: Conc. Uncertainty","1b","1b","1b","1b","1b","1b","1b","1b","1b","1b","1b","1b","1b","1b","1b","1b","1b","1b","1b","E: Conc. Uncertainty","1b","1b","1b","1b","E: Conc. Uncertainty","1b","E: Conc. Uncertainty","1b","E: Conc. Uncertainty","E: Conc. Uncertainty","1b","1b","1b","1b","1b","1b","1b","1b"
"2025-03-23 13:00:00","PM10",0,513.5616,0,1856.8264,1731.9176,285.6954,354.9308,14.9801,1.0595,6.9746,6.353,264.4064175,0,2.415339851,4.482068916,27.58261524,0,0,1.873063189,3.124067838,10.29248268,2.193726918,NA,NA,NA,0,0,NA,0,NA,0,NA,0,0,0,0,NA,0,7.668135066,0,"1b","1b","1b","1b","1b","1b","1b","1b","1b","1b","1b","1b","1b","1b","1b","1b","1b","1b","1b","1b","1b","1b","E: Conc. Uncertainty","E: Conc. Uncertainty","E: Conc. Uncertainty","1b","1b","E: Conc. Uncertainty","1b","E: Conc. Uncertainty","1b","E: Conc. Uncertainty","1b","1b","1b","1b","E: Conc. Uncertainty","1b","1b","1b"
"2025-03-23 14:00:00","PM2.5",0,NA,0,1510.8952,586.0403,195.7765,109.7423,5.4724,0.897,2.0154,1.623,104.7538601,0,NA,1.98578965,18.98641987,0,0,2.877778794,2.481759319,6.699600525,NA,0,NA,NA,NA,0,0,0,0,NA,NA,0,0,0,0,0,0,NA,0,"1b","E: Conc. Uncertainty","1b","1b","1b","1b","1b","1b","1b","1b","1b","1b","1b","E: Conc. Uncertainty","1b","1b","1b","1b","1b","1b","1b","E: Conc. Uncertainty","1b","E: Conc. Uncertainty","E: Conc. Uncertainty","E: Conc. Uncertainty","1b","1b","1b","1b","E: Conc. Uncertainty","E: Conc. Uncertainty","1b","1b","1b","1b","1b","1b","E: Conc. Uncertainty","1b"
"2025-03-23 15:00:00","PM10",0,205.8171,0,1436.8712,1585.1372,238.8691,237.3682,15.6552,1.388,2.5826,2.0549,193.6176016,0,NA,3.681684035,18.87323944,0,0,2.329367825,2.653046894,8.515315884,NA,NA,0,0,0,0,0,0,0,0,0,0,0,0,0,0,0,1.123575267,0,"1b","1b","1b","1b","1b","1b","1b","1b","1b","1b","1b","1b","1b","E: Conc. Uncertainty","1b","1b","1b","1b","1b","1b","1b","E: Conc. Uncertainty","E: Conc. Uncertainty","1b","1b","1b","1b","1b","1b","1b","1b","1b","1b","1b","1b","1b","1b","1b","1b","1b"
"2025-03-23 16:00:00","PM2.5",0,NA,0,1325.3336,788.3254,189.9375,93.0584,4.3953,NA,1.462,NA,86.83436457,0,NA,2.083041602,20.91942115,0,0,2.301901001,1.50180127,7.643796304,NA,0,0,0,0,NA,0,0,NA,NA,NA,NA,0,0,0,0,0,1.917640234,0,"1b","E: Conc. Uncertainty","1b","1b","1b","1b","1b","1b","E: Conc. Uncertainty","1b","E: Conc. Uncertainty","1b","1b","E: Conc. Uncertainty","1b","1b","1b","1b","1b","1b","1b","E: Conc. Uncertainty","1b","1b","1b","1b","E: Conc. Uncertainty","1b","1b","E: Conc. Uncertainty","E: Conc. Uncertainty","E: Conc. Uncertainty","E: Conc. Uncertainty","1b","1b","1b","1b","1b","1b","1b"
"2025-03-23 17:00:00","PM10",0,364.2522,0,1720.1073,3195.0585,326.6167,322.3542,15.4212,NA,4.0657,4.131,252.1992571,0,NA,4.286327787,45.58490816,0,0,3.308298987,2.046079479,14.03010227,2.077107821,0,NA,0,0,0,0,0,0,0,0,NA,0,0,0,0,0,4.124042131,0,"1b","1b","1b","1b","1b","1b","1b","1b","E: Conc. Uncertainty","1b","1b","1b","1b","E: Conc. Uncertainty","1b","1b","1b","1b","1b","1b","1b","1b","1b","E: Conc. Uncertainty","1b","1b","1b","1b","1b","1b","1b","1b","E: Conc. Uncertainty","1b","1b","1b","1b","1b","1b","1b"
"2025-03-23 18:00:00","PM2.5",0,0,0,1586.187,1226.7659,227.188,105.4842,4.4437,0.9631,2.753,1.6208,94.38431747,0,NA,1.872033097,39.63073686,0,0,2.581030119,1.169521331,9.667971172,NA,0,NA,NA,0,0,0,0,NA,0,0,0,0,0,0,0,0,5.246724336,0,"1b","1b","1b","1b","1b","1b","1b","1b","1b","1b","1b","1b","1b","E: Conc. Uncertainty","1b","1b","1b","1b","1b","1b","1b","E: Conc. Uncertainty","1b","E: Conc. Uncertainty","E: Conc. Uncertainty","1b","1b","1b","1b","E: Conc. Uncertainty","1b","1b","1b","1b","1b","1b","1b","1b","1b","1b"
"2025-03-23 19:00:00","PM10",0,312.7027,0,1750.2032,4560.8041,374.0862,337.7752,12.4411,NA,3.7268,2.9408,229.7887739,0,1.178098762,4.506424201,113.8383582,0,0,2.229248409,1.312092134,14.71043323,3.100276485,0,0,0,NA,NA,0,0,0,NA,NA,0,0,0,0,0,0,26.41596698,0,"1b","1b","1b","1b","1b","1b","1b","1b","E: Conc. Uncertainty","1b","1b","1b","1b","1b","1b","1b","1b","1b","1b","1b","1b","1b","1b","1b","1b","E: Conc. Uncertainty","E: Conc. Uncertainty","1b","1b","1b","E: Conc. Uncertainty","E: Conc. Uncertainty","1b","1b","1b","1b","1b","1b","1b","1b"
"2025-03-23 20:00:00","PM2.5",0,NA,0,1516.0748,1446.5448,226.905,112.289,4.3211,NA,2.9035,1.313,84.4094549,0,1.451953173,1.704290476,23.3851063,0,0,1.807294419,1.848288687,9.792660867,NA,NA,0,NA,NA,0,0,0,0,NA,NA,0,0,0,0,0,0,3.453416528,0,"1b","E: Conc. Uncertainty","1b","1b","1b","1b","1b","1b","E: Conc. Uncertainty","1b","1b","1b","1b","1b","1b","1b","1b","1b","1b","1b","1b","E: Conc. Uncertainty","E: Conc. Uncertainty","1b","E: Conc. Uncertainty","E: Conc. Uncertainty","1b","1b","1b","1b","E: Conc. Uncertainty","E: Conc. Uncertainty","1b","1b","1b","1b","1b","1b","1b","1b"
"2025-03-23 21:00:00","PM10",0,257.8357,0,1615.0577,3272.5277,284.8878,252.8633,9.5787,1.479,4.6315,2.9637,162.2292553,0,NA,2.865436672,28.30117233,0,0,1.218030651,1.047697067,13.06691022,NA,NA,0,0.001760528,NA,0,0,0,NA,NA,NA,0,0,0,0,0,0,4.969094092,0,"1b","1b","1b","1b","1b","1b","1b","1b","1b","1b","1b","1b","1b","E: Conc. Uncertainty","1b","1b","1b","1b","1b","1b","1b","E: Conc. Uncertainty","E: Conc. Uncertainty","1b","1b","E: Conc. Uncertainty","1b","1b","1b","E: Conc. Uncertainty","E: Conc. Uncertainty","E: Conc. Uncertainty","1b","1b","1b","1b","1b","1b","1b","1b"
"2025-03-23 22:00:00","PM2.5",0,0,0,1492.2634,998.1038,205.4723,82.526,2.9427,NA,2.6421,0.9114,73.56806072,0,NA,1.998767256,23.3825582,0,0,1.980235342,1.71787479,9.540644898,NA,0,0,0,0,NA,0,0,0,NA,NA,0,0,0,0,0,0,1.886913555,0,"1b","1b","1b","1b","1b","1b","1b","1b","E: Conc. Uncertainty","1b","1b","1b","1b","E: Conc. Uncertainty","1b","1b","1b","1b","1b","1b","1b","E: Conc. Uncertainty","1b","1b","1b","1b","E: Conc. Uncertainty","1b","1b","1b","E: Conc. Uncertainty","E: Conc. Uncertainty","1b","1b","1b","1b","1b","1b","1b","1b"
"2025-03-23 23:00:00","PM10",0,284.6896,0,1638.1729,3362.3942,291.9415,281.1201,10.2494,NA,6.1508,3.6147,159.2098652,0,1.824541063,2.137777778,30.01485889,0,0,1.939699975,1.234091025,14.51756929,3.07971523,NA,0,NA,14.4818,0,NA,0,NA,NA,NA,0,0,0,0,0,0,2.182506992,0,"1b","1b","1b","1b","1b","1b","1b","1b","E: Conc. Uncertainty","1b","1b","1b","1b","1b","1b","1b","1b","1b","1b","1b","1b","1b","E: Conc. Uncertainty","1b","E: Conc. Uncertainty","1b","1b","E: Conc. Uncertainty","1b","E: Conc. Uncertainty","E: Conc. Uncertainty","E: Conc. Uncertainty","1b","1b","1b","1b","1b","1b","1b","1b"
"2025-03-24 00:30:00","PM2.5",0,0,0,1453.3945,831.0204,192.3731,64.704,NA,NA,2.4728,0,53.54083234,NA,NA,NA,17.40374056,0,0,2.401552372,NA,7.992733578,NA,NA,0,0,NA,NA,0,0,0,NA,NA,0,0,0,0,0,0,0,0,"1b","1b","1b","1b","1b","1b","1b","E: Conc. Uncertainty","E: Conc. Uncertainty","1b","1b","1b","E: Conc. Uncertainty","E: Conc. Uncertainty","E: Conc. Uncertainty","1b","1b","1b","1b","E: Conc. Uncertainty","1b","E: Conc. Uncertainty","E: Conc. Uncertainty","1b","1b","E: Conc. Uncertainty","E: Conc. Uncertainty","1b","1b","1b","E: Conc. Uncertainty","E: Conc. Uncertainty","1b","1b","1b","1b","1b","1b","1b","1b"
"2025-03-24 01:00:00","PM10",0,203.7336,0,1720.9163,2177.8887,265.5796,213.1123,9.0288,NA,2.058,1.2846,129.2934446,NA,NA,1.983873098,19.05828854,0,0,1.628278476,1.487617751,11.742122,1.355005233,NA,0,0,NA,NA,NA,0,NA,NA,0,0,0,0,0,0,0,2.116180759,0,"1b","1b","1b","1b","1b","1b","1b","1b","E: Conc. Uncertainty","1b","1b","1b","E: Conc. Uncertainty","E: Conc. Uncertainty","1b","1b","1b","1b","1b","1b","1b","1b","E: Conc. Uncertainty","1b","1b","E: Conc. Uncertainty","E: Conc. Uncertainty","E: Conc. Uncertainty","1b","E: Conc. Uncertainty","E: Conc. Uncertainty","1b","1b","1b","1b","1b","1b","1b","1b","1b"
"2025-03-24 02:00:00","PM2.5",0,NA,0,1656.5742,611.142,189.3695,65.2713,3.3822,NA,1.0764,NA,52.47028295,0,NA,1.307885276,16.01871788,0,0,2.124911133,1.376236518,7.06833093,NA,0,0,0,NA,0,0.1264,0,0,NA,NA,0,0,0,0,0,0,NA,0,"1b","E: Conc. Uncertainty","1b","1b","1b","1b","1b","1b","E: Conc. Uncertainty","1b","E: Conc. Uncertainty","1b","1b","E: Conc. Uncertainty","1b","1b","1b","1b","1b","1b","1b","E: Conc. Uncertainty","1b","1b","1b","E: Conc. Uncertainty","1b","1b","1b","1b","E: Conc. Uncertainty","E: Conc. Uncertainty","1b","1b","1b","1b","1b","1b","E: Conc. Uncertainty","1b"
"2025-03-24 03:00:00","PM10",0,284.5365,0,1711.9554,1882.5777,248.3686,195.0245,11.0328,NA,1.335,1.127,120.1951447,0,NA,2.317572164,18.86126651,0,0,2.38204506,1.62045263,10.56705689,1.65617163,NA,0,0,0,NA,0,0,0,0,0,0,0,0,0,0,0,1.201003137,0,"1b","1b","1b","1b","1b","1b","1b","1b","E: Conc. Uncertainty","1b","1b","1b","1b","E: Conc. Uncertainty","1b","1b","1b","1b","1b","1b","1b","1b","E: Conc. Uncertainty","1b","1b","1b","E: Conc. Uncertainty","1b","1b","1b","1b","1b","1b","1b","1b","1b","1b","1b","1b","1b"
"2025-03-24 04:00:00","PM2.5",0,NA,0,1650.1853,508.5821,183.6059,60.583,2.7357,NA,1.2416,NA,48.11548247,0,0,1.908930861,17.46814768,0,0,1.886776708,1.472075794,8.356237152,NA,0,0,0,NA,0,0,0,NA,0,NA,0,0,0,0,0,0,1.834673234,0,"1b","E: Conc. Uncertainty","1b","1b","1b","1b","1b","1b","E: Conc. Uncertainty","1b","E: Conc. Uncertainty","1b","1b","1b","1b","1b","1b","1b","1b","1b","1b","E: Conc. Uncertainty","1b","1b","1b","E: Conc. Uncertainty","1b","1b","1b","E: Conc. Uncertainty","1b","E: Conc. Uncertainty","1b","1b","1b","1b","1b","1b","1b","1b"
"2025-03-24 05:00:00","PM10",0,358.2324,0,1868.7198,1834.5921,264.6214,237.2912,12.134,NA,1.1586,1.9248,149.5187481,0,NA,2.962524134,23.75281984,0,NA,3.099390306,1.181505945,10.60646276,NA,0,0,0,8.5942,0,0,0,NA,0,0,0,0,0,0,0,0,1.336744233,0,"1b","1b","1b","1b","1b","1b","1b","1b","E: Conc. Uncertainty","1b","1b","1b","1b","E: Conc. Uncertainty","1b","1b","1b","E: Conc. Uncertainty","1b","1b","1b","E: Conc. Uncertainty","1b","1b","1b","1b","1b","1b","1b","E: Conc. Uncertainty","1b","1b","1b","1b","1b","1b","1b","1b","1b","1b"
"2025-03-24 06:00:00","PM2.5",0,0,0,1975.751,436.4741,209.7103,59.7939,2.9063,NA,0.9551,0,58.62529865,0,NA,1.627146679,20.15305997,0,0,2.645524902,1.516907966,8.116150375,NA,NA,NA,0,0,NA,0,0,0,0,NA,0,0,0,0,0,0,0.946366217,0,"1b","1b","1b","1b","1b","1b","1b","1b","E: Conc. Uncertainty","1b","1b","1b","1b","E: Conc. Uncertainty","1b","1b","1b","1b","1b","1b","1b","E: Conc. Uncertainty","E: Conc. Uncertainty","E: Conc. Uncertainty","1b","1b","E: Conc. Uncertainty","1b","1b","1b","1b","E: Conc. Uncertainty","1b","1b","1b","1b","1b","1b","1b","1b"
"2025-03-24 08:00:00","PM10",0,245.5391,0,1968.5341,1658.3972,248.4446,336.085,13.8382,0,1.8783,2.8664,294.549189,0,0,5.527135476,28.96741202,0,0,2.045176386,0.978941685,8.951785034,2.238840893,NA,NA,0,NA,0,0,0,0,0,NA,0,0,0,0,0,0,2.522815822,0,"1b","1b","1b","1b","1b","1b","1b","1b","1b","1b","1b","1b","1b","1b","1b","1b","1b","1b","1b","1b","1b","1b","E: Conc. Uncertainty","E: Conc. Uncertainty","1b","E: Conc. Uncertainty","1b","1b","1b","1b","1b","E: Conc. Uncertainty","1b","1b","1b","1b","1b","1b","1b","1b"
"2025-03-24 09:00:00","PM2.5",0,NA,0,1692.4226,467.3072,172.9102,95.5041,4.7782,0,2.1674,NA,116.8759646,NA,0,2.515798879,20.8039152,0,0,2.640159207,0.717061977,7.002040858,NA,0,NA,NA,0,NA,0,0,0,NA,0,NA,0,0,0,0,0,1.056555113,0,"1b","E: Conc. Uncertainty","1b","1b","1b","1b","1b","1b","1b","1b","E: Conc. Uncertainty","1b","E: Conc. Uncertainty","1b","1b","1b","1b","1b","1b","1b","1b","E: Conc. Uncertainty","1b","E: Conc. Uncertainty","E: Conc. Uncertainty","1b","E: Conc. Uncertainty","1b","1b","1b","E: Conc. Uncertainty","1b","E: Conc. Uncertainty","1b","1b","1b","1b","1b","1b","1b"
"2025-03-24 10:00:00","PM10",0,466.0689,0,1736.0785,1638.7167,238.7393,321.4673,17.7592,NA,2.2941,3.4447,282.4961341,0,NA,6.142142101,25.37462359,0,0,3.570175796,1.020031334,9.577826158,1.363036136,0,NA,0,8.6324,0,NA,0,0,NA,NA,NA,0,0,0,0,0,NA,0,"1b","1b","1b","1b","1b","1b","1b","1b","E: Conc. Uncertainty","1b","1b","1b","1b","E: Conc. Uncertainty","1b","1b","1b","1b","1b","1b","1b","1b","1b","E: Conc. Uncertainty","1b","1b","1b","E: Conc. Uncertainty","1b","1b","E: Conc. Uncertainty","E: Conc. Uncertainty","E: Conc. Uncertainty","1b","1b","1b","1b","1b","E: Conc. Uncertainty","1b"
"2025-03-24 11:00:00","PM2.5",0,NA,0,1527.5267,550.1729,189.0558,101.9241,4.4091,NA,1.6334,1.9768,132.3542345,0,NA,3.703084283,24.25686075,0,0,2.321691775,1.557654723,6.560993485,NA,0,0,NA,0,NA,0,0,0,NA,NA,0,0,0,0,0,0,3.539831026,0,"1b","E: Conc. Uncertainty","1b","1b","1b","1b","1b","1b","E: Conc. Uncertainty","1b","1b","1b","1b","E: Conc. Uncertainty","1b","1b","1b","1b","1b","1b","1b","E: Conc. Uncertainty","1b","1b","E: Conc. Uncertainty","1b","E: Conc. Uncertainty","1b","1b","1b","E: Conc. Uncertainty","E: Conc. Uncertainty","1b","1b","1b","1b","1b","1b","1b","1b"
"2025-03-24 12:00:00","PM10",0,730.1778,0,1596.5046,1237.4821,260.8882,470.7597,23.4741,NA,3.5061,10.665,489.6474261,0,0.879655053,11.31140806,82.10107389,0,0,3.102487441,1.373746619,6.543586145,1.461040942,NA,0,NA,8.4665,0,0,0,0,NA,NA,4.1375,0,0,0,0,0,9.017074461,0,"1b","1b","1b","1b","1b","1b","1b","1b","E: Conc. Uncertainty","1b","1b","1b","1b","1b","1b","1b","1b","1b","1b","1b","1b","1b","E: Conc. Uncertainty","1b","E: Conc. Uncertainty","1b","1b","1b","1b","1b","E: Conc. Uncertainty","E: Conc. Uncertainty","1b","1b","1b","1b","1b","1b","1b","1b"
"2025-03-24 13:00:00","PM2.5",0,325.964,0,1561.4534,550.8976,225.9996,220.0653,16.816,NA,4.2996,12.1962,369.9655555,0,1.853040386,36.71692364,149.0505355,0,0,3.802953255,1.178061531,10.30091003,NA,0,0,0,0,0,NA,0,NA,0,0,NA,0,0,0,0,0,15.07495236,0,"1b","1b","1b","1b","1b","1b","1b","1b","E: Conc. Uncertainty","1b","1b","1b","1b","1b","1b","1b","1b","1b","1b","1b","1b","E: Conc. Uncertainty","1b","1b","1b","1b","1b","E: Conc. Uncertainty","1b","E: Conc. Uncertainty","1b","1b","E: Conc. Uncertainty","1b","1b","1b","1b","1b","1b","1b"
"2025-03-24 14:00:00","PM10",0,789.2915,0,1633.7025,962.4543,287.7439,444.1113,23.672,NA,6.6972,12.4308,441.7126943,0,1.435298781,17.23014139,118.4508502,0,0,3.208237195,1.004939878,8.466889605,1.979630627,0,0,0,0,0,0,NA,0,0,NA,NA,0,0,0,0,0,15.33287255,0,"1b","1b","1b","1b","1b","1b","1b","1b","E: Conc. Uncertainty","1b","1b","1b","1b","1b","1b","1b","1b","1b","1b","1b","1b","1b","1b","1b","1b","1b","1b","1b","E: Conc. Uncertainty","1b","1b","E: Conc. Uncertainty","E: Conc. Uncertainty","1b","1b","1b","1b","1b","1b","1b"
"2025-03-24 15:00:00","PM2.5",0,143.6908,0,1351.5196,278.8707,177.3238,121.8805,8.4271,0,2.8215,4.948,174.2184596,0,0.840801863,5.711535712,64.1975552,0,0,2.493188456,0.939308838,9.187853598,NA,NA,NA,NA,8.819,0,0,0,NA,0,0,0,0,0.0211,0,0,0,5.211219134,0,"1b","1b","1b","1b","1b","1b","1b","1b","1b","1b","1b","1b","1b","1b","1b","1b","1b","1b","1b","1b","1b","E: Conc. Uncertainty","E: Conc. Uncertainty","E: Conc. Uncertainty","E: Conc. Uncertainty","1b","1b","1b","1b","E: Conc. Uncertainty","1b","1b","1b","1b","1b","1b","1b","1b","1b","1b"
"2025-03-24 16:00:00","PM10",0,923.6365,0,1305.6152,527.0412,259.7117,352.0223,22.7292,NA,2.3172,5.5497,362.3284299,0,0,6.054294085,64.19229282,0,0,2.78056522,NA,5.423701398,NA,NA,NA,0,NA,0,0.0412,0,NA,NA,NA,NA,0,0,0,0,0,5.139789212,0,"1b","1b","1b","1b","1b","1b","1b","1b","E: Conc. Uncertainty","1b","1b","1b","1b","1b","1b","1b","1b","1b","1b","E: Conc. Uncertainty","1b","E: Conc. Uncertainty","E: Conc. Uncertainty","E: Conc. Uncertainty","1b","E: Conc. Uncertainty","1b","1b","1b","E: Conc. Uncertainty","E: Conc. Uncertainty","E: Conc. Uncertainty","E: Conc. Uncertainty","1b","1b","1b","1b","1b","1b","1b"
"2025-03-24 17:00:00","PM2.5",0,NA,0,1161.3624,170.9027,191.3127,87.8623,6.7346,0,1.3854,2.2554,185.4694616,0,0,4.446445999,33.05213077,0,0,2.588809369,NA,4.405945023,NA,NA,0,0,NA,NA,0,0,NA,NA,NA,NA,0,NA,0,0,0,2.076447625,0,"1b","E: Conc. Uncertainty","1b","1b","1b","1b","1b","1b","1b","1b","1b","1b","1b","1b","1b","1b","1b","1b","1b","E: Conc. Uncertainty","1b","E: Conc. Uncertainty","E: Conc. Uncertainty","1b","1b","E: Conc. Uncertainty","E: Conc. Uncertainty","1b","1b","E: Conc. Uncertainty","E: Conc. Uncertainty","E: Conc. Uncertainty","E: Conc. Uncertainty","1b","E: Conc. Uncertainty","1b","1b","1b","1b","1b"
"2025-03-24 18:00:00","PM10",0,764.1054,0,1204.1916,536.789,268.0617,305.1561,24.4173,NA,3.5955,7.6661,696.4981916,0,NA,13.72468303,51.78848342,0,0,3.733491141,0.703185956,5.985868417,NA,NA,NA,0,0,0,0,0,NA,NA,NA,4.2913,0,0,0,0,0,4.148356226,0,"1b","1b","1b","1b","1b","1b","1b","1b","E: Conc. Uncertainty","1b","1b","1b","1b","E: Conc. Uncertainty","1b","1b","1b","1b","1b","1b","1b","E: Conc. Uncertainty","E: Conc. Uncertainty","E: Conc. Uncertainty","1b","1b","1b","1b","1b","E: Conc. Uncertainty","E: Conc. Uncertainty","E: Conc. Uncertainty","1b","1b","1b","1b","1b","1b","1b","1b"
"2025-03-24 19:00:00","PM2.5",0,NA,0,1169.9214,339.221,181.8819,95.7883,8.1068,0,2.1803,3.5146,462.4309077,0,0,21.31565549,28.26601291,0,0,2.395602941,NA,6.985041038,NA,0,NA,0,NA,NA,0,0,NA,NA,0,7.6044,0,0,0,0,0,4.186910654,0,"1b","E: Conc. Uncertainty","1b","1b","1b","1b","1b","1b","1b","1b","1b","1b","1b","1b","1b","1b","1b","1b","1b","E: Conc. Uncertainty","1b","E: Conc. Uncertainty","1b","E: Conc. Uncertainty","1b","E: Conc. Uncertainty","E: Conc. Uncertainty","1b","1b","E: Conc. Uncertainty","E: Conc. Uncertainty","1b","1b","1b","1b","1b","1b","1b","1b","1b"
"2025-03-24 20:00:00","PM10",0,795.8139,0,1198.4398,884.1068,283.3294,347.282,27.2476,NA,5.0513,10.5419,1274.771786,0,NA,38.94174817,56.87454077,0,0,8.690229283,NA,9.295472355,1.726733358,NA,2.998727904,0,0,0,0,0,NA,NA,0,23.7788,0,0,0,0,0,7.888401535,0,"1b","1b","1b","1b","1b","1b","1b","1b","E: Conc. Uncertainty","1b","1b","1b","1b","E: Conc. Uncertainty","1b","1b","1b","1b","1b","E: Conc. Uncertainty","1b","1b","E: Conc. Uncertainty","1b","1b","1b","1b","1b","1b","E: Conc. Uncertainty","E: Conc. Uncertainty","1b","1b","1b","1b","1b","1b","1b","1b","1b"
"2025-03-24 21:00:00","PM2.5",0,NA,0,1331.3055,257.4445,329.0656,74.7217,6.1599,NA,2.9918,3.7151,507.7789635,0,NA,14.97129819,47.25020581,0,0,5.016007562,0.95768922,8.072110254,NA,NA,0,NA,NA,NA,0,0,0,NA,0,4.6029,0,0,0,0,0,11.90023478,0,"1b","E: Conc. Uncertainty","1b","1b","1b","1b","1b","1b","E: Conc. Uncertainty","1b","1b","1b","1b","E: Conc. Uncertainty","1b","1b","1b","1b","1b","1b","1b","E: Conc. Uncertainty","E: Conc. Uncertainty","1b","E: Conc. Uncertainty","E: Conc. Uncertainty","E: Conc. Uncertainty","1b","1b","1b","E: Conc. Uncertainty","1b","1b","1b","1b","1b","1b","1b","1b","1b"
"2025-03-24 22:00:00","PM10",0,248.8022,0,1673.4375,629.1863,373.1462,206.1869,13.6235,0,3.7352,5.1264,557.4421043,0,NA,16.84256441,93.23110437,0,0,5.697323819,1.267679184,12.01536081,1.55905616,0,NA,0,NA,0,NA,0,0,0,NA,3.9357,0,0,0,0,0,15.88555229,0,"1b","1b","1b","1b","1b","1b","1b","1b","1b","1b","1b","1b","1b","E: Conc. Uncertainty","1b","1b","1b","1b","1b","1b","1b","1b","1b","E: Conc. Uncertainty","1b","E: Conc. Uncertainty","1b","E: Conc. Uncertainty","1b","1b","1b","E: Conc. Uncertainty","1b","1b","1b","1b","1b","1b","1b","1b"
"2025-03-24 23:00:00","PM2.5",0,NA,0,1459.6221,296.9747,308.0238,49.2094,4.5863,NA,1.91,2.2034,237.6141651,NA,0,9.949090243,79.3174427,0,0,5.224247299,1.81748852,13.28492155,NA,0,0,2.621343407,NA,NA,NA,0.0544,NA,NA,0,0,0,0,0,0,0,20.12843514,0,"1b","E: Conc. Uncertainty","1b","1b","1b","1b","1b","1b","E: Conc. Uncertainty","1b","1b","1b","E: Conc. Uncertainty","1b","1b","1b","1b","1b","1b","1b","1b","E: Conc. Uncertainty","1b","1b","1b","E: Conc. Uncertainty","E: Conc. Uncertainty","E: Conc. Uncertainty","1b","E: Conc. Uncertainty","E: Conc. Uncertainty","1b","1b","1b","1b","1b","1b","1b","1b","1b"
"2025-03-25 00:30:00","PM10",0,NA,0,759.8031,648.0992,194.1803,126.7789,7.1607,0,3.9208,2.122,269.4057475,0.008631601,NA,7.317149082,40.30588235,0,0,5.043655981,NA,8.637223778,NA,4.447930283,0,0,NA,NA,NA,0,NA,NA,NA,0,0,NA,0,0,0,10.4885569,0,"1b","E: Conc. Uncertainty","1b","1b","1b","1b","1b","1b","1b","1b","1b","1b","1b","E: Conc. Uncertainty","1b","1b","1b","1b","1b","E: Conc. Uncertainty","1b","E: Conc. Uncertainty","1b","1b","1b","E: Conc. Uncertainty","E: Conc. Uncertainty","E: Conc. Uncertainty","1b","E: Conc. Uncertainty","E: Conc. Uncertainty","E: Conc. Uncertainty","1b","1b","E: Conc. Uncertainty","1b","1b","1b","1b","1b"
"2025-03-25 01:00:00","PM2.5",0,NA,0,807.0199,273.4608,194.9429,41.3476,3.3933,2.7589,1.1881,NA,121.3076036,0,NA,3.769289628,47.07281241,0,0,3.286597496,NA,8.084330589,NA,NA,0,7.40441139,0,0,0,0,0,NA,0,0,0,0,0,0,0,8.017037513,0,"1b","E: Conc. Uncertainty","1b","1b","1b","1b","1b","1b","1b","1b","E: Conc. Uncertainty","1b","1b","E: Conc. Uncertainty","1b","1b","1b","1b","1b","E: Conc. Uncertainty","1b","E: Conc. Uncertainty","E: Conc. Uncertainty","1b","1b","1b","1b","1b","1b","1b","E: Conc. Uncertainty","1b","1b","1b","1b","1b","1b","1b","1b","1b"
"2025-03-25 02:00:00","PM10",0,197.5562,0,917.1805,538.5043,253.3094,136.7836,8.5936,4.4555,1.6391,1.5526,172.5232694,0,0,4.125263211,31.70071716,0,0,3.8758761,0.687696455,8.547022023,NA,NA,0,4.060505569,0,0,0,0,NA,NA,NA,0,0,0,0,0,0,5.092192666,0,"1b","1b","1b","1b","1b","1b","1b","1b","1b","1b","1b","1b","1b","1b","1b","1b","1b","1b","1b","1b","1b","E: Conc. Uncertainty","E: Conc. Uncertainty","1b","1b","1b","1b","1b","1b","E: Conc. Uncertainty","E: Conc. Uncertainty","E: Conc. Uncertainty","1b","1b","1b","1b","1b","1b","1b","1b"
"2025-03-25 03:00:00","PM2.5",0,NA,0,860.195,145.2564,203.945,37.1482,2.3163,1.6997,1.4347,0,63.06280965,0,NA,1.931493331,21.50478651,0,0,3.004384671,NA,6.302623681,NA,0,0,2.2798356,0,NA,0,0,0,NA,NA,0,0,0,0,0,0,4.150686186,0,"1b","E: Conc. Uncertainty","1b","1b","1b","1b","1b","1b","1b","1b","1b","1b","1b","E: Conc. Uncertainty","1b","1b","1b","1b","1b","E: Conc. Uncertainty","1b","E: Conc. Uncertainty","1b","1b","1b","1b","E: Conc. Uncertainty","1b","1b","1b","E: Conc. Uncertainty","E: Conc. Uncertainty","1b","1b","1b","1b","1b","1b","1b","1b"
"2025-03-25 04:00:00","PM10",0,NA,0,747.8449,356.8861,183.4175,118.3926,6.76,NA,0.9521,0.8648,119.7237091,0,0,1.712871186,15.08674414,0,0,1.304947795,NA,4.585685792,NA,NA,0,0,NA,0,0,0,NA,NA,0,0,0,0,0,0,0,2.87291637,0,"1b","E: Conc. Uncertainty","1b","1b","1b","1b","1b","1b","E: Conc. Uncertainty","1b","1b","1b","1b","1b","1b","1b","1b","1b","1b","E: Conc. Uncertainty","1b","E: Conc. Uncertainty","E: Conc. Uncertainty","1b","1b","E: Conc. Uncertainty","1b","1b","1b","E: Conc. Uncertainty","E: Conc. Uncertainty","1b","1b","1b","1b","1b","1b","1b","1b","1b"
"2025-03-25 05:00:00","PM2.5",0,0,0,584.2209,101.4334,102.0667,25.2789,1.5255,NA,1.1776,0,52.18301345,0,NA,1.032778377,9.664817943,0,0,1.406325687,NA,3.397634991,NA,0,0,0,0,NA,0,NA,0,NA,NA,0,0,0,0,0,0,0,0,"1b","1b","1b","1b","1b","1b","1b","1b","E: Conc. Uncertainty","1b","1b","1b","1b","E: Conc. Uncertainty","1b","1b","1b","1b","1b","E: Conc. Uncertainty","1b","E: Conc. Uncertainty","1b","1b","1b","1b","E: Conc. Uncertainty","1b","E: Conc. Uncertainty","1b","E: Conc. Uncertainty","E: Conc. Uncertainty","1b","1b","1b","1b","1b","1b","1b","1b"
"2025-03-25 06:00:00","PM10",0,NA,0,603.8543,413.4325,121.6209,114.7513,6.4434,0,1.33,1.1069,180.9682803,0,NA,3.130135244,9.645425219,0,0,1.584295847,NA,3.060020149,NA,NA,0,0,NA,0,0,0,NA,NA,0,NA,0,0,0,0,0,0,0,"1b","E: Conc. Uncertainty","1b","1b","1b","1b","1b","1b","1b","1b","1b","1b","1b","E: Conc. Uncertainty","1b","1b","1b","1b","1b","E: Conc. Uncertainty","1b","E: Conc. Uncertainty","E: Conc. Uncertainty","1b","1b","E: Conc. Uncertainty","1b","1b","1b","E: Conc. Uncertainty","E: Conc. Uncertainty","1b","E: Conc. Uncertainty","1b","1b","1b","1b","1b","1b","1b"
"2025-03-25 07:00:00","PM2.5",0,NA,0,572.6412,80.9426,94.6805,25.4794,1.8914,0,0.9802,0.8134,114.8221682,0,NA,3.556239633,9.97715408,0,0,1.366379354,NA,3.462271159,NA,NA,0,0,NA,0,0,0,0,NA,0,0,0,NA,0,0,0,0,0,"1b","E: Conc. Uncertainty","1b","1b","1b","1b","1b","1b","1b","1b","1b","1b","1b","E: Conc. Uncertainty","1b","1b","1b","1b","1b","E: Conc. Uncertainty","1b","E: Conc. Uncertainty","E: Conc. Uncertainty","1b","1b","E: Conc. Uncertainty","1b","1b","1b","1b","E: Conc. Uncertainty","1b","1b","1b","E: Conc. Uncertainty","1b","1b","1b","1b","1b"
"2025-03-25 08:00:00","PM10",0,NA,0,516.2059,346.7137,113.9998,83.7619,5.5854,NA,1.9065,1.1539,270.4345395,0,0,6.415968693,12.4401911,0,0,1.840323236,NA,2.911709697,1.39418581,NA,NA,NA,NA,NA,0,0,0,0,NA,3.1939,0,0,NA,0,0,0,0,"1b","E: Conc. Uncertainty","1b","1b","1b","1b","1b","1b","E: Conc. Uncertainty","1b","1b","1b","1b","1b","1b","1b","1b","1b","1b","E: Conc. Uncertainty","1b","1b","E: Conc. Uncertainty","E: Conc. Uncertainty","E: Conc. Uncertainty","E: Conc. Uncertainty","E: Conc. Uncertainty","1b","1b","1b","1b","E: Conc. Uncertainty","1b","1b","1b","E: Conc. Uncertainty","1b","1b","1b","1b"
"2025-03-25 09:00:00","PM2.5",0,NA,0,367.7557,104.5443,86.5252,46.7875,2.9559,0,1.5222,0.9563,144.4139209,0,0,5.073667169,33.96401662,0,0,2.273408545,NA,3.004042276,NA,0,0,0,NA,NA,0,0,NA,NA,0,0,0,0,0,0,0,1.529212316,0,"1b","E: Conc. Uncertainty","1b","1b","1b","1b","1b","1b","1b","1b","1b","1b","1b","1b","1b","1b","1b","1b","1b","E: Conc. Uncertainty","1b","E: Conc. Uncertainty","1b","1b","1b","E: Conc. Uncertainty","E: Conc. Uncertainty","1b","1b","E: Conc. Uncertainty","E: Conc. Uncertainty","1b","1b","1b","1b","1b","1b","1b","1b","1b"
"2025-03-25 10:00:00","PM10",0,NA,0,310.9473,336.9741,100.3958,172.812,8.3398,0,1.3358,2.4162,205.118671,0,NA,4.51920201,33.03237128,0,0,1.206710276,0,7.468986846,NA,0,0,NA,NA,0.0192,0,0,0,NA,0,0,0,0,0,0,0,2.261767907,0,"1b","E: Conc. Uncertainty","1b","1b","1b","1b","1b","1b","1b","1b","1b","1b","1b","E: Conc. Uncertainty","1b","1b","1b","1b","1b","1b","1b","E: Conc. Uncertainty","1b","1b","E: Conc. Uncertainty","E: Conc. Uncertainty","1b","1b","1b","1b","E: Conc. Uncertainty","1b","1b","1b","1b","1b","1b","1b","1b","1b"
"2025-03-25 11:00:00","PM2.5",0,0,0,295.0742,63.4595,46.4946,31.8836,2.2955,0,0.8185,NA,68.15751822,0,NA,1.562146375,24.85066349,0,NA,1.020881671,0,2.064028982,NA,NA,0,0,0,0,0,0,NA,NA,0,0,0,0,0,0,0,3.107847926,0,"1b","1b","1b","1b","1b","1b","1b","1b","1b","1b","E: Conc. Uncertainty","1b","1b","E: Conc. Uncertainty","1b","1b","1b","E: Conc. Uncertainty","1b","1b","1b","E: Conc. Uncertainty","E: Conc. Uncertainty","1b","1b","1b","1b","1b","1b","E: Conc. Uncertainty","E: Conc. Uncertainty","1b","1b","1b","1b","1b","1b","1b","1b","1b"
"2025-03-25 12:00:00","PM10",0,174.1318,0,219.0677,173.9866,62.6603,177.9069,7.1027,0,1.3662,1.4368,182.5902855,0,NA,4.079026522,39.75808353,0,0,2.064698709,NA,1.854222132,NA,0,0,0,0,NA,0,0,NA,NA,NA,NA,0,0,0,0,0,4.180286556,0,"1b","1b","1b","1b","1b","1b","1b","1b","1b","1b","1b","1b","1b","E: Conc. Uncertainty","1b","1b","1b","1b","1b","E: Conc. Uncertainty","1b","E: Conc. Uncertainty","1b","1b","1b","1b","E: Conc. Uncertainty","1b","1b","E: Conc. Uncertainty","E: Conc. Uncertainty","E: Conc. Uncertainty","E: Conc. Uncertainty","1b","1b","1b","1b","1b","1b","1b"
"2025-03-25 13:00:00","PM2.5",0,0,NA,194.4795,23.2113,22.0332,44.7099,NA,0,1.035,NA,66.57778728,0,NA,2.244342004,21.52436195,0,0,1.08358774,0,1.324988806,NA,0,NA,0,0,0,NA,0,0,0,0,0,0,0,0,0,0,4.511590752,0,"1b","1b","E: Conc. Uncertainty","1b","1b","1b","1b","E: Conc. Uncertainty","1b","1b","E: Conc. Uncertainty","1b","1b","E: Conc. Uncertainty","1b","1b","1b","1b","1b","1b","1b","E: Conc. Uncertainty","1b","E: Conc. Uncertainty","1b","1b","1b","E: Conc. Uncertainty","1b","1b","1b","1b","1b","1b","1b","1b","1b","1b","1b","1b"
"2025-03-25 14:00:00","PM10",0,NA,0,158.8103,57.2686,38.5145,139.4198,5.9789,0,4.55,3.5322,169.701766,0,1.618576009,5.164395135,24.20364395,0,0,2.293338083,0,2.431645376,NA,NA,NA,0,NA,0,NA,0,NA,NA,NA,NA,0,0,0,0,0,1.805191104,0,"1b","E: Conc. Uncertainty","1b","1b","1b","1b","1b","1b","1b","1b","1b","1b","1b","1b","1b","1b","1b","1b","1b","1b","1b","E: Conc. Uncertainty","E: Conc. Uncertainty","E: Conc. Uncertainty","1b","E: Conc. Uncertainty","1b","E: Conc. Uncertainty","1b","E: Conc. Uncertainty","E: Conc. Uncertainty","E: Conc. Uncertainty","E: Conc. Uncertainty","1b","1b","1b","1b","1b","1b","1b"
"2025-03-25 15:00:00","PM2.5",0,0,0,133.0871,172.3467,24.2487,33.0198,1.7905,0,2.4207,1.2159,89.88621049,0,NA,2.542034224,23.6220187,0,0,3.806195377,0,NA,0,0,NA,0,NA,NA,0,0,0,0,NA,NA,0,0,0,0,0,29.34420689,0,"1b","1b","1b","1b","1b","1b","1b","1b","1b","1b","1b","1b","1b","E: Conc. Uncertainty","1b","1b","1b","1b","1b","1b","E: Conc. Uncertainty","1b","1b","E: Conc. Uncertainty","1b","E: Conc. Uncertainty","E: Conc. Uncertainty","1b","1b","1b","1b","E: Conc. Uncertainty","E: Conc. Uncertainty","1b","1b","1b","1b","1b","1b","1b"
"2025-03-25 16:00:00","PM10",0,NA,0,207.2156,359.0901,39.6946,112.9133,6.6828,0,2.6454,0.8644,164.868995,0,NA,3.390239439,14.75944283,0,0,1.670276041,NA,1.595994103,NA,NA,0,0,NA,NA,0,0,NA,NA,NA,0,0,0,0,0,0,10.21562707,0,"1b","E: Conc. Uncertainty","1b","1b","1b","1b","1b","1b","1b","1b","1b","1b","1b","E: Conc. Uncertainty","1b","1b","1b","1b","1b","E: Conc. Uncertainty","1b","E: Conc. Uncertainty","E: Conc. Uncertainty","1b","1b","E: Conc. Uncertainty","E: Conc. Uncertainty","1b","1b","E: Conc. Uncertainty","E: Conc. Uncertainty","E: Conc. Uncertainty","1b","1b","1b","1b","1b","1b","1b","1b"
"2025-03-25 17:00:00","PM2.5",0,0,0,261.4894,262.3357,36.1665,28.9833,2.1556,0,1.1727,0,64.55012367,0,NA,1.728154549,8.090343726,0,0,0.935041274,NA,2.00518082,0,0,0,0,NA,0,0.126,0,0,NA,NA,0,0,0,0,0,0,7.527659878,0,"1b","1b","1b","1b","1b","1b","1b","1b","1b","1b","1b","1b","1b","E: Conc. Uncertainty","1b","1b","1b","1b","1b","E: Conc. Uncertainty","1b","1b","1b","1b","1b","E: Conc. Uncertainty","1b","1b","1b","1b","E: Conc. Uncertainty","E: Conc. Uncertainty","1b","1b","1b","1b","1b","1b","1b","1b"
"2025-03-25 18:00:00","PM10",0,NA,0,256.5779,742.0008,62.4968,153.0247,3.9303,0,0.752,0,152.6455543,0,0,3.013281671,7.807232714,0,0,0.897621299,NA,4.685826443,NA,NA,0,0,NA,0,0,0,NA,NA,NA,NA,0,0,0,0,0,4.134179455,0,"1b","E: Conc. Uncertainty","1b","1b","1b","1b","1b","1b","1b","1b","1b","1b","1b","1b","1b","1b","1b","1b","1b","E: Conc. Uncertainty","1b","E: Conc. Uncertainty","E: Conc. Uncertainty","1b","1b","E: Conc. Uncertainty","1b","1b","1b","E: Conc. Uncertainty","E: Conc. Uncertainty","E: Conc. Uncertainty","E: Conc. Uncertainty","1b","1b","1b","1b","1b","1b","1b"
"2025-03-25 19:00:00","PM2.5",0,0,0,181.8724,413.3464,43.5837,34.0007,3.4659,0,1.0426,0,73.09161936,NA,0,2.1189953,4.859203646,0,0,1.117448982,NA,3.218152963,NA,0,0,0,0,NA,0,0,0,NA,NA,0,0,0,0,0,0,0,0,"1b","1b","1b","1b","1b","1b","1b","1b","1b","1b","1b","1b","E: Conc. Uncertainty","1b","1b","1b","1b","1b","1b","E: Conc. Uncertainty","1b","E: Conc. Uncertainty","1b","1b","1b","1b","E: Conc. Uncertainty","1b","1b","1b","E: Conc. Uncertainty","E: Conc. Uncertainty","1b","1b","1b","1b","1b","1b","1b","1b"
"2025-03-25 20:00:00","PM10",0,NA,0,222.4859,817.1083,78.4129,96.6017,16.9923,0,0.8941,NA,150.6749297,0,0,3.776622398,7.102772233,0,0,1.48950992,0,8.209648837,1.736566587,NA,0,0,0,0,0,0,0,NA,0,0,0,0,0,0,0,1.108842221,0,"1b","E: Conc. Uncertainty","1b","1b","1b","1b","1b","1b","1b","1b","E: Conc. Uncertainty","1b","1b","1b","1b","1b","1b","1b","1b","1b","1b","1b","E: Conc. Uncertainty","1b","1b","1b","1b","1b","1b","1b","E: Conc. Uncertainty","1b","1b","1b","1b","1b","1b","1b","1b","1b"
"2025-03-25 21:00:00","PM2.5",0,0,NA,212.854,301.6365,43.2363,32.0752,1.9894,NA,1.0956,0,113.2170149,0,0,2.135923909,8.897081538,0,0,1.232613202,0,7.754278107,NA,NA,0,0,0,0,0,0,NA,NA,NA,0,0,0,0,0,NA,1.100245915,0,"1b","1b","E: Conc. Uncertainty","1b","1b","1b","1b","1b","E: Conc. Uncertainty","1b","1b","1b","1b","1b","1b","1b","1b","1b","1b","1b","1b","E: Conc. Uncertainty","E: Conc. Uncertainty","1b","1b","1b","1b","1b","1b","E: Conc. Uncertainty","E: Conc. Uncertainty","E: Conc. Uncertainty","1b","1b","1b","1b","1b","E: Conc. Uncertainty","1b","1b"
"2025-03-25 22:00:00","PM10",0,NA,0,358.9611,661.9313,80.3661,124.36,8.3673,0,2.0216,1.2671,254.5351722,0,NA,15.61497943,28.41791121,0,0,1.658506957,NA,5.327364972,NA,0,0,0,NA,0,0,0,NA,NA,NA,NA,0,0,0,0,0,4.508886189,0,"1b","E: Conc. Uncertainty","1b","1b","1b","1b","1b","1b","1b","1b","1b","1b","1b","E: Conc. Uncertainty","1b","1b","1b","1b","1b","E: Conc. Uncertainty","1b","E: Conc. Uncertainty","1b","1b","1b","E: Conc. Uncertainty","1b","1b","1b","E: Conc. Uncertainty","E: Conc. Uncertainty","E: Conc. Uncertainty","E: Conc. Uncertainty","1b","1b","1b","1b","1b","1b","1b"
"2025-03-25 23:00:00","PM2.5",0,0,0,292.9677,226.0025,59.8802,29.4276,2.7374,0,1.7243,NA,124.4489234,0,NA,4.317787529,33.7326666,0,0,2.262016532,NA,1.98382488,0,0,0,0,NA,NA,NA,0,0,NA,NA,0,0,NA,0,0,0,3.472150219,0,"1b","1b","1b","1b","1b","1b","1b","1b","1b","1b","E: Conc. Uncertainty","1b","1b","E: Conc. Uncertainty","1b","1b","1b","1b","1b","E: Conc. Uncertainty","1b","1b","1b","1b","1b","E: Conc. Uncertainty","E: Conc. Uncertainty","E: Conc. Uncertainty","1b","1b","E: Conc. Uncertainty","E: Conc. Uncertainty","1b","1b","E: Conc. Uncertainty","1b","1b","1b","1b","1b"
"2025-03-26 00:30:00","PM10",0,0,0,252.2567,869.9366,103.5564,68.2417,5.8108,0,3.106,NA,146.5138092,0.000330265,0,3.511476696,56.97258804,0,0,3.048879164,NA,2.282562028,NA,NA,0,0,NA,NA,NA,0,0,0,NA,0,0,0,0,0,0,2.557734385,0,"1b","1b","1b","1b","1b","1b","1b","1b","1b","1b","E: Conc. Uncertainty","1b","1b","1b","1b","1b","1b","1b","1b","E: Conc. Uncertainty","1b","E: Conc. Uncertainty","E: Conc. Uncertainty","1b","1b","E: Conc. Uncertainty","E: Conc. Uncertainty","E: Conc. Uncertainty","1b","1b","1b","E: Conc. Uncertainty","1b","1b","1b","1b","1b","1b","1b","1b"
"2025-03-26 01:00:00","PM2.5",0,NA,0,219.3704,676.1786,75.6652,18.541,NA,NA,1.4028,0,53.38787885,0,NA,4.071681588,34.59992242,0,0,3.452914936,0,2.838864446,NA,NA,NA,NA,NA,0,0,0,NA,NA,NA,0,0,0,0,0,0,19.02574494,0,"1b","E: Conc. Uncertainty","1b","1b","1b","1b","1b","E: Conc. Uncertainty","E: Conc. Uncertainty","1b","1b","1b","1b","E: Conc. Uncertainty","1b","1b","1b","1b","1b","1b","1b","E: Conc. Uncertainty","E: Conc. Uncertainty","E: Conc. Uncertainty","E: Conc. Uncertainty","E: Conc. Uncertainty","1b","1b","1b","E: Conc. Uncertainty","E: Conc. Uncertainty","E: Conc. Uncertainty","1b","1b","1b","1b","1b","1b","1b","1b"
"2025-03-26 02:00:00","PM10",0,NA,0,237.5555,673.2213,87.8751,63.1448,2.9044,NA,1.0407,NA,85.98366056,0,NA,2.561671971,31.73768442,0,0,2.304430052,NA,2.191935008,0,0,NA,NA,0,0,0,0,0,NA,NA,0,0,NA,0,0,0,11.60827038,0,"1b","E: Conc. Uncertainty","1b","1b","1b","1b","1b","1b","E: Conc. Uncertainty","1b","E: Conc. Uncertainty","1b","1b","E: Conc. Uncertainty","1b","1b","1b","1b","1b","E: Conc. Uncertainty","1b","1b","1b","E: Conc. Uncertainty","E: Conc. Uncertainty","1b","1b","1b","1b","1b","E: Conc. Uncertainty","E: Conc. Uncertainty","1b","1b","E: Conc. Uncertainty","1b","1b","1b","1b","1b"
"2025-03-26 03:00:00","PM2.5",0,0,0,192.6943,123.3441,44.5185,17.0606,NA,0,0.9544,0,28.97537638,0,NA,NA,36.40854447,0,0,1.77376602,1.525840043,1.510571158,NA,0,NA,0,NA,0,0,0,0,NA,NA,0,0,0,0,0,0,4.249412148,0,"1b","1b","1b","1b","1b","1b","1b","E: Conc. Uncertainty","1b","1b","1b","1b","1b","E: Conc. Uncertainty","E: Conc. Uncertainty","1b","1b","1b","1b","1b","1b","E: Conc. Uncertainty","1b","E: Conc. Uncertainty","1b","E: Conc. Uncertainty","1b","1b","1b","1b","E: Conc. Uncertainty","E: Conc. Uncertainty","1b","1b","1b","1b","1b","1b","1b","1b"
"2025-03-26 04:00:00","PM10",0,NA,0,280.8183,345.8431,54.9773,60.5154,2.0336,0,1.0788,0,53.32745812,0,NA,0.787678342,25.58842326,0,0,1.673752875,1.647975902,1.498341237,NA,NA,0,0,0,0,0,0,0,0,NA,0,0,0,0,0,0,0,0,"1b","E: Conc. Uncertainty","1b","1b","1b","1b","1b","1b","1b","1b","1b","1b","1b","E: Conc. Uncertainty","1b","1b","1b","1b","1b","1b","1b","E: Conc. Uncertainty","E: Conc. Uncertainty","1b","1b","1b","1b","1b","1b","1b","1b","E: Conc. Uncertainty","1b","1b","1b","1b","1b","1b","1b","1b"
"2025-03-26 05:00:00","PM2.5",0,NA,0,283.4148,70.8874,49.2504,26.7131,1.3624,0,1.1496,NA,57.80722279,0,NA,1.076192025,47.48142464,0,0,1.667737312,3.776130022,1.408414055,NA,NA,0,0,0,0,0,0,NA,NA,0,0,0,0,0,0,0,2.799955277,0,"1b","E: Conc. Uncertainty","1b","1b","1b","1b","1b","1b","1b","1b","E: Conc. Uncertainty","1b","1b","E: Conc. Uncertainty","1b","1b","1b","1b","1b","1b","1b","E: Conc. Uncertainty","E: Conc. Uncertainty","1b","1b","1b","1b","1b","1b","E: Conc. Uncertainty","E: Conc. Uncertainty","1b","1b","1b","1b","1b","1b","1b","1b","1b"
"2025-03-26 06:00:00","PM10",0,NA,0,422.5639,376.3745,69.7828,92.6919,5.2292,0,1.5142,3.7142,156.5110055,0,NA,2.901271001,50.87746899,0,0,1.293541198,3.912759873,1.964770172,NA,NA,0,0,10.0073,0,0,0,0,NA,NA,0,0,0,0,0,0,0,0,"1b","E: Conc. Uncertainty","1b","1b","1b","1b","1b","1b","1b","1b","1b","1b","1b","E: Conc. Uncertainty","1b","1b","1b","1b","1b","1b","1b","E: Conc. Uncertainty","E: Conc. Uncertainty","1b","1b","1b","1b","1b","1b","1b","E: Conc. Uncertainty","E: Conc. Uncertainty","1b","1b","1b","1b","1b","1b","1b","1b"
"2025-03-26 07:00:00","PM2.5",0,0,0,328.1385,118.8135,30.9303,23.7121,NA,0,1.4172,0,67.68353426,0,NA,2.042514879,33.88855995,0,NA,1.056411822,0,1.693015921,NA,0,0,0,0,0,0,0,0,0.1321,NA,0,0,0,0,0,0,0,0,"1b","1b","1b","1b","1b","1b","1b","E: Conc. Uncertainty","1b","1b","1b","1b","1b","E: Conc. Uncertainty","1b","1b","1b","E: Conc. Uncertainty","1b","1b","1b","E: Conc. Uncertainty","1b","1b","1b","1b","1b","1b","1b","1b","1b","E: Conc. Uncertainty","1b","1b","1b","1b","1b","1b","1b","1b"
"2025-03-26 08:00:00","PM10",0,NA,0,424.0512,566.4649,56.7554,121.2181,6.7197,0,NA,1.1357,163.3120492,0,0.006068531,3.523068593,27.42551235,0,0,0.829968738,0,2.246429374,0,0,NA,0,0,0,NA,0,0,NA,NA,NA,0,0,0,0,0,2.041917819,0,"1b","E: Conc. Uncertainty","1b","1b","1b","1b","1b","1b","1b","E: Conc. Uncertainty","1b","1b","1b","1b","1b","1b","1b","1b","1b","1b","1b","1b","1b","E: Conc. Uncertainty","1b","1b","1b","E: Conc. Uncertainty","1b","1b","E: Conc. Uncertainty","E: Conc. Uncertainty","E: Conc. Uncertainty","1b","1b","1b","1b","1b","1b","1b"
"2025-03-26 09:00:00","PM2.5",0,1.1886,0,275.6385,147.2885,31.3303,35.9003,1.2455,0,0.8272,0,69.02000368,NA,NA,1.852305681,16.99626271,0,0,1.074898909,NA,1.295643916,0,NA,NA,0,0,0,0,0,0,0,NA,0,0,0,0,0,0,0.989727566,0,"1b","1b","1b","1b","1b","1b","1b","1b","1b","1b","1b","1b","E: Conc. Uncertainty","E: Conc. Uncertainty","1b","1b","1b","1b","1b","E: Conc. Uncertainty","1b","1b","E: Conc. Uncertainty","E: Conc. Uncertainty","1b","1b","1b","1b","1b","1b","1b","E: Conc. Uncertainty","1b","1b","1b","1b","1b","1b","1b","1b"
"2025-03-26 10:00:00","PM10",0,NA,0,263.9227,388.0632,70.2203,204.6602,6.8355,0,1.478,1.3154,137.3693736,0,NA,2.034223664,19.47705713,0,0,1.870070054,0,1.977651927,0,NA,0,0,NA,0,0,0,NA,0,NA,0,0,0,0,0,0,NA,0,"1b","E: Conc. Uncertainty","1b","1b","1b","1b","1b","1b","1b","1b","1b","1b","1b","E: Conc. Uncertainty","1b","1b","1b","1b","1b","1b","1b","1b","E: Conc. Uncertainty","1b","1b","E: Conc. Uncertainty","1b","1b","1b","E: Conc. Uncertainty","1b","E: Conc. Uncertainty","1b","1b","1b","1b","1b","1b","E: Conc. Uncertainty","1b"
"2025-03-26 11:00:00","PM2.5",0,0,0,227.4724,106.9713,35.3795,35.2184,1.4433,0,NA,0,38.20201928,0,0,0.850089475,3.648395559,0,0,NA,NA,1.57946966,NA,0,0,0,0,0,NA,0,0,0,NA,0,0,0,0,0,0,0,0,"1b","1b","1b","1b","1b","1b","1b","1b","1b","E: Conc. Uncertainty","1b","1b","1b","1b","1b","1b","1b","1b","E: Conc. Uncertainty","E: Conc. Uncertainty","1b","E: Conc. Uncertainty","1b","1b","1b","1b","1b","E: Conc. Uncertainty","1b","1b","1b","E: Conc. Uncertainty","1b","1b","1b","1b","1b","1b","1b","1b"
"2025-03-26 12:00:00","PM10",0,141.3665,0,261.5163,252.6307,73.9391,118.0352,5.1353,NA,1.0637,NA,97.41726062,0,NA,1.853561683,6.402252271,0,NA,NA,0,1.946086018,NA,NA,NA,0,NA,0,NA,0,NA,NA,0,0,0,NA,0,0,0,0,0,"1b","1b","1b","1b","1b","1b","1b","1b","E: Conc. Uncertainty","1b","E: Conc. Uncertainty","1b","1b","E: Conc. Uncertainty","1b","1b","1b","E: Conc. Uncertainty","E: Conc. Uncertainty","1b","1b","E: Conc. Uncertainty","E: Conc. Uncertainty","E: Conc. Uncertainty","1b","E: Conc. Uncertainty","1b","E: Conc. Uncertainty","1b","E: Conc. Uncertainty","E: Conc. Uncertainty","1b","1b","1b","E: Conc. Uncertainty","1b","1b","1b","1b","1b"
"2025-03-26 13:00:00","PM2.5",0,NA,0,287.4098,52.6606,57.8347,76.3714,1.9801,0,1.2364,0,43.68792991,NA,NA,1.042360291,8.291749766,0,0,2.653699784,NA,2.860718792,NA,NA,0,0,0,0,0,0,NA,NA,NA,0,0,0,0,0,0,0,0,"1b","E: Conc. Uncertainty","1b","1b","1b","1b","1b","1b","1b","1b","1b","1b","E: Conc. Uncertainty","E: Conc. Uncertainty","1b","1b","1b","1b","1b","E: Conc. Uncertainty","1b","E: Conc. Uncertainty","E: Conc. Uncertainty","1b","1b","1b","1b","1b","1b","E: Conc. Uncertainty","E: Conc. Uncertainty","E: Conc. Uncertainty","1b","1b","1b","1b","1b","1b","1b","1b"
"2025-03-26 14:00:00","PM10",0,NA,0,314.5536,150.0228,90.0509,123.6292,5.7693,NA,1.1666,0,100.076468,0,NA,1.724499649,8.014189732,0,0,2.10520324,NA,2.726247954,NA,0,0,0,0,0,NA,0,NA,NA,0,0,0,0,0,0,0,2.602148789,0,"1b","E: Conc. Uncertainty","1b","1b","1b","1b","1b","1b","E: Conc. Uncertainty","1b","1b","1b","1b","E: Conc. Uncertainty","1b","1b","1b","1b","1b","E: Conc. Uncertainty","1b","E: Conc. Uncertainty","1b","1b","1b","1b","1b","E: Conc. Uncertainty","1b","E: Conc. Uncertainty","E: Conc. Uncertainty","1b","1b","1b","1b","1b","1b","1b","1b","1b"
"2025-03-26 16:00:00","PM10",0,0,0,284.2996,166.4459,104.5018,129.6626,8.6148,0,4.5393,0,135.9136783,0,NA,NA,7.041984733,0,0,NA,0,NA,NA,0,0,0,NA,0,0,0,NA,NA,0,0,0,0,0,0,0,0,0,"1b","1b","1b","1b","1b","1b","1b","1b","1b","1b","1b","1b","1b","E: Conc. Uncertainty","E: Conc. Uncertainty","1b","1b","1b","E: Conc. Uncertainty","1b","E: Conc. Uncertainty","E: Conc. Uncertainty","1b","1b","1b","E: Conc. Uncertainty","1b","1b","1b","E: Conc. Uncertainty","E: Conc. Uncertainty","1b","1b","1b","1b","1b","1b","1b","1b","1b"
"2025-03-26 17:00:00","PM2.5",0,0,NA,265.8799,24.9758,58.5216,42.9989,1.8065,0,1.0777,NA,123.6391058,0,0,4.299844609,7.453438417,0,0,1.899584607,0,3.381044271,NA,NA,0,NA,NA,0,0,0,NA,0,NA,NA,0,0,0,0,0,NA,0,"1b","1b","E: Conc. Uncertainty","1b","1b","1b","1b","1b","1b","1b","E: Conc. Uncertainty","1b","1b","1b","1b","1b","1b","1b","1b","1b","1b","E: Conc. Uncertainty","E: Conc. Uncertainty","1b","E: Conc. Uncertainty","E: Conc. Uncertainty","1b","1b","1b","E: Conc. Uncertainty","1b","E: Conc. Uncertainty","E: Conc. Uncertainty","1b","1b","1b","1b","1b","E: Conc. Uncertainty","1b"
"2025-03-26 18:00:00","PM10",0,276.6929,0,311.5469,128.9276,107.1804,197.3602,9.4397,0,2.1608,2.3131,440.3568739,0,NA,9.860883281,14.21526407,0,0,2.322244836,NA,4.423903531,NA,NA,0,0,8.6401,0,NA,NA,NA,0,NA,2.8928,0,0,0,0,0,0,0,"1b","1b","1b","1b","1b","1b","1b","1b","1b","1b","1b","1b","1b","E: Conc. Uncertainty","1b","1b","1b","1b","1b","E: Conc. Uncertainty","1b","E: Conc. Uncertainty","E: Conc. Uncertainty","1b","1b","1b","1b","E: Conc. Uncertainty","E: Conc. Uncertainty","E: Conc. Uncertainty","1b","E: Conc. Uncertainty","1b","1b","1b","1b","1b","1b","1b","1b"
"2025-03-26 19:00:00","PM2.5",0,1.1873,0,341.4264,50.7203,115.9297,43.4384,3.9577,0,1.1703,0.7934,231.1549029,0,NA,7.030192942,14.01930435,0,0,1.273201856,0,3.869672732,NA,NA,0,0,0,0,0,0,0,NA,NA,NA,0,0,0,0,0,3.348078723,0,"1b","1b","1b","1b","1b","1b","1b","1b","1b","1b","1b","1b","1b","E: Conc. Uncertainty","1b","1b","1b","1b","1b","1b","1b","E: Conc. Uncertainty","E: Conc. Uncertainty","1b","1b","1b","1b","1b","1b","1b","E: Conc. Uncertainty","E: Conc. Uncertainty","E: Conc. Uncertainty","1b","1b","1b","1b","1b","1b","1b"
"2025-03-26 20:00:00","PM10",0,NA,0,423.1381,120.7441,211.4017,190.4959,10.4644,0,1.6517,3.6541,604.9766519,0,NA,29.43505773,27.20882039,0,0,1.879515743,0,4.491784933,NA,NA,0,0,0,0,0,0,0,NA,NA,12.3416,0,0,0,0,0,4.684755074,0,"1b","E: Conc. Uncertainty","1b","1b","1b","1b","1b","1b","1b","1b","1b","1b","1b","E: Conc. Uncertainty","1b","1b","1b","1b","1b","1b","1b","E: Conc. Uncertainty","E: Conc. Uncertainty","1b","1b","1b","1b","1b","1b","1b","E: Conc. Uncertainty","E: Conc. Uncertainty","1b","1b","1b","1b","1b","1b","1b","1b"
"2025-03-26 21:00:00","PM2.5",0,0,0,293.1521,70.8942,120.3508,30.4875,1.8673,0,1.227,NA,181.9906583,0,NA,7.459086792,27.88016567,0,0,4.238661226,0,5.802572531,NA,NA,NA,0,NA,0,0,0,0,0,NA,NA,0,0,0,0,0,3.201660748,0,"1b","1b","1b","1b","1b","1b","1b","1b","1b","1b","E: Conc. Uncertainty","1b","1b","E: Conc. Uncertainty","1b","1b","1b","1b","1b","1b","1b","E: Conc. Uncertainty","E: Conc. Uncertainty","E: Conc. Uncertainty","1b","E: Conc. Uncertainty","1b","1b","1b","1b","1b","E: Conc. Uncertainty","E: Conc. Uncertainty","1b","1b","1b","1b","1b","1b","1b"
"2025-03-26 22:00:00","PM10",0,NA,0,240.2146,186.0148,127.0997,90.9498,7.5368,0,1.621,1.9677,381.2231781,0,0,15.55310472,32.76788293,0,0,3.666829377,0,18.69216141,NA,NA,0,0,0,0,NA,0,0,NA,0,5.8896,0,0,0,0,0,6.57608762,0,"1b","E: Conc. Uncertainty","1b","1b","1b","1b","1b","1b","1b","1b","1b","1b","1b","1b","1b","1b","1b","1b","1b","1b","1b","E: Conc. Uncertainty","E: Conc. Uncertainty","1b","1b","1b","1b","E: Conc. Uncertainty","1b","1b","E: Conc. Uncertainty","1b","1b","1b","1b","1b","1b","1b","1b","1b"
"2025-03-26 23:00:00","PM2.5",0,0,NA,194.1863,103.9423,85.1713,15.2946,1.8946,0,NA,0,143.9833206,0,NA,3.696903127,69.07045004,0,NA,1.747429443,0,34.15050089,NA,NA,0,0,0,0,NA,NA,NA,NA,NA,NA,0,0,0,0,0,5.413597763,0,"1b","1b","E: Conc. Uncertainty","1b","1b","1b","1b","1b","1b","E: Conc. Uncertainty","1b","1b","1b","E: Conc. Uncertainty","1b","1b","1b","E: Conc. Uncertainty","1b","1b","1b","E: Conc. Uncertainty","E: Conc. Uncertainty","1b","1b","1b","1b","E: Conc. Uncertainty","E: Conc. Uncertainty","E: Conc. Uncertainty","E: Conc. Uncertainty","E: Conc. Uncertainty","E: Conc. Uncertainty","1b","1b","1b","1b","1b","1b","1b"
"2025-03-27 00:30:00","PM10",0,0,0,267.2663,148.2697,94.0372,85.1592,5.8757,NA,1.788,0,235.9761772,0,0,5.019149244,24.82376905,0,0,3.211551585,0,8.932191823,NA,0,0,NA,0,0,0,0,NA,NA,0,0,0,0,0,0,0,0,0,"1b","1b","1b","1b","1b","1b","1b","1b","E: Conc. Uncertainty","1b","1b","1b","1b","1b","1b","1b","1b","1b","1b","1b","1b","E: Conc. Uncertainty","1b","1b","E: Conc. Uncertainty","1b","1b","1b","1b","E: Conc. Uncertainty","E: Conc. Uncertainty","1b","1b","1b","1b","1b","1b","1b","1b","1b"
"2025-03-27 01:00:00","PM2.5",0,0,0,262.9535,32.3909,58.9957,14.4706,1.2084,1.5592,NA,0,44.29017739,NA,NA,1.713927214,10.05003759,0,0,1.795511349,NA,3.07233861,NA,0,0,0,NA,0,0,0,0,NA,0,0,0,0,0,0,0,1.497642899,0,"1b","1b","1b","1b","1b","1b","1b","1b","1b","E: Conc. Uncertainty","1b","1b","E: Conc. Uncertainty","E: Conc. Uncertainty","1b","1b","1b","1b","1b","E: Conc. Uncertainty","1b","E: Conc. Uncertainty","1b","1b","1b","E: Conc. Uncertainty","1b","1b","1b","1b","E: Conc. Uncertainty","1b","1b","1b","1b","1b","1b","1b","1b","1b"
"2025-03-27 02:00:00","PM10",0,1.8529,0,256.037,37.9155,53.5895,38.8626,1.9825,0,1.1899,0,64.38628016,0,NA,1.084227877,7.267773018,0,0,1.066370916,0,1.930617312,NA,0,NA,0,0,0,NA,0,0,NA,NA,0,0,0,0,0,0,0,0,"1b","1b","1b","1b","1b","1b","1b","1b","1b","1b","1b","1b","1b","E: Conc. Uncertainty","1b","1b","1b","1b","1b","1b","1b","E: Conc. Uncertainty","1b","E: Conc. Uncertainty","1b","1b","1b","E: Conc. Uncertainty","1b","1b","E: Conc. Uncertainty","E: Conc. Uncertainty","1b","1b","1b","1b","1b","1b","1b","1b"
"2025-03-27 03:00:00","PM2.5",0,0,0,279.9564,0,23.1812,NA,NA,0,NA,0,12.61210865,0,NA,NA,2.340710707,0,0,0,0,1.48930484,NA,NA,0,0,NA,0,0,0,0,NA,0,0,0,0,0,0,0,NA,0,"1b","1b","1b","1b","1b","1b","E: Conc. Uncertainty","E: Conc. Uncertainty","1b","E: Conc. Uncertainty","1b","1b","1b","E: Conc. Uncertainty","E: Conc. Uncertainty","1b","1b","1b","1b","1b","1b","E: Conc. Uncertainty","E: Conc. Uncertainty","1b","1b","E: Conc. Uncertainty","1b","1b","1b","1b","E: Conc. Uncertainty","1b","1b","1b","1b","1b","1b","1b","E: Conc. Uncertainty","1b"
"2025-03-27 04:00:00","PM10",0,0,0,257.6415,20.8644,22.212,15.216,NA,0,0.858,0,18.89268188,0,0,NA,4.220520861,0,NA,NA,0,1.245352365,NA,0,0,0,0,NA,0,0,0,NA,0,0,0,0,0,0,0,0,0,"1b","1b","1b","1b","1b","1b","1b","E: Conc. Uncertainty","1b","1b","1b","1b","1b","1b","E: Conc. Uncertainty","1b","1b","E: Conc. Uncertainty","E: Conc. Uncertainty","1b","1b","E: Conc. Uncertainty","1b","1b","1b","1b","E: Conc. Uncertainty","1b","1b","1b","E: Conc. Uncertainty","1b","1b","1b","1b","1b","1b","1b","1b","1b"
"2025-03-27 05:00:00","PM2.5",0,0,NA,201.8177,NA,18.9686,2.1635,0,0,NA,0,12.95350778,0,NA,NA,3.683052935,0,0,NA,0,NA,NA,NA,NA,0,NA,0,0,0,NA,NA,NA,0,0,0,0,0,0,0,0,"1b","1b","E: Conc. Uncertainty","1b","E: Conc. Uncertainty","1b","1b","1b","1b","E: Conc. Uncertainty","1b","1b","1b","E: Conc. Uncertainty","E: Conc. Uncertainty","1b","1b","1b","E: Conc. Uncertainty","1b","E: Conc. Uncertainty","E: Conc. Uncertainty","E: Conc. Uncertainty","E: Conc. Uncertainty","1b","E: Conc. Uncertainty","1b","1b","1b","E: Conc. Uncertainty","E: Conc. Uncertainty","E: Conc. Uncertainty","1b","1b","1b","1b","1b","1b","1b","1b"
"2025-03-27 06:00:00","PM10",0,0,0,159.9418,21.1132,29.6426,26.2236,1.949,0,1.2933,0,59.08666504,0,NA,1.485279456,2.865917923,0,0,NA,NA,NA,NA,NA,0,0,NA,0,0,NA,0,NA,0,0,NA,0,0,0,0,0,0,"1b","1b","1b","1b","1b","1b","1b","1b","1b","1b","1b","1b","1b","E: Conc. Uncertainty","1b","1b","1b","1b","E: Conc. Uncertainty","E: Conc. Uncertainty","E: Conc. Uncertainty","E: Conc. Uncertainty","E: Conc. Uncertainty","1b","1b","E: Conc. Uncertainty","1b","1b","E: Conc. Uncertainty","1b","E: Conc. Uncertainty","1b","1b","E: Conc. Uncertainty","1b","1b","1b","1b","1b","1b"
"2025-03-27 07:00:00","PM2.5",0,0,NA,148.5711,11.7919,25.0012,8.9443,0,0,0.8905,0,53.02211395,0,0,1.294733951,2.691808481,0,0,NA,0,NA,0,NA,0,0,0,0,0,0,0,0.1699,NA,NA,0,0,0,0,0,0,0,"1b","1b","E: Conc. Uncertainty","1b","1b","1b","1b","1b","1b","1b","1b","1b","1b","1b","1b","1b","1b","1b","E: Conc. Uncertainty","1b","E: Conc. Uncertainty","1b","E: Conc. Uncertainty","1b","1b","1b","1b","1b","1b","1b","1b","E: Conc. Uncertainty","E: Conc. Uncertainty","1b","1b","1b","1b","1b","1b","1b"
"2025-03-27 08:00:00","PM10",0,NA,0,136.3637,53.0313,26.2067,40.4204,1.0449,0,0.9652,0,100.2531815,0,NA,2.917361252,3.396879447,0,0,NA,0,0.835891441,NA,NA,NA,0,NA,0,0,0,0,NA,NA,NA,0,0,0,0,0,0,0,"1b","E: Conc. Uncertainty","1b","1b","1b","1b","1b","1b","1b","1b","1b","1b","1b","E: Conc. Uncertainty","1b","1b","1b","1b","E: Conc. Uncertainty","1b","1b","E: Conc. Uncertainty","E: Conc. Uncertainty","E: Conc. Uncertainty","1b","E: Conc. Uncertainty","1b","1b","1b","1b","E: Conc. Uncertainty","E: Conc. Uncertainty","E: Conc. Uncertainty","1b","1b","1b","1b","1b","1b","1b"
"2025-03-27 09:00:00","PM2.5",0,0,0,104.1091,28.7817,22.4015,11.3222,NA,0,NA,0,36.8092958,0,NA,0.824666809,1.532749804,0,0,NA,0,NA,0,NA,0,0,NA,NA,NA,0,0,NA,NA,0,0,0,0,0,0,0,0,"1b","1b","1b","1b","1b","1b","1b","E: Conc. Uncertainty","1b","E: Conc. Uncertainty","1b","1b","1b","E: Conc. Uncertainty","1b","1b","1b","1b","E: Conc. Uncertainty","1b","E: Conc. Uncertainty","1b","E: Conc. Uncertainty","1b","1b","E: Conc. Uncertainty","E: Conc. Uncertainty","E: Conc. Uncertainty","1b","1b","E: Conc. Uncertainty","E: Conc. Uncertainty","1b","1b","1b","1b","1b","1b","1b","1b"
"2025-03-27 10:00:00","PM10",0,NA,0,125.649,83.1559,69.7462,258.1109,6.3279,NA,0.9764,NA,114.2896395,0,0,1.58540507,3.994555649,0,NA,NA,NA,NA,NA,0,0,0,0,0,0,0,NA,NA,NA,0,0,0,0,0,0,0,0,"1b","E: Conc. Uncertainty","1b","1b","1b","1b","1b","1b","E: Conc. Uncertainty","1b","E: Conc. Uncertainty","1b","1b","1b","1b","1b","1b","E: Conc. Uncertainty","E: Conc. Uncertainty","E: Conc. Uncertainty","E: Conc. Uncertainty","E: Conc. Uncertainty","1b","1b","1b","1b","1b","1b","1b","E: Conc. Uncertainty","E: Conc. Uncertainty","E: Conc. Uncertainty","1b","1b","1b","1b","1b","1b","1b","1b"
"2025-03-27 11:00:00","PM2.5",0,0,NA,120.3246,27.756,50.6693,41.7647,1.4334,0,0.8469,0,46.87967996,0,NA,1.334585395,3.321820477,0,0,1.225086016,0,1.52689387,NA,NA,0,0,0,0,0,0,0,0,NA,0,0,0,0,0,0,0,0,"1b","1b","E: Conc. Uncertainty","1b","1b","1b","1b","1b","1b","1b","1b","1b","1b","E: Conc. Uncertainty","1b","1b","1b","1b","1b","1b","1b","E: Conc. Uncertainty","E: Conc. Uncertainty","1b","1b","1b","1b","1b","1b","1b","1b","E: Conc. Uncertainty","1b","1b","1b","1b","1b","1b","1b","1b"
"2025-03-27 12:00:00","PM10",0,140.7334,0,177.7777,96.4522,99.6572,139.6563,6.1204,0,0.8648,NA,123.0596187,0,NA,1.759469061,4.984171578,0,0,2.512901945,0,1.683248338,NA,NA,0,0,NA,NA,0,NA,0,0.1051,NA,0,0,0,0,0,0.004163231,0,0,"1b","1b","1b","1b","1b","1b","1b","1b","1b","1b","E: Conc. Uncertainty","1b","1b","E: Conc. Uncertainty","1b","1b","1b","1b","1b","1b","1b","E: Conc. Uncertainty","E: Conc. Uncertainty","1b","1b","E: Conc. Uncertainty","E: Conc. Uncertainty","1b","E: Conc. Uncertainty","1b","1b","E: Conc. Uncertainty","1b","1b","1b","1b","1b","1b","1b","1b"
"2025-03-27 13:00:00","PM2.5",0,0,0,150.4435,34.7974,71.1954,38.0115,2.0531,0,0.9582,0,38.05952708,0,NA,NA,2.725023157,0,0,NA,0,1.426553068,NA,NA,0,0,0,NA,0,0,0,0,NA,0,0,0,0,0,0,0,0,"1b","1b","1b","1b","1b","1b","1b","1b","1b","1b","1b","1b","1b","E: Conc. Uncertainty","E: Conc. Uncertainty","1b","1b","1b","E: Conc. Uncertainty","1b","1b","E: Conc. Uncertainty","E: Conc. Uncertainty","1b","1b","1b","E: Conc. Uncertainty","1b","1b","1b","1b","E: Conc. Uncertainty","1b","1b","1b","1b","1b","1b","1b","1b"
"2025-03-27 16:00:00","PM10",0,140.5357,0,113.2848,52.4005,77.8115,212.2985,7.5102,0,1.1914,NA,125.8078188,0,NA,2.419157568,12.58105435,0,0,0.996700103,0,1.253627868,NA,NA,0,0,NA,NA,NA,0,NA,NA,NA,0,0,0,0,0,0,NA,0,"1b","1b","1b","1b","1b","1b","1b","1b","1b","1b","E: Conc. Uncertainty","1b","1b","E: Conc. Uncertainty","1b","1b","1b","1b","1b","1b","1b","E: Conc. Uncertainty","E: Conc. Uncertainty","1b","1b","E: Conc. Uncertainty","E: Conc. Uncertainty","E: Conc. Uncertainty","1b","E: Conc. Uncertainty","E: Conc. Uncertainty","E: Conc. Uncertainty","1b","1b","1b","1b","1b","1b","E: Conc. Uncertainty","1b"
"2025-03-27 17:00:00","PM2.5",0,0,0,128.428,17.1425,52.9674,35.8406,NA,0,0.727,0,50.45675326,0,NA,1.091956014,15.33236856,0,0,1.434597393,0,NA,NA,NA,NA,0,0,0,NA,NA,NA,NA,0,0,0,0,0,0,0,0,0,"1b","1b","1b","1b","1b","1b","1b","E: Conc. Uncertainty","1b","1b","1b","1b","1b","E: Conc. Uncertainty","1b","1b","1b","1b","1b","1b","E: Conc. Uncertainty","E: Conc. Uncertainty","E: Conc. Uncertainty","E: Conc. Uncertainty","1b","1b","1b","E: Conc. Uncertainty","E: Conc. Uncertainty","E: Conc. Uncertainty","E: Conc. Uncertainty","1b","1b","1b","1b","1b","1b","1b","1b","1b"
"2025-03-27 18:00:00","PM10",0,NA,0,122.7987,69.9036,84.3169,124.6166,5.8448,0,1.2232,NA,160.113583,0,0,2.802220588,24.59786317,0,0,1.965843394,0,1.217350003,0,NA,NA,0,NA,NA,0,0,0,NA,NA,0,0,0,0,0,0,1.346448489,0,"1b","E: Conc. Uncertainty","1b","1b","1b","1b","1b","1b","1b","1b","E: Conc. Uncertainty","1b","1b","1b","1b","1b","1b","1b","1b","1b","1b","1b","E: Conc. Uncertainty","E: Conc. Uncertainty","1b","E: Conc. Uncertainty","E: Conc. Uncertainty","1b","1b","1b","E: Conc. Uncertainty","E: Conc. Uncertainty","1b","1b","1b","1b","1b","1b","1b","1b"
"2025-03-27 19:00:00","PM2.5",0,0,0,78.4049,18.9681,43.9887,35.5865,0,0,0.7124,0,44.07165325,0,0,0.716705518,19.23244806,0,0,1.102822765,0,2.871382473,NA,NA,0,0,NA,NA,0,0,0,NA,0,0,0,0,0,0,0,NA,0,"1b","1b","1b","1b","1b","1b","1b","1b","1b","1b","1b","1b","1b","1b","1b","1b","1b","1b","1b","1b","1b","E: Conc. Uncertainty","E: Conc. Uncertainty","1b","1b","E: Conc. Uncertainty","E: Conc. Uncertainty","1b","1b","1b","E: Conc. Uncertainty","1b","1b","1b","1b","1b","1b","1b","E: Conc. Uncertainty","1b"
"2025-03-27 20:00:00","PM10",NA,0,0,73.6433,27.4944,48.3293,44.7092,3.0075,0,1.1388,0,72.61236327,0,NA,1.20741796,8.439399644,0,0,1.410653778,0,1.213350293,0,0,0,0,NA,NA,NA,0,0,0,NA,0,0,NA,0,0,0,NA,0,"E: Conc. Uncertainty","1b","1b","1b","1b","1b","1b","1b","1b","1b","1b","1b","1b","E: Conc. Uncertainty","1b","1b","1b","1b","1b","1b","1b","1b","1b","1b","1b","E: Conc. Uncertainty","E: Conc. Uncertainty","E: Conc. Uncertainty","1b","1b","1b","E: Conc. Uncertainty","1b","1b","E: Conc. Uncertainty","1b","1b","1b","E: Conc. Uncertainty","1b"
"2025-03-27 21:00:00","PM2.5",0,0,0,97.9754,12.5327,25.1533,34.0754,NA,0,0.835,0,27.34804246,0,0,1.03491721,2.895909873,0,0,0.761156512,0,1.0888959,0,NA,NA,0,0,0,0,NA,0,NA,NA,0,0,0,0,0,0,0,0,"1b","1b","1b","1b","1b","1b","1b","E: Conc. Uncertainty","1b","1b","1b","1b","1b","1b","1b","1b","1b","1b","1b","1b","1b","1b","E: Conc. Uncertainty","E: Conc. Uncertainty","1b","1b","1b","1b","E: Conc. Uncertainty","1b","E: Conc. Uncertainty","E: Conc. Uncertainty","1b","1b","1b","1b","1b","1b","1b","1b"
"2025-03-27 22:00:00","PM10",0,NA,0,105.034,88.4655,29.446,46.717,1.4807,0,0.7586,0,49.42046172,0,0,0.975253174,5.815504208,0,0,0.890305031,0,NA,NA,NA,0,0,0,0,NA,0,0,NA,NA,0,0,0,0,0,0,0,0,"1b","E: Conc. Uncertainty","1b","1b","1b","1b","1b","1b","1b","1b","1b","1b","1b","1b","1b","1b","1b","1b","1b","1b","E: Conc. Uncertainty","E: Conc. Uncertainty","E: Conc. Uncertainty","1b","1b","1b","1b","E: Conc. Uncertainty","1b","1b","E: Conc. Uncertainty","E: Conc. Uncertainty","1b","1b","1b","1b","1b","1b","1b","1b"
"2025-03-27 23:00:00","PM2.5",0,0,0,88.719,31.8534,13.5912,15.6875,NA,0,NA,0,12.6875388,0,NA,NA,0.905851459,0,0,NA,0,NA,NA,NA,0,NA,NA,0,0,0,0,NA,NA,0,0,0,0,NA,0,0,0,"1b","1b","1b","1b","1b","1b","1b","E: Conc. Uncertainty","1b","E: Conc. Uncertainty","1b","1b","1b","E: Conc. Uncertainty","E: Conc. Uncertainty","1b","1b","1b","E: Conc. Uncertainty","1b","E: Conc. Uncertainty","E: Conc. Uncertainty","E: Conc. Uncertainty","1b","E: Conc. Uncertainty","E: Conc. Uncertainty","1b","1b","1b","1b","E: Conc. Uncertainty","E: Conc. Uncertainty","1b","1b","1b","1b","E: Conc. Uncertainty","1b","1b","1b"
"2025-03-28 00:30:00","PM10",NA,0,0,131.23,147.1905,18.5994,30.4553,NA,0,NA,0,47.37378933,0,NA,NA,NA,0,0,0,0,NA,0,0,0,0,0,0,0,0,NA,NA,0,0,0,0,0,0,0,0,0,"E: Conc. Uncertainty","1b","1b","1b","1b","1b","1b","E: Conc. Uncertainty","1b","E: Conc. Uncertainty","1b","1b","1b","E: Conc. Uncertainty","E: Conc. Uncertainty","E: Conc. Uncertainty","1b","1b","1b","1b","E: Conc. Uncertainty","1b","1b","1b","1b","1b","1b","1b","1b","E: Conc. Uncertainty","E: Conc. Uncertainty","1b","1b","1b","1b","1b","1b","1b","1b","1b"
"2025-03-28 01:00:00","PM2.5",0,0,NA,125.2148,58.9158,10.3796,11.9479,0,0,0.984,0,6.98758608,0,0,NA,1.079530825,0,0,NA,0,0.938768212,NA,NA,0,NA,0,0,NA,0,0,0,0,0,0,0,0,NA,0,0,0,"1b","1b","E: Conc. Uncertainty","1b","1b","1b","1b","1b","1b","1b","1b","1b","1b","1b","E: Conc. Uncertainty","1b","1b","1b","E: Conc. Uncertainty","1b","1b","E: Conc. Uncertainty","E: Conc. Uncertainty","1b","E: Conc. Uncertainty","1b","1b","E: Conc. Uncertainty","1b","1b","1b","1b","1b","1b","1b","1b","E: Conc. Uncertainty","1b","1b","1b"
"2025-03-28 02:00:00","PM10",0,0,0.3704,153.4104,136.8241,27.9654,37.9517,NA,0,0.9745,0,34.89607665,0,0,NA,6.723095095,0,0,NA,0,1.041667091,0,NA,0,0,NA,0,0,0,0,NA,NA,0,0,0,0,0,0,0,0,"1b","1b","1b","1b","1b","1b","1b","E: Conc. Uncertainty","1b","1b","1b","1b","1b","1b","E: Conc. Uncertainty","1b","1b","1b","E: Conc. Uncertainty","1b","1b","1b","E: Conc. Uncertainty","1b","1b","E: Conc. Uncertainty","1b","1b","1b","1b","E: Conc. Uncertainty","E: Conc. Uncertainty","1b","1b","1b","1b","1b","1b","1b","1b"
"2025-03-28 03:00:00","PM2.5",0,0,NA,110.3178,14.1588,16.35,4.3675,NA,0,NA,0,4.837586747,0,NA,NA,3.756344506,0,0,NA,NA,NA,0,0,0,0,NA,NA,0,0,NA,0,0,0,0,0,0,0,0,0,0,"1b","1b","E: Conc. Uncertainty","1b","1b","1b","1b","E: Conc. Uncertainty","1b","E: Conc. Uncertainty","1b","1b","1b","E: Conc. Uncertainty","E: Conc. Uncertainty","1b","1b","1b","E: Conc. Uncertainty","E: Conc. Uncertainty","E: Conc. Uncertainty","1b","1b","1b","1b","E: Conc. Uncertainty","E: Conc. Uncertainty","1b","1b","E: Conc. Uncertainty","1b","1b","1b","1b","1b","1b","1b","1b","1b","1b"
"2025-03-28 04:00:00","PM10",0,0,0,79.3377,28.2993,12.7123,7.6432,NA,0,NA,0,12.63982071,0,NA,NA,2.311964549,0,0,NA,0,NA,NA,NA,0,0,0,0,0,0,NA,NA,NA,0,NA,0,0,0,0,0,0,"1b","1b","1b","1b","1b","1b","1b","E: Conc. Uncertainty","1b","E: Conc. Uncertainty","1b","1b","1b","E: Conc. Uncertainty","E: Conc. Uncertainty","1b","1b","1b","E: Conc. Uncertainty","1b","E: Conc. Uncertainty","E: Conc. Uncertainty","E: Conc. Uncertainty","1b","1b","1b","1b","1b","1b","E: Conc. Uncertainty","E: Conc. Uncertainty","E: Conc. Uncertainty","1b","E: Conc. Uncertainty","1b","1b","1b","1b","1b","1b"
"2025-03-28 05:00:00","PM2.5",0,0,NA,27.8085,11.2105,4.7322,0,0,0,0.8391,0,3.822362599,0,0,NA,NA,0,0.001597038,0,0,NA,0,0,0,0,NA,0,0,NA,0,NA,NA,0,0,0,0,0,0,0,0,"1b","1b","E: Conc. Uncertainty","1b","1b","1b","1b","1b","1b","1b","1b","1b","1b","1b","E: Conc. Uncertainty","E: Conc. Uncertainty","1b","1b","1b","1b","E: Conc. Uncertainty","1b","1b","1b","1b","E: Conc. Uncertainty","1b","1b","E: Conc. Uncertainty","1b","E: Conc. Uncertainty","E: Conc. Uncertainty","1b","1b","1b","1b","1b","1b","1b","1b"
"2025-03-28 06:00:00","PM10",NA,0,0,180.5307,2030.6391,47.1064,59.6258,NA,0,0.9666,0,55.7391322,0,NA,1.756766933,1.171086373,NA,0,NA,0,2.547714507,NA,NA,0,0,0,0,0,0,0,0,NA,0,0,0,0,0,0,0,0,"E: Conc. Uncertainty","1b","1b","1b","1b","1b","1b","E: Conc. Uncertainty","1b","1b","1b","1b","1b","E: Conc. Uncertainty","1b","1b","E: Conc. Uncertainty","1b","E: Conc. Uncertainty","1b","1b","E: Conc. Uncertainty","E: Conc. Uncertainty","1b","1b","1b","1b","1b","1b","1b","1b","E: Conc. Uncertainty","1b","1b","1b","1b","1b","1b","1b","1b"
"2025-03-28 07:00:00","PM2.5",0,0,0,200.7615,1552.8253,38.7581,39.0634,NA,0,1.014,0,95.80887001,0,NA,2.627414913,1.893078182,0,0,NA,0,2.81353469,NA,NA,0,0,NA,0,0,0,NA,NA,0,0,0,0,0,0,0,0,0,"1b","1b","1b","1b","1b","1b","1b","E: Conc. Uncertainty","1b","1b","1b","1b","1b","E: Conc. Uncertainty","1b","1b","1b","1b","E: Conc. Uncertainty","1b","1b","E: Conc. Uncertainty","E: Conc. Uncertainty","1b","1b","E: Conc. Uncertainty","1b","1b","1b","E: Conc. Uncertainty","E: Conc. Uncertainty","1b","1b","1b","1b","1b","1b","1b","1b","1b"
"2025-03-28 08:00:00","PM10",0,0,0,285.4125,4062.682,92.2912,101.3864,NA,0,0.8697,0,106.1235126,0,NA,2.772050366,5.399069635,0,0,0.004590751,NA,6.867255016,NA,NA,0,0,0,0,0,0,NA,NA,0,0,0,0,0,0,0,0,0,"1b","1b","1b","1b","1b","1b","1b","E: Conc. Uncertainty","1b","1b","1b","1b","1b","E: Conc. Uncertainty","1b","1b","1b","1b","1b","E: Conc. Uncertainty","1b","E: Conc. Uncertainty","E: Conc. Uncertainty","1b","1b","1b","1b","1b","1b","E: Conc. Uncertainty","E: Conc. Uncertainty","1b","1b","1b","1b","1b","1b","1b","1b","1b"
"2025-03-28 09:00:00","PM2.5",0,0,0,188.7565,2008.9221,49.5941,55.6089,NA,0,NA,0,39.63764536,0,NA,1.869185574,2.094362446,0,0,NA,0,3.261130764,1.817069204,NA,0,0,0,NA,0,0,0,NA,0,0,0,0,0,0,0.008558998,0,0,"1b","1b","1b","1b","1b","1b","1b","E: Conc. Uncertainty","1b","E: Conc. Uncertainty","1b","1b","1b","E: Conc. Uncertainty","1b","1b","1b","1b","E: Conc. Uncertainty","1b","1b","1b","E: Conc. Uncertainty","1b","1b","1b","E: Conc. Uncertainty","1b","1b","1b","E: Conc. Uncertainty","1b","1b","1b","1b","1b","1b","1b","1b","1b"
"2025-03-28 10:00:00","PM10",0,0,0,106.8643,1639.6268,45.7879,77.7138,1.5795,0,1.1248,0,63.73304195,0,NA,1.290655501,6.710964403,0,0,0.749383622,0,2.891374778,NA,NA,0,0,NA,0,0,0,NA,0,0,NA,0,0,0,0,0,0,0,"1b","1b","1b","1b","1b","1b","1b","1b","1b","1b","1b","1b","1b","E: Conc. Uncertainty","1b","1b","1b","1b","1b","1b","1b","E: Conc. Uncertainty","E: Conc. Uncertainty","1b","1b","E: Conc. Uncertainty","1b","1b","1b","E: Conc. Uncertainty","1b","1b","E: Conc. Uncertainty","1b","1b","1b","1b","1b","1b","1b"
"2025-03-28 11:00:00","PM2.5",0,0,0,96.1045,1131.8585,28.633,35.8274,NA,0,1.4268,0,26.72182318,0,NA,0.93345203,1.409349883,0,0,NA,0,1.614772612,0,NA,0,0,0,0,0,0,0,0,0,0,0,0,0,0,0,0,0,"1b","1b","1b","1b","1b","1b","1b","E: Conc. Uncertainty","1b","1b","1b","1b","1b","E: Conc. Uncertainty","1b","1b","1b","1b","E: Conc. Uncertainty","1b","1b","1b","E: Conc. Uncertainty","1b","1b","1b","1b","1b","1b","1b","1b","1b","1b","1b","1b","1b","1b","1b","1b","1b"
"2025-03-28 12:00:00","PM10",0,0,0,148.4563,2369.8577,61.1902,89.0401,2.2084,0,NA,0,56.01294469,0,0,1.734975099,3.957611496,0,NA,NA,NA,4.827920193,NA,NA,0,0,NA,0,0,NA,0,0,NA,0,0,0,0,0,0,0,0,"1b","1b","1b","1b","1b","1b","1b","1b","1b","E: Conc. Uncertainty","1b","1b","1b","1b","1b","1b","1b","E: Conc. Uncertainty","E: Conc. Uncertainty","E: Conc. Uncertainty","1b","E: Conc. Uncertainty","E: Conc. Uncertainty","1b","1b","E: Conc. Uncertainty","1b","1b","E: Conc. Uncertainty","1b","1b","E: Conc. Uncertainty","1b","1b","1b","1b","1b","1b","1b","1b"
"2025-03-28 13:00:00","PM2.5",0,0,0,133.1654,1684.1812,45.9093,58.8172,NA,0,1.0489,0,33.79593476,0,NA,0.833506192,4.389309174,0,0,0.909665874,0,3.060836231,NA,NA,NA,0,0,0,0,0,0,0,0,0,0,0,0,0,0,0,0,"1b","1b","1b","1b","1b","1b","1b","E: Conc. Uncertainty","1b","1b","1b","1b","1b","E: Conc. Uncertainty","1b","1b","1b","1b","1b","1b","1b","E: Conc. Uncertainty","E: Conc. Uncertainty","E: Conc. Uncertainty","1b","1b","1b","1b","1b","1b","1b","1b","1b","1b","1b","1b","1b","1b","1b","1b"
"2025-03-28 14:00:00","PM10",0,0,0,205.3798,2847.5421,82.2734,109.7717,2.2979,0,2.8437,0,65.34307417,0,0,1.591882866,4.045269417,0,0,1.156783285,0,6.639830163,NA,NA,0,0,0,NA,0,0,0,NA,0,0,0,0,0,0,0,0,0,"1b","1b","1b","1b","1b","1b","1b","1b","1b","1b","1b","1b","1b","1b","1b","1b","1b","1b","1b","1b","1b","E: Conc. Uncertainty","E: Conc. Uncertainty","1b","1b","1b","E: Conc. Uncertainty","1b","1b","1b","E: Conc. Uncertainty","1b","1b","1b","1b","1b","1b","1b","1b","1b"
"2025-03-28 15:00:00","PM2.5",NA,0,0,176.0906,1679.8061,44.6682,57.2289,0,0,0.7462,0,38.0965916,0,NA,1.312548357,7.451195179,0,0,NA,0,3.232092682,NA,NA,0,0,0,NA,0,0,0,0,NA,NA,0,0,0,0,0,0,0,"E: Conc. Uncertainty","1b","1b","1b","1b","1b","1b","1b","1b","1b","1b","1b","1b","E: Conc. Uncertainty","1b","1b","1b","1b","E: Conc. Uncertainty","1b","1b","E: Conc. Uncertainty","E: Conc. Uncertainty","1b","1b","1b","E: Conc. Uncertainty","1b","1b","1b","1b","E: Conc. Uncertainty","E: Conc. Uncertainty","1b","1b","1b","1b","1b","1b","1b"
"2025-03-28 16:00:00","PM10",0,0,0,218.6946,2852.6293,83.5992,119.5273,2.069,0,0.8534,0,86.81884146,0,0,2.466599499,7.688251817,0,0,NA,0,5.695487574,NA,NA,0,0,0,0,0,0,0,NA,NA,NA,0,0,0,0,0,0,0,"1b","1b","1b","1b","1b","1b","1b","1b","1b","1b","1b","1b","1b","1b","1b","1b","1b","1b","E: Conc. Uncertainty","1b","1b","E: Conc. Uncertainty","E: Conc. Uncertainty","1b","1b","1b","1b","1b","1b","1b","E: Conc. Uncertainty","E: Conc. Uncertainty","E: Conc. Uncertainty","1b","1b","1b","1b","1b","1b","1b"
"2025-03-28 17:00:00","PM2.5",0,0,NA,150.6311,1431.4652,41.0599,44.6123,NA,0,0.8759,0,46.36816938,NA,0,1.225111661,9.416516599,0,0,NA,0,2.559503098,NA,NA,0,0,0,NA,0,0,0,0,NA,0,0,0,0,0,0,0,0,"1b","1b","E: Conc. Uncertainty","1b","1b","1b","1b","E: Conc. Uncertainty","1b","1b","1b","1b","E: Conc. Uncertainty","1b","1b","1b","1b","1b","E: Conc. Uncertainty","1b","1b","E: Conc. Uncertainty","E: Conc. Uncertainty","1b","1b","1b","E: Conc. Uncertainty","1b","1b","1b","1b","E: Conc. Uncertainty","1b","1b","1b","1b","1b","1b","1b","1b"
"2025-03-28 18:00:00","PM10",0,0,0,167.5582,1856.6113,59.8375,94.6985,2.113,0,1.0197,0,105.5794965,0,0,3.919496868,8.884965021,0,0,NA,0,4.074971529,NA,0,NA,0,0,NA,0,0,0,0,NA,0,0,0,0,0,0,0,0,"1b","1b","1b","1b","1b","1b","1b","1b","1b","1b","1b","1b","1b","1b","1b","1b","1b","1b","E: Conc. Uncertainty","1b","1b","E: Conc. Uncertainty","1b","E: Conc. Uncertainty","1b","1b","E: Conc. Uncertainty","1b","1b","1b","1b","E: Conc. Uncertainty","1b","1b","1b","1b","1b","1b","1b","1b"
"2025-03-28 19:00:00","PM2.5",0,0,0,103.7217,759.7548,43.8399,29.4695,1.0388,0,NA,0,51.8130371,0,0,1.525404228,11.88707083,0,0,NA,0,1.432014418,NA,0,0,0,0,0,0,0,NA,NA,0,0,0,0,0,0,0,NA,0,"1b","1b","1b","1b","1b","1b","1b","1b","1b","E: Conc. Uncertainty","1b","1b","1b","1b","1b","1b","1b","1b","E: Conc. Uncertainty","1b","1b","E: Conc. Uncertainty","1b","1b","1b","1b","1b","1b","1b","E: Conc. Uncertainty","E: Conc. Uncertainty","1b","1b","1b","1b","1b","1b","1b","E: Conc. Uncertainty","1b"
"2025-03-28 20:00:00","PM10",0,NA,0,112.2621,1079.4558,59.4464,61.4406,2.4392,0,NA,0,211.4643904,0,NA,19.53845997,10.41966976,0,0,0.762816597,0,1.629306132,NA,0,0,0,0,NA,0,0,NA,NA,0,8.0116,0,0,0,0,0,0,0,"1b","E: Conc. Uncertainty","1b","1b","1b","1b","1b","1b","1b","E: Conc. Uncertainty","1b","1b","1b","E: Conc. Uncertainty","1b","1b","1b","1b","1b","1b","1b","E: Conc. Uncertainty","1b","1b","1b","1b","E: Conc. Uncertainty","1b","1b","E: Conc. Uncertainty","E: Conc. Uncertainty","1b","1b","1b","1b","1b","1b","1b","1b","1b"
"2025-03-28 21:00:00","PM2.5",NA,0,NA,84.0483,441.6749,40.2696,20.429,0,0,1.1005,0,92.22659933,0,0,5.657943067,7.890358127,0,0,2.331649832,0,1.611651872,NA,NA,0,0,9.5924,NA,0,0,0,0,NA,NA,0,0,0,NA,0,0,0,"E: Conc. Uncertainty","1b","E: Conc. Uncertainty","1b","1b","1b","1b","1b","1b","1b","1b","1b","1b","1b","1b","1b","1b","1b","1b","1b","1b","E: Conc. Uncertainty","E: Conc. Uncertainty","1b","1b","1b","E: Conc. Uncertainty","1b","1b","1b","1b","E: Conc. Uncertainty","E: Conc. Uncertainty","1b","1b","1b","E: Conc. Uncertainty","1b","1b","1b"
"2025-03-28 22:00:00","PM10",0,0,0,111.5443,1041.2375,65.2512,57.7304,1.9981,0,1.0128,NA,241.5334371,0,0,13.40839768,9.425805533,0,0,1.648098973,0,1.246945233,NA,NA,0,0,NA,NA,NA,0,0.0447,NA,0,8.3536,0,0,0,0,0,0,0,"1b","1b","1b","1b","1b","1b","1b","1b","1b","1b","E: Conc. Uncertainty","1b","1b","1b","1b","1b","1b","1b","1b","1b","1b","E: Conc. Uncertainty","E: Conc. Uncertainty","1b","1b","E: Conc. Uncertainty","E: Conc. Uncertainty","E: Conc. Uncertainty","1b","1b","E: Conc. Uncertainty","1b","1b","1b","1b","1b","1b","1b","1b","1b"
"2025-03-28 23:00:00","PM2.5",0,0,NA,89.5752,476.8188,35.2736,22.8281,NA,NA,1.5295,0,95.9015143,0,0,2.276179517,4.68119189,0,0,NA,0,NA,NA,NA,NA,0,0,NA,0,NA,0,NA,NA,NA,0,0,0,0,0,0,0,"1b","1b","E: Conc. Uncertainty","1b","1b","1b","1b","E: Conc. Uncertainty","E: Conc. Uncertainty","1b","1b","1b","1b","1b","1b","1b","1b","1b","E: Conc. Uncertainty","1b","E: Conc. Uncertainty","E: Conc. Uncertainty","E: Conc. Uncertainty","E: Conc. Uncertainty","1b","1b","E: Conc. Uncertainty","1b","E: Conc. Uncertainty","1b","E: Conc. Uncertainty","E: Conc. Uncertainty","E: Conc. Uncertainty","1b","1b","1b","1b","1b","1b","1b"
"2025-03-29 00:30:00","PM10",0,0,0,125.5642,1336.3263,49.8243,53.6632,NA,0,NA,0,66.35237483,0,0,NA,2.607225116,0.000580997,0,NA,NA,NA,NA,NA,NA,0,NA,0,0,0,NA,0,NA,0,0,0,0,0,0,0,0,"1b","1b","1b","1b","1b","1b","1b","E: Conc. Uncertainty","1b","E: Conc. Uncertainty","1b","1b","1b","1b","E: Conc. Uncertainty","1b","1b","1b","E: Conc. Uncertainty","E: Conc. Uncertainty","E: Conc. Uncertainty","E: Conc. Uncertainty","E: Conc. Uncertainty","E: Conc. Uncertainty","1b","E: Conc. Uncertainty","1b","1b","1b","E: Conc. Uncertainty","1b","E: Conc. Uncertainty","1b","1b","1b","1b","1b","1b","1b","1b"
"2025-03-29 01:00:00","PM2.5",0,0,0,100.9094,584.8231,29.523,17.4422,0,0,0.987,0,23.41940687,0,NA,NA,1.403440355,0,0,NA,NA,NA,NA,NA,0,0,0,0,NA,0,NA,0,NA,0,0,0,0,0,0,0,0,"1b","1b","1b","1b","1b","1b","1b","1b","1b","1b","1b","1b","1b","E: Conc. Uncertainty","E: Conc. Uncertainty","1b","1b","1b","E: Conc. Uncertainty","E: Conc. Uncertainty","E: Conc. Uncertainty","E: Conc. Uncertainty","E: Conc. Uncertainty","1b","1b","1b","1b","E: Conc. Uncertainty","1b","E: Conc. Uncertainty","1b","E: Conc. Uncertainty","1b","1b","1b","1b","1b","1b","1b","1b"
"2025-03-29 02:00:00","PM10",0,0,0,148.6289,1388.8838,46.9712,42.1464,NA,0,0.9242,0,33.01527471,0,0,NA,2.059094101,0,0,NA,0,1.750526626,NA,0,NA,0,NA,0,0,NA,NA,NA,0,NA,0,0,0,0,0,0,0,"1b","1b","1b","1b","1b","1b","1b","E: Conc. Uncertainty","1b","1b","1b","1b","1b","1b","E: Conc. Uncertainty","1b","1b","1b","E: Conc. Uncertainty","1b","1b","E: Conc. Uncertainty","1b","E: Conc. Uncertainty","1b","E: Conc. Uncertainty","1b","1b","E: Conc. Uncertainty","E: Conc. Uncertainty","E: Conc. Uncertainty","1b","E: Conc. Uncertainty","1b","1b","1b","1b","1b","1b","1b"
"2025-03-29 03:00:00","PM2.5",0,0,0,108.8188,578.6874,32.1329,14.7221,0,0,NA,0,10.15022891,NA,NA,NA,2.814843829,0,0,NA,0,1.279255265,NA,0,NA,0,NA,NA,0,0,0,NA,0,0,0,0,0,0,0,0,0,"1b","1b","1b","1b","1b","1b","1b","1b","1b","E: Conc. Uncertainty","1b","1b","E: Conc. Uncertainty","E: Conc. Uncertainty","E: Conc. Uncertainty","1b","1b","1b","E: Conc. Uncertainty","1b","1b","E: Conc. Uncertainty","1b","E: Conc. Uncertainty","1b","E: Conc. Uncertainty","E: Conc. Uncertainty","1b","1b","1b","E: Conc. Uncertainty","1b","1b","1b","1b","1b","1b","1b","1b","1b"
"2025-03-29 04:00:00","PM10",0,0,0,162.8795,1442.9996,49.9947,45.653,NA,0,0.901,0,24.00865286,NA,0,NA,2.795513935,0,0,0.767013391,0,2.091917559,NA,NA,0,0,NA,0,0,NA,0,NA,NA,0,0,0,0,0,0,0,0,"1b","1b","1b","1b","1b","1b","1b","E: Conc. Uncertainty","1b","1b","1b","1b","E: Conc. Uncertainty","1b","E: Conc. Uncertainty","1b","1b","1b","1b","1b","1b","E: Conc. Uncertainty","E: Conc. Uncertainty","1b","1b","E: Conc. Uncertainty","1b","1b","E: Conc. Uncertainty","1b","E: Conc. Uncertainty","E: Conc. Uncertainty","1b","1b","1b","1b","1b","1b","1b","1b"
"2025-03-29 05:00:00","PM2.5",0,0,0,120.5949,542.7114,33.8729,22.2649,0,0,1.1656,0,12.96251144,0,NA,0.748113879,2.666304016,0,0,NA,0,1.154529741,NA,0,NA,0,0,0,0,0,NA,0,NA,0,0,0,0,0,0,0,0,"1b","1b","1b","1b","1b","1b","1b","1b","1b","1b","1b","1b","1b","E: Conc. Uncertainty","1b","1b","1b","1b","E: Conc. Uncertainty","1b","1b","E: Conc. Uncertainty","1b","E: Conc. Uncertainty","1b","1b","1b","1b","1b","E: Conc. Uncertainty","1b","E: Conc. Uncertainty","1b","1b","1b","1b","1b","1b","1b","1b"
"2025-03-29 06:00:00","PM10",0,NA,0,213.5329,1902.8527,66.6639,60.4896,1.874,0,0.8152,0,117.6944057,0,NA,4.956238996,3.475671935,0,0,1.367846857,0,3.087684839,NA,NA,0,NA,0,0,0,0,0,NA,NA,0,0,0,NA,0,0,0,0,"1b","E: Conc. Uncertainty","1b","1b","1b","1b","1b","1b","1b","1b","1b","1b","1b","E: Conc. Uncertainty","1b","1b","1b","1b","1b","1b","1b","E: Conc. Uncertainty","E: Conc. Uncertainty","1b","E: Conc. Uncertainty","1b","1b","1b","1b","1b","E: Conc. Uncertainty","E: Conc. Uncertainty","1b","1b","1b","E: Conc. Uncertainty","1b","1b","1b","1b"
"2025-03-29 07:00:00","PM2.5",0,0,0,193.01,1192.0452,48.419,32.7455,NA,0,1.0354,0,28.01925809,0,0,1.150180417,1.75642192,0,0,1.577640577,0,1.822680391,0,NA,0,0,0,NA,NA,0,NA,NA,NA,0,0,NA,0,0,0,0,0,"1b","1b","1b","1b","1b","1b","1b","E: Conc. Uncertainty","1b","1b","1b","1b","1b","1b","1b","1b","1b","1b","1b","1b","1b","1b","E: Conc. Uncertainty","1b","1b","1b","E: Conc. Uncertainty","E: Conc. Uncertainty","1b","E: Conc. Uncertainty","E: Conc. Uncertainty","E: Conc. Uncertainty","1b","1b","E: Conc. Uncertainty","1b","1b","1b","1b","1b"
"2025-03-29 08:00:00","PM10",0,0,0,301.8504,4119.6335,100.0869,113.5132,NA,0,0.7223,0,58.79558457,NA,NA,1.91874055,1.788351518,0,0,NA,0,5.850843856,1.385875117,NA,0,NA,0,0,0,0,0,NA,NA,0,0,0,0,0,0,0,0,"1b","1b","1b","1b","1b","1b","1b","E: Conc. Uncertainty","1b","1b","1b","1b","E: Conc. Uncertainty","E: Conc. Uncertainty","1b","1b","1b","1b","E: Conc. Uncertainty","1b","1b","1b","E: Conc. Uncertainty","1b","E: Conc. Uncertainty","1b","1b","1b","1b","1b","E: Conc. Uncertainty","E: Conc. Uncertainty","1b","1b","1b","1b","1b","1b","1b","1b"
"2025-03-29 09:00:00","PM2.5",0,0,0,241.7814,2242.6301,60.0602,59.4993,NA,0,0.8097,0,29.91667604,0,NA,1.962001901,1.039214284,0,0,NA,NA,2.906527538,NA,0,NA,0,NA,0,0,0,0,0,NA,NA,0,0,0,0,0,0,0,"1b","1b","1b","1b","1b","1b","1b","E: Conc. Uncertainty","1b","1b","1b","1b","1b","E: Conc. Uncertainty","1b","1b","1b","1b","E: Conc. Uncertainty","E: Conc. Uncertainty","1b","E: Conc. Uncertainty","1b","E: Conc. Uncertainty","1b","E: Conc. Uncertainty","1b","1b","1b","1b","1b","E: Conc. Uncertainty","E: Conc. Uncertainty","1b","1b","1b","1b","1b","1b","1b"
"2025-03-29 10:00:00","PM10",0,0,0,306.254,4078.1056,114.0396,118.5811,NA,0,0.9377,0,42.58874186,0,NA,1.380690147,3.063405945,0,NA,NA,0,6.501343648,1.378939332,0,0,0,0,0,0,NA,0,0,NA,0,0,0,0,0,0,0,0,"1b","1b","1b","1b","1b","1b","1b","E: Conc. Uncertainty","1b","1b","1b","1b","1b","E: Conc. Uncertainty","1b","1b","1b","E: Conc. Uncertainty","E: Conc. Uncertainty","1b","1b","1b","1b","1b","1b","1b","1b","1b","E: Conc. Uncertainty","1b","1b","E: Conc. Uncertainty","1b","1b","1b","1b","1b","1b","1b","1b"
"2025-03-29 11:00:00","PM2.5",0,0,0,214.9779,1879.2778,82.4395,60.4394,NA,0,1.2343,0,25.39280322,NA,NA,0.933592475,2.780556236,0,0,0.898536974,0,3.340301583,NA,0,0,0,0,0,0,0,0,NA,0,0,0,0,0,0,0,0,0,"1b","1b","1b","1b","1b","1b","1b","E: Conc. Uncertainty","1b","1b","1b","1b","E: Conc. Uncertainty","E: Conc. Uncertainty","1b","1b","1b","1b","1b","1b","1b","E: Conc. Uncertainty","1b","1b","1b","1b","1b","1b","1b","1b","E: Conc. Uncertainty","1b","1b","1b","1b","1b","1b","1b","1b","1b"
"2025-03-29 12:00:00","PM10",0,0,0,264.3315,3051.7774,120.2389,95.8656,NA,0,NA,0,43.43948818,0,NA,1.195486426,5.657277808,0,0,0.733623787,0,6.043456132,NA,NA,0,0,NA,NA,0,0,NA,NA,NA,0,0,0,0,0,0,0,0,"1b","1b","1b","1b","1b","1b","1b","E: Conc. Uncertainty","1b","E: Conc. Uncertainty","1b","1b","1b","E: Conc. Uncertainty","1b","1b","1b","1b","1b","1b","1b","E: Conc. Uncertainty","E: Conc. Uncertainty","1b","1b","E: Conc. Uncertainty","E: Conc. Uncertainty","1b","1b","E: Conc. Uncertainty","E: Conc. Uncertainty","E: Conc. Uncertainty","1b","1b","1b","1b","1b","1b","1b","1b"
"2025-03-29 13:00:00","PM2.5",0,0,0,284.7248,1593.2387,85.5419,55.2431,NA,0,0.9226,0,33.20595511,0,0,NA,5.153020817,NA,0,0.708912302,0,3.581299944,NA,NA,0,0,0,0,0,0,0,NA,0,0,0,0,0,0,0,NA,0,"1b","1b","1b","1b","1b","1b","1b","E: Conc. Uncertainty","1b","1b","1b","1b","1b","1b","E: Conc. Uncertainty","1b","E: Conc. Uncertainty","1b","1b","1b","1b","E: Conc. Uncertainty","E: Conc. Uncertainty","1b","1b","1b","1b","1b","1b","1b","E: Conc. Uncertainty","1b","1b","1b","1b","1b","1b","1b","E: Conc. Uncertainty","1b"
"2025-03-29 14:00:00","PM10",0,0.4647,0,452.2776,3084.2223,110.3836,128.1485,2.1762,0,0.8011,NA,73.04222746,0,0,1.345809783,13.02382792,0,0,1.110539584,0.005855325,5.979577522,1.525850852,NA,0,0,0,NA,0,0,0,NA,NA,0,0,0,0,0,0,3.232179889,0,"1b","1b","1b","1b","1b","1b","1b","1b","1b","1b","E: Conc. Uncertainty","1b","1b","1b","1b","1b","1b","1b","1b","1b","1b","1b","E: Conc. Uncertainty","1b","1b","1b","E: Conc. Uncertainty","1b","1b","1b","E: Conc. Uncertainty","E: Conc. Uncertainty","1b","1b","1b","1b","1b","1b","1b","1b"
"2025-03-29 15:00:00","PM2.5",0,0,0,236.1855,1310.6686,50.8441,47.8132,NA,NA,0.7138,0,28.10048748,0,0,1.018481391,6.912233745,0,0,0.849472324,0,2.574470034,NA,NA,0,0,0,0,0,0,0,0,0,0,0,0,0,0,0,NA,0,"1b","1b","1b","1b","1b","1b","1b","E: Conc. Uncertainty","E: Conc. Uncertainty","1b","1b","1b","1b","1b","1b","1b","1b","1b","1b","1b","1b","E: Conc. Uncertainty","E: Conc. Uncertainty","1b","1b","1b","1b","1b","1b","1b","1b","1b","1b","1b","1b","1b","1b","1b","E: Conc. Uncertainty","1b"
"2025-03-29 16:00:00","PM10",0,0,0,251.1764,2618.5387,94.2789,104.5585,2.4686,0,1.0712,0,75.88814443,0,NA,1.196004358,12.2300447,0,0,1.279766208,0,3.508476992,NA,NA,0,0,0,NA,0,0,NA,NA,0,0,0,0,0,0,0,1.685053,0,"1b","1b","1b","1b","1b","1b","1b","1b","1b","1b","1b","1b","1b","E: Conc. Uncertainty","1b","1b","1b","1b","1b","1b","1b","E: Conc. Uncertainty","E: Conc. Uncertainty","1b","1b","1b","E: Conc. Uncertainty","1b","1b","E: Conc. Uncertainty","E: Conc. Uncertainty","1b","1b","1b","1b","1b","1b","1b","1b","1b"
"2025-03-29 17:00:00","PM2.5",0,0,0,158.4823,1291.1683,42.459,39.4816,NA,0,1.0644,0,29.68266216,0,0,NA,3.439248341,0,0,1.033592573,0,2.510617289,NA,NA,0,0,0,NA,NA,0,0,NA,0.1145,0,0.0122,0,0,0,0,0,0,"1b","1b","1b","1b","1b","1b","1b","E: Conc. Uncertainty","1b","1b","1b","1b","1b","1b","E: Conc. Uncertainty","1b","1b","1b","1b","1b","1b","E: Conc. Uncertainty","E: Conc. Uncertainty","1b","1b","1b","E: Conc. Uncertainty","E: Conc. Uncertainty","1b","1b","E: Conc. Uncertainty","1b","1b","1b","1b","1b","1b","1b","1b","1b"
"2025-03-29 18:00:00","PM10",0,0,0,198.2967,1982.2441,71.4094,89.6361,1.2701,0,0.9368,0,64.09686217,0,0,1.102480031,5.122305979,0,0,1.240740741,0,2.925813569,NA,0,0,0,0,0.0027,0,0,0,NA,0,0,0,0,0,0,0,0,0,"1b","1b","1b","1b","1b","1b","1b","1b","1b","1b","1b","1b","1b","1b","1b","1b","1b","1b","1b","1b","1b","E: Conc. Uncertainty","1b","1b","1b","1b","1b","1b","1b","1b","E: Conc. Uncertainty","1b","1b","1b","1b","1b","1b","1b","1b","1b"
"2025-03-29 19:00:00","PM2.5",NA,0,0,181.6839,709.292,45.9162,21.1939,0,0,NA,0,20.87771468,0,NA,0.788392257,6.419796055,0,0,0.826199345,NA,2.455893428,NA,0,0,0,0,NA,0,0,NA,0,0,0,0,0,0,0,0,0,0,"E: Conc. Uncertainty","1b","1b","1b","1b","1b","1b","1b","1b","E: Conc. Uncertainty","1b","1b","1b","E: Conc. Uncertainty","1b","1b","1b","1b","1b","E: Conc. Uncertainty","1b","E: Conc. Uncertainty","1b","1b","1b","1b","E: Conc. Uncertainty","1b","1b","E: Conc. Uncertainty","1b","1b","1b","1b","1b","1b","1b","1b","1b","1b"
"2025-03-29 20:00:00","PM10",0,0,0,161.6293,745.7821,56.9046,38.0773,1.3706,0,0.895,0,48.36736376,0.004803338,NA,1.254393731,4.123166947,0,0,0.647117488,0,2.83118099,0,NA,0,0,0,0,NA,0,NA,NA,0,NA,0,0,0,0,0,0,0,"1b","1b","1b","1b","1b","1b","1b","1b","1b","1b","1b","1b","1b","E: Conc. Uncertainty","1b","1b","1b","1b","1b","1b","1b","1b","E: Conc. Uncertainty","1b","1b","1b","1b","E: Conc. Uncertainty","1b","E: Conc. Uncertainty","E: Conc. Uncertainty","1b","E: Conc. Uncertainty","1b","1b","1b","1b","1b","1b","1b"
"2025-03-29 21:00:00","PM2.5",0,0,0,114.4035,215.8803,32.7745,14.6366,0,0,1.0346,0,20.84733433,0,0,0.712497701,3.960653493,NA,0,NA,0,1.312054274,NA,NA,0,0,NA,0,0,0,0,NA,NA,0,0,0,0,0,0,0,0,"1b","1b","1b","1b","1b","1b","1b","1b","1b","1b","1b","1b","1b","1b","1b","1b","E: Conc. Uncertainty","1b","E: Conc. Uncertainty","1b","1b","E: Conc. Uncertainty","E: Conc. Uncertainty","1b","1b","E: Conc. Uncertainty","1b","1b","1b","1b","E: Conc. Uncertainty","E: Conc. Uncertainty","1b","1b","1b","1b","1b","1b","1b","1b"
"2025-03-29 22:00:00","PM10",0,NA,0,158.7421,423.2269,47.7643,22.5912,NA,NA,1.2658,0,53.6983284,0,0,0.763259368,5.117500432,0,0,1.456103938,NA,1.491550428,NA,NA,0,0,0,0,0,0,0,NA,0,0,0,0,0,0,0,0.906022037,0,"1b","E: Conc. Uncertainty","1b","1b","1b","1b","1b","E: Conc. Uncertainty","E: Conc. Uncertainty","1b","1b","1b","1b","1b","1b","1b","1b","1b","1b","E: Conc. Uncertainty","1b","E: Conc. Uncertainty","E: Conc. Uncertainty","1b","1b","1b","1b","1b","1b","1b","E: Conc. Uncertainty","1b","1b","1b","1b","1b","1b","1b","1b","1b"
"2025-03-29 23:00:00","PM2.5",0,0,0,86.0221,54.6408,25.9632,3.1301,0,0,0.9865,0,27.05983602,0,0,NA,1.933370678,0,0.00597851,0.868747772,NA,NA,NA,NA,0,0,NA,0,0,0,0,NA,NA,0,0,0,0,0,NA,0,0,"1b","1b","1b","1b","1b","1b","1b","1b","1b","1b","1b","1b","1b","1b","E: Conc. Uncertainty","1b","1b","1b","1b","E: Conc. Uncertainty","E: Conc. Uncertainty","E: Conc. Uncertainty","E: Conc. Uncertainty","1b","1b","E: Conc. Uncertainty","1b","1b","1b","1b","E: Conc. Uncertainty","E: Conc. Uncertainty","1b","1b","1b","1b","1b","E: Conc. Uncertainty","1b","1b"
"2025-03-30 00:30:00","PM10",0,0,0,139.4919,312.0582,17.4045,9.9404,0,0,NA,0,26.13381086,NA,0,NA,NA,0,0.006436209,NA,0,0,NA,NA,0,0,NA,0,0,0,NA,NA,0,0,0,0,0,0,0,0,0,"1b","1b","1b","1b","1b","1b","1b","1b","1b","E: Conc. Uncertainty","1b","1b","E: Conc. Uncertainty","1b","E: Conc. Uncertainty","E: Conc. Uncertainty","1b","1b","E: Conc. Uncertainty","1b","1b","E: Conc. Uncertainty","E: Conc. Uncertainty","1b","1b","E: Conc. Uncertainty","1b","1b","1b","E: Conc. Uncertainty","E: Conc. Uncertainty","1b","1b","1b","1b","1b","1b","1b","1b","1b"
"2025-03-30 01:00:00","PM2.5",0,0,0,196.9927,496.3291,18.5794,16.2304,0,0,0.7274,0,6.30805489,0,0,1.268316074,NA,0,0,NA,NA,1.120114268,NA,1.719134826,0,0,0,0,0,NA,0,0,0,0,0,0,0,0,0,0,0,"1b","1b","1b","1b","1b","1b","1b","1b","1b","1b","1b","1b","1b","1b","1b","E: Conc. Uncertainty","1b","1b","E: Conc. Uncertainty","E: Conc. Uncertainty","1b","E: Conc. Uncertainty","1b","1b","1b","1b","1b","1b","E: Conc. Uncertainty","1b","1b","1b","1b","1b","1b","1b","1b","1b","1b","1b"
"2025-03-30 02:00:00","PM10",0,0,0,276.7133,2099.976,54.5594,57.9497,NA,0,1.0379,0,15.10354033,0,NA,0.915247356,NA,0,0,NA,NA,4.134132478,NA,NA,0,0,0,NA,0,0,0,NA,0,NA,0,0,0,0,0,0,0,"1b","1b","1b","1b","1b","1b","1b","E: Conc. Uncertainty","1b","1b","1b","1b","1b","E: Conc. Uncertainty","1b","E: Conc. Uncertainty","1b","1b","E: Conc. Uncertainty","E: Conc. Uncertainty","1b","E: Conc. Uncertainty","E: Conc. Uncertainty","1b","1b","1b","E: Conc. Uncertainty","1b","1b","1b","E: Conc. Uncertainty","1b","E: Conc. Uncertainty","1b","1b","1b","1b","1b","1b","1b"
"2025-03-30 03:00:00","PM2.5",0,0,0,237.298,1584.778,40.9045,39.6357,NA,0,0.9291,0,6.169401019,0,0,0,0.763865862,0,0,NA,0,3.76849375,NA,NA,0,0,0,0,NA,0,0,0,NA,0,0,0,0,0,0,0,0,"1b","1b","1b","1b","1b","1b","1b","E: Conc. Uncertainty","1b","1b","1b","1b","1b","1b","1b","1b","1b","1b","E: Conc. Uncertainty","1b","1b","E: Conc. Uncertainty","E: Conc. Uncertainty","1b","1b","1b","1b","E: Conc. Uncertainty","1b","1b","1b","E: Conc. Uncertainty","1b","1b","1b","1b","1b","1b","1b","1b"
"2025-03-30 04:00:00","PM10",NA,0,0,486.6033,6127.3064,132.9483,136.9119,NA,0,NA,0,10.25416624,0,NA,NA,1.485247736,0,0,0,NA,12.96509309,2.976172551,NA,0,0,0,NA,0,0,0,0,NA,0,0,0.0073,0,0,0,0,0,"E: Conc. Uncertainty","1b","1b","1b","1b","1b","1b","E: Conc. Uncertainty","1b","E: Conc. Uncertainty","1b","1b","1b","E: Conc. Uncertainty","E: Conc. Uncertainty","1b","1b","1b","1b","E: Conc. Uncertainty","1b","1b","E: Conc. Uncertainty","1b","1b","1b","E: Conc. Uncertainty","1b","1b","1b","1b","E: Conc. Uncertainty","1b","1b","1b","1b","1b","1b","1b","1b"
"2025-03-30 05:00:00","PM2.5",0,0,0,425.2752,4319.3484,112.7328,95.8452,0,NA,NA,0,8.507587006,NA,NA,NA,1.366220532,0,0,0,NA,12.50671236,NA,0,0,0,0,NA,0,0,0,0,NA,0,0,0,0,0,0,0,0,"1b","1b","1b","1b","1b","1b","1b","1b","E: Conc. Uncertainty","E: Conc. Uncertainty","1b","1b","E: Conc. Uncertainty","E: Conc. Uncertainty","E: Conc. Uncertainty","1b","1b","1b","1b","E: Conc. Uncertainty","1b","E: Conc. Uncertainty","1b","1b","1b","1b","E: Conc. Uncertainty","1b","1b","1b","1b","E: Conc. Uncertainty","1b","1b","1b","1b","1b","1b","1b","1b"
"2025-03-30 06:00:00","PM10",0,0,0,553.3035,8716.8487,191.5148,196.7351,NA,0,0.9399,0,22.819587,0,0,NA,1.222558244,0,0,0,NA,18.54005784,1.611884979,NA,0,0,NA,NA,0,0,0.0191,0,NA,0,0,0,0,0,0,0,0,"1b","1b","1b","1b","1b","1b","1b","E: Conc. Uncertainty","1b","1b","1b","1b","1b","1b","E: Conc. Uncertainty","1b","1b","1b","1b","E: Conc. Uncertainty","1b","1b","E: Conc. Uncertainty","1b","1b","E: Conc. Uncertainty","E: Conc. Uncertainty","1b","1b","1b","1b","E: Conc. Uncertainty","1b","1b","1b","1b","1b","1b","1b","1b"
"2025-03-30 07:00:00","PM2.5",0,0,0,388.4675,5565.8512,120.477,121.6614,0,0,0.7669,0,12.65875948,0,0,NA,1.100127207,NA,0,NA,0,12.03666616,NA,NA,NA,0,NA,0,0,0,0,NA,0,0,0,0,0,0,0,0,0,"1b","1b","1b","1b","1b","1b","1b","1b","1b","1b","1b","1b","1b","1b","E: Conc. Uncertainty","1b","E: Conc. Uncertainty","1b","E: Conc. Uncertainty","1b","1b","E: Conc. Uncertainty","E: Conc. Uncertainty","E: Conc. Uncertainty","1b","E: Conc. Uncertainty","1b","1b","1b","1b","E: Conc. Uncertainty","1b","1b","1b","1b","1b","1b","1b","1b","1b"
"2025-03-30 08:00:00","PM10",NA,0,0,539.4315,10051.614,210.738,224.5755,NA,NA,1.1623,0,30.49333089,0,0,NA,0.985328979,0,0,0,NA,17.59880556,4.115770839,NA,0,0,0,0,NA,0,0,NA,0,0,0,0,0,0,0,0,0,"E: Conc. Uncertainty","1b","1b","1b","1b","1b","1b","E: Conc. Uncertainty","E: Conc. Uncertainty","1b","1b","1b","1b","1b","E: Conc. Uncertainty","1b","1b","1b","1b","E: Conc. Uncertainty","1b","1b","E: Conc. Uncertainty","1b","1b","1b","1b","E: Conc. Uncertainty","1b","1b","E: Conc. Uncertainty","1b","1b","1b","1b","1b","1b","1b","1b","1b"
"2025-03-30 09:00:00","PM2.5",0,0,0,273.7312,4694.9384,94.2929,100.7551,NA,0,NA,0,19.85062811,NA,NA,NA,NA,0,0,NA,0,8.35691944,1.752279651,0,0,0,0,NA,0,0,0,0,NA,0,0,0,0,0,0,0,0,"1b","1b","1b","1b","1b","1b","1b","E: Conc. Uncertainty","1b","E: Conc. Uncertainty","1b","1b","E: Conc. Uncertainty","E: Conc. Uncertainty","E: Conc. Uncertainty","E: Conc. Uncertainty","1b","1b","E: Conc. Uncertainty","1b","1b","1b","1b","1b","1b","1b","E: Conc. Uncertainty","1b","1b","1b","1b","E: Conc. Uncertainty","1b","1b","1b","1b","1b","1b","1b","1b"
"2025-03-30 10:00:00","PM10",0,0,0,327.615,6732.8995,139.9249,164.4548,NA,0,1.268,0,36.91808473,0,NA,NA,1.43775359,0,0,0,0,13.60862589,2.238704073,NA,0,0,NA,0,0,0,NA,NA,0,0,0,0,0,0,0,0,0,"1b","1b","1b","1b","1b","1b","1b","E: Conc. Uncertainty","1b","1b","1b","1b","1b","E: Conc. Uncertainty","E: Conc. Uncertainty","1b","1b","1b","1b","1b","1b","1b","E: Conc. Uncertainty","1b","1b","E: Conc. Uncertainty","1b","1b","1b","E: Conc. Uncertainty","E: Conc. Uncertainty","1b","1b","1b","1b","1b","1b","1b","1b","1b"
"2025-03-30 11:00:00","PM2.5",0,0,0,251.4326,3893.1267,81.5422,85.656,0,0,0.7689,0,13.54497904,0,0,NA,NA,0,0.006502625,0,NA,7.358784141,1.472188301,NA,0,0,0,0,0,0,0,NA,0,0,0,NA,0,0,0,0,0,"1b","1b","1b","1b","1b","1b","1b","1b","1b","1b","1b","1b","1b","1b","E: Conc. Uncertainty","E: Conc. Uncertainty","1b","1b","1b","E: Conc. Uncertainty","1b","1b","E: Conc. Uncertainty","1b","1b","1b","1b","1b","1b","1b","E: Conc. Uncertainty","1b","1b","1b","E: Conc. Uncertainty","1b","1b","1b","1b","1b"
"2025-03-30 12:00:00","PM10",0,0,0,274.0426,5526.5484,124.1057,138.8905,2.3528,0,0.7442,0,44.6970748,0,0,0.921723387,1.203218129,0,0,0,NA,10.58547774,1.736538579,NA,0,0,NA,0,0,0,0,NA,0,0,0,0,0,0,0,0,0,"1b","1b","1b","1b","1b","1b","1b","1b","1b","1b","1b","1b","1b","1b","1b","1b","1b","1b","1b","E: Conc. Uncertainty","1b","1b","E: Conc. Uncertainty","1b","1b","E: Conc. Uncertainty","1b","1b","1b","1b","E: Conc. Uncertainty","1b","1b","1b","1b","1b","1b","1b","1b","1b"
"2025-03-30 13:00:00","PM2.5",0,0,0,200.0658,3256.1347,82.715,73.9452,NA,0,0.8253,0,18.8996917,0,0,0.734784295,NA,0,0,NA,0,4.951724208,1.570346475,NA,0,0,0,0,0,0,0,0,NA,0,0,0,0,0,0,0,0,"1b","1b","1b","1b","1b","1b","1b","E: Conc. Uncertainty","1b","1b","1b","1b","1b","1b","1b","E: Conc. Uncertainty","1b","1b","E: Conc. Uncertainty","1b","1b","1b","E: Conc. Uncertainty","1b","1b","1b","1b","1b","1b","1b","1b","E: Conc. Uncertainty","1b","1b","1b","1b","1b","1b","1b","1b"
"2025-03-30 14:00:00","PM10",0,0,0,282.7352,5230.0873,128.0309,145.8532,1.4648,0,0.8595,0,55.09559407,0,0,0.985974655,1.807886333,0,0,NA,0,9.631811802,3.268739448,NA,0,0,NA,0,0,0,0,0,NA,0,0,0,0,0,0,NA,0,"1b","1b","1b","1b","1b","1b","1b","1b","1b","1b","1b","1b","1b","1b","1b","1b","1b","1b","E: Conc. Uncertainty","1b","1b","1b","E: Conc. Uncertainty","1b","1b","E: Conc. Uncertainty","1b","1b","1b","1b","1b","E: Conc. Uncertainty","1b","1b","1b","1b","1b","1b","E: Conc. Uncertainty","1b"
"2025-03-30 15:00:00","PM2.5",0,0,0,194.532,2882.2901,79.6293,73.7648,NA,0,0.9565,0,21.65734081,0,0,NA,1.688258574,0,0,NA,0,4.305942437,0,NA,0,0,0,0.0815,NA,NA,0,NA,NA,0,0,0,0,0,0,2.327347827,0,"1b","1b","1b","1b","1b","1b","1b","E: Conc. Uncertainty","1b","1b","1b","1b","1b","1b","E: Conc. Uncertainty","1b","1b","1b","E: Conc. Uncertainty","1b","1b","1b","E: Conc. Uncertainty","1b","1b","1b","1b","E: Conc. Uncertainty","E: Conc. Uncertainty","1b","E: Conc. Uncertainty","E: Conc. Uncertainty","1b","1b","1b","1b","1b","1b","1b","1b"
"2025-03-30 16:00:00","PM10",0,0,0,286.3199,4383.2458,117.2683,130.274,1.9016,0,NA,0,54.67238767,0,NA,1.265528566,2.473935191,0,0,NA,NA,7.654085876,1.694939553,0,0,0,NA,NA,0,0,0,NA,0,0,0,0,0,0,0,1.467305874,0,"1b","1b","1b","1b","1b","1b","1b","1b","1b","E: Conc. Uncertainty","1b","1b","1b","E: Conc. Uncertainty","1b","1b","1b","1b","E: Conc. Uncertainty","E: Conc. Uncertainty","1b","1b","1b","1b","1b","E: Conc. Uncertainty","E: Conc. Uncertainty","1b","1b","1b","E: Conc. Uncertainty","1b","1b","1b","1b","1b","1b","1b","1b","1b"
"2025-03-30 17:00:00","PM2.5",0,0,0,186.6179,2388.0364,61.3323,67.0938,NA,0,0.8397,0,26.40223737,0,NA,NA,0.789222728,0,0.002536907,NA,NA,2.814092572,NA,NA,0,NA,0,0,NA,0,0,0,0,0,0,0,0,0,0,0,0,"1b","1b","1b","1b","1b","1b","1b","E: Conc. Uncertainty","1b","1b","1b","1b","1b","E: Conc. Uncertainty","E: Conc. Uncertainty","1b","1b","1b","E: Conc. Uncertainty","E: Conc. Uncertainty","1b","E: Conc. Uncertainty","E: Conc. Uncertainty","1b","E: Conc. Uncertainty","1b","1b","E: Conc. Uncertainty","1b","1b","1b","1b","1b","1b","1b","1b","1b","1b","1b","1b"
"2025-03-30 18:00:00","PM10",0,0,0,335.5381,5240.9436,133.2999,135.1162,NA,0,0.9796,0,60.11583224,0,NA,0.85421185,2.737819593,0,NA,0.646964189,0.816853509,8.6673896,1.682082455,NA,0,0,0,0,0,0,0,NA,NA,0,0,0,0,0,0,0.014020833,0,"1b","1b","1b","1b","1b","1b","1b","E: Conc. Uncertainty","1b","1b","1b","1b","1b","E: Conc. Uncertainty","1b","1b","1b","E: Conc. Uncertainty","1b","1b","1b","1b","E: Conc. Uncertainty","1b","1b","1b","1b","1b","1b","1b","E: Conc. Uncertainty","E: Conc. Uncertainty","1b","1b","1b","1b","1b","1b","1b","1b"
"2025-03-30 19:00:00","PM2.5",0,0,0,227.3552,2664.7159,77.3436,67.3024,NA,0,0.8801,0,34.21128622,0,0,1.338942552,3.916065074,0,0,1.185348246,1.448205389,8.670513472,1.655739705,NA,0,0,NA,0,0,0,0,NA,NA,0,0,0,0,0,0,0,0,"1b","1b","1b","1b","1b","1b","1b","E: Conc. Uncertainty","1b","1b","1b","1b","1b","1b","1b","1b","1b","1b","1b","1b","1b","1b","E: Conc. Uncertainty","1b","1b","E: Conc. Uncertainty","1b","1b","1b","1b","E: Conc. Uncertainty","E: Conc. Uncertainty","1b","1b","1b","1b","1b","1b","1b","1b"
"2025-03-30 20:00:00","PM10",NA,0,0,380.8426,6319.53,174.5443,164.6599,NA,0,0.8064,0,82.09408219,0,NA,2.332698652,12.45410948,0,0,1.662383415,3.934061011,24.42645502,3.577251252,0,0,0,NA,0.1235,0,0,NA,NA,0,NA,0,0,0,0,0,5.60007942,0,"E: Conc. Uncertainty","1b","1b","1b","1b","1b","1b","E: Conc. Uncertainty","1b","1b","1b","1b","1b","E: Conc. Uncertainty","1b","1b","1b","1b","1b","1b","1b","1b","1b","1b","1b","E: Conc. Uncertainty","1b","1b","1b","E: Conc. Uncertainty","E: Conc. Uncertainty","1b","E: Conc. Uncertainty","1b","1b","1b","1b","1b","1b","1b"
"2025-03-30 21:00:00","PM2.5",0,0,0,215.6135,2673.4813,90.8482,67.227,0,0,NA,0,47.17309316,0,NA,2.150797929,11.48501276,0,0,3.229919546,4.980328936,8.798244454,NA,0,0,0,NA,0,0,0,0,NA,NA,NA,0,0,0,0,0,72.09340195,0,"1b","1b","1b","1b","1b","1b","1b","1b","1b","E: Conc. Uncertainty","1b","1b","1b","E: Conc. Uncertainty","1b","1b","1b","1b","1b","1b","1b","E: Conc. Uncertainty","1b","1b","1b","E: Conc. Uncertainty","1b","1b","1b","1b","E: Conc. Uncertainty","E: Conc. Uncertainty","E: Conc. Uncertainty","1b","1b","1b","1b","1b","1b","1b"
"2025-03-30 22:00:00","PM10",NA,0,0,340.9378,5684.7227,135.2478,144.0797,1.1388,0,0.9222,0,88.04283446,NA,NA,2.473143229,6.684425312,0,0,1.767173475,3.123089292,10.64110236,NA,0,0,0,0,0,NA,0,0,0,0,0,0,0,0,0,0,26.42666545,0,"E: Conc. Uncertainty","1b","1b","1b","1b","1b","1b","1b","1b","1b","1b","1b","E: Conc. Uncertainty","E: Conc. Uncertainty","1b","1b","1b","1b","1b","1b","1b","E: Conc. Uncertainty","1b","1b","1b","1b","1b","E: Conc. Uncertainty","1b","1b","1b","1b","1b","1b","1b","1b","1b","1b","1b","1b"
"2025-03-30 23:00:00","PM2.5",0,0,0,195.8138,2430.7199,81.7836,63.8051,0,0,NA,0,37.59278099,0,NA,NA,4.932408236,0,0,1.550042728,NA,6.917229592,NA,0,0,0,0,0,NA,0,NA,NA,0,0,0,0.0074,0,0,0,32.99973549,0,"1b","1b","1b","1b","1b","1b","1b","1b","1b","E: Conc. Uncertainty","1b","1b","1b","E: Conc. Uncertainty","E: Conc. Uncertainty","1b","1b","1b","1b","E: Conc. Uncertainty","1b","E: Conc. Uncertainty","1b","1b","1b","1b","1b","E: Conc. Uncertainty","1b","E: Conc. Uncertainty","E: Conc. Uncertainty","1b","1b","1b","1b","1b","1b","1b","1b","1b"
"2025-03-31 00:30:00","PM10",0,0,0,376.1291,5006.1291,137.8698,128.2053,0,0,NA,0,84.87520957,NA,NA,2.057437957,10.19321922,0,0,5.180013661,NA,10.2743775,NA,NA,0,0,0,0,0,0,0,0,NA,0,0,0,0,0,0,9.989423137,0,"1b","1b","1b","1b","1b","1b","1b","1b","1b","E: Conc. Uncertainty","1b","1b","E: Conc. Uncertainty","E: Conc. Uncertainty","1b","1b","1b","1b","1b","E: Conc. Uncertainty","1b","E: Conc. Uncertainty","E: Conc. Uncertainty","1b","1b","1b","1b","1b","1b","1b","1b","E: Conc. Uncertainty","1b","1b","1b","1b","1b","1b","1b","1b"
"2025-03-31 01:00:00","PM2.5",0,0,NA,159.6003,1682.5654,79.0831,50.8233,0,0,1.0291,0,48.69401157,0,0,1.660577598,8.050339016,0,0,NA,NA,3.00427963,NA,0,0,0,0,0,0,0,0,NA,0,0,0,0,0,0,0,6.48238846,0,"1b","1b","E: Conc. Uncertainty","1b","1b","1b","1b","1b","1b","1b","1b","1b","1b","1b","1b","1b","1b","1b","E: Conc. Uncertainty","E: Conc. Uncertainty","1b","E: Conc. Uncertainty","1b","1b","1b","1b","1b","1b","1b","1b","E: Conc. Uncertainty","1b","1b","1b","1b","1b","1b","1b","1b","1b"
"2025-03-31 02:00:00","PM10",NA,0,0,290.0699,3823.3204,121.4015,136.6589,2.0424,0,1.5686,0,80.02969531,0,NA,2.036027323,8.114739746,0,0,1.759505655,NA,4.658519205,1.966334457,NA,0,0,0,NA,0,0,0,NA,0,NA,0,0,0,0,0,NA,0,"E: Conc. Uncertainty","1b","1b","1b","1b","1b","1b","1b","1b","1b","1b","1b","1b","E: Conc. Uncertainty","1b","1b","1b","1b","1b","E: Conc. Uncertainty","1b","1b","E: Conc. Uncertainty","1b","1b","1b","E: Conc. Uncertainty","1b","1b","1b","E: Conc. Uncertainty","1b","E: Conc. Uncertainty","1b","1b","1b","1b","1b","E: Conc. Uncertainty","1b"
"2025-03-31 03:00:00","PM2.5",0,0,0,160.6433,1212.2503,72.9756,47.8525,0.0053,0,0.8583,0,36.82217948,0,0,1.812104374,7.256813417,0,0,1.536809754,0,3.540137591,NA,NA,0,0,0,0,0,0,NA,NA,NA,0,0,0,0,0,0,4.01650689,0,"1b","1b","1b","1b","1b","1b","1b","1b","1b","1b","1b","1b","1b","1b","1b","1b","1b","1b","1b","1b","1b","E: Conc. Uncertainty","E: Conc. Uncertainty","1b","1b","1b","1b","1b","1b","E: Conc. Uncertainty","E: Conc. Uncertainty","E: Conc. Uncertainty","1b","1b","1b","1b","1b","1b","1b","1b"
"2025-03-31 04:00:00","PM10",0,0,0,284.7342,2875.2934,126.1955,113.0147,1.1489,NA,1.4216,NA,71.17577156,NA,NA,3.049627943,18.7505591,0,0,2.150835604,NA,17.64197129,NA,0,NA,0,0,0,0,0,NA,NA,0,NA,0,0,0,0,0,63.07848778,0,"1b","1b","1b","1b","1b","1b","1b","1b","E: Conc. Uncertainty","1b","E: Conc. Uncertainty","1b","E: Conc. Uncertainty","E: Conc. Uncertainty","1b","1b","1b","1b","1b","E: Conc. Uncertainty","1b","E: Conc. Uncertainty","1b","E: Conc. Uncertainty","1b","1b","1b","1b","1b","E: Conc. Uncertainty","E: Conc. Uncertainty","1b","E: Conc. Uncertainty","1b","1b","1b","1b","1b","1b","1b"
"2025-03-31 05:00:00","PM2.5",0,0,NA,153.0469,849.7679,83.0217,42.9646,2.1079,0,0.9141,NA,163.2559772,0,0.885685217,9.69493336,32.38444399,0,0,2.399470953,NA,12.80785431,0,0,0,0,0,0,NA,0,0,0,NA,NA,0,0,0,0,0,46.96172551,0,"1b","1b","E: Conc. Uncertainty","1b","1b","1b","1b","1b","1b","1b","E: Conc. Uncertainty","1b","1b","1b","1b","1b","1b","1b","1b","E: Conc. Uncertainty","1b","1b","1b","1b","1b","1b","1b","E: Conc. Uncertainty","1b","1b","1b","E: Conc. Uncertainty","E: Conc. Uncertainty","1b","1b","1b","1b","1b","1b","1b"
"2025-03-31 06:00:00","PM10",0,NA,0,247.3569,2286.6752,123.1029,141.3869,6.2376,0,2.8117,2.5136,572.6524735,0,NA,20.04533751,38.2260566,0,0,4.547907147,NA,43.86343792,1.517325952,0,NA,0,0,NA,0,0,NA,0,0,4.8235,0,0,0,0,0,66.9464193,0,"1b","E: Conc. Uncertainty","1b","1b","1b","1b","1b","1b","1b","1b","1b","1b","1b","E: Conc. Uncertainty","1b","1b","1b","1b","1b","E: Conc. Uncertainty","1b","1b","1b","E: Conc. Uncertainty","1b","1b","E: Conc. Uncertainty","1b","1b","E: Conc. Uncertainty","1b","1b","1b","1b","1b","1b","1b","1b","1b","1b"
"2025-03-31 07:00:00","PM2.5",0,NA,NA,228.6727,1460.9032,94.2481,84.3711,1.5887,0,1.7815,1.2627,342.4444105,0,NA,19.15577266,37.69318679,0,0,3.5070778,1.087640564,20.43090622,0,0,NA,0,0,0,NA,0,0,NA,0,3.3119,0,0,0,0,0,50.46536407,0,"1b","E: Conc. Uncertainty","E: Conc. Uncertainty","1b","1b","1b","1b","1b","1b","1b","1b","1b","1b","E: Conc. Uncertainty","1b","1b","1b","1b","1b","1b","1b","1b","1b","E: Conc. Uncertainty","1b","1b","1b","E: Conc. Uncertainty","1b","1b","E: Conc. Uncertainty","1b","1b","1b","1b","1b","1b","1b","1b","1b"
"2025-03-31 08:00:00","PM10",0,NA,0,387.9967,4300.8162,171.9703,331.8946,5.9679,0,2.331,2.5968,386.1147496,0,NA,15.73169415,37.92742847,0,0,2.843388097,1.049837542,20.42054818,NA,0,NA,0,NA,0,0,NA,NA,NA,NA,5.5529,0,0,0,0,0,62.02995549,0,"1b","E: Conc. Uncertainty","1b","1b","1b","1b","1b","1b","1b","1b","1b","1b","1b","E: Conc. Uncertainty","1b","1b","1b","1b","1b","1b","1b","E: Conc. Uncertainty","1b","E: Conc. Uncertainty","1b","E: Conc. Uncertainty","1b","1b","E: Conc. Uncertainty","E: Conc. Uncertainty","E: Conc. Uncertainty","E: Conc. Uncertainty","1b","1b","1b","1b","1b","1b","1b","1b"
"2025-03-31 09:00:00","PM2.5",0,0,0,229.3859,1973.5171,103.9645,114.629,NA,0,1.4981,0,81.93231606,0,NA,5.010169388,16.73788631,0,0,3.003450873,1.02753573,11.1713323,NA,0,0,0,0,NA,0,0,0,NA,NA,0,0,0,0,0,0,27.79241826,0,"1b","1b","1b","1b","1b","1b","1b","E: Conc. Uncertainty","1b","1b","1b","1b","1b","E: Conc. Uncertainty","1b","1b","1b","1b","1b","1b","1b","E: Conc. Uncertainty","1b","1b","1b","1b","E: Conc. Uncertainty","1b","1b","1b","E: Conc. Uncertainty","E: Conc. Uncertainty","1b","1b","1b","1b","1b","1b","1b","1b"
"2025-03-31 10:00:00","PM10",0,NA,0,316.6253,4089.6019,148.5364,232.2425,3.4549,0,1.9234,0,116.029735,0,0,3.679000285,7.287631782,0,0,0.929519274,NA,5.789555094,NA,NA,0,0,0,0,0,0,NA,NA,0,0,0,0,0,0,0,2.816481459,0,"1b","E: Conc. Uncertainty","1b","1b","1b","1b","1b","1b","1b","1b","1b","1b","1b","1b","1b","1b","1b","1b","1b","E: Conc. Uncertainty","1b","E: Conc. Uncertainty","E: Conc. Uncertainty","1b","1b","1b","1b","1b","1b","E: Conc. Uncertainty","E: Conc. Uncertainty","1b","1b","1b","1b","1b","1b","1b","1b","1b"
"2025-03-31 11:00:00","PM2.5",0,0,0,218.4049,2077.3993,111.6346,100.7305,6.835,NA,0.7006,0,53.47712744,0,0,0.919991857,4.464291531,0,0,1.002585505,NA,9.638609528,NA,0,0,NA,NA,NA,0,0,0,0,NA,0,0,0,0,0,0,2.084059446,0,"1b","1b","1b","1b","1b","1b","1b","1b","E: Conc. Uncertainty","1b","1b","1b","1b","1b","1b","1b","1b","1b","1b","E: Conc. Uncertainty","1b","E: Conc. Uncertainty","1b","1b","E: Conc. Uncertainty","E: Conc. Uncertainty","E: Conc. Uncertainty","1b","1b","1b","1b","E: Conc. Uncertainty","1b","1b","1b","1b","1b","1b","1b","1b"
"2025-03-31 12:00:00","PM10",0,0,0,293.6934,3062.7627,117.9868,164.2526,4.3501,0,1.1092,0,86.59028118,0,NA,1.666472536,4.379281102,0,0,1.18785761,NA,11.01164787,1.913826222,NA,0,0,0,0,0,0,0,0,NA,0,0,0,0,0,0,NA,0,"1b","1b","1b","1b","1b","1b","1b","1b","1b","1b","1b","1b","1b","E: Conc. Uncertainty","1b","1b","1b","1b","1b","E: Conc. Uncertainty","1b","1b","E: Conc. Uncertainty","1b","1b","1b","1b","1b","1b","1b","1b","E: Conc. Uncertainty","1b","1b","1b","1b","1b","1b","E: Conc. Uncertainty","1b"
"2025-03-31 13:00:00","PM2.5",0,0,0,199.5831,1479.6583,80.1496,70.4916,NA,0,0.8623,0,39.48021312,0,0,0.946302924,2.980497824,0,0,0.793823972,NA,9.106702729,NA,0,0,0,0.0358,0,0,0,0,0,NA,0,0,0,NA,0,0,0,0,"1b","1b","1b","1b","1b","1b","1b","E: Conc. Uncertainty","1b","1b","1b","1b","1b","1b","1b","1b","1b","1b","1b","E: Conc. Uncertainty","1b","E: Conc. Uncertainty","1b","1b","1b","1b","1b","1b","1b","1b","1b","E: Conc. Uncertainty","1b","1b","1b","E: Conc. Uncertainty","1b","1b","1b","1b"
"2025-03-31 14:00:00","PM10",0,0,0,274.4753,2799.9608,112.6821,156.4837,3.9142,0,1.2016,0,71.35056939,0,NA,1.914566012,2.956881023,0,0,NA,NA,4.959170797,2.606413401,NA,0,0,NA,0,NA,0,0,NA,0,0,0,0,0,0,0,0,0,"1b","1b","1b","1b","1b","1b","1b","1b","1b","1b","1b","1b","1b","E: Conc. Uncertainty","1b","1b","1b","1b","E: Conc. Uncertainty","E: Conc. Uncertainty","1b","1b","E: Conc. Uncertainty","1b","1b","E: Conc. Uncertainty","1b","E: Conc. Uncertainty","1b","1b","E: Conc. Uncertainty","1b","1b","1b","1b","1b","1b","1b","1b","1b"
"2025-03-31 15:00:00","PM2.5",0,0,0,195.292,1249.2377,83.8696,70.9693,NA,0,0.7915,0,39.57999634,0,NA,0.836344769,2.974453669,0,0,0.813036666,NA,4.388414113,NA,NA,0,0,0,0,0,0,0,NA,0,0,0,0,0,0,0,0,0,"1b","1b","1b","1b","1b","1b","1b","E: Conc. Uncertainty","1b","1b","1b","1b","1b","E: Conc. Uncertainty","1b","1b","1b","1b","1b","E: Conc. Uncertainty","1b","E: Conc. Uncertainty","E: Conc. Uncertainty","1b","1b","1b","1b","1b","1b","1b","E: Conc. Uncertainty","1b","1b","1b","1b","1b","1b","1b","1b","1b"
"2025-03-31 16:00:00","PM10",0,NA,0,281.6149,2203.4997,117.9548,187.7161,3.559,NA,1.4325,0,100.7689405,0,NA,1.821147059,3.717120452,0,0,0.764058543,NA,5.240497961,1.495173971,NA,0,0,0,NA,0,0,NA,NA,NA,NA,0,0,0,0,0,0,0,"1b","E: Conc. Uncertainty","1b","1b","1b","1b","1b","1b","E: Conc. Uncertainty","1b","1b","1b","1b","E: Conc. Uncertainty","1b","1b","1b","1b","1b","E: Conc. Uncertainty","1b","1b","E: Conc. Uncertainty","1b","1b","1b","E: Conc. Uncertainty","1b","1b","E: Conc. Uncertainty","E: Conc. Uncertainty","E: Conc. Uncertainty","E: Conc. Uncertainty","1b","1b","1b","1b","1b","1b","1b"
"2025-03-31 17:00:00","PM2.5",0,0,0,186.5589,946.6778,75.6982,79.8433,NA,0,0.9373,0,55.83726492,0,0,1.184920215,4.215134739,0,0,2.166286738,NA,4.677928845,NA,NA,0,0,0,NA,NA,0,NA,NA,NA,0,0,0,0,0,0,0,0,"1b","1b","1b","1b","1b","1b","1b","E: Conc. Uncertainty","1b","1b","1b","1b","1b","1b","1b","1b","1b","1b","1b","E: Conc. Uncertainty","1b","E: Conc. Uncertainty","E: Conc. Uncertainty","1b","1b","1b","E: Conc. Uncertainty","E: Conc. Uncertainty","1b","E: Conc. Uncertainty","E: Conc. Uncertainty","E: Conc. Uncertainty","1b","1b","1b","1b","1b","1b","1b","1b"
"2025-03-31 18:00:00","PM10",0,NA,0,330.8491,2070.2592,155.8253,223.2682,5.1575,NA,1.3753,NA,160.8098817,0,NA,3.965430266,7.252514671,0,0,2.535022324,NA,8.007933037,NA,0,0,0,NA,0,NA,0,NA,NA,NA,0,0,0,0,0,0,0,0,"1b","E: Conc. Uncertainty","1b","1b","1b","1b","1b","1b","E: Conc. Uncertainty","1b","E: Conc. Uncertainty","1b","1b","E: Conc. Uncertainty","1b","1b","1b","1b","1b","E: Conc. Uncertainty","1b","E: Conc. Uncertainty","1b","1b","1b","E: Conc. Uncertainty","1b","E: Conc. Uncertainty","1b","E: Conc. Uncertainty","E: Conc. Uncertainty","E: Conc. Uncertainty","1b","1b","1b","1b","1b","1b","1b","1b"
"2025-03-31 19:00:00","PM2.5",0,0,0,220.886,820.5501,186.7647,81.2535,2.4833,0,1.121,0,108.3405478,0,NA,4.851074015,8.753623336,0,0,1.407290468,NA,5.826344683,NA,0,0,0,0,0,NA,0,0,NA,NA,0,0,0,0,0,0,0,0,"1b","1b","1b","1b","1b","1b","1b","1b","1b","1b","1b","1b","1b","E: Conc. Uncertainty","1b","1b","1b","1b","1b","E: Conc. Uncertainty","1b","E: Conc. Uncertainty","1b","1b","1b","1b","1b","E: Conc. Uncertainty","1b","1b","E: Conc. Uncertainty","E: Conc. Uncertainty","1b","1b","1b","1b","1b","1b","1b","1b"
"2025-03-31 20:00:00","PM10",0,149.4776,0,329.8451,1979.6635,403.5901,269.5029,9.4161,NA,2.2322,1.7145,304.9863092,0,0,11.49386712,18.60055374,0,0,4.465711872,0,9.516749626,7.166997486,NA,NA,0,0,NA,0,0,0,NA,0,8.1819,0,0,0,0,0,1.742744882,NA,"1b","1b","1b","1b","1b","1b","1b","1b","E: Conc. Uncertainty","1b","1b","1b","1b","1b","1b","1b","1b","1b","1b","1b","1b","1b","E: Conc. Uncertainty","E: Conc. Uncertainty","1b","1b","E: Conc. Uncertainty","1b","1b","1b","E: Conc. Uncertainty","1b","1b","1b","1b","1b","1b","1b","1b","E: Conc. Uncertainty"
"2025-03-31 21:00:00","PM2.5",0,0,0,264.3768,268.1649,101.2,62.7087,2.1596,0,1.5047,NA,90.56304078,0,NA,2.52339217,5.277743847,0,0,1.137920153,NA,4.740660437,1.336784136,NA,0,0,NA,NA,0,0,NA,NA,0,NA,0,0,0,0,0,3.700360349,0,"1b","1b","1b","1b","1b","1b","1b","1b","1b","1b","E: Conc. Uncertainty","1b","1b","E: Conc. Uncertainty","1b","1b","1b","1b","1b","E: Conc. Uncertainty","1b","1b","E: Conc. Uncertainty","1b","1b","E: Conc. Uncertainty","E: Conc. Uncertainty","1b","1b","E: Conc. Uncertainty","E: Conc. Uncertainty","1b","E: Conc. Uncertainty","1b","1b","1b","1b","1b","1b","1b"
"2025-03-31 22:00:00","PM10",0,NA,0,287.9548,427.5389,86.5995,166.3442,4.533,0,1.4415,0,163.2560244,0,NA,2.863152008,6.468052872,0,0,1.639308592,NA,4.893157092,NA,NA,0,0,NA,NA,0,0,0,0,0,NA,0,0,0,0,0,1.005643111,0,"1b","E: Conc. Uncertainty","1b","1b","1b","1b","1b","1b","1b","1b","1b","1b","1b","E: Conc. Uncertainty","1b","1b","1b","1b","1b","E: Conc. Uncertainty","1b","E: Conc. Uncertainty","E: Conc. Uncertainty","1b","1b","E: Conc. Uncertainty","E: Conc. Uncertainty","1b","1b","1b","1b","1b","E: Conc. Uncertainty","1b","1b","1b","1b","1b","1b","1b"
"2025-03-31 23:00:00","PM2.5",0,NA,0,233.3795,150.5859,72.6788,40.081,NA,0,1.2749,0,72.65057312,0,0,2.182941589,8.717862918,0,0,3.068917118,NA,2.722724545,NA,NA,NA,0,0,0,NA,0,NA,NA,NA,NA,0,0,0,0,0,2.483030075,0,"1b","E: Conc. Uncertainty","1b","1b","1b","1b","1b","E: Conc. Uncertainty","1b","1b","1b","1b","1b","1b","1b","1b","1b","1b","1b","E: Conc. Uncertainty","1b","E: Conc. Uncertainty","E: Conc. Uncertainty","E: Conc. Uncertainty","1b","1b","1b","E: Conc. Uncertainty","1b","E: Conc. Uncertainty","E: Conc. Uncertainty","E: Conc. Uncertainty","E: Conc. Uncertainty","1b","1b","1b","1b","1b","1b","1b"
