"datetime","pm_fraction","Al","Si","P","S","Cl","K","Ca","Ti","V","Cr","Mn","Fe","Co","Ni","Cu","Zn","Ga","Ge","As","Se","Br","Sr","Y","Zr","Mo","Pd","Ag","Cd","In","Sn","Sb","Te","Ba","La","Ce","Pt","Hg","Tl","Pb","Bi","Al_Flags","Si_Flags","P_Flags","S_Flags","Cl_Flags","K_Flags","Ca_Flags","Ti_Flags","V_Flags","Cr_Flags","Mn_Flags","Fe_Flags","Co_Flags","Ni_Flags","Cu_Flags","Zn_Flags","Ga_Flags","Ge_Flags","As_Flags","Se_Flags","Br_Flags","Sr_Flags","Y_Flags","Zr_Flags","Mo_Flags","Pd_Flags","Ag_Flags","Cd_Flags","In_Flags","Sn_Flags","Sb_Flags","Te_Flags","Ba_Flags","La_Flags","Ce_Flags","Pt_Flags","Hg_Flags","Tl_Flags","Pb_Flags","Bi_Flags"
"2023-06-01 00:30:00","PM2.5",NA,0,0.5327,367.4579,0,17.2357,12.6593,3.4397,0,0,0,25.5,0,NA,NA,17.2291,0,0,0,0,1.2043,NA,0,0,0,NA,NA,0,0,0,NA,0,0,0,0,0,0,0,0,0,"E: Uncertainty",NA,NA,NA,NA,NA,NA,NA,NA,NA,NA,NA,NA,"E: Uncertainty","E: Uncertainty",NA,NA,NA,NA,NA,NA,"E: Uncertainty",NA,NA,NA,"E: Uncertainty","E: Uncertainty",NA,NA,NA,"E: Uncertainty",NA,NA,NA,NA,NA,NA,NA,NA,NA
"2023-06-01 01:00:00","PM10",NA,NA,NA,NA,NA,NA,NA,NA,NA,NA,NA,NA,NA,NA,NA,NA,NA,NA,NA,NA,NA,NA,NA,NA,NA,NA,NA,NA,NA,NA,NA,NA,NA,NA,NA,NA,NA,NA,NA,NA,"E: Erroneous Data","E: Erroneous Data","E: Erroneous Data","E: Erroneous Data","E: Erroneous Data","E: Erroneous Data","E: Erroneous Data","E: Erroneous Data","E: Erroneous Data","E: Erroneous Data","E: Erroneous Data","E: Erroneous Data","E: Erroneous Data","E: Erroneous Data","E: Uncertainty","E: Erroneous Data","E: Erroneous Data","E: Erroneous Data","E: Uncertainty","E: Erroneous Data","E: Erroneous Data","E: Uncertainty","E: Erroneous Data","E: Erroneous Data","E: Erroneous Data","E: Erroneous Data","E: Uncertainty","E: Uncertainty","E: Erroneous Data","E: Uncertainty","E: Erroneous Data","E: Erroneous Data","E: Uncertainty","E: Erroneous Data","E: Erroneous Data","E: Erroneous Data","E: Erroneous Data","E: Erroneous Data","E: Erroneous Data","E: Erroneous Data"
"2023-06-01 02:00:00","PM2.5",NA,NA,NA,NA,NA,NA,NA,NA,NA,NA,NA,NA,NA,NA,NA,NA,NA,NA,NA,NA,NA,NA,NA,NA,NA,NA,NA,NA,NA,NA,NA,NA,NA,NA,NA,NA,NA,NA,NA,NA,"E: Erroneous Data","E: Erroneous Data","E: Erroneous Data","E: Erroneous Data","E: Erroneous Data","E: Erroneous Data","E: Erroneous Data","E: Erroneous Data","E: Uncertainty","E: Uncertainty","E: Erroneous Data","E: Erroneous Data","E: Uncertainty","E: Uncertainty","E: Erroneous Data","E: Erroneous Data","E: Erroneous Data","E: Erroneous Data","E: Uncertainty","E: Uncertainty","E: Erroneous Data","E: Uncertainty","E: Erroneous Data","E: Erroneous Data","E: Erroneous Data","E: Erroneous Data","E: Uncertainty","E: Erroneous Data","E: Erroneous Data","E: Erroneous Data","E: Erroneous Data","E: Uncertainty","E: Erroneous Data","E: Erroneous Data","E: Erroneous Data","E: Erroneous Data","E: Erroneous Data","E: Erroneous Data","E: Erroneous Data","E: Erroneous Data"
"2023-06-01 03:00:00","PM10",NA,0,0,532.3927,230.8466,41.4899,64.3021,2.5772,NA,0,0,38.4679,NA,0,0.7375,11.8679,0,0,0,0,2.9893,1.6778,0,0,0,14.2511,NA,0.1228,0,NA,0,NA,0,0,0,0,0,0,0,NA,"E: Uncertainty",NA,NA,NA,NA,NA,NA,NA,"E: Uncertainty",NA,NA,NA,"E: Uncertainty",NA,NA,NA,NA,NA,NA,NA,NA,NA,NA,NA,NA,NA,"E: Uncertainty",NA,NA,"E: Uncertainty",NA,"E: Uncertainty",NA,NA,NA,NA,NA,NA,NA,"E: Uncertainty"
"2023-06-01 04:00:00","PM2.5",NA,0,0,611.5639,0,33.8662,31.6066,4.1681,0,0,0,29.4161,0,0,0.7549,7.3189,NA,0,0,NA,3.3526,NA,0,0,0,10.1456,0,NA,0,NA,NA,0,0,0,0,0,0,0,0,0,"E: Uncertainty",NA,NA,NA,NA,NA,NA,NA,NA,NA,NA,NA,NA,NA,NA,NA,"E: Uncertainty",NA,NA,"E: Uncertainty",NA,"E: Uncertainty",NA,NA,NA,NA,NA,"E: Uncertainty",NA,"E: Uncertainty","E: Uncertainty",NA,NA,NA,NA,NA,NA,NA,NA,NA
"2023-06-01 05:00:00","PM10",NA,NA,0,696.3915,371.3143,47.8482,106.0704,8.9731,0,NA,NA,76.6086,0,0,1.4005,7.6626,0,0,0,NA,3.9595,NA,0,0,0,19.6084,0,NA,0,NA,0,NA,0,0,0,0,0,0,0,0,"E: Uncertainty","E: Uncertainty",NA,NA,NA,NA,NA,NA,NA,"E: Uncertainty","E: Uncertainty",NA,NA,NA,NA,NA,NA,NA,NA,"E: Uncertainty",NA,"E: Uncertainty",NA,NA,NA,NA,NA,"E: Uncertainty",NA,"E: Uncertainty",NA,"E: Uncertainty",NA,NA,NA,NA,NA,NA,NA,NA
"2023-06-01 06:00:00","PM2.5",NA,NA,NA,NA,NA,NA,NA,NA,NA,NA,NA,NA,NA,NA,NA,NA,NA,NA,NA,NA,NA,NA,NA,NA,NA,NA,NA,NA,NA,NA,NA,NA,NA,NA,NA,NA,NA,NA,NA,NA,"E: Uncertainty","E: Erroneous Data","E: Erroneous Data","E: Erroneous Data","E: Erroneous Data","E: Erroneous Data","E: Erroneous Data","E: Erroneous Data","E: Erroneous Data","E: Erroneous Data","E: Erroneous Data","E: Erroneous Data","E: Erroneous Data","E: Uncertainty","E: Erroneous Data","E: Erroneous Data","E: Erroneous Data","E: Erroneous Data","E: Erroneous Data","E: Uncertainty","E: Erroneous Data","E: Uncertainty","E: Erroneous Data","E: Erroneous Data","E: Uncertainty","E: Uncertainty","E: Erroneous Data","E: Erroneous Data","E: Erroneous Data","E: Erroneous Data","E: Uncertainty","E: Uncertainty","E: Erroneous Data","E: Erroneous Data","E: Erroneous Data","E: Erroneous Data","E: Erroneous Data","E: Erroneous Data","E: Uncertainty","E: Erroneous Data"
"2023-06-01 07:00:00","PM10",NA,NA,NA,NA,NA,NA,NA,NA,NA,NA,NA,NA,NA,NA,NA,NA,NA,NA,NA,NA,NA,NA,NA,NA,NA,NA,NA,NA,NA,NA,NA,NA,NA,NA,NA,NA,NA,NA,NA,NA,"E: Erroneous Data","E: Uncertainty","E: Erroneous Data","E: Erroneous Data","E: Erroneous Data","E: Erroneous Data","E: Erroneous Data","E: Erroneous Data","E: Erroneous Data","E: Uncertainty","E: Erroneous Data","E: Erroneous Data","E: Erroneous Data","E: Uncertainty","E: Erroneous Data","E: Erroneous Data","E: Erroneous Data","E: Erroneous Data","E: Uncertainty","E: Uncertainty","E: Erroneous Data","E: Erroneous Data","E: Erroneous Data","E: Uncertainty","E: Erroneous Data","E: Erroneous Data","E: Erroneous Data","E: Erroneous Data","E: Erroneous Data","E: Uncertainty","E: Uncertainty","E: Uncertainty","E: Erroneous Data","E: Erroneous Data","E: Erroneous Data","E: Erroneous Data","E: Erroneous Data","E: Erroneous Data","E: Erroneous Data","E: Erroneous Data"
"2023-06-01 08:00:00","PM2.5",NA,NA,NA,NA,NA,NA,NA,NA,NA,NA,NA,NA,NA,NA,NA,NA,NA,NA,NA,NA,NA,NA,NA,NA,NA,NA,NA,NA,NA,NA,NA,NA,NA,NA,NA,NA,NA,NA,NA,NA,"E: Erroneous Data","E: Erroneous Data","E: Erroneous Data","E: Erroneous Data","E: Erroneous Data","E: Erroneous Data","E: Erroneous Data","E: Erroneous Data","E: Uncertainty","E: Uncertainty","E: Uncertainty","E: Erroneous Data","E: Erroneous Data","E: Uncertainty","E: Erroneous Data","E: Erroneous Data","E: Erroneous Data","E: Erroneous Data","E: Uncertainty","E: Uncertainty","E: Erroneous Data","E: Uncertainty","E: Erroneous Data","E: Erroneous Data","E: Erroneous Data","E: Erroneous Data","E: Uncertainty","E: Erroneous Data","E: Erroneous Data","E: Uncertainty","E: Uncertainty","E: Uncertainty","E: Erroneous Data","E: Erroneous Data","E: Erroneous Data","E: Erroneous Data","E: Erroneous Data","E: Erroneous Data","E: Uncertainty","E: Erroneous Data"
"2023-06-01 09:00:00","PM10",NA,NA,NA,NA,NA,NA,NA,NA,NA,NA,NA,NA,NA,NA,NA,NA,NA,NA,NA,NA,NA,NA,NA,NA,NA,NA,NA,NA,NA,NA,NA,NA,NA,NA,NA,NA,NA,NA,NA,NA,"E: Erroneous Data","E: Erroneous Data","E: Erroneous Data","E: Erroneous Data","E: Erroneous Data","E: Erroneous Data","E: Erroneous Data","E: Erroneous Data","E: Erroneous Data","E: Erroneous Data","E: Erroneous Data","E: Erroneous Data","E: Erroneous Data","E: Uncertainty","E: Erroneous Data","E: Erroneous Data","E: Erroneous Data","E: Erroneous Data","E: Erroneous Data","E: Uncertainty","E: Erroneous Data","E: Uncertainty","E: Erroneous Data","E: Erroneous Data","E: Erroneous Data","E: Uncertainty","E: Uncertainty","E: Erroneous Data","E: Erroneous Data","E: Uncertainty","E: Erroneous Data","E: Uncertainty","E: Uncertainty","E: Erroneous Data","E: Erroneous Data","E: Erroneous Data","E: Erroneous Data","E: Erroneous Data","E: Erroneous Data","E: Erroneous Data"
"2023-06-01 10:00:00","PM2.5",NA,NA,NA,NA,NA,NA,NA,NA,NA,NA,NA,NA,NA,NA,NA,NA,NA,NA,NA,NA,NA,NA,NA,NA,NA,NA,NA,NA,NA,NA,NA,NA,NA,NA,NA,NA,NA,NA,NA,NA,"E: Uncertainty","E: Uncertainty","E: Erroneous Data","E: Erroneous Data","E: Erroneous Data","E: Erroneous Data","E: Erroneous Data","E: Erroneous Data","E: Uncertainty","E: Erroneous Data","E: Uncertainty","E: Erroneous Data","E: Uncertainty","E: Uncertainty","E: Erroneous Data","E: Erroneous Data","E: Erroneous Data","E: Erroneous Data","E: Erroneous Data","E: Uncertainty","E: Erroneous Data","E: Uncertainty","E: Erroneous Data","E: Erroneous Data","E: Erroneous Data","E: Erroneous Data","E: Uncertainty","E: Uncertainty","E: Erroneous Data","E: Uncertainty","E: Uncertainty","E: Uncertainty","E: Uncertainty","E: Erroneous Data","E: Erroneous Data","E: Erroneous Data","E: Erroneous Data","E: Erroneous Data","E: Erroneous Data","E: Erroneous Data"
"2023-06-01 11:00:00","PM10",NA,NA,NA,NA,NA,NA,NA,NA,NA,NA,NA,NA,NA,NA,NA,NA,NA,NA,NA,NA,NA,NA,NA,NA,NA,NA,NA,NA,NA,NA,NA,NA,NA,NA,NA,NA,NA,NA,NA,NA,"E: Erroneous Data","E: Erroneous Data","E: Erroneous Data","E: Erroneous Data","E: Erroneous Data","E: Erroneous Data","E: Erroneous Data","E: Erroneous Data","E: Uncertainty","E: Uncertainty","E: Erroneous Data","E: Erroneous Data","E: Uncertainty","E: Uncertainty","E: Erroneous Data","E: Erroneous Data","E: Erroneous Data","E: Erroneous Data","E: Erroneous Data","E: Uncertainty","E: Erroneous Data","E: Erroneous Data","E: Erroneous Data","E: Uncertainty","E: Erroneous Data","E: Erroneous Data","E: Uncertainty","E: Erroneous Data","E: Erroneous Data","E: Uncertainty","E: Uncertainty","E: Uncertainty","E: Uncertainty","E: Erroneous Data","E: Erroneous Data","E: Erroneous Data","E: Erroneous Data","E: Erroneous Data","E: Erroneous Data","E: Erroneous Data"
"2023-06-01 12:00:00","PM2.5",NA,NA,NA,NA,NA,NA,NA,NA,NA,NA,NA,NA,NA,NA,NA,NA,NA,NA,NA,NA,NA,NA,NA,NA,NA,NA,NA,NA,NA,NA,NA,NA,NA,NA,NA,NA,NA,NA,NA,NA,"E: Erroneous Data","E: Uncertainty","E: Erroneous Data","E: Erroneous Data","E: Erroneous Data","E: Erroneous Data","E: Erroneous Data","E: Erroneous Data","E: Uncertainty","E: Erroneous Data","E: Erroneous Data","E: Erroneous Data","E: Uncertainty","E: Erroneous Data","E: Erroneous Data","E: Erroneous Data","E: Erroneous Data","E: Erroneous Data","E: Erroneous Data","E: Uncertainty","E: Erroneous Data","E: Uncertainty","E: Erroneous Data","E: Erroneous Data","E: Erroneous Data","E: Erroneous Data","E: Erroneous Data","E: Uncertainty","E: Erroneous Data","E: Erroneous Data","E: Erroneous Data","E: Erroneous Data","E: Erroneous Data","E: Erroneous Data","E: Erroneous Data","E: Erroneous Data","E: Erroneous Data","E: Erroneous Data","E: Erroneous Data","E: Erroneous Data"
"2023-06-01 13:00:00","PM10",NA,NA,NA,NA,NA,NA,NA,NA,NA,NA,NA,NA,NA,NA,NA,NA,NA,NA,NA,NA,NA,NA,NA,NA,NA,NA,NA,NA,NA,NA,NA,NA,NA,NA,NA,NA,NA,NA,NA,NA,"E: Erroneous Data","E: Erroneous Data","E: Erroneous Data","E: Erroneous Data","E: Erroneous Data","E: Erroneous Data","E: Erroneous Data","E: Erroneous Data","E: Uncertainty","E: Erroneous Data","E: Erroneous Data","E: Erroneous Data","E: Erroneous Data","E: Uncertainty","E: Erroneous Data","E: Erroneous Data","E: Erroneous Data","E: Erroneous Data","E: Erroneous Data","E: Uncertainty","E: Erroneous Data","E: Erroneous Data","E: Erroneous Data","E: Erroneous Data","E: Erroneous Data","E: Erroneous Data","E: Uncertainty","E: Uncertainty","E: Erroneous Data","E: Uncertainty","E: Erroneous Data","E: Uncertainty","E: Uncertainty","E: Erroneous Data","E: Erroneous Data","E: Erroneous Data","E: Erroneous Data","E: Erroneous Data","E: Erroneous Data","E: Erroneous Data"
"2023-06-01 14:00:00","PM2.5",NA,NA,NA,NA,NA,NA,NA,NA,NA,NA,NA,NA,NA,NA,NA,NA,NA,NA,NA,NA,NA,NA,NA,NA,NA,NA,NA,NA,NA,NA,NA,NA,NA,NA,NA,NA,NA,NA,NA,NA,"E: Erroneous Data","E: Uncertainty","E: Erroneous Data","E: Erroneous Data","E: Erroneous Data","E: Erroneous Data","E: Erroneous Data","E: Erroneous Data","E: Erroneous Data","E: Uncertainty","E: Uncertainty","E: Erroneous Data","E: Uncertainty","E: Uncertainty","E: Erroneous Data","E: Erroneous Data","E: Erroneous Data","E: Erroneous Data","E: Erroneous Data","E: Erroneous Data","E: Erroneous Data","E: Uncertainty","E: Erroneous Data","E: Erroneous Data","E: Erroneous Data","E: Erroneous Data","E: Uncertainty","E: Uncertainty","E: Erroneous Data","E: Erroneous Data","E: Erroneous Data","E: Uncertainty","E: Uncertainty","E: Erroneous Data","E: Erroneous Data","E: Erroneous Data","E: Erroneous Data","E: Erroneous Data","E: Uncertainty","E: Erroneous Data"
"2023-06-01 15:00:00","PM10",NA,567.8525,0,323.987,57.5565,115.0848,548.3519,16.1041,NA,NA,3.6192,272.7626,NA,NA,4.8584,11.215,0,0,0.765,0,2.517,NA,0,NA,0,11.9245,0,NA,0,0,0,NA,2.8918,0,0,0,0,0,0.7578,0,"E: Uncertainty",NA,NA,NA,NA,NA,NA,NA,"E: Uncertainty","E: Uncertainty",NA,NA,"E: Uncertainty","E: Uncertainty",NA,NA,NA,NA,NA,NA,NA,"E: Uncertainty",NA,"E: Uncertainty",NA,NA,NA,"E: Uncertainty",NA,NA,NA,"E: Uncertainty",NA,NA,NA,NA,NA,NA,NA,NA
"2023-06-01 16:00:00","PM2.5",NA,NA,0,597.3228,0,37.9159,103.1812,9.7329,NA,NA,0.959,99.073,NA,0.006,2.5388,17.5166,0,0,0.7885,NA,1.9843,NA,0,0,0,NA,0,NA,0,0,NA,NA,0,0,0,0,0,0,3.2487,0,"E: Uncertainty","E: Uncertainty",NA,NA,NA,NA,NA,NA,"E: Uncertainty","E: Uncertainty",NA,NA,"E: Uncertainty",NA,NA,NA,NA,NA,NA,"E: Uncertainty",NA,"E: Uncertainty",NA,NA,NA,"E: Uncertainty",NA,"E: Uncertainty",NA,NA,"E: Uncertainty","E: Uncertainty",NA,NA,NA,NA,NA,NA,NA,NA
"2023-06-01 17:00:00","PM10",NA,206.9962,0,978.8091,0,88.5717,422.4559,13.6335,NA,NA,3.1656,256.5583,NA,NA,4.1597,19.3818,0,0,0,0,3.4592,1.6467,0,0,0,NA,NA,NA,0,0,NA,NA,NA,0,0,0,0,0,4.046,0,"E: Uncertainty",NA,NA,NA,NA,NA,NA,NA,"E: Uncertainty","E: Uncertainty",NA,NA,"E: Uncertainty","E: Uncertainty",NA,NA,NA,NA,NA,NA,NA,NA,NA,NA,NA,"E: Uncertainty","E: Uncertainty","E: Uncertainty",NA,NA,"E: Uncertainty","E: Uncertainty","E: Uncertainty",NA,NA,NA,NA,NA,NA,NA
"2023-06-01 18:00:00","PM2.5",NA,1.1819,0,714.1641,12.9547,58.5333,85.6542,NA,0.0057,NA,1.9912,97.3741,0,NA,1.835,12.4959,0,0,NA,NA,2.2675,NA,0,0,0,14.7633,NA,0,0,NA,NA,NA,NA,0,0,0,0,0,5.3926,0,"E: Uncertainty",NA,NA,NA,NA,NA,NA,"E: Uncertainty",NA,"E: Uncertainty",NA,NA,NA,"E: Uncertainty",NA,NA,NA,NA,"E: Uncertainty","E: Uncertainty",NA,"E: Uncertainty",NA,NA,NA,NA,"E: Uncertainty",NA,NA,"E: Uncertainty","E: Uncertainty","E: Uncertainty","E: Uncertainty",NA,NA,NA,NA,NA,NA,NA
"2023-06-01 19:00:00","PM10",NA,NA,0,851.5199,809.678,103.3694,407.4496,6.5116,NA,NA,6.4834,288.4324,0,0,2.4173,13.6913,0,0,0,NA,4.3837,2.0105,0,0,0,20.7441,NA,0,NA,0,NA,NA,NA,0,0,0,0,0,7.9847,0,"E: Uncertainty","E: Uncertainty",NA,NA,NA,NA,NA,NA,"E: Uncertainty","E: Uncertainty",NA,NA,NA,NA,NA,NA,NA,NA,NA,"E: Uncertainty",NA,NA,NA,NA,NA,NA,"E: Uncertainty",NA,"E: Uncertainty",NA,"E: Uncertainty","E: Uncertainty","E: Uncertainty",NA,NA,NA,NA,NA,NA,NA
"2023-06-01 20:00:00","PM2.5",NA,0,0,726.0448,312.8507,53.1611,82.7797,1.5808,NA,0,1.3586,72.2347,0,0,1.3572,12.6528,0,0,0,NA,4.1034,NA,0,0,0,11.3673,NA,0,0,NA,0,NA,NA,0,0,0,0,0,4.184,0,"E: Uncertainty",NA,NA,NA,NA,NA,NA,NA,"E: Uncertainty",NA,NA,NA,NA,NA,NA,NA,NA,NA,NA,"E: Uncertainty",NA,"E: Uncertainty",NA,NA,NA,NA,"E: Uncertainty",NA,NA,"E: Uncertainty",NA,"E: Uncertainty","E: Uncertainty",NA,NA,NA,NA,NA,NA,NA
"2023-06-01 21:00:00","PM10",NA,NA,0,680.7142,689.4692,82.1808,284.8986,7.771,0,NA,3.1731,208.9076,0,0,2.0303,8.004,0,0,0,NA,3.5883,NA,0,0,0,NA,NA,NA,0,0,NA,NA,NA,0,0,0,0,0,6.5606,0,"E: Uncertainty","E: Uncertainty",NA,NA,NA,NA,NA,NA,NA,"E: Uncertainty",NA,NA,NA,NA,NA,NA,NA,NA,NA,"E: Uncertainty",NA,"E: Uncertainty",NA,NA,NA,"E: Uncertainty","E: Uncertainty","E: Uncertainty",NA,NA,"E: Uncertainty","E: Uncertainty","E: Uncertainty",NA,NA,NA,NA,NA,NA,NA
"2023-06-01 22:00:00","PM2.5",NA,0,0,568.067,165.0695,39.987,66.1611,4.0428,NA,0,2.0144,94.1614,0,0,1.4804,8.1664,0,0,0.9983,0,2.4571,NA,0,0,0,9.5809,0,0,0,NA,0,0,0,0,0,0,0,0,3.7666,0,"E: Uncertainty",NA,NA,NA,NA,NA,NA,NA,"E: Uncertainty",NA,NA,NA,NA,NA,NA,NA,NA,NA,NA,NA,NA,"E: Uncertainty",NA,NA,NA,NA,NA,NA,NA,"E: Uncertainty",NA,NA,NA,NA,NA,NA,NA,NA,NA,NA
"2023-06-01 23:00:00","PM10",NA,0,0,616.2115,475.8913,79.2259,234.568,13.207,NA,NA,6.0837,198.1731,NA,0,1.6102,5.8606,0,0,0,0,2.8093,NA,0,NA,0,23.7613,0,NA,0,NA,0.183,NA,NA,0,0,0,NA,0,7.782,0,"E: Uncertainty",NA,NA,NA,NA,NA,NA,NA,"E: Uncertainty","E: Uncertainty",NA,NA,"E: Uncertainty",NA,NA,NA,NA,NA,NA,NA,NA,"E: Uncertainty",NA,"E: Uncertainty",NA,NA,NA,"E: Uncertainty",NA,"E: Uncertainty",NA,"E: Uncertainty","E: Uncertainty",NA,NA,NA,"E: Uncertainty",NA,NA,NA
"2023-06-02 00:30:00","PM2.5",NA,NA,0,414.0787,27.1681,14.114,67.1455,9.6117,0,0,0,79.1217,0,0,1.504,13.9445,0,0,0,0,1.2455,NA,0,0,0,29.8894,NA,NA,0,NA,NA,NA,NA,0,0,0,0,0,0,0,"E: Uncertainty","E: Uncertainty",NA,NA,NA,NA,NA,NA,NA,NA,NA,NA,NA,NA,NA,NA,NA,NA,NA,NA,NA,"E: Uncertainty",NA,NA,NA,NA,"E: Uncertainty","E: Uncertainty",NA,"E: Uncertainty","E: Uncertainty","E: Uncertainty","E: Uncertainty",NA,NA,NA,NA,NA,NA,NA
"2023-06-02 01:00:00","PM10",NA,NA,NA,NA,NA,NA,NA,NA,NA,NA,NA,NA,NA,NA,NA,NA,NA,NA,NA,NA,NA,NA,NA,NA,NA,NA,NA,NA,NA,NA,NA,NA,NA,NA,NA,NA,NA,NA,NA,NA,"E: Erroneous Data","E: Erroneous Data","E: Erroneous Data","E: Erroneous Data","E: Erroneous Data","E: Erroneous Data","E: Erroneous Data","E: Erroneous Data","E: Uncertainty","E: Erroneous Data","E: Erroneous Data","E: Erroneous Data","E: Erroneous Data","E: Erroneous Data","E: Erroneous Data","E: Erroneous Data","E: Erroneous Data","E: Erroneous Data","E: Erroneous Data","E: Uncertainty","E: Erroneous Data","E: Erroneous Data","E: Erroneous Data","E: Erroneous Data","E: Erroneous Data","E: Uncertainty","E: Uncertainty","E: Erroneous Data","E: Erroneous Data","E: Erroneous Data","E: Erroneous Data","E: Erroneous Data","E: Erroneous Data","E: Erroneous Data","E: Erroneous Data","E: Erroneous Data","E: Erroneous Data","E: Erroneous Data","E: Uncertainty","E: Erroneous Data"
"2023-06-02 02:00:00","PM2.5",NA,NA,NA,NA,NA,NA,NA,NA,NA,NA,NA,NA,NA,NA,NA,NA,NA,NA,NA,NA,NA,NA,NA,NA,NA,NA,NA,NA,NA,NA,NA,NA,NA,NA,NA,NA,NA,NA,NA,NA,"E: Erroneous Data","E: Uncertainty","E: Erroneous Data","E: Erroneous Data","E: Erroneous Data","E: Erroneous Data","E: Erroneous Data","E: Erroneous Data","E: Uncertainty","E: Erroneous Data","E: Uncertainty","E: Erroneous Data","E: Uncertainty","E: Uncertainty","E: Erroneous Data","E: Erroneous Data","E: Erroneous Data","E: Erroneous Data","E: Uncertainty","E: Erroneous Data","E: Erroneous Data","E: Uncertainty","E: Erroneous Data","E: Erroneous Data","E: Erroneous Data","E: Uncertainty","E: Erroneous Data","E: Erroneous Data","E: Erroneous Data","E: Uncertainty","E: Uncertainty","E: Uncertainty","E: Erroneous Data","E: Erroneous Data","E: Erroneous Data","E: Uncertainty","E: Erroneous Data","E: Erroneous Data","E: Erroneous Data","E: Erroneous Data"
"2023-06-02 03:00:00","PM10",NA,425.0101,0,747.0357,859.4838,65.0135,226.3828,26.263,NA,NA,3.3817,229.6962,0,NA,0.9558,10.4188,0,0,0,NA,2.9325,2.3859,0,0,0,11.0651,0,NA,0,0,NA,NA,0,0,0,0,0,0,NA,0,"E: Uncertainty",NA,NA,NA,NA,NA,NA,NA,"E: Uncertainty","E: Uncertainty",NA,NA,NA,"E: Uncertainty",NA,NA,NA,NA,NA,"E: Uncertainty",NA,NA,NA,NA,NA,NA,NA,"E: Uncertainty",NA,NA,"E: Uncertainty","E: Uncertainty",NA,NA,NA,NA,NA,NA,"E: Uncertainty",NA
"2023-06-02 04:00:00","PM2.5",NA,NA,0,739.4219,344.5044,30.1829,69.6454,8.3019,NA,0,NA,77.5296,0,NA,0.5625,15.3306,0,0,0,0,1.8954,NA,0,NA,0,18.17,0,NA,0,NA,NA,NA,0,0,0,0,0,0,NA,0,"E: Uncertainty","E: Uncertainty",NA,NA,NA,NA,NA,NA,"E: Uncertainty",NA,"E: Uncertainty",NA,NA,"E: Uncertainty",NA,NA,NA,NA,NA,NA,NA,"E: Uncertainty",NA,"E: Uncertainty",NA,NA,NA,"E: Uncertainty",NA,"E: Uncertainty","E: Uncertainty","E: Uncertainty",NA,NA,NA,NA,NA,NA,"E: Uncertainty",NA
"2023-06-02 05:00:00","PM10",NA,NA,0,911.4141,2263.553,83.3665,226.7609,14.335,NA,NA,2.2567,152.1858,NA,0,1.3092,11.8606,0,0,0,0.4298,4.8721,NA,0,0,0,15.4636,NA,NA,0,NA,NA,NA,0,0,0,0,NA,0,NA,0,"E: Uncertainty","E: Uncertainty",NA,NA,NA,NA,NA,NA,"E: Uncertainty","E: Uncertainty",NA,NA,"E: Uncertainty",NA,NA,NA,NA,NA,NA,NA,NA,"E: Uncertainty",NA,NA,NA,NA,"E: Uncertainty","E: Uncertainty",NA,"E: Uncertainty","E: Uncertainty","E: Uncertainty",NA,NA,NA,NA,"E: Uncertainty",NA,"E: Uncertainty",NA
"2023-06-02 06:00:00","PM2.5",NA,0,0,1126.2272,649.6763,44.1442,93.3058,5.5261,NA,0,0,69.0473,NA,NA,1.3025,13.0226,0,0,0,0,2.9893,NA,0,0,0,13.2582,NA,NA,0,0,NA,0,0,0,0,0,0,0,NA,0,"E: Uncertainty",NA,NA,NA,NA,NA,NA,NA,"E: Uncertainty",NA,NA,NA,"E: Uncertainty","E: Uncertainty",NA,NA,NA,NA,NA,NA,NA,"E: Uncertainty",NA,NA,NA,NA,"E: Uncertainty","E: Uncertainty",NA,NA,"E: Uncertainty",NA,NA,NA,NA,NA,NA,NA,"E: Uncertainty",NA
"2023-06-02 07:00:00","PM10",NA,217.076,0,1154.8476,2382.0752,114.3669,395.3863,17.3574,0,NA,1.7221,196.4767,0,NA,3.965,12.1749,0,0,0,NA,5.0633,2.2684,0,0,0,21.2701,0,NA,0,0.1088,0,NA,0,0,0,0,0,0,NA,0,"E: Uncertainty",NA,NA,NA,NA,NA,NA,NA,NA,"E: Uncertainty",NA,NA,NA,"E: Uncertainty",NA,NA,NA,NA,NA,"E: Uncertainty",NA,NA,NA,NA,NA,NA,NA,"E: Uncertainty",NA,NA,NA,"E: Uncertainty",NA,NA,NA,NA,NA,NA,"E: Uncertainty",NA
"2023-06-02 08:00:00","PM2.5",NA,NA,NA,NA,NA,NA,NA,NA,NA,NA,NA,NA,NA,NA,NA,NA,NA,NA,NA,NA,NA,NA,NA,NA,NA,NA,NA,NA,NA,NA,NA,NA,NA,NA,NA,NA,NA,NA,NA,NA,"E: Uncertainty","E: Erroneous Data","E: Erroneous Data","E: Erroneous Data","E: Erroneous Data","E: Erroneous Data","E: Erroneous Data","E: Erroneous Data","E: Erroneous Data","E: Uncertainty","E: Erroneous Data","E: Erroneous Data","E: Erroneous Data","E: Uncertainty","E: Erroneous Data","E: Erroneous Data","E: Erroneous Data","E: Erroneous Data","E: Erroneous Data","E: Erroneous Data","E: Erroneous Data","E: Uncertainty","E: Erroneous Data","E: Erroneous Data","E: Erroneous Data","E: Erroneous Data","E: Uncertainty","E: Erroneous Data","E: Erroneous Data","E: Erroneous Data","E: Uncertainty","E: Uncertainty","E: Erroneous Data","E: Erroneous Data","E: Uncertainty","E: Erroneous Data","E: Erroneous Data","E: Erroneous Data","E: Erroneous Data","E: Erroneous Data"
"2023-06-02 09:00:00","PM10",NA,NA,NA,NA,NA,NA,NA,NA,NA,NA,NA,NA,NA,NA,NA,NA,NA,NA,NA,NA,NA,NA,NA,NA,NA,NA,NA,NA,NA,NA,NA,NA,NA,NA,NA,NA,NA,NA,NA,NA,"E: Erroneous Data","E: Erroneous Data","E: Erroneous Data","E: Erroneous Data","E: Erroneous Data","E: Erroneous Data","E: Erroneous Data","E: Erroneous Data","E: Uncertainty","E: Uncertainty","E: Erroneous Data","E: Erroneous Data","E: Erroneous Data","E: Erroneous Data","E: Erroneous Data","E: Erroneous Data","E: Erroneous Data","E: Erroneous Data","E: Erroneous Data","E: Erroneous Data","E: Erroneous Data","E: Erroneous Data","E: Erroneous Data","E: Erroneous Data","E: Erroneous Data","E: Erroneous Data","E: Uncertainty","E: Uncertainty","E: Erroneous Data","E: Erroneous Data","E: Uncertainty","E: Erroneous Data","E: Erroneous Data","E: Erroneous Data","E: Erroneous Data","E: Erroneous Data","E: Erroneous Data","E: Erroneous Data","E: Erroneous Data","E: Erroneous Data"
"2023-06-02 10:00:00","PM2.5",NA,NA,NA,NA,NA,NA,NA,NA,NA,NA,NA,NA,NA,NA,NA,NA,NA,NA,NA,NA,NA,NA,NA,NA,NA,NA,NA,NA,NA,NA,NA,NA,NA,NA,NA,NA,NA,NA,NA,NA,"E: Uncertainty","E: Erroneous Data","E: Erroneous Data","E: Erroneous Data","E: Erroneous Data","E: Erroneous Data","E: Erroneous Data","E: Erroneous Data","E: Erroneous Data","E: Erroneous Data","E: Erroneous Data","E: Erroneous Data","E: Uncertainty","E: Uncertainty","E: Erroneous Data","E: Erroneous Data","E: Erroneous Data","E: Erroneous Data","E: Erroneous Data","E: Uncertainty","E: Erroneous Data","E: Uncertainty","E: Erroneous Data","E: Erroneous Data","E: Erroneous Data","E: Uncertainty","E: Erroneous Data","E: Uncertainty","E: Erroneous Data","E: Uncertainty","E: Uncertainty","E: Uncertainty","E: Uncertainty","E: Erroneous Data","E: Erroneous Data","E: Erroneous Data","E: Erroneous Data","E: Erroneous Data","E: Erroneous Data","E: Erroneous Data"
"2023-06-02 11:00:00","PM10",NA,592.4828,0,819.6508,2419.4778,140.6803,614.7831,16.9855,NA,NA,3.499,266.3501,NA,NA,3.6375,12.1767,0,0,NA,NA,6.2715,2.4338,0,0,0,17.1086,NA,0,0,0,0.1484,NA,NA,0,0,0,0,NA,2.4687,0,"E: Uncertainty",NA,NA,NA,NA,NA,NA,NA,"E: Uncertainty","E: Uncertainty",NA,NA,"E: Uncertainty","E: Uncertainty",NA,NA,NA,NA,"E: Uncertainty","E: Uncertainty",NA,NA,NA,NA,NA,NA,"E: Uncertainty",NA,NA,NA,NA,"E: Uncertainty","E: Uncertainty",NA,NA,NA,NA,"E: Uncertainty",NA,NA
"2023-06-02 12:00:00","PM2.5",NA,NA,NA,NA,NA,NA,NA,NA,NA,NA,NA,NA,NA,NA,NA,NA,NA,NA,NA,NA,NA,NA,NA,NA,NA,NA,NA,NA,NA,NA,NA,NA,NA,NA,NA,NA,NA,NA,NA,NA,"E: Uncertainty","E: Uncertainty","E: Erroneous Data","E: Erroneous Data","E: Erroneous Data","E: Erroneous Data","E: Erroneous Data","E: Erroneous Data","E: Erroneous Data","E: Uncertainty","E: Uncertainty","E: Erroneous Data","E: Uncertainty","E: Uncertainty","E: Erroneous Data","E: Erroneous Data","E: Erroneous Data","E: Erroneous Data","E: Erroneous Data","E: Erroneous Data","E: Erroneous Data","E: Erroneous Data","E: Erroneous Data","E: Erroneous Data","E: Erroneous Data","E: Erroneous Data","E: Erroneous Data","E: Uncertainty","E: Erroneous Data","E: Uncertainty","E: Erroneous Data","E: Uncertainty","E: Erroneous Data","E: Erroneous Data","E: Erroneous Data","E: Erroneous Data","E: Erroneous Data","E: Erroneous Data","E: Erroneous Data","E: Erroneous Data"
"2023-06-02 13:00:00","PM10",NA,NA,NA,NA,NA,NA,NA,NA,NA,NA,NA,NA,NA,NA,NA,NA,NA,NA,NA,NA,NA,NA,NA,NA,NA,NA,NA,NA,NA,NA,NA,NA,NA,NA,NA,NA,NA,NA,NA,NA,"E: Erroneous Data","E: Erroneous Data","E: Erroneous Data","E: Erroneous Data","E: Erroneous Data","E: Erroneous Data","E: Erroneous Data","E: Erroneous Data","E: Erroneous Data","E: Uncertainty","E: Erroneous Data","E: Erroneous Data","E: Erroneous Data","E: Uncertainty","E: Erroneous Data","E: Erroneous Data","E: Erroneous Data","E: Erroneous Data","E: Erroneous Data","E: Uncertainty","E: Erroneous Data","E: Erroneous Data","E: Erroneous Data","E: Uncertainty","E: Erroneous Data","E: Erroneous Data","E: Uncertainty","E: Uncertainty","E: Erroneous Data","E: Uncertainty","E: Uncertainty","E: Erroneous Data","E: Erroneous Data","E: Erroneous Data","E: Erroneous Data","E: Erroneous Data","E: Erroneous Data","E: Erroneous Data","E: Erroneous Data","E: Erroneous Data"
"2023-06-02 14:00:00","PM2.5",NA,NA,NA,NA,NA,NA,NA,NA,NA,NA,NA,NA,NA,NA,NA,NA,NA,NA,NA,NA,NA,NA,NA,NA,NA,NA,NA,NA,NA,NA,NA,NA,NA,NA,NA,NA,NA,NA,NA,NA,"E: Uncertainty","E: Uncertainty","E: Erroneous Data","E: Erroneous Data","E: Erroneous Data","E: Erroneous Data","E: Erroneous Data","E: Erroneous Data","E: Uncertainty","E: Uncertainty","E: Uncertainty","E: Erroneous Data","E: Erroneous Data","E: Uncertainty","E: Erroneous Data","E: Erroneous Data","E: Erroneous Data","E: Erroneous Data","E: Erroneous Data","E: Erroneous Data","E: Erroneous Data","E: Erroneous Data","E: Erroneous Data","E: Erroneous Data","E: Erroneous Data","E: Erroneous Data","E: Erroneous Data","E: Erroneous Data","E: Erroneous Data","E: Erroneous Data","E: Uncertainty","E: Erroneous Data","E: Erroneous Data","E: Erroneous Data","E: Erroneous Data","E: Erroneous Data","E: Erroneous Data","E: Erroneous Data","E: Erroneous Data","E: Erroneous Data"
"2023-06-02 15:00:00","PM10",NA,NA,NA,NA,NA,NA,NA,NA,NA,NA,NA,NA,NA,NA,NA,NA,NA,NA,NA,NA,NA,NA,NA,NA,NA,NA,NA,NA,NA,NA,NA,NA,NA,NA,NA,NA,NA,NA,NA,NA,"E: Erroneous Data","E: Erroneous Data","E: Erroneous Data","E: Erroneous Data","E: Erroneous Data","E: Erroneous Data","E: Erroneous Data","E: Erroneous Data","E: Erroneous Data","E: Erroneous Data","E: Erroneous Data","E: Erroneous Data","E: Uncertainty","E: Uncertainty","E: Erroneous Data","E: Erroneous Data","E: Erroneous Data","E: Erroneous Data","E: Erroneous Data","E: Uncertainty","E: Erroneous Data","E: Erroneous Data","E: Erroneous Data","E: Erroneous Data","E: Erroneous Data","E: Erroneous Data","E: Erroneous Data","E: Uncertainty","E: Erroneous Data","E: Uncertainty","E: Uncertainty","E: Uncertainty","E: Uncertainty","E: Erroneous Data","E: Erroneous Data","E: Erroneous Data","E: Erroneous Data","E: Erroneous Data","E: Erroneous Data","E: Erroneous Data"
"2023-06-02 16:00:00","PM2.5",NA,NA,NA,NA,NA,NA,NA,NA,NA,NA,NA,NA,NA,NA,NA,NA,NA,NA,NA,NA,NA,NA,NA,NA,NA,NA,NA,NA,NA,NA,NA,NA,NA,NA,NA,NA,NA,NA,NA,NA,"E: Erroneous Data","E: Uncertainty","E: Erroneous Data","E: Erroneous Data","E: Erroneous Data","E: Erroneous Data","E: Erroneous Data","E: Erroneous Data","E: Erroneous Data","E: Uncertainty","E: Uncertainty","E: Erroneous Data","E: Erroneous Data","E: Erroneous Data","E: Erroneous Data","E: Erroneous Data","E: Erroneous Data","E: Erroneous Data","E: Erroneous Data","E: Uncertainty","E: Erroneous Data","E: Uncertainty","E: Erroneous Data","E: Erroneous Data","E: Erroneous Data","E: Erroneous Data","E: Uncertainty","E: Erroneous Data","E: Erroneous Data","E: Erroneous Data","E: Uncertainty","E: Uncertainty","E: Erroneous Data","E: Erroneous Data","E: Erroneous Data","E: Erroneous Data","E: Erroneous Data","E: Erroneous Data","E: Erroneous Data","E: Erroneous Data"
"2023-06-02 17:00:00","PM10",NA,NA,NA,NA,NA,NA,NA,NA,NA,NA,NA,NA,NA,NA,NA,NA,NA,NA,NA,NA,NA,NA,NA,NA,NA,NA,NA,NA,NA,NA,NA,NA,NA,NA,NA,NA,NA,NA,NA,NA,"E: Erroneous Data","E: Erroneous Data","E: Erroneous Data","E: Erroneous Data","E: Erroneous Data","E: Erroneous Data","E: Erroneous Data","E: Erroneous Data","E: Uncertainty","E: Uncertainty","E: Erroneous Data","E: Erroneous Data","E: Erroneous Data","E: Erroneous Data","E: Erroneous Data","E: Erroneous Data","E: Erroneous Data","E: Erroneous Data","E: Erroneous Data","E: Uncertainty","E: Erroneous Data","E: Erroneous Data","E: Erroneous Data","E: Uncertainty","E: Erroneous Data","E: Erroneous Data","E: Erroneous Data","E: Uncertainty","E: Erroneous Data","E: Erroneous Data","E: Uncertainty","E: Uncertainty","E: Uncertainty","E: Erroneous Data","E: Erroneous Data","E: Erroneous Data","E: Erroneous Data","E: Erroneous Data","E: Uncertainty","E: Erroneous Data"
"2023-06-02 18:00:00","PM2.5",NA,NA,NA,NA,NA,NA,NA,NA,NA,NA,NA,NA,NA,NA,NA,NA,NA,NA,NA,NA,NA,NA,NA,NA,NA,NA,NA,NA,NA,NA,NA,NA,NA,NA,NA,NA,NA,NA,NA,NA,"E: Uncertainty","E: Erroneous Data","E: Erroneous Data","E: Erroneous Data","E: Erroneous Data","E: Erroneous Data","E: Erroneous Data","E: Erroneous Data","E: Erroneous Data","E: Uncertainty","E: Uncertainty","E: Erroneous Data","E: Uncertainty","E: Uncertainty","E: Erroneous Data","E: Erroneous Data","E: Erroneous Data","E: Erroneous Data","E: Erroneous Data","E: Erroneous Data","E: Erroneous Data","E: Uncertainty","E: Erroneous Data","E: Uncertainty","E: Erroneous Data","E: Erroneous Data","E: Uncertainty","E: Uncertainty","E: Erroneous Data","E: Uncertainty","E: Erroneous Data","E: Erroneous Data","E: Uncertainty","E: Erroneous Data","E: Erroneous Data","E: Erroneous Data","E: Erroneous Data","E: Erroneous Data","E: Erroneous Data","E: Erroneous Data"
"2023-06-02 19:00:00","PM10",NA,NA,NA,NA,NA,NA,NA,NA,NA,NA,NA,NA,NA,NA,NA,NA,NA,NA,NA,NA,NA,NA,NA,NA,NA,NA,NA,NA,NA,NA,NA,NA,NA,NA,NA,NA,NA,NA,NA,NA,"E: Erroneous Data","E: Uncertainty","E: Erroneous Data","E: Erroneous Data","E: Erroneous Data","E: Erroneous Data","E: Erroneous Data","E: Erroneous Data","E: Erroneous Data","E: Uncertainty","E: Erroneous Data","E: Erroneous Data","E: Erroneous Data","E: Uncertainty","E: Erroneous Data","E: Erroneous Data","E: Erroneous Data","E: Erroneous Data","E: Erroneous Data","E: Uncertainty","E: Erroneous Data","E: Erroneous Data","E: Erroneous Data","E: Erroneous Data","E: Erroneous Data","E: Erroneous Data","E: Uncertainty","E: Uncertainty","E: Erroneous Data","E: Uncertainty","E: Erroneous Data","E: Uncertainty","E: Uncertainty","E: Erroneous Data","E: Erroneous Data","E: Erroneous Data","E: Erroneous Data","E: Erroneous Data","E: Erroneous Data","E: Erroneous Data"
"2023-06-02 20:00:00","PM2.5",NA,NA,NA,NA,NA,NA,NA,NA,NA,NA,NA,NA,NA,NA,NA,NA,NA,NA,NA,NA,NA,NA,NA,NA,NA,NA,NA,NA,NA,NA,NA,NA,NA,NA,NA,NA,NA,NA,NA,NA,"E: Uncertainty","E: Uncertainty","E: Erroneous Data","E: Erroneous Data","E: Erroneous Data","E: Erroneous Data","E: Erroneous Data","E: Erroneous Data","E: Uncertainty","E: Uncertainty","E: Uncertainty","E: Erroneous Data","E: Uncertainty","E: Erroneous Data","E: Erroneous Data","E: Erroneous Data","E: Erroneous Data","E: Erroneous Data","E: Erroneous Data","E: Uncertainty","E: Erroneous Data","E: Uncertainty","E: Erroneous Data","E: Erroneous Data","E: Erroneous Data","E: Erroneous Data","E: Erroneous Data","E: Erroneous Data","E: Erroneous Data","E: Uncertainty","E: Uncertainty","E: Erroneous Data","E: Erroneous Data","E: Erroneous Data","E: Erroneous Data","E: Erroneous Data","E: Erroneous Data","E: Erroneous Data","E: Erroneous Data","E: Erroneous Data"
"2023-06-02 21:00:00","PM10",NA,NA,NA,NA,NA,NA,NA,NA,NA,NA,NA,NA,NA,NA,NA,NA,NA,NA,NA,NA,NA,NA,NA,NA,NA,NA,NA,NA,NA,NA,NA,NA,NA,NA,NA,NA,NA,NA,NA,NA,"E: Erroneous Data","E: Uncertainty","E: Erroneous Data","E: Erroneous Data","E: Erroneous Data","E: Erroneous Data","E: Erroneous Data","E: Erroneous Data","E: Erroneous Data","E: Erroneous Data","E: Uncertainty","E: Erroneous Data","E: Uncertainty","E: Erroneous Data","E: Erroneous Data","E: Erroneous Data","E: Erroneous Data","E: Erroneous Data","E: Erroneous Data","E: Erroneous Data","E: Erroneous Data","E: Erroneous Data","E: Erroneous Data","E: Uncertainty","E: Erroneous Data","E: Erroneous Data","E: Erroneous Data","E: Uncertainty","E: Erroneous Data","E: Uncertainty","E: Uncertainty","E: Uncertainty","E: Uncertainty","E: Erroneous Data","E: Erroneous Data","E: Erroneous Data","E: Erroneous Data","E: Erroneous Data","E: Uncertainty","E: Erroneous Data"
"2023-06-02 22:00:00","PM2.5",NA,NA,NA,NA,NA,NA,NA,NA,NA,NA,NA,NA,NA,NA,NA,NA,NA,NA,NA,NA,NA,NA,NA,NA,NA,NA,NA,NA,NA,NA,NA,NA,NA,NA,NA,NA,NA,NA,NA,NA,"E: Uncertainty","E: Erroneous Data","E: Erroneous Data","E: Erroneous Data","E: Erroneous Data","E: Erroneous Data","E: Erroneous Data","E: Erroneous Data","E: Erroneous Data","E: Uncertainty","E: Uncertainty","E: Erroneous Data","E: Uncertainty","E: Erroneous Data","E: Erroneous Data","E: Erroneous Data","E: Erroneous Data","E: Erroneous Data","E: Erroneous Data","E: Uncertainty","E: Erroneous Data","E: Uncertainty","E: Erroneous Data","E: Erroneous Data","E: Erroneous Data","E: Erroneous Data","E: Uncertainty","E: Uncertainty","E: Erroneous Data","E: Erroneous Data","E: Uncertainty","E: Uncertainty","E: Erroneous Data","E: Erroneous Data","E: Erroneous Data","E: Erroneous Data","E: Erroneous Data","E: Erroneous Data","E: Erroneous Data","E: Erroneous Data"
"2023-06-02 23:00:00","PM10",NA,NA,0,828.5845,4058.7676,141.7117,317.0351,4.5506,0,NA,NA,155.4586,1.2424,0,2.3839,17.3903,0,0,0,NA,7.0629,NA,0,0,0,16.5317,0,NA,0,NA,NA,NA,NA,0,0,NA,0,0,1.5085,0,"E: Uncertainty","E: Uncertainty",NA,NA,NA,NA,NA,NA,NA,"E: Uncertainty","E: Uncertainty",NA,NA,NA,NA,NA,NA,NA,NA,"E: Uncertainty",NA,"E: Uncertainty",NA,NA,NA,NA,NA,"E: Uncertainty",NA,"E: Uncertainty","E: Uncertainty","E: Uncertainty","E: Uncertainty",NA,NA,"E: Uncertainty",NA,NA,NA,NA
"2023-06-03 00:30:00","PM2.5",NA,0,0,646.0143,1601.5037,58.2133,80.9433,NA,0,NA,0,54.5383,0,0,NA,8.1473,0,0,0,NA,2.5491,NA,0,0,0,26.259,0,0,0,0,NA,NA,0,NA,0,0,0,0,NA,0,"E: Uncertainty",NA,NA,NA,NA,NA,NA,"E: Uncertainty",NA,"E: Uncertainty",NA,NA,NA,NA,"E: Uncertainty",NA,NA,NA,NA,"E: Uncertainty",NA,"E: Uncertainty",NA,NA,NA,NA,NA,NA,NA,NA,"E: Uncertainty","E: Uncertainty",NA,"E: Uncertainty",NA,NA,NA,NA,"E: Uncertainty",NA
"2023-06-03 01:00:00","PM10",NA,0.4775,0,793.9436,4089.7208,120.0757,195.617,4.5477,0,NA,NA,102.7329,0,0,1.398,20.8329,0,0,NA,NA,5.9988,2.0633,0,0,0,18.0466,NA,0,0,NA,NA,NA,0,0,0,0,0,0,0.8064,0,"E: Uncertainty",NA,NA,NA,NA,NA,NA,NA,NA,"E: Uncertainty","E: Uncertainty",NA,NA,NA,NA,NA,NA,NA,"E: Uncertainty","E: Uncertainty",NA,NA,NA,NA,NA,NA,"E: Uncertainty",NA,NA,"E: Uncertainty","E: Uncertainty","E: Uncertainty",NA,NA,NA,NA,NA,NA,NA,NA
"2023-06-03 02:00:00","PM2.5",NA,0,0,632.5376,1274.1458,44.1767,63.3107,2.1065,0,NA,0,39.6332,NA,0,0.8347,19.7929,0,0,NA,NA,5.1429,NA,0,0,0,NA,0,0,0,NA,0,0,0,0,0,0,0,0,0,0,"E: Uncertainty",NA,NA,NA,NA,NA,NA,NA,NA,"E: Uncertainty",NA,NA,"E: Uncertainty",NA,NA,NA,NA,NA,"E: Uncertainty","E: Uncertainty",NA,"E: Uncertainty",NA,NA,NA,"E: Uncertainty",NA,NA,NA,"E: Uncertainty",NA,NA,NA,NA,NA,NA,NA,NA,NA,NA
"2023-06-03 03:00:00","PM10",NA,NA,0,783.8879,3246.0577,103.4578,195.4731,8.3955,0,0,NA,104.2378,0,0,0.783,7.8586,0,0,0,NA,6.6582,2.1198,0,0,0,10.1412,NA,NA,0,NA,0,0,0,0,0,0,0,0,0.0086,0,"E: Uncertainty","E: Uncertainty",NA,NA,NA,NA,NA,NA,NA,NA,"E: Uncertainty",NA,NA,NA,NA,NA,NA,NA,NA,"E: Uncertainty",NA,NA,NA,NA,NA,NA,"E: Uncertainty","E: Uncertainty",NA,"E: Uncertainty",NA,NA,NA,NA,NA,NA,NA,NA,NA,NA
"2023-06-03 04:00:00","PM2.5",NA,NA,NA,NA,NA,NA,NA,NA,NA,NA,NA,NA,NA,NA,NA,NA,NA,NA,NA,NA,NA,NA,NA,NA,NA,NA,NA,NA,NA,NA,NA,NA,NA,NA,NA,NA,NA,NA,NA,NA,"E: Uncertainty","E: Erroneous Data","E: Erroneous Data","E: Erroneous Data","E: Erroneous Data","E: Erroneous Data","E: Erroneous Data","E: Erroneous Data","E: Uncertainty","E: Erroneous Data","E: Erroneous Data","E: Erroneous Data","E: Uncertainty","E: Erroneous Data","E: Erroneous Data","E: Erroneous Data","E: Erroneous Data","E: Erroneous Data","E: Erroneous Data","E: Uncertainty","E: Erroneous Data","E: Uncertainty","E: Erroneous Data","E: Erroneous Data","E: Erroneous Data","E: Erroneous Data","E: Uncertainty","E: Erroneous Data","E: Erroneous Data","E: Uncertainty","E: Uncertainty","E: Uncertainty","E: Erroneous Data","E: Erroneous Data","E: Erroneous Data","E: Erroneous Data","E: Uncertainty","E: Erroneous Data","E: Erroneous Data","E: Erroneous Data"
"2023-06-03 05:00:00","PM10",NA,NA,NA,NA,NA,NA,NA,NA,NA,NA,NA,NA,NA,NA,NA,NA,NA,NA,NA,NA,NA,NA,NA,NA,NA,NA,NA,NA,NA,NA,NA,NA,NA,NA,NA,NA,NA,NA,NA,NA,"E: Erroneous Data","E: Uncertainty","E: Erroneous Data","E: Erroneous Data","E: Erroneous Data","E: Erroneous Data","E: Erroneous Data","E: Erroneous Data","E: Uncertainty","E: Erroneous Data","E: Uncertainty","E: Erroneous Data","E: Uncertainty","E: Uncertainty","E: Erroneous Data","E: Erroneous Data","E: Erroneous Data","E: Erroneous Data","E: Erroneous Data","E: Uncertainty","E: Erroneous Data","E: Erroneous Data","E: Erroneous Data","E: Erroneous Data","E: Erroneous Data","E: Erroneous Data","E: Uncertainty","E: Uncertainty","E: Erroneous Data","E: Uncertainty","E: Uncertainty","E: Erroneous Data","E: Erroneous Data","E: Erroneous Data","E: Erroneous Data","E: Erroneous Data","E: Erroneous Data","E: Erroneous Data","E: Uncertainty","E: Erroneous Data"
"2023-06-03 06:00:00","PM2.5",NA,NA,NA,NA,NA,NA,NA,NA,NA,NA,NA,NA,NA,NA,NA,NA,NA,NA,NA,NA,NA,NA,NA,NA,NA,NA,NA,NA,NA,NA,NA,NA,NA,NA,NA,NA,NA,NA,NA,NA,"E: Erroneous Data","E: Erroneous Data","E: Erroneous Data","E: Erroneous Data","E: Erroneous Data","E: Erroneous Data","E: Erroneous Data","E: Erroneous Data","E: Uncertainty","E: Erroneous Data","E: Uncertainty","E: Erroneous Data","E: Erroneous Data","E: Erroneous Data","E: Erroneous Data","E: Erroneous Data","E: Erroneous Data","E: Erroneous Data","E: Erroneous Data","E: Uncertainty","E: Erroneous Data","E: Uncertainty","E: Erroneous Data","E: Erroneous Data","E: Erroneous Data","E: Erroneous Data","E: Uncertainty","E: Erroneous Data","E: Erroneous Data","E: Erroneous Data","E: Erroneous Data","E: Erroneous Data","E: Erroneous Data","E: Erroneous Data","E: Erroneous Data","E: Erroneous Data","E: Erroneous Data","E: Erroneous Data","E: Erroneous Data","E: Erroneous Data"
"2023-06-03 07:00:00","PM10",NA,NA,NA,NA,NA,NA,NA,NA,NA,NA,NA,NA,NA,NA,NA,NA,NA,NA,NA,NA,NA,NA,NA,NA,NA,NA,NA,NA,NA,NA,NA,NA,NA,NA,NA,NA,NA,NA,NA,NA,"E: Erroneous Data","E: Uncertainty","E: Erroneous Data","E: Erroneous Data","E: Erroneous Data","E: Erroneous Data","E: Erroneous Data","E: Erroneous Data","E: Uncertainty","E: Uncertainty","E: Erroneous Data","E: Erroneous Data","E: Erroneous Data","E: Uncertainty","E: Erroneous Data","E: Erroneous Data","E: Erroneous Data","E: Erroneous Data","E: Erroneous Data","E: Erroneous Data","E: Erroneous Data","E: Erroneous Data","E: Erroneous Data","E: Erroneous Data","E: Erroneous Data","E: Erroneous Data","E: Uncertainty","E: Erroneous Data","E: Erroneous Data","E: Uncertainty","E: Uncertainty","E: Uncertainty","E: Erroneous Data","E: Erroneous Data","E: Erroneous Data","E: Erroneous Data","E: Erroneous Data","E: Erroneous Data","E: Erroneous Data","E: Erroneous Data"
"2023-06-03 08:00:00","PM2.5",NA,NA,NA,NA,NA,NA,NA,NA,NA,NA,NA,NA,NA,NA,NA,NA,NA,NA,NA,NA,NA,NA,NA,NA,NA,NA,NA,NA,NA,NA,NA,NA,NA,NA,NA,NA,NA,NA,NA,NA,"E: Uncertainty","E: Uncertainty","E: Erroneous Data","E: Erroneous Data","E: Erroneous Data","E: Erroneous Data","E: Erroneous Data","E: Erroneous Data","E: Erroneous Data","E: Erroneous Data","E: Uncertainty","E: Erroneous Data","E: Erroneous Data","E: Uncertainty","E: Erroneous Data","E: Erroneous Data","E: Erroneous Data","E: Erroneous Data","E: Erroneous Data","E: Erroneous Data","E: Erroneous Data","E: Uncertainty","E: Erroneous Data","E: Erroneous Data","E: Erroneous Data","E: Erroneous Data","E: Uncertainty","E: Uncertainty","E: Erroneous Data","E: Uncertainty","E: Erroneous Data","E: Uncertainty","E: Erroneous Data","E: Erroneous Data","E: Erroneous Data","E: Erroneous Data","E: Uncertainty","E: Erroneous Data","E: Uncertainty","E: Erroneous Data"
"2023-06-03 09:00:00","PM10",NA,564.0574,0,581.3011,1740.656,135.6954,528.5864,21.425,NA,NA,3.2002,311.2246,0,NA,3.2064,8.2864,0,0,0,NA,3.1946,2.2958,0,0,0,10.4138,NA,0,0,NA,NA,NA,NA,0,NA,0,0,0,2.1673,0,"E: Uncertainty",NA,NA,NA,NA,NA,NA,NA,"E: Uncertainty","E: Uncertainty",NA,NA,NA,"E: Uncertainty",NA,NA,NA,NA,NA,"E: Uncertainty",NA,NA,NA,NA,NA,NA,"E: Uncertainty",NA,NA,"E: Uncertainty","E: Uncertainty","E: Uncertainty","E: Uncertainty",NA,"E: Uncertainty",NA,NA,NA,NA,NA
"2023-06-03 10:00:00","PM2.5",NA,NA,NA,NA,NA,NA,NA,NA,NA,NA,NA,NA,NA,NA,NA,NA,NA,NA,NA,NA,NA,NA,NA,NA,NA,NA,NA,NA,NA,NA,NA,NA,NA,NA,NA,NA,NA,NA,NA,NA,"E: Uncertainty","E: Uncertainty","E: Erroneous Data","E: Erroneous Data","E: Erroneous Data","E: Erroneous Data","E: Erroneous Data","E: Erroneous Data","E: Uncertainty","E: Erroneous Data","E: Uncertainty","E: Erroneous Data","E: Erroneous Data","E: Erroneous Data","E: Erroneous Data","E: Erroneous Data","E: Erroneous Data","E: Erroneous Data","E: Uncertainty","E: Erroneous Data","E: Erroneous Data","E: Uncertainty","E: Erroneous Data","E: Erroneous Data","E: Erroneous Data","E: Uncertainty","E: Erroneous Data","E: Erroneous Data","E: Erroneous Data","E: Uncertainty","E: Erroneous Data","E: Uncertainty","E: Erroneous Data","E: Erroneous Data","E: Erroneous Data","E: Erroneous Data","E: Erroneous Data","E: Erroneous Data","E: Erroneous Data","E: Erroneous Data"
"2023-06-03 11:00:00","PM10",NA,NA,NA,NA,NA,NA,NA,NA,NA,NA,NA,NA,NA,NA,NA,NA,NA,NA,NA,NA,NA,NA,NA,NA,NA,NA,NA,NA,NA,NA,NA,NA,NA,NA,NA,NA,NA,NA,NA,NA,"E: Erroneous Data","E: Erroneous Data","E: Erroneous Data","E: Erroneous Data","E: Erroneous Data","E: Erroneous Data","E: Erroneous Data","E: Erroneous Data","E: Uncertainty","E: Uncertainty","E: Erroneous Data","E: Erroneous Data","E: Erroneous Data","E: Uncertainty","E: Erroneous Data","E: Erroneous Data","E: Erroneous Data","E: Erroneous Data","E: Erroneous Data","E: Erroneous Data","E: Erroneous Data","E: Erroneous Data","E: Erroneous Data","E: Erroneous Data","E: Uncertainty","E: Erroneous Data","E: Uncertainty","E: Erroneous Data","E: Erroneous Data","E: Uncertainty","E: Uncertainty","E: Erroneous Data","E: Erroneous Data","E: Erroneous Data","E: Uncertainty","E: Erroneous Data","E: Erroneous Data","E: Erroneous Data","E: Erroneous Data","E: Erroneous Data"
"2023-06-03 12:00:00","PM2.5",NA,NA,NA,NA,NA,NA,NA,NA,NA,NA,NA,NA,NA,NA,NA,NA,NA,NA,NA,NA,NA,NA,NA,NA,NA,NA,NA,NA,NA,NA,NA,NA,NA,NA,NA,NA,NA,NA,NA,NA,"E: Uncertainty","E: Uncertainty","E: Erroneous Data","E: Erroneous Data","E: Erroneous Data","E: Erroneous Data","E: Erroneous Data","E: Erroneous Data","E: Erroneous Data","E: Erroneous Data","E: Uncertainty","E: Erroneous Data","E: Erroneous Data","E: Erroneous Data","E: Erroneous Data","E: Erroneous Data","E: Erroneous Data","E: Erroneous Data","E: Erroneous Data","E: Erroneous Data","E: Erroneous Data","E: Uncertainty","E: Erroneous Data","E: Erroneous Data","E: Erroneous Data","E: Erroneous Data","E: Uncertainty","E: Uncertainty","E: Erroneous Data","E: Erroneous Data","E: Uncertainty","E: Uncertainty","E: Erroneous Data","E: Erroneous Data","E: Erroneous Data","E: Erroneous Data","E: Erroneous Data","E: Erroneous Data","E: Erroneous Data","E: Erroneous Data"
"2023-06-03 13:00:00","PM10",NA,NA,NA,NA,NA,NA,NA,NA,NA,NA,NA,NA,NA,NA,NA,NA,NA,NA,NA,NA,NA,NA,NA,NA,NA,NA,NA,NA,NA,NA,NA,NA,NA,NA,NA,NA,NA,NA,NA,NA,"E: Erroneous Data","E: Erroneous Data","E: Erroneous Data","E: Erroneous Data","E: Erroneous Data","E: Erroneous Data","E: Erroneous Data","E: Erroneous Data","E: Uncertainty","E: Uncertainty","E: Erroneous Data","E: Erroneous Data","E: Erroneous Data","E: Uncertainty","E: Erroneous Data","E: Erroneous Data","E: Erroneous Data","E: Erroneous Data","E: Erroneous Data","E: Erroneous Data","E: Erroneous Data","E: Erroneous Data","E: Erroneous Data","E: Uncertainty","E: Erroneous Data","E: Erroneous Data","E: Erroneous Data","E: Uncertainty","E: Erroneous Data","E: Erroneous Data","E: Erroneous Data","E: Erroneous Data","E: Erroneous Data","E: Erroneous Data","E: Erroneous Data","E: Erroneous Data","E: Erroneous Data","E: Erroneous Data","E: Erroneous Data","E: Erroneous Data"
"2023-06-03 14:00:00","PM2.5",NA,NA,NA,NA,NA,NA,NA,NA,NA,NA,NA,NA,NA,NA,NA,NA,NA,NA,NA,NA,NA,NA,NA,NA,NA,NA,NA,NA,NA,NA,NA,NA,NA,NA,NA,NA,NA,NA,NA,NA,"E: Uncertainty","E: Uncertainty","E: Erroneous Data","E: Erroneous Data","E: Erroneous Data","E: Erroneous Data","E: Erroneous Data","E: Erroneous Data","E: Uncertainty","E: Erroneous Data","E: Uncertainty","E: Erroneous Data","E: Uncertainty","E: Uncertainty","E: Erroneous Data","E: Erroneous Data","E: Erroneous Data","E: Erroneous Data","E: Erroneous Data","E: Uncertainty","E: Erroneous Data","E: Uncertainty","E: Erroneous Data","E: Erroneous Data","E: Erroneous Data","E: Erroneous Data","E: Uncertainty","E: Uncertainty","E: Erroneous Data","E: Uncertainty","E: Uncertainty","E: Erroneous Data","E: Erroneous Data","E: Erroneous Data","E: Erroneous Data","E: Erroneous Data","E: Uncertainty","E: Erroneous Data","E: Erroneous Data","E: Erroneous Data"
"2023-06-03 15:00:00","PM10",NA,216.7283,0,436.1506,806.0496,83.9465,284.4139,13.2363,0,NA,2.3871,190.8658,0,NA,2.0486,15.0802,0,0,0,NA,3.0166,2.0608,0,0,0,0,0,0,0,0,NA,NA,NA,0,0,0,0,0,NA,0,"E: Uncertainty",NA,NA,NA,NA,NA,NA,NA,NA,"E: Uncertainty",NA,NA,NA,"E: Uncertainty",NA,NA,NA,NA,NA,"E: Uncertainty",NA,NA,NA,NA,NA,NA,NA,NA,NA,NA,"E: Uncertainty","E: Uncertainty","E: Uncertainty",NA,NA,NA,NA,NA,"E: Uncertainty",NA
"2023-06-03 16:00:00","PM2.5",0,NA,0,427.315,388.7761,51.8664,104.5669,5.1828,NA,0,NA,94.3271,0,0,0.8564,8.129,0,0,0,NA,3.0646,NA,0,NA,0,10.2881,NA,0,0,0,NA,0,0,0,0,0,NA,0,1.022,0,NA,"E: Uncertainty",NA,NA,NA,NA,NA,NA,"E: Uncertainty",NA,"E: Uncertainty",NA,NA,NA,NA,NA,NA,NA,NA,"E: Uncertainty",NA,"E: Uncertainty",NA,"E: Uncertainty",NA,NA,"E: Uncertainty",NA,NA,NA,"E: Uncertainty",NA,NA,NA,NA,NA,"E: Uncertainty",NA,NA,NA
"2023-06-03 17:00:00","PM10",NA,192.5946,0,477.3735,936.8281,86.8485,259.8206,15.3867,NA,NA,2.5198,205.0444,0,0,2.3222,8.3375,0,0,0.4338,NA,3.2197,NA,0,0,0,NA,NA,NA,0,0,NA,NA,NA,0,0,0,0,0,NA,0,"E: Uncertainty",NA,NA,NA,NA,NA,NA,NA,"E: Uncertainty","E: Uncertainty",NA,NA,NA,NA,NA,NA,NA,NA,NA,"E: Uncertainty",NA,"E: Uncertainty",NA,NA,NA,"E: Uncertainty","E: Uncertainty","E: Uncertainty",NA,NA,"E: Uncertainty","E: Uncertainty","E: Uncertainty",NA,NA,NA,NA,NA,"E: Uncertainty",NA
"2023-06-03 18:00:00","PM2.5",0,NA,0,462.3234,321.5524,49.4783,89.7375,5.1942,NA,NA,NA,92.5244,0,NA,1.5201,6.8042,0,0,0.3934,NA,2.9859,NA,0,NA,0,11.9541,NA,NA,0,0,0,NA,0,0,0,0,0,0,NA,0,NA,"E: Uncertainty",NA,NA,NA,NA,NA,NA,"E: Uncertainty","E: Uncertainty","E: Uncertainty",NA,NA,"E: Uncertainty",NA,NA,NA,NA,NA,"E: Uncertainty",NA,"E: Uncertainty",NA,"E: Uncertainty",NA,NA,"E: Uncertainty","E: Uncertainty",NA,NA,NA,"E: Uncertainty",NA,NA,NA,NA,NA,NA,"E: Uncertainty",NA
"2023-06-03 19:00:00","PM10",NA,289.899,0,486.3023,894.1734,88.0072,308.6519,14.3595,NA,NA,2.496,215.2014,NA,NA,2.5089,18.5339,0,0,NA,NA,2.4917,NA,0,0,0,9.2189,NA,0,0,0,NA,NA,0,0,0,0,0,0,0.8895,0,"E: Uncertainty",NA,NA,NA,NA,NA,NA,NA,"E: Uncertainty","E: Uncertainty",NA,NA,"E: Uncertainty","E: Uncertainty",NA,NA,NA,NA,"E: Uncertainty","E: Uncertainty",NA,"E: Uncertainty",NA,NA,NA,NA,"E: Uncertainty",NA,NA,NA,"E: Uncertainty","E: Uncertainty",NA,NA,NA,NA,NA,NA,NA,NA
"2023-06-03 20:00:00","PM2.5",NA,NA,NA,NA,NA,NA,NA,NA,NA,NA,NA,NA,NA,NA,NA,NA,NA,NA,NA,NA,NA,NA,NA,NA,NA,NA,NA,NA,NA,NA,NA,NA,NA,NA,NA,NA,NA,NA,NA,NA,"E: Uncertainty","E: Uncertainty","E: Erroneous Data","E: Erroneous Data","E: Erroneous Data","E: Erroneous Data","E: Erroneous Data","E: Erroneous Data","E: Uncertainty","E: Uncertainty","E: Uncertainty","E: Erroneous Data","E: Erroneous Data","E: Uncertainty","E: Erroneous Data","E: Erroneous Data","E: Erroneous Data","E: Erroneous Data","E: Erroneous Data","E: Erroneous Data","E: Erroneous Data","E: Uncertainty","E: Erroneous Data","E: Erroneous Data","E: Erroneous Data","E: Erroneous Data","E: Uncertainty","E: Erroneous Data","E: Erroneous Data","E: Erroneous Data","E: Erroneous Data","E: Uncertainty","E: Uncertainty","E: Erroneous Data","E: Erroneous Data","E: Erroneous Data","E: Erroneous Data","E: Erroneous Data","E: Erroneous Data","E: Erroneous Data"
"2023-06-03 21:00:00","PM10",NA,NA,NA,NA,NA,NA,NA,NA,NA,NA,NA,NA,NA,NA,NA,NA,NA,NA,NA,NA,NA,NA,NA,NA,NA,NA,NA,NA,NA,NA,NA,NA,NA,NA,NA,NA,NA,NA,NA,NA,"E: Erroneous Data","E: Uncertainty","E: Erroneous Data","E: Erroneous Data","E: Erroneous Data","E: Erroneous Data","E: Erroneous Data","E: Erroneous Data","E: Uncertainty","E: Erroneous Data","E: Erroneous Data","E: Erroneous Data","E: Erroneous Data","E: Erroneous Data","E: Erroneous Data","E: Erroneous Data","E: Erroneous Data","E: Erroneous Data","E: Erroneous Data","E: Uncertainty","E: Erroneous Data","E: Erroneous Data","E: Erroneous Data","E: Erroneous Data","E: Erroneous Data","E: Erroneous Data","E: Uncertainty","E: Erroneous Data","E: Erroneous Data","E: Uncertainty","E: Uncertainty","E: Erroneous Data","E: Uncertainty","E: Erroneous Data","E: Uncertainty","E: Erroneous Data","E: Erroneous Data","E: Erroneous Data","E: Erroneous Data","E: Erroneous Data"
"2023-06-03 22:00:00","PM2.5",NA,NA,NA,NA,NA,NA,NA,NA,NA,NA,NA,NA,NA,NA,NA,NA,NA,NA,NA,NA,NA,NA,NA,NA,NA,NA,NA,NA,NA,NA,NA,NA,NA,NA,NA,NA,NA,NA,NA,NA,"E: Uncertainty","E: Erroneous Data","E: Erroneous Data","E: Erroneous Data","E: Erroneous Data","E: Erroneous Data","E: Erroneous Data","E: Erroneous Data","E: Uncertainty","E: Erroneous Data","E: Uncertainty","E: Erroneous Data","E: Uncertainty","E: Uncertainty","E: Erroneous Data","E: Erroneous Data","E: Erroneous Data","E: Erroneous Data","E: Erroneous Data","E: Uncertainty","E: Erroneous Data","E: Uncertainty","E: Erroneous Data","E: Erroneous Data","E: Erroneous Data","E: Erroneous Data","E: Erroneous Data","E: Uncertainty","E: Erroneous Data","E: Uncertainty","E: Uncertainty","E: Uncertainty","E: Uncertainty","E: Erroneous Data","E: Erroneous Data","E: Erroneous Data","E: Erroneous Data","E: Erroneous Data","E: Erroneous Data","E: Erroneous Data"
"2023-06-03 23:00:00","PM10",NA,NA,NA,NA,NA,NA,NA,NA,NA,NA,NA,NA,NA,NA,NA,NA,NA,NA,NA,NA,NA,NA,NA,NA,NA,NA,NA,NA,NA,NA,NA,NA,NA,NA,NA,NA,NA,NA,NA,NA,"E: Erroneous Data","E: Uncertainty","E: Erroneous Data","E: Erroneous Data","E: Erroneous Data","E: Erroneous Data","E: Erroneous Data","E: Erroneous Data","E: Uncertainty","E: Uncertainty","E: Erroneous Data","E: Erroneous Data","E: Erroneous Data","E: Uncertainty","E: Erroneous Data","E: Erroneous Data","E: Erroneous Data","E: Erroneous Data","E: Erroneous Data","E: Uncertainty","E: Erroneous Data","E: Uncertainty","E: Erroneous Data","E: Uncertainty","E: Erroneous Data","E: Erroneous Data","E: Uncertainty","E: Uncertainty","E: Erroneous Data","E: Erroneous Data","E: Uncertainty","E: Uncertainty","E: Uncertainty","E: Erroneous Data","E: Erroneous Data","E: Erroneous Data","E: Erroneous Data","E: Erroneous Data","E: Uncertainty","E: Erroneous Data"
"2023-06-04 00:30:00","PM2.5",NA,0,0,483.9543,599.2195,134.5778,68.382,2.3116,NA,0,NA,98.2243,NA,NA,4.514,15.7799,0,0,0,NA,1.8527,NA,0,0,0,27.824,0,NA,0,0,NA,NA,NA,0,0,0,0,0,2.366,NA,"E: Uncertainty",NA,NA,NA,NA,NA,NA,NA,"E: Uncertainty",NA,"E: Uncertainty",NA,"E: Uncertainty","E: Uncertainty",NA,NA,NA,NA,NA,"E: Uncertainty",NA,"E: Uncertainty",NA,NA,NA,NA,NA,"E: Uncertainty",NA,NA,"E: Uncertainty","E: Uncertainty","E: Uncertainty",NA,NA,NA,NA,NA,NA,"E: Uncertainty"
"2023-06-04 01:00:00","PM10",NA,NA,0,583.5761,1674.4204,93.4331,149.178,3.5343,NA,0.0033,NA,129.6916,0,NA,2.2613,19.5917,0,0,0.502,NA,1.808,NA,0,0,0,16.2333,NA,NA,0,NA,0,0,NA,0,0,0,0,0,1.04,0,"E: Uncertainty","E: Uncertainty",NA,NA,NA,NA,NA,NA,"E: Uncertainty",NA,"E: Uncertainty",NA,NA,"E: Uncertainty",NA,NA,NA,NA,NA,"E: Uncertainty",NA,"E: Uncertainty",NA,NA,NA,NA,"E: Uncertainty","E: Uncertainty",NA,"E: Uncertainty",NA,NA,"E: Uncertainty",NA,NA,NA,NA,NA,NA,NA
"2023-06-04 02:00:00","PM2.5",NA,0,0,487.7419,289.7812,41.493,44.4762,1.3624,1.1436,0,NA,54.4027,NA,NA,0.7414,16.5969,0,0,0.4763,NA,1.3454,NA,0,0,0,10.3734,0,0,0,NA,NA,NA,0,0,0,0,0,0,0,0,"E: Uncertainty",NA,NA,NA,NA,NA,NA,NA,NA,NA,"E: Uncertainty",NA,"E: Uncertainty","E: Uncertainty",NA,NA,NA,NA,NA,"E: Uncertainty",NA,"E: Uncertainty",NA,NA,NA,NA,NA,NA,NA,"E: Uncertainty","E: Uncertainty","E: Uncertainty",NA,NA,NA,NA,NA,NA,NA,NA
"2023-06-04 03:00:00","PM10",NA,0,0,587.1778,1331.2847,72.6148,113.1096,2.35,0.8306,0,0,75.2307,0,NA,0.8514,10.4045,0,0,NA,0.4718,2.3158,NA,0,0,0,NA,NA,0,0,NA,NA,NA,0,0,0,0,0,0,0,0,"E: Uncertainty",NA,NA,NA,NA,NA,NA,NA,NA,NA,NA,NA,NA,"E: Uncertainty",NA,NA,NA,NA,"E: Uncertainty",NA,NA,"E: Uncertainty",NA,NA,NA,"E: Uncertainty","E: Uncertainty",NA,NA,"E: Uncertainty","E: Uncertainty","E: Uncertainty",NA,NA,NA,NA,NA,NA,NA,NA
"2023-06-04 04:00:00","PM2.5",NA,0,0,483.1168,200.0238,51.4824,37.4662,NA,0.871,NA,0,33.5846,0,NA,0.8472,6.589,0,0,0,NA,1.7447,NA,0,0,0,17.9122,0,NA,0,NA,NA,NA,NA,0,0,0,NA,0,NA,0,"E: Uncertainty",NA,NA,NA,NA,NA,NA,"E: Uncertainty",NA,"E: Uncertainty",NA,NA,NA,"E: Uncertainty",NA,NA,NA,NA,NA,"E: Uncertainty",NA,"E: Uncertainty",NA,NA,NA,NA,NA,"E: Uncertainty",NA,"E: Uncertainty","E: Uncertainty","E: Uncertainty","E: Uncertainty",NA,NA,NA,"E: Uncertainty",NA,"E: Uncertainty",NA
"2023-06-04 05:00:00","PM10",NA,0,0,661.2936,1325.6898,85.9967,123.4637,6.3125,NA,0,NA,93.3616,0,0,0.9681,13.5456,0,0,0.7796,0.617,2.9724,2.1337,0,NA,0,NA,0,NA,0,0,0,0,0,0,0,0,0,0,0,0,"E: Uncertainty",NA,NA,NA,NA,NA,NA,NA,"E: Uncertainty",NA,"E: Uncertainty",NA,NA,NA,NA,NA,NA,NA,NA,NA,NA,NA,NA,"E: Uncertainty",NA,"E: Uncertainty",NA,"E: Uncertainty",NA,NA,NA,NA,NA,NA,NA,NA,NA,NA,NA,NA
"2023-06-04 06:00:00","PM2.5",NA,NA,NA,NA,NA,NA,NA,NA,NA,NA,NA,NA,NA,NA,NA,NA,NA,NA,NA,NA,NA,NA,NA,NA,NA,NA,NA,NA,NA,NA,NA,NA,NA,NA,NA,NA,NA,NA,NA,NA,"E: Erroneous Data","E: Erroneous Data","E: Erroneous Data","E: Erroneous Data","E: Erroneous Data","E: Erroneous Data","E: Erroneous Data","E: Erroneous Data","E: Erroneous Data","E: Uncertainty","E: Erroneous Data","E: Erroneous Data","E: Erroneous Data","E: Erroneous Data","E: Erroneous Data","E: Erroneous Data","E: Erroneous Data","E: Erroneous Data","E: Uncertainty","E: Erroneous Data","E: Erroneous Data","E: Uncertainty","E: Erroneous Data","E: Erroneous Data","E: Erroneous Data","E: Erroneous Data","E: Uncertainty","E: Uncertainty","E: Erroneous Data","E: Uncertainty","E: Erroneous Data","E: Erroneous Data","E: Erroneous Data","E: Erroneous Data","E: Erroneous Data","E: Erroneous Data","E: Erroneous Data","E: Erroneous Data","E: Erroneous Data","E: Erroneous Data"
"2023-06-04 07:00:00","PM10",NA,NA,NA,NA,NA,NA,NA,NA,NA,NA,NA,NA,NA,NA,NA,NA,NA,NA,NA,NA,NA,NA,NA,NA,NA,NA,NA,NA,NA,NA,NA,NA,NA,NA,NA,NA,NA,NA,NA,NA,"E: Erroneous Data","E: Uncertainty","E: Erroneous Data","E: Erroneous Data","E: Erroneous Data","E: Erroneous Data","E: Erroneous Data","E: Erroneous Data","E: Erroneous Data","E: Erroneous Data","E: Erroneous Data","E: Erroneous Data","E: Erroneous Data","E: Erroneous Data","E: Erroneous Data","E: Erroneous Data","E: Erroneous Data","E: Erroneous Data","E: Uncertainty","E: Erroneous Data","E: Erroneous Data","E: Uncertainty","E: Erroneous Data","E: Erroneous Data","E: Erroneous Data","E: Erroneous Data","E: Uncertainty","E: Uncertainty","E: Erroneous Data","E: Uncertainty","E: Erroneous Data","E: Erroneous Data","E: Uncertainty","E: Erroneous Data","E: Erroneous Data","E: Erroneous Data","E: Erroneous Data","E: Erroneous Data","E: Uncertainty","E: Erroneous Data"
"2023-06-04 08:00:00","PM2.5",NA,NA,NA,NA,NA,NA,NA,NA,NA,NA,NA,NA,NA,NA,NA,NA,NA,NA,NA,NA,NA,NA,NA,NA,NA,NA,NA,NA,NA,NA,NA,NA,NA,NA,NA,NA,NA,NA,NA,NA,"E: Uncertainty","E: Uncertainty","E: Erroneous Data","E: Erroneous Data","E: Erroneous Data","E: Erroneous Data","E: Erroneous Data","E: Erroneous Data","E: Erroneous Data","E: Erroneous Data","E: Uncertainty","E: Erroneous Data","E: Erroneous Data","E: Uncertainty","E: Erroneous Data","E: Erroneous Data","E: Erroneous Data","E: Erroneous Data","E: Erroneous Data","E: Uncertainty","E: Erroneous Data","E: Uncertainty","E: Erroneous Data","E: Erroneous Data","E: Erroneous Data","E: Erroneous Data","E: Uncertainty","E: Erroneous Data","E: Erroneous Data","E: Erroneous Data","E: Erroneous Data","E: Uncertainty","E: Erroneous Data","E: Erroneous Data","E: Erroneous Data","E: Erroneous Data","E: Erroneous Data","E: Erroneous Data","E: Erroneous Data","E: Erroneous Data"
"2023-06-04 09:00:00","PM10",NA,NA,NA,NA,NA,NA,NA,NA,NA,NA,NA,NA,NA,NA,NA,NA,NA,NA,NA,NA,NA,NA,NA,NA,NA,NA,NA,NA,NA,NA,NA,NA,NA,NA,NA,NA,NA,NA,NA,NA,"E: Erroneous Data","E: Uncertainty","E: Erroneous Data","E: Erroneous Data","E: Erroneous Data","E: Erroneous Data","E: Erroneous Data","E: Erroneous Data","E: Uncertainty","E: Erroneous Data","E: Erroneous Data","E: Erroneous Data","E: Erroneous Data","E: Uncertainty","E: Erroneous Data","E: Erroneous Data","E: Erroneous Data","E: Erroneous Data","E: Erroneous Data","E: Uncertainty","E: Erroneous Data","E: Uncertainty","E: Erroneous Data","E: Erroneous Data","E: Erroneous Data","E: Uncertainty","E: Uncertainty","E: Erroneous Data","E: Erroneous Data","E: Uncertainty","E: Uncertainty","E: Erroneous Data","E: Erroneous Data","E: Erroneous Data","E: Erroneous Data","E: Erroneous Data","E: Erroneous Data","E: Erroneous Data","E: Erroneous Data","E: Erroneous Data"
"2023-06-04 10:00:00","PM2.5",NA,NA,NA,NA,NA,NA,NA,NA,NA,NA,NA,NA,NA,NA,NA,NA,NA,NA,NA,NA,NA,NA,NA,NA,NA,NA,NA,NA,NA,NA,NA,NA,NA,NA,NA,NA,NA,NA,NA,NA,"E: Uncertainty","E: Erroneous Data","E: Erroneous Data","E: Erroneous Data","E: Erroneous Data","E: Erroneous Data","E: Erroneous Data","E: Erroneous Data","E: Uncertainty","E: Erroneous Data","E: Uncertainty","E: Erroneous Data","E: Erroneous Data","E: Uncertainty","E: Erroneous Data","E: Erroneous Data","E: Erroneous Data","E: Erroneous Data","E: Erroneous Data","E: Uncertainty","E: Erroneous Data","E: Uncertainty","E: Erroneous Data","E: Erroneous Data","E: Erroneous Data","E: Erroneous Data","E: Erroneous Data","E: Uncertainty","E: Erroneous Data","E: Erroneous Data","E: Uncertainty","E: Erroneous Data","E: Erroneous Data","E: Erroneous Data","E: Erroneous Data","E: Erroneous Data","E: Erroneous Data","E: Erroneous Data","E: Erroneous Data","E: Erroneous Data"
"2023-06-04 11:00:00","PM10",NA,NA,0,1469.5474,0,67.9644,196.4714,19.8591,0.9665,NA,1.2933,153.6966,NA,NA,2.2273,10.9281,0,0,1.4462,NA,2.8552,NA,0,0,0,NA,0,NA,0,NA,0,NA,0,0,0,0,0,0,NA,0,"E: Uncertainty","E: Uncertainty",NA,NA,NA,NA,NA,NA,NA,"E: Uncertainty",NA,NA,"E: Uncertainty","E: Uncertainty",NA,NA,NA,NA,NA,"E: Uncertainty",NA,"E: Uncertainty",NA,NA,NA,"E: Uncertainty",NA,"E: Uncertainty",NA,"E: Uncertainty",NA,"E: Uncertainty",NA,NA,NA,NA,NA,NA,"E: Uncertainty",NA
"2023-06-04 12:00:00","PM2.5",NA,0,0,651.327,0,42.3513,60.146,11.2197,0,0,NA,71.1581,NA,NA,1.5321,13.3627,0,0,1.3044,NA,2.6518,NA,0,0,0,NA,0.0733,NA,0,NA,NA,NA,0,0,0,0,0,0,3.9816,0,"E: Uncertainty",NA,NA,NA,NA,NA,NA,NA,NA,NA,"E: Uncertainty",NA,"E: Uncertainty","E: Uncertainty",NA,NA,NA,NA,NA,"E: Uncertainty",NA,"E: Uncertainty",NA,NA,NA,"E: Uncertainty",NA,"E: Uncertainty",NA,"E: Uncertainty","E: Uncertainty","E: Uncertainty",NA,NA,NA,NA,NA,NA,NA,NA
"2023-06-04 13:00:00","PM10",NA,NA,0,687.0911,27.3224,77.2958,163.824,14.0541,0,NA,1.5383,146.2201,0,NA,2.4974,9.2035,0,0,NA,NA,2.4431,NA,0,0,0,NA,NA,0,0,NA,0,0,NA,0,0,0,0,0,2.3729,0,"E: Uncertainty","E: Uncertainty",NA,NA,NA,NA,NA,NA,NA,"E: Uncertainty",NA,NA,NA,"E: Uncertainty",NA,NA,NA,NA,"E: Uncertainty","E: Uncertainty",NA,"E: Uncertainty",NA,NA,NA,"E: Uncertainty","E: Uncertainty",NA,NA,"E: Uncertainty",NA,NA,"E: Uncertainty",NA,NA,NA,NA,NA,NA,NA
"2023-06-04 14:00:00","PM2.5",NA,NA,NA,NA,NA,NA,NA,NA,NA,NA,NA,NA,NA,NA,NA,NA,NA,NA,NA,NA,NA,NA,NA,NA,NA,NA,NA,NA,NA,NA,NA,NA,NA,NA,NA,NA,NA,NA,NA,NA,"E: Uncertainty","E: Erroneous Data","E: Erroneous Data","E: Erroneous Data","E: Erroneous Data","E: Erroneous Data","E: Erroneous Data","E: Erroneous Data","E: Uncertainty","E: Erroneous Data","E: Uncertainty","E: Erroneous Data","E: Erroneous Data","E: Uncertainty","E: Erroneous Data","E: Erroneous Data","E: Erroneous Data","E: Erroneous Data","E: Erroneous Data","E: Uncertainty","E: Erroneous Data","E: Erroneous Data","E: Erroneous Data","E: Erroneous Data","E: Erroneous Data","E: Uncertainty","E: Uncertainty","E: Uncertainty","E: Erroneous Data","E: Uncertainty","E: Erroneous Data","E: Erroneous Data","E: Erroneous Data","E: Erroneous Data","E: Erroneous Data","E: Erroneous Data","E: Erroneous Data","E: Erroneous Data","E: Uncertainty","E: Erroneous Data"
"2023-06-04 15:00:00","PM10",NA,NA,NA,NA,NA,NA,NA,NA,NA,NA,NA,NA,NA,NA,NA,NA,NA,NA,NA,NA,NA,NA,NA,NA,NA,NA,NA,NA,NA,NA,NA,NA,NA,NA,NA,NA,NA,NA,NA,NA,"E: Erroneous Data","E: Erroneous Data","E: Erroneous Data","E: Erroneous Data","E: Erroneous Data","E: Erroneous Data","E: Erroneous Data","E: Erroneous Data","E: Uncertainty","E: Uncertainty","E: Erroneous Data","E: Erroneous Data","E: Erroneous Data","E: Uncertainty","E: Erroneous Data","E: Erroneous Data","E: Erroneous Data","E: Erroneous Data","E: Erroneous Data","E: Uncertainty","E: Erroneous Data","E: Uncertainty","E: Erroneous Data","E: Erroneous Data","E: Erroneous Data","E: Erroneous Data","E: Uncertainty","E: Erroneous Data","E: Erroneous Data","E: Uncertainty","E: Erroneous Data","E: Erroneous Data","E: Uncertainty","E: Erroneous Data","E: Erroneous Data","E: Erroneous Data","E: Uncertainty","E: Erroneous Data","E: Uncertainty","E: Erroneous Data"
"2023-06-04 16:00:00","PM2.5",NA,NA,NA,NA,NA,NA,NA,NA,NA,NA,NA,NA,NA,NA,NA,NA,NA,NA,NA,NA,NA,NA,NA,NA,NA,NA,NA,NA,NA,NA,NA,NA,NA,NA,NA,NA,NA,NA,NA,NA,"E: Uncertainty","E: Erroneous Data","E: Erroneous Data","E: Erroneous Data","E: Erroneous Data","E: Erroneous Data","E: Erroneous Data","E: Erroneous Data","E: Uncertainty","E: Erroneous Data","E: Erroneous Data","E: Erroneous Data","E: Uncertainty","E: Erroneous Data","E: Erroneous Data","E: Erroneous Data","E: Erroneous Data","E: Erroneous Data","E: Erroneous Data","E: Erroneous Data","E: Erroneous Data","E: Uncertainty","E: Erroneous Data","E: Erroneous Data","E: Erroneous Data","E: Uncertainty","E: Uncertainty","E: Uncertainty","E: Erroneous Data","E: Uncertainty","E: Uncertainty","E: Erroneous Data","E: Erroneous Data","E: Erroneous Data","E: Erroneous Data","E: Erroneous Data","E: Erroneous Data","E: Erroneous Data","E: Uncertainty","E: Erroneous Data"
"2023-06-04 17:00:00","PM10",NA,NA,NA,NA,NA,NA,NA,NA,NA,NA,NA,NA,NA,NA,NA,NA,NA,NA,NA,NA,NA,NA,NA,NA,NA,NA,NA,NA,NA,NA,NA,NA,NA,NA,NA,NA,NA,NA,NA,NA,"E: Erroneous Data","E: Erroneous Data","E: Erroneous Data","E: Erroneous Data","E: Erroneous Data","E: Erroneous Data","E: Erroneous Data","E: Erroneous Data","E: Erroneous Data","E: Uncertainty","E: Erroneous Data","E: Erroneous Data","E: Uncertainty","E: Erroneous Data","E: Erroneous Data","E: Erroneous Data","E: Erroneous Data","E: Erroneous Data","E: Erroneous Data","E: Erroneous Data","E: Erroneous Data","E: Uncertainty","E: Erroneous Data","E: Erroneous Data","E: Erroneous Data","E: Erroneous Data","E: Uncertainty","E: Erroneous Data","E: Erroneous Data","E: Uncertainty","E: Uncertainty","E: Uncertainty","E: Uncertainty","E: Erroneous Data","E: Erroneous Data","E: Erroneous Data","E: Erroneous Data","E: Erroneous Data","E: Erroneous Data","E: Erroneous Data"
"2023-06-04 18:00:00","PM2.5",NA,NA,NA,NA,NA,NA,NA,NA,NA,NA,NA,NA,NA,NA,NA,NA,NA,NA,NA,NA,NA,NA,NA,NA,NA,NA,NA,NA,NA,NA,NA,NA,NA,NA,NA,NA,NA,NA,NA,NA,"E: Erroneous Data","E: Uncertainty","E: Erroneous Data","E: Erroneous Data","E: Erroneous Data","E: Erroneous Data","E: Erroneous Data","E: Erroneous Data","E: Erroneous Data","E: Uncertainty","E: Uncertainty","E: Erroneous Data","E: Erroneous Data","E: Uncertainty","E: Erroneous Data","E: Erroneous Data","E: Erroneous Data","E: Erroneous Data","E: Erroneous Data","E: Uncertainty","E: Erroneous Data","E: Uncertainty","E: Erroneous Data","E: Erroneous Data","E: Erroneous Data","E: Uncertainty","E: Uncertainty","E: Uncertainty","E: Erroneous Data","E: Erroneous Data","E: Uncertainty","E: Uncertainty","E: Erroneous Data","E: Erroneous Data","E: Erroneous Data","E: Erroneous Data","E: Erroneous Data","E: Uncertainty","E: Erroneous Data","E: Erroneous Data"
"2023-06-04 19:00:00","PM10",NA,NA,NA,NA,NA,NA,NA,NA,NA,NA,NA,NA,NA,NA,NA,NA,NA,NA,NA,NA,NA,NA,NA,NA,NA,NA,NA,NA,NA,NA,NA,NA,NA,NA,NA,NA,NA,NA,NA,NA,"E: Erroneous Data","E: Uncertainty","E: Erroneous Data","E: Erroneous Data","E: Erroneous Data","E: Erroneous Data","E: Erroneous Data","E: Erroneous Data","E: Erroneous Data","E: Uncertainty","E: Erroneous Data","E: Erroneous Data","E: Erroneous Data","E: Erroneous Data","E: Erroneous Data","E: Erroneous Data","E: Erroneous Data","E: Erroneous Data","E: Erroneous Data","E: Erroneous Data","E: Erroneous Data","E: Uncertainty","E: Erroneous Data","E: Erroneous Data","E: Erroneous Data","E: Erroneous Data","E: Uncertainty","E: Uncertainty","E: Erroneous Data","E: Erroneous Data","E: Erroneous Data","E: Uncertainty","E: Erroneous Data","E: Erroneous Data","E: Erroneous Data","E: Erroneous Data","E: Erroneous Data","E: Erroneous Data","E: Erroneous Data","E: Erroneous Data"
"2023-06-04 20:00:00","PM2.5",NA,NA,NA,NA,NA,NA,NA,NA,NA,NA,NA,NA,NA,NA,NA,NA,NA,NA,NA,NA,NA,NA,NA,NA,NA,NA,NA,NA,NA,NA,NA,NA,NA,NA,NA,NA,NA,NA,NA,NA,"E: Erroneous Data","E: Erroneous Data","E: Erroneous Data","E: Erroneous Data","E: Erroneous Data","E: Erroneous Data","E: Erroneous Data","E: Erroneous Data","E: Uncertainty","E: Erroneous Data","E: Erroneous Data","E: Erroneous Data","E: Uncertainty","E: Uncertainty","E: Erroneous Data","E: Erroneous Data","E: Erroneous Data","E: Erroneous Data","E: Erroneous Data","E: Uncertainty","E: Erroneous Data","E: Uncertainty","E: Erroneous Data","E: Erroneous Data","E: Erroneous Data","E: Erroneous Data","E: Uncertainty","E: Erroneous Data","E: Erroneous Data","E: Uncertainty","E: Erroneous Data","E: Uncertainty","E: Uncertainty","E: Erroneous Data","E: Erroneous Data","E: Erroneous Data","E: Erroneous Data","E: Erroneous Data","E: Uncertainty","E: Erroneous Data"
"2023-06-04 21:00:00","PM10",NA,NA,0,503.3023,10.2791,72.947,158.2545,7.9778,1.002,NA,1.7773,165.7711,0,NA,3.4367,18.3351,0,0,0,0,5.3818,2.3307,0,0,0,11.2322,NA,0,0,0,NA,0,NA,0,0,0,0,0,4.0701,0,"E: Uncertainty","E: Uncertainty",NA,NA,NA,NA,NA,NA,NA,"E: Uncertainty",NA,NA,NA,"E: Uncertainty",NA,NA,NA,NA,NA,NA,NA,NA,NA,NA,NA,NA,"E: Uncertainty",NA,NA,NA,"E: Uncertainty",NA,"E: Uncertainty",NA,NA,NA,NA,NA,NA,NA
"2023-06-04 22:00:00","PM2.5",NA,0,0,434.9366,0,34.5562,40.5138,2.9657,0,0,0,61.9403,NA,0,1.3598,23.6491,0,0,0.9114,0,66.0802,NA,0,0,0,18.4291,NA,0,0,0,NA,NA,NA,0,0,0,0,0,0,0,"E: Uncertainty",NA,NA,NA,NA,NA,NA,NA,NA,NA,NA,NA,"E: Uncertainty",NA,NA,NA,NA,NA,NA,NA,NA,"E: Uncertainty",NA,NA,NA,NA,"E: Uncertainty",NA,NA,NA,"E: Uncertainty","E: Uncertainty","E: Uncertainty",NA,NA,NA,NA,NA,NA,NA
"2023-06-04 23:00:00","PM10",NA,NA,0,569.7603,77.8627,89.5027,123.6805,12.2727,NA,0,NA,144.8325,0,NA,2.8803,43.4578,0,0,NA,NA,2.4353,NA,0,0,0,NA,0,NA,0,0,NA,NA,NA,0,0,NA,0,0,NA,0,"E: Uncertainty","E: Uncertainty",NA,NA,NA,NA,NA,NA,"E: Uncertainty",NA,"E: Uncertainty",NA,NA,"E: Uncertainty",NA,NA,NA,NA,"E: Uncertainty","E: Uncertainty",NA,"E: Uncertainty",NA,NA,NA,"E: Uncertainty",NA,"E: Uncertainty",NA,NA,"E: Uncertainty","E: Uncertainty","E: Uncertainty",NA,NA,"E: Uncertainty",NA,NA,"E: Uncertainty",NA
"2023-06-05 00:30:00","PM2.5",NA,0,0,439.6039,0,29.7534,37.284,4.8262,0,0,0,59.1488,0,0,1.9869,28.1035,0,0,0,0,2.8351,NA,0,0,0,48.6845,0,0,0,0,0,NA,0,0,0,0,0,0,NA,0,"E: Uncertainty",NA,NA,NA,NA,NA,NA,NA,NA,NA,NA,NA,NA,NA,NA,NA,NA,NA,NA,NA,NA,"E: Uncertainty",NA,NA,NA,NA,NA,NA,NA,NA,NA,"E: Uncertainty",NA,NA,NA,NA,NA,NA,"E: Uncertainty",NA
"2023-06-05 01:00:00","PM10",NA,NA,0,520.3761,120.6618,54.7192,106.4474,9.4761,NA,0,0,86.4235,0,0,0.722,11.4255,0,0,0,0,3.4531,NA,0,0,0,11.3386,0,0,0,0,NA,NA,0,0,0,0,0,0,NA,0,"E: Uncertainty","E: Uncertainty",NA,NA,NA,NA,NA,NA,"E: Uncertainty",NA,NA,NA,NA,NA,NA,NA,NA,NA,NA,NA,NA,"E: Uncertainty",NA,NA,NA,NA,NA,NA,NA,NA,"E: Uncertainty","E: Uncertainty",NA,NA,NA,NA,NA,NA,"E: Uncertainty",NA
"2023-06-05 02:00:00","PM2.5",NA,NA,NA,NA,NA,NA,NA,NA,NA,NA,NA,NA,NA,NA,NA,NA,NA,NA,NA,NA,NA,NA,NA,NA,NA,NA,NA,NA,NA,NA,NA,NA,NA,NA,NA,NA,NA,NA,NA,NA,"E: Uncertainty","E: Erroneous Data","E: Erroneous Data","E: Erroneous Data","E: Erroneous Data","E: Erroneous Data","E: Erroneous Data","E: Erroneous Data","E: Uncertainty","E: Uncertainty","E: Uncertainty","E: Erroneous Data","E: Uncertainty","E: Erroneous Data","E: Erroneous Data","E: Erroneous Data","E: Erroneous Data","E: Erroneous Data","E: Erroneous Data","E: Uncertainty","E: Erroneous Data","E: Erroneous Data","E: Erroneous Data","E: Erroneous Data","E: Erroneous Data","E: Uncertainty","E: Uncertainty","E: Erroneous Data","E: Erroneous Data","E: Erroneous Data","E: Uncertainty","E: Uncertainty","E: Erroneous Data","E: Erroneous Data","E: Erroneous Data","E: Erroneous Data","E: Erroneous Data","E: Erroneous Data","E: Erroneous Data","E: Erroneous Data"
"2023-06-05 03:00:00","PM10",NA,NA,NA,NA,NA,NA,NA,NA,NA,NA,NA,NA,NA,NA,NA,NA,NA,NA,NA,NA,NA,NA,NA,NA,NA,NA,NA,NA,NA,NA,NA,NA,NA,NA,NA,NA,NA,NA,NA,NA,"E: Erroneous Data","E: Uncertainty","E: Erroneous Data","E: Erroneous Data","E: Erroneous Data","E: Erroneous Data","E: Erroneous Data","E: Erroneous Data","E: Uncertainty","E: Uncertainty","E: Uncertainty","E: Erroneous Data","E: Erroneous Data","E: Uncertainty","E: Erroneous Data","E: Erroneous Data","E: Erroneous Data","E: Erroneous Data","E: Uncertainty","E: Uncertainty","E: Erroneous Data","E: Uncertainty","E: Erroneous Data","E: Erroneous Data","E: Erroneous Data","E: Erroneous Data","E: Erroneous Data","E: Erroneous Data","E: Erroneous Data","E: Uncertainty","E: Erroneous Data","E: Erroneous Data","E: Erroneous Data","E: Erroneous Data","E: Erroneous Data","E: Erroneous Data","E: Erroneous Data","E: Erroneous Data","E: Erroneous Data","E: Erroneous Data"
"2023-06-05 04:00:00","PM2.5",NA,NA,NA,NA,NA,NA,NA,NA,NA,NA,NA,NA,NA,NA,NA,NA,NA,NA,NA,NA,NA,NA,NA,NA,NA,NA,NA,NA,NA,NA,NA,NA,NA,NA,NA,NA,NA,NA,NA,NA,"E: Erroneous Data","E: Uncertainty","E: Erroneous Data","E: Erroneous Data","E: Erroneous Data","E: Erroneous Data","E: Erroneous Data","E: Erroneous Data","E: Uncertainty","E: Erroneous Data","E: Erroneous Data","E: Erroneous Data","E: Uncertainty","E: Uncertainty","E: Uncertainty","E: Erroneous Data","E: Uncertainty","E: Erroneous Data","E: Erroneous Data","E: Uncertainty","E: Erroneous Data","E: Uncertainty","E: Erroneous Data","E: Erroneous Data","E: Erroneous Data","E: Uncertainty","E: Uncertainty","E: Uncertainty","E: Erroneous Data","E: Uncertainty","E: Uncertainty","E: Uncertainty","E: Erroneous Data","E: Erroneous Data","E: Erroneous Data","E: Erroneous Data","E: Erroneous Data","E: Erroneous Data","E: Erroneous Data","E: Erroneous Data"
"2023-06-05 05:00:00","PM10",NA,NA,0,605.1669,58.9889,40.6513,118.586,7.2985,NA,0,NA,123.0362,0,NA,2.3391,6.5183,0,0,NA,NA,2.4393,NA,0,0,0,14.8622,0,NA,0,NA,NA,NA,0,0,NA,0,0,0,0,0,"E: Uncertainty","E: Uncertainty",NA,NA,NA,NA,NA,NA,"E: Uncertainty",NA,"E: Uncertainty",NA,NA,"E: Uncertainty",NA,NA,NA,NA,"E: Uncertainty","E: Uncertainty",NA,"E: Uncertainty",NA,NA,NA,NA,NA,"E: Uncertainty",NA,"E: Uncertainty","E: Uncertainty","E: Uncertainty",NA,NA,"E: Uncertainty",NA,NA,NA,NA,NA
"2023-06-05 06:00:00","PM2.5",NA,NA,0,479.3694,0,21.698,47.2489,4.045,NA,0,NA,61.6906,NA,NA,1.3363,3.0666,0,0,0,0,2.3073,NA,0,0,0,12.6368,NA,NA,0,NA,0,NA,0,0,0,0,0,0,0,0,"E: Uncertainty","E: Uncertainty",NA,NA,NA,NA,NA,NA,"E: Uncertainty",NA,"E: Uncertainty",NA,"E: Uncertainty","E: Uncertainty",NA,NA,NA,NA,NA,NA,NA,"E: Uncertainty",NA,NA,NA,NA,"E: Uncertainty","E: Uncertainty",NA,"E: Uncertainty",NA,"E: Uncertainty",NA,NA,NA,NA,NA,NA,NA,NA
"2023-06-05 07:00:00","PM10",NA,204.6247,0,708.7471,NA,66.7245,347.7387,16.6179,NA,NA,2.2052,360.6761,0,NA,4.4426,8.1793,0,0,0.6045,0,2.7396,NA,0,0,0,NA,0,0,0,0,NA,NA,NA,0,0,0,0,0,0,0,"E: Uncertainty",NA,NA,NA,"E: Uncertainty",NA,NA,NA,"E: Uncertainty","E: Uncertainty",NA,NA,NA,"E: Uncertainty",NA,NA,NA,NA,NA,NA,NA,"E: Uncertainty",NA,NA,NA,"E: Uncertainty",NA,NA,NA,NA,"E: Uncertainty","E: Uncertainty","E: Uncertainty",NA,NA,NA,NA,NA,NA,NA
"2023-06-05 08:00:00","PM2.5",NA,NA,0,671.8651,0,32.8947,96.6636,14.4209,NA,NA,NA,131.5781,0,1.2023,2.2395,8.1426,0,0,0.804,0,2.2511,NA,0,0,0,10.2053,0,NA,0,0,NA,NA,0,0,0,0,0,0,1.217,0,"E: Uncertainty","E: Uncertainty",NA,NA,NA,NA,NA,NA,"E: Uncertainty","E: Uncertainty","E: Uncertainty",NA,NA,NA,NA,NA,NA,NA,NA,NA,NA,"E: Uncertainty",NA,NA,NA,NA,NA,"E: Uncertainty",NA,NA,"E: Uncertainty","E: Uncertainty",NA,NA,NA,NA,NA,NA,NA,NA
"2023-06-05 09:00:00","PM10",NA,300.1914,0,905.6134,0,84.3587,426.4099,23.5487,NA,NA,3.6055,254.5362,0.0043,NA,3.1992,16.4128,0,0,0,0,2.8536,2.1187,0,0,0,NA,NA,0,0,0,0,0,NA,0,0,0,0,0,2.1758,0,"E: Uncertainty",NA,NA,NA,NA,NA,NA,NA,"E: Uncertainty","E: Uncertainty",NA,NA,NA,"E: Uncertainty",NA,NA,NA,NA,NA,NA,NA,NA,NA,NA,NA,"E: Uncertainty","E: Uncertainty",NA,NA,NA,NA,NA,"E: Uncertainty",NA,NA,NA,NA,NA,NA,NA
"2023-06-05 10:00:00","PM2.5",NA,NA,NA,NA,NA,NA,NA,NA,NA,NA,NA,NA,NA,NA,NA,NA,NA,NA,NA,NA,NA,NA,NA,NA,NA,NA,NA,NA,NA,NA,NA,NA,NA,NA,NA,NA,NA,NA,NA,NA,"E: Erroneous Data","E: Uncertainty","E: Erroneous Data","E: Erroneous Data","E: Erroneous Data","E: Erroneous Data","E: Erroneous Data","E: Erroneous Data","E: Erroneous Data","E: Uncertainty","E: Uncertainty","E: Erroneous Data","E: Erroneous Data","E: Erroneous Data","E: Erroneous Data","E: Erroneous Data","E: Erroneous Data","E: Erroneous Data","E: Erroneous Data","E: Erroneous Data","E: Erroneous Data","E: Uncertainty","E: Erroneous Data","E: Erroneous Data","E: Erroneous Data","E: Uncertainty","E: Uncertainty","E: Uncertainty","E: Erroneous Data","E: Erroneous Data","E: Erroneous Data","E: Erroneous Data","E: Uncertainty","E: Erroneous Data","E: Erroneous Data","E: Erroneous Data","E: Erroneous Data","E: Erroneous Data","E: Erroneous Data","E: Erroneous Data"
"2023-06-05 11:00:00","PM10",NA,NA,NA,NA,NA,NA,NA,NA,NA,NA,NA,NA,NA,NA,NA,NA,NA,NA,NA,NA,NA,NA,NA,NA,NA,NA,NA,NA,NA,NA,NA,NA,NA,NA,NA,NA,NA,NA,NA,NA,"E: Erroneous Data","E: Erroneous Data","E: Erroneous Data","E: Erroneous Data","E: Erroneous Data","E: Erroneous Data","E: Erroneous Data","E: Erroneous Data","E: Uncertainty","E: Erroneous Data","E: Erroneous Data","E: Erroneous Data","E: Uncertainty","E: Uncertainty","E: Erroneous Data","E: Erroneous Data","E: Erroneous Data","E: Erroneous Data","E: Erroneous Data","E: Uncertainty","E: Erroneous Data","E: Uncertainty","E: Erroneous Data","E: Uncertainty","E: Erroneous Data","E: Erroneous Data","E: Erroneous Data","E: Erroneous Data","E: Erroneous Data","E: Erroneous Data","E: Uncertainty","E: Uncertainty","E: Uncertainty","E: Erroneous Data","E: Erroneous Data","E: Erroneous Data","E: Erroneous Data","E: Erroneous Data","E: Erroneous Data","E: Erroneous Data"
"2023-06-05 12:00:00","PM2.5",NA,NA,NA,NA,NA,NA,NA,NA,NA,NA,NA,NA,NA,NA,NA,NA,NA,NA,NA,NA,NA,NA,NA,NA,NA,NA,NA,NA,NA,NA,NA,NA,NA,NA,NA,NA,NA,NA,NA,NA,"E: Uncertainty","E: Uncertainty","E: Erroneous Data","E: Erroneous Data","E: Erroneous Data","E: Erroneous Data","E: Erroneous Data","E: Erroneous Data","E: Uncertainty","E: Uncertainty","E: Erroneous Data","E: Erroneous Data","E: Erroneous Data","E: Erroneous Data","E: Erroneous Data","E: Erroneous Data","E: Erroneous Data","E: Erroneous Data","E: Erroneous Data","E: Erroneous Data","E: Erroneous Data","E: Uncertainty","E: Erroneous Data","E: Uncertainty","E: Erroneous Data","E: Erroneous Data","E: Uncertainty","E: Erroneous Data","E: Erroneous Data","E: Erroneous Data","E: Erroneous Data","E: Uncertainty","E: Uncertainty","E: Erroneous Data","E: Erroneous Data","E: Erroneous Data","E: Erroneous Data","E: Erroneous Data","E: Uncertainty","E: Erroneous Data"
"2023-06-05 13:00:00","PM10",NA,682.756,0,621.1983,548.6982,138.4761,690.6695,23.5496,0,NA,5.6444,325.9112,0,0,2.8016,12.0532,0,0,0.7475,NA,3.234,2.394,0,0,0,13.8727,NA,NA,0,NA,0,NA,NA,0,0,0,0,0,NA,0,"E: Uncertainty",NA,NA,NA,NA,NA,NA,NA,NA,"E: Uncertainty",NA,NA,NA,NA,NA,NA,NA,NA,NA,"E: Uncertainty",NA,NA,NA,NA,NA,NA,"E: Uncertainty","E: Uncertainty",NA,"E: Uncertainty",NA,"E: Uncertainty","E: Uncertainty",NA,NA,NA,NA,NA,"E: Uncertainty",NA
"2023-06-05 14:00:00","PM2.5",NA,NA,NA,NA,NA,NA,NA,NA,NA,NA,NA,NA,NA,NA,NA,NA,NA,NA,NA,NA,NA,NA,NA,NA,NA,NA,NA,NA,NA,NA,NA,NA,NA,NA,NA,NA,NA,NA,NA,NA,"E: Erroneous Data","E: Uncertainty","E: Erroneous Data","E: Erroneous Data","E: Erroneous Data","E: Erroneous Data","E: Erroneous Data","E: Erroneous Data","E: Erroneous Data","E: Uncertainty","E: Erroneous Data","E: Erroneous Data","E: Erroneous Data","E: Erroneous Data","E: Erroneous Data","E: Erroneous Data","E: Erroneous Data","E: Erroneous Data","E: Erroneous Data","E: Erroneous Data","E: Erroneous Data","E: Uncertainty","E: Erroneous Data","E: Uncertainty","E: Erroneous Data","E: Erroneous Data","E: Uncertainty","E: Uncertainty","E: Erroneous Data","E: Erroneous Data","E: Erroneous Data","E: Uncertainty","E: Uncertainty","E: Erroneous Data","E: Erroneous Data","E: Erroneous Data","E: Erroneous Data","E: Erroneous Data","E: Erroneous Data","E: Erroneous Data"
"2023-06-05 15:00:00","PM10",NA,NA,NA,NA,NA,NA,NA,NA,NA,NA,NA,NA,NA,NA,NA,NA,NA,NA,NA,NA,NA,NA,NA,NA,NA,NA,NA,NA,NA,NA,NA,NA,NA,NA,NA,NA,NA,NA,NA,NA,"E: Erroneous Data","E: Erroneous Data","E: Erroneous Data","E: Erroneous Data","E: Erroneous Data","E: Erroneous Data","E: Erroneous Data","E: Erroneous Data","E: Uncertainty","E: Erroneous Data","E: Erroneous Data","E: Erroneous Data","E: Erroneous Data","E: Uncertainty","E: Erroneous Data","E: Erroneous Data","E: Uncertainty","E: Erroneous Data","E: Erroneous Data","E: Uncertainty","E: Erroneous Data","E: Erroneous Data","E: Erroneous Data","E: Uncertainty","E: Erroneous Data","E: Erroneous Data","E: Erroneous Data","E: Erroneous Data","E: Erroneous Data","E: Uncertainty","E: Erroneous Data","E: Uncertainty","E: Erroneous Data","E: Erroneous Data","E: Erroneous Data","E: Erroneous Data","E: Erroneous Data","E: Erroneous Data","E: Erroneous Data","E: Erroneous Data"
"2023-06-05 16:00:00","PM2.5",NA,NA,NA,NA,NA,NA,NA,NA,NA,NA,NA,NA,NA,NA,NA,NA,NA,NA,NA,NA,NA,NA,NA,NA,NA,NA,NA,NA,NA,NA,NA,NA,NA,NA,NA,NA,NA,NA,NA,NA,"E: Erroneous Data","E: Uncertainty","E: Erroneous Data","E: Erroneous Data","E: Erroneous Data","E: Erroneous Data","E: Erroneous Data","E: Erroneous Data","E: Uncertainty","E: Erroneous Data","E: Erroneous Data","E: Erroneous Data","E: Uncertainty","E: Erroneous Data","E: Erroneous Data","E: Erroneous Data","E: Erroneous Data","E: Erroneous Data","E: Erroneous Data","E: Uncertainty","E: Erroneous Data","E: Uncertainty","E: Erroneous Data","E: Erroneous Data","E: Erroneous Data","E: Erroneous Data","E: Erroneous Data","E: Erroneous Data","E: Erroneous Data","E: Erroneous Data","E: Uncertainty","E: Uncertainty","E: Erroneous Data","E: Erroneous Data","E: Uncertainty","E: Erroneous Data","E: Erroneous Data","E: Erroneous Data","E: Erroneous Data","E: Erroneous Data"
"2023-06-05 17:00:00","PM10",NA,NA,NA,NA,NA,NA,NA,NA,NA,NA,NA,NA,NA,NA,NA,NA,NA,NA,NA,NA,NA,NA,NA,NA,NA,NA,NA,NA,NA,NA,NA,NA,NA,NA,NA,NA,NA,NA,NA,NA,"E: Erroneous Data","E: Erroneous Data","E: Erroneous Data","E: Erroneous Data","E: Erroneous Data","E: Erroneous Data","E: Erroneous Data","E: Erroneous Data","E: Erroneous Data","E: Uncertainty","E: Erroneous Data","E: Erroneous Data","E: Erroneous Data","E: Erroneous Data","E: Erroneous Data","E: Erroneous Data","E: Erroneous Data","E: Erroneous Data","E: Erroneous Data","E: Uncertainty","E: Erroneous Data","E: Erroneous Data","E: Erroneous Data","E: Erroneous Data","E: Erroneous Data","E: Erroneous Data","E: Uncertainty","E: Uncertainty","E: Erroneous Data","E: Erroneous Data","E: Erroneous Data","E: Erroneous Data","E: Uncertainty","E: Erroneous Data","E: Erroneous Data","E: Erroneous Data","E: Erroneous Data","E: Erroneous Data","E: Erroneous Data","E: Erroneous Data"
"2023-06-05 18:00:00","PM2.5",NA,NA,NA,NA,NA,NA,NA,NA,NA,NA,NA,NA,NA,NA,NA,NA,NA,NA,NA,NA,NA,NA,NA,NA,NA,NA,NA,NA,NA,NA,NA,NA,NA,NA,NA,NA,NA,NA,NA,NA,"E: Erroneous Data","E: Uncertainty","E: Erroneous Data","E: Erroneous Data","E: Erroneous Data","E: Erroneous Data","E: Erroneous Data","E: Erroneous Data","E: Erroneous Data","E: Erroneous Data","E: Uncertainty","E: Erroneous Data","E: Erroneous Data","E: Uncertainty","E: Erroneous Data","E: Erroneous Data","E: Erroneous Data","E: Erroneous Data","E: Erroneous Data","E: Uncertainty","E: Erroneous Data","E: Uncertainty","E: Erroneous Data","E: Erroneous Data","E: Erroneous Data","E: Erroneous Data","E: Uncertainty","E: Erroneous Data","E: Erroneous Data","E: Uncertainty","E: Erroneous Data","E: Uncertainty","E: Erroneous Data","E: Erroneous Data","E: Erroneous Data","E: Uncertainty","E: Uncertainty","E: Erroneous Data","E: Erroneous Data","E: Erroneous Data"
"2023-06-05 19:00:00","PM10",NA,NA,0,617.4447,557.2115,109.4493,308.8038,11.4145,0,NA,1.836,177.5012,NA,NA,2.2729,11.3148,0,0,0,0,4.1781,NA,0,0,0,27.5436,0,0,0,NA,0,NA,NA,0,0,0,0,0,1.2184,0,"E: Uncertainty","E: Uncertainty",NA,NA,NA,NA,NA,NA,NA,"E: Uncertainty",NA,NA,"E: Uncertainty","E: Uncertainty",NA,NA,NA,NA,NA,NA,NA,"E: Uncertainty",NA,NA,NA,NA,NA,NA,NA,"E: Uncertainty",NA,"E: Uncertainty","E: Uncertainty",NA,NA,NA,NA,NA,NA,NA
"2023-06-05 20:00:00","PM2.5",NA,0,0,678.8731,204.4536,58.6601,71.0702,2.5006,0,0,0,58.3973,NA,NA,1.5582,9.6113,0,0,NA,NA,3.4212,NA,0,0,0,12.4945,0,0,0,NA,NA,NA,NA,0,0,0,0,0,2.6557,0,"E: Uncertainty",NA,NA,NA,NA,NA,NA,NA,NA,NA,NA,NA,"E: Uncertainty","E: Uncertainty",NA,NA,NA,NA,"E: Uncertainty","E: Uncertainty",NA,"E: Uncertainty",NA,NA,NA,NA,NA,NA,NA,"E: Uncertainty","E: Uncertainty","E: Uncertainty","E: Uncertainty",NA,NA,NA,NA,NA,NA,NA
"2023-06-05 21:00:00","PM10",NA,NA,0,748.2112,1317.9398,83.4294,196.432,4.6093,0,NA,NA,102.8018,0,NA,1.8422,8.6361,0,0,0,NA,4.0853,NA,0,0,0,10.0827,NA,NA,0,NA,NA,0,NA,0,0,0,0,0,4.8326,0,"E: Uncertainty","E: Uncertainty",NA,NA,NA,NA,NA,NA,NA,"E: Uncertainty","E: Uncertainty",NA,NA,"E: Uncertainty",NA,NA,NA,NA,NA,"E: Uncertainty",NA,"E: Uncertainty",NA,NA,NA,NA,"E: Uncertainty","E: Uncertainty",NA,"E: Uncertainty","E: Uncertainty",NA,"E: Uncertainty",NA,NA,NA,NA,NA,NA,NA
"2023-06-05 22:00:00","PM2.5",NA,NA,NA,NA,NA,NA,NA,NA,NA,NA,NA,NA,NA,NA,NA,NA,NA,NA,NA,NA,NA,NA,NA,NA,NA,NA,NA,NA,NA,NA,NA,NA,NA,NA,NA,NA,NA,NA,NA,NA,"E: Uncertainty","E: Uncertainty","E: Erroneous Data","E: Erroneous Data","E: Erroneous Data","E: Erroneous Data","E: Erroneous Data","E: Erroneous Data","E: Erroneous Data","E: Erroneous Data","E: Uncertainty","E: Erroneous Data","E: Erroneous Data","E: Erroneous Data","E: Erroneous Data","E: Erroneous Data","E: Erroneous Data","E: Erroneous Data","E: Uncertainty","E: Uncertainty","E: Erroneous Data","E: Uncertainty","E: Erroneous Data","E: Erroneous Data","E: Erroneous Data","E: Erroneous Data","E: Uncertainty","E: Uncertainty","E: Erroneous Data","E: Erroneous Data","E: Erroneous Data","E: Uncertainty","E: Erroneous Data","E: Erroneous Data","E: Erroneous Data","E: Erroneous Data","E: Erroneous Data","E: Erroneous Data","E: Uncertainty","E: Erroneous Data"
"2023-06-05 23:00:00","PM10",NA,NA,NA,NA,NA,NA,NA,NA,NA,NA,NA,NA,NA,NA,NA,NA,NA,NA,NA,NA,NA,NA,NA,NA,NA,NA,NA,NA,NA,NA,NA,NA,NA,NA,NA,NA,NA,NA,NA,NA,"E: Erroneous Data","E: Uncertainty","E: Erroneous Data","E: Erroneous Data","E: Erroneous Data","E: Erroneous Data","E: Erroneous Data","E: Erroneous Data","E: Erroneous Data","E: Uncertainty","E: Erroneous Data","E: Erroneous Data","E: Uncertainty","E: Erroneous Data","E: Erroneous Data","E: Erroneous Data","E: Erroneous Data","E: Erroneous Data","E: Erroneous Data","E: Erroneous Data","E: Erroneous Data","E: Uncertainty","E: Erroneous Data","E: Erroneous Data","E: Erroneous Data","E: Erroneous Data","E: Uncertainty","E: Uncertainty","E: Erroneous Data","E: Uncertainty","E: Uncertainty","E: Uncertainty","E: Erroneous Data","E: Erroneous Data","E: Uncertainty","E: Erroneous Data","E: Erroneous Data","E: Erroneous Data","E: Erroneous Data","E: Erroneous Data"
"2023-06-06 00:30:00","PM2.5",0,0,0,630.6131,276.0319,25.3042,36.5616,2.4864,0,0,0,24.6524,0,0,NA,10.588,0,0,0,NA,2.8745,NA,0,0,0,38.0271,0,NA,0,NA,NA,NA,NA,0,0,0,0,0,NA,0,NA,NA,NA,NA,NA,NA,NA,NA,NA,NA,NA,NA,NA,NA,"E: Uncertainty",NA,NA,NA,NA,"E: Uncertainty",NA,"E: Uncertainty",NA,NA,NA,NA,NA,"E: Uncertainty",NA,"E: Uncertainty","E: Uncertainty","E: Uncertainty","E: Uncertainty",NA,NA,NA,NA,NA,"E: Uncertainty",NA
"2023-06-06 01:00:00","PM10",NA,NA,0,645.9122,770.9975,51.8554,98.7343,5.5544,0,0,NA,66.6925,0,0,0.723,13.2573,0,NA,0,NA,3.1272,NA,0,NA,0,NA,NA,NA,0,0,NA,NA,0,0,0,0,0,0,NA,0,"E: Uncertainty","E: Uncertainty",NA,NA,NA,NA,NA,NA,NA,NA,"E: Uncertainty",NA,NA,NA,NA,NA,NA,"E: Uncertainty",NA,"E: Uncertainty",NA,"E: Uncertainty",NA,"E: Uncertainty",NA,"E: Uncertainty","E: Uncertainty","E: Uncertainty",NA,NA,"E: Uncertainty","E: Uncertainty",NA,NA,NA,NA,NA,NA,"E: Uncertainty",NA
"2023-06-06 02:00:00","PM2.5",NA,NA,NA,NA,NA,NA,NA,NA,NA,NA,NA,NA,NA,NA,NA,NA,NA,NA,NA,NA,NA,NA,NA,NA,NA,NA,NA,NA,NA,NA,NA,NA,NA,NA,NA,NA,NA,NA,NA,NA,"E: Erroneous Data","E: Erroneous Data","E: Erroneous Data","E: Erroneous Data","E: Erroneous Data","E: Erroneous Data","E: Erroneous Data","E: Erroneous Data","E: Uncertainty","E: Erroneous Data","E: Erroneous Data","E: Erroneous Data","E: Erroneous Data","E: Erroneous Data","E: Uncertainty","E: Erroneous Data","E: Erroneous Data","E: Erroneous Data","E: Erroneous Data","E: Erroneous Data","E: Erroneous Data","E: Uncertainty","E: Erroneous Data","E: Erroneous Data","E: Erroneous Data","E: Erroneous Data","E: Erroneous Data","E: Uncertainty","E: Erroneous Data","E: Uncertainty","E: Uncertainty","E: Uncertainty","E: Erroneous Data","E: Erroneous Data","E: Erroneous Data","E: Erroneous Data","E: Erroneous Data","E: Erroneous Data","E: Uncertainty","E: Erroneous Data"
"2023-06-06 03:00:00","PM10",NA,NA,NA,NA,NA,NA,NA,NA,NA,NA,NA,NA,NA,NA,NA,NA,NA,NA,NA,NA,NA,NA,NA,NA,NA,NA,NA,NA,NA,NA,NA,NA,NA,NA,NA,NA,NA,NA,NA,NA,"E: Erroneous Data","E: Uncertainty","E: Erroneous Data","E: Erroneous Data","E: Erroneous Data","E: Erroneous Data","E: Erroneous Data","E: Erroneous Data","E: Uncertainty","E: Erroneous Data","E: Uncertainty","E: Erroneous Data","E: Erroneous Data","E: Erroneous Data","E: Erroneous Data","E: Erroneous Data","E: Uncertainty","E: Erroneous Data","E: Erroneous Data","E: Uncertainty","E: Erroneous Data","E: Uncertainty","E: Erroneous Data","E: Erroneous Data","E: Erroneous Data","E: Erroneous Data","E: Erroneous Data","E: Uncertainty","E: Erroneous Data","E: Uncertainty","E: Uncertainty","E: Uncertainty","E: Erroneous Data","E: Erroneous Data","E: Erroneous Data","E: Erroneous Data","E: Erroneous Data","E: Erroneous Data","E: Erroneous Data","E: Erroneous Data"
"2023-06-06 04:00:00","PM2.5",NA,NA,NA,NA,NA,NA,NA,NA,NA,NA,NA,NA,NA,NA,NA,NA,NA,NA,NA,NA,NA,NA,NA,NA,NA,NA,NA,NA,NA,NA,NA,NA,NA,NA,NA,NA,NA,NA,NA,NA,"E: Erroneous Data","E: Erroneous Data","E: Erroneous Data","E: Erroneous Data","E: Erroneous Data","E: Erroneous Data","E: Erroneous Data","E: Erroneous Data","E: Erroneous Data","E: Uncertainty","E: Erroneous Data","E: Erroneous Data","E: Uncertainty","E: Erroneous Data","E: Erroneous Data","E: Erroneous Data","E: Erroneous Data","E: Erroneous Data","E: Uncertainty","E: Uncertainty","E: Erroneous Data","E: Uncertainty","E: Erroneous Data","E: Erroneous Data","E: Erroneous Data","E: Erroneous Data","E: Uncertainty","E: Erroneous Data","E: Erroneous Data","E: Uncertainty","E: Uncertainty","E: Uncertainty","E: Erroneous Data","E: Erroneous Data","E: Erroneous Data","E: Erroneous Data","E: Erroneous Data","E: Erroneous Data","E: Erroneous Data","E: Erroneous Data"
"2023-06-06 05:00:00","PM10",NA,NA,0,508.3628,304.4552,33.7076,111.5864,7.4186,0.007,NA,NA,95.0891,0,NA,1.3038,3.8373,0,0,0,NA,2.1753,NA,0,0,0,16.1727,0,NA,0,NA,NA,NA,0,0,0,0,0,0,0,0,"E: Uncertainty","E: Uncertainty",NA,NA,NA,NA,NA,NA,NA,"E: Uncertainty","E: Uncertainty",NA,NA,"E: Uncertainty",NA,NA,NA,NA,NA,"E: Uncertainty",NA,"E: Uncertainty",NA,NA,NA,NA,NA,"E: Uncertainty",NA,"E: Uncertainty","E: Uncertainty","E: Uncertainty",NA,NA,NA,NA,NA,NA,NA,NA
"2023-06-06 06:00:00","PM2.5",NA,NA,NA,NA,NA,NA,NA,NA,NA,NA,NA,NA,NA,NA,NA,NA,NA,NA,NA,NA,NA,NA,NA,NA,NA,NA,NA,NA,NA,NA,NA,NA,NA,NA,NA,NA,NA,NA,NA,NA,"E: Erroneous Data","E: Erroneous Data","E: Erroneous Data","E: Erroneous Data","E: Erroneous Data","E: Erroneous Data","E: Erroneous Data","E: Erroneous Data","E: Erroneous Data","E: Uncertainty","E: Erroneous Data","E: Erroneous Data","E: Erroneous Data","E: Erroneous Data","E: Erroneous Data","E: Erroneous Data","E: Erroneous Data","E: Erroneous Data","E: Erroneous Data","E: Uncertainty","E: Erroneous Data","E: Uncertainty","E: Erroneous Data","E: Erroneous Data","E: Erroneous Data","E: Uncertainty","E: Erroneous Data","E: Erroneous Data","E: Erroneous Data","E: Uncertainty","E: Uncertainty","E: Uncertainty","E: Uncertainty","E: Erroneous Data","E: Erroneous Data","E: Erroneous Data","E: Erroneous Data","E: Erroneous Data","E: Erroneous Data","E: Erroneous Data"
"2023-06-06 07:00:00","PM10",NA,NA,NA,NA,NA,NA,NA,NA,NA,NA,NA,NA,NA,NA,NA,NA,NA,NA,NA,NA,NA,NA,NA,NA,NA,NA,NA,NA,NA,NA,NA,NA,NA,NA,NA,NA,NA,NA,NA,NA,"E: Erroneous Data","E: Erroneous Data","E: Erroneous Data","E: Erroneous Data","E: Erroneous Data","E: Erroneous Data","E: Erroneous Data","E: Erroneous Data","E: Uncertainty","E: Uncertainty","E: Erroneous Data","E: Erroneous Data","E: Uncertainty","E: Erroneous Data","E: Erroneous Data","E: Erroneous Data","E: Erroneous Data","E: Erroneous Data","E: Erroneous Data","E: Erroneous Data","E: Erroneous Data","E: Uncertainty","E: Erroneous Data","E: Erroneous Data","E: Erroneous Data","E: Uncertainty","E: Erroneous Data","E: Erroneous Data","E: Erroneous Data","E: Uncertainty","E: Erroneous Data","E: Erroneous Data","E: Uncertainty","E: Erroneous Data","E: Erroneous Data","E: Erroneous Data","E: Erroneous Data","E: Erroneous Data","E: Uncertainty","E: Erroneous Data"
"2023-06-06 08:00:00","PM2.5",NA,NA,NA,NA,NA,NA,NA,NA,NA,NA,NA,NA,NA,NA,NA,NA,NA,NA,NA,NA,NA,NA,NA,NA,NA,NA,NA,NA,NA,NA,NA,NA,NA,NA,NA,NA,NA,NA,NA,NA,"E: Uncertainty","E: Erroneous Data","E: Erroneous Data","E: Erroneous Data","E: Erroneous Data","E: Erroneous Data","E: Erroneous Data","E: Erroneous Data","E: Uncertainty","E: Uncertainty","E: Uncertainty","E: Erroneous Data","E: Uncertainty","E: Erroneous Data","E: Erroneous Data","E: Erroneous Data","E: Erroneous Data","E: Erroneous Data","E: Erroneous Data","E: Erroneous Data","E: Erroneous Data","E: Uncertainty","E: Erroneous Data","E: Erroneous Data","E: Erroneous Data","E: Erroneous Data","E: Uncertainty","E: Uncertainty","E: Erroneous Data","E: Erroneous Data","E: Erroneous Data","E: Uncertainty","E: Uncertainty","E: Erroneous Data","E: Erroneous Data","E: Erroneous Data","E: Erroneous Data","E: Erroneous Data","E: Erroneous Data","E: Erroneous Data"
"2023-06-06 09:00:00","PM10",NA,NA,NA,NA,NA,NA,NA,NA,NA,NA,NA,NA,NA,NA,NA,NA,NA,NA,NA,NA,NA,NA,NA,NA,NA,NA,NA,NA,NA,NA,NA,NA,NA,NA,NA,NA,NA,NA,NA,NA,"E: Erroneous Data","E: Erroneous Data","E: Erroneous Data","E: Erroneous Data","E: Erroneous Data","E: Erroneous Data","E: Erroneous Data","E: Erroneous Data","E: Uncertainty","E: Uncertainty","E: Erroneous Data","E: Erroneous Data","E: Erroneous Data","E: Erroneous Data","E: Erroneous Data","E: Erroneous Data","E: Erroneous Data","E: Erroneous Data","E: Erroneous Data","E: Uncertainty","E: Erroneous Data","E: Uncertainty","E: Erroneous Data","E: Erroneous Data","E: Erroneous Data","E: Erroneous Data","E: Uncertainty","E: Uncertainty","E: Erroneous Data","E: Erroneous Data","E: Uncertainty","E: Uncertainty","E: Erroneous Data","E: Erroneous Data","E: Erroneous Data","E: Erroneous Data","E: Erroneous Data","E: Erroneous Data","E: Erroneous Data","E: Erroneous Data"
"2023-06-06 10:00:00","PM2.5",NA,NA,NA,NA,NA,NA,NA,NA,NA,NA,NA,NA,NA,NA,NA,NA,NA,NA,NA,NA,NA,NA,NA,NA,NA,NA,NA,NA,NA,NA,NA,NA,NA,NA,NA,NA,NA,NA,NA,NA,"E: Erroneous Data","E: Uncertainty","E: Erroneous Data","E: Erroneous Data","E: Erroneous Data","E: Erroneous Data","E: Erroneous Data","E: Erroneous Data","E: Erroneous Data","E: Uncertainty","E: Uncertainty","E: Erroneous Data","E: Uncertainty","E: Erroneous Data","E: Erroneous Data","E: Erroneous Data","E: Erroneous Data","E: Erroneous Data","E: Erroneous Data","E: Erroneous Data","E: Erroneous Data","E: Uncertainty","E: Erroneous Data","E: Erroneous Data","E: Erroneous Data","E: Erroneous Data","E: Uncertainty","E: Uncertainty","E: Erroneous Data","E: Erroneous Data","E: Uncertainty","E: Uncertainty","E: Erroneous Data","E: Erroneous Data","E: Erroneous Data","E: Erroneous Data","E: Erroneous Data","E: Erroneous Data","E: Erroneous Data","E: Erroneous Data"
"2023-06-06 11:00:00","PM10",NA,NA,NA,NA,NA,NA,NA,NA,NA,NA,NA,NA,NA,NA,NA,NA,NA,NA,NA,NA,NA,NA,NA,NA,NA,NA,NA,NA,NA,NA,NA,NA,NA,NA,NA,NA,NA,NA,NA,NA,"E: Erroneous Data","E: Erroneous Data","E: Erroneous Data","E: Erroneous Data","E: Erroneous Data","E: Erroneous Data","E: Erroneous Data","E: Erroneous Data","E: Erroneous Data","E: Uncertainty","E: Erroneous Data","E: Erroneous Data","E: Erroneous Data","E: Uncertainty","E: Erroneous Data","E: Erroneous Data","E: Erroneous Data","E: Erroneous Data","E: Erroneous Data","E: Uncertainty","E: Erroneous Data","E: Uncertainty","E: Erroneous Data","E: Erroneous Data","E: Erroneous Data","E: Erroneous Data","E: Uncertainty","E: Erroneous Data","E: Erroneous Data","E: Erroneous Data","E: Erroneous Data","E: Erroneous Data","E: Erroneous Data","E: Erroneous Data","E: Erroneous Data","E: Erroneous Data","E: Erroneous Data","E: Erroneous Data","E: Erroneous Data","E: Erroneous Data"
"2023-06-06 12:00:00","PM2.5",NA,NA,NA,NA,NA,NA,NA,NA,NA,NA,NA,NA,NA,NA,NA,NA,NA,NA,NA,NA,NA,NA,NA,NA,NA,NA,NA,NA,NA,NA,NA,NA,NA,NA,NA,NA,NA,NA,NA,NA,"E: Erroneous Data","E: Erroneous Data","E: Erroneous Data","E: Erroneous Data","E: Erroneous Data","E: Erroneous Data","E: Erroneous Data","E: Erroneous Data","E: Uncertainty","E: Erroneous Data","E: Uncertainty","E: Erroneous Data","E: Erroneous Data","E: Uncertainty","E: Erroneous Data","E: Erroneous Data","E: Erroneous Data","E: Erroneous Data","E: Erroneous Data","E: Erroneous Data","E: Erroneous Data","E: Uncertainty","E: Erroneous Data","E: Erroneous Data","E: Erroneous Data","E: Uncertainty","E: Uncertainty","E: Erroneous Data","E: Erroneous Data","E: Uncertainty","E: Uncertainty","E: Uncertainty","E: Erroneous Data","E: Erroneous Data","E: Erroneous Data","E: Erroneous Data","E: Erroneous Data","E: Erroneous Data","E: Erroneous Data","E: Erroneous Data"
"2023-06-06 13:00:00","PM10",NA,NA,NA,NA,NA,NA,NA,NA,NA,NA,NA,NA,NA,NA,NA,NA,NA,NA,NA,NA,NA,NA,NA,NA,NA,NA,NA,NA,NA,NA,NA,NA,NA,NA,NA,NA,NA,NA,NA,NA,"E: Erroneous Data","E: Erroneous Data","E: Erroneous Data","E: Erroneous Data","E: Erroneous Data","E: Erroneous Data","E: Erroneous Data","E: Erroneous Data","E: Erroneous Data","E: Uncertainty","E: Erroneous Data","E: Erroneous Data","E: Uncertainty","E: Uncertainty","E: Erroneous Data","E: Erroneous Data","E: Erroneous Data","E: Erroneous Data","E: Erroneous Data","E: Erroneous Data","E: Erroneous Data","E: Uncertainty","E: Erroneous Data","E: Erroneous Data","E: Erroneous Data","E: Uncertainty","E: Uncertainty","E: Uncertainty","E: Erroneous Data","E: Erroneous Data","E: Uncertainty","E: Uncertainty","E: Uncertainty","E: Erroneous Data","E: Erroneous Data","E: Erroneous Data","E: Erroneous Data","E: Erroneous Data","E: Erroneous Data","E: Erroneous Data"
"2023-06-06 14:00:00","PM2.5",NA,NA,NA,NA,NA,NA,NA,NA,NA,NA,NA,NA,NA,NA,NA,NA,NA,NA,NA,NA,NA,NA,NA,NA,NA,NA,NA,NA,NA,NA,NA,NA,NA,NA,NA,NA,NA,NA,NA,NA,"E: Uncertainty","E: Uncertainty","E: Erroneous Data","E: Erroneous Data","E: Erroneous Data","E: Erroneous Data","E: Erroneous Data","E: Erroneous Data","E: Erroneous Data","E: Uncertainty","E: Erroneous Data","E: Erroneous Data","E: Erroneous Data","E: Erroneous Data","E: Erroneous Data","E: Erroneous Data","E: Erroneous Data","E: Erroneous Data","E: Erroneous Data","E: Erroneous Data","E: Erroneous Data","E: Uncertainty","E: Erroneous Data","E: Erroneous Data","E: Erroneous Data","E: Erroneous Data","E: Erroneous Data","E: Uncertainty","E: Erroneous Data","E: Uncertainty","E: Uncertainty","E: Uncertainty","E: Uncertainty","E: Erroneous Data","E: Erroneous Data","E: Erroneous Data","E: Erroneous Data","E: Erroneous Data","E: Erroneous Data","E: Erroneous Data"
"2023-06-06 15:00:00","PM10",NA,NA,NA,NA,NA,NA,NA,NA,NA,NA,NA,NA,NA,NA,NA,NA,NA,NA,NA,NA,NA,NA,NA,NA,NA,NA,NA,NA,NA,NA,NA,NA,NA,NA,NA,NA,NA,NA,NA,NA,"E: Erroneous Data","E: Erroneous Data","E: Erroneous Data","E: Erroneous Data","E: Erroneous Data","E: Erroneous Data","E: Erroneous Data","E: Erroneous Data","E: Erroneous Data","E: Uncertainty","E: Erroneous Data","E: Erroneous Data","E: Erroneous Data","E: Erroneous Data","E: Erroneous Data","E: Erroneous Data","E: Erroneous Data","E: Erroneous Data","E: Erroneous Data","E: Erroneous Data","E: Erroneous Data","E: Uncertainty","E: Erroneous Data","E: Erroneous Data","E: Erroneous Data","E: Uncertainty","E: Uncertainty","E: Erroneous Data","E: Erroneous Data","E: Erroneous Data","E: Erroneous Data","E: Uncertainty","E: Erroneous Data","E: Erroneous Data","E: Erroneous Data","E: Erroneous Data","E: Erroneous Data","E: Erroneous Data","E: Erroneous Data","E: Erroneous Data"
"2023-06-06 16:00:00","PM2.5",NA,NA,NA,NA,NA,NA,NA,NA,NA,NA,NA,NA,NA,NA,NA,NA,NA,NA,NA,NA,NA,NA,NA,NA,NA,NA,NA,NA,NA,NA,NA,NA,NA,NA,NA,NA,NA,NA,NA,NA,"E: Erroneous Data","E: Uncertainty","E: Erroneous Data","E: Erroneous Data","E: Erroneous Data","E: Erroneous Data","E: Erroneous Data","E: Erroneous Data","E: Erroneous Data","E: Erroneous Data","E: Uncertainty","E: Erroneous Data","E: Erroneous Data","E: Erroneous Data","E: Erroneous Data","E: Erroneous Data","E: Erroneous Data","E: Erroneous Data","E: Erroneous Data","E: Erroneous Data","E: Erroneous Data","E: Uncertainty","E: Erroneous Data","E: Uncertainty","E: Erroneous Data","E: Erroneous Data","E: Uncertainty","E: Uncertainty","E: Erroneous Data","E: Uncertainty","E: Uncertainty","E: Uncertainty","E: Uncertainty","E: Erroneous Data","E: Erroneous Data","E: Erroneous Data","E: Erroneous Data","E: Erroneous Data","E: Erroneous Data","E: Erroneous Data"
"2023-06-06 17:00:00","PM10",NA,NA,NA,NA,NA,NA,NA,NA,NA,NA,NA,NA,NA,NA,NA,NA,NA,NA,NA,NA,NA,NA,NA,NA,NA,NA,NA,NA,NA,NA,NA,NA,NA,NA,NA,NA,NA,NA,NA,NA,"E: Erroneous Data","E: Erroneous Data","E: Erroneous Data","E: Erroneous Data","E: Erroneous Data","E: Erroneous Data","E: Erroneous Data","E: Erroneous Data","E: Erroneous Data","E: Uncertainty","E: Erroneous Data","E: Erroneous Data","E: Uncertainty","E: Erroneous Data","E: Erroneous Data","E: Erroneous Data","E: Erroneous Data","E: Erroneous Data","E: Uncertainty","E: Erroneous Data","E: Erroneous Data","E: Uncertainty","E: Erroneous Data","E: Erroneous Data","E: Erroneous Data","E: Erroneous Data","E: Uncertainty","E: Uncertainty","E: Erroneous Data","E: Erroneous Data","E: Uncertainty","E: Uncertainty","E: Uncertainty","E: Erroneous Data","E: Erroneous Data","E: Erroneous Data","E: Erroneous Data","E: Erroneous Data","E: Uncertainty","E: Erroneous Data"
"2023-06-06 18:00:00","PM2.5",NA,NA,NA,NA,NA,NA,NA,NA,NA,NA,NA,NA,NA,NA,NA,NA,NA,NA,NA,NA,NA,NA,NA,NA,NA,NA,NA,NA,NA,NA,NA,NA,NA,NA,NA,NA,NA,NA,NA,NA,"E: Uncertainty","E: Uncertainty","E: Erroneous Data","E: Erroneous Data","E: Erroneous Data","E: Erroneous Data","E: Erroneous Data","E: Erroneous Data","E: Erroneous Data","E: Erroneous Data","E: Uncertainty","E: Erroneous Data","E: Erroneous Data","E: Erroneous Data","E: Erroneous Data","E: Erroneous Data","E: Erroneous Data","E: Erroneous Data","E: Uncertainty","E: Uncertainty","E: Erroneous Data","E: Uncertainty","E: Erroneous Data","E: Erroneous Data","E: Erroneous Data","E: Erroneous Data","E: Uncertainty","E: Erroneous Data","E: Erroneous Data","E: Uncertainty","E: Erroneous Data","E: Erroneous Data","E: Uncertainty","E: Erroneous Data","E: Erroneous Data","E: Erroneous Data","E: Erroneous Data","E: Erroneous Data","E: Erroneous Data","E: Erroneous Data"
"2023-06-06 19:00:00","PM10",NA,NA,0,614.3233,161.6207,80.8397,301.141,12.9398,NA,0,2.526,179.4653,0,0,2.0136,17.7122,0,0,1.3987,NA,4.0646,NA,0,0,0,NA,NA,0,0,NA,NA,NA,0,0,0,0.0031,0,0,0,0,"E: Uncertainty","E: Uncertainty",NA,NA,NA,NA,NA,NA,"E: Uncertainty",NA,NA,NA,NA,NA,NA,NA,NA,NA,NA,"E: Uncertainty",NA,"E: Uncertainty",NA,NA,NA,"E: Uncertainty","E: Uncertainty",NA,NA,"E: Uncertainty","E: Uncertainty","E: Uncertainty",NA,NA,NA,NA,NA,NA,NA,NA
"2023-06-06 20:00:00","PM2.5",NA,NA,NA,NA,NA,NA,NA,NA,NA,NA,NA,NA,NA,NA,NA,NA,NA,NA,NA,NA,NA,NA,NA,NA,NA,NA,NA,NA,NA,NA,NA,NA,NA,NA,NA,NA,NA,NA,NA,NA,"E: Uncertainty","E: Erroneous Data","E: Erroneous Data","E: Erroneous Data","E: Erroneous Data","E: Erroneous Data","E: Erroneous Data","E: Erroneous Data","E: Uncertainty","E: Erroneous Data","E: Uncertainty","E: Erroneous Data","E: Erroneous Data","E: Uncertainty","E: Erroneous Data","E: Erroneous Data","E: Erroneous Data","E: Erroneous Data","E: Erroneous Data","E: Erroneous Data","E: Erroneous Data","E: Uncertainty","E: Erroneous Data","E: Erroneous Data","E: Erroneous Data","E: Erroneous Data","E: Uncertainty","E: Erroneous Data","E: Erroneous Data","E: Erroneous Data","E: Uncertainty","E: Uncertainty","E: Erroneous Data","E: Erroneous Data","E: Erroneous Data","E: Erroneous Data","E: Erroneous Data","E: Erroneous Data","E: Uncertainty","E: Erroneous Data"
"2023-06-06 21:00:00","PM10",NA,NA,NA,NA,NA,NA,NA,NA,NA,NA,NA,NA,NA,NA,NA,NA,NA,NA,NA,NA,NA,NA,NA,NA,NA,NA,NA,NA,NA,NA,NA,NA,NA,NA,NA,NA,NA,NA,NA,NA,"E: Erroneous Data","E: Uncertainty","E: Erroneous Data","E: Erroneous Data","E: Erroneous Data","E: Erroneous Data","E: Erroneous Data","E: Erroneous Data","E: Uncertainty","E: Erroneous Data","E: Uncertainty","E: Erroneous Data","E: Erroneous Data","E: Uncertainty","E: Erroneous Data","E: Erroneous Data","E: Erroneous Data","E: Erroneous Data","E: Erroneous Data","E: Erroneous Data","E: Erroneous Data","E: Uncertainty","E: Erroneous Data","E: Erroneous Data","E: Erroneous Data","E: Erroneous Data","E: Erroneous Data","E: Uncertainty","E: Erroneous Data","E: Erroneous Data","E: Uncertainty","E: Erroneous Data","E: Erroneous Data","E: Erroneous Data","E: Erroneous Data","E: Erroneous Data","E: Erroneous Data","E: Erroneous Data","E: Erroneous Data","E: Erroneous Data"
"2023-06-06 22:00:00","PM2.5",NA,NA,NA,NA,NA,NA,NA,NA,NA,NA,NA,NA,NA,NA,NA,NA,NA,NA,NA,NA,NA,NA,NA,NA,NA,NA,NA,NA,NA,NA,NA,NA,NA,NA,NA,NA,NA,NA,NA,NA,"E: Uncertainty","E: Erroneous Data","E: Erroneous Data","E: Erroneous Data","E: Erroneous Data","E: Erroneous Data","E: Erroneous Data","E: Erroneous Data","E: Erroneous Data","E: Erroneous Data","E: Erroneous Data","E: Erroneous Data","E: Erroneous Data","E: Erroneous Data","E: Erroneous Data","E: Erroneous Data","E: Erroneous Data","E: Erroneous Data","E: Uncertainty","E: Uncertainty","E: Erroneous Data","E: Erroneous Data","E: Erroneous Data","E: Erroneous Data","E: Erroneous Data","E: Erroneous Data","E: Erroneous Data","E: Uncertainty","E: Erroneous Data","E: Uncertainty","E: Uncertainty","E: Erroneous Data","E: Uncertainty","E: Erroneous Data","E: Erroneous Data","E: Erroneous Data","E: Erroneous Data","E: Erroneous Data","E: Uncertainty","E: Erroneous Data"
"2023-06-06 23:00:00","PM10",NA,0,0,466.9618,181.2714,70.7959,85.9374,1.8602,0,0,NA,65.157,0,NA,1.023,5.4242,0,0,0,0,2.5027,NA,0,0,0,NA,NA,NA,0,NA,NA,NA,NA,0,0.0193,0,0,0,0,0,"E: Uncertainty",NA,NA,NA,NA,NA,NA,NA,NA,NA,"E: Uncertainty",NA,NA,"E: Uncertainty",NA,NA,NA,NA,NA,NA,NA,"E: Uncertainty",NA,NA,NA,"E: Uncertainty","E: Uncertainty","E: Uncertainty",NA,"E: Uncertainty","E: Uncertainty","E: Uncertainty","E: Uncertainty",NA,NA,NA,NA,NA,NA,NA
"2023-06-07 00:30:00","PM2.5",NA,0,0,390.2113,19.9235,23.4474,18.7665,NA,0,0,0,23.6856,0,0,NA,18.73,0,0,0,0,2.6083,NA,0,0,0,NA,NA,0,0,0,NA,NA,0,0,0,0,2e-04,0,0,0,"E: Uncertainty",NA,NA,NA,NA,NA,NA,"E: Uncertainty",NA,NA,NA,NA,NA,NA,"E: Uncertainty",NA,NA,NA,NA,NA,NA,"E: Uncertainty",NA,NA,NA,"E: Uncertainty","E: Uncertainty",NA,NA,NA,"E: Uncertainty","E: Uncertainty",NA,NA,NA,NA,NA,NA,NA,NA
"2023-06-07 01:00:00","PM10",NA,NA,0,514.229,343.2713,38.1456,74.1731,1.8987,0,NA,NA,43.5738,NA,0,0.6227,8.6393,0,0,0,NA,2.6362,NA,0,0,0,11.8594,NA,NA,0.0457,NA,NA,0,0,0,0,0,0.0044,0,NA,0,"E: Uncertainty","E: Uncertainty",NA,NA,NA,NA,NA,NA,NA,"E: Uncertainty","E: Uncertainty",NA,"E: Uncertainty",NA,NA,NA,NA,NA,NA,"E: Uncertainty",NA,"E: Uncertainty",NA,NA,NA,NA,"E: Uncertainty","E: Uncertainty",NA,"E: Uncertainty","E: Uncertainty",NA,NA,NA,NA,NA,NA,NA,"E: Uncertainty",NA
"2023-06-07 02:00:00","PM2.5",NA,NA,NA,NA,NA,NA,NA,NA,NA,NA,NA,NA,NA,NA,NA,NA,NA,NA,NA,NA,NA,NA,NA,NA,NA,NA,NA,NA,NA,NA,NA,NA,NA,NA,NA,NA,NA,NA,NA,NA,"E: Uncertainty","E: Erroneous Data","E: Erroneous Data","E: Erroneous Data","E: Erroneous Data","E: Erroneous Data","E: Erroneous Data","E: Uncertainty","E: Erroneous Data","E: Erroneous Data","E: Erroneous Data","E: Erroneous Data","E: Erroneous Data","E: Erroneous Data","E: Erroneous Data","E: Erroneous Data","E: Erroneous Data","E: Erroneous Data","E: Erroneous Data","E: Erroneous Data","E: Erroneous Data","E: Uncertainty","E: Erroneous Data","E: Erroneous Data","E: Erroneous Data","E: Uncertainty","E: Erroneous Data","E: Erroneous Data","E: Erroneous Data","E: Erroneous Data","E: Uncertainty","E: Uncertainty","E: Uncertainty","E: Erroneous Data","E: Erroneous Data","E: Erroneous Data","E: Erroneous Data","E: Erroneous Data","E: Uncertainty","E: Erroneous Data"
"2023-06-07 03:00:00","PM10",NA,NA,NA,NA,NA,NA,NA,NA,NA,NA,NA,NA,NA,NA,NA,NA,NA,NA,NA,NA,NA,NA,NA,NA,NA,NA,NA,NA,NA,NA,NA,NA,NA,NA,NA,NA,NA,NA,NA,NA,"E: Erroneous Data","E: Erroneous Data","E: Erroneous Data","E: Erroneous Data","E: Erroneous Data","E: Erroneous Data","E: Erroneous Data","E: Erroneous Data","E: Erroneous Data","E: Uncertainty","E: Erroneous Data","E: Erroneous Data","E: Erroneous Data","E: Erroneous Data","E: Erroneous Data","E: Erroneous Data","E: Erroneous Data","E: Erroneous Data","E: Uncertainty","E: Erroneous Data","E: Erroneous Data","E: Uncertainty","E: Erroneous Data","E: Uncertainty","E: Erroneous Data","E: Erroneous Data","E: Erroneous Data","E: Uncertainty","E: Uncertainty","E: Uncertainty","E: Erroneous Data","E: Uncertainty","E: Erroneous Data","E: Erroneous Data","E: Erroneous Data","E: Erroneous Data","E: Erroneous Data","E: Erroneous Data","E: Erroneous Data","E: Erroneous Data"
"2023-06-07 04:00:00","PM2.5",NA,NA,NA,NA,NA,NA,NA,NA,NA,NA,NA,NA,NA,NA,NA,NA,NA,NA,NA,NA,NA,NA,NA,NA,NA,NA,NA,NA,NA,NA,NA,NA,NA,NA,NA,NA,NA,NA,NA,NA,"E: Erroneous Data","E: Erroneous Data","E: Erroneous Data","E: Erroneous Data","E: Erroneous Data","E: Erroneous Data","E: Erroneous Data","E: Erroneous Data","E: Uncertainty","E: Uncertainty","E: Erroneous Data","E: Erroneous Data","E: Uncertainty","E: Uncertainty","E: Erroneous Data","E: Erroneous Data","E: Erroneous Data","E: Erroneous Data","E: Erroneous Data","E: Erroneous Data","E: Erroneous Data","E: Uncertainty","E: Erroneous Data","E: Erroneous Data","E: Erroneous Data","E: Uncertainty","E: Uncertainty","E: Uncertainty","E: Erroneous Data","E: Uncertainty","E: Erroneous Data","E: Erroneous Data","E: Erroneous Data","E: Erroneous Data","E: Erroneous Data","E: Erroneous Data","E: Erroneous Data","E: Erroneous Data","E: Erroneous Data","E: Erroneous Data"
"2023-06-07 05:00:00","PM10",NA,NA,0,532.3995,295.4607,36.9562,115.7023,2.1273,NA,0,NA,74.0826,0,0,1.3119,6.2162,0,0,NA,NA,1.4071,NA,0,0,0,NA,0,NA,0,0,0,0,0,0,0,0,0,0,0,0,"E: Uncertainty","E: Uncertainty",NA,NA,NA,NA,NA,NA,"E: Uncertainty",NA,"E: Uncertainty",NA,NA,NA,NA,NA,NA,NA,"E: Uncertainty","E: Uncertainty",NA,"E: Uncertainty",NA,NA,NA,"E: Uncertainty",NA,"E: Uncertainty",NA,NA,NA,NA,NA,NA,NA,NA,NA,NA,NA,NA
"2023-06-07 06:00:00","PM2.5",NA,NA,NA,NA,NA,NA,NA,NA,NA,NA,NA,NA,NA,NA,NA,NA,NA,NA,NA,NA,NA,NA,NA,NA,NA,NA,NA,NA,NA,NA,NA,NA,NA,NA,NA,NA,NA,NA,NA,NA,"E: Uncertainty","E: Erroneous Data","E: Erroneous Data","E: Erroneous Data","E: Erroneous Data","E: Erroneous Data","E: Erroneous Data","E: Erroneous Data","E: Erroneous Data","E: Erroneous Data","E: Erroneous Data","E: Erroneous Data","E: Erroneous Data","E: Uncertainty","E: Erroneous Data","E: Erroneous Data","E: Erroneous Data","E: Erroneous Data","E: Erroneous Data","E: Erroneous Data","E: Erroneous Data","E: Uncertainty","E: Erroneous Data","E: Erroneous Data","E: Erroneous Data","E: Erroneous Data","E: Uncertainty","E: Uncertainty","E: Erroneous Data","E: Uncertainty","E: Erroneous Data","E: Erroneous Data","E: Uncertainty","E: Erroneous Data","E: Erroneous Data","E: Erroneous Data","E: Erroneous Data","E: Erroneous Data","E: Uncertainty","E: Erroneous Data"
"2023-06-07 07:00:00","PM10",NA,NA,NA,NA,NA,NA,NA,NA,NA,NA,NA,NA,NA,NA,NA,NA,NA,NA,NA,NA,NA,NA,NA,NA,NA,NA,NA,NA,NA,NA,NA,NA,NA,NA,NA,NA,NA,NA,NA,NA,"E: Erroneous Data","E: Uncertainty","E: Erroneous Data","E: Erroneous Data","E: Erroneous Data","E: Erroneous Data","E: Erroneous Data","E: Erroneous Data","E: Uncertainty","E: Uncertainty","E: Erroneous Data","E: Erroneous Data","E: Erroneous Data","E: Uncertainty","E: Erroneous Data","E: Erroneous Data","E: Erroneous Data","E: Erroneous Data","E: Erroneous Data","E: Uncertainty","E: Erroneous Data","E: Uncertainty","E: Erroneous Data","E: Erroneous Data","E: Erroneous Data","E: Erroneous Data","E: Uncertainty","E: Erroneous Data","E: Erroneous Data","E: Uncertainty","E: Uncertainty","E: Uncertainty","E: Uncertainty","E: Erroneous Data","E: Erroneous Data","E: Erroneous Data","E: Erroneous Data","E: Erroneous Data","E: Uncertainty","E: Erroneous Data"
"2023-06-07 08:00:00","PM2.5",NA,NA,NA,NA,NA,NA,NA,NA,NA,NA,NA,NA,NA,NA,NA,NA,NA,NA,NA,NA,NA,NA,NA,NA,NA,NA,NA,NA,NA,NA,NA,NA,NA,NA,NA,NA,NA,NA,NA,NA,"E: Uncertainty","E: Uncertainty","E: Erroneous Data","E: Erroneous Data","E: Erroneous Data","E: Erroneous Data","E: Erroneous Data","E: Erroneous Data","E: Erroneous Data","E: Erroneous Data","E: Uncertainty","E: Erroneous Data","E: Erroneous Data","E: Uncertainty","E: Erroneous Data","E: Erroneous Data","E: Uncertainty","E: Erroneous Data","E: Erroneous Data","E: Erroneous Data","E: Erroneous Data","E: Uncertainty","E: Erroneous Data","E: Erroneous Data","E: Erroneous Data","E: Erroneous Data","E: Erroneous Data","E: Erroneous Data","E: Erroneous Data","E: Erroneous Data","E: Erroneous Data","E: Uncertainty","E: Erroneous Data","E: Erroneous Data","E: Erroneous Data","E: Erroneous Data","E: Erroneous Data","E: Erroneous Data","E: Erroneous Data","E: Erroneous Data"
"2023-06-07 09:00:00","PM10",NA,NA,NA,NA,NA,NA,NA,NA,NA,NA,NA,NA,NA,NA,NA,NA,NA,NA,NA,NA,NA,NA,NA,NA,NA,NA,NA,NA,NA,NA,NA,NA,NA,NA,NA,NA,NA,NA,NA,NA,"E: Erroneous Data","E: Erroneous Data","E: Erroneous Data","E: Erroneous Data","E: Erroneous Data","E: Erroneous Data","E: Erroneous Data","E: Erroneous Data","E: Uncertainty","E: Uncertainty","E: Erroneous Data","E: Erroneous Data","E: Erroneous Data","E: Uncertainty","E: Erroneous Data","E: Erroneous Data","E: Erroneous Data","E: Erroneous Data","E: Erroneous Data","E: Uncertainty","E: Erroneous Data","E: Erroneous Data","E: Erroneous Data","E: Erroneous Data","E: Erroneous Data","E: Erroneous Data","E: Erroneous Data","E: Uncertainty","E: Erroneous Data","E: Erroneous Data","E: Uncertainty","E: Erroneous Data","E: Erroneous Data","E: Erroneous Data","E: Erroneous Data","E: Erroneous Data","E: Erroneous Data","E: Erroneous Data","E: Erroneous Data","E: Erroneous Data"
"2023-06-07 10:00:00","PM2.5",NA,NA,NA,NA,NA,NA,NA,NA,NA,NA,NA,NA,NA,NA,NA,NA,NA,NA,NA,NA,NA,NA,NA,NA,NA,NA,NA,NA,NA,NA,NA,NA,NA,NA,NA,NA,NA,NA,NA,NA,"E: Uncertainty","E: Uncertainty","E: Erroneous Data","E: Erroneous Data","E: Erroneous Data","E: Erroneous Data","E: Erroneous Data","E: Erroneous Data","E: Uncertainty","E: Erroneous Data","E: Erroneous Data","E: Erroneous Data","E: Erroneous Data","E: Uncertainty","E: Erroneous Data","E: Erroneous Data","E: Erroneous Data","E: Erroneous Data","E: Erroneous Data","E: Erroneous Data","E: Erroneous Data","E: Uncertainty","E: Erroneous Data","E: Erroneous Data","E: Erroneous Data","E: Erroneous Data","E: Uncertainty","E: Uncertainty","E: Erroneous Data","E: Uncertainty","E: Uncertainty","E: Uncertainty","E: Uncertainty","E: Erroneous Data","E: Erroneous Data","E: Erroneous Data","E: Erroneous Data","E: Erroneous Data","E: Uncertainty","E: Erroneous Data"
"2023-06-14 00:30:00","PM2.5",0,0,0,463.1875,0,910.9642,126.9632,5.8711,NA,NA,NA,119.5202,0,NA,2.5088,24.0172,0,0,0,NA,4.6592,NA,0,0,0,NA,NA,0,0,NA,0,NA,NA,0,0,0,0,0,NA,0,NA,NA,NA,NA,NA,NA,NA,NA,"E: Uncertainty","E: Uncertainty","E: Uncertainty",NA,NA,"E: Uncertainty",NA,NA,NA,NA,NA,"E: Uncertainty",NA,"E: Uncertainty",NA,NA,NA,"E: Uncertainty","E: Uncertainty",NA,NA,"E: Uncertainty",NA,"E: Uncertainty","E: Uncertainty",NA,NA,NA,NA,NA,"E: Uncertainty",NA
"2023-06-14 01:00:00","PM10",NA,NA,NA,NA,NA,NA,NA,NA,NA,NA,NA,NA,NA,NA,NA,NA,NA,NA,NA,NA,NA,NA,NA,NA,NA,NA,NA,NA,NA,NA,NA,NA,NA,NA,NA,NA,NA,NA,NA,NA,"E: Erroneous Data","E: Erroneous Data","E: Erroneous Data","E: Erroneous Data","E: Erroneous Data","E: Erroneous Data","E: Erroneous Data","E: Erroneous Data","E: Erroneous Data","E: Uncertainty","E: Erroneous Data","E: Erroneous Data","E: Erroneous Data","E: Uncertainty","E: Erroneous Data","E: Erroneous Data","E: Erroneous Data","E: Erroneous Data","E: Erroneous Data","E: Uncertainty","E: Erroneous Data","E: Uncertainty","E: Erroneous Data","E: Erroneous Data","E: Erroneous Data","E: Uncertainty","E: Erroneous Data","E: Uncertainty","E: Erroneous Data","E: Erroneous Data","E: Uncertainty","E: Uncertainty","E: Erroneous Data","E: Erroneous Data","E: Erroneous Data","E: Erroneous Data","E: Erroneous Data","E: Erroneous Data","E: Erroneous Data","E: Erroneous Data"
"2023-06-14 02:00:00","PM2.5",NA,NA,NA,NA,NA,NA,NA,NA,NA,NA,NA,NA,NA,NA,NA,NA,NA,NA,NA,NA,NA,NA,NA,NA,NA,NA,NA,NA,NA,NA,NA,NA,NA,NA,NA,NA,NA,NA,NA,NA,"E: Uncertainty","E: Erroneous Data","E: Erroneous Data","E: Erroneous Data","E: Erroneous Data","E: Erroneous Data","E: Erroneous Data","E: Erroneous Data","E: Uncertainty","E: Erroneous Data","E: Uncertainty","E: Erroneous Data","E: Erroneous Data","E: Uncertainty","E: Erroneous Data","E: Erroneous Data","E: Erroneous Data","E: Erroneous Data","E: Erroneous Data","E: Uncertainty","E: Erroneous Data","E: Uncertainty","E: Erroneous Data","E: Erroneous Data","E: Erroneous Data","E: Erroneous Data","E: Uncertainty","E: Uncertainty","E: Erroneous Data","E: Erroneous Data","E: Uncertainty","E: Uncertainty","E: Uncertainty","E: Erroneous Data","E: Erroneous Data","E: Erroneous Data","E: Erroneous Data","E: Erroneous Data","E: Erroneous Data","E: Erroneous Data"
"2023-06-14 03:00:00","PM10",NA,NA,NA,NA,NA,NA,NA,NA,NA,NA,NA,NA,NA,NA,NA,NA,NA,NA,NA,NA,NA,NA,NA,NA,NA,NA,NA,NA,NA,NA,NA,NA,NA,NA,NA,NA,NA,NA,NA,NA,"E: Erroneous Data","E: Erroneous Data","E: Erroneous Data","E: Erroneous Data","E: Erroneous Data","E: Erroneous Data","E: Erroneous Data","E: Erroneous Data","E: Erroneous Data","E: Uncertainty","E: Erroneous Data","E: Erroneous Data","E: Erroneous Data","E: Erroneous Data","E: Erroneous Data","E: Erroneous Data","E: Erroneous Data","E: Erroneous Data","E: Uncertainty","E: Erroneous Data","E: Erroneous Data","E: Uncertainty","E: Erroneous Data","E: Erroneous Data","E: Erroneous Data","E: Erroneous Data","E: Erroneous Data","E: Erroneous Data","E: Erroneous Data","E: Uncertainty","E: Uncertainty","E: Uncertainty","E: Erroneous Data","E: Erroneous Data","E: Erroneous Data","E: Erroneous Data","E: Erroneous Data","E: Erroneous Data","E: Uncertainty","E: Erroneous Data"
"2023-06-14 04:00:00","PM2.5",NA,NA,NA,NA,NA,NA,NA,NA,NA,NA,NA,NA,NA,NA,NA,NA,NA,NA,NA,NA,NA,NA,NA,NA,NA,NA,NA,NA,NA,NA,NA,NA,NA,NA,NA,NA,NA,NA,NA,NA,"E: Uncertainty","E: Uncertainty","E: Erroneous Data","E: Erroneous Data","E: Erroneous Data","E: Erroneous Data","E: Erroneous Data","E: Erroneous Data","E: Erroneous Data","E: Erroneous Data","E: Uncertainty","E: Erroneous Data","E: Uncertainty","E: Erroneous Data","E: Erroneous Data","E: Erroneous Data","E: Erroneous Data","E: Erroneous Data","E: Erroneous Data","E: Erroneous Data","E: Erroneous Data","E: Uncertainty","E: Erroneous Data","E: Erroneous Data","E: Erroneous Data","E: Erroneous Data","E: Erroneous Data","E: Uncertainty","E: Erroneous Data","E: Uncertainty","E: Uncertainty","E: Uncertainty","E: Uncertainty","E: Erroneous Data","E: Erroneous Data","E: Erroneous Data","E: Erroneous Data","E: Erroneous Data","E: Erroneous Data","E: Erroneous Data"
"2023-06-14 05:00:00","PM10",NA,NA,NA,NA,NA,NA,NA,NA,NA,NA,NA,NA,NA,NA,NA,NA,NA,NA,NA,NA,NA,NA,NA,NA,NA,NA,NA,NA,NA,NA,NA,NA,NA,NA,NA,NA,NA,NA,NA,NA,"E: Erroneous Data","E: Erroneous Data","E: Erroneous Data","E: Erroneous Data","E: Erroneous Data","E: Erroneous Data","E: Erroneous Data","E: Erroneous Data","E: Erroneous Data","E: Uncertainty","E: Erroneous Data","E: Erroneous Data","E: Erroneous Data","E: Uncertainty","E: Erroneous Data","E: Erroneous Data","E: Erroneous Data","E: Erroneous Data","E: Erroneous Data","E: Erroneous Data","E: Erroneous Data","E: Erroneous Data","E: Erroneous Data","E: Erroneous Data","E: Erroneous Data","E: Uncertainty","E: Uncertainty","E: Erroneous Data","E: Erroneous Data","E: Uncertainty","E: Uncertainty","E: Erroneous Data","E: Uncertainty","E: Erroneous Data","E: Erroneous Data","E: Erroneous Data","E: Erroneous Data","E: Erroneous Data","E: Erroneous Data","E: Erroneous Data"
"2023-06-14 06:00:00","PM2.5",NA,NA,NA,NA,NA,NA,NA,NA,NA,NA,NA,NA,NA,NA,NA,NA,NA,NA,NA,NA,NA,NA,NA,NA,NA,NA,NA,NA,NA,NA,NA,NA,NA,NA,NA,NA,NA,NA,NA,NA,"E: Uncertainty","E: Uncertainty","E: Erroneous Data","E: Erroneous Data","E: Erroneous Data","E: Erroneous Data","E: Erroneous Data","E: Erroneous Data","E: Uncertainty","E: Erroneous Data","E: Erroneous Data","E: Erroneous Data","E: Erroneous Data","E: Uncertainty","E: Erroneous Data","E: Erroneous Data","E: Erroneous Data","E: Erroneous Data","E: Erroneous Data","E: Erroneous Data","E: Erroneous Data","E: Uncertainty","E: Erroneous Data","E: Erroneous Data","E: Erroneous Data","E: Erroneous Data","E: Uncertainty","E: Uncertainty","E: Erroneous Data","E: Erroneous Data","E: Erroneous Data","E: Erroneous Data","E: Uncertainty","E: Erroneous Data","E: Erroneous Data","E: Erroneous Data","E: Erroneous Data","E: Erroneous Data","E: Uncertainty","E: Erroneous Data"
"2023-06-14 07:00:00","PM10",NA,1371.9147,0,607.4297,770.9175,229.644,1025.7888,46.7531,3.1233,2.1344,10.4192,658.5053,0,1.1483,11.7599,33.5652,0,0,1.2409,0.6414,7.399,2.2962,0,NA,0,9.5151,0,0,0,NA,0,NA,7.0064,0,0,0,0,0,6.2867,0,"E: Uncertainty",NA,NA,NA,NA,NA,NA,NA,NA,NA,NA,NA,NA,NA,NA,NA,NA,NA,NA,NA,NA,NA,NA,"E: Uncertainty",NA,NA,NA,NA,NA,"E: Uncertainty",NA,"E: Uncertainty",NA,NA,NA,NA,NA,NA,NA,NA
"2023-06-14 08:00:00","PM2.5",NA,NA,0,486.8534,95.028,101.5621,284.4959,10.8555,0.9916,NA,3.9518,240.2071,0,0.5459,4.2105,18.1196,0,0,NA,NA,5.0069,NA,0,0,0,22.0422,0,NA,0,NA,NA,0,NA,0,0,0,0,0,2.7914,0,"E: Uncertainty","E: Uncertainty",NA,NA,NA,NA,NA,NA,NA,"E: Uncertainty",NA,NA,NA,NA,NA,NA,NA,NA,"E: Uncertainty","E: Uncertainty",NA,"E: Uncertainty",NA,NA,NA,NA,NA,"E: Uncertainty",NA,"E: Uncertainty","E: Uncertainty",NA,"E: Uncertainty",NA,NA,NA,NA,NA,NA,NA
"2023-06-14 09:00:00","PM10",NA,1528.003,0,529.0799,590.5661,249.6293,1037.7667,39.1279,2.3251,1.1318,10.0566,628.6072,0,0.7491,9.0398,35.0709,0,0,0.74,NA,5.8236,4.1129,0,NA,0,NA,NA,0,0,0,NA,NA,4.3533,0,0,0,0,0,4.6525,0,"E: Uncertainty",NA,NA,NA,NA,NA,NA,NA,NA,NA,NA,NA,NA,NA,NA,NA,NA,NA,NA,"E: Uncertainty",NA,NA,NA,"E: Uncertainty",NA,"E: Uncertainty","E: Uncertainty",NA,NA,NA,"E: Uncertainty","E: Uncertainty",NA,NA,NA,NA,NA,NA,NA,NA
"2023-06-14 10:00:00","PM2.5",NA,245.2002,0,441.4614,NA,127.9289,279.1094,13.2964,0.8284,NA,3.0966,230.0352,0,0.5181,4.7205,14.3602,0,0,0.6416,NA,4.645,NA,0,0,0,12.0933,0,0,0,0.0934,NA,NA,NA,0,0,0,0,0,1.5443,0,"E: Uncertainty",NA,NA,NA,"E: Uncertainty",NA,NA,NA,NA,"E: Uncertainty",NA,NA,NA,NA,NA,NA,NA,NA,NA,"E: Uncertainty",NA,"E: Uncertainty",NA,NA,NA,NA,NA,NA,NA,NA,"E: Uncertainty","E: Uncertainty","E: Uncertainty",NA,NA,NA,NA,NA,NA,NA
"2023-06-14 11:00:00","PM10",NA,1343.1613,0,461.4422,243.6867,415.6306,730.5131,31.0858,1.5196,0.799,7.2066,419.3115,0,0.5763,5.0901,18.1462,0,0,0.4602,NA,5.3316,2.1215,0,0,0,NA,0,0,0,NA,0,0,NA,0,0,0,0,0,2.0765,0,"E: Uncertainty",NA,NA,NA,NA,NA,NA,NA,NA,NA,NA,NA,NA,NA,NA,NA,NA,NA,NA,"E: Uncertainty",NA,NA,NA,NA,NA,"E: Uncertainty",NA,NA,NA,"E: Uncertainty",NA,NA,"E: Uncertainty",NA,NA,NA,NA,NA,NA,NA
"2023-06-14 12:00:00","PM2.5",NA,NA,NA,NA,NA,NA,NA,NA,NA,NA,NA,NA,NA,NA,NA,NA,NA,NA,NA,NA,NA,NA,NA,NA,NA,NA,NA,NA,NA,NA,NA,NA,NA,NA,NA,NA,NA,NA,NA,NA,"E: Uncertainty","E: Uncertainty","E: Erroneous Data","E: Erroneous Data","E: Erroneous Data","E: Erroneous Data","E: Erroneous Data","E: Erroneous Data","E: Erroneous Data","E: Uncertainty","E: Erroneous Data","E: Erroneous Data","E: Erroneous Data","E: Uncertainty","E: Erroneous Data","E: Erroneous Data","E: Erroneous Data","E: Erroneous Data","E: Erroneous Data","E: Uncertainty","E: Erroneous Data","E: Erroneous Data","E: Erroneous Data","E: Erroneous Data","E: Erroneous Data","E: Uncertainty","E: Uncertainty","E: Uncertainty","E: Erroneous Data","E: Erroneous Data","E: Erroneous Data","E: Uncertainty","E: Erroneous Data","E: Erroneous Data","E: Erroneous Data","E: Erroneous Data","E: Erroneous Data","E: Erroneous Data","E: Erroneous Data","E: Erroneous Data"
"2023-06-14 13:00:00","PM10",NA,NA,NA,NA,NA,NA,NA,NA,NA,NA,NA,NA,NA,NA,NA,NA,NA,NA,NA,NA,NA,NA,NA,NA,NA,NA,NA,NA,NA,NA,NA,NA,NA,NA,NA,NA,NA,NA,NA,NA,"E: Erroneous Data","E: Erroneous Data","E: Erroneous Data","E: Erroneous Data","E: Erroneous Data","E: Erroneous Data","E: Erroneous Data","E: Erroneous Data","E: Erroneous Data","E: Uncertainty","E: Erroneous Data","E: Erroneous Data","E: Erroneous Data","E: Erroneous Data","E: Erroneous Data","E: Erroneous Data","E: Erroneous Data","E: Erroneous Data","E: Erroneous Data","E: Uncertainty","E: Erroneous Data","E: Erroneous Data","E: Erroneous Data","E: Erroneous Data","E: Erroneous Data","E: Erroneous Data","E: Uncertainty","E: Uncertainty","E: Erroneous Data","E: Uncertainty","E: Uncertainty","E: Erroneous Data","E: Uncertainty","E: Erroneous Data","E: Erroneous Data","E: Erroneous Data","E: Erroneous Data","E: Erroneous Data","E: Erroneous Data","E: Erroneous Data"
"2023-06-14 14:00:00","PM2.5",NA,NA,NA,NA,NA,NA,NA,NA,NA,NA,NA,NA,NA,NA,NA,NA,NA,NA,NA,NA,NA,NA,NA,NA,NA,NA,NA,NA,NA,NA,NA,NA,NA,NA,NA,NA,NA,NA,NA,NA,"E: Erroneous Data","E: Erroneous Data","E: Erroneous Data","E: Erroneous Data","E: Erroneous Data","E: Erroneous Data","E: Erroneous Data","E: Erroneous Data","E: Uncertainty","E: Erroneous Data","E: Erroneous Data","E: Erroneous Data","E: Erroneous Data","E: Uncertainty","E: Erroneous Data","E: Erroneous Data","E: Erroneous Data","E: Erroneous Data","E: Erroneous Data","E: Erroneous Data","E: Erroneous Data","E: Uncertainty","E: Erroneous Data","E: Erroneous Data","E: Erroneous Data","E: Erroneous Data","E: Uncertainty","E: Erroneous Data","E: Erroneous Data","E: Uncertainty","E: Uncertainty","E: Uncertainty","E: Erroneous Data","E: Erroneous Data","E: Erroneous Data","E: Erroneous Data","E: Erroneous Data","E: Erroneous Data","E: Erroneous Data","E: Erroneous Data"
"2023-06-14 15:00:00","PM10",NA,985.0355,0,500.2427,138.4224,185.9012,674.8626,27.6438,1.0803,NA,5.6185,365.6333,0,NA,3.6183,13.4363,0,0,0,NA,4.2535,2.0208,0,NA,0,13.5084,0,NA,0,0,NA,0,NA,0,0,0,0.0127,0,2.7928,0,"E: Uncertainty",NA,NA,NA,NA,NA,NA,NA,NA,"E: Uncertainty",NA,NA,NA,"E: Uncertainty",NA,NA,NA,NA,NA,"E: Uncertainty",NA,NA,NA,"E: Uncertainty",NA,NA,NA,"E: Uncertainty",NA,NA,"E: Uncertainty",NA,"E: Uncertainty",NA,NA,NA,NA,NA,NA,NA
"2023-06-14 16:00:00","PM2.5",NA,176.6787,0,510.7921,0,99.7565,238.8254,9.0828,1.0892,NA,2.8122,185.5825,0,NA,3.1336,13.1956,0,0,0,NA,4.2182,NA,0,NA,0,NA,NA,0,0,NA,NA,NA,NA,0,0,0,0,0,1.7463,0,"E: Uncertainty",NA,NA,NA,NA,NA,NA,NA,NA,"E: Uncertainty",NA,NA,NA,"E: Uncertainty",NA,NA,NA,NA,NA,"E: Uncertainty",NA,"E: Uncertainty",NA,"E: Uncertainty",NA,"E: Uncertainty","E: Uncertainty",NA,NA,"E: Uncertainty","E: Uncertainty","E: Uncertainty","E: Uncertainty",NA,NA,NA,NA,NA,NA,NA
"2023-06-14 17:00:00","PM10",NA,1261.1691,0,577.6,NA,214.2512,715.9521,27.2761,NA,0.7099,7.2294,404.2588,0,0.5301,4.6635,14.7813,0,0,0,0.0019,5.1771,2.2014,0,0,0,17.207,NA,0.1142,0,NA,0,NA,NA,0,0,0,0,0,3.8674,0,"E: Uncertainty",NA,NA,NA,"E: Uncertainty",NA,NA,NA,"E: Uncertainty",NA,NA,NA,NA,NA,NA,NA,NA,NA,NA,NA,NA,NA,NA,NA,NA,NA,"E: Uncertainty",NA,NA,"E: Uncertainty",NA,"E: Uncertainty","E: Uncertainty",NA,NA,NA,NA,NA,NA,NA
"2023-06-14 18:00:00","PM2.5",0,NA,0,429.556,0,222.9422,202.4734,7.8048,0.9429,0,2.1609,164.7074,0,NA,2.8009,15.73,0,0,0.4196,NA,4.5535,NA,0,0,0,NA,NA,NA,0,0,0,NA,NA,0,0,0,0,0,2.8873,0,NA,"E: Uncertainty",NA,NA,NA,NA,NA,NA,NA,NA,NA,NA,NA,"E: Uncertainty",NA,NA,NA,NA,NA,"E: Uncertainty",NA,"E: Uncertainty",NA,NA,NA,"E: Uncertainty","E: Uncertainty","E: Uncertainty",NA,NA,NA,"E: Uncertainty","E: Uncertainty",NA,NA,NA,NA,NA,NA,NA
"2023-06-14 19:00:00","PM10",NA,871.4171,0,483.6276,0,221.5678,695.5059,21.7699,NA,0.8714,5.5904,356.6046,0,0.4761,4.9614,14.1067,0,0,0,NA,5.6937,1.6209,0,0,0,14.9619,0,0,0,0,0,NA,2.8763,0,0,0,0,0,2.7007,0,"E: Uncertainty",NA,NA,NA,NA,NA,NA,NA,"E: Uncertainty",NA,NA,NA,NA,NA,NA,NA,NA,NA,NA,"E: Uncertainty",NA,NA,NA,NA,NA,NA,NA,NA,NA,NA,NA,"E: Uncertainty",NA,NA,NA,NA,NA,NA,NA,NA
"2023-06-14 20:00:00","PM2.5",0,NA,0,417.3977,0,93.3512,184.6889,7.6847,NA,NA,1.5967,142.9091,0,NA,3.3167,29.5448,0,0,0.3831,0,4.8706,1.4372,0,0,0,18.3456,0,0,0,NA,NA,NA,NA,0,0,0,NA,0,8.85,0,NA,"E: Uncertainty",NA,NA,NA,NA,NA,NA,"E: Uncertainty","E: Uncertainty",NA,NA,NA,"E: Uncertainty",NA,NA,NA,NA,NA,NA,NA,NA,NA,NA,NA,NA,NA,NA,NA,"E: Uncertainty","E: Uncertainty","E: Uncertainty","E: Uncertainty",NA,NA,NA,"E: Uncertainty",NA,NA,NA
"2023-06-14 21:00:00","PM10",NA,827.7074,0,485.7443,NA,167.6577,634.9236,22.1564,NA,0.8958,6.6043,368.283,0,NA,5.303,12.6085,0,0,0,0.4308,3.8822,2.0629,0,NA,0,10.712,NA,0,0,0,0,NA,NA,0,0,0,0,0,1.7836,0,"E: Uncertainty",NA,NA,NA,"E: Uncertainty",NA,NA,NA,"E: Uncertainty",NA,NA,NA,NA,"E: Uncertainty",NA,NA,NA,NA,NA,NA,NA,NA,NA,"E: Uncertainty",NA,NA,"E: Uncertainty",NA,NA,NA,NA,"E: Uncertainty","E: Uncertainty",NA,NA,NA,NA,NA,NA,NA
"2023-06-14 22:00:00","PM2.5",NA,NA,NA,NA,NA,NA,NA,NA,NA,NA,NA,NA,NA,NA,NA,NA,NA,NA,NA,NA,NA,NA,NA,NA,NA,NA,NA,NA,NA,NA,NA,NA,NA,NA,NA,NA,NA,NA,NA,NA,"E: Erroneous Data","E: Uncertainty","E: Erroneous Data","E: Erroneous Data","E: Erroneous Data","E: Erroneous Data","E: Erroneous Data","E: Erroneous Data","E: Uncertainty","E: Uncertainty","E: Erroneous Data","E: Erroneous Data","E: Erroneous Data","E: Uncertainty","E: Erroneous Data","E: Erroneous Data","E: Erroneous Data","E: Erroneous Data","E: Erroneous Data","E: Erroneous Data","E: Erroneous Data","E: Uncertainty","E: Erroneous Data","E: Uncertainty","E: Erroneous Data","E: Erroneous Data","E: Erroneous Data","E: Erroneous Data","E: Erroneous Data","E: Uncertainty","E: Uncertainty","E: Uncertainty","E: Erroneous Data","E: Erroneous Data","E: Erroneous Data","E: Erroneous Data","E: Erroneous Data","E: Erroneous Data","E: Erroneous Data","E: Erroneous Data"
"2023-06-14 23:00:00","PM10",NA,NA,NA,NA,NA,NA,NA,NA,NA,NA,NA,NA,NA,NA,NA,NA,NA,NA,NA,NA,NA,NA,NA,NA,NA,NA,NA,NA,NA,NA,NA,NA,NA,NA,NA,NA,NA,NA,NA,NA,"E: Erroneous Data","E: Erroneous Data","E: Erroneous Data","E: Erroneous Data","E: Erroneous Data","E: Erroneous Data","E: Erroneous Data","E: Erroneous Data","E: Uncertainty","E: Uncertainty","E: Erroneous Data","E: Erroneous Data","E: Erroneous Data","E: Erroneous Data","E: Erroneous Data","E: Erroneous Data","E: Erroneous Data","E: Erroneous Data","E: Uncertainty","E: Uncertainty","E: Erroneous Data","E: Uncertainty","E: Erroneous Data","E: Erroneous Data","E: Erroneous Data","E: Erroneous Data","E: Uncertainty","E: Uncertainty","E: Erroneous Data","E: Erroneous Data","E: Uncertainty","E: Uncertainty","E: Uncertainty","E: Erroneous Data","E: Erroneous Data","E: Erroneous Data","E: Erroneous Data","E: Erroneous Data","E: Erroneous Data","E: Erroneous Data"
"2023-06-15 00:30:00","PM2.5",NA,0,0,711.4858,0,70.8905,83.183,3.6587,NA,0,NA,97.1228,0,NA,2.0064,12.4402,0,0,NA,NA,3.0499,NA,0,0,0,22.8945,NA,0,0,NA,0,NA,0,0,0,0,0,0,NA,0,"E: Uncertainty",NA,NA,NA,NA,NA,NA,NA,"E: Uncertainty",NA,"E: Uncertainty",NA,NA,"E: Uncertainty",NA,NA,NA,NA,"E: Uncertainty","E: Uncertainty",NA,"E: Uncertainty",NA,NA,NA,NA,"E: Uncertainty",NA,NA,"E: Uncertainty",NA,"E: Uncertainty",NA,NA,NA,NA,NA,NA,"E: Uncertainty",NA
"2023-06-15 01:00:00","PM10",NA,462.9391,0,797.7922,79.1338,135.3232,317.3586,13.1944,NA,NA,3.8576,245.4964,0,NA,3.5383,14.8326,0,0,0.9142,0.8157,3.5761,NA,0,0,0,NA,NA,0,NA,NA,NA,NA,NA,0,0,0,0,0,0.8839,0,"E: Uncertainty",NA,NA,NA,NA,NA,NA,NA,"E: Uncertainty","E: Uncertainty",NA,NA,NA,"E: Uncertainty",NA,NA,NA,NA,NA,NA,NA,"E: Uncertainty",NA,NA,NA,"E: Uncertainty","E: Uncertainty",NA,"E: Uncertainty","E: Uncertainty","E: Uncertainty","E: Uncertainty","E: Uncertainty",NA,NA,NA,NA,NA,NA,NA
"2023-06-15 02:00:00","PM2.5",0,NA,0,743.5083,0,97.1062,82.4428,3.3177,NA,0,0.9697,94.6878,0,NA,1.8471,13.5308,0,0,0,0.6726,2.812,NA,0,0,0,28.0634,NA,0,0,0,NA,0.0133,0,0,0,0,NA,0,2.2685,0,NA,"E: Uncertainty",NA,NA,NA,NA,NA,NA,"E: Uncertainty",NA,NA,NA,NA,"E: Uncertainty",NA,NA,NA,NA,NA,NA,NA,"E: Uncertainty",NA,NA,NA,NA,"E: Uncertainty",NA,NA,NA,"E: Uncertainty",NA,NA,NA,NA,NA,"E: Uncertainty",NA,NA,NA
"2023-06-15 03:00:00","PM10",NA,339.5431,0,813.3738,28.8057,156.2363,307.1495,11.5105,NA,0.9576,4.0246,216.8313,0,NA,3.1268,20.0436,0,0,NA,1.0609,3.4885,1.5736,0,0,0,NA,0,NA,0,NA,NA,0,NA,0,0,0,0,0,2.3753,0,"E: Uncertainty",NA,NA,NA,NA,NA,NA,NA,"E: Uncertainty",NA,NA,NA,NA,"E: Uncertainty",NA,NA,NA,NA,"E: Uncertainty",NA,NA,NA,NA,NA,NA,"E: Uncertainty",NA,"E: Uncertainty",NA,"E: Uncertainty","E: Uncertainty",NA,"E: Uncertainty",NA,NA,NA,NA,NA,NA,NA
"2023-06-15 04:00:00","PM2.5",NA,NA,NA,NA,NA,NA,NA,NA,NA,NA,NA,NA,NA,NA,NA,NA,NA,NA,NA,NA,NA,NA,NA,NA,NA,NA,NA,NA,NA,NA,NA,NA,NA,NA,NA,NA,NA,NA,NA,NA,"E: Uncertainty","E: Erroneous Data","E: Erroneous Data","E: Erroneous Data","E: Erroneous Data","E: Erroneous Data","E: Erroneous Data","E: Erroneous Data","E: Uncertainty","E: Uncertainty","E: Uncertainty","E: Erroneous Data","E: Erroneous Data","E: Uncertainty","E: Erroneous Data","E: Erroneous Data","E: Erroneous Data","E: Erroneous Data","E: Erroneous Data","E: Erroneous Data","E: Erroneous Data","E: Uncertainty","E: Erroneous Data","E: Erroneous Data","E: Erroneous Data","E: Erroneous Data","E: Erroneous Data","E: Erroneous Data","E: Erroneous Data","E: Erroneous Data","E: Erroneous Data","E: Uncertainty","E: Uncertainty","E: Erroneous Data","E: Erroneous Data","E: Erroneous Data","E: Erroneous Data","E: Erroneous Data","E: Erroneous Data","E: Erroneous Data"
"2023-06-15 05:00:00","PM10",NA,NA,NA,NA,NA,NA,NA,NA,NA,NA,NA,NA,NA,NA,NA,NA,NA,NA,NA,NA,NA,NA,NA,NA,NA,NA,NA,NA,NA,NA,NA,NA,NA,NA,NA,NA,NA,NA,NA,NA,"E: Erroneous Data","E: Erroneous Data","E: Erroneous Data","E: Erroneous Data","E: Erroneous Data","E: Erroneous Data","E: Erroneous Data","E: Erroneous Data","E: Erroneous Data","E: Uncertainty","E: Erroneous Data","E: Erroneous Data","E: Erroneous Data","E: Erroneous Data","E: Erroneous Data","E: Erroneous Data","E: Erroneous Data","E: Erroneous Data","E: Uncertainty","E: Erroneous Data","E: Erroneous Data","E: Uncertainty","E: Erroneous Data","E: Erroneous Data","E: Erroneous Data","E: Uncertainty","E: Uncertainty","E: Erroneous Data","E: Erroneous Data","E: Uncertainty","E: Uncertainty","E: Uncertainty","E: Uncertainty","E: Erroneous Data","E: Erroneous Data","E: Erroneous Data","E: Erroneous Data","E: Erroneous Data","E: Erroneous Data","E: Erroneous Data"
"2023-06-15 06:00:00","PM2.5",NA,NA,NA,NA,NA,NA,NA,NA,NA,NA,NA,NA,NA,NA,NA,NA,NA,NA,NA,NA,NA,NA,NA,NA,NA,NA,NA,NA,NA,NA,NA,NA,NA,NA,NA,NA,NA,NA,NA,NA,"E: Uncertainty","E: Uncertainty","E: Erroneous Data","E: Erroneous Data","E: Erroneous Data","E: Erroneous Data","E: Erroneous Data","E: Erroneous Data","E: Uncertainty","E: Uncertainty","E: Erroneous Data","E: Erroneous Data","E: Uncertainty","E: Uncertainty","E: Erroneous Data","E: Erroneous Data","E: Erroneous Data","E: Erroneous Data","E: Erroneous Data","E: Erroneous Data","E: Erroneous Data","E: Uncertainty","E: Erroneous Data","E: Erroneous Data","E: Erroneous Data","E: Uncertainty","E: Uncertainty","E: Uncertainty","E: Erroneous Data","E: Uncertainty","E: Uncertainty","E: Erroneous Data","E: Erroneous Data","E: Erroneous Data","E: Erroneous Data","E: Erroneous Data","E: Erroneous Data","E: Erroneous Data","E: Erroneous Data","E: Erroneous Data"
"2023-06-15 07:00:00","PM10",NA,NA,NA,NA,NA,NA,NA,NA,NA,NA,NA,NA,NA,NA,NA,NA,NA,NA,NA,NA,NA,NA,NA,NA,NA,NA,NA,NA,NA,NA,NA,NA,NA,NA,NA,NA,NA,NA,NA,NA,"E: Erroneous Data","E: Erroneous Data","E: Erroneous Data","E: Erroneous Data","E: Erroneous Data","E: Erroneous Data","E: Erroneous Data","E: Erroneous Data","E: Erroneous Data","E: Erroneous Data","E: Erroneous Data","E: Erroneous Data","E: Erroneous Data","E: Erroneous Data","E: Erroneous Data","E: Erroneous Data","E: Erroneous Data","E: Erroneous Data","E: Erroneous Data","E: Erroneous Data","E: Erroneous Data","E: Erroneous Data","E: Erroneous Data","E: Uncertainty","E: Erroneous Data","E: Erroneous Data","E: Erroneous Data","E: Erroneous Data","E: Erroneous Data","E: Erroneous Data","E: Uncertainty","E: Uncertainty","E: Erroneous Data","E: Erroneous Data","E: Erroneous Data","E: Erroneous Data","E: Erroneous Data","E: Erroneous Data","E: Erroneous Data","E: Erroneous Data"
"2023-06-15 08:00:00","PM2.5",NA,NA,NA,NA,NA,NA,NA,NA,NA,NA,NA,NA,NA,NA,NA,NA,NA,NA,NA,NA,NA,NA,NA,NA,NA,NA,NA,NA,NA,NA,NA,NA,NA,NA,NA,NA,NA,NA,NA,NA,"E: Uncertainty","E: Erroneous Data","E: Erroneous Data","E: Erroneous Data","E: Erroneous Data","E: Erroneous Data","E: Erroneous Data","E: Erroneous Data","E: Uncertainty","E: Erroneous Data","E: Erroneous Data","E: Erroneous Data","E: Erroneous Data","E: Erroneous Data","E: Erroneous Data","E: Erroneous Data","E: Erroneous Data","E: Erroneous Data","E: Erroneous Data","E: Erroneous Data","E: Erroneous Data","E: Erroneous Data","E: Erroneous Data","E: Erroneous Data","E: Erroneous Data","E: Erroneous Data","E: Erroneous Data","E: Erroneous Data","E: Erroneous Data","E: Erroneous Data","E: Uncertainty","E: Uncertainty","E: Erroneous Data","E: Erroneous Data","E: Erroneous Data","E: Erroneous Data","E: Erroneous Data","E: Erroneous Data","E: Erroneous Data","E: Erroneous Data"
"2023-06-15 09:00:00","PM10",NA,1278.2474,0,654.4364,0,188.7085,1102.0923,32.3009,1.8261,11.0429,9.464,729.0475,0,2.8444,11.1224,31.6988,0,0,0.527,0.7401,4.1285,2.6986,0,0,NA,NA,NA,NA,0,0,NA,NA,6.2603,0,0,0,0,0,5.3247,0,"E: Uncertainty",NA,NA,NA,NA,NA,NA,NA,NA,NA,NA,NA,NA,NA,NA,NA,NA,NA,NA,NA,NA,NA,NA,NA,"E: Uncertainty","E: Uncertainty","E: Uncertainty","E: Uncertainty",NA,NA,"E: Uncertainty","E: Uncertainty",NA,NA,NA,NA,NA,NA,NA,NA
"2023-06-15 10:00:00","PM2.5",NA,NA,0,410.6005,0,76.1807,220.3206,10.9422,1.0552,2.3888,2.1665,189.0856,0,0.7907,4.1172,15.4913,0,0,0,NA,2.972,NA,0,0,0,10.6441,0,NA,0,0,NA,0,NA,0,0,0,0,0,2.7122,0,"E: Uncertainty","E: Uncertainty",NA,NA,NA,NA,NA,NA,NA,NA,NA,NA,NA,NA,NA,NA,NA,NA,NA,"E: Uncertainty",NA,"E: Uncertainty",NA,NA,NA,NA,NA,"E: Uncertainty",NA,NA,"E: Uncertainty",NA,"E: Uncertainty",NA,NA,NA,NA,NA,NA,NA
"2023-06-15 11:00:00","PM10",NA,1379.6548,0,465.2924,0,195.8639,787.0213,31.3895,0.8198,6.2733,7.1115,439.8123,0,1.1742,5.3648,16.7732,0,0,0,NA,3.6691,1.5532,0,NA,0,18.0489,NA,NA,0,NA,0,NA,8.0269,0,0,0,0,0,2.4676,0,"E: Uncertainty",NA,NA,NA,NA,NA,NA,NA,NA,NA,NA,NA,NA,NA,NA,NA,NA,NA,NA,"E: Uncertainty",NA,NA,NA,"E: Uncertainty",NA,NA,"E: Uncertainty","E: Uncertainty",NA,"E: Uncertainty",NA,"E: Uncertainty",NA,NA,NA,NA,NA,NA,NA,NA
"2023-06-15 12:00:00","PM2.5",NA,NA,NA,NA,NA,NA,NA,NA,NA,NA,NA,NA,NA,NA,NA,NA,NA,NA,NA,NA,NA,NA,NA,NA,NA,NA,NA,NA,NA,NA,NA,NA,NA,NA,NA,NA,NA,NA,NA,NA,"E: Erroneous Data","E: Erroneous Data","E: Erroneous Data","E: Erroneous Data","E: Erroneous Data","E: Erroneous Data","E: Erroneous Data","E: Erroneous Data","E: Erroneous Data","E: Uncertainty","E: Erroneous Data","E: Erroneous Data","E: Erroneous Data","E: Uncertainty","E: Erroneous Data","E: Erroneous Data","E: Erroneous Data","E: Erroneous Data","E: Erroneous Data","E: Uncertainty","E: Erroneous Data","E: Uncertainty","E: Erroneous Data","E: Erroneous Data","E: Erroneous Data","E: Erroneous Data","E: Uncertainty","E: Erroneous Data","E: Erroneous Data","E: Erroneous Data","E: Erroneous Data","E: Uncertainty","E: Uncertainty","E: Erroneous Data","E: Erroneous Data","E: Erroneous Data","E: Uncertainty","E: Erroneous Data","E: Erroneous Data","E: Erroneous Data"
"2023-06-15 13:00:00","PM10",NA,NA,NA,NA,NA,NA,NA,NA,NA,NA,NA,NA,NA,NA,NA,NA,NA,NA,NA,NA,NA,NA,NA,NA,NA,NA,NA,NA,NA,NA,NA,NA,NA,NA,NA,NA,NA,NA,NA,NA,"E: Erroneous Data","E: Erroneous Data","E: Erroneous Data","E: Erroneous Data","E: Erroneous Data","E: Erroneous Data","E: Erroneous Data","E: Erroneous Data","E: Erroneous Data","E: Erroneous Data","E: Erroneous Data","E: Erroneous Data","E: Erroneous Data","E: Uncertainty","E: Erroneous Data","E: Erroneous Data","E: Erroneous Data","E: Erroneous Data","E: Erroneous Data","E: Erroneous Data","E: Erroneous Data","E: Uncertainty","E: Erroneous Data","E: Erroneous Data","E: Erroneous Data","E: Erroneous Data","E: Uncertainty","E: Uncertainty","E: Erroneous Data","E: Erroneous Data","E: Uncertainty","E: Uncertainty","E: Uncertainty","E: Erroneous Data","E: Erroneous Data","E: Erroneous Data","E: Erroneous Data","E: Erroneous Data","E: Erroneous Data","E: Erroneous Data"
"2023-06-15 14:00:00","PM2.5",NA,NA,NA,NA,NA,NA,NA,NA,NA,NA,NA,NA,NA,NA,NA,NA,NA,NA,NA,NA,NA,NA,NA,NA,NA,NA,NA,NA,NA,NA,NA,NA,NA,NA,NA,NA,NA,NA,NA,NA,"E: Uncertainty","E: Erroneous Data","E: Erroneous Data","E: Erroneous Data","E: Erroneous Data","E: Erroneous Data","E: Erroneous Data","E: Erroneous Data","E: Uncertainty","E: Uncertainty","E: Erroneous Data","E: Erroneous Data","E: Erroneous Data","E: Uncertainty","E: Erroneous Data","E: Erroneous Data","E: Erroneous Data","E: Erroneous Data","E: Erroneous Data","E: Uncertainty","E: Erroneous Data","E: Uncertainty","E: Erroneous Data","E: Uncertainty","E: Erroneous Data","E: Erroneous Data","E: Uncertainty","E: Erroneous Data","E: Erroneous Data","E: Erroneous Data","E: Uncertainty","E: Uncertainty","E: Uncertainty","E: Erroneous Data","E: Erroneous Data","E: Erroneous Data","E: Erroneous Data","E: Erroneous Data","E: Erroneous Data","E: Erroneous Data"
"2023-06-15 15:00:00","PM10",NA,832.7297,0,700.8389,0,169.638,596.4692,24.9698,NA,1.2066,5.8362,404.039,NA,NA,12.3585,87.5052,0,0,1.6716,0,17.4805,NA,0,NA,0,NA,NA,0,0,NA,NA,0,3.4083,0,0,0,0,0,41.4444,0,"E: Uncertainty",NA,NA,NA,NA,NA,NA,NA,"E: Uncertainty",NA,NA,NA,"E: Uncertainty","E: Uncertainty",NA,NA,NA,NA,NA,NA,NA,"E: Uncertainty",NA,"E: Uncertainty",NA,"E: Uncertainty","E: Uncertainty",NA,NA,"E: Uncertainty","E: Uncertainty",NA,NA,NA,NA,NA,NA,NA,NA,NA
"2023-06-15 16:00:00","PM2.5",0,NA,0,803.6929,0,81.2948,161.9757,7.765,NA,NA,1.8326,177.6928,0,NA,12.8939,148.7171,0,0,2.0543,0,25.062,NA,0,0,0,17.0864,NA,NA,0,NA,NA,NA,NA,0,0,0,0,0,58.6879,0,NA,"E: Uncertainty",NA,NA,NA,NA,NA,NA,"E: Uncertainty","E: Uncertainty",NA,NA,NA,"E: Uncertainty",NA,NA,NA,NA,NA,NA,NA,"E: Uncertainty",NA,NA,NA,NA,"E: Uncertainty","E: Uncertainty",NA,"E: Uncertainty","E: Uncertainty","E: Uncertainty","E: Uncertainty",NA,NA,NA,NA,NA,NA,NA
"2023-06-15 17:00:00","PM10",NA,800.918,0,1021.4851,0,170.6692,453.5761,23.6457,NA,0.7323,4.9396,333.2188,0,NA,22.2872,214.1031,0,0,5.2733,0,44.5805,2.1405,0,0,0,NA,NA,NA,0,0,38.965,0,0,0,0,0,0,0,96.4484,0,"E: Uncertainty",NA,NA,NA,NA,NA,NA,NA,"E: Uncertainty",NA,NA,NA,NA,"E: Uncertainty",NA,NA,NA,NA,NA,NA,NA,NA,NA,NA,NA,"E: Uncertainty","E: Uncertainty","E: Uncertainty",NA,NA,NA,NA,NA,NA,NA,NA,NA,NA,NA,NA
"2023-06-15 18:00:00","PM2.5",0,NA,0,600.3193,0,70.6103,103.1776,7.0771,NA,NA,NA,139.0056,NA,0,7.4276,62.7107,0,0,1.9536,NA,16.833,NA,0,0,0,12.8542,NA,NA,0,NA,NA,NA,NA,0,0,0,0,0,26.6327,0,NA,"E: Uncertainty",NA,NA,NA,NA,NA,NA,"E: Uncertainty","E: Uncertainty","E: Uncertainty",NA,"E: Uncertainty",NA,NA,NA,NA,NA,NA,"E: Uncertainty",NA,"E: Uncertainty",NA,NA,NA,NA,"E: Uncertainty","E: Uncertainty",NA,"E: Uncertainty","E: Uncertainty","E: Uncertainty","E: Uncertainty",NA,NA,NA,NA,NA,NA,NA
"2023-06-15 19:00:00","PM10",NA,523.333,0,555.5308,0,201.3417,354.7236,18.1844,NA,1.1069,4.4811,452.9768,0,NA,10.368,44.7279,0,0,0.8801,NA,8.7088,NA,0,NA,0,9.3465,0,NA,0,0,0,NA,5.2629,0,0,0,0,0,9.1695,0,"E: Uncertainty",NA,NA,NA,NA,NA,NA,NA,"E: Uncertainty",NA,NA,NA,NA,"E: Uncertainty",NA,NA,NA,NA,NA,"E: Uncertainty",NA,"E: Uncertainty",NA,"E: Uncertainty",NA,NA,NA,"E: Uncertainty",NA,NA,NA,"E: Uncertainty",NA,NA,NA,NA,NA,NA,NA,NA
"2023-06-15 20:00:00","PM2.5",0,NA,0,582.7216,0,85.3895,135.1654,6.6312,NA,0.6347,2.2713,235.3292,0,0,5.9184,22.8992,0,0,0.4111,NA,6.4296,NA,0,0,0,9.5954,NA,NA,0,NA,NA,NA,3.9481,0,0,0,0,0,6.5199,0,NA,"E: Uncertainty",NA,NA,NA,NA,NA,NA,"E: Uncertainty",NA,NA,NA,NA,NA,NA,NA,NA,NA,NA,"E: Uncertainty",NA,"E: Uncertainty",NA,NA,NA,NA,"E: Uncertainty","E: Uncertainty",NA,"E: Uncertainty","E: Uncertainty","E: Uncertainty",NA,NA,NA,NA,NA,NA,NA,NA
"2023-06-15 21:00:00","PM10",NA,926.8826,0,567.4388,0,145.6695,518.0455,20.3027,NA,0.9769,6.4004,402.4738,0,NA,7.2668,25.5476,0,0,1.4946,NA,4.2136,1.5564,0,0,0,9.6925,0,0,0,0,NA,NA,NA,0,0,0,0,0,8.8692,0,"E: Uncertainty",NA,NA,NA,NA,NA,NA,NA,"E: Uncertainty",NA,NA,NA,NA,"E: Uncertainty",NA,NA,NA,NA,NA,"E: Uncertainty",NA,NA,NA,NA,NA,NA,NA,NA,NA,NA,"E: Uncertainty","E: Uncertainty","E: Uncertainty",NA,NA,NA,NA,NA,NA,NA
"2023-06-15 22:00:00","PM2.5",NA,NA,NA,NA,NA,NA,NA,NA,NA,NA,NA,NA,NA,NA,NA,NA,NA,NA,NA,NA,NA,NA,NA,NA,NA,NA,NA,NA,NA,NA,NA,NA,NA,NA,NA,NA,NA,NA,NA,NA,"E: Erroneous Data","E: Uncertainty","E: Erroneous Data","E: Erroneous Data","E: Erroneous Data","E: Erroneous Data","E: Erroneous Data","E: Erroneous Data","E: Uncertainty","E: Uncertainty","E: Erroneous Data","E: Erroneous Data","E: Erroneous Data","E: Uncertainty","E: Erroneous Data","E: Erroneous Data","E: Erroneous Data","E: Erroneous Data","E: Erroneous Data","E: Uncertainty","E: Erroneous Data","E: Uncertainty","E: Erroneous Data","E: Erroneous Data","E: Erroneous Data","E: Erroneous Data","E: Uncertainty","E: Erroneous Data","E: Erroneous Data","E: Uncertainty","E: Erroneous Data","E: Uncertainty","E: Uncertainty","E: Erroneous Data","E: Erroneous Data","E: Erroneous Data","E: Erroneous Data","E: Erroneous Data","E: Erroneous Data","E: Erroneous Data"
"2023-06-15 23:00:00","PM10",NA,NA,NA,NA,NA,NA,NA,NA,NA,NA,NA,NA,NA,NA,NA,NA,NA,NA,NA,NA,NA,NA,NA,NA,NA,NA,NA,NA,NA,NA,NA,NA,NA,NA,NA,NA,NA,NA,NA,NA,"E: Erroneous Data","E: Erroneous Data","E: Erroneous Data","E: Erroneous Data","E: Erroneous Data","E: Erroneous Data","E: Erroneous Data","E: Erroneous Data","E: Uncertainty","E: Erroneous Data","E: Erroneous Data","E: Erroneous Data","E: Erroneous Data","E: Uncertainty","E: Erroneous Data","E: Erroneous Data","E: Erroneous Data","E: Erroneous Data","E: Erroneous Data","E: Uncertainty","E: Erroneous Data","E: Uncertainty","E: Uncertainty","E: Erroneous Data","E: Erroneous Data","E: Uncertainty","E: Uncertainty","E: Uncertainty","E: Erroneous Data","E: Uncertainty","E: Uncertainty","E: Uncertainty","E: Uncertainty","E: Erroneous Data","E: Erroneous Data","E: Erroneous Data","E: Erroneous Data","E: Uncertainty","E: Erroneous Data","E: Erroneous Data"
"2023-06-16 00:30:00","PM2.5",0,NA,0,791.5601,705.7209,117.0561,469.913,15.0014,NA,NA,3.9028,481.4523,0,NA,12.2,40.2498,0,0,2.2333,NA,6.1275,4.4242,0,0,0,NA,NA,NA,NA,NA,NA,NA,NA,0,0,0,0,0,NA,0,NA,"E: Uncertainty",NA,NA,NA,NA,NA,NA,"E: Uncertainty","E: Uncertainty",NA,NA,NA,"E: Uncertainty",NA,NA,NA,NA,NA,"E: Uncertainty",NA,NA,NA,NA,NA,"E: Uncertainty","E: Uncertainty","E: Uncertainty","E: Uncertainty","E: Uncertainty","E: Uncertainty","E: Uncertainty","E: Uncertainty",NA,NA,NA,NA,NA,"E: Uncertainty",NA
"2023-06-16 01:00:00","PM10",NA,731.165,0,678.0128,0,143.2679,404.2952,16.8126,NA,1.2829,5.1626,377.1693,0,NA,6.1682,41.4197,0,0,0.7334,0.5703,4.3896,1.5639,0,0,0,9.2395,0,NA,0,0,NA,NA,NA,0,0,0,0,0,3.8973,0,"E: Uncertainty",NA,NA,NA,NA,NA,NA,NA,"E: Uncertainty",NA,NA,NA,NA,"E: Uncertainty",NA,NA,NA,NA,NA,NA,NA,NA,NA,NA,NA,NA,NA,"E: Uncertainty",NA,NA,"E: Uncertainty","E: Uncertainty","E: Uncertainty",NA,NA,NA,NA,NA,NA,NA
"2023-06-16 02:00:00","PM2.5",0,NA,0,594.218,0,76.0017,104.9153,5.5294,NA,NA,1.7665,165.66,0,0.5923,3.5857,27.1488,0,0,0.6434,0.539,8.2343,NA,0,0,0,12.6018,NA,0,0,NA,NA,0.1359,NA,0,0,0,0,0,3.6563,0,NA,"E: Uncertainty",NA,NA,NA,NA,NA,NA,"E: Uncertainty","E: Uncertainty",NA,NA,NA,NA,NA,NA,NA,NA,NA,NA,NA,"E: Uncertainty",NA,NA,NA,NA,"E: Uncertainty",NA,NA,"E: Uncertainty","E: Uncertainty",NA,"E: Uncertainty",NA,NA,NA,NA,NA,NA,NA
"2023-06-16 03:00:00","PM10",NA,403.3285,0,626.2523,0,135.1981,358.9358,16.1632,NA,0.6727,3.7703,323.6105,0,NA,6.002,47.5383,0,0,1.3088,NA,4.5166,2.6449,0,0,0,12.7283,0,NA,0,NA,NA,0,NA,0,0,0,0,0,2.5907,0,"E: Uncertainty",NA,NA,NA,NA,NA,NA,NA,"E: Uncertainty",NA,NA,NA,NA,"E: Uncertainty",NA,NA,NA,NA,NA,"E: Uncertainty",NA,NA,NA,NA,NA,NA,NA,"E: Uncertainty",NA,"E: Uncertainty","E: Uncertainty",NA,"E: Uncertainty",NA,NA,NA,NA,NA,NA,NA
"2023-06-16 04:00:00","PM2.5",NA,NA,0,601.5134,0,89.8413,113.6174,6.8569,NA,NA,1.3138,165.4602,NA,NA,3.7602,46.6746,0,0,1.2392,NA,5.7489,0,0,NA,0,13.562,NA,NA,0,NA,NA,NA,0,0,0,0,0,0,2.3835,0,"E: Uncertainty","E: Uncertainty",NA,NA,NA,NA,NA,NA,"E: Uncertainty","E: Uncertainty",NA,NA,"E: Uncertainty","E: Uncertainty",NA,NA,NA,NA,NA,"E: Uncertainty",NA,NA,NA,"E: Uncertainty",NA,NA,"E: Uncertainty","E: Uncertainty",NA,"E: Uncertainty","E: Uncertainty","E: Uncertainty",NA,NA,NA,NA,NA,NA,NA,NA
"2023-06-16 05:00:00","PM10",NA,680.1946,0,509.5923,0,149.2593,461.6325,20.983,NA,2.0285,4.8536,428.3539,NA,NA,9.8295,37.527,0,0,0.571,NA,4.9497,NA,0,NA,0,15.3433,NA,0,0,NA,NA,NA,4.8316,0,0,0,0,0,3.0452,0,"E: Uncertainty",NA,NA,NA,NA,NA,NA,NA,"E: Uncertainty",NA,NA,NA,"E: Uncertainty","E: Uncertainty",NA,NA,NA,NA,NA,"E: Uncertainty",NA,"E: Uncertainty",NA,"E: Uncertainty",NA,NA,"E: Uncertainty",NA,NA,"E: Uncertainty","E: Uncertainty","E: Uncertainty",NA,NA,NA,NA,NA,NA,NA,NA
"2023-06-16 06:00:00","PM2.5",NA,NA,NA,NA,NA,NA,NA,NA,NA,NA,NA,NA,NA,NA,NA,NA,NA,NA,NA,NA,NA,NA,NA,NA,NA,NA,NA,NA,NA,NA,NA,NA,NA,NA,NA,NA,NA,NA,NA,NA,"E: Uncertainty","E: Uncertainty","E: Erroneous Data","E: Erroneous Data","E: Erroneous Data","E: Erroneous Data","E: Erroneous Data","E: Erroneous Data","E: Uncertainty","E: Uncertainty","E: Erroneous Data","E: Erroneous Data","E: Uncertainty","E: Erroneous Data","E: Erroneous Data","E: Erroneous Data","E: Erroneous Data","E: Erroneous Data","E: Erroneous Data","E: Uncertainty","E: Erroneous Data","E: Uncertainty","E: Erroneous Data","E: Erroneous Data","E: Erroneous Data","E: Erroneous Data","E: Uncertainty","E: Erroneous Data","E: Erroneous Data","E: Uncertainty","E: Uncertainty","E: Uncertainty","E: Uncertainty","E: Erroneous Data","E: Erroneous Data","E: Erroneous Data","E: Erroneous Data","E: Erroneous Data","E: Erroneous Data","E: Erroneous Data"
"2023-06-16 07:00:00","PM10",NA,NA,NA,NA,NA,NA,NA,NA,NA,NA,NA,NA,NA,NA,NA,NA,NA,NA,NA,NA,NA,NA,NA,NA,NA,NA,NA,NA,NA,NA,NA,NA,NA,NA,NA,NA,NA,NA,NA,NA,"E: Erroneous Data","E: Erroneous Data","E: Erroneous Data","E: Erroneous Data","E: Erroneous Data","E: Erroneous Data","E: Erroneous Data","E: Erroneous Data","E: Erroneous Data","E: Erroneous Data","E: Erroneous Data","E: Erroneous Data","E: Erroneous Data","E: Uncertainty","E: Erroneous Data","E: Erroneous Data","E: Erroneous Data","E: Erroneous Data","E: Erroneous Data","E: Uncertainty","E: Erroneous Data","E: Uncertainty","E: Erroneous Data","E: Uncertainty","E: Erroneous Data","E: Erroneous Data","E: Erroneous Data","E: Uncertainty","E: Erroneous Data","E: Uncertainty","E: Uncertainty","E: Uncertainty","E: Uncertainty","E: Erroneous Data","E: Erroneous Data","E: Erroneous Data","E: Erroneous Data","E: Erroneous Data","E: Erroneous Data","E: Erroneous Data"
"2023-06-16 08:00:00","PM2.5",NA,NA,NA,NA,NA,NA,NA,NA,NA,NA,NA,NA,NA,NA,NA,NA,NA,NA,NA,NA,NA,NA,NA,NA,NA,NA,NA,NA,NA,NA,NA,NA,NA,NA,NA,NA,NA,NA,NA,NA,"E: Erroneous Data","E: Uncertainty","E: Erroneous Data","E: Erroneous Data","E: Erroneous Data","E: Erroneous Data","E: Erroneous Data","E: Erroneous Data","E: Erroneous Data","E: Uncertainty","E: Erroneous Data","E: Erroneous Data","E: Erroneous Data","E: Uncertainty","E: Erroneous Data","E: Erroneous Data","E: Erroneous Data","E: Erroneous Data","E: Erroneous Data","E: Uncertainty","E: Erroneous Data","E: Uncertainty","E: Erroneous Data","E: Erroneous Data","E: Erroneous Data","E: Erroneous Data","E: Erroneous Data","E: Erroneous Data","E: Erroneous Data","E: Uncertainty","E: Uncertainty","E: Uncertainty","E: Erroneous Data","E: Erroneous Data","E: Erroneous Data","E: Erroneous Data","E: Erroneous Data","E: Erroneous Data","E: Erroneous Data","E: Erroneous Data"
"2023-06-16 09:00:00","PM10",NA,NA,NA,NA,NA,NA,NA,NA,NA,NA,NA,NA,NA,NA,NA,NA,NA,NA,NA,NA,NA,NA,NA,NA,NA,NA,NA,NA,NA,NA,NA,NA,NA,NA,NA,NA,NA,NA,NA,NA,"E: Erroneous Data","E: Erroneous Data","E: Erroneous Data","E: Erroneous Data","E: Erroneous Data","E: Erroneous Data","E: Erroneous Data","E: Erroneous Data","E: Uncertainty","E: Erroneous Data","E: Erroneous Data","E: Erroneous Data","E: Erroneous Data","E: Erroneous Data","E: Erroneous Data","E: Erroneous Data","E: Erroneous Data","E: Erroneous Data","E: Erroneous Data","E: Uncertainty","E: Erroneous Data","E: Uncertainty","E: Erroneous Data","E: Uncertainty","E: Erroneous Data","E: Erroneous Data","E: Erroneous Data","E: Erroneous Data","E: Erroneous Data","E: Uncertainty","E: Uncertainty","E: Uncertainty","E: Erroneous Data","E: Erroneous Data","E: Erroneous Data","E: Erroneous Data","E: Erroneous Data","E: Erroneous Data","E: Erroneous Data","E: Erroneous Data"
"2023-06-16 10:00:00","PM2.5",NA,NA,NA,NA,NA,NA,NA,NA,NA,NA,NA,NA,NA,NA,NA,NA,NA,NA,NA,NA,NA,NA,NA,NA,NA,NA,NA,NA,NA,NA,NA,NA,NA,NA,NA,NA,NA,NA,NA,NA,"E: Erroneous Data","E: Uncertainty","E: Erroneous Data","E: Erroneous Data","E: Erroneous Data","E: Erroneous Data","E: Erroneous Data","E: Erroneous Data","E: Uncertainty","E: Erroneous Data","E: Erroneous Data","E: Erroneous Data","E: Erroneous Data","E: Uncertainty","E: Erroneous Data","E: Erroneous Data","E: Erroneous Data","E: Erroneous Data","E: Uncertainty","E: Erroneous Data","E: Erroneous Data","E: Uncertainty","E: Erroneous Data","E: Uncertainty","E: Erroneous Data","E: Erroneous Data","E: Uncertainty","E: Erroneous Data","E: Erroneous Data","E: Uncertainty","E: Erroneous Data","E: Uncertainty","E: Erroneous Data","E: Erroneous Data","E: Erroneous Data","E: Erroneous Data","E: Erroneous Data","E: Erroneous Data","E: Erroneous Data","E: Erroneous Data"
"2023-06-16 11:00:00","PM10",NA,714.9852,0,495.4078,0,147.2915,445.0327,15.8134,0.8509,NA,4.4234,264.3479,0,NA,2.9449,15.2662,0,0,0.7983,0,3.619,NA,0,0,0,9.2228,0,0,0,NA,NA,NA,NA,0,0,0,0,0,NA,0,"E: Uncertainty",NA,NA,NA,NA,NA,NA,NA,NA,"E: Uncertainty",NA,NA,NA,"E: Uncertainty",NA,NA,NA,NA,NA,NA,NA,"E: Uncertainty",NA,NA,NA,NA,NA,NA,NA,"E: Uncertainty","E: Uncertainty","E: Uncertainty","E: Uncertainty",NA,NA,NA,NA,NA,"E: Uncertainty",NA
"2023-06-16 12:00:00","PM2.5",NA,NA,NA,NA,NA,NA,NA,NA,NA,NA,NA,NA,NA,NA,NA,NA,NA,NA,NA,NA,NA,NA,NA,NA,NA,NA,NA,NA,NA,NA,NA,NA,NA,NA,NA,NA,NA,NA,NA,NA,"E: Erroneous Data","E: Uncertainty","E: Erroneous Data","E: Erroneous Data","E: Erroneous Data","E: Erroneous Data","E: Erroneous Data","E: Erroneous Data","E: Uncertainty","E: Uncertainty","E: Erroneous Data","E: Erroneous Data","E: Erroneous Data","E: Erroneous Data","E: Erroneous Data","E: Erroneous Data","E: Erroneous Data","E: Erroneous Data","E: Erroneous Data","E: Uncertainty","E: Erroneous Data","E: Uncertainty","E: Erroneous Data","E: Erroneous Data","E: Erroneous Data","E: Uncertainty","E: Uncertainty","E: Uncertainty","E: Erroneous Data","E: Erroneous Data","E: Erroneous Data","E: Uncertainty","E: Erroneous Data","E: Erroneous Data","E: Erroneous Data","E: Erroneous Data","E: Erroneous Data","E: Erroneous Data","E: Erroneous Data","E: Erroneous Data"
"2023-06-16 13:00:00","PM10",NA,NA,NA,NA,NA,NA,NA,NA,NA,NA,NA,NA,NA,NA,NA,NA,NA,NA,NA,NA,NA,NA,NA,NA,NA,NA,NA,NA,NA,NA,NA,NA,NA,NA,NA,NA,NA,NA,NA,NA,"E: Erroneous Data","E: Erroneous Data","E: Erroneous Data","E: Erroneous Data","E: Erroneous Data","E: Erroneous Data","E: Erroneous Data","E: Erroneous Data","E: Uncertainty","E: Erroneous Data","E: Erroneous Data","E: Erroneous Data","E: Erroneous Data","E: Erroneous Data","E: Erroneous Data","E: Erroneous Data","E: Erroneous Data","E: Erroneous Data","E: Erroneous Data","E: Uncertainty","E: Erroneous Data","E: Uncertainty","E: Erroneous Data","E: Erroneous Data","E: Erroneous Data","E: Erroneous Data","E: Uncertainty","E: Erroneous Data","E: Erroneous Data","E: Uncertainty","E: Uncertainty","E: Uncertainty","E: Uncertainty","E: Erroneous Data","E: Erroneous Data","E: Erroneous Data","E: Erroneous Data","E: Erroneous Data","E: Erroneous Data","E: Erroneous Data"
"2023-06-16 14:00:00","PM2.5",NA,NA,NA,NA,NA,NA,NA,NA,NA,NA,NA,NA,NA,NA,NA,NA,NA,NA,NA,NA,NA,NA,NA,NA,NA,NA,NA,NA,NA,NA,NA,NA,NA,NA,NA,NA,NA,NA,NA,NA,"E: Uncertainty","E: Uncertainty","E: Erroneous Data","E: Erroneous Data","E: Erroneous Data","E: Erroneous Data","E: Erroneous Data","E: Erroneous Data","E: Uncertainty","E: Uncertainty","E: Erroneous Data","E: Erroneous Data","E: Erroneous Data","E: Uncertainty","E: Erroneous Data","E: Erroneous Data","E: Erroneous Data","E: Erroneous Data","E: Erroneous Data","E: Erroneous Data","E: Erroneous Data","E: Uncertainty","E: Erroneous Data","E: Erroneous Data","E: Erroneous Data","E: Erroneous Data","E: Uncertainty","E: Uncertainty","E: Erroneous Data","E: Erroneous Data","E: Erroneous Data","E: Uncertainty","E: Uncertainty","E: Erroneous Data","E: Erroneous Data","E: Erroneous Data","E: Erroneous Data","E: Erroneous Data","E: Erroneous Data","E: Erroneous Data"
"2023-06-16 15:00:00","PM10",NA,NA,NA,NA,NA,NA,NA,NA,NA,NA,NA,NA,NA,NA,NA,NA,NA,NA,NA,NA,NA,NA,NA,NA,NA,NA,NA,NA,NA,NA,NA,NA,NA,NA,NA,NA,NA,NA,NA,NA,"E: Erroneous Data","E: Erroneous Data","E: Erroneous Data","E: Erroneous Data","E: Erroneous Data","E: Erroneous Data","E: Erroneous Data","E: Erroneous Data","E: Uncertainty","E: Erroneous Data","E: Erroneous Data","E: Erroneous Data","E: Erroneous Data","E: Uncertainty","E: Erroneous Data","E: Erroneous Data","E: Erroneous Data","E: Erroneous Data","E: Erroneous Data","E: Uncertainty","E: Erroneous Data","E: Uncertainty","E: Erroneous Data","E: Erroneous Data","E: Erroneous Data","E: Erroneous Data","E: Uncertainty","E: Erroneous Data","E: Erroneous Data","E: Erroneous Data","E: Uncertainty","E: Erroneous Data","E: Uncertainty","E: Erroneous Data","E: Erroneous Data","E: Erroneous Data","E: Erroneous Data","E: Erroneous Data","E: Erroneous Data","E: Erroneous Data"
"2023-06-16 16:00:00","PM2.5",NA,NA,NA,NA,NA,NA,NA,NA,NA,NA,NA,NA,NA,NA,NA,NA,NA,NA,NA,NA,NA,NA,NA,NA,NA,NA,NA,NA,NA,NA,NA,NA,NA,NA,NA,NA,NA,NA,NA,NA,"E: Erroneous Data","E: Uncertainty","E: Erroneous Data","E: Erroneous Data","E: Erroneous Data","E: Erroneous Data","E: Erroneous Data","E: Erroneous Data","E: Erroneous Data","E: Uncertainty","E: Erroneous Data","E: Erroneous Data","E: Erroneous Data","E: Uncertainty","E: Erroneous Data","E: Erroneous Data","E: Erroneous Data","E: Erroneous Data","E: Erroneous Data","E: Uncertainty","E: Erroneous Data","E: Uncertainty","E: Erroneous Data","E: Erroneous Data","E: Erroneous Data","E: Uncertainty","E: Erroneous Data","E: Uncertainty","E: Erroneous Data","E: Uncertainty","E: Uncertainty","E: Uncertainty","E: Uncertainty","E: Erroneous Data","E: Erroneous Data","E: Erroneous Data","E: Erroneous Data","E: Erroneous Data","E: Erroneous Data","E: Erroneous Data"
"2023-06-16 17:00:00","PM10",NA,NA,NA,NA,NA,NA,NA,NA,NA,NA,NA,NA,NA,NA,NA,NA,NA,NA,NA,NA,NA,NA,NA,NA,NA,NA,NA,NA,NA,NA,NA,NA,NA,NA,NA,NA,NA,NA,NA,NA,"E: Erroneous Data","E: Erroneous Data","E: Erroneous Data","E: Erroneous Data","E: Erroneous Data","E: Erroneous Data","E: Erroneous Data","E: Erroneous Data","E: Uncertainty","E: Erroneous Data","E: Erroneous Data","E: Erroneous Data","E: Erroneous Data","E: Uncertainty","E: Erroneous Data","E: Erroneous Data","E: Erroneous Data","E: Erroneous Data","E: Uncertainty","E: Uncertainty","E: Erroneous Data","E: Uncertainty","E: Erroneous Data","E: Uncertainty","E: Erroneous Data","E: Erroneous Data","E: Uncertainty","E: Erroneous Data","E: Erroneous Data","E: Erroneous Data","E: Uncertainty","E: Uncertainty","E: Uncertainty","E: Erroneous Data","E: Erroneous Data","E: Erroneous Data","E: Erroneous Data","E: Erroneous Data","E: Erroneous Data","E: Erroneous Data"
"2023-06-16 18:00:00","PM2.5",NA,NA,NA,NA,NA,NA,NA,NA,NA,NA,NA,NA,NA,NA,NA,NA,NA,NA,NA,NA,NA,NA,NA,NA,NA,NA,NA,NA,NA,NA,NA,NA,NA,NA,NA,NA,NA,NA,NA,NA,"E: Erroneous Data","E: Uncertainty","E: Erroneous Data","E: Erroneous Data","E: Erroneous Data","E: Erroneous Data","E: Erroneous Data","E: Erroneous Data","E: Uncertainty","E: Uncertainty","E: Erroneous Data","E: Erroneous Data","E: Uncertainty","E: Erroneous Data","E: Erroneous Data","E: Erroneous Data","E: Erroneous Data","E: Erroneous Data","E: Erroneous Data","E: Uncertainty","E: Erroneous Data","E: Uncertainty","E: Erroneous Data","E: Erroneous Data","E: Erroneous Data","E: Erroneous Data","E: Uncertainty","E: Erroneous Data","E: Erroneous Data","E: Uncertainty","E: Uncertainty","E: Uncertainty","E: Uncertainty","E: Erroneous Data","E: Erroneous Data","E: Erroneous Data","E: Erroneous Data","E: Erroneous Data","E: Erroneous Data","E: Erroneous Data"
"2023-06-16 19:00:00","PM10",NA,619.2177,0,437.9595,0,123.7744,449.0785,20.6561,NA,0.7433,4.5139,336.726,0,NA,5.4171,16.1112,0,0,0,0,4.7635,1.5382,0,0,0,9.0855,NA,NA,0,0,NA,NA,NA,0,0,0,0,0,2.604,0,"E: Uncertainty",NA,NA,NA,NA,NA,NA,NA,"E: Uncertainty",NA,NA,NA,NA,"E: Uncertainty",NA,NA,NA,NA,NA,NA,NA,NA,NA,NA,NA,NA,"E: Uncertainty","E: Uncertainty",NA,NA,"E: Uncertainty","E: Uncertainty","E: Uncertainty",NA,NA,NA,NA,NA,NA,NA
"2023-06-16 20:00:00","PM2.5",0,169.8424,0,286.6006,0,74.8982,160.7324,7.6789,0,NA,1.159,152.7994,0,NA,2.8236,9.6878,0,0,0.614,NA,4.7965,NA,0,0,0,11.7187,0,NA,NA,0,NA,NA,NA,0,0,0,0,0,0.9733,0,NA,NA,NA,NA,NA,NA,NA,NA,NA,"E: Uncertainty",NA,NA,NA,"E: Uncertainty",NA,NA,NA,NA,NA,"E: Uncertainty",NA,"E: Uncertainty",NA,NA,NA,NA,NA,"E: Uncertainty","E: Uncertainty",NA,"E: Uncertainty","E: Uncertainty","E: Uncertainty",NA,NA,NA,NA,NA,NA,NA
"2023-06-16 21:00:00","PM10",NA,979.1587,0,399.1658,0,290.3695,521.2151,22.7915,NA,0.6393,5.6693,386.1909,0,NA,10.9593,16.7544,0,0,0,NA,5.2874,6.6507,0,0,0,NA,0,0,0,NA,NA,NA,3.7576,0,0,0,0,0,1.6888,NA,"E: Uncertainty",NA,NA,NA,NA,NA,NA,NA,"E: Uncertainty",NA,NA,NA,NA,"E: Uncertainty",NA,NA,NA,NA,NA,"E: Uncertainty",NA,NA,NA,NA,NA,"E: Uncertainty",NA,NA,NA,"E: Uncertainty","E: Uncertainty","E: Uncertainty",NA,NA,NA,NA,NA,NA,NA,"E: Uncertainty"
"2023-06-16 22:00:00","PM2.5",NA,NA,NA,NA,NA,NA,NA,NA,NA,NA,NA,NA,NA,NA,NA,NA,NA,NA,NA,NA,NA,NA,NA,NA,NA,NA,NA,NA,NA,NA,NA,NA,NA,NA,NA,NA,NA,NA,NA,NA,"E: Erroneous Data","E: Uncertainty","E: Erroneous Data","E: Erroneous Data","E: Erroneous Data","E: Erroneous Data","E: Erroneous Data","E: Erroneous Data","E: Uncertainty","E: Uncertainty","E: Erroneous Data","E: Erroneous Data","E: Erroneous Data","E: Uncertainty","E: Erroneous Data","E: Erroneous Data","E: Erroneous Data","E: Erroneous Data","E: Erroneous Data","E: Uncertainty","E: Erroneous Data","E: Uncertainty","E: Erroneous Data","E: Erroneous Data","E: Erroneous Data","E: Erroneous Data","E: Uncertainty","E: Erroneous Data","E: Erroneous Data","E: Uncertainty","E: Uncertainty","E: Erroneous Data","E: Uncertainty","E: Erroneous Data","E: Erroneous Data","E: Erroneous Data","E: Erroneous Data","E: Erroneous Data","E: Erroneous Data","E: Erroneous Data"
"2023-06-16 23:00:00","PM10",NA,NA,NA,NA,NA,NA,NA,NA,NA,NA,NA,NA,NA,NA,NA,NA,NA,NA,NA,NA,NA,NA,NA,NA,NA,NA,NA,NA,NA,NA,NA,NA,NA,NA,NA,NA,NA,NA,NA,NA,"E: Erroneous Data","E: Erroneous Data","E: Erroneous Data","E: Erroneous Data","E: Erroneous Data","E: Erroneous Data","E: Erroneous Data","E: Erroneous Data","E: Uncertainty","E: Uncertainty","E: Erroneous Data","E: Erroneous Data","E: Erroneous Data","E: Uncertainty","E: Erroneous Data","E: Erroneous Data","E: Erroneous Data","E: Uncertainty","E: Erroneous Data","E: Uncertainty","E: Erroneous Data","E: Uncertainty","E: Erroneous Data","E: Uncertainty","E: Erroneous Data","E: Erroneous Data","E: Erroneous Data","E: Uncertainty","E: Uncertainty","E: Uncertainty","E: Uncertainty","E: Uncertainty","E: Uncertainty","E: Erroneous Data","E: Erroneous Data","E: Erroneous Data","E: Erroneous Data","E: Erroneous Data","E: Erroneous Data","E: Erroneous Data"
"2023-06-17 00:30:00","PM2.5",NA,0,0,385.8391,0,61.8595,105.6982,3.9036,0,NA,0,132.813,0,NA,3.2131,45.181,0,0,0,NA,4.7979,NA,0,0,0,0,0,0,0,0,NA,NA,5.6488,0,0,0,0,0,NA,0,"E: Uncertainty",NA,NA,NA,NA,NA,NA,NA,NA,"E: Uncertainty",NA,NA,NA,"E: Uncertainty",NA,NA,NA,NA,NA,"E: Uncertainty",NA,"E: Uncertainty",NA,NA,NA,NA,NA,NA,NA,NA,"E: Uncertainty","E: Uncertainty",NA,NA,NA,NA,NA,NA,"E: Uncertainty",NA
"2023-06-17 01:00:00","PM10",NA,NA,NA,NA,NA,NA,NA,NA,NA,NA,NA,NA,NA,NA,NA,NA,NA,NA,NA,NA,NA,NA,NA,NA,NA,NA,NA,NA,NA,NA,NA,NA,NA,NA,NA,NA,NA,NA,NA,NA,"E: Erroneous Data","E: Erroneous Data","E: Erroneous Data","E: Erroneous Data","E: Erroneous Data","E: Erroneous Data","E: Erroneous Data","E: Erroneous Data","E: Erroneous Data","E: Uncertainty","E: Erroneous Data","E: Erroneous Data","E: Erroneous Data","E: Uncertainty","E: Erroneous Data","E: Erroneous Data","E: Erroneous Data","E: Erroneous Data","E: Uncertainty","E: Uncertainty","E: Erroneous Data","E: Uncertainty","E: Erroneous Data","E: Erroneous Data","E: Erroneous Data","E: Erroneous Data","E: Erroneous Data","E: Erroneous Data","E: Erroneous Data","E: Erroneous Data","E: Erroneous Data","E: Uncertainty","E: Uncertainty","E: Erroneous Data","E: Erroneous Data","E: Erroneous Data","E: Erroneous Data","E: Erroneous Data","E: Erroneous Data","E: Erroneous Data"
"2023-06-17 02:00:00","PM2.5",NA,NA,NA,NA,NA,NA,NA,NA,NA,NA,NA,NA,NA,NA,NA,NA,NA,NA,NA,NA,NA,NA,NA,NA,NA,NA,NA,NA,NA,NA,NA,NA,NA,NA,NA,NA,NA,NA,NA,NA,"E: Uncertainty","E: Erroneous Data","E: Erroneous Data","E: Erroneous Data","E: Erroneous Data","E: Erroneous Data","E: Erroneous Data","E: Erroneous Data","E: Uncertainty","E: Uncertainty","E: Uncertainty","E: Erroneous Data","E: Uncertainty","E: Erroneous Data","E: Erroneous Data","E: Erroneous Data","E: Erroneous Data","E: Erroneous Data","E: Erroneous Data","E: Uncertainty","E: Erroneous Data","E: Uncertainty","E: Erroneous Data","E: Erroneous Data","E: Erroneous Data","E: Erroneous Data","E: Erroneous Data","E: Erroneous Data","E: Erroneous Data","E: Uncertainty","E: Uncertainty","E: Erroneous Data","E: Uncertainty","E: Erroneous Data","E: Erroneous Data","E: Erroneous Data","E: Erroneous Data","E: Erroneous Data","E: Erroneous Data","E: Erroneous Data"
"2023-06-17 03:00:00","PM10",NA,NA,NA,NA,NA,NA,NA,NA,NA,NA,NA,NA,NA,NA,NA,NA,NA,NA,NA,NA,NA,NA,NA,NA,NA,NA,NA,NA,NA,NA,NA,NA,NA,NA,NA,NA,NA,NA,NA,NA,"E: Erroneous Data","E: Erroneous Data","E: Erroneous Data","E: Erroneous Data","E: Erroneous Data","E: Erroneous Data","E: Erroneous Data","E: Erroneous Data","E: Uncertainty","E: Uncertainty","E: Erroneous Data","E: Erroneous Data","E: Uncertainty","E: Uncertainty","E: Erroneous Data","E: Erroneous Data","E: Erroneous Data","E: Erroneous Data","E: Uncertainty","E: Erroneous Data","E: Erroneous Data","E: Uncertainty","E: Erroneous Data","E: Erroneous Data","E: Erroneous Data","E: Erroneous Data","E: Erroneous Data","E: Erroneous Data","E: Erroneous Data","E: Uncertainty","E: Uncertainty","E: Uncertainty","E: Uncertainty","E: Erroneous Data","E: Erroneous Data","E: Erroneous Data","E: Erroneous Data","E: Erroneous Data","E: Erroneous Data","E: Erroneous Data"
"2023-06-17 04:00:00","PM2.5",NA,NA,NA,NA,NA,NA,NA,NA,NA,NA,NA,NA,NA,NA,NA,NA,NA,NA,NA,NA,NA,NA,NA,NA,NA,NA,NA,NA,NA,NA,NA,NA,NA,NA,NA,NA,NA,NA,NA,NA,"E: Uncertainty","E: Uncertainty","E: Erroneous Data","E: Erroneous Data","E: Erroneous Data","E: Erroneous Data","E: Erroneous Data","E: Erroneous Data","E: Uncertainty","E: Uncertainty","E: Uncertainty","E: Erroneous Data","E: Erroneous Data","E: Uncertainty","E: Erroneous Data","E: Erroneous Data","E: Erroneous Data","E: Erroneous Data","E: Uncertainty","E: Uncertainty","E: Erroneous Data","E: Uncertainty","E: Erroneous Data","E: Erroneous Data","E: Erroneous Data","E: Uncertainty","E: Uncertainty","E: Erroneous Data","E: Erroneous Data","E: Uncertainty","E: Uncertainty","E: Uncertainty","E: Uncertainty","E: Erroneous Data","E: Erroneous Data","E: Erroneous Data","E: Erroneous Data","E: Erroneous Data","E: Erroneous Data","E: Erroneous Data"
"2023-06-17 05:00:00","PM10",NA,337.8687,0,508.8354,0,123.2542,231.7338,9.9189,0.9728,NA,4.0288,246.4201,NA,NA,5.0717,16.1892,0,0,0.6602,NA,5.8164,NA,0,0,0,11.2027,NA,NA,0,0,NA,0,NA,0,0.0112,0,0,0,2.1575,0,"E: Uncertainty",NA,NA,NA,NA,NA,NA,NA,NA,"E: Uncertainty",NA,NA,"E: Uncertainty","E: Uncertainty",NA,NA,NA,NA,NA,"E: Uncertainty",NA,"E: Uncertainty",NA,NA,NA,NA,"E: Uncertainty","E: Uncertainty",NA,NA,"E: Uncertainty",NA,"E: Uncertainty",NA,NA,NA,NA,NA,NA,NA
"2023-06-17 06:00:00","PM2.5",NA,NA,NA,NA,NA,NA,NA,NA,NA,NA,NA,NA,NA,NA,NA,NA,NA,NA,NA,NA,NA,NA,NA,NA,NA,NA,NA,NA,NA,NA,NA,NA,NA,NA,NA,NA,NA,NA,NA,NA,"E: Erroneous Data","E: Uncertainty","E: Erroneous Data","E: Erroneous Data","E: Erroneous Data","E: Erroneous Data","E: Erroneous Data","E: Erroneous Data","E: Uncertainty","E: Uncertainty","E: Erroneous Data","E: Erroneous Data","E: Erroneous Data","E: Erroneous Data","E: Erroneous Data","E: Erroneous Data","E: Erroneous Data","E: Erroneous Data","E: Erroneous Data","E: Uncertainty","E: Erroneous Data","E: Uncertainty","E: Erroneous Data","E: Uncertainty","E: Erroneous Data","E: Uncertainty","E: Erroneous Data","E: Uncertainty","E: Erroneous Data","E: Erroneous Data","E: Uncertainty","E: Uncertainty","E: Uncertainty","E: Erroneous Data","E: Erroneous Data","E: Erroneous Data","E: Erroneous Data","E: Erroneous Data","E: Erroneous Data","E: Erroneous Data"
"2023-06-17 07:00:00","PM10",NA,NA,NA,NA,NA,NA,NA,NA,NA,NA,NA,NA,NA,NA,NA,NA,NA,NA,NA,NA,NA,NA,NA,NA,NA,NA,NA,NA,NA,NA,NA,NA,NA,NA,NA,NA,NA,NA,NA,NA,"E: Erroneous Data","E: Erroneous Data","E: Erroneous Data","E: Erroneous Data","E: Erroneous Data","E: Erroneous Data","E: Erroneous Data","E: Erroneous Data","E: Erroneous Data","E: Erroneous Data","E: Erroneous Data","E: Erroneous Data","E: Erroneous Data","E: Uncertainty","E: Erroneous Data","E: Erroneous Data","E: Erroneous Data","E: Erroneous Data","E: Erroneous Data","E: Uncertainty","E: Erroneous Data","E: Uncertainty","E: Erroneous Data","E: Erroneous Data","E: Erroneous Data","E: Erroneous Data","E: Erroneous Data","E: Erroneous Data","E: Erroneous Data","E: Uncertainty","E: Uncertainty","E: Erroneous Data","E: Uncertainty","E: Erroneous Data","E: Erroneous Data","E: Erroneous Data","E: Erroneous Data","E: Erroneous Data","E: Erroneous Data","E: Erroneous Data"
"2023-06-17 08:00:00","PM2.5",NA,NA,NA,NA,NA,NA,NA,NA,NA,NA,NA,NA,NA,NA,NA,NA,NA,NA,NA,NA,NA,NA,NA,NA,NA,NA,NA,NA,NA,NA,NA,NA,NA,NA,NA,NA,NA,NA,NA,NA,"E: Erroneous Data","E: Uncertainty","E: Erroneous Data","E: Erroneous Data","E: Erroneous Data","E: Erroneous Data","E: Erroneous Data","E: Erroneous Data","E: Erroneous Data","E: Uncertainty","E: Erroneous Data","E: Erroneous Data","E: Erroneous Data","E: Uncertainty","E: Erroneous Data","E: Erroneous Data","E: Erroneous Data","E: Erroneous Data","E: Erroneous Data","E: Uncertainty","E: Erroneous Data","E: Uncertainty","E: Erroneous Data","E: Erroneous Data","E: Erroneous Data","E: Erroneous Data","E: Erroneous Data","E: Erroneous Data","E: Erroneous Data","E: Uncertainty","E: Uncertainty","E: Uncertainty","E: Uncertainty","E: Erroneous Data","E: Erroneous Data","E: Erroneous Data","E: Erroneous Data","E: Erroneous Data","E: Erroneous Data","E: Erroneous Data"
"2023-06-17 09:00:00","PM10",NA,445.5955,0,661.2943,0,131.8448,381.1191,18.8175,1.0379,1.2134,3.8253,415.1264,0,0.7088,9.2389,21.6911,0,0,0.8579,NA,5.8946,NA,0,2.2631,0,19.2411,NA,0,0,NA,0,NA,4.2959,0,0,0,NA,0,2.7893,0,"E: Uncertainty",NA,NA,NA,NA,NA,NA,NA,NA,NA,NA,NA,NA,NA,NA,NA,NA,NA,NA,"E: Uncertainty",NA,"E: Uncertainty",NA,NA,NA,NA,"E: Uncertainty",NA,NA,"E: Uncertainty",NA,"E: Uncertainty",NA,NA,NA,NA,"E: Uncertainty",NA,NA,NA
"2023-06-17 10:00:00","PM2.5",NA,NA,NA,NA,NA,NA,NA,NA,NA,NA,NA,NA,NA,NA,NA,NA,NA,NA,NA,NA,NA,NA,NA,NA,NA,NA,NA,NA,NA,NA,NA,NA,NA,NA,NA,NA,NA,NA,NA,NA,"E: Erroneous Data","E: Erroneous Data","E: Erroneous Data","E: Erroneous Data","E: Erroneous Data","E: Erroneous Data","E: Erroneous Data","E: Erroneous Data","E: Erroneous Data","E: Uncertainty","E: Erroneous Data","E: Erroneous Data","E: Uncertainty","E: Uncertainty","E: Erroneous Data","E: Erroneous Data","E: Erroneous Data","E: Erroneous Data","E: Erroneous Data","E: Uncertainty","E: Erroneous Data","E: Uncertainty","E: Erroneous Data","E: Erroneous Data","E: Erroneous Data","E: Erroneous Data","E: Uncertainty","E: Uncertainty","E: Erroneous Data","E: Uncertainty","E: Uncertainty","E: Erroneous Data","E: Uncertainty","E: Erroneous Data","E: Erroneous Data","E: Erroneous Data","E: Erroneous Data","E: Erroneous Data","E: Erroneous Data","E: Erroneous Data"
"2023-06-17 11:00:00","PM10",NA,NA,NA,NA,NA,NA,NA,NA,NA,NA,NA,NA,NA,NA,NA,NA,NA,NA,NA,NA,NA,NA,NA,NA,NA,NA,NA,NA,NA,NA,NA,NA,NA,NA,NA,NA,NA,NA,NA,NA,"E: Erroneous Data","E: Erroneous Data","E: Erroneous Data","E: Erroneous Data","E: Erroneous Data","E: Erroneous Data","E: Erroneous Data","E: Erroneous Data","E: Erroneous Data","E: Uncertainty","E: Erroneous Data","E: Erroneous Data","E: Uncertainty","E: Erroneous Data","E: Erroneous Data","E: Erroneous Data","E: Erroneous Data","E: Erroneous Data","E: Erroneous Data","E: Uncertainty","E: Erroneous Data","E: Uncertainty","E: Erroneous Data","E: Erroneous Data","E: Erroneous Data","E: Erroneous Data","E: Uncertainty","E: Uncertainty","E: Erroneous Data","E: Uncertainty","E: Erroneous Data","E: Uncertainty","E: Uncertainty","E: Erroneous Data","E: Erroneous Data","E: Erroneous Data","E: Erroneous Data","E: Erroneous Data","E: Erroneous Data","E: Erroneous Data"
"2023-06-17 12:00:00","PM2.5",NA,NA,NA,NA,NA,NA,NA,NA,NA,NA,NA,NA,NA,NA,NA,NA,NA,NA,NA,NA,NA,NA,NA,NA,NA,NA,NA,NA,NA,NA,NA,NA,NA,NA,NA,NA,NA,NA,NA,NA,"E: Erroneous Data","E: Uncertainty","E: Erroneous Data","E: Erroneous Data","E: Erroneous Data","E: Erroneous Data","E: Erroneous Data","E: Erroneous Data","E: Uncertainty","E: Uncertainty","E: Erroneous Data","E: Erroneous Data","E: Uncertainty","E: Uncertainty","E: Erroneous Data","E: Erroneous Data","E: Erroneous Data","E: Erroneous Data","E: Uncertainty","E: Uncertainty","E: Erroneous Data","E: Uncertainty","E: Erroneous Data","E: Erroneous Data","E: Erroneous Data","E: Erroneous Data","E: Erroneous Data","E: Uncertainty","E: Erroneous Data","E: Erroneous Data","E: Erroneous Data","E: Uncertainty","E: Uncertainty","E: Erroneous Data","E: Erroneous Data","E: Erroneous Data","E: Uncertainty","E: Erroneous Data","E: Erroneous Data","E: Erroneous Data"
"2023-06-17 13:00:00","PM10",NA,591.4885,0,471.9945,0,134.7953,402.637,13.6766,NA,0.6365,4.2245,290.4268,0,NA,4.5092,11.8815,0,0,NA,0,4.9559,NA,0,NA,0,13.3882,0,NA,0,NA,NA,NA,NA,0,0,0,0,0,7.8652,0,"E: Uncertainty",NA,NA,NA,NA,NA,NA,NA,"E: Uncertainty",NA,NA,NA,NA,"E: Uncertainty",NA,NA,NA,NA,"E: Uncertainty",NA,NA,"E: Uncertainty",NA,"E: Uncertainty",NA,NA,NA,"E: Uncertainty",NA,"E: Uncertainty","E: Uncertainty","E: Uncertainty","E: Uncertainty",NA,NA,NA,NA,NA,NA,NA
"2023-06-17 14:00:00","PM2.5",NA,NA,0,352.0431,0,58.9692,80.1799,4.0805,0,NA,NA,99.1633,0,NA,1.7052,13.7377,0,0,NA,0,4.6929,NA,0,0,0,12.349,NA,NA,0,0,NA,NA,0,0,0,0,0,0,3.7628,0,"E: Uncertainty","E: Uncertainty",NA,NA,NA,NA,NA,NA,NA,"E: Uncertainty","E: Uncertainty",NA,NA,"E: Uncertainty",NA,NA,NA,NA,"E: Uncertainty",NA,NA,"E: Uncertainty",NA,NA,NA,NA,"E: Uncertainty","E: Uncertainty",NA,NA,"E: Uncertainty","E: Uncertainty",NA,NA,NA,NA,NA,NA,NA,NA
"2023-06-17 15:00:00","PM10",NA,458.1326,0,364.3229,0,102.737,285.7539,11.4729,NA,0.5763,2.1159,217.8937,0,NA,3.5092,15.6087,0,0,0,NA,4.63,1.6779,0,0,0,10.8669,NA,0,0,0,0,NA,NA,0,0,0,NA,0,2.7455,0,"E: Uncertainty",NA,NA,NA,NA,NA,NA,NA,"E: Uncertainty",NA,NA,NA,NA,"E: Uncertainty",NA,NA,NA,NA,NA,"E: Uncertainty",NA,NA,NA,NA,NA,NA,"E: Uncertainty",NA,NA,NA,NA,"E: Uncertainty","E: Uncertainty",NA,NA,NA,"E: Uncertainty",NA,NA,NA
"2023-06-17 16:00:00","PM2.5",0,NA,0,424.5241,0,66.6721,86.465,4.9907,NA,NA,NA,116.945,0,0,1.9379,9.2429,0,0,0,NA,5.8804,NA,0,0,0,12.5998,0,NA,0,0,0,NA,0,0,0,0,0,0,1.9428,0,NA,"E: Uncertainty",NA,NA,NA,NA,NA,NA,"E: Uncertainty","E: Uncertainty","E: Uncertainty",NA,NA,NA,NA,NA,NA,NA,NA,"E: Uncertainty",NA,"E: Uncertainty",NA,NA,NA,NA,NA,"E: Uncertainty",NA,NA,NA,"E: Uncertainty",NA,NA,NA,NA,NA,NA,NA,NA
"2023-06-17 17:00:00","PM10",NA,510.8555,0,413.1013,0,112.4204,317.5826,14.9805,NA,NA,2.7423,251.851,0,NA,4.2242,13.4581,0,0,0,NA,6.1362,NA,0,0,0,NA,NA,NA,0,NA,0,NA,0,0,0,0,0,0,1.8105,0,"E: Uncertainty",NA,NA,NA,NA,NA,NA,NA,"E: Uncertainty","E: Uncertainty",NA,NA,NA,"E: Uncertainty",NA,NA,NA,NA,NA,"E: Uncertainty",NA,"E: Uncertainty",NA,NA,NA,"E: Uncertainty","E: Uncertainty","E: Uncertainty",NA,"E: Uncertainty",NA,"E: Uncertainty",NA,NA,NA,NA,NA,NA,NA,NA
"2023-06-17 18:00:00","PM2.5",NA,NA,0,464.8848,0,69.1337,85.3812,4.2649,NA,NA,0.8276,134.2632,0,NA,2.4648,11.7805,0,0,NA,0.4182,6.0192,1.6209,0,0,0,14.4051,NA,0,0,NA,NA,NA,NA,0,0,0,0,0,1.7178,0,"E: Uncertainty","E: Uncertainty",NA,NA,NA,NA,NA,NA,"E: Uncertainty","E: Uncertainty",NA,NA,NA,"E: Uncertainty",NA,NA,NA,NA,"E: Uncertainty",NA,NA,NA,NA,NA,NA,NA,"E: Uncertainty",NA,NA,"E: Uncertainty","E: Uncertainty","E: Uncertainty","E: Uncertainty",NA,NA,NA,NA,NA,NA,NA
"2023-06-17 19:00:00","PM10",NA,848.4448,0,628.6463,0,169.6658,405.7508,18.502,1.1621,0.8234,4.2806,355.3957,0,0.5239,5.2932,18.422,0,0,0.849,NA,6.4346,NA,0,0,0,NA,0,0,0,0,0,NA,3.2876,0,0,0,0,0,2.853,0,"E: Uncertainty",NA,NA,NA,NA,NA,NA,NA,NA,NA,NA,NA,NA,NA,NA,NA,NA,NA,NA,"E: Uncertainty",NA,"E: Uncertainty",NA,NA,NA,"E: Uncertainty",NA,NA,NA,NA,NA,"E: Uncertainty",NA,NA,NA,NA,NA,NA,NA,NA
"2023-06-17 20:00:00","PM2.5",NA,NA,0,628.0024,0,93.8999,95.5263,4.9327,0.8041,NA,0.7948,136.39,0,0.6521,2.7238,13.9033,0,0,0,0.5188,6.162,NA,0,NA,0,24.7084,0,0,0,NA,0,0,NA,0,0,0,0,0,2.7516,0,"E: Uncertainty","E: Uncertainty",NA,NA,NA,NA,NA,NA,NA,"E: Uncertainty",NA,NA,NA,NA,NA,NA,NA,NA,NA,NA,NA,"E: Uncertainty",NA,"E: Uncertainty",NA,NA,NA,NA,NA,"E: Uncertainty",NA,NA,"E: Uncertainty",NA,NA,NA,NA,NA,NA,NA
"2023-06-17 21:00:00","PM10",NA,569.3088,0,576.5928,0,178.017,391.8844,15.9378,1.0873,NA,3.707,299.8,0,NA,4.9213,14.7646,0,0,0.9659,NA,5.4735,1.609,NA,0,0,20.0358,0,0,0,NA,NA,NA,NA,0,0,0,0,0,2.3179,0,"E: Uncertainty",NA,NA,NA,NA,NA,NA,NA,NA,"E: Uncertainty",NA,NA,NA,"E: Uncertainty",NA,NA,NA,NA,NA,"E: Uncertainty",NA,NA,"E: Uncertainty",NA,NA,NA,NA,NA,NA,"E: Uncertainty","E: Uncertainty","E: Uncertainty","E: Uncertainty",NA,NA,NA,NA,NA,NA,NA
"2023-06-17 22:00:00","PM2.5",NA,NA,NA,NA,NA,NA,NA,NA,NA,NA,NA,NA,NA,NA,NA,NA,NA,NA,NA,NA,NA,NA,NA,NA,NA,NA,NA,NA,NA,NA,NA,NA,NA,NA,NA,NA,NA,NA,NA,NA,"E: Erroneous Data","E: Uncertainty","E: Erroneous Data","E: Erroneous Data","E: Erroneous Data","E: Erroneous Data","E: Erroneous Data","E: Erroneous Data","E: Uncertainty","E: Uncertainty","E: Erroneous Data","E: Erroneous Data","E: Erroneous Data","E: Erroneous Data","E: Erroneous Data","E: Erroneous Data","E: Erroneous Data","E: Erroneous Data","E: Erroneous Data","E: Uncertainty","E: Erroneous Data","E: Erroneous Data","E: Erroneous Data","E: Erroneous Data","E: Uncertainty","E: Uncertainty","E: Uncertainty","E: Uncertainty","E: Erroneous Data","E: Erroneous Data","E: Uncertainty","E: Uncertainty","E: Uncertainty","E: Erroneous Data","E: Erroneous Data","E: Erroneous Data","E: Erroneous Data","E: Erroneous Data","E: Erroneous Data","E: Erroneous Data"
"2023-06-17 23:00:00","PM10",NA,NA,NA,NA,NA,NA,NA,NA,NA,NA,NA,NA,NA,NA,NA,NA,NA,NA,NA,NA,NA,NA,NA,NA,NA,NA,NA,NA,NA,NA,NA,NA,NA,NA,NA,NA,NA,NA,NA,NA,"E: Erroneous Data","E: Erroneous Data","E: Erroneous Data","E: Erroneous Data","E: Erroneous Data","E: Erroneous Data","E: Erroneous Data","E: Erroneous Data","E: Uncertainty","E: Uncertainty","E: Erroneous Data","E: Erroneous Data","E: Erroneous Data","E: Uncertainty","E: Erroneous Data","E: Erroneous Data","E: Erroneous Data","E: Erroneous Data","E: Erroneous Data","E: Uncertainty","E: Erroneous Data","E: Uncertainty","E: Erroneous Data","E: Erroneous Data","E: Erroneous Data","E: Erroneous Data","E: Erroneous Data","E: Erroneous Data","E: Erroneous Data","E: Uncertainty","E: Uncertainty","E: Uncertainty","E: Erroneous Data","E: Erroneous Data","E: Erroneous Data","E: Erroneous Data","E: Erroneous Data","E: Erroneous Data","E: Erroneous Data","E: Erroneous Data"
"2023-06-18 00:30:00","PM2.5",0,3.2816,0,577.8744,0,92.136,92.8248,5.2212,NA,NA,NA,163.3892,NA,NA,2.7381,23.7651,0,0,NA,NA,5.5699,NA,0,0,0,21.2889,NA,0,0,NA,0,0,NA,0,0,0,0,0,1.8874,0,NA,NA,NA,NA,NA,NA,NA,NA,"E: Uncertainty","E: Uncertainty","E: Uncertainty",NA,"E: Uncertainty","E: Uncertainty",NA,NA,NA,NA,"E: Uncertainty","E: Uncertainty",NA,"E: Uncertainty",NA,NA,NA,NA,"E: Uncertainty",NA,NA,"E: Uncertainty",NA,NA,"E: Uncertainty",NA,NA,NA,NA,NA,NA,NA
"2023-06-18 01:00:00","PM10",NA,537.3258,0,575.4424,0,131.8639,311.9858,13.0309,0.9254,0.7969,4.8322,300.2984,NA,0.6758,5.0786,22.58,0,0,0.4379,NA,6.2687,NA,0,0,0,14.082,NA,0,0,0,0,NA,NA,0,0,0,0,0,2.8361,0,"E: Uncertainty",NA,NA,NA,NA,NA,NA,NA,NA,NA,NA,NA,"E: Uncertainty",NA,NA,NA,NA,NA,NA,"E: Uncertainty",NA,"E: Uncertainty",NA,NA,NA,NA,"E: Uncertainty",NA,NA,NA,NA,"E: Uncertainty","E: Uncertainty",NA,NA,NA,NA,NA,NA,NA
"2023-06-18 02:00:00","PM2.5",NA,NA,0,570.6728,0,79.2749,77.06,3.7997,1.3849,NA,1.4508,108.5375,0,NA,2.4037,10.9043,0,0,NA,NA,6.2449,NA,0,0,0,25.5223,NA,NA,0,NA,0,NA,0,0,0,0,0,0,2.5608,0,"E: Uncertainty","E: Uncertainty",NA,NA,NA,NA,NA,NA,NA,"E: Uncertainty",NA,NA,NA,"E: Uncertainty",NA,NA,NA,NA,"E: Uncertainty","E: Uncertainty",NA,"E: Uncertainty",NA,NA,NA,NA,"E: Uncertainty","E: Uncertainty",NA,"E: Uncertainty",NA,"E: Uncertainty",NA,NA,NA,NA,NA,NA,NA,NA
"2023-06-18 03:00:00","PM10",NA,370.5568,0,641.9559,0,128.6393,282.5665,12.2356,NA,0.6872,3.5095,239.0497,NA,0.5512,3.8522,19.3741,0,0,NA,0.4338,5.6978,NA,0,0,0,9.2006,NA,NA,0,0,0,NA,NA,0,0,0,0,0,2.7135,0,"E: Uncertainty",NA,NA,NA,NA,NA,NA,NA,"E: Uncertainty",NA,NA,NA,"E: Uncertainty",NA,NA,NA,NA,NA,"E: Uncertainty",NA,NA,"E: Uncertainty",NA,NA,NA,NA,"E: Uncertainty","E: Uncertainty",NA,NA,NA,"E: Uncertainty","E: Uncertainty",NA,NA,NA,NA,NA,NA,NA
"2023-06-18 04:00:00","PM2.5",NA,NA,0,592.387,0,74.6338,74.4978,3.2791,NA,NA,NA,108.8021,0,NA,2.3263,9.696,0,0,1.1139,NA,4.7526,NA,0,0,0,NA,0,NA,NA,0,0,0,0,0,0,0,0,0,NA,0,"E: Uncertainty","E: Uncertainty",NA,NA,NA,NA,NA,NA,"E: Uncertainty","E: Uncertainty","E: Uncertainty",NA,NA,"E: Uncertainty",NA,NA,NA,NA,NA,"E: Uncertainty",NA,"E: Uncertainty",NA,NA,NA,"E: Uncertainty",NA,"E: Uncertainty","E: Uncertainty",NA,NA,NA,NA,NA,NA,NA,NA,NA,"E: Uncertainty",NA
"2023-06-18 05:00:00","PM10",NA,465.6654,0,564.0963,0,132.6041,282.3377,10.4461,NA,0.6392,3.0125,230.5033,0,0,2.8517,10.5126,0,0,0.4046,0.5778,5.9245,NA,0,0,0,NA,NA,NA,0,NA,NA,NA,NA,0,0,0,0,0,1.5848,0,"E: Uncertainty",NA,NA,NA,NA,NA,NA,NA,"E: Uncertainty",NA,NA,NA,NA,NA,NA,NA,NA,NA,NA,NA,NA,"E: Uncertainty",NA,NA,NA,"E: Uncertainty","E: Uncertainty","E: Uncertainty",NA,"E: Uncertainty","E: Uncertainty","E: Uncertainty","E: Uncertainty",NA,NA,NA,NA,NA,NA,NA
"2023-06-18 06:00:00","PM2.5",NA,NA,NA,NA,NA,NA,NA,NA,NA,NA,NA,NA,NA,NA,NA,NA,NA,NA,NA,NA,NA,NA,NA,NA,NA,NA,NA,NA,NA,NA,NA,NA,NA,NA,NA,NA,NA,NA,NA,NA,"E: Erroneous Data","E: Uncertainty","E: Erroneous Data","E: Erroneous Data","E: Erroneous Data","E: Erroneous Data","E: Erroneous Data","E: Erroneous Data","E: Erroneous Data","E: Uncertainty","E: Uncertainty","E: Erroneous Data","E: Erroneous Data","E: Erroneous Data","E: Erroneous Data","E: Erroneous Data","E: Erroneous Data","E: Erroneous Data","E: Erroneous Data","E: Erroneous Data","E: Erroneous Data","E: Uncertainty","E: Erroneous Data","E: Erroneous Data","E: Erroneous Data","E: Erroneous Data","E: Erroneous Data","E: Uncertainty","E: Erroneous Data","E: Erroneous Data","E: Uncertainty","E: Erroneous Data","E: Uncertainty","E: Erroneous Data","E: Erroneous Data","E: Erroneous Data","E: Erroneous Data","E: Erroneous Data","E: Erroneous Data","E: Erroneous Data"
"2023-06-18 07:00:00","PM10",NA,NA,NA,NA,NA,NA,NA,NA,NA,NA,NA,NA,NA,NA,NA,NA,NA,NA,NA,NA,NA,NA,NA,NA,NA,NA,NA,NA,NA,NA,NA,NA,NA,NA,NA,NA,NA,NA,NA,NA,"E: Erroneous Data","E: Erroneous Data","E: Erroneous Data","E: Erroneous Data","E: Erroneous Data","E: Erroneous Data","E: Erroneous Data","E: Erroneous Data","E: Erroneous Data","E: Uncertainty","E: Erroneous Data","E: Erroneous Data","E: Erroneous Data","E: Uncertainty","E: Erroneous Data","E: Erroneous Data","E: Erroneous Data","E: Erroneous Data","E: Erroneous Data","E: Erroneous Data","E: Erroneous Data","E: Uncertainty","E: Erroneous Data","E: Uncertainty","E: Erroneous Data","E: Erroneous Data","E: Uncertainty","E: Erroneous Data","E: Erroneous Data","E: Erroneous Data","E: Erroneous Data","E: Erroneous Data","E: Uncertainty","E: Erroneous Data","E: Erroneous Data","E: Erroneous Data","E: Erroneous Data","E: Erroneous Data","E: Erroneous Data","E: Erroneous Data"
"2023-06-18 08:00:00","PM2.5",NA,NA,NA,NA,NA,NA,NA,NA,NA,NA,NA,NA,NA,NA,NA,NA,NA,NA,NA,NA,NA,NA,NA,NA,NA,NA,NA,NA,NA,NA,NA,NA,NA,NA,NA,NA,NA,NA,NA,NA,"E: Erroneous Data","E: Uncertainty","E: Erroneous Data","E: Erroneous Data","E: Erroneous Data","E: Erroneous Data","E: Erroneous Data","E: Erroneous Data","E: Erroneous Data","E: Erroneous Data","E: Uncertainty","E: Erroneous Data","E: Uncertainty","E: Erroneous Data","E: Erroneous Data","E: Erroneous Data","E: Erroneous Data","E: Erroneous Data","E: Erroneous Data","E: Uncertainty","E: Erroneous Data","E: Uncertainty","E: Erroneous Data","E: Erroneous Data","E: Erroneous Data","E: Erroneous Data","E: Uncertainty","E: Uncertainty","E: Erroneous Data","E: Uncertainty","E: Uncertainty","E: Uncertainty","E: Erroneous Data","E: Erroneous Data","E: Erroneous Data","E: Erroneous Data","E: Erroneous Data","E: Erroneous Data","E: Erroneous Data","E: Erroneous Data"
"2023-06-18 09:00:00","PM10",NA,432.195,0,704.6993,0,157.138,345.4065,12.5504,2.2058,0.8211,4.0294,270.6471,0,0.945,4.8454,27.8523,0,0,2.649,NA,7.9605,1.7533,0,0,0,13.2993,0,NA,0,NA,0,NA,NA,0,0,0,0,0,11.0502,0,"E: Uncertainty",NA,NA,NA,NA,NA,NA,NA,NA,NA,NA,NA,NA,NA,NA,NA,NA,NA,NA,"E: Uncertainty",NA,NA,NA,NA,NA,NA,NA,"E: Uncertainty",NA,"E: Uncertainty",NA,"E: Uncertainty","E: Uncertainty",NA,NA,NA,NA,NA,NA,NA
"2023-06-18 10:00:00","PM2.5",NA,NA,NA,NA,NA,NA,NA,NA,NA,NA,NA,NA,NA,NA,NA,NA,NA,NA,NA,NA,NA,NA,NA,NA,NA,NA,NA,NA,NA,NA,NA,NA,NA,NA,NA,NA,NA,NA,NA,NA,"E: Erroneous Data","E: Uncertainty","E: Erroneous Data","E: Erroneous Data","E: Erroneous Data","E: Erroneous Data","E: Erroneous Data","E: Erroneous Data","E: Erroneous Data","E: Uncertainty","E: Uncertainty","E: Erroneous Data","E: Erroneous Data","E: Erroneous Data","E: Erroneous Data","E: Erroneous Data","E: Erroneous Data","E: Erroneous Data","E: Erroneous Data","E: Uncertainty","E: Erroneous Data","E: Uncertainty","E: Erroneous Data","E: Erroneous Data","E: Erroneous Data","E: Erroneous Data","E: Erroneous Data","E: Uncertainty","E: Erroneous Data","E: Erroneous Data","E: Erroneous Data","E: Uncertainty","E: Erroneous Data","E: Erroneous Data","E: Erroneous Data","E: Erroneous Data","E: Erroneous Data","E: Erroneous Data","E: Erroneous Data","E: Erroneous Data"
"2023-06-18 11:00:00","PM10",NA,NA,NA,NA,NA,NA,NA,NA,NA,NA,NA,NA,NA,NA,NA,NA,NA,NA,NA,NA,NA,NA,NA,NA,NA,NA,NA,NA,NA,NA,NA,NA,NA,NA,NA,NA,NA,NA,NA,NA,"E: Erroneous Data","E: Erroneous Data","E: Erroneous Data","E: Erroneous Data","E: Erroneous Data","E: Erroneous Data","E: Erroneous Data","E: Erroneous Data","E: Erroneous Data","E: Uncertainty","E: Erroneous Data","E: Erroneous Data","E: Erroneous Data","E: Uncertainty","E: Erroneous Data","E: Erroneous Data","E: Erroneous Data","E: Erroneous Data","E: Erroneous Data","E: Uncertainty","E: Erroneous Data","E: Uncertainty","E: Erroneous Data","E: Erroneous Data","E: Erroneous Data","E: Uncertainty","E: Uncertainty","E: Uncertainty","E: Erroneous Data","E: Erroneous Data","E: Uncertainty","E: Uncertainty","E: Erroneous Data","E: Erroneous Data","E: Erroneous Data","E: Erroneous Data","E: Erroneous Data","E: Erroneous Data","E: Erroneous Data","E: Erroneous Data"
"2023-06-18 12:00:00","PM2.5",NA,NA,NA,NA,NA,NA,NA,NA,NA,NA,NA,NA,NA,NA,NA,NA,NA,NA,NA,NA,NA,NA,NA,NA,NA,NA,NA,NA,NA,NA,NA,NA,NA,NA,NA,NA,NA,NA,NA,NA,"E: Erroneous Data","E: Erroneous Data","E: Erroneous Data","E: Erroneous Data","E: Erroneous Data","E: Erroneous Data","E: Erroneous Data","E: Erroneous Data","E: Erroneous Data","E: Erroneous Data","E: Uncertainty","E: Erroneous Data","E: Erroneous Data","E: Uncertainty","E: Erroneous Data","E: Erroneous Data","E: Erroneous Data","E: Erroneous Data","E: Erroneous Data","E: Uncertainty","E: Erroneous Data","E: Uncertainty","E: Erroneous Data","E: Uncertainty","E: Erroneous Data","E: Erroneous Data","E: Erroneous Data","E: Uncertainty","E: Erroneous Data","E: Uncertainty","E: Uncertainty","E: Uncertainty","E: Uncertainty","E: Erroneous Data","E: Erroneous Data","E: Erroneous Data","E: Erroneous Data","E: Erroneous Data","E: Erroneous Data","E: Erroneous Data"
"2023-06-18 13:00:00","PM10",NA,NA,0,623.4121,0,98.008,183.9424,7.7098,0.9681,NA,2.0686,184.072,0,0.926,3.4498,20.6338,0,0,0,0.6479,5.1054,NA,0,0,NA,9.2568,NA,NA,0,0.0216,0,NA,NA,0,0,0,0,0,3.6201,0,"E: Uncertainty","E: Uncertainty",NA,NA,NA,NA,NA,NA,NA,"E: Uncertainty",NA,NA,NA,NA,NA,NA,NA,NA,NA,NA,NA,"E: Uncertainty",NA,NA,"E: Uncertainty",NA,"E: Uncertainty","E: Uncertainty",NA,NA,NA,"E: Uncertainty","E: Uncertainty",NA,NA,NA,NA,NA,NA,NA
"2023-06-18 14:00:00","PM2.5",NA,0,0,436.0312,0,47.5414,36.3392,2.4128,0,NA,NA,118.9578,NA,0.0075,3.6852,18.3272,0,0,0.6908,NA,3.5053,NA,0,NA,0,16.1317,NA,0,0,NA,0,0,NA,0,0,0,0,0,1.4018,0,"E: Uncertainty",NA,NA,NA,NA,NA,NA,NA,NA,"E: Uncertainty","E: Uncertainty",NA,"E: Uncertainty",NA,NA,NA,NA,NA,NA,"E: Uncertainty",NA,"E: Uncertainty",NA,"E: Uncertainty",NA,NA,"E: Uncertainty",NA,NA,"E: Uncertainty",NA,NA,"E: Uncertainty",NA,NA,NA,NA,NA,NA,NA
"2023-06-18 15:00:00","PM10",NA,NA,0,289.6213,21.8276,150.2076,163.3094,4.1353,0,0.5927,1.9366,153.7867,0,NA,6.0208,12.711,0,0,0.546,0,3.5857,NA,0,0,0,8.9034,NA,0,0,0,NA,0,NA,0,0,0,0,0,NA,0,"E: Uncertainty","E: Uncertainty",NA,NA,NA,NA,NA,NA,NA,NA,NA,NA,NA,"E: Uncertainty",NA,NA,NA,NA,NA,NA,NA,"E: Uncertainty",NA,NA,NA,NA,"E: Uncertainty",NA,NA,NA,"E: Uncertainty",NA,"E: Uncertainty",NA,NA,NA,NA,NA,"E: Uncertainty",NA
"2023-06-18 16:00:00","PM2.5",0,0,0,211.2227,0,66.0975,49.5146,1.8712,NA,NA,NA,138.2744,NA,0,8.7594,10.7488,0,0,0.7128,0,2.9188,NA,0,0,0,15.5107,NA,NA,0,0,NA,NA,4.2796,0,0,0,0,0,0.9503,0,NA,NA,NA,NA,NA,NA,NA,NA,"E: Uncertainty","E: Uncertainty","E: Uncertainty",NA,"E: Uncertainty",NA,NA,NA,NA,NA,NA,NA,NA,"E: Uncertainty",NA,NA,NA,NA,"E: Uncertainty","E: Uncertainty",NA,NA,"E: Uncertainty","E: Uncertainty",NA,NA,NA,NA,NA,NA,NA,NA
"2023-06-18 17:00:00","PM10",NA,0,0,269.972,8.3845,110.6104,92.5992,2.5487,NA,1.0861,1.6048,373.198,0,0,12.4061,14.519,0,0,1.473,NA,3.0071,NA,0,0,0,NA,0,0,0,0,NA,NA,9.541,0,0,0,0,0,3.0355,0,"E: Uncertainty",NA,NA,NA,NA,NA,NA,NA,"E: Uncertainty",NA,NA,NA,NA,NA,NA,NA,NA,NA,NA,"E: Uncertainty",NA,"E: Uncertainty",NA,NA,NA,"E: Uncertainty",NA,NA,NA,NA,"E: Uncertainty","E: Uncertainty",NA,NA,NA,NA,NA,NA,NA,NA
"2023-06-18 18:00:00","PM2.5",NA,NA,NA,NA,NA,NA,NA,NA,NA,NA,NA,NA,NA,NA,NA,NA,NA,NA,NA,NA,NA,NA,NA,NA,NA,NA,NA,NA,NA,NA,NA,NA,NA,NA,NA,NA,NA,NA,NA,NA,"E: Uncertainty","E: Erroneous Data","E: Erroneous Data","E: Erroneous Data","E: Erroneous Data","E: Erroneous Data","E: Erroneous Data","E: Uncertainty","E: Erroneous Data","E: Erroneous Data","E: Erroneous Data","E: Erroneous Data","E: Erroneous Data","E: Uncertainty","E: Erroneous Data","E: Erroneous Data","E: Erroneous Data","E: Erroneous Data","E: Erroneous Data","E: Uncertainty","E: Erroneous Data","E: Uncertainty","E: Erroneous Data","E: Uncertainty","E: Erroneous Data","E: Erroneous Data","E: Erroneous Data","E: Uncertainty","E: Erroneous Data","E: Erroneous Data","E: Uncertainty","E: Erroneous Data","E: Uncertainty","E: Erroneous Data","E: Erroneous Data","E: Erroneous Data","E: Erroneous Data","E: Erroneous Data","E: Erroneous Data","E: Uncertainty"
"2023-06-18 19:00:00","PM10",NA,NA,NA,NA,NA,NA,NA,NA,NA,NA,NA,NA,NA,NA,NA,NA,NA,NA,NA,NA,NA,NA,NA,NA,NA,NA,NA,NA,NA,NA,NA,NA,NA,NA,NA,NA,NA,NA,NA,NA,"E: Erroneous Data","E: Erroneous Data","E: Erroneous Data","E: Erroneous Data","E: Erroneous Data","E: Erroneous Data","E: Erroneous Data","E: Erroneous Data","E: Uncertainty","E: Uncertainty","E: Erroneous Data","E: Erroneous Data","E: Erroneous Data","E: Uncertainty","E: Erroneous Data","E: Erroneous Data","E: Erroneous Data","E: Erroneous Data","E: Erroneous Data","E: Uncertainty","E: Erroneous Data","E: Uncertainty","E: Erroneous Data","E: Uncertainty","E: Erroneous Data","E: Erroneous Data","E: Erroneous Data","E: Uncertainty","E: Erroneous Data","E: Uncertainty","E: Erroneous Data","E: Uncertainty","E: Erroneous Data","E: Erroneous Data","E: Erroneous Data","E: Erroneous Data","E: Erroneous Data","E: Erroneous Data","E: Erroneous Data","E: Erroneous Data"
"2023-06-18 20:00:00","PM2.5",NA,NA,NA,NA,NA,NA,NA,NA,NA,NA,NA,NA,NA,NA,NA,NA,NA,NA,NA,NA,NA,NA,NA,NA,NA,NA,NA,NA,NA,NA,NA,NA,NA,NA,NA,NA,NA,NA,NA,NA,"E: Uncertainty","E: Erroneous Data","E: Erroneous Data","E: Erroneous Data","E: Erroneous Data","E: Erroneous Data","E: Erroneous Data","E: Erroneous Data","E: Uncertainty","E: Erroneous Data","E: Uncertainty","E: Erroneous Data","E: Erroneous Data","E: Uncertainty","E: Erroneous Data","E: Erroneous Data","E: Erroneous Data","E: Erroneous Data","E: Erroneous Data","E: Erroneous Data","E: Erroneous Data","E: Erroneous Data","E: Erroneous Data","E: Erroneous Data","E: Erroneous Data","E: Erroneous Data","E: Uncertainty","E: Erroneous Data","E: Erroneous Data","E: Uncertainty","E: Erroneous Data","E: Uncertainty","E: Uncertainty","E: Erroneous Data","E: Erroneous Data","E: Erroneous Data","E: Erroneous Data","E: Erroneous Data","E: Erroneous Data","E: Erroneous Data"
"2023-06-18 21:00:00","PM10",NA,0.3923,NA,341.4124,0,121.6176,40.391,NA,0,NA,1.3918,129.1494,0,NA,6.8701,18.5293,0,0,1.9898,NA,6.1565,0,0,0,0,NA,0,0,0,NA,0,NA,3.9349,0,0,0,0,0,5.7227,0,"E: Uncertainty",NA,"E: Uncertainty",NA,NA,NA,NA,"E: Uncertainty",NA,"E: Uncertainty",NA,NA,NA,"E: Uncertainty",NA,NA,NA,NA,NA,"E: Uncertainty",NA,NA,NA,NA,NA,"E: Uncertainty",NA,NA,NA,"E: Uncertainty",NA,"E: Uncertainty",NA,NA,NA,NA,NA,NA,NA,NA
"2023-06-18 22:00:00","PM2.5",NA,0,NA,315.7107,0,208.5771,12.1156,1.7033,0,0,0,48.6521,NA,0,4.4283,22.7419,0,0,1.6794,NA,3.0348,2.4214,0,0,0,13.1802,NA,NA,0,0,0,NA,NA,0,NA,0,0,0,4.5677,0,"E: Uncertainty",NA,"E: Uncertainty",NA,NA,NA,NA,NA,NA,NA,NA,NA,"E: Uncertainty",NA,NA,NA,NA,NA,NA,"E: Uncertainty",NA,NA,NA,NA,NA,NA,"E: Uncertainty","E: Uncertainty",NA,NA,NA,"E: Uncertainty","E: Uncertainty",NA,"E: Uncertainty",NA,NA,NA,NA,NA
"2023-06-18 23:00:00","PM10",NA,0,0,291.2974,0,118.8397,22.0134,NA,NA,0,NA,75.1963,NA,NA,2.6366,10.2518,0,0,1.0645,NA,3.1045,NA,0,NA,NA,17.9312,0,NA,NA,0,NA,NA,0,0,NA,0,0,0,3.494,0,"E: Uncertainty",NA,NA,NA,NA,NA,NA,"E: Uncertainty","E: Uncertainty",NA,"E: Uncertainty",NA,"E: Uncertainty","E: Uncertainty",NA,NA,NA,NA,NA,"E: Uncertainty",NA,"E: Uncertainty",NA,"E: Uncertainty","E: Uncertainty",NA,NA,"E: Uncertainty","E: Uncertainty",NA,"E: Uncertainty","E: Uncertainty",NA,NA,"E: Uncertainty",NA,NA,NA,NA,NA
"2023-06-19 00:30:00","PM2.5",0,0,0,304.8404,0,47.6269,4.9841,0,NA,0,0,33.2479,NA,NA,1.3521,15.4728,0,0,0,NA,1.8414,NA,0,0,0,37.0717,NA,NA,0,0,0,NA,NA,0,0,0,0,0,1.6453,0,NA,NA,NA,NA,NA,NA,NA,NA,"E: Uncertainty",NA,NA,NA,"E: Uncertainty","E: Uncertainty",NA,NA,NA,NA,NA,"E: Uncertainty",NA,"E: Uncertainty",NA,NA,NA,NA,"E: Uncertainty","E: Uncertainty",NA,NA,NA,"E: Uncertainty","E: Uncertainty",NA,NA,NA,NA,NA,NA,NA
"2023-06-19 01:00:00","PM10",NA,0,NA,293.825,0,93.5658,11.3174,NA,NA,NA,0,34.9784,NA,0,0.8283,8.0135,0,0,0,NA,3.0141,NA,0,0,0,20.8256,0,0,0,NA,0,NA,NA,0,0,0,0,0,2.5768,0,"E: Uncertainty",NA,"E: Uncertainty",NA,NA,NA,NA,"E: Uncertainty","E: Uncertainty","E: Uncertainty",NA,NA,"E: Uncertainty",NA,NA,NA,NA,NA,NA,"E: Uncertainty",NA,"E: Uncertainty",NA,NA,NA,NA,NA,NA,NA,"E: Uncertainty",NA,"E: Uncertainty","E: Uncertainty",NA,NA,NA,NA,NA,NA,NA
"2023-06-19 02:00:00","PM2.5",0,0,0,383.9144,0,72.4654,4.441,NA,NA,0,0,19.0866,0,NA,0.6126,7.9128,0,0,1.0571,0,3.8862,NA,0,0,0,20.5914,0,NA,0,NA,NA,NA,0,0,0,0,0,0,1.0253,0,NA,NA,NA,NA,NA,NA,NA,"E: Uncertainty","E: Uncertainty",NA,NA,NA,NA,"E: Uncertainty",NA,NA,NA,NA,NA,NA,NA,"E: Uncertainty",NA,NA,NA,NA,NA,"E: Uncertainty",NA,"E: Uncertainty","E: Uncertainty","E: Uncertainty",NA,NA,NA,NA,NA,NA,NA,NA
"2023-06-19 03:00:00","PM10",NA,0,NA,503.6939,32.2277,119.7963,21.9578,NA,NA,0,0,33.3201,0,NA,0.8136,12.9467,0,0,1.2625,NA,5.5608,NA,0,0,0,10.2385,NA,NA,0,0,NA,NA,NA,0,0,0,NA,0,NA,0,"E: Uncertainty",NA,"E: Uncertainty",NA,NA,NA,NA,"E: Uncertainty","E: Uncertainty",NA,NA,NA,NA,"E: Uncertainty",NA,NA,NA,NA,NA,"E: Uncertainty",NA,"E: Uncertainty",NA,NA,NA,NA,"E: Uncertainty","E: Uncertainty",NA,NA,"E: Uncertainty","E: Uncertainty","E: Uncertainty",NA,NA,NA,"E: Uncertainty",NA,"E: Uncertainty",NA
"2023-06-19 04:00:00","PM2.5",NA,NA,NA,NA,NA,NA,NA,NA,NA,NA,NA,NA,NA,NA,NA,NA,NA,NA,NA,NA,NA,NA,NA,NA,NA,NA,NA,NA,NA,NA,NA,NA,NA,NA,NA,NA,NA,NA,NA,NA,"E: Uncertainty","E: Erroneous Data","E: Erroneous Data","E: Erroneous Data","E: Erroneous Data","E: Erroneous Data","E: Erroneous Data","E: Uncertainty","E: Uncertainty","E: Erroneous Data","E: Erroneous Data","E: Erroneous Data","E: Uncertainty","E: Uncertainty","E: Erroneous Data","E: Erroneous Data","E: Erroneous Data","E: Erroneous Data","E: Erroneous Data","E: Uncertainty","E: Erroneous Data","E: Uncertainty","E: Erroneous Data","E: Erroneous Data","E: Erroneous Data","E: Uncertainty","E: Erroneous Data","E: Uncertainty","E: Erroneous Data","E: Erroneous Data","E: Uncertainty","E: Erroneous Data","E: Erroneous Data","E: Erroneous Data","E: Uncertainty","E: Erroneous Data","E: Erroneous Data","E: Erroneous Data","E: Uncertainty","E: Erroneous Data"
"2023-06-19 05:00:00","PM10",NA,NA,NA,NA,NA,NA,NA,NA,NA,NA,NA,NA,NA,NA,NA,NA,NA,NA,NA,NA,NA,NA,NA,NA,NA,NA,NA,NA,NA,NA,NA,NA,NA,NA,NA,NA,NA,NA,NA,NA,"E: Erroneous Data","E: Erroneous Data","E: Erroneous Data","E: Erroneous Data","E: Erroneous Data","E: Erroneous Data","E: Erroneous Data","E: Erroneous Data","E: Uncertainty","E: Uncertainty","E: Uncertainty","E: Erroneous Data","E: Erroneous Data","E: Uncertainty","E: Erroneous Data","E: Erroneous Data","E: Erroneous Data","E: Erroneous Data","E: Erroneous Data","E: Uncertainty","E: Erroneous Data","E: Uncertainty","E: Erroneous Data","E: Uncertainty","E: Erroneous Data","E: Erroneous Data","E: Erroneous Data","E: Uncertainty","E: Erroneous Data","E: Erroneous Data","E: Uncertainty","E: Erroneous Data","E: Uncertainty","E: Erroneous Data","E: Erroneous Data","E: Erroneous Data","E: Erroneous Data","E: Erroneous Data","E: Erroneous Data","E: Erroneous Data"
"2023-06-19 06:00:00","PM2.5",NA,NA,NA,NA,NA,NA,NA,NA,NA,NA,NA,NA,NA,NA,NA,NA,NA,NA,NA,NA,NA,NA,NA,NA,NA,NA,NA,NA,NA,NA,NA,NA,NA,NA,NA,NA,NA,NA,NA,NA,"E: Erroneous Data","E: Erroneous Data","E: Erroneous Data","E: Erroneous Data","E: Erroneous Data","E: Erroneous Data","E: Erroneous Data","E: Erroneous Data","E: Uncertainty","E: Uncertainty","E: Erroneous Data","E: Erroneous Data","E: Erroneous Data","E: Uncertainty","E: Erroneous Data","E: Erroneous Data","E: Erroneous Data","E: Erroneous Data","E: Erroneous Data","E: Uncertainty","E: Erroneous Data","E: Uncertainty","E: Erroneous Data","E: Erroneous Data","E: Erroneous Data","E: Erroneous Data","E: Erroneous Data","E: Erroneous Data","E: Erroneous Data","E: Uncertainty","E: Erroneous Data","E: Uncertainty","E: Erroneous Data","E: Erroneous Data","E: Erroneous Data","E: Erroneous Data","E: Erroneous Data","E: Erroneous Data","E: Erroneous Data","E: Erroneous Data"
"2023-06-19 07:00:00","PM10",NA,NA,NA,NA,NA,NA,NA,NA,NA,NA,NA,NA,NA,NA,NA,NA,NA,NA,NA,NA,NA,NA,NA,NA,NA,NA,NA,NA,NA,NA,NA,NA,NA,NA,NA,NA,NA,NA,NA,NA,"E: Erroneous Data","E: Erroneous Data","E: Erroneous Data","E: Erroneous Data","E: Erroneous Data","E: Erroneous Data","E: Erroneous Data","E: Erroneous Data","E: Erroneous Data","E: Uncertainty","E: Uncertainty","E: Erroneous Data","E: Uncertainty","E: Erroneous Data","E: Erroneous Data","E: Erroneous Data","E: Erroneous Data","E: Erroneous Data","E: Erroneous Data","E: Uncertainty","E: Erroneous Data","E: Uncertainty","E: Erroneous Data","E: Erroneous Data","E: Erroneous Data","E: Erroneous Data","E: Uncertainty","E: Uncertainty","E: Erroneous Data","E: Erroneous Data","E: Erroneous Data","E: Uncertainty","E: Uncertainty","E: Erroneous Data","E: Erroneous Data","E: Erroneous Data","E: Erroneous Data","E: Erroneous Data","E: Erroneous Data","E: Erroneous Data"
"2023-06-19 08:00:00","PM2.5",NA,NA,NA,NA,NA,NA,NA,NA,NA,NA,NA,NA,NA,NA,NA,NA,NA,NA,NA,NA,NA,NA,NA,NA,NA,NA,NA,NA,NA,NA,NA,NA,NA,NA,NA,NA,NA,NA,NA,NA,"E: Uncertainty","E: Erroneous Data","E: Erroneous Data","E: Erroneous Data","E: Erroneous Data","E: Erroneous Data","E: Erroneous Data","E: Uncertainty","E: Uncertainty","E: Erroneous Data","E: Erroneous Data","E: Erroneous Data","E: Erroneous Data","E: Uncertainty","E: Erroneous Data","E: Erroneous Data","E: Erroneous Data","E: Erroneous Data","E: Erroneous Data","E: Uncertainty","E: Erroneous Data","E: Uncertainty","E: Erroneous Data","E: Erroneous Data","E: Erroneous Data","E: Erroneous Data","E: Erroneous Data","E: Uncertainty","E: Erroneous Data","E: Erroneous Data","E: Erroneous Data","E: Uncertainty","E: Uncertainty","E: Erroneous Data","E: Erroneous Data","E: Erroneous Data","E: Erroneous Data","E: Erroneous Data","E: Erroneous Data","E: Erroneous Data"
"2023-06-19 09:00:00","PM10",NA,0,0,500.2798,574.6459,93.5681,122.1462,4.8064,0,0,NA,103.9478,0,0,2.4109,9.1783,0,0,NA,0,4.3335,NA,0,NA,NA,13.2417,NA,0,0,NA,NA,0,NA,0,0,0,0,0,NA,0,"E: Uncertainty",NA,NA,NA,NA,NA,NA,NA,NA,NA,"E: Uncertainty",NA,NA,NA,NA,NA,NA,NA,"E: Uncertainty",NA,NA,"E: Uncertainty",NA,"E: Uncertainty","E: Uncertainty",NA,"E: Uncertainty",NA,NA,"E: Uncertainty","E: Uncertainty",NA,"E: Uncertainty",NA,NA,NA,NA,NA,"E: Uncertainty",NA
"2023-06-19 10:00:00","PM2.5",NA,0,0,452.5076,82.0131,51.4544,44.2675,2.1574,NA,NA,NA,38.6321,0,NA,1.8753,4.9943,0,0,0.7937,NA,3.6584,NA,0,0,0,NA,0,0,0,NA,0,NA,0.0355,0,0,0,0,0,NA,0,"E: Uncertainty",NA,NA,NA,NA,NA,NA,NA,"E: Uncertainty","E: Uncertainty","E: Uncertainty",NA,NA,"E: Uncertainty",NA,NA,NA,NA,NA,"E: Uncertainty",NA,"E: Uncertainty",NA,NA,NA,"E: Uncertainty",NA,NA,NA,"E: Uncertainty",NA,"E: Uncertainty",NA,NA,NA,NA,NA,NA,"E: Uncertainty",NA
"2023-06-19 11:00:00","PM10",NA,NA,0,470.2433,263.9011,83.2336,156.6815,5.0259,NA,0,NA,80.525,0,NA,2.0029,10.0397,0,0,NA,0,3.574,NA,0,0,0,15.1979,NA,0,0,NA,NA,0,NA,0,0,0,0,0,NA,0,"E: Uncertainty","E: Uncertainty",NA,NA,NA,NA,NA,NA,"E: Uncertainty",NA,"E: Uncertainty",NA,NA,"E: Uncertainty",NA,NA,NA,NA,"E: Uncertainty",NA,NA,"E: Uncertainty",NA,NA,NA,NA,"E: Uncertainty",NA,NA,"E: Uncertainty","E: Uncertainty",NA,"E: Uncertainty",NA,NA,NA,NA,NA,"E: Uncertainty",NA
"2023-06-19 12:00:00","PM2.5",957.7651,0,0,392.0144,18.347,41.6712,47.4111,1.2356,NA,0,0,32.5678,0,NA,0.821,7.7684,0,0,0,NA,2.7014,NA,0,0,0,NA,NA,0,0,0,0,NA,0,0,0,0,0,0,NA,0,NA,NA,NA,NA,NA,NA,NA,NA,"E: Uncertainty",NA,NA,NA,NA,"E: Uncertainty",NA,NA,NA,NA,NA,"E: Uncertainty",NA,"E: Uncertainty",NA,NA,NA,"E: Uncertainty","E: Uncertainty",NA,NA,NA,NA,"E: Uncertainty",NA,NA,NA,NA,NA,NA,"E: Uncertainty",NA
"2023-06-19 13:00:00","PM10",NA,NA,0,407.9993,329.0894,83.7656,220.3622,3.8264,0,NA,NA,84.2951,0,NA,1.0276,9.9119,0,0,0,0,2.4013,NA,0,0,0,0,NA,NA,0,0,NA,NA,0,0,0,0,0,0,0.9774,0,"E: Uncertainty","E: Uncertainty",NA,NA,NA,NA,NA,NA,NA,"E: Uncertainty","E: Uncertainty",NA,NA,"E: Uncertainty",NA,NA,NA,NA,NA,NA,NA,"E: Uncertainty",NA,NA,NA,NA,"E: Uncertainty","E: Uncertainty",NA,NA,"E: Uncertainty","E: Uncertainty",NA,NA,NA,NA,NA,NA,NA,NA
"2023-06-19 14:00:00","PM2.5",NA,NA,NA,NA,NA,NA,NA,NA,NA,NA,NA,NA,NA,NA,NA,NA,NA,NA,NA,NA,NA,NA,NA,NA,NA,NA,NA,NA,NA,NA,NA,NA,NA,NA,NA,NA,NA,NA,NA,NA,"E: Uncertainty","E: Erroneous Data","E: Erroneous Data","E: Erroneous Data","E: Erroneous Data","E: Erroneous Data","E: Erroneous Data","E: Erroneous Data","E: Erroneous Data","E: Erroneous Data","E: Erroneous Data","E: Erroneous Data","E: Erroneous Data","E: Uncertainty","E: Erroneous Data","E: Erroneous Data","E: Erroneous Data","E: Erroneous Data","E: Erroneous Data","E: Erroneous Data","E: Erroneous Data","E: Uncertainty","E: Erroneous Data","E: Erroneous Data","E: Erroneous Data","E: Uncertainty","E: Uncertainty","E: Uncertainty","E: Erroneous Data","E: Uncertainty","E: Uncertainty","E: Uncertainty","E: Uncertainty","E: Erroneous Data","E: Erroneous Data","E: Erroneous Data","E: Erroneous Data","E: Erroneous Data","E: Uncertainty","E: Erroneous Data"
"2023-06-19 15:00:00","PM10",NA,NA,NA,NA,NA,NA,NA,NA,NA,NA,NA,NA,NA,NA,NA,NA,NA,NA,NA,NA,NA,NA,NA,NA,NA,NA,NA,NA,NA,NA,NA,NA,NA,NA,NA,NA,NA,NA,NA,NA,"E: Erroneous Data","E: Uncertainty","E: Erroneous Data","E: Erroneous Data","E: Erroneous Data","E: Erroneous Data","E: Erroneous Data","E: Erroneous Data","E: Erroneous Data","E: Uncertainty","E: Uncertainty","E: Erroneous Data","E: Erroneous Data","E: Uncertainty","E: Erroneous Data","E: Erroneous Data","E: Erroneous Data","E: Erroneous Data","E: Erroneous Data","E: Uncertainty","E: Erroneous Data","E: Uncertainty","E: Erroneous Data","E: Erroneous Data","E: Erroneous Data","E: Erroneous Data","E: Uncertainty","E: Erroneous Data","E: Erroneous Data","E: Uncertainty","E: Uncertainty","E: Uncertainty","E: Erroneous Data","E: Erroneous Data","E: Erroneous Data","E: Erroneous Data","E: Erroneous Data","E: Erroneous Data","E: Erroneous Data","E: Erroneous Data"
"2023-06-19 16:00:00","PM2.5",NA,NA,NA,NA,NA,NA,NA,NA,NA,NA,NA,NA,NA,NA,NA,NA,NA,NA,NA,NA,NA,NA,NA,NA,NA,NA,NA,NA,NA,NA,NA,NA,NA,NA,NA,NA,NA,NA,NA,NA,"E: Uncertainty","E: Erroneous Data","E: Erroneous Data","E: Erroneous Data","E: Erroneous Data","E: Erroneous Data","E: Erroneous Data","E: Erroneous Data","E: Uncertainty","E: Erroneous Data","E: Erroneous Data","E: Erroneous Data","E: Erroneous Data","E: Erroneous Data","E: Erroneous Data","E: Erroneous Data","E: Erroneous Data","E: Erroneous Data","E: Erroneous Data","E: Erroneous Data","E: Erroneous Data","E: Uncertainty","E: Erroneous Data","E: Erroneous Data","E: Erroneous Data","E: Erroneous Data","E: Erroneous Data","E: Uncertainty","E: Uncertainty","E: Uncertainty","E: Uncertainty","E: Erroneous Data","E: Erroneous Data","E: Erroneous Data","E: Erroneous Data","E: Erroneous Data","E: Erroneous Data","E: Erroneous Data","E: Uncertainty","E: Erroneous Data"
"2023-06-19 17:00:00","PM10",NA,NA,0,482.2726,132.0316,80.7568,237.1312,11.8989,NA,NA,1.1979,121.3949,0,0,3.9821,6.6613,0,0,NA,NA,3.3422,1.6407,0,0,0,13.8215,0,NA,0,NA,NA,0,0,0,0,0,0,0,NA,0,"E: Uncertainty","E: Uncertainty",NA,NA,NA,NA,NA,NA,"E: Uncertainty","E: Uncertainty",NA,NA,NA,NA,NA,NA,NA,NA,"E: Uncertainty","E: Uncertainty",NA,NA,NA,NA,NA,NA,NA,"E: Uncertainty",NA,"E: Uncertainty","E: Uncertainty",NA,NA,NA,NA,NA,NA,NA,"E: Uncertainty",NA
"2023-06-19 18:00:00","PM2.5",0,0,0,377.8141,0,45.9007,66.8306,NA,NA,NA,NA,52.7168,NA,0,1.4294,10.6884,0,0,1.4753,NA,1.9164,NA,0,0,0,19.0205,NA,NA,0,NA,NA,NA,0,0,0,0,0,0,3.2195,0,NA,NA,NA,NA,NA,NA,NA,"E: Uncertainty","E: Uncertainty","E: Uncertainty","E: Uncertainty",NA,"E: Uncertainty",NA,NA,NA,NA,NA,NA,"E: Uncertainty",NA,"E: Uncertainty",NA,NA,NA,NA,"E: Uncertainty","E: Uncertainty",NA,"E: Uncertainty","E: Uncertainty","E: Uncertainty",NA,NA,NA,NA,NA,NA,NA,NA
"2023-06-19 19:00:00","PM10",NA,NA,0,428.5061,104.4025,87.2063,261.9187,5.029,NA,NA,1.1448,167.636,0,NA,5.5566,9.7986,0,0,1.3261,NA,1.9156,1.9344,0,0,0,18.502,NA,0,0,0,NA,0,NA,0,0,0,0,0,1.7025,0,"E: Uncertainty","E: Uncertainty",NA,NA,NA,NA,NA,NA,"E: Uncertainty","E: Uncertainty",NA,NA,NA,"E: Uncertainty",NA,NA,NA,NA,NA,"E: Uncertainty",NA,NA,NA,NA,NA,NA,"E: Uncertainty",NA,NA,NA,"E: Uncertainty",NA,"E: Uncertainty",NA,NA,NA,NA,NA,NA,NA
"2023-06-19 20:00:00","PM2.5",NA,NA,NA,NA,NA,NA,NA,NA,NA,NA,NA,NA,NA,NA,NA,NA,NA,NA,NA,NA,NA,NA,NA,NA,NA,NA,NA,NA,NA,NA,NA,NA,NA,NA,NA,NA,NA,NA,NA,NA,"E: Uncertainty","E: Erroneous Data","E: Erroneous Data","E: Erroneous Data","E: Erroneous Data","E: Erroneous Data","E: Erroneous Data","E: Erroneous Data","E: Erroneous Data","E: Uncertainty","E: Uncertainty","E: Erroneous Data","E: Uncertainty","E: Uncertainty","E: Erroneous Data","E: Erroneous Data","E: Erroneous Data","E: Erroneous Data","E: Erroneous Data","E: Uncertainty","E: Erroneous Data","E: Uncertainty","E: Erroneous Data","E: Erroneous Data","E: Erroneous Data","E: Uncertainty","E: Uncertainty","E: Uncertainty","E: Erroneous Data","E: Uncertainty","E: Erroneous Data","E: Uncertainty","E: Uncertainty","E: Erroneous Data","E: Erroneous Data","E: Erroneous Data","E: Erroneous Data","E: Erroneous Data","E: Uncertainty","E: Erroneous Data"
"2023-06-19 21:00:00","PM10",NA,NA,NA,NA,NA,NA,NA,NA,NA,NA,NA,NA,NA,NA,NA,NA,NA,NA,NA,NA,NA,NA,NA,NA,NA,NA,NA,NA,NA,NA,NA,NA,NA,NA,NA,NA,NA,NA,NA,NA,"E: Erroneous Data","E: Uncertainty","E: Erroneous Data","E: Erroneous Data","E: Uncertainty","E: Erroneous Data","E: Erroneous Data","E: Erroneous Data","E: Uncertainty","E: Erroneous Data","E: Erroneous Data","E: Erroneous Data","E: Uncertainty","E: Uncertainty","E: Erroneous Data","E: Erroneous Data","E: Erroneous Data","E: Erroneous Data","E: Erroneous Data","E: Uncertainty","E: Erroneous Data","E: Erroneous Data","E: Erroneous Data","E: Uncertainty","E: Erroneous Data","E: Erroneous Data","E: Erroneous Data","E: Uncertainty","E: Erroneous Data","E: Uncertainty","E: Erroneous Data","E: Uncertainty","E: Erroneous Data","E: Erroneous Data","E: Erroneous Data","E: Erroneous Data","E: Erroneous Data","E: Erroneous Data","E: Erroneous Data","E: Erroneous Data"
"2023-06-19 22:00:00","PM2.5",NA,NA,NA,NA,NA,NA,NA,NA,NA,NA,NA,NA,NA,NA,NA,NA,NA,NA,NA,NA,NA,NA,NA,NA,NA,NA,NA,NA,NA,NA,NA,NA,NA,NA,NA,NA,NA,NA,NA,NA,"E: Uncertainty","E: Erroneous Data","E: Uncertainty","E: Erroneous Data","E: Erroneous Data","E: Erroneous Data","E: Erroneous Data","E: Erroneous Data","E: Uncertainty","E: Uncertainty","E: Uncertainty","E: Erroneous Data","E: Erroneous Data","E: Uncertainty","E: Erroneous Data","E: Erroneous Data","E: Erroneous Data","E: Erroneous Data","E: Erroneous Data","E: Uncertainty","E: Erroneous Data","E: Erroneous Data","E: Erroneous Data","E: Erroneous Data","E: Erroneous Data","E: Erroneous Data","E: Uncertainty","E: Erroneous Data","E: Erroneous Data","E: Erroneous Data","E: Uncertainty","E: Uncertainty","E: Erroneous Data","E: Erroneous Data","E: Erroneous Data","E: Erroneous Data","E: Erroneous Data","E: Erroneous Data","E: Erroneous Data","E: Erroneous Data"
"2023-06-19 23:00:00","PM10",NA,NA,NA,NA,NA,NA,NA,NA,NA,NA,NA,NA,NA,NA,NA,NA,NA,NA,NA,NA,NA,NA,NA,NA,NA,NA,NA,NA,NA,NA,NA,NA,NA,NA,NA,NA,NA,NA,NA,NA,"E: Erroneous Data","E: Uncertainty","E: Uncertainty","E: Erroneous Data","E: Erroneous Data","E: Erroneous Data","E: Erroneous Data","E: Erroneous Data","E: Erroneous Data","E: Uncertainty","E: Erroneous Data","E: Erroneous Data","E: Erroneous Data","E: Uncertainty","E: Erroneous Data","E: Erroneous Data","E: Erroneous Data","E: Erroneous Data","E: Erroneous Data","E: Uncertainty","E: Erroneous Data","E: Uncertainty","E: Erroneous Data","E: Uncertainty","E: Uncertainty","E: Erroneous Data","E: Uncertainty","E: Erroneous Data","E: Erroneous Data","E: Uncertainty","E: Uncertainty","E: Uncertainty","E: Erroneous Data","E: Erroneous Data","E: Erroneous Data","E: Erroneous Data","E: Erroneous Data","E: Erroneous Data","E: Erroneous Data","E: Erroneous Data"
"2023-06-20 00:30:00","PM2.5",0,0,0,390.5005,0,126.7999,30.1153,NA,0,NA,0,92.1416,0,NA,2.5068,31.5532,0,0,1.1844,0,1.3423,NA,0,0,0,53.5817,NA,NA,0,NA,NA,NA,NA,0,0,0,0,0,0,0,NA,NA,NA,NA,NA,NA,NA,"E: Uncertainty",NA,"E: Uncertainty",NA,NA,NA,"E: Uncertainty",NA,NA,NA,NA,NA,NA,NA,"E: Uncertainty",NA,NA,NA,NA,"E: Uncertainty","E: Uncertainty",NA,"E: Uncertainty","E: Uncertainty","E: Uncertainty","E: Uncertainty",NA,NA,NA,NA,NA,NA,NA
"2023-06-20 01:00:00","PM10",NA,0,0,463.8107,0,148.1228,100.9572,7.6173,1.4694,0.7423,NA,226.8412,0,0,5.9064,24.6331,0,0,0.8024,NA,2.2552,0,0,0,0,10.2007,0,NA,0,0,NA,NA,NA,0,0,0,0,0,1.4944,0,"E: Uncertainty",NA,NA,NA,NA,NA,NA,NA,NA,NA,"E: Uncertainty",NA,NA,NA,NA,NA,NA,NA,NA,"E: Uncertainty",NA,NA,NA,NA,NA,NA,NA,"E: Uncertainty",NA,NA,"E: Uncertainty","E: Uncertainty","E: Uncertainty",NA,NA,NA,NA,NA,NA,NA
"2023-06-20 02:00:00","PM2.5",NA,NA,NA,NA,NA,NA,NA,NA,NA,NA,NA,NA,NA,NA,NA,NA,NA,NA,NA,NA,NA,NA,NA,NA,NA,NA,NA,NA,NA,NA,NA,NA,NA,NA,NA,NA,NA,NA,NA,NA,"E: Uncertainty","E: Erroneous Data","E: Uncertainty","E: Erroneous Data","E: Erroneous Data","E: Erroneous Data","E: Erroneous Data","E: Erroneous Data","E: Uncertainty","E: Uncertainty","E: Erroneous Data","E: Erroneous Data","E: Uncertainty","E: Uncertainty","E: Erroneous Data","E: Erroneous Data","E: Erroneous Data","E: Erroneous Data","E: Erroneous Data","E: Uncertainty","E: Erroneous Data","E: Uncertainty","E: Erroneous Data","E: Erroneous Data","E: Erroneous Data","E: Erroneous Data","E: Uncertainty","E: Erroneous Data","E: Erroneous Data","E: Erroneous Data","E: Uncertainty","E: Erroneous Data","E: Uncertainty","E: Erroneous Data","E: Erroneous Data","E: Erroneous Data","E: Erroneous Data","E: Erroneous Data","E: Erroneous Data","E: Erroneous Data"
"2023-06-20 03:00:00","PM10",NA,NA,NA,NA,NA,NA,NA,NA,NA,NA,NA,NA,NA,NA,NA,NA,NA,NA,NA,NA,NA,NA,NA,NA,NA,NA,NA,NA,NA,NA,NA,NA,NA,NA,NA,NA,NA,NA,NA,NA,"E: Erroneous Data","E: Erroneous Data","E: Uncertainty","E: Erroneous Data","E: Erroneous Data","E: Erroneous Data","E: Erroneous Data","E: Erroneous Data","E: Uncertainty","E: Uncertainty","E: Uncertainty","E: Erroneous Data","E: Erroneous Data","E: Uncertainty","E: Erroneous Data","E: Erroneous Data","E: Erroneous Data","E: Erroneous Data","E: Erroneous Data","E: Uncertainty","E: Erroneous Data","E: Uncertainty","E: Erroneous Data","E: Uncertainty","E: Erroneous Data","E: Erroneous Data","E: Uncertainty","E: Uncertainty","E: Erroneous Data","E: Erroneous Data","E: Erroneous Data","E: Uncertainty","E: Erroneous Data","E: Erroneous Data","E: Erroneous Data","E: Erroneous Data","E: Uncertainty","E: Erroneous Data","E: Uncertainty","E: Erroneous Data"
"2023-06-20 04:00:00","PM2.5",NA,NA,NA,NA,NA,NA,NA,NA,NA,NA,NA,NA,NA,NA,NA,NA,NA,NA,NA,NA,NA,NA,NA,NA,NA,NA,NA,NA,NA,NA,NA,NA,NA,NA,NA,NA,NA,NA,NA,NA,"E: Uncertainty","E: Erroneous Data","E: Uncertainty","E: Erroneous Data","E: Erroneous Data","E: Erroneous Data","E: Erroneous Data","E: Erroneous Data","E: Uncertainty","E: Erroneous Data","E: Erroneous Data","E: Erroneous Data","E: Erroneous Data","E: Uncertainty","E: Erroneous Data","E: Erroneous Data","E: Erroneous Data","E: Erroneous Data","E: Erroneous Data","E: Uncertainty","E: Erroneous Data","E: Uncertainty","E: Erroneous Data","E: Erroneous Data","E: Erroneous Data","E: Erroneous Data","E: Erroneous Data","E: Erroneous Data","E: Erroneous Data","E: Uncertainty","E: Erroneous Data","E: Uncertainty","E: Erroneous Data","E: Erroneous Data","E: Erroneous Data","E: Erroneous Data","E: Erroneous Data","E: Erroneous Data","E: Uncertainty","E: Erroneous Data"
"2023-06-20 05:00:00","PM10",NA,0,NA,393.5459,34.3915,110.2101,70.5831,4.9224,0,NA,2.1762,283.9863,0,NA,24.2016,21.8088,0,0,1.6233,NA,2.1443,NA,0,0,0,0,NA,0,0,NA,NA,NA,14.0629,0,0,0,NA,0,1.139,0,"E: Uncertainty",NA,"E: Uncertainty",NA,NA,NA,NA,NA,NA,"E: Uncertainty",NA,NA,NA,"E: Uncertainty",NA,NA,NA,NA,NA,"E: Uncertainty",NA,"E: Uncertainty",NA,NA,NA,NA,"E: Uncertainty",NA,NA,"E: Uncertainty","E: Uncertainty","E: Uncertainty",NA,NA,NA,NA,"E: Uncertainty",NA,NA,NA
"2023-06-20 06:00:00","PM2.5",NA,0,NA,355.2922,0,69.1754,22.3599,NA,0.0119,NA,2.9292,142.6703,NA,0,5.3652,23.3875,0,0,2.4824,NA,3.2931,0,0,NA,0,NA,NA,NA,0,NA,NA,0,3.9669,0,0,0,0,0,9.6275,0,"E: Uncertainty",NA,"E: Uncertainty",NA,NA,NA,NA,"E: Uncertainty",NA,"E: Uncertainty",NA,NA,"E: Uncertainty",NA,NA,NA,NA,NA,NA,"E: Uncertainty",NA,NA,NA,"E: Uncertainty",NA,"E: Uncertainty","E: Uncertainty","E: Uncertainty",NA,"E: Uncertainty","E: Uncertainty",NA,NA,NA,NA,NA,NA,NA,NA,NA
"2023-06-20 07:00:00","PM10",NA,NA,NA,619.7481,171.9348,114.8087,133.7934,21.09,NA,1.4342,14.0648,388.0356,0,NA,38.8637,227.2459,0,0,5.2207,0.8127,10.8293,0,0,NA,0,19.4788,NA,0,0,NA,NA,0,5.1578,0,0,0,0,0,70.6079,0,"E: Uncertainty","E: Uncertainty","E: Uncertainty",NA,NA,NA,NA,NA,"E: Uncertainty",NA,NA,NA,NA,"E: Uncertainty",NA,NA,NA,NA,NA,NA,NA,NA,NA,"E: Uncertainty",NA,NA,"E: Uncertainty",NA,NA,"E: Uncertainty","E: Uncertainty",NA,NA,NA,NA,NA,NA,NA,NA,NA
"2023-06-20 08:00:00","PM2.5",NA,0,0,362.3576,0,71.8223,23.2352,1.4334,NA,NA,NA,96.4229,NA,NA,7.1349,53.6969,0,0,0.7017,NA,3.4244,NA,0,0,0,16.2777,NA,0,0,0,0,NA,NA,0,0,0,0,0,5.236,0,"E: Uncertainty",NA,NA,NA,NA,NA,NA,NA,"E: Uncertainty","E: Uncertainty","E: Uncertainty",NA,"E: Uncertainty","E: Uncertainty",NA,NA,NA,NA,NA,"E: Uncertainty",NA,"E: Uncertainty",NA,NA,NA,NA,"E: Uncertainty",NA,NA,NA,NA,"E: Uncertainty","E: Uncertainty",NA,NA,NA,NA,NA,NA,NA
"2023-06-20 09:00:00","PM10",NA,0,0,349.1434,0,60.5173,45.5906,1.9598,0.0016,NA,NA,139.427,0,NA,6.3969,19.7231,0,0,1.3955,NA,2.0894,NA,0,0,NA,16.318,NA,NA,0,0.162,0,NA,NA,0,0,0,0,0,1.5573,0,"E: Uncertainty",NA,NA,NA,NA,NA,NA,NA,NA,"E: Uncertainty","E: Uncertainty",NA,NA,"E: Uncertainty",NA,NA,NA,NA,NA,"E: Uncertainty",NA,"E: Uncertainty",NA,NA,"E: Uncertainty",NA,"E: Uncertainty","E: Uncertainty",NA,NA,NA,"E: Uncertainty","E: Uncertainty",NA,NA,NA,NA,NA,NA,NA
"2023-06-20 10:00:00","PM2.5",NA,0,0,273.2534,0,27.7609,18.198,1.0217,0,NA,3.5028,94.4691,0,NA,3.5291,19.0744,0,0,0,NA,2.1412,NA,0,0,0,18.5617,0,0,0,NA,0,0,NA,0,0,0,0,0,2.3935,NA,"E: Uncertainty",NA,NA,NA,NA,NA,NA,NA,NA,"E: Uncertainty",NA,NA,NA,"E: Uncertainty",NA,NA,NA,NA,NA,"E: Uncertainty",NA,"E: Uncertainty",NA,NA,NA,NA,NA,NA,NA,"E: Uncertainty",NA,NA,"E: Uncertainty",NA,NA,NA,NA,NA,NA,"E: Uncertainty"
"2023-06-20 11:00:00","PM10",NA,0,0,348.1214,48.7661,70.5519,78.0565,2.4861,NA,2.0246,5.4317,183.1214,0,0.5442,6.8725,37.3013,0,0,0.9355,0,3.351,NA,0,NA,0,9.6163,0,0,0,0,0,0,NA,0,0,0,0,0,5.0827,0,"E: Uncertainty",NA,NA,NA,NA,NA,NA,NA,"E: Uncertainty",NA,NA,NA,NA,NA,NA,NA,NA,NA,NA,NA,NA,"E: Uncertainty",NA,"E: Uncertainty",NA,NA,NA,NA,NA,NA,NA,NA,"E: Uncertainty",NA,NA,NA,NA,NA,NA,NA
"2023-06-20 12:00:00","PM2.5",NA,0,0,219.0986,0,30.4606,25.208,1.5094,0,NA,3.7533,92.345,0,NA,6.868,41.6993,0,0,0.6015,NA,2.7815,NA,0,0,0,14.7957,0.0496,NA,0,0,NA,NA,0,0,0,0,0,0,8.8134,0,"E: Uncertainty",NA,NA,NA,NA,NA,NA,NA,NA,"E: Uncertainty",NA,NA,NA,"E: Uncertainty",NA,NA,NA,NA,NA,"E: Uncertainty",NA,"E: Uncertainty",NA,NA,NA,NA,NA,"E: Uncertainty",NA,NA,"E: Uncertainty","E: Uncertainty",NA,NA,NA,NA,NA,NA,NA,NA
"2023-06-20 13:00:00","PM10",NA,0,NA,241.7764,0,78.4199,88.8693,4.7311,0,NA,2.3681,160.5429,0,NA,6.7613,30.8502,0,0,0.895,0,3.1534,NA,0,0,NA,NA,NA,0,0,NA,NA,0,3.6195,0,0,0,0,0,6.6112,0,"E: Uncertainty",NA,"E: Uncertainty",NA,NA,NA,NA,NA,NA,"E: Uncertainty",NA,NA,NA,"E: Uncertainty",NA,NA,NA,NA,NA,NA,NA,"E: Uncertainty",NA,NA,"E: Uncertainty","E: Uncertainty","E: Uncertainty",NA,NA,"E: Uncertainty","E: Uncertainty",NA,NA,NA,NA,NA,NA,NA,NA,NA
"2023-06-20 14:00:00","PM2.5",NA,0,0,218.7791,0,184.6978,59.8658,2.0319,0,NA,NA,60.11,0,NA,3.1782,11.3745,0,0,0,0,2.1244,NA,0,0,0,14.7675,NA,NA,0,0,NA,0,NA,0,0,0,0,0,1.3101,0,"E: Uncertainty",NA,NA,NA,NA,NA,NA,NA,NA,"E: Uncertainty","E: Uncertainty",NA,NA,"E: Uncertainty",NA,NA,NA,NA,NA,NA,NA,"E: Uncertainty",NA,NA,NA,NA,"E: Uncertainty","E: Uncertainty",NA,NA,"E: Uncertainty",NA,"E: Uncertainty",NA,NA,NA,NA,NA,NA,NA
"2023-06-20 15:00:00","PM10",NA,NA,0,254.4581,0,63.3915,151.2796,4.3928,0,NA,1.2628,144.9677,0,NA,5.4641,27.0457,0,0,0.4101,NA,1.7973,0,0,0,0,12.828,0.047,NA,0,NA,0,0,NA,0,0,0,0,0,NA,0,"E: Uncertainty","E: Uncertainty",NA,NA,NA,NA,NA,NA,NA,"E: Uncertainty",NA,NA,NA,"E: Uncertainty",NA,NA,NA,NA,NA,"E: Uncertainty",NA,NA,NA,NA,NA,NA,NA,"E: Uncertainty",NA,"E: Uncertainty",NA,NA,"E: Uncertainty",NA,NA,NA,NA,NA,"E: Uncertainty",NA
"2023-06-20 16:00:00","PM2.5",1004.0278,0,0,217.199,0,34.6277,20.1169,NA,0,0,NA,73.7505,0,0,5.8731,6.8063,0,0,0,NA,1.7821,NA,0,0,0,15.2724,NA,0,0,0,NA,0,3.0881,0,0,0,0,0,1.5263,0,NA,NA,NA,NA,NA,NA,NA,"E: Uncertainty",NA,NA,"E: Uncertainty",NA,NA,NA,NA,NA,NA,NA,NA,"E: Uncertainty",NA,"E: Uncertainty",NA,NA,NA,NA,"E: Uncertainty",NA,NA,NA,"E: Uncertainty",NA,NA,NA,NA,NA,NA,NA,NA,NA
"2023-06-20 17:00:00","PM10",NA,0,NA,238.5504,0,64.7939,46.7362,1.8134,0,NA,1.0178,178.0415,0,NA,9.3317,7.3123,0,0,0.553,NA,2.0807,NA,0,NA,0,12.1276,0,0,0,0,NA,NA,3.3226,0,0,0,0,0,NA,0,"E: Uncertainty",NA,"E: Uncertainty",NA,NA,NA,NA,NA,NA,"E: Uncertainty",NA,NA,NA,"E: Uncertainty",NA,NA,NA,NA,NA,"E: Uncertainty",NA,"E: Uncertainty",NA,"E: Uncertainty",NA,NA,NA,NA,NA,NA,"E: Uncertainty","E: Uncertainty",NA,NA,NA,NA,NA,NA,"E: Uncertainty",NA
"2023-06-20 18:00:00","PM2.5",0,0,0,231.6215,0,35.477,15.4226,NA,NA,NA,NA,114.0752,NA,NA,5.6415,6.8531,0,0,0.4482,0,1.7679,NA,0,0,0,15.0861,NA,0,0,NA,NA,NA,NA,0,0,0,0,0,NA,0,NA,NA,NA,NA,NA,NA,NA,"E: Uncertainty","E: Uncertainty","E: Uncertainty","E: Uncertainty",NA,"E: Uncertainty","E: Uncertainty",NA,NA,NA,NA,NA,NA,NA,"E: Uncertainty",NA,NA,NA,NA,"E: Uncertainty",NA,NA,"E: Uncertainty","E: Uncertainty","E: Uncertainty","E: Uncertainty",NA,NA,NA,NA,NA,"E: Uncertainty",NA
"2023-06-20 19:00:00","PM10",NA,0,0,263.0206,0,60.637,49.4431,2.3262,0,NA,0.7615,176.9815,NA,NA,10.0658,6.2835,0,0,0.5454,NA,1.849,0,NA,0,0,16.4835,NA,NA,0,NA,NA,NA,NA,0,0,0,0,0,0.8151,0,"E: Uncertainty",NA,NA,NA,NA,NA,NA,NA,NA,"E: Uncertainty",NA,NA,"E: Uncertainty","E: Uncertainty",NA,NA,NA,NA,NA,"E: Uncertainty",NA,NA,"E: Uncertainty",NA,NA,NA,"E: Uncertainty","E: Uncertainty",NA,"E: Uncertainty","E: Uncertainty","E: Uncertainty","E: Uncertainty",NA,NA,NA,NA,NA,NA,NA
"2023-06-20 20:00:00","PM2.5",NA,0,0,255.9533,0,50.3754,14.589,1.0924,NA,NA,NA,178.0867,NA,NA,13.7736,13.6345,0,0,0,NA,2.1793,NA,0,0,0,10.8304,0,NA,0,0,NA,NA,4.5949,0,0,0,0,0,2.2333,0,"E: Uncertainty",NA,NA,NA,NA,NA,NA,NA,"E: Uncertainty","E: Uncertainty","E: Uncertainty",NA,"E: Uncertainty","E: Uncertainty",NA,NA,NA,NA,NA,"E: Uncertainty",NA,"E: Uncertainty",NA,NA,NA,NA,NA,"E: Uncertainty",NA,NA,"E: Uncertainty","E: Uncertainty",NA,NA,NA,NA,NA,NA,NA,NA
"2023-06-20 21:00:00","PM10",NA,0,0,170.4313,0,95.698,44.7342,1.7806,0,NA,1.4592,135.4293,0,NA,8.7923,11.6117,0,0,0,NA,1.8321,NA,0,0,0,NA,NA,NA,NA,0.0546,NA,NA,3.9769,0,0,0,0,0,1.5911,0,"E: Uncertainty",NA,NA,NA,NA,NA,NA,NA,NA,"E: Uncertainty",NA,NA,NA,"E: Uncertainty",NA,NA,NA,NA,NA,"E: Uncertainty",NA,"E: Uncertainty",NA,NA,NA,"E: Uncertainty","E: Uncertainty","E: Uncertainty","E: Uncertainty",NA,"E: Uncertainty","E: Uncertainty",NA,NA,NA,NA,NA,NA,NA,NA
"2023-06-20 22:00:00","PM2.5",NA,0,0,136.7797,0,32.6223,14.79,0,0,0,0,103.2235,NA,NA,3.1715,10.1229,0,0,0,0,2.0662,NA,0,0,0,12.1968,NA,NA,0,0,0,NA,NA,0,0,0,0,0,3.3848,0,"E: Uncertainty",NA,NA,NA,NA,NA,NA,NA,NA,NA,NA,NA,"E: Uncertainty","E: Uncertainty",NA,NA,NA,NA,NA,NA,NA,"E: Uncertainty",NA,NA,NA,NA,"E: Uncertainty","E: Uncertainty",NA,NA,NA,"E: Uncertainty","E: Uncertainty",NA,NA,NA,NA,NA,NA,NA
"2023-06-20 23:00:00","PM10",NA,0,NA,157.649,0,64.9188,24.7205,NA,NA,NA,NA,81.7131,NA,NA,4.3623,6.4643,0,0,NA,0,2.6043,NA,0,0,0,21.5737,0.0185,NA,0,NA,NA,NA,NA,0,0,0,0,0,3.3783,0,"E: Uncertainty",NA,"E: Uncertainty",NA,NA,NA,NA,"E: Uncertainty","E: Uncertainty","E: Uncertainty","E: Uncertainty",NA,"E: Uncertainty","E: Uncertainty",NA,NA,NA,NA,"E: Uncertainty",NA,NA,"E: Uncertainty",NA,NA,NA,NA,NA,"E: Uncertainty",NA,"E: Uncertainty","E: Uncertainty","E: Uncertainty","E: Uncertainty",NA,NA,NA,NA,NA,NA,NA
"2023-06-21 00:30:00","PM2.5",0,0,0,161.7194,0,29.7515,5.5353,NA,0,0,0,26.0385,NA,0,1.1137,8.7746,0,0,1.1662,0,1.5222,NA,0,0,0,28.0717,0.1244,0,0,NA,0,NA,NA,0,0.0275,0,0,0,NA,0,NA,NA,NA,NA,NA,NA,NA,"E: Uncertainty",NA,NA,NA,NA,"E: Uncertainty",NA,NA,NA,NA,NA,NA,NA,NA,"E: Uncertainty",NA,NA,NA,NA,NA,NA,NA,"E: Uncertainty",NA,"E: Uncertainty","E: Uncertainty",NA,NA,NA,NA,NA,"E: Uncertainty",NA
"2023-06-21 01:00:00","PM10",NA,NA,NA,NA,NA,NA,NA,NA,NA,NA,NA,NA,NA,NA,NA,NA,NA,NA,NA,NA,NA,NA,NA,NA,NA,NA,NA,NA,NA,NA,NA,NA,NA,NA,NA,NA,NA,NA,NA,NA,"E: Erroneous Data","E: Erroneous Data","E: Uncertainty","E: Erroneous Data","E: Erroneous Data","E: Erroneous Data","E: Erroneous Data","E: Uncertainty","E: Erroneous Data","E: Erroneous Data","E: Erroneous Data","E: Erroneous Data","E: Uncertainty","E: Uncertainty","E: Erroneous Data","E: Erroneous Data","E: Erroneous Data","E: Erroneous Data","E: Uncertainty","E: Uncertainty","E: Erroneous Data","E: Uncertainty","E: Erroneous Data","E: Erroneous Data","E: Erroneous Data","E: Erroneous Data","E: Erroneous Data","E: Erroneous Data","E: Erroneous Data","E: Uncertainty","E: Erroneous Data","E: Uncertainty","E: Erroneous Data","E: Erroneous Data","E: Erroneous Data","E: Erroneous Data","E: Erroneous Data","E: Erroneous Data","E: Uncertainty","E: Erroneous Data"
"2023-06-21 02:00:00","PM2.5",NA,NA,NA,NA,NA,NA,NA,NA,NA,NA,NA,NA,NA,NA,NA,NA,NA,NA,NA,NA,NA,NA,NA,NA,NA,NA,NA,NA,NA,NA,NA,NA,NA,NA,NA,NA,NA,NA,NA,NA,"E: Uncertainty","E: Erroneous Data","E: Erroneous Data","E: Erroneous Data","E: Erroneous Data","E: Erroneous Data","E: Erroneous Data","E: Erroneous Data","E: Erroneous Data","E: Erroneous Data","E: Erroneous Data","E: Erroneous Data","E: Erroneous Data","E: Erroneous Data","E: Erroneous Data","E: Erroneous Data","E: Erroneous Data","E: Erroneous Data","E: Uncertainty","E: Erroneous Data","E: Erroneous Data","E: Uncertainty","E: Erroneous Data","E: Erroneous Data","E: Uncertainty","E: Erroneous Data","E: Uncertainty","E: Uncertainty","E: Erroneous Data","E: Uncertainty","E: Uncertainty","E: Erroneous Data","E: Erroneous Data","E: Erroneous Data","E: Erroneous Data","E: Erroneous Data","E: Erroneous Data","E: Erroneous Data","E: Erroneous Data","E: Erroneous Data"
"2023-06-21 03:00:00","PM10",NA,0,NA,268.73,0,77.1284,10.2489,NA,0,0,0,20.8928,0,0,0.8842,3.3359,0,0,0.9712,NA,0.6778,0,0,0,0,9.0948,NA,NA,0,NA,NA,0,0,NA,0,0,0,0,NA,0,"E: Uncertainty",NA,"E: Uncertainty",NA,NA,NA,NA,"E: Uncertainty",NA,NA,NA,NA,NA,NA,NA,NA,NA,NA,NA,"E: Uncertainty",NA,NA,NA,NA,NA,NA,"E: Uncertainty","E: Uncertainty",NA,"E: Uncertainty","E: Uncertainty",NA,NA,"E: Uncertainty",NA,NA,NA,NA,"E: Uncertainty",NA
"2023-06-21 04:00:00","PM2.5",NA,NA,NA,NA,NA,NA,NA,NA,NA,NA,NA,NA,NA,NA,NA,NA,NA,NA,NA,NA,NA,NA,NA,NA,NA,NA,NA,NA,NA,NA,NA,NA,NA,NA,NA,NA,NA,NA,NA,NA,"E: Uncertainty","E: Erroneous Data","E: Erroneous Data","E: Erroneous Data","E: Erroneous Data","E: Erroneous Data","E: Erroneous Data","E: Erroneous Data","E: Erroneous Data","E: Erroneous Data","E: Erroneous Data","E: Erroneous Data","E: Uncertainty","E: Erroneous Data","E: Erroneous Data","E: Erroneous Data","E: Erroneous Data","E: Erroneous Data","E: Erroneous Data","E: Erroneous Data","E: Erroneous Data","E: Uncertainty","E: Erroneous Data","E: Erroneous Data","E: Erroneous Data","E: Erroneous Data","E: Uncertainty","E: Uncertainty","E: Erroneous Data","E: Uncertainty","E: Uncertainty","E: Uncertainty","E: Erroneous Data","E: Erroneous Data","E: Erroneous Data","E: Erroneous Data","E: Uncertainty","E: Erroneous Data","E: Erroneous Data","E: Erroneous Data"
"2023-06-21 05:00:00","PM10",NA,NA,NA,NA,NA,NA,NA,NA,NA,NA,NA,NA,NA,NA,NA,NA,NA,NA,NA,NA,NA,NA,NA,NA,NA,NA,NA,NA,NA,NA,NA,NA,NA,NA,NA,NA,NA,NA,NA,NA,"E: Erroneous Data","E: Erroneous Data","E: Erroneous Data","E: Erroneous Data","E: Erroneous Data","E: Erroneous Data","E: Erroneous Data","E: Erroneous Data","E: Uncertainty","E: Uncertainty","E: Uncertainty","E: Erroneous Data","E: Uncertainty","E: Uncertainty","E: Erroneous Data","E: Erroneous Data","E: Erroneous Data","E: Erroneous Data","E: Erroneous Data","E: Erroneous Data","E: Erroneous Data","E: Uncertainty","E: Erroneous Data","E: Erroneous Data","E: Erroneous Data","E: Erroneous Data","E: Uncertainty","E: Erroneous Data","E: Uncertainty","E: Erroneous Data","E: Uncertainty","E: Erroneous Data","E: Uncertainty","E: Erroneous Data","E: Erroneous Data","E: Erroneous Data","E: Erroneous Data","E: Erroneous Data","E: Erroneous Data","E: Erroneous Data"
"2023-06-21 06:00:00","PM2.5",NA,NA,NA,NA,NA,NA,NA,NA,NA,NA,NA,NA,NA,NA,NA,NA,NA,NA,NA,NA,NA,NA,NA,NA,NA,NA,NA,NA,NA,NA,NA,NA,NA,NA,NA,NA,NA,NA,NA,NA,"E: Uncertainty","E: Erroneous Data","E: Uncertainty","E: Erroneous Data","E: Erroneous Data","E: Erroneous Data","E: Erroneous Data","E: Uncertainty","E: Erroneous Data","E: Erroneous Data","E: Erroneous Data","E: Erroneous Data","E: Erroneous Data","E: Uncertainty","E: Erroneous Data","E: Erroneous Data","E: Erroneous Data","E: Erroneous Data","E: Erroneous Data","E: Uncertainty","E: Erroneous Data","E: Uncertainty","E: Erroneous Data","E: Erroneous Data","E: Erroneous Data","E: Uncertainty","E: Uncertainty","E: Erroneous Data","E: Erroneous Data","E: Uncertainty","E: Erroneous Data","E: Uncertainty","E: Uncertainty","E: Erroneous Data","E: Erroneous Data","E: Erroneous Data","E: Erroneous Data","E: Erroneous Data","E: Uncertainty","E: Erroneous Data"
"2023-06-21 07:00:00","PM10",NA,NA,0,340.3111,0,52.0338,69.5012,3.3793,NA,NA,NA,144.3988,NA,NA,5.6029,7.5043,0,0,0,NA,1.7985,NA,0,0,0,NA,NA,NA,0,NA,0,0,NA,0,NA,0,0,0,1.0903,0,"E: Uncertainty","E: Uncertainty",NA,NA,NA,NA,NA,NA,"E: Uncertainty","E: Uncertainty","E: Uncertainty",NA,"E: Uncertainty","E: Uncertainty",NA,NA,NA,NA,NA,"E: Uncertainty",NA,"E: Uncertainty",NA,NA,NA,"E: Uncertainty","E: Uncertainty","E: Uncertainty",NA,"E: Uncertainty",NA,NA,"E: Uncertainty",NA,"E: Uncertainty",NA,NA,NA,NA,NA
"2023-06-21 08:00:00","PM2.5",NA,NA,NA,NA,NA,NA,NA,NA,NA,NA,NA,NA,NA,NA,NA,NA,NA,NA,NA,NA,NA,NA,NA,NA,NA,NA,NA,NA,NA,NA,NA,NA,NA,NA,NA,NA,NA,NA,NA,NA,"E: Uncertainty","E: Erroneous Data","E: Erroneous Data","E: Erroneous Data","E: Erroneous Data","E: Erroneous Data","E: Erroneous Data","E: Uncertainty","E: Erroneous Data","E: Erroneous Data","E: Erroneous Data","E: Erroneous Data","E: Erroneous Data","E: Erroneous Data","E: Erroneous Data","E: Erroneous Data","E: Erroneous Data","E: Erroneous Data","E: Erroneous Data","E: Uncertainty","E: Erroneous Data","E: Uncertainty","E: Erroneous Data","E: Erroneous Data","E: Erroneous Data","E: Erroneous Data","E: Uncertainty","E: Uncertainty","E: Erroneous Data","E: Uncertainty","E: Erroneous Data","E: Erroneous Data","E: Uncertainty","E: Erroneous Data","E: Erroneous Data","E: Erroneous Data","E: Erroneous Data","E: Erroneous Data","E: Erroneous Data","E: Erroneous Data"
"2023-06-21 09:00:00","PM10",NA,NA,NA,NA,NA,NA,NA,NA,NA,NA,NA,NA,NA,NA,NA,NA,NA,NA,NA,NA,NA,NA,NA,NA,NA,NA,NA,NA,NA,NA,NA,NA,NA,NA,NA,NA,NA,NA,NA,NA,"E: Erroneous Data","E: Erroneous Data","E: Erroneous Data","E: Erroneous Data","E: Erroneous Data","E: Erroneous Data","E: Erroneous Data","E: Erroneous Data","E: Erroneous Data","E: Erroneous Data","E: Uncertainty","E: Erroneous Data","E: Erroneous Data","E: Erroneous Data","E: Erroneous Data","E: Erroneous Data","E: Erroneous Data","E: Erroneous Data","E: Erroneous Data","E: Erroneous Data","E: Erroneous Data","E: Uncertainty","E: Erroneous Data","E: Erroneous Data","E: Erroneous Data","E: Erroneous Data","E: Erroneous Data","E: Uncertainty","E: Uncertainty","E: Erroneous Data","E: Erroneous Data","E: Erroneous Data","E: Erroneous Data","E: Erroneous Data","E: Erroneous Data","E: Erroneous Data","E: Erroneous Data","E: Erroneous Data","E: Erroneous Data","E: Erroneous Data"
"2023-06-21 10:00:00","PM2.5",NA,NA,NA,NA,NA,NA,NA,NA,NA,NA,NA,NA,NA,NA,NA,NA,NA,NA,NA,NA,NA,NA,NA,NA,NA,NA,NA,NA,NA,NA,NA,NA,NA,NA,NA,NA,NA,NA,NA,NA,"E: Uncertainty","E: Erroneous Data","E: Erroneous Data","E: Erroneous Data","E: Erroneous Data","E: Erroneous Data","E: Erroneous Data","E: Uncertainty","E: Uncertainty","E: Erroneous Data","E: Erroneous Data","E: Erroneous Data","E: Erroneous Data","E: Uncertainty","E: Erroneous Data","E: Erroneous Data","E: Erroneous Data","E: Erroneous Data","E: Uncertainty","E: Uncertainty","E: Erroneous Data","E: Uncertainty","E: Erroneous Data","E: Erroneous Data","E: Erroneous Data","E: Erroneous Data","E: Uncertainty","E: Erroneous Data","E: Erroneous Data","E: Erroneous Data","E: Uncertainty","E: Uncertainty","E: Erroneous Data","E: Erroneous Data","E: Erroneous Data","E: Erroneous Data","E: Erroneous Data","E: Erroneous Data","E: Erroneous Data","E: Erroneous Data"
"2023-06-21 11:00:00","PM10",NA,NA,0,324.9918,69.935,60.785,124.0836,2.0575,0,NA,NA,84.6012,0,0,4.4567,4.9618,0,0,0,0,2.0519,NA,0,NA,0,NA,0,NA,0,NA,NA,NA,NA,0,0,0,0.0014,0,NA,0,"E: Uncertainty","E: Uncertainty",NA,NA,NA,NA,NA,NA,NA,"E: Uncertainty","E: Uncertainty",NA,NA,NA,NA,NA,NA,NA,NA,NA,NA,"E: Uncertainty",NA,"E: Uncertainty",NA,"E: Uncertainty",NA,"E: Uncertainty",NA,"E: Uncertainty","E: Uncertainty","E: Uncertainty","E: Uncertainty",NA,NA,NA,NA,NA,"E: Uncertainty",NA
"2023-06-21 12:00:00","PM2.5",NA,0,0,303.3186,0,33.7284,25.12,0.9902,NA,0,0,36.5136,0,NA,1.0849,8.7194,0,0,0,NA,2.3322,NA,0,0,0,15.7212,NA,0,0,NA,NA,0,0,0,0,0,0,0,1.1449,0,"E: Uncertainty",NA,NA,NA,NA,NA,NA,NA,"E: Uncertainty",NA,NA,NA,NA,"E: Uncertainty",NA,NA,NA,NA,NA,"E: Uncertainty",NA,"E: Uncertainty",NA,NA,NA,NA,"E: Uncertainty",NA,NA,"E: Uncertainty","E: Uncertainty",NA,NA,NA,NA,NA,NA,NA,NA,NA
"2023-06-21 13:00:00","PM10",NA,NA,0,426.1979,0,57.0299,221.1316,4.1901,0,1.0246,NA,126.6513,0,NA,2.6609,8.781,0,0,0,NA,2.3763,NA,0,0,0,NA,NA,NA,0,0,0,NA,NA,0,0,0,0,0,1.662,0,"E: Uncertainty","E: Uncertainty",NA,NA,NA,NA,NA,NA,NA,NA,"E: Uncertainty",NA,NA,"E: Uncertainty",NA,NA,NA,NA,NA,"E: Uncertainty",NA,"E: Uncertainty",NA,NA,NA,"E: Uncertainty","E: Uncertainty","E: Uncertainty",NA,NA,NA,"E: Uncertainty","E: Uncertainty",NA,NA,NA,NA,NA,NA,NA
"2023-06-21 14:00:00","PM2.5",NA,0,0,380.4759,0,34.8597,69.3845,NA,NA,0,NA,67.2983,0,NA,2.2709,10.3814,0.0034,0,0,NA,2.7841,NA,0,0,0,10.3078,NA,NA,NA,NA,NA,NA,0.0367,0,NA,0,0,0,1.0517,0,"E: Uncertainty",NA,NA,NA,NA,NA,NA,"E: Uncertainty","E: Uncertainty",NA,"E: Uncertainty",NA,NA,"E: Uncertainty",NA,NA,NA,NA,NA,"E: Uncertainty",NA,"E: Uncertainty",NA,NA,NA,NA,"E: Uncertainty","E: Uncertainty","E: Uncertainty","E: Uncertainty","E: Uncertainty","E: Uncertainty",NA,NA,"E: Uncertainty",NA,NA,NA,NA,NA
"2023-06-21 15:00:00","PM10",NA,NA,0,471.4055,0,64.3624,219.0843,15.1027,0,NA,1.455,130.1854,0,NA,3.1741,12.7733,0,0,0.3647,NA,2.2502,NA,0,0,0,NA,NA,0,0,0,NA,NA,NA,0,0,0,0,0,NA,0,"E: Uncertainty","E: Uncertainty",NA,NA,NA,NA,NA,NA,NA,"E: Uncertainty",NA,NA,NA,"E: Uncertainty",NA,NA,NA,NA,NA,"E: Uncertainty",NA,"E: Uncertainty",NA,NA,NA,"E: Uncertainty","E: Uncertainty",NA,NA,NA,"E: Uncertainty","E: Uncertainty","E: Uncertainty",NA,NA,NA,NA,NA,"E: Uncertainty",NA
"2023-06-21 16:00:00","PM2.5",NA,0,0,338.0708,0,31.1379,29.3398,NA,0,8e-04,NA,57.2631,0,NA,2.002,9.5305,0,0,0,0,1.7892,0,0,NA,0,14.7822,NA,NA,0,NA,NA,NA,NA,0,0,0,0,0,0.7391,0,"E: Uncertainty",NA,NA,NA,NA,NA,NA,"E: Uncertainty",NA,NA,"E: Uncertainty",NA,NA,"E: Uncertainty",NA,NA,NA,NA,NA,NA,NA,NA,NA,"E: Uncertainty",NA,NA,"E: Uncertainty","E: Uncertainty",NA,"E: Uncertainty","E: Uncertainty","E: Uncertainty","E: Uncertainty",NA,NA,NA,NA,NA,NA,NA
"2023-06-21 17:00:00","PM10",NA,0,0,416.913,0,60.2872,123.8576,2.658,0,0,NA,125.8836,0,0,4.4953,8.522,0,0,0,NA,1.5625,NA,0,0,0,NA,NA,0,0,NA,NA,NA,NA,0,0,0,0,0,1.4052,0,"E: Uncertainty",NA,NA,NA,NA,NA,NA,NA,NA,NA,"E: Uncertainty",NA,NA,NA,NA,NA,NA,NA,NA,"E: Uncertainty",NA,"E: Uncertainty",NA,NA,NA,"E: Uncertainty","E: Uncertainty",NA,NA,"E: Uncertainty","E: Uncertainty","E: Uncertainty","E: Uncertainty",NA,NA,NA,NA,NA,NA,NA
"2023-06-21 18:00:00","PM2.5",710.9895,0,NA,368.0199,0,38.6931,28.2927,1.1462,0,NA,NA,103.7048,0,NA,3.7956,13.7599,0,0,0,NA,1.7919,0,0,0,0,0,NA,NA,0,0,NA,NA,NA,0,0,0,0,0,1.1242,0,NA,NA,"E: Uncertainty",NA,NA,NA,NA,NA,NA,"E: Uncertainty","E: Uncertainty",NA,NA,"E: Uncertainty",NA,NA,NA,NA,NA,"E: Uncertainty",NA,NA,NA,NA,NA,NA,"E: Uncertainty","E: Uncertainty",NA,NA,"E: Uncertainty","E: Uncertainty","E: Uncertainty",NA,NA,NA,NA,NA,NA,NA
"2023-06-21 19:00:00","PM10",NA,NA,0,487.0485,0,71.0191,142.1255,2.9391,0,NA,2.8011,373.2397,0,NA,7.8822,15.7999,0,0,0,NA,2.5697,NA,0,NA,0,17.0943,0,NA,0,0,NA,NA,5.549,0,0,0,0,0,2.2463,0,"E: Uncertainty","E: Uncertainty",NA,NA,NA,NA,NA,NA,NA,"E: Uncertainty",NA,NA,NA,"E: Uncertainty",NA,NA,NA,NA,NA,"E: Uncertainty",NA,"E: Uncertainty",NA,"E: Uncertainty",NA,NA,NA,"E: Uncertainty",NA,NA,"E: Uncertainty","E: Uncertainty",NA,NA,NA,NA,NA,NA,NA,NA
"2023-06-21 20:00:00","PM2.5",NA,0,NA,379.2281,0,47.771,25.9093,1.1008,0,NA,0.9353,154.1676,0,NA,5.4331,16.8975,0,0,0.4742,NA,2.6695,NA,0,0,0,14.2954,0,NA,0,NA,NA,NA,4.0376,0,0,0,0,0,1.2772,0,"E: Uncertainty",NA,"E: Uncertainty",NA,NA,NA,NA,NA,NA,"E: Uncertainty",NA,NA,NA,"E: Uncertainty",NA,NA,NA,NA,NA,"E: Uncertainty",NA,"E: Uncertainty",NA,NA,NA,NA,NA,"E: Uncertainty",NA,"E: Uncertainty","E: Uncertainty","E: Uncertainty",NA,NA,NA,NA,NA,NA,NA,NA
"2023-06-21 21:00:00","PM10",NA,0,0,359.6131,0,80.8531,75.8465,5.1546,0,0.6514,2.7655,397.3778,0.003,NA,12.1103,30.8029,0,0,0.4926,0,2.2584,NA,0,0,0,NA,NA,0,0,NA,0,0,6.5922,0,0,0,0,0,1.271,0,"E: Uncertainty",NA,NA,NA,NA,NA,NA,NA,NA,NA,NA,NA,NA,"E: Uncertainty",NA,NA,NA,NA,NA,NA,NA,"E: Uncertainty",NA,NA,NA,"E: Uncertainty","E: Uncertainty",NA,NA,"E: Uncertainty",NA,NA,NA,NA,NA,NA,NA,NA,NA,NA
"2023-06-21 22:00:00","PM2.5",1186.8682,0,0,313.9757,0,56.6906,24.1652,1.3121,0,NA,NA,226.8627,NA,NA,9.6352,26.5614,0,0,2.0896,NA,1.8411,NA,0,0,0,11.4406,0,NA,0,0,NA,0,5.4296,0,0,NA,0,0,0.9789,0,NA,NA,NA,NA,NA,NA,NA,NA,NA,"E: Uncertainty","E: Uncertainty",NA,"E: Uncertainty","E: Uncertainty",NA,NA,NA,NA,NA,"E: Uncertainty",NA,"E: Uncertainty",NA,NA,NA,NA,NA,"E: Uncertainty",NA,NA,"E: Uncertainty",NA,NA,NA,NA,"E: Uncertainty",NA,NA,NA,NA
"2023-06-21 23:00:00","PM10",NA,0,0,346.1837,0,87.1251,99.9985,4.6636,0,1.3648,2.2927,427.1101,0,0,16.6616,21.8623,0,0,4.3996,NA,1.9365,0,0,NA,NA,25.52,0.0496,NA,0,NA,NA,NA,9.298,0,0,0,0,0,2.2636,0,"E: Uncertainty",NA,NA,NA,NA,NA,NA,NA,NA,NA,NA,NA,NA,NA,NA,NA,NA,NA,NA,"E: Uncertainty",NA,NA,NA,"E: Uncertainty","E: Uncertainty",NA,NA,"E: Uncertainty",NA,"E: Uncertainty","E: Uncertainty","E: Uncertainty",NA,NA,NA,NA,NA,NA,NA,NA
"2023-06-22 00:30:00","PM2.5",NA,0,0,341.8458,0,65.3458,18.7212,NA,0,0,NA,132.9119,0,0,3.7222,29.3564,0,0,7.0846,0,2.697,NA,0,0,0,36.1767,NA,NA,0,0,0,NA,NA,0,NA,0,0,0,1.8382,0,"E: Uncertainty",NA,NA,NA,NA,NA,NA,"E: Uncertainty",NA,NA,"E: Uncertainty",NA,NA,NA,NA,NA,NA,NA,NA,NA,NA,"E: Uncertainty",NA,NA,NA,NA,"E: Uncertainty","E: Uncertainty",NA,NA,NA,"E: Uncertainty","E: Uncertainty",NA,"E: Uncertainty",NA,NA,NA,NA,NA
"2023-06-22 01:00:00","PM10",NA,0,0,389.0924,0,78.8455,46.8146,2.1533,0,NA,1.4806,174.672,0,NA,4.0653,30.6867,0,0,5.7121,NA,10.9878,NA,0,0,0,9.4181,0,0,0,0,NA,NA,NA,0,0,0,0,0,4.3773,0,"E: Uncertainty",NA,NA,NA,NA,NA,NA,NA,NA,"E: Uncertainty",NA,NA,NA,"E: Uncertainty",NA,NA,NA,NA,NA,"E: Uncertainty",NA,"E: Uncertainty",NA,NA,NA,NA,NA,NA,NA,NA,"E: Uncertainty","E: Uncertainty","E: Uncertainty",NA,NA,NA,NA,NA,NA,NA
"2023-06-22 02:00:00","PM2.5",NA,NA,NA,NA,NA,NA,NA,NA,NA,NA,NA,NA,NA,NA,NA,NA,NA,NA,NA,NA,NA,NA,NA,NA,NA,NA,NA,NA,NA,NA,NA,NA,NA,NA,NA,NA,NA,NA,NA,NA,"E: Erroneous Data","E: Erroneous Data","E: Uncertainty","E: Erroneous Data","E: Erroneous Data","E: Erroneous Data","E: Erroneous Data","E: Uncertainty","E: Uncertainty","E: Uncertainty","E: Erroneous Data","E: Erroneous Data","E: Erroneous Data","E: Uncertainty","E: Erroneous Data","E: Erroneous Data","E: Erroneous Data","E: Erroneous Data","E: Erroneous Data","E: Uncertainty","E: Erroneous Data","E: Uncertainty","E: Erroneous Data","E: Erroneous Data","E: Uncertainty","E: Erroneous Data","E: Erroneous Data","E: Erroneous Data","E: Erroneous Data","E: Erroneous Data","E: Uncertainty","E: Uncertainty","E: Erroneous Data","E: Erroneous Data","E: Erroneous Data","E: Erroneous Data","E: Erroneous Data","E: Erroneous Data","E: Erroneous Data","E: Erroneous Data"
"2023-06-22 03:00:00","PM10",NA,NA,NA,NA,NA,NA,NA,NA,NA,NA,NA,NA,NA,NA,NA,NA,NA,NA,NA,NA,NA,NA,NA,NA,NA,NA,NA,NA,NA,NA,NA,NA,NA,NA,NA,NA,NA,NA,NA,NA,"E: Erroneous Data","E: Erroneous Data","E: Erroneous Data","E: Erroneous Data","E: Erroneous Data","E: Erroneous Data","E: Erroneous Data","E: Uncertainty","E: Uncertainty","E: Uncertainty","E: Uncertainty","E: Erroneous Data","E: Erroneous Data","E: Uncertainty","E: Erroneous Data","E: Erroneous Data","E: Erroneous Data","E: Erroneous Data","E: Erroneous Data","E: Erroneous Data","E: Erroneous Data","E: Uncertainty","E: Erroneous Data","E: Erroneous Data","E: Erroneous Data","E: Erroneous Data","E: Uncertainty","E: Erroneous Data","E: Erroneous Data","E: Uncertainty","E: Erroneous Data","E: Uncertainty","E: Uncertainty","E: Erroneous Data","E: Erroneous Data","E: Erroneous Data","E: Erroneous Data","E: Erroneous Data","E: Erroneous Data","E: Erroneous Data"
"2023-06-22 04:00:00","PM2.5",NA,NA,NA,NA,NA,NA,NA,NA,NA,NA,NA,NA,NA,NA,NA,NA,NA,NA,NA,NA,NA,NA,NA,NA,NA,NA,NA,NA,NA,NA,NA,NA,NA,NA,NA,NA,NA,NA,NA,NA,"E: Uncertainty","E: Erroneous Data","E: Uncertainty","E: Erroneous Data","E: Erroneous Data","E: Erroneous Data","E: Erroneous Data","E: Uncertainty","E: Uncertainty","E: Uncertainty","E: Uncertainty","E: Erroneous Data","E: Erroneous Data","E: Erroneous Data","E: Erroneous Data","E: Erroneous Data","E: Erroneous Data","E: Erroneous Data","E: Erroneous Data","E: Uncertainty","E: Erroneous Data","E: Erroneous Data","E: Erroneous Data","E: Erroneous Data","E: Erroneous Data","E: Erroneous Data","E: Uncertainty","E: Uncertainty","E: Erroneous Data","E: Uncertainty","E: Uncertainty","E: Uncertainty","E: Uncertainty","E: Erroneous Data","E: Erroneous Data","E: Erroneous Data","E: Erroneous Data","E: Erroneous Data","E: Erroneous Data","E: Erroneous Data"
"2023-06-22 05:00:00","PM10",NA,NA,NA,NA,NA,NA,NA,NA,NA,NA,NA,NA,NA,NA,NA,NA,NA,NA,NA,NA,NA,NA,NA,NA,NA,NA,NA,NA,NA,NA,NA,NA,NA,NA,NA,NA,NA,NA,NA,NA,"E: Erroneous Data","E: Uncertainty","E: Erroneous Data","E: Erroneous Data","E: Erroneous Data","E: Erroneous Data","E: Erroneous Data","E: Erroneous Data","E: Erroneous Data","E: Erroneous Data","E: Erroneous Data","E: Erroneous Data","E: Erroneous Data","E: Uncertainty","E: Erroneous Data","E: Erroneous Data","E: Erroneous Data","E: Erroneous Data","E: Erroneous Data","E: Erroneous Data","E: Erroneous Data","E: Uncertainty","E: Erroneous Data","E: Uncertainty","E: Erroneous Data","E: Erroneous Data","E: Uncertainty","E: Uncertainty","E: Erroneous Data","E: Uncertainty","E: Uncertainty","E: Uncertainty","E: Erroneous Data","E: Erroneous Data","E: Erroneous Data","E: Erroneous Data","E: Erroneous Data","E: Erroneous Data","E: Erroneous Data","E: Erroneous Data"
"2023-06-22 06:00:00","PM2.5",NA,NA,NA,NA,NA,NA,NA,NA,NA,NA,NA,NA,NA,NA,NA,NA,NA,NA,NA,NA,NA,NA,NA,NA,NA,NA,NA,NA,NA,NA,NA,NA,NA,NA,NA,NA,NA,NA,NA,NA,"E: Erroneous Data","E: Uncertainty","E: Erroneous Data","E: Erroneous Data","E: Erroneous Data","E: Erroneous Data","E: Erroneous Data","E: Erroneous Data","E: Erroneous Data","E: Erroneous Data","E: Erroneous Data","E: Erroneous Data","E: Erroneous Data","E: Uncertainty","E: Erroneous Data","E: Erroneous Data","E: Erroneous Data","E: Erroneous Data","E: Erroneous Data","E: Uncertainty","E: Erroneous Data","E: Erroneous Data","E: Erroneous Data","E: Uncertainty","E: Erroneous Data","E: Erroneous Data","E: Uncertainty","E: Uncertainty","E: Erroneous Data","E: Uncertainty","E: Uncertainty","E: Uncertainty","E: Uncertainty","E: Erroneous Data","E: Erroneous Data","E: Erroneous Data","E: Erroneous Data","E: Erroneous Data","E: Erroneous Data","E: Erroneous Data"
"2023-06-22 07:00:00","PM10",NA,NA,NA,NA,NA,NA,NA,NA,NA,NA,NA,NA,NA,NA,NA,NA,NA,NA,NA,NA,NA,NA,NA,NA,NA,NA,NA,NA,NA,NA,NA,NA,NA,NA,NA,NA,NA,NA,NA,NA,"E: Erroneous Data","E: Uncertainty","E: Erroneous Data","E: Erroneous Data","E: Erroneous Data","E: Erroneous Data","E: Erroneous Data","E: Erroneous Data","E: Uncertainty","E: Erroneous Data","E: Erroneous Data","E: Erroneous Data","E: Erroneous Data","E: Uncertainty","E: Erroneous Data","E: Erroneous Data","E: Erroneous Data","E: Erroneous Data","E: Erroneous Data","E: Erroneous Data","E: Erroneous Data","E: Uncertainty","E: Erroneous Data","E: Uncertainty","E: Erroneous Data","E: Erroneous Data","E: Erroneous Data","E: Uncertainty","E: Erroneous Data","E: Erroneous Data","E: Uncertainty","E: Erroneous Data","E: Erroneous Data","E: Erroneous Data","E: Erroneous Data","E: Erroneous Data","E: Erroneous Data","E: Erroneous Data","E: Erroneous Data","E: Erroneous Data"
"2023-06-22 08:00:00","PM2.5",NA,NA,NA,NA,NA,NA,NA,NA,NA,NA,NA,NA,NA,NA,NA,NA,NA,NA,NA,NA,NA,NA,NA,NA,NA,NA,NA,NA,NA,NA,NA,NA,NA,NA,NA,NA,NA,NA,NA,NA,"E: Uncertainty","E: Erroneous Data","E: Erroneous Data","E: Erroneous Data","E: Erroneous Data","E: Erroneous Data","E: Erroneous Data","E: Erroneous Data","E: Uncertainty","E: Erroneous Data","E: Erroneous Data","E: Erroneous Data","E: Erroneous Data","E: Erroneous Data","E: Erroneous Data","E: Erroneous Data","E: Erroneous Data","E: Erroneous Data","E: Erroneous Data","E: Uncertainty","E: Erroneous Data","E: Uncertainty","E: Erroneous Data","E: Uncertainty","E: Erroneous Data","E: Erroneous Data","E: Uncertainty","E: Uncertainty","E: Erroneous Data","E: Uncertainty","E: Erroneous Data","E: Erroneous Data","E: Erroneous Data","E: Erroneous Data","E: Erroneous Data","E: Erroneous Data","E: Erroneous Data","E: Erroneous Data","E: Erroneous Data","E: Erroneous Data"
"2023-06-22 09:00:00","PM10",NA,215.6083,0,486.4842,0,112.2192,335.2663,13.8188,NA,3.004,6.5597,414.0602,NA,1.149,11.1866,48.2089,0,0,1.1616,NA,4.185,NA,0,NA,0,19.5294,NA,NA,0,0,NA,NA,7.3162,0,0,0,0,0,9.1626,0,"E: Uncertainty",NA,NA,NA,NA,NA,NA,NA,"E: Uncertainty",NA,NA,NA,"E: Uncertainty",NA,NA,NA,NA,NA,NA,"E: Uncertainty",NA,"E: Uncertainty",NA,"E: Uncertainty",NA,NA,"E: Uncertainty","E: Uncertainty",NA,NA,"E: Uncertainty","E: Uncertainty",NA,NA,NA,NA,NA,NA,NA,NA
"2023-06-22 10:00:00","PM2.5",NA,NA,NA,NA,NA,NA,NA,NA,NA,NA,NA,NA,NA,NA,NA,NA,NA,NA,NA,NA,NA,NA,NA,NA,NA,NA,NA,NA,NA,NA,NA,NA,NA,NA,NA,NA,NA,NA,NA,NA,"E: Uncertainty","E: Erroneous Data","E: Erroneous Data","E: Erroneous Data","E: Erroneous Data","E: Erroneous Data","E: Erroneous Data","E: Erroneous Data","E: Uncertainty","E: Erroneous Data","E: Erroneous Data","E: Erroneous Data","E: Erroneous Data","E: Erroneous Data","E: Erroneous Data","E: Erroneous Data","E: Erroneous Data","E: Erroneous Data","E: Erroneous Data","E: Erroneous Data","E: Erroneous Data","E: Uncertainty","E: Erroneous Data","E: Erroneous Data","E: Erroneous Data","E: Erroneous Data","E: Uncertainty","E: Erroneous Data","E: Erroneous Data","E: Uncertainty","E: Uncertainty","E: Uncertainty","E: Uncertainty","E: Erroneous Data","E: Erroneous Data","E: Erroneous Data","E: Erroneous Data","E: Erroneous Data","E: Erroneous Data","E: Erroneous Data"
"2023-06-22 11:00:00","PM10",NA,NA,NA,NA,NA,NA,NA,NA,NA,NA,NA,NA,NA,NA,NA,NA,NA,NA,NA,NA,NA,NA,NA,NA,NA,NA,NA,NA,NA,NA,NA,NA,NA,NA,NA,NA,NA,NA,NA,NA,"E: Erroneous Data","E: Uncertainty","E: Erroneous Data","E: Erroneous Data","E: Erroneous Data","E: Erroneous Data","E: Erroneous Data","E: Erroneous Data","E: Erroneous Data","E: Erroneous Data","E: Erroneous Data","E: Erroneous Data","E: Erroneous Data","E: Erroneous Data","E: Erroneous Data","E: Erroneous Data","E: Erroneous Data","E: Erroneous Data","E: Erroneous Data","E: Erroneous Data","E: Erroneous Data","E: Uncertainty","E: Erroneous Data","E: Uncertainty","E: Uncertainty","E: Erroneous Data","E: Uncertainty","E: Erroneous Data","E: Uncertainty","E: Erroneous Data","E: Uncertainty","E: Erroneous Data","E: Uncertainty","E: Erroneous Data","E: Erroneous Data","E: Erroneous Data","E: Erroneous Data","E: Erroneous Data","E: Erroneous Data","E: Erroneous Data"
"2023-06-22 12:00:00","PM2.5",NA,NA,NA,NA,NA,NA,NA,NA,NA,NA,NA,NA,NA,NA,NA,NA,NA,NA,NA,NA,NA,NA,NA,NA,NA,NA,NA,NA,NA,NA,NA,NA,NA,NA,NA,NA,NA,NA,NA,NA,"E: Uncertainty","E: Erroneous Data","E: Erroneous Data","E: Erroneous Data","E: Erroneous Data","E: Erroneous Data","E: Erroneous Data","E: Erroneous Data","E: Uncertainty","E: Erroneous Data","E: Erroneous Data","E: Erroneous Data","E: Erroneous Data","E: Uncertainty","E: Erroneous Data","E: Erroneous Data","E: Erroneous Data","E: Erroneous Data","E: Erroneous Data","E: Erroneous Data","E: Erroneous Data","E: Uncertainty","E: Erroneous Data","E: Erroneous Data","E: Uncertainty","E: Erroneous Data","E: Erroneous Data","E: Erroneous Data","E: Erroneous Data","E: Uncertainty","E: Uncertainty","E: Erroneous Data","E: Uncertainty","E: Erroneous Data","E: Erroneous Data","E: Erroneous Data","E: Erroneous Data","E: Erroneous Data","E: Erroneous Data","E: Erroneous Data"
"2023-06-22 14:00:00","PM10",NA,0,0,485.7849,0,65.2073,141.6745,8.7544,NA,NA,NA,232.4327,NA,NA,5.2284,55.891,0,0,NA,NA,2.7232,NA,0,0,0,73.5863,0,0,0,0,NA,NA,0.1091,0,0,0,0,0,0,0,"E: Uncertainty",NA,NA,NA,NA,NA,NA,NA,"E: Uncertainty","E: Uncertainty","E: Uncertainty",NA,"E: Uncertainty","E: Uncertainty",NA,NA,NA,NA,"E: Uncertainty","E: Uncertainty",NA,"E: Uncertainty",NA,NA,NA,NA,NA,NA,NA,NA,"E: Uncertainty","E: Uncertainty",NA,NA,NA,NA,NA,NA,NA,NA
"2023-06-22 15:00:00","PM2.5",NA,NA,NA,NA,NA,NA,NA,NA,NA,NA,NA,NA,NA,NA,NA,NA,NA,NA,NA,NA,NA,NA,NA,NA,NA,NA,NA,NA,NA,NA,NA,NA,NA,NA,NA,NA,NA,NA,NA,NA,"E: Uncertainty","E: Erroneous Data","E: Erroneous Data","E: Erroneous Data","E: Erroneous Data","E: Erroneous Data","E: Erroneous Data","E: Erroneous Data","E: Uncertainty","E: Uncertainty","E: Erroneous Data","E: Erroneous Data","E: Erroneous Data","E: Uncertainty","E: Erroneous Data","E: Erroneous Data","E: Erroneous Data","E: Erroneous Data","E: Erroneous Data","E: Uncertainty","E: Erroneous Data","E: Uncertainty","E: Erroneous Data","E: Erroneous Data","E: Erroneous Data","E: Uncertainty","E: Uncertainty","E: Erroneous Data","E: Erroneous Data","E: Uncertainty","E: Uncertainty","E: Uncertainty","E: Uncertainty","E: Erroneous Data","E: Erroneous Data","E: Erroneous Data","E: Erroneous Data","E: Erroneous Data","E: Erroneous Data","E: Erroneous Data"
"2023-06-22 16:00:00","PM10",NA,NA,NA,NA,NA,NA,NA,NA,NA,NA,NA,NA,NA,NA,NA,NA,NA,NA,NA,NA,NA,NA,NA,NA,NA,NA,NA,NA,NA,NA,NA,NA,NA,NA,NA,NA,NA,NA,NA,NA,"E: Erroneous Data","E: Uncertainty","E: Erroneous Data","E: Erroneous Data","E: Erroneous Data","E: Erroneous Data","E: Erroneous Data","E: Erroneous Data","E: Erroneous Data","E: Erroneous Data","E: Erroneous Data","E: Erroneous Data","E: Erroneous Data","E: Uncertainty","E: Erroneous Data","E: Erroneous Data","E: Erroneous Data","E: Erroneous Data","E: Erroneous Data","E: Erroneous Data","E: Erroneous Data","E: Uncertainty","E: Erroneous Data","E: Erroneous Data","E: Erroneous Data","E: Erroneous Data","E: Uncertainty","E: Erroneous Data","E: Erroneous Data","E: Erroneous Data","E: Erroneous Data","E: Uncertainty","E: Uncertainty","E: Erroneous Data","E: Erroneous Data","E: Erroneous Data","E: Erroneous Data","E: Erroneous Data","E: Erroneous Data","E: Erroneous Data"
"2023-06-22 17:00:00","PM2.5",NA,NA,NA,NA,NA,NA,NA,NA,NA,NA,NA,NA,NA,NA,NA,NA,NA,NA,NA,NA,NA,NA,NA,NA,NA,NA,NA,NA,NA,NA,NA,NA,NA,NA,NA,NA,NA,NA,NA,NA,"E: Uncertainty","E: Uncertainty","E: Erroneous Data","E: Erroneous Data","E: Erroneous Data","E: Erroneous Data","E: Erroneous Data","E: Erroneous Data","E: Erroneous Data","E: Uncertainty","E: Uncertainty","E: Erroneous Data","E: Erroneous Data","E: Uncertainty","E: Erroneous Data","E: Erroneous Data","E: Erroneous Data","E: Erroneous Data","E: Erroneous Data","E: Uncertainty","E: Erroneous Data","E: Uncertainty","E: Erroneous Data","E: Erroneous Data","E: Erroneous Data","E: Uncertainty","E: Uncertainty","E: Uncertainty","E: Erroneous Data","E: Uncertainty","E: Uncertainty","E: Uncertainty","E: Uncertainty","E: Erroneous Data","E: Erroneous Data","E: Erroneous Data","E: Erroneous Data","E: Erroneous Data","E: Erroneous Data","E: Erroneous Data"
"2023-06-22 18:00:00","PM10",NA,0,0,473.7926,0,56.1418,170.9935,5.3645,NA,1.0636,1.5915,196.7745,0,NA,4.4705,21.8295,0,0,0.6756,NA,3.456,NA,0,NA,0,10.4121,0,NA,0,NA,0,NA,NA,0,0,0,0,0,1.4694,0,"E: Uncertainty",NA,NA,NA,NA,NA,NA,NA,"E: Uncertainty",NA,NA,NA,NA,"E: Uncertainty",NA,NA,NA,NA,NA,"E: Uncertainty",NA,"E: Uncertainty",NA,"E: Uncertainty",NA,NA,NA,"E: Uncertainty",NA,"E: Uncertainty",NA,"E: Uncertainty","E: Uncertainty",NA,NA,NA,NA,NA,NA,NA
"2023-06-22 19:00:00","PM2.5",NA,0,0,444.0292,0,46.1829,46.9742,1.3768,0,NA,1.0687,117.615,0,NA,3.4111,17.37,0,0,1.2775,0.6471,4.0352,NA,0,0,0,18.649,NA,0,0,0,NA,NA,2.7185,0,0,0,0,0,2.8209,0,"E: Uncertainty",NA,NA,NA,NA,NA,NA,NA,NA,"E: Uncertainty",NA,NA,NA,"E: Uncertainty",NA,NA,NA,NA,NA,NA,NA,"E: Uncertainty",NA,NA,NA,NA,"E: Uncertainty",NA,NA,NA,"E: Uncertainty","E: Uncertainty",NA,NA,NA,NA,NA,NA,NA,NA
"2023-06-22 20:00:00","PM10",NA,NA,0,465.5618,0,82.1328,146.4121,6.9524,0,2.0406,2.8346,325.8267,0,NA,6.9931,20.0029,0,0,1.1629,0.4323,3.9736,NA,0,0,0,15.7625,NA,0,0,NA,NA,NA,4.1341,0,0,0,0,0,2.9889,0,"E: Uncertainty","E: Uncertainty",NA,NA,NA,NA,NA,NA,NA,NA,NA,NA,NA,"E: Uncertainty",NA,NA,NA,NA,NA,NA,NA,"E: Uncertainty",NA,NA,NA,NA,"E: Uncertainty",NA,NA,"E: Uncertainty","E: Uncertainty","E: Uncertainty",NA,NA,NA,NA,NA,NA,NA,NA
"2023-06-22 21:00:00","PM2.5",0,0,0,423.5133,0,45.767,27.9045,2.4136,0,NA,0.9338,189.0301,0,0,7.085,15.7272,0,0,1.0386,NA,4.0963,NA,0,0,0,10.059,0,NA,0,0,NA,NA,NA,0,0,0,0,0,3.4162,0,NA,NA,NA,NA,NA,NA,NA,NA,NA,"E: Uncertainty",NA,NA,NA,NA,NA,NA,NA,NA,NA,"E: Uncertainty",NA,"E: Uncertainty",NA,NA,NA,NA,NA,"E: Uncertainty",NA,NA,"E: Uncertainty","E: Uncertainty","E: Uncertainty",NA,NA,NA,NA,NA,NA,NA
"2023-06-22 22:00:00","PM10",NA,NA,0,464.5896,0,68.6997,78.2194,3.7592,NA,1.054,2.8637,435.861,0,NA,9.0688,26.609,0,0,1.2751,NA,4.1365,NA,0,0,0,15.6167,0,NA,0,NA,NA,NA,5.7055,0,0,0,0,0,2.6153,0,"E: Uncertainty","E: Uncertainty",NA,NA,NA,NA,NA,NA,"E: Uncertainty",NA,NA,NA,NA,"E: Uncertainty",NA,NA,NA,NA,NA,"E: Uncertainty",NA,"E: Uncertainty",NA,NA,NA,NA,NA,"E: Uncertainty",NA,"E: Uncertainty","E: Uncertainty","E: Uncertainty",NA,NA,NA,NA,NA,NA,NA,NA
"2023-06-22 23:00:00","PM2.5",NA,0,0,403.9419,0,53.1955,38.4854,NA,0,NA,2.0496,293.3239,0,NA,4.9171,15.9266,0,0,0.7484,NA,4.6015,NA,0,0,0,16.9577,0,0,0,0,NA,NA,NA,0,0,0,0,0,3.9628,0,"E: Uncertainty",NA,NA,NA,NA,NA,NA,"E: Uncertainty",NA,"E: Uncertainty",NA,NA,NA,"E: Uncertainty",NA,NA,NA,NA,NA,"E: Uncertainty",NA,"E: Uncertainty",NA,NA,NA,NA,NA,NA,NA,NA,"E: Uncertainty","E: Uncertainty","E: Uncertainty",NA,NA,NA,NA,NA,NA,NA
"2023-06-23 00:30:00","PM10",NA,0,0,577.727,0,122.2229,195.9597,6.8167,0,1.566,5.5636,432.4448,NA,NA,27.0435,54.2281,0,0,2.962,NA,5.4229,NA,0,0,0,51.1683,NA,NA,0,0,NA,0,12.0751,0,0,0,0,0,12.0413,0,"E: Uncertainty",NA,NA,NA,NA,NA,NA,NA,NA,NA,NA,NA,"E: Uncertainty","E: Uncertainty",NA,NA,NA,NA,NA,"E: Uncertainty",NA,"E: Uncertainty",NA,NA,NA,NA,"E: Uncertainty","E: Uncertainty",NA,NA,"E: Uncertainty",NA,NA,NA,NA,NA,NA,NA,NA,NA
"2023-06-23 01:00:00","PM2.5",NA,0,NA,486.4922,0,76.0604,51.1223,3.1692,0,NA,3.535,210.6625,0,NA,46.8474,60.3405,0,0,2.7507,0.6895,6.0806,NA,0,NA,0,16.6161,NA,0,0,NA,0,NA,2.906,0,0,0,0,0,20.1317,0,"E: Uncertainty",NA,"E: Uncertainty",NA,NA,NA,NA,NA,NA,"E: Uncertainty",NA,NA,NA,"E: Uncertainty",NA,NA,NA,NA,NA,NA,NA,"E: Uncertainty",NA,"E: Uncertainty",NA,NA,"E: Uncertainty",NA,NA,"E: Uncertainty",NA,"E: Uncertainty",NA,NA,NA,NA,NA,NA,NA,NA
"2023-06-23 02:00:00","PM10",NA,0.7996,70.0521,601.465,0,102.8206,173.6408,6.1229,NA,1.1098,7.8046,338.45,0,NA,97.1842,112.9584,0,0,4.1461,1.417,7.7272,NA,0,0,0,NA,NA,NA,0,0,0,NA,10.0559,0,0,0,0,0,34.1007,0,"E: Uncertainty",NA,NA,NA,NA,NA,NA,NA,"E: Uncertainty",NA,NA,NA,NA,"E: Uncertainty",NA,NA,NA,NA,NA,NA,NA,"E: Uncertainty",NA,NA,NA,"E: Uncertainty","E: Uncertainty","E: Uncertainty",NA,NA,NA,"E: Uncertainty",NA,NA,NA,NA,NA,NA,NA,NA
"2023-06-23 03:00:00","PM2.5",NA,NA,NA,NA,NA,NA,NA,NA,NA,NA,NA,NA,NA,NA,NA,NA,NA,NA,NA,NA,NA,NA,NA,NA,NA,NA,NA,NA,NA,NA,NA,NA,NA,NA,NA,NA,NA,NA,NA,NA,"E: Uncertainty","E: Erroneous Data","E: Erroneous Data","E: Erroneous Data","E: Erroneous Data","E: Erroneous Data","E: Erroneous Data","E: Erroneous Data","E: Erroneous Data","E: Uncertainty","E: Erroneous Data","E: Erroneous Data","E: Erroneous Data","E: Erroneous Data","E: Erroneous Data","E: Erroneous Data","E: Erroneous Data","E: Erroneous Data","E: Erroneous Data","E: Erroneous Data","E: Erroneous Data","E: Uncertainty","E: Erroneous Data","E: Erroneous Data","E: Erroneous Data","E: Erroneous Data","E: Uncertainty","E: Uncertainty","E: Erroneous Data","E: Erroneous Data","E: Erroneous Data","E: Erroneous Data","E: Uncertainty","E: Erroneous Data","E: Uncertainty","E: Erroneous Data","E: Erroneous Data","E: Erroneous Data","E: Erroneous Data","E: Erroneous Data"
"2023-06-23 04:00:00","PM10",NA,NA,NA,NA,NA,NA,NA,NA,NA,NA,NA,NA,NA,NA,NA,NA,NA,NA,NA,NA,NA,NA,NA,NA,NA,NA,NA,NA,NA,NA,NA,NA,NA,NA,NA,NA,NA,NA,NA,NA,"E: Erroneous Data","E: Uncertainty","E: Uncertainty","E: Erroneous Data","E: Erroneous Data","E: Erroneous Data","E: Erroneous Data","E: Erroneous Data","E: Erroneous Data","E: Erroneous Data","E: Erroneous Data","E: Erroneous Data","E: Uncertainty","E: Uncertainty","E: Erroneous Data","E: Erroneous Data","E: Erroneous Data","E: Erroneous Data","E: Erroneous Data","E: Erroneous Data","E: Erroneous Data","E: Uncertainty","E: Erroneous Data","E: Erroneous Data","E: Erroneous Data","E: Erroneous Data","E: Uncertainty","E: Uncertainty","E: Erroneous Data","E: Uncertainty","E: Uncertainty","E: Uncertainty","E: Erroneous Data","E: Erroneous Data","E: Erroneous Data","E: Erroneous Data","E: Erroneous Data","E: Erroneous Data","E: Erroneous Data","E: Erroneous Data"
"2023-06-23 05:00:00","PM2.5",NA,NA,NA,NA,NA,NA,NA,NA,NA,NA,NA,NA,NA,NA,NA,NA,NA,NA,NA,NA,NA,NA,NA,NA,NA,NA,NA,NA,NA,NA,NA,NA,NA,NA,NA,NA,NA,NA,NA,NA,"E: Uncertainty","E: Erroneous Data","E: Erroneous Data","E: Erroneous Data","E: Erroneous Data","E: Erroneous Data","E: Erroneous Data","E: Erroneous Data","E: Erroneous Data","E: Uncertainty","E: Erroneous Data","E: Erroneous Data","E: Erroneous Data","E: Uncertainty","E: Erroneous Data","E: Erroneous Data","E: Erroneous Data","E: Erroneous Data","E: Erroneous Data","E: Uncertainty","E: Erroneous Data","E: Uncertainty","E: Erroneous Data","E: Erroneous Data","E: Erroneous Data","E: Erroneous Data","E: Uncertainty","E: Uncertainty","E: Erroneous Data","E: Erroneous Data","E: Erroneous Data","E: Erroneous Data","E: Uncertainty","E: Erroneous Data","E: Erroneous Data","E: Erroneous Data","E: Erroneous Data","E: Erroneous Data","E: Erroneous Data","E: Erroneous Data"
"2023-06-23 06:00:00","PM10",NA,NA,0,506.0718,0,73.2625,125.571,6.0227,0,1.5623,3.604,373.4276,0,NA,13.5367,38.5596,0,0,0.5912,0.6548,2.048,NA,0,NA,0,12.0225,NA,0,0,NA,NA,NA,6.4191,0,0,0,0,0,2.4946,0,"E: Uncertainty","E: Uncertainty",NA,NA,NA,NA,NA,NA,NA,NA,NA,NA,NA,"E: Uncertainty",NA,NA,NA,NA,NA,NA,NA,"E: Uncertainty",NA,"E: Uncertainty",NA,NA,"E: Uncertainty",NA,NA,"E: Uncertainty","E: Uncertainty","E: Uncertainty",NA,NA,NA,NA,NA,NA,NA,NA
"2023-06-23 07:00:00","PM2.5",NA,0,0,396.8987,0,46.3143,44.669,1.4271,0,NA,1.3353,132.2317,0,NA,3.9185,28.5303,0,0,NA,NA,2.5877,NA,0,NA,0,11.389,0,NA,0,0,NA,NA,NA,0,0,0,0,0,1.0173,0,"E: Uncertainty",NA,NA,NA,NA,NA,NA,NA,NA,"E: Uncertainty",NA,NA,NA,"E: Uncertainty",NA,NA,NA,NA,"E: Uncertainty","E: Uncertainty",NA,"E: Uncertainty",NA,"E: Uncertainty",NA,NA,NA,"E: Uncertainty",NA,NA,"E: Uncertainty","E: Uncertainty","E: Uncertainty",NA,NA,NA,NA,NA,NA,NA
"2023-06-23 08:00:00","PM10",NA,NA,0,418.9538,0,77.2189,202.6784,7.7166,NA,NA,1.5438,217.8008,0,0,5.7456,11.5768,0,0,0.7581,NA,2.3389,NA,NA,0,0,NA,NA,NA,0,NA,0,NA,0,0,NA,0,0,0,1.7092,0,"E: Uncertainty","E: Uncertainty",NA,NA,NA,NA,NA,NA,"E: Uncertainty","E: Uncertainty",NA,NA,NA,NA,NA,NA,NA,NA,NA,"E: Uncertainty",NA,"E: Uncertainty","E: Uncertainty",NA,NA,"E: Uncertainty","E: Uncertainty","E: Uncertainty",NA,"E: Uncertainty",NA,"E: Uncertainty",NA,NA,"E: Uncertainty",NA,NA,NA,NA,NA
"2023-06-23 09:00:00","PM2.5",NA,1.1364,0,500.2833,0,33.2015,46.5648,1.8687,0,0,0,58.5102,0,NA,10.2348,10.8033,0,0,3.1274,0,1.1847,0,0,0,0,16.591,NA,0,0,0,0,0,NA,0,0,0,0,0,47.7723,0,"E: Uncertainty",NA,NA,NA,NA,NA,NA,NA,NA,NA,NA,NA,NA,"E: Uncertainty",NA,NA,NA,NA,NA,NA,NA,NA,NA,NA,NA,NA,"E: Uncertainty",NA,NA,NA,NA,NA,"E: Uncertainty",NA,NA,NA,NA,NA,NA,NA
"2023-06-23 10:00:00","PM10",NA,NA,0,541.5504,0,76.0146,199.5832,6.502,0,0,1.328,166.0348,0,NA,4.897,9.1466,0,0,2.4463,NA,2.466,NA,0,0,0,12.7146,NA,NA,0,NA,0,NA,NA,0,0,0,0,0,2.0331,0,"E: Uncertainty","E: Uncertainty",NA,NA,NA,NA,NA,NA,NA,NA,NA,NA,NA,"E: Uncertainty",NA,NA,NA,NA,NA,"E: Uncertainty",NA,"E: Uncertainty",NA,NA,NA,NA,"E: Uncertainty","E: Uncertainty",NA,"E: Uncertainty",NA,"E: Uncertainty","E: Uncertainty",NA,NA,NA,NA,NA,NA,NA
"2023-06-23 11:00:00","PM2.5",0,0,0,414.5936,0,41.8211,53.5717,1.8318,NA,0,NA,59.1819,0,NA,2.0232,17.0486,0,0,0.6792,NA,2.0108,NA,0,0,0,NA,0,0,0,NA,NA,NA,0,0,NA,0,0,0,NA,0,NA,NA,NA,NA,NA,NA,NA,NA,"E: Uncertainty",NA,"E: Uncertainty",NA,NA,"E: Uncertainty",NA,NA,NA,NA,NA,"E: Uncertainty",NA,"E: Uncertainty",NA,NA,NA,"E: Uncertainty",NA,NA,NA,"E: Uncertainty","E: Uncertainty","E: Uncertainty",NA,NA,"E: Uncertainty",NA,NA,NA,"E: Uncertainty",NA
"2023-06-23 12:00:00","PM10",NA,NA,0,483.9388,0,78.1383,180.7289,4.7993,NA,0,1.6806,118.675,NA,0,2.6596,12.0573,0,0,1.001,NA,2.7404,NA,0,0,0,15.0379,0,NA,0,0,NA,NA,NA,0,0,0,0,0,3.5491,0,"E: Uncertainty","E: Uncertainty",NA,NA,NA,NA,NA,NA,"E: Uncertainty",NA,NA,NA,"E: Uncertainty",NA,NA,NA,NA,NA,NA,"E: Uncertainty",NA,"E: Uncertainty",NA,NA,NA,NA,NA,"E: Uncertainty",NA,NA,"E: Uncertainty","E: Uncertainty","E: Uncertainty",NA,NA,NA,NA,NA,NA,NA
"2023-06-23 13:00:00","PM2.5",NA,0,0,544.5043,0,46.2078,62.9881,1.5428,NA,NA,1.8983,83.444,0,0.4828,1.8839,17.7082,0,0,0,NA,2.6905,NA,0,0,0,17.8336,NA,NA,0,0,NA,NA,NA,0,0,0,0,0,2.1272,0,"E: Uncertainty",NA,NA,NA,NA,NA,NA,NA,"E: Uncertainty","E: Uncertainty",NA,NA,NA,NA,NA,NA,NA,NA,NA,"E: Uncertainty",NA,"E: Uncertainty",NA,NA,NA,NA,"E: Uncertainty","E: Uncertainty",NA,NA,"E: Uncertainty","E: Uncertainty","E: Uncertainty",NA,NA,NA,NA,NA,NA,NA
"2023-06-23 14:00:00","PM10",NA,NA,0,632.3722,0,83.6331,367.506,9.9175,0,NA,3.3466,207.8577,0,NA,3.6627,16.3078,0,0,1.3532,NA,2.8225,NA,0,0,0,NA,NA,NA,0,NA,NA,NA,NA,0,0,0,0,0,NA,0,"E: Uncertainty","E: Uncertainty",NA,NA,NA,NA,NA,NA,NA,"E: Uncertainty",NA,NA,NA,"E: Uncertainty",NA,NA,NA,NA,NA,"E: Uncertainty",NA,"E: Uncertainty",NA,NA,NA,"E: Uncertainty","E: Uncertainty","E: Uncertainty",NA,"E: Uncertainty","E: Uncertainty","E: Uncertainty","E: Uncertainty",NA,NA,NA,NA,NA,"E: Uncertainty",NA
"2023-06-23 15:00:00","PM2.5",NA,NA,NA,NA,NA,NA,NA,NA,NA,NA,NA,NA,NA,NA,NA,NA,NA,NA,NA,NA,NA,NA,NA,NA,NA,NA,NA,NA,NA,NA,NA,NA,NA,NA,NA,NA,NA,NA,NA,NA,"E: Erroneous Data","E: Erroneous Data","E: Uncertainty","E: Erroneous Data","E: Erroneous Data","E: Erroneous Data","E: Erroneous Data","E: Erroneous Data","E: Uncertainty","E: Erroneous Data","E: Uncertainty","E: Erroneous Data","E: Erroneous Data","E: Uncertainty","E: Erroneous Data","E: Erroneous Data","E: Erroneous Data","E: Erroneous Data","E: Erroneous Data","E: Erroneous Data","E: Erroneous Data","E: Uncertainty","E: Erroneous Data","E: Erroneous Data","E: Erroneous Data","E: Uncertainty","E: Uncertainty","E: Erroneous Data","E: Erroneous Data","E: Erroneous Data","E: Uncertainty","E: Uncertainty","E: Erroneous Data","E: Erroneous Data","E: Erroneous Data","E: Erroneous Data","E: Erroneous Data","E: Erroneous Data","E: Uncertainty","E: Erroneous Data"
"2023-06-23 16:00:00","PM10",NA,NA,NA,NA,NA,NA,NA,NA,NA,NA,NA,NA,NA,NA,NA,NA,NA,NA,NA,NA,NA,NA,NA,NA,NA,NA,NA,NA,NA,NA,NA,NA,NA,NA,NA,NA,NA,NA,NA,NA,"E: Erroneous Data","E: Uncertainty","E: Erroneous Data","E: Erroneous Data","E: Erroneous Data","E: Erroneous Data","E: Erroneous Data","E: Erroneous Data","E: Uncertainty","E: Uncertainty","E: Erroneous Data","E: Erroneous Data","E: Erroneous Data","E: Uncertainty","E: Erroneous Data","E: Erroneous Data","E: Erroneous Data","E: Erroneous Data","E: Erroneous Data","E: Uncertainty","E: Erroneous Data","E: Uncertainty","E: Erroneous Data","E: Uncertainty","E: Erroneous Data","E: Erroneous Data","E: Erroneous Data","E: Uncertainty","E: Erroneous Data","E: Uncertainty","E: Uncertainty","E: Uncertainty","E: Uncertainty","E: Erroneous Data","E: Erroneous Data","E: Erroneous Data","E: Erroneous Data","E: Erroneous Data","E: Erroneous Data","E: Erroneous Data"
"2023-06-23 17:00:00","PM2.5",NA,NA,NA,NA,NA,NA,NA,NA,NA,NA,NA,NA,NA,NA,NA,NA,NA,NA,NA,NA,NA,NA,NA,NA,NA,NA,NA,NA,NA,NA,NA,NA,NA,NA,NA,NA,NA,NA,NA,NA,"E: Uncertainty","E: Erroneous Data","E: Erroneous Data","E: Erroneous Data","E: Erroneous Data","E: Erroneous Data","E: Erroneous Data","E: Uncertainty","E: Erroneous Data","E: Uncertainty","E: Uncertainty","E: Erroneous Data","E: Erroneous Data","E: Erroneous Data","E: Erroneous Data","E: Erroneous Data","E: Erroneous Data","E: Erroneous Data","E: Uncertainty","E: Erroneous Data","E: Erroneous Data","E: Uncertainty","E: Erroneous Data","E: Erroneous Data","E: Erroneous Data","E: Erroneous Data","E: Erroneous Data","E: Uncertainty","E: Erroneous Data","E: Erroneous Data","E: Erroneous Data","E: Uncertainty","E: Uncertainty","E: Erroneous Data","E: Erroneous Data","E: Erroneous Data","E: Erroneous Data","E: Erroneous Data","E: Erroneous Data","E: Erroneous Data"
"2023-06-23 18:00:00","PM10",NA,NA,NA,NA,NA,NA,NA,NA,NA,NA,NA,NA,NA,NA,NA,NA,NA,NA,NA,NA,NA,NA,NA,NA,NA,NA,NA,NA,NA,NA,NA,NA,NA,NA,NA,NA,NA,NA,NA,NA,"E: Erroneous Data","E: Uncertainty","E: Erroneous Data","E: Erroneous Data","E: Erroneous Data","E: Erroneous Data","E: Erroneous Data","E: Erroneous Data","E: Uncertainty","E: Uncertainty","E: Erroneous Data","E: Erroneous Data","E: Erroneous Data","E: Uncertainty","E: Erroneous Data","E: Erroneous Data","E: Erroneous Data","E: Erroneous Data","E: Erroneous Data","E: Erroneous Data","E: Erroneous Data","E: Uncertainty","E: Erroneous Data","E: Erroneous Data","E: Erroneous Data","E: Erroneous Data","E: Erroneous Data","E: Erroneous Data","E: Erroneous Data","E: Erroneous Data","E: Erroneous Data","E: Uncertainty","E: Uncertainty","E: Erroneous Data","E: Erroneous Data","E: Erroneous Data","E: Erroneous Data","E: Erroneous Data","E: Erroneous Data","E: Erroneous Data"
"2023-06-23 19:00:00","PM2.5",NA,NA,NA,NA,NA,NA,NA,NA,NA,NA,NA,NA,NA,NA,NA,NA,NA,NA,NA,NA,NA,NA,NA,NA,NA,NA,NA,NA,NA,NA,NA,NA,NA,NA,NA,NA,NA,NA,NA,NA,"E: Uncertainty","E: Erroneous Data","E: Erroneous Data","E: Erroneous Data","E: Erroneous Data","E: Erroneous Data","E: Erroneous Data","E: Erroneous Data","E: Uncertainty","E: Erroneous Data","E: Erroneous Data","E: Erroneous Data","E: Erroneous Data","E: Uncertainty","E: Erroneous Data","E: Erroneous Data","E: Erroneous Data","E: Erroneous Data","E: Erroneous Data","E: Uncertainty","E: Erroneous Data","E: Uncertainty","E: Erroneous Data","E: Uncertainty","E: Erroneous Data","E: Erroneous Data","E: Uncertainty","E: Erroneous Data","E: Erroneous Data","E: Erroneous Data","E: Uncertainty","E: Uncertainty","E: Uncertainty","E: Erroneous Data","E: Erroneous Data","E: Erroneous Data","E: Erroneous Data","E: Erroneous Data","E: Erroneous Data","E: Erroneous Data"
"2023-06-23 20:00:00","PM10",NA,NA,0,727.1059,0,79.5788,170.2167,5.0513,NA,NA,4.0995,185.7205,0,0,3.8729,28.7888,0,0,NA,NA,2.1209,NA,0,NA,0,NA,0,NA,0,0,NA,0,NA,0,0,0,0,0,7.6419,0,"E: Uncertainty","E: Uncertainty",NA,NA,NA,NA,NA,NA,"E: Uncertainty","E: Uncertainty",NA,NA,NA,NA,NA,NA,NA,NA,"E: Uncertainty","E: Uncertainty",NA,"E: Uncertainty",NA,"E: Uncertainty",NA,"E: Uncertainty",NA,"E: Uncertainty",NA,NA,"E: Uncertainty",NA,"E: Uncertainty",NA,NA,NA,NA,NA,NA,NA
"2023-06-23 21:00:00","PM2.5",NA,0,0,480.5714,0,37.8174,27.0068,1.7572,NA,NA,NA,70.4471,NA,0,2.0777,8.4768,0,0,0.8881,NA,2.116,NA,0,0,0,17.1827,NA,0,0,0,NA,NA,0,0,0,0,0,0,NA,0,"E: Uncertainty",NA,NA,NA,NA,NA,NA,NA,"E: Uncertainty","E: Uncertainty","E: Uncertainty",NA,"E: Uncertainty",NA,NA,NA,NA,NA,NA,"E: Uncertainty",NA,"E: Uncertainty",NA,NA,NA,NA,"E: Uncertainty",NA,NA,NA,"E: Uncertainty","E: Uncertainty",NA,NA,NA,NA,NA,NA,"E: Uncertainty",NA
"2023-06-23 22:00:00","PM10",NA,0,0,563.5131,82.9102,72.6505,86.2415,3.9845,NA,NA,1.1889,167.4912,0,NA,5.0208,9.5424,0,0,1.0798,NA,10.5438,NA,0,0,0,NA,NA,0,0,NA,NA,0,NA,0,0,0,0,0,2.5319,0,"E: Uncertainty",NA,NA,NA,NA,NA,NA,NA,"E: Uncertainty","E: Uncertainty",NA,NA,NA,"E: Uncertainty",NA,NA,NA,NA,NA,"E: Uncertainty",NA,"E: Uncertainty",NA,NA,NA,"E: Uncertainty","E: Uncertainty",NA,NA,"E: Uncertainty","E: Uncertainty",NA,"E: Uncertainty",NA,NA,NA,NA,NA,NA,NA
"2023-06-23 23:00:00","PM2.5",0,0,0,389.6805,0,89.1929,23.6208,NA,NA,0,NA,53.6263,NA,NA,3.069,6.3503,0,0,0,0,2.1295,NA,0,0,NA,17.2877,0,0,0,0,NA,NA,NA,0,0,0,0,0,2.2343,0,NA,NA,NA,NA,NA,NA,NA,"E: Uncertainty","E: Uncertainty",NA,"E: Uncertainty",NA,"E: Uncertainty","E: Uncertainty",NA,NA,NA,NA,NA,NA,NA,"E: Uncertainty",NA,NA,"E: Uncertainty",NA,NA,NA,NA,NA,"E: Uncertainty","E: Uncertainty","E: Uncertainty",NA,NA,NA,NA,NA,NA,NA
"2023-06-24 00:30:00","PM10",NA,0,0,553.0973,192.1419,90.2914,99.834,NA,0,NA,0,80.3223,0,0,2.5789,11.6514,0,0,NA,NA,2.3629,NA,0,0,0,24.5277,0,NA,0,NA,NA,NA,NA,0,0,0,0,0,3.6255,0,"E: Uncertainty",NA,NA,NA,NA,NA,NA,"E: Uncertainty",NA,"E: Uncertainty",NA,NA,NA,NA,NA,NA,NA,NA,"E: Uncertainty","E: Uncertainty",NA,"E: Uncertainty",NA,NA,NA,NA,NA,"E: Uncertainty",NA,"E: Uncertainty","E: Uncertainty","E: Uncertainty","E: Uncertainty",NA,NA,NA,NA,NA,NA,NA
"2023-06-24 01:00:00","PM2.5",NA,0,0,524.4709,52.9677,44.3129,22.4999,NA,NA,0,0,27.7218,0,NA,0.9426,8.988,0,0,NA,NA,3.0029,NA,0,0,0,NA,0,NA,0,0,NA,NA,NA,0,0,0,0,0,2.7212,0,"E: Uncertainty",NA,NA,NA,NA,NA,NA,"E: Uncertainty","E: Uncertainty",NA,NA,NA,NA,"E: Uncertainty",NA,NA,NA,NA,"E: Uncertainty","E: Uncertainty",NA,"E: Uncertainty",NA,NA,NA,"E: Uncertainty",NA,"E: Uncertainty",NA,NA,"E: Uncertainty","E: Uncertainty","E: Uncertainty",NA,NA,NA,NA,NA,NA,NA
"2023-06-24 02:00:00","PM10",NA,0.3629,0,626.6316,738.8349,81.9827,95.0007,1.5376,0,NA,NA,56.1052,0.0105,NA,1.0815,18.0011,0,0,0.7996,NA,2.6415,NA,0,0,0,17.5243,NA,NA,0,0,0,0,NA,0,0,0,0,0,2.4634,0,"E: Uncertainty",NA,NA,NA,NA,NA,NA,NA,NA,"E: Uncertainty","E: Uncertainty",NA,NA,"E: Uncertainty",NA,NA,NA,NA,NA,"E: Uncertainty",NA,"E: Uncertainty",NA,NA,NA,NA,"E: Uncertainty","E: Uncertainty",NA,NA,NA,NA,"E: Uncertainty",NA,NA,NA,NA,NA,NA,NA
"2023-06-24 03:00:00","PM2.5",668.7141,0,0,564.9918,83.4189,38.1396,23.8121,NA,0,0,NA,29.417,0,NA,0.7026,12.387,0,0,0,0.4418,2.5513,NA,0,0,0,9.106,0,NA,0,NA,NA,0,0,0,0,0,0,0,3.5307,0,NA,NA,NA,NA,NA,NA,NA,"E: Uncertainty",NA,NA,"E: Uncertainty",NA,NA,"E: Uncertainty",NA,NA,NA,NA,NA,NA,NA,"E: Uncertainty",NA,NA,NA,NA,NA,"E: Uncertainty",NA,"E: Uncertainty","E: Uncertainty",NA,NA,NA,NA,NA,NA,NA,NA,NA
"2023-06-24 04:00:00","PM10",NA,0,0,706.8301,590.1004,88.3795,90.436,2.724,NA,0,NA,58.6691,NA,NA,1.6031,12.7511,0,0,NA,NA,3.2516,NA,0,0,0,NA,0,NA,0,NA,NA,0,0,0,0,0,0,0,2.4704,0,"E: Uncertainty",NA,NA,NA,NA,NA,NA,NA,"E: Uncertainty",NA,"E: Uncertainty",NA,"E: Uncertainty","E: Uncertainty",NA,NA,NA,NA,"E: Uncertainty","E: Uncertainty",NA,"E: Uncertainty",NA,NA,NA,"E: Uncertainty",NA,"E: Uncertainty",NA,"E: Uncertainty","E: Uncertainty",NA,NA,NA,NA,NA,NA,NA,NA,NA
"2023-06-24 05:00:00","PM2.5",NA,0,0,707.9977,NA,46.6626,25.5057,NA,0.831,0,NA,29.3645,0,NA,1.0041,11.0401,0,0,0.7151,NA,2.5683,NA,0,0,0,10.0638,0,NA,0,NA,NA,NA,0,0,0,0,0,0,NA,0,"E: Uncertainty",NA,NA,NA,"E: Uncertainty",NA,NA,"E: Uncertainty",NA,NA,"E: Uncertainty",NA,NA,"E: Uncertainty",NA,NA,NA,NA,NA,"E: Uncertainty",NA,"E: Uncertainty",NA,NA,NA,NA,NA,"E: Uncertainty",NA,"E: Uncertainty","E: Uncertainty","E: Uncertainty",NA,NA,NA,NA,NA,NA,"E: Uncertainty",NA
"2023-06-24 06:00:00","PM10",NA,0,0,711.2064,367.4168,64.3164,80.4363,2.5836,NA,NA,NA,76.4594,0,NA,2.1957,8.8524,0,0,NA,NA,3.9817,NA,0,0,0,NA,NA,0,0,NA,NA,0,NA,0,0,0,0,0,1.1363,0,"E: Uncertainty",NA,NA,NA,NA,NA,NA,NA,"E: Uncertainty","E: Uncertainty","E: Uncertainty",NA,NA,"E: Uncertainty",NA,NA,NA,NA,"E: Uncertainty","E: Uncertainty",NA,"E: Uncertainty",NA,NA,NA,"E: Uncertainty","E: Uncertainty",NA,NA,"E: Uncertainty","E: Uncertainty",NA,"E: Uncertainty",NA,NA,NA,NA,NA,NA,NA
"2023-06-24 07:00:00","PM2.5",0,0,0,692.8605,NA,33.1948,24.9206,NA,0.8186,NA,NA,39.2969,NA,NA,1.6727,15.031,0,NA,NA,NA,2.3756,NA,0,0,0,14.9261,0,NA,0,0,0,NA,0,0,0,0,0,0,2.3131,0,NA,NA,NA,NA,"E: Uncertainty",NA,NA,"E: Uncertainty",NA,"E: Uncertainty","E: Uncertainty",NA,"E: Uncertainty","E: Uncertainty",NA,NA,NA,"E: Uncertainty","E: Uncertainty","E: Uncertainty",NA,"E: Uncertainty",NA,NA,NA,NA,NA,"E: Uncertainty",NA,NA,NA,"E: Uncertainty",NA,NA,NA,NA,NA,NA,NA,NA
"2023-06-24 08:00:00","PM10",NA,0,0,734.982,193.5723,59.8102,100.0685,2.2045,NA,NA,NA,88.2544,NA,NA,2.8751,14.6384,0,0,0,NA,3.1432,NA,0,0,0,NA,NA,0,0,NA,NA,0,NA,0,0,0,0,0,3.2485,0,"E: Uncertainty",NA,NA,NA,NA,NA,NA,NA,"E: Uncertainty","E: Uncertainty","E: Uncertainty",NA,"E: Uncertainty","E: Uncertainty",NA,NA,NA,NA,NA,"E: Uncertainty",NA,"E: Uncertainty",NA,NA,NA,"E: Uncertainty","E: Uncertainty",NA,NA,"E: Uncertainty","E: Uncertainty",NA,"E: Uncertainty",NA,NA,NA,NA,NA,NA,NA
"2023-06-24 09:00:00","PM2.5",NA,NA,NA,NA,NA,NA,NA,NA,NA,NA,NA,NA,NA,NA,NA,NA,NA,NA,NA,NA,NA,NA,NA,NA,NA,NA,NA,NA,NA,NA,NA,NA,NA,NA,NA,NA,NA,NA,NA,NA,"E: Uncertainty","E: Erroneous Data","E: Erroneous Data","E: Erroneous Data","E: Erroneous Data","E: Erroneous Data","E: Erroneous Data","E: Erroneous Data","E: Uncertainty","E: Erroneous Data","E: Erroneous Data","E: Erroneous Data","E: Erroneous Data","E: Uncertainty","E: Erroneous Data","E: Erroneous Data","E: Erroneous Data","E: Erroneous Data","E: Uncertainty","E: Uncertainty","E: Erroneous Data","E: Uncertainty","E: Erroneous Data","E: Erroneous Data","E: Erroneous Data","E: Erroneous Data","E: Uncertainty","E: Erroneous Data","E: Erroneous Data","E: Uncertainty","E: Erroneous Data","E: Erroneous Data","E: Erroneous Data","E: Erroneous Data","E: Erroneous Data","E: Erroneous Data","E: Erroneous Data","E: Erroneous Data","E: Erroneous Data","E: Erroneous Data"
"2023-06-24 10:00:00","PM10",NA,NA,NA,NA,NA,NA,NA,NA,NA,NA,NA,NA,NA,NA,NA,NA,NA,NA,NA,NA,NA,NA,NA,NA,NA,NA,NA,NA,NA,NA,NA,NA,NA,NA,NA,NA,NA,NA,NA,NA,"E: Erroneous Data","E: Uncertainty","E: Erroneous Data","E: Erroneous Data","E: Erroneous Data","E: Erroneous Data","E: Erroneous Data","E: Erroneous Data","E: Erroneous Data","E: Uncertainty","E: Uncertainty","E: Erroneous Data","E: Uncertainty","E: Uncertainty","E: Erroneous Data","E: Erroneous Data","E: Erroneous Data","E: Erroneous Data","E: Erroneous Data","E: Uncertainty","E: Erroneous Data","E: Erroneous Data","E: Erroneous Data","E: Erroneous Data","E: Erroneous Data","E: Erroneous Data","E: Erroneous Data","E: Uncertainty","E: Uncertainty","E: Uncertainty","E: Uncertainty","E: Uncertainty","E: Uncertainty","E: Erroneous Data","E: Erroneous Data","E: Erroneous Data","E: Erroneous Data","E: Erroneous Data","E: Erroneous Data","E: Erroneous Data"
"2023-06-24 11:00:00","PM2.5",NA,NA,NA,NA,NA,NA,NA,NA,NA,NA,NA,NA,NA,NA,NA,NA,NA,NA,NA,NA,NA,NA,NA,NA,NA,NA,NA,NA,NA,NA,NA,NA,NA,NA,NA,NA,NA,NA,NA,NA,"E: Uncertainty","E: Uncertainty","E: Erroneous Data","E: Erroneous Data","E: Erroneous Data","E: Erroneous Data","E: Erroneous Data","E: Uncertainty","E: Uncertainty","E: Erroneous Data","E: Erroneous Data","E: Erroneous Data","E: Uncertainty","E: Uncertainty","E: Erroneous Data","E: Erroneous Data","E: Erroneous Data","E: Erroneous Data","E: Erroneous Data","E: Erroneous Data","E: Erroneous Data","E: Uncertainty","E: Erroneous Data","E: Uncertainty","E: Erroneous Data","E: Erroneous Data","E: Uncertainty","E: Erroneous Data","E: Erroneous Data","E: Uncertainty","E: Uncertainty","E: Uncertainty","E: Uncertainty","E: Erroneous Data","E: Erroneous Data","E: Erroneous Data","E: Erroneous Data","E: Erroneous Data","E: Erroneous Data","E: Erroneous Data"
"2023-06-24 12:00:00","PM10",NA,NA,NA,NA,NA,NA,NA,NA,NA,NA,NA,NA,NA,NA,NA,NA,NA,NA,NA,NA,NA,NA,NA,NA,NA,NA,NA,NA,NA,NA,NA,NA,NA,NA,NA,NA,NA,NA,NA,NA,"E: Erroneous Data","E: Uncertainty","E: Erroneous Data","E: Erroneous Data","E: Erroneous Data","E: Erroneous Data","E: Erroneous Data","E: Erroneous Data","E: Uncertainty","E: Uncertainty","E: Uncertainty","E: Erroneous Data","E: Erroneous Data","E: Uncertainty","E: Erroneous Data","E: Erroneous Data","E: Erroneous Data","E: Erroneous Data","E: Erroneous Data","E: Erroneous Data","E: Erroneous Data","E: Uncertainty","E: Erroneous Data","E: Uncertainty","E: Erroneous Data","E: Erroneous Data","E: Uncertainty","E: Erroneous Data","E: Erroneous Data","E: Erroneous Data","E: Erroneous Data","E: Uncertainty","E: Uncertainty","E: Erroneous Data","E: Erroneous Data","E: Erroneous Data","E: Erroneous Data","E: Erroneous Data","E: Erroneous Data","E: Erroneous Data"
"2023-06-24 13:00:00","PM2.5",NA,NA,NA,NA,NA,NA,NA,NA,NA,NA,NA,NA,NA,NA,NA,NA,NA,NA,NA,NA,NA,NA,NA,NA,NA,NA,NA,NA,NA,NA,NA,NA,NA,NA,NA,NA,NA,NA,NA,NA,"E: Uncertainty","E: Erroneous Data","E: Erroneous Data","E: Erroneous Data","E: Erroneous Data","E: Erroneous Data","E: Erroneous Data","E: Uncertainty","E: Uncertainty","E: Uncertainty","E: Erroneous Data","E: Erroneous Data","E: Erroneous Data","E: Uncertainty","E: Erroneous Data","E: Erroneous Data","E: Uncertainty","E: Erroneous Data","E: Erroneous Data","E: Uncertainty","E: Erroneous Data","E: Uncertainty","E: Erroneous Data","E: Erroneous Data","E: Erroneous Data","E: Uncertainty","E: Erroneous Data","E: Erroneous Data","E: Erroneous Data","E: Uncertainty","E: Uncertainty","E: Uncertainty","E: Uncertainty","E: Erroneous Data","E: Erroneous Data","E: Erroneous Data","E: Erroneous Data","E: Erroneous Data","E: Uncertainty","E: Erroneous Data"
"2023-06-24 14:00:00","PM10",NA,NA,0,389.6537,0,57.4845,83.0746,4.5285,0,NA,NA,74.2693,0,NA,2.7482,4.3207,0,0,0.966,0,1.7576,NA,0,NA,0,NA,NA,NA,0,0,0,0,NA,0,0,0,0,0,2.423,0,"E: Uncertainty","E: Uncertainty",NA,NA,NA,NA,NA,NA,NA,"E: Uncertainty","E: Uncertainty",NA,NA,"E: Uncertainty",NA,NA,NA,NA,NA,NA,NA,"E: Uncertainty",NA,"E: Uncertainty",NA,"E: Uncertainty","E: Uncertainty","E: Uncertainty",NA,NA,NA,NA,"E: Uncertainty",NA,NA,NA,NA,NA,NA,NA
"2023-06-24 15:00:00","PM2.5",NA,NA,NA,NA,NA,NA,NA,NA,NA,NA,NA,NA,NA,NA,NA,NA,NA,NA,NA,NA,NA,NA,NA,NA,NA,NA,NA,NA,NA,NA,NA,NA,NA,NA,NA,NA,NA,NA,NA,NA,"E: Erroneous Data","E: Erroneous Data","E: Erroneous Data","E: Erroneous Data","E: Erroneous Data","E: Erroneous Data","E: Erroneous Data","E: Erroneous Data","E: Erroneous Data","E: Uncertainty","E: Erroneous Data","E: Erroneous Data","E: Erroneous Data","E: Uncertainty","E: Erroneous Data","E: Erroneous Data","E: Erroneous Data","E: Erroneous Data","E: Erroneous Data","E: Uncertainty","E: Erroneous Data","E: Uncertainty","E: Erroneous Data","E: Erroneous Data","E: Uncertainty","E: Erroneous Data","E: Erroneous Data","E: Uncertainty","E: Erroneous Data","E: Erroneous Data","E: Uncertainty","E: Uncertainty","E: Uncertainty","E: Erroneous Data","E: Erroneous Data","E: Erroneous Data","E: Erroneous Data","E: Erroneous Data","E: Erroneous Data","E: Erroneous Data"
"2023-06-24 16:00:00","PM10",NA,NA,NA,NA,NA,NA,NA,NA,NA,NA,NA,NA,NA,NA,NA,NA,NA,NA,NA,NA,NA,NA,NA,NA,NA,NA,NA,NA,NA,NA,NA,NA,NA,NA,NA,NA,NA,NA,NA,NA,"E: Erroneous Data","E: Uncertainty","E: Erroneous Data","E: Erroneous Data","E: Erroneous Data","E: Erroneous Data","E: Erroneous Data","E: Erroneous Data","E: Uncertainty","E: Uncertainty","E: Uncertainty","E: Erroneous Data","E: Erroneous Data","E: Erroneous Data","E: Erroneous Data","E: Erroneous Data","E: Erroneous Data","E: Erroneous Data","E: Erroneous Data","E: Erroneous Data","E: Erroneous Data","E: Uncertainty","E: Erroneous Data","E: Erroneous Data","E: Erroneous Data","E: Erroneous Data","E: Erroneous Data","E: Erroneous Data","E: Erroneous Data","E: Uncertainty","E: Uncertainty","E: Uncertainty","E: Uncertainty","E: Erroneous Data","E: Erroneous Data","E: Erroneous Data","E: Erroneous Data","E: Erroneous Data","E: Erroneous Data","E: Erroneous Data"
"2023-06-24 17:00:00","PM2.5",NA,NA,NA,NA,NA,NA,NA,NA,NA,NA,NA,NA,NA,NA,NA,NA,NA,NA,NA,NA,NA,NA,NA,NA,NA,NA,NA,NA,NA,NA,NA,NA,NA,NA,NA,NA,NA,NA,NA,NA,"E: Uncertainty","E: Erroneous Data","E: Erroneous Data","E: Erroneous Data","E: Erroneous Data","E: Erroneous Data","E: Erroneous Data","E: Erroneous Data","E: Uncertainty","E: Uncertainty","E: Uncertainty","E: Erroneous Data","E: Erroneous Data","E: Uncertainty","E: Erroneous Data","E: Erroneous Data","E: Erroneous Data","E: Erroneous Data","E: Erroneous Data","E: Uncertainty","E: Erroneous Data","E: Uncertainty","E: Erroneous Data","E: Erroneous Data","E: Erroneous Data","E: Uncertainty","E: Erroneous Data","E: Uncertainty","E: Erroneous Data","E: Erroneous Data","E: Uncertainty","E: Uncertainty","E: Uncertainty","E: Erroneous Data","E: Erroneous Data","E: Erroneous Data","E: Erroneous Data","E: Erroneous Data","E: Erroneous Data","E: Erroneous Data"
"2023-06-24 18:00:00","PM10",NA,NA,NA,NA,NA,NA,NA,NA,NA,NA,NA,NA,NA,NA,NA,NA,NA,NA,NA,NA,NA,NA,NA,NA,NA,NA,NA,NA,NA,NA,NA,NA,NA,NA,NA,NA,NA,NA,NA,NA,"E: Erroneous Data","E: Erroneous Data","E: Erroneous Data","E: Erroneous Data","E: Erroneous Data","E: Erroneous Data","E: Erroneous Data","E: Erroneous Data","E: Uncertainty","E: Uncertainty","E: Erroneous Data","E: Erroneous Data","E: Erroneous Data","E: Erroneous Data","E: Erroneous Data","E: Erroneous Data","E: Erroneous Data","E: Erroneous Data","E: Erroneous Data","E: Uncertainty","E: Erroneous Data","E: Uncertainty","E: Erroneous Data","E: Erroneous Data","E: Erroneous Data","E: Erroneous Data","E: Erroneous Data","E: Uncertainty","E: Erroneous Data","E: Erroneous Data","E: Erroneous Data","E: Erroneous Data","E: Uncertainty","E: Erroneous Data","E: Erroneous Data","E: Erroneous Data","E: Erroneous Data","E: Erroneous Data","E: Erroneous Data","E: Erroneous Data"
"2023-06-24 19:00:00","PM2.5",NA,NA,NA,NA,NA,NA,NA,NA,NA,NA,NA,NA,NA,NA,NA,NA,NA,NA,NA,NA,NA,NA,NA,NA,NA,NA,NA,NA,NA,NA,NA,NA,NA,NA,NA,NA,NA,NA,NA,NA,"E: Erroneous Data","E: Erroneous Data","E: Erroneous Data","E: Erroneous Data","E: Erroneous Data","E: Erroneous Data","E: Erroneous Data","E: Erroneous Data","E: Erroneous Data","E: Uncertainty","E: Uncertainty","E: Erroneous Data","E: Erroneous Data","E: Uncertainty","E: Erroneous Data","E: Erroneous Data","E: Erroneous Data","E: Erroneous Data","E: Erroneous Data","E: Uncertainty","E: Erroneous Data","E: Uncertainty","E: Erroneous Data","E: Erroneous Data","E: Erroneous Data","E: Uncertainty","E: Uncertainty","E: Uncertainty","E: Erroneous Data","E: Uncertainty","E: Uncertainty","E: Uncertainty","E: Uncertainty","E: Erroneous Data","E: Erroneous Data","E: Erroneous Data","E: Erroneous Data","E: Erroneous Data","E: Erroneous Data","E: Erroneous Data"
"2023-06-24 20:00:00","PM10",NA,NA,0,402.9463,0,70.9545,87.0081,3.0733,0.0112,NA,NA,192.1026,0,0,4.628,12.0289,0,0,0,0,3.4204,NA,0,0,0,9.7969,NA,0,0,NA,NA,NA,3.0676,0,0,0,0,0,2.1668,0,"E: Uncertainty","E: Uncertainty",NA,NA,NA,NA,NA,NA,NA,"E: Uncertainty","E: Uncertainty",NA,NA,NA,NA,NA,NA,NA,NA,NA,NA,"E: Uncertainty",NA,NA,NA,NA,"E: Uncertainty",NA,NA,"E: Uncertainty","E: Uncertainty","E: Uncertainty",NA,NA,NA,NA,NA,NA,NA,NA
"2023-06-24 21:00:00","PM2.5",NA,0,0,335.2055,0,53.6821,25.2852,1.4514,NA,0,NA,78.065,NA,0,2.1944,10.7438,0,0,NA,NA,3.1987,NA,0,0,0,21.128,NA,NA,0,0,NA,NA,NA,0,0,0,NA,0,1.7602,0,"E: Uncertainty",NA,NA,NA,NA,NA,NA,NA,"E: Uncertainty",NA,"E: Uncertainty",NA,"E: Uncertainty",NA,NA,NA,NA,NA,"E: Uncertainty","E: Uncertainty",NA,"E: Uncertainty",NA,NA,NA,NA,"E: Uncertainty","E: Uncertainty",NA,NA,"E: Uncertainty","E: Uncertainty","E: Uncertainty",NA,NA,NA,"E: Uncertainty",NA,NA,NA
"2023-06-24 22:00:00","PM10",NA,0,0,371.2476,0,81.5396,220.1479,6.1329,0.0018,NA,NA,116.7495,0,NA,3.701,9.3279,0,0,1.4595,NA,4.9248,NA,NA,0,0,12.3399,0,NA,0,NA,0,NA,0,0,0,0,0,0,0.8392,0,"E: Uncertainty",NA,NA,NA,NA,NA,NA,NA,NA,"E: Uncertainty","E: Uncertainty",NA,NA,"E: Uncertainty",NA,NA,NA,NA,NA,"E: Uncertainty",NA,"E: Uncertainty","E: Uncertainty",NA,NA,NA,NA,"E: Uncertainty",NA,"E: Uncertainty",NA,"E: Uncertainty",NA,NA,NA,NA,NA,NA,NA,NA
"2023-06-24 23:00:00","PM2.5",0,0,0,286.4374,0,44.3279,32.8733,2.8219,NA,NA,0,43.3319,NA,NA,0.7376,6.2068,0,0,0,0,2.8954,NA,0,NA,0,18.2198,NA,NA,0,NA,NA,NA,0,0,0,0,0,0,1.6782,0,NA,NA,NA,NA,NA,NA,NA,NA,"E: Uncertainty","E: Uncertainty",NA,NA,"E: Uncertainty","E: Uncertainty",NA,NA,NA,NA,NA,NA,NA,"E: Uncertainty",NA,"E: Uncertainty",NA,NA,"E: Uncertainty","E: Uncertainty",NA,"E: Uncertainty","E: Uncertainty","E: Uncertainty",NA,NA,NA,NA,NA,NA,NA,NA
"2023-06-25 00:30:00","PM10",NA,0,0,296.4057,0,45.5409,133.5785,8.2659,NA,0,NA,92.5095,0,0,2.2069,8.9407,0,0,0,0,3.304,0,0,NA,0,32.3625,0,NA,0,NA,NA,0,NA,0,0,0,0,0,NA,0,"E: Uncertainty",NA,NA,NA,NA,NA,NA,NA,"E: Uncertainty",NA,"E: Uncertainty",NA,NA,NA,NA,NA,NA,NA,NA,NA,NA,NA,NA,"E: Uncertainty",NA,NA,NA,"E: Uncertainty",NA,"E: Uncertainty","E: Uncertainty",NA,"E: Uncertainty",NA,NA,NA,NA,NA,"E: Uncertainty",NA
"2023-06-25 01:00:00","PM2.5",NA,NA,NA,NA,NA,NA,NA,NA,NA,NA,NA,NA,NA,NA,NA,NA,NA,NA,NA,NA,NA,NA,NA,NA,NA,NA,NA,NA,NA,NA,NA,NA,NA,NA,NA,NA,NA,NA,NA,NA,"E: Uncertainty","E: Erroneous Data","E: Erroneous Data","E: Erroneous Data","E: Erroneous Data","E: Erroneous Data","E: Erroneous Data","E: Erroneous Data","E: Uncertainty","E: Erroneous Data","E: Erroneous Data","E: Erroneous Data","E: Uncertainty","E: Erroneous Data","E: Erroneous Data","E: Erroneous Data","E: Erroneous Data","E: Erroneous Data","E: Erroneous Data","E: Erroneous Data","E: Erroneous Data","E: Uncertainty","E: Erroneous Data","E: Erroneous Data","E: Erroneous Data","E: Erroneous Data","E: Uncertainty","E: Uncertainty","E: Erroneous Data","E: Erroneous Data","E: Erroneous Data","E: Erroneous Data","E: Uncertainty","E: Erroneous Data","E: Erroneous Data","E: Erroneous Data","E: Erroneous Data","E: Erroneous Data","E: Uncertainty","E: Erroneous Data"
"2023-06-25 02:00:00","PM10",NA,NA,NA,NA,NA,NA,NA,NA,NA,NA,NA,NA,NA,NA,NA,NA,NA,NA,NA,NA,NA,NA,NA,NA,NA,NA,NA,NA,NA,NA,NA,NA,NA,NA,NA,NA,NA,NA,NA,NA,"E: Erroneous Data","E: Uncertainty","E: Erroneous Data","E: Erroneous Data","E: Erroneous Data","E: Erroneous Data","E: Erroneous Data","E: Erroneous Data","E: Uncertainty","E: Erroneous Data","E: Uncertainty","E: Erroneous Data","E: Erroneous Data","E: Erroneous Data","E: Erroneous Data","E: Erroneous Data","E: Erroneous Data","E: Erroneous Data","E: Erroneous Data","E: Erroneous Data","E: Erroneous Data","E: Uncertainty","E: Erroneous Data","E: Uncertainty","E: Erroneous Data","E: Erroneous Data","E: Erroneous Data","E: Uncertainty","E: Uncertainty","E: Uncertainty","E: Uncertainty","E: Erroneous Data","E: Uncertainty","E: Erroneous Data","E: Erroneous Data","E: Erroneous Data","E: Erroneous Data","E: Erroneous Data","E: Erroneous Data","E: Erroneous Data"
"2023-06-25 03:00:00","PM2.5",NA,NA,NA,NA,NA,NA,NA,NA,NA,NA,NA,NA,NA,NA,NA,NA,NA,NA,NA,NA,NA,NA,NA,NA,NA,NA,NA,NA,NA,NA,NA,NA,NA,NA,NA,NA,NA,NA,NA,NA,"E: Uncertainty","E: Erroneous Data","E: Erroneous Data","E: Erroneous Data","E: Erroneous Data","E: Erroneous Data","E: Erroneous Data","E: Uncertainty","E: Uncertainty","E: Uncertainty","E: Erroneous Data","E: Erroneous Data","E: Erroneous Data","E: Uncertainty","E: Erroneous Data","E: Erroneous Data","E: Erroneous Data","E: Erroneous Data","E: Erroneous Data","E: Uncertainty","E: Erroneous Data","E: Uncertainty","E: Erroneous Data","E: Erroneous Data","E: Erroneous Data","E: Erroneous Data","E: Uncertainty","E: Uncertainty","E: Erroneous Data","E: Erroneous Data","E: Uncertainty","E: Erroneous Data","E: Erroneous Data","E: Erroneous Data","E: Erroneous Data","E: Erroneous Data","E: Erroneous Data","E: Erroneous Data","E: Uncertainty","E: Erroneous Data"
"2023-06-25 04:00:00","PM10",NA,0.5844,0,265.389,0,59.2744,91.7619,2.1139,NA,NA,NA,82.6045,0,NA,2.0728,5.8769,0,0,0.947,0,2.2697,NA,0,0,0,18.2772,NA,0,0,NA,NA,NA,NA,0,NA,0,NA,0,0.8591,0,"E: Uncertainty",NA,NA,NA,NA,NA,NA,NA,"E: Uncertainty","E: Uncertainty","E: Uncertainty",NA,NA,"E: Uncertainty",NA,NA,NA,NA,NA,NA,NA,"E: Uncertainty",NA,NA,NA,NA,"E: Uncertainty",NA,NA,"E: Uncertainty","E: Uncertainty","E: Uncertainty","E: Uncertainty",NA,"E: Uncertainty",NA,"E: Uncertainty",NA,NA,NA
"2023-06-25 05:00:00","PM2.5",NA,NA,NA,NA,NA,NA,NA,NA,NA,NA,NA,NA,NA,NA,NA,NA,NA,NA,NA,NA,NA,NA,NA,NA,NA,NA,NA,NA,NA,NA,NA,NA,NA,NA,NA,NA,NA,NA,NA,NA,"E: Uncertainty","E: Erroneous Data","E: Erroneous Data","E: Erroneous Data","E: Erroneous Data","E: Erroneous Data","E: Erroneous Data","E: Erroneous Data","E: Uncertainty","E: Erroneous Data","E: Erroneous Data","E: Erroneous Data","E: Uncertainty","E: Uncertainty","E: Erroneous Data","E: Erroneous Data","E: Erroneous Data","E: Erroneous Data","E: Erroneous Data","E: Uncertainty","E: Erroneous Data","E: Uncertainty","E: Erroneous Data","E: Erroneous Data","E: Erroneous Data","E: Erroneous Data","E: Erroneous Data","E: Uncertainty","E: Erroneous Data","E: Erroneous Data","E: Uncertainty","E: Uncertainty","E: Uncertainty","E: Erroneous Data","E: Erroneous Data","E: Erroneous Data","E: Erroneous Data","E: Erroneous Data","E: Erroneous Data","E: Erroneous Data"
"2023-06-25 06:00:00","PM10",NA,NA,NA,NA,NA,NA,NA,NA,NA,NA,NA,NA,NA,NA,NA,NA,NA,NA,NA,NA,NA,NA,NA,NA,NA,NA,NA,NA,NA,NA,NA,NA,NA,NA,NA,NA,NA,NA,NA,NA,"E: Erroneous Data","E: Erroneous Data","E: Uncertainty","E: Erroneous Data","E: Erroneous Data","E: Erroneous Data","E: Erroneous Data","E: Erroneous Data","E: Uncertainty","E: Erroneous Data","E: Erroneous Data","E: Erroneous Data","E: Erroneous Data","E: Uncertainty","E: Erroneous Data","E: Erroneous Data","E: Erroneous Data","E: Erroneous Data","E: Uncertainty","E: Erroneous Data","E: Erroneous Data","E: Uncertainty","E: Erroneous Data","E: Erroneous Data","E: Erroneous Data","E: Erroneous Data","E: Uncertainty","E: Uncertainty","E: Erroneous Data","E: Uncertainty","E: Erroneous Data","E: Erroneous Data","E: Erroneous Data","E: Erroneous Data","E: Erroneous Data","E: Erroneous Data","E: Uncertainty","E: Erroneous Data","E: Uncertainty","E: Erroneous Data"
"2023-06-25 07:00:00","PM2.5",NA,NA,NA,NA,NA,NA,NA,NA,NA,NA,NA,NA,NA,NA,NA,NA,NA,NA,NA,NA,NA,NA,NA,NA,NA,NA,NA,NA,NA,NA,NA,NA,NA,NA,NA,NA,NA,NA,NA,NA,"E: Uncertainty","E: Erroneous Data","E: Erroneous Data","E: Erroneous Data","E: Erroneous Data","E: Erroneous Data","E: Erroneous Data","E: Uncertainty","E: Erroneous Data","E: Erroneous Data","E: Erroneous Data","E: Erroneous Data","E: Uncertainty","E: Uncertainty","E: Erroneous Data","E: Erroneous Data","E: Erroneous Data","E: Erroneous Data","E: Erroneous Data","E: Uncertainty","E: Erroneous Data","E: Uncertainty","E: Erroneous Data","E: Erroneous Data","E: Erroneous Data","E: Uncertainty","E: Uncertainty","E: Uncertainty","E: Erroneous Data","E: Erroneous Data","E: Uncertainty","E: Uncertainty","E: Uncertainty","E: Erroneous Data","E: Uncertainty","E: Erroneous Data","E: Erroneous Data","E: Erroneous Data","E: Erroneous Data","E: Erroneous Data"
"2023-06-25 08:00:00","PM10",NA,NA,NA,232.1325,0,75.659,154.78,2.329,NA,0,NA,71.4898,NA,NA,1.7536,5.5993,0,0,1.1932,NA,2.8631,NA,0,0,0,19.9272,NA,0,0,NA,NA,NA,NA,0,0,3e-04,0,0,NA,0,"E: Uncertainty","E: Uncertainty","E: Uncertainty",NA,NA,NA,NA,NA,"E: Uncertainty",NA,"E: Uncertainty",NA,"E: Uncertainty","E: Uncertainty",NA,NA,NA,NA,NA,"E: Uncertainty",NA,"E: Uncertainty",NA,NA,NA,NA,"E: Uncertainty",NA,NA,"E: Uncertainty","E: Uncertainty","E: Uncertainty","E: Uncertainty",NA,NA,NA,NA,NA,"E: Uncertainty",NA
"2023-06-25 09:00:00","PM2.5",NA,NA,NA,NA,NA,NA,NA,NA,NA,NA,NA,NA,NA,NA,NA,NA,NA,NA,NA,NA,NA,NA,NA,NA,NA,NA,NA,NA,NA,NA,NA,NA,NA,NA,NA,NA,NA,NA,NA,NA,"E: Uncertainty","E: Erroneous Data","E: Erroneous Data","E: Erroneous Data","E: Erroneous Data","E: Erroneous Data","E: Erroneous Data","E: Erroneous Data","E: Uncertainty","E: Erroneous Data","E: Uncertainty","E: Erroneous Data","E: Erroneous Data","E: Uncertainty","E: Erroneous Data","E: Erroneous Data","E: Erroneous Data","E: Erroneous Data","E: Erroneous Data","E: Uncertainty","E: Erroneous Data","E: Uncertainty","E: Erroneous Data","E: Erroneous Data","E: Erroneous Data","E: Uncertainty","E: Uncertainty","E: Uncertainty","E: Erroneous Data","E: Erroneous Data","E: Erroneous Data","E: Uncertainty","E: Erroneous Data","E: Erroneous Data","E: Erroneous Data","E: Erroneous Data","E: Erroneous Data","E: Erroneous Data","E: Uncertainty","E: Erroneous Data"
"2023-06-25 10:00:00","PM10",NA,NA,NA,NA,NA,NA,NA,NA,NA,NA,NA,NA,NA,NA,NA,NA,NA,NA,NA,NA,NA,NA,NA,NA,NA,NA,NA,NA,NA,NA,NA,NA,NA,NA,NA,NA,NA,NA,NA,NA,"E: Erroneous Data","E: Uncertainty","E: Erroneous Data","E: Erroneous Data","E: Erroneous Data","E: Erroneous Data","E: Erroneous Data","E: Erroneous Data","E: Erroneous Data","E: Erroneous Data","E: Erroneous Data","E: Erroneous Data","E: Erroneous Data","E: Uncertainty","E: Erroneous Data","E: Erroneous Data","E: Erroneous Data","E: Erroneous Data","E: Erroneous Data","E: Erroneous Data","E: Erroneous Data","E: Uncertainty","E: Erroneous Data","E: Uncertainty","E: Erroneous Data","E: Uncertainty","E: Uncertainty","E: Uncertainty","E: Erroneous Data","E: Erroneous Data","E: Erroneous Data","E: Uncertainty","E: Erroneous Data","E: Erroneous Data","E: Erroneous Data","E: Erroneous Data","E: Erroneous Data","E: Erroneous Data","E: Erroneous Data","E: Erroneous Data"
"2023-06-25 11:00:00","PM2.5",NA,NA,NA,NA,NA,NA,NA,NA,NA,NA,NA,NA,NA,NA,NA,NA,NA,NA,NA,NA,NA,NA,NA,NA,NA,NA,NA,NA,NA,NA,NA,NA,NA,NA,NA,NA,NA,NA,NA,NA,"E: Uncertainty","E: Erroneous Data","E: Erroneous Data","E: Erroneous Data","E: Erroneous Data","E: Erroneous Data","E: Erroneous Data","E: Erroneous Data","E: Erroneous Data","E: Erroneous Data","E: Uncertainty","E: Erroneous Data","E: Erroneous Data","E: Erroneous Data","E: Erroneous Data","E: Erroneous Data","E: Erroneous Data","E: Erroneous Data","E: Erroneous Data","E: Uncertainty","E: Erroneous Data","E: Uncertainty","E: Erroneous Data","E: Uncertainty","E: Erroneous Data","E: Erroneous Data","E: Uncertainty","E: Uncertainty","E: Erroneous Data","E: Uncertainty","E: Uncertainty","E: Uncertainty","E: Erroneous Data","E: Erroneous Data","E: Erroneous Data","E: Erroneous Data","E: Erroneous Data","E: Erroneous Data","E: Erroneous Data","E: Erroneous Data"
"2023-06-25 12:00:00","PM10",NA,NA,0,549.5002,NA,151.4419,225.9662,5.7718,3.2544,NA,1.014,131.4163,0,1.0636,3.078,7.921,0,0,0.6971,NA,4.953,NA,0,0,0,NA,NA,0,0,0,NA,NA,NA,0,0,0,0,0,NA,0,"E: Uncertainty","E: Uncertainty",NA,NA,"E: Uncertainty",NA,NA,NA,NA,"E: Uncertainty",NA,NA,NA,NA,NA,NA,NA,NA,NA,"E: Uncertainty",NA,"E: Uncertainty",NA,NA,NA,"E: Uncertainty","E: Uncertainty",NA,NA,NA,"E: Uncertainty","E: Uncertainty","E: Uncertainty",NA,NA,NA,NA,NA,"E: Uncertainty",NA
"2023-06-25 13:00:00","PM2.5",NA,NA,NA,NA,NA,NA,NA,NA,NA,NA,NA,NA,NA,NA,NA,NA,NA,NA,NA,NA,NA,NA,NA,NA,NA,NA,NA,NA,NA,NA,NA,NA,NA,NA,NA,NA,NA,NA,NA,NA,"E: Uncertainty","E: Erroneous Data","E: Erroneous Data","E: Erroneous Data","E: Erroneous Data","E: Erroneous Data","E: Erroneous Data","E: Erroneous Data","E: Erroneous Data","E: Uncertainty","E: Uncertainty","E: Erroneous Data","E: Erroneous Data","E: Uncertainty","E: Erroneous Data","E: Erroneous Data","E: Erroneous Data","E: Erroneous Data","E: Uncertainty","E: Uncertainty","E: Erroneous Data","E: Uncertainty","E: Erroneous Data","E: Erroneous Data","E: Erroneous Data","E: Erroneous Data","E: Erroneous Data","E: Uncertainty","E: Erroneous Data","E: Uncertainty","E: Uncertainty","E: Uncertainty","E: Uncertainty","E: Erroneous Data","E: Erroneous Data","E: Erroneous Data","E: Erroneous Data","E: Erroneous Data","E: Uncertainty","E: Erroneous Data"
"2023-06-25 14:00:00","PM10",NA,NA,NA,NA,NA,NA,NA,NA,NA,NA,NA,NA,NA,NA,NA,NA,NA,NA,NA,NA,NA,NA,NA,NA,NA,NA,NA,NA,NA,NA,NA,NA,NA,NA,NA,NA,NA,NA,NA,NA,"E: Erroneous Data","E: Erroneous Data","E: Erroneous Data","E: Erroneous Data","E: Erroneous Data","E: Erroneous Data","E: Erroneous Data","E: Erroneous Data","E: Erroneous Data","E: Uncertainty","E: Erroneous Data","E: Erroneous Data","E: Erroneous Data","E: Uncertainty","E: Erroneous Data","E: Erroneous Data","E: Erroneous Data","E: Erroneous Data","E: Erroneous Data","E: Uncertainty","E: Erroneous Data","E: Uncertainty","E: Erroneous Data","E: Erroneous Data","E: Erroneous Data","E: Uncertainty","E: Erroneous Data","E: Erroneous Data","E: Erroneous Data","E: Uncertainty","E: Erroneous Data","E: Uncertainty","E: Uncertainty","E: Erroneous Data","E: Erroneous Data","E: Erroneous Data","E: Erroneous Data","E: Erroneous Data","E: Erroneous Data","E: Erroneous Data"
"2023-06-25 15:00:00","PM2.5",NA,NA,NA,NA,NA,NA,NA,NA,NA,NA,NA,NA,NA,NA,NA,NA,NA,NA,NA,NA,NA,NA,NA,NA,NA,NA,NA,NA,NA,NA,NA,NA,NA,NA,NA,NA,NA,NA,NA,NA,"E: Uncertainty","E: Uncertainty","E: Erroneous Data","E: Erroneous Data","E: Erroneous Data","E: Erroneous Data","E: Erroneous Data","E: Erroneous Data","E: Erroneous Data","E: Uncertainty","E: Uncertainty","E: Erroneous Data","E: Erroneous Data","E: Uncertainty","E: Erroneous Data","E: Erroneous Data","E: Erroneous Data","E: Erroneous Data","E: Erroneous Data","E: Uncertainty","E: Erroneous Data","E: Uncertainty","E: Erroneous Data","E: Erroneous Data","E: Erroneous Data","E: Uncertainty","E: Uncertainty","E: Erroneous Data","E: Erroneous Data","E: Uncertainty","E: Uncertainty","E: Uncertainty","E: Uncertainty","E: Erroneous Data","E: Erroneous Data","E: Erroneous Data","E: Erroneous Data","E: Erroneous Data","E: Uncertainty","E: Erroneous Data"
"2023-06-25 16:00:00","PM10",NA,NA,NA,NA,NA,NA,NA,NA,NA,NA,NA,NA,NA,NA,NA,NA,NA,NA,NA,NA,NA,NA,NA,NA,NA,NA,NA,NA,NA,NA,NA,NA,NA,NA,NA,NA,NA,NA,NA,NA,"E: Erroneous Data","E: Erroneous Data","E: Erroneous Data","E: Erroneous Data","E: Erroneous Data","E: Erroneous Data","E: Erroneous Data","E: Erroneous Data","E: Uncertainty","E: Uncertainty","E: Erroneous Data","E: Erroneous Data","E: Erroneous Data","E: Erroneous Data","E: Erroneous Data","E: Erroneous Data","E: Erroneous Data","E: Erroneous Data","E: Erroneous Data","E: Uncertainty","E: Erroneous Data","E: Erroneous Data","E: Erroneous Data","E: Erroneous Data","E: Erroneous Data","E: Uncertainty","E: Uncertainty","E: Erroneous Data","E: Erroneous Data","E: Erroneous Data","E: Uncertainty","E: Uncertainty","E: Uncertainty","E: Erroneous Data","E: Erroneous Data","E: Erroneous Data","E: Uncertainty","E: Erroneous Data","E: Uncertainty","E: Erroneous Data"
"2023-06-25 17:00:00","PM2.5",NA,NA,NA,NA,NA,NA,NA,NA,NA,NA,NA,NA,NA,NA,NA,NA,NA,NA,NA,NA,NA,NA,NA,NA,NA,NA,NA,NA,NA,NA,NA,NA,NA,NA,NA,NA,NA,NA,NA,NA,"E: Uncertainty","E: Erroneous Data","E: Erroneous Data","E: Erroneous Data","E: Erroneous Data","E: Erroneous Data","E: Erroneous Data","E: Erroneous Data","E: Uncertainty","E: Erroneous Data","E: Uncertainty","E: Erroneous Data","E: Erroneous Data","E: Uncertainty","E: Erroneous Data","E: Erroneous Data","E: Erroneous Data","E: Erroneous Data","E: Erroneous Data","E: Uncertainty","E: Erroneous Data","E: Uncertainty","E: Erroneous Data","E: Erroneous Data","E: Erroneous Data","E: Erroneous Data","E: Erroneous Data","E: Uncertainty","E: Erroneous Data","E: Erroneous Data","E: Erroneous Data","E: Erroneous Data","E: Uncertainty","E: Erroneous Data","E: Erroneous Data","E: Erroneous Data","E: Erroneous Data","E: Erroneous Data","E: Erroneous Data","E: Erroneous Data"
"2023-06-25 18:00:00","PM10",NA,NA,NA,NA,NA,NA,NA,NA,NA,NA,NA,NA,NA,NA,NA,NA,NA,NA,NA,NA,NA,NA,NA,NA,NA,NA,NA,NA,NA,NA,NA,NA,NA,NA,NA,NA,NA,NA,NA,NA,"E: Erroneous Data","E: Uncertainty","E: Erroneous Data","E: Erroneous Data","E: Erroneous Data","E: Erroneous Data","E: Erroneous Data","E: Erroneous Data","E: Erroneous Data","E: Erroneous Data","E: Erroneous Data","E: Erroneous Data","E: Erroneous Data","E: Uncertainty","E: Erroneous Data","E: Erroneous Data","E: Erroneous Data","E: Erroneous Data","E: Erroneous Data","E: Uncertainty","E: Erroneous Data","E: Uncertainty","E: Erroneous Data","E: Erroneous Data","E: Erroneous Data","E: Erroneous Data","E: Uncertainty","E: Uncertainty","E: Erroneous Data","E: Erroneous Data","E: Uncertainty","E: Erroneous Data","E: Uncertainty","E: Erroneous Data","E: Erroneous Data","E: Erroneous Data","E: Erroneous Data","E: Erroneous Data","E: Erroneous Data","E: Erroneous Data"
"2023-06-25 19:00:00","PM2.5",NA,NA,NA,NA,NA,NA,NA,NA,NA,NA,NA,NA,NA,NA,NA,NA,NA,NA,NA,NA,NA,NA,NA,NA,NA,NA,NA,NA,NA,NA,NA,NA,NA,NA,NA,NA,NA,NA,NA,NA,"E: Uncertainty","E: Erroneous Data","E: Erroneous Data","E: Erroneous Data","E: Erroneous Data","E: Erroneous Data","E: Erroneous Data","E: Uncertainty","E: Erroneous Data","E: Erroneous Data","E: Erroneous Data","E: Erroneous Data","E: Uncertainty","E: Uncertainty","E: Erroneous Data","E: Erroneous Data","E: Erroneous Data","E: Erroneous Data","E: Uncertainty","E: Erroneous Data","E: Uncertainty","E: Erroneous Data","E: Erroneous Data","E: Erroneous Data","E: Erroneous Data","E: Erroneous Data","E: Uncertainty","E: Uncertainty","E: Erroneous Data","E: Erroneous Data","E: Uncertainty","E: Uncertainty","E: Uncertainty","E: Erroneous Data","E: Erroneous Data","E: Erroneous Data","E: Erroneous Data","E: Erroneous Data","E: Erroneous Data","E: Erroneous Data"
"2023-06-25 20:00:00","PM10",NA,NA,0,251.787,491.1167,45.942,71.2313,2.4637,0,NA,NA,79.0991,0,NA,4.3308,5.9997,0,0,0,NA,1.5892,NA,0,0,0,11.7304,0,0,0,0,NA,NA,NA,0,0,0,0,0,0,0,"E: Uncertainty","E: Uncertainty",NA,NA,NA,NA,NA,NA,NA,"E: Uncertainty","E: Uncertainty",NA,NA,"E: Uncertainty",NA,NA,NA,NA,NA,"E: Uncertainty",NA,"E: Uncertainty",NA,NA,NA,NA,NA,NA,NA,NA,"E: Uncertainty","E: Uncertainty","E: Uncertainty",NA,NA,NA,NA,NA,NA,NA
"2023-06-25 21:00:00","PM2.5",NA,NA,NA,NA,NA,NA,NA,NA,NA,NA,NA,NA,NA,NA,NA,NA,NA,NA,NA,NA,NA,NA,NA,NA,NA,NA,NA,NA,NA,NA,NA,NA,NA,NA,NA,NA,NA,NA,NA,NA,"E: Erroneous Data","E: Erroneous Data","E: Erroneous Data","E: Erroneous Data","E: Erroneous Data","E: Erroneous Data","E: Erroneous Data","E: Uncertainty","E: Erroneous Data","E: Uncertainty","E: Erroneous Data","E: Erroneous Data","E: Uncertainty","E: Uncertainty","E: Erroneous Data","E: Erroneous Data","E: Erroneous Data","E: Erroneous Data","E: Uncertainty","E: Erroneous Data","E: Erroneous Data","E: Uncertainty","E: Erroneous Data","E: Erroneous Data","E: Erroneous Data","E: Erroneous Data","E: Uncertainty","E: Uncertainty","E: Erroneous Data","E: Uncertainty","E: Uncertainty","E: Uncertainty","E: Uncertainty","E: Erroneous Data","E: Erroneous Data","E: Erroneous Data","E: Erroneous Data","E: Erroneous Data","E: Erroneous Data","E: Erroneous Data"
"2023-06-25 22:00:00","PM10",NA,NA,NA,NA,NA,NA,NA,NA,NA,NA,NA,NA,NA,NA,NA,NA,NA,NA,NA,NA,NA,NA,NA,NA,NA,NA,NA,NA,NA,NA,NA,NA,NA,NA,NA,NA,NA,NA,NA,NA,"E: Erroneous Data","E: Erroneous Data","E: Erroneous Data","E: Erroneous Data","E: Erroneous Data","E: Erroneous Data","E: Erroneous Data","E: Uncertainty","E: Erroneous Data","E: Uncertainty","E: Erroneous Data","E: Erroneous Data","E: Erroneous Data","E: Erroneous Data","E: Erroneous Data","E: Erroneous Data","E: Erroneous Data","E: Erroneous Data","E: Erroneous Data","E: Erroneous Data","E: Erroneous Data","E: Uncertainty","E: Erroneous Data","E: Erroneous Data","E: Erroneous Data","E: Erroneous Data","E: Uncertainty","E: Erroneous Data","E: Erroneous Data","E: Uncertainty","E: Uncertainty","E: Uncertainty","E: Uncertainty","E: Erroneous Data","E: Erroneous Data","E: Erroneous Data","E: Erroneous Data","E: Erroneous Data","E: Uncertainty","E: Erroneous Data"
"2023-06-25 23:00:00","PM2.5",NA,NA,NA,NA,NA,NA,NA,NA,NA,NA,NA,NA,NA,NA,NA,NA,NA,NA,NA,NA,NA,NA,NA,NA,NA,NA,NA,NA,NA,NA,NA,NA,NA,NA,NA,NA,NA,NA,NA,NA,"E: Uncertainty","E: Erroneous Data","E: Erroneous Data","E: Erroneous Data","E: Erroneous Data","E: Erroneous Data","E: Erroneous Data","E: Erroneous Data","E: Uncertainty","E: Erroneous Data","E: Erroneous Data","E: Erroneous Data","E: Uncertainty","E: Uncertainty","E: Uncertainty","E: Erroneous Data","E: Erroneous Data","E: Erroneous Data","E: Uncertainty","E: Uncertainty","E: Erroneous Data","E: Uncertainty","E: Erroneous Data","E: Erroneous Data","E: Uncertainty","E: Erroneous Data","E: Erroneous Data","E: Erroneous Data","E: Erroneous Data","E: Uncertainty","E: Uncertainty","E: Uncertainty","E: Erroneous Data","E: Erroneous Data","E: Erroneous Data","E: Erroneous Data","E: Uncertainty","E: Erroneous Data","E: Erroneous Data","E: Erroneous Data"
"2023-06-26 00:30:00","PM10",NA,0,0,301.6731,1578.6896,47.9515,62.914,NA,0,0,0,21.1457,0,0,NA,8.7902,0,0,0,NA,1.2364,NA,0,0,0,20.7665,NA,NA,0,0,NA,NA,0,0,NA,0,0,0,0,NA,"E: Uncertainty",NA,NA,NA,NA,NA,NA,"E: Uncertainty",NA,NA,NA,NA,NA,NA,"E: Uncertainty",NA,NA,NA,NA,"E: Uncertainty",NA,"E: Uncertainty",NA,NA,NA,NA,"E: Uncertainty","E: Uncertainty",NA,NA,"E: Uncertainty","E: Uncertainty",NA,NA,"E: Uncertainty",NA,NA,NA,NA,"E: Uncertainty"
"2023-06-26 01:00:00","PM2.5",732.3891,0,0,265.6322,513.3078,18.6797,22.2268,0,0,NA,0,8.0593,NA,NA,NA,8.1286,0,0,0,0,2.4028,NA,0,0,0,11.0748,0,NA,0,0,0,NA,0,0,0,0,0,0,NA,0,NA,NA,NA,NA,NA,NA,NA,NA,NA,"E: Uncertainty",NA,NA,"E: Uncertainty","E: Uncertainty","E: Uncertainty",NA,NA,NA,NA,NA,NA,"E: Uncertainty",NA,NA,NA,NA,NA,"E: Uncertainty",NA,NA,NA,"E: Uncertainty",NA,NA,NA,NA,NA,NA,"E: Uncertainty",NA
"2023-06-26 02:00:00","PM10",NA,0,0,335.8719,1550.0002,54.1373,52.8971,NA,NA,NA,0,16.6107,0,0,NA,4.2156,0,0,0,NA,2.8581,NA,0,NA,NA,17.8783,NA,NA,0,NA,0,0,0,0,0,0,0,0,0,0,"E: Uncertainty",NA,NA,NA,NA,NA,NA,"E: Uncertainty","E: Uncertainty","E: Uncertainty",NA,NA,NA,NA,"E: Uncertainty",NA,NA,NA,NA,"E: Uncertainty",NA,"E: Uncertainty",NA,"E: Uncertainty","E: Uncertainty",NA,"E: Uncertainty","E: Uncertainty",NA,"E: Uncertainty",NA,NA,NA,NA,NA,NA,NA,NA,NA,NA
"2023-06-26 03:00:00","PM2.5",NA,NA,NA,NA,NA,NA,NA,NA,NA,NA,NA,NA,NA,NA,NA,NA,NA,NA,NA,NA,NA,NA,NA,NA,NA,NA,NA,NA,NA,NA,NA,NA,NA,NA,NA,NA,NA,NA,NA,NA,"E: Erroneous Data","E: Erroneous Data","E: Erroneous Data","E: Erroneous Data","E: Erroneous Data","E: Erroneous Data","E: Erroneous Data","E: Erroneous Data","E: Uncertainty","E: Erroneous Data","E: Erroneous Data","E: Erroneous Data","E: Uncertainty","E: Erroneous Data","E: Uncertainty","E: Erroneous Data","E: Erroneous Data","E: Erroneous Data","E: Erroneous Data","E: Erroneous Data","E: Erroneous Data","E: Uncertainty","E: Erroneous Data","E: Erroneous Data","E: Erroneous Data","E: Uncertainty","E: Uncertainty","E: Erroneous Data","E: Erroneous Data","E: Uncertainty","E: Erroneous Data","E: Uncertainty","E: Erroneous Data","E: Uncertainty","E: Erroneous Data","E: Erroneous Data","E: Erroneous Data","E: Erroneous Data","E: Erroneous Data","E: Erroneous Data"
"2023-06-26 04:00:00","PM10",NA,NA,NA,NA,NA,NA,NA,NA,NA,NA,NA,NA,NA,NA,NA,NA,NA,NA,NA,NA,NA,NA,NA,NA,NA,NA,NA,NA,NA,NA,NA,NA,NA,NA,NA,NA,NA,NA,NA,NA,"E: Erroneous Data","E: Erroneous Data","E: Erroneous Data","E: Erroneous Data","E: Erroneous Data","E: Erroneous Data","E: Erroneous Data","E: Uncertainty","E: Erroneous Data","E: Erroneous Data","E: Erroneous Data","E: Erroneous Data","E: Erroneous Data","E: Uncertainty","E: Erroneous Data","E: Erroneous Data","E: Erroneous Data","E: Erroneous Data","E: Erroneous Data","E: Uncertainty","E: Erroneous Data","E: Uncertainty","E: Erroneous Data","E: Uncertainty","E: Erroneous Data","E: Uncertainty","E: Erroneous Data","E: Erroneous Data","E: Erroneous Data","E: Erroneous Data","E: Uncertainty","E: Uncertainty","E: Uncertainty","E: Erroneous Data","E: Erroneous Data","E: Erroneous Data","E: Erroneous Data","E: Erroneous Data","E: Uncertainty","E: Erroneous Data"
"2023-06-26 05:00:00","PM2.5",NA,NA,NA,NA,NA,NA,NA,NA,NA,NA,NA,NA,NA,NA,NA,NA,NA,NA,NA,NA,NA,NA,NA,NA,NA,NA,NA,NA,NA,NA,NA,NA,NA,NA,NA,NA,NA,NA,NA,NA,"E: Uncertainty","E: Erroneous Data","E: Erroneous Data","E: Erroneous Data","E: Erroneous Data","E: Erroneous Data","E: Erroneous Data","E: Erroneous Data","E: Erroneous Data","E: Erroneous Data","E: Erroneous Data","E: Erroneous Data","E: Erroneous Data","E: Uncertainty","E: Erroneous Data","E: Erroneous Data","E: Erroneous Data","E: Erroneous Data","E: Erroneous Data","E: Uncertainty","E: Erroneous Data","E: Uncertainty","E: Erroneous Data","E: Erroneous Data","E: Erroneous Data","E: Erroneous Data","E: Erroneous Data","E: Uncertainty","E: Erroneous Data","E: Uncertainty","E: Erroneous Data","E: Erroneous Data","E: Uncertainty","E: Erroneous Data","E: Erroneous Data","E: Erroneous Data","E: Erroneous Data","E: Erroneous Data","E: Erroneous Data","E: Erroneous Data"
"2023-06-26 06:00:00","PM10",NA,0,0,369.7615,1523.8097,58.7657,91.8873,1.7288,0,0,NA,127.191,0,NA,5.2562,5.2555,0,0,0,0,2.6618,NA,0,NA,0,11.9296,NA,NA,0,NA,NA,NA,3.8092,0,0,NA,NA,0.0013,0,0,"E: Uncertainty",NA,NA,NA,NA,NA,NA,NA,NA,NA,"E: Uncertainty",NA,NA,"E: Uncertainty",NA,NA,NA,NA,NA,NA,NA,"E: Uncertainty",NA,"E: Uncertainty",NA,NA,"E: Uncertainty","E: Uncertainty",NA,"E: Uncertainty","E: Uncertainty","E: Uncertainty",NA,NA,NA,"E: Uncertainty","E: Uncertainty",NA,NA,NA
"2023-06-26 07:00:00","PM2.5",604.537,0,0,253.5866,627.2212,23.551,42.3998,NA,NA,NA,0,46.6599,0,0,2.1837,2.6858,0,0,0,NA,0.8363,NA,0,0,0,12.4579,NA,0,0,NA,NA,NA,0,0,0,0,0,0,0,0,NA,NA,NA,NA,NA,NA,NA,"E: Uncertainty","E: Uncertainty","E: Uncertainty",NA,NA,NA,NA,NA,NA,NA,NA,NA,"E: Uncertainty",NA,"E: Uncertainty",NA,NA,NA,NA,"E: Uncertainty",NA,NA,"E: Uncertainty","E: Uncertainty","E: Uncertainty",NA,NA,NA,NA,NA,NA,NA,NA
"2023-06-28 00:30:00","PM2.5",NA,0,0,384.4759,81.1638,28.0557,9.8537,0,NA,0,0,9.1981,NA,NA,NA,3.4609,0,0,0,0,1.9913,NA,0,0,0,35.9267,0,NA,0,NA,NA,NA,NA,0,0,0,0,0,NA,0,"E: Uncertainty",NA,NA,NA,NA,NA,NA,NA,"E: Uncertainty",NA,NA,NA,"E: Uncertainty","E: Uncertainty","E: Uncertainty",NA,NA,NA,NA,NA,NA,"E: Uncertainty",NA,NA,NA,NA,NA,"E: Uncertainty",NA,"E: Uncertainty","E: Uncertainty","E: Uncertainty","E: Uncertainty",NA,NA,NA,NA,NA,"E: Uncertainty",NA
"2023-06-28 01:00:00","PM10",NA,0,0,419.6758,279.6746,58.6705,27.3195,1.3488,0,0,NA,24.9729,0,NA,NA,3.9552,0,0,0,NA,3.7144,NA,0,0,0,24.417,0,NA,0,NA,NA,NA,0,0,0,0,0,0,NA,0,"E: Uncertainty",NA,NA,NA,NA,NA,NA,NA,NA,NA,"E: Uncertainty",NA,NA,"E: Uncertainty","E: Uncertainty",NA,NA,NA,NA,"E: Uncertainty",NA,"E: Uncertainty",NA,NA,NA,NA,NA,"E: Uncertainty",NA,"E: Uncertainty","E: Uncertainty","E: Uncertainty",NA,NA,NA,NA,NA,NA,"E: Uncertainty",NA
"2023-06-28 02:00:00","PM2.5",NA,NA,NA,NA,NA,NA,NA,NA,NA,NA,NA,NA,NA,NA,NA,NA,NA,NA,NA,NA,NA,NA,NA,NA,NA,NA,NA,NA,NA,NA,NA,NA,NA,NA,NA,NA,NA,NA,NA,NA,"E: Uncertainty","E: Erroneous Data","E: Erroneous Data","E: Erroneous Data","E: Erroneous Data","E: Erroneous Data","E: Erroneous Data","E: Uncertainty","E: Uncertainty","E: Uncertainty","E: Erroneous Data","E: Erroneous Data","E: Erroneous Data","E: Erroneous Data","E: Erroneous Data","E: Erroneous Data","E: Erroneous Data","E: Erroneous Data","E: Erroneous Data","E: Erroneous Data","E: Erroneous Data","E: Uncertainty","E: Erroneous Data","E: Erroneous Data","E: Erroneous Data","E: Erroneous Data","E: Erroneous Data","E: Uncertainty","E: Erroneous Data","E: Erroneous Data","E: Uncertainty","E: Uncertainty","E: Erroneous Data","E: Uncertainty","E: Erroneous Data","E: Erroneous Data","E: Erroneous Data","E: Erroneous Data","E: Erroneous Data","E: Erroneous Data"
"2023-06-28 03:00:00","PM10",NA,NA,NA,NA,NA,NA,NA,NA,NA,NA,NA,NA,NA,NA,NA,NA,NA,NA,NA,NA,NA,NA,NA,NA,NA,NA,NA,NA,NA,NA,NA,NA,NA,NA,NA,NA,NA,NA,NA,NA,"E: Erroneous Data","E: Erroneous Data","E: Erroneous Data","E: Erroneous Data","E: Erroneous Data","E: Erroneous Data","E: Erroneous Data","E: Uncertainty","E: Uncertainty","E: Erroneous Data","E: Uncertainty","E: Erroneous Data","E: Erroneous Data","E: Erroneous Data","E: Erroneous Data","E: Erroneous Data","E: Erroneous Data","E: Erroneous Data","E: Erroneous Data","E: Uncertainty","E: Erroneous Data","E: Uncertainty","E: Erroneous Data","E: Erroneous Data","E: Erroneous Data","E: Erroneous Data","E: Erroneous Data","E: Uncertainty","E: Erroneous Data","E: Erroneous Data","E: Erroneous Data","E: Uncertainty","E: Erroneous Data","E: Erroneous Data","E: Erroneous Data","E: Erroneous Data","E: Erroneous Data","E: Erroneous Data","E: Erroneous Data","E: Erroneous Data"
"2023-06-28 04:00:00","PM2.5",NA,NA,NA,NA,NA,NA,NA,NA,NA,NA,NA,NA,NA,NA,NA,NA,NA,NA,NA,NA,NA,NA,NA,NA,NA,NA,NA,NA,NA,NA,NA,NA,NA,NA,NA,NA,NA,NA,NA,NA,"E: Uncertainty","E: Erroneous Data","E: Erroneous Data","E: Erroneous Data","E: Erroneous Data","E: Erroneous Data","E: Erroneous Data","E: Uncertainty","E: Uncertainty","E: Erroneous Data","E: Erroneous Data","E: Erroneous Data","E: Erroneous Data","E: Uncertainty","E: Erroneous Data","E: Erroneous Data","E: Erroneous Data","E: Erroneous Data","E: Erroneous Data","E: Uncertainty","E: Erroneous Data","E: Uncertainty","E: Erroneous Data","E: Erroneous Data","E: Erroneous Data","E: Uncertainty","E: Erroneous Data","E: Erroneous Data","E: Erroneous Data","E: Uncertainty","E: Uncertainty","E: Uncertainty","E: Erroneous Data","E: Uncertainty","E: Erroneous Data","E: Erroneous Data","E: Erroneous Data","E: Erroneous Data","E: Erroneous Data","E: Erroneous Data"
"2023-06-28 05:00:00","PM10",NA,NA,NA,NA,NA,NA,NA,NA,NA,NA,NA,NA,NA,NA,NA,NA,NA,NA,NA,NA,NA,NA,NA,NA,NA,NA,NA,NA,NA,NA,NA,NA,NA,NA,NA,NA,NA,NA,NA,NA,"E: Erroneous Data","E: Erroneous Data","E: Erroneous Data","E: Erroneous Data","E: Erroneous Data","E: Erroneous Data","E: Erroneous Data","E: Erroneous Data","E: Erroneous Data","E: Uncertainty","E: Erroneous Data","E: Erroneous Data","E: Uncertainty","E: Erroneous Data","E: Erroneous Data","E: Erroneous Data","E: Erroneous Data","E: Erroneous Data","E: Erroneous Data","E: Uncertainty","E: Erroneous Data","E: Uncertainty","E: Erroneous Data","E: Erroneous Data","E: Erroneous Data","E: Erroneous Data","E: Uncertainty","E: Erroneous Data","E: Erroneous Data","E: Erroneous Data","E: Erroneous Data","E: Uncertainty","E: Uncertainty","E: Erroneous Data","E: Erroneous Data","E: Erroneous Data","E: Erroneous Data","E: Erroneous Data","E: Erroneous Data","E: Erroneous Data"
"2023-06-28 06:00:00","PM2.5",NA,NA,NA,NA,NA,NA,NA,NA,NA,NA,NA,NA,NA,NA,NA,NA,NA,NA,NA,NA,NA,NA,NA,NA,NA,NA,NA,NA,NA,NA,NA,NA,NA,NA,NA,NA,NA,NA,NA,NA,"E: Uncertainty","E: Erroneous Data","E: Erroneous Data","E: Erroneous Data","E: Erroneous Data","E: Erroneous Data","E: Erroneous Data","E: Uncertainty","E: Erroneous Data","E: Erroneous Data","E: Erroneous Data","E: Erroneous Data","E: Erroneous Data","E: Erroneous Data","E: Erroneous Data","E: Erroneous Data","E: Erroneous Data","E: Erroneous Data","E: Uncertainty","E: Uncertainty","E: Erroneous Data","E: Uncertainty","E: Erroneous Data","E: Erroneous Data","E: Erroneous Data","E: Uncertainty","E: Uncertainty","E: Erroneous Data","E: Erroneous Data","E: Uncertainty","E: Erroneous Data","E: Uncertainty","E: Erroneous Data","E: Erroneous Data","E: Erroneous Data","E: Erroneous Data","E: Erroneous Data","E: Erroneous Data","E: Erroneous Data","E: Erroneous Data"
"2023-06-28 07:00:00","PM10",NA,NA,0,364.4966,46.2346,54.6265,166.8913,4.6517,0,NA,1.1757,203.7599,0,0,5.2683,8.0223,0,0,0,0,2.091,NA,0,0,0,9.809,0,NA,0,0,0,0,NA,0,0,0,0,0,2.2114,0,"E: Uncertainty","E: Uncertainty",NA,NA,NA,NA,NA,NA,NA,"E: Uncertainty",NA,NA,NA,NA,NA,NA,NA,NA,NA,NA,NA,"E: Uncertainty",NA,NA,NA,NA,NA,"E: Uncertainty",NA,NA,NA,NA,"E: Uncertainty",NA,NA,NA,NA,NA,NA,NA
"2023-06-28 08:00:00","PM2.5",NA,NA,NA,NA,NA,NA,NA,NA,NA,NA,NA,NA,NA,NA,NA,NA,NA,NA,NA,NA,NA,NA,NA,NA,NA,NA,NA,NA,NA,NA,NA,NA,NA,NA,NA,NA,NA,NA,NA,NA,"E: Uncertainty","E: Erroneous Data","E: Erroneous Data","E: Erroneous Data","E: Erroneous Data","E: Erroneous Data","E: Erroneous Data","E: Erroneous Data","E: Erroneous Data","E: Uncertainty","E: Uncertainty","E: Erroneous Data","E: Erroneous Data","E: Erroneous Data","E: Erroneous Data","E: Erroneous Data","E: Erroneous Data","E: Erroneous Data","E: Erroneous Data","E: Erroneous Data","E: Erroneous Data","E: Uncertainty","E: Erroneous Data","E: Erroneous Data","E: Erroneous Data","E: Erroneous Data","E: Uncertainty","E: Erroneous Data","E: Erroneous Data","E: Erroneous Data","E: Uncertainty","E: Uncertainty","E: Uncertainty","E: Erroneous Data","E: Erroneous Data","E: Erroneous Data","E: Erroneous Data","E: Erroneous Data","E: Erroneous Data","E: Erroneous Data"
"2023-06-28 09:00:00","PM10",NA,NA,NA,NA,NA,NA,NA,NA,NA,NA,NA,NA,NA,NA,NA,NA,NA,NA,NA,NA,NA,NA,NA,NA,NA,NA,NA,NA,NA,NA,NA,NA,NA,NA,NA,NA,NA,NA,NA,NA,"E: Erroneous Data","E: Uncertainty","E: Erroneous Data","E: Erroneous Data","E: Erroneous Data","E: Erroneous Data","E: Erroneous Data","E: Erroneous Data","E: Uncertainty","E: Uncertainty","E: Erroneous Data","E: Erroneous Data","E: Uncertainty","E: Erroneous Data","E: Erroneous Data","E: Erroneous Data","E: Erroneous Data","E: Erroneous Data","E: Erroneous Data","E: Erroneous Data","E: Erroneous Data","E: Uncertainty","E: Erroneous Data","E: Erroneous Data","E: Erroneous Data","E: Uncertainty","E: Erroneous Data","E: Uncertainty","E: Erroneous Data","E: Uncertainty","E: Erroneous Data","E: Uncertainty","E: Uncertainty","E: Erroneous Data","E: Erroneous Data","E: Erroneous Data","E: Erroneous Data","E: Erroneous Data","E: Uncertainty","E: Erroneous Data"
"2023-06-28 10:00:00","PM2.5",NA,NA,NA,NA,NA,NA,NA,NA,NA,NA,NA,NA,NA,NA,NA,NA,NA,NA,NA,NA,NA,NA,NA,NA,NA,NA,NA,NA,NA,NA,NA,NA,NA,NA,NA,NA,NA,NA,NA,NA,"E: Erroneous Data","E: Uncertainty","E: Erroneous Data","E: Erroneous Data","E: Erroneous Data","E: Erroneous Data","E: Erroneous Data","E: Erroneous Data","E: Erroneous Data","E: Uncertainty","E: Erroneous Data","E: Erroneous Data","E: Erroneous Data","E: Erroneous Data","E: Erroneous Data","E: Erroneous Data","E: Erroneous Data","E: Erroneous Data","E: Erroneous Data","E: Uncertainty","E: Erroneous Data","E: Uncertainty","E: Erroneous Data","E: Erroneous Data","E: Erroneous Data","E: Erroneous Data","E: Uncertainty","E: Uncertainty","E: Erroneous Data","E: Erroneous Data","E: Uncertainty","E: Uncertainty","E: Uncertainty","E: Erroneous Data","E: Erroneous Data","E: Erroneous Data","E: Erroneous Data","E: Erroneous Data","E: Erroneous Data","E: Erroneous Data"
"2023-06-28 11:00:00","PM10",NA,363.822,0,171.3101,0,99.7045,424.6603,11.2983,0,NA,2.1957,177.2706,0,NA,3.7737,7.4843,0,0,0.568,0,2.0153,NA,0,0,0,17.4581,NA,NA,0,0,NA,NA,NA,0,0,0,0,0,0,0,"E: Uncertainty",NA,NA,NA,NA,NA,NA,NA,NA,"E: Uncertainty",NA,NA,NA,"E: Uncertainty",NA,NA,NA,NA,NA,NA,NA,"E: Uncertainty",NA,NA,NA,NA,"E: Uncertainty","E: Uncertainty",NA,NA,"E: Uncertainty","E: Uncertainty","E: Uncertainty",NA,NA,NA,NA,NA,NA,NA
"2023-06-28 12:00:00","PM2.5",NA,NA,NA,NA,NA,NA,NA,NA,NA,NA,NA,NA,NA,NA,NA,NA,NA,NA,NA,NA,NA,NA,NA,NA,NA,NA,NA,NA,NA,NA,NA,NA,NA,NA,NA,NA,NA,NA,NA,NA,"E: Uncertainty","E: Erroneous Data","E: Erroneous Data","E: Erroneous Data","E: Erroneous Data","E: Erroneous Data","E: Erroneous Data","E: Erroneous Data","E: Erroneous Data","E: Erroneous Data","E: Erroneous Data","E: Erroneous Data","E: Erroneous Data","E: Uncertainty","E: Erroneous Data","E: Erroneous Data","E: Erroneous Data","E: Erroneous Data","E: Uncertainty","E: Uncertainty","E: Erroneous Data","E: Uncertainty","E: Erroneous Data","E: Erroneous Data","E: Erroneous Data","E: Uncertainty","E: Uncertainty","E: Uncertainty","E: Erroneous Data","E: Erroneous Data","E: Erroneous Data","E: Erroneous Data","E: Erroneous Data","E: Erroneous Data","E: Uncertainty","E: Erroneous Data","E: Erroneous Data","E: Erroneous Data","E: Erroneous Data","E: Erroneous Data"
"2023-06-28 13:00:00","PM10",NA,NA,NA,NA,NA,NA,NA,NA,NA,NA,NA,NA,NA,NA,NA,NA,NA,NA,NA,NA,NA,NA,NA,NA,NA,NA,NA,NA,NA,NA,NA,NA,NA,NA,NA,NA,NA,NA,NA,NA,"E: Erroneous Data","E: Uncertainty","E: Erroneous Data","E: Erroneous Data","E: Erroneous Data","E: Erroneous Data","E: Erroneous Data","E: Erroneous Data","E: Erroneous Data","E: Erroneous Data","E: Erroneous Data","E: Erroneous Data","E: Erroneous Data","E: Erroneous Data","E: Erroneous Data","E: Erroneous Data","E: Erroneous Data","E: Erroneous Data","E: Erroneous Data","E: Uncertainty","E: Erroneous Data","E: Uncertainty","E: Erroneous Data","E: Erroneous Data","E: Erroneous Data","E: Erroneous Data","E: Uncertainty","E: Uncertainty","E: Erroneous Data","E: Erroneous Data","E: Erroneous Data","E: Uncertainty","E: Uncertainty","E: Erroneous Data","E: Erroneous Data","E: Erroneous Data","E: Erroneous Data","E: Erroneous Data","E: Erroneous Data","E: Erroneous Data"
"2023-06-28 14:00:00","PM2.5",NA,NA,NA,NA,NA,NA,NA,NA,NA,NA,NA,NA,NA,NA,NA,NA,NA,NA,NA,NA,NA,NA,NA,NA,NA,NA,NA,NA,NA,NA,NA,NA,NA,NA,NA,NA,NA,NA,NA,NA,"E: Erroneous Data","E: Erroneous Data","E: Erroneous Data","E: Erroneous Data","E: Erroneous Data","E: Erroneous Data","E: Erroneous Data","E: Uncertainty","E: Erroneous Data","E: Uncertainty","E: Erroneous Data","E: Erroneous Data","E: Uncertainty","E: Erroneous Data","E: Erroneous Data","E: Erroneous Data","E: Erroneous Data","E: Erroneous Data","E: Erroneous Data","E: Erroneous Data","E: Uncertainty","E: Uncertainty","E: Erroneous Data","E: Erroneous Data","E: Erroneous Data","E: Erroneous Data","E: Uncertainty","E: Erroneous Data","E: Erroneous Data","E: Erroneous Data","E: Uncertainty","E: Erroneous Data","E: Uncertainty","E: Erroneous Data","E: Erroneous Data","E: Erroneous Data","E: Erroneous Data","E: Erroneous Data","E: Uncertainty","E: Erroneous Data"
"2023-06-28 15:00:00","PM10",NA,167.8546,0,253.6417,0,70.314,244.9307,8.8797,0,NA,1.9047,185.9499,NA,0,3.4747,5.2663,0,0,0.4293,NA,0.9809,NA,0,0,0,20.4965,0,NA,0,0,0,0,NA,0,0,0,0.0123,0,1.9634,0,"E: Uncertainty",NA,NA,NA,NA,NA,NA,NA,NA,"E: Uncertainty",NA,NA,"E: Uncertainty",NA,NA,NA,NA,NA,NA,"E: Uncertainty",NA,"E: Uncertainty",NA,NA,NA,NA,NA,"E: Uncertainty",NA,NA,NA,NA,"E: Uncertainty",NA,NA,NA,NA,NA,NA,NA
"2023-06-28 16:00:00","PM2.5",NA,0,NA,426.6026,0,51.0011,29.9374,2.2378,0,NA,NA,74.6463,0,8e-04,2.8032,5.5802,0,0,1.009,0,1.8719,NA,0,0,0,10.4849,0,0,0,NA,NA,NA,NA,0,0,0,0,0,2.6677,0,"E: Uncertainty",NA,"E: Uncertainty",NA,NA,NA,NA,NA,NA,"E: Uncertainty","E: Uncertainty",NA,NA,NA,NA,NA,NA,NA,NA,NA,NA,"E: Uncertainty",NA,NA,NA,NA,NA,NA,NA,"E: Uncertainty","E: Uncertainty","E: Uncertainty","E: Uncertainty",NA,NA,NA,NA,NA,NA,NA
"2023-06-28 17:00:00","PM10",NA,NA,0,568.0687,0,79.6918,104.253,4.6572,NA,NA,1.3717,203.0654,0,0,3.939,12.0968,0,0,0.4791,NA,2.01,NA,0,0,0,NA,0,NA,0,NA,NA,0,NA,0,0,0,0,0,3.3346,0,"E: Uncertainty","E: Uncertainty",NA,NA,NA,NA,NA,NA,"E: Uncertainty","E: Uncertainty",NA,NA,NA,NA,NA,NA,NA,NA,NA,"E: Uncertainty",NA,"E: Uncertainty",NA,NA,NA,"E: Uncertainty",NA,"E: Uncertainty",NA,"E: Uncertainty","E: Uncertainty",NA,"E: Uncertainty",NA,NA,NA,NA,NA,NA,NA
"2023-06-28 18:00:00","PM2.5",NA,NA,NA,NA,NA,NA,NA,NA,NA,NA,NA,NA,NA,NA,NA,NA,NA,NA,NA,NA,NA,NA,NA,NA,NA,NA,NA,NA,NA,NA,NA,NA,NA,NA,NA,NA,NA,NA,NA,NA,"E: Uncertainty","E: Erroneous Data","E: Erroneous Data","E: Erroneous Data","E: Erroneous Data","E: Erroneous Data","E: Erroneous Data","E: Uncertainty","E: Erroneous Data","E: Uncertainty","E: Erroneous Data","E: Erroneous Data","E: Uncertainty","E: Erroneous Data","E: Erroneous Data","E: Erroneous Data","E: Erroneous Data","E: Erroneous Data","E: Uncertainty","E: Uncertainty","E: Erroneous Data","E: Uncertainty","E: Erroneous Data","E: Erroneous Data","E: Erroneous Data","E: Erroneous Data","E: Erroneous Data","E: Uncertainty","E: Erroneous Data","E: Uncertainty","E: Uncertainty","E: Uncertainty","E: Uncertainty","E: Erroneous Data","E: Erroneous Data","E: Erroneous Data","E: Erroneous Data","E: Erroneous Data","E: Erroneous Data","E: Erroneous Data"
"2023-06-28 19:00:00","PM10",NA,NA,NA,NA,NA,NA,NA,NA,NA,NA,NA,NA,NA,NA,NA,NA,NA,NA,NA,NA,NA,NA,NA,NA,NA,NA,NA,NA,NA,NA,NA,NA,NA,NA,NA,NA,NA,NA,NA,NA,"E: Erroneous Data","E: Uncertainty","E: Erroneous Data","E: Erroneous Data","E: Erroneous Data","E: Erroneous Data","E: Erroneous Data","E: Erroneous Data","E: Erroneous Data","E: Uncertainty","E: Erroneous Data","E: Erroneous Data","E: Erroneous Data","E: Uncertainty","E: Erroneous Data","E: Erroneous Data","E: Erroneous Data","E: Erroneous Data","E: Erroneous Data","E: Uncertainty","E: Uncertainty","E: Uncertainty","E: Erroneous Data","E: Erroneous Data","E: Erroneous Data","E: Erroneous Data","E: Uncertainty","E: Erroneous Data","E: Erroneous Data","E: Uncertainty","E: Uncertainty","E: Uncertainty","E: Uncertainty","E: Erroneous Data","E: Erroneous Data","E: Erroneous Data","E: Erroneous Data","E: Erroneous Data","E: Erroneous Data","E: Erroneous Data"
"2023-06-28 20:00:00","PM2.5",NA,NA,NA,NA,NA,NA,NA,NA,NA,NA,NA,NA,NA,NA,NA,NA,NA,NA,NA,NA,NA,NA,NA,NA,NA,NA,NA,NA,NA,NA,NA,NA,NA,NA,NA,NA,NA,NA,NA,NA,"E: Uncertainty","E: Erroneous Data","E: Erroneous Data","E: Erroneous Data","E: Erroneous Data","E: Erroneous Data","E: Erroneous Data","E: Uncertainty","E: Erroneous Data","E: Erroneous Data","E: Erroneous Data","E: Erroneous Data","E: Uncertainty","E: Uncertainty","E: Erroneous Data","E: Erroneous Data","E: Erroneous Data","E: Erroneous Data","E: Erroneous Data","E: Uncertainty","E: Erroneous Data","E: Uncertainty","E: Erroneous Data","E: Erroneous Data","E: Erroneous Data","E: Erroneous Data","E: Erroneous Data","E: Uncertainty","E: Erroneous Data","E: Uncertainty","E: Uncertainty","E: Uncertainty","E: Uncertainty","E: Erroneous Data","E: Erroneous Data","E: Erroneous Data","E: Uncertainty","E: Erroneous Data","E: Erroneous Data","E: Erroneous Data"
"2023-06-28 21:00:00","PM10",NA,NA,NA,452.9335,27.2484,58.1315,61.1161,2.7097,0,0,NA,115.2791,0,NA,4.5342,16.2757,0,0,0.6826,0,1.5184,NA,0,0,0,NA,0,0,0,NA,0,NA,NA,NA,0,0,0,0,NA,0,"E: Uncertainty","E: Uncertainty","E: Uncertainty",NA,NA,NA,NA,NA,NA,NA,"E: Uncertainty",NA,NA,"E: Uncertainty",NA,NA,NA,NA,NA,NA,NA,"E: Uncertainty",NA,NA,NA,"E: Uncertainty",NA,NA,NA,"E: Uncertainty",NA,"E: Uncertainty","E: Uncertainty","E: Uncertainty",NA,NA,NA,NA,"E: Uncertainty",NA
"2023-06-28 22:00:00","PM2.5",NA,0,0,321.134,0,16.8423,17.4799,1.7177,NA,NA,NA,42.5261,0,NA,2.4583,23.4703,0,0,NA,0,0.9818,NA,0,0,0,NA,NA,0,0,NA,0,NA,0,0,0,0,0,0,3.0253,0,"E: Uncertainty",NA,NA,NA,NA,NA,NA,NA,"E: Uncertainty","E: Uncertainty","E: Uncertainty",NA,NA,"E: Uncertainty",NA,NA,NA,NA,"E: Uncertainty",NA,NA,"E: Uncertainty",NA,NA,NA,"E: Uncertainty","E: Uncertainty",NA,NA,"E: Uncertainty",NA,"E: Uncertainty",NA,NA,NA,NA,NA,NA,NA,NA
"2023-06-28 23:00:00","PM10",NA,0,NA,448.8058,0,68.538,29.3916,NA,0,NA,0,58.2306,NA,NA,6.5098,10.1647,0,0,0,NA,1.2345,NA,0,0,0,31.8184,0,0.0428,0,NA,NA,0,NA,0,0,0,0,0,2.431,0,"E: Uncertainty",NA,"E: Uncertainty",NA,NA,NA,NA,"E: Uncertainty",NA,"E: Uncertainty",NA,NA,"E: Uncertainty","E: Uncertainty",NA,NA,NA,NA,NA,"E: Uncertainty",NA,"E: Uncertainty",NA,NA,NA,NA,NA,NA,NA,"E: Uncertainty","E: Uncertainty",NA,"E: Uncertainty",NA,NA,NA,NA,NA,NA,NA
"2023-06-29 00:30:00","PM2.5",0,0,0,574.0845,0,20.6184,NA,0,0,0,0,16.8477,0,NA,2.0322,7.7335,0,0,NA,NA,1.743,NA,0,0,0,26.4729,0,NA,0,NA,NA,NA,NA,0,0,0,NA,NA,NA,0,NA,NA,NA,NA,NA,NA,"E: Uncertainty",NA,NA,NA,NA,NA,NA,"E: Uncertainty",NA,NA,NA,NA,"E: Uncertainty","E: Uncertainty",NA,"E: Uncertainty",NA,NA,NA,NA,NA,"E: Uncertainty",NA,"E: Uncertainty","E: Uncertainty","E: Uncertainty","E: Uncertainty",NA,NA,NA,"E: Uncertainty","E: Uncertainty","E: Uncertainty",NA
"2023-06-29 01:00:00","PM10",NA,0,NA,743.8005,0,77.7637,36.31,2.4494,NA,NA,NA,37.9095,NA,NA,7.6573,8.3424,0,0,0.8034,NA,1.6117,NA,0,0,0,18.1934,0.0304,NA,0,NA,NA,NA,0,NA,0,0,0,0,NA,0,"E: Uncertainty",NA,"E: Uncertainty",NA,NA,NA,NA,NA,"E: Uncertainty","E: Uncertainty","E: Uncertainty",NA,"E: Uncertainty","E: Uncertainty",NA,NA,NA,NA,NA,"E: Uncertainty",NA,"E: Uncertainty",NA,NA,NA,NA,NA,"E: Uncertainty",NA,"E: Uncertainty","E: Uncertainty","E: Uncertainty",NA,"E: Uncertainty",NA,NA,NA,NA,"E: Uncertainty",NA
"2023-06-29 02:00:00","PM2.5",0,0,NA,454.3454,0,22.5107,7.8878,NA,0,NA,0,14.4571,0,NA,2.8708,8.079,0,0,0,NA,0.9939,NA,0,0,0,NA,0,NA,0,0,NA,NA,NA,NA,0,0,0,0,2.5791,0,NA,NA,"E: Uncertainty",NA,NA,NA,NA,"E: Uncertainty",NA,"E: Uncertainty",NA,NA,NA,"E: Uncertainty",NA,NA,NA,NA,NA,"E: Uncertainty",NA,"E: Uncertainty",NA,NA,NA,"E: Uncertainty",NA,"E: Uncertainty",NA,NA,"E: Uncertainty","E: Uncertainty","E: Uncertainty","E: Uncertainty",NA,NA,NA,NA,NA,NA
"2023-06-29 03:00:00","PM10",NA,0,NA,877.6273,0,58.078,38.0533,NA,NA,NA,0,32.9704,0,NA,1.517,6.8989,0,0,NA,NA,1.1371,NA,0,0,NA,13.4549,0,NA,0,0.1247,0,NA,0,0,0,0,0,0,1.5591,0,"E: Uncertainty",NA,"E: Uncertainty",NA,NA,NA,NA,"E: Uncertainty","E: Uncertainty","E: Uncertainty",NA,NA,NA,"E: Uncertainty",NA,NA,NA,NA,"E: Uncertainty","E: Uncertainty",NA,"E: Uncertainty",NA,NA,"E: Uncertainty",NA,NA,"E: Uncertainty",NA,NA,NA,"E: Uncertainty",NA,NA,NA,NA,NA,NA,NA,NA
"2023-06-29 04:00:00","PM2.5",NA,0,0,670.5392,0,19.3782,15.9487,NA,0,0,0,22.4275,NA,NA,1.4017,15.3466,0,0,0.8127,0.4924,0.8472,NA,0,0,0,NA,NA,NA,0,NA,NA,NA,NA,0,0,0,0,0,1.8982,0,"E: Uncertainty",NA,NA,NA,NA,NA,NA,"E: Uncertainty",NA,NA,NA,NA,"E: Uncertainty","E: Uncertainty",NA,NA,NA,NA,NA,NA,NA,"E: Uncertainty",NA,NA,NA,"E: Uncertainty","E: Uncertainty","E: Uncertainty",NA,"E: Uncertainty","E: Uncertainty","E: Uncertainty","E: Uncertainty",NA,NA,NA,NA,NA,NA,NA
"2023-06-29 05:00:00","PM10",NA,NA,0,683.4587,41.3679,72.3742,75.4193,2.8222,NA,NA,1.355,132.9037,0,NA,4.5851,53.2212,0,0,NA,NA,1.9481,NA,0,NA,0,NA,NA,NA,0,0,NA,NA,NA,0,0,0,3e-04,0,4.6048,0,"E: Uncertainty","E: Uncertainty",NA,NA,NA,NA,NA,NA,"E: Uncertainty","E: Uncertainty",NA,NA,NA,"E: Uncertainty",NA,NA,NA,NA,"E: Uncertainty","E: Uncertainty",NA,"E: Uncertainty",NA,"E: Uncertainty",NA,"E: Uncertainty","E: Uncertainty","E: Uncertainty",NA,NA,"E: Uncertainty","E: Uncertainty","E: Uncertainty",NA,NA,NA,NA,NA,NA,NA
"2023-06-29 06:00:00","PM2.5",NA,0,0,432.7897,NA,34.1023,34.5441,1.7745,0,NA,0.8545,81.4712,NA,NA,4.0063,43.4649,0,0,0.6588,NA,1.9635,0,0,0,0,19.648,NA,NA,0,NA,0.0662,NA,NA,0,0,0,0,0,4.5652,0,"E: Uncertainty",NA,NA,NA,"E: Uncertainty",NA,NA,NA,NA,"E: Uncertainty",NA,NA,"E: Uncertainty","E: Uncertainty",NA,NA,NA,NA,NA,"E: Uncertainty",NA,NA,NA,NA,NA,NA,"E: Uncertainty","E: Uncertainty",NA,"E: Uncertainty",NA,"E: Uncertainty","E: Uncertainty",NA,NA,NA,NA,NA,NA,NA
"2023-06-29 07:00:00","PM10",NA,NA,0,580.1313,614.5507,83.1682,124.6498,6.9437,0,0.8996,3.4033,234.0534,0,NA,6.8932,18.6663,0,0,NA,NA,1.6794,NA,0,0,0,15.2849,0,0,0,0,NA,NA,3.2839,0,0,0,0,0,1.9696,0,"E: Uncertainty","E: Uncertainty",NA,NA,NA,NA,NA,NA,NA,NA,NA,NA,NA,"E: Uncertainty",NA,NA,NA,NA,"E: Uncertainty","E: Uncertainty",NA,"E: Uncertainty",NA,NA,NA,NA,NA,NA,NA,NA,"E: Uncertainty","E: Uncertainty",NA,NA,NA,NA,NA,NA,NA,NA
"2023-06-29 08:00:00","PM2.5",NA,0,0,621.9982,101.4121,35.7267,37.6294,1.5907,NA,NA,1.1385,97.9705,0,0.6465,2.8012,10.4327,0,0,0.4494,NA,0.7692,NA,0,0,0,0,NA,NA,0,0,NA,0,NA,0,0,0,0,0,NA,0,"E: Uncertainty",NA,NA,NA,NA,NA,NA,NA,"E: Uncertainty","E: Uncertainty",NA,NA,NA,NA,NA,NA,NA,NA,NA,"E: Uncertainty",NA,"E: Uncertainty",NA,NA,NA,NA,"E: Uncertainty","E: Uncertainty",NA,NA,"E: Uncertainty",NA,"E: Uncertainty",NA,NA,NA,NA,NA,"E: Uncertainty",NA
"2023-06-29 09:00:00","PM10",NA,0.1886,0,535.0954,930.0061,64.3962,166.1889,8.0378,0,NA,2.1485,143.7742,0,0,4.9951,17.8206,0,0,0.5452,NA,2.0813,NA,0,0,0,NA,NA,NA,0,NA,NA,0,NA,0,0,0,0,0,3.8593,0,"E: Uncertainty",NA,NA,NA,NA,NA,NA,NA,NA,"E: Uncertainty",NA,NA,NA,NA,NA,NA,NA,NA,NA,"E: Uncertainty",NA,"E: Uncertainty",NA,NA,NA,"E: Uncertainty","E: Uncertainty","E: Uncertainty",NA,"E: Uncertainty","E: Uncertainty",NA,"E: Uncertainty",NA,NA,NA,NA,NA,NA,NA
"2023-06-29 10:00:00","PM2.5",NA,0,0,680.7361,142.5156,22.6704,44.9573,NA,NA,NA,1.111,56.224,NA,NA,4.5588,14.5346,0,0,1.0223,NA,1.1797,NA,0,0,0,13.0382,0,0,0,NA,0,NA,0,0,0,0,0,0,2.8524,0,"E: Uncertainty",NA,NA,NA,NA,NA,NA,"E: Uncertainty","E: Uncertainty","E: Uncertainty",NA,NA,"E: Uncertainty","E: Uncertainty",NA,NA,NA,NA,NA,"E: Uncertainty",NA,"E: Uncertainty",NA,NA,NA,NA,NA,NA,NA,"E: Uncertainty",NA,"E: Uncertainty",NA,NA,NA,NA,NA,NA,NA,NA
"2023-06-29 11:00:00","PM10",NA,NA,0,449.1251,776.7037,61.5861,182.6975,6.2474,NA,NA,1.7933,168.7455,0,0,5.4829,20.0747,0,0,1.1938,NA,3.68,NA,0,0,0,15.9237,0,NA,0,NA,NA,NA,NA,0,0,0,0,0,13.0083,0,"E: Uncertainty","E: Uncertainty",NA,NA,NA,NA,NA,NA,"E: Uncertainty","E: Uncertainty",NA,NA,NA,NA,NA,NA,NA,NA,NA,"E: Uncertainty",NA,"E: Uncertainty",NA,NA,NA,NA,NA,"E: Uncertainty",NA,"E: Uncertainty","E: Uncertainty","E: Uncertainty","E: Uncertainty",NA,NA,NA,NA,NA,NA,NA
"2023-06-29 12:00:00","PM2.5",NA,0,0,388.3148,208.2042,25.4152,56.2574,1.4209,0,0,NA,65.5163,0,0.0037,4.0624,12.8155,0,0,NA,NA,2.5155,NA,0,0,0,16.4985,NA,NA,0,NA,NA,0,0,0,0,0,0,0,10.0115,0,"E: Uncertainty",NA,NA,NA,NA,NA,NA,NA,NA,NA,"E: Uncertainty",NA,NA,NA,NA,NA,NA,NA,"E: Uncertainty","E: Uncertainty",NA,"E: Uncertainty",NA,NA,NA,NA,"E: Uncertainty","E: Uncertainty",NA,"E: Uncertainty","E: Uncertainty",NA,NA,NA,NA,NA,NA,NA,NA,NA
"2023-06-29 13:00:00","PM10",NA,NA,0,408.62,690.5766,65.0451,186.1901,5.7039,0,NA,1.9659,138.3448,0,NA,5.6994,18.1569,0,0,0.3859,0,2.6778,NA,0,0,0,0,NA,NA,0,NA,NA,0,NA,0,0,0,0,0,7.3849,0,"E: Uncertainty","E: Uncertainty",NA,NA,NA,NA,NA,NA,NA,"E: Uncertainty",NA,NA,NA,"E: Uncertainty",NA,NA,NA,NA,NA,NA,NA,"E: Uncertainty",NA,NA,NA,NA,"E: Uncertainty","E: Uncertainty",NA,"E: Uncertainty","E: Uncertainty",NA,"E: Uncertainty",NA,NA,NA,NA,NA,NA,NA
"2023-06-29 14:00:00","PM2.5",NA,NA,NA,NA,NA,NA,NA,NA,NA,NA,NA,NA,NA,NA,NA,NA,NA,NA,NA,NA,NA,NA,NA,NA,NA,NA,NA,NA,NA,NA,NA,NA,NA,NA,NA,NA,NA,NA,NA,NA,"E: Uncertainty","E: Erroneous Data","E: Erroneous Data","E: Erroneous Data","E: Erroneous Data","E: Erroneous Data","E: Erroneous Data","E: Uncertainty","E: Erroneous Data","E: Erroneous Data","E: Uncertainty","E: Erroneous Data","E: Erroneous Data","E: Erroneous Data","E: Erroneous Data","E: Erroneous Data","E: Erroneous Data","E: Erroneous Data","E: Uncertainty","E: Erroneous Data","E: Erroneous Data","E: Uncertainty","E: Erroneous Data","E: Erroneous Data","E: Erroneous Data","E: Uncertainty","E: Uncertainty","E: Uncertainty","E: Erroneous Data","E: Uncertainty","E: Erroneous Data","E: Erroneous Data","E: Uncertainty","E: Erroneous Data","E: Erroneous Data","E: Erroneous Data","E: Erroneous Data","E: Erroneous Data","E: Erroneous Data","E: Erroneous Data"
"2023-06-29 15:00:00","PM10",NA,NA,NA,NA,NA,NA,NA,NA,NA,NA,NA,NA,NA,NA,NA,NA,NA,NA,NA,NA,NA,NA,NA,NA,NA,NA,NA,NA,NA,NA,NA,NA,NA,NA,NA,NA,NA,NA,NA,NA,"E: Erroneous Data","E: Uncertainty","E: Erroneous Data","E: Erroneous Data","E: Erroneous Data","E: Erroneous Data","E: Erroneous Data","E: Erroneous Data","E: Erroneous Data","E: Erroneous Data","E: Erroneous Data","E: Erroneous Data","E: Erroneous Data","E: Erroneous Data","E: Erroneous Data","E: Erroneous Data","E: Erroneous Data","E: Erroneous Data","E: Erroneous Data","E: Uncertainty","E: Erroneous Data","E: Erroneous Data","E: Erroneous Data","E: Erroneous Data","E: Erroneous Data","E: Erroneous Data","E: Erroneous Data","E: Uncertainty","E: Erroneous Data","E: Erroneous Data","E: Uncertainty","E: Uncertainty","E: Uncertainty","E: Erroneous Data","E: Erroneous Data","E: Erroneous Data","E: Erroneous Data","E: Erroneous Data","E: Erroneous Data","E: Erroneous Data"
"2023-06-29 16:00:00","PM2.5",NA,NA,NA,NA,NA,NA,NA,NA,NA,NA,NA,NA,NA,NA,NA,NA,NA,NA,NA,NA,NA,NA,NA,NA,NA,NA,NA,NA,NA,NA,NA,NA,NA,NA,NA,NA,NA,NA,NA,NA,"E: Erroneous Data","E: Erroneous Data","E: Erroneous Data","E: Erroneous Data","E: Erroneous Data","E: Erroneous Data","E: Erroneous Data","E: Uncertainty","E: Erroneous Data","E: Erroneous Data","E: Uncertainty","E: Erroneous Data","E: Uncertainty","E: Erroneous Data","E: Erroneous Data","E: Erroneous Data","E: Erroneous Data","E: Erroneous Data","E: Erroneous Data","E: Uncertainty","E: Erroneous Data","E: Uncertainty","E: Erroneous Data","E: Erroneous Data","E: Erroneous Data","E: Erroneous Data","E: Uncertainty","E: Erroneous Data","E: Erroneous Data","E: Erroneous Data","E: Erroneous Data","E: Uncertainty","E: Erroneous Data","E: Erroneous Data","E: Erroneous Data","E: Erroneous Data","E: Erroneous Data","E: Erroneous Data","E: Erroneous Data","E: Erroneous Data"
"2023-06-29 17:00:00","PM10",NA,0,0,373.5274,743.8307,61.4472,174.1572,3.4875,0,NA,0.9983,126.2006,NA,NA,3.404,10.0313,0,0,0.432,NA,1.6799,NA,0,0,0,14.3146,NA,0,0,NA,NA,NA,NA,0,0,0,0,0,0.9736,0,"E: Uncertainty",NA,NA,NA,NA,NA,NA,NA,NA,"E: Uncertainty",NA,NA,"E: Uncertainty","E: Uncertainty",NA,NA,NA,NA,NA,"E: Uncertainty",NA,"E: Uncertainty",NA,NA,NA,NA,"E: Uncertainty",NA,NA,"E: Uncertainty","E: Uncertainty","E: Uncertainty","E: Uncertainty",NA,NA,NA,NA,NA,NA,NA
"2023-06-29 18:00:00","PM2.5",0,0,0,332.7289,174.6052,31.3493,42.6639,NA,0,NA,NA,54.2808,0,NA,2.6303,10.8743,0,0,0,NA,1.3153,NA,0,0,0,11.8567,0,NA,0,0,NA,NA,NA,0,0,0,0,0,3.5312,0,NA,NA,NA,NA,NA,NA,NA,"E: Uncertainty",NA,"E: Uncertainty","E: Uncertainty",NA,NA,"E: Uncertainty",NA,NA,NA,NA,NA,"E: Uncertainty",NA,"E: Uncertainty",NA,NA,NA,NA,NA,"E: Uncertainty",NA,NA,"E: Uncertainty","E: Uncertainty","E: Uncertainty",NA,NA,NA,NA,NA,NA,NA
"2023-06-29 19:00:00","PM10",NA,NA,0,359.5273,737.5201,64.7854,196.5778,4.0025,0,NA,1.2484,154.5044,0,NA,4.0628,12.5549,0,0,0,NA,1.5977,NA,0,0,0,15.3788,NA,0,0,NA,NA,NA,3.0489,0,0,0,0,0,2.1052,0,"E: Uncertainty","E: Uncertainty",NA,NA,NA,NA,NA,NA,NA,"E: Uncertainty",NA,NA,NA,"E: Uncertainty",NA,NA,NA,NA,NA,"E: Uncertainty",NA,"E: Uncertainty",NA,NA,NA,NA,"E: Uncertainty",NA,NA,"E: Uncertainty","E: Uncertainty","E: Uncertainty",NA,NA,NA,NA,NA,NA,NA,NA
"2023-06-29 20:00:00","PM2.5",NA,0,0,367.9305,73.1134,29.2363,40.588,1.1002,0,NA,NA,78.9312,NA,0,3.7876,19.7003,0,0,1.0712,NA,1.2266,NA,0,0,0,16.0953,NA,NA,0,0,NA,0,NA,0,0,0,0,0,7.1385,0,"E: Uncertainty",NA,NA,NA,NA,NA,NA,NA,NA,"E: Uncertainty","E: Uncertainty",NA,"E: Uncertainty",NA,NA,NA,NA,NA,NA,"E: Uncertainty",NA,"E: Uncertainty",NA,NA,NA,NA,"E: Uncertainty","E: Uncertainty",NA,NA,"E: Uncertainty",NA,"E: Uncertainty",NA,NA,NA,NA,NA,NA,NA
"2023-06-29 21:00:00","PM10",NA,0,0,385.6269,507.2032,55.7409,116.4672,3.289,0,NA,1.4742,218.0014,NA,0,12.3793,20.1302,0,0,0.4933,NA,2.5456,NA,0,0,0,14.3775,NA,NA,0,0,0,0,NA,0,0,0,0,0,13.6851,0,"E: Uncertainty",NA,NA,NA,NA,NA,NA,NA,NA,"E: Uncertainty",NA,NA,"E: Uncertainty",NA,NA,NA,NA,NA,NA,"E: Uncertainty",NA,"E: Uncertainty",NA,NA,NA,NA,"E: Uncertainty","E: Uncertainty",NA,NA,NA,NA,"E: Uncertainty",NA,NA,NA,NA,NA,NA,NA
"2023-06-29 22:00:00","PM2.5",NA,NA,NA,NA,NA,NA,NA,NA,NA,NA,NA,NA,NA,NA,NA,NA,NA,NA,NA,NA,NA,NA,NA,NA,NA,NA,NA,NA,NA,NA,NA,NA,NA,NA,NA,NA,NA,NA,NA,NA,"E: Uncertainty","E: Erroneous Data","E: Erroneous Data","E: Erroneous Data","E: Erroneous Data","E: Erroneous Data","E: Erroneous Data","E: Uncertainty","E: Erroneous Data","E: Erroneous Data","E: Erroneous Data","E: Erroneous Data","E: Erroneous Data","E: Erroneous Data","E: Erroneous Data","E: Erroneous Data","E: Erroneous Data","E: Erroneous Data","E: Erroneous Data","E: Uncertainty","E: Erroneous Data","E: Uncertainty","E: Erroneous Data","E: Erroneous Data","E: Erroneous Data","E: Erroneous Data","E: Uncertainty","E: Uncertainty","E: Erroneous Data","E: Erroneous Data","E: Erroneous Data","E: Erroneous Data","E: Erroneous Data","E: Erroneous Data","E: Erroneous Data","E: Erroneous Data","E: Erroneous Data","E: Erroneous Data","E: Erroneous Data","E: Erroneous Data"
"2023-06-29 23:00:00","PM10",NA,NA,NA,NA,NA,NA,NA,NA,NA,NA,NA,NA,NA,NA,NA,NA,NA,NA,NA,NA,NA,NA,NA,NA,NA,NA,NA,NA,NA,NA,NA,NA,NA,NA,NA,NA,NA,NA,NA,NA,"E: Erroneous Data","E: Erroneous Data","E: Erroneous Data","E: Erroneous Data","E: Erroneous Data","E: Erroneous Data","E: Erroneous Data","E: Erroneous Data","E: Uncertainty","E: Erroneous Data","E: Erroneous Data","E: Erroneous Data","E: Uncertainty","E: Uncertainty","E: Erroneous Data","E: Erroneous Data","E: Erroneous Data","E: Erroneous Data","E: Erroneous Data","E: Uncertainty","E: Erroneous Data","E: Uncertainty","E: Erroneous Data","E: Erroneous Data","E: Erroneous Data","E: Erroneous Data","E: Erroneous Data","E: Uncertainty","E: Erroneous Data","E: Uncertainty","E: Uncertainty","E: Erroneous Data","E: Uncertainty","E: Erroneous Data","E: Uncertainty","E: Erroneous Data","E: Erroneous Data","E: Erroneous Data","E: Erroneous Data","E: Erroneous Data"
"2023-06-30 00:30:00","PM2.5",NA,0,0,316.7014,166.2847,23.4678,17.405,NA,0,0,0,22.6286,0,0,NA,5.3992,0,0,0,0,NA,NA,0,0,0,38.1135,NA,NA,0,NA,NA,0,0,0.0063,0,0,0,0,NA,0,"E: Uncertainty",NA,NA,NA,NA,NA,NA,"E: Uncertainty",NA,NA,NA,NA,NA,NA,"E: Uncertainty",NA,NA,NA,NA,NA,"E: Uncertainty","E: Uncertainty",NA,NA,NA,NA,"E: Uncertainty","E: Uncertainty",NA,"E: Uncertainty","E: Uncertainty",NA,NA,NA,NA,NA,NA,NA,"E: Uncertainty",NA
"2023-06-30 01:00:00","PM10",NA,NA,NA,NA,NA,NA,NA,NA,NA,NA,NA,NA,NA,NA,NA,NA,NA,NA,NA,NA,NA,NA,NA,NA,NA,NA,NA,NA,NA,NA,NA,NA,NA,NA,NA,NA,NA,NA,NA,NA,"E: Erroneous Data","E: Erroneous Data","E: Erroneous Data","E: Erroneous Data","E: Erroneous Data","E: Erroneous Data","E: Erroneous Data","E: Erroneous Data","E: Erroneous Data","E: Erroneous Data","E: Uncertainty","E: Erroneous Data","E: Erroneous Data","E: Uncertainty","E: Erroneous Data","E: Erroneous Data","E: Erroneous Data","E: Erroneous Data","E: Erroneous Data","E: Erroneous Data","E: Erroneous Data","E: Uncertainty","E: Erroneous Data","E: Erroneous Data","E: Erroneous Data","E: Erroneous Data","E: Uncertainty","E: Uncertainty","E: Erroneous Data","E: Uncertainty","E: Uncertainty","E: Uncertainty","E: Erroneous Data","E: Erroneous Data","E: Erroneous Data","E: Erroneous Data","E: Erroneous Data","E: Erroneous Data","E: Uncertainty","E: Erroneous Data"
"2023-06-30 02:00:00","PM2.5",NA,NA,NA,NA,NA,NA,NA,NA,NA,NA,NA,NA,NA,NA,NA,NA,NA,NA,NA,NA,NA,NA,NA,NA,NA,NA,NA,NA,NA,NA,NA,NA,NA,NA,NA,NA,NA,NA,NA,NA,"E: Erroneous Data","E: Erroneous Data","E: Erroneous Data","E: Erroneous Data","E: Erroneous Data","E: Erroneous Data","E: Erroneous Data","E: Uncertainty","E: Erroneous Data","E: Erroneous Data","E: Erroneous Data","E: Erroneous Data","E: Erroneous Data","E: Erroneous Data","E: Erroneous Data","E: Erroneous Data","E: Erroneous Data","E: Erroneous Data","E: Erroneous Data","E: Uncertainty","E: Uncertainty","E: Erroneous Data","E: Erroneous Data","E: Erroneous Data","E: Erroneous Data","E: Erroneous Data","E: Uncertainty","E: Uncertainty","E: Erroneous Data","E: Erroneous Data","E: Uncertainty","E: Erroneous Data","E: Erroneous Data","E: Erroneous Data","E: Erroneous Data","E: Erroneous Data","E: Erroneous Data","E: Erroneous Data","E: Uncertainty","E: Erroneous Data"
"2023-06-30 03:00:00","PM10",NA,NA,NA,NA,NA,NA,NA,NA,NA,NA,NA,NA,NA,NA,NA,NA,NA,NA,NA,NA,NA,NA,NA,NA,NA,NA,NA,NA,NA,NA,NA,NA,NA,NA,NA,NA,NA,NA,NA,NA,"E: Erroneous Data","E: Erroneous Data","E: Erroneous Data","E: Erroneous Data","E: Erroneous Data","E: Erroneous Data","E: Erroneous Data","E: Erroneous Data","E: Uncertainty","E: Erroneous Data","E: Uncertainty","E: Erroneous Data","E: Erroneous Data","E: Uncertainty","E: Erroneous Data","E: Erroneous Data","E: Erroneous Data","E: Erroneous Data","E: Erroneous Data","E: Erroneous Data","E: Erroneous Data","E: Uncertainty","E: Erroneous Data","E: Erroneous Data","E: Erroneous Data","E: Erroneous Data","E: Uncertainty","E: Uncertainty","E: Erroneous Data","E: Erroneous Data","E: Erroneous Data","E: Uncertainty","E: Uncertainty","E: Erroneous Data","E: Erroneous Data","E: Erroneous Data","E: Uncertainty","E: Erroneous Data","E: Uncertainty","E: Erroneous Data"
"2023-06-30 04:00:00","PM2.5",NA,NA,NA,NA,NA,NA,NA,NA,NA,NA,NA,NA,NA,NA,NA,NA,NA,NA,NA,NA,NA,NA,NA,NA,NA,NA,NA,NA,NA,NA,NA,NA,NA,NA,NA,NA,NA,NA,NA,NA,"E: Uncertainty","E: Erroneous Data","E: Erroneous Data","E: Erroneous Data","E: Erroneous Data","E: Erroneous Data","E: Erroneous Data","E: Uncertainty","E: Erroneous Data","E: Erroneous Data","E: Erroneous Data","E: Erroneous Data","E: Erroneous Data","E: Uncertainty","E: Erroneous Data","E: Erroneous Data","E: Erroneous Data","E: Erroneous Data","E: Uncertainty","E: Uncertainty","E: Uncertainty","E: Uncertainty","E: Erroneous Data","E: Erroneous Data","E: Erroneous Data","E: Erroneous Data","E: Uncertainty","E: Uncertainty","E: Erroneous Data","E: Uncertainty","E: Uncertainty","E: Uncertainty","E: Uncertainty","E: Erroneous Data","E: Erroneous Data","E: Erroneous Data","E: Erroneous Data","E: Erroneous Data","E: Erroneous Data","E: Erroneous Data"
"2023-06-30 05:00:00","PM10",NA,0,0,370.6399,817.6045,87.7913,84.716,1.513,0,NA,NA,82.4841,NA,0,2.5129,7.0954,0,0,0.462,NA,1.5291,NA,0,0,0,NA,0,0,0,NA,0,NA,NA,0,0,0,0,0,7.7246,0,"E: Uncertainty",NA,NA,NA,NA,NA,NA,NA,NA,"E: Uncertainty","E: Uncertainty",NA,"E: Uncertainty",NA,NA,NA,NA,NA,NA,"E: Uncertainty",NA,"E: Uncertainty",NA,NA,NA,"E: Uncertainty",NA,NA,NA,"E: Uncertainty",NA,"E: Uncertainty","E: Uncertainty",NA,NA,NA,NA,NA,NA,NA
"2023-06-30 06:00:00","PM2.5",NA,0,0,352.1222,273.1677,61.1749,28.1213,1.1567,0,0,0,54.5453,NA,0,2.6132,6.6259,0,0,1.03,NA,1.8912,NA,0,0,0,12.0508,0,0,0,NA,NA,NA,0,0,NA,0,0,0,3.1509,0,"E: Uncertainty",NA,NA,NA,NA,NA,NA,NA,NA,NA,NA,NA,"E: Uncertainty",NA,NA,NA,NA,NA,NA,"E: Uncertainty",NA,"E: Uncertainty",NA,NA,NA,NA,NA,NA,NA,"E: Uncertainty","E: Uncertainty","E: Uncertainty",NA,NA,"E: Uncertainty",NA,NA,NA,NA,NA
"2023-06-30 07:00:00","PM10",NA,0,0,476.0931,1595.1568,128.7854,123.6011,3.2793,0,NA,NA,146.8614,0,NA,4.2899,8.3987,0,0,NA,NA,3.2579,NA,0,0,0,9.4469,0,NA,0,NA,NA,0,NA,0,0,0,0,0,6.4649,0,"E: Uncertainty",NA,NA,NA,NA,NA,NA,NA,NA,"E: Uncertainty","E: Uncertainty",NA,NA,"E: Uncertainty",NA,NA,NA,NA,"E: Uncertainty","E: Uncertainty",NA,"E: Uncertainty",NA,NA,NA,NA,NA,"E: Uncertainty",NA,"E: Uncertainty","E: Uncertainty",NA,"E: Uncertainty",NA,NA,NA,NA,NA,NA,NA
"2023-06-30 08:00:00","PM2.5",0,0,0,361.4188,359.2729,32.1259,32.1065,NA,0,0,NA,41.4208,0,0,1.3098,10.0759,0,0,4.1313,NA,0.897,0,0,0,0,16.1477,NA,0,0,NA,NA,0,NA,0,0,0,0,0,2.0373,0,NA,NA,NA,NA,NA,NA,NA,"E: Uncertainty",NA,NA,"E: Uncertainty",NA,NA,NA,NA,NA,NA,NA,NA,"E: Uncertainty",NA,NA,NA,NA,NA,NA,"E: Uncertainty",NA,NA,"E: Uncertainty","E: Uncertainty",NA,"E: Uncertainty",NA,NA,NA,NA,NA,NA,NA
"2023-06-30 09:00:00","PM10",NA,0,0,442.9336,1595.8319,64.1301,194.8362,3.7158,NA,0.6123,NA,98.7687,0,NA,3.8522,17.3077,0,0,0.5736,NA,3.4937,NA,0,0,0,NA,0,NA,0,0,0,NA,NA,0,0,0,0,0,1.4388,0,"E: Uncertainty",NA,NA,NA,NA,NA,NA,NA,"E: Uncertainty",NA,"E: Uncertainty",NA,NA,"E: Uncertainty",NA,NA,NA,NA,NA,"E: Uncertainty",NA,"E: Uncertainty",NA,NA,NA,"E: Uncertainty",NA,"E: Uncertainty",NA,NA,NA,"E: Uncertainty","E: Uncertainty",NA,NA,NA,NA,NA,NA,NA
"2023-06-30 10:00:00","PM2.5",NA,0,0,366.8846,461.5466,36.4304,56.2782,1.2345,NA,0,0,38.5579,NA,0,1.537,3.6378,0,0,0.3721,NA,1.6476,NA,0,0,0,NA,NA,0,0,0,NA,NA,0,0,0,0,0,0,0,0,"E: Uncertainty",NA,NA,NA,NA,NA,NA,NA,"E: Uncertainty",NA,NA,NA,"E: Uncertainty",NA,NA,NA,NA,NA,NA,"E: Uncertainty",NA,"E: Uncertainty",NA,NA,NA,"E: Uncertainty","E: Uncertainty",NA,NA,NA,"E: Uncertainty","E: Uncertainty",NA,NA,NA,NA,NA,NA,NA,NA
"2023-06-30 11:00:00","PM10",NA,NA,0,367.0929,600.4447,49.1394,267.829,2.9598,NA,NA,NA,109.2684,NA,NA,3.3684,4.8578,0,0,NA,NA,2.9636,NA,0,0,0,NA,NA,0,0,0,0,NA,NA,0,0,0,0,0,NA,0,"E: Uncertainty","E: Uncertainty",NA,NA,NA,NA,NA,NA,"E: Uncertainty","E: Uncertainty","E: Uncertainty",NA,"E: Uncertainty","E: Uncertainty",NA,NA,NA,NA,"E: Uncertainty","E: Uncertainty",NA,"E: Uncertainty",NA,NA,NA,"E: Uncertainty","E: Uncertainty",NA,NA,NA,NA,"E: Uncertainty","E: Uncertainty",NA,NA,NA,NA,NA,"E: Uncertainty",NA
"2023-06-30 12:00:00","PM2.5",NA,NA,NA,NA,NA,NA,NA,NA,NA,NA,NA,NA,NA,NA,NA,NA,NA,NA,NA,NA,NA,NA,NA,NA,NA,NA,NA,NA,NA,NA,NA,NA,NA,NA,NA,NA,NA,NA,NA,NA,"E: Uncertainty","E: Erroneous Data","E: Erroneous Data","E: Erroneous Data","E: Erroneous Data","E: Erroneous Data","E: Erroneous Data","E: Erroneous Data","E: Erroneous Data","E: Uncertainty","E: Erroneous Data","E: Erroneous Data","E: Erroneous Data","E: Erroneous Data","E: Erroneous Data","E: Erroneous Data","E: Erroneous Data","E: Erroneous Data","E: Erroneous Data","E: Erroneous Data","E: Erroneous Data","E: Uncertainty","E: Erroneous Data","E: Erroneous Data","E: Erroneous Data","E: Erroneous Data","E: Erroneous Data","E: Uncertainty","E: Erroneous Data","E: Uncertainty","E: Uncertainty","E: Erroneous Data","E: Uncertainty","E: Erroneous Data","E: Erroneous Data","E: Erroneous Data","E: Erroneous Data","E: Erroneous Data","E: Erroneous Data","E: Erroneous Data"
"2023-06-30 13:00:00","PM10",NA,NA,NA,NA,NA,NA,NA,NA,NA,NA,NA,NA,NA,NA,NA,NA,NA,NA,NA,NA,NA,NA,NA,NA,NA,NA,NA,NA,NA,NA,NA,NA,NA,NA,NA,NA,NA,NA,NA,NA,"E: Erroneous Data","E: Uncertainty","E: Erroneous Data","E: Erroneous Data","E: Erroneous Data","E: Erroneous Data","E: Erroneous Data","E: Erroneous Data","E: Erroneous Data","E: Uncertainty","E: Erroneous Data","E: Erroneous Data","E: Uncertainty","E: Erroneous Data","E: Erroneous Data","E: Erroneous Data","E: Erroneous Data","E: Erroneous Data","E: Uncertainty","E: Erroneous Data","E: Erroneous Data","E: Uncertainty","E: Erroneous Data","E: Erroneous Data","E: Erroneous Data","E: Erroneous Data","E: Uncertainty","E: Uncertainty","E: Erroneous Data","E: Erroneous Data","E: Erroneous Data","E: Erroneous Data","E: Uncertainty","E: Erroneous Data","E: Erroneous Data","E: Erroneous Data","E: Erroneous Data","E: Erroneous Data","E: Erroneous Data","E: Erroneous Data"
"2023-06-30 14:00:00","PM2.5",NA,NA,NA,NA,NA,NA,NA,NA,NA,NA,NA,NA,NA,NA,NA,NA,NA,NA,NA,NA,NA,NA,NA,NA,NA,NA,NA,NA,NA,NA,NA,NA,NA,NA,NA,NA,NA,NA,NA,NA,"E: Erroneous Data","E: Erroneous Data","E: Erroneous Data","E: Erroneous Data","E: Erroneous Data","E: Erroneous Data","E: Erroneous Data","E: Erroneous Data","E: Uncertainty","E: Erroneous Data","E: Uncertainty","E: Erroneous Data","E: Uncertainty","E: Erroneous Data","E: Erroneous Data","E: Erroneous Data","E: Erroneous Data","E: Erroneous Data","E: Erroneous Data","E: Erroneous Data","E: Uncertainty","E: Uncertainty","E: Erroneous Data","E: Erroneous Data","E: Erroneous Data","E: Erroneous Data","E: Uncertainty","E: Erroneous Data","E: Erroneous Data","E: Erroneous Data","E: Erroneous Data","E: Uncertainty","E: Erroneous Data","E: Erroneous Data","E: Erroneous Data","E: Erroneous Data","E: Erroneous Data","E: Erroneous Data","E: Erroneous Data","E: Erroneous Data"
"2023-06-30 15:00:00","PM10",NA,0,0,226.2775,0,19.9161,53.8672,1.8023,0,0.7014,NA,117.6579,0,NA,2.6595,6.8733,0,0,NA,0,1.0619,NA,0,NA,0,12.6368,NA,NA,0,NA,0,0,NA,0,0,0,0,0,NA,0,"E: Uncertainty",NA,NA,NA,NA,NA,NA,NA,NA,NA,"E: Uncertainty",NA,NA,"E: Uncertainty",NA,NA,NA,NA,"E: Uncertainty",NA,NA,"E: Uncertainty",NA,"E: Uncertainty",NA,NA,"E: Uncertainty","E: Uncertainty",NA,"E: Uncertainty",NA,NA,"E: Uncertainty",NA,NA,NA,NA,NA,"E: Uncertainty",NA
"2023-06-30 16:00:00","PM2.5",0,0,0,131.1555,0,5.3713,6.9961,NA,0,0,NA,41.0409,0,0.0022,1.7905,2.8822,NA,0,NA,0,0.6184,NA,0,0,0,NA,0,NA,0,0,0,NA,NA,0,0,0,0,0,0,0,NA,NA,NA,NA,NA,NA,NA,"E: Uncertainty",NA,NA,"E: Uncertainty",NA,NA,NA,NA,NA,"E: Uncertainty",NA,"E: Uncertainty",NA,NA,"E: Uncertainty",NA,NA,NA,"E: Uncertainty",NA,"E: Uncertainty",NA,NA,NA,"E: Uncertainty","E: Uncertainty",NA,NA,NA,NA,NA,NA,NA
"2023-06-30 17:00:00","PM10",NA,0,0,195.1485,19.6532,22.5633,56.7637,1.6113,0,NA,NA,107.8829,0,0,3.3661,2.7539,0,0,0,0,0.8186,0,0,0,0,12.0829,0,NA,0,0,0,0,NA,0,0,0,0,0,NA,0,"E: Uncertainty",NA,NA,NA,NA,NA,NA,NA,NA,"E: Uncertainty","E: Uncertainty",NA,NA,NA,NA,NA,NA,NA,NA,NA,NA,NA,NA,NA,NA,NA,NA,"E: Uncertainty",NA,NA,NA,NA,"E: Uncertainty",NA,NA,NA,NA,NA,"E: Uncertainty",NA
"2023-06-30 18:00:00","PM2.5",685.7871,0,0.3471,269.0997,55.9937,14.1338,7.5808,NA,0,NA,0,36.0426,0,NA,1.9838,3.1481,0,0,2.9586,0,NA,0,0,0,0,15.038,NA,0,0,NA,NA,NA,NA,0,0,0,0,0,NA,0,NA,NA,NA,NA,NA,NA,NA,"E: Uncertainty",NA,"E: Uncertainty",NA,NA,NA,"E: Uncertainty",NA,NA,NA,NA,NA,NA,"E: Uncertainty",NA,NA,NA,NA,NA,"E: Uncertainty",NA,NA,"E: Uncertainty","E: Uncertainty","E: Uncertainty","E: Uncertainty",NA,NA,NA,NA,NA,"E: Uncertainty",NA
"2023-06-30 19:00:00","PM10",NA,0,0,254.8276,206.2753,26.9624,29.8937,1.5892,0,NA,NA,87.2148,0,0,2.0758,5.3428,0,0,NA,NA,1.12,NA,0,0,0,18.9249,NA,NA,0,NA,NA,NA,NA,0,0,0,0,0,1.0283,0,"E: Uncertainty",NA,NA,NA,NA,NA,NA,NA,NA,"E: Uncertainty","E: Uncertainty",NA,NA,NA,NA,NA,NA,NA,"E: Uncertainty","E: Uncertainty",NA,"E: Uncertainty",NA,NA,NA,NA,"E: Uncertainty","E: Uncertainty",NA,"E: Uncertainty","E: Uncertainty","E: Uncertainty","E: Uncertainty",NA,NA,NA,NA,NA,NA,NA
"2023-06-30 20:00:00","PM2.5",NA,NA,NA,NA,NA,NA,NA,NA,NA,NA,NA,NA,NA,NA,NA,NA,NA,NA,NA,NA,NA,NA,NA,NA,NA,NA,NA,NA,NA,NA,NA,NA,NA,NA,NA,NA,NA,NA,NA,NA,"E: Erroneous Data","E: Erroneous Data","E: Erroneous Data","E: Erroneous Data","E: Erroneous Data","E: Erroneous Data","E: Erroneous Data","E: Uncertainty","E: Erroneous Data","E: Erroneous Data","E: Erroneous Data","E: Erroneous Data","E: Erroneous Data","E: Uncertainty","E: Erroneous Data","E: Erroneous Data","E: Erroneous Data","E: Erroneous Data","E: Erroneous Data","E: Erroneous Data","E: Erroneous Data","E: Uncertainty","E: Erroneous Data","E: Erroneous Data","E: Erroneous Data","E: Erroneous Data","E: Erroneous Data","E: Erroneous Data","E: Erroneous Data","E: Erroneous Data","E: Erroneous Data","E: Uncertainty","E: Uncertainty","E: Erroneous Data","E: Uncertainty","E: Erroneous Data","E: Erroneous Data","E: Erroneous Data","E: Uncertainty","E: Erroneous Data"
"2023-06-30 21:00:00","PM10",NA,NA,NA,NA,NA,NA,NA,NA,NA,NA,NA,NA,NA,NA,NA,NA,NA,NA,NA,NA,NA,NA,NA,NA,NA,NA,NA,NA,NA,NA,NA,NA,NA,NA,NA,NA,NA,NA,NA,NA,"E: Erroneous Data","E: Erroneous Data","E: Erroneous Data","E: Erroneous Data","E: Erroneous Data","E: Erroneous Data","E: Erroneous Data","E: Uncertainty","E: Erroneous Data","E: Uncertainty","E: Uncertainty","E: Erroneous Data","E: Erroneous Data","E: Erroneous Data","E: Erroneous Data","E: Erroneous Data","E: Erroneous Data","E: Erroneous Data","E: Erroneous Data","E: Uncertainty","E: Erroneous Data","E: Uncertainty","E: Erroneous Data","E: Uncertainty","E: Erroneous Data","E: Erroneous Data","E: Uncertainty","E: Uncertainty","E: Erroneous Data","E: Erroneous Data","E: Erroneous Data","E: Erroneous Data","E: Uncertainty","E: Erroneous Data","E: Erroneous Data","E: Erroneous Data","E: Erroneous Data","E: Erroneous Data","E: Erroneous Data","E: Erroneous Data"
