"datetime","pm_fraction","Al","Si","P","S","Cl","K","Ca","Ti","V","Cr","Mn","Fe","Co","Ni","Cu","Zn","Ga","Ge","As","Se","Br","Sr","Y","Zr","Mo","Pd","Ag","Cd","In","Sn","Sb","Te","Ba","La","Ce","Pt","Hg","Tl","Pb","Bi","Al_Flags","Si_Flags","P_Flags","S_Flags","Cl_Flags","K_Flags","Ca_Flags","Ti_Flags","V_Flags","Cr_Flags","Mn_Flags","Fe_Flags","Co_Flags","Ni_Flags","Cu_Flags","Zn_Flags","Ga_Flags","Ge_Flags","As_Flags","Se_Flags","Br_Flags","Sr_Flags","Y_Flags","Zr_Flags","Mo_Flags","Pd_Flags","Ag_Flags","Cd_Flags","In_Flags","Sn_Flags","Sb_Flags","Te_Flags","Ba_Flags","La_Flags","Ce_Flags","Pt_Flags","Hg_Flags","Tl_Flags","Pb_Flags","Bi_Flags"
"2024-02-01 00:30:00","PM2.5",NA,0,0,132.8486,2281.4918,48.6783,54.3169,0,0,0,0,13.3737,0,0,NA,6.6143,0,0,0,0,2.5303,NA,0,0,0,32.3222,NA,0,0,0,0,NA,NA,NA,0,0.0176,0,0,NA,0,"E: Uncertainty",NA,NA,NA,NA,NA,NA,NA,NA,NA,NA,NA,NA,NA,"E: Uncertainty",NA,NA,NA,NA,NA,NA,"E: Uncertainty",NA,NA,NA,NA,"E: Uncertainty",NA,NA,NA,NA,"E: Uncertainty","E: Uncertainty","E: Uncertainty",NA,NA,NA,NA,"E: Uncertainty",NA
"2024-02-01 01:00:00","PM10",1031.6818,0,0,311.1443,5873.0435,113.5431,139.9121,NA,NA,0,0,14.1076,0,NA,2.099,2.282,0,0,NA,0,6.8376,2.4311,0,0,0,NA,0,NA,0,NA,0,0,0,0,0,0,0,0,0,0,NA,NA,NA,NA,NA,NA,NA,"E: Uncertainty","E: Uncertainty",NA,NA,NA,NA,"E: Uncertainty",NA,NA,NA,NA,"E: Uncertainty",NA,NA,NA,NA,NA,NA,"E: Uncertainty",NA,"E: Uncertainty",NA,"E: Uncertainty",NA,NA,NA,NA,NA,NA,NA,NA,NA,NA
"2024-02-01 02:00:00","PM2.5",0,0,0,156.7196,2413.0892,58.934,59.0115,0,NA,0,0,11.9248,0,0,0.5943,2.6321,NA,0,0,0,3.8553,NA,0,0,NA,NA,0,NA,0,0,NA,NA,0,NA,0,0,0,0,NA,0,NA,NA,NA,NA,NA,NA,NA,NA,"E: Uncertainty",NA,NA,NA,NA,NA,NA,NA,"E: Uncertainty",NA,NA,NA,NA,"E: Uncertainty",NA,NA,"E: Uncertainty","E: Uncertainty",NA,"E: Uncertainty",NA,NA,"E: Uncertainty","E: Uncertainty",NA,"E: Uncertainty",NA,NA,NA,NA,"E: Uncertainty",NA
"2024-02-01 03:00:00","PM10",NA,0,0,310.6376,6074.246,129.229,149.4685,0,NA,0,0,9.8337,NA,0,0.4666,1.1985,0,0,0,NA,6.1713,2.4543,NA,0,0,NA,NA,0,0,0,NA,NA,0,NA,0,0,0,0,0,0,"E: Uncertainty",NA,NA,NA,NA,NA,NA,NA,"E: Uncertainty",NA,NA,NA,"E: Uncertainty",NA,NA,NA,NA,NA,NA,"E: Uncertainty",NA,NA,"E: Uncertainty",NA,NA,"E: Uncertainty","E: Uncertainty",NA,NA,NA,"E: Uncertainty","E: Uncertainty",NA,"E: Uncertainty",NA,NA,NA,NA,NA,NA
"2024-02-01 04:00:00","PM2.5",NA,0,0,153.6314,2513.9359,66.2282,63.2124,0,NA,0,0,5.8186,NA,0,NA,4.9356,NA,0,0,NA,3.2672,NA,0,0,0,17.7232,NA,0,0,0,NA,NA,0,0,0,0,0,0,NA,0,"E: Uncertainty",NA,NA,NA,NA,NA,NA,NA,"E: Uncertainty",NA,NA,NA,"E: Uncertainty",NA,"E: Uncertainty",NA,"E: Uncertainty",NA,NA,"E: Uncertainty",NA,"E: Uncertainty",NA,NA,NA,NA,"E: Uncertainty",NA,NA,NA,"E: Uncertainty","E: Uncertainty",NA,NA,NA,NA,NA,NA,"E: Uncertainty",NA
"2024-02-01 05:00:00","PM10",NA,0,0,294.9418,5245.5169,117.4378,127.9742,NA,0,0,0,15.8807,0,0,2.3113,11.0201,0,0,0,0,5.1723,3.4952,0,0,0,16.7984,NA,NA,NA,NA,NA,NA,0,0,0,0,0,0,NA,0,"E: Uncertainty",NA,NA,NA,NA,NA,NA,"E: Uncertainty",NA,NA,NA,NA,NA,NA,NA,NA,NA,NA,NA,NA,NA,NA,NA,NA,NA,NA,"E: Uncertainty","E: Uncertainty","E: Uncertainty","E: Uncertainty","E: Uncertainty","E: Uncertainty",NA,NA,NA,NA,NA,NA,"E: Uncertainty",NA
"2024-02-01 06:00:00","PM2.5",NA,0,0,177.9354,2518.3729,71.0675,65.2224,0,0.0091,NA,0.0011,24.2269,0,0,2.8751,10.5871,0,0,0,NA,3.2623,NA,NA,0,0,NA,NA,NA,0,0,0,NA,NA,0,0,0,0,0,8e-04,0,"E: Uncertainty",NA,NA,NA,NA,NA,NA,NA,NA,"E: Uncertainty",NA,NA,NA,NA,NA,NA,NA,NA,NA,"E: Uncertainty",NA,"E: Uncertainty","E: Uncertainty",NA,NA,"E: Uncertainty","E: Uncertainty","E: Uncertainty",NA,NA,NA,"E: Uncertainty","E: Uncertainty",NA,NA,NA,NA,NA,NA,NA
"2024-02-01 07:00:00","PM10",995.452,0,0,307.7,4980.3723,126.4733,137.227,1.6657,0,NA,0.8414,176.5039,0,NA,7.3954,93.6505,0,0,NA,0,5.7194,NA,0,NA,NA,NA,0,NA,0,NA,0,NA,NA,0,0,0,0,0,1.5789,0,NA,NA,NA,NA,NA,NA,NA,NA,NA,"E: Uncertainty",NA,NA,NA,"E: Uncertainty",NA,NA,NA,NA,"E: Uncertainty",NA,NA,"E: Uncertainty",NA,"E: Uncertainty","E: Uncertainty","E: Uncertainty",NA,"E: Uncertainty",NA,"E: Uncertainty",NA,"E: Uncertainty","E: Uncertainty",NA,NA,NA,NA,NA,NA,NA
"2024-02-01 08:00:00","PM2.5",NA,0,0,168.2365,2039.5941,85.6764,67.7791,1.2756,0,NA,2.1942,252.623,0,0,21.615,77.4891,0,0,0.511,0,3.5925,NA,0,0,3.8491,NA,NA,NA,0,NA,0,0,5.8432,0,0,0,0,0,2.8569,0,"E: Uncertainty",NA,NA,NA,NA,NA,NA,NA,NA,"E: Uncertainty",NA,NA,NA,NA,NA,NA,NA,NA,NA,NA,NA,"E: Uncertainty",NA,NA,NA,"E: Uncertainty","E: Uncertainty","E: Uncertainty",NA,"E: Uncertainty",NA,NA,NA,NA,NA,NA,NA,NA,NA,NA
"2024-02-01 09:00:00","PM10",NA,0,0,298.382,4894.3273,162.7316,229.255,5.8984,NA,0.8106,3.4087,355.8219,0,0,28.563,37.733,0,0,NA,0,8.9298,2.6727,NA,0,7.4028,12.6933,NA,0,0,NA,0,NA,4.1143,0,0,0,0,0,4.1511,0,"E: Uncertainty",NA,NA,NA,NA,NA,NA,NA,"E: Uncertainty",NA,NA,NA,NA,NA,NA,NA,NA,NA,"E: Uncertainty",NA,NA,NA,"E: Uncertainty",NA,NA,NA,"E: Uncertainty",NA,NA,"E: Uncertainty",NA,"E: Uncertainty",NA,NA,NA,NA,NA,NA,NA,NA
"2024-02-01 10:00:00","PM2.5",NA,0,0,153.005,2121.9742,73.2562,58.1759,NA,0,0,NA,74.783,0,0,9.2988,24.7595,0,0,0,NA,6.7675,NA,NA,NA,NA,NA,NA,NA,0,0,NA,0,NA,0,0,0,0,0,1.012,0,"E: Uncertainty",NA,NA,NA,NA,NA,NA,"E: Uncertainty",NA,NA,"E: Uncertainty",NA,NA,NA,NA,NA,NA,NA,NA,"E: Uncertainty",NA,"E: Uncertainty","E: Uncertainty","E: Uncertainty","E: Uncertainty","E: Uncertainty","E: Uncertainty","E: Uncertainty",NA,NA,"E: Uncertainty",NA,"E: Uncertainty",NA,NA,NA,NA,NA,NA,NA
"2024-02-01 11:00:00","PM10",NA,0,0,231.926,4153.0492,112.1711,128.6358,NA,0,NA,NA,87.0102,0,0,4.2526,3.9161,0,0,0,NA,11.2919,2.116,NA,0,0,NA,NA,NA,0,NA,0,NA,NA,0,0,0,0,0,3.3328,0,"E: Uncertainty",NA,NA,NA,NA,NA,NA,"E: Uncertainty",NA,"E: Uncertainty","E: Uncertainty",NA,NA,NA,NA,NA,NA,NA,NA,"E: Uncertainty",NA,NA,"E: Uncertainty",NA,NA,"E: Uncertainty","E: Uncertainty","E: Uncertainty",NA,"E: Uncertainty",NA,"E: Uncertainty","E: Uncertainty",NA,NA,NA,NA,NA,NA,NA
"2024-02-01 12:00:00","PM2.5",NA,0,0,151.7142,2034.3193,86.6767,64.2736,NA,NA,NA,NA,48.1691,0,0,1.8763,8.0458,0,0,0,NA,5.3521,NA,0,0,0,9.8668,NA,0,0,NA,0,NA,0,0,0,0,0,0,1.9824,0,"E: Uncertainty",NA,NA,NA,NA,NA,NA,"E: Uncertainty","E: Uncertainty","E: Uncertainty","E: Uncertainty",NA,NA,NA,NA,NA,NA,NA,NA,"E: Uncertainty",NA,"E: Uncertainty",NA,NA,NA,NA,"E: Uncertainty",NA,NA,"E: Uncertainty",NA,"E: Uncertainty",NA,NA,NA,NA,NA,NA,NA,NA
"2024-02-01 13:00:00","PM10",0,0,0,210.6982,4072.673,95.9555,148.9178,1.0662,0,0,NA,78.9878,0,0,4.6667,3.7021,0,0,0,NA,7.3289,2.8644,0,0,0,21.2729,NA,NA,0,0,NA,NA,NA,0,0,0,0,0,1.9833,0,NA,NA,NA,NA,NA,NA,NA,NA,NA,NA,"E: Uncertainty",NA,NA,NA,NA,NA,NA,NA,NA,"E: Uncertainty",NA,NA,NA,NA,NA,NA,"E: Uncertainty","E: Uncertainty",NA,NA,"E: Uncertainty","E: Uncertainty","E: Uncertainty",NA,NA,NA,NA,NA,NA,NA
"2024-02-01 14:00:00","PM2.5",NA,0,0,133.9032,1904.2379,78.8363,67.0085,NA,0,NA,0,39.0316,0,0,5.8643,7.8243,0,0,NA,0,18.753,NA,0,0,0,NA,0,0,0,NA,NA,NA,NA,0,0,0,0,0,2.5025,0,"E: Uncertainty",NA,NA,NA,NA,NA,NA,"E: Uncertainty",NA,"E: Uncertainty",NA,NA,NA,NA,NA,NA,NA,NA,"E: Uncertainty",NA,NA,"E: Uncertainty",NA,NA,NA,"E: Uncertainty",NA,NA,NA,"E: Uncertainty","E: Uncertainty","E: Uncertainty","E: Uncertainty",NA,NA,NA,NA,NA,NA,NA
"2024-02-01 15:00:00","PM10",NA,0,0,241.4468,4299.743,113.8698,156.6729,NA,0,NA,NA,91.28,0,0,2.7051,5.6682,NA,0,0.7495,0,8.7928,1.8143,0,0,0,16.9771,NA,0,0,NA,NA,0,NA,0,0,0,0,0,NA,0,"E: Uncertainty",NA,NA,NA,NA,NA,NA,"E: Uncertainty",NA,"E: Uncertainty","E: Uncertainty",NA,NA,NA,NA,NA,"E: Uncertainty",NA,NA,NA,NA,NA,NA,NA,NA,NA,"E: Uncertainty",NA,NA,"E: Uncertainty","E: Uncertainty",NA,"E: Uncertainty",NA,NA,NA,NA,NA,"E: Uncertainty",NA
"2024-02-01 16:00:00","PM2.5",NA,0,0,145.1144,1917.4519,59.0515,57.2183,NA,NA,0,0,54.4393,NA,NA,2.1047,4.6448,0,0,NA,NA,6.9714,NA,0,NA,0,19.864,NA,NA,0,NA,NA,NA,0,0,0,0,0,0,3.1165,0,"E: Uncertainty",NA,NA,NA,NA,NA,NA,"E: Uncertainty","E: Uncertainty",NA,NA,NA,"E: Uncertainty","E: Uncertainty",NA,NA,NA,NA,"E: Uncertainty","E: Uncertainty",NA,"E: Uncertainty",NA,"E: Uncertainty",NA,NA,"E: Uncertainty","E: Uncertainty",NA,"E: Uncertainty","E: Uncertainty","E: Uncertainty",NA,NA,NA,NA,NA,NA,NA,NA
"2024-02-01 17:00:00","PM10",NA,0,0,226.5499,4095.4221,118.091,139.468,1.4976,NA,NA,NA,234.604,0,NA,8.7938,13.9501,0,0,NA,0,11.9583,NA,0,0,0,12.4254,NA,NA,0,NA,NA,0,3.6103,0,0,0,0,0,7.3731,0,"E: Uncertainty",NA,NA,NA,NA,NA,NA,NA,"E: Uncertainty","E: Uncertainty","E: Uncertainty",NA,NA,"E: Uncertainty",NA,NA,NA,NA,"E: Uncertainty",NA,NA,"E: Uncertainty",NA,NA,NA,NA,"E: Uncertainty","E: Uncertainty",NA,"E: Uncertainty","E: Uncertainty",NA,NA,NA,NA,NA,NA,NA,NA,NA
"2024-02-01 18:00:00","PM2.5",NA,0,0,133.4887,1580.8931,102.2382,56.0124,NA,0,NA,NA,125.1104,NA,NA,4.258,9.1477,0,0,0.9622,NA,6.6119,NA,0,0,0,NA,0,NA,0,NA,NA,0,3.0802,0,0,0,0,0,3.0835,0,"E: Uncertainty",NA,NA,NA,NA,NA,NA,"E: Uncertainty",NA,"E: Uncertainty","E: Uncertainty",NA,"E: Uncertainty","E: Uncertainty",NA,NA,NA,NA,NA,"E: Uncertainty",NA,"E: Uncertainty",NA,NA,NA,"E: Uncertainty",NA,"E: Uncertainty",NA,"E: Uncertainty","E: Uncertainty",NA,NA,NA,NA,NA,NA,NA,NA,NA
"2024-02-01 19:00:00","PM10",0,0,0,259.8009,4009.1365,148.46,132.0014,2.2073,0,0.6053,NA,176.8918,NA,NA,5.5746,9.7747,0,0,0.7161,0,8.3998,NA,0,0,0,NA,NA,0.0418,0,0,0.0362,0,NA,0,0,0,0,0,6.7691,0,NA,NA,NA,NA,NA,NA,NA,NA,NA,NA,"E: Uncertainty",NA,"E: Uncertainty","E: Uncertainty",NA,NA,NA,NA,NA,NA,NA,"E: Uncertainty",NA,NA,NA,"E: Uncertainty","E: Uncertainty",NA,NA,NA,NA,NA,"E: Uncertainty",NA,NA,NA,NA,NA,NA,NA
"2024-02-01 20:00:00","PM2.5",NA,0,0,128.4741,1902.9675,86.4908,64.2064,0,0,0,NA,36.6384,0,NA,1.9441,8.4829,0,0,1.3227,NA,7.1606,1.5624,0,0,0,NA,0,0,0,0,NA,0,0,0,0,0,0,0,3.2524,0,"E: Uncertainty",NA,NA,NA,NA,NA,NA,NA,NA,NA,"E: Uncertainty",NA,NA,"E: Uncertainty",NA,NA,NA,NA,NA,"E: Uncertainty",NA,NA,NA,NA,NA,"E: Uncertainty",NA,NA,NA,NA,"E: Uncertainty",NA,NA,NA,NA,NA,NA,NA,NA,NA
"2024-02-01 21:00:00","PM10",774.1906,0,0,346.7754,4796.0283,131.7374,142.3653,NA,NA,0,0,51.8854,0,NA,3.197,4.9462,0,0,0,0,10.402,2.3374,0,0,0,NA,NA,NA,0,NA,NA,NA,0,0,0,0,0.0031,0,2.7095,0,NA,NA,NA,NA,NA,NA,NA,"E: Uncertainty","E: Uncertainty",NA,NA,NA,NA,"E: Uncertainty",NA,NA,NA,NA,NA,NA,NA,NA,NA,NA,NA,"E: Uncertainty","E: Uncertainty","E: Uncertainty",NA,"E: Uncertainty","E: Uncertainty","E: Uncertainty",NA,NA,NA,NA,NA,NA,NA,NA
"2024-02-01 22:00:00","PM2.5",NA,0,0,211.2005,1748.2667,126.1416,51.0975,NA,NA,NA,NA,50.3282,NA,NA,2.2099,9.0489,0,0,1.0125,0,7.5197,NA,0,0,0,14.4705,0,0,0,NA,NA,NA,0,0,NA,0,0,0,8.8771,0,"E: Uncertainty",NA,NA,NA,NA,NA,NA,"E: Uncertainty","E: Uncertainty","E: Uncertainty","E: Uncertainty",NA,"E: Uncertainty","E: Uncertainty",NA,NA,NA,NA,NA,NA,NA,"E: Uncertainty",NA,NA,NA,NA,NA,NA,NA,"E: Uncertainty","E: Uncertainty","E: Uncertainty",NA,NA,"E: Uncertainty",NA,NA,NA,NA,NA
"2024-02-01 23:00:00","PM10",965.2601,0,0,379.2559,3728.7672,217.9373,129.6253,2.7049,NA,NA,1.2484,128.5319,0,0.75,2.8568,9.325,0,0,0.8441,NA,11.3036,NA,0,0,0,NA,NA,0,0,NA,NA,NA,0,0,NA,0,0,0,15.7518,0,NA,NA,NA,NA,NA,NA,NA,NA,"E: Uncertainty","E: Uncertainty",NA,NA,NA,NA,NA,NA,NA,NA,NA,"E: Uncertainty",NA,"E: Uncertainty",NA,NA,NA,"E: Uncertainty","E: Uncertainty",NA,NA,"E: Uncertainty","E: Uncertainty","E: Uncertainty",NA,NA,"E: Uncertainty",NA,NA,NA,NA,NA
"2024-02-02 00:30:00","PM2.5",10.1339,0,0,206.3036,1266.6985,95.6373,43.3542,0,NA,0,0,37.2456,0,NA,1.871,5.9406,0,0,0,NA,5.7289,NA,0,0,0,NA,NA,NA,0,NA,0,NA,0,0,0,0,0,0,7.6164,0,NA,NA,NA,NA,NA,NA,NA,NA,"E: Uncertainty",NA,NA,NA,NA,"E: Uncertainty",NA,NA,NA,NA,NA,"E: Uncertainty",NA,"E: Uncertainty",NA,NA,NA,"E: Uncertainty","E: Uncertainty","E: Uncertainty",NA,"E: Uncertainty",NA,"E: Uncertainty",NA,NA,NA,NA,NA,NA,NA,NA
"2024-02-02 01:00:00","PM10",NA,0,0,288.1636,2461.0331,112.512,81.8023,0,NA,NA,0.0065,62.6408,0.0106,NA,1.3847,6.2739,0,0,0,0,7.0522,NA,0,0,0,13.1473,NA,NA,0,NA,0,NA,NA,0,0,0,0,0,5.636,0,"E: Uncertainty",NA,NA,NA,NA,NA,NA,NA,"E: Uncertainty","E: Uncertainty",NA,NA,NA,"E: Uncertainty",NA,NA,NA,NA,NA,NA,NA,"E: Uncertainty",NA,NA,NA,NA,"E: Uncertainty","E: Uncertainty",NA,"E: Uncertainty",NA,"E: Uncertainty","E: Uncertainty",NA,NA,NA,NA,NA,NA,NA
"2024-02-02 02:00:00","PM2.5",NA,0,0,201.1991,649.3083,63.8887,22.8826,0,NA,0,NA,30.1843,0,0,NA,6.0235,0,0,0,0,4.52,NA,0,0,0,19.7139,0,0,0,NA,NA,NA,NA,0,0,0,0,0,3.9898,0,"E: Uncertainty",NA,NA,NA,NA,NA,NA,NA,"E: Uncertainty",NA,"E: Uncertainty",NA,NA,NA,"E: Uncertainty",NA,NA,NA,NA,NA,NA,"E: Uncertainty",NA,NA,NA,NA,NA,NA,NA,"E: Uncertainty","E: Uncertainty","E: Uncertainty","E: Uncertainty",NA,NA,NA,NA,NA,NA,NA
"2024-02-02 03:00:00","PM10",NA,0,0,231.9205,985.9641,57.4908,37.0653,0,NA,0,0,32.8927,0,0,NA,8.8199,0,0,0.9085,0,3.8596,NA,0,0,0,21.4356,NA,0,0,NA,0,NA,0,0,0,0,0,0,1.3172,0,"E: Uncertainty",NA,NA,NA,NA,NA,NA,NA,"E: Uncertainty",NA,NA,NA,NA,NA,"E: Uncertainty",NA,NA,NA,NA,NA,NA,"E: Uncertainty",NA,NA,NA,NA,"E: Uncertainty",NA,NA,"E: Uncertainty",NA,"E: Uncertainty",NA,NA,NA,NA,NA,NA,NA,NA
"2024-02-02 04:00:00","PM2.5",NA,0,0.4424,250.1673,149.3088,36.7668,8.1173,0,0,0.0055,0,11.7346,0,0,0.4865,5.9679,0,0,0.4218,0,1.8549,0,0,0,0,10.4829,0,0,0,NA,NA,NA,NA,0,0,0,0,0,1.7592,0,"E: Uncertainty",NA,NA,NA,NA,NA,NA,NA,NA,NA,NA,NA,NA,NA,NA,NA,NA,NA,NA,NA,NA,NA,NA,NA,NA,NA,NA,NA,NA,"E: Uncertainty","E: Uncertainty","E: Uncertainty","E: Uncertainty",NA,NA,NA,NA,NA,NA,NA
"2024-02-02 05:00:00","PM10",NA,0,0,205.0843,47.6993,26.883,7.038,0,0,0,0,18.4229,0,NA,0.4958,6.4808,NA,0,0,NA,0.6985,0,0,0,0,22.6879,NA,NA,0,0,0,NA,NA,0,0,0,0,0,2.1743,0,"E: Uncertainty",NA,NA,NA,NA,NA,NA,NA,NA,NA,NA,NA,NA,"E: Uncertainty",NA,NA,"E: Uncertainty",NA,NA,"E: Uncertainty",NA,NA,NA,NA,NA,NA,"E: Uncertainty","E: Uncertainty",NA,NA,NA,"E: Uncertainty","E: Uncertainty",NA,NA,NA,NA,NA,NA,NA
"2024-02-02 06:00:00","PM2.5",NA,0,0,121.07,0,10.1427,NA,0,0,0,0,16.1852,0,0,0.6431,4.0668,0,0,NA,0,NA,NA,0,0,0,21.0008,NA,NA,0,0,NA,NA,NA,0,0,0,0,0,NA,0,"E: Uncertainty",NA,NA,NA,NA,NA,"E: Uncertainty",NA,NA,NA,NA,NA,NA,NA,NA,NA,NA,NA,"E: Uncertainty",NA,"E: Uncertainty","E: Uncertainty",NA,NA,NA,NA,"E: Uncertainty","E: Uncertainty",NA,NA,"E: Uncertainty","E: Uncertainty","E: Uncertainty",NA,NA,NA,NA,NA,"E: Uncertainty",NA
"2024-02-02 07:00:00","PM10",NA,0,0,210.9599,0,16.819,3.1118,0,0,NA,0.0012,66.2954,NA,NA,1.6912,6.2548,0,0,0,0,NA,NA,0,0,0,17.2315,NA,NA,0,0,0,NA,NA,0,0,0,0,0,1.9657,0,"E: Uncertainty",NA,NA,NA,NA,NA,NA,NA,NA,"E: Uncertainty",NA,NA,"E: Uncertainty","E: Uncertainty",NA,NA,NA,NA,NA,NA,"E: Uncertainty","E: Uncertainty",NA,NA,NA,NA,"E: Uncertainty","E: Uncertainty",NA,NA,NA,"E: Uncertainty","E: Uncertainty",NA,NA,NA,NA,NA,NA,NA
"2024-02-02 08:00:00","PM2.5",0,0,0,237.5338,0,35.4054,NA,NA,0,NA,NA,44.4688,0,0,2.0211,11.5662,0,0,0.8714,0,NA,NA,0,NA,0,26.4379,NA,0,0,0,0,NA,NA,0,0,0,0,0,2.3438,0,NA,NA,NA,NA,NA,NA,"E: Uncertainty","E: Uncertainty",NA,"E: Uncertainty","E: Uncertainty",NA,NA,NA,NA,NA,NA,NA,NA,NA,"E: Uncertainty","E: Uncertainty",NA,"E: Uncertainty",NA,NA,"E: Uncertainty",NA,NA,NA,NA,"E: Uncertainty","E: Uncertainty",NA,NA,NA,NA,NA,NA,NA
"2024-02-02 09:00:00","PM10",NA,0,0,290.1606,0,53.1633,22.5361,1.2754,0,0,NA,75.9215,NA,0,3.341,15.9661,0,0,0.5515,0,1.144,NA,0,0,0,17.5797,NA,NA,0,0,NA,NA,NA,0,0,0,0,0,3.1466,0,"E: Uncertainty",NA,NA,NA,NA,NA,NA,NA,NA,NA,"E: Uncertainty",NA,"E: Uncertainty",NA,NA,NA,NA,NA,NA,NA,NA,"E: Uncertainty",NA,NA,NA,NA,"E: Uncertainty","E: Uncertainty",NA,NA,"E: Uncertainty","E: Uncertainty","E: Uncertainty",NA,NA,NA,NA,NA,NA,NA
"2024-02-02 10:00:00","PM2.5",0,0,0,157.8918,NA,28.5778,6.5829,0,0,NA,NA,27.2139,NA,0,3.6959,9.3617,0,0,0.9418,0,NA,NA,0,0,0,18.0757,NA,NA,0,NA,NA,NA,0,0,0,0,0,0,8.2486,0,NA,NA,NA,NA,"E: Uncertainty",NA,NA,NA,NA,"E: Uncertainty","E: Uncertainty",NA,"E: Uncertainty",NA,NA,NA,NA,NA,NA,NA,"E: Uncertainty","E: Uncertainty",NA,NA,NA,NA,"E: Uncertainty","E: Uncertainty",NA,"E: Uncertainty","E: Uncertainty","E: Uncertainty",NA,NA,NA,NA,NA,NA,NA,NA
"2024-02-02 11:00:00","PM10",NA,0,NA,73.3577,85.5649,25.3912,26.0768,NA,0,0,0,44.7305,0,0,4.6366,17.114,0,0,3.1095,0,1.2685,NA,0,NA,0,22.3423,NA,NA,0,NA,NA,NA,NA,0,0,0,0,0,66.4771,0,"E: Uncertainty",NA,"E: Uncertainty",NA,NA,NA,NA,"E: Uncertainty",NA,NA,NA,NA,NA,NA,NA,NA,NA,NA,NA,NA,NA,"E: Uncertainty",NA,"E: Uncertainty",NA,NA,"E: Uncertainty","E: Uncertainty",NA,"E: Uncertainty","E: Uncertainty","E: Uncertainty","E: Uncertainty",NA,NA,NA,NA,NA,NA,NA
"2024-02-02 12:00:00","PM2.5",0,0,0,32.4552,9.5087,9.3544,14.3854,NA,0,0,0,24.3164,0,0,0.8556,1.3812,0,0,0,0,NA,NA,0,0,NA,21.6341,0,0,0,NA,0,0,0,0,NA,0,0,0,1.2542,0,NA,NA,NA,NA,NA,NA,NA,"E: Uncertainty",NA,NA,NA,NA,NA,NA,NA,NA,NA,NA,NA,NA,"E: Uncertainty","E: Uncertainty",NA,NA,"E: Uncertainty",NA,NA,NA,NA,"E: Uncertainty",NA,NA,NA,NA,"E: Uncertainty",NA,NA,NA,NA,NA
"2024-02-02 13:00:00","PM10",0,0,0,48.1804,49.616,10.7471,43.0437,NA,0,NA,0,54.4442,0,0,3.1642,1.9584,0,0,NA,0,2.0034,NA,0,0,0,19.9375,0,0,0,NA,NA,NA,NA,0,NA,0,NA,0,0,0,NA,NA,NA,NA,NA,NA,NA,"E: Uncertainty",NA,"E: Uncertainty",NA,NA,NA,NA,NA,NA,NA,NA,"E: Uncertainty",NA,NA,"E: Uncertainty",NA,NA,NA,NA,NA,NA,NA,"E: Uncertainty","E: Uncertainty","E: Uncertainty","E: Uncertainty",NA,"E: Uncertainty",NA,"E: Uncertainty",NA,NA,NA
"2024-02-02 14:00:00","PM2.5",0,0,0,30.592,24.23,17.7727,4.7998,0,NA,0,0,26.5279,0,NA,1.9458,3.3479,0,0,0.4214,0,NA,NA,0,0,0,25.0404,0,NA,0,0,NA,0,NA,0,NA,0,0,0,4.5356,0,NA,NA,NA,NA,NA,NA,NA,NA,"E: Uncertainty",NA,NA,NA,NA,"E: Uncertainty",NA,NA,NA,NA,NA,NA,"E: Uncertainty","E: Uncertainty",NA,NA,NA,NA,NA,"E: Uncertainty",NA,NA,"E: Uncertainty",NA,"E: Uncertainty",NA,"E: Uncertainty",NA,NA,NA,NA,NA
"2024-02-02 15:00:00","PM10",3.7282,0,0,20.4831,47.4547,34.3462,18.8007,NA,NA,NA,NA,87.9328,0,0,2.9921,4.2728,0,0,NA,0,NA,NA,0,0,0,16.8845,0,0,0,0,0,NA,NA,0,NA,0,0,0,3.9765,0,NA,NA,NA,NA,NA,NA,NA,"E: Uncertainty","E: Uncertainty","E: Uncertainty","E: Uncertainty",NA,NA,NA,NA,NA,NA,NA,"E: Uncertainty",NA,"E: Uncertainty","E: Uncertainty",NA,NA,NA,NA,NA,NA,NA,NA,NA,"E: Uncertainty","E: Uncertainty",NA,"E: Uncertainty",NA,NA,NA,NA,NA
"2024-02-02 16:00:00","PM2.5",0,0,0,19.195,24.7984,27.694,4.0538,NA,0,0,0,67.5402,NA,0,5.506,2.4135,0,0,NA,0,0.7967,NA,0,0,0,18.036,0,0,NA,0,NA,NA,NA,0,0,0,0,0,1.2341,0,NA,NA,NA,NA,NA,NA,NA,"E: Uncertainty",NA,NA,NA,NA,"E: Uncertainty",NA,NA,NA,NA,NA,"E: Uncertainty",NA,NA,"E: Uncertainty",NA,NA,NA,NA,NA,NA,"E: Uncertainty",NA,"E: Uncertainty","E: Uncertainty","E: Uncertainty",NA,NA,NA,NA,NA,NA,NA
"2024-02-02 17:00:00","PM10",0,0,0,24.6392,77.5371,25.6158,21.167,1.6314,0,NA,0,119.1622,0,0,4.6089,5.5224,0,0,1.5539,0,3.898,NA,0,0,0,15.4271,NA,0,0,0,NA,NA,NA,0,0,0,0,0,2.0794,NA,NA,NA,NA,NA,NA,NA,NA,NA,NA,"E: Uncertainty",NA,NA,NA,NA,NA,NA,NA,NA,NA,NA,NA,"E: Uncertainty",NA,NA,NA,NA,"E: Uncertainty",NA,NA,NA,"E: Uncertainty","E: Uncertainty","E: Uncertainty",NA,NA,NA,NA,NA,NA,"E: Uncertainty"
"2024-02-02 18:00:00","PM2.5",0,0,0,21.2038,56.197,25.4687,10.1569,NA,0,0,0,45.7772,NA,NA,2.7346,3.4042,0,0,NA,NA,3.6882,NA,0,NA,0,10.4074,NA,0,0,NA,NA,0,NA,0,0,0,0,0,3.7564,0,NA,NA,NA,NA,NA,NA,NA,"E: Uncertainty",NA,NA,NA,NA,"E: Uncertainty","E: Uncertainty",NA,NA,NA,NA,"E: Uncertainty","E: Uncertainty",NA,"E: Uncertainty",NA,"E: Uncertainty",NA,NA,"E: Uncertainty",NA,NA,"E: Uncertainty","E: Uncertainty",NA,"E: Uncertainty",NA,NA,NA,NA,NA,NA,NA
"2024-02-02 19:00:00","PM10",NA,0,0,18.5008,76.4647,27.181,14.6879,NA,0,NA,0,120.0473,0,0,5.8342,3.0616,0,0,0.5118,0,NA,NA,0,0,0,14.286,NA,NA,0,0,0,NA,NA,0,0,0,0,0,1.8473,0,"E: Uncertainty",NA,NA,NA,NA,NA,NA,"E: Uncertainty",NA,"E: Uncertainty",NA,NA,NA,NA,NA,NA,NA,NA,NA,NA,"E: Uncertainty","E: Uncertainty",NA,NA,NA,NA,"E: Uncertainty","E: Uncertainty",NA,NA,NA,"E: Uncertainty","E: Uncertainty",NA,NA,NA,NA,NA,NA,NA
"2024-02-02 20:00:00","PM2.5",NA,0,0,47.1385,77.5327,86.2376,10.0118,1.7036,0,NA,0,55.1755,0,0,5.899,2.8421,0,0,0.5717,0,NA,2.9467,0,0,0,16.3512,NA,0,0,0,NA,0,4.8109,0,0,0,0,0,0,NA,"E: Uncertainty",NA,NA,NA,NA,NA,NA,NA,NA,"E: Uncertainty",NA,NA,NA,NA,NA,NA,NA,NA,NA,NA,"E: Conc. Uncertainty",NA,NA,NA,NA,NA,"E: Uncertainty",NA,NA,NA,"E: Uncertainty",NA,NA,NA,NA,NA,NA,NA,NA,"E: Uncertainty"
"2024-02-02 21:00:00","PM10",0,NA,0,63.3758,303.7964,52.5414,43.4849,7.6123,NA,NA,NA,111.843,0.0135,0,3.4551,2.5831,0,0,0,0,NA,NA,0,0,0,11.004,0,0,0,0,NA,NA,NA,0,0,0,0,0,NA,0,NA,"E: Uncertainty",NA,NA,NA,NA,NA,NA,"E: Uncertainty","E: Uncertainty","E: Uncertainty",NA,NA,NA,NA,NA,NA,NA,NA,NA,"E: Uncertainty","E: Uncertainty",NA,NA,NA,NA,NA,NA,NA,NA,"E: Uncertainty","E: Uncertainty","E: Uncertainty",NA,NA,NA,NA,NA,"E: Uncertainty",NA
"2024-02-02 22:00:00","PM2.5",0,NA,0,50.958,184.3125,39.8119,28.5948,4.749,0,0,0,69.4177,0,0,1.8349,1.3846,0,0,0,0,NA,NA,0,0,0,18.0266,0,0,0,NA,0,0,NA,0,0,0,0,0,NA,0,NA,"E: Uncertainty",NA,NA,NA,NA,NA,NA,NA,NA,NA,NA,NA,NA,NA,NA,NA,NA,NA,NA,"E: Uncertainty","E: Uncertainty",NA,NA,NA,NA,NA,NA,NA,"E: Uncertainty",NA,NA,"E: Uncertainty",NA,NA,NA,NA,NA,"E: Uncertainty",NA
"2024-02-02 23:00:00","PM10",0,NA,0,62.6819,333.1619,55.8214,48.5171,8.2824,0,NA,NA,124.7718,0,0,1.7314,1.4314,0,0,0,0,1.3235,NA,0,0,0,NA,NA,NA,0,NA,NA,NA,NA,0,0,NA,0,0,0,0,NA,"E: Uncertainty",NA,NA,NA,NA,NA,NA,NA,"E: Uncertainty","E: Uncertainty",NA,NA,NA,NA,NA,NA,NA,NA,NA,NA,"E: Uncertainty",NA,NA,NA,"E: Uncertainty","E: Uncertainty","E: Uncertainty",NA,"E: Uncertainty","E: Uncertainty","E: Uncertainty","E: Uncertainty",NA,NA,"E: Uncertainty",NA,NA,NA,NA
"2024-02-03 00:30:00","PM2.5",NA,0.3545,0,66.2058,163.5701,29.0572,26.0929,5.5514,NA,NA,0,59.0905,0,NA,NA,NA,NA,0,0,0,NA,NA,0,0,0,32.287,NA,0,0,NA,NA,NA,0,0,0,0,0,0,NA,0,"E: Uncertainty",NA,NA,NA,NA,NA,NA,NA,"E: Uncertainty","E: Uncertainty",NA,NA,NA,"E: Uncertainty","E: Uncertainty","E: Uncertainty","E: Uncertainty",NA,NA,NA,"E: Uncertainty","E: Uncertainty",NA,NA,NA,NA,"E: Uncertainty",NA,NA,"E: Uncertainty","E: Uncertainty","E: Uncertainty",NA,NA,NA,NA,NA,NA,"E: Uncertainty",NA
"2024-02-03 01:00:00","PM10",NA,381.9393,0,108.9848,383.1903,52.5344,60.3695,9.9709,0,NA,NA,112.0794,0,0,0.5237,1.0245,0,0,0,0,0.9807,1.8962,0,0,0,NA,NA,NA,0,0,0,0,0,0,0,0,0,0,NA,0,"E: Uncertainty",NA,NA,NA,NA,NA,NA,NA,NA,"E: Uncertainty","E: Uncertainty",NA,NA,NA,NA,NA,NA,NA,NA,NA,NA,NA,NA,NA,NA,"E: Uncertainty","E: Uncertainty","E: Uncertainty",NA,NA,NA,NA,NA,NA,NA,NA,NA,NA,"E: Uncertainty",NA
"2024-02-03 02:00:00","PM2.5",NA,NA,NA,NA,NA,NA,NA,NA,NA,NA,NA,NA,NA,NA,NA,NA,NA,NA,NA,NA,NA,NA,NA,NA,NA,NA,NA,NA,NA,NA,NA,NA,NA,NA,NA,NA,NA,NA,NA,NA,"E: Erroneous Data","E: Erroneous Data","E: Erroneous Data","E: Erroneous Data","E: Erroneous Data","E: Erroneous Data","E: Erroneous Data","E: Erroneous Data","E: Erroneous Data","E: Erroneous Data","E: Uncertainty","E: Erroneous Data","E: Uncertainty","E: Erroneous Data","E: Erroneous Data","E: Erroneous Data","E: Uncertainty","E: Erroneous Data","E: Erroneous Data","E: Uncertainty","E: Erroneous Data","E: Uncertainty","E: Erroneous Data","E: Erroneous Data","E: Erroneous Data","E: Uncertainty","E: Uncertainty","E: Uncertainty","E: Erroneous Data","E: Erroneous Data","E: Uncertainty","E: Uncertainty","E: Erroneous Data","E: Erroneous Data","E: Erroneous Data","E: Erroneous Data","E: Erroneous Data","E: Erroneous Data","E: Uncertainty","E: Erroneous Data"
"2024-02-03 03:00:00","PM10",NA,NA,NA,NA,NA,NA,NA,NA,NA,NA,NA,NA,NA,NA,NA,NA,NA,NA,NA,NA,NA,NA,NA,NA,NA,NA,NA,NA,NA,NA,NA,NA,NA,NA,NA,NA,NA,NA,NA,NA,"E: Erroneous Data","E: Erroneous Data","E: Erroneous Data","E: Erroneous Data","E: Erroneous Data","E: Erroneous Data","E: Erroneous Data","E: Erroneous Data","E: Erroneous Data","E: Uncertainty","E: Uncertainty","E: Erroneous Data","E: Erroneous Data","E: Erroneous Data","E: Uncertainty","E: Erroneous Data","E: Uncertainty","E: Erroneous Data","E: Erroneous Data","E: Erroneous Data","E: Erroneous Data","E: Uncertainty","E: Erroneous Data","E: Erroneous Data","E: Erroneous Data","E: Uncertainty","E: Uncertainty","E: Erroneous Data","E: Erroneous Data","E: Erroneous Data","E: Uncertainty","E: Uncertainty","E: Uncertainty","E: Erroneous Data","E: Erroneous Data","E: Erroneous Data","E: Uncertainty","E: Erroneous Data","E: Uncertainty","E: Erroneous Data"
"2024-02-03 04:00:00","PM2.5",NA,NA,NA,NA,NA,NA,NA,NA,NA,NA,NA,NA,NA,NA,NA,NA,NA,NA,NA,NA,NA,NA,NA,NA,NA,NA,NA,NA,NA,NA,NA,NA,NA,NA,NA,NA,NA,NA,NA,NA,"E: Uncertainty","E: Uncertainty","E: Erroneous Data","E: Erroneous Data","E: Erroneous Data","E: Erroneous Data","E: Erroneous Data","E: Erroneous Data","E: Erroneous Data","E: Erroneous Data","E: Erroneous Data","E: Erroneous Data","E: Erroneous Data","E: Uncertainty","E: Erroneous Data","E: Uncertainty","E: Erroneous Data","E: Erroneous Data","E: Erroneous Data","E: Erroneous Data","E: Uncertainty","E: Uncertainty","E: Erroneous Data","E: Erroneous Data","E: Uncertainty","E: Erroneous Data","E: Erroneous Data","E: Uncertainty","E: Erroneous Data","E: Uncertainty","E: Erroneous Data","E: Uncertainty","E: Erroneous Data","E: Erroneous Data","E: Erroneous Data","E: Uncertainty","E: Erroneous Data","E: Erroneous Data","E: Uncertainty","E: Erroneous Data"
"2024-02-03 05:00:00","PM10",NA,NA,NA,NA,NA,NA,NA,NA,NA,NA,NA,NA,NA,NA,NA,NA,NA,NA,NA,NA,NA,NA,NA,NA,NA,NA,NA,NA,NA,NA,NA,NA,NA,NA,NA,NA,NA,NA,NA,NA,"E: Erroneous Data","E: Uncertainty","E: Erroneous Data","E: Erroneous Data","E: Erroneous Data","E: Erroneous Data","E: Erroneous Data","E: Erroneous Data","E: Erroneous Data","E: Uncertainty","E: Uncertainty","E: Erroneous Data","E: Uncertainty","E: Uncertainty","E: Erroneous Data","E: Erroneous Data","E: Erroneous Data","E: Erroneous Data","E: Erroneous Data","E: Erroneous Data","E: Erroneous Data","E: Uncertainty","E: Erroneous Data","E: Uncertainty","E: Erroneous Data","E: Erroneous Data","E: Erroneous Data","E: Uncertainty","E: Erroneous Data","E: Erroneous Data","E: Erroneous Data","E: Uncertainty","E: Erroneous Data","E: Erroneous Data","E: Erroneous Data","E: Erroneous Data","E: Erroneous Data","E: Erroneous Data","E: Uncertainty","E: Erroneous Data"
"2024-02-03 06:00:00","PM2.5",NA,NA,NA,NA,NA,NA,NA,NA,NA,NA,NA,NA,NA,NA,NA,NA,NA,NA,NA,NA,NA,NA,NA,NA,NA,NA,NA,NA,NA,NA,NA,NA,NA,NA,NA,NA,NA,NA,NA,NA,"E: Erroneous Data","E: Uncertainty","E: Erroneous Data","E: Erroneous Data","E: Erroneous Data","E: Erroneous Data","E: Erroneous Data","E: Erroneous Data","E: Uncertainty","E: Erroneous Data","E: Erroneous Data","E: Erroneous Data","E: Erroneous Data","E: Uncertainty","E: Uncertainty","E: Erroneous Data","E: Erroneous Data","E: Erroneous Data","E: Erroneous Data","E: Erroneous Data","E: Uncertainty","E: Uncertainty","E: Erroneous Data","E: Erroneous Data","E: Erroneous Data","E: Uncertainty","E: Erroneous Data","E: Uncertainty","E: Erroneous Data","E: Erroneous Data","E: Uncertainty","E: Erroneous Data","E: Erroneous Data","E: Erroneous Data","E: Uncertainty","E: Erroneous Data","E: Erroneous Data","E: Erroneous Data","E: Uncertainty","E: Erroneous Data"
"2024-02-03 07:00:00","PM10",NA,NA,NA,NA,NA,NA,NA,NA,NA,NA,NA,NA,NA,NA,NA,NA,NA,NA,NA,NA,NA,NA,NA,NA,NA,NA,NA,NA,NA,NA,NA,NA,NA,NA,NA,NA,NA,NA,NA,NA,"E: Erroneous Data","E: Erroneous Data","E: Erroneous Data","E: Erroneous Data","E: Erroneous Data","E: Erroneous Data","E: Erroneous Data","E: Erroneous Data","E: Erroneous Data","E: Erroneous Data","E: Uncertainty","E: Erroneous Data","E: Erroneous Data","E: Erroneous Data","E: Erroneous Data","E: Erroneous Data","E: Erroneous Data","E: Erroneous Data","E: Erroneous Data","E: Erroneous Data","E: Uncertainty","E: Uncertainty","E: Erroneous Data","E: Erroneous Data","E: Erroneous Data","E: Erroneous Data","E: Uncertainty","E: Erroneous Data","E: Erroneous Data","E: Erroneous Data","E: Uncertainty","E: Erroneous Data","E: Uncertainty","E: Erroneous Data","E: Erroneous Data","E: Erroneous Data","E: Erroneous Data","E: Erroneous Data","E: Uncertainty","E: Erroneous Data"
"2024-02-03 08:00:00","PM2.5",NA,NA,NA,NA,NA,NA,NA,NA,NA,NA,NA,NA,NA,NA,NA,NA,NA,NA,NA,NA,NA,NA,NA,NA,NA,NA,NA,NA,NA,NA,NA,NA,NA,NA,NA,NA,NA,NA,NA,NA,"E: Erroneous Data","E: Uncertainty","E: Erroneous Data","E: Erroneous Data","E: Erroneous Data","E: Erroneous Data","E: Erroneous Data","E: Erroneous Data","E: Erroneous Data","E: Erroneous Data","E: Erroneous Data","E: Erroneous Data","E: Erroneous Data","E: Uncertainty","E: Uncertainty","E: Erroneous Data","E: Uncertainty","E: Erroneous Data","E: Erroneous Data","E: Erroneous Data","E: Uncertainty","E: Uncertainty","E: Erroneous Data","E: Erroneous Data","E: Erroneous Data","E: Erroneous Data","E: Erroneous Data","E: Erroneous Data","E: Erroneous Data","E: Uncertainty","E: Uncertainty","E: Uncertainty","E: Erroneous Data","E: Erroneous Data","E: Uncertainty","E: Erroneous Data","E: Erroneous Data","E: Erroneous Data","E: Uncertainty","E: Erroneous Data"
"2024-02-03 09:00:00","PM10",NA,NA,0,38.7111,63.1684,19.5754,17.288,4.5825,0,NA,0,68.0551,0,0,0.8996,0.7248,NA,0,0,NA,NA,0.0046,0,0,0,14.9243,0,NA,0,0,0,0,NA,0,0,0,0,0,NA,0,"E: Uncertainty","E: Uncertainty",NA,NA,NA,NA,NA,NA,NA,"E: Uncertainty",NA,NA,NA,NA,NA,NA,"E: Uncertainty",NA,NA,"E: Uncertainty","E: Uncertainty",NA,NA,NA,NA,NA,NA,"E: Uncertainty",NA,NA,NA,NA,"E: Uncertainty",NA,NA,NA,NA,NA,"E: Uncertainty",NA
"2024-02-03 10:00:00","PM2.5",0,0,0,25.5878,36.7342,12.629,7.1503,1.8221,0,NA,0,31.7657,NA,NA,0.8361,0.9416,0,0,0,0,0,0,0,0,0,14.1745,0,0,0,0,NA,NA,0,NA,0,0,0,0,0,0,NA,NA,NA,NA,NA,NA,NA,NA,NA,"E: Uncertainty",NA,NA,"E: Uncertainty","E: Uncertainty",NA,NA,NA,NA,NA,NA,NA,NA,NA,NA,NA,NA,NA,NA,NA,NA,"E: Uncertainty","E: Uncertainty",NA,"E: Uncertainty",NA,NA,NA,NA,NA,NA
"2024-02-03 11:00:00","PM10",NA,NA,0,41.2701,47.234,21.1901,20.2135,2.1908,0,0,NA,61.3624,NA,0,1.5032,1.0736,0,0,0,0,NA,NA,0,0,0,NA,NA,NA,NA,0,0,0,NA,0,0,0,0,0,NA,0,"E: Uncertainty","E: Uncertainty",NA,NA,NA,NA,NA,NA,NA,NA,"E: Uncertainty",NA,"E: Uncertainty",NA,NA,NA,NA,NA,NA,NA,"E: Uncertainty","E: Uncertainty",NA,NA,NA,"E: Uncertainty","E: Uncertainty","E: Uncertainty","E: Uncertainty",NA,NA,NA,"E: Uncertainty",NA,NA,NA,NA,NA,"E: Uncertainty",NA
"2024-02-03 12:00:00","PM2.5",NA,0,0,16.5177,22.882,11.7712,5.8738,NA,NA,0,0,24.2987,NA,0,0.5354,1.0733,0.0074,0,NA,NA,NA,NA,0,0,0,12.966,NA,NA,0,NA,NA,NA,NA,0,0,0,0,0,NA,0,"E: Uncertainty",NA,NA,NA,NA,NA,NA,"E: Uncertainty","E: Uncertainty",NA,NA,NA,"E: Uncertainty",NA,NA,NA,NA,NA,"E: Uncertainty","E: Uncertainty","E: Uncertainty","E: Uncertainty",NA,NA,NA,NA,"E: Uncertainty","E: Uncertainty",NA,"E: Uncertainty","E: Uncertainty","E: Uncertainty","E: Uncertainty",NA,NA,NA,NA,NA,"E: Uncertainty",NA
"2024-02-03 13:00:00","PM10",NA,0,0,31.421,29.382,15.9075,15.4759,1.6661,0.0015,0,0,45.6833,0,0,1.1154,1.6264,0,0,0,0,0.7236,NA,0,NA,0,15.651,0,0,0,NA,NA,NA,0,0,0,0,NA,0,0.7624,0,"E: Uncertainty",NA,NA,NA,NA,NA,NA,NA,NA,NA,NA,NA,NA,NA,NA,NA,NA,NA,NA,NA,NA,"E: Uncertainty",NA,"E: Uncertainty",NA,NA,NA,NA,NA,"E: Uncertainty","E: Uncertainty","E: Uncertainty",NA,NA,NA,NA,"E: Uncertainty",NA,NA,NA
"2024-02-03 14:00:00","PM2.5",NA,0,0,28.9541,9.6497,20.5268,3.0193,NA,0,0,0,24.7938,0,0,NA,0.9247,0,0,0,0,0.7337,0,0,0,0,14.8906,0,0,0,0,0,0,0,0,0,0,0,0,NA,0,"E: Uncertainty",NA,NA,NA,NA,NA,NA,"E: Uncertainty",NA,NA,NA,NA,NA,NA,"E: Uncertainty",NA,NA,NA,NA,NA,NA,NA,NA,NA,NA,NA,NA,NA,NA,NA,NA,NA,NA,NA,NA,NA,NA,NA,"E: Uncertainty",NA
"2024-02-03 15:00:00","PM10",NA,0,0,23.3988,11.8569,13.2777,18.0292,1.4676,0,0,0,50.1402,0,0,1.0948,1.0807,NA,0,0,0,NA,NA,0,0,0,9.6718,0,0,0,NA,NA,NA,NA,0,NA,0,0,0,NA,0,"E: Uncertainty",NA,NA,NA,NA,NA,NA,NA,NA,NA,NA,NA,NA,NA,NA,NA,"E: Uncertainty",NA,NA,NA,"E: Uncertainty","E: Uncertainty",NA,NA,NA,NA,NA,NA,NA,"E: Uncertainty","E: Uncertainty","E: Uncertainty","E: Uncertainty",NA,"E: Uncertainty",NA,NA,NA,"E: Uncertainty",NA
"2024-02-03 16:00:00","PM2.5",857.9889,0,0,19.5978,NA,13.7736,2.6034,NA,0,NA,0,16.8422,NA,NA,0.8282,3.4694,0,0,0,0,NA,NA,0,0,0,17.6261,NA,NA,0,0,NA,NA,0,0,0,0,0,0,NA,0,NA,NA,NA,NA,"E: Uncertainty",NA,NA,"E: Uncertainty",NA,"E: Uncertainty",NA,NA,"E: Uncertainty","E: Uncertainty",NA,NA,NA,NA,NA,NA,"E: Uncertainty","E: Uncertainty",NA,NA,NA,NA,"E: Uncertainty","E: Uncertainty",NA,NA,"E: Uncertainty","E: Uncertainty",NA,NA,NA,NA,NA,NA,"E: Uncertainty",NA
"2024-02-03 17:00:00","PM10",NA,0,0.059,34.2993,23.7029,31.5948,4.2859,0,0,0,0,37.9007,0,0,1.2963,7.5675,0,0,0,0,1.0579,NA,0,0,0,10.5539,0,NA,0,NA,0,NA,NA,0,0,0,0,0,3.3271,0,"E: Uncertainty",NA,NA,NA,NA,NA,NA,NA,NA,NA,NA,NA,NA,NA,NA,NA,NA,NA,NA,NA,NA,"E: Uncertainty",NA,NA,NA,NA,NA,"E: Uncertainty",NA,"E: Uncertainty",NA,"E: Uncertainty","E: Uncertainty",NA,NA,NA,NA,NA,NA,NA
"2024-02-03 18:00:00","PM2.5",NA,0,0,92.8912,NA,34.82,NA,0,0,0,0,19.4608,0,0,0.5483,17.0902,0,0,0,0,7.6007,NA,0,0,0,15.6302,0,NA,0,0,NA,NA,NA,0,0,NA,0,0,2.7399,0,"E: Uncertainty",NA,NA,NA,"E: Uncertainty",NA,"E: Uncertainty",NA,NA,NA,NA,NA,NA,NA,NA,NA,NA,NA,NA,NA,NA,"E: Uncertainty",NA,NA,NA,NA,NA,"E: Uncertainty",NA,NA,"E: Uncertainty","E: Uncertainty","E: Uncertainty",NA,NA,"E: Uncertainty",NA,NA,NA,NA
"2024-02-03 19:00:00","PM10",NA,0,NA,57.6524,8.7674,20.1828,3.2155,0,0,0,0,37.5059,0,0,1.0103,1.4725,0,0,0,0.0024,3.9256,NA,0,0,0,NA,NA,NA,0,NA,0,0,NA,0,0,0,0,0,1.03,0,"E: Uncertainty",NA,"E: Uncertainty",NA,NA,NA,NA,NA,NA,NA,NA,NA,NA,NA,NA,NA,NA,NA,NA,NA,NA,"E: Uncertainty",NA,NA,NA,"E: Uncertainty","E: Uncertainty","E: Uncertainty",NA,"E: Uncertainty",NA,NA,"E: Uncertainty",NA,NA,NA,NA,NA,NA,NA
"2024-02-03 20:00:00","PM2.5",NA,NA,NA,NA,NA,NA,NA,NA,NA,NA,NA,NA,NA,NA,NA,NA,NA,NA,NA,NA,NA,NA,NA,NA,NA,NA,NA,NA,NA,NA,NA,NA,NA,NA,NA,NA,NA,NA,NA,NA,"E: Erroneous Data","E: Erroneous Data","E: Erroneous Data","E: Erroneous Data","E: Uncertainty","E: Erroneous Data","E: Uncertainty","E: Uncertainty","E: Erroneous Data","E: Erroneous Data","E: Erroneous Data","E: Erroneous Data","E: Erroneous Data","E: Uncertainty","E: Erroneous Data","E: Erroneous Data","E: Erroneous Data","E: Erroneous Data","E: Erroneous Data","E: Erroneous Data","E: Uncertainty","E: Uncertainty","E: Erroneous Data","E: Erroneous Data","E: Erroneous Data","E: Erroneous Data","E: Uncertainty","E: Uncertainty","E: Uncertainty","E: Uncertainty","E: Uncertainty","E: Uncertainty","E: Erroneous Data","E: Erroneous Data","E: Erroneous Data","E: Erroneous Data","E: Erroneous Data","E: Erroneous Data","E: Uncertainty","E: Erroneous Data"
"2024-02-03 21:00:00","PM10",NA,NA,NA,NA,NA,NA,NA,NA,NA,NA,NA,NA,NA,NA,NA,NA,NA,NA,NA,NA,NA,NA,NA,NA,NA,NA,NA,NA,NA,NA,NA,NA,NA,NA,NA,NA,NA,NA,NA,NA,"E: Erroneous Data","E: Erroneous Data","E: Erroneous Data","E: Erroneous Data","E: Erroneous Data","E: Erroneous Data","E: Erroneous Data","E: Uncertainty","E: Uncertainty","E: Erroneous Data","E: Erroneous Data","E: Erroneous Data","E: Uncertainty","E: Erroneous Data","E: Uncertainty","E: Erroneous Data","E: Erroneous Data","E: Erroneous Data","E: Erroneous Data","E: Uncertainty","E: Uncertainty","E: Uncertainty","E: Erroneous Data","E: Erroneous Data","E: Erroneous Data","E: Uncertainty","E: Uncertainty","E: Erroneous Data","E: Erroneous Data","E: Uncertainty","E: Uncertainty","E: Uncertainty","E: Uncertainty","E: Erroneous Data","E: Erroneous Data","E: Erroneous Data","E: Erroneous Data","E: Erroneous Data","E: Uncertainty","E: Erroneous Data"
"2024-02-03 22:00:00","PM2.5",NA,NA,NA,NA,NA,NA,NA,NA,NA,NA,NA,NA,NA,NA,NA,NA,NA,NA,NA,NA,NA,NA,NA,NA,NA,NA,NA,NA,NA,NA,NA,NA,NA,NA,NA,NA,NA,NA,NA,NA,"E: Uncertainty","E: Erroneous Data","E: Erroneous Data","E: Erroneous Data","E: Uncertainty","E: Erroneous Data","E: Uncertainty","E: Uncertainty","E: Erroneous Data","E: Uncertainty","E: Erroneous Data","E: Erroneous Data","E: Erroneous Data","E: Uncertainty","E: Erroneous Data","E: Uncertainty","E: Erroneous Data","E: Erroneous Data","E: Uncertainty","E: Erroneous Data","E: Uncertainty","E: Uncertainty","E: Erroneous Data","E: Erroneous Data","E: Erroneous Data","E: Uncertainty","E: Erroneous Data","E: Uncertainty","E: Erroneous Data","E: Erroneous Data","E: Erroneous Data","E: Erroneous Data","E: Erroneous Data","E: Erroneous Data","E: Erroneous Data","E: Erroneous Data","E: Erroneous Data","E: Erroneous Data","E: Erroneous Data","E: Erroneous Data"
"2024-02-03 23:00:00","PM10",NA,NA,NA,NA,NA,NA,NA,NA,NA,NA,NA,NA,NA,NA,NA,NA,NA,NA,NA,NA,NA,NA,NA,NA,NA,NA,NA,NA,NA,NA,NA,NA,NA,NA,NA,NA,NA,NA,NA,NA,"E: Erroneous Data","E: Erroneous Data","E: Erroneous Data","E: Erroneous Data","E: Erroneous Data","E: Erroneous Data","E: Erroneous Data","E: Uncertainty","E: Erroneous Data","E: Erroneous Data","E: Uncertainty","E: Erroneous Data","E: Erroneous Data","E: Erroneous Data","E: Uncertainty","E: Erroneous Data","E: Uncertainty","E: Erroneous Data","E: Erroneous Data","E: Uncertainty","E: Uncertainty","E: Uncertainty","E: Erroneous Data","E: Erroneous Data","E: Erroneous Data","E: Uncertainty","E: Erroneous Data","E: Erroneous Data","E: Erroneous Data","E: Uncertainty","E: Erroneous Data","E: Uncertainty","E: Erroneous Data","E: Erroneous Data","E: Uncertainty","E: Erroneous Data","E: Uncertainty","E: Erroneous Data","E: Erroneous Data","E: Erroneous Data"
"2024-02-04 00:30:00","PM2.5",NA,0,NA,NA,NA,NA,NA,NA,0,0.0114,0,4.2968,NA,0,1.4394,NA,NA,0,0,0,0,NA,0,0,0,23.1233,NA,0,0,0,0,NA,0,0,0,0,0,0,0,0,"E: Uncertainty",NA,"E: Uncertainty","E: Uncertainty","E: Uncertainty","E: Uncertainty","E: Uncertainty","E: Uncertainty",NA,NA,NA,NA,"E: Uncertainty",NA,NA,"E: Uncertainty","E: Uncertainty",NA,NA,NA,NA,"E: Uncertainty",NA,NA,NA,NA,"E: Uncertainty",NA,NA,NA,NA,"E: Uncertainty",NA,NA,NA,NA,NA,NA,NA,NA
"2024-02-04 01:00:00","PM10",NA,0,NA,12.952,NA,7.6395,2.6588,NA,NA,0,0,8.7398,0,0,NA,NA,0,0,0,NA,NA,0,0,0,0,NA,NA,NA,0,0,NA,NA,0,0,0,0,0,0,NA,0,"E: Uncertainty",NA,"E: Uncertainty",NA,"E: Uncertainty",NA,NA,"E: Uncertainty","E: Uncertainty",NA,NA,NA,NA,NA,"E: Uncertainty","E: Uncertainty",NA,NA,NA,"E: Uncertainty","E: Uncertainty",NA,NA,NA,NA,"E: Uncertainty","E: Uncertainty","E: Uncertainty",NA,NA,"E: Uncertainty","E: Uncertainty",NA,NA,NA,NA,NA,NA,"E: Uncertainty",NA
"2024-02-04 02:00:00","PM2.5",0,0,0,22.1731,0.0641,12.4232,NA,NA,0,0,0,5.1667,0,0,NA,0.4143,0,0,0,0,0,0.0045,0,0,0,17.039,0,0,0,0,NA,NA,0,0,0,0,0,0,0,0,NA,NA,NA,NA,NA,NA,"E: Uncertainty","E: Uncertainty",NA,NA,NA,NA,NA,NA,"E: Uncertainty",NA,NA,NA,NA,NA,NA,NA,NA,NA,NA,NA,NA,NA,NA,NA,"E: Uncertainty","E: Uncertainty",NA,NA,NA,NA,NA,NA,NA,NA
"2024-02-04 03:00:00","PM10",NA,0,0,36.1133,NA,12.726,2.9238,0,NA,0,0,9.6661,0,0,NA,NA,NA,0,0,0,0,NA,0,0,0,9.0853,NA,0,0,NA,0,0,0,0,0,0,0,NA,0,0,"E: Uncertainty",NA,NA,NA,"E: Uncertainty",NA,NA,NA,"E: Uncertainty",NA,NA,NA,NA,NA,"E: Uncertainty","E: Uncertainty","E: Uncertainty",NA,NA,NA,NA,"E: Uncertainty",NA,NA,NA,NA,"E: Uncertainty",NA,NA,"E: Uncertainty",NA,NA,NA,NA,NA,NA,NA,"E: Uncertainty",NA,NA
"2024-02-04 04:00:00","PM2.5",NA,0,0,46.2315,NA,8.8902,3.1731,0,0,0,0,8.6248,0,0,0,0.4119,0,0,0,0,NA,NA,0,0,0,9.5837,NA,NA,0,NA,0,NA,0,0,NA,0,0,0,NA,0,"E: Uncertainty",NA,NA,NA,"E: Uncertainty",NA,NA,NA,NA,NA,NA,NA,NA,NA,NA,NA,NA,NA,NA,NA,"E: Uncertainty","E: Uncertainty",NA,NA,NA,NA,"E: Uncertainty","E: Uncertainty",NA,"E: Uncertainty",NA,"E: Uncertainty",NA,NA,"E: Uncertainty",NA,NA,NA,"E: Uncertainty",NA
"2024-02-04 05:00:00","PM10",NA,0,0,51.581,37.7785,12.1316,7.5031,NA,0,NA,0,13.0569,0,NA,NA,NA,NA,0,0,0,NA,NA,0,0,0,15.299,0,0,0,0,NA,NA,NA,0,0,0,0,0,0,0,"E: Uncertainty",NA,NA,NA,NA,NA,NA,"E: Uncertainty",NA,"E: Uncertainty",NA,NA,NA,"E: Uncertainty","E: Uncertainty","E: Uncertainty","E: Uncertainty",NA,NA,NA,"E: Uncertainty","E: Uncertainty",NA,NA,NA,NA,NA,NA,NA,NA,"E: Uncertainty","E: Uncertainty","E: Uncertainty",NA,NA,NA,NA,NA,NA,NA
"2024-02-04 06:00:00","PM2.5",NA,0,0,47.0614,NA,8.6822,2.6347,0,0,0,0,7.9928,0,NA,0.4701,NA,NA,0,0,0,0,NA,0,0,0,NA,0,0,0,NA,NA,NA,NA,0,0,0,NA,0,0,0,"E: Uncertainty",NA,NA,NA,"E: Uncertainty",NA,NA,NA,NA,NA,NA,NA,NA,"E: Uncertainty",NA,"E: Uncertainty","E: Uncertainty",NA,NA,NA,NA,"E: Uncertainty",NA,NA,NA,"E: Uncertainty",NA,NA,NA,"E: Uncertainty","E: Uncertainty","E: Uncertainty","E: Uncertainty",NA,NA,NA,"E: Uncertainty",NA,NA,NA
"2024-02-04 07:00:00","PM10",NA,0,0,60.1897,62.1643,14.4091,8.4935,NA,NA,0,0,17.8894,0,0,0.693,0.5203,0,0,0,0,NA,NA,0,0,0,11.0238,NA,NA,0,NA,0,0.2447,NA,0,0,0,0,0,0,0,"E: Uncertainty",NA,NA,NA,NA,NA,NA,"E: Uncertainty","E: Uncertainty",NA,NA,NA,NA,NA,NA,NA,NA,NA,NA,NA,"E: Uncertainty","E: Uncertainty",NA,NA,NA,NA,"E: Uncertainty","E: Uncertainty",NA,"E: Uncertainty",NA,NA,"E: Uncertainty",NA,NA,NA,NA,NA,NA,NA
"2024-02-04 08:00:00","PM2.5",NA,0,NA,75.5299,90.0865,11.3493,10.7892,0.9832,0,0,0,35.2716,NA,0,0.6064,1.2458,NA,0,0,0,NA,NA,0,0,0,13.1689,NA,0.1047,0,NA,NA,NA,0,0,0,0,0,0,0,0,"E: Uncertainty",NA,"E: Uncertainty",NA,NA,NA,NA,NA,NA,NA,NA,NA,"E: Uncertainty",NA,NA,NA,"E: Uncertainty",NA,NA,NA,"E: Uncertainty","E: Uncertainty",NA,NA,NA,NA,"E: Uncertainty",NA,NA,"E: Uncertainty","E: Uncertainty","E: Uncertainty",NA,NA,NA,NA,NA,NA,NA,NA
"2024-02-04 09:00:00","PM10",NA,0,0,93.1508,206.635,20.9088,23.4116,2.1819,0,0,0,36.8665,0,NA,0.5354,3.3429,0,0,0,0,0.577,NA,0,0,0,18.4418,NA,0,0,NA,NA,NA,NA,0,0,0,0,0,NA,0,"E: Uncertainty",NA,NA,NA,NA,NA,NA,NA,NA,NA,NA,NA,NA,"E: Uncertainty",NA,NA,NA,NA,NA,NA,NA,"E: Uncertainty",NA,NA,NA,NA,"E: Uncertainty",NA,NA,"E: Uncertainty","E: Uncertainty","E: Uncertainty","E: Uncertainty",NA,NA,NA,NA,NA,"E: Uncertainty",NA
"2024-02-04 10:00:00","PM2.5",0,0,0,92.1963,241.469,20.0788,22.4629,2.9561,0,0,0,28.9283,0,0,0.685,0.5587,0,0,NA,0,0.7938,NA,0,0,0,16.7017,0,0,0,NA,NA,NA,0,0,NA,NA,NA,0,0,0,NA,NA,NA,NA,NA,NA,NA,NA,NA,NA,NA,NA,NA,NA,NA,NA,NA,NA,"E: Uncertainty",NA,NA,"E: Uncertainty",NA,NA,NA,NA,NA,NA,NA,"E: Uncertainty","E: Uncertainty","E: Uncertainty",NA,NA,"E: Uncertainty","E: Uncertainty","E: Uncertainty",NA,NA,NA
"2024-02-04 11:00:00","PM10",NA,NA,0,106.3797,465.9341,36.3264,44.1267,3.6277,NA,0,NA,58.9669,0,NA,0.559,1.507,NA,0,1.9797,0,0.9928,NA,0,NA,0,12.799,0,NA,0,NA,0,NA,0,0,0,0,0,0,NA,0,"E: Uncertainty","E: Uncertainty",NA,NA,NA,NA,NA,NA,"E: Uncertainty",NA,"E: Uncertainty",NA,NA,"E: Uncertainty",NA,NA,"E: Uncertainty",NA,NA,NA,NA,"E: Uncertainty",NA,"E: Uncertainty",NA,NA,NA,"E: Uncertainty",NA,"E: Uncertainty",NA,"E: Uncertainty",NA,NA,NA,NA,NA,NA,"E: Uncertainty",NA
"2024-02-04 12:00:00","PM2.5",NA,0,0,34.9961,90.042,12.1301,9.9017,NA,0,NA,0,21.1773,0,NA,0.789,3.3895,0,0,NA,0,NA,NA,0,0,0,12.1785,NA,0,0,NA,NA,0,NA,0,0,0,0,0,1.0546,0,"E: Uncertainty",NA,NA,NA,NA,NA,NA,"E: Uncertainty",NA,"E: Uncertainty",NA,NA,NA,"E: Uncertainty",NA,NA,NA,NA,"E: Uncertainty",NA,"E: Uncertainty","E: Uncertainty",NA,NA,NA,NA,"E: Uncertainty",NA,NA,"E: Uncertainty","E: Uncertainty",NA,"E: Uncertainty",NA,NA,NA,NA,NA,NA,NA
"2024-02-04 13:00:00","PM10",NA,0,0,45.6012,66.2748,12.0721,13.472,1.2584,0,NA,0,37.3791,0,0,0.631,10.6689,0,0,0.449,0,NA,NA,0,0,0,14.9956,0,NA,NA,0,NA,NA,0,0,0,0,NA,0,0,0,"E: Uncertainty",NA,NA,NA,NA,NA,NA,NA,NA,"E: Uncertainty",NA,NA,NA,NA,NA,NA,NA,NA,NA,NA,"E: Uncertainty","E: Uncertainty",NA,NA,NA,NA,NA,"E: Uncertainty","E: Uncertainty",NA,"E: Uncertainty","E: Uncertainty",NA,NA,NA,NA,"E: Uncertainty",NA,NA,NA
"2024-02-04 14:00:00","PM2.5",0,NA,0,64.4049,185.0762,24.6333,27.1873,2.1337,0,0,0,44.7754,0,0,1.1745,2.3396,0,0,NA,0,NA,NA,0,0,0,12.6946,NA,NA,0,NA,0,NA,NA,0,0,0,0,0,0,0,NA,"E: Uncertainty",NA,NA,NA,NA,NA,NA,NA,NA,NA,NA,NA,NA,NA,NA,NA,NA,"E: Uncertainty",NA,"E: Uncertainty","E: Uncertainty",NA,NA,NA,NA,"E: Uncertainty","E: Uncertainty",NA,"E: Uncertainty",NA,"E: Uncertainty","E: Uncertainty",NA,NA,NA,NA,NA,NA,NA
"2024-02-04 15:00:00","PM10",NA,351.9527,0,165.8709,673.449,79.6207,116.671,11.8161,NA,0,1.2365,147.2569,0,NA,0.899,1.7482,0,0,0.494,NA,1.6171,1.705,0,NA,0,20.6554,0,0,0,0.1486,NA,NA,NA,0,0,0,0,0,NA,0,"E: Uncertainty",NA,NA,NA,NA,NA,NA,NA,"E: Uncertainty",NA,NA,NA,NA,"E: Uncertainty",NA,NA,NA,NA,NA,"E: Uncertainty",NA,NA,NA,"E: Uncertainty",NA,NA,NA,NA,NA,NA,"E: Uncertainty","E: Uncertainty","E: Uncertainty",NA,NA,NA,NA,NA,"E: Uncertainty",NA
"2024-02-04 16:00:00","PM2.5",0,837.3836,0,204.7042,597.5261,100.5119,138.9378,21.1727,0,NA,1.7003,207.2591,NA,NA,0.7985,2.1334,NA,0,0,NA,1.7549,2.097,0,0,0,13.3889,0,NA,0,0,NA,NA,0,0,0,0,0,0,1.1357,0,NA,NA,NA,NA,NA,NA,NA,NA,NA,"E: Uncertainty",NA,NA,"E: Uncertainty","E: Uncertainty",NA,NA,"E: Uncertainty",NA,NA,"E: Uncertainty",NA,NA,NA,NA,NA,NA,NA,"E: Uncertainty",NA,NA,"E: Uncertainty","E: Uncertainty",NA,NA,NA,NA,NA,NA,NA,NA
"2024-02-04 17:00:00","PM10",753.4695,3040.9209,0,346.5304,1521.4586,254.1823,436.3247,60.2511,1.322,NA,5.4343,558.5719,0,NA,1.0992,3.2002,NA,0.003,0.8406,NA,2.7667,5.56,0,0,0,12.1189,NA,NA,0,NA,NA,NA,3.1642,0,NA,0,0,0,NA,0,NA,NA,NA,NA,NA,NA,NA,NA,NA,"E: Uncertainty",NA,NA,NA,"E: Uncertainty",NA,NA,"E: Uncertainty",NA,NA,"E: Uncertainty",NA,NA,NA,NA,NA,NA,"E: Uncertainty","E: Uncertainty",NA,"E: Uncertainty","E: Uncertainty","E: Uncertainty",NA,NA,"E: Uncertainty",NA,NA,NA,"E: Uncertainty",NA
"2024-02-04 18:00:00","PM2.5",NA,2238.5224,0,353.3448,1132.3456,205.1479,331.2346,44.0215,1.8339,NA,4.5156,417.4517,0,NA,0.5639,3.2313,0,0,0,NA,3.9508,3.9046,0,0,0,15.4181,NA,NA,0,0,NA,NA,NA,0,NA,0,0,0,2.0265,0,"E: Uncertainty",NA,NA,NA,NA,NA,NA,NA,NA,"E: Uncertainty",NA,NA,NA,"E: Uncertainty",NA,NA,NA,NA,NA,"E: Uncertainty",NA,NA,NA,NA,NA,NA,"E: Uncertainty","E: Uncertainty",NA,NA,"E: Uncertainty","E: Uncertainty","E: Uncertainty",NA,"E: Uncertainty",NA,NA,NA,NA,NA
"2024-02-04 19:00:00","PM10",769.4711,4774.9081,0,446.2951,2179.5684,370.635,753.9364,85.1114,2.0124,1.1747,8.8495,780.5226,0,NA,1.3041,4.5398,NA,0,NA,NA,5.2182,8.1066,0,NA,0,14.3745,0,NA,0,NA,NA,0,NA,0,0,0,0,0,1.5399,0,NA,NA,NA,NA,NA,NA,NA,NA,NA,NA,NA,NA,NA,"E: Uncertainty",NA,NA,"E: Uncertainty",NA,"E: Uncertainty","E: Uncertainty",NA,NA,NA,"E: Uncertainty",NA,NA,NA,"E: Uncertainty",NA,"E: Uncertainty","E: Uncertainty",NA,"E: Uncertainty",NA,NA,NA,NA,NA,NA,NA
"2024-02-04 20:00:00","PM2.5",922.5278,2570.0358,0,384.8078,1252.2464,236.703,408.3895,52.7504,1.5065,NA,5.2227,514.6397,0,NA,0.9901,5.0145,NA,0,0.567,NA,4.7227,4.2626,0,0,NA,NA,NA,NA,0,0,NA,NA,NA,0,NA,0,0,0,1.6504,0,NA,NA,NA,NA,NA,NA,NA,NA,NA,"E: Uncertainty",NA,NA,NA,"E: Uncertainty",NA,NA,"E: Uncertainty",NA,NA,"E: Uncertainty",NA,NA,NA,NA,"E: Uncertainty","E: Uncertainty","E: Uncertainty","E: Uncertainty",NA,NA,"E: Uncertainty","E: Uncertainty","E: Uncertainty",NA,"E: Uncertainty",NA,NA,NA,NA,NA
"2024-02-04 21:00:00","PM10",1023.8305,4449.7689,0,529.1942,2706.6395,391.877,747.5029,81.5049,2.3057,0.6868,10.2671,781.2456,0,0.609,1.1754,6.5451,0,0,NA,NA,6.1539,8.6507,0,NA,0,14.6928,NA,NA,0,0,NA,NA,3.2443,0,0,0,0,0,2.9874,0,NA,NA,NA,NA,NA,NA,NA,NA,NA,NA,NA,NA,NA,NA,NA,NA,NA,NA,"E: Uncertainty","E: Uncertainty",NA,NA,NA,"E: Uncertainty",NA,NA,"E: Uncertainty","E: Uncertainty",NA,NA,"E: Uncertainty","E: Uncertainty",NA,NA,NA,NA,NA,NA,NA,NA
"2024-02-04 22:00:00","PM2.5",674.3194,2877.9329,0,446.257,1421.8885,254.8872,426.4477,55.5652,NA,NA,5.5667,519.4021,NA,NA,0.8591,3.5109,NA,0,0,0,5.1771,5.2457,0,0,0,NA,0,NA,0,0,NA,0,NA,0,0,0,0,0,2.8567,0,NA,NA,NA,NA,NA,NA,NA,NA,"E: Uncertainty","E: Uncertainty",NA,NA,"E: Uncertainty","E: Uncertainty",NA,NA,"E: Uncertainty",NA,NA,NA,NA,NA,NA,NA,NA,"E: Uncertainty",NA,"E: Uncertainty",NA,NA,"E: Uncertainty",NA,"E: Uncertainty",NA,NA,NA,NA,NA,NA,NA
"2024-02-04 23:00:00","PM10",1121.0001,4683.6354,0,526.3522,2382.9549,395.214,772.5844,83.9886,NA,NA,8.5656,790.5732,0,1.0547,1.4963,4.1367,0,0,0,0,6.617,7.7711,0,NA,0,15.3913,NA,NA,0,NA,NA,NA,6.3113,0,0,0,0,0,2.7424,0,NA,NA,NA,NA,NA,NA,NA,NA,"E: Uncertainty","E: Uncertainty",NA,NA,NA,NA,NA,NA,NA,NA,NA,NA,NA,NA,NA,"E: Uncertainty",NA,NA,"E: Uncertainty","E: Uncertainty",NA,"E: Uncertainty","E: Uncertainty","E: Uncertainty",NA,NA,NA,NA,NA,NA,NA,NA
"2024-02-05 00:30:00","PM2.5",0,2017.8692,0,406.7567,1223.0054,228.3243,381.6174,46.1265,NA,2e-04,4.0151,434.1924,NA,NA,0.9495,2.3126,0,0,0,0,5.1045,NA,0,0,0,21.7283,NA,0,0,NA,NA,0,NA,0,0,0,0,0,2.5952,0,NA,NA,NA,NA,NA,NA,NA,NA,"E: Uncertainty",NA,NA,NA,"E: Uncertainty","E: Uncertainty",NA,NA,NA,NA,NA,NA,NA,"E: Uncertainty",NA,NA,NA,NA,"E: Uncertainty",NA,NA,"E: Uncertainty","E: Uncertainty",NA,"E: Uncertainty",NA,NA,NA,NA,NA,NA,NA
"2024-02-05 01:00:00","PM10",690.676,2946.0681,0,514.0692,2226.2361,301.6498,656.7308,54.9585,1.1327,NA,5.3878,524.9772,0,NA,NA,3.3094,0,0,NA,0,6.928,7.0061,0,NA,0,11.9341,0,0,0,NA,NA,NA,3.4136,0,0,0,0,0,1.8829,0,NA,NA,NA,NA,NA,NA,NA,NA,NA,"E: Uncertainty",NA,NA,NA,"E: Uncertainty","E: Uncertainty",NA,NA,NA,"E: Uncertainty",NA,NA,NA,NA,"E: Uncertainty",NA,NA,NA,NA,NA,"E: Uncertainty","E: Uncertainty","E: Uncertainty",NA,NA,NA,NA,NA,NA,NA,NA
"2024-02-05 02:00:00","PM2.5",NA,1502.4987,0,426.4877,980.4431,192.0176,334.9536,30.0282,NA,NA,2.6682,288.5918,0,NA,0.7599,2.3131,NA,0,0,NA,5.8066,5.0532,0,0,0,20.2408,NA,0,0,0,NA,NA,NA,0,0,0,0,0,1.4264,0,"E: Uncertainty",NA,NA,NA,NA,NA,NA,NA,"E: Uncertainty","E: Uncertainty",NA,NA,NA,"E: Uncertainty",NA,NA,"E: Uncertainty",NA,NA,"E: Uncertainty",NA,NA,NA,NA,NA,NA,"E: Uncertainty",NA,NA,NA,"E: Uncertainty","E: Uncertainty","E: Uncertainty",NA,NA,NA,NA,NA,NA,NA
"2024-02-05 03:00:00","PM10",0,2317.9951,0,550.9976,1950.0184,282.202,571.0631,44.159,0.8938,NA,4.5852,413.1866,0,0.5933,1.0556,3.1978,0.0061,0,NA,0,7.3077,5.5383,0,0,0,15.4664,NA,0,0,NA,NA,NA,NA,0,NA,0,0.0116,0,1.331,0,NA,NA,NA,NA,NA,NA,NA,NA,NA,"E: Uncertainty",NA,NA,NA,NA,NA,NA,NA,NA,"E: Uncertainty",NA,NA,NA,NA,NA,NA,NA,"E: Uncertainty",NA,NA,"E: Uncertainty","E: Uncertainty","E: Uncertainty","E: Uncertainty",NA,"E: Uncertainty",NA,NA,NA,NA,NA
"2024-02-05 04:00:00","PM2.5",NA,1090.539,0,491.6181,671.1849,157.44,226.3634,23.8743,NA,NA,1.8142,220.0112,NA,NA,1.0439,2.4305,0,0,0,0,4.2027,2.0787,0,0,0,NA,NA,0,0,0,NA,NA,0,0,0,0,0,0,1.0405,0,"E: Uncertainty",NA,NA,NA,NA,NA,NA,NA,"E: Uncertainty","E: Uncertainty",NA,NA,"E: Uncertainty","E: Uncertainty",NA,NA,NA,NA,NA,NA,NA,NA,NA,NA,NA,"E: Uncertainty","E: Uncertainty",NA,NA,NA,"E: Uncertainty","E: Uncertainty",NA,NA,NA,NA,NA,NA,NA,NA
"2024-02-05 05:00:00","PM10",712.4525,1992.0982,0,403.7749,886.3468,209.2315,328.3304,41.3918,NA,0,3.8914,392.7224,NA,NA,1.0192,2.7618,0,0,0,NA,3.7835,4.9752,0,0,0,9.4035,NA,0,0,NA,NA,NA,NA,0,0,0,0,0,NA,0,NA,NA,NA,NA,NA,NA,NA,NA,"E: Uncertainty",NA,NA,NA,"E: Uncertainty","E: Uncertainty",NA,NA,NA,NA,NA,"E: Uncertainty",NA,NA,NA,NA,NA,NA,"E: Uncertainty",NA,NA,"E: Uncertainty","E: Uncertainty","E: Uncertainty","E: Uncertainty",NA,NA,NA,NA,NA,"E: Uncertainty",NA
"2024-02-05 06:00:00","PM2.5",7.4992,1124.3857,0,269.4859,289.0257,128.9031,160.1653,24.8298,NA,0,2.0273,244.3638,0,0,0.8592,1.629,0,0,0,0,2.4241,2.6281,0,0,0,NA,0,0,0,NA,0,NA,NA,0,NA,0,0,0,NA,0,NA,NA,NA,NA,NA,NA,NA,NA,"E: Uncertainty",NA,NA,NA,NA,NA,NA,NA,NA,NA,NA,NA,NA,NA,NA,NA,NA,"E: Uncertainty",NA,NA,NA,"E: Uncertainty",NA,"E: Uncertainty","E: Uncertainty",NA,"E: Uncertainty",NA,NA,NA,"E: Uncertainty",NA
"2024-02-05 07:00:00","PM10",NA,2098.831,0,263.8056,619.8311,189.7724,295.1007,38.5886,NA,NA,4.0996,418.0167,0,NA,1.6248,3.0009,NA,0,0,0,3.6958,4.4796,0,0,NA,19.7988,NA,0,0,0,0,NA,5.2918,0,0,0,NA,0,0.86,0,"E: Uncertainty",NA,NA,NA,NA,NA,NA,NA,"E: Uncertainty","E: Uncertainty",NA,NA,NA,"E: Uncertainty",NA,NA,"E: Uncertainty",NA,NA,NA,NA,NA,NA,NA,"E: Uncertainty",NA,"E: Uncertainty",NA,NA,NA,NA,"E: Uncertainty",NA,NA,NA,NA,"E: Uncertainty",NA,NA,NA
"2024-02-05 08:00:00","PM2.5",NA,393.2854,0,86.3263,102.4769,49.9546,70.7889,10.5394,NA,NA,NA,124.9541,0,0,0.7625,1.1501,0,0,0,0,0.7077,NA,0,0,0,16.9655,NA,NA,0,NA,NA,NA,0.0093,0,0,0,0,0,NA,0,"E: Uncertainty",NA,NA,NA,NA,NA,NA,NA,"E: Uncertainty","E: Uncertainty","E: Uncertainty",NA,NA,NA,NA,NA,NA,NA,NA,NA,NA,"E: Uncertainty",NA,NA,NA,NA,"E: Uncertainty","E: Uncertainty",NA,"E: Uncertainty","E: Uncertainty","E: Uncertainty",NA,NA,NA,NA,NA,NA,"E: Uncertainty",NA
"2024-02-05 09:00:00","PM10",0,0,0,21.768,34.3786,19.5734,46.7625,1.758,0,0,NA,80.4812,0,0,2.0006,2.0351,0,0,0,0,0.0021,NA,0,0,0,23.5022,0,NA,0,0,0,NA,NA,0,0,0,0,0,0,0,NA,NA,NA,NA,NA,NA,NA,NA,NA,NA,"E: Uncertainty",NA,NA,NA,NA,NA,NA,NA,NA,NA,NA,"E: Uncertainty",NA,NA,NA,NA,NA,"E: Uncertainty",NA,NA,NA,"E: Uncertainty","E: Uncertainty",NA,NA,NA,NA,NA,NA,NA
"2024-02-05 10:00:00","PM2.5",0,0,0.3988,32.3302,17.1782,11.9649,14.127,0,NA,NA,0,33.8582,0,0,2.4864,2.3536,0,0,0.8713,0,NA,NA,0,0,0,14.5011,0,0,0,0,0.1736,0,NA,0,0,0,0,0,1.0301,0,NA,NA,NA,NA,NA,NA,NA,NA,"E: Uncertainty","E: Uncertainty",NA,NA,NA,NA,NA,NA,NA,NA,NA,NA,"E: Uncertainty","E: Uncertainty",NA,NA,NA,NA,NA,NA,NA,NA,NA,NA,"E: Uncertainty",NA,NA,NA,NA,NA,NA,NA
"2024-02-05 11:00:00","PM10",0,0,0,73.0291,75.146,21.0325,40.279,NA,0.0094,0,0.0012,48.2065,0,0,4.486,3.8843,0,0,0,0,2.0059,NA,0,0,0,NA,NA,0,0,0,0,NA,NA,0,NA,0,0,0,NA,0,NA,NA,NA,NA,NA,NA,NA,"E: Uncertainty",NA,NA,NA,NA,NA,NA,NA,NA,NA,NA,NA,NA,NA,"E: Uncertainty",NA,NA,NA,"E: Uncertainty","E: Uncertainty",NA,NA,NA,NA,"E: Uncertainty","E: Uncertainty",NA,"E: Uncertainty",NA,NA,NA,"E: Uncertainty",NA
"2024-02-05 12:00:00","PM2.5",NA,NA,0,148.8536,90.936,50.0583,26.8904,4.5577,0,NA,0,52.3463,NA,0,1.5731,6.497,0,0,NA,0,1.5596,NA,0,0,0,NA,NA,0,0,NA,0,NA,0,0,0,0,0,0,0,0,"E: Uncertainty","E: Uncertainty",NA,NA,NA,NA,NA,NA,NA,"E: Uncertainty",NA,NA,"E: Uncertainty",NA,NA,NA,NA,NA,"E: Uncertainty",NA,NA,"E: Uncertainty",NA,NA,NA,"E: Uncertainty","E: Uncertainty",NA,NA,"E: Uncertainty",NA,"E: Uncertainty",NA,NA,NA,NA,NA,NA,NA,NA
"2024-02-05 13:00:00","PM10",0,885.6902,0,344.5646,601.3049,141.452,167.2046,19.7814,NA,0,1.8119,226.4811,0,NA,2.2599,6.708,0,0,NA,NA,4.3928,1.5321,0,0,0,NA,NA,NA,0,0,NA,NA,NA,0,0,0,NA,0,NA,0,NA,NA,NA,NA,NA,NA,NA,NA,"E: Uncertainty",NA,NA,NA,NA,"E: Uncertainty",NA,NA,NA,NA,"E: Uncertainty","E: Uncertainty",NA,NA,NA,NA,NA,"E: Uncertainty","E: Uncertainty","E: Uncertainty",NA,NA,"E: Uncertainty","E: Uncertainty","E: Uncertainty",NA,NA,NA,"E: Uncertainty",NA,"E: Uncertainty",NA
"2024-02-05 14:00:00","PM2.5",0,497.0007,0,352.3852,314.5739,110.4862,84.4594,12.26,NA,NA,1.5059,134.5621,NA,NA,1.9996,4.4785,0,0,NA,0,4.1516,NA,0,0,0,10.9473,NA,0,0,NA,NA,NA,NA,0,0,0,0,0,NA,0,NA,NA,NA,NA,NA,NA,NA,NA,"E: Uncertainty","E: Uncertainty",NA,NA,"E: Uncertainty","E: Uncertainty",NA,NA,NA,NA,"E: Uncertainty",NA,NA,"E: Uncertainty",NA,NA,NA,NA,"E: Uncertainty",NA,NA,"E: Uncertainty","E: Uncertainty","E: Uncertainty","E: Uncertainty",NA,NA,NA,NA,NA,"E: Uncertainty",NA
"2024-02-05 15:00:00","PM10",NA,1000.4142,0,443.8655,938.5262,183.1807,222.9308,28.9178,NA,NA,2.562,272.8001,NA,NA,2.7011,7.0603,0,0,NA,NA,6.0528,2.611,0,0,0,11.7156,NA,NA,0,0,0,NA,0,0,0,0,0,0,NA,0,"E: Uncertainty",NA,NA,NA,NA,NA,NA,NA,"E: Uncertainty","E: Uncertainty",NA,NA,"E: Uncertainty","E: Uncertainty",NA,NA,NA,NA,"E: Uncertainty","E: Uncertainty",NA,NA,NA,NA,NA,NA,"E: Uncertainty","E: Uncertainty",NA,NA,NA,"E: Uncertainty",NA,NA,NA,NA,NA,NA,"E: Uncertainty",NA
"2024-02-05 16:00:00","PM2.5",NA,743.3882,0,380.0119,537.5704,142.0097,104.9987,15.7083,NA,NA,1.3592,174.4843,0,NA,1.9287,5.6308,0,0,0,NA,5.7667,NA,0,0,0,17.4976,0,0,0,0,NA,NA,NA,0,0.0279,0,0,0,0.8469,0,"E: Uncertainty",NA,NA,NA,NA,NA,NA,NA,"E: Uncertainty","E: Uncertainty",NA,NA,NA,"E: Uncertainty",NA,NA,NA,NA,NA,"E: Uncertainty",NA,"E: Uncertainty",NA,NA,NA,NA,NA,NA,NA,NA,"E: Uncertainty","E: Uncertainty","E: Uncertainty",NA,NA,NA,NA,NA,NA,NA
"2024-02-05 17:00:00","PM10",NA,696.2357,0,279.8827,996.6407,130.357,143.7572,18.6356,NA,NA,1.6503,215.6411,0,NA,2.3153,5.143,0,0,0,NA,5.0427,2.0577,0,0,0,16.9326,NA,0,0,NA,NA,NA,NA,0,0,0,0,0,1.1532,0,"E: Uncertainty",NA,NA,NA,NA,NA,NA,NA,"E: Uncertainty","E: Uncertainty",NA,NA,NA,"E: Uncertainty",NA,NA,NA,NA,NA,"E: Uncertainty",NA,NA,NA,NA,NA,NA,"E: Uncertainty",NA,NA,"E: Uncertainty","E: Uncertainty","E: Uncertainty","E: Uncertainty",NA,NA,NA,NA,NA,NA,NA
"2024-02-05 18:00:00","PM2.5",NA,NA,0,131.836,294.1445,53.6631,40.5659,6.5232,0,0,0,80.7974,0,0,0.9112,1.9262,0,0,0,0,2.1016,NA,0,0,0,10.2091,NA,0.0176,0,0,NA,0,NA,0,0,0,0,0,NA,0,"E: Uncertainty","E: Uncertainty",NA,NA,NA,NA,NA,NA,NA,NA,NA,NA,NA,NA,NA,NA,NA,NA,NA,NA,NA,"E: Uncertainty",NA,NA,NA,NA,"E: Uncertainty",NA,NA,NA,"E: Uncertainty",NA,"E: Uncertainty",NA,NA,NA,NA,NA,"E: Uncertainty",NA
"2024-02-05 19:00:00","PM10",0,735.4299,0,186.2878,853.7963,103.7403,106.1516,16.896,0,0.0031,1.347,185.4552,0,NA,1.8667,1.9592,0,0,NA,NA,3.3526,1.679,0,0,0,16.868,0,0,0,NA,0,0,0.002,0,0,0,0,0,0,0,NA,NA,NA,NA,NA,NA,NA,NA,NA,NA,NA,NA,NA,"E: Uncertainty",NA,NA,NA,NA,"E: Uncertainty","E: Uncertainty",NA,NA,NA,NA,NA,NA,NA,NA,NA,"E: Uncertainty",NA,NA,NA,NA,NA,NA,NA,NA,NA,NA
"2024-02-05 20:00:00","PM2.5",0,304.7787,0,103.7093,383.9994,57.0669,46.7772,10.0692,0,NA,NA,96.9667,NA,0,1.2688,0.7313,0,0,0,NA,2.4859,NA,0,0,0,16.1764,NA,NA,0,0,0,NA,0,0,0,0,0,0,NA,0,NA,NA,NA,NA,NA,NA,NA,NA,NA,"E: Uncertainty","E: Uncertainty",NA,"E: Uncertainty",NA,NA,NA,NA,NA,NA,"E: Uncertainty",NA,"E: Uncertainty",NA,NA,NA,NA,"E: Uncertainty","E: Uncertainty",NA,NA,NA,"E: Uncertainty",NA,NA,NA,NA,NA,NA,"E: Uncertainty",NA
"2024-02-05 21:00:00","PM10",NA,873.3186,0,187.4473,1485.5753,114.9274,131.0133,22.5605,NA,NA,1.6272,216.9757,0,NA,1.4238,1.5744,NA,0,NA,NA,3.0322,2.21,0,0,0,12.272,NA,0,0,0,0,NA,NA,0,0,0,0,0,NA,0,"E: Uncertainty",NA,NA,NA,NA,NA,NA,NA,"E: Uncertainty","E: Uncertainty",NA,NA,NA,"E: Uncertainty",NA,NA,"E: Uncertainty",NA,"E: Uncertainty","E: Uncertainty",NA,NA,NA,NA,NA,NA,"E: Uncertainty",NA,NA,NA,NA,"E: Uncertainty","E: Uncertainty",NA,NA,NA,NA,NA,"E: Uncertainty",NA
"2024-02-05 22:00:00","PM2.5",0,539.7432,0,148.7707,904.5387,71.6604,80.736,13.2381,0,NA,0.9153,131.255,NA,0,1.0265,1.0598,0,0,0,0,2.2421,1.571,0,0,0,12.5249,0,0,0,NA,0,NA,0,0,0,0,0,0,0,0,NA,NA,NA,NA,NA,NA,NA,NA,NA,"E: Uncertainty",NA,NA,"E: Uncertainty",NA,NA,NA,NA,NA,NA,NA,NA,NA,NA,NA,NA,NA,NA,NA,NA,"E: Uncertainty",NA,"E: Uncertainty",NA,NA,NA,NA,NA,NA,NA,NA
"2024-02-05 23:00:00","PM10",0,254.5766,0,96.1514,598.2761,49.1846,60.3793,8.3257,0,NA,NA,98.0777,NA,0,0.6863,NA,0,0,0,NA,1.2155,NA,0,0,0,24.959,NA,NA,0,NA,NA,NA,0,0,0,0,NA,0,0,0,NA,NA,NA,NA,NA,NA,NA,NA,NA,"E: Uncertainty","E: Uncertainty",NA,"E: Uncertainty",NA,NA,"E: Uncertainty",NA,NA,NA,"E: Uncertainty",NA,"E: Uncertainty",NA,NA,NA,NA,"E: Uncertainty","E: Uncertainty",NA,"E: Uncertainty","E: Uncertainty","E: Uncertainty",NA,NA,NA,NA,"E: Uncertainty",NA,NA,NA
"2024-02-06 00:30:00","PM2.5",0,NA,0,77.3673,583.38,37.6176,44.3324,7.594,0,0,0,75.7616,0,0,NA,NA,0,0,0,NA,NA,NA,0,0,0,39.6745,NA,NA,0,NA,NA,NA,NA,0,0,0,0,0,NA,0,NA,"E: Uncertainty",NA,NA,NA,NA,NA,NA,NA,NA,NA,NA,NA,NA,"E: Uncertainty","E: Uncertainty",NA,NA,NA,"E: Uncertainty","E: Uncertainty","E: Uncertainty",NA,NA,NA,NA,"E: Uncertainty","E: Uncertainty",NA,"E: Uncertainty","E: Uncertainty","E: Uncertainty","E: Uncertainty",NA,NA,NA,NA,NA,"E: Uncertainty",NA
"2024-02-06 01:00:00","PM10",0,201.2444,0,96.7813,659.4376,50.7127,58.075,9.3344,0,0,NA,88.5425,NA,0,NA,NA,0,0,0,NA,0.9294,NA,0,0,0,18.5698,NA,NA,0,NA,NA,NA,0,0,0,0,0,0,0,0,NA,NA,NA,NA,NA,NA,NA,NA,NA,NA,"E: Uncertainty",NA,"E: Uncertainty",NA,"E: Uncertainty","E: Uncertainty",NA,NA,NA,"E: Uncertainty",NA,"E: Uncertainty",NA,NA,NA,NA,"E: Uncertainty","E: Uncertainty",NA,"E: Uncertainty","E: Uncertainty","E: Uncertainty",NA,NA,NA,NA,NA,NA,NA,NA
"2024-02-06 02:00:00","PM2.5",0,NA,0,57.1834,252.0238,22.5397,23.1532,4.0442,0,0,0,37.138,0,0,NA,NA,0,0,NA,0,NA,NA,0,0,0,11.2227,NA,NA,0,NA,NA,NA,NA,0,0,0,0,0,0,0,NA,"E: Uncertainty",NA,NA,NA,NA,NA,NA,NA,NA,NA,NA,NA,NA,"E: Uncertainty","E: Uncertainty",NA,NA,"E: Uncertainty",NA,"E: Uncertainty","E: Uncertainty",NA,NA,NA,NA,"E: Uncertainty","E: Uncertainty",NA,"E: Uncertainty","E: Uncertainty","E: Uncertainty","E: Uncertainty",NA,NA,NA,NA,NA,NA,NA
"2024-02-06 03:00:00","PM10",0,175.4989,0,95.7074,582.729,42.5126,47.5143,6.4088,NA,NA,0,71.2823,0,0,0.5807,0.4583,0.0058,0,0,0,0.6915,NA,0,0,0,16.9666,NA,NA,0,NA,0,NA,NA,0,0,0,0,0,0,NA,NA,NA,NA,NA,NA,NA,NA,NA,"E: Uncertainty","E: Uncertainty",NA,NA,NA,NA,NA,NA,NA,NA,NA,NA,NA,"E: Uncertainty",NA,NA,NA,NA,"E: Uncertainty","E: Uncertainty",NA,"E: Uncertainty",NA,"E: Uncertainty","E: Uncertainty",NA,NA,NA,NA,NA,NA,"E: Uncertainty"
"2024-02-06 04:00:00","PM2.5",NA,NA,0,49.8518,227.045,19.8129,16.4975,2.4876,0,NA,0,31.6547,0.0078,0,NA,NA,0,0,0,NA,NA,NA,0,0,0,12.5168,NA,NA,0,NA,NA,NA,NA,0,0,0,0,0,0,0,"E: Uncertainty","E: Uncertainty",NA,NA,NA,NA,NA,NA,NA,"E: Uncertainty",NA,NA,NA,NA,"E: Uncertainty","E: Uncertainty",NA,NA,NA,"E: Uncertainty","E: Uncertainty","E: Uncertainty",NA,NA,NA,NA,"E: Uncertainty","E: Uncertainty",NA,"E: Uncertainty","E: Uncertainty","E: Uncertainty","E: Uncertainty",NA,NA,NA,NA,NA,NA,NA
"2024-02-06 05:00:00","PM10",0,NA,0,99.4863,531.2694,29.1423,37.112,4.9415,0,0,NA,50.2559,0,0,0.5004,0.4099,NA,0,0,NA,0.5675,NA,0,0,0,15.1588,NA,NA,0,NA,NA,0,NA,0,0,0,0.0147,0,0,0,NA,"E: Uncertainty",NA,NA,NA,NA,NA,NA,NA,NA,"E: Uncertainty",NA,NA,NA,NA,NA,"E: Uncertainty",NA,NA,"E: Uncertainty",NA,"E: Uncertainty",NA,NA,NA,NA,"E: Uncertainty","E: Uncertainty",NA,"E: Uncertainty","E: Uncertainty",NA,"E: Uncertainty",NA,NA,NA,NA,NA,NA,NA
"2024-02-06 06:00:00","PM2.5",0,0,0,76.2052,297.3015,14.1115,18.5769,2.6895,0,0,0,29.1559,0,0,1.1723,NA,0,0,0,0,NA,NA,0,0,0,13.3737,0,NA,0,NA,NA,NA,0,0,0,0,0,0,0,0,NA,NA,NA,NA,NA,NA,NA,NA,NA,NA,NA,NA,NA,NA,NA,"E: Uncertainty",NA,NA,NA,NA,"E: Uncertainty","E: Uncertainty",NA,NA,NA,NA,NA,"E: Uncertainty",NA,"E: Uncertainty","E: Uncertainty","E: Uncertainty",NA,NA,NA,NA,NA,NA,NA,NA
"2024-02-06 07:00:00","PM10",NA,483.219,0,92.1948,544.2141,62.9472,83.2229,15.404,NA,NA,1.8336,177.7577,0,NA,2.0469,1.0613,NA,0,NA,0,NA,NA,0,0,0,9.5032,NA,0,0,NA,0,0,0,0,0,0,0,0,0,0,"E: Uncertainty",NA,NA,NA,NA,NA,NA,NA,"E: Uncertainty","E: Uncertainty",NA,NA,NA,"E: Uncertainty",NA,NA,"E: Uncertainty",NA,"E: Uncertainty",NA,"E: Uncertainty","E: Uncertainty",NA,NA,NA,NA,"E: Uncertainty",NA,NA,"E: Uncertainty",NA,NA,NA,NA,NA,NA,NA,NA,NA,NA
"2024-02-06 08:00:00","PM2.5",NA,1364.1039,0,161.0777,610.972,117.7656,148.1871,31.2011,NA,NA,2.6448,296.2307,0,NA,1.2095,1.7528,0,0,NA,NA,0.8386,2.2631,0,0,0,10.9327,0,NA,0,NA,0,NA,NA,0,NA,0,0,0,1.1565,0,"E: Uncertainty",NA,NA,NA,NA,NA,NA,NA,"E: Uncertainty","E: Uncertainty",NA,NA,NA,"E: Uncertainty",NA,NA,NA,NA,"E: Uncertainty","E: Uncertainty",NA,NA,NA,NA,NA,NA,NA,"E: Uncertainty",NA,"E: Uncertainty",NA,"E: Uncertainty","E: Uncertainty",NA,"E: Uncertainty",NA,NA,NA,NA,NA
"2024-02-06 09:00:00","PM10",1439.9576,3747.6438,0,353.8009,2639.7265,292.5299,460.5593,70.5841,1.2675,0.9751,7.4945,669.6718,0,0,2.371,6.0894,NA,0,0,NA,3.8577,6.2436,0,0,0,9.0645,0,0,0,NA,0,NA,3.993,0,0,0,0,0,1.5519,0,NA,NA,NA,NA,NA,NA,NA,NA,NA,NA,NA,NA,NA,NA,NA,NA,"E: Uncertainty",NA,NA,"E: Uncertainty",NA,NA,NA,NA,NA,NA,NA,NA,NA,"E: Uncertainty",NA,"E: Uncertainty",NA,NA,NA,NA,NA,NA,NA,NA
"2024-02-06 10:00:00","PM2.5",1021.2846,2309.8606,0,328.3718,1589.0849,202.688,268.5937,46.7354,0.8851,NA,4.576,428.1688,0,0,1.3096,2.1075,NA,0,0,0,2.7282,4.2294,0,0,0,14.798,NA,NA,0,0,0,NA,NA,0,0,0,0,0,NA,0,NA,NA,NA,NA,NA,NA,NA,NA,NA,"E: Uncertainty",NA,NA,NA,NA,NA,NA,"E: Uncertainty",NA,NA,NA,NA,NA,NA,NA,NA,NA,"E: Uncertainty","E: Uncertainty",NA,NA,NA,"E: Uncertainty","E: Uncertainty",NA,NA,NA,NA,NA,"E: Uncertainty",NA
"2024-02-06 11:00:00","PM10",1152.396,3223.5812,0,426.6168,3164.2756,297.6071,494.1223,65.1945,1.173,NA,6.9343,605.1859,0,NA,1.8177,4.9618,NA,0,0.6323,NA,4.3769,5.7362,0,NA,0,NA,0,0.0699,0,NA,NA,0,3.9708,0,NA,0,0,0,1.2084,0,NA,NA,NA,NA,NA,NA,NA,NA,NA,"E: Uncertainty",NA,NA,NA,"E: Uncertainty",NA,NA,"E: Uncertainty",NA,NA,"E: Uncertainty",NA,NA,NA,"E: Uncertainty",NA,"E: Uncertainty",NA,NA,NA,"E: Uncertainty","E: Uncertainty",NA,NA,NA,"E: Uncertainty",NA,NA,NA,NA,NA
"2024-02-06 12:00:00","PM2.5",0,1072.5181,0,228.7956,1041.5857,128.6044,173.6093,24.8491,NA,NA,1.5878,235.4394,0,0.0015,1.0576,5.7438,0,0,0,0,2.6551,2.2649,0,0,0,14.6011,NA,NA,0,NA,NA,NA,0,0,0,0,0,0,1.949,0,NA,NA,NA,NA,NA,NA,NA,NA,"E: Uncertainty","E: Uncertainty",NA,NA,NA,NA,NA,NA,NA,NA,NA,NA,NA,NA,NA,NA,NA,NA,"E: Uncertainty","E: Uncertainty",NA,"E: Uncertainty","E: Uncertainty","E: Uncertainty",NA,NA,NA,NA,NA,NA,NA,NA
"2024-02-06 13:00:00","PM10",6.6981,1614.541,0,301.7962,1449.6928,188.9405,333.3453,34.0051,NA,NA,3.8704,372.4778,0,NA,2.9814,6.0351,0,0,NA,0,3.693,4.1134,0,0,0,13.1565,NA,NA,0,NA,NA,NA,0,0,NA,0,0,0,NA,0,NA,NA,NA,NA,NA,NA,NA,NA,"E: Uncertainty","E: Uncertainty",NA,NA,NA,"E: Uncertainty",NA,NA,NA,NA,"E: Uncertainty",NA,NA,NA,NA,NA,NA,NA,"E: Uncertainty","E: Uncertainty",NA,"E: Uncertainty","E: Uncertainty","E: Uncertainty",NA,NA,"E: Uncertainty",NA,NA,NA,"E: Uncertainty",NA
"2024-02-06 14:00:00","PM2.5",NA,781.4649,0,284.7833,805.8249,117.47,173.8379,19.8637,NA,0,1.0353,192.6908,0,0,1.504,2.0123,NA,0,0,NA,2.9456,1.6418,0,0,0,19.5678,0.1159,0.0403,0,0,NA,NA,NA,0,0,0,0,0,0.786,0,"E: Uncertainty",NA,NA,NA,NA,NA,NA,NA,"E: Uncertainty",NA,NA,NA,NA,NA,NA,NA,"E: Uncertainty",NA,NA,"E: Uncertainty",NA,NA,NA,NA,NA,NA,NA,NA,NA,NA,"E: Uncertainty","E: Uncertainty","E: Uncertainty",NA,NA,NA,NA,NA,NA,NA
"2024-02-06 15:00:00","PM10",NA,785.2402,0,251.9846,1090.6103,128.5717,198.0057,19.5864,NA,NA,1.7415,207.7755,0,0,1.9237,2.2562,0,0,NA,4e-04,4.0208,2.2619,0,0,0,NA,NA,0,0,0,NA,NA,0,0,0,0,NA,0,NA,0,"E: Uncertainty",NA,NA,NA,NA,NA,NA,NA,"E: Uncertainty","E: Uncertainty",NA,NA,NA,NA,NA,NA,NA,NA,"E: Uncertainty",NA,NA,NA,NA,NA,NA,"E: Uncertainty","E: Uncertainty",NA,NA,NA,"E: Uncertainty","E: Uncertainty",NA,NA,NA,NA,"E: Uncertainty",NA,"E: Uncertainty",NA
"2024-02-06 16:00:00","PM2.5",NA,NA,0,123.3027,271.5684,48.524,46.9126,5.8892,NA,NA,0,70.3081,0,NA,0.8514,1.4159,0,0,NA,0,1.2935,NA,0,0,0,17.0684,NA,NA,0,NA,NA,NA,0,0,0,0,0,0,0,0,"E: Uncertainty","E: Uncertainty",NA,NA,NA,NA,NA,NA,"E: Uncertainty","E: Uncertainty",NA,NA,NA,"E: Uncertainty",NA,NA,NA,NA,"E: Uncertainty",NA,NA,"E: Uncertainty",NA,NA,NA,NA,"E: Uncertainty","E: Uncertainty",NA,"E: Uncertainty","E: Uncertainty","E: Uncertainty",NA,NA,NA,NA,NA,NA,NA,NA
"2024-02-06 17:00:00","PM10",NA,2.1394,0,155.9041,299.6491,38.9321,46.6548,4.9965,0,NA,NA,75.0164,0,0,2.4839,5.3906,0,0,0,NA,1.4819,1.5925,0,0,0,12.301,NA,NA,0,0,0,NA,0,0,NA,0,0,0,NA,0,"E: Uncertainty",NA,NA,NA,NA,NA,NA,NA,NA,"E: Uncertainty","E: Uncertainty",NA,NA,NA,NA,NA,NA,NA,NA,"E: Uncertainty",NA,NA,NA,NA,NA,NA,"E: Uncertainty","E: Uncertainty",NA,NA,NA,"E: Uncertainty",NA,NA,"E: Uncertainty",NA,NA,NA,"E: Uncertainty",NA
"2024-02-06 18:00:00","PM2.5",0,0,0,63.3118,343.5259,21.1787,17.5533,NA,0,0,0,32.8383,0.0021,0,1.2746,2.8691,0,0,NA,0,1.1049,NA,0,0,0,NA,NA,0,0,0.1725,NA,0,NA,0,0,0,0,0,NA,0,NA,NA,NA,NA,NA,NA,NA,"E: Uncertainty",NA,NA,NA,NA,NA,NA,NA,NA,NA,NA,"E: Uncertainty",NA,NA,"E: Uncertainty",NA,NA,NA,"E: Uncertainty","E: Uncertainty",NA,NA,NA,"E: Uncertainty",NA,"E: Uncertainty",NA,NA,NA,NA,NA,"E: Uncertainty",NA
"2024-02-06 19:00:00","PM10",NA,NA,0,128.0349,858.5314,47.487,44.11,1.0354,NA,NA,0,66.4798,0,NA,2.3172,4.1961,0,0,0,NA,2.4347,NA,0,0,0,NA,NA,0,0,NA,NA,0,NA,0,0,0,0,0,1.9116,0,"E: Uncertainty","E: Uncertainty",NA,NA,NA,NA,NA,NA,"E: Uncertainty","E: Uncertainty",NA,NA,NA,"E: Uncertainty",NA,NA,NA,NA,NA,"E: Uncertainty",NA,"E: Uncertainty",NA,NA,NA,"E: Uncertainty","E: Uncertainty",NA,NA,"E: Uncertainty","E: Uncertainty",NA,"E: Uncertainty",NA,NA,NA,NA,NA,NA,NA
"2024-02-06 20:00:00","PM2.5",691.5002,0,0,90.3778,565.2903,36.1444,25.8386,NA,0,NA,NA,41.6548,0,0.5439,1.5006,6.6419,0,0,0.5381,NA,1.8183,NA,0,0,0,13.501,NA,0,0,NA,0,0,NA,0,0,0,0,0,NA,0,NA,NA,NA,NA,NA,NA,NA,"E: Uncertainty",NA,"E: Uncertainty","E: Uncertainty",NA,NA,NA,NA,NA,NA,NA,NA,"E: Uncertainty",NA,"E: Uncertainty",NA,NA,NA,NA,"E: Uncertainty",NA,NA,"E: Uncertainty",NA,NA,"E: Uncertainty",NA,NA,NA,NA,NA,"E: Uncertainty",NA
"2024-02-06 21:00:00","PM10",0,0,0,124.5084,1430.7657,56.454,57.4344,1.7399,0,NA,NA,119.745,0,NA,13.2302,16.9859,0,0,0,NA,2.6726,NA,0,0,0,NA,NA,NA,0,0,0,NA,3.2157,0,0,0,0,0,1.1981,0,NA,NA,NA,NA,NA,NA,NA,NA,NA,"E: Uncertainty","E: Uncertainty",NA,NA,"E: Uncertainty",NA,NA,NA,NA,NA,"E: Uncertainty",NA,"E: Uncertainty",NA,NA,NA,"E: Uncertainty","E: Uncertainty","E: Uncertainty",NA,NA,NA,"E: Uncertainty",NA,NA,NA,NA,NA,NA,NA,NA
"2024-02-06 22:00:00","PM2.5",NA,0,0,58.8672,305.6471,40.5734,18.1868,1.1105,0,0.0073,NA,51.7497,0,0.0027,3.4608,30.3383,0,0,0.6718,NA,2.2095,NA,0,0,0,NA,0,0,0,0,NA,NA,NA,0,0,0,0,0,NA,0,"E: Uncertainty",NA,NA,NA,NA,NA,NA,NA,NA,NA,"E: Uncertainty",NA,NA,NA,NA,NA,NA,NA,NA,"E: Uncertainty",NA,"E: Uncertainty",NA,NA,NA,"E: Uncertainty",NA,NA,NA,NA,"E: Uncertainty","E: Uncertainty","E: Uncertainty",NA,NA,NA,NA,NA,"E: Uncertainty",NA
"2024-02-06 23:00:00","PM10",NA,NA,0,124.5683,1013.8513,79.4726,55.8004,1.8355,0,NA,NA,122.3015,NA,NA,6.6024,20.3325,0,0,1.0962,NA,4.1217,NA,0,0,0,NA,NA,NA,0,NA,NA,NA,NA,0,0,0,0,0,2.5655,0,"E: Uncertainty","E: Uncertainty",NA,NA,NA,NA,NA,NA,NA,"E: Uncertainty","E: Uncertainty",NA,"E: Uncertainty","E: Uncertainty",NA,NA,NA,NA,NA,"E: Uncertainty",NA,"E: Uncertainty",NA,NA,NA,"E: Uncertainty","E: Uncertainty","E: Uncertainty",NA,"E: Uncertainty","E: Uncertainty","E: Uncertainty","E: Uncertainty",NA,NA,NA,NA,NA,NA,NA
"2024-02-07 00:30:00","PM2.5",12.9557,0,NA,95.0434,246.2172,83.6757,27.3182,NA,0,0,NA,61.9179,0,0,10.9157,35.2435,0,NA,NA,0,5.3978,NA,0,0,0,46.7848,NA,0,0,NA,NA,NA,NA,0,0,0,0,0,11.1063,0,NA,NA,"E: Uncertainty",NA,NA,NA,NA,"E: Uncertainty",NA,NA,"E: Uncertainty",NA,NA,NA,NA,NA,NA,"E: Uncertainty","E: Uncertainty",NA,NA,"E: Uncertainty",NA,NA,NA,NA,"E: Uncertainty",NA,NA,"E: Uncertainty","E: Uncertainty","E: Uncertainty","E: Uncertainty",NA,NA,NA,NA,NA,NA,NA
"2024-02-07 01:00:00","PM10",NA,0,0,172.3894,1333.0598,116.8307,84.1033,NA,0,NA,NA,99.1073,0,NA,4.1151,25.1216,0,0,0.433,NA,5.2084,1.6093,0,0,0,NA,NA,NA,0,NA,NA,0,2.8838,0,0,0,0,0,4.4906,0,"E: Uncertainty",NA,NA,NA,NA,NA,NA,"E: Uncertainty",NA,"E: Uncertainty","E: Uncertainty",NA,NA,"E: Uncertainty",NA,NA,NA,NA,NA,"E: Uncertainty",NA,NA,NA,NA,NA,"E: Uncertainty","E: Uncertainty","E: Uncertainty",NA,"E: Uncertainty","E: Uncertainty",NA,NA,NA,NA,NA,NA,NA,NA,NA
"2024-02-07 02:00:00","PM2.5",652.2452,0,0,108.759,381.8743,71.4944,30.6307,NA,NA,NA,0.8775,47.3822,0,NA,1.6112,15.7508,0,0,0.7015,NA,2.9881,NA,0,NA,0,NA,0,0,NA,NA,NA,0,NA,0,0,0,0,0,1.9962,0,NA,NA,NA,NA,NA,NA,NA,"E: Uncertainty","E: Uncertainty","E: Uncertainty",NA,NA,NA,"E: Uncertainty",NA,NA,NA,NA,NA,"E: Uncertainty",NA,"E: Uncertainty",NA,"E: Uncertainty",NA,"E: Uncertainty",NA,NA,"E: Uncertainty","E: Uncertainty","E: Uncertainty",NA,"E: Uncertainty",NA,NA,NA,NA,NA,NA,NA
"2024-02-07 03:00:00","PM10",NA,0,0,199.0948,1806.3529,101.0683,95.9199,2.148,0,2.4312,3.5283,105.8507,NA,0.7345,3.1264,15.407,0,0,0.8398,NA,4.6846,NA,0,0,0,21.7066,0,NA,0,0,NA,NA,0,0,0,0,NA,0,2.0433,0,"E: Uncertainty",NA,NA,NA,NA,NA,NA,NA,NA,NA,NA,NA,"E: Uncertainty",NA,NA,NA,NA,NA,NA,"E: Conc. Uncertainty",NA,"E: Uncertainty",NA,NA,NA,NA,NA,"E: Uncertainty",NA,NA,"E: Uncertainty","E: Uncertainty",NA,NA,NA,NA,"E: Uncertainty",NA,NA,NA
"2024-02-07 04:00:00","PM2.5",NA,NA,NA,NA,NA,NA,NA,NA,NA,NA,NA,NA,NA,NA,NA,NA,NA,NA,NA,NA,NA,NA,NA,NA,NA,NA,NA,NA,NA,NA,NA,NA,NA,NA,NA,NA,NA,NA,NA,NA,"E: Uncertainty","E: Erroneous Data","E: Erroneous Data","E: Erroneous Data","E: Erroneous Data","E: Erroneous Data","E: Erroneous Data","E: Uncertainty","E: Erroneous Data","E: Erroneous Data","E: Uncertainty","E: Erroneous Data","E: Erroneous Data","E: Uncertainty","E: Erroneous Data","E: Erroneous Data","E: Erroneous Data","E: Erroneous Data","E: Erroneous Data","E: Erroneous Data","E: Erroneous Data","E: Uncertainty","E: Erroneous Data","E: Erroneous Data","E: Erroneous Data","E: Erroneous Data","E: Erroneous Data","E: Erroneous Data","E: Erroneous Data","E: Uncertainty","E: Uncertainty","E: Uncertainty","E: Uncertainty","E: Erroneous Data","E: Erroneous Data","E: Erroneous Data","E: Erroneous Data","E: Erroneous Data","E: Uncertainty","E: Erroneous Data"
"2024-02-07 05:00:00","PM10",NA,NA,NA,NA,NA,NA,NA,NA,NA,NA,NA,NA,NA,NA,NA,NA,NA,NA,NA,NA,NA,NA,NA,NA,NA,NA,NA,NA,NA,NA,NA,NA,NA,NA,NA,NA,NA,NA,NA,NA,"E: Erroneous Data","E: Erroneous Data","E: Erroneous Data","E: Erroneous Data","E: Erroneous Data","E: Erroneous Data","E: Erroneous Data","E: Uncertainty","E: Erroneous Data","E: Erroneous Data","E: Erroneous Data","E: Erroneous Data","E: Uncertainty","E: Uncertainty","E: Erroneous Data","E: Erroneous Data","E: Erroneous Data","E: Erroneous Data","E: Uncertainty","E: Erroneous Data","E: Erroneous Data","E: Uncertainty","E: Erroneous Data","E: Erroneous Data","E: Erroneous Data","E: Erroneous Data","E: Erroneous Data","E: Erroneous Data","E: Erroneous Data","E: Uncertainty","E: Uncertainty","E: Erroneous Data","E: Uncertainty","E: Erroneous Data","E: Erroneous Data","E: Erroneous Data","E: Erroneous Data","E: Erroneous Data","E: Erroneous Data","E: Erroneous Data"
"2024-02-07 06:00:00","PM2.5",NA,NA,NA,NA,NA,NA,NA,NA,NA,NA,NA,NA,NA,NA,NA,NA,NA,NA,NA,NA,NA,NA,NA,NA,NA,NA,NA,NA,NA,NA,NA,NA,NA,NA,NA,NA,NA,NA,NA,NA,"E: Erroneous Data","E: Erroneous Data","E: Erroneous Data","E: Erroneous Data","E: Erroneous Data","E: Erroneous Data","E: Erroneous Data","E: Uncertainty","E: Erroneous Data","E: Erroneous Data","E: Uncertainty","E: Erroneous Data","E: Uncertainty","E: Erroneous Data","E: Erroneous Data","E: Erroneous Data","E: Erroneous Data","E: Erroneous Data","E: Erroneous Data","E: Erroneous Data","E: Erroneous Data","E: Uncertainty","E: Erroneous Data","E: Erroneous Data","E: Erroneous Data","E: Erroneous Data","E: Uncertainty","E: Uncertainty","E: Erroneous Data","E: Erroneous Data","E: Uncertainty","E: Uncertainty","E: Uncertainty","E: Erroneous Data","E: Erroneous Data","E: Erroneous Data","E: Erroneous Data","E: Erroneous Data","E: Erroneous Data","E: Erroneous Data"
"2024-02-07 07:00:00","PM10",NA,NA,0,172.9679,1391.592,113.4026,104.8955,5.2515,0,1.8053,2.8581,398.504,NA,NA,9.8778,14.065,0,0,NA,2.0471,3.1151,NA,0,NA,0,11.7989,NA,NA,0,NA,0,NA,4.8581,0,0,0,0,0,3.4494,0,"E: Uncertainty","E: Uncertainty",NA,NA,NA,NA,NA,NA,NA,NA,NA,NA,"E: Uncertainty","E: Uncertainty",NA,NA,NA,NA,"E: Uncertainty",NA,NA,"E: Uncertainty",NA,"E: Uncertainty",NA,NA,"E: Uncertainty","E: Uncertainty",NA,"E: Uncertainty",NA,"E: Uncertainty",NA,NA,NA,NA,NA,NA,NA,NA
"2024-02-07 08:00:00","PM2.5",NA,NA,NA,NA,NA,NA,NA,NA,NA,NA,NA,NA,NA,NA,NA,NA,NA,NA,NA,NA,NA,NA,NA,NA,NA,NA,NA,NA,NA,NA,NA,NA,NA,NA,NA,NA,NA,NA,NA,NA,"E: Uncertainty","E: Erroneous Data","E: Erroneous Data","E: Erroneous Data","E: Erroneous Data","E: Erroneous Data","E: Erroneous Data","E: Erroneous Data","E: Erroneous Data","E: Erroneous Data","E: Erroneous Data","E: Erroneous Data","E: Erroneous Data","E: Uncertainty","E: Erroneous Data","E: Erroneous Data","E: Erroneous Data","E: Erroneous Data","E: Erroneous Data","E: Erroneous Data","E: Erroneous Data","E: Uncertainty","E: Erroneous Data","E: Uncertainty","E: Erroneous Data","E: Erroneous Data","E: Uncertainty","E: Uncertainty","E: Erroneous Data","E: Erroneous Data","E: Erroneous Data","E: Erroneous Data","E: Erroneous Data","E: Erroneous Data","E: Erroneous Data","E: Erroneous Data","E: Erroneous Data","E: Uncertainty","E: Erroneous Data","E: Erroneous Data"
"2024-02-07 09:00:00","PM10",NA,NA,NA,NA,NA,NA,NA,NA,NA,NA,NA,NA,NA,NA,NA,NA,NA,NA,NA,NA,NA,NA,NA,NA,NA,NA,NA,NA,NA,NA,NA,NA,NA,NA,NA,NA,NA,NA,NA,NA,"E: Erroneous Data","E: Uncertainty","E: Erroneous Data","E: Erroneous Data","E: Erroneous Data","E: Erroneous Data","E: Erroneous Data","E: Erroneous Data","E: Erroneous Data","E: Erroneous Data","E: Erroneous Data","E: Erroneous Data","E: Uncertainty","E: Erroneous Data","E: Erroneous Data","E: Erroneous Data","E: Erroneous Data","E: Erroneous Data","E: Erroneous Data","E: Erroneous Data","E: Erroneous Data","E: Uncertainty","E: Erroneous Data","E: Uncertainty","E: Erroneous Data","E: Uncertainty","E: Erroneous Data","E: Uncertainty","E: Erroneous Data","E: Erroneous Data","E: Uncertainty","E: Uncertainty","E: Erroneous Data","E: Erroneous Data","E: Erroneous Data","E: Erroneous Data","E: Erroneous Data","E: Erroneous Data","E: Erroneous Data","E: Erroneous Data"
"2024-02-07 10:00:00","PM2.5",NA,NA,NA,NA,NA,NA,NA,NA,NA,NA,NA,NA,NA,NA,NA,NA,NA,NA,NA,NA,NA,NA,NA,NA,NA,NA,NA,NA,NA,NA,NA,NA,NA,NA,NA,NA,NA,NA,NA,NA,"E: Erroneous Data","E: Erroneous Data","E: Erroneous Data","E: Erroneous Data","E: Erroneous Data","E: Erroneous Data","E: Erroneous Data","E: Erroneous Data","E: Erroneous Data","E: Erroneous Data","E: Erroneous Data","E: Erroneous Data","E: Erroneous Data","E: Erroneous Data","E: Erroneous Data","E: Erroneous Data","E: Erroneous Data","E: Erroneous Data","E: Erroneous Data","E: Erroneous Data","E: Erroneous Data","E: Uncertainty","E: Erroneous Data","E: Uncertainty","E: Erroneous Data","E: Erroneous Data","E: Uncertainty","E: Erroneous Data","E: Erroneous Data","E: Uncertainty","E: Uncertainty","E: Uncertainty","E: Uncertainty","E: Erroneous Data","E: Erroneous Data","E: Erroneous Data","E: Erroneous Data","E: Erroneous Data","E: Erroneous Data","E: Erroneous Data"
"2024-02-07 11:00:00","PM10",NA,NA,NA,NA,NA,NA,NA,NA,NA,NA,NA,NA,NA,NA,NA,NA,NA,NA,NA,NA,NA,NA,NA,NA,NA,NA,NA,NA,NA,NA,NA,NA,NA,NA,NA,NA,NA,NA,NA,NA,"E: Erroneous Data","E: Uncertainty","E: Erroneous Data","E: Erroneous Data","E: Erroneous Data","E: Erroneous Data","E: Erroneous Data","E: Erroneous Data","E: Erroneous Data","E: Uncertainty","E: Erroneous Data","E: Erroneous Data","E: Erroneous Data","E: Erroneous Data","E: Erroneous Data","E: Erroneous Data","E: Erroneous Data","E: Erroneous Data","E: Erroneous Data","E: Erroneous Data","E: Erroneous Data","E: Erroneous Data","E: Erroneous Data","E: Uncertainty","E: Erroneous Data","E: Erroneous Data","E: Uncertainty","E: Erroneous Data","E: Erroneous Data","E: Erroneous Data","E: Erroneous Data","E: Uncertainty","E: Erroneous Data","E: Erroneous Data","E: Erroneous Data","E: Erroneous Data","E: Erroneous Data","E: Erroneous Data","E: Erroneous Data","E: Erroneous Data"
"2024-02-07 12:00:00","PM2.5",NA,NA,NA,NA,NA,NA,NA,NA,NA,NA,NA,NA,NA,NA,NA,NA,NA,NA,NA,NA,NA,NA,NA,NA,NA,NA,NA,NA,NA,NA,NA,NA,NA,NA,NA,NA,NA,NA,NA,NA,"E: Erroneous Data","E: Erroneous Data","E: Erroneous Data","E: Erroneous Data","E: Erroneous Data","E: Erroneous Data","E: Erroneous Data","E: Erroneous Data","E: Erroneous Data","E: Uncertainty","E: Erroneous Data","E: Erroneous Data","E: Erroneous Data","E: Uncertainty","E: Erroneous Data","E: Erroneous Data","E: Erroneous Data","E: Erroneous Data","E: Erroneous Data","E: Erroneous Data","E: Erroneous Data","E: Uncertainty","E: Erroneous Data","E: Erroneous Data","E: Erroneous Data","E: Erroneous Data","E: Erroneous Data","E: Uncertainty","E: Erroneous Data","E: Erroneous Data","E: Erroneous Data","E: Uncertainty","E: Erroneous Data","E: Erroneous Data","E: Erroneous Data","E: Erroneous Data","E: Erroneous Data","E: Erroneous Data","E: Erroneous Data","E: Erroneous Data"
"2024-02-07 13:00:00","PM10",NA,NA,0,348.1858,3145.5838,103.6159,181.7206,3.029,0,NA,NA,132.9923,NA,0,3.3308,6.0878,0,0,0.6797,0,6.6932,NA,0,NA,0,14.7573,0,NA,0,0,NA,0,NA,0,0,0,0,0,1.0594,0,"E: Uncertainty","E: Uncertainty",NA,NA,NA,NA,NA,NA,NA,"E: Uncertainty","E: Uncertainty",NA,"E: Uncertainty",NA,NA,NA,NA,NA,NA,NA,NA,"E: Uncertainty",NA,"E: Uncertainty",NA,NA,NA,"E: Uncertainty",NA,NA,"E: Uncertainty",NA,"E: Uncertainty",NA,NA,NA,NA,NA,NA,NA
"2024-02-07 14:00:00","PM2.5",NA,0,0,216.1139,1103.6898,40.2909,57.1142,NA,NA,0,NA,46.1055,NA,NA,1.4428,4.0066,0,0,0.745,NA,4.906,NA,0,0,0,20.6535,NA,NA,0,NA,NA,NA,0,0,0,0,0,0,NA,0,"E: Uncertainty",NA,NA,NA,NA,NA,NA,"E: Uncertainty","E: Uncertainty",NA,"E: Uncertainty",NA,"E: Uncertainty","E: Uncertainty",NA,NA,NA,NA,NA,"E: Uncertainty",NA,"E: Uncertainty",NA,NA,NA,NA,"E: Uncertainty","E: Uncertainty",NA,"E: Uncertainty","E: Uncertainty","E: Uncertainty",NA,NA,NA,NA,NA,NA,"E: Uncertainty",NA
"2024-02-07 15:00:00","PM10",NA,0,0,334.2746,2437.1355,83.7964,167.1533,2.8609,0,NA,0.8332,162.725,0,0,6.1881,8.883,0,0,0.9546,0,7.1857,NA,0,0,0,15.6516,0,NA,0,NA,NA,NA,NA,0,0,0,0,0,1.3099,0,"E: Uncertainty",NA,NA,NA,NA,NA,NA,NA,NA,"E: Uncertainty",NA,NA,NA,NA,NA,NA,NA,NA,NA,NA,NA,"E: Uncertainty",NA,NA,NA,NA,NA,"E: Uncertainty",NA,"E: Uncertainty","E: Uncertainty","E: Uncertainty","E: Uncertainty",NA,NA,NA,NA,NA,NA,NA
"2024-02-07 16:00:00","PM2.5",NA,NA,NA,NA,NA,NA,NA,NA,NA,NA,NA,NA,NA,NA,NA,NA,NA,NA,NA,NA,NA,NA,NA,NA,NA,NA,NA,NA,NA,NA,NA,NA,NA,NA,NA,NA,NA,NA,NA,NA,"E: Uncertainty","E: Erroneous Data","E: Erroneous Data","E: Erroneous Data","E: Erroneous Data","E: Erroneous Data","E: Erroneous Data","E: Erroneous Data","E: Erroneous Data","E: Uncertainty","E: Erroneous Data","E: Erroneous Data","E: Erroneous Data","E: Erroneous Data","E: Erroneous Data","E: Erroneous Data","E: Erroneous Data","E: Erroneous Data","E: Erroneous Data","E: Uncertainty","E: Erroneous Data","E: Uncertainty","E: Erroneous Data","E: Erroneous Data","E: Erroneous Data","E: Erroneous Data","E: Erroneous Data","E: Erroneous Data","E: Erroneous Data","E: Erroneous Data","E: Erroneous Data","E: Erroneous Data","E: Erroneous Data","E: Erroneous Data","E: Erroneous Data","E: Erroneous Data","E: Erroneous Data","E: Erroneous Data","E: Erroneous Data","E: Erroneous Data"
"2024-02-07 17:00:00","PM10",NA,NA,NA,NA,NA,NA,NA,NA,NA,NA,NA,NA,NA,NA,NA,NA,NA,NA,NA,NA,NA,NA,NA,NA,NA,NA,NA,NA,NA,NA,NA,NA,NA,NA,NA,NA,NA,NA,NA,NA,"E: Erroneous Data","E: Erroneous Data","E: Erroneous Data","E: Erroneous Data","E: Erroneous Data","E: Erroneous Data","E: Erroneous Data","E: Erroneous Data","E: Erroneous Data","E: Erroneous Data","E: Erroneous Data","E: Erroneous Data","E: Erroneous Data","E: Erroneous Data","E: Erroneous Data","E: Erroneous Data","E: Erroneous Data","E: Erroneous Data","E: Erroneous Data","E: Erroneous Data","E: Erroneous Data","E: Erroneous Data","E: Erroneous Data","E: Uncertainty","E: Erroneous Data","E: Erroneous Data","E: Erroneous Data","E: Erroneous Data","E: Erroneous Data","E: Uncertainty","E: Uncertainty","E: Uncertainty","E: Erroneous Data","E: Erroneous Data","E: Erroneous Data","E: Erroneous Data","E: Erroneous Data","E: Erroneous Data","E: Erroneous Data","E: Erroneous Data"
"2024-02-07 18:00:00","PM2.5",NA,NA,NA,NA,NA,NA,NA,NA,NA,NA,NA,NA,NA,NA,NA,NA,NA,NA,NA,NA,NA,NA,NA,NA,NA,NA,NA,NA,NA,NA,NA,NA,NA,NA,NA,NA,NA,NA,NA,NA,"E: Uncertainty","E: Erroneous Data","E: Erroneous Data","E: Erroneous Data","E: Erroneous Data","E: Erroneous Data","E: Erroneous Data","E: Erroneous Data","E: Erroneous Data","E: Erroneous Data","E: Erroneous Data","E: Erroneous Data","E: Erroneous Data","E: Erroneous Data","E: Erroneous Data","E: Erroneous Data","E: Erroneous Data","E: Erroneous Data","E: Erroneous Data","E: Uncertainty","E: Erroneous Data","E: Erroneous Data","E: Erroneous Data","E: Erroneous Data","E: Erroneous Data","E: Erroneous Data","E: Uncertainty","E: Erroneous Data","E: Erroneous Data","E: Uncertainty","E: Uncertainty","E: Erroneous Data","E: Erroneous Data","E: Erroneous Data","E: Erroneous Data","E: Erroneous Data","E: Uncertainty","E: Erroneous Data","E: Erroneous Data","E: Erroneous Data"
"2024-02-07 19:00:00","PM10",NA,NA,NA,NA,NA,NA,NA,NA,NA,NA,NA,NA,NA,NA,NA,NA,NA,NA,NA,NA,NA,NA,NA,NA,NA,NA,NA,NA,NA,NA,NA,NA,NA,NA,NA,NA,NA,NA,NA,NA,"E: Erroneous Data","E: Uncertainty","E: Erroneous Data","E: Erroneous Data","E: Erroneous Data","E: Erroneous Data","E: Erroneous Data","E: Erroneous Data","E: Erroneous Data","E: Erroneous Data","E: Erroneous Data","E: Erroneous Data","E: Uncertainty","E: Uncertainty","E: Erroneous Data","E: Erroneous Data","E: Erroneous Data","E: Erroneous Data","E: Erroneous Data","E: Erroneous Data","E: Erroneous Data","E: Erroneous Data","E: Erroneous Data","E: Uncertainty","E: Erroneous Data","E: Uncertainty","E: Erroneous Data","E: Uncertainty","E: Erroneous Data","E: Uncertainty","E: Uncertainty","E: Uncertainty","E: Erroneous Data","E: Erroneous Data","E: Erroneous Data","E: Erroneous Data","E: Erroneous Data","E: Erroneous Data","E: Erroneous Data","E: Erroneous Data"
"2024-02-07 20:00:00","PM2.5",NA,NA,NA,NA,NA,NA,NA,NA,NA,NA,NA,NA,NA,NA,NA,NA,NA,NA,NA,NA,NA,NA,NA,NA,NA,NA,NA,NA,NA,NA,NA,NA,NA,NA,NA,NA,NA,NA,NA,NA,"E: Uncertainty","E: Erroneous Data","E: Erroneous Data","E: Erroneous Data","E: Erroneous Data","E: Erroneous Data","E: Erroneous Data","E: Erroneous Data","E: Erroneous Data","E: Uncertainty","E: Erroneous Data","E: Erroneous Data","E: Erroneous Data","E: Erroneous Data","E: Erroneous Data","E: Erroneous Data","E: Erroneous Data","E: Erroneous Data","E: Erroneous Data","E: Uncertainty","E: Erroneous Data","E: Uncertainty","E: Erroneous Data","E: Uncertainty","E: Erroneous Data","E: Erroneous Data","E: Uncertainty","E: Uncertainty","E: Erroneous Data","E: Uncertainty","E: Uncertainty","E: Erroneous Data","E: Erroneous Data","E: Erroneous Data","E: Erroneous Data","E: Erroneous Data","E: Erroneous Data","E: Erroneous Data","E: Erroneous Data","E: Erroneous Data"
"2024-02-07 21:00:00","PM10",NA,NA,0,399.0568,2392.2949,222.4995,225.237,12.4399,0,2.2618,4.8064,699.4831,0,NA,21.2989,46.4899,0,0,2.089,0,10.2965,NA,0,0,0,11.2061,0,NA,0,0,NA,0.2498,11.4579,0,0,0,0,0,22.4145,0,"E: Uncertainty","E: Uncertainty",NA,NA,NA,NA,NA,NA,NA,NA,NA,NA,NA,"E: Uncertainty",NA,NA,NA,NA,NA,NA,NA,"E: Uncertainty",NA,NA,NA,NA,NA,"E: Uncertainty",NA,NA,"E: Uncertainty",NA,NA,NA,NA,NA,NA,NA,NA,NA
"2024-02-07 22:00:00","PM2.5",698.1986,0,0,320.272,515.6559,166.4692,51.0112,5.8676,0,0.8467,2.2914,376.709,0,0,16.0426,30.0936,0,0,2.7635,NA,8.789,NA,0,NA,0,13.103,0,0,0,NA,NA,NA,6.4946,0,0,0,0,0,21.2039,0,NA,NA,NA,NA,NA,NA,NA,NA,NA,NA,NA,NA,NA,NA,NA,NA,NA,NA,NA,"E: Uncertainty",NA,"E: Uncertainty",NA,"E: Uncertainty",NA,NA,NA,NA,NA,"E: Uncertainty","E: Uncertainty","E: Uncertainty",NA,NA,NA,NA,NA,NA,NA,NA
"2024-02-07 23:00:00","PM10",NA,NA,0,435.0636,1955.481,229.3582,169.4747,9.9098,0,2.1106,5.9079,588.458,0,0,15.6487,29.083,0,0,3.1047,0,13.061,NA,0,NA,0,NA,0,NA,0,NA,NA,NA,8.3017,0,0,0,0,0,22.1154,0,"E: Uncertainty","E: Uncertainty",NA,NA,NA,NA,NA,NA,NA,NA,NA,NA,NA,NA,NA,NA,NA,NA,NA,NA,NA,"E: Uncertainty",NA,"E: Uncertainty",NA,"E: Uncertainty",NA,"E: Uncertainty",NA,"E: Uncertainty","E: Uncertainty","E: Uncertainty",NA,NA,NA,NA,NA,NA,NA,NA
"2024-02-08 00:30:00","PM2.5",1545.8007,0,0,344.9995,573.2836,124.9122,39.7028,NA,0,NA,0,127.5678,NA,0,4.2158,24.3119,0,0,0,0,13.9418,NA,0,0,0,26.3712,NA,NA,0,0,NA,NA,NA,0,NA,0,0,0,19.2958,0,NA,NA,NA,NA,NA,NA,NA,"E: Uncertainty",NA,"E: Uncertainty",NA,NA,"E: Uncertainty",NA,NA,NA,NA,NA,NA,NA,NA,"E: Uncertainty",NA,NA,NA,NA,"E: Uncertainty","E: Uncertainty",NA,NA,"E: Uncertainty","E: Uncertainty","E: Uncertainty",NA,"E: Uncertainty",NA,NA,NA,NA,NA
"2024-02-08 01:00:00","PM10",NA,0,0,446.037,2120.4824,174.8952,157.4981,4.022,0,NA,0.9202,192.1718,0,0,6.3641,33.3998,0,0,3.3578,NA,13.7757,NA,0,0,0,20.7134,NA,0,0,NA,NA,NA,NA,0,0,0,0,0,9.6329,0,"E: Uncertainty",NA,NA,NA,NA,NA,NA,NA,NA,"E: Uncertainty",NA,NA,NA,NA,NA,NA,NA,NA,NA,"E: Uncertainty",NA,"E: Uncertainty",NA,NA,NA,NA,"E: Uncertainty",NA,NA,"E: Uncertainty","E: Uncertainty","E: Uncertainty","E: Uncertainty",NA,NA,NA,NA,NA,NA,NA
"2024-02-08 02:00:00","PM2.5",NA,NA,NA,NA,NA,NA,NA,NA,NA,NA,NA,NA,NA,NA,NA,NA,NA,NA,NA,NA,NA,NA,NA,NA,NA,NA,NA,NA,NA,NA,NA,NA,NA,NA,NA,NA,NA,NA,NA,NA,"E: Erroneous Data","E: Erroneous Data","E: Erroneous Data","E: Erroneous Data","E: Erroneous Data","E: Erroneous Data","E: Erroneous Data","E: Erroneous Data","E: Erroneous Data","E: Erroneous Data","E: Uncertainty","E: Erroneous Data","E: Uncertainty","E: Erroneous Data","E: Erroneous Data","E: Erroneous Data","E: Erroneous Data","E: Erroneous Data","E: Erroneous Data","E: Uncertainty","E: Erroneous Data","E: Uncertainty","E: Erroneous Data","E: Uncertainty","E: Erroneous Data","E: Erroneous Data","E: Erroneous Data","E: Uncertainty","E: Erroneous Data","E: Erroneous Data","E: Uncertainty","E: Uncertainty","E: Uncertainty","E: Erroneous Data","E: Erroneous Data","E: Erroneous Data","E: Erroneous Data","E: Erroneous Data","E: Erroneous Data","E: Erroneous Data"
"2024-02-08 03:00:00","PM10",NA,NA,NA,NA,NA,NA,NA,NA,NA,NA,NA,NA,NA,NA,NA,NA,NA,NA,NA,NA,NA,NA,NA,NA,NA,NA,NA,NA,NA,NA,NA,NA,NA,NA,NA,NA,NA,NA,NA,NA,"E: Erroneous Data","E: Erroneous Data","E: Erroneous Data","E: Erroneous Data","E: Erroneous Data","E: Erroneous Data","E: Erroneous Data","E: Erroneous Data","E: Erroneous Data","E: Uncertainty","E: Uncertainty","E: Erroneous Data","E: Erroneous Data","E: Uncertainty","E: Erroneous Data","E: Erroneous Data","E: Erroneous Data","E: Erroneous Data","E: Erroneous Data","E: Uncertainty","E: Erroneous Data","E: Erroneous Data","E: Erroneous Data","E: Erroneous Data","E: Erroneous Data","E: Erroneous Data","E: Uncertainty","E: Erroneous Data","E: Erroneous Data","E: Erroneous Data","E: Uncertainty","E: Erroneous Data","E: Uncertainty","E: Erroneous Data","E: Erroneous Data","E: Erroneous Data","E: Erroneous Data","E: Erroneous Data","E: Erroneous Data","E: Erroneous Data"
"2024-02-08 04:00:00","PM2.5",NA,NA,NA,NA,NA,NA,NA,NA,NA,NA,NA,NA,NA,NA,NA,NA,NA,NA,NA,NA,NA,NA,NA,NA,NA,NA,NA,NA,NA,NA,NA,NA,NA,NA,NA,NA,NA,NA,NA,NA,"E: Erroneous Data","E: Erroneous Data","E: Erroneous Data","E: Erroneous Data","E: Erroneous Data","E: Erroneous Data","E: Erroneous Data","E: Erroneous Data","E: Erroneous Data","E: Uncertainty","E: Erroneous Data","E: Erroneous Data","E: Uncertainty","E: Erroneous Data","E: Erroneous Data","E: Erroneous Data","E: Erroneous Data","E: Erroneous Data","E: Erroneous Data","E: Uncertainty","E: Erroneous Data","E: Uncertainty","E: Erroneous Data","E: Erroneous Data","E: Erroneous Data","E: Erroneous Data","E: Erroneous Data","E: Erroneous Data","E: Erroneous Data","E: Uncertainty","E: Erroneous Data","E: Erroneous Data","E: Erroneous Data","E: Erroneous Data","E: Erroneous Data","E: Erroneous Data","E: Erroneous Data","E: Erroneous Data","E: Erroneous Data","E: Erroneous Data"
"2024-02-08 05:00:00","PM10",NA,NA,NA,NA,NA,NA,NA,NA,NA,NA,NA,NA,NA,NA,NA,NA,NA,NA,NA,NA,NA,NA,NA,NA,NA,NA,NA,NA,NA,NA,NA,NA,NA,NA,NA,NA,NA,NA,NA,NA,"E: Erroneous Data","E: Erroneous Data","E: Erroneous Data","E: Erroneous Data","E: Erroneous Data","E: Erroneous Data","E: Erroneous Data","E: Erroneous Data","E: Uncertainty","E: Uncertainty","E: Uncertainty","E: Erroneous Data","E: Uncertainty","E: Uncertainty","E: Erroneous Data","E: Erroneous Data","E: Erroneous Data","E: Erroneous Data","E: Erroneous Data","E: Erroneous Data","E: Erroneous Data","E: Uncertainty","E: Erroneous Data","E: Erroneous Data","E: Erroneous Data","E: Erroneous Data","E: Uncertainty","E: Uncertainty","E: Erroneous Data","E: Uncertainty","E: Uncertainty","E: Uncertainty","E: Erroneous Data","E: Erroneous Data","E: Erroneous Data","E: Erroneous Data","E: Erroneous Data","E: Erroneous Data","E: Erroneous Data","E: Erroneous Data"
"2024-02-08 06:00:00","PM2.5",NA,NA,NA,NA,NA,NA,NA,NA,NA,NA,NA,NA,NA,NA,NA,NA,NA,NA,NA,NA,NA,NA,NA,NA,NA,NA,NA,NA,NA,NA,NA,NA,NA,NA,NA,NA,NA,NA,NA,NA,"E: Uncertainty","E: Erroneous Data","E: Erroneous Data","E: Erroneous Data","E: Erroneous Data","E: Erroneous Data","E: Erroneous Data","E: Uncertainty","E: Uncertainty","E: Erroneous Data","E: Erroneous Data","E: Erroneous Data","E: Erroneous Data","E: Uncertainty","E: Erroneous Data","E: Erroneous Data","E: Erroneous Data","E: Erroneous Data","E: Erroneous Data","E: Uncertainty","E: Erroneous Data","E: Uncertainty","E: Erroneous Data","E: Erroneous Data","E: Erroneous Data","E: Erroneous Data","E: Uncertainty","E: Uncertainty","E: Erroneous Data","E: Uncertainty","E: Uncertainty","E: Uncertainty","E: Erroneous Data","E: Erroneous Data","E: Erroneous Data","E: Erroneous Data","E: Erroneous Data","E: Erroneous Data","E: Erroneous Data","E: Erroneous Data"
"2024-02-08 07:00:00","PM10",NA,0,0,254.5765,765.7173,58.4279,61.8713,3.2935,1.3794,0,0,53.373,0,0.8033,2.2962,6.8034,0,0,0.3867,0,6.7798,NA,0,0,0,13.0874,NA,0,0,NA,NA,NA,0,0,0,0,0,0,1.7429,0,"E: Uncertainty",NA,NA,NA,NA,NA,NA,NA,NA,NA,NA,NA,NA,NA,NA,NA,NA,NA,NA,NA,NA,"E: Uncertainty",NA,NA,NA,NA,"E: Uncertainty",NA,NA,"E: Uncertainty","E: Uncertainty","E: Uncertainty",NA,NA,NA,NA,NA,NA,NA,NA
"2024-02-08 08:00:00","PM2.5",NA,0,0,193.6442,144.3292,36.0912,20.2946,NA,NA,NA,0,42.3644,0,0.6177,1.7,5.602,0,0,0.9702,NA,3.9892,NA,0,0,0,16.0099,NA,NA,0,NA,NA,0,NA,0,0,0,0,0,0.8355,0,"E: Uncertainty",NA,NA,NA,NA,NA,NA,"E: Uncertainty","E: Uncertainty","E: Uncertainty",NA,NA,NA,NA,NA,NA,NA,NA,NA,"E: Uncertainty",NA,"E: Uncertainty",NA,NA,NA,NA,"E: Uncertainty","E: Uncertainty",NA,"E: Uncertainty","E: Uncertainty",NA,"E: Uncertainty",NA,NA,NA,NA,NA,NA,NA
"2024-02-08 09:00:00","PM10",NA,0,0,206.5274,196.5357,27.2543,39.5214,1.1005,NA,0,NA,74.4929,0,NA,2.0502,5.8316,0,0,NA,NA,3.1426,NA,0,0,0,19.6167,NA,NA,0,0,NA,NA,NA,0,0,0,0,0,1.804,0,"E: Uncertainty",NA,NA,NA,NA,NA,NA,NA,"E: Uncertainty",NA,"E: Uncertainty",NA,NA,"E: Uncertainty",NA,NA,NA,NA,"E: Uncertainty","E: Uncertainty",NA,"E: Uncertainty",NA,NA,NA,NA,"E: Uncertainty","E: Uncertainty",NA,NA,"E: Uncertainty","E: Uncertainty","E: Uncertainty",NA,NA,NA,NA,NA,NA,NA
"2024-02-08 10:00:00","PM2.5",NA,0,NA,153.9242,110.5421,21.3791,11.8224,NA,NA,NA,NA,25.9958,0,NA,1.1612,4.496,0,0,0.7167,0,2.5108,NA,0,0,0,19.0395,0,NA,0,NA,0,NA,0,0,0,0,0,0,0.7895,0,"E: Uncertainty",NA,"E: Uncertainty",NA,NA,NA,NA,"E: Uncertainty","E: Uncertainty","E: Uncertainty","E: Uncertainty",NA,NA,"E: Uncertainty",NA,NA,NA,NA,NA,NA,NA,"E: Uncertainty",NA,NA,NA,NA,NA,"E: Uncertainty",NA,"E: Uncertainty",NA,"E: Uncertainty",NA,NA,NA,NA,NA,NA,NA,NA
"2024-02-08 11:00:00","PM10",NA,0,NA,122.5229,64.371,20.1504,24.8526,1.4656,NA,NA,NA,53.4759,NA,NA,2.1694,4.2455,0,0,NA,NA,1.5385,NA,0,0,0,NA,NA,NA,0,NA,NA,NA,0,0.0051,0,0,0,0,1.3362,0,"E: Uncertainty",NA,"E: Uncertainty",NA,NA,NA,NA,NA,"E: Uncertainty","E: Uncertainty","E: Uncertainty",NA,"E: Uncertainty","E: Uncertainty",NA,NA,NA,NA,"E: Uncertainty","E: Uncertainty",NA,"E: Uncertainty",NA,NA,NA,"E: Uncertainty","E: Uncertainty","E: Uncertainty",NA,"E: Uncertainty","E: Uncertainty","E: Uncertainty",NA,NA,NA,NA,NA,NA,NA,NA
"2024-02-08 12:00:00","PM2.5",NA,0,0,135.9101,56.9769,18.2819,15.7132,1.5512,NA,0,NA,26.7148,0,NA,1.2257,4.3873,0,0,NA,0,1.3564,NA,0,0,0,NA,NA,0,0,NA,NA,NA,NA,0,0,0,0,0,1.5664,0,"E: Uncertainty",NA,NA,NA,NA,NA,NA,NA,"E: Uncertainty",NA,"E: Uncertainty",NA,NA,"E: Uncertainty",NA,NA,NA,NA,"E: Uncertainty",NA,NA,"E: Uncertainty",NA,NA,NA,"E: Uncertainty","E: Uncertainty",NA,NA,"E: Uncertainty","E: Uncertainty","E: Uncertainty","E: Uncertainty",NA,NA,NA,NA,NA,NA,NA
"2024-02-08 13:00:00","PM10",NA,0,0,175.6557,9.3147,20.9615,28.6573,NA,0,0,0,63.7469,0,NA,1.8196,6.7614,0,0,0.9622,0,0.8348,NA,0,0,0,NA,NA,0,0,0,0,NA,NA,0,0,0,0,0,3.9748,0,"E: Uncertainty",NA,NA,NA,NA,NA,NA,"E: Uncertainty",NA,NA,NA,NA,NA,"E: Uncertainty",NA,NA,NA,NA,NA,NA,NA,"E: Uncertainty",NA,NA,NA,"E: Uncertainty","E: Uncertainty",NA,NA,NA,NA,"E: Uncertainty","E: Uncertainty",NA,NA,NA,NA,NA,NA,NA
"2024-02-08 14:00:00","PM2.5",NA,NA,NA,NA,NA,NA,NA,NA,NA,NA,NA,NA,NA,NA,NA,NA,NA,NA,NA,NA,NA,NA,NA,NA,NA,NA,NA,NA,NA,NA,NA,NA,NA,NA,NA,NA,NA,NA,NA,NA,"E: Uncertainty","E: Erroneous Data","E: Erroneous Data","E: Erroneous Data","E: Erroneous Data","E: Erroneous Data","E: Erroneous Data","E: Erroneous Data","E: Erroneous Data","E: Uncertainty","E: Uncertainty","E: Erroneous Data","E: Erroneous Data","E: Erroneous Data","E: Erroneous Data","E: Erroneous Data","E: Erroneous Data","E: Erroneous Data","E: Erroneous Data","E: Erroneous Data","E: Uncertainty","E: Uncertainty","E: Erroneous Data","E: Erroneous Data","E: Erroneous Data","E: Erroneous Data","E: Erroneous Data","E: Erroneous Data","E: Erroneous Data","E: Erroneous Data","E: Uncertainty","E: Uncertainty","E: Uncertainty","E: Erroneous Data","E: Erroneous Data","E: Erroneous Data","E: Erroneous Data","E: Erroneous Data","E: Uncertainty","E: Erroneous Data"
"2024-02-08 15:00:00","PM10",NA,NA,NA,NA,NA,NA,NA,NA,NA,NA,NA,NA,NA,NA,NA,NA,NA,NA,NA,NA,NA,NA,NA,NA,NA,NA,NA,NA,NA,NA,NA,NA,NA,NA,NA,NA,NA,NA,NA,NA,"E: Erroneous Data","E: Erroneous Data","E: Erroneous Data","E: Erroneous Data","E: Erroneous Data","E: Erroneous Data","E: Erroneous Data","E: Erroneous Data","E: Erroneous Data","E: Uncertainty","E: Uncertainty","E: Erroneous Data","E: Erroneous Data","E: Erroneous Data","E: Erroneous Data","E: Erroneous Data","E: Erroneous Data","E: Erroneous Data","E: Uncertainty","E: Erroneous Data","E: Uncertainty","E: Uncertainty","E: Erroneous Data","E: Erroneous Data","E: Erroneous Data","E: Erroneous Data","E: Erroneous Data","E: Uncertainty","E: Erroneous Data","E: Uncertainty","E: Erroneous Data","E: Uncertainty","E: Uncertainty","E: Erroneous Data","E: Erroneous Data","E: Erroneous Data","E: Erroneous Data","E: Erroneous Data","E: Erroneous Data","E: Erroneous Data"
"2024-02-08 16:00:00","PM2.5",NA,NA,NA,NA,NA,NA,NA,NA,NA,NA,NA,NA,NA,NA,NA,NA,NA,NA,NA,NA,NA,NA,NA,NA,NA,NA,NA,NA,NA,NA,NA,NA,NA,NA,NA,NA,NA,NA,NA,NA,"E: Erroneous Data","E: Erroneous Data","E: Erroneous Data","E: Erroneous Data","E: Erroneous Data","E: Erroneous Data","E: Erroneous Data","E: Erroneous Data","E: Uncertainty","E: Erroneous Data","E: Erroneous Data","E: Erroneous Data","E: Erroneous Data","E: Uncertainty","E: Erroneous Data","E: Erroneous Data","E: Erroneous Data","E: Erroneous Data","E: Erroneous Data","E: Erroneous Data","E: Erroneous Data","E: Uncertainty","E: Erroneous Data","E: Erroneous Data","E: Erroneous Data","E: Erroneous Data","E: Uncertainty","E: Erroneous Data","E: Erroneous Data","E: Erroneous Data","E: Erroneous Data","E: Uncertainty","E: Uncertainty","E: Erroneous Data","E: Erroneous Data","E: Erroneous Data","E: Erroneous Data","E: Erroneous Data","E: Erroneous Data","E: Erroneous Data"
"2024-02-08 17:00:00","PM10",NA,NA,NA,NA,NA,NA,NA,NA,NA,NA,NA,NA,NA,NA,NA,NA,NA,NA,NA,NA,NA,NA,NA,NA,NA,NA,NA,NA,NA,NA,NA,NA,NA,NA,NA,NA,NA,NA,NA,NA,"E: Erroneous Data","E: Erroneous Data","E: Erroneous Data","E: Erroneous Data","E: Erroneous Data","E: Erroneous Data","E: Erroneous Data","E: Erroneous Data","E: Erroneous Data","E: Uncertainty","E: Uncertainty","E: Erroneous Data","E: Erroneous Data","E: Uncertainty","E: Erroneous Data","E: Erroneous Data","E: Erroneous Data","E: Erroneous Data","E: Erroneous Data","E: Erroneous Data","E: Erroneous Data","E: Uncertainty","E: Erroneous Data","E: Erroneous Data","E: Erroneous Data","E: Uncertainty","E: Uncertainty","E: Uncertainty","E: Erroneous Data","E: Erroneous Data","E: Uncertainty","E: Uncertainty","E: Uncertainty","E: Erroneous Data","E: Erroneous Data","E: Erroneous Data","E: Erroneous Data","E: Erroneous Data","E: Erroneous Data","E: Erroneous Data"
"2024-02-08 18:00:00","PM2.5",NA,NA,NA,NA,NA,NA,NA,NA,NA,NA,NA,NA,NA,NA,NA,NA,NA,NA,NA,NA,NA,NA,NA,NA,NA,NA,NA,NA,NA,NA,NA,NA,NA,NA,NA,NA,NA,NA,NA,NA,"E: Uncertainty","E: Erroneous Data","E: Erroneous Data","E: Erroneous Data","E: Erroneous Data","E: Erroneous Data","E: Uncertainty","E: Uncertainty","E: Uncertainty","E: Erroneous Data","E: Erroneous Data","E: Erroneous Data","E: Erroneous Data","E: Erroneous Data","E: Erroneous Data","E: Erroneous Data","E: Erroneous Data","E: Erroneous Data","E: Uncertainty","E: Erroneous Data","E: Erroneous Data","E: Uncertainty","E: Erroneous Data","E: Erroneous Data","E: Erroneous Data","E: Erroneous Data","E: Erroneous Data","E: Uncertainty","E: Erroneous Data","E: Erroneous Data","E: Uncertainty","E: Uncertainty","E: Uncertainty","E: Erroneous Data","E: Erroneous Data","E: Erroneous Data","E: Uncertainty","E: Erroneous Data","E: Erroneous Data","E: Erroneous Data"
"2024-02-08 19:00:00","PM10",NA,NA,NA,NA,NA,NA,NA,NA,NA,NA,NA,NA,NA,NA,NA,NA,NA,NA,NA,NA,NA,NA,NA,NA,NA,NA,NA,NA,NA,NA,NA,NA,NA,NA,NA,NA,NA,NA,NA,NA,"E: Erroneous Data","E: Erroneous Data","E: Erroneous Data","E: Erroneous Data","E: Erroneous Data","E: Erroneous Data","E: Erroneous Data","E: Erroneous Data","E: Uncertainty","E: Erroneous Data","E: Erroneous Data","E: Erroneous Data","E: Erroneous Data","E: Erroneous Data","E: Erroneous Data","E: Erroneous Data","E: Erroneous Data","E: Erroneous Data","E: Erroneous Data","E: Erroneous Data","E: Erroneous Data","E: Uncertainty","E: Erroneous Data","E: Erroneous Data","E: Erroneous Data","E: Erroneous Data","E: Uncertainty","E: Uncertainty","E: Erroneous Data","E: Erroneous Data","E: Uncertainty","E: Uncertainty","E: Uncertainty","E: Erroneous Data","E: Erroneous Data","E: Erroneous Data","E: Erroneous Data","E: Erroneous Data","E: Erroneous Data","E: Erroneous Data"
"2024-02-08 20:00:00","PM2.5",NA,NA,NA,NA,NA,NA,NA,NA,NA,NA,NA,NA,NA,NA,NA,NA,NA,NA,NA,NA,NA,NA,NA,NA,NA,NA,NA,NA,NA,NA,NA,NA,NA,NA,NA,NA,NA,NA,NA,NA,"E: Erroneous Data","E: Erroneous Data","E: Erroneous Data","E: Erroneous Data","E: Erroneous Data","E: Erroneous Data","E: Erroneous Data","E: Erroneous Data","E: Erroneous Data","E: Uncertainty","E: Erroneous Data","E: Erroneous Data","E: Erroneous Data","E: Uncertainty","E: Erroneous Data","E: Erroneous Data","E: Erroneous Data","E: Erroneous Data","E: Erroneous Data","E: Uncertainty","E: Erroneous Data","E: Uncertainty","E: Erroneous Data","E: Erroneous Data","E: Erroneous Data","E: Erroneous Data","E: Erroneous Data","E: Erroneous Data","E: Erroneous Data","E: Uncertainty","E: Uncertainty","E: Erroneous Data","E: Erroneous Data","E: Uncertainty","E: Uncertainty","E: Erroneous Data","E: Erroneous Data","E: Erroneous Data","E: Erroneous Data","E: Erroneous Data"
"2024-02-08 21:00:00","PM10",NA,0,0,71.8844,NA,17.9408,7.3002,1.1857,0,NA,NA,47.868,0,0,1.3918,1.7459,0,0,0.4338,0,NA,0,0,0,NA,19.1255,0,0,0,0,NA,0,NA,0,NA,0,0,0,0,0,"E: Uncertainty",NA,NA,NA,"E: Uncertainty",NA,NA,NA,NA,"E: Uncertainty","E: Uncertainty",NA,NA,NA,NA,NA,NA,NA,NA,NA,"E: Uncertainty",NA,NA,NA,"E: Uncertainty",NA,NA,NA,NA,NA,"E: Uncertainty",NA,"E: Uncertainty",NA,"E: Uncertainty",NA,NA,NA,NA,NA
"2024-02-08 22:00:00","PM2.5",0,0,NA,76.6103,0,17.4064,5.5018,NA,0,0,0,22.2996,NA,0,1.0308,2.6527,0,0,0.4344,0,NA,NA,0,0,0,13.0611,0,NA,0,NA,NA,0,0,NA,0,0,0,0,0,0,NA,NA,"E: Uncertainty",NA,NA,NA,NA,"E: Uncertainty",NA,NA,NA,NA,"E: Uncertainty",NA,NA,NA,NA,NA,NA,NA,"E: Uncertainty","E: Uncertainty",NA,NA,NA,NA,NA,"E: Uncertainty",NA,"E: Uncertainty","E: Uncertainty",NA,NA,"E: Uncertainty",NA,NA,NA,NA,NA,NA
"2024-02-08 23:00:00","PM10",NA,0,0,58.284,0,22.1248,10.4325,0,0,0,0,30.4927,0,0,1.137,2.1718,0,0,NA,0,NA,NA,0,NA,NA,16.5415,NA,NA,0,NA,NA,NA,NA,0,0,0,0,0,0,NA,"E: Uncertainty",NA,NA,NA,NA,NA,NA,NA,NA,NA,NA,NA,NA,NA,NA,NA,NA,NA,"E: Uncertainty",NA,"E: Uncertainty","E: Uncertainty",NA,"E: Uncertainty","E: Uncertainty",NA,"E: Uncertainty","E: Uncertainty",NA,"E: Uncertainty","E: Uncertainty","E: Uncertainty","E: Uncertainty",NA,NA,NA,NA,NA,NA,"E: Uncertainty"
"2024-02-09 00:30:00","PM2.5",NA,0,0,NA,0,8.4961,NA,0,NA,0,0,13.8085,0,NA,1.0323,1.2347,0,0,0,0,NA,NA,0,0,0,44.2884,NA,NA,0,0,NA,NA,NA,0,0,0,0,0,0,0,"E: Uncertainty",NA,NA,"E: Uncertainty",NA,NA,"E: Uncertainty",NA,"E: Uncertainty",NA,NA,NA,NA,"E: Uncertainty",NA,NA,NA,NA,NA,NA,"E: Uncertainty","E: Uncertainty",NA,NA,NA,NA,"E: Uncertainty","E: Uncertainty",NA,NA,"E: Uncertainty","E: Uncertainty","E: Uncertainty",NA,NA,NA,NA,NA,NA,NA
"2024-02-09 01:00:00","PM10",NA,0,0,22.4532,0,11.5001,4.308,NA,0,0,0,19.2297,0,NA,0.9471,0.9068,0,0,NA,0,NA,NA,0,0,0,0,NA,NA,0,NA,0,NA,NA,0,0,0,0,0,0,0,"E: Uncertainty",NA,NA,NA,NA,NA,NA,"E: Uncertainty",NA,NA,NA,NA,NA,"E: Uncertainty",NA,NA,NA,NA,"E: Uncertainty",NA,"E: Uncertainty","E: Uncertainty",NA,NA,NA,NA,"E: Uncertainty","E: Uncertainty",NA,"E: Uncertainty",NA,"E: Uncertainty","E: Uncertainty",NA,NA,NA,NA,NA,NA,NA
"2024-02-09 02:00:00","PM2.5",NA,NA,NA,NA,NA,NA,NA,NA,NA,NA,NA,NA,NA,NA,NA,NA,NA,NA,NA,NA,NA,NA,NA,NA,NA,NA,NA,NA,NA,NA,NA,NA,NA,NA,NA,NA,NA,NA,NA,NA,"E: Uncertainty","E: Erroneous Data","E: Uncertainty","E: Erroneous Data","E: Erroneous Data","E: Erroneous Data","E: Uncertainty","E: Erroneous Data","E: Uncertainty","E: Erroneous Data","E: Erroneous Data","E: Erroneous Data","E: Erroneous Data","E: Uncertainty","E: Erroneous Data","E: Erroneous Data","E: Erroneous Data","E: Erroneous Data","E: Erroneous Data","E: Erroneous Data","E: Erroneous Data","E: Erroneous Data","E: Erroneous Data","E: Erroneous Data","E: Erroneous Data","E: Uncertainty","E: Erroneous Data","E: Uncertainty","E: Erroneous Data","E: Erroneous Data","E: Erroneous Data","E: Erroneous Data","E: Erroneous Data","E: Erroneous Data","E: Erroneous Data","E: Erroneous Data","E: Erroneous Data","E: Erroneous Data","E: Uncertainty","E: Erroneous Data"
"2024-02-09 03:00:00","PM10",NA,NA,NA,NA,NA,NA,NA,NA,NA,NA,NA,NA,NA,NA,NA,NA,NA,NA,NA,NA,NA,NA,NA,NA,NA,NA,NA,NA,NA,NA,NA,NA,NA,NA,NA,NA,NA,NA,NA,NA,"E: Erroneous Data","E: Erroneous Data","E: Erroneous Data","E: Erroneous Data","E: Erroneous Data","E: Erroneous Data","E: Erroneous Data","E: Uncertainty","E: Erroneous Data","E: Erroneous Data","E: Uncertainty","E: Erroneous Data","E: Erroneous Data","E: Uncertainty","E: Erroneous Data","E: Erroneous Data","E: Erroneous Data","E: Erroneous Data","E: Erroneous Data","E: Erroneous Data","E: Erroneous Data","E: Uncertainty","E: Erroneous Data","E: Erroneous Data","E: Erroneous Data","E: Uncertainty","E: Uncertainty","E: Uncertainty","E: Erroneous Data","E: Uncertainty","E: Uncertainty","E: Uncertainty","E: Uncertainty","E: Erroneous Data","E: Uncertainty","E: Erroneous Data","E: Erroneous Data","E: Erroneous Data","E: Erroneous Data","E: Erroneous Data"
"2024-02-09 04:00:00","PM2.5",NA,NA,NA,NA,NA,NA,NA,NA,NA,NA,NA,NA,NA,NA,NA,NA,NA,NA,NA,NA,NA,NA,NA,NA,NA,NA,NA,NA,NA,NA,NA,NA,NA,NA,NA,NA,NA,NA,NA,NA,"E: Uncertainty","E: Erroneous Data","E: Erroneous Data","E: Erroneous Data","E: Erroneous Data","E: Erroneous Data","E: Erroneous Data","E: Uncertainty","E: Erroneous Data","E: Uncertainty","E: Erroneous Data","E: Erroneous Data","E: Erroneous Data","E: Erroneous Data","E: Uncertainty","E: Erroneous Data","E: Erroneous Data","E: Erroneous Data","E: Erroneous Data","E: Uncertainty","E: Erroneous Data","E: Uncertainty","E: Erroneous Data","E: Erroneous Data","E: Erroneous Data","E: Uncertainty","E: Uncertainty","E: Erroneous Data","E: Erroneous Data","E: Uncertainty","E: Erroneous Data","E: Erroneous Data","E: Erroneous Data","E: Erroneous Data","E: Erroneous Data","E: Erroneous Data","E: Erroneous Data","E: Erroneous Data","E: Erroneous Data","E: Erroneous Data"
"2024-02-09 05:00:00","PM10",NA,NA,NA,NA,NA,NA,NA,NA,NA,NA,NA,NA,NA,NA,NA,NA,NA,NA,NA,NA,NA,NA,NA,NA,NA,NA,NA,NA,NA,NA,NA,NA,NA,NA,NA,NA,NA,NA,NA,NA,"E: Erroneous Data","E: Erroneous Data","E: Erroneous Data","E: Erroneous Data","E: Erroneous Data","E: Erroneous Data","E: Erroneous Data","E: Uncertainty","E: Erroneous Data","E: Erroneous Data","E: Erroneous Data","E: Erroneous Data","E: Erroneous Data","E: Erroneous Data","E: Erroneous Data","E: Uncertainty","E: Erroneous Data","E: Erroneous Data","E: Erroneous Data","E: Erroneous Data","E: Erroneous Data","E: Uncertainty","E: Erroneous Data","E: Erroneous Data","E: Erroneous Data","E: Erroneous Data","E: Erroneous Data","E: Uncertainty","E: Erroneous Data","E: Uncertainty","E: Uncertainty","E: Uncertainty","E: Uncertainty","E: Erroneous Data","E: Erroneous Data","E: Erroneous Data","E: Erroneous Data","E: Erroneous Data","E: Uncertainty","E: Erroneous Data"
"2024-02-09 06:00:00","PM2.5",NA,NA,NA,NA,NA,NA,NA,NA,NA,NA,NA,NA,NA,NA,NA,NA,NA,NA,NA,NA,NA,NA,NA,NA,NA,NA,NA,NA,NA,NA,NA,NA,NA,NA,NA,NA,NA,NA,NA,NA,"E: Uncertainty","E: Erroneous Data","E: Erroneous Data","E: Erroneous Data","E: Erroneous Data","E: Erroneous Data","E: Erroneous Data","E: Uncertainty","E: Uncertainty","E: Uncertainty","E: Erroneous Data","E: Erroneous Data","E: Erroneous Data","E: Uncertainty","E: Uncertainty","E: Uncertainty","E: Erroneous Data","E: Erroneous Data","E: Erroneous Data","E: Erroneous Data","E: Erroneous Data","E: Uncertainty","E: Erroneous Data","E: Erroneous Data","E: Erroneous Data","E: Erroneous Data","E: Uncertainty","E: Uncertainty","E: Erroneous Data","E: Uncertainty","E: Erroneous Data","E: Erroneous Data","E: Erroneous Data","E: Erroneous Data","E: Erroneous Data","E: Erroneous Data","E: Erroneous Data","E: Erroneous Data","E: Uncertainty","E: Erroneous Data"
"2024-02-09 07:00:00","PM10",NA,0,0,67.8789,625.964,23.9485,32.8979,1.0009,0,0.0079,0,38.5574,NA,0,1.0311,0.8941,0,0,NA,0,NA,NA,0,0,0,21.1783,0,NA,0,0,NA,0,NA,0,0,0,0,0,0,0,"E: Uncertainty",NA,NA,NA,NA,NA,NA,NA,NA,NA,NA,NA,"E: Uncertainty",NA,NA,NA,NA,NA,"E: Uncertainty",NA,"E: Uncertainty","E: Uncertainty",NA,NA,NA,NA,NA,"E: Uncertainty",NA,NA,"E: Uncertainty",NA,"E: Uncertainty",NA,NA,NA,NA,NA,NA,NA
"2024-02-09 08:00:00","PM2.5",NA,0,NA,45.0333,37.7287,14.9461,6.7256,0,NA,NA,0,22.9212,0,NA,1.3485,2.2423,0,0,0,0,NA,NA,0,0,0,12.2016,0,0,0,0,0,NA,NA,0,0,0,0,0,NA,0,"E: Uncertainty",NA,"E: Uncertainty",NA,NA,NA,NA,NA,"E: Uncertainty","E: Uncertainty",NA,NA,NA,"E: Uncertainty",NA,NA,NA,NA,NA,NA,"E: Uncertainty","E: Uncertainty",NA,NA,NA,NA,NA,NA,NA,NA,NA,"E: Uncertainty","E: Uncertainty",NA,NA,NA,NA,NA,"E: Uncertainty",NA
"2024-02-09 09:00:00","PM10",NA,0,0,22.8529,80.7896,9.418,15.1924,NA,NA,0,0,38.7587,0,0,1.7802,0.9955,0,0,0,0,NA,NA,0,0,0,14.1528,0,NA,0,0,NA,NA,0,0,0,0,0,0,0.0082,0,"E: Uncertainty",NA,NA,NA,NA,NA,NA,"E: Uncertainty","E: Uncertainty",NA,NA,NA,NA,NA,NA,NA,NA,NA,NA,NA,"E: Uncertainty","E: Uncertainty",NA,NA,NA,NA,NA,"E: Uncertainty",NA,NA,"E: Uncertainty","E: Uncertainty",NA,NA,NA,NA,NA,NA,NA,NA
"2024-02-09 10:00:00","PM2.5",0,0,NA,22.6201,46.8824,9.624,6.4728,0,0,NA,0,13.4828,NA,0,NA,0.7952,0,0,0,0,NA,NA,0,0,0,NA,NA,0,0,NA,0,0,NA,0,0,NA,0,0,0,0,NA,NA,"E: Uncertainty",NA,NA,NA,NA,NA,NA,"E: Uncertainty",NA,NA,"E: Uncertainty",NA,"E: Uncertainty",NA,NA,NA,NA,NA,"E: Uncertainty","E: Uncertainty",NA,NA,NA,"E: Uncertainty","E: Uncertainty",NA,NA,"E: Uncertainty",NA,NA,"E: Uncertainty",NA,NA,"E: Uncertainty",NA,NA,NA,NA
"2024-02-09 11:00:00","PM10",NA,0,0,60.7332,92.0938,12.1063,21.6695,NA,NA,NA,NA,44.8455,0,0,1.6549,1.6895,0,0,NA,NA,NA,NA,0,0,0,15.4758,0,NA,0,NA,0,NA,NA,0,0,0,0,0,NA,0,"E: Uncertainty",NA,NA,NA,NA,NA,NA,"E: Uncertainty","E: Uncertainty","E: Uncertainty","E: Uncertainty",NA,NA,NA,NA,NA,NA,NA,"E: Uncertainty","E: Uncertainty","E: Uncertainty","E: Uncertainty",NA,NA,NA,NA,NA,"E: Uncertainty",NA,"E: Uncertainty",NA,"E: Uncertainty","E: Uncertainty",NA,NA,NA,NA,NA,"E: Uncertainty",NA
"2024-02-09 12:00:00","PM2.5",NA,NA,NA,NA,NA,NA,NA,NA,NA,NA,NA,NA,NA,NA,NA,NA,NA,NA,NA,NA,NA,NA,NA,NA,NA,NA,NA,NA,NA,NA,NA,NA,NA,NA,NA,NA,NA,NA,NA,NA,"E: Uncertainty","E: Erroneous Data","E: Erroneous Data","E: Erroneous Data","E: Erroneous Data","E: Erroneous Data","E: Erroneous Data","E: Uncertainty","E: Erroneous Data","E: Uncertainty","E: Erroneous Data","E: Erroneous Data","E: Erroneous Data","E: Erroneous Data","E: Erroneous Data","E: Erroneous Data","E: Erroneous Data","E: Erroneous Data","E: Erroneous Data","E: Erroneous Data","E: Uncertainty","E: Uncertainty","E: Erroneous Data","E: Erroneous Data","E: Erroneous Data","E: Erroneous Data","E: Uncertainty","E: Erroneous Data","E: Erroneous Data","E: Uncertainty","E: Erroneous Data","E: Uncertainty","E: Erroneous Data","E: Erroneous Data","E: Erroneous Data","E: Erroneous Data","E: Erroneous Data","E: Uncertainty","E: Uncertainty","E: Erroneous Data"
"2024-02-09 13:00:00","PM10",NA,NA,NA,NA,NA,NA,NA,NA,NA,NA,NA,NA,NA,NA,NA,NA,NA,NA,NA,NA,NA,NA,NA,NA,NA,NA,NA,NA,NA,NA,NA,NA,NA,NA,NA,NA,NA,NA,NA,NA,"E: Erroneous Data","E: Erroneous Data","E: Erroneous Data","E: Erroneous Data","E: Erroneous Data","E: Erroneous Data","E: Erroneous Data","E: Erroneous Data","E: Erroneous Data","E: Uncertainty","E: Erroneous Data","E: Erroneous Data","E: Erroneous Data","E: Erroneous Data","E: Erroneous Data","E: Erroneous Data","E: Erroneous Data","E: Erroneous Data","E: Uncertainty","E: Erroneous Data","E: Uncertainty","E: Uncertainty","E: Erroneous Data","E: Uncertainty","E: Erroneous Data","E: Erroneous Data","E: Erroneous Data","E: Uncertainty","E: Erroneous Data","E: Uncertainty","E: Uncertainty","E: Uncertainty","E: Uncertainty","E: Erroneous Data","E: Erroneous Data","E: Erroneous Data","E: Erroneous Data","E: Erroneous Data","E: Erroneous Data","E: Erroneous Data"
"2024-02-09 14:00:00","PM2.5",NA,NA,NA,NA,NA,NA,NA,NA,NA,NA,NA,NA,NA,NA,NA,NA,NA,NA,NA,NA,NA,NA,NA,NA,NA,NA,NA,NA,NA,NA,NA,NA,NA,NA,NA,NA,NA,NA,NA,NA,"E: Erroneous Data","E: Erroneous Data","E: Erroneous Data","E: Erroneous Data","E: Erroneous Data","E: Erroneous Data","E: Erroneous Data","E: Uncertainty","E: Erroneous Data","E: Erroneous Data","E: Erroneous Data","E: Erroneous Data","E: Uncertainty","E: Erroneous Data","E: Erroneous Data","E: Erroneous Data","E: Erroneous Data","E: Erroneous Data","E: Uncertainty","E: Erroneous Data","E: Uncertainty","E: Uncertainty","E: Erroneous Data","E: Uncertainty","E: Erroneous Data","E: Uncertainty","E: Uncertainty","E: Erroneous Data","E: Erroneous Data","E: Uncertainty","E: Uncertainty","E: Uncertainty","E: Uncertainty","E: Erroneous Data","E: Erroneous Data","E: Erroneous Data","E: Erroneous Data","E: Erroneous Data","E: Erroneous Data","E: Erroneous Data"
"2024-02-09 15:00:00","PM10",NA,0,NA,38.639,220.0977,17.291,18.1555,NA,0,NA,0,55.4447,NA,0,2.1357,2.7291,NA,0,NA,0,0.7871,NA,0,0,0,16.3926,0,NA,0,0,NA,NA,NA,0,0,0,NA,0,0,0,"E: Uncertainty",NA,"E: Uncertainty",NA,NA,NA,NA,"E: Uncertainty",NA,"E: Uncertainty",NA,NA,"E: Uncertainty",NA,NA,NA,"E: Uncertainty",NA,"E: Uncertainty",NA,NA,"E: Uncertainty",NA,NA,NA,NA,NA,"E: Uncertainty",NA,NA,"E: Uncertainty","E: Uncertainty","E: Uncertainty",NA,NA,NA,"E: Uncertainty",NA,NA,NA
"2024-02-09 16:00:00","PM2.5",NA,0,0,51.5819,197.9421,22.5665,9.3001,NA,NA,0,NA,31.0393,0.0011,0,1.5686,5.38,0,0,0,0,0.664,NA,0,0,0,18.5525,0,0,0,NA,NA,NA,0,0,NA,0,0,0,NA,0,"E: Uncertainty",NA,NA,NA,NA,NA,NA,"E: Uncertainty","E: Uncertainty",NA,"E: Uncertainty",NA,NA,NA,NA,NA,NA,NA,NA,NA,NA,"E: Uncertainty",NA,NA,NA,NA,NA,NA,NA,"E: Uncertainty","E: Uncertainty","E: Uncertainty",NA,NA,"E: Uncertainty",NA,NA,NA,"E: Uncertainty",NA
"2024-02-09 17:00:00","PM10",NA,0,0,98.9145,678.857,62.6404,35.0801,4.3638,0,NA,NA,88.6572,NA,0,2.9746,19.2142,0,0,1.6345,0,1.7984,NA,0,0,0,9.7334,0,0,0,0,NA,0,NA,0,0,0,0,0,7.1085,0,"E: Uncertainty",NA,NA,NA,NA,NA,NA,NA,NA,"E: Uncertainty","E: Uncertainty",NA,"E: Uncertainty",NA,NA,NA,NA,NA,NA,NA,NA,"E: Uncertainty",NA,NA,NA,NA,NA,NA,NA,NA,"E: Uncertainty",NA,"E: Uncertainty",NA,NA,NA,NA,NA,NA,NA
"2024-02-09 18:00:00","PM2.5",NA,0,0,82.2665,264.5893,77.1758,12.7696,1.3781,0,0,0,41.6259,0,0,3.0076,12.9512,0,0,NA,0,1.3747,NA,0,0,0,20.455,NA,NA,0,NA,0,NA,NA,0,NA,0,0,0,3.8426,0,"E: Uncertainty",NA,NA,NA,NA,NA,NA,NA,NA,NA,NA,NA,NA,NA,NA,NA,NA,NA,"E: Uncertainty",NA,NA,"E: Uncertainty",NA,NA,NA,NA,"E: Uncertainty","E: Uncertainty",NA,"E: Uncertainty",NA,"E: Uncertainty","E: Uncertainty",NA,"E: Uncertainty",NA,NA,NA,NA,NA
"2024-02-09 19:00:00","PM10",NA,0,0,126.2816,499.7688,110.71,41.6374,6.5616,0,NA,NA,84.7708,NA,0,5.3073,11.0013,0,0,1.0232,0,2.3366,1.6416,0,0,0,NA,0,0,0,NA,0,NA,NA,0,0,0,0,0,1.851,0,"E: Uncertainty",NA,NA,NA,NA,NA,NA,NA,NA,"E: Uncertainty","E: Uncertainty",NA,"E: Uncertainty",NA,NA,NA,NA,NA,NA,NA,NA,NA,NA,NA,NA,"E: Uncertainty",NA,NA,NA,"E: Uncertainty",NA,"E: Uncertainty","E: Uncertainty",NA,NA,NA,NA,NA,NA,NA
"2024-02-09 20:00:00","PM2.5",NA,0,0,100.4602,178.0027,67.7098,14.8643,5.8399,0,NA,0,40.433,0,0,1.9745,3.5619,0,0,1.3356,NA,1.8048,NA,0,0,0,14.2735,0,0,0,0,0,0,NA,0,0,0,0,0,0,0,"E: Uncertainty",NA,NA,NA,NA,NA,NA,NA,NA,"E: Uncertainty",NA,NA,NA,NA,NA,NA,NA,NA,NA,"E: Uncertainty",NA,"E: Uncertainty",NA,NA,NA,NA,NA,NA,NA,NA,NA,NA,"E: Uncertainty",NA,NA,NA,NA,NA,NA,NA
"2024-02-09 21:00:00","PM10",NA,0,0,187.7734,813.7965,69.6755,45.8303,0,NA,0,0,64.6163,0,0,2.967,4.1731,0,0,1.1568,0,3.2994,NA,0,0,0,NA,NA,0,0,0,0,NA,NA,0,0,0,0,0,0,0,"E: Uncertainty",NA,NA,NA,NA,NA,NA,NA,"E: Uncertainty",NA,NA,NA,NA,NA,NA,NA,NA,NA,NA,NA,NA,"E: Uncertainty",NA,NA,NA,"E: Uncertainty","E: Uncertainty",NA,NA,NA,NA,"E: Uncertainty","E: Uncertainty",NA,NA,NA,NA,NA,NA,NA
"2024-02-09 22:00:00","PM2.5",NA,0,0,209.0812,109.2511,187.0609,10.4647,NA,0,NA,0,41.7506,NA,0,14.0114,4.9313,0,0,1.9773,0,1.6204,12.4617,0,0,0,18.2818,NA,NA,0,0,NA,0,16.6854,0,0,0,0,0,0,8.9075,"E: Uncertainty",NA,NA,NA,NA,NA,NA,"E: Uncertainty",NA,"E: Uncertainty",NA,NA,"E: Uncertainty",NA,NA,NA,NA,NA,NA,NA,NA,NA,NA,NA,NA,NA,"E: Uncertainty","E: Uncertainty",NA,NA,"E: Uncertainty",NA,NA,NA,NA,NA,NA,NA,NA,NA
"2024-02-09 23:00:00","PM10",NA,0,NA,144.8465,146.1977,54.0404,13.2481,NA,0,0,NA,66.5951,0,0,5.7999,3.6474,0,0,1.0487,0,1.0678,NA,0,0,0,19.2435,0,0,0,NA,NA,NA,NA,0,0,0,0,0,0,0,"E: Uncertainty",NA,"E: Uncertainty",NA,NA,NA,NA,"E: Uncertainty",NA,NA,"E: Uncertainty",NA,NA,NA,NA,NA,NA,NA,NA,NA,NA,"E: Uncertainty",NA,NA,NA,NA,NA,NA,NA,"E: Uncertainty","E: Uncertainty","E: Uncertainty","E: Uncertainty",NA,NA,NA,NA,NA,NA,NA
"2024-02-10 00:30:00","PM2.5",NA,0,0,63.7889,25.4143,77.4185,NA,NA,0,0,0,24.6225,0,0,2.897,3.0406,0,0,NA,0,NA,NA,0,0,0,32.0411,NA,0,0,NA,NA,NA,NA,0,0,0,0,0,0,NA,"E: Uncertainty",NA,NA,NA,NA,NA,"E: Uncertainty","E: Uncertainty",NA,NA,NA,NA,NA,NA,NA,NA,NA,NA,"E: Uncertainty",NA,"E: Uncertainty","E: Uncertainty",NA,NA,NA,NA,"E: Uncertainty",NA,NA,"E: Uncertainty","E: Uncertainty","E: Uncertainty","E: Uncertainty",NA,NA,NA,NA,NA,NA,"E: Uncertainty"
"2024-02-10 01:00:00","PM10",NA,NA,NA,NA,NA,NA,NA,NA,NA,NA,NA,NA,NA,NA,NA,NA,NA,NA,NA,NA,NA,NA,NA,NA,NA,NA,NA,NA,NA,NA,NA,NA,NA,NA,NA,NA,NA,NA,NA,NA,"E: Erroneous Data","E: Erroneous Data","E: Erroneous Data","E: Erroneous Data","E: Erroneous Data","E: Erroneous Data","E: Erroneous Data","E: Uncertainty","E: Erroneous Data","E: Erroneous Data","E: Erroneous Data","E: Erroneous Data","E: Erroneous Data","E: Uncertainty","E: Erroneous Data","E: Erroneous Data","E: Uncertainty","E: Erroneous Data","E: Erroneous Data","E: Erroneous Data","E: Erroneous Data","E: Uncertainty","E: Erroneous Data","E: Erroneous Data","E: Erroneous Data","E: Erroneous Data","E: Erroneous Data","E: Uncertainty","E: Erroneous Data","E: Uncertainty","E: Erroneous Data","E: Erroneous Data","E: Uncertainty","E: Erroneous Data","E: Erroneous Data","E: Erroneous Data","E: Erroneous Data","E: Erroneous Data","E: Erroneous Data","E: Erroneous Data"
"2024-02-10 02:00:00","PM2.5",NA,NA,NA,NA,NA,NA,NA,NA,NA,NA,NA,NA,NA,NA,NA,NA,NA,NA,NA,NA,NA,NA,NA,NA,NA,NA,NA,NA,NA,NA,NA,NA,NA,NA,NA,NA,NA,NA,NA,NA,"E: Erroneous Data","E: Erroneous Data","E: Erroneous Data","E: Erroneous Data","E: Uncertainty","E: Erroneous Data","E: Uncertainty","E: Uncertainty","E: Erroneous Data","E: Erroneous Data","E: Erroneous Data","E: Erroneous Data","E: Uncertainty","E: Uncertainty","E: Erroneous Data","E: Erroneous Data","E: Erroneous Data","E: Erroneous Data","E: Erroneous Data","E: Erroneous Data","E: Erroneous Data","E: Uncertainty","E: Erroneous Data","E: Erroneous Data","E: Erroneous Data","E: Erroneous Data","E: Erroneous Data","E: Erroneous Data","E: Erroneous Data","E: Uncertainty","E: Uncertainty","E: Uncertainty","E: Uncertainty","E: Erroneous Data","E: Uncertainty","E: Erroneous Data","E: Erroneous Data","E: Erroneous Data","E: Erroneous Data","E: Erroneous Data"
"2024-02-10 03:00:00","PM10",NA,0,0,410.854,0,82.2015,9.5511,0,NA,NA,NA,45.9669,0,NA,0.7686,4.2968,0,0,1.6362,0,1.9559,NA,0,0,0,12.0061,NA,0.0712,0,0.1618,NA,NA,0,0,0,0,0,0,7.4674,0,"E: Uncertainty",NA,NA,NA,NA,NA,NA,NA,"E: Uncertainty","E: Uncertainty","E: Uncertainty",NA,NA,"E: Uncertainty",NA,NA,NA,NA,NA,NA,NA,"E: Uncertainty",NA,NA,NA,NA,"E: Uncertainty",NA,NA,NA,"E: Uncertainty","E: Uncertainty",NA,NA,NA,NA,NA,NA,NA,NA
"2024-02-10 04:00:00","PM2.5",NA,0,0,433.0384,0,97.5143,2.3165,0,NA,0,0.8023,39.7695,NA,NA,1.1542,4.9587,0,0,2.2537,0,3.5052,NA,0,0,0,19.9148,0,0,NA,NA,NA,NA,0.013,NA,0,0,0,0,9.6223,0,"E: Uncertainty",NA,NA,NA,NA,NA,NA,NA,"E: Uncertainty",NA,NA,NA,"E: Uncertainty","E: Uncertainty",NA,NA,NA,NA,NA,NA,NA,"E: Uncertainty",NA,NA,NA,NA,NA,NA,"E: Uncertainty","E: Uncertainty","E: Uncertainty","E: Uncertainty",NA,"E: Uncertainty",NA,NA,NA,NA,NA,NA
"2024-02-10 05:00:00","PM10",NA,0,0,371.7385,162.8101,70.1083,21.0844,NA,NA,0,NA,37.8927,0,0.4645,2.1718,4.8372,NA,0,1.5367,0,2.6917,NA,0,0,0,21.2876,NA,0,0,NA,0,NA,0,0,0,0,0,0,2.6621,0,"E: Uncertainty",NA,NA,NA,NA,NA,NA,"E: Uncertainty","E: Uncertainty",NA,"E: Uncertainty",NA,NA,NA,NA,NA,"E: Uncertainty",NA,NA,NA,NA,"E: Uncertainty",NA,NA,NA,NA,"E: Uncertainty",NA,NA,"E: Uncertainty",NA,"E: Uncertainty",NA,NA,NA,NA,NA,NA,NA,NA
"2024-02-10 06:00:00","PM2.5",NA,NA,NA,NA,NA,NA,NA,NA,NA,NA,NA,NA,NA,NA,NA,NA,NA,NA,NA,NA,NA,NA,NA,NA,NA,NA,NA,NA,NA,NA,NA,NA,NA,NA,NA,NA,NA,NA,NA,NA,"E: Erroneous Data","E: Erroneous Data","E: Erroneous Data","E: Erroneous Data","E: Erroneous Data","E: Erroneous Data","E: Erroneous Data","E: Uncertainty","E: Erroneous Data","E: Erroneous Data","E: Erroneous Data","E: Erroneous Data","E: Erroneous Data","E: Uncertainty","E: Erroneous Data","E: Erroneous Data","E: Erroneous Data","E: Erroneous Data","E: Erroneous Data","E: Uncertainty","E: Erroneous Data","E: Uncertainty","E: Erroneous Data","E: Erroneous Data","E: Erroneous Data","E: Erroneous Data","E: Erroneous Data","E: Uncertainty","E: Uncertainty","E: Uncertainty","E: Erroneous Data","E: Uncertainty","E: Erroneous Data","E: Erroneous Data","E: Erroneous Data","E: Erroneous Data","E: Erroneous Data","E: Erroneous Data","E: Erroneous Data","E: Erroneous Data"
"2024-02-10 07:00:00","PM10",NA,NA,NA,NA,NA,NA,NA,NA,NA,NA,NA,NA,NA,NA,NA,NA,NA,NA,NA,NA,NA,NA,NA,NA,NA,NA,NA,NA,NA,NA,NA,NA,NA,NA,NA,NA,NA,NA,NA,NA,"E: Erroneous Data","E: Erroneous Data","E: Erroneous Data","E: Erroneous Data","E: Erroneous Data","E: Erroneous Data","E: Erroneous Data","E: Erroneous Data","E: Uncertainty","E: Erroneous Data","E: Uncertainty","E: Erroneous Data","E: Uncertainty","E: Erroneous Data","E: Erroneous Data","E: Erroneous Data","E: Erroneous Data","E: Erroneous Data","E: Erroneous Data","E: Uncertainty","E: Erroneous Data","E: Uncertainty","E: Erroneous Data","E: Erroneous Data","E: Erroneous Data","E: Erroneous Data","E: Uncertainty","E: Erroneous Data","E: Erroneous Data","E: Erroneous Data","E: Erroneous Data","E: Uncertainty","E: Uncertainty","E: Erroneous Data","E: Erroneous Data","E: Erroneous Data","E: Erroneous Data","E: Erroneous Data","E: Erroneous Data","E: Erroneous Data"
"2024-02-10 08:00:00","PM2.5",NA,NA,NA,NA,NA,NA,NA,NA,NA,NA,NA,NA,NA,NA,NA,NA,NA,NA,NA,NA,NA,NA,NA,NA,NA,NA,NA,NA,NA,NA,NA,NA,NA,NA,NA,NA,NA,NA,NA,NA,"E: Uncertainty","E: Erroneous Data","E: Erroneous Data","E: Erroneous Data","E: Erroneous Data","E: Erroneous Data","E: Erroneous Data","E: Uncertainty","E: Erroneous Data","E: Uncertainty","E: Uncertainty","E: Erroneous Data","E: Uncertainty","E: Uncertainty","E: Erroneous Data","E: Erroneous Data","E: Erroneous Data","E: Erroneous Data","E: Erroneous Data","E: Erroneous Data","E: Erroneous Data","E: Uncertainty","E: Erroneous Data","E: Erroneous Data","E: Erroneous Data","E: Uncertainty","E: Uncertainty","E: Uncertainty","E: Erroneous Data","E: Uncertainty","E: Uncertainty","E: Erroneous Data","E: Erroneous Data","E: Erroneous Data","E: Erroneous Data","E: Erroneous Data","E: Erroneous Data","E: Erroneous Data","E: Erroneous Data","E: Erroneous Data"
"2024-02-10 09:00:00","PM10",NA,0,0,114.9904,443.4546,59.5122,134.9481,0,NA,NA,NA,96.9482,0,0,2.9701,8.9859,0,0,1.0966,0,2.0315,NA,0,0,0,NA,NA,NA,0,0,0.1737,NA,NA,0,0,0,NA,0,1.9699,0,"E: Uncertainty",NA,NA,NA,NA,NA,NA,NA,"E: Uncertainty","E: Uncertainty","E: Uncertainty",NA,NA,NA,NA,NA,NA,NA,NA,NA,NA,"E: Uncertainty",NA,NA,NA,"E: Uncertainty","E: Uncertainty","E: Uncertainty",NA,NA,NA,"E: Uncertainty","E: Uncertainty",NA,NA,NA,"E: Uncertainty",NA,NA,NA
"2024-02-10 10:00:00","PM2.5",NA,NA,NA,NA,NA,NA,NA,NA,NA,NA,NA,NA,NA,NA,NA,NA,NA,NA,NA,NA,NA,NA,NA,NA,NA,NA,NA,NA,NA,NA,NA,NA,NA,NA,NA,NA,NA,NA,NA,NA,"E: Uncertainty","E: Erroneous Data","E: Erroneous Data","E: Erroneous Data","E: Erroneous Data","E: Erroneous Data","E: Erroneous Data","E: Erroneous Data","E: Erroneous Data","E: Erroneous Data","E: Erroneous Data","E: Erroneous Data","E: Erroneous Data","E: Erroneous Data","E: Erroneous Data","E: Erroneous Data","E: Uncertainty","E: Erroneous Data","E: Erroneous Data","E: Erroneous Data","E: Erroneous Data","E: Uncertainty","E: Erroneous Data","E: Erroneous Data","E: Erroneous Data","E: Erroneous Data","E: Erroneous Data","E: Erroneous Data","E: Erroneous Data","E: Uncertainty","E: Uncertainty","E: Erroneous Data","E: Erroneous Data","E: Erroneous Data","E: Uncertainty","E: Erroneous Data","E: Erroneous Data","E: Erroneous Data","E: Uncertainty","E: Erroneous Data"
"2024-02-10 11:00:00","PM10",NA,NA,NA,NA,NA,NA,NA,NA,NA,NA,NA,NA,NA,NA,NA,NA,NA,NA,NA,NA,NA,NA,NA,NA,NA,NA,NA,NA,NA,NA,NA,NA,NA,NA,NA,NA,NA,NA,NA,NA,"E: Erroneous Data","E: Erroneous Data","E: Erroneous Data","E: Erroneous Data","E: Erroneous Data","E: Erroneous Data","E: Erroneous Data","E: Erroneous Data","E: Erroneous Data","E: Erroneous Data","E: Erroneous Data","E: Erroneous Data","E: Erroneous Data","E: Erroneous Data","E: Erroneous Data","E: Erroneous Data","E: Erroneous Data","E: Erroneous Data","E: Erroneous Data","E: Erroneous Data","E: Erroneous Data","E: Uncertainty","E: Erroneous Data","E: Erroneous Data","E: Erroneous Data","E: Erroneous Data","E: Uncertainty","E: Erroneous Data","E: Erroneous Data","E: Uncertainty","E: Uncertainty","E: Uncertainty","E: Erroneous Data","E: Erroneous Data","E: Uncertainty","E: Erroneous Data","E: Erroneous Data","E: Erroneous Data","E: Uncertainty","E: Erroneous Data"
"2024-02-10 12:00:00","PM2.5",NA,NA,NA,NA,NA,NA,NA,NA,NA,NA,NA,NA,NA,NA,NA,NA,NA,NA,NA,NA,NA,NA,NA,NA,NA,NA,NA,NA,NA,NA,NA,NA,NA,NA,NA,NA,NA,NA,NA,NA,"E: Erroneous Data","E: Erroneous Data","E: Erroneous Data","E: Erroneous Data","E: Erroneous Data","E: Erroneous Data","E: Erroneous Data","E: Erroneous Data","E: Uncertainty","E: Erroneous Data","E: Erroneous Data","E: Erroneous Data","E: Uncertainty","E: Erroneous Data","E: Erroneous Data","E: Erroneous Data","E: Erroneous Data","E: Erroneous Data","E: Uncertainty","E: Erroneous Data","E: Erroneous Data","E: Uncertainty","E: Erroneous Data","E: Erroneous Data","E: Erroneous Data","E: Erroneous Data","E: Erroneous Data","E: Erroneous Data","E: Erroneous Data","E: Uncertainty","E: Erroneous Data","E: Uncertainty","E: Uncertainty","E: Erroneous Data","E: Erroneous Data","E: Erroneous Data","E: Erroneous Data","E: Erroneous Data","E: Uncertainty","E: Erroneous Data"
"2024-02-10 13:00:00","PM10",NA,0,0,111.39,890.762,37.2115,43.094,1.128,0,0,0.0027,42.5546,0,0,1.2058,1.7757,0,0,0,NA,1.7431,NA,0,NA,0,13.2342,NA,NA,0,0,NA,NA,NA,0,0,0,0,0,0.7475,0,"E: Uncertainty",NA,NA,NA,NA,NA,NA,NA,NA,NA,NA,NA,NA,NA,NA,NA,NA,NA,NA,"E: Uncertainty",NA,"E: Uncertainty",NA,"E: Uncertainty",NA,NA,"E: Uncertainty","E: Uncertainty",NA,NA,"E: Uncertainty","E: Uncertainty","E: Uncertainty",NA,NA,NA,NA,NA,NA,NA
"2024-02-10 14:00:00","PM2.5",NA,0,0,93.8616,302.7953,19.7835,13.9042,NA,0,NA,0,24.9329,0,0,1.0374,1.5567,0,0,0.572,0,2.0917,NA,0,NA,0,10.0062,NA,0,0,NA,0,NA,0,0,0,0,0,0,0,0,"E: Uncertainty",NA,NA,NA,NA,NA,NA,"E: Uncertainty",NA,"E: Uncertainty",NA,NA,NA,NA,NA,NA,NA,NA,NA,NA,NA,"E: Uncertainty",NA,"E: Uncertainty",NA,NA,"E: Uncertainty",NA,NA,"E: Uncertainty",NA,"E: Uncertainty",NA,NA,NA,NA,NA,NA,NA,NA
"2024-02-10 15:00:00","PM10",NA,0,0,146.278,851.1822,41.1911,47.1667,NA,0,NA,0,62.7606,0,NA,1.9449,1.5663,0,0,0.3947,0,2.994,NA,0,0,0,13.4465,NA,0,0,0,NA,0,0,0,0,0,0,0,0,0,"E: Uncertainty",NA,NA,NA,NA,NA,NA,"E: Uncertainty",NA,"E: Uncertainty",NA,NA,NA,"E: Uncertainty",NA,NA,NA,NA,NA,NA,NA,"E: Uncertainty",NA,NA,NA,NA,"E: Uncertainty",NA,NA,NA,"E: Uncertainty",NA,NA,NA,NA,NA,NA,NA,NA,NA
"2024-02-10 16:00:00","PM2.5",925.3188,0,NA,123.2961,326.5682,22.6185,19.4863,NA,NA,0,0,37.0711,NA,0,1.5747,0.9549,0,0,0.7227,NA,2.5257,NA,0,0,0,NA,NA,NA,0,0,0,NA,0,0,NA,0,0,0,NA,0,NA,NA,"E: Uncertainty",NA,NA,NA,NA,"E: Uncertainty","E: Uncertainty",NA,NA,NA,"E: Uncertainty",NA,NA,NA,NA,NA,NA,"E: Uncertainty",NA,"E: Uncertainty",NA,NA,NA,"E: Uncertainty","E: Uncertainty","E: Uncertainty",NA,NA,NA,"E: Uncertainty",NA,NA,"E: Uncertainty",NA,NA,NA,"E: Uncertainty",NA
"2024-02-10 17:00:00","PM10",NA,0,0,183.1983,559.9459,80.1035,53.8624,2.7087,0,NA,NA,127.3971,NA,0,4.7836,3.4801,0,0,0.7726,0,2.3428,3.157,0,0,0,11.9748,NA,0,0,NA,0,NA,5.0712,0,0,0,0,0,NA,NA,"E: Uncertainty",NA,NA,NA,NA,NA,NA,NA,NA,"E: Uncertainty","E: Uncertainty",NA,"E: Uncertainty",NA,NA,NA,NA,NA,NA,NA,NA,NA,NA,NA,NA,NA,"E: Uncertainty",NA,NA,"E: Uncertainty",NA,"E: Uncertainty",NA,NA,NA,NA,NA,NA,"E: Uncertainty","E: Uncertainty"
"2024-02-10 18:00:00","PM2.5",NA,0,0,225.596,116.7553,138.4003,14.7016,1.1272,0,0,NA,100.3102,0,NA,6.7869,4.8744,0,0,3.492,0,6.1564,5.7641,0,0,0,20.6656,0,NA,0,0,NA,0,12.3961,0,0,0,0,0,0,0.892,"E: Uncertainty",NA,NA,NA,NA,NA,NA,NA,NA,NA,"E: Uncertainty",NA,NA,"E: Uncertainty",NA,NA,NA,NA,NA,NA,NA,NA,NA,NA,NA,NA,NA,"E: Uncertainty",NA,NA,"E: Uncertainty",NA,NA,NA,NA,NA,NA,NA,NA,NA
"2024-02-10 19:00:00","PM10",NA,0,0,259.3559,471.1089,404.9524,66.479,19.5087,NA,0.7381,1.4826,301.517,0.004,NA,10.6372,9.5718,0,0,0.9867,NA,11.119,NA,0,NA,0,NA,NA,NA,0,0,0,0,6.9507,0,0,0,0,0,5.5478,0,"E: Uncertainty",NA,NA,NA,NA,NA,NA,NA,"E: Uncertainty",NA,NA,NA,NA,"E: Uncertainty",NA,NA,NA,NA,NA,"E: Uncertainty",NA,"E: Uncertainty",NA,"E: Uncertainty",NA,"E: Uncertainty","E: Uncertainty","E: Uncertainty",NA,NA,NA,NA,NA,NA,NA,NA,NA,NA,NA,NA
"2024-02-10 20:00:00","PM2.5",NA,NA,NA,NA,NA,NA,NA,NA,NA,NA,NA,NA,NA,NA,NA,NA,NA,NA,NA,NA,NA,NA,NA,NA,NA,NA,NA,NA,NA,NA,NA,NA,NA,NA,NA,NA,NA,NA,NA,NA,"E: Uncertainty","E: Erroneous Data","E: Uncertainty","E: Erroneous Data","E: Erroneous Data","E: Erroneous Data","E: Erroneous Data","E: Erroneous Data","E: Erroneous Data","E: Uncertainty","E: Erroneous Data","E: Erroneous Data","E: Uncertainty","E: Uncertainty","E: Erroneous Data","E: Erroneous Data","E: Erroneous Data","E: Erroneous Data","E: Erroneous Data","E: Erroneous Data","E: Erroneous Data","E: Uncertainty","E: Erroneous Data","E: Erroneous Data","E: Erroneous Data","E: Erroneous Data","E: Erroneous Data","E: Uncertainty","E: Erroneous Data","E: Erroneous Data","E: Uncertainty","E: Uncertainty","E: Erroneous Data","E: Erroneous Data","E: Erroneous Data","E: Erroneous Data","E: Erroneous Data","E: Erroneous Data","E: Erroneous Data","E: Erroneous Data"
"2024-02-10 21:00:00","PM10",NA,NA,NA,NA,NA,NA,NA,NA,NA,NA,NA,NA,NA,NA,NA,NA,NA,NA,NA,NA,NA,NA,NA,NA,NA,NA,NA,NA,NA,NA,NA,NA,NA,NA,NA,NA,NA,NA,NA,NA,"E: Erroneous Data","E: Erroneous Data","E: Erroneous Data","E: Erroneous Data","E: Erroneous Data","E: Erroneous Data","E: Erroneous Data","E: Erroneous Data","E: Erroneous Data","E: Erroneous Data","E: Erroneous Data","E: Erroneous Data","E: Erroneous Data","E: Erroneous Data","E: Erroneous Data","E: Erroneous Data","E: Erroneous Data","E: Erroneous Data","E: Erroneous Data","E: Erroneous Data","E: Erroneous Data","E: Uncertainty","E: Erroneous Data","E: Uncertainty","E: Erroneous Data","E: Erroneous Data","E: Uncertainty","E: Uncertainty","E: Uncertainty","E: Uncertainty","E: Uncertainty","E: Uncertainty","E: Erroneous Data","E: Erroneous Data","E: Erroneous Data","E: Erroneous Data","E: Erroneous Data","E: Erroneous Data","E: Erroneous Data","E: Erroneous Data"
"2024-02-10 22:00:00","PM2.5",NA,NA,NA,NA,NA,NA,NA,NA,NA,NA,NA,NA,NA,NA,NA,NA,NA,NA,NA,NA,NA,NA,NA,NA,NA,NA,NA,NA,NA,NA,NA,NA,NA,NA,NA,NA,NA,NA,NA,NA,"E: Uncertainty","E: Erroneous Data","E: Erroneous Data","E: Erroneous Data","E: Erroneous Data","E: Erroneous Data","E: Erroneous Data","E: Uncertainty","E: Erroneous Data","E: Uncertainty","E: Uncertainty","E: Erroneous Data","E: Erroneous Data","E: Erroneous Data","E: Erroneous Data","E: Erroneous Data","E: Erroneous Data","E: Erroneous Data","E: Erroneous Data","E: Erroneous Data","E: Erroneous Data","E: Uncertainty","E: Erroneous Data","E: Erroneous Data","E: Uncertainty","E: Erroneous Data","E: Uncertainty","E: Uncertainty","E: Erroneous Data","E: Uncertainty","E: Uncertainty","E: Uncertainty","E: Erroneous Data","E: Erroneous Data","E: Erroneous Data","E: Erroneous Data","E: Erroneous Data","E: Erroneous Data","E: Erroneous Data","E: Erroneous Data"
"2024-02-10 23:00:00","PM10",NA,0,NA,373.8369,106.5644,145.5191,49.7177,4.1315,0,0.9392,2.2766,536.218,0,0,28.8891,19.6207,0,0,4.4926,0,8.3679,NA,0,NA,0,22.661,0,NA,0,NA,NA,NA,16.2061,0,0,0,0,0,10.0573,0,"E: Uncertainty",NA,"E: Uncertainty",NA,NA,NA,NA,NA,NA,NA,NA,NA,NA,NA,NA,NA,NA,NA,NA,NA,NA,"E: Uncertainty",NA,"E: Uncertainty",NA,NA,NA,"E: Uncertainty",NA,"E: Uncertainty","E: Uncertainty","E: Uncertainty",NA,NA,NA,NA,NA,NA,NA,NA
"2024-02-11 00:30:00","PM2.5",NA,0,0,334.696,91.7658,372.7565,6.1984,7.2467,0,NA,NA,210.1037,0,0,16.9284,19.2897,0,0,3.9768,NA,11.4473,NA,0,0,0,NA,NA,0,0,NA,NA,NA,NA,0,0,0,0,0,7.1044,3.7984,"E: Uncertainty",NA,NA,NA,NA,NA,NA,NA,NA,"E: Uncertainty","E: Uncertainty",NA,NA,NA,NA,NA,NA,NA,NA,"E: Uncertainty",NA,"E: Uncertainty",NA,NA,NA,"E: Uncertainty","E: Uncertainty",NA,NA,"E: Uncertainty","E: Uncertainty","E: Uncertainty","E: Uncertainty",NA,NA,NA,NA,NA,NA,NA
"2024-02-11 01:00:00","PM10",NA,NA,NA,NA,NA,NA,NA,NA,NA,NA,NA,NA,NA,NA,NA,NA,NA,NA,NA,NA,NA,NA,NA,NA,NA,NA,NA,NA,NA,NA,NA,NA,NA,NA,NA,NA,NA,NA,NA,NA,"E: Erroneous Data","E: Erroneous Data","E: Erroneous Data","E: Erroneous Data","E: Erroneous Data","E: Erroneous Data","E: Erroneous Data","E: Erroneous Data","E: Erroneous Data","E: Erroneous Data","E: Erroneous Data","E: Erroneous Data","E: Erroneous Data","E: Uncertainty","E: Erroneous Data","E: Erroneous Data","E: Erroneous Data","E: Erroneous Data","E: Erroneous Data","E: Erroneous Data","E: Erroneous Data","E: Erroneous Data","E: Erroneous Data","E: Uncertainty","E: Erroneous Data","E: Erroneous Data","E: Uncertainty","E: Uncertainty","E: Erroneous Data","E: Uncertainty","E: Uncertainty","E: Uncertainty","E: Erroneous Data","E: Erroneous Data","E: Erroneous Data","E: Erroneous Data","E: Erroneous Data","E: Erroneous Data","E: Erroneous Data","E: Uncertainty"
"2024-02-11 02:00:00","PM2.5",NA,NA,NA,NA,NA,NA,NA,NA,NA,NA,NA,NA,NA,NA,NA,NA,NA,NA,NA,NA,NA,NA,NA,NA,NA,NA,NA,NA,NA,NA,NA,NA,NA,NA,NA,NA,NA,NA,NA,NA,"E: Uncertainty","E: Erroneous Data","E: Erroneous Data","E: Erroneous Data","E: Erroneous Data","E: Erroneous Data","E: Uncertainty","E: Erroneous Data","E: Erroneous Data","E: Uncertainty","E: Uncertainty","E: Erroneous Data","E: Erroneous Data","E: Uncertainty","E: Erroneous Data","E: Erroneous Data","E: Erroneous Data","E: Erroneous Data","E: Erroneous Data","E: Erroneous Data","E: Erroneous Data","E: Uncertainty","E: Erroneous Data","E: Uncertainty","E: Uncertainty","E: Erroneous Data","E: Uncertainty","E: Uncertainty","E: Erroneous Data","E: Erroneous Data","E: Erroneous Data","E: Uncertainty","E: Erroneous Data","E: Erroneous Data","E: Erroneous Data","E: Erroneous Data","E: Erroneous Data","E: Erroneous Data","E: Erroneous Data","E: Erroneous Data"
"2024-02-11 03:00:00","PM10",NA,0,0,381.9243,0,135.4479,3.2447,0,1.4928,NA,NA,89.8415,0,NA,2.4703,13.2605,0,0,2.4318,NA,8.2437,NA,0,0,0,13.3782,NA,NA,0,NA,NA,0,NA,0,0,0,0,0,7.425,0,"E: Uncertainty",NA,NA,NA,NA,NA,NA,NA,NA,"E: Uncertainty","E: Uncertainty",NA,NA,"E: Uncertainty",NA,NA,NA,NA,NA,"E: Uncertainty",NA,"E: Uncertainty",NA,NA,NA,NA,"E: Uncertainty","E: Uncertainty",NA,"E: Uncertainty","E: Uncertainty",NA,"E: Uncertainty",NA,NA,NA,NA,NA,NA,NA
"2024-02-11 04:00:00","PM2.5",807.7358,0,0,273.8609,0,105.9673,0,NA,1.0184,0,0,29.0538,NA,0,1.5176,11.393,0,0,1.5689,0,3.8981,NA,0,0,0,NA,NA,0,0,0,NA,NA,0,0,0,0,0,0,7.7299,0,NA,NA,NA,NA,NA,NA,NA,"E: Uncertainty",NA,NA,NA,NA,"E: Uncertainty",NA,NA,NA,NA,NA,NA,NA,NA,"E: Uncertainty",NA,NA,NA,"E: Uncertainty","E: Uncertainty",NA,NA,NA,"E: Uncertainty","E: Uncertainty",NA,NA,NA,NA,NA,NA,NA,NA
"2024-02-11 05:00:00","PM10",NA,0,0,341.0357,0,110.0662,NA,NA,NA,0,NA,34.3925,0,NA,1.5829,10.7689,0,0,0.6481,0,4.2105,NA,0,0,0,0,NA,0,0,0,NA,NA,0,0,NA,0,0,0,9.4884,0,"E: Uncertainty",NA,NA,NA,NA,NA,"E: Uncertainty","E: Uncertainty","E: Uncertainty",NA,"E: Uncertainty",NA,NA,"E: Uncertainty",NA,NA,NA,NA,NA,NA,NA,"E: Uncertainty",NA,NA,NA,NA,"E: Uncertainty",NA,NA,NA,"E: Uncertainty","E: Uncertainty",NA,NA,"E: Uncertainty",NA,NA,NA,NA,NA
"2024-02-11 06:00:00","PM2.5",NA,0,0,331.9945,0,89.1773,NA,NA,NA,0,0,19.2206,0,0,0.8011,7.4589,0,0,0.5921,0,3.9143,NA,0,0,0,NA,NA,0,0,0,NA,0,0,0,0,0,0,0,6.1617,0,"E: Uncertainty",NA,NA,NA,NA,NA,"E: Uncertainty","E: Uncertainty","E: Uncertainty",NA,NA,NA,NA,NA,NA,NA,NA,NA,NA,NA,NA,"E: Uncertainty",NA,NA,NA,"E: Uncertainty","E: Uncertainty",NA,NA,NA,"E: Uncertainty",NA,NA,NA,NA,NA,NA,NA,NA,NA
"2024-02-11 07:00:00","PM10",NA,0,0,479.5261,0,83.9375,15.7779,0,NA,0,NA,54.2991,0,NA,1.5675,8.2659,0,0,1.0388,NA,4.4428,NA,NA,0,0,NA,NA,NA,0,NA,0,NA,NA,0,0,0,0,0,5.3685,0,"E: Uncertainty",NA,NA,NA,NA,NA,NA,NA,"E: Uncertainty",NA,"E: Uncertainty",NA,NA,"E: Uncertainty",NA,NA,NA,NA,NA,"E: Uncertainty",NA,"E: Uncertainty","E: Uncertainty",NA,NA,"E: Uncertainty","E: Uncertainty","E: Uncertainty",NA,"E: Uncertainty",NA,"E: Uncertainty","E: Uncertainty",NA,NA,NA,NA,NA,NA,NA
"2024-02-11 08:00:00","PM2.5",NA,0,0,490.6851,0,44.8663,5.2841,0,NA,0,NA,16.401,0,NA,0.8793,5.352,0,0,0.6059,0,3.5579,0,NA,0,0,0,0,0,0,NA,0,NA,0,0,0,0,NA,0,3.0583,0,"E: Uncertainty",NA,NA,NA,NA,NA,NA,NA,"E: Uncertainty",NA,"E: Uncertainty",NA,NA,"E: Uncertainty",NA,NA,NA,NA,NA,NA,NA,NA,"E: Uncertainty",NA,NA,NA,NA,NA,NA,"E: Uncertainty",NA,"E: Uncertainty",NA,NA,NA,NA,"E: Uncertainty",NA,NA,NA
"2024-02-11 09:00:00","PM10",NA,0,0,807.8168,410.1366,72.0925,40.6451,NA,NA,0,NA,52.856,0,0,1.9006,6.565,0,0,0,NA,5.2314,NA,NA,NA,NA,0,NA,NA,0,NA,NA,0,NA,0,0,0,0,0,5.0094,0,"E: Uncertainty",NA,NA,NA,NA,NA,NA,"E: Uncertainty","E: Uncertainty",NA,"E: Uncertainty",NA,NA,NA,NA,NA,NA,NA,NA,"E: Uncertainty",NA,"E: Uncertainty","E: Uncertainty","E: Uncertainty","E: Uncertainty",NA,"E: Uncertainty","E: Uncertainty",NA,"E: Uncertainty","E: Uncertainty",NA,"E: Uncertainty",NA,NA,NA,NA,NA,NA,NA
"2024-02-11 10:00:00","PM2.5",0,0,0,840.8064,26.1168,54.6697,18.4741,0,NA,NA,NA,40.9231,0,NA,2.4254,4.6679,0,0,0,0,4.9194,NA,0,0,0,14.5295,NA,NA,0,0,0,NA,NA,0,0,0,NA,0,3.8439,0,NA,NA,NA,NA,NA,NA,NA,NA,"E: Uncertainty","E: Uncertainty","E: Uncertainty",NA,NA,"E: Uncertainty",NA,NA,NA,NA,NA,NA,NA,"E: Uncertainty",NA,NA,NA,NA,"E: Uncertainty","E: Uncertainty",NA,NA,NA,"E: Uncertainty","E: Uncertainty",NA,NA,NA,"E: Uncertainty",NA,NA,NA
"2024-02-11 11:00:00","PM10",NA,0,0,908.5231,524.811,72.041,55.0199,1.886,0,0,0,68.37,0,0,2.9235,5.2796,0,0,0.7947,NA,5.3711,NA,0,NA,0,12.8795,0,NA,0,0,NA,0,0,0,NA,0,0,0,2.0226,0,"E: Uncertainty",NA,NA,NA,NA,NA,NA,NA,NA,NA,NA,NA,NA,NA,NA,NA,NA,NA,NA,"E: Uncertainty",NA,"E: Uncertainty",NA,"E: Uncertainty",NA,NA,NA,"E: Uncertainty",NA,NA,"E: Uncertainty",NA,NA,NA,"E: Uncertainty",NA,NA,NA,NA,NA
"2024-02-11 12:00:00","PM2.5",NA,0,0,594.6844,120.6876,43.9013,21.0307,1.2001,0,NA,0,35.54,0,0,1.4688,4.6846,0,0,0.8226,NA,4.9695,NA,0,NA,0,11.4002,NA,0,0,0,NA,0,NA,0,0,0,0,0,2.8475,0,"E: Uncertainty",NA,NA,NA,NA,NA,NA,NA,NA,"E: Uncertainty",NA,NA,NA,NA,NA,NA,NA,NA,NA,"E: Uncertainty",NA,"E: Uncertainty",NA,"E: Uncertainty",NA,NA,"E: Uncertainty",NA,NA,NA,"E: Uncertainty",NA,"E: Uncertainty",NA,NA,NA,NA,NA,NA,NA
"2024-02-11 13:00:00","PM10",NA,0,0,549.6679,681.2601,63.0052,60.3775,2.0135,0,NA,0,77.0061,0,0,2.2971,4.806,0,0,0.7382,NA,4.6817,NA,0,0,0,NA,NA,0,0,NA,0,NA,NA,0,0,0,0.0076,0,2.6334,0,"E: Uncertainty",NA,NA,NA,NA,NA,NA,NA,NA,"E: Uncertainty",NA,NA,NA,NA,NA,NA,NA,NA,NA,"E: Uncertainty",NA,"E: Uncertainty",NA,NA,NA,"E: Uncertainty","E: Uncertainty",NA,NA,"E: Uncertainty",NA,"E: Uncertainty","E: Uncertainty",NA,NA,NA,NA,NA,NA,NA
"2024-02-11 14:00:00","PM2.5",NA,NA,NA,NA,NA,NA,NA,NA,NA,NA,NA,NA,NA,NA,NA,NA,NA,NA,NA,NA,NA,NA,NA,NA,NA,NA,NA,NA,NA,NA,NA,NA,NA,NA,NA,NA,NA,NA,NA,NA,"E: Erroneous Data","E: Erroneous Data","E: Erroneous Data","E: Erroneous Data","E: Erroneous Data","E: Erroneous Data","E: Erroneous Data","E: Uncertainty","E: Erroneous Data","E: Erroneous Data","E: Erroneous Data","E: Erroneous Data","E: Uncertainty","E: Uncertainty","E: Erroneous Data","E: Erroneous Data","E: Erroneous Data","E: Erroneous Data","E: Erroneous Data","E: Erroneous Data","E: Erroneous Data","E: Uncertainty","E: Erroneous Data","E: Erroneous Data","E: Erroneous Data","E: Erroneous Data","E: Uncertainty","E: Erroneous Data","E: Erroneous Data","E: Uncertainty","E: Uncertainty","E: Erroneous Data","E: Uncertainty","E: Erroneous Data","E: Erroneous Data","E: Erroneous Data","E: Erroneous Data","E: Erroneous Data","E: Erroneous Data","E: Erroneous Data"
"2024-02-11 15:00:00","PM10",NA,NA,NA,NA,NA,NA,NA,NA,NA,NA,NA,NA,NA,NA,NA,NA,NA,NA,NA,NA,NA,NA,NA,NA,NA,NA,NA,NA,NA,NA,NA,NA,NA,NA,NA,NA,NA,NA,NA,NA,"E: Erroneous Data","E: Erroneous Data","E: Erroneous Data","E: Erroneous Data","E: Erroneous Data","E: Erroneous Data","E: Erroneous Data","E: Uncertainty","E: Erroneous Data","E: Uncertainty","E: Uncertainty","E: Erroneous Data","E: Erroneous Data","E: Uncertainty","E: Erroneous Data","E: Erroneous Data","E: Erroneous Data","E: Erroneous Data","E: Erroneous Data","E: Uncertainty","E: Erroneous Data","E: Uncertainty","E: Erroneous Data","E: Erroneous Data","E: Erroneous Data","E: Uncertainty","E: Erroneous Data","E: Uncertainty","E: Erroneous Data","E: Erroneous Data","E: Uncertainty","E: Uncertainty","E: Uncertainty","E: Erroneous Data","E: Erroneous Data","E: Erroneous Data","E: Erroneous Data","E: Erroneous Data","E: Erroneous Data","E: Erroneous Data"
"2024-02-11 16:00:00","PM2.5",NA,NA,NA,NA,NA,NA,NA,NA,NA,NA,NA,NA,NA,NA,NA,NA,NA,NA,NA,NA,NA,NA,NA,NA,NA,NA,NA,NA,NA,NA,NA,NA,NA,NA,NA,NA,NA,NA,NA,NA,"E: Uncertainty","E: Erroneous Data","E: Uncertainty","E: Erroneous Data","E: Erroneous Data","E: Erroneous Data","E: Erroneous Data","E: Erroneous Data","E: Erroneous Data","E: Uncertainty","E: Erroneous Data","E: Erroneous Data","E: Uncertainty","E: Erroneous Data","E: Erroneous Data","E: Erroneous Data","E: Erroneous Data","E: Erroneous Data","E: Erroneous Data","E: Erroneous Data","E: Erroneous Data","E: Uncertainty","E: Erroneous Data","E: Erroneous Data","E: Erroneous Data","E: Erroneous Data","E: Uncertainty","E: Uncertainty","E: Erroneous Data","E: Erroneous Data","E: Erroneous Data","E: Uncertainty","E: Uncertainty","E: Erroneous Data","E: Erroneous Data","E: Erroneous Data","E: Erroneous Data","E: Erroneous Data","E: Erroneous Data","E: Erroneous Data"
"2024-02-11 17:00:00","PM10",NA,0,0,87.509,779.9121,32.7937,32.7218,1.1001,0,NA,NA,158.5384,0,0,13.6667,4.5831,0,0,0.5364,0,2.5007,NA,0,0,0,24.1526,0,NA,NA,NA,NA,NA,NA,0,0,0,0,0,1.8157,0,"E: Uncertainty",NA,NA,NA,NA,NA,NA,NA,NA,"E: Uncertainty","E: Uncertainty",NA,NA,NA,NA,NA,NA,NA,NA,NA,NA,"E: Uncertainty",NA,NA,NA,NA,NA,"E: Uncertainty","E: Uncertainty","E: Uncertainty","E: Uncertainty","E: Uncertainty","E: Uncertainty",NA,NA,NA,NA,NA,NA,NA
"2024-02-11 18:00:00","PM2.5",NA,0,0,53.9272,430.9524,25.9351,14.1986,0,NA,NA,0,49.8217,0,0.0112,3.6487,2.18,0,0,0,0,1.3057,NA,0,0,0,24.3277,0,0,0,0,NA,NA,NA,0,NA,0,0,0,1.2386,0,"E: Uncertainty",NA,NA,NA,NA,NA,NA,NA,"E: Uncertainty","E: Uncertainty",NA,NA,NA,NA,NA,NA,NA,NA,NA,NA,NA,"E: Uncertainty",NA,NA,NA,NA,NA,NA,NA,NA,"E: Uncertainty","E: Uncertainty","E: Uncertainty",NA,"E: Uncertainty",NA,NA,NA,NA,NA
"2024-02-11 19:00:00","PM10",NA,0,NA,91.6987,996.3542,40.1997,36.1365,NA,0,NA,NA,192.189,0,0,14.1164,3.9256,0,0,0,0,2.0733,NA,0,NA,0,8.6872,0,0,0,0,0,NA,5.3248,0,0,0,0,0,NA,0,"E: Uncertainty",NA,"E: Uncertainty",NA,NA,NA,NA,"E: Uncertainty",NA,"E: Uncertainty","E: Uncertainty",NA,NA,NA,NA,NA,NA,NA,NA,NA,NA,"E: Uncertainty",NA,"E: Uncertainty",NA,NA,NA,NA,NA,NA,NA,"E: Uncertainty",NA,NA,NA,NA,NA,NA,"E: Uncertainty",NA
"2024-02-11 20:00:00","PM2.5",NA,NA,NA,NA,NA,NA,NA,NA,NA,NA,NA,NA,NA,NA,NA,NA,NA,NA,NA,NA,NA,NA,NA,NA,NA,NA,NA,NA,NA,NA,NA,NA,NA,NA,NA,NA,NA,NA,NA,NA,"E: Uncertainty","E: Erroneous Data","E: Erroneous Data","E: Erroneous Data","E: Erroneous Data","E: Erroneous Data","E: Erroneous Data","E: Erroneous Data","E: Erroneous Data","E: Erroneous Data","E: Uncertainty","E: Erroneous Data","E: Erroneous Data","E: Erroneous Data","E: Erroneous Data","E: Erroneous Data","E: Erroneous Data","E: Erroneous Data","E: Uncertainty","E: Erroneous Data","E: Erroneous Data","E: Uncertainty","E: Erroneous Data","E: Erroneous Data","E: Erroneous Data","E: Uncertainty","E: Erroneous Data","E: Erroneous Data","E: Erroneous Data","E: Erroneous Data","E: Erroneous Data","E: Erroneous Data","E: Erroneous Data","E: Erroneous Data","E: Erroneous Data","E: Erroneous Data","E: Erroneous Data","E: Erroneous Data","E: Erroneous Data","E: Erroneous Data"
"2024-02-11 21:00:00","PM10",NA,NA,NA,NA,NA,NA,NA,NA,NA,NA,NA,NA,NA,NA,NA,NA,NA,NA,NA,NA,NA,NA,NA,NA,NA,NA,NA,NA,NA,NA,NA,NA,NA,NA,NA,NA,NA,NA,NA,NA,"E: Erroneous Data","E: Erroneous Data","E: Erroneous Data","E: Erroneous Data","E: Erroneous Data","E: Erroneous Data","E: Erroneous Data","E: Erroneous Data","E: Erroneous Data","E: Erroneous Data","E: Uncertainty","E: Erroneous Data","E: Erroneous Data","E: Erroneous Data","E: Erroneous Data","E: Erroneous Data","E: Erroneous Data","E: Erroneous Data","E: Erroneous Data","E: Erroneous Data","E: Erroneous Data","E: Uncertainty","E: Erroneous Data","E: Erroneous Data","E: Erroneous Data","E: Erroneous Data","E: Uncertainty","E: Erroneous Data","E: Erroneous Data","E: Uncertainty","E: Uncertainty","E: Uncertainty","E: Erroneous Data","E: Erroneous Data","E: Erroneous Data","E: Erroneous Data","E: Erroneous Data","E: Erroneous Data","E: Erroneous Data","E: Erroneous Data"
"2024-02-11 22:00:00","PM2.5",NA,NA,NA,NA,NA,NA,NA,NA,NA,NA,NA,NA,NA,NA,NA,NA,NA,NA,NA,NA,NA,NA,NA,NA,NA,NA,NA,NA,NA,NA,NA,NA,NA,NA,NA,NA,NA,NA,NA,NA,"E: Uncertainty","E: Erroneous Data","E: Erroneous Data","E: Erroneous Data","E: Erroneous Data","E: Erroneous Data","E: Erroneous Data","E: Erroneous Data","E: Uncertainty","E: Erroneous Data","E: Erroneous Data","E: Erroneous Data","E: Uncertainty","E: Erroneous Data","E: Erroneous Data","E: Erroneous Data","E: Erroneous Data","E: Erroneous Data","E: Erroneous Data","E: Erroneous Data","E: Erroneous Data","E: Uncertainty","E: Erroneous Data","E: Erroneous Data","E: Erroneous Data","E: Uncertainty","E: Erroneous Data","E: Uncertainty","E: Erroneous Data","E: Uncertainty","E: Uncertainty","E: Uncertainty","E: Uncertainty","E: Erroneous Data","E: Erroneous Data","E: Erroneous Data","E: Erroneous Data","E: Erroneous Data","E: Uncertainty","E: Erroneous Data"
"2024-02-11 23:00:00","PM10",NA,0,NA,81.2371,758.3417,49.8661,22.9101,NA,0,0,0,48.4211,0,0,4.2553,2.4526,0,0,0,0,1.6295,0,0,0,0,NA,0,0,NA,0,NA,NA,0,0,NA,NA,0,0,NA,0,"E: Uncertainty",NA,"E: Uncertainty",NA,NA,NA,NA,"E: Uncertainty",NA,NA,NA,NA,NA,NA,NA,NA,NA,NA,NA,NA,NA,NA,NA,NA,NA,"E: Uncertainty",NA,NA,"E: Uncertainty",NA,"E: Uncertainty","E: Uncertainty",NA,NA,"E: Uncertainty","E: Uncertainty",NA,NA,"E: Uncertainty",NA
"2024-02-12 00:30:00","PM2.5",0,0,0,35.7138,394.0888,33.1873,12.6743,NA,0,0,0,11.6947,NA,0.0174,NA,0.8528,0,0,0,NA,1.1812,NA,0,0,0,28.5906,NA,NA,0,0,NA,NA,0,0,NA,0,0.0021,0,NA,0,NA,NA,NA,NA,NA,NA,NA,"E: Uncertainty",NA,NA,NA,NA,"E: Uncertainty",NA,"E: Uncertainty",NA,NA,NA,NA,"E: Uncertainty",NA,"E: Uncertainty",NA,NA,NA,NA,"E: Uncertainty","E: Uncertainty",NA,NA,"E: Uncertainty","E: Uncertainty",NA,NA,"E: Uncertainty",NA,NA,NA,"E: Uncertainty",NA
"2024-02-12 01:00:00","PM10",NA,0,0,88.8103,1201.3259,51.1016,30.1902,NA,0,0,0,15.3538,0,0,0.7408,0.8624,0,0,NA,0,2.4115,NA,0,0,0,12.7456,NA,0,0,0,NA,0,0,0,0,0,0,0,0,0,"E: Uncertainty",NA,NA,NA,NA,NA,NA,"E: Uncertainty",NA,NA,NA,NA,NA,NA,NA,NA,NA,NA,"E: Uncertainty",NA,NA,"E: Uncertainty",NA,NA,NA,NA,"E: Uncertainty",NA,NA,NA,"E: Uncertainty",NA,NA,NA,NA,NA,NA,NA,NA,NA
"2024-02-12 02:00:00","PM2.5",604.8505,0,0,71.3651,437.6289,35.8382,12.8154,0,NA,0,0.0059,5.7726,0.0075,0,0.7083,0.867,0,0,NA,NA,0.6787,NA,0,0,NA,NA,NA,0,0,NA,NA,NA,NA,0,0,0,NA,0,0,0,NA,NA,NA,NA,NA,NA,NA,NA,"E: Uncertainty",NA,NA,NA,NA,NA,NA,NA,NA,NA,"E: Uncertainty","E: Uncertainty",NA,"E: Uncertainty",NA,NA,"E: Uncertainty","E: Uncertainty","E: Uncertainty",NA,NA,"E: Uncertainty","E: Uncertainty","E: Uncertainty","E: Uncertainty",NA,NA,NA,"E: Uncertainty",NA,NA,NA
"2024-02-12 03:00:00","PM10",0,0,0,133.2498,1404.8216,95.0306,46.0057,NA,0,NA,NA,12.336,0,NA,0.5122,1.5751,0,0,0,NA,2.5636,NA,NA,0,0,NA,NA,NA,0,0,0,NA,0,0,0,0,0,0,0.7936,0,NA,NA,NA,NA,NA,NA,NA,"E: Uncertainty",NA,"E: Uncertainty","E: Uncertainty",NA,NA,"E: Uncertainty",NA,NA,NA,NA,NA,"E: Uncertainty",NA,"E: Uncertainty","E: Uncertainty",NA,NA,"E: Uncertainty","E: Uncertainty","E: Uncertainty",NA,NA,NA,"E: Uncertainty",NA,NA,NA,NA,NA,NA,NA,NA
"2024-02-12 04:00:00","PM2.5",NA,0,NA,75.4991,434.1949,52.1984,12.2091,0,7e-04,NA,0,7.3803,NA,0,NA,1.2071,NA,0,0,0,1.0686,NA,0,0,0,9.8717,0.0999,0,0,NA,NA,0,0,0,0,0,0,0,0.9811,0,"E: Uncertainty",NA,"E: Uncertainty",NA,NA,NA,NA,NA,NA,"E: Uncertainty",NA,NA,"E: Uncertainty",NA,"E: Uncertainty",NA,"E: Uncertainty",NA,NA,NA,NA,"E: Uncertainty",NA,NA,NA,NA,NA,NA,NA,"E: Uncertainty","E: Uncertainty",NA,NA,NA,NA,NA,NA,NA,NA,NA
"2024-02-12 05:00:00","PM10",0,0,0,60.919,522.148,34.1048,17.0921,0,0,0,0,12.1932,0,0,0.6331,1.337,0,0,NA,NA,0.5813,NA,0,0,0,NA,0,NA,0.1171,NA,NA,NA,0.0217,0,NA,0,0,0,NA,0,NA,NA,NA,NA,NA,NA,NA,NA,NA,NA,NA,NA,NA,NA,NA,NA,NA,NA,"E: Uncertainty","E: Uncertainty",NA,"E: Uncertainty",NA,NA,NA,"E: Uncertainty",NA,"E: Uncertainty",NA,"E: Uncertainty","E: Uncertainty","E: Uncertainty",NA,NA,"E: Uncertainty",NA,NA,NA,"E: Uncertainty",NA
"2024-02-12 06:00:00","PM2.5",0,0,0,38.3897,133.8806,21.6948,5.5744,0,0,0,0,28.6266,0,0,2.3827,1.11,0,0,0,0,NA,NA,0,0,0,13.2264,NA,0,0,NA,NA,NA,NA,0,0,0,0,0,NA,0,NA,NA,NA,NA,NA,NA,NA,NA,NA,NA,NA,NA,NA,NA,NA,NA,NA,NA,NA,NA,"E: Uncertainty","E: Uncertainty",NA,NA,NA,NA,"E: Uncertainty",NA,NA,"E: Uncertainty","E: Uncertainty","E: Uncertainty","E: Uncertainty",NA,NA,NA,NA,NA,"E: Uncertainty",NA
"2024-02-12 07:00:00","PM10",732.6761,0,0,77.4015,602.6184,42.4374,25.397,NA,0,NA,NA,126.5415,0,0,3.7811,2.7249,0,0,0,0,1.3194,NA,0,NA,0,14.8473,0,0,0,NA,0,0,NA,0,0.0152,0,0,0,NA,0,NA,NA,NA,NA,NA,NA,NA,"E: Uncertainty",NA,"E: Uncertainty","E: Uncertainty",NA,NA,NA,NA,NA,NA,NA,NA,NA,NA,"E: Uncertainty",NA,"E: Uncertainty",NA,NA,NA,NA,NA,"E: Uncertainty",NA,NA,"E: Uncertainty",NA,NA,NA,NA,NA,"E: Uncertainty",NA
"2024-02-12 08:00:00","PM2.5",NA,0,0,75.8081,272.3046,40.1406,19.1527,NA,0,0,NA,58.3867,0,0,1.9659,2.3664,0,0,0,0,0.9514,NA,0,0,0,10.8569,0,0,0,0,NA,NA,NA,0,0,0,0,0,NA,0,"E: Uncertainty",NA,NA,NA,NA,NA,NA,"E: Uncertainty",NA,NA,"E: Uncertainty",NA,NA,NA,NA,NA,NA,NA,NA,NA,NA,"E: Uncertainty",NA,NA,NA,NA,NA,NA,NA,NA,"E: Uncertainty","E: Uncertainty","E: Uncertainty",NA,NA,NA,NA,NA,"E: Uncertainty",NA
"2024-02-12 09:00:00","PM10",NA,0,0,119.6406,1199.5144,56.0573,57.2196,1.068,0,0,NA,100.2923,0,0,5.5253,9.5128,0,0,0,0,2.2797,NA,0,0,0,NA,0,0,0,0,NA,NA,NA,0,0,0,NA,0,NA,0,"E: Uncertainty",NA,NA,NA,NA,NA,NA,NA,NA,NA,"E: Uncertainty",NA,NA,NA,NA,NA,NA,NA,NA,NA,NA,"E: Uncertainty",NA,NA,NA,"E: Uncertainty",NA,NA,NA,NA,"E: Uncertainty","E: Uncertainty","E: Uncertainty",NA,NA,NA,"E: Uncertainty",NA,"E: Uncertainty",NA
"2024-02-12 10:00:00","PM2.5",NA,0,0,82.9537,672.9905,33.954,24.5057,NA,NA,NA,NA,31.6347,0,NA,3.5703,5.4965,0,0,0,0,1.3922,NA,0,0,0,11.7793,NA,0,0,0,NA,NA,0,0,0,0,0,0,NA,0,"E: Uncertainty",NA,NA,NA,NA,NA,NA,"E: Uncertainty","E: Uncertainty","E: Uncertainty","E: Uncertainty",NA,NA,"E: Uncertainty",NA,NA,NA,NA,NA,NA,NA,"E: Uncertainty",NA,NA,NA,NA,"E: Uncertainty",NA,NA,NA,"E: Uncertainty","E: Uncertainty",NA,NA,NA,NA,NA,NA,"E: Uncertainty",NA
"2024-02-12 11:00:00","PM10",NA,0,0,153.5796,2167.1335,59.6739,80.6824,NA,0,NA,NA,50.7811,NA,0,4.1749,7.0223,0,0,0,0,4.0054,NA,0,0,0,21.294,NA,0,0,NA,NA,NA,0,0,0,0,0,0,NA,0,"E: Uncertainty",NA,NA,NA,NA,NA,NA,"E: Uncertainty",NA,"E: Uncertainty","E: Uncertainty",NA,"E: Uncertainty",NA,NA,NA,NA,NA,NA,NA,NA,"E: Uncertainty",NA,NA,NA,NA,"E: Uncertainty",NA,NA,"E: Uncertainty","E: Uncertainty","E: Uncertainty",NA,NA,NA,NA,NA,NA,"E: Uncertainty",NA
"2024-02-12 12:00:00","PM2.5",935.2179,0,0,69.2911,977.5037,23.2549,32.5839,NA,0,0,0,22.9142,0,NA,1.6872,3.5509,0,0,0,0,1.6854,NA,0,0,0,12.4273,0,NA,0,0,0,0,0,0,0,0,0,0,NA,0,NA,NA,NA,NA,NA,NA,NA,"E: Uncertainty",NA,NA,NA,NA,NA,"E: Uncertainty",NA,NA,NA,NA,NA,NA,NA,"E: Uncertainty",NA,NA,NA,NA,NA,"E: Uncertainty",NA,NA,NA,NA,NA,NA,NA,NA,NA,NA,"E: Uncertainty",NA
"2024-02-12 13:00:00","PM10",609.7199,0,0,113.5457,1980.6695,45.9731,79.096,1.7462,0.0079,0,0,60.1856,0,0,1.8655,5.0182,0,0,0,NA,4.0403,NA,0,0,0,10.7896,NA,0,0,0,NA,NA,0,0,0,0,0,0,NA,0,NA,NA,NA,NA,NA,NA,NA,NA,NA,NA,NA,NA,NA,NA,NA,NA,NA,NA,NA,"E: Uncertainty",NA,"E: Uncertainty",NA,NA,NA,NA,"E: Uncertainty",NA,NA,NA,"E: Uncertainty","E: Uncertainty",NA,NA,NA,NA,NA,NA,"E: Uncertainty",NA
"2024-02-12 14:00:00","PM2.5",NA,0,0,61.3448,885.935,25.0156,35.7788,NA,0,0,0,44.8409,0,NA,1.8614,1.6121,0,0,NA,NA,1.396,1.4847,0,0,0,21.5767,0,NA,0,0,NA,NA,NA,0,0,0,0,0,0,0,"E: Uncertainty",NA,NA,NA,NA,NA,NA,"E: Uncertainty",NA,NA,NA,NA,NA,"E: Uncertainty",NA,NA,NA,NA,"E: Uncertainty","E: Uncertainty",NA,NA,NA,NA,NA,NA,NA,"E: Uncertainty",NA,NA,"E: Uncertainty","E: Uncertainty","E: Uncertainty",NA,NA,NA,NA,NA,NA,NA
"2024-02-12 15:00:00","PM10",5.0659,0,NA,117.0649,1699.3539,43.0938,86.2346,2.3448,0,NA,0,74.9595,NA,0,2.146,2.314,0,0,0,NA,2.7154,2.1017,0,0,0,15.6288,NA,0,0,NA,NA,NA,NA,0,0,0,0,0,NA,0,NA,NA,"E: Uncertainty",NA,NA,NA,NA,NA,NA,"E: Uncertainty",NA,NA,"E: Uncertainty",NA,NA,NA,NA,NA,NA,"E: Uncertainty",NA,NA,NA,NA,NA,NA,"E: Uncertainty",NA,NA,"E: Uncertainty","E: Uncertainty","E: Uncertainty","E: Uncertainty",NA,NA,NA,NA,NA,"E: Uncertainty",NA
"2024-02-12 16:00:00","PM2.5",NA,0,0,58.0355,528.6743,22.0079,25.2863,NA,0,NA,0,41.9444,NA,0,2.0544,1.8692,0,0,NA,0,1.1399,NA,0,0,0,10.8399,0.0138,NA,0,0,NA,NA,NA,0,0,0,NA,0,0,0,"E: Uncertainty",NA,NA,NA,NA,NA,NA,"E: Uncertainty",NA,"E: Uncertainty",NA,NA,"E: Uncertainty",NA,NA,NA,NA,NA,"E: Uncertainty",NA,NA,"E: Uncertainty",NA,NA,NA,NA,NA,"E: Uncertainty",NA,NA,"E: Uncertainty","E: Uncertainty","E: Uncertainty",NA,NA,NA,"E: Uncertainty",NA,NA,NA
"2024-02-12 17:00:00","PM10",609.1376,0,0,104.0239,1284.0247,49.1831,93.0549,4.0923,0,NA,NA,125.9656,0,NA,4.0562,4.2037,0,0,0.6392,NA,2.2194,NA,0,NA,NA,26.4758,0,NA,0,NA,NA,NA,NA,0,0,0,0,0,3.4857,0,NA,NA,NA,NA,NA,NA,NA,NA,NA,"E: Uncertainty","E: Uncertainty",NA,NA,"E: Uncertainty",NA,NA,NA,NA,NA,"E: Uncertainty",NA,"E: Uncertainty",NA,"E: Uncertainty","E: Uncertainty",NA,NA,"E: Uncertainty",NA,"E: Uncertainty","E: Uncertainty","E: Uncertainty","E: Uncertainty",NA,NA,NA,NA,NA,NA,NA
"2024-02-12 18:00:00","PM2.5",NA,0,0,83.7779,509.1067,39.6291,24.5179,NA,0,0.0032,0,46.4242,0,0,1.2776,4.0427,0,0,0.9006,0,0.8776,NA,0,0,0,NA,NA,NA,NA,NA,NA,NA,0,0,NA,0,0,0,6.2652,0,"E: Uncertainty",NA,NA,NA,NA,NA,NA,"E: Uncertainty",NA,NA,NA,NA,NA,NA,NA,NA,NA,NA,NA,NA,NA,"E: Uncertainty",NA,NA,NA,"E: Uncertainty","E: Uncertainty","E: Uncertainty","E: Uncertainty","E: Uncertainty","E: Uncertainty","E: Uncertainty",NA,NA,"E: Uncertainty",NA,NA,NA,NA,NA
"2024-02-12 19:00:00","PM10",NA,0,0,123.1096,1479.0713,68.8434,66.6282,1.1622,0,NA,0.9062,100.5403,0,0,1.961,10.2527,NA,0,1.4973,0,2.9622,NA,0,0,0,16.2799,0,0,0,NA,NA,0,NA,0,0,0,0,0,21.2044,0,"E: Uncertainty",NA,NA,NA,NA,NA,NA,NA,NA,"E: Uncertainty",NA,NA,NA,NA,NA,NA,"E: Uncertainty",NA,NA,NA,NA,"E: Uncertainty",NA,NA,NA,NA,NA,NA,NA,"E: Uncertainty","E: Uncertainty",NA,"E: Uncertainty",NA,NA,NA,NA,NA,NA,NA
"2024-02-12 20:00:00","PM2.5",NA,0,0,71.0803,593.573,53.8292,23.4284,0,0,0,0.8487,35.7641,0,NA,1.0453,7.3317,0,0,0.7539,0,1.135,NA,0,0,0,23.9315,NA,NA,0,NA,0,0,NA,0,0,0,0,0,13.036,0,"E: Uncertainty",NA,NA,NA,NA,NA,NA,NA,NA,NA,NA,NA,NA,"E: Uncertainty",NA,NA,NA,NA,NA,NA,NA,"E: Uncertainty",NA,NA,NA,NA,"E: Uncertainty","E: Uncertainty",NA,"E: Uncertainty",NA,NA,"E: Uncertainty",NA,NA,NA,NA,NA,NA,NA
"2024-02-12 21:00:00","PM10",859.3879,0,0,118.7871,1569.0916,67.4533,55.5385,NA,NA,NA,1.2175,59.6226,NA,0,1.9447,7.0809,0,0,0,0,2.467,NA,0,0,0,11.4782,NA,NA,0,0,NA,NA,NA,0,NA,0,0,0,10.0808,0,NA,NA,NA,NA,NA,NA,NA,"E: Uncertainty","E: Uncertainty","E: Uncertainty",NA,NA,"E: Uncertainty",NA,NA,NA,NA,NA,NA,NA,NA,"E: Uncertainty",NA,NA,NA,NA,"E: Uncertainty","E: Uncertainty",NA,NA,"E: Uncertainty","E: Uncertainty","E: Uncertainty",NA,"E: Uncertainty",NA,NA,NA,NA,NA
"2024-02-12 22:00:00","PM2.5",782.9536,0,0,73.3833,537.9191,39.3871,17.2757,NA,0,0,NA,25.649,NA,NA,0.6654,6.2169,0,0,NA,0,0.8523,NA,0,0,NA,NA,0,NA,0,0,NA,NA,0,0,0,0,0,0,4.5746,0,NA,NA,NA,NA,NA,NA,NA,"E: Uncertainty",NA,NA,"E: Uncertainty",NA,"E: Uncertainty","E: Uncertainty",NA,NA,NA,NA,"E: Uncertainty",NA,NA,"E: Uncertainty",NA,NA,"E: Uncertainty","E: Uncertainty",NA,"E: Uncertainty",NA,NA,"E: Uncertainty","E: Uncertainty",NA,NA,NA,NA,NA,NA,NA,NA
"2024-02-12 23:00:00","PM10",NA,0,0,124.4888,1484.0367,75.7837,48.1557,0,0,0.9489,NA,43.2354,0,NA,1.6792,11.8308,0,0,NA,0,2.4659,NA,0,NA,0,NA,0,0,NA,0,NA,0,NA,0,0,0,0,0,4.9776,0,"E: Uncertainty",NA,NA,NA,NA,NA,NA,NA,NA,NA,"E: Uncertainty",NA,NA,"E: Uncertainty",NA,NA,NA,NA,"E: Uncertainty",NA,NA,"E: Uncertainty",NA,"E: Uncertainty",NA,"E: Uncertainty",NA,NA,"E: Uncertainty",NA,"E: Uncertainty",NA,"E: Uncertainty",NA,NA,NA,NA,NA,NA,NA
"2024-02-13 00:30:00","PM2.5",0,0,0,56.9744,464.8114,43.4071,14.4279,0,0,0,0,16.7087,0,0,1.1663,4.6198,0,0,0,0,NA,0,0,0,0,24.4618,0,NA,0,0,NA,0,NA,0,NA,0,0,0,3.8599,0,NA,NA,NA,NA,NA,NA,NA,NA,NA,NA,NA,NA,NA,NA,NA,NA,NA,NA,NA,NA,"E: Uncertainty",NA,NA,NA,NA,NA,NA,"E: Uncertainty",NA,NA,"E: Uncertainty",NA,"E: Uncertainty",NA,"E: Uncertainty",NA,NA,NA,NA,NA
"2024-02-13 01:00:00","PM10",NA,0,0,108.4212,1279.6334,55.7536,40.6034,0,0,0.0043,NA,31.6093,0,NA,1.3103,6.3292,0,0,0.5196,NA,1.9791,NA,0,0,0,NA,0,0,0,NA,NA,0,NA,0,NA,0,0,0,2.475,0,"E: Uncertainty",NA,NA,NA,NA,NA,NA,NA,NA,NA,"E: Uncertainty",NA,NA,"E: Uncertainty",NA,NA,NA,NA,NA,"E: Uncertainty",NA,"E: Uncertainty",NA,NA,NA,"E: Uncertainty",NA,NA,NA,"E: Uncertainty","E: Uncertainty",NA,"E: Uncertainty",NA,"E: Uncertainty",NA,NA,NA,NA,NA
"2024-02-13 02:00:00","PM2.5",NA,0,NA,60.8589,407.7059,33.9926,11.7125,NA,0,0,0,12.7413,0,0,0.6665,3.4331,0,0,0,0,0.8318,0,0,0,0,NA,NA,NA,0,0,0,NA,0,0,0,0,0,0,2.0684,0,"E: Uncertainty",NA,"E: Uncertainty",NA,NA,NA,NA,"E: Uncertainty",NA,NA,NA,NA,NA,NA,NA,NA,NA,NA,NA,NA,NA,NA,NA,NA,NA,"E: Uncertainty","E: Uncertainty","E: Uncertainty",NA,NA,NA,"E: Uncertainty",NA,NA,NA,NA,NA,NA,NA,NA
"2024-02-13 03:00:00","PM10",NA,0,0,113.8793,1159.5909,57.5961,41.005,0,0,NA,NA,21.1824,0,NA,1.2572,2.9433,0,0,NA,NA,2.2128,NA,0,0,0,0,0,NA,0,0,NA,0,0,0,0,0,0,0,1.89,0,"E: Uncertainty",NA,NA,NA,NA,NA,NA,NA,NA,"E: Uncertainty","E: Uncertainty",NA,NA,"E: Uncertainty",NA,NA,NA,NA,"E: Uncertainty","E: Uncertainty",NA,"E: Uncertainty",NA,NA,NA,NA,NA,"E: Uncertainty",NA,NA,"E: Uncertainty",NA,NA,NA,NA,NA,NA,NA,NA,NA
"2024-02-13 04:00:00","PM2.5",0,0,0,129.9728,370.86,45.9506,14.0196,0,NA,NA,NA,13.8844,0,NA,0.8832,8.0041,0,0,0,0,1.2707,NA,0,0,0,22.3708,NA,NA,0,0,NA,0,NA,0,0,0,0,0,2.9487,0,NA,NA,NA,NA,NA,NA,NA,NA,"E: Uncertainty","E: Uncertainty","E: Uncertainty",NA,NA,"E: Uncertainty",NA,NA,NA,NA,NA,NA,NA,"E: Uncertainty",NA,NA,NA,NA,"E: Uncertainty","E: Uncertainty",NA,NA,"E: Uncertainty",NA,"E: Uncertainty",NA,NA,NA,NA,NA,NA,NA
"2024-02-13 05:00:00","PM10",NA,0,0,134.8365,1328.4323,57.9459,44.8249,0,NA,NA,0,23.8173,0,NA,0.8967,9.6498,0,0,0,NA,2.238,NA,NA,0,0,NA,NA,NA,0,0,NA,NA,0,0,0,0,0,0,1.702,0,"E: Uncertainty",NA,NA,NA,NA,NA,NA,NA,"E: Uncertainty","E: Uncertainty",NA,NA,NA,"E: Uncertainty",NA,NA,NA,NA,NA,"E: Uncertainty",NA,"E: Uncertainty","E: Uncertainty",NA,NA,"E: Uncertainty","E: Uncertainty","E: Uncertainty",NA,NA,"E: Uncertainty","E: Uncertainty",NA,NA,NA,NA,NA,NA,NA,NA
"2024-02-13 06:00:00","PM2.5",NA,0,0,84.383,378.1415,54.6423,15.1286,0,0,NA,0,16.7455,0,NA,1.0008,6.6295,0,0,0,0,1.1007,NA,0,0,0,NA,NA,0,0,NA,NA,0,NA,NA,0,0,0,0,1.0218,0,"E: Uncertainty",NA,NA,NA,NA,NA,NA,NA,NA,"E: Uncertainty",NA,NA,NA,"E: Uncertainty",NA,NA,NA,NA,NA,NA,NA,"E: Uncertainty",NA,NA,NA,"E: Uncertainty","E: Uncertainty",NA,NA,"E: Uncertainty","E: Uncertainty",NA,"E: Uncertainty","E: Uncertainty",NA,NA,NA,NA,NA,NA
"2024-02-13 07:00:00","PM10",NA,0,0,102.0519,1007.9568,77.7274,46.4485,0,0,NA,NA,71.0372,0,NA,2.6332,6.3099,0,0,NA,0,1.2755,NA,0,0,0,14.6213,NA,NA,0,NA,NA,NA,NA,0,0,0,0,0,NA,0,"E: Uncertainty",NA,NA,NA,NA,NA,NA,NA,NA,"E: Uncertainty","E: Uncertainty",NA,NA,"E: Uncertainty",NA,NA,NA,NA,"E: Uncertainty",NA,NA,"E: Uncertainty",NA,NA,NA,NA,"E: Uncertainty","E: Uncertainty",NA,"E: Uncertainty","E: Uncertainty","E: Uncertainty","E: Uncertainty",NA,NA,NA,NA,NA,"E: Uncertainty",NA
"2024-02-13 08:00:00","PM2.5",0,0,NA,45.8868,236.9622,43.359,16.5348,1.0913,0,0,NA,45.4339,0,0,3.3768,5.059,0,0,0.3622,0,0.8234,NA,0,0,0,12.3788,0,0,0,0,0,NA,0,0,0,0,0,0,0.9871,0,NA,NA,"E: Uncertainty",NA,NA,NA,NA,NA,NA,NA,"E: Uncertainty",NA,NA,NA,NA,NA,NA,NA,NA,NA,NA,"E: Uncertainty",NA,NA,NA,NA,NA,NA,NA,NA,NA,"E: Uncertainty",NA,NA,NA,NA,NA,NA,NA,NA
"2024-02-13 09:00:00","PM10",NA,0,0,79.8198,574.3568,44.1103,62.0599,1.2735,0,NA,NA,77.1688,NA,0,3.1874,3.7974,0,0,0,0,1.4444,NA,0,0,0,10.0292,0,0,0,NA,NA,NA,NA,0,0,0,0,0,2.0834,0,"E: Uncertainty",NA,NA,NA,NA,NA,NA,NA,NA,"E: Uncertainty","E: Uncertainty",NA,"E: Uncertainty",NA,NA,NA,NA,NA,NA,NA,NA,"E: Uncertainty",NA,NA,NA,NA,NA,NA,NA,"E: Uncertainty","E: Uncertainty","E: Uncertainty","E: Uncertainty",NA,NA,NA,NA,NA,NA,NA
"2024-02-13 10:00:00","PM2.5",NA,0,NA,52.0204,138.0597,38.5188,24.4008,NA,NA,0,0.005,33.3914,0,0,13.0113,2.8439,0,0,NA,NA,3.8727,NA,0,0,0,21.7692,NA,0,0,NA,NA,NA,NA,0,NA,0,0,0,NA,0,"E: Uncertainty",NA,"E: Uncertainty",NA,NA,NA,NA,"E: Uncertainty","E: Uncertainty",NA,NA,NA,NA,NA,NA,NA,NA,NA,"E: Uncertainty","E: Uncertainty",NA,"E: Uncertainty",NA,NA,NA,NA,"E: Uncertainty",NA,NA,"E: Uncertainty","E: Uncertainty","E: Uncertainty","E: Uncertainty",NA,"E: Uncertainty",NA,NA,NA,"E: Uncertainty",NA
"2024-02-13 11:00:00","PM10",NA,0,0,93.7632,631.9551,43.0887,170.8211,8.0586,NA,0,NA,74.3498,0,NA,9.7358,17.2269,0,0,1.0704,0,12.0415,NA,0,0,0,10.1148,NA,NA,0,NA,NA,NA,0,0,0,0,0,0,5.4057,0,"E: Uncertainty",NA,NA,NA,NA,NA,NA,NA,"E: Uncertainty",NA,"E: Uncertainty",NA,NA,"E: Uncertainty",NA,NA,NA,NA,NA,NA,NA,"E: Uncertainty",NA,NA,NA,NA,"E: Uncertainty","E: Uncertainty",NA,"E: Uncertainty","E: Uncertainty","E: Uncertainty",NA,NA,NA,NA,NA,NA,NA,NA
"2024-02-13 12:00:00","PM2.5",NA,0,0,109.8578,112.7711,24.5755,40.8263,NA,0,NA,0,26.4469,0,0,5.6709,10.0902,0,0,1.289,0,11.3963,NA,0,0,0,11.1987,NA,0,0,NA,NA,NA,0,0,0,0,0,0,7.589,0,"E: Uncertainty",NA,NA,NA,NA,NA,NA,"E: Uncertainty",NA,"E: Uncertainty",NA,NA,NA,NA,NA,NA,NA,NA,NA,NA,NA,"E: Uncertainty",NA,NA,NA,NA,"E: Uncertainty",NA,NA,"E: Uncertainty","E: Uncertainty","E: Uncertainty",NA,NA,NA,NA,NA,NA,NA,NA
"2024-02-13 13:00:00","PM10",NA,0,0,125.0159,138.606,96.7996,27.8566,NA,NA,NA,0,45.7958,0,0,2.9181,8.354,0,0,5.8635,0,8.7826,NA,0,0,0,8.9593,0.1244,NA,0,NA,NA,NA,0,0,0,0,0,0,3.3075,0,"E: Uncertainty",NA,NA,NA,NA,NA,NA,"E: Uncertainty","E: Uncertainty","E: Uncertainty",NA,NA,NA,NA,NA,NA,NA,NA,NA,NA,NA,"E: Uncertainty",NA,NA,NA,NA,NA,"E: Uncertainty",NA,"E: Uncertainty","E: Uncertainty","E: Uncertainty",NA,NA,NA,NA,NA,NA,NA,NA
"2024-02-13 14:00:00","PM2.5",NA,NA,NA,NA,NA,NA,NA,NA,NA,NA,NA,NA,NA,NA,NA,NA,NA,NA,NA,NA,NA,NA,NA,NA,NA,NA,NA,NA,NA,NA,NA,NA,NA,NA,NA,NA,NA,NA,NA,NA,"E: Uncertainty","E: Erroneous Data","E: Erroneous Data","E: Erroneous Data","E: Uncertainty","E: Erroneous Data","E: Erroneous Data","E: Erroneous Data","E: Erroneous Data","E: Erroneous Data","E: Erroneous Data","E: Erroneous Data","E: Erroneous Data","E: Erroneous Data","E: Erroneous Data","E: Erroneous Data","E: Erroneous Data","E: Erroneous Data","E: Erroneous Data","E: Erroneous Data","E: Erroneous Data","E: Uncertainty","E: Erroneous Data","E: Erroneous Data","E: Erroneous Data","E: Erroneous Data","E: Uncertainty","E: Uncertainty","E: Erroneous Data","E: Erroneous Data","E: Uncertainty","E: Erroneous Data","E: Erroneous Data","E: Erroneous Data","E: Erroneous Data","E: Erroneous Data","E: Erroneous Data","E: Erroneous Data","E: Erroneous Data","E: Erroneous Data"
"2024-02-13 15:00:00","PM10",NA,NA,NA,NA,NA,NA,NA,NA,NA,NA,NA,NA,NA,NA,NA,NA,NA,NA,NA,NA,NA,NA,NA,NA,NA,NA,NA,NA,NA,NA,NA,NA,NA,NA,NA,NA,NA,NA,NA,NA,"E: Erroneous Data","E: Erroneous Data","E: Erroneous Data","E: Erroneous Data","E: Erroneous Data","E: Erroneous Data","E: Erroneous Data","E: Uncertainty","E: Erroneous Data","E: Erroneous Data","E: Erroneous Data","E: Erroneous Data","E: Erroneous Data","E: Erroneous Data","E: Erroneous Data","E: Erroneous Data","E: Erroneous Data","E: Erroneous Data","E: Erroneous Data","E: Erroneous Data","E: Erroneous Data","E: Uncertainty","E: Erroneous Data","E: Erroneous Data","E: Erroneous Data","E: Erroneous Data","E: Erroneous Data","E: Erroneous Data","E: Erroneous Data","E: Uncertainty","E: Uncertainty","E: Uncertainty","E: Uncertainty","E: Erroneous Data","E: Erroneous Data","E: Erroneous Data","E: Erroneous Data","E: Erroneous Data","E: Erroneous Data","E: Erroneous Data"
"2024-02-13 16:00:00","PM2.5",NA,NA,NA,NA,NA,NA,NA,NA,NA,NA,NA,NA,NA,NA,NA,NA,NA,NA,NA,NA,NA,NA,NA,NA,NA,NA,NA,NA,NA,NA,NA,NA,NA,NA,NA,NA,NA,NA,NA,NA,"E: Uncertainty","E: Erroneous Data","E: Erroneous Data","E: Erroneous Data","E: Erroneous Data","E: Erroneous Data","E: Erroneous Data","E: Erroneous Data","E: Erroneous Data","E: Erroneous Data","E: Erroneous Data","E: Erroneous Data","E: Erroneous Data","E: Erroneous Data","E: Erroneous Data","E: Erroneous Data","E: Erroneous Data","E: Erroneous Data","E: Erroneous Data","E: Uncertainty","E: Erroneous Data","E: Uncertainty","E: Erroneous Data","E: Erroneous Data","E: Erroneous Data","E: Erroneous Data","E: Erroneous Data","E: Uncertainty","E: Erroneous Data","E: Uncertainty","E: Erroneous Data","E: Uncertainty","E: Uncertainty","E: Erroneous Data","E: Erroneous Data","E: Erroneous Data","E: Erroneous Data","E: Erroneous Data","E: Erroneous Data","E: Erroneous Data"
"2024-02-13 17:00:00","PM10",NA,0,0,66.5334,16.969,35.6268,66.6818,1.1497,0,NA,0,86.9275,0,NA,2.1368,4.0501,0,0,1.825,0,0.6504,NA,0,0,0,12.0402,0,0,0,0,NA,NA,0,0,0,0,0,0,0.9687,0,"E: Uncertainty",NA,NA,NA,NA,NA,NA,NA,NA,"E: Uncertainty",NA,NA,NA,"E: Uncertainty",NA,NA,NA,NA,NA,NA,NA,"E: Uncertainty",NA,NA,NA,NA,NA,NA,NA,NA,"E: Uncertainty","E: Uncertainty",NA,NA,NA,NA,NA,NA,NA,NA
"2024-02-13 18:00:00","PM2.5",NA,NA,NA,NA,NA,NA,NA,NA,NA,NA,NA,NA,NA,NA,NA,NA,NA,NA,NA,NA,NA,NA,NA,NA,NA,NA,NA,NA,NA,NA,NA,NA,NA,NA,NA,NA,NA,NA,NA,NA,"E: Uncertainty","E: Erroneous Data","E: Uncertainty","E: Erroneous Data","E: Erroneous Data","E: Erroneous Data","E: Uncertainty","E: Erroneous Data","E: Erroneous Data","E: Erroneous Data","E: Erroneous Data","E: Erroneous Data","E: Uncertainty","E: Erroneous Data","E: Erroneous Data","E: Erroneous Data","E: Erroneous Data","E: Erroneous Data","E: Erroneous Data","E: Uncertainty","E: Erroneous Data","E: Erroneous Data","E: Erroneous Data","E: Erroneous Data","E: Erroneous Data","E: Erroneous Data","E: Erroneous Data","E: Erroneous Data","E: Erroneous Data","E: Uncertainty","E: Uncertainty","E: Uncertainty","E: Uncertainty","E: Erroneous Data","E: Erroneous Data","E: Erroneous Data","E: Uncertainty","E: Erroneous Data","E: Erroneous Data","E: Erroneous Data"
"2024-02-13 19:00:00","PM10",NA,NA,NA,NA,NA,NA,NA,NA,NA,NA,NA,NA,NA,NA,NA,NA,NA,NA,NA,NA,NA,NA,NA,NA,NA,NA,NA,NA,NA,NA,NA,NA,NA,NA,NA,NA,NA,NA,NA,NA,"E: Erroneous Data","E: Erroneous Data","E: Erroneous Data","E: Erroneous Data","E: Erroneous Data","E: Erroneous Data","E: Erroneous Data","E: Uncertainty","E: Erroneous Data","E: Erroneous Data","E: Erroneous Data","E: Erroneous Data","E: Erroneous Data","E: Erroneous Data","E: Erroneous Data","E: Erroneous Data","E: Erroneous Data","E: Erroneous Data","E: Erroneous Data","E: Uncertainty","E: Uncertainty","E: Uncertainty","E: Erroneous Data","E: Erroneous Data","E: Erroneous Data","E: Erroneous Data","E: Erroneous Data","E: Uncertainty","E: Erroneous Data","E: Uncertainty","E: Uncertainty","E: Erroneous Data","E: Erroneous Data","E: Erroneous Data","E: Erroneous Data","E: Erroneous Data","E: Erroneous Data","E: Erroneous Data","E: Uncertainty","E: Erroneous Data"
"2024-02-13 20:00:00","PM2.5",NA,NA,NA,NA,NA,NA,NA,NA,NA,NA,NA,NA,NA,NA,NA,NA,NA,NA,NA,NA,NA,NA,NA,NA,NA,NA,NA,NA,NA,NA,NA,NA,NA,NA,NA,NA,NA,NA,NA,NA,"E: Erroneous Data","E: Erroneous Data","E: Erroneous Data","E: Erroneous Data","E: Erroneous Data","E: Erroneous Data","E: Erroneous Data","E: Uncertainty","E: Erroneous Data","E: Erroneous Data","E: Erroneous Data","E: Erroneous Data","E: Uncertainty","E: Erroneous Data","E: Erroneous Data","E: Erroneous Data","E: Uncertainty","E: Erroneous Data","E: Erroneous Data","E: Uncertainty","E: Uncertainty","E: Uncertainty","E: Erroneous Data","E: Erroneous Data","E: Erroneous Data","E: Erroneous Data","E: Erroneous Data","E: Erroneous Data","E: Erroneous Data","E: Erroneous Data","E: Erroneous Data","E: Uncertainty","E: Uncertainty","E: Erroneous Data","E: Erroneous Data","E: Erroneous Data","E: Erroneous Data","E: Erroneous Data","E: Uncertainty","E: Erroneous Data"
"2024-02-13 21:00:00","PM10",NA,NA,NA,NA,NA,NA,NA,NA,NA,NA,NA,NA,NA,NA,NA,NA,NA,NA,NA,NA,NA,NA,NA,NA,NA,NA,NA,NA,NA,NA,NA,NA,NA,NA,NA,NA,NA,NA,NA,NA,"E: Erroneous Data","E: Erroneous Data","E: Erroneous Data","E: Erroneous Data","E: Erroneous Data","E: Erroneous Data","E: Erroneous Data","E: Uncertainty","E: Uncertainty","E: Erroneous Data","E: Erroneous Data","E: Erroneous Data","E: Erroneous Data","E: Uncertainty","E: Erroneous Data","E: Erroneous Data","E: Erroneous Data","E: Erroneous Data","E: Erroneous Data","E: Erroneous Data","E: Erroneous Data","E: Uncertainty","E: Erroneous Data","E: Erroneous Data","E: Erroneous Data","E: Erroneous Data","E: Uncertainty","E: Uncertainty","E: Erroneous Data","E: Uncertainty","E: Uncertainty","E: Uncertainty","E: Uncertainty","E: Erroneous Data","E: Erroneous Data","E: Erroneous Data","E: Erroneous Data","E: Erroneous Data","E: Erroneous Data","E: Erroneous Data"
"2024-02-13 22:00:00","PM2.5",NA,NA,NA,NA,NA,NA,NA,NA,NA,NA,NA,NA,NA,NA,NA,NA,NA,NA,NA,NA,NA,NA,NA,NA,NA,NA,NA,NA,NA,NA,NA,NA,NA,NA,NA,NA,NA,NA,NA,NA,"E: Uncertainty","E: Erroneous Data","E: Erroneous Data","E: Erroneous Data","E: Erroneous Data","E: Erroneous Data","E: Erroneous Data","E: Erroneous Data","E: Uncertainty","E: Uncertainty","E: Erroneous Data","E: Erroneous Data","E: Erroneous Data","E: Uncertainty","E: Erroneous Data","E: Erroneous Data","E: Uncertainty","E: Erroneous Data","E: Uncertainty","E: Uncertainty","E: Erroneous Data","E: Uncertainty","E: Erroneous Data","E: Erroneous Data","E: Erroneous Data","E: Erroneous Data","E: Erroneous Data","E: Uncertainty","E: Erroneous Data","E: Erroneous Data","E: Uncertainty","E: Uncertainty","E: Erroneous Data","E: Erroneous Data","E: Erroneous Data","E: Erroneous Data","E: Erroneous Data","E: Erroneous Data","E: Erroneous Data","E: Erroneous Data"
"2024-02-13 23:00:00","PM10",NA,0,0,56.375,599.4063,32.8737,16.1021,NA,NA,NA,0,19.3075,0,NA,0.836,0.6375,0,0,0.5495,0,1.8709,0,0,0,0,25.4901,NA,NA,0,NA,NA,NA,NA,0,0,NA,NA,0,1.1058,0,"E: Uncertainty",NA,NA,NA,NA,NA,NA,"E: Uncertainty","E: Uncertainty","E: Uncertainty",NA,NA,NA,"E: Uncertainty",NA,NA,NA,NA,NA,NA,NA,NA,NA,NA,NA,NA,"E: Uncertainty","E: Uncertainty",NA,"E: Uncertainty","E: Uncertainty","E: Uncertainty","E: Uncertainty",NA,NA,"E: Uncertainty","E: Uncertainty",NA,NA,NA
"2024-02-14 00:30:00","PM2.5",NA,0,0,157.813,631.6573,23.0652,22.7376,0,0,0.0145,0,16.8558,0,0,NA,NA,0,0,NA,0,1.8051,NA,0,0,0,23.2712,NA,NA,0,0,0,0,NA,0,0,0,0,0,0,0,"E: Uncertainty",NA,NA,NA,NA,NA,NA,NA,NA,NA,NA,NA,NA,NA,"E: Uncertainty","E: Uncertainty",NA,NA,"E: Uncertainty",NA,NA,"E: Uncertainty",NA,NA,NA,NA,"E: Uncertainty","E: Uncertainty",NA,NA,NA,NA,"E: Uncertainty",NA,NA,NA,NA,NA,NA,NA
"2024-02-14 01:00:00","PM10",NA,0,0,177.3303,1099.0162,39.2988,34.7379,0,0,NA,0,20.8737,NA,NA,NA,0.7852,0,0,0,NA,3.0497,NA,0.0033,0,0,16.1772,0,NA,0,0,0,NA,0,NA,0,0,NA,0,NA,0,"E: Uncertainty",NA,NA,NA,NA,NA,NA,NA,NA,"E: Uncertainty",NA,NA,"E: Uncertainty","E: Uncertainty","E: Uncertainty",NA,NA,NA,NA,"E: Uncertainty",NA,"E: Uncertainty",NA,NA,NA,NA,NA,"E: Uncertainty",NA,NA,NA,"E: Uncertainty",NA,"E: Uncertainty",NA,NA,"E: Uncertainty",NA,"E: Uncertainty",NA
"2024-02-14 02:00:00","PM2.5",NA,0,NA,50.615,98.326,12.2511,5.0051,0,0.0072,0,0,4.2279,0,NA,0.8467,NA,0,0,NA,0,0.7477,0,0,0,0,NA,NA,NA,0,0,NA,0,0,0,0,0,0,0,NA,0,"E: Uncertainty",NA,"E: Uncertainty",NA,NA,NA,NA,NA,NA,NA,NA,NA,NA,"E: Uncertainty",NA,"E: Uncertainty",NA,NA,"E: Uncertainty",NA,NA,NA,NA,NA,NA,"E: Uncertainty","E: Uncertainty","E: Uncertainty",NA,NA,"E: Uncertainty",NA,NA,NA,NA,NA,NA,NA,"E: Uncertainty",NA
"2024-02-14 03:00:00","PM10",0,0,0,50.896,211.1709,14.1351,8.1328,0,NA,NA,0,6.7882,0,0,0.4587,0.7698,0,0,0,0,1.2157,NA,0,0,0,11.0158,0,NA,0,0,NA,NA,0,0,0,0,NA,0,NA,0,NA,NA,NA,NA,NA,NA,NA,NA,"E: Uncertainty","E: Uncertainty",NA,NA,NA,NA,NA,NA,NA,NA,NA,NA,NA,"E: Uncertainty",NA,NA,NA,NA,NA,"E: Uncertainty",NA,NA,"E: Uncertainty","E: Uncertainty",NA,NA,NA,NA,"E: Uncertainty",NA,"E: Uncertainty",NA
"2024-02-14 04:00:00","PM2.5",NA,0,0,56.6216,95.9851,13.0289,6.9117,0,0,NA,0,2.0233,0,NA,NA,NA,0,0,0,NA,0.7315,NA,0,0,0,14.0231,0,0,0,NA,NA,NA,0,0,NA,0,0,0,NA,0,"E: Uncertainty",NA,NA,NA,NA,NA,NA,NA,NA,"E: Uncertainty",NA,NA,NA,"E: Uncertainty","E: Uncertainty","E: Uncertainty",NA,NA,NA,"E: Uncertainty",NA,"E: Uncertainty",NA,NA,NA,NA,NA,NA,NA,"E: Uncertainty","E: Uncertainty","E: Uncertainty",NA,NA,"E: Uncertainty",NA,NA,NA,"E: Uncertainty",NA
"2024-02-14 05:00:00","PM10",NA,0,0,79.367,417.1495,26.8925,15.8651,0,0,NA,0,7.1462,0,NA,0.6024,0.6046,0,0,0,0,1.3706,NA,0,0,0,25.0438,NA,NA,0,NA,0,NA,0,0,NA,NA,0,0,NA,0,"E: Uncertainty",NA,NA,NA,NA,NA,NA,NA,NA,"E: Uncertainty",NA,NA,NA,"E: Uncertainty",NA,NA,NA,NA,NA,NA,NA,"E: Uncertainty",NA,NA,NA,NA,"E: Uncertainty","E: Uncertainty",NA,"E: Uncertainty",NA,"E: Uncertainty",NA,NA,"E: Uncertainty","E: Uncertainty",NA,NA,"E: Uncertainty",NA
"2024-02-14 06:00:00","PM2.5",NA,0,0,55.6995,58.9212,7.0171,6.4192,0,0,0,0,8.0994,NA,NA,0.5129,0.6144,0,0,0,0,NA,NA,0,0,0,17.3579,0,0,0,NA,NA,0,NA,0,0,NA,0,0,NA,0,"E: Uncertainty",NA,NA,NA,NA,NA,NA,NA,NA,NA,NA,NA,"E: Uncertainty","E: Uncertainty",NA,NA,NA,NA,NA,NA,"E: Uncertainty","E: Uncertainty",NA,NA,NA,NA,NA,NA,NA,"E: Uncertainty","E: Uncertainty",NA,"E: Uncertainty",NA,NA,"E: Uncertainty",NA,NA,"E: Uncertainty",NA
"2024-02-14 07:00:00","PM10",0,0,NA,59.951,142.0908,12.2905,15.4177,0,0,NA,0,32.7639,0,NA,1.1778,NA,0,0,NA,0,NA,NA,0,0,0,NA,NA,0,0,NA,NA,0,NA,0,NA,0,0,0,0,0,NA,NA,"E: Uncertainty",NA,NA,NA,NA,NA,NA,"E: Uncertainty",NA,NA,NA,"E: Uncertainty",NA,"E: Uncertainty",NA,NA,"E: Uncertainty",NA,"E: Uncertainty","E: Uncertainty",NA,NA,NA,"E: Uncertainty","E: Uncertainty",NA,NA,"E: Uncertainty","E: Uncertainty",NA,"E: Uncertainty",NA,"E: Uncertainty",NA,NA,NA,NA,NA
"2024-02-14 08:00:00","PM2.5",NA,0,0,53.6355,26.151,28.7262,6.8155,0,0,0,0,16.1028,0,0,3.5605,2.5655,0,0,0,NA,NA,NA,0,0,0,14.2061,NA,0,0,0,0,NA,NA,0,0,0,0,0,NA,0,"E: Uncertainty",NA,NA,NA,NA,NA,NA,NA,NA,NA,NA,NA,NA,NA,NA,NA,NA,NA,NA,"E: Uncertainty","E: Uncertainty","E: Uncertainty",NA,NA,NA,NA,"E: Uncertainty",NA,NA,NA,NA,"E: Uncertainty","E: Uncertainty",NA,NA,NA,NA,NA,"E: Uncertainty",NA
"2024-02-14 09:00:00","PM10",NA,0,NA,30.3197,48.8688,19.5134,20.3363,0,NA,0,0,51.4177,0,0,6.9385,67.2062,0,0,0,0,1.3202,NA,0,0,0,11.4527,NA,0,0,NA,0,NA,NA,0,0,0,0,0,NA,0,"E: Uncertainty",NA,"E: Uncertainty",NA,NA,NA,NA,NA,"E: Uncertainty",NA,NA,NA,NA,NA,NA,NA,NA,NA,NA,NA,NA,"E: Uncertainty",NA,NA,NA,NA,"E: Uncertainty",NA,NA,"E: Uncertainty",NA,"E: Uncertainty","E: Uncertainty",NA,NA,NA,NA,NA,"E: Uncertainty",NA
"2024-02-14 10:00:00","PM2.5",NA,0,NA,12.7034,8.9943,NA,6.2352,0,0,0,0,16.5357,0.0065,0,7.7074,6.2212,0,0,NA,NA,2.0644,NA,0,0,0,11.3307,0,0,0,NA,0,0.2021,NA,NA,0,0,NA,0,0,0,"E: Uncertainty",NA,"E: Uncertainty",NA,NA,"E: Uncertainty",NA,NA,NA,NA,NA,NA,NA,NA,NA,NA,NA,NA,"E: Uncertainty","E: Uncertainty",NA,"E: Uncertainty",NA,NA,NA,NA,NA,NA,NA,"E: Uncertainty",NA,NA,"E: Uncertainty","E: Uncertainty",NA,NA,"E: Uncertainty",NA,NA,NA
"2024-02-14 11:00:00","PM10",0,0,0,56.8019,221.8126,18.736,36.6735,NA,0,NA,0,52.6133,NA,0,6.2031,1.6154,0,0,NA,0,1.3394,NA,0,0,0,19.9673,0,NA,0,NA,NA,NA,NA,0,0,0,NA,0,NA,0,NA,NA,NA,NA,NA,NA,NA,"E: Uncertainty",NA,"E: Uncertainty",NA,NA,"E: Uncertainty",NA,NA,NA,NA,NA,"E: Uncertainty",NA,NA,"E: Uncertainty",NA,NA,NA,NA,NA,"E: Uncertainty",NA,"E: Uncertainty","E: Uncertainty","E: Uncertainty","E: Uncertainty",NA,NA,NA,"E: Uncertainty",NA,"E: Uncertainty",NA
"2024-02-14 12:00:00","PM2.5",0,0,0,66.2513,112.9569,11.9702,12.0783,NA,0,0,NA,23.0808,NA,NA,1.4103,1.4051,0,0,NA,0,1.6788,NA,0,0,0,NA,NA,NA,0,NA,0,NA,0,0,NA,0,0,0,NA,0,NA,NA,NA,NA,NA,NA,NA,"E: Uncertainty",NA,NA,"E: Uncertainty",NA,"E: Uncertainty","E: Uncertainty",NA,NA,NA,NA,"E: Uncertainty",NA,NA,"E: Uncertainty",NA,NA,NA,"E: Uncertainty","E: Uncertainty","E: Uncertainty",NA,"E: Uncertainty",NA,"E: Uncertainty",NA,NA,"E: Uncertainty",NA,NA,NA,"E: Uncertainty",NA
"2024-02-14 13:00:00","PM10",NA,0,0,151.958,656.4968,32.075,50.4467,1.2515,NA,NA,0,65.3391,0,0,2.0738,2.2931,0,0,0,0,2.038,NA,0,0,0,NA,NA,0,0,0,NA,NA,NA,0,0,0,0,0,2.3388,0,"E: Uncertainty",NA,NA,NA,NA,NA,NA,NA,"E: Uncertainty","E: Uncertainty",NA,NA,NA,NA,NA,NA,NA,NA,NA,NA,NA,"E: Uncertainty",NA,NA,NA,"E: Uncertainty","E: Uncertainty",NA,NA,NA,"E: Uncertainty","E: Uncertainty","E: Uncertainty",NA,NA,NA,NA,NA,NA,NA
"2024-02-14 14:00:00","PM2.5",844.0208,0,0,128.8859,651.4542,33.4103,27.8695,NA,0,NA,NA,41.0262,0,0,1.3492,4.4242,0,0,1.3274,0,2.1182,NA,0,0,0,17.5549,NA,NA,0,0,NA,0,NA,0,0,0,0,0,20.7105,0,NA,NA,NA,NA,NA,NA,NA,"E: Uncertainty",NA,"E: Uncertainty","E: Uncertainty",NA,NA,NA,NA,NA,NA,NA,NA,NA,NA,"E: Uncertainty",NA,NA,NA,NA,"E: Uncertainty","E: Uncertainty",NA,NA,"E: Uncertainty",NA,"E: Uncertainty",NA,NA,NA,NA,NA,NA,NA
"2024-02-14 15:00:00","PM10",999.6718,0,0,187.3538,1212.032,48.7416,66.6471,NA,NA,NA,NA,93.0403,0,0,3.1295,3.7268,0,0,0.3909,NA,3.848,1.8016,0,NA,0,NA,NA,0,0,0,NA,NA,0,0,0,0,0,0,1.5861,0,NA,NA,NA,NA,NA,NA,NA,"E: Uncertainty","E: Uncertainty","E: Uncertainty","E: Uncertainty",NA,NA,NA,NA,NA,NA,NA,NA,"E: Uncertainty",NA,NA,NA,"E: Uncertainty",NA,"E: Uncertainty","E: Uncertainty",NA,NA,NA,"E: Uncertainty","E: Uncertainty",NA,NA,NA,NA,NA,NA,NA,NA
"2024-02-14 16:00:00","PM2.5",NA,0,0,223.4713,600.8082,35.458,30.2743,0,0,0,0,42.3904,NA,0,1.5018,2.6587,0,0,0.7805,0,4.2721,NA,0,0,NA,NA,NA,NA,0,NA,NA,NA,NA,0,0,0,0,0,2.0662,0,"E: Uncertainty",NA,NA,NA,NA,NA,NA,NA,NA,NA,NA,NA,"E: Uncertainty",NA,NA,NA,NA,NA,NA,NA,NA,"E: Uncertainty",NA,NA,"E: Uncertainty","E: Uncertainty","E: Uncertainty","E: Uncertainty",NA,"E: Uncertainty","E: Uncertainty","E: Uncertainty","E: Uncertainty",NA,NA,NA,NA,NA,NA,NA
"2024-02-14 17:00:00","PM10",NA,0,0,175.4578,374.7413,26.04,25.5718,1.4852,0,NA,0.0031,74.424,NA,NA,2.1429,2.0598,0,0,0,NA,1.6756,NA,0,0,0,9.7478,NA,NA,NA,NA,NA,NA,NA,0,0,0,0,0,3.3427,0,"E: Uncertainty",NA,NA,NA,NA,NA,NA,NA,NA,"E: Uncertainty",NA,NA,"E: Uncertainty","E: Uncertainty",NA,NA,NA,NA,NA,"E: Uncertainty",NA,"E: Uncertainty",NA,NA,NA,NA,"E: Uncertainty","E: Uncertainty","E: Uncertainty","E: Uncertainty","E: Uncertainty","E: Uncertainty","E: Uncertainty",NA,NA,NA,NA,NA,NA,NA
"2024-02-14 18:00:00","PM2.5",0,0,0,95.5308,38.1783,28.0036,4.8967,NA,0,0,0,37.4671,NA,NA,1.4411,5.2126,0,0,0.5212,NA,0.8857,NA,0,0,0,16.9645,NA,0,0,NA,NA,NA,NA,0,0,0,0,0,0.9914,0,NA,NA,NA,NA,NA,NA,NA,"E: Uncertainty",NA,NA,NA,NA,"E: Uncertainty","E: Uncertainty",NA,NA,NA,NA,NA,"E: Uncertainty",NA,"E: Uncertainty",NA,NA,NA,NA,"E: Uncertainty",NA,NA,"E: Uncertainty","E: Uncertainty","E: Uncertainty","E: Uncertainty",NA,NA,NA,NA,NA,NA,NA
"2024-02-14 19:00:00","PM10",0,0,0,77.1072,37.3878,34.346,5.6531,1.1046,0,NA,0,53.1725,0,0,1.5117,1.9916,0,0,0.6391,NA,0.6874,NA,0,0,0,NA,NA,NA,0,NA,NA,NA,0,0,0,0,0,0,0,0,NA,NA,NA,NA,NA,NA,NA,NA,NA,"E: Uncertainty",NA,NA,NA,NA,NA,NA,NA,NA,NA,"E: Uncertainty",NA,"E: Uncertainty",NA,NA,NA,"E: Uncertainty","E: Uncertainty","E: Uncertainty",NA,"E: Uncertainty","E: Uncertainty","E: Uncertainty",NA,NA,NA,NA,NA,NA,NA,NA
"2024-02-14 20:00:00","PM2.5",0,0,0,94.6097,87.6492,24.0944,8.8456,0,0,0,0,14.5302,NA,0,1.1428,1.8662,0,0,NA,0,2.7216,NA,0,0,0,9.152,0,NA,0,NA,NA,NA,NA,0,0,0,0,0,0.9599,0,NA,NA,NA,NA,NA,NA,NA,NA,NA,NA,NA,NA,"E: Uncertainty",NA,NA,NA,NA,NA,"E: Uncertainty",NA,NA,"E: Uncertainty",NA,NA,NA,NA,NA,"E: Uncertainty",NA,"E: Uncertainty","E: Uncertainty","E: Uncertainty","E: Uncertainty",NA,NA,NA,NA,NA,NA,NA
"2024-02-14 21:00:00","PM10",0,0,0,120.5759,401.6342,46.6607,31.5661,0,0,NA,0,36.0599,0,0,0.8705,3.9034,0,0,0,0,2.7541,NA,0,0,0,9.2823,0,NA,0,NA,NA,NA,NA,0,0,0,0,0,1.4783,0,NA,NA,NA,NA,NA,NA,NA,NA,NA,"E: Uncertainty",NA,NA,NA,NA,NA,NA,NA,NA,NA,NA,NA,"E: Uncertainty",NA,NA,NA,NA,NA,"E: Uncertainty",NA,"E: Uncertainty","E: Uncertainty","E: Uncertainty","E: Uncertainty",NA,NA,NA,NA,NA,NA,NA
"2024-02-14 22:00:00","PM2.5",NA,0,0,111.6981,28.6456,31.5619,6.639,NA,0,NA,0,15.4647,0,NA,0.6566,3.0244,0,0,0.799,NA,2.6801,NA,0,0,0,NA,NA,NA,0,NA,NA,NA,NA,0,0,0,0,0,0.8074,0,"E: Uncertainty",NA,NA,NA,NA,NA,NA,"E: Uncertainty",NA,"E: Uncertainty",NA,NA,NA,"E: Uncertainty",NA,NA,NA,NA,NA,"E: Uncertainty",NA,"E: Uncertainty",NA,NA,NA,"E: Uncertainty","E: Uncertainty","E: Uncertainty",NA,"E: Uncertainty","E: Uncertainty","E: Uncertainty","E: Uncertainty",NA,NA,NA,NA,NA,NA,NA
"2024-02-14 23:00:00","PM10",NA,0,0,102.5857,64.1822,26.5378,9.3505,NA,NA,NA,0,16.2624,0,0,NA,1.4217,0,0,NA,NA,2.1742,NA,0,0,0,NA,0,0,0,0,NA,NA,0,0,0,0,0,0,0,0.006,"E: Uncertainty",NA,NA,NA,NA,NA,NA,"E: Uncertainty","E: Uncertainty","E: Uncertainty",NA,NA,NA,NA,"E: Uncertainty",NA,NA,NA,"E: Uncertainty","E: Uncertainty",NA,"E: Uncertainty",NA,NA,NA,"E: Uncertainty",NA,NA,NA,NA,"E: Uncertainty","E: Uncertainty",NA,NA,NA,NA,NA,NA,NA,NA
"2024-02-15 00:30:00","PM2.5",NA,0,0,69.1508,0,30.8945,NA,0,0,0,0,8.535,0,NA,1.3625,1.2745,NA,0,0,0,NA,NA,0,0,0,19.7159,NA,0,0,0,0,NA,NA,0,0,0,0,0,NA,0,"E: Uncertainty",NA,NA,NA,NA,NA,"E: Uncertainty",NA,NA,NA,NA,NA,NA,"E: Uncertainty",NA,NA,"E: Uncertainty",NA,NA,NA,"E: Uncertainty","E: Uncertainty",NA,NA,NA,NA,"E: Uncertainty",NA,NA,NA,NA,"E: Uncertainty","E: Uncertainty",NA,NA,NA,NA,NA,"E: Uncertainty",NA
"2024-02-15 01:00:00","PM10",NA,0,0,115.357,23.0586,22.8146,10.6054,0,0,NA,0,12.562,0.0059,NA,1.2501,1.385,NA,0,NA,NA,0.7098,NA,0,0,0,12.6304,NA,0,0,NA,NA,NA,0,0,0,0,0,0,0,0,"E: Uncertainty",NA,NA,NA,NA,NA,NA,NA,NA,"E: Uncertainty",NA,NA,NA,"E: Uncertainty",NA,NA,"E: Uncertainty",NA,"E: Uncertainty","E: Uncertainty",NA,"E: Uncertainty",NA,NA,NA,NA,"E: Uncertainty",NA,NA,"E: Uncertainty","E: Uncertainty","E: Uncertainty",NA,NA,NA,NA,NA,NA,NA,NA
"2024-02-15 02:00:00","PM2.5",0,0,0,81.1899,0,18.4786,NA,0,NA,0,0,5.3321,0,0.0062,0.588,0.8064,0,0,NA,NA,NA,NA,0,0,0,12.6934,0,0,0,NA,NA,NA,0,0,0,0,0,0,0,0,NA,NA,NA,NA,NA,NA,"E: Uncertainty",NA,"E: Uncertainty",NA,NA,NA,NA,NA,NA,NA,NA,NA,"E: Uncertainty","E: Uncertainty","E: Uncertainty","E: Uncertainty",NA,NA,NA,NA,NA,NA,NA,"E: Uncertainty","E: Uncertainty","E: Uncertainty",NA,NA,NA,NA,NA,NA,NA,NA
"2024-02-15 03:00:00","PM10",NA,0,0,66.3297,0,18.4259,4.2557,0,NA,0,0,6.4679,NA,NA,0.464,0.9438,0,0,NA,0,NA,NA,0,0,NA,8.9574,0.041,NA,0,0,0,NA,0,0,0,0,0,0,NA,0,"E: Uncertainty",NA,NA,NA,NA,NA,NA,NA,"E: Uncertainty",NA,NA,NA,"E: Uncertainty","E: Uncertainty",NA,NA,NA,NA,"E: Uncertainty",NA,"E: Uncertainty","E: Uncertainty",NA,NA,"E: Uncertainty",NA,NA,"E: Uncertainty",NA,NA,NA,"E: Uncertainty",NA,NA,NA,NA,NA,NA,"E: Uncertainty",NA
"2024-02-15 04:00:00","PM2.5",NA,0,0,41.7034,0,20.8435,NA,1.8549,0,0,0,3.9403,0,5e-04,NA,0.7938,0,0,NA,0,NA,NA,0,0,0,NA,NA,0,0,NA,0,0,NA,0,0,0,0,0,NA,0,"E: Uncertainty",NA,NA,NA,NA,NA,"E: Uncertainty",NA,NA,NA,NA,NA,NA,NA,"E: Uncertainty",NA,NA,NA,"E: Uncertainty",NA,"E: Uncertainty","E: Uncertainty",NA,NA,NA,"E: Uncertainty","E: Uncertainty",NA,NA,"E: Uncertainty",NA,NA,"E: Uncertainty",NA,NA,NA,NA,NA,"E: Uncertainty",NA
"2024-02-15 05:00:00","PM10",NA,0,0,81.1914,0,30.6692,9.7214,NA,NA,0,0,13.9799,NA,NA,0.4756,0.9475,NA,0,0,NA,NA,NA,0,0,0,19.6119,NA,0,0,NA,NA,0,0,0,NA,0,0,0,NA,0,"E: Uncertainty",NA,NA,NA,NA,NA,NA,"E: Uncertainty","E: Uncertainty",NA,NA,NA,"E: Uncertainty","E: Uncertainty",NA,NA,"E: Uncertainty",NA,NA,"E: Uncertainty","E: Uncertainty","E: Uncertainty",NA,NA,NA,NA,"E: Uncertainty",NA,NA,"E: Uncertainty","E: Uncertainty",NA,NA,NA,"E: Uncertainty",NA,NA,NA,"E: Uncertainty",NA
"2024-02-15 06:00:00","PM2.5",NA,NA,NA,NA,NA,NA,NA,NA,NA,NA,NA,NA,NA,NA,NA,NA,NA,NA,NA,NA,NA,NA,NA,NA,NA,NA,NA,NA,NA,NA,NA,NA,NA,NA,NA,NA,NA,NA,NA,NA,"E: Uncertainty","E: Erroneous Data","E: Erroneous Data","E: Erroneous Data","E: Erroneous Data","E: Erroneous Data","E: Erroneous Data","E: Erroneous Data","E: Uncertainty","E: Erroneous Data","E: Erroneous Data","E: Erroneous Data","E: Erroneous Data","E: Uncertainty","E: Uncertainty","E: Erroneous Data","E: Erroneous Data","E: Erroneous Data","E: Erroneous Data","E: Erroneous Data","E: Uncertainty","E: Uncertainty","E: Erroneous Data","E: Erroneous Data","E: Erroneous Data","E: Erroneous Data","E: Erroneous Data","E: Uncertainty","E: Erroneous Data","E: Erroneous Data","E: Uncertainty","E: Uncertainty","E: Erroneous Data","E: Erroneous Data","E: Erroneous Data","E: Erroneous Data","E: Erroneous Data","E: Erroneous Data","E: Uncertainty","E: Erroneous Data"
"2024-02-15 07:00:00","PM10",NA,NA,NA,NA,NA,NA,NA,NA,NA,NA,NA,NA,NA,NA,NA,NA,NA,NA,NA,NA,NA,NA,NA,NA,NA,NA,NA,NA,NA,NA,NA,NA,NA,NA,NA,NA,NA,NA,NA,NA,"E: Erroneous Data","E: Erroneous Data","E: Erroneous Data","E: Erroneous Data","E: Erroneous Data","E: Erroneous Data","E: Erroneous Data","E: Erroneous Data","E: Erroneous Data","E: Erroneous Data","E: Uncertainty","E: Erroneous Data","E: Erroneous Data","E: Uncertainty","E: Erroneous Data","E: Erroneous Data","E: Erroneous Data","E: Erroneous Data","E: Uncertainty","E: Uncertainty","E: Erroneous Data","E: Uncertainty","E: Erroneous Data","E: Erroneous Data","E: Erroneous Data","E: Erroneous Data","E: Uncertainty","E: Erroneous Data","E: Erroneous Data","E: Uncertainty","E: Uncertainty","E: Uncertainty","E: Uncertainty","E: Erroneous Data","E: Erroneous Data","E: Erroneous Data","E: Erroneous Data","E: Erroneous Data","E: Uncertainty","E: Erroneous Data"
"2024-02-15 08:00:00","PM2.5",NA,NA,NA,NA,NA,NA,NA,NA,NA,NA,NA,NA,NA,NA,NA,NA,NA,NA,NA,NA,NA,NA,NA,NA,NA,NA,NA,NA,NA,NA,NA,NA,NA,NA,NA,NA,NA,NA,NA,NA,"E: Erroneous Data","E: Erroneous Data","E: Erroneous Data","E: Erroneous Data","E: Erroneous Data","E: Erroneous Data","E: Erroneous Data","E: Erroneous Data","E: Uncertainty","E: Uncertainty","E: Uncertainty","E: Erroneous Data","E: Erroneous Data","E: Uncertainty","E: Erroneous Data","E: Erroneous Data","E: Uncertainty","E: Erroneous Data","E: Erroneous Data","E: Uncertainty","E: Erroneous Data","E: Erroneous Data","E: Erroneous Data","E: Erroneous Data","E: Erroneous Data","E: Erroneous Data","E: Erroneous Data","E: Uncertainty","E: Erroneous Data","E: Uncertainty","E: Erroneous Data","E: Uncertainty","E: Uncertainty","E: Erroneous Data","E: Erroneous Data","E: Erroneous Data","E: Erroneous Data","E: Erroneous Data","E: Uncertainty","E: Erroneous Data"
"2024-02-15 09:00:00","PM10",NA,NA,NA,NA,NA,NA,NA,NA,NA,NA,NA,NA,NA,NA,NA,NA,NA,NA,NA,NA,NA,NA,NA,NA,NA,NA,NA,NA,NA,NA,NA,NA,NA,NA,NA,NA,NA,NA,NA,NA,"E: Erroneous Data","E: Erroneous Data","E: Erroneous Data","E: Erroneous Data","E: Erroneous Data","E: Erroneous Data","E: Erroneous Data","E: Erroneous Data","E: Uncertainty","E: Uncertainty","E: Erroneous Data","E: Erroneous Data","E: Erroneous Data","E: Uncertainty","E: Erroneous Data","E: Erroneous Data","E: Erroneous Data","E: Erroneous Data","E: Erroneous Data","E: Uncertainty","E: Erroneous Data","E: Erroneous Data","E: Erroneous Data","E: Erroneous Data","E: Erroneous Data","E: Uncertainty","E: Erroneous Data","E: Uncertainty","E: Erroneous Data","E: Erroneous Data","E: Uncertainty","E: Uncertainty","E: Erroneous Data","E: Erroneous Data","E: Uncertainty","E: Erroneous Data","E: Erroneous Data","E: Erroneous Data","E: Uncertainty","E: Erroneous Data"
"2024-02-15 10:00:00","PM2.5",NA,NA,NA,NA,NA,NA,NA,NA,NA,NA,NA,NA,NA,NA,NA,NA,NA,NA,NA,NA,NA,NA,NA,NA,NA,NA,NA,NA,NA,NA,NA,NA,NA,NA,NA,NA,NA,NA,NA,NA,"E: Erroneous Data","E: Erroneous Data","E: Erroneous Data","E: Erroneous Data","E: Erroneous Data","E: Erroneous Data","E: Erroneous Data","E: Erroneous Data","E: Uncertainty","E: Uncertainty","E: Uncertainty","E: Erroneous Data","E: Erroneous Data","E: Uncertainty","E: Erroneous Data","E: Erroneous Data","E: Erroneous Data","E: Erroneous Data","E: Erroneous Data","E: Erroneous Data","E: Erroneous Data","E: Uncertainty","E: Erroneous Data","E: Erroneous Data","E: Erroneous Data","E: Erroneous Data","E: Erroneous Data","E: Erroneous Data","E: Erroneous Data","E: Uncertainty","E: Uncertainty","E: Uncertainty","E: Erroneous Data","E: Erroneous Data","E: Erroneous Data","E: Erroneous Data","E: Erroneous Data","E: Erroneous Data","E: Erroneous Data","E: Erroneous Data"
"2024-02-15 11:00:00","PM10",NA,NA,0,216.0246,299.1276,93.8618,80.5398,6.3743,0,NA,NA,92.3485,NA,NA,1.9968,9.0737,0,0,2.1818,0.0035,11.3826,NA,0,0,0,20.8884,NA,NA,0,0,NA,0,0,0,0,0,0,0,7.5023,0,"E: Uncertainty","E: Uncertainty",NA,NA,NA,NA,NA,NA,NA,"E: Uncertainty","E: Uncertainty",NA,"E: Uncertainty","E: Uncertainty",NA,NA,NA,NA,NA,NA,NA,"E: Uncertainty",NA,NA,NA,NA,"E: Uncertainty","E: Uncertainty",NA,NA,"E: Uncertainty",NA,NA,NA,NA,NA,NA,NA,NA,NA
"2024-02-15 12:00:00","PM2.5",NA,0,0,171.8684,89.8274,50.7111,41.6885,3.7061,0,0,NA,47.6434,0,NA,1.1465,11.7844,0,0,NA,0,6.9771,NA,0,0,0,NA,NA,0,0,NA,0,NA,0,0,NA,0,0,0,3.5195,0,"E: Uncertainty",NA,NA,NA,NA,NA,NA,NA,NA,NA,"E: Uncertainty",NA,NA,"E: Uncertainty",NA,NA,NA,NA,"E: Uncertainty",NA,NA,"E: Uncertainty",NA,NA,NA,"E: Uncertainty","E: Uncertainty",NA,NA,"E: Uncertainty",NA,"E: Uncertainty",NA,NA,"E: Uncertainty",NA,NA,NA,NA,NA
"2024-02-15 13:00:00","PM10",NA,NA,0,148.4518,206.9287,82.4176,99.8235,1.8454,0,NA,NA,73.1957,0,NA,2.5549,11.2332,0,0,0,NA,4.2047,NA,0,0,0,9.6271,0,NA,0,0,0,NA,0,0,0,0,0,0,3.3022,0,"E: Uncertainty","E: Uncertainty",NA,NA,NA,NA,NA,NA,NA,"E: Uncertainty","E: Uncertainty",NA,NA,"E: Uncertainty",NA,NA,NA,NA,NA,"E: Uncertainty",NA,"E: Uncertainty",NA,NA,NA,NA,NA,"E: Uncertainty",NA,NA,NA,"E: Uncertainty",NA,NA,NA,NA,NA,NA,NA,NA
"2024-02-15 14:00:00","PM2.5",NA,0,0,140.3636,40.5343,72.9272,41.6356,1.2643,NA,NA,NA,43.6437,0,NA,1.8286,11.8508,0,0,0.4139,0,3.4359,0,0,0,0,17.6443,NA,NA,0,0,NA,NA,0,0,0,0,0,0,2.4326,0,"E: Uncertainty",NA,NA,NA,NA,NA,NA,NA,"E: Uncertainty","E: Uncertainty","E: Uncertainty",NA,NA,"E: Uncertainty",NA,NA,NA,NA,NA,NA,NA,NA,NA,NA,NA,NA,"E: Uncertainty","E: Uncertainty",NA,NA,"E: Uncertainty","E: Uncertainty",NA,NA,NA,NA,NA,NA,NA,NA
"2024-02-15 15:00:00","PM10",NA,0,0,185.1496,161.7667,108.3673,115.3884,3.9136,0,0,NA,101.4305,0,NA,2.89,16.4461,0,0,0.7766,NA,3.738,NA,0,NA,0,NA,0,0,0,0,NA,0,0,0,0,0,0,0,2.4086,0,"E: Uncertainty",NA,NA,NA,NA,NA,NA,NA,NA,NA,"E: Uncertainty",NA,NA,"E: Uncertainty",NA,NA,NA,NA,NA,"E: Uncertainty",NA,"E: Uncertainty",NA,"E: Uncertainty",NA,"E: Uncertainty",NA,NA,NA,NA,"E: Uncertainty",NA,NA,NA,NA,NA,NA,NA,NA,NA
"2024-02-15 16:00:00","PM2.5",NA,NA,NA,NA,NA,NA,NA,NA,NA,NA,NA,NA,NA,NA,NA,NA,NA,NA,NA,NA,NA,NA,NA,NA,NA,NA,NA,NA,NA,NA,NA,NA,NA,NA,NA,NA,NA,NA,NA,NA,"E: Uncertainty","E: Erroneous Data","E: Erroneous Data","E: Erroneous Data","E: Erroneous Data","E: Erroneous Data","E: Erroneous Data","E: Erroneous Data","E: Erroneous Data","E: Uncertainty","E: Uncertainty","E: Erroneous Data","E: Erroneous Data","E: Uncertainty","E: Erroneous Data","E: Erroneous Data","E: Erroneous Data","E: Erroneous Data","E: Erroneous Data","E: Erroneous Data","E: Erroneous Data","E: Uncertainty","E: Erroneous Data","E: Erroneous Data","E: Erroneous Data","E: Erroneous Data","E: Erroneous Data","E: Erroneous Data","E: Erroneous Data","E: Uncertainty","E: Erroneous Data","E: Uncertainty","E: Uncertainty","E: Erroneous Data","E: Uncertainty","E: Erroneous Data","E: Erroneous Data","E: Erroneous Data","E: Erroneous Data","E: Erroneous Data"
"2024-02-15 17:00:00","PM10",NA,NA,NA,NA,NA,NA,NA,NA,NA,NA,NA,NA,NA,NA,NA,NA,NA,NA,NA,NA,NA,NA,NA,NA,NA,NA,NA,NA,NA,NA,NA,NA,NA,NA,NA,NA,NA,NA,NA,NA,"E: Erroneous Data","E: Uncertainty","E: Erroneous Data","E: Erroneous Data","E: Erroneous Data","E: Erroneous Data","E: Erroneous Data","E: Erroneous Data","E: Uncertainty","E: Uncertainty","E: Erroneous Data","E: Erroneous Data","E: Uncertainty","E: Uncertainty","E: Erroneous Data","E: Erroneous Data","E: Erroneous Data","E: Erroneous Data","E: Erroneous Data","E: Uncertainty","E: Erroneous Data","E: Uncertainty","E: Erroneous Data","E: Uncertainty","E: Erroneous Data","E: Erroneous Data","E: Erroneous Data","E: Uncertainty","E: Erroneous Data","E: Erroneous Data","E: Uncertainty","E: Uncertainty","E: Uncertainty","E: Erroneous Data","E: Erroneous Data","E: Erroneous Data","E: Erroneous Data","E: Erroneous Data","E: Erroneous Data","E: Erroneous Data"
"2024-02-15 18:00:00","PM2.5",NA,NA,NA,NA,NA,NA,NA,NA,NA,NA,NA,NA,NA,NA,NA,NA,NA,NA,NA,NA,NA,NA,NA,NA,NA,NA,NA,NA,NA,NA,NA,NA,NA,NA,NA,NA,NA,NA,NA,NA,"E: Erroneous Data","E: Uncertainty","E: Erroneous Data","E: Erroneous Data","E: Uncertainty","E: Erroneous Data","E: Erroneous Data","E: Erroneous Data","E: Erroneous Data","E: Uncertainty","E: Uncertainty","E: Erroneous Data","E: Erroneous Data","E: Uncertainty","E: Erroneous Data","E: Erroneous Data","E: Erroneous Data","E: Erroneous Data","E: Erroneous Data","E: Uncertainty","E: Erroneous Data","E: Uncertainty","E: Erroneous Data","E: Erroneous Data","E: Erroneous Data","E: Erroneous Data","E: Uncertainty","E: Erroneous Data","E: Erroneous Data","E: Erroneous Data","E: Erroneous Data","E: Erroneous Data","E: Erroneous Data","E: Erroneous Data","E: Erroneous Data","E: Erroneous Data","E: Erroneous Data","E: Erroneous Data","E: Erroneous Data","E: Erroneous Data"
"2024-02-15 19:00:00","PM10",NA,383.7826,0,302.7406,139.5321,142.366,222.1549,10.5233,1.1943,NA,1.2068,176.8431,0,NA,3.2516,11.374,0,0,0.5455,NA,3.9315,1.8276,0,0,0,17.7699,0,NA,0,0,NA,NA,NA,0,0,0.0094,0,0,3.393,0,"E: Uncertainty",NA,NA,NA,NA,NA,NA,NA,NA,"E: Uncertainty",NA,NA,NA,"E: Uncertainty",NA,NA,NA,NA,NA,"E: Uncertainty",NA,NA,NA,NA,NA,NA,NA,"E: Uncertainty",NA,NA,"E: Uncertainty","E: Uncertainty","E: Uncertainty",NA,NA,NA,NA,NA,NA,NA
"2024-02-15 20:00:00","PM2.5",NA,NA,NA,NA,NA,NA,NA,NA,NA,NA,NA,NA,NA,NA,NA,NA,NA,NA,NA,NA,NA,NA,NA,NA,NA,NA,NA,NA,NA,NA,NA,NA,NA,NA,NA,NA,NA,NA,NA,NA,"E: Uncertainty","E: Uncertainty","E: Erroneous Data","E: Erroneous Data","E: Erroneous Data","E: Erroneous Data","E: Erroneous Data","E: Erroneous Data","E: Uncertainty","E: Uncertainty","E: Erroneous Data","E: Erroneous Data","E: Uncertainty","E: Uncertainty","E: Erroneous Data","E: Erroneous Data","E: Erroneous Data","E: Erroneous Data","E: Erroneous Data","E: Uncertainty","E: Erroneous Data","E: Uncertainty","E: Erroneous Data","E: Erroneous Data","E: Erroneous Data","E: Erroneous Data","E: Uncertainty","E: Uncertainty","E: Erroneous Data","E: Uncertainty","E: Uncertainty","E: Uncertainty","E: Erroneous Data","E: Erroneous Data","E: Erroneous Data","E: Erroneous Data","E: Erroneous Data","E: Erroneous Data","E: Erroneous Data","E: Erroneous Data"
"2024-02-15 21:00:00","PM10",NA,NA,NA,NA,NA,NA,NA,NA,NA,NA,NA,NA,NA,NA,NA,NA,NA,NA,NA,NA,NA,NA,NA,NA,NA,NA,NA,NA,NA,NA,NA,NA,NA,NA,NA,NA,NA,NA,NA,NA,"E: Erroneous Data","E: Uncertainty","E: Erroneous Data","E: Erroneous Data","E: Erroneous Data","E: Erroneous Data","E: Erroneous Data","E: Erroneous Data","E: Uncertainty","E: Uncertainty","E: Erroneous Data","E: Erroneous Data","E: Erroneous Data","E: Uncertainty","E: Erroneous Data","E: Erroneous Data","E: Erroneous Data","E: Erroneous Data","E: Erroneous Data","E: Erroneous Data","E: Erroneous Data","E: Uncertainty","E: Erroneous Data","E: Erroneous Data","E: Erroneous Data","E: Erroneous Data","E: Uncertainty","E: Uncertainty","E: Erroneous Data","E: Erroneous Data","E: Uncertainty","E: Erroneous Data","E: Uncertainty","E: Erroneous Data","E: Erroneous Data","E: Erroneous Data","E: Erroneous Data","E: Erroneous Data","E: Erroneous Data","E: Erroneous Data"
"2024-02-15 22:00:00","PM2.5",NA,NA,NA,NA,NA,NA,NA,NA,NA,NA,NA,NA,NA,NA,NA,NA,NA,NA,NA,NA,NA,NA,NA,NA,NA,NA,NA,NA,NA,NA,NA,NA,NA,NA,NA,NA,NA,NA,NA,NA,"E: Uncertainty","E: Erroneous Data","E: Erroneous Data","E: Erroneous Data","E: Erroneous Data","E: Erroneous Data","E: Erroneous Data","E: Uncertainty","E: Erroneous Data","E: Erroneous Data","E: Erroneous Data","E: Erroneous Data","E: Erroneous Data","E: Erroneous Data","E: Erroneous Data","E: Erroneous Data","E: Erroneous Data","E: Erroneous Data","E: Erroneous Data","E: Erroneous Data","E: Erroneous Data","E: Uncertainty","E: Erroneous Data","E: Erroneous Data","E: Erroneous Data","E: Erroneous Data","E: Uncertainty","E: Erroneous Data","E: Erroneous Data","E: Uncertainty","E: Uncertainty","E: Uncertainty","E: Uncertainty","E: Erroneous Data","E: Erroneous Data","E: Erroneous Data","E: Erroneous Data","E: Erroneous Data","E: Erroneous Data","E: Erroneous Data"
"2024-02-15 23:00:00","PM10",NA,NA,NA,NA,NA,NA,NA,NA,NA,NA,NA,NA,NA,NA,NA,NA,NA,NA,NA,NA,NA,NA,NA,NA,NA,NA,NA,NA,NA,NA,NA,NA,NA,NA,NA,NA,NA,NA,NA,NA,"E: Erroneous Data","E: Erroneous Data","E: Erroneous Data","E: Erroneous Data","E: Erroneous Data","E: Erroneous Data","E: Erroneous Data","E: Erroneous Data","E: Uncertainty","E: Erroneous Data","E: Erroneous Data","E: Erroneous Data","E: Erroneous Data","E: Uncertainty","E: Erroneous Data","E: Erroneous Data","E: Erroneous Data","E: Erroneous Data","E: Erroneous Data","E: Erroneous Data","E: Erroneous Data","E: Uncertainty","E: Erroneous Data","E: Erroneous Data","E: Uncertainty","E: Erroneous Data","E: Erroneous Data","E: Uncertainty","E: Erroneous Data","E: Uncertainty","E: Uncertainty","E: Erroneous Data","E: Uncertainty","E: Erroneous Data","E: Erroneous Data","E: Uncertainty","E: Erroneous Data","E: Erroneous Data","E: Erroneous Data","E: Erroneous Data"
"2024-02-16 00:30:00","PM2.5",NA,0,0,93.8144,0,26.7269,NA,2.3118,0,NA,0,10.9771,0,NA,NA,3.6334,0,0,0,0,0,NA,0,0,0,19.7615,NA,NA,0,NA,NA,0,0,0,NA,0,0,0,NA,0,"E: Uncertainty",NA,NA,NA,NA,NA,"E: Uncertainty",NA,NA,"E: Uncertainty",NA,NA,NA,"E: Uncertainty","E: Uncertainty",NA,NA,NA,NA,NA,NA,"E: Uncertainty",NA,NA,NA,NA,"E: Uncertainty","E: Uncertainty",NA,"E: Uncertainty","E: Uncertainty",NA,NA,NA,"E: Uncertainty",NA,NA,NA,"E: Uncertainty",NA
"2024-02-16 01:00:00","PM10",NA,0,0,92.2357,0,45.629,8.0087,NA,NA,0,0,18.2598,NA,NA,NA,6.0835,0,0,0.8295,0,0.7363,NA,0,0,0,18.0213,0,NA,0,NA,NA,NA,0,0,NA,0,0,0,NA,0,"E: Uncertainty",NA,NA,NA,NA,NA,NA,"E: Uncertainty","E: Uncertainty",NA,NA,NA,"E: Uncertainty","E: Uncertainty","E: Uncertainty",NA,NA,NA,NA,NA,NA,"E: Uncertainty",NA,NA,NA,NA,NA,"E: Uncertainty",NA,"E: Uncertainty","E: Uncertainty","E: Uncertainty",NA,NA,"E: Uncertainty",NA,NA,NA,"E: Uncertainty",NA
"2024-02-16 02:00:00","PM2.5",NA,0,NA,82.3064,0,20.6396,3.2237,NA,NA,0,0,11.9873,0,NA,0.5212,5.84,0,0,0.9095,0,1.0124,NA,0,0,0,14.9036,NA,0,0,NA,NA,NA,NA,0,0,0,0,0,NA,0,"E: Uncertainty",NA,"E: Uncertainty",NA,NA,NA,NA,"E: Uncertainty","E: Uncertainty",NA,NA,NA,NA,"E: Uncertainty",NA,NA,NA,NA,NA,NA,NA,"E: Uncertainty",NA,NA,NA,NA,"E: Uncertainty",NA,NA,"E: Uncertainty","E: Uncertainty","E: Uncertainty","E: Uncertainty",NA,NA,NA,NA,NA,"E: Uncertainty",NA
"2024-02-16 03:00:00","PM10",NA,0,0,79.9719,28.3577,40.2266,6.8679,NA,NA,0,0,11.5186,0,NA,NA,1.4109,0,0,0,0,0.6864,0,0,0,0,NA,0,NA,0,0,0.0412,NA,0,0,0,0,0,0,NA,0,"E: Uncertainty",NA,NA,NA,NA,NA,NA,"E: Uncertainty","E: Uncertainty",NA,NA,NA,NA,"E: Uncertainty","E: Uncertainty",NA,NA,NA,NA,NA,NA,NA,NA,NA,NA,"E: Uncertainty",NA,"E: Uncertainty",NA,NA,NA,"E: Uncertainty",NA,NA,NA,NA,NA,NA,"E: Uncertainty",NA
"2024-02-16 04:00:00","PM2.5",NA,0,0.369,127.403,0,25.2226,3.6847,0,NA,0,0,6.6674,0,NA,NA,0.9823,0,0,NA,0,0.8407,NA,0,0,0,NA,0,NA,0,0,NA,0,NA,0,0,0,0,0,NA,0,"E: Uncertainty",NA,NA,NA,NA,NA,NA,NA,"E: Uncertainty",NA,NA,NA,NA,"E: Uncertainty","E: Uncertainty",NA,NA,NA,"E: Uncertainty",NA,NA,"E: Uncertainty",NA,NA,NA,"E: Uncertainty",NA,"E: Uncertainty",NA,NA,"E: Uncertainty",NA,"E: Uncertainty",NA,NA,NA,NA,NA,"E: Uncertainty",NA
"2024-02-16 05:00:00","PM10",775.2748,0,0,270.7739,117.6311,35.0026,14.7441,NA,0,0,0,12.1365,0,0,0.7152,0.9889,NA,0,NA,NA,0.8756,NA,0,0,0,18.8124,NA,NA,0,0,NA,NA,0,0,0,0,0,0,0,0,NA,NA,NA,NA,NA,NA,NA,"E: Uncertainty",NA,NA,NA,NA,NA,NA,NA,NA,"E: Uncertainty",NA,"E: Uncertainty","E: Uncertainty",NA,"E: Uncertainty",NA,NA,NA,NA,"E: Uncertainty","E: Uncertainty",NA,NA,"E: Uncertainty","E: Uncertainty",NA,NA,NA,NA,NA,NA,NA,NA
"2024-02-16 06:00:00","PM2.5",0,0,0,254.6254,30.6097,16.9346,8.7175,0,NA,0.0043,0,26.5576,0,0,2.6095,1.0222,0,0,NA,0.0017,NA,0,0,0,0,NA,0,NA,0,0,0,NA,NA,0,0,0,0,0,NA,0,NA,NA,NA,NA,NA,NA,NA,NA,"E: Uncertainty",NA,NA,NA,NA,NA,NA,NA,NA,NA,"E: Uncertainty",NA,"E: Uncertainty",NA,NA,NA,NA,"E: Uncertainty",NA,"E: Uncertainty",NA,NA,NA,"E: Uncertainty","E: Uncertainty",NA,NA,NA,NA,NA,"E: Uncertainty",NA
"2024-02-16 07:00:00","PM10",NA,0,0,229.1642,448.6121,42.3677,34.2106,0,0,0,NA,136.7097,0,NA,6.6327,2.2926,0,0,0,0,1.1814,NA,0,0,NA,16.2336,0,0,0,0.0331,NA,NA,NA,0,0.0178,0,0,0,NA,0,"E: Uncertainty",NA,NA,NA,NA,NA,NA,NA,NA,NA,"E: Uncertainty",NA,NA,"E: Uncertainty",NA,NA,NA,NA,NA,NA,NA,"E: Uncertainty",NA,NA,"E: Uncertainty",NA,NA,NA,NA,NA,"E: Uncertainty","E: Uncertainty","E: Uncertainty",NA,NA,NA,NA,NA,"E: Uncertainty",NA
"2024-02-16 08:00:00","PM2.5",0,0,0,177.225,292.3639,29.3212,25.1351,0,NA,NA,0.0018,63.62,NA,NA,4.0394,1.4484,NA,0,NA,0,2.0969,NA,0,0,0,14.8752,NA,NA,0,0,0,NA,NA,0,0,0,0,0,0,0,NA,NA,NA,NA,NA,NA,NA,NA,"E: Uncertainty","E: Uncertainty",NA,NA,"E: Uncertainty","E: Uncertainty",NA,NA,"E: Uncertainty",NA,"E: Uncertainty",NA,NA,"E: Uncertainty",NA,NA,NA,NA,"E: Uncertainty","E: Uncertainty",NA,NA,NA,"E: Uncertainty","E: Uncertainty",NA,NA,NA,NA,NA,NA,NA
"2024-02-16 09:00:00","PM10",0,0,0,135.5146,1064.5556,43.9083,52.752,2.9551,NA,0,NA,75.9227,NA,0,2.5031,2.274,0,0,0,0,1.7891,NA,0,0,0,NA,0,NA,0,NA,NA,NA,NA,0,0,0,0,0,NA,0,NA,NA,NA,NA,NA,NA,NA,NA,"E: Uncertainty",NA,"E: Uncertainty",NA,"E: Uncertainty",NA,NA,NA,NA,NA,NA,NA,NA,"E: Uncertainty",NA,NA,NA,"E: Uncertainty",NA,"E: Uncertainty",NA,"E: Uncertainty","E: Uncertainty","E: Uncertainty","E: Uncertainty",NA,NA,NA,NA,NA,"E: Uncertainty",NA
"2024-02-16 10:00:00","PM2.5",0,0,0,71.5545,357.1176,17.6474,15.5296,NA,0,0,0,23.9897,NA,NA,1.8232,3.6822,0,0,1.6269,NA,NA,NA,0,0,0,18.3874,NA,0,0,0,NA,NA,NA,0,0,0,0,0,6.4588,0,NA,NA,NA,NA,NA,NA,NA,"E: Uncertainty",NA,NA,NA,NA,"E: Uncertainty","E: Uncertainty",NA,NA,NA,NA,NA,"E: Uncertainty","E: Uncertainty","E: Uncertainty",NA,NA,NA,NA,"E: Uncertainty",NA,NA,NA,"E: Uncertainty","E: Uncertainty","E: Uncertainty",NA,NA,NA,NA,NA,NA,NA
"2024-02-16 11:00:00","PM10",0,0,0,54.5107,509.0102,21.2724,44.7646,2.2944,0,NA,0.0018,54.8956,NA,NA,2.3634,2.2567,NA,0,0.468,0,NA,0,0,0,0,9.1359,0,0,0,NA,NA,NA,NA,0,0,0,NA,0,0,0,NA,NA,NA,NA,NA,NA,NA,NA,NA,"E: Uncertainty",NA,NA,"E: Uncertainty","E: Uncertainty",NA,NA,"E: Uncertainty",NA,NA,NA,"E: Uncertainty",NA,NA,NA,NA,NA,NA,NA,NA,"E: Uncertainty","E: Uncertainty","E: Uncertainty","E: Uncertainty",NA,NA,NA,"E: Uncertainty",NA,NA,NA
"2024-02-16 12:00:00","PM2.5",NA,0,0,41.4574,321.6967,16.1025,17.1962,NA,0,0.0074,0,35.7003,NA,NA,2.5365,2.4211,0,0,0,0,NA,NA,0,0,0,12.267,0,NA,NA,NA,NA,NA,0,NA,0,0,0,0,2.6572,0,"E: Uncertainty",NA,NA,NA,NA,NA,NA,"E: Uncertainty",NA,NA,NA,NA,"E: Uncertainty","E: Uncertainty",NA,NA,NA,NA,NA,NA,"E: Uncertainty","E: Uncertainty",NA,NA,NA,NA,NA,"E: Uncertainty","E: Uncertainty","E: Uncertainty","E: Uncertainty","E: Uncertainty",NA,"E: Uncertainty",NA,NA,NA,NA,NA,NA
"2024-02-16 13:00:00","PM10",NA,0,0,62.84,751.6366,28.5812,55.7523,1.4678,0,NA,NA,70.2692,0,0,3.3997,1.8664,0,0,0,0,1.1709,NA,0,0,0,13.5314,0,NA,0,NA,NA,NA,NA,0,0,0,0,0,0,0,"E: Uncertainty",NA,NA,NA,NA,NA,NA,NA,NA,"E: Uncertainty","E: Uncertainty",NA,NA,NA,NA,NA,NA,NA,NA,NA,NA,"E: Uncertainty",NA,NA,NA,NA,NA,"E: Uncertainty",NA,"E: Uncertainty","E: Uncertainty","E: Uncertainty","E: Uncertainty",NA,NA,NA,NA,NA,NA,NA
"2024-02-16 14:00:00","PM2.5",NA,0,0,36.4561,403.5595,13.0403,16.5909,NA,0,NA,0,45.2246,0,0,2.7673,2.5338,0,0,NA,0,0.6059,NA,0,0,0,19.1896,NA,0,0,NA,NA,0,0,0,NA,0,0,0,NA,0,"E: Uncertainty",NA,NA,NA,NA,NA,NA,"E: Uncertainty",NA,"E: Uncertainty",NA,NA,NA,NA,NA,NA,NA,NA,"E: Uncertainty",NA,NA,"E: Uncertainty",NA,NA,NA,NA,"E: Uncertainty",NA,NA,"E: Uncertainty","E: Uncertainty",NA,NA,NA,"E: Uncertainty",NA,NA,NA,"E: Uncertainty",NA
"2024-02-16 15:00:00","PM10",0,0,0,32.0614,419.2108,17.1427,32.8715,NA,0,0,0,62.4583,0,NA,2.206,2.5951,0,0,0,0,0.6072,NA,0,0,NA,14.6612,NA,0,0,0.1285,0,0,0,0,0,0,0,0,NA,0,NA,NA,NA,NA,NA,NA,NA,"E: Uncertainty",NA,NA,NA,NA,NA,"E: Uncertainty",NA,NA,NA,NA,NA,NA,NA,"E: Uncertainty",NA,NA,"E: Uncertainty",NA,"E: Uncertainty",NA,NA,NA,NA,NA,NA,NA,NA,NA,NA,NA,"E: Uncertainty",NA
"2024-02-16 16:00:00","PM2.5",0,0,NA,17.1888,165.4679,6.6481,11.0289,0,0,NA,0,42.3276,NA,0,2.2095,1.6096,0,0,0,NA,NA,NA,0,0,0,NA,NA,0,0,0,0,NA,NA,0,0,0,0,0,NA,0,NA,NA,"E: Uncertainty",NA,NA,NA,NA,NA,NA,"E: Uncertainty",NA,NA,"E: Uncertainty",NA,NA,NA,NA,NA,NA,"E: Uncertainty","E: Uncertainty","E: Uncertainty",NA,NA,NA,"E: Uncertainty","E: Uncertainty",NA,NA,NA,NA,"E: Uncertainty","E: Uncertainty",NA,NA,NA,NA,NA,"E: Uncertainty",NA
"2024-02-16 17:00:00","PM10",NA,0,0,22.4263,338.178,18.8833,24.9954,0,0,NA,0,107.3586,0,0,3.9962,1.6904,0,0,0,0,0.6361,NA,0,0,NA,11.1934,0,0,0,0,NA,0,3.1859,0,0,0,0,0,0,0,"E: Uncertainty",NA,NA,NA,NA,NA,NA,NA,NA,"E: Uncertainty",NA,NA,NA,NA,NA,NA,NA,NA,NA,NA,NA,"E: Uncertainty",NA,NA,"E: Uncertainty",NA,NA,NA,NA,NA,"E: Uncertainty",NA,NA,NA,NA,NA,NA,NA,NA,NA
"2024-02-16 18:00:00","PM2.5",NA,NA,0,23.2628,292.2654,15.1978,11.4499,0,NA,NA,0,52.4897,0,0,2.0579,1.4746,0,0,NA,0,0.902,NA,0,0,0,16.4131,NA,0,0,0,NA,0,NA,0,0,0,0,0,NA,0,"E: Uncertainty","E: Uncertainty",NA,NA,NA,NA,NA,NA,"E: Uncertainty","E: Uncertainty",NA,NA,NA,NA,NA,NA,NA,NA,"E: Uncertainty",NA,NA,"E: Uncertainty",NA,NA,NA,NA,"E: Uncertainty",NA,NA,NA,"E: Uncertainty",NA,"E: Uncertainty",NA,NA,NA,NA,NA,"E: Uncertainty",NA
"2024-02-16 19:00:00","PM10",794.0419,0,0,74.4376,851.1614,34.7538,44.3181,NA,0,NA,NA,137.9324,NA,NA,4.9207,2.8446,0,0,0.9785,0,8.5722,NA,0,0,0,0,NA,NA,0,NA,0,0,NA,0,NA,0,0,0,1.0252,0,NA,NA,NA,NA,NA,NA,NA,"E: Uncertainty",NA,"E: Uncertainty","E: Uncertainty",NA,"E: Uncertainty","E: Uncertainty",NA,NA,NA,NA,NA,NA,NA,"E: Uncertainty",NA,NA,NA,NA,"E: Uncertainty","E: Uncertainty",NA,"E: Uncertainty",NA,NA,"E: Uncertainty",NA,"E: Uncertainty",NA,NA,NA,NA,NA
"2024-02-16 20:00:00","PM2.5",NA,0,NA,55.1667,495.3078,17.1142,19.2568,0,0,NA,0,72.3034,NA,0,7.9254,2.1259,0,0,NA,0,1.2107,NA,0,0,0,14.4871,NA,NA,0,0,0,0,NA,0,0,0,0,0,0,0,"E: Uncertainty",NA,"E: Uncertainty",NA,NA,NA,NA,NA,NA,"E: Uncertainty",NA,NA,"E: Uncertainty",NA,NA,NA,NA,NA,"E: Uncertainty",NA,NA,"E: Uncertainty",NA,NA,NA,NA,"E: Uncertainty","E: Uncertainty",NA,NA,NA,NA,"E: Uncertainty",NA,NA,NA,NA,NA,NA,NA
"2024-02-16 21:00:00","PM10",NA,0,0,129.3218,1435.1872,49.3723,65.5285,1.7391,0,0.0014,NA,152.7842,0,0,9.0312,4.2316,0,0,0,0,2.6824,NA,0,0,0,15.8075,NA,0,0,0,0,0,3.94,0,0,0,0,0,NA,0,"E: Uncertainty",NA,NA,NA,NA,NA,NA,NA,NA,NA,"E: Uncertainty",NA,NA,NA,NA,NA,NA,NA,NA,NA,NA,"E: Uncertainty",NA,NA,NA,NA,"E: Uncertainty",NA,NA,NA,NA,NA,NA,NA,NA,NA,NA,NA,"E: Uncertainty",NA
"2024-02-16 22:00:00","PM2.5",NA,0,0,83.6388,727.5945,31.003,24.1378,NA,0,NA,0,103.6031,NA,0,6.5962,2.63,0,0,0,0,1.9211,NA,0,0,0,13.1951,NA,NA,0,0,NA,0,NA,0,NA,0,0,0,NA,0,"E: Uncertainty",NA,NA,NA,NA,NA,NA,"E: Uncertainty",NA,"E: Uncertainty",NA,NA,"E: Uncertainty",NA,NA,NA,NA,NA,NA,NA,NA,"E: Uncertainty",NA,NA,NA,NA,"E: Uncertainty","E: Uncertainty",NA,NA,"E: Uncertainty",NA,"E: Uncertainty",NA,"E: Uncertainty",NA,NA,NA,"E: Uncertainty",NA
"2024-02-16 23:00:00","PM10",NA,0,0,162.7357,2216.4963,71.8586,73.8703,NA,0,0,NA,112.1182,0,NA,5.4931,3.0586,0,0,NA,0,3.8957,NA,0,0,0,NA,0,0,0,NA,NA,NA,NA,0,0,0,0,0,NA,0,"E: Uncertainty",NA,NA,NA,NA,NA,NA,"E: Uncertainty",NA,NA,"E: Uncertainty",NA,NA,"E: Uncertainty",NA,NA,NA,NA,"E: Uncertainty",NA,NA,"E: Uncertainty",NA,NA,NA,"E: Uncertainty",NA,NA,NA,"E: Uncertainty","E: Uncertainty","E: Uncertainty","E: Uncertainty",NA,NA,NA,NA,NA,"E: Uncertainty",NA
"2024-02-17 00:30:00","PM2.5",NA,0,0,88.4691,570.954,52.6617,19.58,0,0,NA,0,69.3664,NA,0,2.8768,2.5416,0,0,NA,0,1.6348,NA,0,0,NA,38.5028,0,0,0,0,NA,NA,NA,0,NA,0,0,0,NA,0,"E: Uncertainty",NA,NA,NA,NA,NA,NA,NA,NA,"E: Uncertainty",NA,NA,"E: Uncertainty",NA,NA,NA,NA,NA,"E: Uncertainty",NA,NA,"E: Uncertainty",NA,NA,"E: Uncertainty",NA,NA,NA,NA,NA,"E: Uncertainty","E: Uncertainty","E: Uncertainty",NA,"E: Uncertainty",NA,NA,NA,"E: Uncertainty",NA
"2024-02-17 01:00:00","PM10",NA,0,0,246.4794,1823.9652,111.8702,77.7273,1.6375,0,NA,NA,102.9405,0,NA,4.2131,7.1477,0,0,1.4121,NA,3.121,1.7036,0,0,0,12.1384,0,0,0,NA,NA,NA,NA,0,0,0,0,0,7.6592,0,"E: Uncertainty",NA,NA,NA,NA,NA,NA,NA,NA,"E: Uncertainty","E: Uncertainty",NA,NA,"E: Uncertainty",NA,NA,NA,NA,NA,"E: Uncertainty",NA,NA,NA,NA,NA,NA,NA,NA,NA,"E: Uncertainty","E: Uncertainty","E: Uncertainty","E: Uncertainty",NA,NA,NA,NA,NA,NA,NA
"2024-02-17 02:00:00","PM2.5",0,0,0,313.9098,590.8846,106.7916,27.8771,9.6235,NA,0,1.08,39.8183,NA,0,1.6038,13.9164,0,0,0.9863,NA,4.0127,NA,0,0,0,12.7435,NA,0,0,NA,NA,NA,0,0,0,0,0,0,7.3639,0,NA,NA,NA,NA,NA,NA,NA,NA,"E: Uncertainty",NA,NA,NA,"E: Uncertainty",NA,NA,NA,NA,NA,NA,"E: Uncertainty",NA,"E: Uncertainty",NA,NA,NA,NA,"E: Uncertainty",NA,NA,"E: Uncertainty","E: Uncertainty","E: Uncertainty",NA,NA,NA,NA,NA,NA,NA,NA
"2024-02-17 03:00:00","PM10",884.6195,0,0,366.1817,922.8039,83.0369,52.5316,1.5302,NA,NA,1.2049,48.1258,0,0,2.2369,17.9935,NA,0,0.5026,NA,7.524,NA,0,0,0,NA,0,0,0,0,NA,NA,NA,0,0,0,0,0,3.8463,0,NA,NA,NA,NA,NA,NA,NA,NA,"E: Uncertainty","E: Uncertainty",NA,NA,NA,NA,NA,NA,"E: Uncertainty",NA,NA,"E: Uncertainty",NA,"E: Uncertainty",NA,NA,NA,"E: Uncertainty",NA,NA,NA,NA,"E: Uncertainty","E: Uncertainty","E: Uncertainty",NA,NA,NA,NA,NA,NA,NA
"2024-02-17 04:00:00","PM2.5",0,0,0,305.0979,227.3191,52.5708,22.0582,NA,NA,NA,1.1857,27.013,0,0,1.9941,14.7746,0,0,0.5799,0,5.823,NA,0,0,0,14.2854,NA,NA,0,NA,0,0,0,0,0,0,0,0,2.5673,0,NA,NA,NA,NA,NA,NA,NA,"E: Uncertainty","E: Uncertainty","E: Uncertainty",NA,NA,NA,NA,NA,NA,NA,NA,NA,NA,NA,"E: Uncertainty",NA,NA,NA,NA,"E: Uncertainty","E: Uncertainty",NA,"E: Uncertainty",NA,NA,NA,NA,NA,NA,NA,NA,NA,NA
"2024-02-17 05:00:00","PM10",NA,0,0,343.5325,1210.8268,78.0234,63.4408,3.7927,NA,0,NA,35.6737,0,NA,1.4936,11.2685,0,0,NA,0,5.9283,NA,0,0,0,NA,NA,0,NA,NA,NA,NA,0,0,0,0,0,0,2.5667,0,"E: Uncertainty",NA,NA,NA,NA,NA,NA,NA,"E: Uncertainty",NA,"E: Uncertainty",NA,NA,"E: Uncertainty",NA,NA,NA,NA,"E: Uncertainty",NA,NA,"E: Uncertainty",NA,NA,NA,"E: Uncertainty","E: Uncertainty",NA,"E: Uncertainty","E: Uncertainty","E: Uncertainty","E: Uncertainty",NA,NA,NA,NA,NA,NA,NA,NA
"2024-02-17 06:00:00","PM2.5",NA,0,0,191.7082,119.6916,42.7403,11.0866,NA,0,0,0,14.0748,0,0,0.9208,6.5752,0,0,0.6724,NA,3.1135,NA,0,0,0,18.0827,NA,0,0,NA,NA,NA,NA,0,NA,0,0,0,1.3041,0,"E: Uncertainty",NA,NA,NA,NA,NA,NA,"E: Uncertainty",NA,NA,NA,NA,NA,NA,NA,NA,NA,NA,NA,"E: Uncertainty",NA,"E: Uncertainty",NA,NA,NA,NA,"E: Uncertainty",NA,NA,"E: Uncertainty","E: Uncertainty","E: Uncertainty","E: Uncertainty",NA,"E: Uncertainty",NA,NA,NA,NA,NA
"2024-02-17 07:00:00","PM10",NA,0,0,142.0095,263.3502,41.686,25.6065,NA,NA,0,0,28.1969,NA,0,0.8122,3.4589,0,0,0.587,0,3.0878,NA,0,0,0,13.5918,NA,NA,0,0,NA,NA,0,NA,0,0,0,0,NA,0,"E: Uncertainty",NA,NA,NA,NA,NA,NA,"E: Uncertainty","E: Uncertainty",NA,NA,NA,"E: Uncertainty",NA,NA,NA,NA,NA,NA,NA,NA,"E: Uncertainty",NA,NA,NA,NA,"E: Uncertainty","E: Uncertainty",NA,NA,"E: Uncertainty","E: Uncertainty",NA,"E: Uncertainty",NA,NA,NA,NA,"E: Uncertainty",NA
"2024-02-17 08:00:00","PM2.5",NA,0,0,158.5702,0,41.0723,4.7446,0,0,NA,0,12.8398,0,NA,0.8164,3.524,0,0,0.6938,0,1.5826,NA,0,0,0,16.867,NA,NA,0,0,NA,NA,NA,0,NA,0,0,0,NA,0,"E: Uncertainty",NA,NA,NA,NA,NA,NA,NA,NA,"E: Uncertainty",NA,NA,NA,"E: Uncertainty",NA,NA,NA,NA,NA,NA,NA,"E: Uncertainty",NA,NA,NA,NA,"E: Uncertainty","E: Uncertainty",NA,NA,"E: Uncertainty","E: Uncertainty","E: Uncertainty",NA,"E: Uncertainty",NA,NA,NA,"E: Uncertainty",NA
"2024-02-17 09:00:00","PM10",NA,0,0,308.7493,0,33.1171,18.7283,0,0,0,0,33.3168,0,0,1.1606,3.5306,0,0,0,0,NA,NA,0,0,0,9.1886,NA,0,0,NA,NA,NA,NA,0,0,0,0,0,2.4892,0,"E: Uncertainty",NA,NA,NA,NA,NA,NA,NA,NA,NA,NA,NA,NA,NA,NA,NA,NA,NA,NA,NA,"E: Uncertainty","E: Uncertainty",NA,NA,NA,NA,"E: Uncertainty",NA,NA,"E: Uncertainty","E: Uncertainty","E: Uncertainty","E: Uncertainty",NA,NA,NA,NA,NA,NA,NA
"2024-02-17 10:00:00","PM2.5",NA,0,0,157.0219,0,17.5362,6.5991,0,0,0.0064,0,18.5104,0,NA,1.3024,1.4631,0,0,0,0,NA,NA,0,0,0,15.5895,NA,0,0,NA,0,0,NA,0,0,0,0.0027,0,1.4069,0,"E: Uncertainty",NA,NA,NA,NA,NA,NA,NA,NA,NA,NA,NA,NA,"E: Uncertainty",NA,NA,NA,NA,NA,NA,"E: Uncertainty","E: Uncertainty",NA,NA,NA,NA,"E: Uncertainty",NA,NA,"E: Uncertainty",NA,NA,"E: Uncertainty",NA,NA,NA,NA,NA,NA,NA
"2024-02-17 11:00:00","PM10",NA,0,0,54.3382,0,14.5515,26.1484,NA,0,0,0,34.8049,0,0,1.4199,1.3795,0,0,0,NA,NA,NA,0,0,0,NA,NA,NA,0,NA,0,NA,0,0,0,0,0,0,NA,0,"E: Uncertainty",NA,NA,NA,NA,NA,NA,"E: Uncertainty",NA,NA,NA,NA,NA,NA,NA,NA,NA,NA,NA,"E: Uncertainty","E: Uncertainty","E: Uncertainty",NA,NA,NA,"E: Uncertainty","E: Uncertainty","E: Uncertainty",NA,"E: Uncertainty",NA,"E: Uncertainty",NA,NA,NA,NA,NA,NA,"E: Uncertainty",NA
"2024-02-17 12:00:00","PM2.5",NA,0,0,64.8716,0,18.2699,13.1146,NA,0,NA,0,18.967,NA,0,0.7317,3.4903,0,0,0,NA,0.6984,0,0,0,0,9.242,0,0,0,0,NA,NA,0,0,0,0,0,0,1.298,0,"E: Uncertainty",NA,NA,NA,NA,NA,NA,"E: Uncertainty",NA,"E: Uncertainty",NA,NA,"E: Uncertainty",NA,NA,NA,NA,NA,NA,"E: Uncertainty",NA,NA,NA,NA,NA,NA,NA,NA,NA,NA,"E: Uncertainty","E: Uncertainty",NA,NA,NA,NA,NA,NA,NA,NA
"2024-02-17 13:00:00","PM10",NA,0,0,65.536,NA,15.9536,41.2383,2.0032,0,0,0,43.3553,0,0,1.5997,1.2641,0,0,0,0,0.6821,NA,0,0,0,NA,0,0,0,0,NA,0,0,0,0,0,0,0,NA,0,"E: Uncertainty",NA,NA,NA,"E: Uncertainty",NA,NA,NA,NA,NA,NA,NA,NA,NA,NA,NA,NA,NA,NA,NA,NA,"E: Uncertainty",NA,NA,NA,"E: Uncertainty",NA,NA,NA,NA,"E: Uncertainty",NA,NA,NA,NA,NA,NA,NA,"E: Uncertainty",NA
"2024-02-17 14:00:00","PM2.5",NA,0,0,64.7713,0,17.4806,8.2219,0,NA,0,0,15.5886,0,0,0.9348,2.0825,0,0,0,0,1.0515,NA,0,0,0,18.0865,0,0,0,NA,0.1185,NA,NA,0,0,0,0,0,1.5947,0,"E: Uncertainty",NA,NA,NA,NA,NA,NA,NA,"E: Uncertainty",NA,NA,NA,NA,NA,NA,NA,NA,NA,NA,NA,NA,"E: Uncertainty",NA,NA,NA,NA,NA,NA,NA,"E: Uncertainty",NA,"E: Uncertainty","E: Uncertainty",NA,NA,NA,NA,NA,NA,NA
"2024-02-17 15:00:00","PM10",NA,0,0,116.1913,106.6736,26.4521,29.8636,1.5058,NA,0,0,38.7037,0,NA,1.0133,1.7549,0,0,0,0,1.9134,NA,0,0,0,NA,0,0,0,NA,NA,NA,NA,0,NA,0,NA,0,1.8211,0,"E: Uncertainty",NA,NA,NA,NA,NA,NA,NA,"E: Uncertainty",NA,NA,NA,NA,"E: Uncertainty",NA,NA,NA,NA,NA,NA,NA,"E: Uncertainty",NA,NA,NA,"E: Uncertainty",NA,NA,NA,"E: Uncertainty","E: Uncertainty","E: Uncertainty","E: Uncertainty",NA,"E: Uncertainty",NA,"E: Uncertainty",NA,NA,NA
"2024-02-17 16:00:00","PM2.5",NA,0,0,96.4444,14.0323,14.6095,10.461,NA,NA,0,0,13.3923,0,NA,1.0259,1.8018,0,0,0,NA,2.0947,0,0,0,0,NA,NA,0,0,0,0,NA,0,0,NA,0,NA,0,1.4568,0,"E: Uncertainty",NA,NA,NA,NA,NA,NA,"E: Uncertainty","E: Uncertainty",NA,NA,NA,NA,"E: Uncertainty",NA,NA,NA,NA,NA,"E: Uncertainty",NA,NA,NA,NA,NA,"E: Uncertainty","E: Uncertainty",NA,NA,NA,NA,"E: Uncertainty",NA,NA,"E: Uncertainty",NA,"E: Uncertainty",NA,NA,NA
"2024-02-17 17:00:00","PM10",0,0,0,79.4125,80.9776,28.4775,12.817,NA,NA,0,0,23.4791,NA,NA,0.6773,1.3731,0,0,0,0,1.467,NA,0,0,0,10.9783,0,NA,0,NA,NA,NA,NA,0,0,0,0,0,NA,0,NA,NA,NA,NA,NA,NA,NA,"E: Uncertainty","E: Uncertainty",NA,NA,NA,"E: Uncertainty","E: Uncertainty",NA,NA,NA,NA,NA,NA,NA,"E: Uncertainty",NA,NA,NA,NA,NA,"E: Uncertainty",NA,"E: Uncertainty","E: Uncertainty","E: Uncertainty","E: Uncertainty",NA,NA,NA,NA,NA,"E: Uncertainty",NA
"2024-02-17 18:00:00","PM2.5",NA,0,0,63.4609,0,15.9389,NA,0,0,0,0,9.8787,0,0,NA,0.9385,0,0,0,0,0.6205,NA,0,0,0,13.3737,0,NA,0,NA,NA,0,0,0,0,0,0,0,NA,0,"E: Uncertainty",NA,NA,NA,NA,NA,"E: Uncertainty",NA,NA,NA,NA,NA,NA,NA,"E: Uncertainty",NA,NA,NA,NA,NA,NA,"E: Uncertainty",NA,NA,NA,NA,NA,"E: Uncertainty",NA,"E: Uncertainty","E: Uncertainty",NA,NA,NA,NA,NA,NA,NA,"E: Uncertainty",NA
"2024-02-17 19:00:00","PM10",NA,0,0,42.851,12.7375,19.3695,4.9679,0,NA,0,0,25.1543,NA,NA,1.0984,1.2411,0,0,NA,0,NA,0,0,0,0,21.0557,NA,NA,0,0,NA,NA,NA,0,0,0,0,0,0,0,"E: Uncertainty",NA,NA,NA,NA,NA,NA,NA,"E: Uncertainty",NA,NA,NA,"E: Uncertainty","E: Uncertainty",NA,NA,NA,NA,"E: Uncertainty",NA,"E: Uncertainty",NA,NA,NA,NA,NA,"E: Uncertainty","E: Uncertainty",NA,NA,"E: Uncertainty","E: Uncertainty","E: Uncertainty",NA,NA,NA,NA,NA,NA,NA
"2024-02-17 20:00:00","PM2.5",NA,0,0,28.5853,NA,11.1717,NA,0,0,0,0,6.5772,0,0,NA,0.8023,0,0,NA,0,NA,NA,0,NA,0,12.8294,0,0,0,0,NA,NA,NA,0,0,0,0,0,0,0,"E: Uncertainty",NA,NA,NA,"E: Uncertainty",NA,"E: Uncertainty",NA,NA,NA,NA,NA,NA,NA,"E: Uncertainty",NA,NA,NA,"E: Uncertainty",NA,"E: Uncertainty","E: Uncertainty",NA,"E: Uncertainty",NA,NA,NA,NA,NA,NA,"E: Uncertainty","E: Uncertainty","E: Uncertainty",NA,NA,NA,NA,NA,NA,NA
"2024-02-17 21:00:00","PM10",0,0,0,23.3483,0,19.7,2.9814,0,0,0,0,18.0777,0,0,NA,0.7068,0,0,0,0,NA,NA,0,0,0,15.1251,0,0,0,0,0,0,0,NA,0,0,0.0134,0,NA,0,NA,NA,NA,NA,NA,NA,NA,NA,NA,NA,NA,NA,NA,NA,"E: Uncertainty",NA,NA,NA,NA,NA,"E: Uncertainty","E: Uncertainty",NA,NA,NA,NA,NA,NA,NA,NA,NA,NA,NA,"E: Uncertainty",NA,NA,NA,NA,"E: Uncertainty",NA
"2024-02-17 22:00:00","PM2.5",NA,0,0,29.3098,0,13.6551,NA,0,0,NA,0,10.7782,0,0,0.6925,0.5955,0,0,0,NA,NA,NA,0,0,0,13.3709,NA,NA,0,NA,NA,NA,0,NA,NA,0,0,0,NA,0.0029,"E: Uncertainty",NA,NA,NA,NA,NA,"E: Uncertainty",NA,NA,"E: Uncertainty",NA,NA,NA,NA,NA,NA,NA,NA,NA,"E: Uncertainty","E: Uncertainty","E: Uncertainty",NA,NA,NA,NA,"E: Uncertainty","E: Uncertainty",NA,"E: Uncertainty","E: Uncertainty","E: Uncertainty",NA,"E: Uncertainty","E: Uncertainty",NA,NA,NA,"E: Uncertainty",NA
"2024-02-17 23:00:00","PM10",NA,0,NA,29.1792,0,22.2231,NA,0,0,NA,0,16.7805,0,0,0.8881,NA,0,0,0,0,NA,NA,0,0,0,27.9476,0,0,0,NA,NA,NA,NA,0,0,0,0,0,NA,0,"E: Uncertainty",NA,"E: Uncertainty",NA,NA,NA,"E: Uncertainty",NA,NA,"E: Uncertainty",NA,NA,NA,NA,NA,"E: Uncertainty",NA,NA,NA,NA,"E: Uncertainty","E: Uncertainty",NA,NA,NA,NA,NA,NA,NA,"E: Uncertainty","E: Uncertainty","E: Uncertainty","E: Uncertainty",NA,NA,NA,NA,NA,"E: Uncertainty",NA
"2024-02-18 00:30:00","PM2.5",0,0,0,36.1424,0,13.5809,NA,0,0,0,0,6.7478,0,0,NA,NA,NA,0,0,0,0.0079,NA,0,0,0,21.5558,NA,0,0,NA,NA,NA,0,NA,0,0,0,0,NA,0,NA,NA,NA,NA,NA,NA,"E: Uncertainty",NA,NA,NA,NA,NA,NA,NA,"E: Uncertainty","E: Uncertainty","E: Uncertainty",NA,NA,NA,NA,"E: Uncertainty",NA,NA,NA,NA,"E: Uncertainty",NA,NA,"E: Uncertainty","E: Uncertainty","E: Uncertainty",NA,"E: Uncertainty",NA,NA,NA,NA,"E: Uncertainty",NA
"2024-02-18 01:00:00","PM10",NA,0,0,49.487,0,18.3955,NA,0,0,8e-04,0,8.2818,0,NA,0.7194,0.5125,0,0,0,NA,NA,NA,0,0,0,16.4207,NA,0,0,0,0,NA,0.015,0,0,0,NA,0,NA,0,"E: Uncertainty",NA,NA,NA,NA,NA,"E: Uncertainty",NA,NA,NA,NA,NA,NA,"E: Uncertainty",NA,NA,NA,NA,NA,"E: Uncertainty","E: Uncertainty","E: Uncertainty",NA,NA,NA,NA,"E: Uncertainty",NA,NA,NA,NA,"E: Uncertainty",NA,NA,NA,NA,"E: Uncertainty",NA,"E: Uncertainty",NA
"2024-02-18 02:00:00","PM2.5",NA,0,0,73.2137,0,10.8031,NA,NA,NA,0,0,3.3793,0,0,NA,0.5534,0,0,0,0,NA,NA,0,0,0,10.0353,NA,NA,0,NA,NA,NA,0,0,0,0,0,0,NA,0,"E: Uncertainty",NA,NA,NA,NA,NA,"E: Uncertainty","E: Uncertainty","E: Uncertainty",NA,NA,NA,NA,NA,"E: Uncertainty",NA,NA,NA,NA,NA,"E: Uncertainty","E: Uncertainty",NA,NA,NA,NA,"E: Uncertainty","E: Uncertainty",NA,"E: Uncertainty","E: Uncertainty","E: Uncertainty",NA,NA,NA,NA,NA,NA,"E: Uncertainty",NA
"2024-02-18 03:00:00","PM10",NA,0,0,65.2707,0,14.2892,2.8094,0,0,0,0,4.4987,0,0,NA,NA,0,0,0,NA,NA,NA,0,NA,0,14.9898,NA,NA,0,NA,NA,NA,0,0,0,0,0,0,NA,0,"E: Uncertainty",NA,NA,NA,NA,NA,NA,NA,NA,NA,NA,NA,NA,NA,"E: Uncertainty","E: Uncertainty",NA,NA,NA,"E: Uncertainty","E: Uncertainty","E: Uncertainty",NA,"E: Uncertainty",NA,NA,"E: Uncertainty","E: Uncertainty",NA,"E: Uncertainty","E: Uncertainty","E: Uncertainty",NA,NA,NA,NA,NA,NA,"E: Uncertainty",NA
"2024-02-18 04:00:00","PM2.5",NA,0,0,29.1601,0,6.839,2.013,0,0,NA,0,2.5753,NA,0,NA,NA,NA,0,0,NA,NA,NA,0,NA,0,NA,NA,NA,0,0,NA,NA,0,0,0,0,0,0,0,0,"E: Uncertainty",NA,NA,NA,NA,NA,NA,NA,NA,"E: Uncertainty",NA,NA,"E: Uncertainty",NA,"E: Uncertainty","E: Uncertainty","E: Uncertainty",NA,NA,"E: Uncertainty","E: Uncertainty","E: Uncertainty",NA,"E: Uncertainty",NA,"E: Uncertainty","E: Uncertainty","E: Uncertainty",NA,NA,"E: Uncertainty","E: Uncertainty",NA,NA,NA,NA,NA,NA,NA,NA
"2024-02-18 05:00:00","PM10",NA,0,NA,48.0491,0,15.1903,2.4813,0,0,0,0,4.8622,0,0,NA,NA,0,0,0,NA,0,NA,0,0,0,15.5822,NA,NA,0,NA,0,NA,NA,0,NA,0,0,0,NA,0,"E: Uncertainty",NA,"E: Uncertainty",NA,NA,NA,NA,NA,NA,NA,NA,NA,NA,NA,"E: Uncertainty","E: Uncertainty",NA,NA,NA,"E: Uncertainty",NA,"E: Uncertainty",NA,NA,NA,NA,"E: Uncertainty","E: Uncertainty",NA,"E: Uncertainty",NA,"E: Uncertainty","E: Uncertainty",NA,"E: Uncertainty",NA,NA,NA,"E: Uncertainty",NA
"2024-02-18 06:00:00","PM2.5",NA,0,0,69.9046,0,10.8577,NA,0,0,0,0,4.7148,0,0,NA,NA,0,0,0.3765,0,0,NA,NA,0,0,12.7616,NA,0,0,0.0698,NA,0,0,0,NA,0,0,0,0,0,"E: Uncertainty",NA,NA,NA,NA,NA,"E: Uncertainty",NA,NA,NA,NA,NA,NA,NA,"E: Uncertainty","E: Uncertainty",NA,NA,NA,NA,NA,"E: Uncertainty","E: Uncertainty",NA,NA,NA,"E: Uncertainty",NA,NA,NA,"E: Uncertainty",NA,NA,NA,"E: Uncertainty",NA,NA,NA,NA,NA
"2024-02-18 07:00:00","PM10",NA,0,0,76.2939,0,27.1498,NA,NA,NA,0,0,12.521,0,NA,0.5356,0.866,0,0,0,0,0,NA,0,0,NA,15.7352,0,0,0,0,0,NA,0,0,0,0,0,0,0.8561,0,"E: Uncertainty",NA,NA,NA,NA,NA,"E: Uncertainty","E: Uncertainty","E: Uncertainty",NA,NA,NA,NA,"E: Uncertainty",NA,NA,NA,NA,NA,NA,NA,"E: Uncertainty",NA,NA,"E: Uncertainty",NA,NA,NA,NA,NA,NA,"E: Uncertainty",NA,NA,NA,NA,NA,NA,NA,NA
"2024-02-18 08:00:00","PM2.5",NA,0,0,67.1891,0,12.8606,NA,0,0,0,0,7.9977,0,0,NA,0.946,0,0,0,0,0,NA,0,0,0,25.2607,0,0.0719,0,0,0,NA,0,0,0,0,NA,0,0.9015,0,"E: Uncertainty",NA,NA,NA,NA,NA,"E: Uncertainty",NA,NA,NA,NA,NA,NA,NA,"E: Uncertainty",NA,NA,NA,NA,NA,NA,"E: Uncertainty",NA,NA,NA,NA,NA,NA,NA,NA,NA,"E: Uncertainty",NA,NA,NA,NA,"E: Uncertainty",NA,NA,NA
"2024-02-18 09:00:00","PM10",NA,0,0,96.857,205.8111,19.7646,10.3888,0,0,NA,0,31.6163,NA,0,1.4809,1.5156,0,0,0.3676,0,NA,NA,0,0,0,15.7953,0,0,0,0,NA,NA,NA,0,NA,0,0,0,0,0,"E: Uncertainty",NA,NA,NA,NA,NA,NA,NA,NA,"E: Uncertainty",NA,NA,"E: Uncertainty",NA,NA,NA,NA,NA,NA,NA,"E: Uncertainty","E: Uncertainty",NA,NA,NA,NA,NA,NA,NA,NA,"E: Uncertainty","E: Uncertainty","E: Uncertainty",NA,"E: Uncertainty",NA,NA,NA,NA,NA
"2024-02-18 10:00:00","PM2.5",NA,0,0,166.9297,531.0091,20.2763,19.1881,0,NA,0,0,15.8859,NA,NA,1.0517,1.7752,NA,0,NA,0,1.8697,NA,0,0,0,13.61,NA,NA,0,0,NA,0,0,0,0,0,NA,0,NA,0,"E: Uncertainty",NA,NA,NA,NA,NA,NA,NA,"E: Uncertainty",NA,NA,NA,"E: Uncertainty","E: Uncertainty",NA,NA,"E: Uncertainty",NA,"E: Uncertainty",NA,NA,"E: Uncertainty",NA,NA,NA,NA,"E: Uncertainty","E: Uncertainty",NA,NA,"E: Uncertainty",NA,NA,NA,NA,NA,"E: Uncertainty",NA,"E: Uncertainty",NA
"2024-02-18 11:00:00","PM10",3.3896,0,0,201.2044,1568.7662,51.2092,50.1186,NA,0,0,0,43.1935,0,0,1.4887,1.5857,0,0,NA,NA,3.1796,NA,0,0,0,NA,NA,0,0,0,NA,NA,NA,0,0,0,0,0,0.8036,0,NA,NA,NA,NA,NA,NA,NA,"E: Uncertainty",NA,NA,NA,NA,NA,NA,NA,NA,NA,NA,"E: Uncertainty","E: Uncertainty",NA,"E: Uncertainty",NA,NA,NA,"E: Uncertainty","E: Uncertainty",NA,NA,NA,"E: Uncertainty","E: Uncertainty","E: Uncertainty",NA,NA,NA,NA,NA,NA,NA
"2024-02-18 12:00:00","PM2.5",NA,0,NA,144.2323,1210.1845,41.2749,38.1871,0,NA,0,0,27.5521,0,NA,1.8428,1.3923,0,0,NA,0,2.9975,NA,0,0,0,12.5302,0.0239,0,0,0,NA,NA,0,0,0,0,0,0,0,0,"E: Uncertainty",NA,"E: Uncertainty",NA,NA,NA,NA,NA,"E: Uncertainty",NA,NA,NA,NA,"E: Uncertainty",NA,NA,NA,NA,"E: Uncertainty",NA,NA,"E: Uncertainty",NA,NA,NA,NA,NA,NA,NA,NA,"E: Uncertainty","E: Uncertainty",NA,NA,NA,NA,NA,NA,NA,NA
"2024-02-18 13:00:00","PM10",NA,0,0,225.1086,2550.6406,68.4606,88.0253,NA,0,0,0,45.9528,0,NA,2.0882,2.0341,0,0,NA,NA,4.0934,NA,0,0,0,NA,NA,NA,0,NA,NA,NA,0,0,NA,0,0,0,1.2958,0,"E: Uncertainty",NA,NA,NA,NA,NA,NA,"E: Uncertainty",NA,NA,NA,NA,NA,"E: Uncertainty",NA,NA,NA,NA,"E: Uncertainty","E: Uncertainty",NA,"E: Uncertainty",NA,NA,NA,"E: Uncertainty","E: Uncertainty","E: Uncertainty",NA,"E: Uncertainty","E: Uncertainty","E: Uncertainty",NA,NA,"E: Uncertainty",NA,NA,NA,NA,NA
"2024-02-18 14:00:00","PM2.5",NA,0,0,165.2939,1647.4027,55.5698,45.8703,NA,0,NA,0,31.2825,0,NA,1.8532,1.9898,NA,0,NA,NA,4.741,NA,0,0,NA,23.7073,0,0,0,NA,NA,NA,0,0,0,0,0,0,0,0,"E: Uncertainty",NA,NA,NA,NA,NA,NA,"E: Uncertainty",NA,"E: Uncertainty",NA,NA,NA,"E: Uncertainty",NA,NA,"E: Uncertainty",NA,"E: Uncertainty","E: Uncertainty",NA,"E: Uncertainty",NA,NA,"E: Uncertainty",NA,NA,NA,NA,"E: Uncertainty","E: Uncertainty","E: Uncertainty",NA,NA,NA,NA,NA,NA,NA,NA
"2024-02-18 15:00:00","PM10",0,0,0,157.7138,1415.8485,46.7957,47.809,NA,0,NA,0,74.2146,0,NA,3.0565,1.6307,0,0,0.4198,NA,3.0813,NA,0,0,0,NA,NA,NA,0,NA,0,0,NA,0,0,0,NA,0,NA,0,NA,NA,NA,NA,NA,NA,NA,"E: Uncertainty",NA,"E: Uncertainty",NA,NA,NA,"E: Uncertainty",NA,NA,NA,NA,NA,"E: Uncertainty",NA,"E: Uncertainty",NA,NA,NA,"E: Uncertainty","E: Uncertainty","E: Uncertainty",NA,"E: Uncertainty",NA,NA,"E: Uncertainty",NA,NA,NA,"E: Uncertainty",NA,"E: Uncertainty",NA
"2024-02-18 16:00:00","PM2.5",0,0,0,142.7466,1036.4953,44.7761,32.2449,0,NA,NA,NA,45.7009,0,0.0029,1.6997,4.1373,0,0,0,0,3.7486,NA,0,0,0,15.8296,0,0,0,0,NA,0,NA,0,0,0,0,0,6.2207,0,NA,NA,NA,NA,NA,NA,NA,NA,"E: Uncertainty","E: Uncertainty","E: Uncertainty",NA,NA,NA,NA,NA,NA,NA,NA,NA,NA,"E: Uncertainty",NA,NA,NA,NA,NA,NA,NA,NA,"E: Uncertainty",NA,"E: Uncertainty",NA,NA,NA,NA,NA,NA,NA
"2024-02-18 17:00:00","PM10",NA,0,0,253.1087,2434.6549,83.5942,94.6766,1.3851,0,0.0072,NA,135.5861,0,NA,5.0061,8.2678,0,0,1.377,NA,8.0047,1.5445,0,0,0,14.4579,0,NA,0,NA,NA,NA,NA,0,0,0,0,0,19.553,0,"E: Uncertainty",NA,NA,NA,NA,NA,NA,NA,NA,NA,"E: Uncertainty",NA,NA,"E: Uncertainty",NA,NA,NA,NA,NA,"E: Uncertainty",NA,NA,NA,NA,NA,NA,NA,"E: Uncertainty",NA,"E: Uncertainty","E: Uncertainty","E: Uncertainty","E: Uncertainty",NA,NA,NA,NA,NA,NA,NA
"2024-02-18 18:00:00","PM2.5",693.7558,0,0,277.7274,1320.7317,47.4432,44.8107,NA,0,NA,0,82.5943,0,NA,6.2541,10.8086,0,0,3.5648,NA,17.3698,NA,0,0,0,15.0488,NA,NA,0,NA,NA,NA,NA,0,0,0,0,0,80.0169,0,NA,NA,NA,NA,NA,NA,NA,"E: Uncertainty",NA,"E: Uncertainty",NA,NA,NA,"E: Uncertainty",NA,NA,NA,NA,NA,"E: Uncertainty",NA,"E: Uncertainty",NA,NA,NA,NA,"E: Uncertainty","E: Uncertainty",NA,"E: Uncertainty","E: Uncertainty","E: Uncertainty","E: Uncertainty",NA,NA,NA,NA,NA,NA,NA
"2024-02-18 19:00:00","PM10",NA,0,0,342.7927,2307.8758,437.5621,80.6688,3.8264,0,NA,NA,176.9175,0,0,22.336,10.812,0,0,3.2152,0,12.8384,6.6233,0,0,0,15.8633,NA,NA,0,NA,NA,0,4.3922,0,0,0,0,0,10.5265,1.769,"E: Uncertainty",NA,NA,NA,NA,NA,NA,NA,NA,"E: Uncertainty","E: Uncertainty",NA,NA,NA,NA,NA,NA,NA,NA,NA,NA,NA,NA,NA,NA,NA,"E: Uncertainty","E: Uncertainty",NA,"E: Uncertainty","E: Uncertainty",NA,NA,NA,NA,NA,NA,NA,NA,NA
"2024-02-18 20:00:00","PM2.5",0,0,0,195.4088,913.4065,84.5511,36.7035,NA,0,NA,NA,213.0165,0,NA,8.9548,12.1685,0,0,4.6514,NA,19.2146,NA,0,NA,0,9.7968,0,0,0,NA,NA,NA,3.8886,0,0,0,0,0,3.451,0,NA,NA,NA,NA,NA,NA,NA,"E: Uncertainty",NA,"E: Uncertainty","E: Uncertainty",NA,NA,"E: Uncertainty",NA,NA,NA,NA,NA,"E: Uncertainty",NA,"E: Uncertainty",NA,"E: Uncertainty",NA,NA,NA,NA,NA,"E: Uncertainty","E: Uncertainty","E: Uncertainty",NA,NA,NA,NA,NA,NA,NA,NA
"2024-02-18 21:00:00","PM10",NA,0,0,250.1805,1488.5307,123.9367,66.7529,1.8979,0,NA,1.7098,331.515,0,0,10.743,12.7647,0,0,4.065,0,20.8052,1.7993,0,NA,0,13.8891,NA,NA,0,0,NA,NA,5.4269,0,0,0,0,0,3.9403,0,"E: Uncertainty",NA,NA,NA,NA,NA,NA,NA,NA,"E: Uncertainty",NA,NA,NA,NA,NA,NA,NA,NA,NA,NA,NA,NA,NA,"E: Uncertainty",NA,NA,"E: Uncertainty","E: Uncertainty",NA,NA,"E: Uncertainty","E: Uncertainty",NA,NA,NA,NA,NA,NA,NA,NA
"2024-02-18 22:00:00","PM2.5",0,0,0,191.9174,718.3044,56.209,28.8046,0,0,NA,0,110.1097,0,0,6.7399,11.2133,0,0,2.0011,0,3.2579,NA,0,0,NA,19.97,0,NA,0,0,0,NA,NA,0,0,0,0,0,19.0419,0,NA,NA,NA,NA,NA,NA,NA,NA,NA,"E: Uncertainty",NA,NA,NA,NA,NA,NA,NA,NA,NA,NA,NA,"E: Uncertainty",NA,NA,"E: Uncertainty",NA,NA,"E: Uncertainty",NA,NA,NA,"E: Uncertainty","E: Uncertainty",NA,NA,NA,NA,NA,NA,NA
"2024-02-18 23:00:00","PM10",NA,0,0,202.3281,859.8073,54.2203,41.6322,0,NA,0,0,101.2584,0,0,5.4312,5.3207,0,0,0.7457,0,3.1145,NA,0,0,0,NA,0,0,0,NA,0,NA,NA,0,0,0,0,0,8.1186,0,"E: Uncertainty",NA,NA,NA,NA,NA,NA,NA,"E: Uncertainty",NA,NA,NA,NA,NA,NA,NA,NA,NA,NA,NA,NA,"E: Uncertainty",NA,NA,NA,"E: Uncertainty",NA,NA,NA,"E: Uncertainty",NA,"E: Uncertainty","E: Uncertainty",NA,NA,NA,NA,NA,NA,NA
"2024-02-19 00:30:00","PM2.5",NA,0,0,93.9949,430.3822,29.1608,12.9869,0,0,0,0,13.4475,0,NA,0,1.9988,0,0,NA,0,2.6058,NA,0,0,0,20.391,0,NA,0,0,NA,NA,NA,0,0,0,0,0,0,0,"E: Uncertainty",NA,NA,NA,NA,NA,NA,NA,NA,NA,NA,NA,NA,"E: Uncertainty",NA,NA,NA,NA,"E: Uncertainty",NA,NA,"E: Uncertainty",NA,NA,NA,NA,NA,"E: Uncertainty",NA,NA,"E: Uncertainty","E: Uncertainty","E: Uncertainty",NA,NA,NA,NA,NA,NA,NA
"2024-02-19 01:00:00","PM10",NA,0,0,135.4073,675.6179,49.9175,26.2232,NA,NA,0,0,14.1595,0,0,NA,1.6792,0,0,NA,NA,2.684,NA,0,0,NA,13.8675,NA,NA,0,0,NA,0,0,NA,0,0,NA,0,NA,0,"E: Uncertainty",NA,NA,NA,NA,NA,NA,"E: Uncertainty","E: Uncertainty",NA,NA,NA,NA,NA,"E: Uncertainty",NA,NA,NA,"E: Uncertainty","E: Uncertainty",NA,"E: Uncertainty",NA,NA,"E: Uncertainty",NA,"E: Uncertainty","E: Uncertainty",NA,NA,"E: Uncertainty",NA,NA,"E: Uncertainty",NA,NA,"E: Uncertainty",NA,"E: Uncertainty",NA
"2024-02-19 02:00:00","PM2.5",NA,0,0,114.987,312.1857,30.6765,13.8615,NA,0,0.0023,0,5.3121,0,NA,NA,1.7152,0,0,NA,NA,3.0774,NA,0,0,0,NA,NA,0,0,0,NA,NA,0.0249,0,0,0,0,0,NA,0,"E: Uncertainty",NA,NA,NA,NA,NA,NA,"E: Uncertainty",NA,NA,NA,NA,NA,"E: Uncertainty","E: Uncertainty",NA,NA,NA,"E: Uncertainty","E: Uncertainty",NA,"E: Uncertainty",NA,NA,NA,"E: Uncertainty","E: Uncertainty",NA,NA,NA,"E: Uncertainty","E: Uncertainty",NA,NA,NA,NA,NA,NA,"E: Uncertainty",NA
"2024-02-19 03:00:00","PM10",0,0,0,151.2165,667.1893,52.2529,39.2687,0,NA,0,0,9.9921,0,0,NA,2.242,0,0,0.8894,0,2.9489,NA,0,0,0,NA,NA,0,0,NA,0,0,0,0,0,0,0,0,NA,0,NA,NA,NA,NA,NA,NA,NA,NA,"E: Uncertainty",NA,NA,NA,NA,NA,"E: Uncertainty",NA,NA,NA,NA,NA,NA,"E: Uncertainty",NA,NA,NA,"E: Uncertainty","E: Uncertainty",NA,NA,"E: Uncertainty",NA,NA,NA,NA,NA,NA,NA,NA,"E: Uncertainty",NA
"2024-02-19 04:00:00","PM2.5",NA,0,0,160.479,283.6613,39.1678,12.8292,0,0,0,0,8.6282,0,0,0.592,2.5929,0,0,0,0,2.989,NA,0,0,0,9.3986,NA,0,NA,NA,NA,NA,0.0238,0,0,0,0,0,5.6454,0,"E: Uncertainty",NA,NA,NA,NA,NA,NA,NA,NA,NA,NA,NA,NA,NA,NA,NA,NA,NA,NA,NA,NA,"E: Uncertainty",NA,NA,NA,NA,"E: Uncertainty",NA,"E: Uncertainty","E: Uncertainty","E: Uncertainty","E: Uncertainty",NA,NA,NA,NA,NA,NA,NA,NA
"2024-02-19 05:00:00","PM10",NA,0,0,178.3339,898.5788,55.2142,36.7428,0,0,NA,0,24.4502,NA,0,1.1071,2.4577,NA,0,NA,0,3.8286,NA,0,0,0,9.0515,NA,0,0,0,NA,0.1522,NA,0,0,0,0,0,9.7604,0,"E: Uncertainty",NA,NA,NA,NA,NA,NA,NA,NA,"E: Uncertainty",NA,NA,"E: Uncertainty",NA,NA,NA,"E: Uncertainty",NA,"E: Uncertainty",NA,NA,"E: Uncertainty",NA,NA,NA,NA,"E: Uncertainty",NA,NA,NA,"E: Uncertainty",NA,"E: Uncertainty",NA,NA,NA,NA,NA,NA,NA
"2024-02-19 06:00:00","PM2.5",0,0,0,136.4616,1163.0831,33.4786,35.6753,0,0.0095,NA,0,16.8558,0,0,1.3263,0.7013,0,0,NA,NA,1.6446,NA,0,0,0,NA,NA,NA,0,NA,NA,NA,0,0,0,0,0,0,NA,0,NA,NA,NA,NA,NA,NA,NA,NA,NA,"E: Uncertainty",NA,NA,NA,NA,NA,NA,NA,NA,"E: Uncertainty","E: Uncertainty",NA,"E: Uncertainty",NA,NA,NA,"E: Uncertainty","E: Uncertainty","E: Uncertainty",NA,"E: Uncertainty","E: Uncertainty","E: Uncertainty",NA,NA,NA,NA,NA,NA,"E: Uncertainty",NA
"2024-02-19 07:00:00","PM10",NA,0,0,389.094,2610.2558,69.4813,80.5942,0,NA,NA,0,73.1722,0,NA,3.6287,1.2527,0,0,0,0,2.1192,2.1315,0,0,0,9.0857,0,NA,0,0,0,0,NA,0,0,0,0,0,NA,0,"E: Uncertainty",NA,NA,NA,NA,NA,NA,NA,"E: Uncertainty","E: Uncertainty",NA,NA,NA,"E: Uncertainty",NA,NA,NA,NA,NA,NA,NA,NA,NA,NA,NA,NA,NA,"E: Uncertainty",NA,NA,NA,NA,"E: Uncertainty",NA,NA,NA,NA,NA,"E: Uncertainty",NA
"2024-02-19 08:00:00","PM2.5",NA,0,0,289.4509,1270.2854,35.1464,39.3842,NA,0,0.0039,0,51.2691,NA,0,2.5911,0.6877,0,0,0,NA,0.8916,NA,0,0,0,23.0054,NA,NA,0,NA,NA,0,NA,0,0,0,0,0,0,0,"E: Uncertainty",NA,NA,NA,NA,NA,NA,"E: Uncertainty",NA,NA,NA,NA,"E: Uncertainty",NA,NA,NA,NA,NA,NA,"E: Uncertainty",NA,"E: Uncertainty",NA,NA,NA,NA,"E: Uncertainty","E: Uncertainty",NA,"E: Uncertainty","E: Uncertainty",NA,"E: Uncertainty",NA,NA,NA,NA,NA,NA,NA
"2024-02-19 09:00:00","PM10",NA,0,0,203.8647,1892.7823,49.4002,75.3152,1.3311,0,0.9821,0.8311,108.7907,0,1.0997,4.6231,5.2138,0,0,0,0,1.8926,NA,0,0,0,25.7199,NA,0,0,NA,NA,NA,NA,0,0,0,0,0,NA,0,"E: Uncertainty",NA,NA,NA,NA,NA,NA,NA,NA,NA,NA,NA,NA,NA,NA,NA,NA,NA,NA,NA,NA,"E: Uncertainty",NA,NA,NA,NA,"E: Uncertainty",NA,NA,"E: Uncertainty","E: Uncertainty","E: Uncertainty","E: Uncertainty",NA,NA,NA,NA,NA,"E: Uncertainty",NA
"2024-02-19 10:00:00","PM2.5",NA,0,0,185.0858,2156.1971,58.5416,63.9978,1.0326,0,NA,NA,66.5603,NA,NA,3.0225,10.3118,0,0,0.727,0,2.8964,NA,0,0,0,16.5722,NA,0,0,0,NA,NA,0,0,0,0,0,0,3.4299,0,"E: Uncertainty",NA,NA,NA,NA,NA,NA,NA,NA,"E: Uncertainty","E: Uncertainty",NA,"E: Uncertainty","E: Uncertainty",NA,NA,NA,NA,NA,NA,NA,"E: Uncertainty",NA,NA,NA,NA,"E: Uncertainty",NA,NA,NA,"E: Uncertainty","E: Uncertainty",NA,NA,NA,NA,NA,NA,NA,NA
"2024-02-19 11:00:00","PM10",NA,0,0,278.0277,4308.8703,96.819,151.7706,2.6187,0,NA,NA,110.2299,0,NA,2.581,8.0671,0,0,0.418,0,5.3613,NA,0,0,NA,11.3635,0,0,0,0,NA,NA,NA,0,0,0,0,0,2.4211,0,"E: Uncertainty",NA,NA,NA,NA,NA,NA,NA,NA,"E: Uncertainty","E: Uncertainty",NA,NA,"E: Uncertainty",NA,NA,NA,NA,NA,NA,NA,"E: Uncertainty",NA,NA,"E: Uncertainty",NA,NA,NA,NA,NA,"E: Uncertainty","E: Uncertainty","E: Uncertainty",NA,NA,NA,NA,NA,NA,NA
"2024-02-19 12:00:00","PM2.5",NA,0,0,216.4306,2789.3067,59.9916,82.8781,NA,NA,NA,NA,47.9469,0,0,1.8029,14.1953,0,0,0.5629,NA,3.5599,NA,0,0,0,NA,NA,NA,0,0,NA,NA,0,NA,0,0,NA,0,1.3946,0,"E: Uncertainty",NA,NA,NA,NA,NA,NA,"E: Uncertainty","E: Uncertainty","E: Uncertainty","E: Uncertainty",NA,NA,NA,NA,NA,NA,NA,NA,"E: Uncertainty",NA,"E: Uncertainty",NA,NA,NA,"E: Uncertainty","E: Uncertainty","E: Uncertainty",NA,NA,"E: Uncertainty","E: Uncertainty",NA,"E: Uncertainty",NA,NA,"E: Uncertainty",NA,NA,NA
"2024-02-19 13:00:00","PM10",0,0,0,274.2489,4434.9842,96.2799,144.6842,1.5548,0,NA,NA,56.8836,0,NA,2.0171,3.1903,0,0,0,0,4.9973,NA,0,0,0,19.2441,NA,NA,0,NA,0,NA,0,0,0,0,0,0,NA,0,NA,NA,NA,NA,NA,NA,NA,NA,NA,"E: Uncertainty","E: Uncertainty",NA,NA,"E: Uncertainty",NA,NA,NA,NA,NA,NA,NA,"E: Uncertainty",NA,NA,NA,NA,"E: Uncertainty","E: Uncertainty",NA,"E: Uncertainty",NA,"E: Uncertainty",NA,NA,NA,NA,NA,NA,"E: Uncertainty",NA
"2024-02-19 14:00:00","PM2.5",NA,0,0,219.5265,3048.0246,69.7227,86.2357,NA,0,0,NA,41.4576,0,NA,1.5951,16.4944,0,0,0,0,4.3746,1.7576,0,0,0,13.4888,NA,0,0,NA,NA,NA,NA,0,0,0,0,0,1.473,0,"E: Uncertainty",NA,NA,NA,NA,NA,NA,"E: Uncertainty",NA,NA,"E: Uncertainty",NA,NA,"E: Uncertainty",NA,NA,NA,NA,NA,NA,NA,NA,NA,NA,NA,NA,"E: Uncertainty",NA,NA,"E: Uncertainty","E: Uncertainty","E: Uncertainty","E: Uncertainty",NA,NA,NA,NA,NA,NA,NA
"2024-02-19 15:00:00","PM10",NA,0,0,336.6257,5389.7065,122.1277,176.6645,2.3055,NA,NA,NA,117.591,NA,0,6.4265,15.5073,0,0,0,NA,7.1604,2.7198,0,NA,0,11.4365,NA,NA,0,NA,NA,NA,NA,0,0,0,0,0,3.8862,0,"E: Uncertainty",NA,NA,NA,NA,NA,NA,NA,"E: Uncertainty","E: Uncertainty","E: Uncertainty",NA,"E: Uncertainty",NA,NA,NA,NA,NA,NA,"E: Uncertainty",NA,NA,NA,"E: Uncertainty",NA,NA,"E: Uncertainty","E: Uncertainty",NA,"E: Uncertainty","E: Uncertainty","E: Uncertainty","E: Uncertainty",NA,NA,NA,NA,NA,NA,NA
"2024-02-19 16:00:00","PM2.5",NA,0,0,209.6714,3187.8962,81.9522,100.5925,1.3112,0,NA,NA,97.6416,0,0,3.5796,16.5174,0,0,0.7797,0,4.4728,NA,0,0,0,9.5206,NA,NA,0,0,NA,0,NA,0,0,0,0,0,1.4783,0,"E: Uncertainty",NA,NA,NA,NA,NA,NA,NA,NA,"E: Uncertainty","E: Uncertainty",NA,NA,NA,NA,NA,NA,NA,NA,NA,NA,"E: Uncertainty",NA,NA,NA,NA,"E: Uncertainty","E: Uncertainty",NA,NA,"E: Uncertainty",NA,"E: Uncertainty",NA,NA,NA,NA,NA,NA,NA
"2024-02-19 17:00:00","PM10",NA,NA,0,327.6305,5184.8075,129.089,202.5669,3.9189,0,0.714,1.3561,266.7679,NA,0,9.4742,12.3451,0,0,1.5268,NA,6.0421,2.472,0,0,0,14.2021,NA,NA,0,NA,NA,0,3.3602,0,0,0,0,0,6.7678,0,"E: Uncertainty","E: Uncertainty",NA,NA,NA,NA,NA,NA,NA,NA,NA,NA,"E: Uncertainty",NA,NA,NA,NA,NA,NA,"E: Uncertainty",NA,NA,NA,NA,NA,NA,"E: Uncertainty","E: Uncertainty",NA,"E: Uncertainty","E: Uncertainty",NA,NA,NA,NA,NA,NA,NA,NA,NA
"2024-02-19 18:00:00","PM2.5",NA,0,0,221.0672,3278.5439,82.5766,97.4047,NA,0,0,NA,151.7548,0,0,5.9247,4.0014,0,0,0,NA,3.7507,2.0879,0,0,0,NA,0,0,0,0.0026,NA,NA,NA,0,0,0,0,0,NA,0,"E: Uncertainty",NA,NA,NA,NA,NA,NA,"E: Uncertainty",NA,NA,"E: Uncertainty",NA,NA,NA,NA,NA,NA,NA,NA,"E: Uncertainty",NA,NA,NA,NA,NA,"E: Uncertainty",NA,NA,NA,NA,"E: Uncertainty","E: Uncertainty","E: Uncertainty",NA,NA,NA,NA,NA,"E: Uncertainty",NA
"2024-02-19 19:00:00","PM10",NA,0,0,312.0025,5461.4397,135.0128,174.3546,2.3457,0,NA,1.1545,237.0317,0,NA,14.7104,5.6813,0,0,0.5076,NA,6.8495,1.8075,0,0,0,18.9601,NA,NA,0,NA,NA,0,6.9422,0,0,0,0,0,NA,0,"E: Uncertainty",NA,NA,NA,NA,NA,NA,NA,NA,"E: Uncertainty",NA,NA,NA,"E: Uncertainty",NA,NA,NA,NA,NA,"E: Uncertainty",NA,NA,NA,NA,NA,NA,"E: Uncertainty","E: Uncertainty",NA,"E: Uncertainty","E: Uncertainty",NA,NA,NA,NA,NA,NA,NA,"E: Uncertainty",NA
"2024-02-19 20:00:00","PM2.5",NA,0,0,233.2456,3335.9972,95.2283,89.9411,NA,NA,NA,NA,96.0952,0,0,4.8069,6.3047,0,0,0.7076,NA,10.5195,1.6063,0,0,0,16.4093,0,0,0,NA,NA,NA,NA,0,NA,0,0,0,1.1314,0,"E: Uncertainty",NA,NA,NA,NA,NA,NA,"E: Uncertainty","E: Uncertainty","E: Uncertainty","E: Uncertainty",NA,NA,NA,NA,NA,NA,NA,NA,"E: Uncertainty",NA,NA,NA,NA,NA,NA,NA,NA,NA,"E: Uncertainty","E: Uncertainty","E: Uncertainty","E: Uncertainty",NA,"E: Uncertainty",NA,NA,NA,NA,NA
"2024-02-19 21:00:00","PM10",663.4273,0,0,362.189,6114.2445,154.7614,166.4816,2.0405,0,NA,NA,89.0695,NA,NA,4.2444,4.0177,0,0,0,NA,6.7387,2.7065,0,0,0,12.3134,NA,NA,0,NA,NA,NA,NA,0,0,0,0,0,1.3779,0,NA,NA,NA,NA,NA,NA,NA,NA,NA,"E: Uncertainty","E: Uncertainty",NA,"E: Uncertainty","E: Uncertainty",NA,NA,NA,NA,NA,"E: Uncertainty",NA,NA,NA,NA,NA,NA,"E: Uncertainty","E: Uncertainty",NA,"E: Uncertainty","E: Uncertainty","E: Uncertainty","E: Uncertainty",NA,NA,NA,NA,NA,NA,NA
"2024-02-19 22:00:00","PM2.5",0,0,0,229.2029,3427.508,96.1481,93.3775,NA,NA,0,0,56.6678,NA,NA,1.7202,3.1717,0,0,0,NA,5.2813,NA,0,0,NA,18.5553,NA,0,0,0,NA,NA,NA,0,NA,0,0,0,NA,0,NA,NA,NA,NA,NA,NA,NA,"E: Uncertainty","E: Uncertainty",NA,NA,NA,"E: Uncertainty","E: Uncertainty",NA,NA,NA,NA,NA,"E: Uncertainty",NA,"E: Uncertainty",NA,NA,"E: Uncertainty",NA,"E: Uncertainty",NA,NA,NA,"E: Uncertainty","E: Uncertainty","E: Uncertainty",NA,"E: Uncertainty",NA,NA,NA,"E: Uncertainty",NA
"2024-02-19 23:00:00","PM10",NA,0,0,385.0461,6239.3701,154.713,165.9334,1.7828,0,NA,0,51.8196,0,0,1.6156,2.3593,0,0,0,NA,7.2357,2.9172,0,0,0,NA,0,0,0,NA,NA,NA,0,0,0,0,0,0,1.1464,0,"E: Uncertainty",NA,NA,NA,NA,NA,NA,NA,NA,"E: Uncertainty",NA,NA,NA,NA,NA,NA,NA,NA,NA,"E: Uncertainty",NA,NA,NA,NA,NA,"E: Uncertainty",NA,NA,NA,"E: Uncertainty","E: Uncertainty","E: Uncertainty",NA,NA,NA,NA,NA,NA,NA,NA
"2024-02-20 00:30:00","PM2.5",NA,0,0,217.916,3055.7857,90.7609,80.1179,0,0,2.5698,NA,282.8475,0,0,1.0895,3.2546,0,0,NA,0,4.3236,NA,0,0,0,33.211,NA,NA,0,NA,0,NA,NA,0,0,0,0,0,0,0,"E: Uncertainty",NA,NA,NA,NA,NA,NA,NA,NA,NA,"E: Uncertainty",NA,NA,NA,NA,NA,NA,NA,"E: Uncertainty",NA,NA,"E: Uncertainty",NA,NA,NA,NA,"E: Uncertainty","E: Uncertainty",NA,"E: Uncertainty",NA,"E: Uncertainty","E: Uncertainty",NA,NA,NA,NA,NA,NA,NA
"2024-02-20 01:00:00","PM10",NA,NA,NA,NA,NA,NA,NA,NA,NA,NA,NA,NA,NA,NA,NA,NA,NA,NA,NA,NA,NA,NA,NA,NA,NA,NA,NA,NA,NA,NA,NA,NA,NA,NA,NA,NA,NA,NA,NA,NA,"E: Erroneous Data","E: Erroneous Data","E: Erroneous Data","E: Erroneous Data","E: Erroneous Data","E: Erroneous Data","E: Erroneous Data","E: Uncertainty","E: Erroneous Data","E: Erroneous Data","E: Erroneous Data","E: Erroneous Data","E: Erroneous Data","E: Erroneous Data","E: Erroneous Data","E: Erroneous Data","E: Erroneous Data","E: Erroneous Data","E: Uncertainty","E: Erroneous Data","E: Erroneous Data","E: Uncertainty","E: Erroneous Data","E: Erroneous Data","E: Erroneous Data","E: Erroneous Data","E: Uncertainty","E: Uncertainty","E: Erroneous Data","E: Erroneous Data","E: Uncertainty","E: Uncertainty","E: Erroneous Data","E: Erroneous Data","E: Erroneous Data","E: Erroneous Data","E: Uncertainty","E: Erroneous Data","E: Erroneous Data","E: Erroneous Data"
"2024-02-20 02:00:00","PM2.5",NA,NA,NA,NA,NA,NA,NA,NA,NA,NA,NA,NA,NA,NA,NA,NA,NA,NA,NA,NA,NA,NA,NA,NA,NA,NA,NA,NA,NA,NA,NA,NA,NA,NA,NA,NA,NA,NA,NA,NA,"E: Erroneous Data","E: Erroneous Data","E: Erroneous Data","E: Erroneous Data","E: Erroneous Data","E: Erroneous Data","E: Erroneous Data","E: Uncertainty","E: Erroneous Data","E: Erroneous Data","E: Erroneous Data","E: Erroneous Data","E: Uncertainty","E: Erroneous Data","E: Uncertainty","E: Erroneous Data","E: Erroneous Data","E: Erroneous Data","E: Erroneous Data","E: Uncertainty","E: Erroneous Data","E: Uncertainty","E: Erroneous Data","E: Erroneous Data","E: Erroneous Data","E: Erroneous Data","E: Erroneous Data","E: Uncertainty","E: Erroneous Data","E: Uncertainty","E: Uncertainty","E: Uncertainty","E: Erroneous Data","E: Erroneous Data","E: Erroneous Data","E: Erroneous Data","E: Erroneous Data","E: Erroneous Data","E: Erroneous Data","E: Erroneous Data"
"2024-02-20 03:00:00","PM10",NA,NA,NA,NA,NA,NA,NA,NA,NA,NA,NA,NA,NA,NA,NA,NA,NA,NA,NA,NA,NA,NA,NA,NA,NA,NA,NA,NA,NA,NA,NA,NA,NA,NA,NA,NA,NA,NA,NA,NA,"E: Erroneous Data","E: Erroneous Data","E: Erroneous Data","E: Erroneous Data","E: Erroneous Data","E: Erroneous Data","E: Erroneous Data","E: Uncertainty","E: Erroneous Data","E: Uncertainty","E: Erroneous Data","E: Erroneous Data","E: Erroneous Data","E: Uncertainty","E: Erroneous Data","E: Erroneous Data","E: Erroneous Data","E: Erroneous Data","E: Uncertainty","E: Erroneous Data","E: Erroneous Data","E: Erroneous Data","E: Erroneous Data","E: Erroneous Data","E: Erroneous Data","E: Erroneous Data","E: Uncertainty","E: Erroneous Data","E: Erroneous Data","E: Uncertainty","E: Uncertainty","E: Uncertainty","E: Erroneous Data","E: Erroneous Data","E: Erroneous Data","E: Erroneous Data","E: Erroneous Data","E: Erroneous Data","E: Erroneous Data","E: Erroneous Data"
"2024-02-20 04:00:00","PM2.5",NA,NA,NA,NA,NA,NA,NA,NA,NA,NA,NA,NA,NA,NA,NA,NA,NA,NA,NA,NA,NA,NA,NA,NA,NA,NA,NA,NA,NA,NA,NA,NA,NA,NA,NA,NA,NA,NA,NA,NA,"E: Erroneous Data","E: Erroneous Data","E: Erroneous Data","E: Erroneous Data","E: Erroneous Data","E: Erroneous Data","E: Erroneous Data","E: Uncertainty","E: Uncertainty","E: Erroneous Data","E: Uncertainty","E: Erroneous Data","E: Uncertainty","E: Uncertainty","E: Erroneous Data","E: Erroneous Data","E: Erroneous Data","E: Erroneous Data","E: Erroneous Data","E: Uncertainty","E: Erroneous Data","E: Erroneous Data","E: Erroneous Data","E: Erroneous Data","E: Erroneous Data","E: Erroneous Data","E: Uncertainty","E: Uncertainty","E: Erroneous Data","E: Uncertainty","E: Erroneous Data","E: Uncertainty","E: Uncertainty","E: Erroneous Data","E: Erroneous Data","E: Erroneous Data","E: Erroneous Data","E: Erroneous Data","E: Erroneous Data","E: Erroneous Data"
"2024-02-20 05:00:00","PM10",NA,0,0,602.5389,5038.4235,158.0938,158.7831,0,NA,0,1.2842,90.473,0,0,1.0495,7.0409,0,0,0.839,NA,6.26,2.3638,0,0,0,NA,NA,NA,0,NA,NA,0,0,0,0,0,0,0,11.6514,0,"E: Uncertainty",NA,NA,NA,NA,NA,NA,NA,"E: Uncertainty",NA,NA,NA,NA,NA,NA,NA,NA,NA,NA,"E: Uncertainty",NA,NA,NA,NA,NA,"E: Uncertainty","E: Uncertainty","E: Uncertainty",NA,"E: Uncertainty","E: Uncertainty",NA,NA,NA,NA,NA,NA,NA,NA,NA
"2024-02-20 06:00:00","PM2.5",NA,NA,NA,NA,NA,NA,NA,NA,NA,NA,NA,NA,NA,NA,NA,NA,NA,NA,NA,NA,NA,NA,NA,NA,NA,NA,NA,NA,NA,NA,NA,NA,NA,NA,NA,NA,NA,NA,NA,NA,"E: Erroneous Data","E: Erroneous Data","E: Erroneous Data","E: Erroneous Data","E: Erroneous Data","E: Erroneous Data","E: Erroneous Data","E: Erroneous Data","E: Erroneous Data","E: Erroneous Data","E: Uncertainty","E: Erroneous Data","E: Erroneous Data","E: Uncertainty","E: Erroneous Data","E: Erroneous Data","E: Erroneous Data","E: Erroneous Data","E: Erroneous Data","E: Erroneous Data","E: Erroneous Data","E: Uncertainty","E: Erroneous Data","E: Uncertainty","E: Erroneous Data","E: Uncertainty","E: Erroneous Data","E: Erroneous Data","E: Erroneous Data","E: Uncertainty","E: Erroneous Data","E: Erroneous Data","E: Erroneous Data","E: Erroneous Data","E: Erroneous Data","E: Erroneous Data","E: Erroneous Data","E: Erroneous Data","E: Erroneous Data","E: Erroneous Data"
"2024-02-20 07:00:00","PM10",NA,NA,NA,NA,NA,NA,NA,NA,NA,NA,NA,NA,NA,NA,NA,NA,NA,NA,NA,NA,NA,NA,NA,NA,NA,NA,NA,NA,NA,NA,NA,NA,NA,NA,NA,NA,NA,NA,NA,NA,"E: Erroneous Data","E: Erroneous Data","E: Erroneous Data","E: Erroneous Data","E: Erroneous Data","E: Erroneous Data","E: Erroneous Data","E: Uncertainty","E: Erroneous Data","E: Uncertainty","E: Erroneous Data","E: Erroneous Data","E: Erroneous Data","E: Uncertainty","E: Erroneous Data","E: Erroneous Data","E: Erroneous Data","E: Erroneous Data","E: Erroneous Data","E: Uncertainty","E: Erroneous Data","E: Erroneous Data","E: Uncertainty","E: Erroneous Data","E: Erroneous Data","E: Erroneous Data","E: Uncertainty","E: Erroneous Data","E: Erroneous Data","E: Erroneous Data","E: Erroneous Data","E: Erroneous Data","E: Erroneous Data","E: Erroneous Data","E: Erroneous Data","E: Erroneous Data","E: Erroneous Data","E: Erroneous Data","E: Erroneous Data","E: Erroneous Data"
"2024-02-20 08:00:00","PM2.5",NA,NA,NA,NA,NA,NA,NA,NA,NA,NA,NA,NA,NA,NA,NA,NA,NA,NA,NA,NA,NA,NA,NA,NA,NA,NA,NA,NA,NA,NA,NA,NA,NA,NA,NA,NA,NA,NA,NA,NA,"E: Erroneous Data","E: Erroneous Data","E: Erroneous Data","E: Erroneous Data","E: Erroneous Data","E: Erroneous Data","E: Erroneous Data","E: Uncertainty","E: Uncertainty","E: Erroneous Data","E: Uncertainty","E: Erroneous Data","E: Erroneous Data","E: Uncertainty","E: Erroneous Data","E: Erroneous Data","E: Erroneous Data","E: Erroneous Data","E: Erroneous Data","E: Uncertainty","E: Erroneous Data","E: Uncertainty","E: Erroneous Data","E: Erroneous Data","E: Erroneous Data","E: Uncertainty","E: Uncertainty","E: Uncertainty","E: Erroneous Data","E: Uncertainty","E: Uncertainty","E: Erroneous Data","E: Uncertainty","E: Erroneous Data","E: Erroneous Data","E: Erroneous Data","E: Erroneous Data","E: Erroneous Data","E: Erroneous Data","E: Erroneous Data"
"2024-02-20 09:00:00","PM10",NA,NA,NA,NA,NA,NA,NA,NA,NA,NA,NA,NA,NA,NA,NA,NA,NA,NA,NA,NA,NA,NA,NA,NA,NA,NA,NA,NA,NA,NA,NA,NA,NA,NA,NA,NA,NA,NA,NA,NA,"E: Erroneous Data","E: Erroneous Data","E: Erroneous Data","E: Erroneous Data","E: Erroneous Data","E: Erroneous Data","E: Erroneous Data","E: Erroneous Data","E: Erroneous Data","E: Uncertainty","E: Erroneous Data","E: Erroneous Data","E: Erroneous Data","E: Erroneous Data","E: Erroneous Data","E: Erroneous Data","E: Erroneous Data","E: Erroneous Data","E: Erroneous Data","E: Uncertainty","E: Erroneous Data","E: Uncertainty","E: Erroneous Data","E: Erroneous Data","E: Erroneous Data","E: Erroneous Data","E: Erroneous Data","E: Erroneous Data","E: Erroneous Data","E: Erroneous Data","E: Uncertainty","E: Uncertainty","E: Uncertainty","E: Erroneous Data","E: Erroneous Data","E: Erroneous Data","E: Erroneous Data","E: Erroneous Data","E: Erroneous Data","E: Erroneous Data"
"2024-02-20 10:00:00","PM2.5",NA,NA,NA,NA,NA,NA,NA,NA,NA,NA,NA,NA,NA,NA,NA,NA,NA,NA,NA,NA,NA,NA,NA,NA,NA,NA,NA,NA,NA,NA,NA,NA,NA,NA,NA,NA,NA,NA,NA,NA,"E: Uncertainty","E: Erroneous Data","E: Erroneous Data","E: Erroneous Data","E: Erroneous Data","E: Erroneous Data","E: Erroneous Data","E: Uncertainty","E: Erroneous Data","E: Erroneous Data","E: Uncertainty","E: Erroneous Data","E: Erroneous Data","E: Erroneous Data","E: Erroneous Data","E: Erroneous Data","E: Erroneous Data","E: Erroneous Data","E: Uncertainty","E: Erroneous Data","E: Erroneous Data","E: Erroneous Data","E: Erroneous Data","E: Uncertainty","E: Erroneous Data","E: Erroneous Data","E: Erroneous Data","E: Uncertainty","E: Erroneous Data","E: Erroneous Data","E: Erroneous Data","E: Uncertainty","E: Erroneous Data","E: Erroneous Data","E: Uncertainty","E: Erroneous Data","E: Erroneous Data","E: Erroneous Data","E: Erroneous Data","E: Erroneous Data"
"2024-02-20 11:00:00","PM10",NA,NA,NA,NA,NA,NA,NA,NA,NA,NA,NA,NA,NA,NA,NA,NA,NA,NA,NA,NA,NA,NA,NA,NA,NA,NA,NA,NA,NA,NA,NA,NA,NA,NA,NA,NA,NA,NA,NA,NA,"E: Erroneous Data","E: Uncertainty","E: Erroneous Data","E: Erroneous Data","E: Erroneous Data","E: Erroneous Data","E: Erroneous Data","E: Erroneous Data","E: Erroneous Data","E: Uncertainty","E: Uncertainty","E: Erroneous Data","E: Uncertainty","E: Erroneous Data","E: Erroneous Data","E: Erroneous Data","E: Erroneous Data","E: Erroneous Data","E: Erroneous Data","E: Uncertainty","E: Erroneous Data","E: Uncertainty","E: Erroneous Data","E: Erroneous Data","E: Erroneous Data","E: Erroneous Data","E: Erroneous Data","E: Uncertainty","E: Erroneous Data","E: Uncertainty","E: Uncertainty","E: Uncertainty","E: Uncertainty","E: Erroneous Data","E: Erroneous Data","E: Erroneous Data","E: Erroneous Data","E: Erroneous Data","E: Erroneous Data","E: Erroneous Data"
"2024-02-20 12:00:00","PM2.5",NA,NA,NA,NA,NA,NA,NA,NA,NA,NA,NA,NA,NA,NA,NA,NA,NA,NA,NA,NA,NA,NA,NA,NA,NA,NA,NA,NA,NA,NA,NA,NA,NA,NA,NA,NA,NA,NA,NA,NA,"E: Erroneous Data","E: Erroneous Data","E: Erroneous Data","E: Erroneous Data","E: Erroneous Data","E: Erroneous Data","E: Erroneous Data","E: Uncertainty","E: Erroneous Data","E: Uncertainty","E: Uncertainty","E: Erroneous Data","E: Erroneous Data","E: Uncertainty","E: Erroneous Data","E: Erroneous Data","E: Erroneous Data","E: Erroneous Data","E: Erroneous Data","E: Erroneous Data","E: Erroneous Data","E: Uncertainty","E: Erroneous Data","E: Erroneous Data","E: Erroneous Data","E: Uncertainty","E: Uncertainty","E: Erroneous Data","E: Erroneous Data","E: Erroneous Data","E: Erroneous Data","E: Erroneous Data","E: Uncertainty","E: Erroneous Data","E: Erroneous Data","E: Erroneous Data","E: Erroneous Data","E: Erroneous Data","E: Erroneous Data","E: Erroneous Data"
"2024-02-20 13:00:00","PM10",NA,NA,0,426.4572,989.984,65.5384,110.9193,2.3153,0,0,1.2302,112.1223,0,NA,2.7667,5.6962,0,0,NA,NA,2.2973,NA,0,0,0,11.2779,0,NA,0,NA,NA,NA,NA,0,0,0,0,0,6.5299,0,"E: Uncertainty","E: Uncertainty",NA,NA,NA,NA,NA,NA,NA,NA,NA,NA,NA,"E: Uncertainty",NA,NA,NA,NA,"E: Uncertainty","E: Uncertainty",NA,"E: Uncertainty",NA,NA,NA,NA,NA,"E: Uncertainty",NA,"E: Uncertainty","E: Uncertainty","E: Uncertainty","E: Uncertainty",NA,NA,NA,NA,NA,NA,NA
"2024-02-20 14:00:00","PM2.5",NA,0,NA,265.837,440.2746,31.6863,39.3971,NA,0,NA,0,37.1721,0,0,13.6709,4.0996,0,0,0,0,12.307,NA,0,0,0,18.7353,NA,0,0,0,0,NA,0,0,0,0,0,0,4.7103,0,"E: Uncertainty",NA,"E: Uncertainty",NA,NA,NA,NA,"E: Uncertainty",NA,"E: Uncertainty",NA,NA,NA,NA,NA,NA,NA,NA,NA,NA,NA,"E: Uncertainty",NA,NA,NA,NA,"E: Uncertainty",NA,NA,NA,NA,"E: Uncertainty",NA,NA,NA,NA,NA,NA,NA,NA
"2024-02-20 15:00:00","PM10",NA,0,NA,504.9174,1045.9483,74.1365,123.0799,4.7811,NA,NA,2.4865,149.8796,0,0,29.0445,14.9728,0,0,1.679,0,38.4072,NA,NA,0,0,14.0532,NA,NA,0,0,NA,NA,NA,0,0,0,0,0,6.1333,0,"E: Uncertainty",NA,"E: Uncertainty",NA,NA,NA,NA,NA,"E: Uncertainty","E: Uncertainty",NA,NA,NA,NA,NA,NA,NA,NA,NA,NA,NA,"E: Uncertainty","E: Uncertainty",NA,NA,NA,"E: Uncertainty","E: Uncertainty",NA,NA,"E: Uncertainty","E: Uncertainty","E: Uncertainty",NA,NA,NA,NA,NA,NA,NA
"2024-02-20 16:00:00","PM2.5",0.6564,0,0,396.462,739.4295,62.4211,37.5857,NA,0,NA,2.4942,75.2824,0,NA,3.0441,11.2606,0,0,0,0,4.4692,NA,0,0,0,9.8977,0,0,0,NA,0,NA,0,0,0,0,0,0,6.9985,0,NA,NA,NA,NA,NA,NA,NA,"E: Uncertainty",NA,"E: Uncertainty",NA,NA,NA,"E: Uncertainty",NA,NA,NA,NA,NA,NA,NA,"E: Uncertainty",NA,NA,NA,NA,NA,NA,NA,"E: Uncertainty",NA,"E: Uncertainty",NA,NA,NA,NA,NA,NA,NA,NA
"2024-02-20 17:00:00","PM10",NA,0,0,207.3691,2147.1349,65.7398,112.3007,1.9816,NA,NA,NA,86.0552,0.0135,NA,1.7629,5.4608,0,0,0,0,3.6138,NA,0,0,0,NA,NA,0,0,0,NA,NA,NA,0,5e-04,0,0,0,1.5918,0,"E: Uncertainty",NA,NA,NA,NA,NA,NA,NA,"E: Uncertainty","E: Uncertainty","E: Uncertainty",NA,NA,"E: Uncertainty",NA,NA,NA,NA,NA,NA,NA,"E: Uncertainty",NA,NA,NA,"E: Uncertainty","E: Uncertainty",NA,NA,NA,"E: Uncertainty","E: Uncertainty","E: Uncertainty",NA,NA,NA,NA,NA,NA,NA
"2024-02-20 18:00:00","PM2.5",795.0343,0,0,161.1723,903.6065,38.5025,30.2294,NA,NA,NA,0.0053,39.6772,0,0,1.0061,2.6641,0,0,0.6523,NA,1.9267,NA,0,0,0,NA,NA,0,0,0,NA,0,0,0,0,0,0,0,3.5256,0,NA,NA,NA,NA,NA,NA,NA,"E: Uncertainty","E: Uncertainty","E: Uncertainty",NA,NA,NA,NA,NA,NA,NA,NA,NA,"E: Uncertainty",NA,"E: Uncertainty",NA,NA,NA,"E: Uncertainty","E: Uncertainty",NA,NA,NA,"E: Uncertainty",NA,NA,NA,NA,NA,NA,NA,NA,NA
"2024-02-20 19:00:00","PM10",NA,0,0,279.273,1621.2181,65.4751,66.5846,NA,NA,NA,1.8164,111.0821,0,NA,3.7463,6.7652,0,0,0.7831,NA,3.0986,1.881,0,0,0,8.9277,0,NA,0,0,NA,NA,NA,0,0.0204,0,0,0,4.5899,0,"E: Uncertainty",NA,NA,NA,NA,NA,NA,"E: Uncertainty","E: Uncertainty","E: Uncertainty",NA,NA,NA,"E: Uncertainty",NA,NA,NA,NA,NA,"E: Uncertainty",NA,NA,NA,NA,NA,NA,NA,"E: Uncertainty",NA,NA,"E: Uncertainty","E: Uncertainty","E: Uncertainty",NA,NA,NA,NA,NA,NA,NA
"2024-02-20 20:00:00","PM2.5",NA,NA,NA,NA,NA,NA,NA,NA,NA,NA,NA,NA,NA,NA,NA,NA,NA,NA,NA,NA,NA,NA,NA,NA,NA,NA,NA,NA,NA,NA,NA,NA,NA,NA,NA,NA,NA,NA,NA,NA,"E: Erroneous Data","E: Erroneous Data","E: Erroneous Data","E: Erroneous Data","E: Erroneous Data","E: Erroneous Data","E: Erroneous Data","E: Erroneous Data","E: Erroneous Data","E: Uncertainty","E: Uncertainty","E: Erroneous Data","E: Erroneous Data","E: Erroneous Data","E: Erroneous Data","E: Erroneous Data","E: Erroneous Data","E: Erroneous Data","E: Erroneous Data","E: Erroneous Data","E: Erroneous Data","E: Uncertainty","E: Erroneous Data","E: Uncertainty","E: Erroneous Data","E: Erroneous Data","E: Erroneous Data","E: Erroneous Data","E: Uncertainty","E: Erroneous Data","E: Uncertainty","E: Uncertainty","E: Uncertainty","E: Erroneous Data","E: Erroneous Data","E: Erroneous Data","E: Erroneous Data","E: Erroneous Data","E: Erroneous Data","E: Erroneous Data"
"2024-02-20 21:00:00","PM10",NA,NA,NA,NA,NA,NA,NA,NA,NA,NA,NA,NA,NA,NA,NA,NA,NA,NA,NA,NA,NA,NA,NA,NA,NA,NA,NA,NA,NA,NA,NA,NA,NA,NA,NA,NA,NA,NA,NA,NA,"E: Erroneous Data","E: Erroneous Data","E: Erroneous Data","E: Erroneous Data","E: Erroneous Data","E: Erroneous Data","E: Erroneous Data","E: Uncertainty","E: Erroneous Data","E: Uncertainty","E: Erroneous Data","E: Erroneous Data","E: Erroneous Data","E: Erroneous Data","E: Erroneous Data","E: Erroneous Data","E: Erroneous Data","E: Erroneous Data","E: Erroneous Data","E: Uncertainty","E: Erroneous Data","E: Uncertainty","E: Erroneous Data","E: Erroneous Data","E: Erroneous Data","E: Uncertainty","E: Erroneous Data","E: Uncertainty","E: Erroneous Data","E: Uncertainty","E: Uncertainty","E: Uncertainty","E: Uncertainty","E: Erroneous Data","E: Erroneous Data","E: Erroneous Data","E: Erroneous Data","E: Erroneous Data","E: Erroneous Data","E: Erroneous Data"
"2024-02-20 22:00:00","PM2.5",NA,NA,NA,NA,NA,NA,NA,NA,NA,NA,NA,NA,NA,NA,NA,NA,NA,NA,NA,NA,NA,NA,NA,NA,NA,NA,NA,NA,NA,NA,NA,NA,NA,NA,NA,NA,NA,NA,NA,NA,"E: Uncertainty","E: Erroneous Data","E: Erroneous Data","E: Erroneous Data","E: Erroneous Data","E: Erroneous Data","E: Erroneous Data","E: Uncertainty","E: Erroneous Data","E: Uncertainty","E: Erroneous Data","E: Erroneous Data","E: Uncertainty","E: Uncertainty","E: Erroneous Data","E: Erroneous Data","E: Erroneous Data","E: Erroneous Data","E: Erroneous Data","E: Uncertainty","E: Erroneous Data","E: Uncertainty","E: Erroneous Data","E: Erroneous Data","E: Erroneous Data","E: Uncertainty","E: Erroneous Data","E: Erroneous Data","E: Erroneous Data","E: Erroneous Data","E: Uncertainty","E: Uncertainty","E: Erroneous Data","E: Erroneous Data","E: Erroneous Data","E: Erroneous Data","E: Erroneous Data","E: Erroneous Data","E: Uncertainty","E: Erroneous Data"
"2024-02-20 23:00:00","PM10",NA,0,NA,226.492,1725.4898,65.1229,55.6967,NA,0,0,0,34.6243,0,0,1.7067,12.1459,0,0,NA,0,5.8925,NA,0,0,0,NA,0,NA,0,0,NA,NA,NA,0,0,NA,0,0,1.9691,0,"E: Uncertainty",NA,"E: Uncertainty",NA,NA,NA,NA,"E: Uncertainty",NA,NA,NA,NA,NA,NA,NA,NA,NA,NA,"E: Uncertainty",NA,NA,"E: Uncertainty",NA,NA,NA,"E: Uncertainty",NA,"E: Uncertainty",NA,NA,"E: Uncertainty","E: Uncertainty","E: Uncertainty",NA,NA,"E: Uncertainty",NA,NA,NA,NA
"2024-02-21 00:30:00","PM2.5",NA,0,NA,163.723,559.4364,29.4738,23.8012,0,NA,0,0,11.839,NA,NA,NA,4.0266,0,0,0.9181,0,3.5686,0,0,0,0,20.9713,NA,NA,0,0,0,0,0,NA,0,NA,0,0,NA,0,"E: Uncertainty",NA,"E: Uncertainty",NA,NA,NA,NA,NA,"E: Uncertainty",NA,NA,NA,"E: Uncertainty","E: Uncertainty","E: Uncertainty",NA,NA,NA,NA,NA,NA,NA,NA,NA,NA,NA,"E: Uncertainty","E: Uncertainty",NA,NA,NA,NA,NA,"E: Uncertainty",NA,"E: Uncertainty",NA,NA,"E: Uncertainty",NA
"2024-02-21 01:00:00","PM10",NA,0,0,275.6554,1298.1695,71.9378,63.9569,NA,NA,NA,NA,24.9234,0,NA,1.0217,3.8881,0,0,0,NA,5.8224,NA,0,0,0,14.834,NA,NA,0,0,NA,NA,NA,0,0,0,0,0,2.8563,0,"E: Uncertainty",NA,NA,NA,NA,NA,NA,"E: Uncertainty","E: Uncertainty","E: Uncertainty","E: Uncertainty",NA,NA,"E: Uncertainty",NA,NA,NA,NA,NA,"E: Uncertainty",NA,"E: Uncertainty",NA,NA,NA,NA,"E: Uncertainty","E: Uncertainty",NA,NA,"E: Uncertainty","E: Uncertainty","E: Uncertainty",NA,NA,NA,NA,NA,NA,NA
"2024-02-21 02:00:00","PM2.5",0,0,0,95.7258,100.5377,19.0235,4.1862,0,0,NA,0,4.2807,0,NA,NA,1.0612,0,0,0,0,1.2957,0,0,0,0,14.2056,NA,NA,0,0,NA,NA,NA,0,0,0,NA,0,0.8317,0,NA,NA,NA,NA,NA,NA,NA,NA,NA,"E: Uncertainty",NA,NA,NA,"E: Uncertainty","E: Uncertainty",NA,NA,NA,NA,NA,NA,NA,NA,NA,NA,NA,"E: Uncertainty","E: Uncertainty",NA,NA,"E: Uncertainty","E: Uncertainty","E: Uncertainty",NA,NA,NA,"E: Uncertainty",NA,NA,NA
"2024-02-21 03:00:00","PM10",0,0,0,68.6299,92.5967,13.732,7.0416,0,0,0.004,0,4.1284,0,0,NA,NA,0,0,0,0,0.5747,NA,0,0,0,17.2502,0,NA,0,0,0,0,0,NA,0,0,0,0,0,0,NA,NA,NA,NA,NA,NA,NA,NA,NA,NA,NA,NA,NA,NA,"E: Uncertainty","E: Uncertainty",NA,NA,NA,NA,NA,"E: Uncertainty",NA,NA,NA,NA,NA,"E: Uncertainty",NA,NA,NA,NA,NA,"E: Uncertainty",NA,NA,NA,NA,NA,NA
"2024-02-21 04:00:00","PM2.5",NA,0,0,158.2814,95.8827,14.2563,10.2274,0,NA,0,NA,3.9315,NA,NA,NA,NA,0,0,0,NA,0.7024,NA,0,NA,0,NA,0,0,0,0,NA,0,NA,0,0,0,0,0,NA,0,"E: Uncertainty",NA,NA,NA,NA,NA,NA,NA,"E: Uncertainty",NA,"E: Uncertainty",NA,"E: Uncertainty","E: Uncertainty","E: Uncertainty","E: Uncertainty",NA,NA,NA,"E: Uncertainty",NA,"E: Uncertainty",NA,"E: Uncertainty",NA,"E: Uncertainty",NA,NA,NA,NA,"E: Uncertainty",NA,"E: Uncertainty",NA,NA,NA,NA,NA,"E: Uncertainty",NA
"2024-02-21 05:00:00","PM10",NA,0,0,209.788,189.0193,42.5446,27.8159,NA,0.8061,0,0,14.7973,0,NA,NA,0.7863,0,0,0,0,0.8016,NA,0,0,0,NA,NA,0,0,0,0,0,NA,0,0.0044,0,NA,0,NA,0,"E: Uncertainty",NA,NA,NA,NA,NA,NA,"E: Uncertainty",NA,NA,NA,NA,NA,"E: Uncertainty","E: Uncertainty",NA,NA,NA,NA,NA,NA,"E: Uncertainty",NA,NA,NA,"E: Uncertainty","E: Uncertainty",NA,NA,NA,NA,NA,"E: Uncertainty",NA,NA,NA,"E: Uncertainty",NA,"E: Uncertainty",NA
"2024-02-21 06:00:00","PM2.5",NA,0,0,198.7232,80.5199,28.6197,15.046,NA,0.8095,0,0,9.9603,0,0.5093,0.5157,1.4203,0,0,0,0,NA,NA,0,0,NA,0,NA,NA,0,NA,NA,NA,0,0,0,0,0,0,NA,0,"E: Uncertainty",NA,NA,NA,NA,NA,NA,"E: Uncertainty",NA,NA,NA,NA,NA,NA,NA,NA,NA,NA,NA,NA,"E: Uncertainty","E: Uncertainty",NA,NA,"E: Uncertainty",NA,"E: Uncertainty","E: Uncertainty",NA,"E: Uncertainty","E: Uncertainty","E: Uncertainty",NA,NA,NA,NA,NA,NA,"E: Uncertainty",NA
"2024-02-21 07:00:00","PM10",763.7737,0,0,154.7443,174.673,32.6009,19.8499,1.8704,NA,0,0.0035,25.094,0,NA,1.0666,3.9484,0,0,0,0,0.8571,NA,0,0,NA,8.8712,NA,NA,0,NA,NA,NA,0,0,0,NA,0,0,NA,0,NA,NA,NA,NA,NA,NA,NA,NA,"E: Uncertainty",NA,NA,NA,NA,"E: Uncertainty",NA,NA,NA,NA,NA,NA,NA,"E: Uncertainty",NA,NA,"E: Uncertainty",NA,"E: Uncertainty","E: Uncertainty",NA,"E: Uncertainty","E: Uncertainty","E: Uncertainty",NA,NA,NA,"E: Uncertainty",NA,NA,"E: Uncertainty",NA
"2024-02-21 08:00:00","PM2.5",NA,0,NA,75.5691,73.491,39.3051,8.5405,0,0.0073,0,0,13.6766,0,0,0.7709,1.7648,0,NA,0,0,NA,NA,NA,0,0,NA,NA,NA,0,NA,NA,NA,NA,NA,0,0,0,0,0,0,"E: Uncertainty",NA,"E: Uncertainty",NA,NA,NA,NA,NA,NA,NA,NA,NA,NA,NA,NA,NA,NA,"E: Uncertainty",NA,NA,"E: Uncertainty","E: Uncertainty","E: Uncertainty",NA,NA,"E: Uncertainty","E: Uncertainty","E: Uncertainty",NA,"E: Uncertainty","E: Uncertainty","E: Uncertainty","E: Uncertainty","E: Uncertainty",NA,NA,NA,NA,NA,NA
"2024-02-21 09:00:00","PM10",NA,0,0,60.8725,99.3388,38.0562,24.8033,NA,0,0,NA,23.6973,0,0.0043,5.3028,5.6286,0,0,0,0,0.7989,NA,NA,0,0,0,NA,NA,0,0,0,NA,0,0,0,0,0,0,NA,0,"E: Uncertainty",NA,NA,NA,NA,NA,NA,"E: Uncertainty",NA,NA,"E: Uncertainty",NA,NA,NA,NA,NA,NA,NA,NA,NA,NA,"E: Uncertainty","E: Uncertainty",NA,NA,NA,"E: Uncertainty","E: Uncertainty",NA,NA,NA,"E: Uncertainty",NA,NA,NA,NA,NA,NA,"E: Uncertainty",NA
"2024-02-21 10:00:00","PM2.5",NA,0,0,31.359,38.8055,28.3226,15.3357,NA,0,0.0029,NA,13.0381,0,0,1.0671,1.1222,0,0,0,0,NA,0,NA,0,0,NA,NA,NA,0,NA,NA,NA,0,0,0,0,0,0,0,0,"E: Uncertainty",NA,NA,NA,NA,NA,NA,"E: Uncertainty",NA,NA,"E: Uncertainty",NA,NA,NA,NA,NA,NA,NA,NA,NA,"E: Uncertainty",NA,"E: Uncertainty",NA,NA,"E: Uncertainty","E: Uncertainty","E: Uncertainty",NA,"E: Uncertainty","E: Uncertainty","E: Uncertainty",NA,NA,NA,NA,NA,NA,NA,NA
"2024-02-21 11:00:00","PM10",NA,0,0,27.8464,65.5027,20.1672,20.3681,NA,0,0,0,22.2926,0,0,2.5921,11.4434,0,0,0,0.0045,0.6657,NA,NA,NA,0,10.009,NA,0,0,0,NA,NA,NA,0,0,0,0,0,0.7238,0,"E: Uncertainty",NA,NA,NA,NA,NA,NA,"E: Uncertainty",NA,NA,NA,NA,NA,NA,NA,NA,NA,NA,NA,NA,NA,"E: Uncertainty","E: Uncertainty","E: Uncertainty",NA,NA,"E: Uncertainty",NA,NA,NA,"E: Uncertainty","E: Uncertainty","E: Uncertainty",NA,NA,NA,NA,NA,NA,NA
"2024-02-21 12:00:00","PM2.5",0,0,0,13.4254,43.1017,15.1119,7.8472,0,0,0,0,17.8193,0,NA,0.9716,3.8823,0,0,0,NA,NA,NA,NA,0,0,14.4874,NA,0,0,0,0,NA,0,0,NA,0,0,0,1.6914,0,NA,NA,NA,NA,NA,NA,NA,NA,NA,NA,NA,NA,NA,"E: Uncertainty",NA,NA,NA,NA,NA,"E: Uncertainty","E: Uncertainty","E: Uncertainty","E: Uncertainty",NA,NA,NA,"E: Uncertainty",NA,NA,NA,NA,"E: Uncertainty",NA,NA,"E: Uncertainty",NA,NA,NA,NA,NA
"2024-02-21 13:00:00","PM10",NA,0,0,32.0369,65.9153,18.9841,17.7948,NA,0,0.0021,NA,39.6049,0,NA,1.7494,19.1246,0,0,0,0,NA,NA,0,0,0,10.5567,0,0,NA,NA,NA,NA,NA,0,0,0,NA,0,NA,0,"E: Uncertainty",NA,NA,NA,NA,NA,NA,"E: Uncertainty",NA,NA,"E: Uncertainty",NA,NA,"E: Uncertainty",NA,NA,NA,NA,NA,NA,"E: Uncertainty","E: Uncertainty",NA,NA,NA,NA,NA,NA,"E: Uncertainty","E: Uncertainty","E: Uncertainty","E: Uncertainty","E: Uncertainty",NA,NA,NA,"E: Uncertainty",NA,"E: Uncertainty",NA
"2024-02-21 14:00:00","PM2.5",NA,0,NA,44.717,14.3353,21.7005,6.7143,NA,0,0.0078,NA,22.5949,0,0,1.1256,1.4523,0,0,0.371,0,NA,NA,0,0,0,9.0738,NA,NA,0,NA,0,NA,0.0321,0,0,0,NA,0,NA,0,"E: Uncertainty",NA,"E: Uncertainty",NA,NA,NA,NA,"E: Uncertainty",NA,NA,"E: Uncertainty",NA,NA,NA,NA,NA,NA,NA,NA,NA,"E: Uncertainty","E: Uncertainty",NA,NA,NA,NA,"E: Uncertainty","E: Uncertainty",NA,"E: Uncertainty",NA,"E: Uncertainty",NA,NA,NA,NA,"E: Uncertainty",NA,"E: Uncertainty",NA
"2024-02-21 15:00:00","PM10",NA,0,NA,46.9692,19.7435,17.2308,13.7179,NA,0,NA,NA,59.2757,0,0,2.3992,1.9665,NA,0,0,0,NA,NA,0,0,0,12.0382,0,NA,0,0,NA,0,NA,0,0,0,0,0,NA,0,"E: Uncertainty",NA,"E: Uncertainty",NA,NA,NA,NA,"E: Uncertainty",NA,"E: Uncertainty","E: Uncertainty",NA,NA,NA,NA,NA,"E: Uncertainty",NA,NA,NA,"E: Uncertainty","E: Uncertainty",NA,NA,NA,NA,NA,"E: Uncertainty",NA,NA,"E: Uncertainty",NA,"E: Uncertainty",NA,NA,NA,NA,NA,"E: Uncertainty",NA
"2024-02-21 16:00:00","PM2.5",NA,0,0,38.5655,67.3059,12.9426,3.7863,NA,0,NA,0,43.0784,0,0,2.3544,1.054,0,0,0,0,NA,NA,0,NA,NA,10.8621,0,0,NA,0,0,NA,NA,0,0,0,0,0,0.8355,0,"E: Uncertainty",NA,NA,NA,NA,NA,NA,"E: Uncertainty",NA,"E: Uncertainty",NA,NA,NA,NA,NA,NA,NA,NA,NA,NA,"E: Uncertainty","E: Uncertainty",NA,"E: Uncertainty","E: Uncertainty",NA,NA,NA,"E: Uncertainty",NA,NA,"E: Uncertainty","E: Uncertainty",NA,NA,NA,NA,NA,NA,NA
"2024-02-21 17:00:00","PM10",0,0,NA,66.5155,677.534,26.147,26.5013,NA,NA,NA,NA,92.3672,0,0,4.8758,2.1152,0,0,NA,NA,0.9647,NA,0,0,0,16.4123,0,NA,NA,NA,0,NA,NA,0,0,0,0,0,0,0,NA,NA,"E: Uncertainty",NA,NA,NA,NA,"E: Uncertainty","E: Uncertainty","E: Uncertainty","E: Uncertainty",NA,NA,NA,NA,NA,NA,NA,"E: Uncertainty","E: Uncertainty",NA,"E: Uncertainty",NA,NA,NA,NA,NA,"E: Uncertainty","E: Uncertainty","E: Uncertainty",NA,"E: Uncertainty","E: Uncertainty",NA,NA,NA,NA,NA,NA,NA
"2024-02-21 18:00:00","PM2.5",NA,0,0,67.9761,820.0911,22.1924,30.4426,0,0,NA,NA,158.6096,NA,0,6.1792,2.8231,0,0,0,NA,0.8972,NA,0,0,0,NA,0,0,0,NA,NA,NA,NA,0,0,0,NA,0,0,0,"E: Uncertainty",NA,NA,NA,NA,NA,NA,NA,NA,"E: Uncertainty","E: Uncertainty",NA,"E: Uncertainty",NA,NA,NA,NA,NA,NA,"E: Uncertainty",NA,"E: Uncertainty",NA,NA,NA,"E: Uncertainty",NA,NA,NA,"E: Uncertainty","E: Uncertainty","E: Uncertainty","E: Uncertainty",NA,NA,NA,"E: Uncertainty",NA,NA,NA
"2024-02-21 19:00:00","PM10",NA,0,0,143.5801,1846.977,55.1552,52.2572,NA,0,NA,0,141.5153,0,NA,4.6229,2.8301,0,0,0,NA,3.5806,NA,0,0,0,11.0503,0,0,0,0,NA,0,NA,0,NA,0,0,0,NA,0,"E: Uncertainty",NA,NA,NA,NA,NA,NA,"E: Uncertainty",NA,"E: Uncertainty",NA,NA,NA,"E: Uncertainty",NA,NA,NA,NA,NA,"E: Uncertainty",NA,"E: Uncertainty",NA,NA,NA,NA,NA,NA,NA,NA,"E: Uncertainty",NA,"E: Uncertainty",NA,"E: Uncertainty",NA,NA,NA,"E: Uncertainty",NA
"2024-02-21 20:00:00","PM2.5",0,0,0,104.9215,1537.4148,42.7236,41.5867,0,0,0,0,22.0792,NA,0,1.4428,2.7775,0,0,0,NA,1.8209,NA,0,0,0,15.757,NA,NA,NA,NA,NA,NA,NA,0,NA,0,0,0,NA,0,NA,NA,NA,NA,NA,NA,NA,NA,NA,NA,NA,NA,"E: Uncertainty",NA,NA,NA,NA,NA,NA,"E: Uncertainty",NA,"E: Uncertainty",NA,NA,NA,NA,"E: Uncertainty","E: Uncertainty","E: Uncertainty","E: Uncertainty","E: Uncertainty","E: Uncertainty","E: Uncertainty",NA,"E: Uncertainty",NA,NA,NA,"E: Uncertainty",NA
"2024-02-21 21:00:00","PM10",NA,0,0,285.3639,4040.3181,84.7526,101.7665,NA,0,NA,0,32.9333,0,NA,1.2617,2.0876,0,0,0,NA,4.6716,NA,0,0,0,13.9864,0,0,0,NA,NA,NA,0,0,0,0,0,0,NA,0,"E: Uncertainty",NA,NA,NA,NA,NA,NA,"E: Uncertainty",NA,"E: Uncertainty",NA,NA,NA,"E: Uncertainty",NA,NA,NA,NA,NA,"E: Uncertainty",NA,"E: Uncertainty",NA,NA,NA,NA,NA,NA,NA,"E: Uncertainty","E: Uncertainty","E: Uncertainty",NA,NA,NA,NA,NA,NA,"E: Uncertainty",NA
"2024-02-21 22:00:00","PM2.5",NA,0,0,205.6291,2532.2555,61.0177,63.5333,NA,NA,NA,0,12.6655,0,0,0.5537,0.7692,NA,0,NA,0,2.9139,NA,0,0,0,14.5595,0,NA,0,NA,0,0,0,0,0,0,0,0,0,0,"E: Uncertainty",NA,NA,NA,NA,NA,NA,"E: Uncertainty","E: Uncertainty","E: Uncertainty",NA,NA,NA,NA,NA,NA,"E: Uncertainty",NA,"E: Uncertainty",NA,NA,"E: Uncertainty",NA,NA,NA,NA,NA,"E: Uncertainty",NA,"E: Uncertainty",NA,NA,NA,NA,NA,NA,NA,NA,NA,NA
"2024-02-21 23:00:00","PM10",NA,0,0,276.5304,4486.2181,91.7885,106.9497,NA,0,0,0,27.1853,NA,NA,1.0721,0.7315,0,0,0,0,6.2172,NA,0,0,0,NA,0,0,NA,NA,NA,NA,NA,0,0,0,0,0,1.2165,0,"E: Uncertainty",NA,NA,NA,NA,NA,NA,"E: Uncertainty",NA,NA,NA,NA,"E: Uncertainty","E: Uncertainty",NA,NA,NA,NA,NA,NA,NA,"E: Uncertainty",NA,NA,NA,"E: Uncertainty",NA,NA,"E: Uncertainty","E: Uncertainty","E: Uncertainty","E: Uncertainty","E: Uncertainty",NA,NA,NA,NA,NA,NA,NA
"2024-02-22 00:30:00","PM2.5",NA,0,0,109.4086,2396.327,57.7788,59.2731,0,0,0,0,16.1359,0,0,2.7225,0.9733,0,0,NA,NA,3.6001,NA,0,0,0,NA,0,NA,0,NA,0,NA,NA,0,0,0,0,0,0,0,"E: Uncertainty",NA,NA,NA,NA,NA,NA,NA,NA,NA,NA,NA,NA,NA,NA,NA,NA,NA,"E: Uncertainty","E: Uncertainty",NA,"E: Uncertainty",NA,NA,NA,"E: Uncertainty",NA,"E: Uncertainty",NA,"E: Uncertainty",NA,"E: Uncertainty","E: Uncertainty",NA,NA,NA,NA,NA,NA,NA
"2024-02-22 01:00:00","PM10",NA,0,0,363.3655,5077.2853,131.4579,136.3466,0,0,0.0012,NA,30.7587,0,0,0.9897,1.8962,0,NA,0,NA,5.8604,2.2315,0,0,0,21.8787,NA,0,0,NA,NA,NA,0,0,0.0258,0,0,0,3.8052,0,"E: Uncertainty",NA,NA,NA,NA,NA,NA,NA,NA,NA,"E: Uncertainty",NA,NA,NA,NA,NA,NA,"E: Uncertainty",NA,"E: Uncertainty",NA,NA,NA,NA,NA,NA,"E: Uncertainty",NA,NA,"E: Uncertainty","E: Uncertainty","E: Uncertainty",NA,NA,NA,NA,NA,NA,NA,NA
"2024-02-22 02:00:00","PM2.5",NA,0,0,190.4148,2399.9679,58.9936,64.0526,0,0,0,0,8.6007,0,NA,0.5501,1.3317,0,0,0,NA,3.2215,NA,0,0,0,NA,NA,NA,0,0,NA,NA,0,0,0,0,0,0,NA,0,"E: Uncertainty",NA,NA,NA,NA,NA,NA,NA,NA,NA,NA,NA,NA,"E: Uncertainty",NA,NA,NA,NA,NA,"E: Uncertainty",NA,"E: Uncertainty",NA,NA,NA,"E: Uncertainty","E: Uncertainty","E: Uncertainty",NA,NA,"E: Uncertainty","E: Uncertainty",NA,NA,NA,NA,NA,NA,"E: Uncertainty",NA
"2024-02-22 03:00:00","PM10",NA,0,0,304.78,4260.379,104.2059,112.2639,0,0,NA,0,9.3892,NA,NA,0.54,1.1856,0,0,NA,NA,6.1056,2.8859,0,0,0,17.4477,NA,0,0,NA,NA,0,NA,0,NA,0,NA,0,0,0,"E: Uncertainty",NA,NA,NA,NA,NA,NA,NA,NA,"E: Uncertainty",NA,NA,"E: Uncertainty","E: Uncertainty",NA,NA,NA,NA,"E: Uncertainty","E: Uncertainty",NA,NA,NA,NA,NA,NA,"E: Uncertainty",NA,NA,"E: Uncertainty","E: Uncertainty",NA,"E: Uncertainty",NA,"E: Uncertainty",NA,"E: Uncertainty",NA,NA,NA
"2024-02-22 04:00:00","PM2.5",NA,0,0,171.3088,1986.1682,55.9585,52.7053,NA,0,0,NA,4.7015,0,0,NA,1.1868,0,0,NA,0,3.2109,1.6584,0,0,0,NA,0,NA,0,0,0,NA,0,0,0,0,0,0,0,0,"E: Uncertainty",NA,NA,NA,NA,NA,NA,"E: Uncertainty",NA,NA,"E: Uncertainty",NA,NA,NA,"E: Uncertainty",NA,NA,NA,"E: Uncertainty",NA,NA,NA,NA,NA,NA,"E: Uncertainty",NA,"E: Uncertainty",NA,NA,NA,"E: Uncertainty",NA,NA,NA,NA,NA,NA,NA,NA
"2024-02-22 05:00:00","PM10",NA,0,0,226.8888,3210.913,85.5738,83.7057,0,NA,0,0,5.9882,0,NA,0.5691,0.7712,0,0,0,0,2.7894,NA,0,0,0,12.8225,NA,0,0,NA,NA,NA,0,0,0,0,0,0,0,0,"E: Uncertainty",NA,NA,NA,NA,NA,NA,NA,"E: Uncertainty",NA,NA,NA,NA,"E: Uncertainty",NA,NA,NA,NA,NA,NA,NA,"E: Uncertainty",NA,NA,NA,NA,"E: Uncertainty",NA,NA,"E: Uncertainty","E: Uncertainty","E: Uncertainty",NA,NA,NA,NA,NA,NA,NA,NA
"2024-02-22 06:00:00","PM2.5",NA,0,0,104.9801,1121.1069,48.145,31.7944,NA,NA,0,0,8.4689,0,NA,0.5062,0.5439,0,0,0,NA,1.0215,NA,NA,0,0,NA,NA,NA,0,0,0,NA,0,0,NA,0,0,0,0,0,"E: Uncertainty",NA,NA,NA,NA,NA,NA,"E: Uncertainty","E: Uncertainty",NA,NA,NA,NA,"E: Uncertainty",NA,NA,NA,NA,NA,"E: Uncertainty",NA,"E: Uncertainty","E: Uncertainty",NA,NA,"E: Uncertainty","E: Uncertainty","E: Uncertainty",NA,NA,NA,"E: Uncertainty",NA,NA,"E: Uncertainty",NA,NA,NA,NA,NA
"2024-02-22 07:00:00","PM10",903.0674,0,NA,19.6309,59.8051,22.5156,17.5653,1.0889,0,0,0,38.3356,0,0,1.1421,28.7682,0,0,0,0,NA,NA,NA,0,0,NA,NA,0,0,NA,NA,NA,NA,0,0,0,0,0,NA,0,NA,NA,"E: Uncertainty",NA,NA,NA,NA,NA,NA,NA,NA,NA,NA,NA,NA,NA,NA,NA,NA,NA,"E: Uncertainty","E: Uncertainty","E: Uncertainty",NA,NA,"E: Uncertainty","E: Uncertainty",NA,NA,"E: Uncertainty","E: Uncertainty","E: Uncertainty","E: Uncertainty",NA,NA,NA,NA,NA,"E: Uncertainty",NA
"2024-02-22 08:00:00","PM2.5",0,0,0,NA,35.5315,19.597,11.409,1.1323,NA,0,0.735,53.1055,0,0,1.9309,59.0925,0,0,0.51,0,0,NA,0,0,0,10.8076,0,NA,0,0.0586,0,NA,NA,0,0,0,0,0,NA,0,NA,NA,NA,"E: Uncertainty",NA,NA,NA,NA,"E: Uncertainty",NA,NA,NA,NA,NA,NA,NA,NA,NA,NA,NA,NA,"E: Uncertainty",NA,NA,NA,NA,NA,"E: Uncertainty",NA,NA,NA,"E: Uncertainty","E: Uncertainty",NA,NA,NA,NA,NA,"E: Uncertainty",NA
"2024-02-22 09:00:00","PM10",NA,0,0,NA,21.6348,18.6676,55.2345,3.2703,0,NA,0.958,132.4691,0,0,3.5957,13.6687,0,0,NA,0,NA,NA,0,0,0,14.2524,0,0,0,0,NA,NA,NA,0,0,0,0,0,1.5881,0,"E: Uncertainty",NA,NA,"E: Uncertainty",NA,NA,NA,NA,NA,"E: Uncertainty",NA,NA,NA,NA,NA,NA,NA,NA,"E: Uncertainty",NA,"E: Uncertainty","E: Uncertainty",NA,NA,NA,NA,NA,NA,NA,NA,"E: Uncertainty","E: Uncertainty","E: Uncertainty",NA,NA,NA,NA,NA,NA,NA
"2024-02-22 10:00:00","PM2.5",NA,0,0,21.9726,15.6937,12.4748,31.0626,1.2873,0,NA,NA,70.3234,0.0103,0,2.8764,10.8996,0,0,0.3573,0,1.0708,NA,0,0,0,16.2218,NA,NA,0,NA,NA,0,NA,0,0,0,0,0,2.1585,0,"E: Uncertainty",NA,NA,NA,NA,NA,NA,NA,NA,"E: Uncertainty","E: Uncertainty",NA,NA,NA,NA,NA,NA,NA,NA,NA,NA,"E: Uncertainty",NA,NA,NA,NA,"E: Uncertainty","E: Uncertainty",NA,"E: Uncertainty","E: Uncertainty",NA,"E: Uncertainty",NA,NA,NA,NA,NA,NA,NA
"2024-02-22 11:00:00","PM10",NA,0,0,57.5414,19.3699,40.8639,30.1991,1.9138,0,NA,NA,101.2386,0,0,2.6089,10.3568,0,0,0,NA,0.7315,NA,0,NA,0,14.1535,NA,NA,0,0,0,NA,NA,0,0,NA,0,0,NA,0,"E: Uncertainty",NA,NA,NA,NA,NA,NA,NA,NA,"E: Uncertainty","E: Uncertainty",NA,NA,NA,NA,NA,NA,NA,NA,"E: Uncertainty",NA,"E: Uncertainty",NA,"E: Uncertainty",NA,NA,"E: Uncertainty","E: Uncertainty",NA,NA,NA,"E: Uncertainty","E: Uncertainty",NA,NA,"E: Uncertainty",NA,NA,"E: Uncertainty",NA
"2024-02-22 12:00:00","PM2.5",0,0,NA,47.6699,22.038,28.934,8.0655,NA,NA,0,NA,39.3392,0,NA,1.8583,1.7053,0,0,0,0,NA,NA,0,0,0,11.9837,NA,NA,0,NA,NA,NA,0,0,0,0,NA,0,NA,0,NA,NA,"E: Uncertainty",NA,NA,NA,NA,"E: Uncertainty","E: Uncertainty",NA,"E: Uncertainty",NA,NA,"E: Uncertainty",NA,NA,NA,NA,NA,NA,"E: Uncertainty","E: Uncertainty",NA,NA,NA,NA,"E: Uncertainty","E: Uncertainty",NA,"E: Uncertainty","E: Uncertainty","E: Uncertainty",NA,NA,NA,NA,"E: Uncertainty",NA,"E: Uncertainty",NA
"2024-02-22 13:00:00","PM10",NA,0,NA,53.5145,90.5263,23.9072,27.2761,1.8792,0,NA,NA,76.7248,0,NA,3.9805,7.6138,0,0,NA,0,NA,NA,0,NA,0,10.2536,NA,NA,0,NA,NA,NA,0,0,0,0,0,0,1.4088,0,"E: Uncertainty",NA,"E: Uncertainty",NA,NA,NA,NA,NA,NA,"E: Uncertainty","E: Uncertainty",NA,NA,"E: Uncertainty",NA,NA,NA,NA,"E: Uncertainty",NA,"E: Uncertainty","E: Uncertainty",NA,"E: Uncertainty",NA,NA,"E: Uncertainty","E: Uncertainty",NA,"E: Uncertainty","E: Uncertainty","E: Uncertainty",NA,NA,NA,NA,NA,NA,NA,NA
"2024-02-22 14:00:00","PM2.5",0,0,0,156.6443,152.1128,24.871,15.3904,NA,0,NA,NA,36.2415,0,NA,3.0274,13.0817,0,0,0,0,1.3783,NA,0,0,0,15.8402,NA,NA,0,0,NA,NA,NA,0,0,0,0,0,4.63,0,NA,NA,NA,NA,NA,NA,NA,"E: Uncertainty",NA,"E: Uncertainty","E: Uncertainty",NA,NA,"E: Uncertainty",NA,NA,NA,NA,NA,NA,NA,"E: Uncertainty",NA,NA,NA,NA,"E: Uncertainty","E: Uncertainty",NA,NA,"E: Uncertainty","E: Uncertainty","E: Uncertainty",NA,NA,NA,NA,NA,NA,NA
"2024-02-22 15:00:00","PM10",NA,0,0,161.9341,613.8168,31.8341,45.4679,1.8852,0,NA,1.0685,110.1142,NA,0.5089,4.9483,27.0538,0,0,0.5696,0,1.4323,NA,0,0,0,16.304,NA,NA,0,NA,0.0597,NA,3.736,0,0,0,0,0,1.7594,0,"E: Uncertainty",NA,NA,NA,NA,NA,NA,NA,NA,"E: Uncertainty",NA,NA,"E: Uncertainty",NA,NA,NA,NA,NA,NA,NA,NA,"E: Uncertainty",NA,NA,NA,NA,"E: Uncertainty","E: Uncertainty",NA,"E: Uncertainty",NA,"E: Uncertainty",NA,NA,NA,NA,NA,NA,NA,NA
"2024-02-22 16:00:00","PM2.5",NA,0,0,75.125,360.6499,34.5061,19.9067,1.11,0,NA,1.0977,83.0251,0,0,2.4471,21.1673,0,0,0.7134,0,0.9216,NA,0,0,0,8.8001,0,0,0,0,0.1272,NA,0,0,0,0,0,0,NA,0,"E: Uncertainty",NA,NA,NA,NA,NA,NA,NA,NA,"E: Uncertainty",NA,NA,NA,NA,NA,NA,NA,NA,NA,NA,NA,"E: Uncertainty",NA,NA,NA,NA,NA,NA,NA,NA,NA,"E: Uncertainty",NA,NA,NA,NA,NA,NA,"E: Uncertainty",NA
"2024-02-22 17:00:00","PM10",NA,0,0,79.6776,713.4312,37.5884,33.7379,NA,NA,NA,NA,147.2521,0,0,5.9517,4.4913,0,0,0,0,1.2022,NA,0,0,0,NA,NA,NA,0,NA,0,NA,NA,0,0,0,0,0,1.5031,0,"E: Uncertainty",NA,NA,NA,NA,NA,NA,"E: Uncertainty","E: Uncertainty","E: Uncertainty","E: Uncertainty",NA,NA,NA,NA,NA,NA,NA,NA,NA,NA,"E: Uncertainty",NA,NA,NA,"E: Uncertainty","E: Uncertainty","E: Uncertainty",NA,"E: Uncertainty",NA,"E: Uncertainty","E: Uncertainty",NA,NA,NA,NA,NA,NA,NA
"2024-02-22 18:00:00","PM2.5",NA,0,0,55.2178,301.3844,24.4379,13.0935,0,0,0,NA,91.5,0,0,3.713,2.0018,0,0,NA,0,NA,NA,0,0,0,20.8209,NA,NA,0,NA,NA,0,NA,0,NA,0,0,0,1.6367,0,"E: Uncertainty",NA,NA,NA,NA,NA,NA,NA,NA,NA,"E: Uncertainty",NA,NA,NA,NA,NA,NA,NA,"E: Uncertainty",NA,"E: Uncertainty","E: Uncertainty",NA,NA,NA,NA,"E: Uncertainty","E: Uncertainty",NA,"E: Uncertainty","E: Uncertainty",NA,"E: Uncertainty",NA,"E: Uncertainty",NA,NA,NA,NA,NA
"2024-02-22 19:00:00","PM10",697.4523,0,0,85.2303,987.6386,38.0257,33.2519,1.1862,NA,0,0.0049,102.6363,0,NA,7.5639,1.9538,0,0,0,0,1.7005,NA,0,0,0,NA,0,0,0,NA,NA,NA,NA,0,NA,0,0,0,3.7548,0,NA,NA,NA,NA,NA,NA,NA,NA,"E: Uncertainty",NA,NA,NA,NA,"E: Uncertainty",NA,NA,NA,NA,NA,NA,NA,"E: Uncertainty",NA,NA,NA,"E: Uncertainty",NA,NA,NA,"E: Uncertainty","E: Uncertainty","E: Uncertainty","E: Uncertainty",NA,"E: Uncertainty",NA,NA,NA,NA,NA
"2024-02-22 20:00:00","PM2.5",NA,0,0,41.8883,426.8749,31.6115,15.2101,NA,0,NA,0,40.4133,0,NA,2.2944,1.1056,0,0,NA,0,NA,0,NA,0.0012,0,9.0744,0,0,0,NA,NA,NA,0,0,0,0,0,0,NA,0,"E: Uncertainty",NA,NA,NA,NA,NA,NA,"E: Uncertainty",NA,"E: Uncertainty",NA,NA,NA,"E: Uncertainty",NA,NA,NA,NA,"E: Uncertainty",NA,"E: Uncertainty",NA,"E: Uncertainty",NA,NA,NA,NA,NA,NA,"E: Uncertainty","E: Uncertainty","E: Uncertainty",NA,NA,NA,NA,NA,NA,"E: Uncertainty",NA
"2024-02-22 21:00:00","PM10",NA,0,0,74.4325,1088.6663,50.7996,37.9358,0,0,NA,NA,70.1751,0,NA,4.0161,1.3504,0,0,NA,0,2.3218,NA,0,0,0,NA,NA,NA,0,0,0,0,NA,0,0,0,0,0,0,0,"E: Uncertainty",NA,NA,NA,NA,NA,NA,NA,NA,"E: Uncertainty","E: Uncertainty",NA,NA,"E: Uncertainty",NA,NA,NA,NA,"E: Uncertainty",NA,NA,"E: Uncertainty",NA,NA,NA,"E: Uncertainty","E: Uncertainty","E: Uncertainty",NA,NA,NA,NA,"E: Uncertainty",NA,NA,NA,NA,NA,NA,NA
"2024-02-22 22:00:00","PM2.5",NA,0,0,53.5066,655.2402,36.8642,18.785,0,0,0,0,28.7351,NA,0.001,1.8204,1.5753,0,0,0,0,3.6484,NA,0,NA,0,NA,0,0,0,0,NA,0,NA,0,NA,0,0,0,0.7221,0,"E: Uncertainty",NA,NA,NA,NA,NA,NA,NA,NA,NA,NA,NA,"E: Uncertainty",NA,NA,NA,NA,NA,NA,NA,NA,"E: Uncertainty",NA,"E: Uncertainty",NA,"E: Uncertainty",NA,NA,NA,NA,"E: Uncertainty",NA,"E: Uncertainty",NA,"E: Uncertainty",NA,NA,NA,NA,NA
"2024-02-22 23:00:00","PM10",837.1903,0,0,108.1907,1687.2905,50.7142,45.8791,0,NA,NA,NA,33.5117,0,NA,1.525,2.1888,NA,0,0,NA,3.4249,NA,0,0,0,NA,0,0,0,0,NA,NA,0,0,0.014,0,0,0,2.9364,0,NA,NA,NA,NA,NA,NA,NA,NA,"E: Uncertainty","E: Uncertainty","E: Uncertainty",NA,NA,"E: Uncertainty",NA,NA,"E: Uncertainty",NA,NA,"E: Uncertainty",NA,"E: Uncertainty",NA,NA,NA,"E: Uncertainty",NA,NA,NA,NA,"E: Uncertainty","E: Uncertainty",NA,NA,NA,NA,NA,NA,NA,NA
"2024-02-23 00:30:00","PM2.5",0,0,0,68.5737,938.4604,55.9302,26.0288,NA,0,0,0,32.2144,0,0,NA,3.2421,0,0,0,0,1.6354,NA,0,0,0,NA,NA,NA,0,NA,0.1359,NA,0,0,0,0,0,0,5.5564,0,NA,NA,NA,NA,NA,NA,NA,"E: Uncertainty",NA,NA,NA,NA,NA,NA,"E: Uncertainty",NA,NA,NA,NA,NA,NA,"E: Uncertainty",NA,NA,NA,"E: Uncertainty","E: Uncertainty","E: Uncertainty",NA,"E: Uncertainty",NA,"E: Uncertainty",NA,NA,NA,NA,NA,NA,NA,NA
"2024-02-23 01:00:00","PM10",NA,0,0,121.1612,1719.8916,86.8333,50.5702,0,NA,0,0,53.078,NA,0.006,1.2014,3.9161,0,0,0,0,3.1611,NA,0,NA,0,NA,NA,0,0,0,NA,0,NA,0,0,0,0,0,7.6274,0,"E: Uncertainty",NA,NA,NA,NA,NA,NA,NA,"E: Uncertainty",NA,NA,NA,"E: Uncertainty",NA,NA,NA,NA,NA,NA,NA,NA,"E: Uncertainty",NA,"E: Uncertainty",NA,"E: Uncertainty","E: Uncertainty",NA,NA,NA,"E: Uncertainty",NA,"E: Uncertainty",NA,NA,NA,NA,NA,NA,NA
"2024-02-23 02:00:00","PM2.5",0,0,0,55.7266,312.1557,17.187,8.8889,NA,0,0,0,12.9226,0,0,1.2125,1.4741,0,0,0,0,NA,NA,0,0,0,12.1222,0,NA,0,NA,NA,NA,0,0,0,0,0,0,NA,0,NA,NA,NA,NA,NA,NA,NA,"E: Uncertainty",NA,NA,NA,NA,NA,NA,NA,NA,NA,NA,NA,NA,"E: Uncertainty","E: Uncertainty",NA,NA,NA,NA,NA,"E: Uncertainty",NA,"E: Uncertainty","E: Uncertainty","E: Uncertainty",NA,NA,NA,NA,NA,NA,"E: Uncertainty",NA
"2024-02-23 03:00:00","PM10",NA,0,NA,31.5023,144.6992,6.8842,4.8652,0,0.0035,NA,0,6.2453,0,NA,0.5871,0.4529,0,0,0,0,NA,NA,0,0,0,14.3511,NA,0,0,0,0,NA,NA,0,0,0,0,0,NA,0,"E: Uncertainty",NA,"E: Uncertainty",NA,NA,NA,NA,NA,NA,"E: Uncertainty",NA,NA,NA,"E: Uncertainty",NA,NA,NA,NA,NA,NA,"E: Uncertainty","E: Uncertainty",NA,NA,NA,NA,"E: Uncertainty",NA,NA,NA,NA,"E: Uncertainty","E: Uncertainty",NA,NA,NA,NA,NA,"E: Uncertainty",NA
"2024-02-23 04:00:00","PM2.5",NA,0,NA,42.3889,81.8007,13.3369,2.908,0,NA,0,0,3.4779,0,NA,0.5362,0.5592,0,0,NA,NA,NA,0,0,0,0,NA,NA,NA,0,0,NA,NA,NA,0,0,0,NA,0,0,0,"E: Uncertainty",NA,"E: Uncertainty",NA,NA,NA,NA,NA,"E: Uncertainty",NA,NA,NA,NA,"E: Uncertainty",NA,NA,NA,NA,"E: Uncertainty","E: Uncertainty","E: Uncertainty",NA,NA,NA,NA,"E: Uncertainty","E: Uncertainty","E: Uncertainty",NA,NA,"E: Uncertainty","E: Uncertainty","E: Uncertainty",NA,NA,NA,"E: Uncertainty",NA,NA,NA
"2024-02-23 05:00:00","PM10",NA,0,0,45.3012,274.9129,22.8096,7.5153,0,0,0,0,12.1984,0,0,0.6985,0.6066,0,0,0,0,NA,NA,0,NA,0,15.8454,NA,0,0,0,NA,NA,NA,0,0,0,0,0,NA,0,"E: Uncertainty",NA,NA,NA,NA,NA,NA,NA,NA,NA,NA,NA,NA,NA,NA,NA,NA,NA,NA,NA,"E: Uncertainty","E: Uncertainty",NA,"E: Uncertainty",NA,NA,"E: Uncertainty",NA,NA,NA,"E: Uncertainty","E: Uncertainty","E: Uncertainty",NA,NA,NA,NA,NA,"E: Uncertainty",NA
"2024-02-23 06:00:00","PM2.5",NA,0,0,65.9978,198.5741,22.3164,6.7082,0,0,0,0,19.0003,0,0,1.098,1.071,0,0,NA,0,0.6137,NA,0,0,0,NA,0.1197,0,0,0,NA,NA,0,0,NA,0,0,0,0,0,"E: Uncertainty",NA,NA,NA,NA,NA,NA,NA,NA,NA,NA,NA,NA,NA,NA,NA,NA,NA,"E: Uncertainty",NA,NA,"E: Uncertainty",NA,NA,NA,"E: Uncertainty",NA,NA,NA,NA,"E: Uncertainty","E: Uncertainty",NA,NA,"E: Uncertainty",NA,NA,NA,NA,NA
"2024-02-23 07:00:00","PM10",NA,0,0,105.4302,836.2247,31.6592,46.3655,NA,NA,NA,0,85.202,0,0,2.9745,1.2032,0.0057,0,NA,NA,1.2779,NA,0,0,NA,15.1617,0,NA,0,NA,NA,NA,0,0,0,0,0,0,2.1469,0,"E: Uncertainty",NA,NA,NA,NA,NA,NA,"E: Uncertainty","E: Uncertainty","E: Uncertainty",NA,NA,NA,NA,NA,NA,NA,NA,"E: Uncertainty","E: Uncertainty",NA,"E: Uncertainty",NA,NA,"E: Uncertainty",NA,NA,"E: Uncertainty",NA,"E: Uncertainty","E: Uncertainty","E: Uncertainty",NA,NA,NA,NA,NA,NA,NA,NA
"2024-02-23 08:00:00","PM2.5",759.1751,0,0,87.1205,502.5449,20.1725,46.4521,0,0,NA,0,69.5108,0,0,2.7917,1.8849,0,0,0,0,NA,NA,0,0,0,21.7845,0,NA,0,0,NA,NA,NA,0,0,0,0,0,4.1122,0,NA,NA,NA,NA,NA,NA,NA,NA,NA,"E: Uncertainty",NA,NA,NA,NA,NA,NA,NA,NA,NA,NA,"E: Uncertainty","E: Uncertainty",NA,NA,NA,NA,NA,"E: Uncertainty",NA,NA,"E: Uncertainty","E: Uncertainty","E: Uncertainty",NA,NA,NA,NA,NA,NA,NA
"2024-02-23 09:00:00","PM10",1166.8189,0,0,115.9612,1605.2173,41.4669,53.2005,NA,0,0,NA,78.5461,0,NA,3.045,1.4007,0,0,0,0,2.6104,NA,0,NA,0,NA,NA,NA,0,0,NA,NA,NA,0,0,0,0,0,2.1904,0,NA,NA,NA,NA,NA,NA,NA,"E: Uncertainty",NA,NA,"E: Uncertainty",NA,NA,"E: Uncertainty",NA,NA,NA,NA,NA,NA,NA,"E: Uncertainty",NA,"E: Uncertainty",NA,"E: Uncertainty","E: Uncertainty","E: Uncertainty",NA,NA,"E: Uncertainty","E: Uncertainty","E: Uncertainty",NA,NA,NA,NA,NA,NA,NA
"2024-02-23 10:00:00","PM2.5",NA,0,0,82.723,1027.4254,23.9578,37.0192,0,NA,0.0054,0,33.6278,0,0,1.6937,1.7912,0,0,0,0,1.8211,NA,0,0,0,NA,NA,NA,0,NA,NA,NA,NA,0,0,0,0,0,1.2323,0,"E: Uncertainty",NA,NA,NA,NA,NA,NA,NA,"E: Uncertainty",NA,NA,NA,NA,NA,NA,NA,NA,NA,NA,NA,NA,"E: Uncertainty",NA,NA,NA,"E: Uncertainty","E: Uncertainty","E: Uncertainty",NA,"E: Uncertainty","E: Uncertainty","E: Uncertainty","E: Uncertainty",NA,NA,NA,NA,NA,NA,NA
"2024-02-23 11:00:00","PM10",694.3237,0,0,112.3203,1723.2045,31.5269,59.3528,0,0,0,0,53.8244,0,0,1.9676,1.1432,0,0,NA,NA,3.2646,NA,0,0,0,11.3385,NA,NA,0,0,0,NA,NA,0,0,0,0,0,0,0,NA,NA,NA,NA,NA,NA,NA,NA,NA,NA,NA,NA,NA,NA,NA,NA,NA,NA,"E: Uncertainty","E: Uncertainty",NA,"E: Uncertainty",NA,NA,NA,NA,"E: Uncertainty","E: Uncertainty",NA,NA,NA,"E: Uncertainty","E: Uncertainty",NA,NA,NA,NA,NA,NA,NA
"2024-02-23 12:00:00","PM2.5",0,0,0,84.4058,853.7889,26.6214,32.0104,NA,0,NA,0,33.599,0,0,0.8954,2.797,0,0,NA,NA,1.266,NA,0,0,0,20.6574,NA,0,0,NA,NA,NA,NA,0,0,0,0,0,2.5034,0,NA,NA,NA,NA,NA,NA,NA,"E: Uncertainty",NA,"E: Uncertainty",NA,NA,NA,NA,NA,NA,NA,NA,"E: Uncertainty","E: Uncertainty",NA,"E: Uncertainty",NA,NA,NA,NA,"E: Uncertainty",NA,NA,"E: Uncertainty","E: Uncertainty","E: Uncertainty","E: Uncertainty",NA,NA,NA,NA,NA,NA,NA
"2024-02-23 13:00:00","PM10",NA,0,0,59.0935,893.8928,15.4387,39.0946,NA,0,0,0,46.1289,0,NA,1.7765,3.3485,0,0,1.111,0,1.8524,NA,0,0,0,21.1847,NA,NA,0,0,NA,0,NA,0,NA,0,0,0,0.8496,0,"E: Uncertainty",NA,NA,NA,NA,NA,NA,"E: Uncertainty",NA,NA,NA,NA,NA,"E: Uncertainty",NA,NA,NA,NA,NA,NA,NA,"E: Uncertainty",NA,NA,NA,NA,"E: Uncertainty","E: Uncertainty",NA,NA,"E: Uncertainty",NA,"E: Uncertainty",NA,"E: Uncertainty",NA,NA,NA,NA,NA
"2024-02-23 14:00:00","PM2.5",NA,0,0,13.4841,114.6177,NA,10.4477,NA,NA,0,0,38.6532,NA,0,1.6882,3.134,0,0,0.5743,NA,NA,NA,0,0,0,17.1433,NA,NA,0,0,NA,NA,NA,0,0,0,0,0,3.3863,0,"E: Uncertainty",NA,NA,NA,NA,"E: Uncertainty",NA,"E: Uncertainty","E: Uncertainty",NA,NA,NA,"E: Uncertainty",NA,NA,NA,NA,NA,NA,"E: Uncertainty","E: Uncertainty","E: Uncertainty",NA,NA,NA,NA,"E: Uncertainty","E: Uncertainty",NA,NA,"E: Uncertainty","E: Uncertainty","E: Uncertainty",NA,NA,NA,NA,NA,NA,NA
"2024-02-23 15:00:00","PM10",0,0,0,54.5419,652.0726,13.3815,39.3654,1.1328,0,NA,0,107.4871,NA,0,3.3366,2.7762,0,0,0.7214,0,1.4138,NA,0,0,0,NA,0,0,0,NA,NA,NA,NA,0,0,0,0,0,NA,0,NA,NA,NA,NA,NA,NA,NA,NA,NA,"E: Uncertainty",NA,NA,"E: Uncertainty",NA,NA,NA,NA,NA,NA,NA,NA,"E: Uncertainty",NA,NA,NA,"E: Uncertainty",NA,NA,NA,"E: Uncertainty","E: Uncertainty","E: Uncertainty","E: Uncertainty",NA,NA,NA,NA,NA,"E: Uncertainty",NA
"2024-02-23 16:00:00","PM2.5",NA,0,0,NA,86.7227,NA,9.4302,0,0,0,0,47.7819,NA,0,3.3437,1.1638,0,0,0,0,NA,0,0,0,0,17.0147,0,NA,0,NA,0,NA,NA,0,0,0,0,0,0,0,"E: Uncertainty",NA,NA,"E: Uncertainty",NA,"E: Uncertainty",NA,NA,NA,NA,NA,NA,"E: Uncertainty",NA,NA,NA,NA,NA,NA,NA,"E: Uncertainty",NA,NA,NA,NA,NA,NA,"E: Uncertainty",NA,"E: Uncertainty",NA,"E: Uncertainty","E: Uncertainty",NA,NA,NA,NA,NA,NA,NA
"2024-02-23 17:00:00","PM10",NA,0,NA,30.2391,151.47,14.2963,22.9238,NA,0,NA,NA,248.5882,NA,NA,14.7428,4.7495,0,0,0.9188,0,0.9459,NA,0,0,0,9.4018,NA,9e-04,0,NA,0,0.1011,6.6729,0,0,0,0,0,NA,0,"E: Uncertainty",NA,"E: Uncertainty",NA,NA,NA,NA,"E: Uncertainty",NA,"E: Uncertainty","E: Uncertainty",NA,"E: Uncertainty","E: Uncertainty",NA,NA,NA,NA,NA,NA,NA,"E: Uncertainty",NA,NA,NA,NA,"E: Uncertainty",NA,NA,"E: Uncertainty",NA,NA,NA,NA,NA,NA,NA,NA,"E: Uncertainty",NA
"2024-02-23 18:00:00","PM2.5",0,0,0,53.7249,82.8607,27.4834,8.0768,NA,0,0,0,144.8642,NA,0,5.0043,4.1318,0,0,0.7226,0,1.0116,NA,0,0,0,0,NA,NA,0,0,0,0,4.0918,0,0,0,0,0,1.6078,0,NA,NA,NA,NA,NA,NA,NA,"E: Uncertainty",NA,NA,NA,NA,"E: Uncertainty",NA,NA,NA,NA,NA,NA,NA,NA,"E: Uncertainty",NA,NA,NA,NA,"E: Uncertainty","E: Uncertainty",NA,NA,NA,NA,NA,NA,NA,NA,NA,NA,NA,NA
"2024-02-23 19:00:00","PM10",753.742,0,0,63.0808,175.7616,62.8043,24.0802,0,0,NA,NA,247.9329,0,0,6.9886,13.3219,0,0,0,NA,9.6274,NA,0,0,NA,0,NA,NA,0,0,0,0,4.2158,0,0,0,0,0,2.9749,0,NA,NA,NA,NA,NA,NA,NA,NA,NA,"E: Uncertainty","E: Uncertainty",NA,NA,NA,NA,NA,NA,NA,NA,"E: Uncertainty",NA,"E: Uncertainty",NA,NA,"E: Uncertainty",NA,"E: Uncertainty","E: Uncertainty",NA,NA,NA,NA,NA,NA,NA,NA,NA,NA,NA,NA
"2024-02-23 20:00:00","PM2.5",NA,0,NA,85.5886,70.3703,66.7609,10.291,NA,0,NA,NA,151.7746,NA,NA,6.7263,13.7214,0,0,0.6524,0,5.8779,NA,0,0,0,NA,NA,NA,0,0,0,0,2.9098,0,0,0,NA,0,2.7087,0,"E: Uncertainty",NA,"E: Uncertainty",NA,NA,NA,NA,"E: Uncertainty",NA,"E: Uncertainty","E: Uncertainty",NA,"E: Uncertainty","E: Uncertainty",NA,NA,NA,NA,NA,NA,NA,"E: Uncertainty",NA,NA,NA,"E: Uncertainty","E: Uncertainty","E: Uncertainty",NA,NA,NA,NA,NA,NA,NA,NA,"E: Uncertainty",NA,NA,NA
"2024-02-23 21:00:00","PM10",NA,0,0,135.6805,235.7903,77.4812,29.3966,NA,0,NA,NA,171.2479,0,0,6.2415,9.906,0,0,0.9774,NA,1.3854,NA,0,NA,0,11.2252,NA,NA,0,0,0,NA,NA,0,0,0,0,0,4.2317,0,"E: Uncertainty",NA,NA,NA,NA,NA,NA,"E: Uncertainty",NA,"E: Uncertainty","E: Uncertainty",NA,NA,NA,NA,NA,NA,NA,NA,"E: Uncertainty",NA,"E: Uncertainty",NA,"E: Uncertainty",NA,NA,"E: Uncertainty","E: Uncertainty",NA,NA,NA,"E: Uncertainty","E: Uncertainty",NA,NA,NA,NA,NA,NA,NA
"2024-02-23 22:00:00","PM2.5",NA,0,0,143.242,44.3574,72.4437,8.1842,NA,0,NA,NA,136.4398,0,0,9.8651,16.5813,0,0,1.0775,NA,2.2493,NA,0,0,0,9.9454,NA,NA,0,NA,NA,0,3.1288,0,0,0,0,0,4.0324,0,"E: Uncertainty",NA,NA,NA,NA,NA,NA,"E: Uncertainty",NA,"E: Uncertainty","E: Uncertainty",NA,NA,NA,NA,NA,NA,NA,NA,"E: Uncertainty",NA,"E: Uncertainty",NA,NA,NA,NA,"E: Uncertainty","E: Uncertainty",NA,"E: Uncertainty","E: Uncertainty",NA,NA,NA,NA,NA,NA,NA,NA,NA
"2024-02-23 23:00:00","PM10",0,0,0,96.2645,178.9427,81.2328,19.9539,NA,0,NA,NA,210.9181,0,0,13.1023,6.9787,0,0,0.6585,NA,8.0636,NA,0,0,NA,NA,NA,0,0,0,NA,NA,4.8679,0,0,0,0,0,2.2877,0,NA,NA,NA,NA,NA,NA,NA,"E: Uncertainty",NA,"E: Uncertainty","E: Uncertainty",NA,NA,NA,NA,NA,NA,NA,NA,"E: Uncertainty",NA,"E: Uncertainty",NA,NA,"E: Uncertainty","E: Uncertainty","E: Uncertainty",NA,NA,NA,"E: Uncertainty","E: Uncertainty",NA,NA,NA,NA,NA,NA,NA,NA
"2024-02-24 00:30:00","PM2.5",NA,0,0,62.6478,56.2188,48.0668,4.7775,0,0,0,0,52.055,0,NA,2.2578,2.282,NA,0,0,0,NA,NA,NA,0,0,18.492,NA,NA,0,NA,NA,NA,NA,0,0,0,0,0,NA,0,"E: Uncertainty",NA,NA,NA,NA,NA,NA,NA,NA,NA,NA,NA,NA,"E: Uncertainty",NA,NA,"E: Uncertainty",NA,NA,NA,"E: Uncertainty","E: Uncertainty","E: Uncertainty",NA,NA,NA,"E: Uncertainty","E: Uncertainty",NA,"E: Uncertainty","E: Uncertainty","E: Uncertainty","E: Uncertainty",NA,NA,NA,NA,NA,"E: Uncertainty",NA
"2024-02-24 01:00:00","PM10",840.9268,0,0,98.7059,239.6501,68.4913,15.3456,NA,0,0,1e-04,64.3986,0,0,1.3656,2.9793,0,0,0.848,NA,1.1067,NA,0,NA,0,9.9377,NA,0,0,0,0,0,NA,0,NA,0,NA,0,1.4376,0,NA,NA,NA,NA,NA,NA,NA,"E: Uncertainty",NA,NA,NA,NA,NA,NA,NA,NA,NA,NA,NA,"E: Uncertainty",NA,"E: Uncertainty",NA,"E: Uncertainty",NA,NA,"E: Uncertainty",NA,NA,NA,NA,NA,"E: Uncertainty",NA,"E: Uncertainty",NA,"E: Uncertainty",NA,NA,NA
"2024-02-24 02:00:00","PM2.5",NA,0,0,81.9091,34.5759,61.1497,3.3417,NA,0,0,0,36.6644,NA,0,1.1066,2.5844,0,0,1.5089,0,0.6916,NA,0,0,0,19.9589,NA,NA,0,NA,NA,NA,NA,0,0,0,0,0,NA,0,"E: Uncertainty",NA,NA,NA,NA,NA,NA,"E: Uncertainty",NA,NA,NA,NA,"E: Uncertainty",NA,NA,NA,NA,NA,NA,NA,NA,"E: Uncertainty",NA,NA,NA,NA,"E: Uncertainty","E: Uncertainty",NA,"E: Uncertainty","E: Uncertainty","E: Uncertainty","E: Uncertainty",NA,NA,NA,NA,NA,"E: Uncertainty",NA
"2024-02-24 03:00:00","PM10",0,0,0.1123,93.2239,101.2901,69.9507,18.0164,NA,0,7e-04,0,91.3616,NA,0,1.773,4.0904,NA,0,0.9643,NA,0.5822,NA,0,0,0,14.6408,0,NA,0,NA,0,0,0,0,0,0,0,0,3.6416,0,NA,NA,NA,NA,NA,NA,NA,"E: Uncertainty",NA,NA,NA,NA,"E: Uncertainty",NA,NA,NA,"E: Uncertainty",NA,NA,"E: Uncertainty",NA,"E: Uncertainty",NA,NA,NA,NA,NA,"E: Uncertainty",NA,"E: Uncertainty",NA,NA,NA,NA,NA,NA,NA,NA,NA,NA
"2024-02-24 04:00:00","PM2.5",NA,0,0,79.7514,31.3815,47.917,3.4528,NA,0,NA,0,38.8042,NA,NA,0.7875,3.4417,0,0,1.1743,0,NA,NA,0,0,0,9.4308,NA,NA,0,0,NA,NA,NA,0,0,0,0.0116,0,1.3906,0,"E: Uncertainty",NA,NA,NA,NA,NA,NA,"E: Uncertainty",NA,"E: Uncertainty",NA,NA,"E: Uncertainty","E: Uncertainty",NA,NA,NA,NA,NA,NA,"E: Uncertainty","E: Uncertainty",NA,NA,NA,NA,"E: Uncertainty","E: Uncertainty",NA,NA,"E: Uncertainty","E: Uncertainty","E: Uncertainty",NA,NA,NA,NA,NA,NA,NA
"2024-02-24 05:00:00","PM10",NA,0,0,125.4794,266.105,88.852,17.6934,0,0,NA,0,44.7762,NA,NA,1.1555,4.4602,0,0,1.5087,0,1.0235,NA,0,0,0,11.5079,NA,NA,0,0,0,NA,NA,0,0,0,0,0,3.809,0,"E: Uncertainty",NA,NA,NA,NA,NA,NA,NA,NA,"E: Uncertainty",NA,NA,"E: Uncertainty","E: Uncertainty",NA,NA,NA,NA,NA,NA,NA,"E: Uncertainty",NA,NA,NA,NA,"E: Uncertainty","E: Uncertainty",NA,NA,NA,"E: Uncertainty","E: Uncertainty",NA,NA,NA,NA,NA,NA,NA
"2024-02-24 06:00:00","PM2.5",NA,0,0,130.5847,50.7968,112.9477,7.1081,NA,0,NA,0,41.6502,0,0,12.078,6.2444,0,0,1.2746,NA,1.3993,NA,0,0,0,13.7707,NA,0,0,NA,NA,NA,0,0,0,0,NA,0,3.6596,0,"E: Uncertainty",NA,NA,NA,NA,NA,NA,"E: Uncertainty",NA,"E: Uncertainty",NA,NA,NA,NA,NA,NA,NA,NA,NA,"E: Uncertainty",NA,"E: Uncertainty",NA,NA,NA,NA,"E: Uncertainty",NA,NA,"E: Uncertainty","E: Uncertainty","E: Uncertainty",NA,NA,NA,NA,"E: Uncertainty",NA,NA,NA
"2024-02-24 07:00:00","PM10",758.9175,0,0,173.5465,222.5665,89.54,27.441,0,0,NA,NA,205.1564,NA,0,19.8982,10.0632,0,0,1.3174,NA,2.4146,NA,0,0,0,NA,NA,0,0,NA,0,NA,5.8013,0,0,0,0,0,5.56,0,NA,NA,NA,NA,NA,NA,NA,NA,NA,"E: Uncertainty","E: Uncertainty",NA,"E: Uncertainty",NA,NA,NA,NA,NA,NA,"E: Uncertainty",NA,"E: Uncertainty",NA,NA,NA,"E: Uncertainty","E: Uncertainty",NA,NA,"E: Uncertainty",NA,"E: Uncertainty",NA,NA,NA,NA,NA,NA,NA,NA
"2024-02-24 08:00:00","PM2.5",NA,0,0,169.3787,37.5041,91.3457,13.9597,0,0,NA,NA,86.0656,0,0,7.8153,14.1594,0,0,1.0885,NA,2.5693,NA,0,0,0,13.6403,0,NA,0,NA,NA,NA,NA,0,0,0,0,0,4.0745,0,"E: Uncertainty",NA,NA,NA,NA,NA,NA,NA,NA,"E: Uncertainty","E: Uncertainty",NA,NA,NA,NA,NA,NA,NA,NA,"E: Uncertainty",NA,"E: Uncertainty",NA,NA,NA,NA,NA,"E: Uncertainty",NA,"E: Uncertainty","E: Uncertainty","E: Uncertainty","E: Uncertainty",NA,NA,NA,NA,NA,NA,NA
"2024-02-24 09:00:00","PM10",NA,0,0,220.5358,676.4917,94.8546,63.3172,1.1033,NA,NA,2.2674,168.0667,0,0,3.7851,21.6742,0,0,0.9976,0.4241,3.8161,NA,0,0,0,NA,NA,NA,0,NA,NA,0,0,0,0,0,0,0,5.5336,0,"E: Uncertainty",NA,NA,NA,NA,NA,NA,NA,"E: Uncertainty","E: Uncertainty",NA,NA,NA,NA,NA,NA,NA,NA,NA,NA,NA,"E: Uncertainty",NA,NA,NA,"E: Uncertainty","E: Uncertainty","E: Uncertainty",NA,"E: Uncertainty","E: Uncertainty",NA,NA,NA,NA,NA,NA,NA,NA,NA
"2024-02-24 10:00:00","PM2.5",NA,0,0,240.8735,414.5965,56.8131,27.4759,0,0,0,1.6457,71.6629,0,0,2.0991,24.0403,0,0,0.757,NA,2.66,NA,NA,NA,NA,9.5362,NA,NA,0,0,NA,NA,NA,0,0,0,0,0,4.8886,0,"E: Uncertainty",NA,NA,NA,NA,NA,NA,NA,NA,NA,NA,NA,NA,NA,NA,NA,NA,NA,NA,"E: Uncertainty",NA,"E: Uncertainty","E: Uncertainty","E: Uncertainty","E: Uncertainty",NA,"E: Uncertainty","E: Uncertainty",NA,NA,"E: Uncertainty","E: Uncertainty","E: Uncertainty",NA,NA,NA,NA,NA,NA,NA
"2024-02-24 11:00:00","PM10",NA,0,0,349.9256,1095.7275,59.6955,58.8419,0,0,0,1.8517,101.7196,0,0,1.8989,12.8464,0,0,0,NA,2.9064,1.5297,0,0,0,11.7335,NA,0.0227,0,0,NA,NA,0,0,0,0,0,0,5.1883,0,"E: Uncertainty",NA,NA,NA,NA,NA,NA,NA,NA,NA,NA,NA,NA,NA,NA,NA,NA,NA,NA,"E: Uncertainty",NA,NA,NA,NA,NA,NA,"E: Uncertainty",NA,NA,NA,"E: Uncertainty","E: Uncertainty",NA,NA,NA,NA,NA,NA,NA,NA
"2024-02-24 12:00:00","PM2.5",0,0,0,270.5611,303.0216,26.1442,17.3456,0.0137,0,0,NA,41.2415,0,0,1.6271,6.8151,0,0,0.9914,0,2.1187,NA,0,0,NA,19.2119,0,0,0,NA,NA,NA,NA,0,NA,0,0,0,4.5725,0,NA,NA,NA,NA,NA,NA,NA,NA,NA,NA,"E: Uncertainty",NA,NA,NA,NA,NA,NA,NA,NA,NA,NA,"E: Uncertainty",NA,NA,"E: Uncertainty",NA,NA,NA,NA,"E: Uncertainty","E: Uncertainty","E: Uncertainty","E: Uncertainty",NA,"E: Uncertainty",NA,NA,NA,NA,NA
"2024-02-24 13:00:00","PM10",NA,0,0,270.8602,699.6225,30.9507,39.3065,NA,0,0,NA,73.8001,NA,0,2.0922,8.7046,0,0,1.0763,NA,3.9252,NA,0,0,0,25.6219,0,NA,0,0,NA,NA,NA,0,0,0,0,0,11.3929,0,"E: Uncertainty",NA,NA,NA,NA,NA,NA,"E: Uncertainty",NA,NA,"E: Uncertainty",NA,"E: Uncertainty",NA,NA,NA,NA,NA,NA,"E: Uncertainty",NA,"E: Uncertainty",NA,NA,NA,NA,NA,"E: Uncertainty",NA,NA,"E: Uncertainty","E: Uncertainty","E: Uncertainty",NA,NA,NA,NA,NA,NA,NA
"2024-02-24 14:00:00","PM2.5",NA,0,0,175.7005,219.0336,19.4031,14.037,NA,0.002,0,0,45.7855,0,0,1.5804,5.9403,0,0,1.3347,0,1.2023,NA,0,0,0,17.7489,NA,0,0,0,0,NA,0,0,0,0,0,0,8.5109,0,"E: Uncertainty",NA,NA,NA,NA,NA,NA,"E: Uncertainty",NA,NA,NA,NA,NA,NA,NA,NA,NA,NA,NA,NA,NA,"E: Uncertainty",NA,NA,NA,NA,"E: Uncertainty",NA,NA,NA,NA,"E: Uncertainty",NA,NA,NA,NA,NA,NA,NA,NA
"2024-02-24 15:00:00","PM10",NA,0,0,185.8945,440.0975,13.4624,30.4766,1.0625,0,0,0,71.5825,NA,0,2.2277,3.3933,0,0,NA,0,2.148,NA,0,0,0,16.1347,0,0,0,0,NA,NA,0,0,0,0,0,0,1.9642,0,"E: Uncertainty",NA,NA,NA,NA,NA,NA,NA,NA,NA,NA,NA,"E: Uncertainty",NA,NA,NA,NA,NA,"E: Uncertainty",NA,NA,"E: Uncertainty",NA,NA,NA,NA,NA,NA,NA,NA,"E: Uncertainty","E: Uncertainty",NA,NA,NA,NA,NA,NA,NA,NA
"2024-02-24 16:00:00","PM2.5",NA,0,0,189.6816,147.7886,14.864,14.9883,0,0,0,NA,110.1155,NA,NA,7.7067,4.1418,0,0,0.6816,0,2.5333,NA,0,0,0,15.8967,0,0,0,NA,NA,0,NA,0,0,0,0,0,NA,0,"E: Uncertainty",NA,NA,NA,NA,NA,NA,NA,NA,NA,"E: Uncertainty",NA,"E: Uncertainty","E: Uncertainty",NA,NA,NA,NA,NA,NA,NA,"E: Uncertainty",NA,NA,NA,NA,NA,NA,NA,"E: Uncertainty","E: Uncertainty",NA,"E: Uncertainty",NA,NA,NA,NA,NA,"E: Uncertainty",NA
"2024-02-24 17:00:00","PM10",739.9603,0,0,218.0064,396.2624,32.8321,47.7526,1.3723,0,0,1.5869,358.2876,0.7442,0,24.55,10.4892,0,0,0,0,3.1293,NA,0,NA,0,9.7979,NA,0,0,NA,NA,NA,11.18,0,0,0,0,0,3.5349,0,NA,NA,NA,NA,NA,NA,NA,NA,NA,NA,NA,NA,NA,NA,NA,NA,NA,NA,NA,NA,NA,"E: Uncertainty",NA,"E: Uncertainty",NA,NA,"E: Uncertainty",NA,NA,"E: Uncertainty","E: Uncertainty","E: Uncertainty",NA,NA,NA,NA,NA,NA,NA,NA
"2024-02-24 18:00:00","PM2.5",NA,0,0,204.4103,264.8717,65.5253,21.8188,NA,0,NA,1.9055,373.8229,0.9734,0,21.8955,13.4617,0,0,1.9686,NA,4.2047,NA,0,0,0,17.6439,NA,0,0,NA,NA,NA,9.9784,0,0,0,0,0,2.4628,0,"E: Uncertainty",NA,NA,NA,NA,NA,NA,"E: Uncertainty",NA,"E: Uncertainty",NA,NA,NA,NA,NA,NA,NA,NA,NA,"E: Uncertainty",NA,"E: Uncertainty",NA,NA,NA,NA,"E: Uncertainty",NA,NA,"E: Uncertainty","E: Uncertainty","E: Uncertainty",NA,NA,NA,NA,NA,NA,NA,NA
"2024-02-24 19:00:00","PM10",854.1809,0,0,223.0942,393.1179,98.3806,43.9427,1.6377,0,0.7607,3.0017,581.8462,NA,0,28.978,18.3302,0,0,2.5412,0,40.0851,1.7873,0,0,NA,15.5451,NA,0,0,0,NA,0,15.0619,0,0,0,0,0,5.1077,0,NA,NA,NA,NA,NA,NA,NA,NA,NA,NA,NA,NA,"E: Uncertainty",NA,NA,NA,NA,NA,NA,NA,NA,NA,NA,NA,"E: Uncertainty",NA,"E: Uncertainty",NA,NA,NA,"E: Uncertainty",NA,NA,NA,NA,NA,NA,NA,NA,NA
"2024-02-24 20:00:00","PM2.5",869.8591,0,0,233.1184,105.8619,113.7306,27.8112,NA,0,1.0017,3.3276,650.957,0.7525,NA,36.9848,21.962,0,0,5.6517,NA,121.6687,NA,0,0,0,NA,NA,NA,0,NA,NA,NA,21.4864,0,0,0,0,0,5.6092,0,NA,NA,NA,NA,NA,NA,NA,"E: Uncertainty",NA,NA,NA,NA,NA,"E: Uncertainty",NA,NA,NA,NA,NA,"E: Uncertainty",NA,"E: Uncertainty",NA,NA,NA,"E: Uncertainty","E: Uncertainty","E: Uncertainty",NA,"E: Uncertainty","E: Uncertainty","E: Uncertainty",NA,NA,NA,NA,NA,NA,NA,NA
"2024-02-24 21:00:00","PM10",1178.6381,NA,0,297.3401,206.8038,218.0942,62.1286,5.0262,0,2.0227,8.2976,1332.7159,NA,0.5245,74.2646,35.1287,0,0,4.3179,0,40.438,5.3653,0,0,0,9.0602,0,0,0,0,NA,NA,40.5428,0,0,0,0,0,7.2447,NA,NA,"E: Uncertainty",NA,NA,NA,NA,NA,NA,NA,NA,NA,NA,"E: Uncertainty",NA,NA,NA,NA,NA,NA,NA,NA,NA,NA,NA,NA,NA,NA,NA,NA,NA,"E: Uncertainty","E: Uncertainty",NA,NA,NA,NA,NA,NA,NA,"E: Uncertainty"
"2024-02-24 22:00:00","PM2.5",NA,0,0,216.2427,630.2618,131.0312,15.167,1.9596,0,NA,1.405,350.0124,0,0,22.0903,28.6107,0,0,5.4255,0,21.8461,NA,0,NA,0,15.9272,NA,0,0,NA,0,0,11.1908,0,0,0,0.0056,0,5.221,0,"E: Uncertainty",NA,NA,NA,NA,NA,NA,NA,NA,"E: Uncertainty",NA,NA,NA,NA,NA,NA,NA,NA,NA,NA,NA,"E: Uncertainty",NA,"E: Uncertainty",NA,NA,"E: Uncertainty",NA,NA,"E: Uncertainty",NA,NA,NA,NA,NA,NA,NA,NA,NA,NA
"2024-02-24 23:00:00","PM10",NA,0,NA,227.2064,191.1266,154.0122,28.4931,3.7893,0,NA,4.5432,847.8992,0,NA,54.2494,24.5186,0,0,3.8713,NA,18.1592,NA,0,NA,0,NA,0,0,0,NA,NA,NA,28.9746,0,0,0,0,0,5.8921,0,"E: Uncertainty",NA,"E: Uncertainty",NA,NA,NA,NA,NA,NA,"E: Uncertainty",NA,NA,NA,"E: Uncertainty",NA,NA,NA,NA,NA,"E: Uncertainty",NA,"E: Uncertainty",NA,"E: Uncertainty",NA,"E: Uncertainty",NA,NA,NA,"E: Uncertainty","E: Uncertainty","E: Uncertainty",NA,NA,NA,NA,NA,NA,NA,NA
"2024-02-25 00:30:00","PM2.5",0,0,0,243.1187,55.0279,257.9602,NA,NA,0,0,NA,215.0776,NA,0,8.6487,17.1833,0,0,1.9745,0,8.659,NA,0,0,0,30.7798,0,0,0,0,NA,NA,NA,0,0,0,0,0,8.2448,0,NA,NA,NA,NA,NA,NA,"E: Uncertainty","E: Uncertainty",NA,NA,"E: Uncertainty",NA,"E: Uncertainty",NA,NA,NA,NA,NA,NA,NA,NA,"E: Uncertainty",NA,NA,NA,NA,NA,NA,NA,NA,"E: Uncertainty","E: Uncertainty","E: Uncertainty",NA,NA,NA,NA,NA,NA,NA
"2024-02-25 01:00:00","PM10",0,0,0,287.8919,49.2437,279.9226,17.8568,1.9161,0,NA,1.4181,205.2914,0,NA,6.7061,22.3957,0,0,2.8417,0,6.6649,NA,0,0,0,13.4447,NA,0,0,NA,0,NA,3.2891,0,0,0,NA,0,8.567,0,NA,NA,NA,NA,NA,NA,NA,NA,NA,"E: Uncertainty",NA,NA,NA,"E: Uncertainty",NA,NA,NA,NA,NA,NA,NA,"E: Uncertainty",NA,NA,NA,NA,"E: Uncertainty",NA,NA,"E: Uncertainty",NA,"E: Uncertainty",NA,NA,NA,NA,"E: Uncertainty",NA,NA,NA
"2024-02-25 02:00:00","PM2.5",NA,0,0,291.0746,0,234.6958,3.3439,NA,0,NA,NA,96.8074,0,0,3.1315,18.7345,0,0,3.4331,0,40.7576,NA,0,0,0,9.5491,NA,NA,0,0,0,0.0052,NA,0,0,0,0,0,6.238,0,"E: Uncertainty",NA,NA,NA,NA,NA,NA,"E: Uncertainty",NA,"E: Uncertainty","E: Uncertainty",NA,NA,NA,NA,NA,NA,NA,NA,NA,NA,"E: Uncertainty",NA,NA,NA,NA,"E: Uncertainty","E: Uncertainty",NA,NA,NA,NA,"E: Uncertainty",NA,NA,NA,NA,NA,NA,NA
"2024-02-25 03:00:00","PM10",NA,0,0,324.2888,NA,229.6627,19.6674,1.7088,0,0.6245,1.3099,195.4673,0,0,4.7763,21.1036,0,0,4.1619,0,85.751,1.7946,0,0,0,10.6555,NA,NA,NA,0,NA,NA,3.6073,0,0,0,0,0,5.4695,0,"E: Uncertainty",NA,NA,NA,"E: Uncertainty",NA,NA,NA,NA,NA,NA,NA,NA,NA,NA,NA,NA,NA,NA,NA,NA,NA,NA,NA,NA,NA,"E: Uncertainty","E: Uncertainty","E: Uncertainty",NA,"E: Uncertainty","E: Uncertainty",NA,NA,NA,NA,NA,NA,NA,NA
"2024-02-25 04:00:00","PM2.5",0,0,0,264.4056,0,169.6899,6.9847,1.5033,0,NA,NA,69.065,0,NA,2.3921,13.6003,0,0,2.8402,0,37.3937,0,0,0,0,NA,NA,0,0,0,0,NA,0,0,0,0,0,0,5.4833,0,NA,NA,NA,NA,NA,NA,NA,NA,NA,"E: Uncertainty","E: Uncertainty",NA,NA,"E: Uncertainty",NA,NA,NA,NA,NA,NA,NA,NA,NA,NA,NA,"E: Uncertainty","E: Uncertainty",NA,NA,NA,NA,"E: Uncertainty",NA,NA,NA,NA,NA,NA,NA,NA
"2024-02-25 05:00:00","PM10",NA,0,0,275.1397,8.611,145.5866,22.5329,NA,0,NA,0.8582,80.2023,0,0,2.4955,13.4617,0,0,2.9025,0,7.9281,NA,0,0,0,13.3936,0.0497,0,0,0,NA,NA,NA,0,0,0,0,0,6.0648,0,"E: Uncertainty",NA,NA,NA,NA,NA,NA,"E: Uncertainty",NA,"E: Uncertainty",NA,NA,NA,NA,NA,NA,NA,NA,NA,NA,NA,"E: Uncertainty",NA,NA,NA,NA,NA,NA,NA,NA,"E: Uncertainty","E: Uncertainty","E: Uncertainty",NA,NA,NA,NA,NA,NA,NA
"2024-02-25 06:00:00","PM2.5",0,0,0,151.0383,0,98.1631,NA,0,0,NA,0,29.194,NA,0,0.9437,5.9103,0,0,2.0399,0,4.0613,NA,0,0,0,15.1625,0,NA,0,0,0,NA,0,0,0,0,0,0,3.7643,0,NA,NA,NA,NA,NA,NA,"E: Uncertainty",NA,NA,"E: Uncertainty",NA,NA,"E: Uncertainty",NA,NA,NA,NA,NA,NA,NA,NA,"E: Uncertainty",NA,NA,NA,NA,NA,"E: Uncertainty",NA,NA,NA,"E: Uncertainty",NA,NA,NA,NA,NA,NA,NA,NA
"2024-02-25 07:00:00","PM10",NA,0,0,145.3331,0,70.6624,0,0,0,0,NA,31.6205,NA,NA,0.7609,4.4864,0,0,0.727,0,2.5931,NA,0,0,0,16.2751,NA,NA,0,0,0,NA,0,0,0,0,0,0,3.687,0,"E: Uncertainty",NA,NA,NA,NA,NA,NA,NA,NA,NA,"E: Uncertainty",NA,"E: Uncertainty","E: Uncertainty",NA,NA,NA,NA,NA,NA,NA,"E: Uncertainty",NA,NA,NA,NA,"E: Uncertainty","E: Uncertainty",NA,NA,NA,"E: Uncertainty",NA,NA,NA,NA,NA,NA,NA,NA
"2024-02-25 08:00:00","PM2.5",NA,0,0,159.3643,0,65.5253,0,0,0,NA,NA,25.3609,0,NA,0.9136,4.6881,0,0,0,0,2.2761,NA,0,NA,0,10.1472,0,0,NA,0,0,NA,0,0,0,0,0,0,5.2821,0,"E: Uncertainty",NA,NA,NA,NA,NA,NA,NA,NA,"E: Uncertainty","E: Uncertainty",NA,NA,"E: Uncertainty",NA,NA,NA,NA,NA,NA,NA,"E: Uncertainty",NA,"E: Uncertainty",NA,NA,NA,NA,"E: Uncertainty",NA,NA,"E: Uncertainty",NA,NA,NA,NA,NA,NA,NA,NA
"2024-02-25 09:00:00","PM10",NA,0,0,228.0314,0,71.7354,15.5032,NA,0,NA,NA,68.2366,NA,NA,2.5611,5.7973,0,0,0.6228,0,2.3383,NA,NA,0,0,18.13,NA,NA,0,NA,NA,0,NA,0,0,0,0,0,6.0854,0,"E: Uncertainty",NA,NA,NA,NA,NA,NA,"E: Uncertainty",NA,"E: Uncertainty","E: Uncertainty",NA,"E: Uncertainty","E: Uncertainty",NA,NA,NA,NA,NA,NA,NA,"E: Uncertainty","E: Uncertainty",NA,NA,NA,"E: Uncertainty","E: Uncertainty",NA,"E: Uncertainty","E: Uncertainty",NA,"E: Uncertainty",NA,NA,NA,NA,NA,NA,NA
"2024-02-25 10:00:00","PM2.5",NA,0,0,189.9887,0,49.1251,11.4593,NA,0,0,0,34.152,0,0,1.7177,5.1482,0,0,0.6371,NA,1.507,NA,0,0,0,NA,NA,0,0,0,0.0489,0,0,0,NA,0,0,0,3.0157,0,"E: Uncertainty",NA,NA,NA,NA,NA,NA,"E: Uncertainty",NA,NA,NA,NA,NA,NA,NA,NA,NA,NA,NA,"E: Uncertainty",NA,"E: Uncertainty",NA,NA,NA,"E: Uncertainty","E: Uncertainty",NA,NA,NA,NA,NA,NA,NA,"E: Uncertainty",NA,NA,NA,NA,NA
"2024-02-25 11:00:00","PM10",0,0,0,304.3913,69.6611,46.7396,32.1974,2.3786,NA,0,0,72.7436,0,0.579,1.9136,5.4495,0,0,0.7753,NA,3.1408,NA,0,0,0,9.4392,0,NA,0,NA,0,NA,NA,0,0.0068,0,0,0,3.6606,0,NA,NA,NA,NA,NA,NA,NA,NA,"E: Uncertainty",NA,NA,NA,NA,NA,NA,NA,NA,NA,NA,"E: Uncertainty",NA,"E: Uncertainty",NA,NA,NA,NA,NA,"E: Uncertainty",NA,"E: Uncertainty",NA,"E: Uncertainty","E: Uncertainty",NA,NA,NA,NA,NA,NA,NA
"2024-02-25 12:00:00","PM2.5",0,0,0,257.068,12.7601,39.2775,10.9424,1.1718,NA,0.004,0,34.6372,0,NA,1.5724,4.2558,0,0,0,NA,2.507,0,0,0,0,28.6723,0,NA,0,NA,NA,NA,0.0378,NA,0,0,0,0,3.3871,0,NA,NA,NA,NA,NA,NA,NA,NA,"E: Uncertainty",NA,NA,NA,NA,"E: Uncertainty",NA,NA,NA,NA,NA,"E: Uncertainty",NA,NA,NA,NA,NA,NA,NA,"E: Uncertainty",NA,"E: Uncertainty","E: Uncertainty","E: Uncertainty",NA,"E: Uncertainty",NA,NA,NA,NA,NA,NA
"2024-02-25 13:00:00","PM10",688.5347,0,0,197.6537,317.9595,40.0031,46.2683,2.2015,0,NA,NA,82.2431,NA,0,2.4116,6.4153,0,0,NA,0,2.6665,NA,0,0,0,17.6918,NA,NA,0,NA,NA,NA,NA,0,0,0,0,0,5.6188,0,NA,NA,NA,NA,NA,NA,NA,NA,NA,"E: Uncertainty","E: Uncertainty",NA,"E: Uncertainty",NA,NA,NA,NA,NA,"E: Uncertainty",NA,NA,"E: Uncertainty",NA,NA,NA,NA,"E: Uncertainty","E: Uncertainty",NA,"E: Uncertainty","E: Uncertainty","E: Uncertainty","E: Uncertainty",NA,NA,NA,NA,NA,NA,NA
"2024-02-25 14:00:00","PM2.5",NA,0,0,158.6065,59.2535,35.1151,12.3904,NA,NA,0,0,37.8074,NA,0,1.2854,4.7468,0,0,0.9047,NA,2.3322,NA,0,0,0,NA,0,0,0,NA,NA,NA,0,0,0,0,0,0,2.7198,0,"E: Uncertainty",NA,NA,NA,NA,NA,NA,"E: Uncertainty","E: Uncertainty",NA,NA,NA,"E: Uncertainty",NA,NA,NA,NA,NA,NA,"E: Uncertainty",NA,"E: Uncertainty",NA,NA,NA,"E: Uncertainty",NA,NA,NA,"E: Uncertainty","E: Uncertainty","E: Uncertainty",NA,NA,NA,NA,NA,NA,NA,NA
"2024-02-25 15:00:00","PM10",NA,0,0,211.9544,216.4812,33.5776,38.4631,NA,0,NA,NA,90.1051,0,0,2.0578,7.2584,0,0,0.6201,0,2.8094,NA,0,0,NA,11.2883,NA,0,0,NA,NA,NA,2.8226,0,0,0,0,0,4.6721,0,"E: Uncertainty",NA,NA,NA,NA,NA,NA,"E: Uncertainty",NA,"E: Uncertainty","E: Uncertainty",NA,NA,NA,NA,NA,NA,NA,NA,NA,NA,"E: Uncertainty",NA,NA,"E: Uncertainty",NA,"E: Uncertainty",NA,NA,"E: Uncertainty","E: Uncertainty","E: Uncertainty",NA,NA,NA,NA,NA,NA,NA,NA
"2024-02-25 16:00:00","PM2.5",NA,0,0,200.5485,37.4186,40.3607,12.0764,0.0045,0,NA,0,43.2861,0,NA,1.9079,18.2298,0,0,0.6466,0,3.0182,NA,0,0,0,20.3399,0,NA,0,0,NA,NA,NA,0,NA,0,0,0,5.5169,0,"E: Uncertainty",NA,NA,NA,NA,NA,NA,NA,NA,"E: Uncertainty",NA,NA,NA,"E: Uncertainty",NA,NA,NA,NA,NA,NA,NA,"E: Uncertainty",NA,NA,NA,NA,NA,"E: Uncertainty",NA,NA,"E: Uncertainty","E: Uncertainty","E: Uncertainty",NA,"E: Uncertainty",NA,NA,NA,NA,NA
"2024-02-25 17:00:00","PM10",0,0,0,135.0138,144.8902,42.723,28.6733,NA,0,0.0073,NA,78.0616,NA,0,2.0106,5.9963,0,0,1.3847,NA,2.4262,0,0,0,0,20.304,NA,NA,0,0,NA,NA,NA,0,0,0,0,0,1.1804,0,NA,NA,NA,NA,NA,NA,NA,"E: Uncertainty",NA,NA,"E: Uncertainty",NA,"E: Uncertainty",NA,NA,NA,NA,NA,NA,"E: Uncertainty",NA,NA,NA,NA,NA,NA,"E: Uncertainty","E: Uncertainty",NA,NA,"E: Uncertainty","E: Uncertainty","E: Uncertainty",NA,NA,NA,NA,NA,NA,NA
"2024-02-25 18:00:00","PM2.5",NA,0,NA,143.9967,42.8308,44.8702,11.8971,NA,NA,0,0,36.5569,0,0,1.1447,4.9483,0,0,NA,NA,2.7314,NA,0,0,0,16.1992,NA,0,0,0,NA,NA,0,0,NA,0,0,0,2.6004,0,"E: Uncertainty",NA,"E: Uncertainty",NA,NA,NA,NA,"E: Uncertainty","E: Uncertainty",NA,NA,NA,NA,NA,NA,NA,NA,NA,"E: Uncertainty","E: Uncertainty",NA,"E: Uncertainty",NA,NA,NA,NA,"E: Uncertainty",NA,NA,NA,"E: Uncertainty","E: Uncertainty",NA,NA,"E: Uncertainty",NA,NA,NA,NA,NA
"2024-02-25 19:00:00","PM10",0,0,0,174.5977,219.5837,53.9845,35.3698,1.5528,0,0,0,57.0084,NA,0,1.6753,4.6604,0,0,0.5432,0,3.5402,NA,0,0,0,24.2091,0,NA,0,NA,NA,NA,0,0,0,0,0,0,4.6388,0,NA,NA,NA,NA,NA,NA,NA,NA,NA,NA,NA,NA,"E: Uncertainty",NA,NA,NA,NA,NA,NA,NA,NA,"E: Uncertainty",NA,NA,NA,NA,NA,"E: Uncertainty",NA,"E: Uncertainty","E: Uncertainty","E: Uncertainty",NA,NA,NA,NA,NA,NA,NA,NA
"2024-02-25 20:00:00","PM2.5",NA,0,0,147.7805,74.8053,26.4318,10.8726,0,NA,NA,0,22.3612,0,0,1.2182,2.0037,0,0,0.8873,0,2.2277,NA,0,0,0,24.9948,0,0,0,0.0611,NA,NA,NA,0,0,0,0,0,NA,0,"E: Uncertainty",NA,NA,NA,NA,NA,NA,NA,"E: Uncertainty","E: Uncertainty",NA,NA,NA,NA,NA,NA,NA,NA,NA,NA,NA,"E: Uncertainty",NA,NA,NA,NA,NA,NA,NA,NA,"E: Uncertainty","E: Uncertainty","E: Uncertainty",NA,NA,NA,NA,NA,"E: Uncertainty",NA
"2024-02-25 21:00:00","PM10",0,0,0,130.9849,186.1867,27.6108,25.573,NA,NA,0,0,31.1163,0,NA,1.0274,1.8326,0,0,0.8232,0,2.8743,NA,0,0,0,20.3538,NA,0,0,NA,NA,0,0,0,0,0,0,0,0,0,NA,NA,NA,NA,NA,NA,NA,"E: Uncertainty","E: Uncertainty",NA,NA,NA,NA,"E: Uncertainty",NA,NA,NA,NA,NA,NA,NA,"E: Uncertainty",NA,NA,NA,NA,"E: Uncertainty",NA,NA,"E: Uncertainty","E: Uncertainty",NA,NA,NA,NA,NA,NA,NA,NA,NA
"2024-02-25 22:00:00","PM2.5",NA,0,0,99.5192,94.8436,18.3944,9.0263,0,NA,0,0,13.6771,0,NA,0.5707,1.8249,0,0,0,0,2.5737,NA,0,0,0,13.6643,0,NA,NA,0,0,NA,0,0,NA,0,0,0,0.9032,0,"E: Uncertainty",NA,NA,NA,NA,NA,NA,NA,"E: Uncertainty",NA,NA,NA,NA,"E: Uncertainty",NA,NA,NA,NA,NA,NA,NA,"E: Uncertainty",NA,NA,NA,NA,NA,"E: Uncertainty","E: Uncertainty",NA,NA,"E: Uncertainty",NA,NA,"E: Uncertainty",NA,NA,NA,NA,NA
"2024-02-25 23:00:00","PM10",0,0,0,145.6787,328.5997,27.4447,30.437,NA,NA,0,0,23.0601,0,NA,0.6752,2.2477,0,0,0,NA,2.5305,NA,NA,0,0,25.7777,NA,NA,0,NA,NA,NA,0,0,0,0,0,0,NA,0,NA,NA,NA,NA,NA,NA,NA,"E: Uncertainty","E: Uncertainty",NA,NA,NA,NA,"E: Uncertainty",NA,NA,NA,NA,NA,"E: Uncertainty",NA,"E: Uncertainty","E: Uncertainty",NA,NA,NA,"E: Uncertainty","E: Uncertainty",NA,"E: Uncertainty","E: Uncertainty","E: Uncertainty",NA,NA,NA,NA,NA,NA,"E: Uncertainty",NA
"2024-02-26 00:30:00","PM2.5",NA,0,0,184.6706,47.5877,28.4836,11.2257,0,0,NA,0,13.8843,NA,NA,0.934,1.7084,0,0,NA,0,1.9845,NA,0,0,0,23.3617,0,0,0,0,NA,0,0,0,NA,0,0,0,0,0,"E: Uncertainty",NA,NA,NA,NA,NA,NA,NA,NA,"E: Uncertainty",NA,NA,"E: Uncertainty","E: Uncertainty",NA,NA,NA,NA,"E: Uncertainty",NA,NA,"E: Uncertainty",NA,NA,NA,NA,NA,NA,NA,NA,"E: Uncertainty",NA,NA,NA,"E: Uncertainty",NA,NA,NA,NA,NA
"2024-02-26 01:00:00","PM10",NA,0,0,262.4269,262.3708,50.9476,50.3996,1.4395,NA,NA,1.7281,43.1997,NA,0.0042,0.5968,4.1738,0,0,0.6821,NA,1.6218,NA,0,0,0,11.7334,0,NA,0,NA,0,NA,0,0,0,0,0,0,2.4577,0,"E: Uncertainty",NA,NA,NA,NA,NA,NA,NA,"E: Uncertainty","E: Uncertainty",NA,NA,"E: Uncertainty",NA,NA,NA,NA,NA,NA,"E: Uncertainty",NA,"E: Uncertainty",NA,NA,NA,NA,NA,"E: Uncertainty",NA,"E: Uncertainty",NA,"E: Uncertainty",NA,NA,NA,NA,NA,NA,NA,NA
"2024-02-26 02:00:00","PM2.5",NA,0,0,292.732,40.2459,48.7258,21.1874,NA,NA,0.0065,2.2744,28.6185,NA,0,NA,7.04,0,0,0.5003,NA,2.0147,NA,0,NA,0,12.8354,NA,0,0,0,NA,0,0,0,0,0,0,0,3.5271,0,"E: Uncertainty",NA,NA,NA,NA,NA,NA,"E: Uncertainty","E: Uncertainty",NA,NA,NA,"E: Uncertainty",NA,"E: Uncertainty",NA,NA,NA,NA,"E: Uncertainty",NA,"E: Uncertainty",NA,"E: Uncertainty",NA,NA,"E: Uncertainty",NA,NA,NA,"E: Uncertainty",NA,NA,NA,NA,NA,NA,NA,NA,NA
"2024-02-26 03:00:00","PM10",0,0,0,282.7708,462.032,52.7453,48.4034,NA,NA,0,NA,32.4309,0,0,0.5677,43.4204,0,0,NA,1.0673,4.4208,NA,0,0,0,27.6223,NA,0,0,NA,NA,NA,0,0,0,0,0,0,3.6684,0,NA,NA,NA,NA,NA,NA,NA,"E: Uncertainty","E: Uncertainty",NA,"E: Uncertainty",NA,NA,NA,NA,NA,NA,NA,"E: Uncertainty",NA,NA,"E: Uncertainty",NA,NA,NA,NA,"E: Uncertainty",NA,NA,"E: Uncertainty","E: Uncertainty","E: Uncertainty",NA,NA,NA,NA,NA,NA,NA,NA
"2024-02-26 04:00:00","PM2.5",NA,0,0,123.3466,278.6942,27.8115,13.375,0,NA,NA,0,9.9786,0,0,NA,2.1886,0,0,0.3619,0.4075,1.1269,NA,0,0,0,15.5783,0,NA,0,NA,NA,0,0,0,0,0,0,0,NA,0,"E: Uncertainty",NA,NA,NA,NA,NA,NA,NA,"E: Uncertainty","E: Uncertainty",NA,NA,NA,NA,"E: Uncertainty",NA,NA,NA,NA,NA,NA,"E: Uncertainty",NA,NA,NA,NA,NA,"E: Uncertainty",NA,"E: Uncertainty","E: Uncertainty",NA,NA,NA,NA,NA,NA,NA,"E: Uncertainty",NA
"2024-02-26 05:00:00","PM10",2.15,0,0,145.4054,768.5609,36.1788,37.71,0,NA,NA,0,22.3068,0,0,NA,1.9776,0,0,0,0.54,1.434,NA,0,0,0,13.6924,0,0,0,0,NA,NA,0,0,NA,0,0,NA,0,0,NA,NA,NA,NA,NA,NA,NA,NA,"E: Uncertainty","E: Uncertainty",NA,NA,NA,NA,"E: Uncertainty",NA,NA,NA,NA,NA,NA,"E: Uncertainty",NA,NA,NA,NA,NA,NA,NA,NA,"E: Uncertainty","E: Uncertainty",NA,NA,"E: Uncertainty",NA,NA,"E: Uncertainty",NA,NA
"2024-02-26 06:00:00","PM2.5",0,0,0,129.7742,336.5534,31.4832,15.3334,0,NA,1.6168,1.4566,28.4022,0,NA,1.2313,8.8916,0,0,NA,0.5216,0.9739,NA,0,0,0,14.8081,NA,0,0,0,NA,NA,NA,0,NA,0,0,0,3.8965,0,NA,NA,NA,NA,NA,NA,NA,NA,"E: Uncertainty",NA,NA,NA,NA,"E: Uncertainty",NA,NA,NA,NA,"E: Uncertainty",NA,NA,"E: Uncertainty",NA,NA,NA,NA,"E: Uncertainty",NA,NA,NA,"E: Uncertainty","E: Uncertainty","E: Uncertainty",NA,"E: Uncertainty",NA,NA,NA,NA,NA
"2024-02-26 07:00:00","PM10",NA,0,0,152.9823,638.4281,36.6474,49.6253,NA,0,0.621,NA,100.584,NA,0.0061,3.5606,6.5282,0,0,NA,NA,1.3384,NA,0,0,0,17.1494,NA,0,0,0,NA,NA,NA,0,0,0,0,0,2.0343,0,"E: Uncertainty",NA,NA,NA,NA,NA,NA,"E: Uncertainty",NA,NA,"E: Uncertainty",NA,"E: Uncertainty",NA,NA,NA,NA,NA,"E: Uncertainty","E: Uncertainty",NA,"E: Uncertainty",NA,NA,NA,NA,"E: Uncertainty",NA,NA,NA,"E: Uncertainty","E: Uncertainty","E: Uncertainty",NA,NA,NA,NA,NA,NA,NA
"2024-02-26 08:00:00","PM2.5",NA,0,0,132.3374,135.0929,22.8804,21.7626,NA,0,NA,0.0073,50.0536,0,0.0076,1.8711,6.9076,0,0,0,0.5661,1.8404,NA,0,0,0,19.7998,0,NA,0,NA,NA,NA,0,0,0,0,0,0,2.4045,0,"E: Uncertainty",NA,NA,NA,NA,NA,NA,"E: Uncertainty",NA,"E: Uncertainty",NA,NA,NA,NA,NA,NA,NA,NA,NA,NA,NA,"E: Uncertainty",NA,NA,NA,NA,NA,"E: Uncertainty",NA,"E: Uncertainty","E: Uncertainty","E: Uncertainty",NA,NA,NA,NA,NA,NA,NA,NA
"2024-02-26 09:00:00","PM10",0,0,0,197.1802,425.5817,33.4115,80.5557,2.5771,NA,0,NA,98.1034,NA,0,3.1864,6.479,0,0,0,NA,1.6329,NA,0,0,0,18.5138,NA,NA,0,0,NA,NA,0,0,NA,0,0,0,3.171,0,NA,NA,NA,NA,NA,NA,NA,NA,"E: Uncertainty",NA,"E: Uncertainty",NA,"E: Uncertainty",NA,NA,NA,NA,NA,NA,"E: Uncertainty",NA,"E: Uncertainty",NA,NA,NA,NA,"E: Uncertainty","E: Uncertainty",NA,NA,"E: Uncertainty","E: Uncertainty",NA,NA,"E: Uncertainty",NA,NA,NA,NA,NA
"2024-02-26 10:00:00","PM2.5",NA,0,0,206.9874,225.1007,30.9125,26.3774,NA,0,0,NA,46.0536,0,0,1.9141,8.3143,0,0,1.0472,NA,1.7857,NA,0,0,0,NA,NA,0,0,NA,NA,NA,0,0,0,0,0,0,1.4671,0,"E: Uncertainty",NA,NA,NA,NA,NA,NA,"E: Uncertainty",NA,NA,"E: Uncertainty",NA,NA,NA,NA,NA,NA,NA,NA,"E: Uncertainty",NA,"E: Uncertainty",NA,NA,NA,"E: Uncertainty","E: Uncertainty",NA,NA,"E: Uncertainty","E: Uncertainty","E: Uncertainty",NA,NA,NA,NA,NA,NA,NA,NA
"2024-02-26 11:00:00","PM10",NA,0.7719,0,216.7744,927.5343,52.7674,127.2134,5.1693,NA,1.3203,2.761,347.4144,0,0,5.6519,26.2005,0,0,1.811,NA,2.775,NA,0,0,0,12.7764,0,0,0,NA,NA,NA,0,0,0,0,0,0,3.1257,0,"E: Uncertainty",NA,NA,NA,NA,NA,NA,NA,"E: Uncertainty",NA,NA,NA,NA,NA,NA,NA,NA,NA,NA,"E: Uncertainty",NA,"E: Uncertainty",NA,NA,NA,NA,NA,NA,NA,"E: Uncertainty","E: Uncertainty","E: Uncertainty",NA,NA,NA,NA,NA,NA,NA,NA
"2024-02-26 12:00:00","PM2.5",NA,0,0,158.7293,232.9253,25.3216,35.0178,1.2848,0,NA,NA,68.6162,0,NA,1.7557,7.443,0,0,0,NA,1.3362,0,0,0.0016,0,16.5322,NA,NA,0,NA,NA,0,NA,0,0,0,0,0,3.0793,0,"E: Uncertainty",NA,NA,NA,NA,NA,NA,NA,NA,"E: Uncertainty","E: Uncertainty",NA,NA,"E: Uncertainty",NA,NA,NA,NA,NA,"E: Uncertainty",NA,NA,NA,NA,NA,NA,"E: Uncertainty","E: Uncertainty",NA,"E: Uncertainty","E: Uncertainty",NA,"E: Uncertainty",NA,NA,NA,NA,NA,NA,NA
"2024-02-26 13:00:00","PM10",0,NA,0,192.784,793.0862,35.2697,137.3606,2.5554,0,0.7364,NA,103.0814,0,NA,2.8473,7.5769,0,0,0.5215,NA,2.5984,NA,0,0,0,15.7441,NA,0,0,NA,NA,0,NA,0,NA,0,0,0,2.4161,0,NA,"E: Uncertainty",NA,NA,NA,NA,NA,NA,NA,NA,"E: Uncertainty",NA,NA,"E: Uncertainty",NA,NA,NA,NA,NA,"E: Uncertainty",NA,"E: Uncertainty",NA,NA,NA,NA,"E: Uncertainty",NA,NA,"E: Uncertainty","E: Uncertainty",NA,"E: Uncertainty",NA,"E: Uncertainty",NA,NA,NA,NA,NA
"2024-02-26 14:00:00","PM2.5",NA,0,0,147.6306,375.4439,25.191,36.5994,NA,0,NA,NA,54.3675,0,NA,1.4961,7.1976,0,0,0,NA,1.5305,NA,0,0,0,16.584,NA,NA,0,NA,0,0,0,0,0,0,0,0,3.548,0,"E: Uncertainty",NA,NA,NA,NA,NA,NA,"E: Uncertainty",NA,"E: Uncertainty","E: Uncertainty",NA,NA,"E: Uncertainty",NA,NA,NA,NA,NA,"E: Uncertainty",NA,"E: Uncertainty",NA,NA,NA,NA,"E: Uncertainty","E: Uncertainty",NA,"E: Uncertainty",NA,NA,NA,NA,NA,NA,NA,NA,NA,NA
"2024-02-26 15:00:00","PM10",0,NA,0,139.225,772.8974,38.2958,131.5819,3.9934,NA,0,NA,120.1678,0,NA,2.7089,4.6724,0,0,0,NA,2.1876,NA,0,NA,NA,13.3447,NA,NA,0,0,0,NA,NA,0,0,0,0,0,3.3503,0,NA,"E: Uncertainty",NA,NA,NA,NA,NA,NA,"E: Uncertainty",NA,"E: Uncertainty",NA,NA,"E: Uncertainty",NA,NA,NA,NA,NA,"E: Uncertainty",NA,"E: Uncertainty",NA,"E: Uncertainty","E: Uncertainty",NA,"E: Uncertainty","E: Uncertainty",NA,NA,NA,"E: Uncertainty","E: Uncertainty",NA,NA,NA,NA,NA,NA,NA
"2024-02-26 16:00:00","PM2.5",0,0,0.4256,101.9399,224.3674,23.5588,35.1688,1.3473,0,0,0,58.5476,0,0,1.8605,5.0622,0,0,NA,NA,1.7484,NA,0,NA,NA,18.9045,NA,0,0,NA,NA,NA,NA,0,0,0,0,0,1.6808,0,NA,NA,NA,NA,NA,NA,NA,NA,NA,NA,NA,NA,NA,NA,NA,NA,NA,NA,"E: Uncertainty","E: Uncertainty",NA,"E: Uncertainty",NA,"E: Uncertainty","E: Uncertainty",NA,"E: Uncertainty",NA,NA,"E: Uncertainty","E: Uncertainty","E: Uncertainty","E: Uncertainty",NA,NA,NA,NA,NA,NA,NA
"2024-02-28 00:30:00","PM10",0,0,0,281.6931,2183.7729,115.636,57.8443,NA,NA,NA,NA,322.3745,0,NA,7.9502,12.5937,0,0,2.3333,0,20.108,NA,0,0,0,22.2516,NA,0,0,0,NA,0,NA,0,0,0,0,0,13.7264,0,NA,NA,NA,NA,NA,NA,NA,"E: Uncertainty","E: Uncertainty","E: Uncertainty","E: Uncertainty",NA,NA,"E: Uncertainty",NA,NA,NA,NA,NA,NA,NA,"E: Uncertainty",NA,NA,NA,NA,"E: Uncertainty",NA,NA,NA,"E: Uncertainty",NA,"E: Uncertainty",NA,NA,NA,NA,NA,NA,NA
"2024-02-28 01:00:00","PM2.5",0,0,0,161.2592,828.1347,73.9117,15.1498,NA,NA,NA,NA,102.198,NA,0,2.5532,10.9441,0,0,3.1076,0,10.0823,NA,0,0,0,NA,NA,NA,0,NA,NA,NA,NA,0,0,0,0,0,7.4063,0,NA,NA,NA,NA,NA,NA,NA,"E: Uncertainty","E: Uncertainty","E: Uncertainty","E: Uncertainty",NA,"E: Uncertainty",NA,NA,NA,NA,NA,NA,NA,NA,"E: Uncertainty",NA,NA,NA,"E: Uncertainty","E: Uncertainty","E: Uncertainty",NA,"E: Uncertainty","E: Uncertainty","E: Uncertainty","E: Uncertainty",NA,NA,NA,NA,NA,NA,NA
"2024-02-28 02:00:00","PM10",NA,0,0,185.8565,1281.8756,81.2106,48.0505,NA,NA,NA,NA,105.7095,NA,0,2.6031,9.0215,0,0,2.7902,NA,7.1777,NA,0,NA,0,13.1088,NA,NA,0,NA,NA,NA,NA,0,NA,0,0,0,5.4022,0,"E: Uncertainty",NA,NA,NA,NA,NA,NA,"E: Uncertainty","E: Uncertainty","E: Uncertainty","E: Uncertainty",NA,"E: Uncertainty",NA,NA,NA,NA,NA,NA,"E: Uncertainty",NA,"E: Uncertainty",NA,"E: Uncertainty",NA,NA,"E: Uncertainty","E: Uncertainty",NA,"E: Uncertainty","E: Uncertainty","E: Uncertainty","E: Uncertainty",NA,"E: Uncertainty",NA,NA,NA,NA,NA
"2024-02-28 03:00:00","PM2.5",0,0,0,133.4029,297.6611,59.2292,9.5959,0,0,0.0075,0,56.404,0,0,1.6251,7.1325,0,0,1.8741,0,4.7502,NA,0,0,0,NA,NA,NA,0,0,0,NA,NA,0,NA,0,0,0,7.1701,0,NA,NA,NA,NA,NA,NA,NA,NA,NA,NA,NA,NA,NA,NA,NA,NA,NA,NA,NA,NA,NA,"E: Uncertainty",NA,NA,NA,"E: Uncertainty","E: Uncertainty","E: Uncertainty",NA,NA,NA,"E: Uncertainty","E: Uncertainty",NA,"E: Uncertainty",NA,NA,NA,NA,NA
"2024-02-28 04:00:00","PM10",0,0,0,181.1204,798.3158,83.8908,43.3394,NA,0,NA,0,99.2477,NA,NA,2.2487,6.4712,0,0,3.0863,NA,3.9745,0,0,0,0,NA,0,0,0,NA,0,NA,NA,0,0,0,0,0,4.7872,0,NA,NA,NA,NA,NA,NA,NA,"E: Uncertainty",NA,"E: Uncertainty",NA,NA,"E: Uncertainty","E: Uncertainty",NA,NA,NA,NA,NA,"E: Uncertainty",NA,NA,NA,NA,NA,"E: Uncertainty",NA,NA,NA,"E: Uncertainty",NA,"E: Uncertainty","E: Uncertainty",NA,NA,NA,NA,NA,NA,NA
"2024-02-28 05:00:00","PM2.5",NA,0,0,125.4271,135.3078,71.1093,7.6059,0,0,0,0,28.591,0,NA,1.3257,5.1747,0,0,1.3789,0,1.7581,NA,0,0,0,NA,NA,NA,0,0,NA,NA,NA,0,0,0,0,0,2.3349,0,"E: Uncertainty",NA,NA,NA,NA,NA,NA,NA,NA,NA,NA,NA,NA,"E: Uncertainty",NA,NA,NA,NA,NA,NA,NA,"E: Uncertainty",NA,NA,NA,"E: Uncertainty","E: Uncertainty","E: Uncertainty",NA,NA,"E: Uncertainty","E: Uncertainty","E: Uncertainty",NA,NA,NA,NA,NA,NA,NA
"2024-02-28 06:00:00","PM10",0,0,0,155.5956,135.6487,83.4719,7.5977,0,0,NA,0,57.7543,0,0,3.1618,5.6264,0,0,1.0955,0,1.4488,NA,0,0,0,8.9669,NA,NA,0,NA,NA,0,NA,0,0,0,0,0,2.3571,0,NA,NA,NA,NA,NA,NA,NA,NA,NA,"E: Uncertainty",NA,NA,NA,NA,NA,NA,NA,NA,NA,NA,NA,"E: Uncertainty",NA,NA,NA,NA,"E: Uncertainty","E: Uncertainty",NA,"E: Uncertainty","E: Uncertainty",NA,"E: Uncertainty",NA,NA,NA,NA,NA,NA,NA
"2024-02-28 07:00:00","PM2.5",NA,0,NA,159.7706,0,189.5507,NA,5.2845,NA,0,0,50.9573,0,0,3.1781,10.7694,0,0,NA,NA,0.9929,NA,0,0,0,NA,0,NA,NA,0,NA,NA,NA,0,0,0,0,0,2.6401,0,"E: Uncertainty",NA,"E: Uncertainty",NA,NA,NA,"E: Uncertainty",NA,"E: Uncertainty",NA,NA,NA,NA,NA,NA,NA,NA,NA,"E: Uncertainty","E: Uncertainty",NA,"E: Uncertainty",NA,NA,NA,"E: Uncertainty",NA,"E: Uncertainty","E: Uncertainty",NA,"E: Uncertainty","E: Uncertainty","E: Uncertainty",NA,NA,NA,NA,NA,NA,NA
"2024-02-28 08:00:00","PM10",NA,0,0,274.3645,20.3719,134.148,16.7347,4.172,0,0.0062,NA,140.459,0,0,4.5899,14.1732,0,0,1.0725,NA,4.782,NA,0,0,0,10.9396,0,0,0,0,NA,NA,NA,0,0,0,0,0,2.4924,0,"E: Uncertainty",NA,NA,NA,NA,NA,NA,NA,NA,NA,"E: Uncertainty",NA,NA,NA,NA,NA,NA,NA,NA,"E: Uncertainty",NA,"E: Uncertainty",NA,NA,NA,NA,NA,NA,NA,NA,"E: Uncertainty","E: Uncertainty","E: Uncertainty",NA,NA,NA,NA,NA,NA,NA
"2024-02-28 09:00:00","PM2.5",0,0,0,283.0431,298.2675,63.4133,24.1454,1.1437,0,0.0045,0,67.1215,NA,NA,2.3266,6.6689,0,0,1.0381,NA,3.2032,NA,0,0,0,NA,0,0,0,0,NA,0,NA,0,0,0,0,0,7.0478,0,NA,NA,NA,NA,NA,NA,NA,NA,NA,NA,NA,NA,"E: Uncertainty","E: Uncertainty",NA,NA,NA,NA,NA,"E: Uncertainty",NA,"E: Uncertainty",NA,NA,NA,"E: Uncertainty",NA,NA,NA,NA,"E: Uncertainty",NA,"E: Uncertainty",NA,NA,NA,NA,NA,NA,NA
"2024-02-28 10:00:00","PM10",NA,0,0,676.2839,1280.5448,104.1565,91.4183,1.2727,0,NA,1.3893,95.0025,NA,0.0097,2.6101,32.0846,0,0,4.5731,NA,5.8269,NA,0,0,0,NA,NA,NA,0,NA,NA,0,NA,0,0,0,0,0,15.4549,0,"E: Uncertainty",NA,NA,NA,NA,NA,NA,NA,NA,"E: Uncertainty",NA,NA,"E: Uncertainty",NA,NA,NA,NA,NA,NA,"E: Uncertainty",NA,"E: Uncertainty",NA,NA,NA,"E: Uncertainty","E: Uncertainty","E: Uncertainty",NA,"E: Uncertainty","E: Uncertainty",NA,"E: Uncertainty",NA,NA,NA,NA,NA,NA,NA
"2024-02-28 11:00:00","PM2.5",NA,0,0,621.3742,614.7989,66.9598,46.7148,0,NA,NA,1.2298,44.9699,NA,NA,1.0002,23.6183,0,0,1.3663,0,5.2914,1.7109,0,0,0,22.121,NA,0,0,NA,0,0,NA,0,0,0,0,0,7.8752,0,"E: Uncertainty",NA,NA,NA,NA,NA,NA,NA,"E: Uncertainty","E: Uncertainty",NA,NA,"E: Uncertainty","E: Uncertainty",NA,NA,NA,NA,NA,NA,NA,NA,NA,NA,NA,NA,"E: Uncertainty",NA,NA,"E: Uncertainty",NA,NA,"E: Uncertainty",NA,NA,NA,NA,NA,NA,NA
"2024-02-28 12:00:00","PM10",NA,NA,0,354.8516,1401.8612,67.691,178.1327,2.3193,NA,NA,NA,81.4397,NA,0,2.0148,10.0105,0,0,0.5021,NA,4.16,NA,0,0,0,22.8557,NA,NA,0,NA,NA,NA,NA,0,0,0,0,0,1.2086,0,"E: Uncertainty","E: Uncertainty",NA,NA,NA,NA,NA,NA,"E: Uncertainty","E: Uncertainty","E: Uncertainty",NA,"E: Uncertainty",NA,NA,NA,NA,NA,NA,"E: Uncertainty",NA,"E: Uncertainty",NA,NA,NA,NA,"E: Uncertainty","E: Uncertainty",NA,"E: Uncertainty","E: Uncertainty","E: Uncertainty","E: Uncertainty",NA,NA,NA,NA,NA,NA,NA
"2024-02-28 13:00:00","PM2.5",NA,0,0,156.6936,420.2151,26.8386,54.5405,1.4031,0,0.0064,0,31.6891,NA,0,1.0628,2.5386,0,0,0.8433,NA,2.5074,NA,0,0,0,11.273,0,NA,0,NA,NA,NA,NA,0,0,0,0,0,0,0,"E: Uncertainty",NA,NA,NA,NA,NA,NA,NA,NA,NA,NA,NA,"E: Uncertainty",NA,NA,NA,NA,NA,NA,"E: Uncertainty",NA,"E: Uncertainty",NA,NA,NA,NA,NA,"E: Uncertainty",NA,"E: Uncertainty","E: Uncertainty","E: Uncertainty","E: Uncertainty",NA,NA,NA,NA,NA,NA,NA
"2024-02-28 14:00:00","PM10",0,NA,0,167.3406,797.132,44.5273,178.6798,1.7608,0,NA,0,68.0199,NA,NA,1.5847,2.6674,0,0,1.7326,0,2.7349,1.4872,0,0,0,18.2485,0,NA,0,NA,NA,NA,NA,0,0,0,0,0,2.3051,0,NA,"E: Uncertainty",NA,NA,NA,NA,NA,NA,NA,"E: Uncertainty",NA,NA,"E: Uncertainty","E: Uncertainty",NA,NA,NA,NA,NA,NA,NA,NA,NA,NA,NA,NA,NA,"E: Uncertainty",NA,"E: Uncertainty","E: Uncertainty","E: Uncertainty","E: Uncertainty",NA,NA,NA,NA,NA,NA,NA
"2024-02-28 15:00:00","PM2.5",NA,0,0,125.7243,153.0755,14.2825,33.1065,NA,0,0,0,29.4448,NA,0.0077,1.1501,2.9859,0,0,0.9616,NA,1.3817,NA,0,0,0,15.037,0,0,0,0,NA,NA,NA,0,0,0,0,0,NA,0,"E: Uncertainty",NA,NA,NA,NA,NA,NA,"E: Uncertainty",NA,NA,NA,NA,"E: Uncertainty",NA,NA,NA,NA,NA,NA,"E: Uncertainty",NA,"E: Uncertainty",NA,NA,NA,NA,NA,NA,NA,NA,"E: Uncertainty","E: Uncertainty","E: Uncertainty",NA,NA,NA,NA,NA,"E: Uncertainty",NA
"2024-02-28 16:00:00","PM10",NA,0,0,114.914,146.2931,23.8178,45.2983,NA,0,0,0,71.513,NA,0,2.1979,9.9766,0,0,0.9019,NA,0.8483,NA,0,0,0,16.0525,NA,NA,0,NA,0,0,NA,0,0,0,0,0,1.2019,0,"E: Uncertainty",NA,NA,NA,NA,NA,NA,"E: Uncertainty",NA,NA,NA,NA,"E: Uncertainty",NA,NA,NA,NA,NA,NA,"E: Uncertainty",NA,"E: Uncertainty",NA,NA,NA,NA,"E: Uncertainty","E: Uncertainty",NA,"E: Uncertainty",NA,NA,"E: Uncertainty",NA,NA,NA,NA,NA,NA,NA
"2024-02-28 17:00:00","PM2.5",NA,0,NA,94.9871,8.8163,17.3833,9.4615,0,0,0,0,29.0308,NA,0,0.8483,3.4251,0,0,0.6422,0,0.6025,NA,0,0,0,15.6614,0,0,0,NA,NA,NA,NA,0,NA,0,0,0,NA,0,"E: Uncertainty",NA,"E: Uncertainty",NA,NA,NA,NA,NA,NA,NA,NA,NA,"E: Uncertainty",NA,NA,NA,NA,NA,NA,NA,NA,"E: Uncertainty",NA,NA,NA,NA,NA,NA,NA,"E: Uncertainty","E: Uncertainty","E: Uncertainty","E: Uncertainty",NA,"E: Uncertainty",NA,NA,NA,"E: Uncertainty",NA
"2024-02-28 18:00:00","PM10",0,0,0,141.1856,92.729,26.1736,35.0076,1.4058,0,0,NA,62.3546,NA,0,1.2992,2.8037,0,0,0,NA,0.9116,NA,0,0,0,15.8612,0,0,0,NA,NA,NA,NA,0,0,0,NA,0,1.892,0,NA,NA,NA,NA,NA,NA,NA,NA,NA,NA,"E: Uncertainty",NA,"E: Uncertainty",NA,NA,NA,NA,NA,NA,"E: Uncertainty",NA,"E: Uncertainty",NA,NA,NA,NA,NA,NA,NA,"E: Uncertainty","E: Uncertainty","E: Uncertainty","E: Uncertainty",NA,NA,NA,"E: Uncertainty",NA,NA,NA
"2024-02-28 19:00:00","PM2.5",NA,NA,0,158.7282,NA,22.4746,26.1172,2.4212,0,NA,0,41.3219,NA,0,0.8326,2.8436,0,0,NA,NA,0.8136,NA,0,0,0,13.7709,0,0,0,0,NA,0.0527,NA,0,0,0,0,0,1.58,0,"E: Uncertainty","E: Uncertainty",NA,NA,"E: Uncertainty",NA,NA,NA,NA,"E: Uncertainty",NA,NA,"E: Uncertainty",NA,NA,NA,NA,NA,"E: Uncertainty","E: Uncertainty",NA,"E: Uncertainty",NA,NA,NA,NA,NA,NA,NA,NA,"E: Uncertainty",NA,"E: Uncertainty",NA,NA,NA,NA,NA,NA,NA
"2024-02-28 20:00:00","PM10",0,220.2763,0,126.8371,145.1514,43.7907,108.8944,6.9718,0,NA,NA,106.7017,NA,0,0.7536,1.5014,0,0,NA,0,0.8407,NA,0,0,0,14.0163,0,NA,0,0.0641,NA,NA,NA,0,0,0,0,0,NA,0,NA,NA,NA,NA,NA,NA,NA,NA,NA,"E: Uncertainty","E: Uncertainty",NA,"E: Uncertainty",NA,NA,NA,NA,NA,"E: Uncertainty",NA,NA,"E: Uncertainty",NA,NA,NA,NA,NA,"E: Uncertainty",NA,NA,"E: Uncertainty","E: Uncertainty","E: Uncertainty",NA,NA,NA,NA,NA,"E: Uncertainty",NA
"2024-02-28 21:00:00","PM2.5",NA,NA,0,113.1573,11.3909,22.9556,26.6306,3.6475,0,0,0,38.3815,0,0,0.5392,1.1202,0,0,0,0,0.5733,NA,0,0,0,NA,NA,0.1167,0,0,NA,NA,0,0,0,0,0,0,NA,0,"E: Uncertainty","E: Uncertainty",NA,NA,NA,NA,NA,NA,NA,NA,NA,NA,NA,NA,NA,NA,NA,NA,NA,NA,NA,"E: Uncertainty",NA,NA,NA,"E: Uncertainty","E: Uncertainty",NA,NA,NA,"E: Uncertainty","E: Uncertainty",NA,NA,NA,NA,NA,NA,"E: Uncertainty",NA
"2024-02-28 22:00:00","PM10",NA,0,0,76.7819,77.374,16.2798,22.2003,2.0301,0,0,0,38.6144,NA,0,0.6895,2.2618,0,0,NA,0,0.5843,NA,0,0,0,11.863,0,NA,0,NA,NA,NA,0,0,0,0,0,0,0,0,"E: Uncertainty",NA,NA,NA,NA,NA,NA,NA,NA,NA,NA,NA,"E: Uncertainty",NA,NA,NA,NA,NA,"E: Uncertainty",NA,NA,"E: Uncertainty",NA,NA,NA,NA,NA,"E: Uncertainty",NA,"E: Uncertainty","E: Uncertainty","E: Uncertainty",NA,NA,NA,NA,NA,NA,NA,NA
"2024-02-28 23:00:00","PM2.5",0,0,NA,41.3941,41.0291,15.8349,3.3645,NA,0,0.0068,0,7.04,NA,NA,NA,0.6426,NA,0,0,0,0.8962,NA,0,0,0,22.4073,0,0,0,0,NA,NA,0,0,0,0,0,0,NA,0,NA,NA,"E: Uncertainty",NA,NA,NA,NA,"E: Uncertainty",NA,NA,NA,NA,"E: Uncertainty","E: Uncertainty","E: Uncertainty",NA,"E: Uncertainty",NA,NA,NA,NA,"E: Uncertainty",NA,NA,NA,NA,NA,NA,NA,NA,"E: Uncertainty","E: Uncertainty",NA,NA,NA,NA,NA,NA,"E: Uncertainty",NA
"2024-02-29 00:30:00","PM10",NA,0,0,75.3706,117.4807,18.9675,14.627,NA,0,0,0,16.4187,0,0,NA,4.1747,0,0,0,0,NA,0,0,0,0,26.3208,NA,0,0,0,NA,NA,NA,0,0,0,0,0,NA,0,"E: Uncertainty",NA,NA,NA,NA,NA,NA,"E: Uncertainty",NA,NA,NA,NA,NA,NA,"E: Uncertainty",NA,NA,NA,NA,NA,"E: Uncertainty",NA,NA,NA,NA,NA,"E: Uncertainty",NA,NA,NA,"E: Uncertainty","E: Uncertainty","E: Uncertainty",NA,NA,NA,NA,NA,"E: Uncertainty",NA
"2024-02-29 01:00:00","PM2.5",617.93,0,0,46.3167,23.1433,8.2416,NA,NA,0,NA,0,5.0492,NA,NA,NA,0.61,0,0,0,0,0.6823,NA,0,0,0,18.169,0,NA,0,0,0,0,0,0,NA,0,0,0,0,0,NA,NA,NA,NA,NA,NA,"E: Uncertainty","E: Uncertainty",NA,"E: Uncertainty",NA,NA,"E: Uncertainty","E: Uncertainty","E: Uncertainty",NA,NA,NA,NA,NA,NA,"E: Uncertainty",NA,NA,NA,NA,NA,"E: Uncertainty",NA,NA,NA,NA,NA,NA,"E: Uncertainty",NA,NA,NA,NA,NA
"2024-02-29 02:00:00","PM10",0,0,NA,30.5323,39.1897,11.8479,5.477,0,NA,0,0,5.7669,0,NA,NA,0.6017,NA,0,0,0,0.6404,NA,0,NA,0,21.0568,0,NA,0,NA,0,NA,NA,0,0,0,0,0,NA,0,NA,NA,"E: Uncertainty",NA,NA,NA,NA,NA,"E: Uncertainty",NA,NA,NA,NA,"E: Uncertainty","E: Uncertainty",NA,"E: Uncertainty",NA,NA,NA,NA,"E: Uncertainty",NA,"E: Uncertainty",NA,NA,NA,"E: Uncertainty",NA,"E: Uncertainty",NA,"E: Uncertainty","E: Uncertainty",NA,NA,NA,NA,NA,"E: Uncertainty",NA
"2024-02-29 03:00:00","PM2.5",NA,0,0,34.8337,0,3.8568,59.9529,0,0,NA,0,3.2943,NA,NA,0,1.1305,0,0,0,NA,NA,NA,0,0,0,NA,0,NA,0,NA,NA,NA,0,0,0.0031,0,0,0,0,0,"E: Uncertainty",NA,NA,NA,NA,NA,NA,NA,NA,"E: Uncertainty",NA,NA,"E: Uncertainty","E: Uncertainty",NA,NA,NA,NA,NA,"E: Uncertainty","E: Uncertainty","E: Uncertainty",NA,NA,NA,"E: Uncertainty",NA,"E: Uncertainty",NA,"E: Uncertainty","E: Uncertainty","E: Uncertainty",NA,NA,NA,NA,NA,NA,NA,NA
"2024-02-29 04:00:00","PM10",NA,0,0,69.0392,14.3772,22.1125,16.9618,NA,0,0,0,14.7822,0,0,0.572,2.2447,0,0,0,0,NA,NA,0,0,0,13.1639,0,0,0,NA,NA,NA,NA,0,0,0,0,0,NA,0,"E: Uncertainty",NA,NA,NA,NA,NA,NA,"E: Uncertainty",NA,NA,NA,NA,NA,NA,NA,NA,NA,NA,NA,NA,"E: Uncertainty","E: Uncertainty",NA,NA,NA,NA,NA,NA,NA,"E: Uncertainty","E: Uncertainty","E: Uncertainty","E: Uncertainty",NA,NA,NA,NA,NA,"E: Uncertainty",NA
"2024-02-29 05:00:00","PM2.5",0,0,0,55.2329,317.5588,20.7908,20.333,1.0219,0,NA,NA,13.9619,NA,0,0.5986,1.063,0,0,0,0,NA,NA,0,0,0,19.9951,NA,NA,0.0783,NA,NA,NA,0,0,0,0,0,0,NA,0,NA,NA,NA,NA,NA,NA,NA,NA,NA,"E: Uncertainty","E: Uncertainty",NA,"E: Uncertainty",NA,NA,NA,NA,NA,NA,NA,"E: Uncertainty","E: Uncertainty",NA,NA,NA,NA,"E: Uncertainty","E: Uncertainty",NA,"E: Uncertainty","E: Uncertainty","E: Uncertainty",NA,NA,NA,NA,NA,NA,"E: Uncertainty",NA
"2024-02-29 06:00:00","PM10",0,0,0,113.633,1623.5718,64.162,78.2144,2.7833,0,NA,NA,62.1688,0,0,2.7407,0.9641,NA,0,NA,0,0.6836,NA,0,0,0,15.6691,0,NA,0,NA,NA,0,NA,0,NA,0,0,0,0,0,NA,NA,NA,NA,NA,NA,NA,NA,NA,"E: Uncertainty","E: Uncertainty",NA,NA,NA,NA,NA,"E: Uncertainty",NA,"E: Uncertainty",NA,NA,"E: Uncertainty",NA,NA,NA,NA,NA,"E: Uncertainty",NA,"E: Uncertainty","E: Uncertainty",NA,"E: Uncertainty",NA,"E: Uncertainty",NA,NA,NA,NA,NA
"2024-02-29 07:00:00","PM2.5",NA,0,0,86.0509,781.182,28.5523,36.6037,NA,0,NA,NA,88.4504,NA,0,3.4157,1.286,0.0035,0,0,NA,NA,NA,0,0,0,16.8241,NA,NA,0,0,NA,NA,NA,0,0,0,0,0,0.0118,0,"E: Uncertainty",NA,NA,NA,NA,NA,NA,"E: Uncertainty",NA,"E: Uncertainty","E: Uncertainty",NA,"E: Uncertainty",NA,NA,NA,NA,NA,NA,"E: Uncertainty","E: Uncertainty","E: Uncertainty",NA,NA,NA,NA,"E: Uncertainty","E: Uncertainty",NA,NA,"E: Uncertainty","E: Uncertainty","E: Uncertainty",NA,NA,NA,NA,NA,NA,NA
"2024-02-29 08:00:00","PM10",NA,NA,0,160.4846,2389.8683,82.7207,167.5882,3.7696,0,NA,1.0782,287.7124,0,0,7.1656,4.0015,0,0,0,0,1.8882,NA,0,NA,0,14.5695,NA,0,0,NA,NA,NA,3.2463,0,0,0,0,0,0,0,"E: Uncertainty","E: Uncertainty",NA,NA,NA,NA,NA,NA,NA,"E: Uncertainty",NA,NA,NA,NA,NA,NA,NA,NA,NA,NA,NA,"E: Uncertainty",NA,"E: Uncertainty",NA,NA,"E: Uncertainty",NA,NA,"E: Uncertainty","E: Uncertainty","E: Uncertainty",NA,NA,NA,NA,NA,NA,NA,NA
"2024-02-29 09:00:00","PM2.5",NA,0,0,116.2169,1354.3499,40.3735,58.3495,2.1013,0,NA,NA,124.7179,0.8342,0,4.0721,3.0167,0,0,NA,0,1.539,NA,0,0,0,14.0407,0,NA,0,NA,NA,NA,NA,0,0,0,0,0,0,0,"E: Uncertainty",NA,NA,NA,NA,NA,NA,NA,NA,"E: Uncertainty","E: Uncertainty",NA,NA,NA,NA,NA,NA,NA,"E: Uncertainty",NA,NA,"E: Uncertainty",NA,NA,NA,NA,NA,"E: Uncertainty",NA,"E: Uncertainty","E: Uncertainty","E: Uncertainty","E: Uncertainty",NA,NA,NA,NA,NA,NA,NA
"2024-02-29 10:00:00","PM10",NA,0.4247,0,250.2099,3726.2889,101.1975,156.341,3.774,0,NA,0.9782,166.2348,NA,0,5.1853,4.5573,0,0,NA,5e-04,4.6514,1.5445,0,0,NA,11.5021,0,NA,0,NA,NA,NA,NA,0,0,0,0,0,0,0,"E: Uncertainty",NA,NA,NA,NA,NA,NA,NA,NA,"E: Uncertainty",NA,NA,"E: Uncertainty",NA,NA,NA,NA,NA,"E: Uncertainty",NA,NA,NA,NA,NA,"E: Uncertainty",NA,NA,"E: Uncertainty",NA,"E: Uncertainty","E: Uncertainty","E: Uncertainty","E: Uncertainty",NA,NA,NA,NA,NA,NA,NA
"2024-02-29 11:00:00","PM2.5",NA,0.0255,0,151.6245,2110.5472,59.9998,77.4329,1.3739,0,NA,NA,63.6871,NA,NA,2.3984,17.983,0,0,NA,0,1.8191,NA,0,0,0,17.5912,NA,NA,0,NA,NA,NA,NA,0,0,0,0,0,0.8973,0,"E: Uncertainty",NA,NA,NA,NA,NA,NA,NA,NA,"E: Uncertainty","E: Uncertainty",NA,"E: Uncertainty","E: Uncertainty",NA,NA,NA,NA,"E: Uncertainty",NA,NA,"E: Uncertainty",NA,NA,NA,NA,"E: Uncertainty","E: Uncertainty",NA,"E: Uncertainty","E: Uncertainty","E: Uncertainty","E: Uncertainty",NA,NA,NA,NA,NA,NA,NA
"2024-02-29 12:00:00","PM10",652.2424,NA,0,239.0228,3857.0414,110.1116,167.4982,7.0967,0,NA,0.9767,129.1946,NA,NA,4.5059,21.1592,0,0,0,NA,5.455,2.4472,0,0,0,11.8467,NA,0,NA,NA,0,NA,0,0,0,0,0,0,0.8257,NA,NA,"E: Uncertainty",NA,NA,NA,NA,NA,NA,NA,"E: Uncertainty",NA,NA,"E: Uncertainty","E: Uncertainty",NA,NA,NA,NA,NA,"E: Uncertainty",NA,NA,NA,NA,NA,NA,"E: Uncertainty",NA,"E: Uncertainty","E: Uncertainty",NA,"E: Uncertainty",NA,NA,NA,NA,NA,NA,NA,"E: Uncertainty"
"2024-02-29 13:00:00","PM2.5",NA,0,0,134.7388,2118.9405,57.414,83.3984,NA,0,NA,NA,78.4883,0,0.0085,4.2241,4.656,0,0,0,NA,1.6139,NA,0,0,0,17.4669,NA,NA,0,NA,NA,NA,NA,0,0,0,NA,0,0.7377,0,"E: Uncertainty",NA,NA,NA,NA,NA,NA,"E: Uncertainty",NA,"E: Uncertainty","E: Uncertainty",NA,NA,NA,NA,NA,NA,NA,NA,"E: Uncertainty",NA,"E: Uncertainty",NA,NA,NA,NA,"E: Uncertainty","E: Uncertainty",NA,"E: Uncertainty","E: Uncertainty","E: Uncertainty","E: Uncertainty",NA,NA,NA,"E: Uncertainty",NA,NA,NA
"2024-02-29 14:00:00","PM10",NA,1.976,0,190.0864,3692.856,93.1878,161.0238,4.5347,0,NA,NA,114.4985,0,NA,3.4283,3.2085,0,0,NA,0,5.0131,2.4371,0,0,0,NA,NA,0,0,0,0,NA,NA,0,0,0,0,0,NA,0,"E: Uncertainty",NA,NA,NA,NA,NA,NA,NA,NA,"E: Uncertainty","E: Uncertainty",NA,NA,"E: Uncertainty",NA,NA,NA,NA,"E: Uncertainty",NA,NA,NA,NA,NA,NA,"E: Uncertainty","E: Uncertainty",NA,NA,NA,NA,"E: Uncertainty","E: Uncertainty",NA,NA,NA,NA,NA,"E: Uncertainty",NA
"2024-02-29 15:00:00","PM2.5",0,0,0,124.4881,2083.1399,53.9624,73.8571,NA,0,NA,0,65.4268,0,NA,2.8206,1.8869,0,0,NA,0,2.3637,NA,0,0,0,11.6622,0.0565,0,0,0,NA,0,NA,0,0,0,0,0,0,0,NA,NA,NA,NA,NA,NA,NA,"E: Uncertainty",NA,"E: Uncertainty",NA,NA,NA,"E: Uncertainty",NA,NA,NA,NA,"E: Uncertainty",NA,NA,"E: Uncertainty",NA,NA,NA,NA,NA,NA,NA,NA,"E: Uncertainty",NA,"E: Uncertainty",NA,NA,NA,NA,NA,NA,NA
"2024-02-29 16:00:00","PM10",NA,NA,0,232.6054,4099.9015,104.8119,176.9104,4.2648,0,NA,NA,150.176,0,0,4.218,3.454,NA,0,NA,0,5.7681,2.4072,0,0,0,NA,0,NA,0,NA,NA,NA,NA,0,0,0,0,0,0,0,"E: Uncertainty","E: Uncertainty",NA,NA,NA,NA,NA,NA,NA,"E: Uncertainty","E: Uncertainty",NA,NA,NA,NA,NA,"E: Uncertainty",NA,"E: Uncertainty",NA,NA,NA,NA,NA,NA,"E: Uncertainty",NA,"E: Uncertainty",NA,"E: Uncertainty","E: Uncertainty","E: Uncertainty","E: Uncertainty",NA,NA,NA,NA,NA,NA,NA
"2024-02-29 17:00:00","PM2.5",NA,0.2484,0,139.1524,1956.0985,69.108,77.4896,NA,0,NA,0.8423,140.4456,NA,0,5.0826,4.5001,0,0,0,0,3.3331,NA,0,NA,0,9.6508,0,0,0,0,NA,0,2.8353,0,0,0,0,0,NA,0,"E: Uncertainty",NA,NA,NA,NA,NA,NA,"E: Uncertainty",NA,"E: Uncertainty",NA,NA,"E: Uncertainty",NA,NA,NA,NA,NA,NA,NA,NA,"E: Uncertainty",NA,"E: Uncertainty",NA,NA,NA,NA,NA,NA,"E: Uncertainty",NA,NA,NA,NA,NA,NA,NA,"E: Uncertainty",NA
"2024-02-29 18:00:00","PM10",NA,NA,0,210.6592,3115.4794,101.6667,141.2176,3.6681,0,NA,1.3736,330.6962,NA,NA,12.2878,5.808,0,0,0.5506,NA,5.3152,2.1089,0,NA,0,19.7081,0,0,0,0,NA,NA,6.0573,0,0,0,0,0,NA,0,"E: Uncertainty","E: Uncertainty",NA,NA,NA,NA,NA,NA,NA,"E: Uncertainty",NA,NA,"E: Uncertainty","E: Uncertainty",NA,NA,NA,NA,NA,"E: Uncertainty",NA,NA,NA,"E: Uncertainty",NA,NA,NA,NA,NA,NA,"E: Uncertainty","E: Uncertainty",NA,NA,NA,NA,NA,NA,"E: Uncertainty",NA
"2024-02-29 19:00:00","PM2.5",0,0,0,99.4598,1080.3135,53.7742,41.7998,1.535,NA,NA,NA,124.811,NA,0,4.2601,5.3091,0,0,0.8019,NA,1.9283,NA,0,NA,0,12.5542,NA,NA,0,NA,0,NA,NA,0,0,0,0,0,0,0,NA,NA,NA,NA,NA,NA,NA,NA,"E: Uncertainty","E: Uncertainty","E: Uncertainty",NA,"E: Uncertainty",NA,NA,NA,NA,NA,NA,"E: Uncertainty",NA,"E: Uncertainty",NA,"E: Uncertainty",NA,NA,"E: Uncertainty","E: Uncertainty",NA,"E: Uncertainty",NA,"E: Uncertainty","E: Uncertainty",NA,NA,NA,NA,NA,NA,NA
"2024-02-29 20:00:00","PM10",0,0,0,181.5277,2359.0739,83.2904,88.18,2.4651,0,NA,NA,210.4909,0,NA,7.4914,4.111,0,0,0,0.0039,3.6518,NA,0,0,0,17.4678,NA,0,0,NA,NA,0,NA,0,0,0,0,0,NA,0,NA,NA,NA,NA,NA,NA,NA,NA,NA,"E: Uncertainty","E: Uncertainty",NA,NA,"E: Uncertainty",NA,NA,NA,NA,NA,NA,NA,"E: Uncertainty",NA,NA,NA,NA,"E: Uncertainty",NA,NA,"E: Uncertainty","E: Uncertainty",NA,"E: Uncertainty",NA,NA,NA,NA,NA,"E: Uncertainty",NA
"2024-02-29 21:00:00","PM2.5",0,0,0,133.4112,973.6671,40.9788,32.8564,0,NA,0,0,49.6794,0,0,1.4712,1.3627,0,0,0.3628,NA,1.4759,NA,0,0,0,11.8727,0,0,0,NA,NA,NA,0,0,NA,0,0,0,0,0,NA,NA,NA,NA,NA,NA,NA,NA,"E: Uncertainty",NA,NA,NA,NA,NA,NA,NA,NA,NA,NA,"E: Uncertainty",NA,"E: Uncertainty",NA,NA,NA,NA,NA,NA,NA,"E: Uncertainty","E: Uncertainty","E: Uncertainty",NA,NA,"E: Uncertainty",NA,NA,NA,NA,NA
