"datetime","pm_fraction","Al","Si","P","S","Cl","K","Ca","Ti","V","Cr","Mn","Fe","Co","Ni","Cu","Zn","Ga","Ge","As","Se","Br","Sr","Y","Zr","Mo","Pd","Ag","Cd","In","Sn","Sb","Te","Ba","La","Ce","Pt","Hg","Tl","Pb","Bi","Al_Flags","Si_Flags","P_Flags","S_Flags","Cl_Flags","K_Flags","Ca_Flags","Ti_Flags","V_Flags","Cr_Flags","Mn_Flags","Fe_Flags","Co_Flags","Ni_Flags","Cu_Flags","Zn_Flags","Ga_Flags","Ge_Flags","As_Flags","Se_Flags","Br_Flags","Sr_Flags","Y_Flags","Zr_Flags","Mo_Flags","Pd_Flags","Ag_Flags","Cd_Flags","In_Flags","Sn_Flags","Sb_Flags","Te_Flags","Ba_Flags","La_Flags","Ce_Flags","Pt_Flags","Hg_Flags","Tl_Flags","Pb_Flags","Bi_Flags"
"2023-02-01 00:30:00","PM10",NA,0,0,366.8375,5212.6763,87.7328,139.3019,0,NA,0,0,14.4668,0,0,NA,2.3301,0,0,NA,0,8.5027,NA,0,0,0,34.5698,NA,NA,0,0,NA,0,NA,0,NA,0,0,0,0,0,"3b","1b","1b","1b","1b","1b","1b","1b","3b","1b","1b","1b","1b","1b","3b","1b","1b","1b","3b","1b","1b","3b","1b","1b","1b","1b","3b","3b","1b","1b","3b","1b","3b","1b","3b","1b","1b","1b","1b","1b"
"2023-02-01 01:00:00","PM2.5",NA,0,0,265.3108,2480.9032,45.2482,69.2953,NA,NA,NA,0,8.0494,NA,0,NA,1.4215,0,0,NA,0,5.2796,NA,0,0,0,10.5023,0,0,0,0,NA,NA,0,NA,0,0,0,0,0,0,"3b","1b","1b","1b","1b","1b","1b","3b","3b","3b","1b","1b","3b","1b","3b","1b","1b","1b","3b","1b","1b","3b","1b","1b","1b","1b","1b","1b","1b","1b","3b","3b","1b","3b","1b","1b","1b","1b","1b","1b"
"2023-02-01 02:00:00","PM10",NA,0,0,414.5314,5103.6012,94.2442,143.1538,0,NA,0,0,14.7152,0,0,0.7355,2.5271,0,0,0,0,10.3651,3.0429,0,0,0,29.4668,NA,NA,0,0,NA,NA,NA,0,0,0,0.0029,0,NA,0,"3b","1b","1b","1b","1b","1b","1b","1b","3b","1b","1b","1b","1b","1b","1b","1b","1b","1b","1b","1b","1b","1b","1b","1b","1b","1b","3b","3b","1b","1b","3b","3b","3b","1b","1b","1b","1b","1b","3b","1b"
"2023-02-01 03:00:00","PM2.5",NA,0,0,266.725,2466.929,45.7026,68.9834,NA,0,0,0,5.5018,0,0,0.805,1.5546,0,0,0,NA,7.3343,NA,0,0,0,9.0791,0,0,0,0,NA,NA,0,NA,0,0,0,0,NA,0,"3b","1b","1b","1b","1b","1b","1b","3b","1b","1b","1b","1b","1b","1b","1b","1b","1b","1b","1b","3b","1b","3b","1b","1b","1b","1b","1b","1b","1b","1b","3b","3b","1b","3b","1b","1b","1b","1b","3b","1b"
"2023-02-01 04:00:00","PM10",NA,0,0,369.9188,4916.9557,91.4093,132.3205,NA,0,0,0,9.5436,0,0,NA,1.3918,0,0,0,0,8.6402,2.2173,0,0,0,11.0877,0,NA,0,0,NA,NA,0,0,0,0,NA,0,0,0,"3b","1b","1b","1b","1b","1b","1b","3b","1b","1b","1b","1b","1b","1b","3b","1b","1b","1b","1b","1b","1b","1b","1b","1b","1b","1b","1b","3b","1b","1b","3b","3b","1b","1b","1b","1b","3b","1b","1b","1b"
"2023-02-01 05:00:00","PM2.5",657.8614,0,0,273.9009,2530.9044,45.676,69.9054,0,0,0,0,6.9642,0,0,NA,1.4792,0,0,NA,NA,5.8348,NA,0,0,0,NA,NA,0,0,0,0,NA,NA,0,0,0,NA,0,0,0,"1b","1b","1b","1b","1b","1b","1b","1b","1b","1b","1b","1b","1b","1b","3b","1b","1b","1b","3b","3b","1b","3b","1b","1b","1b","3b","3b","1b","1b","1b","1b","3b","3b","1b","1b","1b","3b","1b","1b","1b"
"2023-02-01 06:00:00","PM10",NA,0,0,399.2347,4990.0114,95.4242,142.9314,NA,NA,NA,0,41.1048,0,0,1.263,1.4833,0,0,NA,NA,8.5036,3.1241,NA,0,0,NA,NA,NA,0,0,NA,NA,NA,0,0,0,0,0,0,0,"3b","1b","1b","1b","1b","1b","1b","3b","3b","3b","1b","1b","1b","1b","1b","1b","1b","1b","3b","3b","1b","1b","3b","1b","1b","3b","3b","3b","1b","1b","3b","3b","3b","1b","1b","1b","1b","1b","1b","1b"
"2023-02-01 07:00:00","PM2.5",NA,0,0,275.3312,2471.6972,48.5132,70.8978,NA,0,NA,0,31.0397,0,0,1.179,1.9419,0,0,0,NA,4.7823,NA,0,0,0,NA,0,0,0,NA,0,0,NA,0,0,0,0,0,NA,0,"3b","1b","1b","1b","1b","1b","1b","3b","1b","3b","1b","1b","1b","1b","1b","1b","1b","1b","1b","3b","1b","3b","1b","1b","1b","3b","1b","1b","1b","3b","1b","1b","3b","1b","1b","1b","1b","1b","3b","1b"
"2023-02-01 08:00:00","PM10",NA,NA,0,382.1746,5184.7388,108.4567,324.1874,2.6939,0,0.0047,0.8398,134.3968,NA,0,3.002,6.5572,0,0,NA,0,8.4383,2.7007,0,0,0,NA,0,0,0,0,NA,0,NA,0,0,0,0,0,0,0,"3b","3b","1b","1b","1b","1b","1b","1b","1b","1b","1b","1b","3b","1b","1b","1b","1b","1b","3b","1b","1b","1b","1b","1b","1b","3b","1b","1b","1b","1b","3b","1b","3b","1b","1b","1b","1b","1b","1b","1b"
"2023-02-01 09:00:00","PM2.5",799.1653,0,0,239.2504,2812.7959,49.5184,109.5386,NA,NA,0,8e-04,55.3288,NA,0,1.2867,3.8808,0,0,NA,NA,4.2762,NA,0,0,0,10.3594,NA,NA,0,NA,0,0,NA,0,0,0,NA,0,0,0,"1b","1b","1b","1b","1b","1b","1b","3b","3b","1b","1b","1b","3b","1b","1b","1b","1b","1b","3b","3b","1b","3b","1b","1b","1b","1b","3b","3b","1b","3b","1b","1b","3b","1b","1b","1b","3b","1b","1b","1b"
"2023-02-01 10:00:00","PM10",876.1088,NA,0,368.7723,5664.7187,123.6807,502.5785,13.2351,NA,0,1.0792,115.2171,NA,0,2.0829,4.1567,0,0,NA,NA,8.7808,2.5552,0,0,0,NA,NA,NA,0,0,NA,NA,NA,0,0,0,NA,0,0,0,"1b","3b","1b","1b","1b","1b","1b","1b","3b","1b","1b","1b","3b","1b","1b","1b","1b","1b","3b","3b","1b","1b","1b","1b","1b","3b","3b","3b","1b","1b","3b","3b","3b","1b","1b","1b","3b","1b","1b","1b"
"2023-02-01 11:00:00","PM2.5",958.1475,0,0,210.3616,2833.1687,53.4818,178.1338,1.9955,0,0,0,44.2033,0,0,0.9648,13.1306,0,0,0.4822,0,5.006,NA,0,0,0,14.0006,NA,0,0,NA,NA,NA,0,0,0.0047,0,0,0,0,0,"1b","1b","1b","1b","1b","1b","1b","1b","1b","1b","1b","1b","1b","1b","1b","1b","1b","1b","1b","1b","1b","3b","1b","1b","1b","1b","3b","1b","1b","3b","3b","3b","1b","1b","1b","1b","1b","1b","1b","1b"
"2023-02-01 12:00:00","PM10",0,202.8765,0,303.4503,5254.0902,107.8843,636.6214,7.3454,0,NA,3.6305,179.1953,NA,NA,2.4577,9.1538,0,0,0.4684,0,7.1861,3.5601,0,0,NA,11.5711,NA,NA,0,0,NA,NA,NA,0,0,0,0,0,0.0026,0,"1b","1b","1b","1b","1b","1b","1b","1b","1b","3b","1b","1b","3b","3b","1b","1b","1b","1b","1b","1b","1b","1b","1b","1b","3b","1b","3b","3b","1b","1b","3b","3b","3b","1b","1b","1b","1b","1b","1b","1b"
"2023-02-01 13:00:00","PM2.5",NA,0,0,185.1609,2622.1058,50.5767,127.848,1.7587,0,NA,NA,45.5964,NA,0,0.8106,5.186,0,0,NA,0,3.7979,2.1962,0,0,0,13.9796,0,NA,0,0,NA,NA,NA,0,0,0,0,0,0,0,"3b","1b","1b","1b","1b","1b","1b","1b","1b","3b","3b","1b","3b","1b","1b","1b","1b","1b","3b","1b","1b","1b","1b","1b","1b","1b","1b","3b","1b","1b","3b","3b","3b","1b","1b","1b","1b","1b","1b","1b"
"2023-02-01 14:00:00","PM10",NA,292.6685,0,263.447,4472.9878,95.8308,642.9096,9.7505,0,NA,2.8569,164.6007,NA,0,2.1493,7.5178,0,0,0.5,0,5.3778,1.6273,0,0,0,NA,NA,0,0,0,NA,0,NA,0,0,0,0,0,0,0,"3b","1b","1b","1b","1b","1b","1b","1b","1b","3b","1b","1b","3b","1b","1b","1b","1b","1b","1b","1b","1b","1b","1b","1b","1b","3b","3b","1b","1b","1b","3b","1b","3b","1b","1b","1b","1b","1b","1b","1b"
"2023-02-01 15:00:00","PM2.5",NA,0,0,150.6223,2093.769,41.7773,102.439,1.6212,0,0,NA,47.7227,0,NA,1.2361,7.5676,0,0,0,0,3.5979,1.6548,0,0,0,10.2675,NA,NA,0,0,NA,NA,NA,0,0,0,0,0,1.1156,0,"3b","1b","1b","1b","1b","1b","1b","1b","1b","1b","3b","1b","1b","3b","1b","1b","1b","1b","1b","1b","1b","1b","1b","1b","1b","1b","3b","3b","1b","1b","3b","3b","3b","1b","1b","1b","1b","1b","1b","1b"
"2023-02-01 16:00:00","PM10",NA,NA,0,291.1576,4719.9171,92.3622,218.3505,3.8793,0,0.0024,NA,131.3136,NA,0,2.3128,8.0308,0,0,NA,0,6.4125,2.2694,0,NA,0,11.0841,0.0847,NA,0,NA,0,NA,NA,0,0,0,0,0,0,0,"3b","3b","1b","1b","1b","1b","1b","1b","1b","1b","3b","1b","3b","1b","1b","1b","1b","1b","3b","1b","1b","1b","1b","3b","1b","1b","1b","3b","1b","3b","1b","3b","3b","1b","1b","1b","1b","1b","1b","1b"
"2023-02-01 17:00:00","PM2.5",NA,0,0,171.3418,2319.5076,71.8158,77.8805,0,0,0,0,54.4129,0,0,1.8026,3.6745,0,0,0.4165,0,4.7598,NA,0,0,0,NA,0,0,0,NA,NA,NA,NA,0,0,0,0,0,0,0,"3b","1b","1b","1b","1b","1b","1b","1b","1b","1b","1b","1b","1b","1b","1b","1b","1b","1b","1b","1b","1b","3b","1b","1b","1b","3b","1b","1b","1b","3b","3b","3b","3b","1b","1b","1b","1b","1b","1b","1b"
"2023-02-01 18:00:00","PM10",NA,0,0,305.0018,4633.7733,99.6383,164.8171,1.7537,0,NA,0,101.5446,NA,0,2.7314,4.3712,0,0,1.5832,0,8.1671,1.8979,0,0,0,26.4313,NA,0,0,0,NA,NA,NA,0,0,0,0,0,1.4466,0,"3b","1b","1b","1b","1b","1b","1b","1b","1b","3b","1b","1b","3b","1b","1b","1b","1b","1b","1b","1b","1b","1b","1b","1b","1b","1b","3b","1b","1b","1b","3b","3b","3b","1b","1b","1b","1b","1b","1b","1b"
"2023-02-01 19:00:00","PM2.5",813.7069,0,0,170.8238,2042.7394,44.1364,68.7482,NA,NA,0,0,30.0199,0,NA,0.6119,2.0639,0,0,NA,0,3.7004,1.5906,0,0,0,NA,0,NA,0,0,0,NA,NA,0,NA,0,0,0,1.3401,0,"1b","1b","1b","1b","1b","1b","1b","3b","3b","1b","1b","1b","1b","3b","1b","1b","1b","1b","3b","1b","1b","1b","1b","1b","1b","3b","1b","3b","1b","1b","1b","3b","3b","1b","3b","1b","1b","1b","1b","1b"
"2023-02-01 20:00:00","PM10",NA,0,0,263.749,3431.1736,71.5395,119.114,NA,0,NA,0,51.0885,NA,0,0.9929,3.1246,0,0,NA,0,6.9743,2.0532,0,NA,0,9.4467,0,NA,0,NA,NA,0,0,0,0,0,0,0,0,0,"3b","1b","1b","1b","1b","1b","1b","3b","1b","3b","1b","1b","3b","1b","1b","1b","1b","1b","3b","1b","1b","1b","1b","3b","1b","1b","1b","3b","1b","3b","3b","1b","1b","1b","1b","1b","1b","1b","1b","1b"
"2023-02-01 21:00:00","PM2.5",NA,0,0,151.7588,1564.7587,35.1732,50.5736,NA,0,NA,0,21.1603,NA,0,0.9591,2.3853,0,0,NA,0,3.03,NA,0,0,0,11.5761,0,0,0,NA,NA,NA,0.024,0,0,0,0,0,0,0,"3b","1b","1b","1b","1b","1b","1b","3b","1b","3b","1b","1b","3b","1b","1b","1b","1b","1b","3b","1b","1b","3b","1b","1b","1b","1b","1b","1b","1b","3b","3b","3b","1b","1b","1b","1b","1b","1b","1b","1b"
"2023-02-01 22:00:00","PM10",975.4556,0,0,220.8521,2809.0714,59.2428,95.9153,NA,0,0,0,30.4169,0,NA,0.7523,1.9309,0,0,NA,0,5.087,NA,0,0,0,12.1747,NA,0,0,NA,NA,0,NA,0,0,0,0,0,0,0,"1b","1b","1b","1b","1b","1b","1b","3b","1b","1b","1b","1b","1b","3b","1b","1b","1b","1b","3b","1b","1b","3b","1b","1b","1b","1b","3b","1b","1b","3b","3b","1b","3b","1b","1b","1b","1b","1b","1b","1b"
"2023-02-01 23:00:00","PM2.5",914.4711,0,0,108.6496,1167.471,34.7267,36.9794,0,0,0,0,8.0022,0,0,NA,0.9644,0,0,0,NA,2.4916,NA,0,NA,0,13.6748,NA,NA,0,0,NA,NA,NA,0,0,NA,0,0,NA,0,"1b","1b","1b","1b","1b","1b","1b","1b","1b","1b","1b","1b","1b","1b","3b","1b","1b","1b","1b","3b","1b","3b","1b","3b","1b","1b","3b","3b","1b","1b","3b","3b","3b","1b","1b","3b","1b","1b","3b","1b"
"2023-02-02 00:30:00","PM10",NA,NA,NA,NA,NA,NA,NA,NA,NA,NA,NA,NA,NA,NA,NA,NA,NA,NA,NA,NA,NA,NA,NA,NA,NA,NA,NA,NA,NA,NA,NA,NA,NA,NA,NA,NA,NA,NA,NA,NA,"0c","0c","0c","0c","0c","0c","0c","3b","0c","0c","0c","0c","0c","3b","0c","0c","0c","0c","0c","0c","0c","3b","0c","0c","0c","0c","0c","0c","0c","3b","3b","0c","0c","0c","3b","0c","0c","0c","0c","0c"
"2023-02-02 01:00:00","PM2.5",NA,NA,NA,NA,NA,NA,NA,NA,NA,NA,NA,NA,NA,NA,NA,NA,NA,NA,NA,NA,NA,NA,NA,NA,NA,NA,NA,NA,NA,NA,NA,NA,NA,NA,NA,NA,NA,NA,NA,NA,"0c","0c","0c","0c","0c","0c","0c","3b","0c","0c","0c","0c","0c","0c","3b","0c","0c","0c","0c","0c","0c","3b","0c","0c","0c","0c","0c","0c","0c","3b","3b","3b","0c","0c","0c","0c","0c","0c","0c","0c"
"2023-02-02 02:00:00","PM10",NA,NA,NA,NA,NA,NA,NA,NA,NA,NA,NA,NA,NA,NA,NA,NA,NA,NA,NA,NA,NA,NA,NA,NA,NA,NA,NA,NA,NA,NA,NA,NA,NA,NA,NA,NA,NA,NA,NA,NA,"0c","0c","0c","0c","0c","0c","0c","0c","0c","0c","0c","0c","0c","3b","3b","0c","0c","0c","0c","0c","0c","3b","0c","0c","0c","0c","3b","0c","0c","3b","0c","3b","3b","0c","0c","0c","0c","0c","0c","0c"
"2023-02-02 03:00:00","PM2.5",NA,NA,NA,NA,NA,NA,NA,NA,NA,NA,NA,NA,NA,NA,NA,NA,NA,NA,NA,NA,NA,NA,NA,NA,NA,NA,NA,NA,NA,NA,NA,NA,NA,NA,NA,NA,NA,NA,NA,NA,"3b","0c","0c","0c","0c","0c","0c","3b","0c","0c","0c","0c","0c","0c","3b","0c","0c","0c","3b","0c","0c","3b","0c","0c","0c","0c","3b","0c","0c","3b","0c","3b","0c","0c","0c","0c","0c","0c","0c","0c"
"2023-02-02 04:00:00","PM10",NA,0,0,204.9776,2432.4694,75.1216,83.9936,0,0,0,0,15.7904,0,0,0.7959,1.3959,0,0,0,0,4.2693,NA,0,0,0,19.2895,NA,0,0,0,0,0,NA,0,0,0,0,0,NA,0,"3b","1b","1b","1b","1b","1b","1b","1b","1b","1b","1b","1b","1b","1b","1b","1b","1b","1b","1b","1b","1b","3b","1b","1b","1b","1b","3b","1b","1b","1b","1b","1b","3b","1b","1b","1b","1b","1b","3b","1b"
"2023-02-02 05:00:00","PM2.5",NA,0,0,87.6646,638.8406,23.6566,19.9647,0,0,0.0035,0,7.7422,NA,0,0.5165,1.2499,0,0,0,0,1.4117,NA,0,0,0,11.9602,NA,0,0,NA,0,0,0,0,0,0,0,0,0,0,"3b","1b","1b","1b","1b","1b","1b","1b","1b","1b","1b","1b","3b","1b","1b","1b","1b","1b","1b","1b","1b","3b","1b","1b","1b","1b","3b","1b","1b","3b","1b","1b","1b","1b","1b","1b","1b","1b","1b","1b"
"2023-02-02 06:00:00","PM10",NA,0,NA,91.3523,1043.1958,28.5069,34.464,NA,NA,0,0,66.5174,0,0,2.6783,1.571,0,0,0,0,1.4258,NA,0,0,0,12.7324,NA,0,0,0,NA,NA,NA,0,0,0,0,0,0,0,"3b","1b","3b","1b","1b","1b","1b","3b","3b","1b","1b","1b","1b","1b","1b","1b","1b","1b","1b","1b","1b","3b","1b","1b","1b","1b","3b","1b","1b","1b","3b","3b","3b","1b","1b","1b","1b","1b","1b","1b"
"2023-02-02 07:00:00","PM2.5",0,0,0,41.7257,287.6973,13.8632,17.0897,NA,0,0,0,41.678,0,0,2.7252,1.2316,0,0,0,0,0.6207,NA,0,0,0,NA,NA,NA,0,0,0,NA,NA,0,0,0,0,0,0,0,"1b","1b","1b","1b","1b","1b","1b","3b","1b","1b","1b","1b","1b","1b","1b","1b","1b","1b","1b","1b","1b","3b","1b","1b","1b","3b","3b","3b","1b","1b","1b","3b","3b","1b","1b","1b","1b","1b","1b","1b"
"2023-02-02 08:00:00","PM10",NA,0,0,46.9877,332.7759,23.6074,89.227,2.1169,NA,NA,NA,162.5366,0,0,9.4639,3.9128,0,0,0.4385,0,NA,NA,0,0,0,NA,NA,NA,0,0,NA,NA,NA,0,0,0,0,0,0,0,"3b","1b","1b","1b","1b","1b","1b","1b","3b","3b","3b","1b","1b","1b","1b","1b","1b","1b","1b","1b","3b","3b","1b","1b","1b","3b","3b","3b","1b","1b","3b","3b","3b","1b","1b","1b","1b","1b","1b","1b"
"2023-02-02 09:00:00","PM2.5",1109.508,0,0,34.5167,145.122,15.2738,27.9931,NA,0.0091,0,NA,49.5891,0,0,1.8993,1.7429,0,0,NA,0,NA,NA,0,0,0,10.2855,0,NA,0,0,0,NA,2.9801,0,0,0,0,0,0,0,"1b","1b","1b","1b","1b","1b","1b","3b","1b","1b","3b","1b","1b","1b","1b","1b","1b","1b","3b","1b","3b","3b","1b","1b","1b","1b","1b","3b","1b","1b","1b","3b","1b","1b","1b","1b","1b","1b","1b","1b"
"2023-02-02 10:00:00","PM10",NA,0,0,38.8252,431.744,26.9936,82.8527,1.4992,0,NA,NA,120.4031,0,0,5.1,4.8726,0,0,NA,0,NA,NA,0,0,0,20.0529,NA,NA,0,0,NA,NA,3.5464,0,0,0,0,0,NA,0,"3b","1b","1b","1b","1b","1b","1b","1b","1b","3b","3b","1b","1b","1b","1b","1b","1b","1b","3b","1b","3b","3b","1b","1b","1b","1b","3b","3b","1b","1b","3b","3b","1b","1b","1b","1b","1b","1b","3b","1b"
"2023-02-02 11:00:00","PM2.5",NA,NA,NA,NA,NA,NA,NA,NA,NA,NA,NA,NA,NA,NA,NA,NA,NA,NA,NA,NA,NA,NA,NA,NA,NA,NA,NA,NA,NA,NA,NA,NA,NA,NA,NA,NA,NA,NA,NA,NA,"0c","0c","0c","0c","0c","0c","0c","3b","0c","0c","0c","0c","3b","3b","0c","0c","0c","0c","3b","0c","3b","3b","0c","0c","0c","0c","3b","3b","0c","3b","0c","0c","3b","0c","0c","0c","0c","0c","0c","0c"
"2023-02-02 12:00:00","PM10",NA,NA,NA,NA,NA,NA,NA,NA,NA,NA,NA,NA,NA,NA,NA,NA,NA,NA,NA,NA,NA,NA,NA,NA,NA,NA,NA,NA,NA,NA,NA,NA,NA,NA,NA,NA,NA,NA,NA,NA,"0c","0c","0c","0c","0c","0c","0c","0c","0c","0c","3b","0c","0c","0c","0c","0c","0c","0c","0c","3b","0c","3b","0c","0c","0c","3b","3b","0c","0c","3b","3b","3b","3b","0c","0c","0c","0c","0c","0c","0c"
"2023-02-02 13:00:00","PM2.5",NA,NA,NA,NA,NA,NA,NA,NA,NA,NA,NA,NA,NA,NA,NA,NA,NA,NA,NA,NA,NA,NA,NA,NA,NA,NA,NA,NA,NA,NA,NA,NA,NA,NA,NA,NA,NA,NA,NA,NA,"0c","0c","0c","0c","0c","0c","0c","0c","0c","0c","0c","0c","3b","0c","0c","0c","0c","0c","3b","0c","0c","3b","0c","0c","0c","0c","3b","3b","0c","0c","3b","3b","3b","0c","0c","0c","0c","0c","0c","0c"
"2023-02-02 14:00:00","PM10",NA,NA,0,59.5276,1313.7086,66.5204,499.3907,8.1484,0,NA,1.3469,166.2432,NA,NA,4.5848,6.357,0,0,0,0,1.25,NA,0,0,0,NA,0,0,0,NA,0,0,NA,0,0,0,0,0,NA,0,"3b","3b","1b","1b","1b","1b","1b","1b","1b","3b","1b","1b","3b","3b","1b","1b","1b","1b","1b","1b","1b","3b","1b","1b","1b","3b","1b","1b","1b","3b","1b","1b","3b","1b","1b","1b","1b","1b","3b","1b"
"2023-02-02 15:00:00","PM2.5",NA,NA,NA,NA,NA,NA,NA,NA,NA,NA,NA,NA,NA,NA,NA,NA,NA,NA,NA,NA,NA,NA,NA,NA,NA,NA,NA,NA,NA,NA,NA,NA,NA,NA,NA,NA,NA,NA,NA,NA,"3b","0c","0c","0c","0c","0c","0c","3b","0c","0c","0c","0c","3b","0c","0c","0c","0c","0c","0c","0c","0c","0c","0c","0c","0c","0c","3b","3b","0c","3b","3b","3b","3b","0c","0c","0c","0c","0c","3b","0c"
"2023-02-02 16:00:00","PM10",NA,NA,NA,NA,NA,NA,NA,NA,NA,NA,NA,NA,NA,NA,NA,NA,NA,NA,NA,NA,NA,NA,NA,NA,NA,NA,NA,NA,NA,NA,NA,NA,NA,NA,NA,NA,NA,NA,NA,NA,"0c","0c","0c","0c","0c","0c","0c","0c","0c","3b","0c","0c","0c","3b","0c","0c","0c","0c","0c","0c","0c","0c","0c","0c","0c","0c","0c","0c","0c","0c","0c","0c","0c","0c","0c","0c","0c","0c","0c","0c"
"2023-02-02 17:00:00","PM2.5",NA,NA,NA,NA,NA,NA,NA,NA,NA,NA,NA,NA,NA,NA,NA,NA,NA,NA,NA,NA,NA,NA,NA,NA,NA,NA,NA,NA,NA,NA,NA,NA,NA,NA,NA,NA,NA,NA,NA,NA,"0c","0c","0c","0c","0c","0c","0c","3b","3b","3b","0c","0c","3b","0c","0c","0c","0c","0c","3b","0c","0c","3b","0c","0c","0c","0c","3b","3b","0c","0c","3b","3b","3b","0c","0c","0c","0c","0c","0c","0c"
"2023-02-02 18:00:00","PM10",NA,0,0,75.5406,1172.6728,31.8341,123.5111,2.8138,0,NA,NA,117.7249,NA,0,4.4893,4.2593,0,0,NA,0,1.1083,NA,0,0,0,9.0305,NA,NA,0,0,NA,NA,NA,0,0,0,0,0,0,0,"3b","1b","1b","1b","1b","1b","1b","1b","1b","3b","3b","1b","3b","1b","1b","1b","1b","1b","3b","1b","1b","3b","1b","1b","1b","1b","3b","3b","1b","1b","3b","3b","3b","1b","1b","1b","1b","1b","1b","1b"
"2023-02-02 19:00:00","PM2.5",NA,NA,NA,NA,NA,NA,NA,NA,NA,NA,NA,NA,NA,NA,NA,NA,NA,NA,NA,NA,NA,NA,NA,NA,NA,NA,NA,NA,NA,NA,NA,NA,NA,NA,NA,NA,NA,NA,NA,NA,"0c","0c","0c","0c","0c","0c","0c","3b","0c","0c","0c","0c","0c","0c","0c","0c","0c","0c","0c","3b","0c","3b","0c","0c","0c","0c","3b","0c","0c","3b","3b","3b","3b","0c","0c","0c","0c","0c","0c","0c"
"2023-02-02 20:00:00","PM10",NA,NA,NA,NA,NA,NA,NA,NA,NA,NA,NA,NA,NA,NA,NA,NA,NA,NA,NA,NA,NA,NA,NA,NA,NA,NA,NA,NA,NA,NA,NA,NA,NA,NA,NA,NA,NA,NA,NA,NA,"0c","0c","0c","0c","0c","0c","0c","0c","0c","3b","0c","0c","0c","0c","0c","0c","0c","0c","3b","3b","0c","0c","0c","0c","0c","0c","3b","0c","0c","0c","3b","3b","3b","0c","0c","0c","0c","0c","0c","0c"
"2023-02-02 21:00:00","PM2.5",NA,NA,NA,NA,NA,NA,NA,NA,NA,NA,NA,NA,NA,NA,NA,NA,NA,NA,NA,NA,NA,NA,NA,NA,NA,NA,NA,NA,NA,NA,NA,NA,NA,NA,NA,NA,NA,NA,NA,NA,"3b","0c","0c","0c","0c","0c","0c","0c","0c","0c","0c","0c","0c","0c","0c","0c","0c","0c","3b","0c","3b","3b","0c","0c","0c","0c","0c","0c","0c","0c","3b","3b","3b","0c","0c","0c","3b","0c","3b","0c"
"2023-02-02 22:00:00","PM10",NA,0,0,97.0647,1290.1485,35.5058,55.5606,NA,0,NA,0,48.5144,0,NA,2.0976,1.2234,0,0,0,0,2.0183,NA,0,0,0,15.3214,NA,NA,0,0,NA,NA,NA,0,0,0,0,0,NA,0,"3b","1b","1b","1b","1b","1b","1b","3b","1b","3b","1b","1b","1b","3b","1b","1b","1b","1b","1b","1b","1b","3b","1b","1b","1b","1b","3b","3b","1b","1b","3b","3b","3b","1b","1b","1b","1b","1b","3b","1b"
"2023-02-02 23:00:00","PM2.5",NA,0,NA,62.7127,568.4338,27.1536,20.2005,NA,0,0,0,29.8061,0,NA,3.2236,1.8988,0,0,NA,0,NA,NA,0,NA,0,20.6128,NA,NA,0,NA,0,NA,9e-04,0,NA,NA,0,0,0,0,"3b","1b","3b","1b","1b","1b","1b","3b","1b","1b","1b","1b","1b","3b","1b","1b","1b","1b","3b","1b","3b","3b","1b","3b","1b","1b","3b","3b","1b","3b","1b","3b","1b","1b","3b","3b","1b","1b","1b","1b"
"2023-02-03 00:30:00","PM10",NA,0,0,48.9778,842.4701,20.9778,29.1372,0,0,0,0,10.0964,0,0,NA,0.9459,0,0,0,0,NA,NA,0,0,0,32.0089,NA,NA,0,NA,0,NA,NA,NA,0,0,0,0,0,0,"3b","1b","1b","1b","1b","1b","1b","1b","1b","1b","1b","1b","1b","1b","3b","1b","1b","1b","1b","1b","3b","3b","1b","1b","1b","1b","3b","3b","1b","3b","1b","3b","3b","3b","1b","1b","1b","1b","1b","1b"
"2023-02-03 01:00:00","PM2.5",0,0,0,45.1887,539.7201,13.4776,18.062,0,0,0,0,5.3112,0,0,NA,0.6264,0,0,0,0,0.7844,NA,0,0,0,8.5851,NA,0,0,NA,NA,NA,0,0,NA,0,0,0,0.0017,0,"1b","1b","1b","1b","1b","1b","1b","1b","1b","1b","1b","1b","1b","1b","3b","1b","1b","1b","1b","1b","1b","3b","1b","1b","1b","1b","3b","1b","1b","3b","3b","3b","1b","1b","3b","1b","1b","1b","1b","1b"
"2023-02-03 02:00:00","PM10",NA,0,0,92.6674,1249.7547,28.9488,40.6771,0,0,0,0,6.2044,0,0,NA,NA,0,0,0,0,1.288,NA,0,0,0,11.2699,NA,NA,0,0,0,0,0,0,0,0,0,0,0,0,"3b","1b","1b","1b","1b","1b","1b","1b","1b","1b","1b","1b","1b","1b","3b","3b","1b","1b","1b","1b","1b","3b","1b","1b","1b","1b","3b","3b","1b","1b","1b","1b","1b","1b","1b","1b","1b","1b","1b","1b"
"2023-02-03 03:00:00","PM2.5",882.5202,0,0,77.3361,703.399,14.1353,19.8689,0,0,0,0,2.8391,0,0,NA,0.7616,0,0,0,0,NA,NA,0,0,0,NA,NA,0,0,0,NA,NA,0,0,0,0,0,0,0,0,"1b","1b","1b","1b","1b","1b","1b","1b","1b","1b","1b","1b","1b","1b","3b","1b","1b","1b","1b","1b","3b","3b","1b","1b","1b","3b","3b","1b","1b","1b","3b","3b","1b","1b","1b","1b","1b","1b","1b","1b"
"2023-02-03 04:00:00","PM10",NA,0,NA,94.4232,1323.6255,26.9687,38.3136,0,0,NA,0,7.9869,NA,NA,0.5618,1.4611,0,0,0,0,1.5197,NA,0,0,0,11.8648,NA,0,NA,0,NA,NA,NA,0,0,0,0,0,0,0,"3b","1b","3b","1b","1b","1b","1b","1b","1b","3b","1b","1b","3b","3b","1b","1b","1b","1b","1b","1b","1b","3b","1b","1b","1b","1b","3b","1b","3b","1b","3b","3b","3b","1b","1b","1b","1b","1b","1b","1b"
"2023-02-03 05:00:00","PM2.5",620.9202,0,0,57.7549,470.0769,9.7422,16.9159,0,0.0019,0,0,6.5747,NA,NA,NA,0.972,0,0,0,0,0.5822,NA,0,0,0,NA,NA,NA,0,NA,0,0,0,0,0,0,0,0,0,0,"1b","1b","1b","1b","1b","1b","1b","1b","1b","1b","1b","1b","3b","3b","3b","1b","1b","1b","1b","1b","1b","3b","1b","1b","1b","3b","3b","3b","1b","3b","1b","1b","1b","1b","1b","1b","1b","1b","1b","1b"
"2023-02-03 06:00:00","PM10",NA,0,0,85.9016,1066.8852,22.6856,32.6133,0,0,NA,0,42.4291,NA,0,1.4411,1.4637,0,0,0,NA,1.1319,NA,0,0,0,21.2162,NA,0,0,NA,NA,NA,0,0,0,0,0.0148,0,0,0,"3b","1b","1b","1b","1b","1b","1b","1b","1b","3b","1b","1b","3b","1b","1b","1b","1b","1b","1b","3b","1b","3b","1b","1b","1b","1b","3b","1b","1b","3b","3b","3b","1b","1b","1b","1b","1b","1b","1b","1b"
"2023-02-03 07:00:00","PM2.5",NA,NA,NA,NA,NA,NA,NA,NA,NA,NA,NA,NA,NA,NA,NA,NA,NA,NA,NA,NA,NA,NA,NA,NA,NA,NA,NA,NA,NA,NA,NA,NA,NA,NA,NA,NA,NA,NA,NA,NA,"0c","0c","0c","0c","0c","0c","0c","0c","0c","0c","0c","0c","0c","0c","0c","0c","0c","0c","0c","0c","0c","3b","0c","3b","0c","0c","3b","0c","0c","3b","3b","0c","3b","0c","0c","0c","0c","0c","0c","0c"
"2023-02-03 08:00:00","PM10",NA,NA,NA,NA,NA,NA,NA,NA,NA,NA,NA,NA,NA,NA,NA,NA,NA,NA,NA,NA,NA,NA,NA,NA,NA,NA,NA,NA,NA,NA,NA,NA,NA,NA,NA,NA,NA,NA,NA,NA,"0c","0c","0c","0c","0c","0c","0c","3b","0c","0c","3b","0c","0c","0c","0c","0c","0c","0c","3b","0c","0c","3b","0c","0c","0c","0c","3b","0c","0c","0c","3b","3b","0c","0c","0c","0c","0c","0c","0c","0c"
"2023-02-03 09:00:00","PM2.5",NA,NA,NA,NA,NA,NA,NA,NA,NA,NA,NA,NA,NA,NA,NA,NA,NA,NA,NA,NA,NA,NA,NA,NA,NA,NA,NA,NA,NA,NA,NA,NA,NA,NA,NA,NA,NA,NA,NA,NA,"3b","0c","0c","0c","0c","0c","0c","0c","3b","0c","0c","0c","0c","3b","0c","0c","0c","0c","0c","0c","3b","3b","0c","0c","0c","0c","3b","3b","0c","3b","3b","3b","3b","0c","0c","0c","0c","0c","0c","0c"
"2023-02-03 10:00:00","PM10",NA,NA,NA,NA,NA,NA,NA,NA,NA,NA,NA,NA,NA,NA,NA,NA,NA,NA,NA,NA,NA,NA,NA,NA,NA,NA,NA,NA,NA,NA,NA,NA,NA,NA,NA,NA,NA,NA,NA,NA,"0c","0c","0c","0c","0c","0c","0c","3b","3b","0c","0c","0c","3b","0c","0c","0c","0c","0c","3b","0c","3b","3b","0c","3b","0c","0c","3b","3b","0c","0c","0c","3b","3b","0c","0c","0c","0c","0c","0c","0c"
"2023-02-03 11:00:00","PM2.5",NA,NA,NA,NA,NA,NA,NA,NA,NA,NA,NA,NA,NA,NA,NA,NA,NA,NA,NA,NA,NA,NA,NA,NA,NA,NA,NA,NA,NA,NA,NA,NA,NA,NA,NA,NA,NA,NA,NA,NA,"3b","0c","0c","0c","0c","0c","0c","0c","0c","0c","0c","0c","3b","0c","0c","0c","0c","0c","3b","0c","3b","3b","0c","0c","0c","3b","0c","0c","0c","3b","0c","0c","3b","3b","0c","0c","0c","0c","0c","0c"
"2023-02-03 12:00:00","PM10",NA,NA,0,69.8052,1224.3619,51.9857,432.3344,7.5072,0,NA,0.8394,125.3539,0,0,1.8355,6.7846,0,0,0,0,0.8908,1.7225,0,0,0,NA,NA,0,0,NA,NA,0,0,0,0,0,6e-04,0,NA,0,"3b","3b","1b","1b","1b","1b","1b","1b","1b","3b","1b","1b","1b","1b","1b","1b","1b","1b","1b","1b","1b","1b","1b","1b","1b","3b","3b","1b","1b","3b","3b","1b","1b","1b","1b","1b","1b","1b","3b","1b"
"2023-02-03 13:00:00","PM2.5",NA,0,NA,49.1882,378.3534,17.1936,53.196,1.4023,NA,0,NA,39.0242,NA,0,1.1433,3.5036,0,0,NA,NA,0.7356,NA,0,0,0,9.6435,0.0504,NA,0,0,NA,NA,0,0,NA,0,0.003,0,NA,0,"3b","1b","3b","1b","1b","1b","1b","1b","3b","1b","3b","1b","3b","1b","1b","1b","1b","1b","3b","3b","1b","3b","1b","1b","1b","1b","1b","3b","1b","1b","3b","3b","1b","1b","3b","1b","1b","1b","3b","1b"
"2023-02-03 14:00:00","PM10",NA,NA,0,68.8256,1111.4227,40.7825,274.8225,4.4868,0,0,0.95,152.3785,0,0,3.3579,6.7312,0,0,0,0,0.7498,NA,0,0,0,9.1571,NA,NA,0,NA,NA,0,NA,0,0,0,0.0119,0,1.5488,0,"3b","3b","1b","1b","1b","1b","1b","1b","1b","1b","1b","1b","1b","1b","1b","1b","1b","1b","1b","1b","1b","3b","1b","1b","1b","1b","3b","3b","1b","3b","3b","1b","3b","1b","1b","1b","1b","1b","1b","1b"
"2023-02-03 15:00:00","PM2.5",0,0,0,69.4943,584.7516,22.7214,43.7887,NA,0,0,0,43.3582,0,0,0.7761,3.8615,0,0,NA,0,1.1195,NA,0,0,0,NA,0,NA,0,0,0,NA,0,0,0.0097,0,0,0,0,0,"1b","1b","1b","1b","1b","1b","1b","3b","1b","1b","1b","1b","1b","1b","1b","1b","1b","1b","3b","1b","1b","3b","1b","1b","1b","3b","1b","3b","1b","1b","1b","3b","1b","1b","1b","1b","1b","1b","1b","1b"
"2023-02-03 16:00:00","PM10",NA,NA,0,101.0033,1398.9318,44.3461,165.0008,5.0178,NA,NA,0.8053,155.0962,NA,0,2.8155,5.3245,0,0,0,0,1.8015,NA,0,NA,0,17.3576,NA,NA,0,NA,NA,0,NA,0,0,0,0,0,NA,0,"3b","3b","1b","1b","1b","1b","1b","1b","3b","3b","1b","1b","3b","1b","1b","1b","1b","1b","1b","1b","1b","3b","1b","3b","1b","1b","3b","3b","1b","3b","3b","1b","3b","1b","1b","1b","1b","1b","3b","1b"
"2023-02-03 17:00:00","PM2.5",NA,0,0,75.9747,695.8553,36.8722,51.582,2.1231,0,NA,0,70.651,NA,0,1.8618,6.1003,0,0,0,0,2.227,NA,0,0,0,15.8718,0,NA,0,0,0,NA,0,0,0,0,0,0,1.6519,0,"3b","1b","1b","1b","1b","1b","1b","1b","1b","3b","1b","1b","3b","1b","1b","1b","1b","1b","1b","1b","1b","3b","1b","1b","1b","1b","1b","3b","1b","1b","1b","3b","1b","1b","1b","1b","1b","1b","1b","1b"
"2023-02-03 18:00:00","PM10",NA,NA,0,115.1882,1895.6609,57.4428,154.3756,4.91,0,NA,0.9464,174.3637,0,NA,2.8276,11.905,0,0,0.8435,0,2.3674,NA,0,0,0,21.3504,NA,NA,0,NA,0,NA,NA,0,0,0,0,0,7.8044,0,"3b","3b","1b","1b","1b","1b","1b","1b","1b","3b","1b","1b","1b","3b","1b","1b","1b","1b","1b","1b","1b","3b","1b","1b","1b","1b","3b","3b","1b","3b","1b","3b","3b","1b","1b","1b","1b","1b","1b","1b"
"2023-02-03 19:00:00","PM2.5",795.824,0,0,41.8869,442.698,24.3144,34.1598,NA,0,NA,0,50.4505,NA,0,0.955,2.6771,0,0,0.8271,0,2.125,0,0,0,0,NA,NA,NA,0,NA,0,0,NA,0,0,0,0,0,3.808,0,"1b","1b","1b","1b","1b","1b","1b","3b","1b","3b","1b","1b","3b","1b","1b","1b","1b","1b","1b","1b","1b","1b","1b","1b","1b","3b","3b","3b","1b","3b","1b","1b","3b","1b","1b","1b","1b","1b","1b","1b"
"2023-02-03 20:00:00","PM10",NA,NA,0,59.2804,941.7778,40.8118,78.0216,3.0601,0,0,NA,135.8953,0,0,2.3508,4.7939,0,0,0,NA,4.6933,NA,0,0,0,12.85,0,0,0,NA,0,0,NA,0,0,0,0,0,1.4943,0,"3b","3b","1b","1b","1b","1b","1b","1b","1b","1b","3b","1b","1b","1b","1b","1b","1b","1b","1b","3b","1b","3b","1b","1b","1b","1b","1b","1b","1b","3b","1b","1b","3b","1b","1b","1b","1b","1b","1b","1b"
"2023-02-03 21:00:00","PM2.5",NA,0,0,26.8907,198.6597,36.7318,12.8972,NA,NA,0,0,40.4929,0,NA,1.3037,3.6071,0,0,1.0886,0,3.1621,NA,0,0,0,11.9195,NA,0,0,0.1639,NA,0,NA,0,0,0,0,0,0.9821,0,"3b","1b","1b","1b","1b","1b","1b","3b","3b","1b","1b","1b","1b","3b","1b","1b","1b","1b","1b","1b","1b","3b","1b","1b","1b","1b","3b","1b","1b","1b","3b","1b","3b","1b","1b","1b","1b","1b","1b","1b"
"2023-02-03 22:00:00","PM10",NA,0,0,47.3144,296.6342,41.1462,26.7936,1.4968,0,NA,NA,71.8527,0,0,1.2906,4.0931,0,0,0.9584,0,1.0116,NA,0,0,0,12.3948,NA,0,0,0,NA,NA,NA,0,0,0,0,0,1.5569,0,"3b","1b","1b","1b","1b","1b","1b","1b","1b","3b","3b","1b","1b","1b","1b","1b","1b","1b","1b","1b","1b","3b","1b","1b","1b","1b","3b","1b","1b","1b","3b","3b","3b","1b","1b","1b","1b","1b","1b","1b"
"2023-02-03 23:00:00","PM2.5",0,0,0,48.1306,68.5244,31.4267,3.8777,0,NA,0,0,19.4993,0,NA,NA,2.0076,NA,0,0.9608,0,NA,NA,0,0,0,NA,NA,0,0,NA,NA,NA,0,0,0,0,0,0,NA,0,"1b","1b","1b","1b","1b","1b","1b","1b","3b","1b","1b","1b","1b","3b","3b","1b","3b","1b","1b","1b","3b","3b","1b","1b","1b","3b","3b","1b","1b","3b","3b","3b","1b","1b","1b","1b","1b","1b","3b","1b"
"2023-02-04 00:30:00","PM10",NA,0,0,43.6587,126.054,24.5683,14.9606,0,0,0,0,34.374,NA,0,0.9492,2.4099,0,0,NA,0,NA,NA,0,0,0,NA,NA,NA,0,NA,NA,0,NA,0,0,NA,NA,0,0,0,"3b","1b","1b","1b","1b","1b","1b","1b","1b","1b","1b","1b","3b","1b","1b","1b","1b","1b","3b","1b","3b","3b","1b","1b","1b","3b","3b","3b","1b","3b","3b","1b","3b","1b","1b","3b","3b","1b","1b","1b"
"2023-02-04 01:00:00","PM2.5",0,0,0,57.7889,55.7473,30.5249,4.5503,0,0,NA,0,11.4314,0,0,0,2.4511,0,0,NA,0,0.7901,NA,0,0,0,10.1417,NA,0,0,0,NA,NA,NA,0,0,0,0,0,NA,0,"1b","1b","1b","1b","1b","1b","1b","1b","1b","3b","1b","1b","1b","1b","1b","1b","1b","1b","3b","1b","1b","3b","1b","1b","1b","1b","3b","1b","1b","1b","3b","3b","3b","1b","1b","1b","1b","1b","3b","1b"
"2023-02-04 02:00:00","PM10",NA,0,0,70.6324,206.9435,33.9516,42.5599,0,NA,NA,0,23.2898,0,0,0.6329,1.9576,0,0,NA,NA,1.5234,NA,0,0,0,11.1154,0,0,0,NA,NA,NA,NA,0,0,0,0,0,0,0,"3b","1b","1b","1b","1b","1b","1b","1b","3b","3b","1b","1b","1b","1b","1b","1b","1b","1b","3b","3b","1b","3b","1b","1b","1b","1b","1b","1b","1b","3b","3b","3b","3b","1b","1b","1b","1b","1b","1b","1b"
"2023-02-04 03:00:00","PM2.5",NA,0,0,79.5135,65.9108,14.4464,5.2345,NA,0,0,0,4.7323,NA,0,NA,1.8482,0,0,0.81,0,NA,NA,0,0,0,13.3759,0,NA,0,0,NA,0,NA,0,0,0,NA,0,0,0,"3b","1b","1b","1b","1b","1b","1b","3b","1b","1b","1b","1b","3b","1b","3b","1b","1b","1b","1b","1b","3b","3b","1b","1b","1b","1b","1b","3b","1b","1b","3b","1b","3b","1b","1b","1b","3b","1b","1b","1b"
"2023-02-04 04:00:00","PM10",NA,0,0,114.558,234.675,25.5634,18.3639,0,NA,0,0,11.5393,0,0,NA,2.327,0,0,2.5336,NA,0.9084,NA,0,0,0,13.2074,NA,NA,0,NA,0,0,0,NA,0,0,0,0,NA,0,"3b","1b","1b","1b","1b","1b","1b","1b","3b","1b","1b","1b","1b","1b","3b","1b","1b","1b","1b","3b","1b","3b","1b","1b","1b","1b","3b","3b","1b","3b","1b","1b","1b","3b","1b","1b","1b","1b","3b","1b"
"2023-02-04 05:00:00","PM2.5",NA,0,NA,48.0068,125.5451,12.2353,4.5453,0,0.0075,0,0,7.2873,0,0,1.0851,0.7086,0,0,NA,NA,0.5609,NA,0,0,0,11.9797,0,NA,0,NA,NA,NA,0,0,0,0,NA,0,0,0,"3b","1b","3b","1b","1b","1b","1b","1b","1b","1b","1b","1b","1b","1b","1b","1b","1b","1b","3b","3b","1b","3b","1b","1b","1b","1b","1b","3b","1b","3b","3b","3b","1b","1b","1b","1b","3b","1b","1b","1b"
"2023-02-04 06:00:00","PM10",NA,0,0,85.0009,625.3128,24.6615,24.7504,NA,0,0,0,53.1082,0,0,4.7743,1.8834,0,0,0,0,1.3491,NA,0,0,0,10.1372,NA,0,0,NA,0,NA,NA,0,0,0,0,0,0,0,"3b","1b","1b","1b","1b","1b","1b","3b","1b","1b","1b","1b","1b","1b","1b","1b","1b","1b","1b","1b","1b","3b","1b","1b","1b","1b","3b","1b","1b","3b","1b","3b","3b","1b","1b","1b","1b","1b","1b","1b"
"2023-02-04 07:00:00","PM2.5",0,0,0,60.1514,198.2952,22.4047,9.9894,0,0,0,NA,71.4642,0,0,7.3088,2.0404,0,0,0,0,NA,NA,0,0,0,15.5105,0,NA,0,NA,NA,NA,3.6134,0,0,0,0,0,0,0,"1b","1b","1b","1b","1b","1b","1b","1b","1b","1b","3b","1b","1b","1b","1b","1b","1b","1b","1b","1b","3b","3b","1b","1b","1b","1b","1b","3b","1b","3b","3b","3b","1b","1b","1b","1b","1b","1b","1b","1b"
"2023-02-04 08:00:00","PM10",NA,0,0,108.5476,820.2899,33.8493,54.2523,1.2377,0,0,NA,118.2503,NA,0,7.4283,2.9124,0,0,NA,0,1.1505,1.6385,0,0,0,NA,0,0,0,NA,NA,0,3.11,0,0,0,0,0,0,0,"3b","1b","1b","1b","1b","1b","1b","1b","1b","1b","3b","1b","3b","1b","1b","1b","1b","1b","3b","1b","1b","1b","1b","1b","1b","3b","1b","1b","1b","3b","3b","1b","1b","1b","1b","1b","1b","1b","1b","1b"
"2023-02-04 09:00:00","PM2.5",NA,NA,NA,NA,NA,NA,NA,NA,NA,NA,NA,NA,NA,NA,NA,NA,NA,NA,NA,NA,NA,NA,NA,NA,NA,NA,NA,NA,NA,NA,NA,NA,NA,NA,NA,NA,NA,NA,NA,NA,"0c","0c","0c","0c","0c","0c","0c","0c","0c","3b","0c","0c","0c","0c","0c","0c","0c","0c","0c","3b","3b","3b","0c","0c","0c","0c","3b","0c","0c","0c","3b","3b","3b","0c","0c","0c","0c","0c","3b","0c"
"2023-02-04 10:00:00","PM10",NA,NA,NA,NA,NA,NA,NA,NA,NA,NA,NA,NA,NA,NA,NA,NA,NA,NA,NA,NA,NA,NA,NA,NA,NA,NA,NA,NA,NA,NA,NA,NA,NA,NA,NA,NA,NA,NA,NA,NA,"0c","0c","3b","0c","0c","0c","0c","3b","0c","3b","3b","0c","0c","0c","0c","0c","0c","0c","0c","3b","0c","3b","0c","0c","0c","0c","0c","0c","0c","3b","3b","3b","3b","0c","0c","0c","0c","0c","0c","0c"
"2023-02-04 11:00:00","PM2.5",NA,NA,NA,NA,NA,NA,NA,NA,NA,NA,NA,NA,NA,NA,NA,NA,NA,NA,NA,NA,NA,NA,NA,NA,NA,NA,NA,NA,NA,NA,NA,NA,NA,NA,NA,NA,NA,NA,NA,NA,"0c","0c","0c","0c","0c","0c","0c","0c","0c","3b","0c","0c","3b","3b","0c","0c","0c","0c","0c","3b","0c","3b","0c","0c","0c","0c","0c","3b","0c","3b","3b","0c","3b","0c","0c","0c","0c","3b","0c","0c"
"2023-02-04 12:00:00","PM10",NA,0,0,216.3233,1590.2167,60.6312,143.3173,2.4722,NA,0,NA,105.4452,0,NA,4.9793,4.129,0,0,0,NA,3.4752,NA,0,0,0,11.3472,0,0,0,0,NA,0,NA,0,0,0,0,0,NA,0,"3b","1b","1b","1b","1b","1b","1b","1b","3b","1b","3b","1b","1b","3b","1b","1b","1b","1b","1b","3b","1b","3b","1b","1b","1b","1b","1b","1b","1b","1b","3b","1b","3b","1b","1b","1b","1b","1b","3b","1b"
"2023-02-04 13:00:00","PM2.5",0,0,0,197.6462,455.2207,48.8442,38.0714,NA,0,0,0,50.6642,NA,NA,2.5254,8.2095,0,0,0,0,3.3332,NA,0,0,0,NA,NA,NA,NA,0,NA,NA,NA,0,0,0,0,0,1.1989,0,"1b","1b","1b","1b","1b","1b","1b","3b","1b","1b","1b","1b","3b","3b","1b","1b","1b","1b","1b","1b","1b","3b","1b","1b","1b","3b","3b","3b","3b","1b","3b","3b","3b","1b","1b","1b","1b","1b","1b","1b"
"2023-02-04 14:00:00","PM10",NA,NA,0,223.6818,1505.6391,82.8628,127.6298,2.2712,NA,0,NA,122.5053,0,0,2.4421,6.8064,0,0,0.4114,NA,3.3616,2.2776,0,0,0,9.2904,0,NA,0,NA,NA,NA,0,0,0,0,0,0,1.2233,0,"3b","3b","1b","1b","1b","1b","1b","1b","3b","1b","3b","1b","1b","1b","1b","1b","1b","1b","1b","3b","1b","1b","1b","1b","1b","1b","1b","3b","1b","3b","3b","3b","1b","1b","1b","1b","1b","1b","1b","1b"
"2023-02-04 15:00:00","PM2.5",893.3163,0,0,188.4874,395.8962,51.2501,33.9808,NA,NA,NA,0,67.8864,0,NA,2.9611,5.6477,0,0,1.415,0,3.12,NA,0,0,0,12.7376,NA,NA,0,NA,0,NA,NA,0,0,0,0,0,NA,0,"1b","1b","1b","1b","1b","1b","1b","3b","3b","3b","1b","1b","1b","3b","1b","1b","1b","1b","1b","1b","1b","3b","1b","1b","1b","1b","3b","3b","1b","3b","1b","3b","3b","1b","1b","1b","1b","1b","3b","1b"
"2023-02-04 16:00:00","PM10",NA,0,0,274.9063,1095.0035,101.5215,108.348,2.179,0,NA,NA,162.7936,0,0,4.5224,9.6319,0,0,0.7738,0,4.3175,NA,0,0,0,15.4077,NA,NA,0,NA,NA,NA,NA,0,NA,0,0,0,5.1709,0,"3b","1b","1b","1b","1b","1b","1b","1b","1b","3b","3b","1b","1b","1b","1b","1b","1b","1b","1b","1b","1b","3b","1b","1b","1b","1b","3b","3b","1b","3b","3b","3b","3b","1b","3b","1b","1b","1b","1b","1b"
"2023-02-04 17:00:00","PM2.5",0,0,0,290.766,458.0117,110.1607,33.8771,NA,NA,NA,NA,114.7469,NA,0,4.1119,12.4903,0,0,1.1309,0,5.8138,NA,0,0,0,15.8898,NA,NA,0,NA,NA,NA,NA,0,0,0,0,0,6.7182,0,"1b","1b","1b","1b","1b","1b","1b","3b","3b","3b","3b","1b","3b","1b","1b","1b","1b","1b","1b","1b","1b","3b","1b","1b","1b","1b","3b","3b","1b","3b","3b","3b","3b","1b","1b","1b","1b","1b","1b","1b"
"2023-02-04 18:00:00","PM10",NA,0,0,345.018,1490.7084,132.6619,98.2235,1.8438,0,NA,1.0223,219.3564,0,NA,8.2482,20.0078,0,0,1.19,NA,7.0662,NA,0,0,0,NA,NA,0,0,NA,NA,0,NA,0,0,0,0,0,7.6323,0,"3b","1b","1b","1b","1b","1b","1b","1b","1b","3b","1b","1b","1b","3b","1b","1b","1b","1b","1b","3b","1b","3b","1b","1b","1b","3b","3b","1b","1b","3b","3b","1b","3b","1b","1b","1b","1b","1b","1b","1b"
"2023-02-04 19:00:00","PM2.5",NA,0,0,257.2837,591.9578,98.8657,29.6737,0,NA,NA,0,70.5821,0,NA,3.2139,12.7152,0,0,1.3933,NA,6.4046,NA,0,0,0,12.0828,NA,NA,0,NA,NA,NA,NA,0,0,0,0,0,4.7257,0,"3b","1b","1b","1b","1b","1b","1b","1b","3b","3b","1b","1b","1b","3b","1b","1b","1b","1b","1b","3b","1b","3b","1b","1b","1b","1b","3b","3b","1b","3b","3b","3b","3b","1b","1b","1b","1b","1b","1b","1b"
"2023-02-04 20:00:00","PM10",NA,0,0,309.3378,1781.0603,106.4816,74.7755,NA,0.0053,NA,NA,136.5239,0,NA,6.4835,11.2934,0,0,0.6018,NA,9.1646,NA,0,0,0,9.2799,0,NA,0,NA,NA,NA,NA,0,0,0,0,0,3.7766,0,"3b","1b","1b","1b","1b","1b","1b","3b","1b","3b","3b","1b","1b","3b","1b","1b","1b","1b","1b","3b","1b","3b","1b","1b","1b","1b","1b","3b","1b","3b","3b","3b","3b","1b","1b","1b","1b","1b","1b","1b"
"2023-02-04 21:00:00","PM2.5",NA,0,0,264.5453,714.8299,74.0759,28.1905,NA,0,0,NA,47.6986,NA,NA,5.021,8.0611,0,0,NA,NA,6.7143,0,0,0,0,21.6421,NA,NA,0,NA,NA,0,NA,0,NA,0,0,0,3.1139,0,"3b","1b","1b","1b","1b","1b","1b","3b","1b","1b","3b","1b","3b","3b","1b","1b","1b","1b","3b","3b","1b","1b","1b","1b","1b","1b","3b","3b","1b","3b","3b","1b","3b","1b","3b","1b","1b","1b","1b","1b"
"2023-02-04 22:00:00","PM10",NA,0,0,227.9233,2345.7956,59.2743,90.7675,NA,0,0,NA,43.2323,0,0,1.1426,3.9113,0,0,0,NA,5.0496,NA,0,0,0,NA,NA,0,0,NA,0,0,NA,0,0,0,0,0,1.1895,0,"3b","1b","1b","1b","1b","1b","1b","3b","1b","1b","3b","1b","1b","1b","1b","1b","1b","1b","1b","3b","1b","3b","1b","1b","1b","3b","3b","1b","1b","3b","1b","1b","3b","1b","1b","1b","1b","1b","1b","1b"
"2023-02-04 23:00:00","PM2.5",NA,0,0,128.8413,1945.5834,58.8803,51.4698,NA,0.0027,0.922,NA,34.2181,0,0,1.3904,2.606,0,0,NA,NA,3.6622,NA,0,0,0,28.0461,0,NA,0,NA,NA,NA,0,0,0,0,0,0,4.339,0,"3b","1b","1b","1b","1b","1b","1b","3b","1b","1b","3b","1b","1b","1b","1b","1b","1b","1b","3b","3b","1b","3b","1b","1b","1b","1b","1b","3b","1b","3b","3b","3b","1b","1b","1b","1b","1b","1b","1b","1b"
"2023-02-05 00:30:00","PM10",NA,NA,NA,NA,NA,NA,NA,NA,NA,NA,NA,NA,NA,NA,NA,NA,NA,NA,NA,NA,NA,NA,NA,NA,NA,NA,NA,NA,NA,NA,NA,NA,NA,NA,NA,NA,NA,NA,NA,NA,"0c","0c","3b","0c","0c","0c","0c","0c","3b","3b","3b","0c","0c","0c","0c","0c","3b","0c","0c","0c","0c","3b","0c","0c","0c","3b","0c","3b","0c","0c","3b","3b","0c","3b","0c","0c","0c","0c","3b","0c"
"2023-02-05 01:00:00","PM2.5",NA,NA,NA,NA,NA,NA,NA,NA,NA,NA,NA,NA,NA,NA,NA,NA,NA,NA,NA,NA,NA,NA,NA,NA,NA,NA,NA,NA,NA,NA,NA,NA,NA,NA,NA,NA,NA,NA,NA,NA,"0c","0c","0c","0c","0c","0c","0c","0c","3b","0c","3b","0c","0c","3b","0c","0c","0c","0c","0c","3b","0c","3b","0c","0c","0c","0c","3b","3b","0c","3b","3b","0c","3b","0c","0c","0c","0c","0c","0c","0c"
"2023-02-05 02:00:00","PM10",NA,0,0,424.8726,6323.2692,181.6708,170.7842,1.4428,NA,0,0,36.9009,0,NA,1.8401,6.2701,0,0,NA,NA,12.4121,2.7408,0,NA,0,NA,0,NA,NA,0,NA,NA,0,0,0,0,0,0,25.0746,0,"3b","1b","1b","1b","1b","1b","1b","1b","3b","1b","1b","1b","1b","3b","1b","1b","1b","1b","3b","3b","1b","1b","1b","3b","1b","3b","1b","3b","3b","1b","3b","3b","1b","1b","1b","1b","1b","1b","1b","1b"
"2023-02-05 03:00:00","PM2.5",NA,NA,NA,NA,NA,NA,NA,NA,NA,NA,NA,NA,NA,NA,NA,NA,NA,NA,NA,NA,NA,NA,NA,NA,NA,NA,NA,NA,NA,NA,NA,NA,NA,NA,NA,NA,NA,NA,NA,NA,"0c","0c","0c","0c","0c","0c","0c","3b","0c","3b","0c","0c","3b","3b","0c","0c","0c","0c","0c","0c","0c","3b","3b","0c","0c","3b","3b","0c","0c","0c","3b","3b","0c","0c","0c","0c","0c","0c","0c","0c"
"2023-02-05 04:00:00","PM10",NA,NA,NA,NA,NA,NA,NA,NA,NA,NA,NA,NA,NA,NA,NA,NA,NA,NA,NA,NA,NA,NA,NA,NA,NA,NA,NA,NA,NA,NA,NA,NA,NA,NA,NA,NA,NA,NA,NA,NA,"0c","0c","0c","0c","0c","0c","0c","0c","3b","0c","3b","0c","0c","3b","0c","0c","0c","0c","3b","0c","0c","0c","0c","0c","0c","3b","3b","0c","0c","3b","0c","3b","3b","0c","0c","0c","0c","0c","0c","0c"
"2023-02-05 05:00:00","PM2.5",NA,NA,NA,NA,NA,NA,NA,NA,NA,NA,NA,NA,NA,NA,NA,NA,NA,NA,NA,NA,NA,NA,NA,NA,NA,NA,NA,NA,NA,NA,NA,NA,NA,NA,NA,NA,NA,NA,NA,NA,"0c","0c","0c","0c","0c","0c","0c","3b","0c","0c","0c","0c","0c","3b","0c","0c","0c","0c","0c","0c","0c","3b","0c","0c","0c","3b","3b","3b","0c","0c","3b","0c","0c","0c","0c","0c","0c","0c","0c","0c"
"2023-02-05 06:00:00","PM10",NA,0,0,279.1176,4474.4354,137.382,149.9564,NA,NA,NA,0.0032,55.0383,0,NA,1.3827,7.2725,0,0,0.4689,NA,6.8531,2.4789,0,0,0,NA,0,NA,0,NA,NA,0,NA,0,0,0,0,0,1.0369,0,"3b","1b","1b","1b","1b","1b","1b","3b","3b","3b","1b","1b","1b","3b","1b","1b","1b","1b","1b","3b","1b","1b","1b","1b","1b","3b","1b","3b","1b","3b","3b","1b","3b","1b","1b","1b","1b","1b","1b","1b"
"2023-02-05 07:00:00","PM2.5",NA,0,0,133.3272,1691.6796,78.5006,56.8769,0,0,NA,NA,60.9654,0,NA,1.6008,6.2344,0,0,0,NA,2.252,NA,0,0,0,NA,NA,NA,0,NA,NA,0,0,0,0,0,0,0,1.2086,0,"3b","1b","1b","1b","1b","1b","1b","1b","1b","3b","3b","1b","1b","3b","1b","1b","1b","1b","1b","3b","1b","3b","1b","1b","1b","3b","3b","3b","1b","3b","3b","1b","1b","1b","1b","1b","1b","1b","1b","1b"
"2023-02-05 08:00:00","PM10",NA,NA,0,285.7116,3785.0727,146.0759,228.1098,8.9605,0,NA,1.9154,207.0625,0,NA,4.794,12.2544,0,0,0,NA,6.0642,2.2281,0,0,0,9.7772,NA,NA,0,NA,0,0,NA,0,0,0,0,0,1.9503,0,"3b","3b","1b","1b","1b","1b","1b","1b","1b","3b","1b","1b","1b","3b","1b","1b","1b","1b","1b","3b","1b","1b","1b","1b","1b","1b","3b","3b","1b","3b","1b","1b","3b","1b","1b","1b","1b","1b","1b","1b"
"2023-02-05 09:00:00","PM2.5",NA,0,0,197.9141,1856.8019,76.1249,86.926,3.2417,0,NA,NA,87.6533,NA,0,3.256,13.2563,0,0,1.2412,NA,4.653,NA,0,0,0,NA,NA,0,0,0,NA,NA,0,0,0,0,0,0,20.3865,0,"3b","1b","1b","1b","1b","1b","1b","1b","1b","3b","3b","1b","3b","1b","1b","1b","1b","1b","1b","3b","1b","3b","1b","1b","1b","3b","3b","1b","1b","1b","3b","3b","1b","1b","1b","1b","1b","1b","1b","1b"
"2023-02-05 10:00:00","PM10",NA,NA,0,260.757,4370.4889,115.5003,198.641,5.5919,0,NA,1.2307,187.0416,0,NA,5.6193,9.6768,0,0,0.5333,NA,7.4196,1.5099,0,0,0,19.5455,0,NA,0,NA,NA,NA,NA,0,0,0,0,0,5.0719,0,"3b","3b","1b","1b","1b","1b","1b","1b","1b","3b","1b","1b","1b","3b","1b","1b","1b","1b","1b","3b","1b","1b","1b","1b","1b","1b","1b","3b","1b","3b","3b","3b","3b","1b","1b","1b","1b","1b","1b","1b"
"2023-02-05 11:00:00","PM2.5",NA,NA,NA,NA,NA,NA,NA,NA,NA,NA,NA,NA,NA,NA,NA,NA,NA,NA,NA,NA,NA,NA,NA,NA,NA,NA,NA,NA,NA,NA,NA,NA,NA,NA,NA,NA,NA,NA,NA,NA,"3b","0c","0c","0c","0c","0c","0c","0c","0c","3b","0c","0c","3b","3b","0c","0c","0c","0c","0c","3b","0c","3b","0c","0c","0c","3b","3b","3b","0c","3b","3b","3b","3b","0c","0c","0c","0c","0c","0c","0c"
"2023-02-05 12:00:00","PM10",NA,NA,NA,NA,NA,NA,NA,NA,NA,NA,NA,NA,NA,NA,NA,NA,NA,NA,NA,NA,NA,NA,NA,NA,NA,NA,NA,NA,NA,NA,NA,NA,NA,NA,NA,NA,NA,NA,NA,NA,"0c","3b","0c","0c","0c","0c","0c","0c","0c","3b","3b","0c","3b","3b","0c","0c","0c","0c","0c","3b","0c","0c","0c","0c","0c","0c","3b","3b","0c","0c","3b","3b","3b","0c","0c","0c","0c","0c","0c","0c"
"2023-02-05 13:00:00","PM2.5",NA,NA,NA,NA,NA,NA,NA,NA,NA,NA,NA,NA,NA,NA,NA,NA,NA,NA,NA,NA,NA,NA,NA,NA,NA,NA,NA,NA,NA,NA,NA,NA,NA,NA,NA,NA,NA,NA,NA,NA,"0c","0c","0c","0c","0c","0c","0c","0c","0c","3b","0c","0c","0c","0c","0c","0c","0c","0c","0c","3b","0c","3b","0c","0c","0c","0c","0c","0c","0c","0c","0c","3b","3b","0c","0c","0c","0c","0c","0c","0c"
"2023-02-05 14:00:00","PM10",NA,NA,0,218.7461,5508.8254,97.1037,287.4774,5.9515,0,0.606,1.2135,250.8592,0,0,5.9634,14.8909,0,0,0.4983,NA,12.7604,1.7993,0,NA,0,14.3242,0,0,0,NA,NA,0,NA,0,0,0,0,0,2.1414,0,"3b","3b","1b","1b","1b","1b","1b","1b","1b","1b","1b","1b","1b","1b","1b","1b","1b","1b","1b","3b","1b","1b","1b","3b","1b","1b","1b","1b","1b","3b","3b","1b","3b","1b","1b","1b","1b","1b","1b","1b"
"2023-02-05 15:00:00","PM2.5",808.5676,0,NA,114.2914,1952.8695,61.8498,104.0444,1.4219,0,0,NA,166.8924,0,0,13.3205,10.1763,0,0,0.4951,0.4714,11.9554,1.6345,0,NA,0,12.2918,NA,0,0,NA,NA,NA,3.9198,0,0,0,0,0,5.8102,0,"1b","1b","3b","1b","1b","1b","1b","1b","1b","1b","3b","1b","1b","1b","1b","1b","1b","1b","1b","1b","1b","1b","1b","3b","1b","1b","3b","1b","1b","3b","3b","3b","1b","1b","1b","1b","1b","1b","1b","1b"
"2023-02-05 16:00:00","PM10",NA,248.0095,0,233.4345,5831.3978,106.9148,401.8081,14.3283,0,1.3769,3.9494,698.3068,0,NA,31.0245,23.3365,0,0,NA,NA,12.7279,4.0304,0,NA,0,17.2252,0,0,0,NA,NA,0,17.0365,0,0,0,0,0,5.9755,0,"3b","1b","1b","1b","1b","1b","1b","1b","1b","1b","1b","1b","1b","3b","1b","1b","1b","1b","3b","3b","1b","1b","1b","3b","1b","1b","1b","1b","1b","3b","3b","1b","1b","1b","1b","1b","1b","1b","1b","1b"
"2023-02-05 17:00:00","PM2.5",NA,NA,NA,NA,NA,NA,NA,NA,NA,NA,NA,NA,NA,NA,NA,NA,NA,NA,NA,NA,NA,NA,NA,NA,NA,NA,NA,NA,NA,NA,NA,NA,NA,NA,NA,NA,NA,NA,NA,NA,"0c","3b","0c","0c","0c","0c","0c","0c","0c","3b","0c","0c","0c","0c","0c","0c","0c","0c","0c","3b","0c","3b","0c","0c","0c","0c","0c","0c","0c","3b","3b","0c","0c","0c","0c","0c","0c","0c","0c","0c"
"2023-02-05 18:00:00","PM10",NA,NA,NA,NA,NA,NA,NA,NA,NA,NA,NA,NA,NA,NA,NA,NA,NA,NA,NA,NA,NA,NA,NA,NA,NA,NA,NA,NA,NA,NA,NA,NA,NA,NA,NA,NA,NA,NA,NA,NA,"0c","0c","0c","0c","0c","0c","0c","0c","0c","0c","0c","0c","0c","0c","0c","0c","0c","0c","0c","3b","0c","0c","0c","3b","0c","0c","3b","3b","0c","3b","3b","0c","0c","0c","0c","0c","0c","0c","0c","0c"
"2023-02-05 19:00:00","PM2.5",NA,NA,NA,NA,NA,NA,NA,NA,NA,NA,NA,NA,NA,NA,NA,NA,NA,NA,NA,NA,NA,NA,NA,NA,NA,NA,NA,NA,NA,NA,NA,NA,NA,NA,NA,NA,NA,NA,NA,NA,"3b","0c","0c","0c","0c","0c","0c","0c","0c","0c","0c","0c","0c","3b","0c","0c","0c","0c","0c","3b","0c","3b","0c","3b","0c","0c","3b","3b","0c","0c","3b","0c","0c","0c","0c","0c","0c","0c","0c","0c"
"2023-02-05 20:00:00","PM10",NA,NA,NA,NA,NA,NA,NA,NA,NA,NA,NA,NA,NA,NA,NA,NA,NA,NA,NA,NA,NA,NA,NA,NA,NA,NA,NA,NA,NA,NA,NA,NA,NA,NA,NA,NA,NA,NA,NA,NA,"0c","0c","0c","0c","0c","0c","0c","0c","0c","0c","0c","0c","0c","3b","0c","0c","0c","0c","0c","3b","0c","0c","0c","3b","0c","3b","3b","0c","0c","3b","3b","0c","0c","0c","0c","0c","0c","0c","0c","0c"
"2023-02-05 21:00:00","PM2.5",NA,NA,NA,NA,NA,NA,NA,NA,NA,NA,NA,NA,NA,NA,NA,NA,NA,NA,NA,NA,NA,NA,NA,NA,NA,NA,NA,NA,NA,NA,NA,NA,NA,NA,NA,NA,NA,NA,NA,NA,"3b","0c","0c","0c","0c","0c","0c","0c","0c","0c","0c","0c","0c","3b","0c","0c","0c","0c","0c","0c","0c","0c","0c","3b","0c","0c","3b","3b","0c","3b","3b","3b","0c","0c","0c","0c","0c","0c","0c","0c"
"2023-02-05 22:00:00","PM10",NA,NA,NA,NA,NA,NA,NA,NA,NA,NA,NA,NA,NA,NA,NA,NA,NA,NA,NA,NA,NA,NA,NA,NA,NA,NA,NA,NA,NA,NA,NA,NA,NA,NA,NA,NA,NA,NA,NA,NA,"0c","0c","0c","0c","0c","0c","0c","0c","0c","0c","0c","0c","0c","3b","0c","0c","0c","0c","0c","3b","0c","0c","0c","3b","0c","0c","3b","3b","0c","0c","0c","0c","0c","0c","0c","0c","0c","0c","0c","0c"
"2023-02-05 23:00:00","PM2.5",NA,NA,NA,NA,NA,NA,NA,NA,NA,NA,NA,NA,NA,NA,NA,NA,NA,NA,NA,NA,NA,NA,NA,NA,NA,NA,NA,NA,NA,NA,NA,NA,NA,NA,NA,NA,NA,NA,NA,NA,"3b","0c","0c","0c","0c","0c","0c","0c","0c","3b","0c","0c","0c","3b","0c","0c","0c","0c","0c","0c","0c","3b","0c","0c","0c","0c","3b","3b","0c","3b","3b","3b","0c","0c","0c","0c","0c","0c","0c","0c"
"2023-02-06 00:30:00","PM10",NA,0,0,252.4172,1769.8462,315.8621,102.6331,4.7233,0,NA,2.8256,660.9424,0,0,17.8245,37.0563,0,0,3.4437,0,14.5795,NA,0,NA,0,NA,NA,NA,0,0,0,0,7.4845,0,0,0,0,0,19.0505,0,"3b","1b","1b","1b","1b","1b","1b","1b","1b","3b","1b","1b","1b","1b","1b","1b","1b","1b","1b","1b","1b","3b","1b","3b","1b","3b","3b","3b","1b","1b","1b","1b","1b","1b","1b","1b","1b","1b","1b","1b"
"2023-02-06 01:00:00","PM2.5",798.0146,0,0,178.5508,681.0521,267.0894,30.6694,1.8366,0,NA,NA,212.3308,0,0,6.2913,30.0303,0,0,6.132,0,10.7579,NA,0,0,0,NA,NA,NA,0,NA,0,NA,3.3214,0,0,0,0,0,14.2774,0,"1b","1b","1b","1b","1b","1b","1b","1b","1b","3b","3b","1b","1b","1b","1b","1b","1b","1b","1b","1b","1b","3b","1b","1b","1b","3b","3b","3b","1b","3b","1b","3b","1b","1b","1b","1b","1b","1b","1b","1b"
"2023-02-06 02:00:00","PM10",NA,0,0,318.2337,1909.6184,218.5238,82.5295,2.6724,0,NA,NA,129.0282,0,0,4.1189,15.4827,0,0,1.9028,NA,7.2644,NA,0,NA,0,13.4153,NA,NA,NA,0,0,0.0833,NA,0,0,0,0,0,9.0164,0,"3b","1b","1b","1b","1b","1b","1b","1b","1b","3b","3b","1b","1b","1b","1b","1b","1b","1b","1b","3b","1b","3b","1b","3b","1b","1b","3b","3b","3b","1b","1b","1b","3b","1b","1b","1b","1b","1b","1b","1b"
"2023-02-06 03:00:00","PM2.5",NA,NA,NA,NA,NA,NA,NA,NA,NA,NA,NA,NA,NA,NA,NA,NA,NA,NA,NA,NA,NA,NA,NA,NA,NA,NA,NA,NA,NA,NA,NA,NA,NA,NA,NA,NA,NA,NA,NA,NA,"3b","0c","0c","0c","0c","0c","0c","0c","3b","3b","0c","0c","3b","0c","0c","0c","0c","0c","0c","3b","0c","3b","0c","0c","0c","3b","3b","0c","0c","0c","0c","0c","0c","0c","0c","0c","0c","0c","0c","0c"
"2023-02-06 04:00:00","PM10",NA,NA,NA,NA,NA,NA,NA,NA,NA,NA,NA,NA,NA,NA,NA,NA,NA,NA,NA,NA,NA,NA,NA,NA,NA,NA,NA,NA,NA,NA,NA,NA,NA,NA,NA,NA,NA,NA,NA,NA,"0c","0c","0c","0c","0c","0c","0c","0c","3b","3b","3b","0c","0c","0c","0c","0c","0c","0c","0c","3b","0c","3b","0c","0c","0c","3b","3b","3b","0c","3b","0c","0c","0c","0c","0c","0c","0c","0c","0c","0c"
"2023-02-06 05:00:00","PM2.5",NA,NA,NA,NA,NA,NA,NA,NA,NA,NA,NA,NA,NA,NA,NA,NA,NA,NA,NA,NA,NA,NA,NA,NA,NA,NA,NA,NA,NA,NA,NA,NA,NA,NA,NA,NA,NA,NA,NA,NA,"0c","0c","0c","0c","0c","0c","0c","0c","3b","0c","0c","0c","0c","0c","0c","0c","0c","0c","0c","3b","0c","3b","0c","3b","0c","3b","0c","0c","0c","0c","3b","3b","0c","0c","0c","0c","0c","0c","0c","0c"
"2023-02-06 06:00:00","PM10",NA,NA,NA,NA,NA,NA,NA,NA,NA,NA,NA,NA,NA,NA,NA,NA,NA,NA,NA,NA,NA,NA,NA,NA,NA,NA,NA,NA,NA,NA,NA,NA,NA,NA,NA,NA,NA,NA,NA,NA,"0c","0c","0c","0c","0c","0c","0c","0c","0c","3b","0c","0c","0c","0c","0c","0c","0c","0c","0c","3b","0c","3b","0c","0c","0c","0c","3b","0c","0c","0c","0c","0c","3b","0c","0c","0c","0c","0c","0c","0c"
"2023-02-06 07:00:00","PM2.5",NA,NA,NA,NA,NA,NA,NA,NA,NA,NA,NA,NA,NA,NA,NA,NA,NA,NA,NA,NA,NA,NA,NA,NA,NA,NA,NA,NA,NA,NA,NA,NA,NA,NA,NA,NA,NA,NA,NA,NA,"0c","0c","0c","0c","0c","0c","0c","0c","0c","3b","0c","0c","0c","3b","0c","0c","0c","0c","0c","3b","0c","3b","0c","0c","0c","3b","3b","3b","0c","3b","3b","3b","0c","0c","0c","0c","0c","0c","0c","0c"
"2023-02-06 08:00:00","PM10",NA,NA,NA,NA,NA,NA,NA,NA,NA,NA,NA,NA,NA,NA,NA,NA,NA,NA,NA,NA,NA,NA,NA,NA,NA,NA,NA,NA,NA,NA,NA,NA,NA,NA,NA,NA,NA,NA,NA,NA,"0c","3b","0c","0c","0c","0c","0c","0c","0c","0c","0c","0c","0c","3b","0c","0c","0c","0c","0c","3b","0c","3b","0c","0c","0c","3b","3b","3b","0c","0c","0c","0c","0c","0c","0c","0c","0c","0c","0c","0c"
"2023-02-06 09:00:00","PM2.5",NA,NA,NA,NA,NA,NA,NA,NA,NA,NA,NA,NA,NA,NA,NA,NA,NA,NA,NA,NA,NA,NA,NA,NA,NA,NA,NA,NA,NA,NA,NA,NA,NA,NA,NA,NA,NA,NA,NA,NA,"3b","0c","0c","0c","0c","0c","0c","0c","3b","3b","0c","0c","0c","0c","0c","0c","0c","0c","0c","0c","0c","0c","0c","0c","0c","3b","3b","3b","0c","3b","3b","0c","0c","0c","0c","0c","0c","0c","0c","0c"
"2023-02-06 10:00:00","PM10",NA,0,0,286.5294,2116.8388,124.6114,211.272,3.4127,0,0.6538,1.1549,256.411,0,0,13.0052,11.5095,0,0,0.8526,NA,5.7711,3.2706,0,0,0,10.4908,0,0,0,NA,NA,0,NA,0,0,0,0,0,6.1909,0,"3b","1b","1b","1b","1b","1b","1b","1b","1b","1b","1b","1b","1b","1b","1b","1b","1b","1b","1b","3b","1b","1b","1b","1b","1b","1b","1b","1b","1b","3b","3b","1b","3b","1b","1b","1b","1b","1b","1b","1b"
"2023-02-06 11:00:00","PM2.5",NA,NA,NA,NA,NA,NA,NA,NA,NA,NA,NA,NA,NA,NA,NA,NA,NA,NA,NA,NA,NA,NA,NA,NA,NA,NA,NA,NA,NA,NA,NA,NA,NA,NA,NA,NA,NA,NA,NA,NA,"3b","0c","0c","0c","0c","0c","0c","0c","3b","3b","3b","0c","3b","3b","0c","0c","0c","0c","0c","3b","0c","3b","0c","0c","0c","0c","0c","3b","0c","0c","0c","0c","3b","0c","0c","0c","0c","0c","0c","0c"
"2023-02-06 12:00:00","PM10",NA,NA,NA,NA,NA,NA,NA,NA,NA,NA,NA,NA,NA,NA,NA,NA,NA,NA,NA,NA,NA,NA,NA,NA,NA,NA,NA,NA,NA,NA,NA,NA,NA,NA,NA,NA,NA,NA,NA,NA,"0c","3b","0c","0c","0c","0c","0c","0c","3b","3b","0c","0c","0c","0c","0c","0c","0c","0c","0c","3b","0c","0c","0c","0c","0c","0c","0c","3b","0c","0c","3b","0c","0c","0c","0c","0c","0c","0c","0c","0c"
"2023-02-06 13:00:00","PM2.5",NA,NA,NA,NA,NA,NA,NA,NA,NA,NA,NA,NA,NA,NA,NA,NA,NA,NA,NA,NA,NA,NA,NA,NA,NA,NA,NA,NA,NA,NA,NA,NA,NA,NA,NA,NA,NA,NA,NA,NA,"0c","0c","0c","0c","0c","0c","0c","0c","0c","0c","3b","0c","3b","3b","0c","0c","0c","0c","0c","0c","0c","3b","0c","0c","0c","0c","0c","3b","0c","0c","0c","3b","3b","0c","0c","0c","0c","0c","0c","0c"
"2023-02-06 14:00:00","PM10",NA,NA,0,333.7364,2980.729,171.0572,415.0753,8.1846,0,0.6937,2.3447,265.2413,NA,NA,6.4578,16.6832,0,0,2.3925,NA,7.8584,2.4272,0,0,0,27.149,0,0,0,NA,NA,NA,3.1043,0,0,0,0,0,4.0652,0,"3b","3b","1b","1b","1b","1b","1b","1b","1b","1b","1b","1b","3b","3b","1b","1b","1b","1b","1b","3b","1b","1b","1b","1b","1b","1b","1b","1b","1b","3b","3b","3b","1b","1b","1b","1b","1b","1b","1b","1b"
"2023-02-06 15:00:00","PM2.5",0,0,0,227.5449,860.7764,124.7446,152.1839,3.8702,0,NA,NA,116.1583,NA,NA,3.9571,13.6194,0,0,2.9409,NA,7.1414,NA,0,NA,0,15.0706,0,0.0481,0,0,NA,NA,NA,0,0,0,0,0,3.6697,0,"1b","1b","1b","1b","1b","1b","1b","1b","1b","3b","3b","1b","3b","3b","1b","1b","1b","1b","1b","3b","1b","3b","1b","3b","1b","1b","1b","1b","1b","1b","3b","3b","3b","1b","1b","1b","1b","1b","1b","1b"
"2023-02-06 16:00:00","PM10",NA,NA,0,321.1498,2584.9366,183.453,483.6926,11.4699,0,1.1944,3.4471,476.9623,0,NA,20.8887,26.6536,0,0,2.8686,NA,10.2707,2.7994,0,NA,0,10.6816,NA,NA,0,NA,0,NA,11.423,0,0,0,0,0,4.1567,0,"3b","3b","1b","1b","1b","1b","1b","1b","1b","1b","1b","1b","1b","3b","1b","1b","1b","1b","1b","3b","1b","1b","1b","3b","1b","1b","3b","3b","1b","3b","1b","3b","1b","1b","1b","1b","1b","1b","1b","1b"
"2023-02-06 17:00:00","PM2.5",NA,0,0,250.2344,662.5171,119.0846,122.5475,5.8402,0,NA,2.1457,370.7947,NA,0,32.3873,22.9624,0,0,2.0575,NA,8.7213,1.8969,0,0,0,21.3505,NA,0,0,0.1283,NA,0,15.5684,0,0,0,0,0,3.2982,0,"3b","1b","1b","1b","1b","1b","1b","1b","1b","3b","1b","1b","3b","1b","1b","1b","1b","1b","1b","3b","1b","1b","1b","1b","1b","1b","3b","1b","1b","1b","3b","1b","1b","1b","1b","1b","1b","1b","1b","1b"
"2023-02-06 18:00:00","PM10",NA,NA,0,348.0123,2019.4281,200.0633,344.0588,16.5264,0,2.759,6.9426,1076.394,NA,NA,45.8882,37.3804,0,0,2.6308,NA,13.0527,4.2157,0,NA,0,12.1535,NA,0,0,NA,NA,NA,21.1413,0,0,0,0,0,3.6018,0,"3b","3b","1b","1b","1b","1b","1b","1b","1b","1b","1b","1b","3b","3b","1b","1b","1b","1b","1b","3b","1b","1b","1b","3b","1b","1b","3b","1b","1b","3b","3b","3b","1b","1b","1b","1b","1b","1b","1b","1b"
"2023-02-06 19:00:00","PM2.5",NA,NA,NA,NA,NA,NA,NA,NA,NA,NA,NA,NA,NA,NA,NA,NA,NA,NA,NA,NA,NA,NA,NA,NA,NA,NA,NA,NA,NA,NA,NA,NA,NA,NA,NA,NA,NA,NA,NA,NA,"3b","0c","0c","0c","0c","0c","0c","0c","0c","0c","0c","0c","0c","3b","0c","0c","0c","0c","0c","3b","0c","0c","0c","0c","0c","0c","0c","3b","0c","3b","3b","0c","0c","0c","0c","0c","0c","0c","0c","0c"
"2023-02-06 20:00:00","PM10",NA,NA,NA,NA,NA,NA,NA,NA,NA,NA,NA,NA,NA,NA,NA,NA,NA,NA,NA,NA,NA,NA,NA,NA,NA,NA,NA,NA,NA,NA,NA,NA,NA,NA,NA,NA,NA,NA,NA,NA,"0c","3b","0c","0c","0c","0c","0c","0c","0c","0c","0c","0c","0c","0c","0c","0c","0c","0c","0c","3b","0c","0c","0c","0c","3b","0c","0c","0c","0c","3b","3b","3b","0c","0c","0c","0c","0c","0c","0c","0c"
"2023-02-06 21:00:00","PM2.5",NA,NA,NA,NA,NA,NA,NA,NA,NA,NA,NA,NA,NA,NA,NA,NA,NA,NA,NA,NA,NA,NA,NA,NA,NA,NA,NA,NA,NA,NA,NA,NA,NA,NA,NA,NA,NA,NA,NA,NA,"0c","0c","0c","0c","0c","0c","0c","0c","0c","3b","0c","0c","0c","3b","0c","0c","0c","0c","0c","3b","0c","0c","0c","3b","0c","0c","3b","0c","0c","3b","3b","3b","0c","0c","0c","0c","0c","0c","0c","0c"
"2023-02-06 22:00:00","PM10",NA,NA,NA,NA,NA,NA,NA,NA,NA,NA,NA,NA,NA,NA,NA,NA,NA,NA,NA,NA,NA,NA,NA,NA,NA,NA,NA,NA,NA,NA,NA,NA,NA,NA,NA,NA,NA,NA,NA,NA,"0c","3b","0c","0c","0c","0c","0c","0c","0c","0c","0c","0c","0c","0c","0c","0c","0c","0c","0c","3b","0c","0c","0c","0c","0c","0c","3b","3b","0c","0c","3b","3b","0c","0c","0c","0c","0c","0c","0c","0c"
"2023-02-06 23:00:00","PM2.5",NA,NA,NA,NA,NA,NA,NA,NA,NA,NA,NA,NA,NA,NA,NA,NA,NA,NA,NA,NA,NA,NA,NA,NA,NA,NA,NA,NA,NA,NA,NA,NA,NA,NA,NA,NA,NA,NA,NA,NA,"3b","0c","0c","0c","0c","0c","0c","0c","0c","0c","0c","0c","0c","3b","0c","0c","0c","0c","0c","3b","0c","3b","0c","3b","0c","0c","3b","0c","3b","0c","3b","3b","0c","0c","0c","0c","0c","0c","0c","0c"
"2023-02-07 00:30:00","PM10",1330.3377,0,0,323.9756,1431.0451,331.604,529.1865,5.5416,0,NA,NA,376.2323,0,NA,12.0977,40.9816,0,0,4.8567,0,12.345,NA,0,0,0,NA,NA,NA,0,0,0.256,NA,6.1876,0,0,0,0,0,10.134,0,"1b","1b","1b","1b","1b","1b","1b","1b","1b","3b","E: Conc. Uncertainty","1b","1b","3b","1b","1b","1b","1b","1b","1b","1b","3b","1b","1b","1b","3b","3b","3b","1b","1b","1b","3b","1b","1b","1b","1b","1b","1b","1b","1b"
"2023-02-07 01:00:00","PM2.5",646.8042,0,0,243.3128,358.915,218.814,67.0062,2.4284,NA,NA,0.7512,142.8891,0,NA,4.0563,29.5731,0,0,3.097,0,8.5678,NA,0,0,0,15.7172,NA,NA,0,0,NA,NA,NA,0,0,0,0,0,10.9865,0,"1b","1b","1b","1b","1b","1b","1b","1b","3b","3b","1b","1b","1b","3b","1b","1b","1b","1b","1b","1b","1b","3b","1b","1b","1b","1b","3b","3b","1b","1b","3b","3b","3b","1b","1b","1b","1b","1b","1b","1b"
"2023-02-07 02:00:00","PM10",NA,NA,0,299.9221,933.1528,251.1465,214.777,5.0519,NA,NA,1.2165,190.625,0,NA,5.3144,29.8259,0,0,2.0796,NA,9.516,1.473,0,NA,0,10.7964,0,0,0,NA,NA,NA,NA,0,0,0,0,0,13.9936,0,"3b","3b","1b","1b","1b","1b","1b","1b","3b","3b","1b","1b","1b","3b","1b","1b","1b","1b","1b","3b","1b","1b","1b","3b","1b","1b","1b","1b","1b","3b","3b","3b","3b","1b","1b","1b","1b","1b","1b","1b"
"2023-02-07 03:00:00","PM2.5",0,0,0,261.5003,1887.2599,282.0657,32.2392,3.1227,2.3023,1.2587,NA,98.3907,NA,0.6609,4.8073,44.9719,0,0,4.6409,NA,15.2136,NA,0,0,0,10.5389,NA,0,0,NA,NA,NA,NA,0,0,0,0,0,18.7634,0,"1b","1b","1b","1b","1b","1b","1b","1b","1b","1b","3b","1b","3b","1b","1b","1b","1b","1b","1b","3b","1b","3b","1b","1b","1b","1b","3b","1b","1b","3b","3b","3b","3b","1b","1b","1b","1b","1b","1b","1b"
"2023-02-07 04:00:00","PM10",NA,0,0,317.5455,1866.1488,259.4615,157.9623,5.1192,5.9538,1.8853,1.3436,189.7309,0,NA,7.3451,37.7208,0,0,3.8397,NA,17.9364,NA,0,0,10.4417,NA,NA,NA,0,0,0,NA,NA,0,0,0,0,0,18.228,0,"3b","1b","1b","1b","1b","1b","1b","1b","1b","1b","1b","1b","1b","3b","1b","1b","1b","1b","1b","3b","1b","3b","1b","1b","1b","3b","3b","3b","1b","1b","1b","3b","3b","1b","1b","1b","1b","1b","1b","1b"
"2023-02-07 05:00:00","PM2.5",NA,0,0,248.095,684.7735,186.5557,23.907,1.5293,9.1561,NA,1.4792,103.2939,0,NA,7.073,30.0357,0,0,4.7538,0,11.0948,NA,0,0,11.9646,12.8165,0,NA,0,NA,NA,NA,NA,0,0,0,0,0,12.373,0,"3b","1b","1b","1b","1b","1b","1b","1b","1b","3b","1b","1b","1b","3b","1b","1b","1b","1b","1b","1b","1b","3b","1b","1b","1b","1b","1b","3b","1b","3b","3b","3b","3b","1b","1b","1b","1b","1b","1b","1b"
"2023-02-07 06:00:00","PM10",NA,0,0,308.8894,880.6213,203.4748,105.5481,4.2044,5.2448,1.5262,3.2634,409.5495,0,7e-04,26.2945,32.6297,0,0,4.8505,0.0019,12.5643,NA,0,0,6.8037,11.6947,NA,0.0763,0,0,NA,NA,4.5592,0,0,0,0,0,11.848,0,"3b","1b","1b","1b","1b","1b","1b","1b","1b","1b","1b","1b","1b","1b","1b","1b","1b","1b","1b","1b","1b","3b","1b","1b","1b","1b","3b","1b","1b","1b","3b","3b","1b","1b","1b","1b","1b","1b","1b","1b"
"2023-02-07 07:00:00","PM2.5",1451.9502,0,0,259.841,272.9746,183.3841,33.0651,4.1302,3.4644,0.8895,3.4875,617.3058,0,0,79.7427,31.5202,0,0,4.6242,NA,10.8547,NA,0,0,4.3365,NA,NA,NA,0,0,0,0,15.4498,0,0,0,0,0,9.5449,0,"1b","1b","1b","1b","1b","1b","1b","1b","1b","1b","1b","1b","1b","1b","1b","1b","1b","1b","1b","3b","1b","3b","1b","1b","1b","3b","3b","3b","1b","1b","1b","1b","1b","1b","1b","1b","1b","1b","1b","1b"
"2023-02-07 08:00:00","PM10",739.2039,NA,0,341.1957,695.8012,200.3349,539.1196,9.7021,2.4333,3.2668,11.61,1715.1969,0,NA,114.1249,47.3064,0,0,4.348,NA,11.1761,2.7687,0,3.0606,3.5743,NA,0,0,0,NA,NA,NA,39.7491,0,0,0,0,0,8.5915,0,"1b","3b","1b","1b","1b","1b","1b","1b","1b","1b","1b","1b","1b","3b","1b","1b","1b","1b","1b","3b","1b","1b","1b","1b","1b","3b","1b","1b","1b","3b","3b","3b","1b","1b","1b","1b","1b","1b","1b","1b"
"2023-02-07 09:00:00","PM2.5",1195.1842,0,0,310.8672,195.8405,168.6235,114.1736,6.2296,1.8625,2.0615,5.7641,919.6561,0,NA,55.9019,35.211,0,0,3.6884,0,7.8858,NA,0,NA,NA,10.105,NA,NA,0,NA,NA,NA,20.5383,0,0,0,0,0,9.8872,0,"1b","1b","1b","1b","1b","1b","1b","1b","1b","1b","1b","1b","1b","3b","1b","1b","1b","1b","1b","1b","1b","3b","1b","3b","3b","1b","3b","3b","1b","3b","3b","3b","1b","1b","1b","1b","1b","1b","1b","1b"
"2023-02-07 10:00:00","PM10",NA,NA,0,350.2836,2034.4132,142.1256,202.3006,5.3855,1.8386,1.1722,1.7408,308.917,0,NA,10.5782,12.2831,0,0,1.6275,NA,7.947,1.9927,0,0,0,21.8844,NA,NA,NA,NA,NA,NA,3.4539,0,0,0,0,0,4.0265,0,"3b","3b","1b","1b","1b","1b","1b","1b","1b","1b","1b","1b","1b","3b","1b","1b","1b","1b","1b","3b","1b","1b","1b","1b","1b","1b","3b","3b","3b","3b","3b","3b","1b","1b","1b","1b","1b","1b","1b","1b"
"2023-02-07 11:00:00","PM2.5",870.511,0,0,230.2554,1126.8304,79.3866,71.8182,1.1823,4.4566,NA,NA,96.0399,0,NA,4.9574,20.9563,0,0,2.1672,NA,7.5571,NA,0,0,NA,17.6565,NA,NA,0,NA,0.1314,NA,0,0,0,0,0,0,1.6754,0,"1b","1b","1b","1b","1b","1b","1b","1b","1b","3b","3b","1b","1b","3b","1b","1b","1b","1b","1b","3b","1b","3b","1b","1b","3b","1b","3b","3b","1b","3b","1b","3b","1b","1b","1b","1b","1b","1b","1b","1b"
"2023-02-07 12:00:00","PM10",NA,NA,0,348.7017,3534.8479,149.447,270.7268,6.7727,1.7058,0.9667,2.8442,245.1416,0,NA,10.0394,25.34,0,0,3.3362,NA,7.9378,3.1066,0,0,0,12.9217,0,0,0,NA,NA,0,3.1096,0,0,0,0,0,3.0004,0,"3b","3b","1b","1b","1b","1b","1b","1b","1b","1b","1b","1b","1b","3b","1b","1b","1b","1b","1b","3b","1b","1b","1b","1b","1b","1b","1b","1b","1b","3b","3b","1b","1b","1b","1b","1b","1b","1b","1b","1b"
"2023-02-07 13:00:00","PM2.5",NA,0,0,213.1567,1725.7963,74.5603,91.233,1.6876,2.3478,0,NA,91.4596,0,NA,3.1954,7.5688,0,0,0.4465,0,7.9985,1.5761,0,NA,0,13.4006,NA,0,0,0,0,0,0,0,0,0,0,0,2.5241,0,"3b","1b","1b","1b","1b","1b","1b","1b","1b","1b","3b","1b","1b","3b","1b","1b","1b","1b","1b","1b","1b","1b","1b","3b","1b","1b","3b","1b","1b","1b","1b","1b","1b","1b","1b","1b","1b","1b","1b","1b"
"2023-02-07 14:00:00","PM10",NA,NA,0,331.3442,4231.2207,149.1818,430.2367,10.1563,1.9155,0.6391,1.8989,235.5928,0,0.5957,5.7283,11.7413,0,0,2.8171,NA,8.7034,4.3277,0,0,0,12.3333,0,NA,NA,NA,0,0,NA,0,0,0,0,0,NA,0,"3b","3b","1b","1b","1b","1b","1b","1b","1b","1b","1b","1b","1b","1b","1b","1b","1b","1b","1b","3b","1b","1b","1b","1b","1b","1b","1b","3b","3b","3b","1b","1b","3b","1b","1b","1b","1b","1b","3b","1b"
"2023-02-07 15:00:00","PM2.5",NA,0,0,243.5029,1423.3323,106.7412,111.969,2.3385,0.8955,NA,2.8028,153.9608,0,NA,5.5039,42.5808,0,0,2.2687,NA,10.2263,NA,0,0,0,12.4989,0,NA,0,0,NA,NA,NA,0,0,0,NA,0,10.4672,0,"3b","1b","1b","1b","1b","1b","1b","1b","1b","3b","1b","1b","1b","3b","1b","1b","1b","1b","1b","3b","1b","3b","1b","1b","1b","1b","1b","3b","1b","1b","3b","3b","3b","1b","1b","1b","3b","1b","1b","1b"
"2023-02-07 16:00:00","PM10",NA,NA,0,354.3365,3518.0592,167.8827,340.9928,13.2375,NA,1.1143,5.1855,544.4197,NA,NA,25.2882,48.8145,0,0,1.843,0,12.3766,2.1886,0,0,0,15.3749,NA,NA,0,NA,0,NA,10.2194,0,0,0,0,0,8.0652,0,"3b","3b","1b","1b","1b","1b","1b","1b","3b","1b","1b","1b","3b","3b","1b","1b","1b","1b","1b","1b","1b","1b","1b","1b","1b","1b","3b","3b","1b","3b","1b","3b","1b","1b","1b","1b","1b","1b","1b","1b"
"2023-02-07 17:00:00","PM2.5",NA,NA,0,226.039,903.0357,93.3407,180.4938,3.6489,NA,NA,1.7709,358.9039,0,NA,21.2123,17.1435,0,0,1.6717,NA,9.0866,NA,0,0,0,19.9569,0,NA,0,0,NA,NA,8.3594,0,0,0,0,0,7.9694,0,"3b","3b","1b","1b","1b","1b","1b","1b","3b","3b","1b","1b","1b","3b","1b","1b","1b","1b","1b","3b","1b","3b","1b","1b","1b","1b","1b","3b","1b","1b","3b","3b","1b","1b","1b","1b","1b","1b","1b","1b"
"2023-02-07 18:00:00","PM10",NA,NA,0,401.4805,2679.9189,179.0929,310.4661,11.0483,NA,2.9743,9.4574,1416.9914,0,NA,67.9716,26.1203,0,0,2.5213,NA,12.5348,3.6392,0,NA,NA,20.9059,0,NA,0,0,NA,NA,39.569,0,0,0,0,0,4.5928,0,"3b","3b","1b","1b","1b","1b","1b","1b","3b","1b","1b","1b","1b","3b","1b","1b","1b","1b","1b","3b","1b","1b","1b","3b","3b","1b","1b","3b","1b","1b","3b","3b","1b","1b","1b","1b","1b","1b","1b","1b"
"2023-02-07 19:00:00","PM2.5",NA,0.9456,0,320.5548,707.0922,226.9869,71.2237,4.9133,0,0.8081,5.313,810.4757,0,NA,48.3444,30.5998,0,0,1.9316,NA,10.8782,NA,0,NA,0,20.8606,0,NA,0,0,0,NA,23.0909,0,0,0,0,0,6.4748,0,"3b","1b","1b","1b","1b","1b","1b","1b","1b","1b","1b","1b","1b","3b","1b","1b","1b","1b","1b","3b","1b","3b","1b","3b","1b","1b","1b","3b","1b","1b","1b","3b","1b","1b","1b","1b","1b","1b","1b","1b"
"2023-02-07 20:00:00","PM10",991.188,NA,0,469.583,1746.038,307.8528,162.9467,6.8702,0,2.9779,7.5329,1128.44,0,0.5877,54.0195,38.1487,0,0,3.3717,NA,12.4674,NA,0,NA,0,0,0,0,0,NA,NA,NA,29.4345,0,0,0,0,0,10.2732,0,"1b","3b","1b","1b","1b","1b","1b","1b","1b","1b","1b","1b","1b","1b","1b","1b","1b","1b","1b","3b","1b","3b","1b","3b","1b","1b","1b","1b","1b","3b","3b","3b","1b","1b","1b","1b","1b","1b","1b","1b"
"2023-02-07 21:00:00","PM2.5",1559.8718,0,NA,377.8827,955.3843,291.3411,64.6978,9.0332,0,1.0643,5.9056,882.43,0,NA,73.6545,56.8299,0,0,4.9112,0,295.7378,NA,0,NA,0,9.1604,NA,NA,0,NA,NA,NA,43.7982,0,0,0,0,0,9.6041,0,"1b","1b","3b","1b","1b","1b","1b","1b","1b","1b","1b","1b","1b","3b","1b","1b","1b","1b","1b","1b","1b","3b","1b","3b","1b","1b","3b","3b","1b","3b","3b","3b","1b","1b","1b","1b","1b","1b","1b","1b"
"2023-02-07 22:00:00","PM10",2376.8954,NA,NA,441.8346,1370.716,342.291,166.6889,9.3827,0,2.5882,11.8781,1776.8589,0,NA,109.0939,50.1476,0,0,4.6536,0,533.6489,3.8109,0,2.5259,0,13.8918,0,0,0,NA,NA,NA,57.0771,0,0,0,0,0,9.9047,0,"1b","3b","3b","1b","1b","1b","1b","1b","1b","1b","1b","1b","1b","3b","1b","1b","1b","1b","1b","1b","1b","1b","1b","1b","1b","1b","1b","1b","1b","3b","3b","3b","1b","1b","1b","1b","1b","1b","1b","1b"
"2023-02-07 23:00:00","PM2.5",NA,0,0,386.3921,411.2506,362.7232,58.9384,4.0385,0,1.1467,6.9597,999.9799,0,0.8384,68.132,45.6803,0,0,2.5567,0,42.3772,NA,0,NA,0,NA,NA,NA,0,NA,NA,NA,32.7877,0,0,0,0,0,12.6199,0,"3b","1b","1b","1b","1b","1b","1b","1b","1b","1b","1b","1b","1b","1b","1b","1b","1b","1b","1b","1b","1b","3b","1b","3b","1b","3b","3b","3b","1b","3b","3b","3b","1b","1b","1b","1b","1b","1b","1b","1b"
"2023-02-08 00:30:00","PM10",1472.9057,0,0,458.9876,1492.7316,364.8839,249.9553,5.0324,0,3.1067,6.4877,1091.5781,0,NA,29.262,45.9707,0,0,3.6081,0,31.5118,3.6318,0,NA,0,NA,NA,0,0,NA,NA,0,25.1474,0,0,0,0,0,14.1656,0,"1b","1b","1b","1b","1b","1b","1b","1b","1b","1b","1b","1b","1b","3b","1b","1b","1b","1b","1b","1b","1b","1b","1b","3b","1b","3b","3b","1b","1b","3b","3b","1b","1b","1b","1b","1b","1b","1b","1b","1b"
"2023-02-08 01:00:00","PM2.5",614.1704,0,0,430.6945,310.1065,332.2287,45.8888,2.4539,NA,0.7201,2.86,284.9561,0,NA,7.5455,35.3004,0,0,3.9974,0,20.6351,NA,0,0,0,NA,0,NA,0,NA,NA,NA,4.7328,0,0,0,0,0,14.161,0,"1b","1b","1b","1b","1b","1b","1b","1b","3b","1b","1b","1b","1b","3b","1b","1b","1b","1b","1b","1b","1b","3b","1b","1b","1b","3b","1b","3b","1b","3b","3b","3b","1b","1b","1b","1b","1b","1b","1b","1b"
"2023-02-08 02:00:00","PM10",NA,0,0,487.9006,397.7529,350.7971,201.5781,6.3726,NA,0.6612,3.3174,287.9236,0,NA,7.7699,42.449,0,0,4.6087,NA,16.3654,NA,0,0,0,21.063,0,0,0,0,NA,NA,2.9593,0,0,0,0,0,17.6824,0,"3b","1b","1b","1b","1b","1b","1b","1b","3b","1b","1b","1b","1b","3b","1b","1b","1b","1b","1b","3b","1b","3b","1b","1b","1b","1b","1b","1b","1b","1b","3b","3b","1b","1b","1b","1b","1b","1b","1b","1b"
"2023-02-08 03:00:00","PM2.5",0,0,0,384.0544,64.3253,283.7136,30.103,1.6386,NA,NA,1.1698,103.2123,NA,0,3.3716,38.5636,0,0,3.2803,0,11.0933,0,0,0,0,NA,NA,0,0,0,NA,0,0,0,0,0,0,0,16.7054,0,"1b","1b","1b","1b","1b","1b","1b","1b","3b","3b","1b","1b","3b","1b","1b","1b","1b","1b","1b","1b","1b","1b","1b","1b","1b","3b","3b","1b","1b","1b","3b","1b","1b","1b","1b","1b","1b","1b","1b","1b"
"2023-02-08 04:00:00","PM10",731.1427,0,0,445.0877,258.7243,313.9696,165.2614,3.1275,NA,NA,1.4584,201.9276,0,NA,5.6008,41.4714,0,0,4.8694,NA,11.9896,NA,0,0,0,16.4568,NA,NA,0,0,NA,NA,NA,0,0,0,0,0,14.8979,0,"1b","1b","1b","1b","1b","1b","1b","1b","3b","3b","1b","1b","1b","3b","1b","1b","1b","1b","1b","3b","1b","3b","1b","1b","1b","1b","3b","3b","1b","1b","3b","3b","3b","1b","1b","1b","1b","1b","1b","1b"
"2023-02-08 05:00:00","PM2.5",NA,0,0,481.037,62.9394,332.5196,58.2247,2.9535,1.2561,NA,NA,97.4626,0,NA,3.06,42.7154,0,0,5.0031,0,10.8923,NA,0,0,0,10.5148,NA,0,0,NA,NA,0,NA,0,0,0,0,0,13.623,0,"3b","1b","1b","1b","1b","1b","1b","1b","1b","3b","3b","1b","1b","3b","1b","1b","1b","1b","1b","1b","1b","3b","1b","1b","1b","1b","3b","1b","1b","3b","3b","1b","3b","1b","1b","1b","1b","1b","1b","1b"
"2023-02-08 06:00:00","PM10",NA,0,0,681.854,361.191,373.06,244.8446,6.7945,1.7818,NA,1.8041,208.9144,0,NA,9.982,41.7001,0,0,4.53,NA,10.944,NA,0,0,0,NA,NA,NA,0,0,0,NA,3.7157,0,0,0,0,0,9.0577,0,"3b","1b","1b","1b","1b","1b","1b","1b","1b","3b","1b","1b","1b","3b","1b","1b","1b","1b","1b","3b","1b","3b","1b","1b","1b","3b","3b","3b","1b","1b","1b","3b","1b","1b","1b","1b","1b","1b","1b","1b"
"2023-02-08 07:00:00","PM2.5",982.5581,0,0,704.3777,13.6703,424.9097,39.2233,7.6547,2.0377,NA,1.2422,175.7324,NA,NA,17.5801,39.4118,0,0,3.2323,NA,10.6929,NA,0,0,0,NA,0,0,0,NA,0,0,NA,0,0,0,0,0,9.5803,0,"1b","1b","1b","1b","1b","1b","1b","1b","1b","3b","1b","1b","3b","3b","1b","1b","1b","1b","1b","3b","1b","3b","1b","1b","1b","3b","1b","1b","1b","3b","1b","1b","3b","1b","1b","1b","1b","1b","1b","1b"
"2023-02-08 08:00:00","PM10",NA,NA,0,813.2916,199.9676,263.6789,259.3118,9.8449,1.4065,1.5592,3.1923,538.0607,0,0.6036,20.8226,37.1869,0,0,3.0852,NA,11.3258,1.7691,0,NA,0,0,NA,NA,0,NA,0,NA,8.1318,0,0,0,0,0,6.4732,0,"3b","3b","1b","1b","1b","1b","1b","1b","1b","1b","1b","1b","1b","1b","1b","1b","1b","1b","1b","3b","1b","1b","1b","3b","1b","1b","3b","3b","1b","3b","1b","3b","1b","1b","1b","1b","1b","1b","1b","1b"
"2023-02-08 09:00:00","PM2.5",NA,0,0,733.9517,21.1411,210.8635,62.8564,5.69,1.0869,NA,1.3922,199.8158,0,0.8027,7.354,29.0911,0,0,2.6335,NA,7.8891,NA,0,0,0,NA,0,NA,0,0,NA,NA,0.0086,0,0,0,0,0,7.6093,0,"3b","1b","1b","1b","1b","1b","1b","1b","1b","3b","1b","1b","1b","1b","1b","1b","1b","1b","1b","3b","1b","3b","1b","1b","1b","3b","1b","3b","1b","1b","3b","3b","1b","1b","1b","1b","1b","1b","1b","1b"
"2023-02-08 10:00:00","PM10",3.138,NA,0,712.0884,364.535,211.8039,287.5584,8.0367,1.0554,2.5597,2.3681,248.7771,0,NA,8.8098,30.1292,0,0,2.9927,0.447,7.2316,NA,0,0,0,14.5939,NA,NA,0,0,NA,NA,NA,0,0,0,NA,0,8.5259,0,"1b","3b","1b","1b","1b","1b","1b","1b","1b","1b","1b","1b","1b","3b","1b","1b","1b","1b","1b","1b","1b","3b","1b","1b","1b","1b","3b","3b","1b","1b","3b","3b","3b","1b","1b","1b","3b","1b","1b","1b"
"2023-02-08 11:00:00","PM2.5",0,0,0,447.5733,229.9013,115.9643,136.2726,2.1549,NA,NA,NA,84.881,0,NA,4.0588,38.1005,0,0,0,NA,6.1276,NA,0,0,0,19.1551,0,NA,0,NA,NA,NA,0,0,0,0,0.0017,0,7.5251,0,"1b","1b","1b","1b","1b","1b","1b","1b","3b","3b","3b","1b","1b","3b","1b","1b","1b","1b","1b","3b","1b","3b","1b","1b","1b","1b","1b","3b","1b","3b","3b","3b","1b","1b","1b","1b","1b","1b","1b","1b"
"2023-02-08 12:00:00","PM10",0,NA,0,454.0002,914.1262,164.3087,256.2355,5.3631,NA,NA,1.863,221.9708,0,0.695,7.6336,80.3632,0,0,2.9456,NA,6.4343,NA,0,0,0,NA,0,0,0,0,0,NA,0,0,0,0,0,0,10.1262,0,"1b","3b","1b","1b","1b","1b","1b","1b","3b","3b","1b","1b","1b","1b","1b","1b","1b","1b","1b","3b","1b","3b","1b","1b","1b","3b","1b","1b","1b","1b","1b","3b","1b","1b","1b","1b","1b","1b","1b","1b"
"2023-02-08 13:00:00","PM2.5",0,0,0,333.1176,333.0066,133.419,141.4973,2.5946,0.8502,NA,0.8516,126.0008,0,NA,6.7393,77.3659,0,0,2.0527,NA,4.8033,NA,0,0,0,19.3463,NA,NA,0,0,0,NA,NA,0,0,0,0,0,4.0143,0,"1b","1b","1b","1b","1b","1b","1b","1b","1b","3b","1b","1b","1b","3b","1b","1b","1b","1b","1b","3b","1b","3b","1b","1b","1b","1b","3b","3b","1b","1b","1b","3b","3b","1b","1b","1b","1b","1b","1b","1b"
"2023-02-08 14:00:00","PM10",NA,NA,0,233.7662,1323.3542,84.4306,280.6573,3.6843,NA,NA,1.0205,133.0452,0,NA,3.2517,13.6421,0,0,0.9042,NA,4.7094,NA,0,0,0,12.8864,0,0,0,0,0,NA,3.0045,0,0,0,0,0,3.2821,0,"3b","3b","1b","1b","1b","1b","1b","1b","3b","3b","1b","1b","1b","3b","1b","1b","1b","1b","1b","3b","1b","3b","1b","1b","1b","1b","1b","1b","1b","1b","1b","3b","1b","1b","1b","1b","1b","1b","1b","1b"
"2023-02-08 15:00:00","PM2.5",NA,0,0,222.5329,306.5672,73.9414,83.5862,1.1788,0,NA,NA,73.6072,0,0,2.2497,14.7494,0,0,1.2537,NA,4.2887,NA,0,0,0,15.5857,NA,0,0,0,0,NA,NA,0,0,0,0,0,7.1783,0,"3b","1b","1b","1b","1b","1b","1b","1b","1b","3b","3b","1b","1b","1b","1b","1b","1b","1b","1b","3b","1b","3b","1b","1b","1b","1b","3b","1b","1b","1b","1b","3b","3b","1b","1b","1b","1b","1b","1b","1b"
"2023-02-08 16:00:00","PM10",0,NA,0,337.7878,1163.203,150.2943,397.4955,8.2955,NA,1.0611,2.5298,259.4158,NA,NA,5.9425,37.3103,0,0,1.6769,NA,4.9343,NA,0,0,0,16.0772,NA,NA,0,0,0,NA,NA,0,0,0,0,0,13.9787,0,"1b","3b","1b","1b","1b","1b","1b","1b","3b","1b","1b","1b","3b","3b","1b","1b","1b","1b","1b","3b","1b","3b","1b","1b","1b","1b","3b","3b","1b","1b","1b","3b","3b","1b","1b","1b","1b","1b","1b","1b"
"2023-02-08 17:00:00","PM2.5",NA,0,0,352.8068,289.2714,161.7425,89.8512,1.3367,0.967,NA,0.7497,115.6892,0,NA,3.8798,53.8768,0,0,1.7302,NA,4.8565,NA,0,0,0,9.5558,0,NA,0,NA,NA,NA,NA,0,0,0,0,0,9.165,0,"3b","1b","1b","1b","1b","1b","1b","1b","1b","3b","1b","1b","1b","3b","1b","1b","1b","1b","1b","3b","1b","3b","1b","1b","1b","1b","1b","3b","1b","3b","3b","3b","3b","1b","1b","1b","1b","1b","1b","1b"
"2023-02-08 18:00:00","PM10",NA,NA,0,385.4645,640.2747,195.8728,387.837,5.2767,NA,NA,3.7343,350.2671,0,NA,11.1787,30.5827,0,0,2.1397,NA,5.4389,NA,0,0,0,NA,NA,0,0,0,0,0,5.1316,0,0,0,0,0,7.6429,0,"3b","3b","1b","1b","1b","1b","1b","1b","3b","3b","1b","1b","1b","3b","1b","1b","1b","1b","1b","3b","1b","3b","1b","1b","1b","3b","3b","1b","1b","1b","1b","1b","1b","1b","1b","1b","1b","1b","1b","1b"
"2023-02-08 19:00:00","PM2.5",826.8461,0,0,356.4592,223.5677,147.0311,57.9395,NA,NA,NA,1.066,139.7385,0,NA,5.0269,22.2766,0,0,1.5813,NA,5.6294,NA,0,0,0,14.6791,NA,NA,0,0,0.0388,NA,NA,0,0,0,0,0,6.9951,0,"1b","1b","1b","1b","1b","1b","1b","3b","3b","3b","1b","1b","1b","3b","1b","1b","1b","1b","1b","3b","1b","3b","1b","1b","1b","1b","3b","3b","1b","1b","1b","3b","3b","1b","1b","1b","1b","1b","1b","1b"
"2023-02-08 20:00:00","PM10",NA,NA,0,463.7344,602.0317,182.1717,185.1063,3.5028,NA,0.6405,3.0262,277.7119,0,NA,12.1965,30.207,0,0,2.0294,NA,10.5204,NA,0,0,0,NA,NA,NA,0,NA,NA,NA,4.7602,0,0,0,0,0,6.9224,0,"3b","3b","1b","1b","1b","1b","1b","1b","3b","1b","1b","1b","1b","3b","1b","1b","1b","1b","1b","3b","1b","3b","1b","1b","1b","3b","3b","3b","1b","3b","3b","3b","1b","1b","1b","1b","1b","1b","1b","1b"
"2023-02-08 21:00:00","PM2.5",841.6457,0,0,412.8021,193.8827,144.8382,36.7946,NA,0.8888,NA,1.205,87.2371,0,NA,5.0473,23.7436,0,0,1.2,0,6.3248,NA,0,0,0,NA,NA,NA,0,0,NA,NA,NA,0,0,0,0,0,5.9391,0,"1b","1b","1b","1b","1b","1b","1b","3b","1b","3b","1b","1b","1b","3b","1b","1b","1b","1b","1b","1b","1b","3b","1b","1b","1b","3b","3b","3b","1b","1b","3b","3b","3b","1b","1b","1b","1b","1b","1b","1b"
"2023-02-08 22:00:00","PM10",0,NA,0,534.1677,611.1814,171.4018,149.8556,3.2718,NA,NA,2.2108,224.5635,0,NA,9.9618,29.4159,0,0,0.6946,0,6.52,NA,0,NA,0,10.0203,NA,NA,0,NA,NA,NA,NA,0,0,0,0,0,7.8089,0,"1b","3b","1b","1b","1b","1b","1b","1b","3b","3b","1b","1b","1b","3b","1b","1b","1b","1b","1b","1b","1b","3b","1b","3b","1b","1b","3b","3b","1b","3b","3b","3b","3b","1b","1b","1b","1b","1b","1b","1b"
"2023-02-08 23:00:00","PM2.5",NA,0,0,478.3951,80.463,128.5097,29.1241,NA,NA,0,1.1211,70.5359,0,NA,2.5777,21.4034,0,0,1.6935,NA,5.8112,NA,0,NA,NA,NA,NA,NA,0,NA,NA,NA,NA,0,0,0,0,0,4.7807,0,"3b","1b","1b","1b","1b","1b","1b","3b","3b","1b","1b","1b","1b","3b","1b","1b","1b","1b","1b","3b","1b","3b","1b","3b","3b","3b","3b","3b","1b","3b","3b","3b","3b","1b","1b","1b","1b","1b","1b","1b"
"2023-02-09 00:30:00","PM10",NA,0,0,508.5255,779.2641,143.8173,115.4957,NA,NA,NA,NA,124.3562,0,NA,3.4758,19.4263,0,0,NA,0,8.1198,NA,0,0,0,NA,NA,NA,0,NA,NA,NA,0,0,0,0,0,0,6.1506,0,"3b","1b","1b","1b","1b","1b","1b","3b","3b","3b","3b","1b","1b","3b","1b","1b","1b","1b","3b","1b","1b","3b","1b","1b","1b","3b","3b","3b","1b","3b","3b","3b","1b","1b","1b","1b","1b","1b","1b","1b"
"2023-02-09 01:00:00","PM2.5",923.6015,0,0,446.6694,142.8257,108.8502,29.9642,NA,0,NA,NA,51.5683,0,NA,1.9773,13.6941,0,0,2.2642,NA,6.7353,NA,0,0,0,11.3161,NA,0,0,0,NA,NA,NA,0,0,0,0,0,2.5848,0,"1b","1b","1b","1b","1b","1b","1b","3b","1b","3b","3b","1b","1b","3b","1b","1b","1b","1b","1b","3b","1b","3b","1b","1b","1b","1b","3b","1b","1b","1b","3b","3b","3b","1b","1b","1b","1b","1b","1b","1b"
"2023-02-09 02:00:00","PM10",NA,0,0,437.2967,1217.7797,122.4226,105.6068,2.7429,1.0888,0.8017,NA,79.4151,NA,0.6211,2.1692,12.9238,0,0,1.4684,NA,8.8773,NA,0,NA,0,16.2082,0,NA,0,NA,NA,NA,NA,0,0,0,0,0,2.8862,0,"3b","1b","1b","1b","1b","1b","1b","1b","1b","1b","3b","1b","3b","1b","1b","1b","1b","1b","1b","3b","1b","3b","1b","3b","1b","1b","1b","3b","1b","3b","3b","3b","3b","1b","1b","1b","1b","1b","1b","1b"
"2023-02-09 03:00:00","PM2.5",0,0,0,346.9058,386.9624,94.4631,38.8243,0,NA,NA,0,37.1344,NA,NA,1.1589,11.3942,0,0,0.9957,NA,8.1744,NA,0,0,0,16.592,0,0,0,0,0,NA,NA,0,0,0,0,0,2.3282,0,"1b","1b","1b","1b","1b","1b","1b","1b","3b","3b","1b","1b","3b","3b","1b","1b","1b","1b","1b","3b","1b","3b","1b","1b","1b","1b","1b","1b","1b","1b","1b","3b","3b","1b","1b","1b","1b","1b","1b","1b"
"2023-02-09 04:00:00","PM10",NA,0,0,412.3895,2340.6592,130.8967,114.554,3.3531,NA,NA,NA,57.8272,NA,NA,1.7241,9.6149,0,0,1.3655,NA,8.81,1.6855,0,0,0,14.8319,NA,NA,0,NA,0.1812,0,NA,0,0,0,NA,0,NA,0,"3b","1b","1b","1b","1b","1b","1b","1b","3b","3b","3b","1b","3b","3b","1b","1b","1b","1b","1b","3b","1b","1b","1b","1b","1b","1b","3b","3b","1b","3b","1b","1b","3b","1b","1b","1b","3b","1b","3b","1b"
"2023-02-09 05:00:00","PM2.5",NA,0,0,297.0724,360.1533,71.4055,23.3026,NA,NA,0,0,31.2902,NA,NA,1.2135,8.5028,0,0,0.9121,NA,6.6413,NA,0,0,0,NA,0,0,0,0,NA,NA,NA,0,0,0,0,0,1.6427,0,"3b","1b","1b","1b","1b","1b","1b","3b","3b","1b","1b","1b","3b","3b","1b","1b","1b","1b","1b","3b","1b","3b","1b","1b","1b","3b","1b","1b","1b","1b","3b","3b","3b","1b","1b","1b","1b","1b","1b","1b"
"2023-02-09 06:00:00","PM10",NA,0,0,328.6887,1017.685,58.8993,64.0684,3.2973,0,NA,1.0042,129.4372,0,NA,11.4266,69.1478,0,0,3.4114,NA,5.4338,NA,0,0,NA,17.4549,NA,0,0,NA,0,NA,NA,0,0,0,0,0,1.0956,19.1978,"3b","1b","1b","1b","1b","1b","1b","1b","1b","3b","1b","1b","1b","3b","1b","1b","1b","1b","1b","3b","1b","3b","1b","1b","3b","1b","3b","1b","1b","3b","1b","3b","3b","1b","1b","1b","1b","1b","1b","1b"
"2023-02-09 07:00:00","PM2.5",695.9924,0,0,330.7345,349.5593,21.9141,22.3023,0,0,NA,1.7847,182.1043,NA,NA,8.6215,160.6668,0,0,1.1732,0.4695,0.9253,0,0,0,0,NA,NA,0,0,0,0,0,NA,0,0,0,0,0,1.5159,102.1629,"1b","1b","1b","1b","1b","1b","1b","1b","1b","3b","1b","1b","3b","3b","1b","1b","1b","1b","1b","1b","1b","1b","1b","1b","1b","3b","3b","1b","1b","1b","1b","1b","3b","1b","1b","1b","1b","1b","1b","1b"
"2023-02-09 08:00:00","PM10",NA,NA,NA,500.8782,1336.1705,63.6476,290.295,17.7708,0,2.7936,8.6731,788.5476,NA,1.4533,26.5459,124.0103,0,0,2.2199,1.8653,3.4801,1.9741,0,NA,0,12.7259,NA,0,0,0,NA,NA,15.0233,0,0,0,0,0,9.3801,31.5489,"3b","3b","3b","1b","1b","1b","1b","1b","1b","1b","1b","1b","3b","1b","1b","1b","1b","1b","1b","1b","1b","1b","1b","3b","1b","1b","3b","1b","1b","1b","3b","3b","1b","1b","1b","1b","1b","1b","1b","1b"
"2023-02-09 09:00:00","PM2.5",0,0,NA,238.6024,1178.3074,39.8973,77.3925,4.8248,0,NA,1.9405,217.0639,0,NA,11.5054,98.1105,0,0,1.7772,0,3.3229,NA,0,0,0,18.4971,0,NA,0,NA,NA,0,NA,0,0,0,0,0,11.8691,0,"1b","1b","3b","1b","1b","1b","1b","1b","1b","3b","1b","1b","1b","3b","1b","1b","1b","1b","1b","1b","1b","3b","1b","1b","1b","1b","1b","3b","1b","3b","3b","1b","3b","1b","1b","1b","1b","1b","1b","1b"
"2023-02-09 11:00:00","PM10",NA,0,0,208.4666,5257.8033,79.2576,236.6157,8.2945,NA,0,0,122.165,NA,0,2.6534,15.3827,0,0,NA,0,8.3252,0,0,0,0,72.5251,NA,NA,0,NA,NA,NA,0,0,0,0,0,0,0,0,"3b","1b","1b","1b","1b","1b","1b","1b","3b","1b","1b","1b","3b","1b","1b","1b","1b","1b","3b","1b","1b","1b","1b","1b","1b","1b","3b","3b","1b","3b","3b","3b","1b","1b","1b","1b","1b","1b","1b","1b"
"2023-02-09 12:00:00","PM2.5",NA,0.1557,0,136.1951,2633.5332,48.8764,109.6125,1.7458,0,0,0,63.6908,0,0,1.7654,17.3448,0,0,1.1069,0,4.4535,NA,0,0,0,21.2085,0,0,0,0,NA,NA,NA,0,0,0,0,0,NA,0,"3b","1b","1b","1b","1b","1b","1b","1b","1b","1b","1b","1b","1b","1b","1b","1b","1b","1b","1b","1b","1b","3b","1b","1b","1b","1b","1b","1b","1b","1b","3b","3b","3b","1b","1b","1b","1b","1b","3b","1b"
"2023-02-09 13:00:00","PM10",1176.2224,NA,0,233.3945,5344.5456,90.6667,311.2303,4.6911,0,NA,0.9892,189.4348,NA,NA,6.5158,53.0264,0,0,1.9041,0,8.3508,1.8391,0,0,0,23.2764,NA,0,0,0,NA,NA,NA,0,0,0,0,0,NA,0,"1b","3b","1b","1b","1b","1b","1b","1b","1b","3b","1b","1b","3b","3b","1b","1b","1b","1b","1b","1b","1b","1b","1b","1b","1b","1b","3b","1b","1b","1b","3b","3b","3b","1b","1b","1b","1b","1b","3b","1b"
"2023-02-09 14:00:00","PM2.5",NA,0,0,127.6181,2377.1556,134.5043,104.0443,NA,0,NA,NA,82.1536,NA,NA,2.8385,44.534,0,0,1.0598,0,4.7252,NA,0,0,0,10.8642,0,NA,0,0,NA,0,NA,0,0,0,0,0,1.0349,0,"3b","1b","1b","1b","1b","1b","1b","3b","1b","3b","3b","1b","3b","3b","1b","1b","1b","1b","1b","1b","1b","3b","1b","1b","1b","1b","1b","3b","1b","1b","3b","1b","3b","1b","1b","1b","1b","1b","1b","1b"
"2023-02-09 15:00:00","PM10",NA,NA,0,261.1327,5010.8103,192.3734,397.005,12.6938,0,5.2791,2.1237,465.4921,1.0506,0.8306,6.8663,33.7294,0,0,0.8267,0,9.2708,2.5576,0,0,NA,14.7266,0,NA,0,0,0,NA,NA,0,0,0,0,0,4.1539,0,"3b","3b","1b","1b","1b","1b","1b","1b","1b","1b","1b","1b","1b","1b","1b","1b","1b","1b","1b","1b","1b","1b","1b","1b","3b","1b","1b","3b","1b","1b","1b","3b","3b","1b","1b","1b","1b","1b","1b","1b"
"2023-02-09 16:00:00","PM2.5",0,0,0,130.1752,2089.4932,50.6861,104.0275,2.5341,0,1.5409,1.1952,202.9763,NA,NA,9.2807,18.4929,0,0,0.5864,0,3.5723,NA,0,0,0,14.1756,NA,NA,0,0.1826,NA,NA,NA,0,0,0,0,0,7.363,0,"1b","1b","1b","1b","1b","1b","1b","1b","1b","1b","1b","1b","3b","3b","1b","1b","1b","1b","1b","1b","1b","3b","1b","1b","1b","1b","3b","3b","1b","1b","3b","3b","3b","1b","1b","1b","1b","1b","1b","1b"
"2023-02-09 17:00:00","PM10",NA,368.3447,0,330.0459,7335.9423,141.4266,539.6284,16.7014,NA,2.5338,10.3454,1344.4854,0,0,34.0395,28.6581,0,0,1.5776,0,8.2589,4.386,0,NA,0,9.7002,NA,0,0,0,NA,0,17.53,0,0,0,0,0,15.7287,0,"3b","1b","1b","1b","1b","1b","1b","1b","3b","1b","1b","1b","1b","1b","1b","1b","1b","1b","1b","1b","1b","1b","1b","3b","1b","1b","3b","1b","1b","1b","3b","1b","1b","1b","1b","1b","1b","1b","1b","1b"
"2023-02-09 18:00:00","PM2.5",1148.796,NA,0,176.5183,2439.5156,84.6245,213.0916,6.6572,0,0.9621,7.8504,1234.6688,1.0392,NA,81.6465,32.1053,0,0,1.1478,0,5.013,2.367,0,NA,0,13.0508,NA,NA,0,NA,0.1033,NA,42.3714,0,0,0,0,0,5.5871,0,"1b","3b","1b","1b","1b","1b","1b","1b","1b","1b","1b","1b","1b","3b","1b","1b","1b","1b","1b","1b","1b","1b","1b","3b","1b","1b","3b","3b","1b","3b","1b","3b","1b","1b","1b","1b","1b","1b","1b","1b"
"2023-02-09 19:00:00","PM10",1124.1302,492.7426,0,348.4919,6553.5141,190.6585,454.6622,19.0053,0,3.3155,13.166,1831.4351,0.7575,NA,79.0581,38.5809,0,0,1.105,0,10.3538,4.8384,0,2.8638,0,NA,NA,0,0,NA,NA,NA,41.2694,0,0,0,0,0,9.6948,0,"1b","1b","1b","1b","1b","1b","1b","1b","1b","1b","1b","1b","1b","3b","1b","1b","1b","1b","1b","1b","1b","1b","1b","1b","1b","3b","3b","1b","1b","3b","3b","3b","1b","1b","1b","1b","1b","1b","1b","1b"
"2023-02-09 20:00:00","PM2.5",NA,NA,0,205.5547,1905.8257,121.3329,98.2131,5.1325,0,0.9956,2.7537,513.7166,0,0,30.9065,37.8016,0,0,1.2279,NA,5.9156,1.5257,0,NA,0,9.9279,0,NA,0,NA,NA,NA,15.997,0,0,0,0,0,4.9392,0,"3b","3b","1b","1b","1b","1b","1b","1b","1b","1b","1b","1b","1b","1b","1b","1b","1b","1b","1b","3b","1b","1b","1b","3b","1b","1b","1b","3b","1b","3b","3b","3b","1b","1b","1b","1b","1b","1b","1b","1b"
"2023-02-09 21:00:00","PM10",NA,0,0,260.8609,4025.5457,129.3558,159.4903,4.187,0,0,3.5968,693.4239,0,NA,50.1022,18.8813,0,0,0.7892,NA,7.6333,2.3013,0,0.0026,0,12.4266,NA,0,0,0,0,NA,23.5305,0,0,0,0,0,1.8476,0,"3b","1b","1b","1b","1b","1b","1b","1b","1b","1b","1b","1b","1b","3b","1b","1b","1b","1b","1b","3b","1b","1b","1b","1b","1b","1b","3b","1b","1b","1b","1b","3b","1b","1b","1b","1b","1b","1b","1b","1b"
"2023-02-09 22:00:00","PM2.5",NA,0,0,129.1314,1516.12,77.6009,53.8999,1.4328,0,0,1.8648,335.0634,NA,NA,28.767,11.1583,0,0,0.4729,0,4.5712,NA,0,0,0,11.5155,0,NA,0,NA,NA,NA,10.5677,0,0,0,0,0,2.2704,0,"3b","1b","1b","1b","1b","1b","1b","1b","1b","1b","1b","1b","3b","3b","1b","1b","1b","1b","1b","1b","1b","3b","1b","1b","1b","1b","1b","3b","1b","3b","3b","3b","1b","1b","1b","1b","1b","1b","1b","1b"
"2023-02-09 23:00:00","PM10",1705.2732,0,0,236.9706,3432.6291,110.0229,126.583,4.1463,0,NA,5.0724,767.8829,NA,0,60.3031,20.7331,0,0,1.0833,0,4.8006,2.423,0,NA,0,NA,NA,0,0,NA,NA,NA,27.5888,0,0,0,0,0,2.4475,0,"1b","1b","1b","1b","1b","1b","1b","1b","1b","3b","1b","1b","3b","1b","1b","1b","1b","1b","1b","1b","1b","1b","1b","3b","1b","3b","3b","1b","1b","3b","3b","3b","1b","1b","1b","1b","1b","1b","1b","1b"
"2023-02-10 00:30:00","PM2.5",NA,0,0,92.4336,1295.0732,68.2611,36.6602,NA,0,0,0,93.2492,0,0,2.1921,7.8355,0,0,NA,0,2.3775,NA,0,0,0,32.5645,NA,NA,0,NA,0,NA,NA,0,0,0,0,0,1.6559,0,"3b","1b","1b","1b","1b","1b","1b","3b","1b","1b","1b","1b","1b","1b","1b","1b","1b","1b","3b","1b","1b","3b","1b","1b","1b","1b","3b","3b","1b","3b","1b","3b","3b","1b","1b","1b","1b","1b","1b","1b"
"2023-02-10 01:00:00","PM10",NA,0,0,181.0033,3150.4446,107.5254,98.557,1.0631,0,0.7389,0,61.7119,NA,NA,1.17,5.6427,0,0,1.0033,NA,4.3495,NA,0,0,0,12.4165,NA,NA,0,NA,NA,NA,NA,0,0,0,NA,0,2.5984,0,"3b","1b","1b","1b","1b","1b","1b","1b","1b","1b","1b","1b","3b","3b","1b","1b","1b","1b","1b","3b","1b","3b","1b","1b","1b","1b","3b","3b","1b","3b","3b","3b","3b","1b","1b","1b","3b","1b","1b","1b"
"2023-02-10 02:00:00","PM2.5",NA,0,0,89.7199,1263.9964,51.0106,37.7499,NA,NA,NA,NA,27.0817,0,0,0.6077,3.7901,0,0,0,NA,2.339,NA,0,0,0,NA,0,0,0,NA,0,0,0,0,0,0,0,0,2.0801,0,"3b","1b","1b","1b","1b","1b","1b","3b","3b","3b","3b","1b","1b","1b","1b","1b","1b","1b","1b","3b","1b","3b","1b","1b","1b","3b","1b","1b","1b","3b","1b","1b","1b","1b","1b","1b","1b","1b","1b","1b"
"2023-02-10 03:00:00","PM10",NA,0,0,200.7515,3347.5803,105.0763,120.5707,1.8108,0,NA,NA,67.2453,0,NA,1.197,3.5238,0,0,0,NA,3.6805,1.557,0,0,0,NA,NA,0,0,0,0,NA,NA,0,0,0,0,0,1.3918,0,"3b","1b","1b","1b","1b","1b","1b","1b","1b","3b","3b","1b","1b","3b","1b","1b","1b","1b","1b","3b","1b","1b","1b","1b","1b","3b","3b","1b","1b","1b","1b","3b","3b","1b","1b","1b","1b","1b","1b","1b"
"2023-02-10 04:00:00","PM2.5",0,0,0,79.3111,1065.1919,59.7039,30.7036,NA,0,0,NA,29.8651,0,NA,0.8921,4.5641,NA,0,1.5693,NA,1.9755,NA,0,NA,0,NA,0,NA,0,NA,NA,0,NA,0,0,0,0,0,0,0,"1b","1b","1b","1b","1b","1b","1b","3b","1b","1b","3b","1b","1b","3b","1b","1b","3b","1b","1b","3b","1b","3b","1b","3b","1b","3b","1b","3b","1b","3b","3b","1b","3b","1b","1b","1b","1b","1b","1b","1b"
"2023-02-10 05:00:00","PM10",NA,0,0,200.4274,2911.5236,116.3043,77.749,0.9872,0,NA,0,64.1059,0,NA,2.7036,7.2793,0,0,1.8303,NA,3.5062,2.0254,NA,0,0,NA,0,0,0,0,0,0,NA,0,0,0,0,0,2.5618,0,"3b","1b","1b","1b","1b","1b","1b","1b","1b","3b","1b","1b","1b","3b","1b","1b","1b","1b","1b","3b","1b","1b","3b","1b","1b","3b","1b","1b","1b","1b","1b","1b","3b","1b","1b","1b","1b","1b","1b","1b"
"2023-02-10 06:00:00","PM2.5",NA,0,0,109.2927,1186.6083,51.002,34.9859,0,0,NA,NA,217.0266,NA,NA,26.0288,7.7047,0,0,1.2487,0,1.7484,NA,0,0,0,NA,NA,NA,0,0,0,NA,15.455,0,0,0,0,0,0,0,"3b","1b","1b","1b","1b","1b","1b","1b","1b","3b","3b","1b","3b","3b","1b","1b","1b","1b","1b","1b","1b","3b","1b","1b","1b","3b","3b","3b","1b","1b","1b","3b","1b","1b","1b","1b","1b","1b","1b","1b"
"2023-02-10 07:00:00","PM10",NA,0,0,264.4356,4038.6821,127.7595,148.2549,2.455,0,0.8043,1.6499,458.2972,NA,0,40.3947,8.7942,0,0,NA,NA,2.8787,2.7302,0,0,0,9.3368,NA,NA,0,0,NA,0,14.5661,0,0,0,0,0,0,0,"3b","1b","1b","1b","1b","1b","1b","1b","1b","1b","1b","1b","3b","1b","1b","1b","1b","1b","3b","3b","1b","1b","1b","1b","1b","1b","3b","3b","1b","1b","3b","1b","1b","1b","1b","1b","1b","1b","1b","1b"
"2023-02-10 08:00:00","PM2.5",NA,0,NA,134.7679,1501.6658,60.036,72.6258,NA,NA,0,NA,113.8581,0,0,4.8882,4.4174,0,0,NA,NA,2.4568,NA,0,0,0,NA,NA,0,0,NA,NA,NA,NA,0,NA,0,0,0,NA,0,"3b","1b","3b","1b","1b","1b","1b","3b","3b","1b","3b","1b","1b","1b","1b","1b","1b","1b","3b","3b","1b","3b","1b","1b","1b","3b","3b","1b","1b","3b","3b","3b","3b","1b","3b","1b","1b","1b","3b","1b"
"2023-02-10 09:00:00","PM10",NA,NA,0,289.0043,4405.7792,144.1287,336.7128,4.4164,NA,NA,1.2328,231.6154,NA,0,5.0718,8.9014,0,0,1.5447,0,5.5499,2.5615,0,NA,0,12.1471,NA,NA,0,0,NA,0,NA,0,0,0,NA,0,2.1549,0,"3b","3b","1b","1b","1b","1b","1b","1b","3b","3b","1b","1b","3b","1b","1b","1b","1b","1b","1b","1b","1b","1b","1b","3b","1b","1b","3b","3b","1b","1b","3b","1b","3b","1b","1b","1b","3b","1b","1b","1b"
"2023-02-10 10:00:00","PM2.5",NA,0,0,139.5815,1607.2677,68.5769,96.8468,1.7701,NA,NA,NA,75.335,NA,NA,2.7225,4.3343,0,0,0.8356,0,4.7183,NA,0,0,0,19.4432,NA,NA,0,NA,NA,0,0,0,0,0,0,0,2.0894,0,"3b","1b","1b","1b","1b","1b","1b","1b","3b","3b","3b","1b","3b","3b","1b","1b","1b","1b","1b","1b","1b","3b","1b","1b","1b","1b","3b","3b","1b","3b","3b","1b","1b","1b","1b","1b","1b","1b","1b","1b"
"2023-02-10 11:00:00","PM10",0,170.8859,0,280.1274,3726.4813,140.7419,328.977,7.9469,0,NA,1.409,243.8576,NA,0,6.332,10.0453,0,0,2.1381,NA,5.4425,NA,0,0,0,13.0432,0,0,0,0,0,NA,3.1635,0,0,0,0,0,8.4655,0,"1b","1b","1b","1b","1b","1b","1b","1b","1b","3b","1b","1b","3b","1b","1b","1b","1b","1b","1b","3b","1b","3b","1b","1b","1b","1b","1b","1b","1b","1b","1b","3b","1b","1b","1b","1b","1b","1b","1b","1b"
"2023-02-10 12:00:00","PM2.5",NA,0,0,144.4244,889.8135,56.7345,79.8969,1.3721,NA,NA,0,81.8191,NA,NA,3.6907,7.2689,0,0,1.2066,NA,2.9408,NA,0,0,0,12.5012,NA,NA,0,NA,NA,NA,NA,0,0,0,0,0,2.1704,0,"3b","1b","1b","1b","1b","1b","1b","1b","3b","3b","1b","1b","3b","3b","1b","1b","1b","1b","1b","3b","1b","3b","1b","1b","1b","1b","3b","3b","1b","3b","3b","3b","3b","1b","1b","1b","1b","1b","1b","1b"
"2023-02-10 13:00:00","PM10",0,NA,0,221.0533,1842.6318,82.9501,241.8787,9.5683,0,NA,1.6572,218.6288,NA,NA,5.9887,9.9716,0,0,2.2393,NA,4.0345,NA,0,0,0,24.9784,NA,NA,0,NA,NA,NA,NA,0,0,0,0,0,22.0582,0,"1b","3b","1b","1b","1b","1b","1b","1b","1b","3b","1b","1b","3b","3b","1b","1b","1b","1b","1b","3b","1b","3b","1b","1b","1b","1b","3b","3b","1b","3b","3b","3b","3b","1b","1b","1b","1b","1b","1b","1b"
"2023-02-10 14:00:00","PM2.5",NA,0,0,107.1279,302.8943,44.0018,42.4632,NA,0,NA,0,63.4639,NA,0,2.8712,8.4267,0,0,1.026,0,1.8227,NA,0,0,0,14.0246,0,NA,0,NA,NA,NA,NA,0,0,0,0,0,0,0,"3b","1b","1b","1b","1b","1b","1b","3b","1b","3b","1b","1b","3b","1b","1b","1b","1b","1b","1b","1b","1b","3b","1b","1b","1b","1b","1b","3b","1b","3b","3b","3b","3b","1b","1b","1b","1b","1b","1b","1b"
"2023-02-10 15:00:00","PM10",NA,NA,0,187.2564,851.779,88.6168,147.2472,2.8969,0,NA,1.2062,237.3483,NA,0,6.1984,17.8965,0,0,1.358,0,6.2804,NA,0,0,0,15.2196,0,0,0,NA,NA,0,3.421,0,0,0,0,0,3.4529,0,"3b","3b","1b","1b","1b","1b","1b","1b","1b","3b","1b","1b","3b","1b","1b","1b","1b","1b","1b","1b","1b","3b","1b","1b","1b","1b","1b","1b","1b","3b","3b","1b","1b","1b","1b","1b","1b","1b","1b","1b"
"2023-02-10 16:00:00","PM2.5",NA,0,0,151.1552,238.0607,76.544,35.1808,NA,0,NA,NA,111.062,0,0,4.0431,12.9938,0,0,1.8157,0,2.6916,NA,0,0,0,27.5481,0,NA,0,0,NA,NA,NA,0,0,0,0,0,3.0244,0,"3b","1b","1b","1b","1b","1b","1b","3b","1b","3b","3b","1b","1b","1b","1b","1b","1b","1b","1b","1b","1b","3b","1b","1b","1b","1b","1b","3b","1b","1b","3b","3b","3b","1b","1b","1b","1b","1b","1b","1b"
"2023-02-10 17:00:00","PM10",NA,NA,0,183.4462,612.6302,95.4694,141.2822,3.2479,0,0.6362,1.5781,289.4927,NA,NA,7.5728,17.9862,0,0,2.5936,0,2.7294,NA,0,0,0,20.4722,0,NA,0,0.0023,NA,NA,4.2334,0,0,0,0,0,6.5096,0,"3b","3b","1b","1b","1b","1b","1b","1b","1b","1b","1b","1b","3b","3b","1b","1b","1b","1b","1b","1b","1b","3b","1b","1b","1b","1b","1b","3b","1b","1b","3b","3b","1b","1b","1b","1b","1b","1b","1b","1b"
"2023-02-10 18:00:00","PM2.5",NA,0,0,86.4331,224.1575,37.1292,21.0754,NA,0,NA,0,100.8708,NA,0,2.8558,7.0374,0,0,1.4042,0,1.2102,NA,0,0,0,10.1084,NA,NA,NA,0,NA,0,NA,0,0,0,0,0,1.4769,0,"3b","1b","1b","1b","1b","1b","1b","3b","1b","3b","1b","1b","3b","1b","1b","1b","1b","1b","1b","1b","1b","3b","1b","1b","1b","1b","3b","3b","3b","1b","3b","1b","3b","1b","1b","1b","1b","1b","1b","1b"
"2023-02-10 19:00:00","PM10",622.3782,0,0,101.1898,107.4911,56.744,35.1949,NA,0,NA,NA,270.4703,NA,0,10.3168,9.1804,0,0,2.2103,NA,1.9333,NA,0,0,0,14.7357,0,NA,0,NA,NA,NA,5.5446,0,0,0,0,0,1.311,0,"1b","1b","1b","1b","1b","1b","1b","3b","1b","3b","3b","1b","3b","1b","1b","1b","1b","1b","1b","3b","1b","3b","1b","1b","1b","1b","1b","3b","1b","3b","3b","3b","1b","1b","1b","1b","1b","1b","1b","1b"
"2023-02-10 20:00:00","PM2.5",0,0,0,74.4849,33.8738,22.6443,8.3824,NA,0,NA,NA,87.5612,NA,0,10.5545,5.3799,0,0,1.3567,NA,6.42,NA,0,0,0,NA,NA,NA,0,0.0448,0,NA,4.9339,0,0,0,0,0,NA,0,"1b","1b","1b","1b","1b","1b","1b","3b","1b","3b","3b","1b","3b","1b","1b","1b","1b","1b","1b","3b","1b","3b","1b","1b","1b","3b","3b","3b","1b","1b","1b","3b","1b","1b","1b","1b","1b","1b","3b","1b"
"2023-02-10 21:00:00","PM10",0,0,0,73.3708,144.1012,20.2798,17.1378,0,NA,0,0,91.844,NA,0,7.6788,3.6233,0,0,0.6454,0,7.4602,NA,0,0,NA,13.9152,NA,NA,0,NA,NA,NA,3.9411,0,0,0,0,0,NA,0,"1b","1b","1b","1b","1b","1b","1b","1b","3b","1b","1b","1b","3b","1b","1b","1b","1b","1b","1b","1b","1b","3b","1b","1b","3b","1b","3b","3b","1b","3b","3b","3b","1b","1b","1b","1b","1b","1b","3b","1b"
"2023-02-10 22:00:00","PM2.5",0,0,NA,55.8635,95.2107,16.3185,5.1828,0,0,NA,0,44.6056,0,0,2.973,3.165,0,0,0.4595,NA,0.8975,NA,0,0,0,12.5695,0,0,0,0,NA,0,NA,0,0,0,0,0,0,0,"1b","1b","3b","1b","1b","1b","1b","1b","1b","3b","1b","1b","1b","1b","1b","1b","1b","1b","1b","3b","1b","3b","1b","1b","1b","1b","1b","1b","1b","1b","3b","1b","3b","1b","1b","1b","1b","1b","1b","1b"
"2023-02-10 23:00:00","PM10",NA,0,0.3963,176.8641,148.1551,77.4715,26.1251,0,0,NA,NA,104.6673,0,0,2.9054,13.3799,0,0,0.6024,NA,2.2436,NA,0,NA,0,13.8675,NA,NA,0,0,NA,NA,NA,0,0,0,0,0,4.4603,0,"3b","1b","1b","1b","1b","1b","1b","1b","1b","3b","3b","1b","1b","1b","1b","1b","1b","1b","1b","3b","1b","3b","1b","3b","1b","1b","3b","3b","1b","1b","3b","3b","3b","1b","1b","1b","1b","1b","1b","1b"
"2023-02-11 00:30:00","PM2.5",14.3838,0,0,116.2649,116.3013,53.1416,4.7321,NA,NA,0,0,23.489,0,0,1.4229,11.468,0,0,NA,0,NA,NA,0,0,0,18.6106,NA,0,0,NA,0,NA,0,NA,0,0,0,0,1.6025,0,"1b","1b","1b","1b","1b","1b","1b","3b","3b","1b","1b","1b","1b","1b","1b","1b","1b","1b","3b","1b","3b","3b","1b","1b","1b","1b","3b","1b","1b","3b","1b","3b","1b","3b","1b","1b","1b","1b","1b","1b"
"2023-02-11 01:00:00","PM10",NA,0,0,137.2776,300.7497,52.1234,18.9449,NA,0,NA,0,40.8675,NA,0.002,1.2064,7.0076,0,0,0.856,0,1.642,NA,0,0,0,15.6365,0,0,NA,NA,NA,NA,0,NA,0,0,0,0,2.3174,0,"3b","1b","1b","1b","1b","1b","1b","3b","1b","3b","1b","1b","3b","1b","1b","1b","1b","1b","1b","1b","1b","3b","1b","1b","1b","1b","1b","1b","3b","3b","3b","3b","1b","3b","1b","1b","1b","1b","1b","1b"
"2023-02-11 02:00:00","PM2.5",689.9962,0,NA,135.5907,132.7068,48.5851,6.985,NA,NA,NA,NA,19.389,0,0,0.6732,6.0079,0,0,0.5304,NA,1.6682,NA,0,0,NA,NA,0,NA,0,NA,NA,NA,0.0083,NA,NA,0,0,0,2.1197,0,"1b","1b","3b","1b","1b","1b","1b","3b","3b","3b","3b","1b","1b","1b","1b","1b","1b","1b","1b","3b","1b","3b","1b","1b","3b","3b","1b","3b","1b","3b","3b","3b","1b","3b","3b","1b","1b","1b","1b","1b"
"2023-02-11 03:00:00","PM10",0,0,0,113.78,559.432,54.9868,35.4572,0,0,NA,0,28.1607,0,0,0.8428,3.5562,0,0,0.4485,NA,1.6247,NA,0,0,0,11.3245,0.1176,0,0,NA,0,NA,0.0228,0,0,0,0,0,0.8378,0,"1b","1b","1b","1b","1b","1b","1b","1b","1b","3b","1b","1b","1b","1b","1b","1b","1b","1b","1b","3b","1b","3b","1b","1b","1b","1b","1b","1b","1b","3b","1b","3b","1b","1b","1b","1b","1b","1b","1b","1b"
"2023-02-11 04:00:00","PM2.5",0,0,0,119.2267,198.0414,49.2045,11.9358,0,0,0,0,11.0167,0,0,NA,3.5364,0,0,0,NA,1.2286,NA,0,0,0,13.6504,0,NA,NA,NA,NA,0,NA,0,0,0,0,0,0.7812,0,"1b","1b","1b","1b","1b","1b","1b","1b","1b","1b","1b","1b","1b","1b","3b","1b","1b","1b","1b","3b","1b","3b","1b","1b","1b","1b","1b","3b","3b","3b","3b","1b","3b","1b","1b","1b","1b","1b","1b","1b"
"2023-02-11 05:00:00","PM10",0,0,0,138.0802,886.8476,62.2571,48.7687,0,0,NA,0,41.2909,NA,NA,2.013,2.3215,0,0,NA,NA,2.1874,NA,0,0,0,NA,0,0,0,0,NA,NA,NA,0,0,0,0,0,0,0,"1b","1b","1b","1b","1b","1b","1b","1b","1b","3b","1b","1b","3b","3b","1b","1b","1b","1b","3b","3b","1b","3b","1b","1b","1b","3b","1b","1b","1b","1b","3b","3b","3b","1b","1b","1b","1b","1b","1b","1b"
"2023-02-11 06:00:00","PM2.5",0,0,0,130.8972,289.7813,27.3525,16.6533,0,NA,0,0,29.0471,NA,0,2.5178,2.0719,0,0,NA,NA,1.3529,NA,0,0,0,15.6293,0,0,0,NA,0,0,NA,0,0,0,0,0,0,0,"1b","1b","1b","1b","1b","1b","1b","1b","3b","1b","1b","1b","3b","1b","1b","1b","1b","1b","3b","3b","1b","3b","1b","1b","1b","1b","1b","1b","1b","3b","1b","1b","3b","1b","1b","1b","1b","1b","1b","1b"
"2023-02-11 07:00:00","PM10",652.5022,0,0,176.6212,970.0763,38.0281,56.56,NA,0,NA,NA,194.6329,0,NA,13.9646,5.3975,0,0,0,0,2.2129,NA,0,0,0,NA,0,NA,0,0,0,0,5.3702,0,0,0,0,0,NA,0,"1b","1b","1b","1b","1b","1b","1b","3b","1b","3b","3b","1b","1b","3b","1b","1b","1b","1b","1b","1b","1b","3b","1b","1b","1b","3b","1b","3b","1b","1b","1b","1b","1b","1b","1b","1b","1b","1b","3b","1b"
"2023-02-11 08:00:00","PM2.5",NA,0,0,183.375,346.0425,20.9395,24.7071,1.1149,0,NA,NA,158.1516,0,0,14.1101,4.0883,0,0,NA,0,1.7429,NA,0,0,0,12.0893,0,0,0,0,NA,NA,4.6831,0,0,0,0,0,0,0,"3b","1b","1b","1b","1b","1b","1b","1b","1b","3b","3b","1b","1b","1b","1b","1b","1b","1b","3b","1b","1b","3b","1b","1b","1b","1b","1b","1b","1b","1b","3b","3b","1b","1b","1b","1b","1b","1b","1b","1b"
"2023-02-11 09:00:00","PM10",NA,0,0,217.1876,777.1366,44.9156,92.5477,2.2683,0,NA,0.8829,171.6434,NA,0,5.3266,9.1824,0,0,NA,NA,2.652,NA,0,0,0,10.9417,NA,NA,0,0,NA,0,3.1147,0,0,0,0,0,0.9028,0,"3b","1b","1b","1b","1b","1b","1b","1b","1b","3b","1b","1b","3b","1b","1b","1b","1b","1b","3b","3b","1b","3b","1b","1b","1b","1b","3b","3b","1b","1b","3b","1b","1b","1b","1b","1b","1b","1b","1b","1b"
"2023-02-11 10:00:00","PM2.5",NA,0,0,171.2535,233.921,26.8883,30.9483,NA,8e-04,NA,NA,79.1995,0,0,5.6435,14.2892,0,0,1.1726,NA,2.1843,NA,0,0,0,16.984,0,NA,0,0,0,NA,NA,0,0,0,0,0,NA,0,"3b","1b","1b","1b","1b","1b","1b","3b","1b","3b","3b","1b","1b","1b","1b","1b","1b","1b","1b","3b","1b","3b","1b","1b","1b","1b","1b","3b","1b","1b","1b","3b","3b","1b","1b","1b","1b","1b","3b","1b"
"2023-02-11 11:00:00","PM10",NA,NA,0,162.9732,1178.5216,42.0798,137.8355,4.1611,0,NA,NA,139.1,0,0,5.1527,21.0611,0,0,0.6211,0,2.504,NA,0,0,0,11.3577,0,0,0,NA,0,NA,NA,0,0,0,0,0,NA,0,"3b","3b","1b","1b","1b","1b","1b","1b","1b","3b","3b","1b","1b","1b","1b","1b","1b","1b","1b","1b","1b","3b","1b","1b","1b","1b","1b","1b","1b","3b","1b","3b","3b","1b","1b","1b","1b","1b","3b","1b"
"2023-02-11 12:00:00","PM2.5",NA,0,0,148.1816,248.0187,27.924,43.6869,1.2496,0,NA,NA,51.6292,0,NA,3.3537,12.417,0,0,0.8834,NA,1.9797,NA,0,0,0,15.4594,NA,NA,0,0,NA,0,NA,0,0,0,0,0,1.0079,0,"3b","1b","1b","1b","1b","1b","1b","1b","1b","3b","3b","1b","1b","3b","1b","1b","1b","1b","1b","3b","1b","3b","1b","1b","1b","1b","3b","3b","1b","1b","3b","1b","3b","1b","1b","1b","1b","1b","1b","1b"
"2023-02-11 13:00:00","PM10",NA,NA,0,179.8713,1329.6665,51.1272,104.9147,3.592,0,0,NA,115.3507,0,0,5.3115,22.3172,0,0,0.5851,0,3.0849,NA,0,0,0,NA,0,0,0,NA,0,0,NA,0,0,0,0,0,1.4518,0,"3b","3b","1b","1b","1b","1b","1b","1b","1b","1b","3b","1b","1b","1b","1b","1b","1b","1b","1b","1b","1b","3b","1b","1b","1b","3b","1b","1b","1b","3b","1b","1b","3b","1b","1b","1b","1b","1b","1b","1b"
"2023-02-11 14:00:00","PM2.5",NA,0,0,173.5629,312.2918,90.3868,31.6418,1.2175,0,NA,0,61.7846,NA,0,3.6989,14.6301,0,0,1.0876,0,6.2956,NA,0,0,0,16.8688,0,0,0,0,NA,NA,NA,0,0,0,0,0,11.2802,0,"3b","1b","1b","1b","1b","1b","1b","1b","1b","3b","1b","1b","3b","1b","1b","1b","1b","1b","1b","1b","1b","3b","1b","1b","1b","1b","1b","1b","1b","1b","3b","3b","3b","1b","1b","1b","1b","1b","1b","1b"
"2023-02-11 15:00:00","PM10",0,NA,0,222.0476,1010.8937,67.046,148.4859,5.1617,0,0,NA,144.4533,0,0,5.7735,9.2079,0,0,1.2503,NA,3.7844,NA,0,0,NA,NA,0,NA,0,NA,0,0,NA,0,0,0,0,0,0.8911,0,"1b","3b","1b","1b","1b","1b","1b","1b","1b","1b","3b","1b","1b","1b","1b","1b","1b","1b","1b","3b","1b","3b","1b","1b","3b","3b","1b","3b","1b","3b","1b","1b","3b","1b","1b","1b","1b","1b","1b","1b"
"2023-02-11 16:00:00","PM2.5",0,0,NA,198.0971,193.4816,36.5206,34.2996,1.1927,NA,0,0,80.9607,0,0,4.8929,5.0656,0,0,NA,0,3.308,NA,0,0,0,8.8261,NA,0,0,0,0,NA,NA,0,0,0,0,0,1.2608,0,"1b","1b","3b","1b","1b","1b","1b","1b","3b","1b","1b","1b","1b","1b","1b","1b","1b","1b","3b","1b","1b","3b","1b","1b","1b","1b","3b","1b","1b","1b","1b","3b","3b","1b","1b","1b","1b","1b","1b","1b"
"2023-02-11 17:00:00","PM10",0,NA,0,205.8974,1092.3729,47.6923,122.3665,5.2701,0,0,1.0205,324.9654,0,0,36.0795,12.0134,0,0,0.9645,0,3.2543,NA,0,0,0,NA,NA,0,0,NA,NA,NA,17.146,0,0,0,0,0,3.847,0,"1b","3b","1b","1b","1b","1b","1b","1b","1b","1b","1b","1b","1b","1b","1b","1b","1b","1b","1b","1b","1b","3b","1b","1b","1b","3b","3b","1b","1b","3b","3b","3b","1b","1b","1b","1b","1b","1b","1b","1b"
"2023-02-11 18:00:00","PM2.5",NA,0,0,177.4317,278.4765,77.2648,43.4068,3.0193,0,NA,1.2205,340.827,0,0,36.6923,15.6027,0,0,0.6911,0,4.9068,NA,0,0,0,16.3054,NA,NA,0,0,NA,NA,15.1753,0,0,0,0,0,3.4505,0,"3b","1b","1b","1b","1b","1b","1b","1b","1b","3b","1b","1b","1b","1b","1b","1b","1b","1b","1b","1b","1b","3b","1b","1b","1b","1b","3b","3b","1b","1b","3b","3b","1b","1b","1b","1b","1b","1b","1b","1b"
"2023-02-11 19:00:00","PM10",NA,NA,0,178.4568,1808.6845,61.6344,155.6877,8.3013,0,NA,3.288,624.1623,0,0,52.6156,18.605,0,0,0.4789,NA,4.2885,1.674,0,0,0,12.7496,0,0,0,NA,NA,0,23.5503,0,0,0,0,0,2.7122,0,"3b","3b","1b","1b","1b","1b","1b","1b","1b","3b","1b","1b","1b","1b","1b","1b","1b","1b","1b","3b","1b","1b","1b","1b","1b","1b","1b","1b","1b","3b","3b","1b","1b","1b","1b","1b","1b","1b","1b","1b"
"2023-02-11 20:00:00","PM2.5",802.8988,0,0,179.5804,238.6638,45.3262,31.8827,2.0948,0,0,0.9313,231.3225,0,0,23.0299,10.0602,0,0,0.6856,0,2.7845,NA,0,0,0,20.9986,NA,0,0,0,NA,0,10.9975,0,0,0,NA,0,NA,0,"1b","1b","1b","1b","1b","1b","1b","1b","1b","1b","1b","1b","1b","1b","1b","1b","1b","1b","1b","1b","1b","3b","1b","1b","1b","1b","3b","1b","1b","1b","3b","1b","1b","1b","1b","1b","3b","1b","3b","1b"
"2023-02-11 21:00:00","PM10",884.6295,NA,0,193.2147,1084.6821,59.4354,124.104,6.0905,0,0,4.9889,836.4523,NA,0,52.6972,13.7148,0,0,1.1771,0,3.5663,NA,0,0,0,NA,NA,NA,0,0,NA,0,24.2246,0,0,0,0,0,0,0,"1b","3b","1b","1b","1b","1b","1b","1b","1b","1b","1b","1b","3b","1b","1b","1b","1b","1b","1b","1b","1b","3b","1b","1b","1b","3b","3b","3b","1b","1b","3b","1b","1b","1b","1b","1b","1b","1b","1b","1b"
"2023-02-11 22:00:00","PM2.5",NA,0,0,175.5479,190.0631,52.083,39.559,1.5256,0.0095,0,NA,213.1465,NA,NA,13.9579,7.2256,0,0,0.8911,0,3.4526,NA,0,0,0,NA,NA,0,0,NA,NA,NA,4.5491,0,0,0,0,0,0,0,"3b","1b","1b","1b","1b","1b","1b","1b","1b","1b","3b","1b","3b","3b","1b","1b","1b","1b","1b","1b","1b","3b","1b","1b","1b","3b","3b","1b","1b","3b","3b","3b","1b","1b","1b","1b","1b","1b","1b","1b"
"2023-02-11 23:00:00","PM10",NA,0,0,212.3877,1018.0611,72.4213,156.8289,9.8007,0,NA,2.9466,484.3993,0,0,24.6039,10.2029,0,0,0.7459,0,3.6074,NA,0,0,0,NA,0,0,0,NA,NA,NA,9.2485,0,0,0,NA,0,3.0464,0,"3b","1b","1b","1b","1b","1b","1b","1b","1b","3b","1b","1b","1b","1b","1b","1b","1b","1b","1b","1b","1b","3b","1b","1b","1b","3b","1b","1b","1b","3b","3b","3b","1b","1b","1b","1b","3b","1b","1b","1b"
"2023-02-12 00:30:00","PM2.5",NA,0,0,165.7477,133.7795,45.4503,24.0483,NA,0,0,0,83.9332,0,NA,2.3058,6.5876,0,0,0,0,3.84,NA,0,0,0,NA,NA,NA,0,0,NA,NA,NA,0,0,0,0,0,3.3538,0,"3b","1b","1b","1b","1b","1b","1b","3b","1b","1b","1b","1b","1b","3b","1b","1b","1b","1b","1b","1b","1b","3b","1b","1b","1b","3b","3b","3b","1b","1b","3b","3b","3b","1b","1b","1b","1b","1b","1b","1b"
"2023-02-12 01:00:00","PM10",NA,NA,0,180.6118,410.9128,65.9188,80.1503,2.2693,0,NA,NA,199.9421,0,0,3.6332,7.9179,0,0,0.4382,0,3.8404,NA,0,0,0,13.3467,NA,0,0,0,NA,NA,4.8565,0,0,0,0,0,2.6706,0,"3b","3b","1b","1b","1b","1b","1b","1b","1b","3b","3b","1b","1b","1b","1b","1b","1b","1b","1b","1b","1b","3b","1b","1b","1b","1b","3b","1b","1b","1b","3b","3b","1b","1b","1b","1b","1b","1b","1b","1b"
"2023-02-12 02:00:00","PM2.5",NA,NA,NA,NA,NA,NA,NA,NA,NA,NA,NA,NA,NA,NA,NA,NA,NA,NA,NA,NA,NA,NA,NA,NA,NA,NA,NA,NA,NA,NA,NA,NA,NA,NA,NA,NA,NA,NA,NA,NA,"0c","0c","0c","0c","0c","0c","0c","0c","0c","0c","3b","0c","0c","0c","0c","0c","0c","0c","0c","0c","0c","3b","0c","0c","0c","0c","0c","3b","3b","3b","3b","3b","3b","0c","0c","0c","0c","0c","0c","0c"
"2023-02-12 03:00:00","PM10",NA,NA,NA,NA,NA,NA,NA,NA,NA,NA,NA,NA,NA,NA,NA,NA,NA,NA,NA,NA,NA,NA,NA,NA,NA,NA,NA,NA,NA,NA,NA,NA,NA,NA,NA,NA,NA,NA,NA,NA,"0c","3b","0c","0c","0c","0c","0c","0c","0c","3b","3b","0c","0c","3b","0c","0c","0c","0c","0c","0c","0c","0c","0c","0c","0c","0c","0c","3b","0c","3b","0c","3b","3b","0c","0c","3b","0c","0c","0c","0c"
"2023-02-12 04:00:00","PM2.5",NA,NA,NA,NA,NA,NA,NA,NA,NA,NA,NA,NA,NA,NA,NA,NA,NA,NA,NA,NA,NA,NA,NA,NA,NA,NA,NA,NA,NA,NA,NA,NA,NA,NA,NA,NA,NA,NA,NA,NA,"3b","0c","0c","0c","0c","0c","0c","3b","0c","0c","3b","0c","0c","0c","0c","0c","0c","0c","0c","3b","0c","3b","0c","3b","0c","0c","0c","3b","0c","0c","3b","3b","3b","0c","0c","0c","0c","0c","3b","0c"
"2023-02-12 05:00:00","PM10",NA,NA,NA,NA,NA,NA,NA,NA,NA,NA,NA,NA,NA,NA,NA,NA,NA,NA,NA,NA,NA,NA,NA,NA,NA,NA,NA,NA,NA,NA,NA,NA,NA,NA,NA,NA,NA,NA,NA,NA,"0c","3b","0c","0c","0c","0c","0c","0c","0c","0c","0c","0c","0c","0c","0c","0c","0c","0c","0c","0c","0c","0c","0c","0c","0c","0c","3b","0c","0c","0c","3b","3b","3b","0c","0c","0c","0c","0c","0c","0c"
"2023-02-12 06:00:00","PM2.5",NA,NA,NA,NA,NA,NA,NA,NA,NA,NA,NA,NA,NA,NA,NA,NA,NA,NA,NA,NA,NA,NA,NA,NA,NA,NA,NA,NA,NA,NA,NA,NA,NA,NA,NA,NA,NA,NA,NA,NA,"3b","0c","0c","0c","0c","0c","0c","3b","0c","3b","0c","0c","0c","0c","0c","0c","0c","0c","0c","0c","0c","3b","0c","0c","0c","0c","3b","0c","0c","0c","3b","3b","0c","0c","0c","0c","0c","0c","0c","0c"
"2023-02-12 07:00:00","PM10",NA,0,0,248.6399,307.6535,67.5549,424.9089,3.467,0,NA,NA,76.7367,NA,0,1.6453,6.181,0,0,0.8918,0,3.4947,NA,0,0,0,11.8514,NA,NA,0,NA,0,NA,0,0,0,0,0,0,2.7045,0,"3b","1b","1b","1b","1b","1b","1b","1b","1b","3b","3b","1b","3b","1b","1b","1b","1b","1b","1b","1b","1b","3b","1b","1b","1b","1b","3b","3b","1b","3b","1b","3b","1b","1b","1b","1b","1b","1b","1b","1b"
"2023-02-12 08:00:00","PM2.5",NA,NA,NA,NA,NA,NA,NA,NA,NA,NA,NA,NA,NA,NA,NA,NA,NA,NA,NA,NA,NA,NA,NA,NA,NA,NA,NA,NA,NA,NA,NA,NA,NA,NA,NA,NA,NA,NA,NA,NA,"0c","0c","0c","0c","0c","0c","0c","3b","0c","0c","0c","0c","0c","0c","0c","0c","0c","0c","0c","0c","0c","3b","0c","0c","0c","0c","3b","0c","0c","3b","0c","0c","3b","0c","0c","0c","0c","0c","0c","0c"
"2023-02-12 09:00:00","PM10",NA,NA,NA,NA,NA,NA,NA,NA,NA,NA,NA,NA,NA,NA,NA,NA,NA,NA,NA,NA,NA,NA,NA,NA,NA,NA,NA,NA,NA,NA,NA,NA,NA,NA,NA,NA,NA,NA,NA,NA,"0c","3b","0c","0c","0c","0c","0c","0c","0c","3b","3b","0c","0c","0c","0c","0c","0c","0c","3b","0c","0c","3b","0c","0c","0c","0c","0c","0c","0c","3b","3b","3b","0c","0c","0c","0c","0c","0c","0c","0c"
"2023-02-12 10:00:00","PM2.5",NA,NA,NA,NA,NA,NA,NA,NA,NA,NA,NA,NA,NA,NA,NA,NA,NA,NA,NA,NA,NA,NA,NA,NA,NA,NA,NA,NA,NA,NA,NA,NA,NA,NA,NA,NA,NA,NA,NA,NA,"3b","0c","0c","0c","0c","0c","0c","3b","0c","0c","0c","0c","3b","3b","0c","0c","0c","0c","0c","0c","0c","3b","0c","0c","0c","3b","0c","0c","0c","3b","3b","0c","3b","0c","0c","0c","0c","0c","0c","0c"
"2023-02-12 11:00:00","PM10",NA,NA,NA,NA,NA,NA,NA,NA,NA,NA,NA,NA,NA,NA,NA,NA,NA,NA,NA,NA,NA,NA,NA,NA,NA,NA,NA,NA,NA,NA,NA,NA,NA,NA,NA,NA,NA,NA,NA,NA,"0c","3b","0c","0c","0c","0c","0c","0c","0c","3b","0c","0c","0c","0c","0c","0c","0c","0c","0c","0c","0c","0c","0c","0c","0c","0c","3b","0c","0c","0c","3b","0c","0c","0c","0c","0c","0c","0c","0c","0c"
"2023-02-12 12:00:00","PM2.5",NA,NA,NA,NA,NA,NA,NA,NA,NA,NA,NA,NA,NA,NA,NA,NA,NA,NA,NA,NA,NA,NA,NA,NA,NA,NA,NA,NA,NA,NA,NA,NA,NA,NA,NA,NA,NA,NA,NA,NA,"3b","3b","0c","0c","0c","0c","0c","0c","0c","3b","0c","0c","0c","3b","0c","0c","0c","0c","0c","0c","0c","3b","0c","0c","0c","0c","3b","0c","0c","0c","3b","0c","3b","0c","0c","0c","0c","0c","0c","0c"
"2023-02-12 13:00:00","PM10",NA,NA,0,448.6826,570.9792,99.3032,120.2307,2.3614,0,NA,NA,112.6037,0,0,3.0038,11.6054,0,0,1.8306,0,5.3285,NA,0,0,0,0,0,NA,0,NA,0,NA,NA,0,0,0,0,0,2.8127,0,"3b","3b","1b","1b","1b","1b","1b","1b","1b","3b","3b","1b","1b","1b","1b","1b","1b","1b","1b","1b","1b","3b","1b","1b","1b","1b","1b","3b","1b","3b","1b","3b","3b","1b","1b","1b","1b","1b","1b","1b"
"2023-02-12 14:00:00","PM2.5",0,0,0,463.702,49.5736,67.2375,32.4567,1.3258,0,0,0,54.2069,0,0,1.9208,8.5528,0,0,1.5746,0,4.8391,NA,0,0,0,14.7345,0,0,0,NA,0,0,NA,0,0,0,0,0,3.7761,0,"1b","1b","1b","1b","1b","1b","1b","1b","1b","1b","1b","1b","1b","1b","1b","1b","1b","1b","1b","1b","1b","3b","1b","1b","1b","1b","1b","1b","1b","3b","1b","1b","3b","1b","1b","1b","1b","1b","1b","1b"
"2023-02-12 15:00:00","PM10",NA,0,0,546.3227,507.8639,73.131,120.9669,3.2089,NA,NA,0,103.8727,0,0,2.4233,10.7063,0,0,1.3584,NA,4.7214,NA,0,0,0,18.1141,0,NA,0,0,NA,NA,NA,0,0,0,0,0,6.1928,0,"3b","1b","1b","1b","1b","1b","1b","1b","3b","3b","1b","1b","1b","1b","1b","1b","1b","1b","1b","3b","1b","3b","1b","1b","1b","1b","1b","3b","1b","1b","3b","3b","3b","1b","1b","1b","1b","1b","1b","1b"
"2023-02-12 16:00:00","PM2.5",NA,0,0,558.9437,19.342,62.0645,65.0405,NA,0,0,0,50.5974,0,0,1.1404,8.0877,0,0,1.1091,NA,4.0178,NA,0,0,0,15.5197,0,NA,0,0,NA,NA,0,0,0,0,0,0,4.0933,0,"3b","1b","1b","1b","1b","1b","1b","3b","1b","1b","1b","1b","1b","1b","1b","1b","1b","1b","1b","3b","1b","3b","1b","1b","1b","1b","1b","3b","1b","1b","3b","3b","1b","1b","1b","1b","1b","1b","1b","1b"
"2023-02-12 17:00:00","PM10",NA,0,0,490.3904,430.362,78.8518,101.156,3.5616,0,NA,NA,115.19,NA,0,3.0198,9.4369,0,0,0.6725,0,5.5002,NA,0,0,0,14.8309,NA,NA,0,NA,0,NA,NA,0,0,0,0,0,4.8067,0,"3b","1b","1b","1b","1b","1b","1b","1b","1b","3b","3b","1b","3b","1b","1b","1b","1b","1b","1b","1b","1b","3b","1b","1b","1b","1b","3b","3b","1b","3b","1b","3b","3b","1b","1b","1b","1b","1b","1b","1b"
"2023-02-12 18:00:00","PM2.5",NA,NA,NA,NA,NA,NA,NA,NA,NA,NA,NA,NA,NA,NA,NA,NA,NA,NA,NA,NA,NA,NA,NA,NA,NA,NA,NA,NA,NA,NA,NA,NA,NA,NA,NA,NA,NA,NA,NA,NA,"3b","0c","0c","0c","0c","0c","0c","3b","0c","3b","3b","0c","0c","3b","0c","0c","0c","0c","0c","0c","0c","3b","0c","0c","0c","3b","3b","3b","0c","3b","3b","0c","3b","0c","0c","0c","0c","0c","0c","0c"
"2023-02-12 19:00:00","PM10",NA,NA,NA,NA,NA,NA,NA,NA,NA,NA,NA,NA,NA,NA,NA,NA,NA,NA,NA,NA,NA,NA,NA,NA,NA,NA,NA,NA,NA,NA,NA,NA,NA,NA,NA,NA,NA,NA,NA,NA,"0c","0c","0c","0c","0c","0c","0c","0c","3b","3b","3b","0c","0c","3b","0c","0c","0c","0c","0c","0c","0c","3b","0c","0c","0c","3b","0c","3b","0c","0c","3b","3b","3b","0c","0c","0c","0c","0c","0c","0c"
"2023-02-12 20:00:00","PM2.5",NA,NA,NA,NA,NA,NA,NA,NA,NA,NA,NA,NA,NA,NA,NA,NA,NA,NA,NA,NA,NA,NA,NA,NA,NA,NA,NA,NA,NA,NA,NA,NA,NA,NA,NA,NA,NA,NA,NA,NA,"0c","0c","0c","0c","0c","0c","0c","3b","0c","0c","0c","0c","0c","0c","0c","0c","0c","0c","3b","0c","0c","3b","0c","0c","0c","3b","0c","0c","0c","0c","0c","3b","0c","0c","0c","0c","0c","0c","0c","0c"
"2023-02-12 21:00:00","PM10",NA,NA,NA,NA,NA,NA,NA,NA,NA,NA,NA,NA,NA,NA,NA,NA,NA,NA,NA,NA,NA,NA,NA,NA,NA,NA,NA,NA,NA,NA,NA,NA,NA,NA,NA,NA,NA,NA,NA,NA,"0c","3b","0c","0c","0c","0c","0c","0c","3b","0c","0c","0c","0c","3b","0c","0c","0c","0c","0c","0c","0c","3b","0c","0c","0c","0c","3b","3b","0c","0c","3b","3b","3b","0c","3b","0c","0c","0c","0c","0c"
"2023-02-12 22:00:00","PM2.5",NA,NA,NA,NA,NA,NA,NA,NA,NA,NA,NA,NA,NA,NA,NA,NA,NA,NA,NA,NA,NA,NA,NA,NA,NA,NA,NA,NA,NA,NA,NA,NA,NA,NA,NA,NA,NA,NA,NA,NA,"0c","0c","0c","0c","0c","0c","0c","3b","3b","0c","0c","0c","0c","0c","0c","0c","3b","0c","3b","3b","0c","3b","0c","0c","0c","0c","3b","0c","0c","3b","0c","0c","0c","0c","3b","0c","0c","0c","0c","0c"
"2023-02-12 23:00:00","PM10",NA,0,0,353.1599,0,33.2247,230.4215,NA,0,NA,NA,39.2639,0,0,0.8227,2.5382,0,0,0.6409,NA,1.2699,NA,NA,0,0,NA,0,0,0,NA,NA,0.2184,NA,0,0,0,0,0,NA,0,"3b","1b","1b","1b","1b","1b","1b","3b","1b","3b","3b","1b","1b","1b","1b","1b","1b","1b","1b","3b","1b","3b","3b","1b","1b","3b","1b","1b","1b","3b","3b","1b","3b","1b","1b","1b","1b","1b","3b","1b"
"2023-02-13 00:30:00","PM2.5",0,0,0,122.9295,0,27.8461,18.8334,NA,0,0,0,10.4926,NA,0,0.965,3.3685,0,0,NA,0,NA,NA,0,0,0,32.4024,0,NA,0,0,0,NA,NA,0,0,0,0,0,0,0,"1b","1b","1b","1b","1b","1b","1b","3b","1b","1b","1b","1b","3b","1b","1b","1b","1b","1b","3b","1b","3b","3b","1b","1b","1b","1b","1b","3b","1b","1b","1b","3b","3b","1b","1b","1b","1b","1b","1b","1b"
"2023-02-13 01:00:00","PM10",NA,1.9762,0,278.5114,0,31.0795,460.1558,NA,NA,0,0,27.4582,0,NA,0.746,6.882,0,0,0.7623,NA,1.6544,NA,0,0,0,NA,0,NA,0,NA,NA,NA,NA,0,0,0,0,0,0,0,"3b","1b","1b","1b","1b","1b","1b","3b","3b","1b","1b","1b","1b","3b","1b","1b","1b","1b","1b","3b","1b","3b","1b","1b","1b","3b","1b","3b","1b","3b","3b","3b","3b","1b","1b","1b","1b","1b","1b","1b"
"2023-02-13 02:00:00","PM2.5",NA,NA,NA,NA,NA,NA,NA,NA,NA,NA,NA,NA,NA,NA,NA,NA,NA,NA,NA,NA,NA,NA,NA,NA,NA,NA,NA,NA,NA,NA,NA,NA,NA,NA,NA,NA,NA,NA,NA,NA,"0c","0c","0c","0c","0c","0c","0c","0c","3b","3b","0c","0c","0c","0c","0c","0c","0c","0c","0c","0c","0c","3b","0c","0c","0c","0c","3b","3b","0c","0c","3b","3b","0c","0c","0c","0c","0c","0c","0c","0c"
"2023-02-13 03:00:00","PM10",NA,NA,NA,NA,NA,NA,NA,NA,NA,NA,NA,NA,NA,NA,NA,NA,NA,NA,NA,NA,NA,NA,NA,NA,NA,NA,NA,NA,NA,NA,NA,NA,NA,NA,NA,NA,NA,NA,NA,NA,"0c","0c","0c","0c","0c","0c","0c","0c","3b","0c","3b","0c","0c","0c","0c","0c","0c","0c","0c","0c","0c","3b","0c","0c","0c","3b","0c","3b","0c","3b","3b","3b","3b","0c","0c","0c","0c","0c","0c","0c"
"2023-02-13 04:00:00","PM2.5",NA,NA,NA,NA,NA,NA,NA,NA,NA,NA,NA,NA,NA,NA,NA,NA,NA,NA,NA,NA,NA,NA,NA,NA,NA,NA,NA,NA,NA,NA,NA,NA,NA,NA,NA,NA,NA,NA,NA,NA,"3b","0c","0c","0c","0c","0c","0c","3b","3b","3b","0c","0c","0c","0c","0c","0c","0c","0c","3b","3b","0c","3b","0c","0c","0c","0c","0c","0c","0c","3b","3b","3b","3b","0c","0c","0c","0c","0c","0c","0c"
"2023-02-13 05:00:00","PM10",NA,0,0,505.3736,15.101,70.0862,241.6608,1.4441,NA,NA,NA,42.8019,0,0,1.0974,12.4513,0,0,0,0,4.2094,NA,0,0,0,21.5247,NA,NA,0,0,NA,0,NA,0,0,0,0,0,1.8507,0,"3b","1b","1b","1b","1b","1b","1b","1b","3b","3b","3b","1b","1b","1b","1b","1b","1b","1b","1b","1b","1b","3b","1b","1b","1b","1b","3b","3b","1b","1b","3b","1b","3b","1b","1b","1b","1b","1b","1b","1b"
"2023-02-13 06:00:00","PM2.5",NA,NA,NA,NA,NA,NA,NA,NA,NA,NA,NA,NA,NA,NA,NA,NA,NA,NA,NA,NA,NA,NA,NA,NA,NA,NA,NA,NA,NA,NA,NA,NA,NA,NA,NA,NA,NA,NA,NA,NA,"0c","0c","0c","0c","0c","0c","0c","3b","3b","3b","3b","0c","0c","3b","0c","0c","0c","0c","0c","3b","0c","0c","0c","0c","0c","0c","0c","3b","0c","3b","3b","3b","3b","0c","0c","0c","0c","0c","3b","0c"
"2023-02-13 07:00:00","PM10",NA,NA,NA,NA,NA,NA,NA,NA,NA,NA,NA,NA,NA,NA,NA,NA,NA,NA,NA,NA,NA,NA,NA,NA,NA,NA,NA,NA,NA,NA,NA,NA,NA,NA,NA,NA,NA,NA,NA,NA,"0c","0c","0c","0c","0c","0c","0c","0c","3b","3b","0c","0c","0c","0c","0c","0c","0c","0c","3b","3b","0c","3b","0c","0c","0c","0c","3b","0c","0c","0c","3b","0c","3b","0c","0c","0c","0c","0c","0c","0c"
"2023-02-13 08:00:00","PM2.5",NA,NA,NA,NA,NA,NA,NA,NA,NA,NA,NA,NA,NA,NA,NA,NA,NA,NA,NA,NA,NA,NA,NA,NA,NA,NA,NA,NA,NA,NA,NA,NA,NA,NA,NA,NA,NA,NA,NA,NA,"0c","0c","0c","0c","0c","0c","0c","3b","3b","3b","3b","0c","0c","0c","0c","0c","0c","0c","0c","0c","0c","3b","0c","0c","0c","0c","0c","0c","0c","0c","3b","0c","3b","0c","0c","0c","0c","0c","0c","0c"
"2023-02-13 09:00:00","PM10",NA,NA,NA,NA,NA,NA,NA,NA,NA,NA,NA,NA,NA,NA,NA,NA,NA,NA,NA,NA,NA,NA,NA,NA,NA,NA,NA,NA,NA,NA,NA,NA,NA,NA,NA,NA,NA,NA,NA,NA,"0c","3b","0c","0c","0c","0c","0c","0c","0c","0c","0c","0c","0c","0c","0c","0c","0c","0c","0c","3b","0c","3b","0c","0c","0c","3b","0c","0c","0c","3b","0c","3b","0c","0c","0c","0c","0c","0c","0c","0c"
"2023-02-13 10:00:00","PM2.5",NA,NA,NA,NA,NA,NA,NA,NA,NA,NA,NA,NA,NA,NA,NA,NA,NA,NA,NA,NA,NA,NA,NA,NA,NA,NA,NA,NA,NA,NA,NA,NA,NA,NA,NA,NA,NA,NA,NA,NA,"3b","0c","0c","0c","0c","0c","0c","3b","3b","3b","0c","0c","0c","0c","0c","0c","0c","0c","0c","3b","0c","3b","0c","0c","0c","0c","3b","3b","0c","3b","3b","3b","0c","0c","0c","0c","0c","0c","0c","0c"
"2023-02-13 11:00:00","PM10",NA,NA,0,1048.7987,465.845,96.8161,302.6427,4.3019,0,0.6146,2.1879,175.6888,0,NA,3.0226,61.4287,0,0,1.7934,NA,2.687,NA,0,0,0,11.7066,NA,NA,0,NA,NA,0,NA,0,0,0,0,0,3.5704,0,"3b","3b","1b","1b","1b","1b","1b","1b","1b","1b","1b","1b","1b","3b","1b","1b","1b","1b","1b","3b","1b","3b","1b","1b","1b","1b","3b","3b","1b","3b","3b","1b","3b","1b","1b","1b","1b","1b","1b","1b"
"2023-02-13 12:00:00","PM2.5",0,0,0,1165.2185,0,86.7976,88.4284,3.0659,NA,NA,1.2492,75.9652,0,0,4.5545,21.8004,0,0,2.1129,0.499,3.2796,NA,0,0,0,NA,0,NA,0,0,0,NA,0,0,0,0,0,0,11.3724,0,"1b","1b","1b","1b","1b","1b","1b","1b","3b","3b","1b","1b","1b","1b","1b","1b","1b","1b","1b","1b","1b","3b","1b","1b","1b","3b","1b","3b","1b","1b","1b","3b","1b","1b","1b","1b","1b","1b","1b","1b"
"2023-02-13 13:00:00","PM10",NA,NA,0,1077.7568,500.0875,105.8366,311.5011,5.3723,NA,0.7407,1.7783,164.9057,NA,NA,5.2052,21.681,0,0,1.9506,NA,3.2919,NA,0,0,0,11.2116,NA,NA,0,0,NA,0,3.6132,0,0,0,0,0,7.1498,0,"3b","3b","1b","1b","1b","1b","1b","1b","3b","1b","1b","1b","3b","3b","1b","1b","1b","1b","1b","3b","1b","3b","1b","1b","1b","1b","3b","3b","1b","1b","3b","1b","1b","1b","1b","1b","1b","1b","1b","1b"
"2023-02-13 14:00:00","PM2.5",NA,NA,NA,NA,NA,NA,NA,NA,NA,NA,NA,NA,NA,NA,NA,NA,NA,NA,NA,NA,NA,NA,NA,NA,NA,NA,NA,NA,NA,NA,NA,NA,NA,NA,NA,NA,NA,NA,NA,NA,"0c","0c","0c","0c","0c","0c","0c","0c","3b","0c","3b","0c","0c","3b","0c","0c","0c","0c","0c","3b","0c","3b","0c","0c","0c","0c","0c","0c","0c","3b","3b","0c","3b","0c","0c","0c","0c","0c","0c","0c"
"2023-02-13 15:00:00","PM10",NA,NA,NA,NA,NA,NA,NA,NA,NA,NA,NA,NA,NA,NA,NA,NA,NA,NA,NA,NA,NA,NA,NA,NA,NA,NA,NA,NA,NA,NA,NA,NA,NA,NA,NA,NA,NA,NA,NA,NA,"0c","0c","0c","0c","0c","0c","0c","0c","3b","0c","0c","0c","0c","3b","0c","0c","0c","0c","0c","3b","0c","3b","0c","0c","0c","3b","0c","0c","0c","0c","3b","3b","3b","0c","0c","0c","0c","0c","0c","0c"
"2023-02-13 16:00:00","PM2.5",NA,NA,NA,NA,NA,NA,NA,NA,NA,NA,NA,NA,NA,NA,NA,NA,NA,NA,NA,NA,NA,NA,NA,NA,NA,NA,NA,NA,NA,NA,NA,NA,NA,NA,NA,NA,NA,NA,NA,NA,"3b","0c","0c","0c","0c","0c","0c","0c","3b","3b","3b","0c","0c","0c","0c","0c","0c","0c","0c","3b","0c","3b","0c","0c","0c","0c","3b","3b","0c","0c","3b","3b","0c","0c","0c","0c","0c","0c","0c","0c"
"2023-02-13 17:00:00","PM10",NA,NA,0,883.0021,359.8121,132.8837,243.0532,6.2089,NA,1.1902,2.6203,311.5884,0,NA,8.162,21.4591,0,0,3.4533,0.628,4.7047,NA,0,0,0,11.1961,NA,NA,0,0,0,NA,4.1317,0,0,0,0,0,26.7804,0,"3b","3b","1b","1b","1b","1b","1b","1b","3b","1b","1b","1b","1b","3b","1b","1b","1b","1b","1b","1b","1b","3b","1b","1b","1b","1b","3b","3b","1b","1b","1b","3b","1b","1b","1b","1b","1b","1b","1b","1b"
"2023-02-13 18:00:00","PM2.5",NA,0,0,855.6581,0,156.7041,63.9302,2.0522,NA,NA,1.2373,159.6709,0,NA,5.3754,25.6875,0,0,1.9435,0.4514,4.0907,0,0,0,0,20.4688,0,NA,0,0,NA,NA,NA,0,0,0,0,0,11.3219,0,"3b","1b","1b","1b","1b","1b","1b","1b","3b","3b","1b","1b","1b","3b","1b","1b","1b","1b","1b","1b","1b","1b","1b","1b","1b","1b","1b","3b","1b","1b","3b","3b","3b","1b","1b","1b","1b","1b","1b","1b"
"2023-02-13 19:00:00","PM10",NA,NA,0,932.8156,222.059,206.5034,442.9235,6.0757,NA,0.724,2.5332,360.756,0,0.526,10.2154,31.4928,0,0,3.8177,0.4335,4.8841,NA,0,NA,0,NA,0,0,0,0,0,NA,4.3164,0,0,0,0,0,17.7764,0,"3b","3b","1b","1b","1b","1b","1b","1b","3b","1b","1b","1b","1b","1b","1b","1b","1b","1b","1b","1b","1b","3b","1b","3b","1b","3b","1b","1b","1b","1b","1b","3b","1b","1b","1b","1b","1b","1b","1b","1b"
"2023-02-13 20:00:00","PM2.5",NA,NA,NA,NA,NA,NA,NA,NA,NA,NA,NA,NA,NA,NA,NA,NA,NA,NA,NA,NA,NA,NA,NA,NA,NA,NA,NA,NA,NA,NA,NA,NA,NA,NA,NA,NA,NA,NA,NA,NA,"3b","0c","0c","0c","0c","0c","0c","3b","3b","3b","0c","0c","0c","0c","0c","0c","0c","0c","0c","3b","0c","3b","0c","0c","0c","0c","3b","0c","0c","0c","3b","0c","0c","0c","0c","0c","0c","0c","0c","0c"
"2023-02-13 21:00:00","PM10",NA,NA,NA,NA,NA,NA,NA,NA,NA,NA,NA,NA,NA,NA,NA,NA,NA,NA,NA,NA,NA,NA,NA,NA,NA,NA,NA,NA,NA,NA,NA,NA,NA,NA,NA,NA,NA,NA,NA,NA,"0c","0c","0c","0c","0c","0c","0c","0c","3b","0c","0c","0c","0c","0c","0c","0c","0c","0c","0c","3b","0c","3b","0c","3b","3b","0c","3b","3b","0c","0c","3b","3b","0c","0c","0c","0c","0c","0c","0c","0c"
"2023-02-13 22:00:00","PM2.5",NA,NA,NA,NA,NA,NA,NA,NA,NA,NA,NA,NA,NA,NA,NA,NA,NA,NA,NA,NA,NA,NA,NA,NA,NA,NA,NA,NA,NA,NA,NA,NA,NA,NA,NA,NA,NA,NA,NA,NA,"3b","0c","0c","0c","0c","0c","0c","0c","0c","0c","0c","0c","0c","0c","0c","0c","0c","0c","0c","0c","0c","3b","0c","0c","0c","0c","3b","0c","0c","0c","0c","3b","0c","0c","0c","0c","0c","0c","0c","0c"
"2023-02-13 23:00:00","PM10",NA,NA,0,814.8559,0,231.7468,210.2673,8.2375,NA,2.3276,3.8914,586.1353,0,1.4695,29.6017,28.9594,0,0,2.5858,NA,7.6254,NA,0,0,NA,NA,0,NA,NA,NA,NA,NA,11.1037,0,0,0,0,0,8.755,0,"3b","3b","1b","1b","1b","1b","1b","1b","3b","1b","1b","1b","1b","1b","1b","1b","1b","1b","1b","3b","1b","3b","1b","1b","3b","3b","1b","3b","3b","3b","3b","3b","1b","1b","1b","1b","1b","1b","1b","1b"
"2023-02-14 00:30:00","PM2.5",NA,0,0,754.8025,0,282.8584,35.978,6.1932,NA,NA,0,110.4723,0,NA,3.4996,47.2007,0,0,1.1946,NA,4.8723,NA,0,NA,0,NA,0,NA,0,0,NA,NA,0,0,NA,0,0,0,7.5655,0,"3b","1b","1b","1b","1b","1b","1b","1b","3b","3b","1b","1b","1b","3b","1b","1b","1b","1b","1b","3b","1b","3b","1b","3b","1b","3b","1b","3b","1b","1b","3b","3b","1b","1b","3b","1b","1b","1b","1b","1b"
"2023-02-14 01:00:00","PM10",NA,NA,0,938.6416,0,242.057,142.28,6.3523,1.4072,0.8209,1.3976,167.2276,0,0.8403,4.781,32.9518,0,0,1.5931,0.5974,5.1809,NA,0,NA,0,0,0,NA,0,0,NA,NA,NA,0,0,0,0,0,8.1839,0,"3b","3b","1b","1b","1b","1b","1b","1b","1b","1b","1b","1b","1b","1b","1b","1b","1b","1b","1b","1b","1b","3b","1b","3b","1b","1b","1b","3b","1b","1b","3b","3b","3b","1b","1b","1b","1b","1b","1b","1b"
"2023-02-14 02:00:00","PM2.5",0,0,0,865.0151,0,201.3237,19.5377,3.5352,0.9722,NA,0.9435,70.0128,0,0.6933,2.8114,22.7597,0,0,1.5962,0.9124,4.5901,0,0,0,0,NA,NA,NA,0,NA,NA,NA,NA,0,0,0,0,0,7.1745,0,"1b","1b","1b","1b","1b","1b","1b","1b","1b","3b","1b","1b","1b","1b","1b","1b","1b","1b","1b","1b","1b","1b","1b","1b","1b","3b","3b","3b","1b","3b","3b","3b","3b","1b","1b","1b","1b","1b","1b","1b"
"2023-02-14 03:00:00","PM10",NA,0,0,961.6916,0,197.6746,106.9425,3.7829,NA,NA,0.8108,116.4533,NA,0.5395,3.9414,22.678,0,0,2.6288,1.0389,6.5521,NA,0,0,0,0,0,NA,0,NA,NA,NA,NA,0,0,0,0,0,5.3327,0,"3b","1b","1b","1b","1b","1b","1b","1b","3b","3b","1b","1b","3b","1b","1b","1b","1b","1b","1b","1b","1b","3b","1b","1b","1b","1b","1b","3b","1b","3b","3b","3b","3b","1b","1b","1b","1b","1b","1b","1b"
"2023-02-14 04:00:00","PM2.5",NA,0,0,773.8098,0,192.2238,11.0694,2.2748,0.996,NA,NA,51.3878,NA,0.5654,2.548,18.5797,0,0,1.1985,0.781,4.0743,NA,0,0,0,9.4818,0.0622,0,0,NA,NA,NA,0,0,0,0,0,0,7.1123,0,"3b","1b","1b","1b","1b","1b","1b","1b","1b","3b","3b","1b","3b","1b","1b","1b","1b","1b","1b","1b","1b","3b","1b","1b","1b","1b","1b","1b","1b","3b","3b","3b","1b","1b","1b","1b","1b","1b","1b","1b"
"2023-02-14 05:00:00","PM10",NA,0,0,693.4017,0,163.8053,13.0813,5.3855,0.9219,0.7788,NA,65.2405,0,NA,2.5361,15.5129,0,0,0.8347,0.5154,5.4221,NA,0,0,0,0,NA,NA,0,NA,NA,NA,0,0,0,0,0,0,5.1247,0,"3b","1b","1b","1b","1b","1b","1b","1b","1b","1b","3b","1b","1b","3b","1b","1b","1b","1b","1b","1b","1b","3b","1b","1b","1b","1b","3b","3b","1b","3b","3b","3b","1b","1b","1b","1b","1b","1b","1b","1b"
"2023-02-14 06:00:00","PM2.5",NA,NA,NA,NA,NA,NA,NA,NA,NA,NA,NA,NA,NA,NA,NA,NA,NA,NA,NA,NA,NA,NA,NA,NA,NA,NA,NA,NA,NA,NA,NA,NA,NA,NA,NA,NA,NA,NA,NA,NA,"3b","0c","0c","0c","0c","0c","3b","0c","0c","0c","3b","0c","0c","3b","0c","0c","0c","0c","0c","3b","0c","3b","0c","0c","0c","0c","3b","3b","0c","0c","0c","3b","3b","0c","0c","0c","0c","0c","0c","0c"
"2023-02-14 07:00:00","PM10",NA,NA,NA,NA,NA,NA,NA,NA,NA,NA,NA,NA,NA,NA,NA,NA,NA,NA,NA,NA,NA,NA,NA,NA,NA,NA,NA,NA,NA,NA,NA,NA,NA,NA,NA,NA,NA,NA,NA,NA,"0c","0c","0c","0c","0c","0c","0c","0c","3b","0c","3b","0c","3b","0c","0c","0c","0c","0c","0c","0c","0c","3b","0c","0c","0c","3b","0c","0c","0c","3b","0c","3b","0c","0c","0c","0c","0c","0c","0c","0c"
"2023-02-14 08:00:00","PM2.5",NA,NA,NA,NA,NA,NA,NA,NA,NA,NA,NA,NA,NA,NA,NA,NA,NA,NA,NA,NA,NA,NA,NA,NA,NA,NA,NA,NA,NA,NA,NA,NA,NA,NA,NA,NA,NA,NA,NA,NA,"0c","0c","0c","0c","0c","0c","0c","3b","3b","0c","0c","0c","3b","3b","0c","0c","0c","0c","0c","0c","0c","3b","0c","0c","0c","3b","3b","3b","0c","3b","0c","3b","0c","0c","0c","0c","0c","0c","0c","0c"
"2023-02-14 09:00:00","PM10",NA,0,0,519.3224,0,149.7244,48.7438,1.178,NA,NA,0.8955,100.7255,NA,NA,3.3985,13.4843,0,0,1.4106,0.4056,4.0794,NA,0,0,0,10.2388,0,0,0,NA,0,0,NA,0,0,0,0,0,2.6637,0,"3b","1b","1b","1b","1b","1b","1b","1b","3b","3b","1b","1b","3b","3b","1b","1b","1b","1b","1b","1b","1b","3b","1b","1b","1b","1b","1b","1b","1b","3b","1b","1b","3b","1b","1b","1b","1b","1b","1b","1b"
"2023-02-14 10:00:00","PM2.5",NA,NA,NA,NA,NA,NA,NA,NA,NA,NA,NA,NA,NA,NA,NA,NA,NA,NA,NA,NA,NA,NA,NA,NA,NA,NA,NA,NA,NA,NA,NA,NA,NA,NA,NA,NA,NA,NA,NA,NA,"0c","0c","0c","0c","0c","0c","0c","3b","3b","3b","0c","0c","3b","3b","0c","0c","0c","0c","0c","0c","0c","0c","0c","0c","0c","0c","0c","0c","0c","3b","0c","3b","3b","0c","0c","0c","0c","0c","0c","0c"
"2023-02-14 11:00:00","PM10",NA,NA,NA,NA,NA,NA,NA,NA,NA,NA,NA,NA,NA,NA,NA,NA,NA,NA,NA,NA,NA,NA,NA,NA,NA,NA,NA,NA,NA,NA,NA,NA,NA,NA,NA,NA,NA,NA,NA,NA,"0c","3b","0c","0c","0c","0c","0c","0c","0c","3b","3b","0c","0c","3b","0c","0c","0c","0c","0c","3b","0c","3b","0c","3b","0c","3b","0c","0c","0c","3b","3b","0c","3b","0c","0c","0c","0c","0c","0c","0c"
"2023-02-14 12:00:00","PM2.5",NA,NA,NA,NA,NA,NA,NA,NA,NA,NA,NA,NA,NA,NA,NA,NA,NA,NA,NA,NA,NA,NA,NA,NA,NA,NA,NA,NA,NA,NA,NA,NA,NA,NA,NA,NA,NA,NA,NA,NA,"3b","0c","0c","0c","0c","0c","0c","0c","3b","0c","0c","0c","0c","3b","0c","0c","0c","0c","0c","3b","0c","3b","0c","3b","0c","3b","0c","3b","0c","3b","0c","3b","3b","0c","0c","0c","0c","0c","0c","0c"
"2023-02-14 13:00:00","PM10",NA,NA,0,741.7024,17.1352,139.0065,447.8868,6.8011,0,NA,1.3083,162.7494,NA,0.0048,3.7624,26.2322,0,0,2.3568,NA,5.7178,NA,0,0,0,11.9502,0,0,0,0,NA,0,4.1541,0,0,0,0,0,14.5239,0,"3b","3b","1b","1b","1b","1b","1b","1b","1b","3b","1b","1b","3b","1b","1b","1b","1b","1b","1b","3b","1b","3b","1b","1b","1b","1b","1b","1b","1b","1b","3b","1b","1b","1b","1b","1b","1b","1b","1b","1b"
"2023-02-14 14:00:00","PM2.5",NA,NA,NA,NA,NA,NA,NA,NA,NA,NA,NA,NA,NA,NA,NA,NA,NA,NA,NA,NA,NA,NA,NA,NA,NA,NA,NA,NA,NA,NA,NA,NA,NA,NA,NA,NA,NA,NA,NA,NA,"0c","3b","0c","0c","0c","0c","0c","0c","3b","3b","3b","0c","3b","3b","0c","0c","0c","0c","0c","3b","0c","3b","0c","0c","0c","0c","3b","3b","0c","3b","3b","3b","3b","0c","0c","0c","0c","0c","0c","0c"
"2023-02-14 15:00:00","PM10",NA,NA,NA,NA,NA,NA,NA,NA,NA,NA,NA,NA,NA,NA,NA,NA,NA,NA,NA,NA,NA,NA,NA,NA,NA,NA,NA,NA,NA,NA,NA,NA,NA,NA,NA,NA,NA,NA,NA,NA,"0c","3b","0c","0c","0c","0c","0c","0c","0c","3b","0c","0c","0c","3b","0c","0c","0c","0c","0c","3b","0c","3b","0c","0c","0c","0c","0c","3b","0c","3b","3b","3b","0c","0c","0c","0c","0c","0c","0c","0c"
"2023-02-14 16:00:00","PM2.5",NA,NA,NA,NA,NA,NA,NA,NA,NA,NA,NA,NA,NA,NA,NA,NA,NA,NA,NA,NA,NA,NA,NA,NA,NA,NA,NA,NA,NA,NA,NA,NA,NA,NA,NA,NA,NA,NA,NA,NA,"0c","0c","0c","0c","0c","0c","0c","0c","3b","3b","0c","0c","3b","0c","0c","0c","0c","0c","0c","3b","0c","3b","0c","0c","0c","0c","0c","0c","0c","3b","3b","0c","3b","0c","0c","0c","0c","0c","0c","0c"
"2023-02-14 17:00:00","PM10",NA,182.975,0,597.0452,911.8066,171.132,325.5199,10.0875,NA,2.0901,3.1821,495.7191,NA,NA,12.7376,24.8801,0,0,2.3073,NA,7.3757,NA,0,NA,0,NA,0.0144,NA,0,0,NA,NA,10.6022,0,0,0,0,0,3.1463,0,"3b","1b","1b","1b","1b","1b","1b","1b","3b","1b","1b","1b","3b","3b","1b","1b","1b","1b","1b","3b","1b","3b","1b","3b","1b","3b","1b","3b","1b","1b","3b","3b","1b","1b","1b","1b","1b","1b","1b","1b"
"2023-02-14 18:00:00","PM2.5",NA,NA,0,629.4552,254.9977,213.0946,81.0335,3.8638,NA,0.723,1.287,235.9177,NA,0.7317,6.9716,42.3094,0,0,3.2396,NA,8.0464,NA,0,0,0,14.1932,NA,NA,0,NA,NA,NA,3.3902,0,0,0,0,0,8.2934,0,"3b","3b","1b","1b","1b","1b","1b","1b","3b","1b","1b","1b","3b","1b","1b","1b","1b","1b","1b","3b","1b","3b","1b","1b","1b","1b","3b","3b","1b","3b","3b","3b","1b","1b","1b","1b","1b","1b","1b","1b"
"2023-02-14 19:00:00","PM10",NA,NA,0,712.6619,318.8036,266.49,235.0172,6.3188,NA,2.6597,3.4329,470.6204,NA,2.3024,11.2233,38.279,0,0,3.1033,NA,8.5838,NA,0,NA,0,9.8792,NA,0,0,0,NA,0,8.3243,0,0,0,0,0,8.4197,0,"3b","3b","1b","1b","1b","1b","1b","1b","3b","1b","1b","1b","3b","1b","1b","1b","1b","1b","1b","3b","1b","3b","1b","3b","1b","1b","3b","1b","1b","1b","3b","1b","1b","1b","1b","1b","1b","1b","1b","1b"
"2023-02-14 20:00:00","PM2.5",0,0,0,927.8529,134.7498,253.0138,128.9816,1.9792,0.8525,1.3815,0.9898,213.0726,NA,2.914,6.9852,25.5573,0,0,3.5943,0.5557,5.762,NA,0,0,0,NA,0,0,0,NA,NA,NA,NA,0,0,0,0,0,9.6616,0,"1b","1b","1b","1b","1b","1b","1b","1b","1b","1b","1b","1b","3b","1b","1b","1b","1b","1b","1b","1b","1b","3b","1b","1b","1b","3b","1b","1b","1b","3b","3b","3b","3b","1b","1b","1b","1b","1b","1b","1b"
"2023-02-14 21:00:00","PM10",NA,NA,0,1040.4442,221.5685,622.232,1083.4424,13.2495,NA,1.2774,3.1271,389.8445,0.7657,1.7411,17.4994,37.7699,0,0,4.7717,NA,8.5933,7.9312,0,NA,0,10.1326,0.0361,NA,0,NA,0,NA,14.965,0,0,0,0,0,18.2874,1.5294,"3b","3b","1b","1b","1b","1b","1b","1b","3b","1b","1b","1b","1b","1b","1b","1b","1b","1b","1b","3b","1b","1b","1b","3b","1b","1b","1b","3b","1b","3b","1b","3b","1b","1b","1b","1b","1b","1b","1b","1b"
"2023-02-14 22:00:00","PM2.5",NA,NA,NA,NA,NA,NA,NA,NA,NA,NA,NA,NA,NA,NA,NA,NA,NA,NA,NA,NA,NA,NA,NA,NA,NA,NA,NA,NA,NA,NA,NA,NA,NA,NA,NA,NA,NA,NA,NA,NA,"0c","0c","0c","0c","0c","0c","0c","0c","3b","3b","0c","0c","3b","0c","0c","0c","0c","0c","0c","3b","0c","3b","0c","0c","0c","3b","3b","3b","0c","0c","3b","3b","3b","0c","0c","0c","0c","0c","0c","0c"
"2023-02-14 23:00:00","PM10",NA,NA,NA,NA,NA,NA,NA,NA,NA,NA,NA,NA,NA,NA,NA,NA,NA,NA,NA,NA,NA,NA,NA,NA,NA,NA,NA,NA,NA,NA,NA,NA,NA,NA,NA,NA,NA,NA,NA,NA,"0c","0c","0c","0c","0c","0c","0c","0c","3b","3b","0c","0c","3b","0c","0c","0c","0c","0c","0c","3b","0c","3b","0c","0c","0c","0c","0c","3b","0c","3b","0c","3b","0c","0c","0c","0c","0c","0c","0c","0c"
"2023-02-15 00:30:00","PM2.5",NA,0,0,620.7136,0,269.435,295.5935,4.4312,NA,0,NA,144.0155,NA,NA,6.6383,28.1091,0,0.0025,2.5336,0,9.9608,NA,0,0,NA,38.4227,NA,0,0,0,NA,NA,NA,0,0,0,0,0,10.9295,0,"3b","1b","1b","1b","1b","1b","1b","1b","3b","1b","3b","1b","3b","3b","1b","1b","1b","1b","1b","1b","1b","3b","1b","1b","3b","1b","3b","1b","1b","1b","3b","3b","3b","1b","1b","1b","1b","1b","1b","1b"
"2023-02-15 01:00:00","PM10",0,489.4245,0,670.446,0,329.6871,444.7817,17.9581,NA,0.9381,2.7281,270.225,0,0.7866,6.1608,32.7706,0,0,3.0163,0.5857,8.5871,NA,0,NA,0,NA,NA,0,0,0,NA,NA,NA,0,0,0,0,0,10.563,0,"1b","1b","1b","1b","1b","1b","1b","1b","3b","1b","1b","1b","1b","1b","1b","1b","1b","1b","1b","1b","1b","3b","1b","3b","1b","3b","3b","1b","1b","1b","3b","3b","3b","1b","1b","1b","1b","1b","1b","1b"
"2023-02-15 02:00:00","PM2.5",NA,NA,0,585.2974,0,301.6798,54.8822,6.0126,0.8612,NA,NA,121.7072,0,0.531,4.1932,30.5738,0,0,3.5121,0.479,8.0082,NA,0,NA,0,11.0671,NA,0,0,NA,NA,NA,0,0,0,0,0,0,10.731,0,"3b","3b","1b","1b","1b","1b","1b","1b","1b","3b","3b","1b","1b","1b","1b","1b","1b","1b","1b","1b","1b","3b","1b","3b","1b","1b","3b","1b","1b","3b","3b","3b","1b","1b","1b","1b","1b","1b","1b","1b"
"2023-02-15 03:00:00","PM10",0,350.916,0,643.2758,0,349.877,323.5067,14.5997,NA,NA,2.4526,259.6301,0,NA,6.2879,30.2371,0,0,3.8099,0.5127,7.3472,NA,0,NA,0,NA,NA,NA,0,NA,NA,NA,NA,0,0,0,0,0,9.4742,0,"1b","1b","1b","1b","1b","1b","1b","1b","3b","3b","1b","1b","1b","3b","1b","1b","1b","1b","1b","1b","1b","3b","1b","3b","1b","3b","3b","3b","1b","3b","3b","3b","3b","1b","1b","1b","1b","1b","1b","1b"
"2023-02-15 04:00:00","PM2.5",NA,0.7199,0,529.2371,0,259.5369,94.5185,4.6074,NA,NA,1.0539,121.2288,0,NA,4.0284,23.894,0,0,2.7646,0.489,7.6145,NA,0,NA,0,NA,NA,NA,NA,0,NA,0,NA,0,0,0,0,0,7.8794,0,"3b","1b","1b","1b","1b","1b","1b","1b","3b","3b","1b","1b","1b","3b","1b","1b","1b","1b","1b","1b","1b","3b","1b","3b","1b","3b","3b","3b","3b","1b","3b","1b","3b","1b","1b","1b","1b","1b","1b","1b"
"2023-02-15 05:00:00","PM10",0,767.2237,0,683.294,0,335.7311,330.8487,21.4601,NA,NA,4.0944,290.1926,NA,NA,6.7781,26.338,0,0,1.3398,NA,7.0353,NA,NA,0,0,9.5985,NA,NA,0,NA,0,0,0,0,NA,0,0,0,8.6517,0,"1b","1b","1b","1b","1b","1b","1b","1b","3b","3b","1b","1b","3b","3b","1b","1b","1b","1b","1b","3b","1b","3b","3b","1b","1b","1b","3b","3b","1b","3b","1b","1b","1b","1b","3b","1b","1b","1b","1b","1b"
"2023-02-15 06:00:00","PM2.5",860.2658,0,0,497.4295,0,247.2091,44.6586,6.1628,NA,NA,1.7694,210.2265,0,NA,9.0793,23.012,0,0,1.5106,NA,5.4734,NA,0,0,0,18.7971,NA,NA,0,0,0,NA,NA,0,0,0,0,0,7.6183,0,"1b","1b","1b","1b","1b","1b","1b","1b","3b","3b","1b","1b","1b","3b","1b","1b","1b","1b","1b","3b","1b","3b","1b","1b","1b","1b","3b","3b","1b","1b","1b","3b","3b","1b","1b","1b","1b","1b","1b","1b"
"2023-02-15 07:00:00","PM10",NA,396.2211,0,610.4079,0,294.2263,218.2513,15.8342,1.1827,1.7816,5.1665,630.0061,0,NA,18.4023,30.1238,0,0,2.0347,0.4816,6.1863,NA,0,NA,0,9.5801,NA,0,0,NA,0,0,12.6828,0,0,0,0,0,6.5082,0,"3b","1b","1b","1b","1b","1b","1b","1b","1b","1b","1b","1b","1b","3b","1b","1b","1b","1b","1b","1b","1b","3b","1b","3b","1b","1b","3b","1b","1b","3b","1b","1b","1b","1b","1b","1b","1b","1b","1b","1b"
"2023-02-15 08:00:00","PM2.5",NA,NA,0,572.8002,0,263.9561,106.0949,19.3134,1.8443,0.9563,2.9867,294.474,NA,NA,14.5575,31.1163,0,0,2.3553,NA,5.931,NA,0,0,0,26.872,NA,NA,0,NA,0.0713,0,4.6413,0,0,0,0,0,5.6555,0,"3b","3b","1b","1b","1b","1b","1b","1b","1b","1b","1b","1b","3b","3b","1b","1b","1b","1b","1b","3b","1b","3b","1b","1b","1b","1b","3b","3b","1b","3b","1b","1b","1b","1b","1b","1b","1b","1b","1b","1b"
"2023-02-15 09:00:00","PM10",NA,394.459,0,682.4823,332.1579,319.7587,470.552,22.2358,1.3735,1.8699,4.1557,537.2045,1.7162,NA,11.5512,71.0319,0,0,3.3183,NA,7.3947,NA,0,0,0,10.786,NA,NA,NA,NA,NA,0,8.6194,0,0,0,0,0,5.7802,0,"3b","1b","1b","1b","1b","1b","1b","1b","1b","1b","1b","1b","1b","3b","1b","1b","1b","1b","1b","3b","1b","3b","1b","1b","1b","1b","3b","3b","3b","3b","3b","1b","1b","1b","1b","1b","1b","1b","1b","1b"
"2023-02-15 10:00:00","PM2.5",NA,0,0,622.0379,59.2592,216.1509,92.0059,2.7685,1.5198,0,1.3483,103.5254,NA,0.6303,4.7375,19.7807,0,0,1.5678,NA,6.1004,NA,0,0,0,10.5106,NA,NA,0,0,NA,NA,NA,0,0,0,0,0,3.3192,0,"3b","1b","1b","1b","1b","1b","1b","1b","1b","1b","1b","1b","3b","1b","1b","1b","1b","1b","1b","3b","1b","3b","1b","1b","1b","1b","3b","3b","1b","1b","3b","3b","3b","1b","1b","1b","1b","1b","1b","1b"
"2023-02-15 11:00:00","PM10",NA,577.8709,0,670.3342,707.592,297.6229,506.698,15.4342,1.4066,0.8353,3.3137,295.6288,NA,NA,5.6605,23.4903,0,0,1.1779,NA,6.7124,2.1177,0,0,0,10.0398,NA,NA,0,0,0,NA,6.1636,0,0,0,0,0,4.2975,0,"3b","1b","1b","1b","1b","1b","1b","1b","1b","1b","1b","1b","3b","3b","1b","1b","1b","1b","1b","3b","1b","1b","1b","1b","1b","1b","3b","3b","1b","1b","1b","3b","1b","1b","1b","1b","1b","1b","1b","1b"
"2023-02-15 12:00:00","PM2.5",0,284.3242,0,583.717,129.7854,209.1955,220.6218,11.2994,NA,NA,1.7126,158.8294,0,NA,3.3737,20.4025,0,0,1.6717,NA,6.3639,NA,0,0,0,11.6064,0,NA,0,NA,0,0,NA,0,0,0,0,0,3.8885,0,"1b","1b","1b","1b","1b","1b","1b","1b","3b","3b","1b","1b","1b","3b","1b","1b","1b","1b","1b","3b","1b","3b","1b","1b","1b","1b","1b","3b","1b","3b","1b","1b","3b","1b","1b","1b","1b","1b","1b","1b"
"2023-02-15 13:00:00","PM10",NA,1431.2859,0,698.6731,1342.2063,329.5768,979.0099,35.0605,1.0683,1.3115,6.6628,458.8695,1.1241,0,5.9435,23.348,0,0,2.3248,NA,7.913,3.6202,0,NA,0,NA,NA,NA,0,0,NA,0,5.9508,0,0,0,0,0,2.2818,0,"3b","1b","1b","1b","1b","1b","1b","1b","1b","1b","1b","1b","1b","1b","1b","1b","1b","1b","1b","3b","1b","1b","1b","3b","1b","3b","3b","3b","1b","1b","3b","1b","1b","1b","1b","1b","1b","1b","1b","1b"
"2023-02-15 14:00:00","PM2.5",NA,373.2203,0,606.9228,267.052,211.6837,207.6388,11.9351,NA,NA,1.8978,191.4556,0.693,NA,4.4703,47.7681,0,0,2.2361,NA,7.0668,1.776,0,NA,0,NA,NA,0,0,0,NA,NA,NA,0,0,0,0,0,3.6775,0,"3b","1b","1b","1b","1b","1b","1b","1b","3b","3b","1b","1b","1b","3b","1b","1b","1b","1b","1b","3b","1b","1b","1b","3b","1b","3b","3b","1b","1b","1b","3b","3b","3b","1b","1b","1b","1b","1b","1b","1b"
"2023-02-15 15:00:00","PM10",NA,1015.9378,0,714.2006,1070.31,255.7559,584.3664,23.9497,NA,0.6584,4.6863,394.2878,NA,0.7167,8.0065,45.7805,0,0,2.3977,0.4673,9.4061,2.1731,0,0,0,NA,NA,NA,0,0,NA,0,7.2705,0,0,0,0,0,3.3527,0,"3b","1b","1b","1b","1b","1b","1b","1b","3b","1b","1b","1b","3b","1b","1b","1b","1b","1b","1b","1b","1b","1b","1b","1b","1b","3b","3b","3b","1b","1b","3b","1b","1b","1b","1b","1b","1b","1b","1b","1b"
"2023-02-15 16:00:00","PM2.5",0,NA,0,511.222,113.2662,139.7911,99.7001,5.5923,NA,NA,1.3871,139.0174,0,0,4.4939,29.4705,0,0,3.4583,NA,5.777,NA,0,0,0,13.0786,NA,0,0,NA,0,NA,2.9883,0,0,0,0,0,5.4863,0,"1b","3b","1b","1b","1b","1b","1b","1b","3b","3b","1b","1b","1b","1b","1b","1b","1b","1b","1b","3b","1b","3b","1b","1b","1b","1b","3b","1b","1b","3b","1b","3b","1b","1b","1b","1b","1b","1b","1b","1b"
"2023-02-15 17:00:00","PM10",NA,321.8691,0,505.477,423.5109,173.0185,224.4403,11.1687,0,0.6976,4.0112,514.2027,NA,NA,19.1613,35.916,0,0,5.8458,NA,6.1204,NA,0,NA,0,20.5876,0,NA,0,NA,NA,NA,10.801,0,0,0,0,NA,4.5364,0,"3b","1b","1b","1b","1b","1b","1b","1b","1b","1b","1b","1b","3b","3b","1b","1b","1b","1b","1b","3b","1b","3b","1b","3b","1b","1b","1b","3b","1b","3b","3b","3b","1b","1b","1b","1b","1b","3b","1b","1b"
"2023-02-15 18:00:00","PM2.5",NA,0,0,328.0479,61.4355,95.502,37.2191,4.1057,0,NA,1.9005,347.0984,NA,0,23.7663,23.3782,0,0,4.5795,NA,3.9018,NA,0,0,0,10.9732,0,NA,0,NA,0,NA,9.7245,0,0,0,0,0,2.1033,0,"3b","1b","1b","1b","1b","1b","1b","1b","1b","3b","1b","1b","3b","1b","1b","1b","1b","1b","1b","3b","1b","3b","1b","1b","1b","1b","1b","3b","1b","3b","1b","3b","1b","1b","1b","1b","1b","1b","1b","1b"
"2023-02-15 19:00:00","PM10",NA,NA,0,350.3231,234.665,156.6895,93.8745,6.6107,0,1.5561,4.6962,834.089,1.7411,0,32.9876,88.0837,0,0,5.3843,0.4383,5.3154,NA,0,0,0,16.5774,0,NA,0,NA,NA,NA,17.1727,0,0,0,0,0,4.8519,0,"3b","3b","1b","1b","1b","1b","1b","1b","1b","1b","1b","1b","1b","1b","1b","1b","1b","1b","1b","1b","1b","3b","1b","1b","1b","1b","1b","3b","1b","3b","3b","3b","1b","1b","1b","1b","1b","1b","1b","1b"
"2023-02-15 20:00:00","PM2.5",NA,0,0,274.045,261.6433,156.0128,19.8954,2.1366,0,NA,0.9564,197.8804,NA,NA,6.1142,49.1266,0,0,5.0082,0,5.926,NA,0,0,0,11.273,NA,0,0,0,NA,NA,NA,0,0,0,0,0,10.8783,0,"3b","1b","1b","1b","1b","1b","1b","1b","1b","3b","1b","1b","3b","3b","1b","1b","1b","1b","1b","1b","1b","3b","1b","1b","1b","1b","3b","1b","1b","1b","3b","3b","3b","1b","1b","1b","1b","1b","1b","1b"
"2023-02-15 21:00:00","PM10",0,0,0,348.5233,187.3028,148.3398,43.7749,2.23,0,0.5927,NA,141.5618,NA,0,4.9728,20.6083,0,0,2.0464,NA,3.6796,NA,0,0,0,14.4181,NA,NA,0,0,NA,0,NA,0,0,0,0,0,5.3136,0,"1b","1b","1b","1b","1b","1b","1b","1b","1b","1b","3b","1b","3b","1b","1b","1b","1b","1b","1b","3b","1b","3b","1b","1b","1b","1b","3b","3b","1b","1b","3b","1b","3b","1b","1b","1b","1b","1b","1b","1b"
"2023-02-15 22:00:00","PM2.5",NA,0,0,305.2096,61.748,58.5613,9.9238,NA,NA,NA,0,102.9469,NA,0,2.8179,8.6317,0,0,1.6205,0,2.1503,NA,0,0,0,9.9092,0,0,0,NA,NA,NA,NA,0,0,0,0,0,2.8833,0,"3b","1b","1b","1b","1b","1b","1b","3b","3b","3b","1b","1b","3b","1b","1b","1b","1b","1b","1b","1b","1b","3b","1b","1b","1b","1b","1b","1b","1b","3b","3b","3b","3b","1b","1b","1b","1b","1b","1b","1b"
"2023-02-15 23:00:00","PM10",0,0,0,461.6957,715.9637,70.6727,56.7796,NA,NA,NA,0,184.3251,NA,0,3.7448,9.2577,0,0,1.9148,NA,4.8867,NA,0,0,0,23.535,0,NA,0,NA,NA,NA,NA,0,0,0,0,0,1.9543,0,"1b","1b","1b","1b","1b","1b","1b","3b","3b","3b","1b","1b","3b","1b","1b","1b","1b","1b","1b","3b","1b","3b","1b","1b","1b","1b","1b","3b","1b","3b","3b","3b","3b","1b","1b","1b","1b","1b","1b","1b"
"2023-02-16 00:30:00","PM2.5",NA,0,0,211.7626,302.8362,44.6904,15.2258,NA,0,0,0,33.439,0,0,1.7989,11.9373,0,0,0,0,3.1045,NA,0,0,0,NA,NA,0,0,0,NA,NA,0,NA,0,0,0,0,5.5373,0,"3b","1b","1b","1b","1b","1b","1b","3b","1b","1b","1b","1b","1b","1b","1b","1b","1b","1b","1b","1b","1b","3b","1b","1b","1b","3b","3b","1b","1b","1b","3b","3b","1b","3b","1b","1b","1b","1b","1b","1b"
"2023-02-16 01:00:00","PM10",NA,0,0,148.2673,827.8049,71.3236,49.6246,0,0,NA,0.9075,43.5668,0,0,1.1612,9.0838,0,0,0,0,2.2927,0,0,0,0,9.0675,0,NA,0,NA,0,NA,0,0,0,0,0,0,2.5436,0,"3b","1b","1b","1b","1b","1b","1b","1b","1b","3b","1b","1b","1b","1b","1b","1b","1b","1b","1b","1b","1b","1b","1b","1b","1b","1b","1b","3b","1b","3b","1b","3b","1b","1b","1b","1b","1b","1b","1b","1b"
"2023-02-16 02:00:00","PM2.5",NA,NA,NA,NA,NA,NA,NA,NA,NA,NA,NA,NA,NA,NA,NA,NA,NA,NA,NA,NA,NA,NA,NA,NA,NA,NA,NA,NA,NA,NA,NA,NA,NA,NA,NA,NA,NA,NA,NA,NA,"3b","0c","0c","0c","0c","0c","0c","0c","0c","3b","0c","0c","0c","3b","0c","0c","0c","0c","0c","0c","0c","3b","0c","0c","0c","3b","3b","0c","0c","0c","3b","3b","0c","0c","0c","0c","0c","0c","3b","0c"
"2023-02-16 03:00:00","PM10",NA,NA,NA,NA,NA,NA,NA,NA,NA,NA,NA,NA,NA,NA,NA,NA,NA,NA,NA,NA,NA,NA,NA,NA,NA,NA,NA,NA,NA,NA,NA,NA,NA,NA,NA,NA,NA,NA,NA,NA,"0c","0c","0c","0c","0c","0c","0c","3b","0c","3b","0c","0c","3b","0c","0c","0c","0c","0c","0c","0c","0c","3b","0c","0c","0c","0c","3b","0c","0c","0c","3b","3b","0c","0c","3b","0c","0c","0c","3b","0c"
"2023-02-16 04:00:00","PM2.5",NA,NA,NA,NA,NA,NA,NA,NA,NA,NA,NA,NA,NA,NA,NA,NA,NA,NA,NA,NA,NA,NA,NA,NA,NA,NA,NA,NA,NA,NA,NA,NA,NA,NA,NA,NA,NA,NA,NA,NA,"0c","0c","0c","0c","0c","0c","0c","3b","0c","0c","0c","0c","0c","0c","0c","0c","0c","0c","3b","0c","0c","3b","0c","0c","0c","0c","0c","3b","0c","0c","3b","3b","0c","0c","0c","0c","0c","0c","3b","0c"
"2023-02-16 05:00:00","PM10",NA,NA,NA,NA,NA,NA,NA,NA,NA,NA,NA,NA,NA,NA,NA,NA,NA,NA,NA,NA,NA,NA,NA,NA,NA,NA,NA,NA,NA,NA,NA,NA,NA,NA,NA,NA,NA,NA,NA,NA,"0c","0c","0c","0c","0c","0c","0c","0c","3b","0c","0c","0c","0c","0c","0c","0c","0c","3b","0c","3b","0c","3b","0c","3b","0c","0c","3b","0c","0c","0c","3b","3b","3b","0c","0c","0c","0c","0c","0c","0c"
"2023-02-16 06:00:00","PM2.5",NA,NA,NA,NA,NA,NA,NA,NA,NA,NA,NA,NA,NA,NA,NA,NA,NA,NA,NA,NA,NA,NA,NA,NA,NA,NA,NA,NA,NA,NA,NA,NA,NA,NA,NA,NA,NA,NA,NA,NA,"3b","0c","3b","0c","0c","0c","0c","3b","0c","3b","0c","0c","0c","3b","0c","0c","0c","0c","3b","3b","0c","3b","3b","0c","0c","3b","3b","3b","0c","3b","3b","3b","0c","3b","0c","0c","0c","0c","0c","0c"
"2023-02-16 07:00:00","PM10",NA,NA,NA,NA,NA,NA,NA,NA,NA,NA,NA,NA,NA,NA,NA,NA,NA,NA,NA,NA,NA,NA,NA,NA,NA,NA,NA,NA,NA,NA,NA,NA,NA,NA,NA,NA,NA,NA,NA,NA,"0c","0c","0c","0c","0c","0c","0c","0c","3b","0c","3b","0c","3b","3b","0c","0c","0c","0c","3b","0c","0c","0c","0c","0c","0c","3b","3b","3b","0c","0c","0c","3b","3b","0c","3b","0c","0c","0c","0c","0c"
"2023-02-16 08:00:00","PM2.5",NA,NA,NA,NA,NA,NA,NA,NA,NA,NA,NA,NA,NA,NA,NA,NA,NA,NA,NA,NA,NA,NA,NA,NA,NA,NA,NA,NA,NA,NA,NA,NA,NA,NA,NA,NA,NA,NA,NA,NA,"3b","0c","0c","0c","0c","0c","0c","0c","3b","0c","0c","0c","0c","0c","0c","0c","0c","0c","3b","3b","3b","3b","0c","0c","0c","3b","3b","3b","0c","0c","3b","3b","0c","0c","0c","0c","0c","0c","0c","0c"
"2023-02-16 09:00:00","PM10",NA,NA,0,122.8329,106.8306,21.5517,127.1736,NA,NA,NA,NA,105.5965,0,0,4.0554,4.0442,0,0,0,0,0.5875,0,0,0,0,13.5471,NA,NA,0,0,NA,NA,NA,0,0,0,0,0,0.0054,0,"3b","3b","1b","1b","1b","1b","1b","3b","3b","3b","3b","1b","1b","1b","1b","1b","1b","1b","1b","1b","1b","1b","1b","1b","1b","1b","3b","3b","1b","1b","3b","3b","3b","1b","1b","1b","1b","1b","1b","1b"
"2023-02-16 10:00:00","PM2.5",NA,NA,NA,NA,NA,NA,NA,NA,NA,NA,NA,NA,NA,NA,NA,NA,NA,NA,NA,NA,NA,NA,NA,NA,NA,NA,NA,NA,NA,NA,NA,NA,NA,NA,NA,NA,NA,NA,NA,NA,"3b","0c","0c","0c","0c","0c","0c","3b","0c","0c","3b","0c","0c","3b","0c","0c","0c","0c","0c","0c","0c","3b","0c","0c","0c","0c","0c","0c","0c","3b","0c","3b","3b","0c","0c","0c","0c","0c","0c","0c"
"2023-02-16 11:00:00","PM10",NA,NA,NA,NA,NA,NA,NA,NA,NA,NA,NA,NA,NA,NA,NA,NA,NA,NA,NA,NA,NA,NA,NA,NA,NA,NA,NA,NA,NA,NA,NA,NA,NA,NA,NA,NA,NA,NA,NA,NA,"0c","3b","0c","0c","0c","0c","0c","0c","0c","3b","3b","0c","0c","0c","0c","0c","0c","0c","3b","0c","3b","3b","0c","0c","0c","0c","0c","3b","0c","3b","3b","3b","0c","0c","0c","0c","0c","0c","3b","0c"
"2023-02-16 12:00:00","PM2.5",NA,NA,NA,NA,NA,NA,NA,NA,NA,NA,NA,NA,NA,NA,NA,NA,NA,NA,NA,NA,NA,NA,NA,NA,NA,NA,NA,NA,NA,NA,NA,NA,NA,NA,NA,NA,NA,NA,NA,NA,"0c","0c","0c","0c","0c","0c","0c","3b","0c","0c","0c","0c","0c","0c","0c","0c","0c","0c","0c","0c","0c","3b","0c","0c","0c","0c","3b","0c","0c","0c","0c","3b","3b","0c","0c","0c","0c","0c","0c","0c"
"2023-02-16 13:00:00","PM10",NA,0,0,64.6307,13.2831,32.7682,72.7638,1.6174,0,0,NA,107.212,0,NA,3.8468,7.6622,0,0,2.4386,0,NA,NA,0,0,0,10.2456,NA,NA,0,0,NA,NA,NA,0,0,0,0,0,NA,0,"3b","1b","1b","1b","1b","1b","1b","1b","1b","1b","3b","1b","1b","3b","1b","1b","1b","1b","1b","1b","3b","3b","1b","1b","1b","1b","3b","3b","1b","1b","3b","3b","3b","1b","1b","1b","1b","1b","3b","1b"
"2023-02-16 14:00:00","PM2.5",NA,0,NA,30.7295,NA,21.6896,21.0177,NA,0,0,0,43.6985,0,0,2.4318,6.7238,0,0,1.8852,0,NA,NA,0,0,0,20.3685,NA,NA,0,0,NA,NA,0,0,0,0,0,0,NA,0,"3b","1b","3b","1b","3b","1b","1b","3b","1b","1b","1b","1b","1b","1b","1b","1b","1b","1b","1b","1b","3b","3b","1b","1b","1b","1b","3b","3b","1b","1b","3b","3b","1b","1b","1b","1b","1b","1b","3b","1b"
"2023-02-16 15:00:00","PM10",NA,NA,0,79.8826,230.7623,24.8691,129.5012,2.0162,NA,NA,NA,132.7292,0,0,5.2253,4.4565,0,0,0.3993,NA,NA,NA,0,0,0,NA,NA,NA,0,0,NA,NA,NA,0,0,0,0,0,0,0,"3b","3b","1b","1b","1b","1b","1b","1b","3b","3b","3b","1b","1b","1b","1b","1b","1b","1b","1b","3b","3b","3b","1b","1b","1b","3b","3b","3b","1b","1b","3b","3b","3b","1b","1b","1b","1b","1b","1b","1b"
"2023-02-16 16:00:00","PM2.5",NA,NA,NA,NA,NA,NA,NA,NA,NA,NA,NA,NA,NA,NA,NA,NA,NA,NA,NA,NA,NA,NA,NA,NA,NA,NA,NA,NA,NA,NA,NA,NA,NA,NA,NA,NA,NA,NA,NA,NA,"3b","0c","0c","0c","3b","0c","0c","3b","0c","0c","0c","0c","3b","0c","0c","0c","0c","0c","0c","0c","3b","3b","0c","0c","0c","3b","3b","3b","3b","3b","3b","3b","3b","0c","0c","0c","0c","0c","0c","0c"
"2023-02-16 17:00:00","PM10",NA,NA,NA,NA,NA,NA,NA,NA,NA,NA,NA,NA,NA,NA,NA,NA,NA,NA,NA,NA,NA,NA,NA,NA,NA,NA,NA,NA,NA,NA,NA,NA,NA,NA,NA,NA,NA,NA,NA,NA,"0c","0c","0c","0c","0c","0c","0c","0c","0c","3b","0c","0c","0c","3b","0c","0c","0c","0c","0c","0c","3b","3b","0c","0c","0c","0c","3b","3b","0c","0c","3b","0c","0c","0c","0c","0c","0c","0c","0c","0c"
"2023-02-16 18:00:00","PM2.5",NA,NA,NA,NA,NA,NA,NA,NA,NA,NA,NA,NA,NA,NA,NA,NA,NA,NA,NA,NA,NA,NA,NA,NA,NA,NA,NA,NA,NA,NA,NA,NA,NA,NA,NA,NA,NA,NA,NA,NA,"3b","0c","0c","0c","0c","0c","0c","0c","3b","0c","3b","0c","0c","0c","0c","0c","0c","0c","0c","0c","0c","3b","0c","0c","0c","0c","0c","3b","0c","3b","3b","3b","3b","0c","0c","0c","0c","0c","0c","0c"
"2023-02-16 19:00:00","PM10",NA,NA,NA,NA,NA,NA,NA,NA,NA,NA,NA,NA,NA,NA,NA,NA,NA,NA,NA,NA,NA,NA,NA,NA,NA,NA,NA,NA,NA,NA,NA,NA,NA,NA,NA,NA,NA,NA,NA,NA,"0c","0c","0c","0c","0c","0c","0c","3b","0c","0c","0c","0c","0c","3b","0c","0c","0c","0c","0c","3b","0c","3b","0c","0c","0c","0c","0c","0c","0c","3b","3b","3b","3b","0c","0c","0c","0c","0c","3b","0c"
"2023-02-16 20:00:00","PM2.5",NA,NA,NA,NA,NA,NA,NA,NA,NA,NA,NA,NA,NA,NA,NA,NA,NA,NA,NA,NA,NA,NA,NA,NA,NA,NA,NA,NA,NA,NA,NA,NA,NA,NA,NA,NA,NA,NA,NA,NA,"0c","0c","3b","0c","0c","0c","0c","3b","0c","0c","0c","0c","0c","0c","0c","0c","0c","0c","0c","3b","0c","3b","0c","0c","0c","0c","3b","3b","0c","3b","0c","3b","0c","0c","0c","0c","0c","0c","0c","0c"
"2023-02-16 21:00:00","PM10",NA,0,NA,253.8966,118.8706,36.3246,25.9921,NA,0,0,0.8371,80.7819,0.0085,0,3.5313,5.0242,0,0,0.5734,NA,1.613,0,0,0,0,NA,0,0,0,0,NA,0,NA,0,0,0,0,0,1.9049,0,"3b","1b","3b","1b","1b","1b","1b","3b","1b","1b","1b","1b","1b","1b","1b","1b","1b","1b","1b","3b","1b","1b","1b","1b","1b","3b","1b","1b","1b","1b","3b","1b","3b","1b","1b","1b","1b","1b","1b","1b"
"2023-02-16 22:00:00","PM2.5",833.9744,0,0,205.0886,0,29.5504,4.8695,0,0,NA,NA,35.1955,NA,0,1.6293,3.4043,0,0,0.9078,0,NA,NA,0,0,0,NA,NA,NA,0,NA,0,NA,NA,0,0,0,0,0,0,0,"1b","1b","1b","1b","1b","1b","1b","1b","1b","3b","3b","1b","3b","1b","1b","1b","1b","1b","1b","1b","3b","3b","1b","1b","1b","3b","3b","3b","1b","3b","1b","3b","3b","1b","1b","1b","1b","1b","1b","1b"
"2023-02-16 23:00:00","PM10",NA,0,0,294.9818,48.9877,32.7036,16.9717,NA,0,0,1.1961,55.7334,NA,0,2.7367,4.5628,0,0,0.9201,0,1.6528,NA,0,0,0,26.2976,0,NA,NA,NA,0,NA,NA,0,0,0,0,0,0,0,"3b","1b","1b","1b","1b","1b","1b","3b","1b","1b","1b","1b","3b","1b","1b","1b","1b","1b","1b","1b","1b","3b","1b","1b","1b","1b","1b","3b","3b","3b","1b","3b","3b","1b","1b","1b","1b","1b","1b","1b"
"2023-02-17 00:30:00","PM2.5",NA,0,0,226.888,20.2747,22.2272,NA,0,NA,0,NA,16.7294,0,0,1.326,2.5569,0,0,0,0,NA,0,0,0,0,NA,0,0,0,0,NA,NA,0,0,NA,0,0,0,NA,0,"3b","1b","1b","1b","1b","1b","3b","1b","3b","1b","3b","1b","1b","1b","1b","1b","1b","1b","1b","1b","3b","1b","1b","1b","1b","3b","1b","1b","1b","1b","3b","3b","1b","1b","3b","1b","1b","1b","3b","1b"
"2023-02-17 01:00:00","PM10",NA,0,NA,152.321,88.6113,16.996,27.5241,0,NA,0,0,19.48,0,NA,0.9665,1.7873,0,0,NA,0,0.6121,NA,0,0,0,NA,NA,0,0,NA,NA,NA,NA,0,0,0,0,0,0,0,"3b","1b","3b","1b","1b","1b","1b","1b","3b","1b","1b","1b","1b","3b","1b","1b","1b","1b","3b","1b","1b","3b","1b","1b","1b","3b","3b","1b","1b","3b","3b","3b","3b","1b","1b","1b","1b","1b","1b","1b"
"2023-02-17 02:00:00","PM2.5",0,0,0,134.8944,44.4593,8.6845,6.8152,NA,0,NA,0,4.8168,0,0,NA,0.819,0,0,NA,NA,NA,0,0,0,0,NA,0,0,0,0,NA,NA,0,0,0,0,0,0,0,0,"1b","1b","1b","1b","1b","1b","1b","3b","1b","3b","1b","1b","1b","1b","3b","1b","1b","1b","3b","3b","3b","1b","1b","1b","1b","3b","1b","1b","1b","1b","3b","3b","1b","1b","1b","1b","1b","1b","1b","1b"
"2023-02-17 03:00:00","PM10",0,0,0,39.5257,146.6,12.4651,26.7199,NA,0,0,0,12.3706,0,0,0.5313,NA,0,0,NA,0,NA,NA,0,0,0,11.941,0,NA,0,0,0,NA,0,0,0,0,0,0,0,0,"1b","1b","1b","1b","1b","1b","1b","3b","1b","1b","1b","1b","1b","1b","1b","3b","1b","1b","3b","1b","3b","3b","1b","1b","1b","1b","1b","3b","1b","1b","1b","3b","1b","1b","1b","1b","1b","1b","1b","1b"
"2023-02-17 04:00:00","PM2.5",NA,0,0,16.7644,117.6233,3.7523,5.1655,0,0,0,0,2.5106,NA,0,NA,NA,0,0,0,0,NA,0,0,0,0,NA,NA,NA,0,NA,NA,NA,0,0,0,0,0,0,0,0,"3b","1b","1b","1b","1b","1b","1b","1b","1b","1b","1b","1b","3b","1b","3b","3b","1b","1b","1b","1b","3b","1b","1b","1b","1b","3b","3b","3b","1b","3b","3b","3b","1b","1b","1b","1b","1b","1b","1b","1b"
"2023-02-17 05:00:00","PM10",NA,0,0,NA,76.7072,5.3011,25.946,1.1101,0,0.0028,0,16.6217,0,0,0.4702,0.7383,0,0,NA,0,NA,NA,0,0,0,10.4842,NA,0,0,NA,NA,NA,0,0,0,0,0,0,0,0,"3b","1b","1b","3b","1b","1b","1b","1b","1b","1b","1b","1b","1b","1b","1b","1b","1b","1b","3b","1b","3b","3b","1b","1b","1b","1b","3b","1b","1b","3b","3b","3b","1b","1b","1b","1b","1b","1b","1b","1b"
"2023-02-17 06:00:00","PM2.5",0,0,0,26.5235,84.7922,3.3481,7.6439,0,0,NA,0,10.2383,0,0,0.8792,NA,0,0,0,NA,0,NA,0,NA,0,13.8878,0,NA,0,NA,NA,NA,NA,0,0,0,0,0,0,0,"1b","1b","1b","1b","1b","1b","1b","1b","1b","3b","1b","1b","1b","1b","1b","3b","1b","1b","1b","3b","1b","3b","1b","3b","1b","1b","1b","3b","1b","3b","3b","3b","3b","1b","1b","1b","1b","1b","1b","1b"
"2023-02-17 07:00:00","PM10",865.6263,0,0,33.8633,164.0185,6.8962,24.6243,1.4738,0,NA,0,65.2108,0,0,3.853,1.1088,0,0,0,0,NA,NA,0,0,0,9.4043,NA,NA,0,0,NA,NA,0,0,0,0,0,0,0,0,"1b","1b","1b","1b","1b","1b","1b","1b","1b","3b","1b","1b","1b","1b","1b","1b","1b","1b","1b","1b","3b","3b","1b","1b","1b","1b","3b","3b","1b","1b","3b","3b","1b","1b","1b","1b","1b","1b","1b","1b"
"2023-02-17 08:00:00","PM2.5",NA,0,0,33.6155,112.5255,5.1034,14.7501,0,0,0,0,39.8629,0,0,2.0631,1.0172,0,0,NA,NA,0,0,0,0,0,NA,NA,0,0,0,0,NA,NA,0,0,0,0,0,0,0,"3b","1b","1b","1b","1b","1b","1b","1b","1b","1b","1b","1b","1b","1b","1b","1b","1b","1b","3b","3b","1b","1b","1b","1b","1b","3b","3b","1b","1b","1b","1b","3b","3b","1b","1b","1b","1b","1b","1b","1b"
"2023-02-17 09:00:00","PM10",NA,NA,0,40.7127,147.9987,26.5025,223.1506,4.1293,0,NA,NA,154.0304,0.0046,0,4.3176,40.9609,0,0,0,0,NA,9e-04,0,0,0,NA,NA,0,0,0,0,0,2.953,0,0,0,0,0,0.8921,0,"3b","3b","1b","1b","1b","1b","1b","1b","1b","3b","3b","1b","1b","1b","1b","1b","1b","1b","1b","1b","3b","1b","1b","1b","1b","3b","3b","1b","1b","1b","1b","1b","1b","1b","1b","1b","1b","1b","1b","1b"
"2023-02-17 10:00:00","PM2.5",0,0,0,25.9858,57.5799,12.8124,46.3791,1.0339,0,0,NA,42.658,0.0066,0,2.384,11.227,0,0,0.4036,0,NA,NA,0,0,0,NA,NA,0,0,0,0,0,NA,0,0,0,0,0,0.9451,0,"1b","1b","1b","1b","1b","1b","1b","1b","1b","1b","3b","1b","1b","1b","1b","1b","1b","1b","1b","1b","3b","3b","1b","1b","1b","3b","3b","1b","1b","1b","1b","1b","3b","1b","1b","1b","1b","1b","1b","1b"
"2023-02-17 11:00:00","PM10",0,735.8657,0,83.3514,710.5042,89.927,1145.0739,21.0215,NA,NA,3.9617,249.689,0,0,4.0833,9.7348,0,0,NA,0,NA,2.7249,0,0,0,NA,NA,NA,0,0,0,NA,3.9985,0,0,0,0,0,NA,0,"1b","1b","1b","1b","1b","1b","1b","1b","3b","3b","1b","1b","1b","1b","1b","1b","1b","1b","3b","1b","3b","1b","1b","1b","1b","3b","3b","3b","1b","1b","1b","3b","1b","1b","1b","1b","1b","1b","3b","1b"
"2023-02-17 12:00:00","PM2.5",NA,NA,0,59.0157,481.2943,25.4401,234.2362,4.0747,0,NA,NA,74.82,NA,0,3.042,3.2975,0,0,0,NA,NA,NA,0,0,0,9.7825,0,0,0,NA,NA,0,0,0,0,0,0,0,NA,0,"3b","3b","1b","1b","1b","1b","1b","1b","1b","3b","3b","1b","3b","1b","1b","1b","1b","1b","1b","3b","3b","3b","1b","1b","1b","1b","1b","1b","1b","3b","3b","1b","1b","1b","1b","1b","1b","1b","3b","1b"
"2023-02-17 13:00:00","PM10",0,486.7987,0,68.6369,1178.4723,74.9708,647.1914,15.1612,0,NA,2.2562,178.7869,0,0,3.8267,6.2352,0,0,0,NA,0.6875,NA,0,NA,0,12.7789,NA,NA,0,NA,0,NA,0,0,0,0,NA,0,NA,0,"1b","1b","1b","1b","1b","1b","1b","1b","1b","3b","1b","1b","1b","1b","1b","1b","1b","1b","1b","3b","1b","3b","1b","3b","1b","1b","3b","3b","1b","3b","1b","3b","1b","1b","1b","1b","3b","1b","3b","1b"
"2023-02-17 14:00:00","PM2.5",913.0884,0,NA,33.6385,295.1504,14.9624,97.7814,1.8686,0,NA,0,59.9431,NA,0,2.3987,4.4077,0,0,NA,0,NA,NA,0,0,0,NA,0,NA,0,0,NA,NA,0,0,0,0,0,0,0,0,"1b","1b","3b","1b","1b","1b","1b","1b","1b","3b","1b","1b","3b","1b","1b","1b","1b","1b","3b","1b","3b","3b","1b","1b","1b","3b","1b","3b","1b","1b","3b","3b","1b","1b","1b","1b","1b","1b","1b","1b"
"2023-02-17 15:00:00","PM10",NA,221.9666,0,82.3559,1241.709,56.6961,591.6631,10.7563,0,NA,2.5127,179.6052,0,NA,4.4262,4.8556,0,0,0,0,0.6126,NA,0,0,0,12.6535,NA,0,0,0,NA,NA,NA,0,0,0,0,0,NA,0,"3b","1b","1b","1b","1b","1b","1b","1b","1b","3b","1b","1b","1b","3b","1b","1b","1b","1b","1b","1b","1b","3b","1b","1b","1b","1b","3b","1b","1b","1b","3b","3b","3b","1b","1b","1b","1b","1b","3b","1b"
"2023-02-17 16:00:00","PM2.5",NA,0,0,47.3429,291.2405,17.4484,60.6996,1.6213,0,0.0011,0,61.7719,NA,0,2.7187,5.078,0,0,0,0,0.7769,NA,0,0,0,16.1911,NA,NA,0,0,NA,NA,NA,0,0,0,0,0,NA,0,"3b","1b","1b","1b","1b","1b","1b","1b","1b","1b","1b","1b","3b","1b","1b","1b","1b","1b","1b","1b","1b","3b","1b","1b","1b","1b","3b","3b","1b","1b","3b","3b","3b","1b","1b","1b","1b","1b","3b","1b"
"2023-02-17 17:00:00","PM10",NA,NA,0,67.6986,1002.1134,40.1989,119.8658,5.3283,0,NA,1.0995,234.7873,0,0,13.6215,5.6679,0,0,NA,0,0.9505,NA,0,0,0,14.0324,0,0,0,0,NA,NA,4.9858,0,0,0,NA,0,0,0,"3b","3b","1b","1b","1b","1b","1b","1b","1b","3b","1b","1b","1b","1b","1b","1b","1b","1b","3b","1b","1b","3b","1b","1b","1b","1b","1b","1b","1b","1b","3b","3b","1b","1b","1b","1b","3b","1b","1b","1b"
"2023-02-17 18:00:00","PM2.5",NA,0,0,52.9458,124.5418,18.204,19.2581,NA,0,0,0,80.3065,0,NA,4.384,4.675,0,0,NA,0,1.0196,NA,0,NA,0,NA,NA,0,0,NA,NA,NA,2.9045,0,0,0,0,0,NA,0,"3b","1b","1b","1b","1b","1b","1b","3b","1b","1b","1b","1b","1b","3b","1b","1b","1b","1b","3b","1b","1b","3b","1b","3b","1b","3b","3b","1b","1b","3b","3b","3b","1b","1b","1b","1b","1b","1b","3b","1b"
"2023-02-17 19:00:00","PM10",NA,0,0,67.9178,328.9312,41.2382,41.8789,2.7258,0,0,0,137.5612,0.0095,0,5.8694,5.6355,0,0,0.6408,0,1.1077,NA,0,0,0,9.4329,NA,0,0,0,0,NA,NA,0,NA,0,0,0,NA,0,"3b","1b","1b","1b","1b","1b","1b","1b","1b","1b","1b","1b","1b","1b","1b","1b","1b","1b","1b","1b","1b","3b","1b","1b","1b","1b","3b","1b","1b","1b","1b","3b","3b","1b","3b","1b","1b","1b","3b","1b"
"2023-02-17 20:00:00","PM2.5",NA,0,0,82.5806,32.3465,28.4333,4.3934,0,0,0,0,27.5645,NA,0,1.3149,3.4773,0,0,0,0,0.6897,NA,0,0,0,15.1958,0,NA,0,NA,NA,NA,NA,0,0,0,0,0,1.0338,0,"3b","1b","1b","1b","1b","1b","1b","1b","1b","1b","1b","1b","3b","1b","1b","1b","1b","1b","1b","1b","1b","3b","1b","1b","1b","1b","1b","3b","1b","3b","3b","3b","3b","1b","1b","1b","1b","1b","1b","1b"
"2023-02-17 21:00:00","PM10",NA,0,0,148.7603,0,40.131,10.6891,NA,0,0,0,52.8926,NA,0,1.921,5.7125,0,0,0.8411,0,NA,NA,0,0,0,14.7224,0,NA,0,0,NA,NA,NA,0,NA,0,0,0,1.3683,0,"3b","1b","1b","1b","1b","1b","1b","3b","1b","1b","1b","1b","3b","1b","1b","1b","1b","1b","1b","1b","3b","3b","1b","1b","1b","1b","1b","3b","1b","1b","3b","3b","3b","1b","3b","1b","1b","1b","1b","1b"
"2023-02-17 22:00:00","PM2.5",771.8595,0,0,288.8521,0,44.7631,NA,NA,0,0.0022,NA,31.4914,NA,NA,0.9628,5.2719,0,0,1.2059,0.0021,0.7724,NA,0,0,0,NA,NA,NA,0,0,0,NA,NA,0,0,0,0,0,4.3918,0,"1b","1b","1b","1b","1b","1b","3b","3b","1b","1b","3b","1b","3b","3b","1b","1b","1b","1b","1b","1b","1b","3b","1b","1b","1b","3b","3b","3b","1b","1b","1b","3b","3b","1b","1b","1b","1b","1b","1b","1b"
"2023-02-17 23:00:00","PM10",NA,0,0,200.3962,0,38.2421,3.9823,0,0,0,0,41.0997,0,0,0.9521,4.7781,0,0,0,0,NA,0,0,0,NA,NA,0,0,0,NA,NA,NA,0,0.016,0,0,0,0,3.995,0,"3b","1b","1b","1b","1b","1b","1b","1b","1b","1b","1b","1b","1b","1b","1b","1b","1b","1b","1b","1b","3b","1b","1b","1b","3b","3b","1b","1b","1b","3b","3b","3b","1b","1b","1b","1b","1b","1b","1b","1b"
"2023-02-18 00:30:00","PM2.5",NA,0,0,28.1233,94.9919,NA,NA,0,NA,0,0,6.4179,0,NA,NA,1.6836,0,0,0,0,0,NA,0,0,0,NA,0,NA,0,0,NA,NA,0,0,0,0,NA,0,0,0,"3b","1b","1b","1b","1b","3b","3b","1b","3b","1b","1b","1b","1b","3b","3b","1b","1b","1b","1b","1b","1b","3b","1b","1b","1b","3b","1b","3b","1b","1b","3b","3b","1b","1b","1b","1b","3b","1b","1b","1b"
"2023-02-18 01:00:00","PM10",NA,0,0,135.9721,1144.9685,30.1496,46.4161,1.1862,0,0,0,10.9129,0,0.0104,NA,1.5697,0,0,0,0,1.1441,NA,0,0,0,18.1521,0,NA,0,NA,NA,NA,NA,0,NA,NA,0,0,NA,0,"3b","1b","1b","1b","1b","1b","1b","1b","1b","1b","1b","1b","1b","1b","3b","1b","1b","1b","1b","1b","1b","3b","1b","1b","1b","1b","1b","3b","1b","3b","3b","3b","3b","1b","3b","3b","1b","1b","3b","1b"
"2023-02-18 02:00:00","PM2.5",NA,NA,NA,NA,NA,NA,NA,NA,NA,NA,NA,NA,NA,NA,NA,NA,NA,NA,NA,NA,NA,NA,NA,NA,NA,NA,NA,NA,NA,NA,NA,NA,NA,NA,NA,NA,NA,NA,NA,NA,"3b","0c","0c","0c","0c","0c","0c","0c","3b","0c","0c","0c","0c","0c","3b","0c","0c","0c","0c","0c","0c","3b","0c","0c","0c","0c","0c","3b","0c","3b","3b","3b","0c","3b","0c","0c","0c","0c","0c","0c"
"2023-02-18 03:00:00","PM10",NA,NA,NA,NA,NA,NA,NA,NA,NA,NA,NA,NA,NA,NA,NA,NA,NA,NA,NA,NA,NA,NA,NA,NA,NA,NA,NA,NA,NA,NA,NA,NA,NA,NA,NA,NA,NA,NA,NA,NA,"0c","0c","0c","0c","0c","0c","0c","0c","3b","0c","0c","0c","0c","3b","0c","0c","0c","0c","3b","0c","0c","3b","0c","0c","0c","0c","3b","3b","0c","0c","0c","3b","0c","0c","0c","0c","0c","0c","0c","0c"
"2023-02-18 04:00:00","PM2.5",NA,NA,NA,NA,NA,NA,NA,NA,NA,NA,NA,NA,NA,NA,NA,NA,NA,NA,NA,NA,NA,NA,NA,NA,NA,NA,NA,NA,NA,NA,NA,NA,NA,NA,NA,NA,NA,NA,NA,NA,"0c","0c","0c","0c","0c","0c","0c","3b","3b","0c","0c","0c","0c","0c","3b","0c","0c","0c","0c","0c","0c","3b","0c","0c","0c","0c","0c","0c","0c","0c","3b","3b","0c","0c","0c","0c","0c","0c","0c","0c"
"2023-02-18 05:00:00","PM10",NA,0,0,66.5489,316.615,8.3312,9.8406,0,0,0,0,8.6007,0,NA,0.5237,1.8154,0,0,1.8825,0,NA,NA,0,0,0,15.436,0,0,0,0,0,0,0,0,0,0,0,0,0.9117,0,"3b","1b","1b","1b","1b","1b","1b","1b","1b","1b","1b","1b","1b","3b","1b","1b","1b","1b","1b","1b","3b","3b","1b","1b","1b","1b","1b","1b","1b","1b","1b","1b","1b","1b","1b","1b","1b","1b","1b","1b"
"2023-02-18 06:00:00","PM2.5",0,0,NA,57.5103,56.4437,6.1905,2.3903,0,0,0,0,8.875,0,0,0.9147,4.1166,0,0,4.1902,NA,0,NA,0,0,0,NA,0,NA,0,0,0,NA,NA,0,0,0,0,NA,3.1789,0,"1b","1b","3b","1b","1b","1b","1b","1b","1b","1b","1b","1b","1b","1b","1b","1b","1b","1b","1b","3b","1b","3b","1b","1b","1b","3b","1b","3b","1b","1b","1b","3b","3b","1b","1b","1b","1b","3b","1b","1b"
"2023-02-18 07:00:00","PM10",NA,0,0,27.7545,97.2609,11.2074,5.7782,0,NA,0,0,21.825,0,NA,2.1506,3.1533,0,0,3.2975,NA,NA,0,0,0,0,NA,NA,0,0,NA,NA,0,NA,0,0,0,0,0,2.0377,0,"3b","1b","1b","1b","1b","1b","1b","1b","3b","1b","1b","1b","1b","3b","1b","1b","1b","1b","1b","3b","3b","1b","1b","1b","1b","3b","3b","1b","1b","3b","3b","1b","3b","1b","1b","1b","1b","1b","1b","1b"
"2023-02-18 08:00:00","PM2.5",NA,0,0,19.1972,64.0362,NA,11.018,NA,0,0,0,30.7568,0,NA,2.4253,0.9393,NA,0,0.6837,0,NA,NA,0,0,0,19.3862,0,0,0,NA,NA,NA,NA,0,0,NA,0,0,0,0,"3b","1b","1b","1b","1b","3b","1b","3b","1b","1b","1b","1b","1b","3b","1b","1b","3b","1b","1b","1b","3b","3b","1b","1b","1b","1b","1b","1b","1b","3b","3b","3b","3b","1b","1b","3b","1b","1b","1b","1b"
"2023-02-18 09:00:00","PM10",NA,0,0,27.8983,287.9863,13.0772,65.3312,0.9881,0,NA,0,51.004,0,NA,3.1449,0.9945,0,0,0,0,NA,NA,0,0,0,8.9251,0,0,0,0,NA,NA,NA,NA,0,0,0,0,0,0,"3b","1b","1b","1b","1b","1b","1b","1b","1b","3b","1b","1b","1b","3b","1b","1b","1b","1b","1b","1b","3b","3b","1b","1b","1b","1b","1b","1b","1b","1b","3b","3b","3b","3b","1b","1b","1b","1b","1b","1b"
"2023-02-18 10:00:00","PM2.5",NA,0,0,28.8586,276.3246,8.4425,14.5663,NA,0,NA,0,28.0866,0,0,2.1747,1.0011,0,0,NA,0,NA,NA,0,0,0,11.8012,NA,NA,0,NA,NA,0,0,0,0,0,0,0,0,0,"3b","1b","1b","1b","1b","1b","1b","3b","1b","3b","1b","1b","1b","1b","1b","1b","1b","1b","3b","1b","3b","3b","1b","1b","1b","1b","3b","3b","1b","3b","3b","1b","1b","1b","1b","1b","1b","1b","1b","1b"
"2023-02-18 11:00:00","PM10",NA,0,0,23.6297,194.9163,11.3571,32.7335,1.4988,0,NA,0,92.6236,0,0,5.331,2.8831,0,0,0.457,NA,0,NA,0,0,0,11.243,0,0,0,0,NA,NA,NA,0,0,0,0,0,0,0,"3b","1b","1b","1b","1b","1b","1b","1b","1b","3b","1b","1b","1b","1b","1b","1b","1b","1b","1b","3b","1b","3b","1b","1b","1b","1b","1b","1b","1b","1b","3b","3b","3b","1b","1b","1b","1b","1b","1b","1b"
"2023-02-18 12:00:00","PM2.5",NA,0,0,33.3645,469.423,16.5581,20.6648,NA,0,0,0,69.5159,0,0,7.2685,3.7313,0,0,0,0,0.5809,NA,0,0,0,11.3814,NA,NA,0,NA,NA,NA,NA,0,0,0,0,0,0,0,"3b","1b","1b","1b","1b","1b","1b","3b","1b","1b","1b","1b","1b","1b","1b","1b","1b","1b","1b","1b","1b","3b","1b","1b","1b","1b","3b","3b","1b","3b","3b","3b","3b","1b","1b","1b","1b","1b","1b","1b"
"2023-02-18 13:00:00","PM10",NA,0,0,60.5612,1199.8818,21.811,74.8988,1.7903,0,0,NA,83.8709,NA,0,3.6143,1.7761,0,0,0,0,1.2261,NA,0,0,0,13.8761,NA,0,0,NA,0,NA,NA,0,0,0,0,0,0,0,"3b","1b","1b","1b","1b","1b","1b","1b","1b","1b","3b","1b","3b","1b","1b","1b","1b","1b","1b","1b","1b","3b","1b","1b","1b","1b","3b","1b","1b","3b","1b","3b","3b","1b","1b","1b","1b","1b","1b","1b"
"2023-02-18 14:00:00","PM2.5",NA,0,0,40.6817,613.4933,11.9829,24.1074,0,0,NA,0,36.1067,NA,0,2.8228,0.9996,0,0,NA,0,1.1246,NA,0,0,0,14.4058,NA,0,0,NA,0,NA,0,0,0,0,0,0,0,0,"3b","1b","1b","1b","1b","1b","1b","1b","1b","3b","1b","1b","3b","1b","1b","1b","1b","1b","3b","1b","1b","3b","1b","1b","1b","1b","3b","1b","1b","3b","1b","3b","1b","1b","1b","1b","1b","1b","1b","1b"
"2023-02-18 15:00:00","PM10",NA,0,0,58.6833,835.643,25.0635,55.5442,1.3968,0,0,0,80.1408,0,NA,4.2764,2.4718,0,0,0,NA,1.3574,NA,0,0,0,NA,0,0,0,0,0,NA,NA,0,0,0,0,0,1.2697,0,"3b","1b","1b","1b","1b","1b","1b","1b","1b","1b","1b","1b","1b","3b","1b","1b","1b","1b","1b","3b","1b","3b","1b","1b","1b","3b","1b","1b","1b","1b","1b","3b","3b","1b","1b","1b","1b","1b","1b","1b"
"2023-02-18 16:00:00","PM2.5",NA,0,0,44.7358,525.0319,16.9801,20.0365,0,0,0,0,41.3138,0.002,0,2.5552,1.908,0,0,0,0,0.8323,NA,0,0,0,11.425,0,NA,0,NA,NA,NA,NA,0,0,0,NA,0,1.3824,0,"3b","1b","1b","1b","1b","1b","1b","1b","1b","1b","1b","1b","1b","1b","1b","1b","1b","1b","1b","1b","1b","3b","1b","1b","1b","1b","1b","3b","1b","3b","3b","3b","3b","1b","1b","1b","3b","1b","1b","1b"
"2023-02-18 17:00:00","PM10",NA,0,0,108.1711,1539.1778,47.6666,54.5476,NA,NA,NA,NA,131.7172,0,0,6.1197,2.3246,0,0,NA,NA,3.2106,NA,0,0,0,11.7444,0,0,0,0,NA,NA,0,0,NA,0,0,0,0,0,"3b","1b","1b","1b","1b","1b","1b","3b","3b","3b","3b","1b","1b","1b","1b","1b","1b","1b","3b","3b","1b","3b","1b","1b","1b","1b","1b","1b","1b","1b","3b","3b","1b","1b","3b","1b","1b","1b","1b","1b"
"2023-02-18 18:00:00","PM2.5",NA,NA,NA,NA,NA,NA,NA,NA,NA,NA,NA,NA,NA,NA,NA,NA,NA,NA,NA,NA,NA,NA,NA,NA,NA,NA,NA,NA,NA,NA,NA,NA,NA,NA,NA,NA,NA,NA,NA,NA,"3b","0c","0c","0c","0c","0c","0c","0c","0c","0c","0c","0c","0c","0c","0c","0c","0c","0c","0c","0c","0c","3b","0c","0c","0c","3b","3b","3b","0c","3b","3b","3b","3b","0c","0c","0c","3b","0c","0c","0c"
"2023-02-18 19:00:00","PM10",NA,NA,NA,NA,NA,NA,NA,NA,NA,NA,NA,NA,NA,NA,NA,NA,NA,NA,NA,NA,NA,NA,NA,NA,NA,NA,NA,NA,NA,NA,NA,NA,NA,NA,NA,NA,NA,NA,NA,NA,"0c","0c","0c","0c","0c","0c","0c","3b","0c","0c","3b","0c","3b","0c","0c","0c","0c","0c","0c","3b","0c","3b","0c","0c","0c","3b","3b","3b","0c","3b","3b","3b","3b","0c","0c","0c","0c","0c","0c","0c"
"2023-02-18 20:00:00","PM2.5",NA,NA,NA,NA,NA,NA,NA,NA,NA,NA,NA,NA,NA,NA,NA,NA,NA,NA,NA,NA,NA,NA,NA,NA,NA,NA,NA,NA,NA,NA,NA,NA,NA,NA,NA,NA,NA,NA,NA,NA,"3b","0c","0c","0c","0c","0c","0c","3b","0c","0c","0c","0c","0c","0c","0c","0c","0c","0c","0c","3b","0c","3b","0c","0c","0c","0c","3b","3b","0c","3b","3b","3b","3b","0c","0c","0c","0c","0c","0c","0c"
"2023-02-18 21:00:00","PM10",NA,0,0,111.8408,1664.5352,49.5634,65.3786,NA,0,0,NA,78.3613,0,0,4.294,2.0608,NA,0,0,0,2.5359,NA,0,0,0,14.364,0,0,0,NA,NA,NA,NA,0,0,0,0,0,NA,0,"3b","1b","1b","1b","1b","1b","1b","3b","1b","1b","3b","1b","1b","1b","1b","1b","3b","1b","1b","1b","1b","3b","1b","1b","1b","1b","1b","1b","1b","3b","3b","3b","3b","1b","1b","1b","1b","1b","3b","1b"
"2023-02-18 22:00:00","PM2.5",NA,0,0,80.8502,980.7885,34.1044,26.6745,0,0,NA,1e-04,21.827,0,0,1.5218,1.3678,0,0,NA,0,1.9281,NA,0,0,0,12.7832,NA,0,0,0,NA,NA,0.036,0,0,0,NA,0,NA,0,"3b","1b","1b","1b","1b","1b","1b","1b","1b","3b","1b","1b","1b","1b","1b","1b","1b","1b","3b","1b","1b","3b","1b","1b","1b","1b","3b","1b","1b","1b","3b","3b","1b","1b","1b","1b","3b","1b","3b","1b"
"2023-02-18 23:00:00","PM10",NA,0,0,125.9268,1961.0096,47.4,53.1518,0,NA,0,0,34.0129,NA,0,1.8358,1.2314,0,0,0.5976,0,2.9018,NA,0,0,0,NA,0,NA,0,NA,NA,NA,NA,0,0,0,0,0,0,0,"3b","1b","1b","1b","1b","1b","1b","1b","3b","1b","1b","1b","3b","1b","1b","1b","1b","1b","1b","1b","1b","3b","1b","1b","1b","3b","1b","3b","1b","3b","3b","3b","3b","1b","1b","1b","1b","1b","1b","1b"
"2023-02-19 00:30:00","PM2.5",0,0,NA,107.6061,1286.9315,30.8054,34.2921,0,NA,NA,0,9.549,NA,0,NA,1.0189,0.0132,0,0,0,2.4318,0,0,NA,0,21.487,0,NA,0,NA,NA,NA,0,0,NA,0,0,0,0,0,"1b","1b","3b","1b","1b","1b","1b","1b","3b","3b","1b","1b","3b","1b","3b","1b","1b","1b","1b","1b","1b","1b","1b","3b","1b","1b","1b","3b","1b","3b","3b","3b","1b","1b","3b","1b","1b","1b","1b","1b"
"2023-02-19 01:00:00","PM10",NA,0,0,165.4966,2267.3846,50.9759,75.3007,0,0,NA,0,14.4049,0,NA,0.6064,0.7965,0,0,0,NA,3.6828,NA,0,0,0,NA,0,0,0,NA,0,NA,0,0,0,0,0,0,0,0,"3b","1b","1b","1b","1b","1b","1b","1b","1b","3b","1b","1b","1b","3b","1b","1b","1b","1b","1b","3b","1b","3b","1b","1b","1b","3b","1b","1b","1b","3b","1b","3b","1b","1b","1b","1b","1b","1b","1b","1b"
"2023-02-19 02:00:00","PM2.5",NA,NA,NA,NA,NA,NA,NA,NA,NA,NA,NA,NA,NA,NA,NA,NA,NA,NA,NA,NA,NA,NA,NA,NA,NA,NA,NA,NA,NA,NA,NA,NA,NA,NA,NA,NA,NA,NA,NA,NA,"0c","0c","0c","0c","0c","0c","0c","0c","0c","0c","0c","0c","0c","0c","0c","0c","0c","0c","0c","3b","0c","3b","0c","0c","0c","0c","3b","0c","0c","3b","3b","0c","0c","0c","0c","0c","0c","0c","0c","0c"
"2023-02-19 03:00:00","PM10",NA,NA,NA,NA,NA,NA,NA,NA,NA,NA,NA,NA,NA,NA,NA,NA,NA,NA,NA,NA,NA,NA,NA,NA,NA,NA,NA,NA,NA,NA,NA,NA,NA,NA,NA,NA,NA,NA,NA,NA,"0c","0c","0c","0c","0c","0c","0c","0c","3b","3b","0c","0c","0c","0c","0c","0c","0c","0c","3b","0c","0c","3b","0c","0c","0c","3b","3b","0c","0c","0c","3b","3b","0c","0c","0c","0c","0c","0c","0c","0c"
"2023-02-19 04:00:00","PM2.5",NA,NA,NA,NA,NA,NA,NA,NA,NA,NA,NA,NA,NA,NA,NA,NA,NA,NA,NA,NA,NA,NA,NA,NA,NA,NA,NA,NA,NA,NA,NA,NA,NA,NA,NA,NA,NA,NA,NA,NA,"3b","0c","0c","0c","0c","0c","0c","0c","0c","3b","0c","0c","0c","0c","0c","0c","0c","0c","0c","3b","0c","3b","0c","0c","0c","0c","0c","0c","0c","0c","3b","3b","0c","0c","0c","3b","3b","0c","3b","0c"
"2023-02-19 05:00:00","PM10",NA,0,0,189.3212,1264.5663,32.6525,41.7771,NA,0,0,0,8.8514,0,0,0.5584,1.3104,NA,0,0.715,0,2.5826,NA,0,0,0,20.3922,0,NA,0,0,0,NA,0,0,0,0,0,0,NA,0,"3b","1b","1b","1b","1b","1b","1b","3b","1b","1b","1b","1b","1b","1b","1b","1b","3b","1b","1b","1b","1b","3b","1b","1b","1b","1b","1b","3b","1b","1b","1b","3b","1b","1b","1b","1b","1b","1b","3b","1b"
"2023-02-19 06:00:00","PM2.5",NA,0,0,136.8185,404.2837,13.1183,13.2905,0,0,0,0,6.2153,NA,0,NA,0.7094,0,0,0,NA,0.6716,NA,0,0,0,NA,NA,NA,NA,0,0,0,0,NA,0,0,0,0,0,0,"3b","1b","1b","1b","1b","1b","1b","1b","1b","1b","1b","1b","3b","1b","3b","1b","1b","1b","1b","3b","1b","3b","1b","1b","1b","3b","3b","3b","3b","1b","1b","1b","1b","3b","1b","1b","1b","1b","1b","1b"
"2023-02-19 07:00:00","PM10",NA,0,0,194.1322,1158.0333,28.258,41.5404,NA,NA,0,0,20.5228,NA,0,0.7443,0.9708,0,0,0,0,1.7124,NA,0,0,0,NA,NA,0,0,NA,NA,0,0,0,0,0,0,0,NA,0,"3b","1b","1b","1b","1b","1b","1b","3b","3b","1b","1b","1b","3b","1b","1b","1b","1b","1b","1b","1b","1b","3b","1b","1b","1b","3b","3b","1b","1b","3b","3b","1b","1b","1b","1b","1b","1b","1b","3b","1b"
"2023-02-19 08:00:00","PM2.5",NA,0,0,157.3135,408.0916,15.4883,18.0136,NA,0,0,0,14.742,0,0,0.5566,0.8631,0,0,0,0,1.0165,NA,0,0,0,11.675,NA,0,0,NA,NA,NA,0,0,0,0,0,0,NA,0,"3b","1b","1b","1b","1b","1b","1b","3b","1b","1b","1b","1b","1b","1b","1b","1b","1b","1b","1b","1b","1b","3b","1b","1b","1b","1b","3b","1b","1b","3b","3b","3b","1b","1b","1b","1b","1b","1b","3b","1b"
"2023-02-19 09:00:00","PM10",NA,0,0,185.041,1285.5327,37.4726,51.9883,NA,0,0,0,61.3536,NA,0,2.78,2.1712,0,0,NA,0,2.1161,NA,0,0,0,NA,0.0568,0,0,NA,NA,NA,NA,0,0,0,0,0,0,0,"3b","1b","1b","1b","1b","1b","1b","3b","1b","1b","1b","1b","3b","1b","1b","1b","1b","1b","3b","1b","1b","3b","1b","1b","1b","3b","1b","1b","1b","3b","3b","3b","3b","1b","1b","1b","1b","1b","1b","1b"
"2023-02-19 10:00:00","PM2.5",NA,NA,NA,NA,NA,NA,NA,NA,NA,NA,NA,NA,NA,NA,NA,NA,NA,NA,NA,NA,NA,NA,NA,NA,NA,NA,NA,NA,NA,NA,NA,NA,NA,NA,NA,NA,NA,NA,NA,NA,"0c","0c","0c","0c","0c","0c","0c","0c","0c","0c","0c","0c","0c","0c","0c","0c","0c","0c","3b","0c","3b","3b","0c","0c","0c","0c","3b","3b","0c","3b","3b","3b","3b","0c","0c","0c","3b","0c","0c","0c"
"2023-02-19 11:00:00","PM10",NA,NA,NA,NA,NA,NA,NA,NA,NA,NA,NA,NA,NA,NA,NA,NA,NA,NA,NA,NA,NA,NA,NA,NA,NA,NA,NA,NA,NA,NA,NA,NA,NA,NA,NA,NA,NA,NA,NA,NA,"0c","0c","0c","0c","0c","0c","0c","0c","3b","0c","3b","0c","3b","0c","0c","0c","0c","0c","0c","0c","0c","3b","0c","0c","0c","3b","0c","0c","0c","3b","3b","3b","3b","0c","0c","0c","0c","0c","0c","0c"
"2023-02-19 12:00:00","PM2.5",NA,NA,NA,NA,NA,NA,NA,NA,NA,NA,NA,NA,NA,NA,NA,NA,NA,NA,NA,NA,NA,NA,NA,NA,NA,NA,NA,NA,NA,NA,NA,NA,NA,NA,NA,NA,NA,NA,NA,NA,"3b","0c","0c","0c","0c","0c","0c","3b","0c","0c","0c","0c","3b","3b","0c","0c","0c","0c","0c","0c","0c","3b","0c","0c","0c","0c","0c","3b","0c","3b","3b","3b","3b","0c","0c","0c","0c","0c","3b","0c"
"2023-02-19 13:00:00","PM10",NA,NA,0,181.9133,1434.16,62.706,86.5915,3.2238,NA,0,NA,88.7291,0,0,4.8568,3.5535,0,0,0,0,2.02,NA,0,0,0,9.8237,0,NA,0,NA,NA,NA,NA,0,NA,0,0,0,3.4048,0,"3b","3b","1b","1b","1b","1b","1b","1b","3b","1b","3b","1b","1b","1b","1b","1b","1b","1b","1b","1b","1b","3b","1b","1b","1b","1b","1b","3b","1b","3b","3b","3b","3b","1b","3b","1b","1b","1b","1b","1b"
"2023-02-19 14:00:00","PM2.5",NA,NA,NA,NA,NA,NA,NA,NA,NA,NA,NA,NA,NA,NA,NA,NA,NA,NA,NA,NA,NA,NA,NA,NA,NA,NA,NA,NA,NA,NA,NA,NA,NA,NA,NA,NA,NA,NA,NA,NA,"0c","0c","0c","0c","0c","0c","0c","3b","0c","3b","0c","0c","0c","0c","0c","0c","0c","0c","0c","0c","0c","0c","0c","0c","0c","0c","0c","0c","0c","3b","0c","3b","0c","0c","0c","0c","0c","0c","3b","0c"
"2023-02-19 15:00:00","PM10",NA,NA,NA,NA,NA,NA,NA,NA,NA,NA,NA,NA,NA,NA,NA,NA,NA,NA,NA,NA,NA,NA,NA,NA,NA,NA,NA,NA,NA,NA,NA,NA,NA,NA,NA,NA,NA,NA,NA,NA,"0c","0c","0c","0c","0c","0c","0c","0c","0c","3b","0c","0c","0c","0c","0c","0c","0c","0c","0c","0c","0c","3b","0c","0c","0c","0c","3b","3b","0c","0c","0c","3b","3b","0c","0c","0c","0c","0c","0c","0c"
"2023-02-19 16:00:00","PM2.5",NA,NA,NA,NA,NA,NA,NA,NA,NA,NA,NA,NA,NA,NA,NA,NA,NA,NA,NA,NA,NA,NA,NA,NA,NA,NA,NA,NA,NA,NA,NA,NA,NA,NA,NA,NA,NA,NA,NA,NA,"3b","0c","0c","0c","0c","0c","0c","0c","0c","0c","0c","0c","0c","0c","0c","0c","0c","0c","0c","0c","0c","3b","0c","0c","0c","0c","0c","3b","0c","3b","3b","3b","3b","0c","3b","0c","0c","0c","0c","0c"
"2023-02-19 17:00:00","PM10",NA,NA,NA,NA,NA,NA,NA,NA,NA,NA,NA,NA,NA,NA,NA,NA,NA,NA,NA,NA,NA,NA,NA,NA,NA,NA,NA,NA,NA,NA,NA,NA,NA,NA,NA,NA,NA,NA,NA,NA,"0c","0c","0c","0c","0c","0c","0c","0c","3b","0c","3b","0c","0c","3b","0c","0c","0c","0c","0c","3b","0c","3b","0c","0c","0c","3b","3b","0c","0c","0c","3b","0c","3b","0c","0c","0c","0c","0c","0c","0c"
"2023-02-19 18:00:00","PM2.5",NA,NA,NA,NA,NA,NA,NA,NA,NA,NA,NA,NA,NA,NA,NA,NA,NA,NA,NA,NA,NA,NA,NA,NA,NA,NA,NA,NA,NA,NA,NA,NA,NA,NA,NA,NA,NA,NA,NA,NA,"0c","0c","0c","0c","0c","0c","0c","0c","3b","0c","0c","0c","0c","3b","0c","0c","0c","0c","3b","0c","0c","3b","0c","0c","0c","0c","3b","0c","0c","0c","3b","3b","0c","0c","0c","0c","0c","0c","0c","0c"
"2023-02-19 19:00:00","PM10",NA,0,0,315.8892,740.5112,31.0285,46.1606,NA,0,0,0,63.6434,0,0,3.264,2.6069,0,0,NA,0,1.4195,NA,0,0,0,14.4114,0,0,0,0,0,NA,0,0,0,0,0,0,NA,0,"3b","1b","1b","1b","1b","1b","1b","3b","1b","1b","1b","1b","1b","1b","1b","1b","1b","1b","3b","1b","1b","3b","1b","1b","1b","1b","1b","1b","1b","1b","1b","3b","1b","1b","1b","1b","1b","1b","3b","1b"
"2023-02-19 20:00:00","PM2.5",NA,NA,NA,NA,NA,NA,NA,NA,NA,NA,NA,NA,NA,NA,NA,NA,NA,NA,NA,NA,NA,NA,NA,NA,NA,NA,NA,NA,NA,NA,NA,NA,NA,NA,NA,NA,NA,NA,NA,NA,"3b","0c","0c","0c","0c","0c","0c","3b","0c","0c","0c","0c","0c","0c","0c","0c","0c","0c","0c","3b","0c","3b","0c","0c","3b","3b","0c","3b","0c","0c","0c","3b","0c","0c","0c","0c","0c","0c","0c","0c"
"2023-02-19 21:00:00","PM10",NA,NA,NA,NA,NA,NA,NA,NA,NA,NA,NA,NA,NA,NA,NA,NA,NA,NA,NA,NA,NA,NA,NA,NA,NA,NA,NA,NA,NA,NA,NA,NA,NA,NA,NA,NA,NA,NA,NA,NA,"0c","0c","0c","0c","0c","0c","0c","0c","0c","0c","0c","0c","3b","3b","0c","0c","0c","0c","3b","0c","0c","3b","0c","0c","0c","0c","3b","0c","0c","0c","3b","3b","3b","0c","0c","0c","0c","0c","0c","0c"
"2023-02-19 22:00:00","PM2.5",NA,NA,NA,NA,NA,NA,NA,NA,NA,NA,NA,NA,NA,NA,NA,NA,NA,NA,NA,NA,NA,NA,NA,NA,NA,NA,NA,NA,NA,NA,NA,NA,NA,NA,NA,NA,NA,NA,NA,NA,"0c","0c","0c","0c","0c","0c","0c","3b","0c","0c","0c","0c","0c","0c","0c","0c","0c","0c","3b","3b","0c","3b","0c","0c","0c","0c","3b","0c","0c","0c","3b","0c","0c","0c","0c","0c","0c","0c","0c","0c"
"2023-02-19 23:00:00","PM10",NA,NA,NA,NA,NA,NA,NA,NA,NA,NA,NA,NA,NA,NA,NA,NA,NA,NA,NA,NA,NA,NA,NA,NA,NA,NA,NA,NA,NA,NA,NA,NA,NA,NA,NA,NA,NA,NA,NA,NA,"0c","0c","0c","0c","0c","0c","0c","0c","3b","0c","0c","0c","3b","0c","0c","0c","0c","0c","3b","0c","0c","3b","0c","3b","0c","3b","0c","3b","0c","3b","0c","3b","0c","0c","0c","0c","0c","0c","3b","0c"
"2023-02-20 00:30:00","PM2.5",0,0,0,227.6406,167.8453,14.3164,15.147,0,0,0,0,7.9748,0,0,1.0214,1.2556,0,0,0,NA,NA,NA,0,0,0,32.5604,0,NA,0,NA,NA,NA,NA,0,0,0,0,0,0,NA,"1b","1b","1b","1b","1b","1b","1b","1b","1b","1b","1b","1b","1b","1b","1b","1b","1b","1b","1b","3b","3b","3b","1b","1b","1b","1b","1b","3b","1b","3b","3b","3b","3b","1b","1b","1b","1b","1b","1b","3b"
"2023-02-20 01:00:00","PM10",NA,0,0,192.6714,232.9655,8.4563,10.3772,0,NA,0,0,7.4115,0,0,0.5737,0.5437,0,0,0,0,0.7522,NA,0,NA,0,11.3581,NA,NA,0,0,0,NA,0,0,NA,0,0,0,0,0,"3b","1b","1b","1b","1b","1b","1b","1b","3b","1b","1b","1b","1b","1b","1b","1b","1b","1b","1b","1b","1b","3b","1b","3b","1b","1b","3b","3b","1b","1b","1b","3b","1b","1b","3b","1b","1b","1b","1b","1b"
"2023-02-20 02:00:00","PM2.5",0,0,0,99.3862,26.1799,6.2331,NA,0,NA,NA,0,0.9532,0,0,NA,0.7971,0,0,0,0,0.0024,NA,0,0,0,20.4223,NA,NA,0,NA,0,0,0,0,NA,0,0,0,0,0,"1b","1b","1b","1b","1b","1b","3b","1b","3b","3b","1b","1b","1b","1b","3b","1b","1b","1b","1b","1b","1b","3b","1b","1b","1b","1b","3b","3b","1b","3b","1b","1b","1b","1b","3b","1b","1b","1b","1b","1b"
"2023-02-20 03:00:00","PM10",NA,0,NA,121.0987,24.6349,7.2996,3.5268,NA,NA,0,0,2.0671,0,0,NA,0.4966,0,0,0,0,NA,NA,0,0,0,12.5459,NA,0,0,NA,0,0,NA,0,0,0,0,NA,0,0,"3b","1b","3b","1b","1b","1b","1b","3b","3b","1b","1b","1b","1b","1b","3b","1b","1b","1b","1b","1b","3b","3b","1b","1b","1b","1b","3b","1b","1b","3b","1b","1b","3b","1b","1b","1b","1b","3b","1b","1b"
"2023-02-20 04:00:00","PM2.5",NA,NA,NA,NA,NA,NA,NA,NA,NA,NA,NA,NA,NA,NA,NA,NA,NA,NA,NA,NA,NA,NA,NA,NA,NA,NA,NA,NA,NA,NA,NA,NA,NA,NA,NA,NA,NA,NA,NA,NA,"0c","0c","0c","0c","0c","0c","3b","3b","0c","0c","0c","0c","0c","0c","3b","0c","0c","0c","3b","0c","3b","3b","0c","0c","0c","3b","0c","3b","0c","3b","3b","0c","0c","0c","0c","0c","3b","0c","0c","0c"
"2023-02-20 05:00:00","PM10",NA,NA,NA,NA,NA,NA,NA,NA,NA,NA,NA,NA,NA,NA,NA,NA,NA,NA,NA,NA,NA,NA,NA,NA,NA,NA,NA,NA,NA,NA,NA,NA,NA,NA,NA,NA,NA,NA,NA,NA,"0c","0c","0c","0c","0c","0c","0c","3b","0c","3b","0c","0c","0c","0c","0c","0c","0c","0c","0c","0c","0c","3b","0c","0c","0c","3b","3b","0c","0c","3b","3b","3b","3b","0c","3b","0c","3b","0c","0c","0c"
"2023-02-20 06:00:00","PM2.5",NA,NA,NA,NA,NA,NA,NA,NA,NA,NA,NA,NA,NA,NA,NA,NA,NA,NA,NA,NA,NA,NA,NA,NA,NA,NA,NA,NA,NA,NA,NA,NA,NA,NA,NA,NA,NA,NA,NA,NA,"3b","0c","0c","0c","0c","0c","3b","0c","0c","0c","0c","0c","0c","0c","0c","0c","0c","0c","0c","0c","3b","3b","0c","0c","0c","0c","0c","0c","0c","3b","3b","3b","0c","0c","3b","0c","0c","0c","0c","0c"
"2023-02-20 07:00:00","PM10",NA,0,NA,101.8248,88.5709,6.3284,11.8447,NA,0,NA,0,81.1425,NA,NA,5.4841,2.121,0,0,0,0,NA,NA,0,0,0,17.9604,NA,0,0,NA,NA,NA,NA,0,0,0,0,0,0,0,"3b","1b","3b","1b","1b","1b","1b","3b","1b","3b","1b","1b","3b","3b","1b","1b","1b","1b","1b","1b","3b","3b","1b","1b","1b","1b","3b","1b","1b","3b","3b","3b","3b","1b","1b","1b","1b","1b","1b","1b"
"2023-02-20 08:00:00","PM2.5",NA,NA,NA,NA,NA,NA,NA,NA,NA,NA,NA,NA,NA,NA,NA,NA,NA,NA,NA,NA,NA,NA,NA,NA,NA,NA,NA,NA,NA,NA,NA,NA,NA,NA,NA,NA,NA,NA,NA,NA,"0c","0c","3b","0c","0c","0c","0c","0c","0c","0c","0c","0c","0c","3b","0c","0c","0c","0c","0c","3b","0c","3b","0c","0c","0c","0c","3b","3b","0c","3b","3b","3b","0c","0c","0c","0c","3b","0c","0c","0c"
"2023-02-20 09:00:00","PM10",NA,NA,NA,NA,NA,NA,NA,NA,NA,NA,NA,NA,NA,NA,NA,NA,NA,NA,NA,NA,NA,NA,NA,NA,NA,NA,NA,NA,NA,NA,NA,NA,NA,NA,NA,NA,NA,NA,NA,NA,"0c","3b","0c","0c","0c","0c","0c","0c","0c","0c","0c","0c","3b","0c","0c","0c","0c","0c","0c","3b","0c","3b","0c","0c","0c","0c","3b","3b","0c","3b","3b","3b","3b","0c","0c","0c","3b","0c","0c","0c"
"2023-02-20 10:00:00","PM2.5",NA,NA,NA,NA,NA,NA,NA,NA,NA,NA,NA,NA,NA,NA,NA,NA,NA,NA,NA,NA,NA,NA,NA,NA,NA,NA,NA,NA,NA,NA,NA,NA,NA,NA,NA,NA,NA,NA,NA,NA,"3b","0c","0c","0c","0c","0c","0c","3b","0c","0c","0c","0c","0c","0c","0c","0c","0c","0c","0c","0c","3b","3b","0c","0c","0c","0c","0c","0c","0c","0c","3b","3b","0c","0c","3b","0c","0c","0c","0c","0c"
"2023-02-20 11:00:00","PM10",NA,NA,0,48.3185,362.9673,52.736,158.6505,3.0486,NA,NA,NA,99.3752,NA,NA,8.0503,6.9044,0,0,0.8555,0,NA,NA,0,0,0,11.2585,NA,NA,0,NA,0.086,NA,NA,0,0,0,0,0,31.8236,0,"3b","3b","1b","1b","1b","1b","1b","1b","3b","3b","3b","1b","3b","3b","1b","1b","1b","1b","1b","1b","3b","3b","1b","1b","1b","1b","3b","3b","1b","3b","1b","3b","3b","1b","1b","1b","1b","1b","1b","1b"
"2023-02-20 12:00:00","PM2.5",NA,NA,NA,NA,NA,NA,NA,NA,NA,NA,NA,NA,NA,NA,NA,NA,NA,NA,NA,NA,NA,NA,NA,NA,NA,NA,NA,NA,NA,NA,NA,NA,NA,NA,NA,NA,NA,NA,NA,NA,"3b","0c","0c","0c","0c","0c","0c","0c","0c","0c","3b","0c","0c","3b","0c","0c","0c","0c","3b","0c","3b","3b","0c","0c","0c","0c","3b","0c","0c","0c","3b","3b","3b","0c","0c","0c","0c","0c","3b","0c"
"2023-02-20 13:00:00","PM10",NA,NA,NA,NA,NA,NA,NA,NA,NA,NA,NA,NA,NA,NA,NA,NA,NA,NA,NA,NA,NA,NA,NA,NA,NA,NA,NA,NA,NA,NA,NA,NA,NA,NA,NA,NA,NA,NA,NA,NA,"0c","3b","0c","0c","0c","0c","0c","0c","0c","3b","0c","0c","0c","0c","0c","0c","0c","0c","0c","0c","0c","3b","0c","0c","0c","0c","0c","3b","0c","0c","0c","3b","3b","0c","0c","0c","0c","0c","3b","0c"
"2023-02-20 14:00:00","PM2.5",NA,NA,NA,NA,NA,NA,NA,NA,NA,NA,NA,NA,NA,NA,NA,NA,NA,NA,NA,NA,NA,NA,NA,NA,NA,NA,NA,NA,NA,NA,NA,NA,NA,NA,NA,NA,NA,NA,NA,NA,"3b","0c","0c","0c","0c","0c","0c","0c","0c","3b","3b","0c","0c","0c","0c","0c","0c","0c","0c","3b","3b","3b","0c","0c","0c","0c","0c","3b","0c","0c","3b","3b","3b","0c","0c","0c","0c","0c","0c","0c"
"2023-02-20 15:00:00","PM10",NA,NA,0,169.9705,249.4836,59.6683,273.3846,9.3752,0,NA,1.4947,145.5614,0,NA,2.7223,4.6404,0,0,NA,NA,NA,NA,0,0,0,12.9354,NA,NA,NA,NA,NA,NA,NA,0,0,0,0,0,0,0,"3b","3b","1b","1b","1b","1b","1b","1b","1b","3b","1b","1b","1b","3b","1b","1b","1b","1b","3b","3b","3b","3b","1b","1b","1b","1b","3b","3b","3b","3b","3b","3b","3b","1b","1b","1b","1b","1b","1b","1b"
"2023-02-20 16:00:00","PM2.5",644.1831,0,NA,93.6022,21.9672,23.9246,49.4874,NA,0,0,0,48.5734,0,0,4.254,2.2709,0,0,0.6011,0,NA,NA,0,0,0,24.7499,NA,0,0,0,NA,NA,NA,0,0,0,0,0,0,0,"1b","1b","3b","1b","1b","1b","1b","3b","1b","1b","1b","1b","1b","1b","1b","1b","1b","1b","1b","1b","3b","3b","1b","1b","1b","1b","3b","1b","1b","1b","3b","3b","3b","1b","1b","1b","1b","1b","1b","1b"
"2023-02-20 17:00:00","PM10",NA,0.1903,0,98.404,67.3549,63.5859,96.7712,3.1627,0,NA,NA,118.1922,NA,0,3.8919,4.6446,0,0,0,0,0.6686,NA,0,0,0,NA,0,0,0,0,NA,NA,NA,0,0,0,0,0,NA,0,"3b","1b","1b","1b","1b","1b","1b","1b","1b","3b","3b","1b","3b","1b","1b","1b","1b","1b","1b","1b","1b","3b","1b","1b","1b","3b","1b","1b","1b","1b","3b","3b","3b","1b","1b","1b","1b","1b","3b","1b"
"2023-02-20 18:00:00","PM2.5",640.8099,0,0,65.1322,0,48.2853,63.3316,NA,0,0,0,42.0249,NA,0.005,1.9943,2.8159,0,0,NA,0,NA,NA,0,0,0,NA,0,0,0,0,NA,NA,0,0,0,0,0,0,NA,0,"1b","1b","1b","1b","1b","1b","1b","3b","1b","1b","1b","1b","3b","1b","1b","1b","1b","1b","3b","1b","3b","3b","1b","1b","1b","3b","1b","1b","1b","1b","3b","3b","1b","1b","1b","1b","1b","1b","3b","1b"
"2023-02-20 19:00:00","PM10",NA,0,0,69.162,27.6897,41.8915,39.994,0,0,NA,NA,138.0888,NA,0,6.238,28.1025,0,0,1.5949,0,NA,NA,0,NA,NA,13.6797,NA,NA,0,0,NA,NA,4.0595,0,0,0,0,0,NA,0,"3b","1b","1b","1b","1b","1b","1b","1b","1b","3b","3b","1b","3b","1b","1b","1b","1b","1b","1b","1b","3b","3b","1b","3b","3b","1b","3b","3b","1b","1b","3b","3b","1b","1b","1b","1b","1b","1b","3b","1b"
"2023-02-20 20:00:00","PM2.5",NA,NA,NA,NA,NA,NA,NA,NA,NA,NA,NA,NA,NA,NA,NA,NA,NA,NA,NA,NA,NA,NA,NA,NA,NA,NA,NA,NA,NA,NA,NA,NA,NA,NA,NA,NA,NA,NA,NA,NA,"3b","0c","0c","0c","0c","0c","0c","3b","0c","0c","0c","0c","3b","0c","0c","0c","0c","0c","0c","0c","3b","3b","0c","0c","0c","3b","0c","0c","0c","0c","3b","3b","3b","0c","0c","0c","0c","0c","0c","0c"
"2023-02-20 21:00:00","PM10",NA,NA,NA,NA,NA,NA,NA,NA,NA,NA,NA,NA,NA,NA,NA,NA,NA,NA,NA,NA,NA,NA,NA,NA,NA,NA,NA,NA,NA,NA,NA,NA,NA,NA,NA,NA,NA,NA,NA,NA,"0c","0c","0c","0c","3b","0c","0c","3b","0c","0c","0c","0c","0c","0c","0c","0c","0c","0c","0c","0c","0c","3b","0c","0c","0c","3b","3b","0c","0c","3b","0c","3b","3b","0c","0c","0c","0c","0c","0c","0c"
"2023-02-20 22:00:00","PM2.5",NA,NA,NA,NA,NA,NA,NA,NA,NA,NA,NA,NA,NA,NA,NA,NA,NA,NA,NA,NA,NA,NA,NA,NA,NA,NA,NA,NA,NA,NA,NA,NA,NA,NA,NA,NA,NA,NA,NA,NA,"0c","0c","0c","0c","0c","0c","0c","0c","3b","0c","0c","0c","0c","0c","0c","0c","0c","0c","0c","0c","3b","3b","0c","0c","0c","0c","3b","3b","0c","0c","3b","3b","3b","0c","0c","0c","0c","0c","0c","0c"
"2023-02-20 23:00:00","PM10",NA,0,NA,81.3412,0,11.7827,16.8795,0,0.0057,NA,0,45.0046,0,0,2.1482,3.2486,0,0,0,0,NA,NA,0,NA,0,13.5271,0,NA,0,NA,NA,NA,0,0,0,0,0,0,NA,0,"3b","1b","3b","1b","1b","1b","1b","1b","1b","3b","1b","1b","1b","1b","1b","1b","1b","1b","1b","1b","3b","3b","1b","3b","1b","1b","1b","3b","1b","3b","3b","3b","1b","1b","1b","1b","1b","1b","3b","1b"
"2023-02-21 00:30:00","PM2.5",NA,0,0,75.077,0,6.6681,11.3394,NA,0,0,0,8.9482,0,0,NA,2.0693,0,0,0,0,3.2531,0,0,0,0,23.7957,0,0,0,0,NA,NA,0,0,NA,0,0,0,0,0.0237,"3b","1b","1b","1b","1b","1b","1b","3b","1b","1b","1b","1b","1b","1b","3b","1b","1b","1b","1b","1b","1b","1b","1b","1b","1b","1b","1b","1b","1b","1b","3b","3b","1b","1b","3b","1b","1b","1b","1b","1b"
"2023-02-21 01:00:00","PM10",NA,0,0,90.7449,0,14.6616,8.1384,0,0,0,0,13.9991,0,0,NA,2.0101,0,0,0,0,NA,NA,0,0,0,NA,NA,0,0,0,NA,NA,NA,0,0,0,0,0,0,0,"3b","1b","1b","1b","1b","1b","1b","1b","1b","1b","1b","1b","1b","1b","3b","1b","1b","1b","1b","1b","3b","3b","1b","1b","1b","3b","3b","1b","1b","1b","3b","3b","3b","1b","1b","1b","1b","1b","1b","1b"
"2023-02-21 02:00:00","PM2.5",NA,0,NA,66.7771,0,12.3599,3.3446,1.0544,0,0,0,9.3811,0.0112,0,NA,0.9276,0,0,NA,0,0,NA,0,0,0,NA,NA,0.1252,0,NA,0,NA,0,0,0,0,NA,0,0,0,"3b","1b","3b","1b","1b","1b","1b","1b","1b","1b","1b","1b","1b","1b","3b","1b","1b","1b","3b","1b","1b","3b","1b","1b","1b","3b","3b","1b","1b","3b","1b","3b","1b","1b","1b","1b","3b","1b","1b","1b"
"2023-02-21 03:00:00","PM10",NA,0,0,87.6124,0,8.18,5.2256,NA,0,0,0,6.5361,0,0,NA,NA,0.0058,0,0,0,1.0044,NA,0,0,0,0,0,0,0,0,0,NA,0,0,0,0,0,0,0,0,"3b","1b","1b","1b","1b","1b","1b","3b","1b","1b","1b","1b","1b","1b","3b","3b","1b","1b","1b","1b","1b","3b","1b","1b","1b","1b","1b","1b","1b","1b","1b","3b","1b","1b","1b","1b","1b","1b","1b","1b"
"2023-02-21 04:00:00","PM2.5",NA,NA,NA,NA,NA,NA,NA,NA,NA,NA,NA,NA,NA,NA,NA,NA,NA,NA,NA,NA,NA,NA,NA,NA,NA,NA,NA,NA,NA,NA,NA,NA,NA,NA,NA,NA,NA,NA,NA,NA,"0c","0c","0c","0c","0c","0c","3b","3b","0c","0c","0c","0c","3b","0c","3b","0c","0c","0c","0c","3b","3b","3b","0c","0c","0c","0c","3b","0c","0c","0c","3b","0c","0c","3b","0c","0c","0c","0c","3b","0c"
"2023-02-21 05:00:00","PM10",NA,NA,NA,NA,NA,NA,NA,NA,NA,NA,NA,NA,NA,NA,NA,NA,NA,NA,NA,NA,NA,NA,NA,NA,NA,NA,NA,NA,NA,NA,NA,NA,NA,NA,NA,NA,NA,NA,NA,NA,"0c","0c","0c","0c","0c","0c","0c","0c","0c","0c","0c","0c","3b","0c","0c","0c","0c","0c","0c","0c","3b","3b","0c","0c","0c","3b","0c","0c","0c","3b","3b","3b","3b","0c","0c","0c","3b","0c","0c","0c"
"2023-02-21 06:00:00","PM2.5",NA,NA,NA,NA,NA,NA,NA,NA,NA,NA,NA,NA,NA,NA,NA,NA,NA,NA,NA,NA,NA,NA,NA,NA,NA,NA,NA,NA,NA,NA,NA,NA,NA,NA,NA,NA,NA,NA,NA,NA,"3b","0c","0c","0c","0c","0c","0c","3b","0c","0c","0c","0c","0c","0c","0c","0c","0c","0c","0c","0c","0c","3b","0c","0c","0c","0c","3b","0c","0c","0c","3b","3b","3b","0c","0c","0c","0c","0c","0c","0c"
"2023-02-21 07:00:00","PM10",NA,0,0,177.1633,0,9.3362,20.1083,1.0604,0,0,NA,109.9834,0,0,5.7244,1.846,0,0,0,0,NA,NA,0,0,0,17.1777,NA,NA,0,NA,NA,0,NA,0,0,0,0.0025,0,0,0,"3b","1b","1b","1b","1b","1b","1b","1b","1b","1b","3b","1b","1b","1b","1b","1b","1b","1b","1b","1b","3b","3b","1b","1b","1b","1b","3b","3b","1b","3b","3b","1b","3b","1b","1b","1b","1b","1b","1b","1b"
"2023-02-21 08:00:00","PM2.5",0,0,0,181.5468,0,9.1687,14.9644,NA,NA,0,0,53.4167,0,NA,3.0647,1.7701,0,0,0,0,NA,NA,0,0,0,18.7291,NA,NA,0,0,NA,NA,NA,0,0,0,0,0,0,0,"1b","1b","1b","1b","1b","1b","1b","3b","3b","1b","1b","1b","1b","3b","1b","1b","1b","1b","1b","1b","3b","3b","1b","1b","1b","1b","3b","3b","1b","1b","3b","3b","3b","1b","1b","1b","1b","1b","1b","1b"
"2023-02-21 09:00:00","PM10",NA,NA,0,103.0669,109.4499,18.5668,138.6562,4.9052,NA,NA,NA,103.4249,NA,0,3.1422,5.4363,0,0,0,0,NA,NA,0,0,0,NA,NA,0,0,0,0,NA,NA,0,0,0,NA,0,NA,0,"3b","3b","1b","1b","1b","1b","1b","1b","3b","3b","3b","1b","3b","1b","1b","1b","1b","1b","1b","1b","3b","3b","1b","1b","1b","3b","3b","1b","1b","1b","1b","3b","3b","1b","1b","1b","3b","1b","3b","1b"
"2023-02-21 10:00:00","PM2.5",577.5543,0,0,76.418,20.3765,20.4877,32.0239,1.2996,NA,NA,NA,39.4797,0,0,1.2234,1.8657,0,0,0,0,NA,NA,0,0,0,13.5504,NA,NA,0,0.154,NA,0,NA,0,0,0,NA,0,NA,0,"1b","1b","1b","1b","1b","1b","1b","1b","3b","3b","3b","1b","1b","1b","1b","1b","1b","1b","1b","1b","3b","3b","1b","1b","1b","1b","3b","3b","1b","1b","3b","1b","3b","1b","1b","1b","3b","1b","3b","1b"
"2023-02-21 11:00:00","PM10",NA,NA,0,147.1038,356.2726,41.8742,138.3943,4.6345,0,NA,1.0487,119.1787,0,0,3.2251,4.4089,0,0,0,NA,NA,NA,0,0,0,12.0441,0,NA,0,0,NA,NA,NA,0,0,0,0,0,1.7933,0,"3b","3b","1b","1b","1b","1b","1b","1b","1b","3b","1b","1b","1b","1b","1b","1b","1b","1b","1b","3b","3b","3b","1b","1b","1b","1b","1b","3b","1b","1b","3b","3b","3b","1b","1b","1b","1b","1b","1b","1b"
"2023-02-21 12:00:00","PM2.5",NA,0,0,425.5416,0,34.9883,19.8941,NA,0,0.0074,1.0394,39.4372,0.0065,0,1.0679,4.8251,0,0,NA,0,0.6595,NA,0,0,0,12.9676,NA,0,0,NA,0,NA,NA,0,0,0,0,0,4.1385,0,"3b","1b","1b","1b","1b","1b","1b","3b","1b","1b","1b","1b","1b","1b","1b","1b","1b","1b","3b","1b","1b","3b","1b","1b","1b","1b","3b","1b","1b","3b","1b","3b","3b","1b","1b","1b","1b","1b","1b","1b"
"2023-02-21 13:00:00","PM10",NA,NA,0,1339.3262,NA,79.745,130.3517,3.1269,0,NA,4.7431,145.691,0,NA,2.7076,20.2363,0,0,1.0859,0,1.5042,NA,0,0,0,NA,NA,NA,0,0,0,0,NA,0,0,0,0,0,8.4854,0,"3b","3b","1b","1b","3b","1b","1b","1b","1b","3b","1b","1b","1b","3b","1b","1b","1b","1b","1b","1b","1b","3b","1b","1b","1b","3b","3b","3b","1b","1b","1b","1b","3b","1b","1b","1b","1b","1b","1b","1b"
"2023-02-21 14:00:00","PM2.5",NA,0,0,592.7611,0,53.9404,40.82,1.4652,0,0,1.7607,61.1139,0,NA,2.4159,33.2764,0,0,1.891,0,1.3864,NA,0,0,0,13.9584,NA,NA,0,0,0,NA,0,0,0,0,0,0,2.9802,0,"3b","1b","1b","1b","1b","1b","1b","1b","1b","1b","1b","1b","1b","3b","1b","1b","1b","1b","1b","1b","1b","3b","1b","1b","1b","1b","3b","3b","1b","1b","1b","3b","1b","1b","1b","1b","1b","1b","1b","1b"
"2023-02-21 15:00:00","PM10",NA,NA,0,534.6083,155.4898,89.5601,386.8572,6.5208,0,NA,3.4081,166.3135,0,NA,4.9556,53.2547,0,0,1.2558,0,2.5317,NA,0,0,0,27.427,0,0,0,0,NA,NA,NA,0,0,0,0,0,4.9113,0,"3b","3b","1b","1b","1b","1b","1b","1b","1b","3b","1b","1b","1b","3b","1b","1b","1b","1b","1b","1b","1b","3b","1b","1b","1b","1b","1b","1b","1b","1b","3b","3b","3b","1b","1b","1b","1b","1b","1b","1b"
"2023-02-21 16:00:00","PM2.5",NA,0,0,318.3379,0,43.787,99.9711,1.39,0,0.0052,NA,73.0057,0,0,3.3283,21.9785,0,0,0.7688,0,1.3015,0,0,0,0,19.2369,NA,NA,0,NA,NA,NA,NA,0,0,0,0,0,16.5908,0,"3b","1b","1b","1b","1b","1b","1b","1b","1b","1b","3b","1b","1b","1b","1b","1b","1b","1b","1b","1b","1b","1b","1b","1b","1b","1b","3b","3b","1b","3b","3b","3b","3b","1b","1b","1b","1b","1b","1b","1b"
"2023-02-21 17:00:00","PM10",NA,NA,0,212.7735,164.4302,64.1277,249.5354,4.112,0,NA,0.9748,138.983,NA,NA,5.197,12.4989,0,0,1.4756,0,2.1623,NA,0,0,0,14.4959,0,0,0,0,0,0,NA,0,0,0,0,0,6.9238,0,"3b","3b","1b","1b","1b","1b","1b","1b","1b","3b","1b","1b","3b","3b","1b","1b","1b","1b","1b","1b","1b","3b","1b","1b","1b","1b","1b","1b","1b","1b","1b","1b","3b","1b","1b","1b","1b","1b","1b","1b"
"2023-02-21 18:00:00","PM2.5",NA,0,0,183.924,10.7045,60.9694,52.0314,NA,NA,NA,NA,59.0343,NA,0,2.3362,9.8711,0,0,0.9055,0,13.1351,NA,0,0,0,13.6011,NA,NA,0,NA,NA,NA,NA,0,0,0,0,0,3.66,0,"3b","1b","1b","1b","1b","1b","1b","3b","3b","3b","3b","1b","3b","1b","1b","1b","1b","1b","1b","1b","1b","3b","1b","1b","1b","1b","3b","3b","1b","3b","3b","3b","3b","1b","1b","1b","1b","1b","1b","1b"
"2023-02-21 19:00:00","PM10",NA,NA,0,278.1122,114.3582,81.3731,320.8401,4.1042,0,NA,NA,160.1717,0.0049,NA,5.5473,24.3198,0,0,2.4323,0,3.2344,NA,0,0,0,16.1874,0,NA,0,0.1513,NA,NA,NA,0,0,0,0,0,6.687,0,"3b","3b","1b","1b","1b","1b","1b","1b","1b","3b","3b","1b","1b","3b","1b","1b","1b","1b","1b","1b","1b","3b","1b","1b","1b","1b","1b","3b","1b","1b","3b","3b","3b","1b","1b","1b","1b","1b","1b","1b"
"2023-02-21 20:00:00","PM2.5",NA,NA,NA,NA,NA,NA,NA,NA,NA,NA,NA,NA,NA,NA,NA,NA,NA,NA,NA,NA,NA,NA,NA,NA,NA,NA,NA,NA,NA,NA,NA,NA,NA,NA,NA,NA,NA,NA,NA,NA,"3b","0c","0c","0c","0c","0c","0c","3b","0c","0c","0c","0c","3b","0c","0c","0c","0c","0c","0c","0c","0c","3b","0c","0c","0c","3b","3b","3b","0c","3b","3b","3b","3b","0c","0c","0c","0c","0c","0c","0c"
"2023-02-21 21:00:00","PM10",NA,NA,NA,NA,NA,NA,NA,NA,NA,NA,NA,NA,NA,NA,NA,NA,NA,NA,NA,NA,NA,NA,NA,NA,NA,NA,NA,NA,NA,NA,NA,NA,NA,NA,NA,NA,NA,NA,NA,NA,"0c","3b","0c","0c","0c","0c","0c","0c","0c","3b","0c","0c","0c","0c","0c","0c","0c","0c","0c","0c","0c","3b","0c","0c","0c","3b","3b","0c","0c","3b","3b","3b","0c","0c","0c","0c","0c","0c","0c","0c"
"2023-02-21 22:00:00","PM2.5",NA,NA,NA,NA,NA,NA,NA,NA,NA,NA,NA,NA,NA,NA,NA,NA,NA,NA,NA,NA,NA,NA,NA,NA,NA,NA,NA,NA,NA,NA,NA,NA,NA,NA,NA,NA,NA,NA,NA,NA,"0c","0c","0c","0c","0c","0c","0c","0c","0c","0c","0c","0c","0c","0c","0c","0c","0c","0c","0c","0c","0c","3b","0c","0c","0c","0c","0c","0c","0c","3b","3b","3b","3b","0c","0c","0c","0c","0c","0c","0c"
"2023-02-21 23:00:00","PM10",NA,NA,0,267.8377,56.5126,105.7392,182.4024,5.6664,0,NA,1.7604,155.9056,0,NA,5.5639,23.499,0,0,2.1396,NA,2.8075,NA,0,0,0,0,NA,NA,0,NA,0,NA,NA,0,0,0,0,0,5.1308,0,"3b","3b","1b","1b","1b","1b","1b","1b","1b","3b","1b","1b","1b","3b","1b","1b","1b","1b","1b","3b","1b","3b","1b","1b","1b","1b","3b","3b","1b","3b","1b","3b","3b","1b","1b","1b","1b","1b","1b","1b"
"2023-02-22 00:30:00","PM2.5",NA,0,NA,308.8726,50.7102,102.5396,34.1652,0,NA,0,0,53.8075,0,0,2.2255,17.7086,0,0,1.5369,0,5.0075,NA,0,0,0,31.2639,NA,0,0,NA,NA,NA,0,0,NA,0,0,0,6.8932,0,"3b","1b","3b","1b","1b","1b","1b","1b","3b","1b","1b","1b","1b","1b","1b","1b","1b","1b","1b","1b","1b","3b","1b","1b","1b","1b","3b","1b","1b","3b","3b","3b","1b","1b","3b","1b","1b","1b","1b","1b"
"2023-02-22 01:00:00","PM10",NA,0,0,460.5287,164.5159,112.5273,73.5181,1.5408,NA,NA,0.9958,80.4997,0,0,2.1151,23.0409,0,0,1.4582,NA,4.7481,NA,0,0,0,10.7936,0,NA,0,NA,NA,NA,0,0,NA,0,0,0,12.1133,0,"3b","1b","1b","1b","1b","1b","1b","1b","3b","3b","1b","1b","1b","1b","1b","1b","1b","1b","1b","3b","1b","3b","1b","1b","1b","1b","1b","3b","1b","3b","3b","3b","1b","1b","3b","1b","1b","1b","1b","1b"
"2023-02-22 02:00:00","PM2.5",NA,0,0,609.0904,0,69.1893,12.9033,NA,NA,NA,0.8453,35.6113,0,0,1.1777,10.4629,0,0,1.7342,NA,2.945,NA,0,0,0,14.6295,0,NA,0,NA,NA,NA,NA,0,0,0,0,0,7.2032,0,"3b","1b","1b","1b","1b","1b","1b","3b","3b","3b","1b","1b","1b","1b","1b","1b","1b","1b","1b","3b","1b","3b","1b","1b","1b","1b","1b","3b","1b","3b","3b","3b","3b","1b","1b","1b","1b","1b","1b","1b"
"2023-02-22 03:00:00","PM10",NA,0,0,519.6523,107.1252,57.0396,37.5705,1.0975,NA,0,NA,53.4959,0,NA,1.3503,8.466,0,0,1.6118,0,2.9385,0,0,0,0,20.0707,NA,NA,0,NA,NA,NA,NA,0,0.015,0,0,0,5.4462,0,"3b","1b","1b","1b","1b","1b","1b","1b","3b","1b","3b","1b","1b","3b","1b","1b","1b","1b","1b","1b","1b","1b","1b","1b","1b","1b","3b","3b","1b","3b","3b","3b","3b","1b","1b","1b","1b","1b","1b","1b"
"2023-02-22 04:00:00","PM2.5",0,0,0,588.9942,0,65.9323,12.6241,NA,NA,0,1.2045,37.0493,0,NA,0.9625,9.2,0,0,1.8228,NA,2.8189,NA,0,0,0,NA,NA,0,0,0,NA,NA,0,0,0,0,NA,0,6.009,0,"1b","1b","1b","1b","1b","1b","1b","3b","3b","1b","1b","1b","1b","3b","1b","1b","1b","1b","1b","3b","1b","3b","1b","1b","1b","3b","3b","1b","1b","1b","3b","3b","1b","1b","1b","1b","3b","1b","1b","1b"
"2023-02-22 05:00:00","PM10",NA,NA,0,1158.1664,0,99.5716,61.8303,2.3209,NA,NA,6.0212,131.0217,0,NA,1.0695,11.9217,0,0,2.2252,NA,3.9494,NA,0,0,0,14.4372,NA,0,0,0,0,NA,0,0,0,0,0,0,12.5721,0,"3b","3b","1b","1b","1b","1b","1b","1b","3b","3b","1b","1b","1b","3b","1b","1b","1b","1b","1b","3b","1b","3b","1b","1b","1b","1b","3b","1b","1b","1b","1b","3b","1b","1b","1b","1b","1b","1b","1b","1b"
"2023-02-22 06:00:00","PM2.5",NA,0,0,710.4356,0,57.9392,10.9982,NA,1.1868,NA,3.35,50.0313,0,NA,1.0781,14.9283,0,0,0.7521,NA,2.649,NA,0,0,0,NA,NA,0,0,NA,NA,NA,0,0,0,0,0,0,6.5326,0,"3b","1b","1b","1b","1b","1b","1b","3b","1b","3b","1b","1b","1b","3b","1b","1b","1b","1b","1b","3b","1b","3b","1b","1b","1b","3b","3b","1b","1b","3b","3b","3b","1b","1b","1b","1b","1b","1b","1b","1b"
"2023-02-22 07:00:00","PM10",NA,0,0,624.3867,35.8874,66.5002,44.6709,1.2507,1.8871,NA,2.0622,145.9284,0,NA,5.1563,20.536,0,0,1.2543,NA,2.3264,NA,0,0,0,25.2008,NA,NA,0,0,NA,0,2.9251,0,0,0,0,0,2.6957,0,"3b","1b","1b","1b","1b","1b","1b","1b","1b","3b","1b","1b","1b","3b","1b","1b","1b","1b","1b","3b","1b","3b","1b","1b","1b","1b","3b","3b","1b","1b","3b","1b","1b","1b","1b","1b","1b","1b","1b","1b"
"2023-02-22 08:00:00","PM2.5",NA,NA,NA,NA,NA,NA,NA,NA,NA,NA,NA,NA,NA,NA,NA,NA,NA,NA,NA,NA,NA,NA,NA,NA,NA,NA,NA,NA,NA,NA,NA,NA,NA,NA,NA,NA,NA,NA,NA,NA,"3b","0c","0c","0c","0c","0c","0c","3b","0c","0c","3b","0c","3b","0c","0c","0c","0c","0c","0c","0c","0c","0c","0c","0c","0c","3b","3b","3b","3b","0c","0c","0c","3b","0c","0c","0c","0c","0c","0c","0c"
"2023-02-22 09:00:00","PM10",NA,NA,NA,NA,NA,NA,NA,NA,NA,NA,NA,NA,NA,NA,NA,NA,NA,NA,NA,NA,NA,NA,NA,NA,NA,NA,NA,NA,NA,NA,NA,NA,NA,NA,NA,NA,NA,NA,NA,NA,"0c","0c","0c","0c","0c","0c","0c","0c","3b","3b","0c","0c","0c","3b","0c","0c","0c","0c","0c","0c","0c","0c","0c","0c","0c","0c","0c","0c","0c","3b","3b","3b","0c","0c","0c","0c","0c","0c","0c","0c"
"2023-02-22 10:00:00","PM2.5",NA,NA,NA,NA,NA,NA,NA,NA,NA,NA,NA,NA,NA,NA,NA,NA,NA,NA,NA,NA,NA,NA,NA,NA,NA,NA,NA,NA,NA,NA,NA,NA,NA,NA,NA,NA,NA,NA,NA,NA,"0c","0c","0c","0c","0c","0c","0c","3b","3b","0c","0c","0c","0c","3b","0c","0c","0c","0c","0c","0c","0c","0c","0c","0c","0c","0c","3b","3b","0c","0c","3b","3b","0c","0c","0c","0c","0c","0c","0c","0c"
"2023-02-22 11:00:00","PM10",NA,0,0,89.101,149.0665,30.2649,76.3028,4.2207,NA,NA,3.2673,232.7377,0,NA,6.4599,22.9307,0,0,0,0,1.7772,0,NA,0,0,9.2805,NA,0,0,NA,NA,NA,0,0,0,0,0,0,3.2294,0,"3b","1b","1b","1b","1b","1b","1b","1b","3b","3b","1b","1b","1b","3b","1b","1b","1b","1b","1b","1b","1b","1b","3b","1b","1b","1b","3b","1b","1b","3b","3b","3b","1b","1b","1b","1b","1b","1b","1b","1b"
"2023-02-22 12:00:00","PM2.5",NA,0,0,43.6645,109.1911,15.206,22.4959,1.6557,0,0.0067,2.3007,99.1885,0,NA,3.4103,17.1148,0,0,0.3827,0,NA,NA,0,0,0,17.7928,0,NA,0,0,0,NA,NA,0,0,0,0,0,3.6726,0,"3b","1b","1b","1b","1b","1b","1b","1b","1b","1b","1b","1b","1b","3b","1b","1b","1b","1b","1b","1b","3b","3b","1b","1b","1b","1b","1b","3b","1b","1b","1b","3b","3b","1b","1b","1b","1b","1b","1b","1b"
"2023-02-22 13:00:00","PM10",NA,0,0,62.643,317.4238,22.4396,79.4818,3.2357,0,NA,1.791,146.0278,0,0,2.8502,17.1059,0,0,1.5415,0,0.8074,NA,0,0,0,18.0713,NA,0,0,0,NA,NA,0,0,0,0,0,0,1.184,0,"3b","1b","1b","1b","1b","1b","1b","1b","1b","3b","1b","1b","1b","1b","1b","1b","1b","1b","1b","1b","1b","3b","1b","1b","1b","1b","3b","1b","1b","1b","3b","3b","1b","1b","1b","1b","1b","1b","1b","1b"
"2023-02-22 14:00:00","PM2.5",NA,0,NA,45.5011,183.3107,16.5733,23.9859,NA,0,NA,NA,74.6039,0,0,4.2144,20.5595,0,0,1.3604,0,NA,NA,0,0,0,14.4388,NA,0,0,NA,NA,NA,NA,0,0,0,0,0,1.8761,0,"3b","1b","3b","1b","1b","1b","1b","3b","1b","3b","3b","1b","1b","1b","1b","1b","1b","1b","1b","1b","3b","3b","1b","1b","1b","1b","3b","1b","1b","3b","3b","3b","3b","1b","1b","1b","1b","1b","1b","1b"
"2023-02-22 15:00:00","PM10",NA,NA,0,100.5605,1079.2138,44.9815,127.5477,5.0854,0,0.9424,1.8652,224.6289,0,1.4885,6.5879,18.741,0,0,1.0557,0,1.6402,NA,0,0,0,20.1483,NA,NA,0,NA,NA,NA,NA,0,0,0,0,0,1.7618,0,"3b","3b","1b","1b","1b","1b","1b","1b","1b","1b","1b","1b","1b","1b","1b","1b","1b","1b","1b","1b","1b","3b","1b","1b","1b","1b","3b","3b","1b","3b","3b","3b","3b","1b","1b","1b","1b","1b","1b","1b"
"2023-02-22 16:00:00","PM2.5",NA,NA,0,113.2872,929.6572,39.1741,78.8894,1.6503,0,NA,1.055,99.6739,0,0,4.4412,17.0318,0,0,0.5406,0,2.6701,NA,0,0,0,10.2621,0,0,0,0,NA,0,NA,0,0,0,0,0,1.4429,0,"3b","3b","1b","1b","1b","1b","1b","1b","1b","3b","1b","1b","1b","1b","1b","1b","1b","1b","1b","1b","1b","3b","1b","1b","1b","1b","1b","1b","1b","1b","3b","1b","3b","1b","1b","1b","1b","1b","1b","1b"
"2023-02-22 17:00:00","PM10",NA,NA,0,320.2654,2893.3325,85.4532,209.7763,5.4276,0,NA,1.6669,211.3372,0,0,10.3865,21.6269,0,0,0.4155,NA,8.8334,1.6501,0,NA,0,9.776,NA,0.0175,0,NA,0,NA,NA,0,0,0,0,0,1.9774,0,"3b","3b","1b","1b","1b","1b","1b","1b","1b","3b","1b","1b","1b","1b","1b","1b","1b","1b","1b","3b","1b","1b","1b","3b","1b","1b","3b","1b","1b","3b","1b","3b","3b","1b","1b","1b","1b","1b","1b","1b"
"2023-02-22 18:00:00","PM2.5",0,0,0,378.0976,751.7893,35.0035,49.4306,NA,NA,NA,NA,87.8597,0,NA,10.3401,14.6449,0,0,0.9337,NA,3.423,NA,0,0,0,19.5352,0,NA,0,0,0,NA,NA,0,0,0,0,0,4.1775,0,"1b","1b","1b","1b","1b","1b","1b","3b","3b","3b","3b","1b","1b","3b","1b","1b","1b","1b","1b","3b","1b","3b","1b","1b","1b","1b","1b","3b","1b","1b","1b","3b","3b","1b","1b","1b","1b","1b","1b","1b"
"2023-02-22 19:00:00","PM10",NA,0,0,112.1365,235.5115,39.9465,64.9257,2.7714,0,NA,NA,158.9533,0,NA,4.9843,10.6263,0,0,1.2102,0,3.8524,NA,0,0,0,10.2391,0,NA,0,0,0,0,NA,0,NA,0,0,0,5.3699,0,"3b","1b","1b","1b","1b","1b","1b","1b","1b","3b","3b","1b","1b","3b","1b","1b","1b","1b","1b","1b","1b","3b","1b","1b","1b","1b","1b","3b","1b","1b","1b","1b","3b","1b","3b","1b","1b","1b","1b","1b"
"2023-02-22 20:00:00","PM2.5",NA,NA,NA,NA,NA,NA,NA,NA,NA,NA,NA,NA,NA,NA,NA,NA,NA,NA,NA,NA,NA,NA,NA,NA,NA,NA,NA,NA,NA,NA,NA,NA,NA,NA,NA,NA,NA,NA,NA,NA,"3b","0c","0c","0c","0c","0c","0c","0c","0c","3b","3b","0c","3b","0c","0c","0c","0c","0c","3b","0c","3b","3b","0c","0c","0c","3b","3b","0c","0c","0c","0c","3b","3b","0c","0c","0c","0c","0c","0c","0c"
"2023-02-22 21:00:00","PM10",NA,NA,NA,NA,NA,NA,NA,NA,NA,NA,NA,NA,NA,NA,NA,NA,NA,NA,NA,NA,NA,NA,NA,NA,NA,NA,NA,NA,NA,NA,NA,NA,NA,NA,NA,NA,NA,NA,NA,NA,"0c","0c","0c","0c","0c","0c","0c","0c","0c","3b","3b","0c","0c","0c","0c","0c","0c","0c","3b","3b","0c","0c","0c","0c","0c","3b","0c","3b","0c","3b","0c","3b","3b","0c","0c","0c","0c","0c","0c","0c"
"2023-02-22 22:00:00","PM2.5",NA,NA,NA,NA,NA,NA,NA,NA,NA,NA,NA,NA,NA,NA,NA,NA,NA,NA,NA,NA,NA,NA,NA,NA,NA,NA,NA,NA,NA,NA,NA,NA,NA,NA,NA,NA,NA,NA,NA,NA,"0c","0c","0c","0c","0c","0c","0c","0c","0c","0c","3b","0c","0c","0c","0c","0c","0c","0c","0c","0c","0c","0c","0c","0c","0c","0c","3b","0c","0c","3b","3b","3b","0c","0c","0c","0c","0c","0c","0c","0c"
"2023-02-22 23:00:00","PM10",NA,NA,NA,NA,NA,NA,NA,NA,NA,NA,NA,NA,NA,NA,NA,NA,NA,NA,NA,NA,NA,NA,NA,NA,NA,NA,NA,NA,NA,NA,NA,NA,NA,NA,NA,NA,NA,NA,NA,NA,"0c","0c","0c","0c","0c","0c","0c","0c","0c","0c","3b","0c","0c","0c","0c","0c","0c","0c","3b","0c","0c","3b","0c","0c","3b","0c","3b","0c","0c","3b","3b","3b","0c","0c","0c","0c","3b","0c","3b","0c"
"2023-02-23 00:30:00","PM2.5",NA,0,NA,78.5388,252.8431,13.5349,17.1582,NA,0,0,0,16.8351,0,NA,NA,4.6103,0,0,0,0,NA,NA,0,0,0,39.2619,0,0,0,NA,0,0,0,0,0,0,0,0,NA,0,"3b","1b","3b","1b","1b","1b","1b","3b","1b","1b","1b","1b","1b","3b","3b","1b","1b","1b","1b","1b","3b","3b","1b","1b","1b","1b","1b","1b","1b","3b","1b","1b","1b","1b","1b","1b","1b","1b","3b","1b"
"2023-02-23 01:00:00","PM10",NA,0,0,92.4058,710.2337,29.909,52.7566,7.3372,0,6e-04,0,35.8632,0,0,1.2066,4.2743,0,0,0.4363,0,0.9523,NA,0,0,0,15.7278,0,NA,0,0,NA,NA,0,0,0,0,0,0,NA,0,"3b","1b","1b","1b","1b","1b","1b","1b","1b","1b","1b","1b","1b","1b","1b","1b","1b","1b","1b","1b","1b","3b","1b","1b","1b","1b","1b","3b","1b","1b","3b","3b","1b","1b","1b","1b","1b","1b","3b","1b"
"2023-02-23 02:00:00","PM2.5",NA,NA,NA,NA,NA,NA,NA,NA,NA,NA,NA,NA,NA,NA,NA,NA,NA,NA,NA,NA,NA,NA,NA,NA,NA,NA,NA,NA,NA,NA,NA,NA,NA,NA,NA,NA,NA,NA,NA,NA,"3b","0c","0c","0c","0c","0c","0c","3b","0c","0c","3b","0c","3b","3b","0c","0c","0c","0c","0c","0c","0c","3b","0c","0c","0c","0c","0c","0c","0c","0c","3b","3b","0c","0c","3b","0c","0c","0c","0c","0c"
"2023-02-23 03:00:00","PM10",NA,NA,NA,NA,NA,NA,NA,NA,NA,NA,NA,NA,NA,NA,NA,NA,NA,NA,NA,NA,NA,NA,NA,NA,NA,NA,NA,NA,NA,NA,NA,NA,NA,NA,NA,NA,NA,NA,NA,NA,"0c","0c","0c","0c","0c","0c","0c","0c","0c","3b","3b","0c","3b","0c","0c","0c","0c","0c","0c","0c","0c","3b","0c","0c","0c","0c","0c","0c","0c","3b","3b","3b","3b","0c","0c","0c","0c","0c","0c","0c"
"2023-02-23 04:00:00","PM2.5",NA,NA,NA,NA,NA,NA,NA,NA,NA,NA,NA,NA,NA,NA,NA,NA,NA,NA,NA,NA,NA,NA,NA,NA,NA,NA,NA,NA,NA,NA,NA,NA,NA,NA,NA,NA,NA,NA,NA,NA,"3b","0c","0c","0c","0c","0c","0c","0c","0c","3b","3b","0c","0c","0c","0c","0c","0c","0c","0c","0c","0c","0c","0c","0c","0c","0c","0c","3b","0c","3b","0c","3b","0c","0c","0c","0c","0c","0c","0c","0c"
"2023-02-23 05:00:00","PM10",NA,0,0,234.8075,3052.6906,59.9407,103.3092,0,0,NA,0,26.0537,NA,0.0105,1.338,2.0424,0,0,NA,NA,5.0299,NA,0,0,0,12.5271,0,NA,0,0,NA,NA,NA,0,0,0,0,0,0,0,"3b","1b","1b","1b","1b","1b","1b","1b","1b","3b","1b","1b","3b","1b","1b","1b","1b","1b","3b","3b","1b","3b","1b","1b","1b","1b","1b","3b","1b","1b","3b","3b","3b","1b","1b","1b","1b","1b","1b","1b"
"2023-02-23 06:00:00","PM2.5",0,0,0,171.366,2523.2359,55.6409,76.6481,NA,NA,NA,0,30.7954,NA,0,1.2076,1.3971,0,0,NA,NA,1.7762,NA,0,0,0,15.2395,NA,0,0,0,NA,0,0,0,0,0.0019,0,0,0,0,"1b","1b","1b","1b","1b","1b","1b","3b","3b","3b","1b","1b","3b","1b","1b","1b","1b","1b","3b","3b","1b","3b","1b","1b","1b","1b","3b","1b","1b","1b","3b","1b","1b","1b","1b","1b","1b","1b","1b","1b"
"2023-02-23 07:00:00","PM10",NA,0,0,299.6371,5366.238,110.2703,189.2506,3.0519,0,NA,NA,161.2267,NA,0,7.2992,3.3413,0,0,NA,NA,7.3745,2.9451,0,0,0,11.6224,NA,0,0,NA,NA,NA,NA,0,0,0,0,0,1.2804,0,"3b","1b","1b","1b","1b","1b","1b","1b","1b","3b","3b","1b","3b","1b","1b","1b","1b","1b","3b","3b","1b","1b","1b","1b","1b","1b","3b","1b","1b","3b","3b","3b","3b","1b","1b","1b","1b","1b","1b","1b"
"2023-02-23 08:00:00","PM2.5",NA,0,0,169.3964,2251.0376,52.7677,77.2136,1.514,NA,NA,0,77.0388,NA,0,3.3443,3.3033,0,0,0,NA,2.2827,1.9185,0,0,0,9.1805,NA,NA,0,NA,NA,NA,NA,0,0,0,0,0,NA,0,"3b","1b","1b","1b","1b","1b","1b","1b","3b","3b","1b","1b","3b","1b","1b","1b","1b","1b","1b","3b","1b","1b","1b","1b","1b","1b","3b","3b","1b","3b","3b","3b","3b","1b","1b","1b","1b","1b","3b","1b"
"2023-02-23 09:00:00","PM10",NA,0,0,277.2219,4868.0146,104.7106,248.2897,3.9865,0,NA,NA,139.5286,0.0026,0,4.2367,9.0382,0,0,2.9694,0,11.1834,3.5908,0,0,NA,11.4001,0,0,0,NA,NA,NA,NA,0,NA,0,0,0,0,0,"3b","1b","1b","1b","1b","1b","1b","1b","1b","3b","3b","1b","1b","1b","1b","1b","1b","1b","1b","1b","1b","1b","1b","1b","3b","1b","1b","1b","1b","3b","3b","3b","3b","1b","3b","1b","1b","1b","1b","1b"
"2023-02-23 10:00:00","PM2.5",NA,0,0,150.5542,2307.8034,52.0562,90.6095,1.2032,NA,NA,0,41.8028,0,0,1.293,6.5172,0,0,0,NA,2.5211,NA,0,0,0,9.086,NA,0,0,NA,NA,0,NA,0,0,0,0,0,NA,0,"3b","1b","1b","1b","1b","1b","1b","1b","3b","3b","1b","1b","1b","1b","1b","1b","1b","1b","1b","3b","1b","3b","1b","1b","1b","1b","3b","1b","1b","3b","3b","1b","3b","1b","1b","1b","1b","1b","3b","1b"
"2023-02-23 11:00:00","PM10",NA,NA,0,308.8666,5244.5326,129.4428,359.5412,7.2262,0,1.7316,2.9832,180.3944,NA,NA,4.7977,21.554,0,0,NA,NA,7.6577,1.611,0,0,0,21.6786,NA,NA,0,0,NA,NA,NA,0,0,0,0,0,3.3116,0,"3b","3b","1b","1b","1b","1b","1b","1b","1b","1b","1b","1b","3b","3b","1b","1b","1b","1b","3b","3b","1b","1b","1b","1b","1b","1b","3b","3b","1b","1b","3b","3b","3b","1b","1b","1b","1b","1b","1b","1b"
"2023-02-23 12:00:00","PM2.5",636.2465,0,0,220.0745,2188.7751,51.0074,118.2662,3.1156,NA,2.3229,1.1755,78.5302,NA,NA,2.2195,9.1076,0,0,0.9222,NA,6.1949,NA,0,0,0,22.4555,0,0,0,0,0,NA,0,0,0,0,NA,0,NA,0,"1b","1b","1b","1b","1b","1b","1b","1b","3b","1b","1b","1b","3b","3b","1b","1b","1b","1b","1b","3b","1b","3b","1b","1b","1b","1b","1b","1b","1b","1b","1b","3b","1b","1b","1b","1b","3b","1b","3b","1b"
"2023-02-23 13:00:00","PM10",NA,NA,0,298.4943,4083.2294,121.7333,479.9139,9.6442,0,2.9253,3.4585,205.0697,NA,NA,4.1104,9.5021,0,0,1.1378,NA,7.679,2.7739,0,0,0,NA,0,NA,0,NA,NA,NA,NA,0,0,0,0,0,1.2176,0,"3b","3b","1b","1b","1b","1b","1b","1b","1b","1b","1b","1b","3b","3b","1b","1b","1b","1b","1b","3b","1b","1b","1b","1b","1b","3b","1b","3b","1b","3b","3b","3b","3b","1b","1b","1b","1b","1b","1b","1b"
"2023-02-23 14:00:00","PM2.5",NA,0,0,272.3373,1622.0416,52.3247,124.7436,1.7202,0,NA,NA,70.2604,0,NA,2.4265,7.2051,0,0,0.796,NA,5.3077,NA,0,0,0,21.3541,0,NA,0,0,NA,NA,NA,0,0,0,NA,0,0,0,"3b","1b","1b","1b","1b","1b","1b","1b","1b","3b","3b","1b","1b","3b","1b","1b","1b","1b","1b","3b","1b","3b","1b","1b","1b","1b","1b","3b","1b","1b","3b","3b","3b","1b","1b","1b","3b","1b","1b","1b"
"2023-02-23 15:00:00","PM10",NA,NA,0,335.4568,3081.6846,93.49,377.4459,6.9272,0,0.6199,1.9288,164.7509,NA,0,3.0684,9.1353,0,0,1.703,NA,6.2779,1.7922,0,NA,0,23.3667,NA,NA,0,NA,0,0,NA,0,0,0,0,0,1.5881,0,"3b","3b","1b","1b","1b","1b","1b","1b","1b","1b","1b","1b","3b","1b","1b","1b","1b","1b","1b","3b","1b","1b","1b","3b","1b","1b","3b","3b","1b","3b","1b","1b","3b","1b","1b","1b","1b","1b","1b","1b"
"2023-02-23 16:00:00","PM2.5",NA,NA,NA,NA,NA,NA,NA,NA,NA,NA,NA,NA,NA,NA,NA,NA,NA,NA,NA,NA,NA,NA,NA,NA,NA,NA,NA,NA,NA,NA,NA,NA,NA,NA,NA,NA,NA,NA,NA,NA,"3b","0c","0c","0c","0c","0c","0c","0c","0c","3b","3b","0c","3b","0c","0c","0c","0c","0c","0c","0c","0c","3b","0c","0c","0c","0c","0c","0c","0c","3b","0c","3b","3b","0c","0c","0c","0c","0c","0c","0c"
"2023-02-23 17:00:00","PM10",NA,NA,NA,NA,NA,NA,NA,NA,NA,NA,NA,NA,NA,NA,NA,NA,NA,NA,NA,NA,NA,NA,NA,NA,NA,NA,NA,NA,NA,NA,NA,NA,NA,NA,NA,NA,NA,NA,NA,NA,"0c","0c","0c","0c","0c","0c","0c","0c","0c","0c","0c","0c","0c","0c","0c","0c","0c","0c","0c","0c","0c","0c","0c","3b","0c","0c","0c","3b","0c","0c","3b","3b","0c","0c","0c","0c","0c","0c","0c","0c"
"2023-02-23 18:00:00","PM2.5",NA,NA,NA,NA,NA,NA,NA,NA,NA,NA,NA,NA,NA,NA,NA,NA,NA,NA,NA,NA,NA,NA,NA,NA,NA,NA,NA,NA,NA,NA,NA,NA,NA,NA,NA,NA,NA,NA,NA,NA,"3b","3b","0c","0c","0c","0c","0c","0c","0c","3b","0c","0c","3b","3b","0c","0c","0c","0c","0c","3b","0c","3b","0c","0c","0c","0c","0c","3b","0c","0c","3b","3b","3b","0c","0c","0c","0c","0c","0c","0c"
"2023-02-23 19:00:00","PM10",NA,590.7175,0,445.064,2822.4483,154.6077,491.0861,23.2689,NA,1.9593,5.415,558.8944,NA,NA,15.0662,53.6167,0,0,5.7789,NA,8.8292,2.3284,0,NA,0,19.0413,0,NA,0,NA,NA,0,9.2552,0,0,0,0,0,110.0854,0,"3b","1b","1b","1b","1b","1b","1b","1b","3b","1b","1b","1b","3b","3b","1b","1b","1b","1b","1b","3b","1b","1b","1b","3b","1b","1b","1b","3b","1b","3b","3b","1b","1b","1b","1b","1b","1b","1b","1b","1b"
"2023-02-23 20:00:00","PM2.5",NA,NA,0,205.6099,1618.3159,61.146,123.8733,8.7658,0,NA,2.2221,201.7895,0,NA,110.0231,31.2006,0,0,3.3563,NA,5.4247,NA,0,NA,0,NA,NA,0,0,NA,0,NA,NA,0,0,0,0,0,40.6568,0,"3b","3b","1b","1b","1b","1b","1b","1b","1b","3b","1b","1b","1b","3b","1b","1b","1b","1b","1b","3b","1b","3b","1b","3b","1b","3b","3b","1b","1b","3b","1b","3b","3b","1b","1b","1b","1b","1b","1b","1b"
"2023-02-23 21:00:00","PM10",NA,667.1281,0,320.2884,3794.5756,138.051,403.9741,39.1663,NA,0.8337,5.8796,575.5261,0,NA,175.6692,35.0464,0,0,4.6531,0,9.6352,2.9212,0,NA,0,NA,NA,0,0,NA,NA,0,8.1798,0,0,0,0,0,62.4235,0,"3b","1b","1b","1b","1b","1b","1b","1b","3b","1b","1b","1b","1b","3b","1b","1b","1b","1b","1b","1b","1b","1b","1b","3b","1b","3b","3b","1b","1b","3b","3b","1b","1b","1b","1b","1b","1b","1b","1b","1b"
"2023-02-23 22:00:00","PM2.5",NA,NA,0,156.1806,1192.5336,90.8592,89.5848,11.2599,0,0.6707,2.4557,261.9946,0,0.8935,16.4046,35.9679,0,0,1.1808,NA,6.699,NA,0,0,0,NA,NA,NA,0,NA,NA,NA,3.6833,0,0,0,0,0,9.8488,0,"3b","3b","1b","1b","1b","1b","1b","1b","1b","1b","1b","1b","1b","1b","1b","1b","1b","1b","1b","3b","1b","3b","1b","1b","1b","3b","3b","3b","1b","3b","3b","3b","1b","1b","1b","1b","1b","1b","1b","1b"
"2023-02-23 23:00:00","PM10",NA,434.2608,0,276.1298,2891.2972,141.4903,272.1196,35.3995,0,NA,4.58,491.8418,0,NA,11.8341,28.3179,0,0,1.5055,NA,6.0708,2.5312,NA,NA,0,NA,0,0,0,NA,NA,NA,NA,0,0,0,0,0,6.5569,0,"3b","1b","1b","1b","1b","1b","1b","1b","1b","3b","1b","1b","1b","3b","1b","1b","1b","1b","1b","3b","1b","1b","3b","3b","1b","3b","1b","1b","1b","3b","3b","3b","3b","1b","1b","1b","1b","1b","1b","1b"
"2023-02-24 00:30:00","PM2.5",NA,NA,0,155.002,1029.0764,76.3864,71.549,7.6133,0,0.005,NA,104.4408,0,NA,2.1182,19.9421,0,0,0,0,3.9571,NA,0,0,NA,20.7332,0,0,0,NA,NA,0,NA,0,0,0,NA,0,6.0486,0,"3b","3b","1b","1b","1b","1b","1b","1b","1b","1b","3b","1b","1b","3b","1b","1b","1b","1b","1b","1b","1b","3b","1b","1b","3b","1b","1b","1b","1b","3b","3b","1b","3b","1b","1b","1b","3b","1b","1b","1b"
"2023-02-24 01:00:00","PM10",0,NA,0,232.304,2725.9345,110.2323,188.3869,23.3701,0,NA,1.4849,163.0929,NA,0,1.5156,9.057,0,0,0.6718,0,4.4673,1.6448,0,0,NA,12.8697,NA,NA,0,NA,0,0,0.0166,0,0,0,0,0,3.0228,0,"1b","3b","1b","1b","1b","1b","1b","1b","1b","3b","1b","1b","3b","1b","1b","1b","1b","1b","1b","1b","1b","1b","1b","1b","3b","1b","3b","3b","1b","3b","1b","1b","1b","1b","1b","1b","1b","1b","1b","1b"
"2023-02-24 02:00:00","PM2.5",NA,NA,0,121.9986,794.8572,58.7181,45.2261,4.8748,0,NA,0,44.4061,0,NA,1.4095,5.2794,0,0,NA,0,2.6868,NA,0,0,0,0,0,NA,0,NA,NA,NA,0,0,0,0,0,0,1.8873,0,"3b","3b","1b","1b","1b","1b","1b","1b","1b","3b","1b","1b","1b","3b","1b","1b","1b","1b","3b","1b","1b","3b","1b","1b","1b","1b","1b","3b","1b","3b","3b","3b","1b","1b","1b","1b","1b","1b","1b","1b"
"2023-02-24 03:00:00","PM10",0,NA,0,195.9555,1881.243,93.4448,112.8108,11.2845,0,0,NA,88.8396,0,0.0032,1.6779,28.998,0,0,NA,NA,3.2418,NA,0,0,0,NA,NA,NA,0,0,NA,NA,0,0,0,0,0,0,2.172,0,"1b","3b","1b","1b","1b","1b","1b","1b","1b","1b","3b","1b","1b","1b","1b","1b","1b","1b","3b","3b","1b","3b","1b","1b","1b","3b","3b","3b","1b","1b","3b","3b","1b","1b","1b","1b","1b","1b","1b","1b"
"2023-02-24 04:00:00","PM2.5",NA,0,0,151.2922,675.7927,48.2562,31.7183,2.1285,NA,0,NA,30.7048,0,NA,1.3469,37.7935,0,0,0,0,2.896,NA,0,0,0,NA,NA,0,0,NA,NA,NA,NA,0,0,0,0,0,1.9234,0,"3b","1b","1b","1b","1b","1b","1b","1b","3b","1b","3b","1b","1b","3b","1b","1b","1b","1b","1b","1b","1b","3b","1b","1b","1b","3b","3b","1b","1b","3b","3b","3b","3b","1b","1b","1b","1b","1b","1b","1b"
"2023-02-24 05:00:00","PM10",848.9928,NA,0,248.5156,2262.0583,67.814,93.0845,3.8098,0,NA,NA,52.1601,0,NA,1.4751,5.0828,0,0,NA,0,5.0082,NA,0,0,0,NA,0.0885,NA,0,0,NA,NA,NA,0,0,0,0,0,NA,0,"1b","3b","1b","1b","1b","1b","1b","1b","1b","3b","3b","1b","1b","3b","1b","1b","1b","1b","3b","1b","1b","3b","1b","1b","1b","3b","1b","3b","1b","1b","3b","3b","3b","1b","1b","1b","1b","1b","3b","1b"
"2023-02-24 06:00:00","PM2.5",NA,0,0.1249,202.3625,978.9318,35.9417,35.1208,NA,0,0,0,36.3352,0.0063,NA,2.0095,5.3318,0,0,NA,NA,4.3489,NA,0,0,0,15.903,NA,0,0,NA,NA,0,0,NA,0,0,0,0,0,0,"3b","1b","1b","1b","1b","1b","1b","3b","1b","1b","1b","1b","1b","3b","1b","1b","1b","1b","3b","3b","1b","3b","1b","1b","1b","1b","3b","1b","1b","3b","3b","1b","1b","3b","1b","1b","1b","1b","1b","1b"
"2023-02-24 07:00:00","PM10",NA,0,0,372.9362,2674.7243,58.3265,111.0924,4.0702,0,NA,NA,120.4839,NA,0,3.7846,19.1044,0,0,0.527,0,9.5001,1.9569,0,0,0,18.2195,NA,NA,0,NA,0,NA,4.4515,0,0,0,0,0,0,0,"3b","1b","1b","1b","1b","1b","1b","1b","1b","3b","3b","1b","3b","1b","1b","1b","1b","1b","1b","1b","1b","1b","1b","1b","1b","1b","3b","3b","1b","3b","1b","3b","1b","1b","1b","1b","1b","1b","1b","1b"
"2023-02-24 08:00:00","PM2.5",NA,0,0,322.8442,956.0742,28.9169,59.0337,1.5285,NA,NA,1.279,86.3533,NA,NA,3.4811,31.3799,0,0,1.1836,0,5.234,NA,0,0,0,25.1822,NA,0,0,NA,NA,NA,0,0,0,0,0,0,0,0,"3b","1b","1b","1b","1b","1b","1b","1b","3b","3b","1b","1b","3b","3b","1b","1b","1b","1b","1b","1b","1b","3b","1b","1b","1b","1b","3b","1b","1b","3b","3b","3b","1b","1b","1b","1b","1b","1b","1b","1b"
"2023-02-24 09:00:00","PM10",NA,NA,0,576.7095,1617.41,46.374,426.9681,4.8904,0,NA,2.2018,182.1753,NA,NA,4.3847,16.9679,0,0,0.3925,NA,5.6933,2.0725,0,0,0,12.6026,0,NA,0,NA,NA,NA,4.2871,0,0,0,0,0,1.5654,0,"3b","3b","1b","1b","1b","1b","1b","1b","1b","3b","1b","1b","3b","3b","1b","1b","1b","1b","1b","3b","1b","1b","1b","1b","1b","1b","1b","3b","1b","3b","3b","3b","1b","1b","1b","1b","1b","1b","1b","1b"
"2023-02-24 10:00:00","PM2.5",NA,0,0,420.6841,1141.0269,30.2349,81.8882,1.6895,0,NA,NA,78.576,NA,NA,2.6366,6.8615,0,0,1.1996,NA,3.0236,NA,0,0,0,NA,NA,0,0,0,NA,0,NA,0,0,0,0,0,0.877,0,"3b","1b","1b","1b","1b","1b","1b","1b","1b","3b","3b","1b","3b","3b","1b","1b","1b","1b","1b","3b","1b","3b","1b","1b","1b","3b","3b","1b","1b","1b","3b","1b","3b","1b","1b","1b","1b","1b","1b","1b"
"2023-02-24 11:00:00","PM10",0,NA,0,312.0975,2344.1269,76.3212,370.5283,9.8965,0,NA,3.1289,240.4239,NA,0.5105,8.442,15.5595,0,0,1.5765,6e-04,8.1204,1.8311,0,0,0,11.0133,NA,0,0,NA,0.155,NA,4.218,0,0,0,0,0,1.0749,0,"1b","3b","1b","1b","1b","1b","1b","1b","1b","3b","1b","1b","3b","1b","1b","1b","1b","1b","1b","1b","1b","1b","1b","1b","1b","1b","3b","1b","1b","3b","1b","3b","1b","1b","1b","1b","1b","1b","1b","1b"
"2023-02-24 12:00:00","PM2.5",NA,0,0,171.5837,862.2182,23.5569,79.481,2.4202,0,NA,1.722,97.4843,NA,NA,4.2141,10.0621,0,0,0.6784,NA,6.6734,NA,0,0,0,9.1301,NA,NA,0,NA,0,NA,NA,0,0,0,NA,0,2.0283,0,"3b","1b","1b","1b","1b","1b","1b","1b","1b","3b","1b","1b","3b","3b","1b","1b","1b","1b","1b","3b","1b","3b","1b","1b","1b","1b","3b","3b","1b","3b","1b","3b","3b","1b","1b","1b","3b","1b","1b","1b"
"2023-02-24 13:00:00","PM10",NA,NA,0,210.6598,1418.1097,46.2403,213.1582,5.145,0,3.3284,5.7804,210.0797,1.0639,0.7065,6.2341,76.0367,0,0,2.3929,NA,3.0732,NA,0,0,0,21.1502,0,0,0,NA,0,0,4.9229,0,0,0,0,0,18.9839,0,"3b","3b","1b","1b","1b","1b","1b","1b","1b","1b","1b","1b","1b","1b","1b","1b","1b","1b","1b","3b","1b","3b","1b","1b","1b","1b","1b","1b","1b","3b","1b","1b","1b","1b","1b","1b","1b","1b","1b","1b"
"2023-02-24 14:00:00","PM2.5",NA,0,0,183.4973,863.9097,38.3541,74.0953,1.2298,0,1.6387,3.1325,119.0399,NA,1.1304,5.0354,23.5057,0,0,1.2303,NA,4.1319,NA,0,0,0,11.3565,0,NA,0,0,NA,0,2.9338,0,0,0,0,0,3.9672,0,"3b","1b","1b","1b","1b","1b","1b","1b","1b","1b","1b","1b","3b","1b","1b","1b","1b","1b","1b","3b","1b","3b","1b","1b","1b","1b","1b","3b","1b","1b","3b","1b","1b","1b","1b","1b","1b","1b","1b","1b"
"2023-02-24 15:00:00","PM10",NA,NA,0,309.2826,2706.2148,92.2656,305.7445,13.0803,0,3.1516,5.2738,326.5488,NA,1.3504,9.4021,29.5809,0,0,24.005,NA,7.3705,1.5409,0,NA,0,15.6424,0.0931,0,0,0,NA,0,5.9064,0,0,0,0,0,4.4963,0,"3b","3b","1b","1b","1b","1b","1b","1b","1b","1b","1b","1b","3b","1b","1b","1b","1b","1b","1b","3b","1b","1b","1b","3b","1b","1b","1b","1b","1b","1b","3b","1b","1b","1b","1b","1b","1b","1b","1b","1b"
"2023-02-24 16:00:00","PM2.5",NA,NA,0,248.1818,1643.92,50.1352,140.3262,12.4119,1.3385,0.8081,1.0995,111.6432,NA,NA,2.927,14.0051,0,0,1.4928,NA,6.0997,0,0,0,NA,10.9868,NA,NA,0,NA,NA,NA,NA,0,0,0,NA,0,NA,0,"3b","3b","1b","1b","1b","1b","1b","1b","1b","1b","1b","1b","3b","3b","1b","1b","1b","1b","1b","3b","1b","1b","1b","1b","3b","1b","3b","3b","1b","3b","3b","3b","3b","1b","1b","1b","3b","1b","3b","1b"
"2023-02-24 17:00:00","PM10",0,254.545,0,243.3122,3101.3886,89.309,418.0854,11.8835,0,2.7013,5.1985,297.7427,0.8325,NA,5.9585,22.2571,0,0,0.9522,NA,5.3909,2.959,0,0,0,NA,0,0,0,NA,NA,0,3.294,0,0,0,0,0,2.3671,0,"1b","1b","1b","1b","1b","1b","1b","1b","1b","1b","1b","1b","1b","3b","1b","1b","1b","1b","1b","3b","1b","1b","1b","1b","1b","3b","1b","1b","1b","3b","3b","1b","1b","1b","1b","1b","1b","1b","1b","1b"
"2023-02-24 18:00:00","PM2.5",819.8799,0,0,126.1005,1129.0353,39.4175,103.1024,2.1647,0,1.1306,NA,105.3175,NA,NA,2.412,7.9702,0,0,1.0744,NA,3.3996,NA,0,0,0,NA,0,NA,0,NA,0,NA,NA,0,0,0,0,0,0,0,"1b","1b","1b","1b","1b","1b","1b","1b","1b","1b","3b","1b","3b","3b","1b","1b","1b","1b","1b","3b","1b","3b","1b","1b","1b","3b","1b","3b","1b","3b","1b","3b","3b","1b","1b","1b","1b","1b","1b","1b"
"2023-02-24 19:00:00","PM10",NA,NA,0,193.4073,2703.3072,71.8491,303.3032,8.3384,0,3.2442,3.8904,340.7103,0.7538,NA,6.0819,21.3969,0,0,0.9709,NA,6.0369,2.3684,0,0,0,NA,NA,NA,0,0,NA,NA,3.99,0,0,0,0,0,1.5942,0,"3b","3b","1b","1b","1b","1b","1b","1b","1b","1b","1b","1b","1b","3b","1b","1b","1b","1b","1b","3b","1b","1b","1b","1b","1b","3b","3b","3b","1b","1b","3b","3b","1b","1b","1b","1b","1b","1b","1b","1b"
"2023-02-24 20:00:00","PM2.5",NA,0,0,103.6989,867.6178,32.6362,63.5343,1.6146,0,3.4433,3.5553,94.8084,NA,0.8143,3.1109,23.0249,0,0,0,NA,2.8966,NA,0,0,0,NA,0,0,0,0.0658,NA,0,NA,0,0,0,0,0,3.3376,0,"3b","1b","1b","1b","1b","1b","1b","1b","1b","1b","1b","1b","3b","1b","1b","1b","1b","1b","1b","3b","1b","3b","1b","1b","1b","3b","1b","1b","1b","1b","3b","1b","3b","1b","1b","1b","1b","1b","1b","1b"
"2023-02-24 21:00:00","PM10",0,NA,0,258.2356,2258.0498,325.8914,252.2389,12.2474,0,4.993,6.1432,289.1193,0.7751,1.3458,14.0574,33.5039,0,0,1.522,0,4.2645,9.2159,0,0,0,NA,0,0.0489,0,NA,NA,NA,18.5229,0,0,0,0,0,1.4824,5.717,"1b","3b","1b","1b","1b","1b","1b","1b","1b","1b","1b","1b","1b","1b","1b","1b","1b","1b","1b","1b","1b","1b","1b","1b","1b","3b","1b","1b","1b","3b","3b","3b","1b","1b","1b","1b","1b","1b","1b","1b"
"2023-02-24 22:00:00","PM2.5",NA,0,0,141.2462,802.1342,64.8646,55.7518,1.9857,0,NA,NA,99.8661,NA,0.0107,2.9745,10.1885,0,0,0.937,NA,1.9951,1.5521,0,0,NA,18.2256,NA,NA,0,NA,NA,NA,NA,0,0,NA,0,0,1.6084,0,"3b","1b","1b","1b","1b","1b","1b","1b","1b","3b","3b","1b","3b","1b","1b","1b","1b","1b","1b","3b","1b","1b","1b","1b","3b","1b","3b","3b","1b","3b","3b","3b","3b","1b","1b","3b","1b","1b","1b","1b"
"2023-02-24 23:00:00","PM10",NA,NA,0,183.7108,1746.5654,56.91,98.3097,2.0854,NA,0,NA,112.5124,NA,0,3.2082,4.5848,0,0,NA,NA,3.3853,NA,0,0,0,NA,NA,NA,0,0,0,NA,0,0,NA,0,0,0,NA,0,"3b","3b","1b","1b","1b","1b","1b","1b","3b","1b","3b","1b","3b","1b","1b","1b","1b","1b","3b","3b","1b","3b","1b","1b","1b","3b","3b","3b","1b","1b","1b","3b","1b","1b","3b","1b","1b","1b","3b","1b"
"2023-02-25 00:30:00","PM2.5",1268.1864,0,0,126.4718,928.6213,29.1006,36.5854,0,0,0,0,30.3764,NA,NA,0.9571,7.722,0,0,NA,NA,6.239,NA,0,0,0,NA,NA,0,0,NA,0,0,0,NA,NA,0.0045,0,0,0,0,"1b","1b","1b","1b","1b","1b","1b","1b","1b","1b","1b","1b","3b","3b","1b","1b","1b","1b","3b","3b","1b","3b","1b","1b","1b","3b","3b","1b","1b","3b","1b","1b","1b","3b","3b","1b","1b","1b","1b","1b"
"2023-02-25 01:00:00","PM10",NA,0,0,204.9472,2275.4192,59.9471,114.6308,1.5516,0,0,0,52.4709,NA,0,1.7484,9.9394,0,0,0.3915,NA,6.9385,NA,0,0,0,14.3088,0,NA,0,NA,NA,NA,NA,0,0,0,0,0,2.1757,0,"3b","1b","1b","1b","1b","1b","1b","1b","1b","1b","1b","1b","3b","1b","1b","1b","1b","1b","1b","3b","1b","3b","1b","1b","1b","1b","1b","3b","1b","3b","3b","3b","3b","1b","1b","1b","1b","1b","1b","1b"
"2023-02-25 02:00:00","PM2.5",NA,0,0,140.2706,879.2319,24.8954,75.4974,NA,0,0,0,22.6826,0,NA,NA,4.1113,0,0,0,NA,2.0112,NA,0,0,0,NA,NA,NA,0,0,NA,NA,2e-04,0,0,0,0,0,0.7792,0,"3b","1b","1b","1b","1b","1b","1b","3b","1b","1b","1b","1b","1b","3b","3b","1b","1b","1b","1b","3b","1b","3b","1b","1b","1b","3b","3b","3b","1b","1b","3b","3b","1b","1b","1b","1b","1b","1b","1b","1b"
"2023-02-25 03:00:00","PM10",NA,0,0,234.7465,2172.9622,77.4198,195.3316,1.1443,0,0.0057,NA,74.3597,NA,0,1.7461,9.3885,0,0,0,NA,4.8188,1.6378,NA,0,0,14.5939,NA,0,0,NA,0,0,0,0,0,0,0,0,1.9947,0,"3b","1b","1b","1b","1b","1b","1b","1b","1b","1b","3b","1b","3b","1b","1b","1b","1b","1b","1b","3b","1b","1b","3b","1b","1b","1b","3b","1b","1b","3b","1b","1b","1b","1b","1b","1b","1b","1b","1b","1b"
"2023-02-25 04:00:00","PM2.5",815.0233,0,0,146.6384,744.4574,73.2117,38.2683,NA,0,0,NA,41.3745,0,NA,2.0436,16.4497,0,0,NA,NA,1.5441,NA,0,0,0,0,NA,NA,0,NA,0,0,NA,0,0,0,0,0,2.7269,0,"1b","1b","1b","1b","1b","1b","1b","3b","1b","1b","3b","1b","1b","3b","1b","1b","1b","1b","3b","3b","1b","3b","1b","1b","1b","1b","3b","3b","1b","3b","1b","1b","3b","1b","1b","1b","1b","1b","1b","1b"
"2023-02-25 05:00:00","PM10",NA,0,0,186.7834,2047.0155,86.8889,101.985,NA,0,2.0469,NA,99.8115,0,1.8835,2.6764,10.4906,0,0,0,NA,3.6975,NA,0,0,0,10.7519,0,NA,0,0,NA,NA,NA,0,0,0,0,0,1.1606,0,"3b","1b","1b","1b","1b","1b","1b","3b","1b","1b","3b","1b","1b","1b","1b","1b","1b","1b","1b","3b","1b","3b","1b","1b","1b","1b","1b","3b","1b","1b","3b","3b","3b","1b","1b","1b","1b","1b","1b","1b"
"2023-02-25 06:00:00","PM2.5",1029.5262,0,0,139.333,925.6632,57.8463,40.362,NA,0,2.4175,0.8176,53.286,0,2.6237,2.5147,4.3788,0,0,0,NA,1.9413,NA,0,0,0,0,NA,NA,0,NA,NA,NA,0,0,0,0,0,0,0.924,0,"1b","1b","1b","1b","1b","1b","1b","3b","1b","1b","1b","1b","1b","1b","1b","1b","1b","1b","1b","3b","1b","3b","1b","1b","1b","1b","3b","3b","1b","3b","3b","3b","1b","1b","1b","1b","1b","1b","1b","1b"
"2023-02-25 07:00:00","PM10",NA,0,0,227.6083,2411.3629,110.7136,132.1821,2.3041,NA,2.1592,3.075,160.651,0,1.5836,4.4939,10.3844,0,0,0,NA,4.8615,NA,NA,0,0,0,NA,0,0,0,NA,NA,NA,0,0,0,0,0,2.0586,0,"3b","1b","1b","1b","1b","1b","1b","1b","3b","1b","1b","1b","1b","1b","1b","1b","1b","1b","1b","3b","1b","3b","3b","1b","1b","1b","3b","1b","1b","1b","3b","3b","3b","1b","1b","1b","1b","1b","1b","1b"
"2023-02-25 08:00:00","PM2.5",NA,0,0,174.1846,1133.0383,83.8195,54.9743,1.244,NA,0,1.9105,105.4091,0,NA,3.1348,11.4679,0,0,0.3966,NA,1.9774,NA,0,0,0,NA,NA,NA,0,0,0,NA,NA,0,0,0,0,0,1.7821,0,"3b","1b","1b","1b","1b","1b","1b","1b","3b","1b","1b","1b","1b","3b","1b","1b","1b","1b","1b","3b","1b","3b","1b","1b","1b","3b","3b","3b","1b","1b","1b","3b","3b","1b","1b","1b","1b","1b","1b","1b"
"2023-02-25 09:00:00","PM10",NA,NA,0,320.1259,3881.2886,105.128,271.8861,4.9302,0,NA,1.4626,244.3938,NA,0,7.7997,21.5637,0,0,2.759,NA,7.476,1.7989,0,0,0,NA,0,NA,0,0,0,0,NA,0,0,0,NA,0,6.6723,0,"3b","3b","1b","1b","1b","1b","1b","1b","1b","3b","1b","1b","3b","1b","1b","1b","1b","1b","1b","3b","1b","1b","1b","1b","1b","3b","1b","3b","1b","1b","1b","1b","3b","1b","1b","1b","3b","1b","1b","1b"
"2023-02-25 10:00:00","PM2.5",NA,NA,0,220.4705,2094.5209,60.9361,104.4993,NA,0.0022,NA,NA,69.3389,NA,0,2.2386,9.575,0,0,0.8651,NA,3.5987,NA,0,0,0,10.774,0,0,0,0,NA,0,0,0,0,0,NA,0,2.1053,0,"3b","3b","1b","1b","1b","1b","1b","3b","1b","3b","3b","1b","3b","1b","1b","1b","1b","1b","1b","3b","1b","3b","1b","1b","1b","1b","1b","1b","1b","1b","3b","1b","1b","1b","1b","1b","3b","1b","1b","1b"
"2023-02-25 11:00:00","PM10",NA,NA,0,327.0614,4205.6919,107.2279,307.9568,6.4033,NA,NA,1.394,154.2635,0,NA,3.4753,9.898,0,0,0.5844,0,8.8903,2.0585,0,0,0,10.8661,0,NA,0,0,NA,NA,0,0,0,0,0,0,2.7788,0,"3b","3b","1b","1b","1b","1b","1b","1b","3b","3b","1b","1b","1b","3b","1b","1b","1b","1b","1b","1b","1b","1b","1b","1b","1b","1b","1b","3b","1b","1b","3b","3b","1b","1b","1b","1b","1b","1b","1b","1b"
"2023-02-25 12:00:00","PM2.5",NA,0,0,208.372,1451.124,40.8377,71.7393,2.8171,0,1.3262,1.0513,55.419,0,NA,1.8616,8.8846,0,0,0.9603,NA,3.631,NA,0,0,0,NA,0,0,0,0,NA,NA,0,0,0,0,0,0,3.5084,0,"3b","1b","1b","1b","1b","1b","1b","1b","1b","1b","1b","1b","1b","3b","1b","1b","1b","1b","1b","3b","1b","3b","1b","1b","1b","3b","1b","1b","1b","1b","3b","3b","1b","1b","1b","1b","1b","1b","1b","1b"
"2023-02-25 13:00:00","PM10",0,NA,0,448.6558,3915.6589,103.6275,240.504,4.7144,0,2.9094,3.1903,168.3584,0,0.5438,4.7798,18.5765,0,0,1.1012,NA,11.1003,2.2381,0,NA,0,13.7232,0,0.0951,0,NA,0,NA,0.0294,0,0,0,0,0,2.9784,0,"1b","3b","1b","1b","1b","1b","1b","1b","1b","1b","1b","1b","1b","1b","1b","1b","1b","1b","1b","3b","1b","1b","1b","3b","1b","1b","1b","1b","1b","3b","1b","3b","1b","1b","1b","1b","1b","1b","1b","1b"
"2023-02-25 14:00:00","PM2.5",NA,0,0,225.9112,1614.8734,50.3202,67.6941,1.1785,0,NA,0,62.7648,0,NA,1.8205,7.1442,0,0,0,NA,5.0196,NA,0,0,0,20.848,0,NA,0,0,NA,NA,0,0,0,0,0,0,3.6827,0,"3b","1b","1b","1b","1b","1b","1b","1b","1b","3b","1b","1b","1b","3b","1b","1b","1b","1b","1b","3b","1b","3b","1b","1b","1b","1b","1b","3b","1b","1b","3b","3b","1b","1b","1b","1b","1b","1b","1b","1b"
"2023-02-25 15:00:00","PM10",NA,NA,0,335.3288,3375.8365,93.2832,209.7433,6.14,0,1.3574,1.8693,168.8796,0,NA,3.4073,8.9805,0,0,0.8645,NA,9.7253,3.1828,0,0,0,NA,0,NA,0,NA,0,0,NA,0,0,0,0,0,1.3387,0,"3b","3b","1b","1b","1b","1b","1b","1b","1b","1b","1b","1b","1b","3b","1b","1b","1b","1b","1b","3b","1b","1b","1b","1b","1b","3b","1b","3b","1b","3b","1b","1b","3b","1b","1b","1b","1b","1b","1b","1b"
"2023-02-25 16:00:00","PM2.5",NA,0,0,191.1906,1528.2748,65.252,67.4894,4.4379,0,NA,8e-04,78.0344,0,NA,2.3386,5.1437,0,0,0.6608,NA,3.4664,NA,0,0,0,13.3866,NA,NA,0,0,NA,NA,NA,0,0,0,0,0,9.0814,0,"3b","1b","1b","1b","1b","1b","1b","1b","1b","3b","1b","1b","1b","3b","1b","1b","1b","1b","1b","3b","1b","3b","1b","1b","1b","1b","3b","3b","1b","1b","3b","3b","3b","1b","1b","1b","1b","1b","1b","1b"
"2023-02-25 17:00:00","PM10",NA,0,0,228.5041,3410.1013,95.5479,210.3388,5.8032,0,NA,1.5464,201.1806,NA,NA,3.4045,7.2733,0,0,0.696,NA,7.2311,1.7404,0,0,0,10.5967,NA,NA,0,0,0,0,NA,0,0,0,0,0,1.5861,0,"3b","1b","1b","1b","1b","1b","1b","1b","1b","3b","1b","1b","3b","3b","1b","1b","1b","1b","1b","3b","1b","1b","1b","1b","1b","1b","3b","3b","1b","1b","1b","1b","3b","1b","1b","1b","1b","1b","1b","1b"
"2023-02-25 18:00:00","PM2.5",0,0,0,130.603,1446.6353,57.5848,56.0331,NA,0,NA,NA,82.8166,0,0,1.8182,3.8785,0,0,0,0,2.4454,NA,0,0,0,9.7328,NA,NA,0,0,NA,NA,NA,0,0,0,0,0,3.2374,0,"1b","1b","1b","1b","1b","1b","1b","3b","1b","3b","3b","1b","1b","1b","1b","1b","1b","1b","1b","1b","1b","3b","1b","1b","1b","1b","3b","3b","1b","1b","3b","3b","3b","1b","1b","1b","1b","1b","1b","1b"
"2023-02-25 19:00:00","PM10",NA,0,0,270.0501,3805.1438,113.9264,185.3006,3.5516,0,NA,NA,185.2275,0,0,3.8381,6.8817,0,0,NA,0,7.9134,2.2926,0,NA,0,14.8469,0,0,0,0,0,NA,NA,0,0,0,0,0,2.5646,0,"3b","1b","1b","1b","1b","1b","1b","1b","1b","3b","3b","1b","1b","1b","1b","1b","1b","1b","3b","1b","1b","1b","1b","3b","1b","1b","1b","1b","1b","1b","1b","3b","3b","1b","1b","1b","1b","1b","1b","1b"
"2023-02-25 20:00:00","PM2.5",NA,0,0,161.2078,1485.9747,76.8935,62.5354,1.2457,0,0,0,78.6095,NA,0,2.6377,6.7185,0,0,0,NA,4.4434,NA,0,0,NA,10.0097,0,NA,0,0,0,0,NA,0,0.0012,0,0,0,6.4803,0,"3b","1b","1b","1b","1b","1b","1b","1b","1b","1b","1b","1b","3b","1b","1b","1b","1b","1b","1b","3b","1b","3b","1b","1b","3b","1b","1b","3b","1b","1b","1b","1b","3b","1b","1b","1b","1b","1b","1b","1b"
"2023-02-25 21:00:00","PM10",676.199,NA,0,264.9499,4232.6233,125.1233,170.6574,5.0906,NA,NA,0.8512,177.1057,0.6527,0,4.6403,7.533,0,0,1.0284,0.4921,10.9091,2.0826,0,0,0,9.9441,NA,NA,0,0,NA,NA,3.329,0,0,0,0,0,3.6981,0,"1b","3b","1b","1b","1b","1b","1b","1b","3b","3b","1b","1b","1b","1b","1b","1b","1b","1b","1b","1b","1b","1b","1b","1b","1b","1b","3b","3b","1b","1b","3b","3b","1b","1b","1b","1b","1b","1b","1b","1b"
"2023-02-25 22:00:00","PM2.5",639.7221,0,0,145.904,1454.9769,70.6577,53.3928,2.3842,NA,NA,NA,61.612,0,0,2.3969,5.9201,0,0,0.8461,NA,5.0106,NA,0,0,0,9.9748,0,NA,0,NA,0.0398,NA,NA,0,0,0,0,0,3.0081,0,"1b","1b","1b","1b","1b","1b","1b","1b","3b","3b","3b","1b","1b","1b","1b","1b","1b","1b","1b","3b","1b","3b","1b","1b","1b","1b","1b","3b","1b","3b","1b","3b","3b","1b","1b","1b","1b","1b","1b","1b"
"2023-02-25 23:00:00","PM10",NA,0,0,218.8027,3508.6832,115.5163,171.4201,2.8271,0,NA,1.4271,223.8928,0,0,5.0226,9.5236,0,0,1.3406,0.6509,10.0683,NA,0,NA,0,NA,NA,0,0,NA,NA,NA,NA,0,0,0,0,0,5.9271,0,"3b","1b","1b","1b","1b","1b","1b","1b","1b","3b","1b","1b","1b","1b","1b","1b","1b","1b","1b","1b","1b","3b","1b","3b","1b","3b","3b","1b","1b","3b","3b","3b","3b","1b","1b","1b","1b","1b","1b","1b"
"2023-02-26 00:30:00","PM2.5",NA,0,0,116.0282,1181.3805,64.2092,41.1678,0,0,NA,0,50.5523,NA,0,2.2175,8.9037,0,0,0,0.8482,3.174,NA,0,0,0,NA,0,NA,0,0,0,NA,NA,0,0,0,0,0,3.763,0,"3b","1b","1b","1b","1b","1b","1b","1b","1b","3b","1b","1b","3b","1b","1b","1b","1b","1b","1b","1b","1b","3b","1b","1b","1b","3b","1b","3b","1b","1b","1b","3b","3b","1b","1b","1b","1b","1b","1b","1b"
"2023-02-26 01:00:00","PM10",NA,0,0,201.9166,2767.9536,101.7791,108.9998,NA,NA,4.3368,4.3028,97.0028,0,1.1805,2.3444,19.4372,0,0,0.3851,1.1938,6.3747,NA,0,0,NA,0,0,NA,0,0,NA,NA,NA,0,0,0,0,0,8.7697,0,"3b","1b","1b","1b","1b","1b","1b","3b","3b","1b","1b","1b","1b","1b","1b","1b","1b","1b","1b","1b","1b","3b","1b","1b","3b","1b","1b","3b","1b","1b","3b","3b","3b","1b","1b","1b","1b","1b","1b","1b"
"2023-02-26 02:00:00","PM2.5",NA,NA,NA,NA,NA,NA,NA,NA,NA,NA,NA,NA,NA,NA,NA,NA,NA,NA,NA,NA,NA,NA,NA,NA,NA,NA,NA,NA,NA,NA,NA,NA,NA,NA,NA,NA,NA,NA,NA,NA,"3b","0c","0c","0c","0c","0c","0c","3b","0c","0c","0c","0c","0c","3b","0c","0c","0c","0c","3b","0c","0c","3b","0c","3b","0c","0c","3b","0c","0c","0c","3b","0c","0c","0c","0c","0c","0c","0c","0c","0c"
"2023-02-26 03:00:00","PM10",NA,NA,NA,NA,NA,NA,NA,NA,NA,NA,NA,NA,NA,NA,NA,NA,NA,NA,NA,NA,NA,NA,NA,NA,NA,NA,NA,NA,NA,NA,NA,NA,NA,NA,NA,NA,NA,NA,NA,NA,"0c","0c","0c","0c","0c","0c","0c","0c","0c","0c","0c","0c","3b","0c","0c","0c","0c","0c","0c","0c","0c","3b","0c","0c","0c","3b","0c","3b","0c","3b","3b","3b","3b","0c","0c","0c","0c","0c","0c","0c"
"2023-02-26 04:00:00","PM2.5",NA,NA,NA,NA,NA,NA,NA,NA,NA,NA,NA,NA,NA,NA,NA,NA,NA,NA,NA,NA,NA,NA,NA,NA,NA,NA,NA,NA,NA,NA,NA,NA,NA,NA,NA,NA,NA,NA,NA,NA,"3b","0c","0c","0c","0c","0c","0c","3b","3b","0c","0c","0c","0c","0c","0c","0c","0c","0c","0c","0c","0c","3b","0c","0c","0c","0c","0c","3b","0c","3b","0c","3b","0c","0c","0c","0c","0c","0c","0c","0c"
"2023-02-26 05:00:00","PM10",NA,0,0,234.3247,2536.8253,71.0253,87.1804,0,NA,4.4962,6.8459,43.7806,0,0.885,1.2056,23.9231,0,0,NA,0.8051,4.8565,NA,0,0,0,NA,NA,0,0,0,NA,0,NA,0,0,0,0,0,6.4912,0,"3b","1b","1b","1b","1b","1b","1b","1b","3b","1b","1b","1b","1b","1b","1b","1b","1b","1b","3b","1b","1b","3b","1b","1b","1b","3b","3b","1b","1b","1b","3b","1b","3b","1b","1b","1b","1b","1b","1b","1b"
"2023-02-26 06:00:00","PM2.5",NA,0,0,127.1925,937.6996,40.958,35.616,0,0,2.7918,5.1628,26.5594,0,NA,0.8378,14.3625,0,0,1.0805,0.6519,1.7521,NA,0,0,0,13.4091,NA,NA,0,0,NA,NA,0,0,0,0,0,0,3.2666,0,"3b","1b","1b","1b","1b","1b","1b","1b","1b","1b","1b","1b","1b","3b","1b","1b","1b","1b","1b","1b","1b","3b","1b","1b","1b","1b","3b","3b","1b","1b","3b","3b","1b","1b","1b","1b","1b","1b","1b","1b"
"2023-02-26 07:00:00","PM10",NA,0,0,239.8804,2721.226,81.6254,106.715,NA,NA,4.3075,4.3778,53.3794,0,0.7644,1.9444,28.0484,0,0,NA,1.4517,4.1122,NA,0,0,NA,19.4703,NA,0,0,NA,0,0,NA,0,0,0,0,0,4.7684,0,"3b","1b","1b","1b","1b","1b","1b","3b","3b","1b","1b","1b","1b","1b","1b","1b","1b","1b","3b","1b","1b","3b","1b","1b","3b","1b","3b","1b","1b","3b","1b","1b","3b","1b","1b","1b","1b","1b","1b","1b"
"2023-02-26 08:00:00","PM2.5",0,0,0,168.355,1387.9998,65.27,47.3793,0,NA,2.7113,2.2369,32.5759,NA,NA,0.8081,13.9221,0,0,1.1711,1.327,2.8398,NA,0,0,0,18.5695,0,0,0,NA,0,NA,NA,0,0,0,0,0,3.1273,0,"1b","1b","1b","1b","1b","1b","1b","1b","3b","1b","1b","1b","3b","3b","1b","1b","1b","1b","1b","1b","1b","3b","1b","1b","1b","1b","1b","1b","1b","3b","1b","3b","3b","1b","1b","1b","1b","1b","1b","1b"
"2023-02-26 09:00:00","PM10",NA,0,0,319.0404,4527.9064,130.1359,192.7861,7.4793,0,0.7657,1.6329,108.3594,0,NA,2.4591,8.6805,0,0,0.696,1.0717,8.4033,3.2214,0,0,0,19.1733,NA,0,0,NA,NA,0,0,0,0,0,0,0,3.864,0,"3b","1b","1b","1b","1b","1b","1b","1b","1b","1b","1b","1b","1b","3b","1b","1b","1b","1b","1b","1b","1b","1b","1b","1b","1b","1b","3b","1b","1b","3b","3b","1b","1b","1b","1b","1b","1b","1b","1b","1b"
"2023-02-26 10:00:00","PM2.5",NA,0,0.1151,130.8067,1588.8559,48.3679,60.5912,1.7356,0,NA,0,34.871,NA,0,1.0136,2.4778,0,0,NA,NA,2.6807,NA,0,0,0,13.6971,0,0,0,0,0,0,NA,0,0,0,0,0,1.4043,0,"3b","1b","1b","1b","1b","1b","1b","1b","1b","3b","1b","1b","3b","1b","1b","1b","1b","1b","3b","3b","1b","3b","1b","1b","1b","1b","1b","1b","1b","1b","1b","1b","3b","1b","1b","1b","1b","1b","1b","1b"
"2023-02-26 11:00:00","PM10",NA,0,0,270.8133,4216.0061,91.2613,185.6876,5.7031,0,NA,NA,83.0846,0,NA,1.6251,4.0142,0,0,0.4226,0,6.245,NA,0,0,0,13.3651,0,0,0,NA,NA,NA,0,0,0,0,0,0,2.1873,0,"3b","1b","1b","1b","1b","1b","1b","1b","1b","3b","3b","1b","1b","3b","1b","1b","1b","1b","1b","1b","1b","3b","1b","1b","1b","1b","1b","1b","1b","3b","3b","3b","1b","1b","1b","1b","1b","1b","1b","1b"
"2023-02-26 12:00:00","PM2.5",NA,0,0,182.1948,1476.5741,40.7641,60.8758,1.1446,NA,0.0084,NA,37.005,0,0,1.4942,2.9785,0,0,0.5021,0,3.3158,NA,0,0,0,13.8885,0,NA,0,NA,NA,NA,NA,0,0.0136,0,0,0,NA,0,"3b","1b","1b","1b","1b","1b","1b","1b","3b","1b","3b","1b","1b","1b","1b","1b","1b","1b","1b","1b","1b","3b","1b","1b","1b","1b","1b","3b","1b","3b","3b","3b","3b","1b","1b","1b","1b","1b","3b","1b"
"2023-02-26 13:00:00","PM10",NA,NA,0,249.2911,3399.119,81.3244,167.0942,2.5933,0,0,NA,87.9472,0,0,1.8926,4.6494,0,0,0,0,6.5752,1.6662,0,0,0,13.6252,NA,NA,0,0,0,0,NA,0,0,0,0,0,2.4359,0,"3b","3b","1b","1b","1b","1b","1b","1b","1b","1b","3b","1b","1b","1b","1b","1b","1b","1b","1b","1b","1b","1b","1b","1b","1b","1b","3b","3b","1b","1b","1b","1b","3b","1b","1b","1b","1b","1b","1b","1b"
"2023-02-26 14:00:00","PM2.5",0,0,0,147.7592,1136.0979,37.8147,49.2324,1.3697,0,0,0,40.1057,0,0,0.871,3.8569,0,0,0,NA,4.0031,NA,0,0,0,NA,NA,NA,0,0,0,NA,NA,0,0,0,0,0,1.3922,0,"1b","1b","1b","1b","1b","1b","1b","1b","1b","1b","1b","1b","1b","1b","1b","1b","1b","1b","1b","3b","1b","3b","1b","1b","1b","3b","3b","3b","1b","1b","1b","3b","3b","1b","1b","1b","1b","1b","1b","1b"
"2023-02-26 15:00:00","PM10",NA,NA,0,265.4238,2693.1295,71.4489,158.8017,3.4025,0,NA,NA,113.9984,0,NA,2.6418,5.15,0,0,0.4587,NA,5.7395,NA,0,0,0,NA,NA,0,0,0,NA,0,NA,0,0,0,NA,0,0.9966,0,"3b","3b","1b","1b","1b","1b","1b","1b","1b","3b","3b","1b","1b","3b","1b","1b","1b","1b","1b","3b","1b","3b","1b","1b","1b","3b","3b","1b","1b","1b","3b","1b","3b","1b","1b","1b","3b","1b","1b","1b"
"2023-02-26 16:00:00","PM2.5",NA,NA,NA,NA,NA,NA,NA,NA,NA,NA,NA,NA,NA,NA,NA,NA,NA,NA,NA,NA,NA,NA,NA,NA,NA,NA,NA,NA,NA,NA,NA,NA,NA,NA,NA,NA,NA,NA,NA,NA,"3b","0c","0c","0c","0c","0c","0c","0c","0c","0c","0c","0c","0c","0c","0c","0c","0c","0c","3b","0c","0c","3b","0c","0c","0c","3b","0c","0c","0c","3b","3b","3b","0c","0c","3b","0c","0c","0c","3b","0c"
"2023-02-26 17:00:00","PM10",NA,NA,NA,NA,NA,NA,NA,NA,NA,NA,NA,NA,NA,NA,NA,NA,NA,NA,NA,NA,NA,NA,NA,NA,NA,NA,NA,NA,NA,NA,NA,NA,NA,NA,NA,NA,NA,NA,NA,NA,"0c","0c","0c","0c","0c","0c","0c","0c","0c","3b","3b","0c","0c","0c","0c","0c","0c","0c","3b","0c","0c","0c","0c","3b","0c","0c","0c","0c","0c","3b","3b","0c","3b","0c","0c","0c","0c","0c","0c","0c"
"2023-02-26 18:00:00","PM2.5",NA,NA,NA,NA,NA,NA,NA,NA,NA,NA,NA,NA,NA,NA,NA,NA,NA,NA,NA,NA,NA,NA,NA,NA,NA,NA,NA,NA,NA,NA,NA,NA,NA,NA,NA,NA,NA,NA,NA,NA,"3b","0c","3b","0c","0c","0c","0c","0c","3b","3b","3b","0c","0c","0c","0c","0c","0c","0c","0c","0c","0c","3b","0c","0c","0c","0c","3b","0c","0c","3b","0c","0c","3b","0c","0c","0c","0c","0c","3b","0c"
"2023-02-26 19:00:00","PM10",NA,NA,0,321.0956,2870.7762,103.9459,220.3058,11.7977,0,0.9111,1.303,296.3106,0,0,6.6658,17.2885,0,0,0.468,NA,7.786,NA,0,0,0,16.2167,NA,0,0,NA,NA,NA,NA,0,0,0,0,0,2.3729,0,"3b","3b","1b","1b","1b","1b","1b","1b","1b","1b","1b","1b","1b","1b","1b","1b","1b","1b","1b","3b","1b","3b","1b","1b","1b","1b","3b","1b","1b","3b","3b","3b","3b","1b","1b","1b","1b","1b","1b","1b"
"2023-02-26 20:00:00","PM2.5",NA,0,0,338.2711,959.2768,74.8313,64.4759,14.666,0,NA,NA,114.5141,NA,0,3.0129,8.2289,0,0,NA,NA,5.6898,NA,0,0,0,20.9803,NA,NA,0,0,NA,0,NA,0,0,0,0,0,3.1579,0,"3b","1b","1b","1b","1b","1b","1b","1b","1b","3b","3b","1b","3b","1b","1b","1b","1b","1b","3b","3b","1b","3b","1b","1b","1b","1b","3b","3b","1b","1b","3b","1b","3b","1b","1b","1b","1b","1b","1b","1b"
"2023-02-26 21:00:00","PM10",NA,NA,0,466.5068,3204.9733,147.1468,211.1314,24.0618,0,NA,2.4844,319.1027,0,0,13.1026,21.5034,0,0,2.1571,0,9.5839,2.0732,0,0,0,19.684,NA,NA,0,NA,NA,NA,NA,0,0,0,0,0,6.2643,0,"3b","3b","1b","1b","1b","1b","1b","1b","1b","3b","1b","1b","1b","1b","1b","1b","1b","1b","1b","1b","1b","1b","1b","1b","1b","1b","3b","3b","1b","3b","3b","3b","3b","1b","1b","1b","1b","1b","1b","1b"
"2023-02-26 22:00:00","PM2.5",NA,0,0,317.3835,1044.4157,132.7088,58.9506,9.3352,NA,NA,NA,201.4667,0,0,8.1976,22.5249,0,0,2.6068,0,8.606,NA,0,0,0,14.0511,0,NA,0,NA,0,0,NA,0,0,0,0,0,9.1307,0,"3b","1b","1b","1b","1b","1b","1b","1b","3b","3b","3b","1b","1b","1b","1b","1b","1b","1b","1b","1b","1b","3b","1b","1b","1b","1b","1b","3b","1b","3b","1b","1b","3b","1b","1b","1b","1b","1b","1b","1b"
"2023-02-26 23:00:00","PM10",NA,0,0,295.3122,2892.2332,178.3176,226.8263,5.2869,NA,NA,1.8634,286.868,0,0,6.9731,17.8078,0,0,1.5538,0,8.421,NA,0,NA,NA,NA,0,0,0,NA,NA,NA,5.6264,0,0,0,0,0,12.3676,0,"3b","1b","1b","1b","1b","1b","1b","1b","3b","3b","1b","1b","1b","1b","1b","1b","1b","1b","1b","1b","1b","3b","1b","3b","3b","3b","1b","1b","1b","3b","3b","3b","1b","1b","1b","1b","1b","1b","1b","1b"
"2023-02-27 00:30:00","PM2.5",NA,0,0,153.3821,1007.0881,106.7109,47.5141,NA,0,0,0.0014,84.4656,0,NA,2.6796,13.9746,0,0,0,1.0092,5.6523,0,0,0,0,28.825,NA,0,0,0,NA,NA,NA,0,0,0,0,0,9.6222,0,"3b","1b","1b","1b","1b","1b","1b","3b","1b","1b","1b","1b","1b","3b","1b","1b","1b","1b","1b","1b","1b","1b","1b","1b","1b","1b","3b","1b","1b","1b","3b","3b","3b","1b","1b","1b","1b","1b","1b","1b"
"2023-02-27 01:00:00","PM10",NA,0,0,248.4504,2352.2915,125.2346,114.3851,1.6346,0,1.2834,1.0248,103.7691,NA,NA,2.2574,15.3088,0,0,2.0283,0.6966,8.8284,NA,0,0,0,22.7832,0,NA,0,NA,0,NA,NA,0,0,0,0,0,5.9494,0,"3b","1b","1b","1b","1b","1b","1b","1b","1b","1b","1b","1b","3b","3b","1b","1b","1b","1b","1b","1b","1b","3b","1b","1b","1b","1b","1b","3b","1b","3b","1b","3b","3b","1b","1b","1b","1b","1b","1b","1b"
"2023-02-27 02:00:00","PM2.5",NA,0,0,167.5543,576.2069,55.6231,24.9835,NA,NA,1.0467,1.0583,29.2339,0,NA,1.0148,9.5523,0,0,1.0855,0.8666,4.7065,NA,0,0,0,10.8178,0,NA,0,NA,0,NA,0,0,0,0,0,0,4.1885,0,"3b","1b","1b","1b","1b","1b","1b","3b","3b","1b","1b","1b","1b","3b","1b","1b","1b","1b","1b","1b","1b","3b","1b","1b","1b","1b","1b","3b","1b","3b","1b","3b","1b","1b","1b","1b","1b","1b","1b","1b"
"2023-02-27 03:00:00","PM10",NA,0,0,312.6784,891.6037,63.2463,47.4266,3.0875,NA,NA,NA,40.106,0,NA,1.1309,6.8822,0,0,NA,0.9136,4.7392,NA,0,0,0,NA,NA,0,0,NA,NA,0,0,0,0,0,0,0,5.5774,0,"3b","1b","1b","1b","1b","1b","1b","1b","3b","3b","3b","1b","1b","3b","1b","1b","1b","1b","3b","1b","1b","3b","1b","1b","1b","3b","3b","1b","1b","3b","3b","1b","1b","1b","1b","1b","1b","1b","1b","1b"
"2023-02-27 04:00:00","PM2.5",NA,NA,NA,NA,NA,NA,NA,NA,NA,NA,NA,NA,NA,NA,NA,NA,NA,NA,NA,NA,NA,NA,NA,NA,NA,NA,NA,NA,NA,NA,NA,NA,NA,NA,NA,NA,NA,NA,NA,NA,"3b","0c","0c","0c","0c","0c","0c","0c","0c","3b","3b","0c","0c","3b","0c","0c","0c","0c","0c","0c","0c","3b","0c","0c","0c","0c","3b","0c","0c","0c","3b","0c","3b","0c","0c","0c","0c","0c","0c","0c"
"2023-02-27 05:00:00","PM10",NA,NA,NA,NA,NA,NA,NA,NA,NA,NA,NA,NA,NA,NA,NA,NA,NA,NA,NA,NA,NA,NA,NA,NA,NA,NA,NA,NA,NA,NA,NA,NA,NA,NA,NA,NA,NA,NA,NA,NA,"0c","0c","0c","0c","0c","0c","0c","3b","3b","3b","0c","0c","3b","0c","3b","0c","0c","0c","0c","0c","0c","3b","0c","0c","0c","0c","3b","0c","0c","0c","3b","0c","3b","0c","3b","0c","0c","0c","0c","0c"
"2023-02-27 06:00:00","PM2.5",NA,NA,NA,NA,NA,NA,NA,NA,NA,NA,NA,NA,NA,NA,NA,NA,NA,NA,NA,NA,NA,NA,NA,NA,NA,NA,NA,NA,NA,NA,NA,NA,NA,NA,NA,NA,NA,NA,NA,NA,"3b","0c","0c","0c","0c","0c","0c","3b","3b","0c","3b","0c","3b","3b","0c","0c","0c","0c","3b","0c","0c","3b","0c","0c","0c","0c","3b","3b","0c","0c","3b","3b","0c","0c","0c","0c","0c","0c","0c","0c"
"2023-02-27 07:00:00","PM10",NA,0,0,536.7436,787.6523,71.6899,63.1773,2.3948,0,2.8914,2.3962,196.6385,0,NA,5.1687,11.2746,0,0,1.5964,2.0481,4.9293,NA,0,0,0,17.9507,NA,NA,0,NA,NA,NA,NA,0,0,0,NA,0,3.7427,0,"3b","1b","1b","1b","1b","1b","1b","1b","1b","1b","1b","1b","1b","3b","1b","1b","1b","1b","1b","1b","1b","3b","1b","1b","1b","1b","3b","3b","1b","3b","3b","3b","3b","1b","1b","1b","3b","1b","1b","1b"
"2023-02-27 08:00:00","PM2.5",7284.5683,477.9075,0,1545.248,5793.6807,51.6108,37.1646,NA,0,1.2992,3.2259,117.7801,NA,NA,49.6913,3161.1784,0,0,59.0008,0,2103.3532,NA,0,NA,0,NA,NA,NA,0,105.5852,245.7769,NA,NA,0,0,0,0,0,1297.7742,0,"1b","1b","1b","1b","1b","1b","1b","3b","1b","1b","1b","1b","3b","3b","1b","1b","1b","1b","1b","1b","1b","3b","1b","3b","1b","3b","3b","3b","1b","1b","1b","3b","3b","1b","1b","1b","1b","1b","1b","1b"
"2023-02-27 09:00:00","PM10",NA,0,0,707.6534,789.2777,57.9399,141.7689,5.2072,0,1.0099,1.631,206.5309,0,NA,5.6595,14.208,0,0,1.3372,1.2957,7.9505,NA,0,0,0,19.5766,NA,0,0,NA,NA,NA,2.9597,0,0,0,0,0,7.1933,0,"3b","1b","1b","1b","1b","1b","1b","1b","1b","1b","1b","1b","1b","3b","1b","1b","1b","1b","1b","1b","1b","3b","1b","1b","1b","1b","3b","1b","1b","3b","3b","3b","1b","1b","1b","1b","1b","1b","1b","1b"
"2023-02-27 10:00:00","PM2.5",NA,NA,NA,NA,NA,NA,NA,NA,NA,NA,NA,NA,NA,NA,NA,NA,NA,NA,NA,NA,NA,NA,NA,NA,NA,NA,NA,NA,NA,NA,NA,NA,NA,NA,NA,NA,NA,NA,NA,NA,"0c","0c","0c","0c","0c","0c","0c","0c","3b","3b","3b","0c","0c","0c","0c","0c","0c","0c","0c","0c","0c","3b","0c","0c","0c","0c","0c","3b","0c","3b","3b","3b","0c","0c","0c","0c","0c","0c","0c","0c"
"2023-02-27 11:00:00","PM10",NA,NA,NA,NA,NA,NA,NA,NA,NA,NA,NA,NA,NA,NA,NA,NA,NA,NA,NA,NA,NA,NA,NA,NA,NA,NA,NA,NA,NA,NA,NA,NA,NA,NA,NA,NA,NA,NA,NA,NA,"0c","0c","0c","0c","0c","0c","0c","0c","0c","3b","0c","0c","0c","3b","0c","0c","0c","0c","0c","0c","0c","3b","0c","0c","0c","0c","0c","3b","3b","3b","0c","0c","3b","0c","0c","0c","0c","0c","0c","0c"
"2023-02-27 12:00:00","PM2.5",NA,NA,NA,NA,NA,NA,NA,NA,NA,NA,NA,NA,NA,NA,NA,NA,NA,NA,NA,NA,NA,NA,NA,NA,NA,NA,NA,NA,NA,NA,NA,NA,NA,NA,NA,NA,NA,NA,NA,NA,"3b","0c","0c","0c","0c","0c","0c","0c","0c","3b","3b","0c","3b","3b","0c","0c","0c","0c","0c","3b","0c","3b","0c","0c","0c","0c","3b","3b","0c","3b","3b","0c","0c","0c","0c","0c","0c","0c","0c","0c"
"2023-02-27 13:00:00","PM10",NA,NA,0,203.1707,590.6131,60.1126,166.3529,5.8968,0,NA,1.5576,164.6367,0,0,4.4497,12.9067,0,0,1.0825,0,3.4426,NA,0,0,0,11.3755,NA,NA,0,0,NA,NA,NA,0,0,0,0,0,5.0126,0,"3b","3b","1b","1b","1b","1b","1b","1b","1b","3b","1b","1b","1b","1b","1b","1b","1b","1b","1b","1b","1b","3b","1b","1b","1b","1b","3b","3b","1b","1b","3b","3b","3b","1b","1b","1b","1b","1b","1b","1b"
"2023-02-27 14:00:00","PM2.5",NA,0,0,276.8924,210.4081,36.2556,43.5335,1.8131,0,0,1.0793,79.7609,NA,0,2.7072,8.9778,0,0,0.855,0,3.7285,NA,0,0,0,16.7338,NA,0,0,0,0,NA,0,0,0,0,0,0,7.6376,0,"3b","1b","1b","1b","1b","1b","1b","1b","1b","1b","1b","1b","3b","1b","1b","1b","1b","1b","1b","1b","1b","3b","1b","1b","1b","1b","3b","1b","1b","1b","1b","3b","1b","1b","1b","1b","1b","1b","1b","1b"
"2023-02-27 15:00:00","PM10",NA,NA,0,191.5544,1420.7467,74.0013,315.1447,9.6204,0,0.9747,2.8417,427.5345,NA,0,13.1012,22.1363,0,0,0.773,0,3.331,1.9693,0,0,0,17.1772,0,0,0,0,0,NA,7.388,0,0,0,0,0,4.5333,0,"3b","3b","1b","1b","1b","1b","1b","1b","1b","1b","1b","1b","3b","1b","1b","1b","1b","1b","1b","1b","1b","1b","1b","1b","1b","1b","1b","1b","1b","1b","1b","3b","1b","1b","1b","1b","1b","1b","1b","1b"
"2023-02-27 16:00:00","PM2.5",NA,NA,NA,NA,NA,NA,NA,NA,NA,NA,NA,NA,NA,NA,NA,NA,NA,NA,NA,NA,NA,NA,NA,NA,NA,NA,NA,NA,NA,NA,NA,NA,NA,NA,NA,NA,NA,NA,NA,NA,"0c","0c","0c","0c","0c","0c","0c","0c","0c","0c","3b","0c","0c","3b","0c","0c","0c","0c","0c","0c","0c","3b","0c","0c","0c","0c","3b","0c","0c","3b","3b","3b","3b","0c","0c","0c","0c","0c","0c","0c"
"2023-02-27 17:00:00","PM10",NA,NA,NA,NA,NA,NA,NA,NA,NA,NA,NA,NA,NA,NA,NA,NA,NA,NA,NA,NA,NA,NA,NA,NA,NA,NA,NA,NA,NA,NA,NA,NA,NA,NA,NA,NA,NA,NA,NA,NA,"0c","3b","0c","0c","0c","0c","0c","0c","0c","3b","0c","0c","0c","3b","0c","0c","0c","0c","0c","0c","0c","3b","0c","0c","0c","0c","0c","3b","0c","3b","3b","3b","3b","0c","0c","0c","0c","0c","3b","0c"
"2023-02-27 18:00:00","PM2.5",NA,NA,NA,NA,NA,NA,NA,NA,NA,NA,NA,NA,NA,NA,NA,NA,NA,NA,NA,NA,NA,NA,NA,NA,NA,NA,NA,NA,NA,NA,NA,NA,NA,NA,NA,NA,NA,NA,NA,NA,"3b","0c","0c","0c","0c","0c","0c","0c","3b","3b","3b","0c","0c","0c","0c","0c","0c","0c","0c","0c","0c","3b","0c","0c","0c","0c","3b","0c","0c","0c","3b","3b","3b","0c","0c","0c","0c","0c","0c","0c"
"2023-02-27 19:00:00","PM10",NA,0,0,80.3406,468.5183,39.8127,93.5107,2.2877,0,0.6103,NA,187.209,0,0,5.1456,4.9854,0,0,1.0069,NA,1.3667,NA,0,NA,0,NA,0,0,0,0,NA,0,NA,0,0,0,0,0,0.9711,0,"3b","1b","1b","1b","1b","1b","1b","1b","1b","1b","3b","1b","1b","1b","1b","1b","1b","1b","1b","3b","1b","3b","1b","3b","1b","3b","1b","1b","1b","1b","3b","1b","3b","1b","1b","1b","1b","1b","1b","1b"
"2023-02-27 20:00:00","PM2.5",NA,0,NA,106.7238,72.422,27.4772,14.4541,NA,NA,0,0,75.2079,NA,0,1.6118,3.1016,0,0,0,0,0.9334,NA,0,0,0,21.0966,NA,0,0,NA,NA,NA,NA,0,NA,0,0,0,1.0124,0,"3b","1b","3b","1b","1b","1b","1b","3b","3b","1b","1b","1b","3b","1b","1b","1b","1b","1b","1b","1b","1b","3b","1b","1b","1b","1b","3b","1b","1b","3b","3b","3b","3b","1b","3b","1b","1b","1b","1b","1b"
"2023-02-27 21:00:00","PM10",NA,0.3141,0,166.3046,237.8566,73.3558,59.2051,3.0854,0,NA,0.8432,172.8437,NA,0,6.4923,9.7411,0,0,0.9292,0,1.3188,2.2591,0,0,0,19.0622,NA,NA,0,NA,NA,NA,5.2189,0,0,0,0,0,NA,0,"3b","1b","1b","1b","1b","1b","1b","1b","1b","3b","1b","1b","3b","1b","1b","1b","1b","1b","1b","1b","1b","1b","1b","1b","1b","1b","3b","3b","1b","3b","3b","3b","1b","1b","1b","1b","1b","1b","3b","1b"
"2023-02-27 22:00:00","PM2.5",NA,NA,NA,NA,NA,NA,NA,NA,NA,NA,NA,NA,NA,NA,NA,NA,NA,NA,NA,NA,NA,NA,NA,NA,NA,NA,NA,NA,NA,NA,NA,NA,NA,NA,NA,NA,NA,NA,NA,NA,"0c","0c","0c","0c","0c","0c","0c","0c","0c","0c","0c","0c","3b","3b","0c","0c","0c","0c","0c","0c","0c","3b","0c","0c","0c","0c","3b","0c","0c","0c","3b","3b","3b","0c","0c","0c","0c","0c","3b","0c"
"2023-02-27 23:00:00","PM10",NA,NA,NA,NA,NA,NA,NA,NA,NA,NA,NA,NA,NA,NA,NA,NA,NA,NA,NA,NA,NA,NA,NA,NA,NA,NA,NA,NA,NA,NA,NA,NA,NA,NA,NA,NA,NA,NA,NA,NA,"0c","0c","0c","0c","0c","0c","0c","0c","0c","3b","3b","0c","0c","0c","0c","0c","0c","0c","0c","0c","0c","3b","0c","0c","0c","3b","3b","0c","0c","3b","3b","0c","3b","0c","0c","0c","0c","0c","3b","0c"
"2023-02-28 00:30:00","PM2.5",0,0,0,396.5979,0,55.6326,10.4344,6.4826,NA,0,0,57.2913,NA,0,1.6337,6.4369,0,0,0.7041,0,10.4511,0,0,0,NA,NA,NA,NA,0,NA,0,NA,NA,0,0,0,0,0,2.8741,0,"1b","1b","1b","1b","1b","1b","1b","1b","3b","1b","1b","1b","3b","1b","1b","1b","1b","1b","1b","1b","1b","1b","1b","1b","3b","3b","3b","3b","1b","3b","1b","3b","3b","1b","1b","1b","1b","1b","1b","1b"
"2023-02-28 01:00:00","PM10",0,0,0,682.9861,295.2861,138.383,78.8899,3.8271,NA,NA,2.209,151.7869,0,0,2.5173,9.4884,0,0,1.0874,NA,6.7609,NA,0,0,NA,NA,NA,NA,0,NA,NA,NA,0,0,0,0,0,0,16.8748,0,"1b","1b","1b","1b","1b","1b","1b","1b","3b","3b","1b","1b","1b","1b","1b","1b","1b","1b","1b","3b","1b","3b","1b","1b","3b","3b","3b","3b","1b","3b","3b","3b","1b","1b","1b","1b","1b","1b","1b","1b"
"2023-02-28 02:00:00","PM2.5",NA,0,0,726.1197,0,124.467,19.1,NA,2.8469,0,0.9269,66.9903,0,0,1.2617,8.2334,0,0,2.4711,NA,4.6796,NA,0,0,0,NA,NA,NA,0,NA,NA,0,0,0,0,0,0,0,21.1711,0,"3b","1b","1b","1b","1b","1b","1b","3b","1b","1b","1b","1b","1b","1b","1b","1b","1b","1b","1b","3b","1b","3b","1b","1b","1b","3b","3b","3b","1b","3b","3b","1b","1b","1b","1b","1b","1b","1b","1b","1b"
"2023-02-28 03:00:00","PM10",NA,0,0,572.3549,263.0562,85.6933,39.3122,2.7445,1.9973,0,NA,72.1657,0,0,1.6362,6.4233,0,0,1.2082,0,4.1767,NA,0,0,0,11.7298,NA,0,0,0,0,0,0,0,0,0,0,0,10.7573,0,"3b","1b","1b","1b","1b","1b","1b","1b","1b","1b","3b","1b","1b","1b","1b","1b","1b","1b","1b","1b","1b","3b","1b","1b","1b","1b","3b","1b","1b","1b","1b","1b","1b","1b","1b","1b","1b","1b","1b","1b"
"2023-02-28 04:00:00","PM2.5",NA,0,0,410.5926,NA,42.6996,8.9939,1.4298,NA,0,NA,23.0336,NA,0,0.9107,4.0588,0,0,NA,NA,1.4593,0,0,0,NA,18.6225,NA,0,0,0,0,0,0,0,0,0,0,0,5.8908,0,"3b","1b","1b","1b","3b","1b","1b","1b","3b","1b","3b","1b","3b","1b","1b","1b","1b","1b","3b","3b","1b","1b","1b","1b","3b","1b","3b","1b","1b","1b","1b","1b","1b","1b","1b","1b","1b","1b","1b","1b"
"2023-02-28 05:00:00","PM10",0,0,0,831.2807,204.3119,75.4061,44.9673,2.0803,1.9525,0,2.7237,68.1615,0,0,1.5483,7.3036,0,0,1.5178,NA,5.1021,NA,0,NA,5.3001,17.7633,0,NA,0,NA,0,NA,0,0,0,0,0,0,8.6702,0,"1b","1b","1b","1b","1b","1b","1b","1b","1b","1b","1b","1b","1b","1b","1b","1b","1b","1b","1b","3b","1b","3b","1b","3b","1b","1b","1b","3b","1b","3b","1b","3b","1b","1b","1b","1b","1b","1b","1b","1b"
"2023-02-28 06:00:00","PM2.5",NA,0,0,801.2329,0,80.7063,11.9605,0,1.3029,0,1.7897,51.701,0,0,2.2717,7.2076,0,0,1.9251,NA,2.4609,NA,0,0,0,11.5605,0,0,0,0,0,0,0,0,0,0,0,0,13.4317,0,"3b","1b","1b","1b","1b","1b","1b","1b","1b","1b","1b","1b","1b","1b","1b","1b","1b","1b","1b","3b","1b","3b","1b","1b","1b","1b","1b","1b","1b","1b","1b","1b","1b","1b","1b","1b","1b","1b","1b","1b"
"2023-02-28 07:00:00","PM10",1014.4808,0,0,759.5981,164.3009,87.4955,47.3184,NA,0,1.4667,1.556,226.2841,0,0,7.3338,9.3436,0,0,1.285,0.5857,1.9041,NA,0,0,0,NA,NA,0,0,0,NA,NA,3.2149,0,0,0,0,0,12.4839,0,"1b","1b","1b","1b","1b","1b","1b","3b","1b","1b","1b","1b","1b","1b","1b","1b","1b","1b","1b","1b","1b","3b","1b","1b","1b","3b","3b","1b","1b","1b","3b","3b","1b","1b","1b","1b","1b","1b","1b","1b"
"2023-02-28 08:00:00","PM2.5",NA,0,0,351.54,0,31.9781,24.2753,1.1502,0,3.9554,4.9059,112.4895,0,NA,4.886,42.0935,0,0,1.0361,0.4621,1.6374,0,0,0,0,9.2304,0,NA,0,NA,NA,0,NA,0,0,0,0,0,3.6339,0,"3b","1b","1b","1b","1b","1b","1b","1b","1b","1b","1b","1b","1b","3b","1b","1b","1b","1b","1b","1b","1b","1b","1b","1b","1b","1b","1b","3b","1b","3b","3b","1b","3b","1b","1b","1b","1b","1b","1b","1b"
"2023-02-28 09:00:00","PM10",NA,0,0,268.102,45.3662,19.6367,91.1425,3.7494,0,3.4686,4.1698,225.1409,0,0.6369,7.818,34.5848,0,0,0,NA,0.6857,NA,0,0,0,17.3667,0,0,0,NA,NA,NA,3.513,0,0,0,0,0,2.2871,0,"3b","1b","1b","1b","1b","1b","1b","1b","1b","1b","1b","1b","1b","1b","1b","1b","1b","1b","1b","3b","1b","3b","1b","1b","1b","1b","1b","1b","1b","3b","3b","3b","1b","1b","1b","1b","1b","1b","1b","1b"
"2023-02-28 10:00:00","PM2.5",NA,NA,0,164.7157,0,21.508,36.3922,3.0602,NA,0.6942,1.7154,86.155,0,NA,2.6081,16.0375,0,0,0.4281,NA,0.8424,NA,0,0,0,19.7541,NA,NA,0,NA,NA,0,NA,0,0,0,0,0,0.971,0,"3b","3b","1b","1b","1b","1b","1b","1b","3b","1b","1b","1b","1b","3b","1b","1b","1b","1b","1b","3b","1b","3b","1b","1b","1b","1b","3b","3b","1b","3b","3b","1b","3b","1b","1b","1b","1b","1b","1b","1b"
"2023-02-28 11:00:00","PM10",0,290.9501,0,223.2666,147.4177,57.2873,162.2353,25.2127,NA,2.8446,4.7473,237.8754,0,1.002,4.0241,28.7915,0,0,0.6568,NA,1.6779,2.2187,0,0,0,11.3002,NA,NA,0,NA,NA,NA,0,0,0,0,0,0,5.1811,0,"1b","1b","1b","1b","1b","1b","1b","1b","3b","1b","1b","1b","1b","1b","1b","1b","1b","1b","1b","3b","1b","1b","1b","1b","1b","1b","3b","3b","1b","3b","3b","3b","1b","1b","1b","1b","1b","1b","1b","1b"
"2023-02-28 12:00:00","PM2.5",NA,0,0,241.2975,30.3999,16.9382,37.4979,13.45,1.0573,2.2818,3.0693,69.1577,0,0.9742,2.0318,18.5531,0,0,0,NA,1.0632,NA,0,0,0,NA,0,NA,0,0,NA,NA,0,0,0,0,0,0,2.4625,0,"3b","1b","1b","1b","1b","1b","1b","1b","1b","1b","1b","1b","1b","1b","1b","1b","1b","1b","1b","3b","1b","3b","1b","1b","1b","3b","1b","3b","1b","1b","3b","3b","1b","1b","1b","1b","1b","1b","1b","1b"
"2023-02-28 13:00:00","PM10",NA,0,0,193.0895,211.586,35.2286,141.1417,4.8989,0,2.1876,2.5269,209.9071,0,1.0086,6.7195,17.4446,0,0,2.0201,NA,1.0037,NA,0,0,0,11.3571,NA,NA,0,NA,NA,0,NA,0,0,0,0,0,18.3182,0,"3b","1b","1b","1b","1b","1b","1b","1b","1b","1b","1b","1b","1b","1b","1b","1b","1b","1b","1b","3b","1b","3b","1b","1b","1b","1b","3b","3b","1b","3b","3b","1b","3b","1b","1b","1b","1b","1b","1b","1b"
"2023-02-28 14:00:00","PM2.5",NA,0,0,162.7188,67.4425,26.5489,40.4302,2.394,0,NA,NA,83.6937,0,NA,3.2908,11.9987,0,0,1.9735,NA,0.968,NA,0,0,0,NA,0,NA,0,0,0,NA,NA,0,NA,0,NA,0,35.2957,0,"3b","1b","1b","1b","1b","1b","1b","1b","1b","3b","3b","1b","1b","3b","1b","1b","1b","1b","1b","3b","1b","3b","1b","1b","1b","3b","1b","3b","1b","1b","1b","3b","3b","1b","3b","1b","3b","1b","1b","1b"
"2023-02-28 15:00:00","PM10",0,0,0,188.4889,234.8442,39.664,150.1408,5.6483,0,1.7325,2.2326,206.1674,0,0.5654,7.0383,13.1801,0,0,1.5536,0.4542,NA,NA,0,0,0,NA,NA,0,0,NA,NA,NA,NA,0,0,0,0,0,30.0109,0,"1b","1b","1b","1b","1b","1b","1b","1b","1b","1b","1b","1b","1b","1b","1b","1b","1b","1b","1b","1b","3b","3b","1b","1b","1b","3b","3b","1b","1b","3b","3b","3b","3b","1b","1b","1b","1b","1b","1b","1b"
"2023-02-28 16:00:00","PM2.5",NA,0,0,143.8965,27.1611,29.1532,30.5178,2.2106,0,0.8947,NA,75.8537,NA,NA,2.9896,9.8114,0,0,1.3249,NA,0.9459,NA,0,0,0,15.7291,0.1227,0,0,0,0,0,NA,0,0,0,0,0,3.1558,0,"3b","1b","1b","1b","1b","1b","1b","1b","1b","1b","3b","1b","3b","3b","1b","1b","1b","1b","1b","3b","1b","3b","1b","1b","1b","1b","1b","1b","1b","1b","1b","1b","3b","1b","1b","1b","1b","1b","1b","1b"
"2023-02-28 17:00:00","PM10",NA,0,0,223.6608,246.7458,53.5491,81.9226,3.1366,0,1.8263,1.7848,212.7628,0,0.763,6.1676,14.8531,0,0,NA,NA,2.0451,NA,0,0,0,17.5877,0,0,0,0,NA,NA,3.3024,0,0,0,0,0,3.337,0,"3b","1b","1b","1b","1b","1b","1b","1b","1b","1b","1b","1b","1b","1b","1b","1b","1b","1b","3b","3b","1b","3b","1b","1b","1b","1b","1b","1b","1b","1b","3b","3b","1b","1b","1b","1b","1b","1b","1b","1b"
"2023-02-28 18:00:00","PM2.5",NA,0,0,178.9837,50.5212,25.2035,15.9036,2.8595,0,NA,0.9487,78.7315,0,NA,2.9177,10.4207,0,0,NA,NA,0.9052,NA,0,0,0,16.2328,NA,NA,0,0,NA,NA,NA,0,0,0,0,0,2.5545,0,"3b","1b","1b","1b","1b","1b","1b","1b","1b","3b","1b","1b","1b","3b","1b","1b","1b","1b","3b","3b","1b","3b","1b","1b","1b","1b","3b","3b","1b","1b","3b","3b","3b","1b","1b","1b","1b","1b","1b","1b"
"2023-02-28 19:00:00","PM10",NA,0,0,143.2864,177.8235,29.8293,38.0104,2.1061,0,NA,0.8081,113.8532,0,0,3.3999,7.3833,0,0,1.0435,NA,1.3316,NA,0,0,NA,10.1186,NA,0,0,0,0,0,NA,0,0,0,0,0,2.3335,0,"3b","1b","1b","1b","1b","1b","1b","1b","1b","3b","1b","1b","1b","1b","1b","1b","1b","1b","1b","3b","1b","3b","1b","1b","3b","1b","3b","1b","1b","1b","1b","1b","3b","1b","1b","1b","1b","1b","1b","1b"
"2023-02-28 20:00:00","PM2.5",0,0,0,188.534,142.9204,31.0836,9.7335,0,0,0,NA,46.9447,0,0,1.8962,4.0945,0,0,1.3348,NA,1.5951,0.0025,0,0,0,14.0579,NA,NA,0,NA,NA,NA,NA,0,0,0,0,0,2.4553,0,"1b","1b","1b","1b","1b","1b","1b","1b","1b","1b","3b","1b","1b","1b","1b","1b","1b","1b","1b","3b","1b","1b","1b","1b","1b","1b","3b","3b","1b","3b","3b","3b","3b","1b","1b","1b","1b","1b","1b","1b"
"2023-02-28 21:00:00","PM10",NA,0,0,466.994,473.0525,65.1289,56.064,1.9193,0,0,2.844,141.6022,0,0,2.3959,7.0775,0,0,0.6177,0,3.3027,NA,0,0,0,13.3222,NA,NA,0,0,NA,NA,NA,0,0,0,0,0,8.7088,0,"3b","1b","1b","1b","1b","1b","1b","1b","1b","1b","1b","1b","1b","1b","1b","1b","1b","1b","1b","1b","1b","3b","1b","1b","1b","1b","3b","3b","1b","1b","3b","3b","3b","1b","1b","1b","1b","1b","1b","1b"
